1=2026-09-27T19:18:37.602912+00:00 2=2026-09-27T19:18:37.605105+00:00 3=2026-09-27T19:18:37.606252+00:00 4=2026-09-27T19:18:38.161891+00:00 5=2026-09-27T19:18:38.504381+00:00 6=2026-09-27T19:18:38.509454+00:00 7=2026-09-27T19:18:39.452255+00:00 8=2026-09-27T19:18:43.961830+00:00 9=2026-09-27T19:19:34.368116+00:00 10=2026-09-27T19:19:36.460662+00:00 11=2026-09-27T19:19:36.462363+00:00 12=2026-09-27T19:19:36.462600+00:00 13=2026-09-27T19:19:36.462959+00:00 14=2026-09-27T19:19:36.463263+00:00 15=2026-09-27T19:19:36.463315+00:00 16=2026-09-27T19:19:36.463335+00:00 17=2026-09-27T19:19:36.463767+00:00 18=2026-09-27T19:19:36.464463+00:00 19=2026-09-27T19:19:36.755052+00:00 20=2026-09-27T19:19:36.782152+00:00 21=2026-09-27T19:19:36.833263+00:00 22=2026-09-27T19:19:36.838125+00:00 23=2026-09-27T19:19:36.838158+00:00 24=2026-09-27T19:19:36.838393+00:00 25=2026-09-27T19:19:37.569674+00:00 26=2026-09-27T19:19:39.235614+00:00 27=2026-09-27T19:19:39.238404+00:00 28=2026-09-27T19:19:40.016237+00:00 29=2026-09-27T19:19:40.592502+00:00 30=2026-09-27T19:19:40.804973+00:00 31=2026-09-27T19:20:10.564519+00:00 32=2026-09-27T19:20:10.564722+00:00 33=2026-09-27T19:20:10.564830+00:00 34=2026-09-27T19:20:10.564940+00:00 35=2026-09-27T19:20:10.565049+00:00 36=2026-09-27T19:20:10.565138+00:00 37=2026-09-27T19:20:10.617465+00:00 38=2026-09-27T19:20:10.617500+00:00 39=2026-09-27T19:20:11.737217+00:00 40=2026-09-27T19:20:12.519188+00:00 41=2026-09-27T19:20:13.633338+00:00 42=2026-09-27T19:20:13.860319+00:00 43=2026-09-27T19:20:14.332734+00:00 44=2026-09-27T19:20:43.643327+00:00 45=2026-09-27T19:20:43.643645+00:00 46=2026-09-27T19:20:43.643758+00:00 47=2026-09-27T19:20:43.643965+00:00 48=2026-09-27T19:20:43.644084+00:00 49=2026-09-27T19:20:43.644407+00:00 50=2026-09-27T19:20:43.674466+00:00 51=2026-09-27T19:20:43.674511+00:00 52=2026-09-27T19:20:43.674893+00:00 53=2026-09-27T19:20:44.199550+00:00 54=2026-09-27T19:20:44.609289+00:00 55=2026-09-27T19:20:44.619246+00:00 56=2026-09-27T19:20:45.103478+00:00 57=2026-09-27T19:20:45.125965+00:00 58=2026-09-27T19:20:45.886919+00:00 59=2026-09-27T19:20:47.615093+00:00 60=2026-09-27T19:20:47.616395+00:00 61=2026-09-27T19:20:48.808370+00:00 62=2026-09-27T19:20:48.941122+00:00 63=2026-09-27T19:20:48.948381+00:00 64=2026-09-27T19:20:48.948397+00:00 65=2026-09-27T19:20:48.948410+00:00 66=2026-09-27T19:21:13.396568+00:00 67=2026-09-27T19:21:13.440025+00:00 68=2026-09-27T19:21:14.594512+00:00 69=2026-09-27T19:21:15.526216+00:00 70=2026-09-27T19:21:15.598066+00:00 71=2026-09-27T19:21:16.207987+00:00 72=2026-09-27T19:21:16.226099+00:00 73=2026-09-27T19:21:16.508241+00:00 74=2026-09-27T19:21:16.508285+00:00 75=2026-09-27T19:21:18.036841+00:00 76=2026-09-27T19:21:19.548376+00:00 77=2026-09-27T19:21:20.357665+00:00 78=2026-09-27T19:21:20.532316+00:00 79=2026-09-27T19:21:20.574726+00:00 80=2026-09-27T19:21:20.575793+00:00 81=2026-09-27T19:21:20.945587+00:00 82=2026-09-27T19:21:21.526501+00:00 83=2026-09-27T19:21:22.235519+00:00 84=2026-09-27T19:21:22.425957+00:00 85=2026-09-27T19:21:23.780602+00:00 86=2026-09-27T19:21:25.302670+00:00 87=2026-09-27T19:21:25.555149+00:00 88=2026-09-27T19:21:25.626589+00:00 89=2026-09-27T19:21:26.225381+00:00 90=2026-09-27T19:21:27.736515+00:00 91=2026-09-27T19:21:28.509994+00:00 92=2026-09-27T19:21:29.055487+00:00 93=2026-09-27T19:21:29.631196+00:00 94=2026-09-27T19:21:30.195052+00:00 95=2026-09-27T19:21:31.415131+00:00 96=2026-09-27T19:21:31.645570+00:00 97=2026-09-27T19:21:35.507359+00:00 98=2026-09-27T19:21:35.805500+00:00 99=2026-09-27T19:21:35.861096+00:00 100=2026-09-27T19:21:36.325974+00:00 101=2026-09-27T19:21:36.410833+00:00 102=2026-09-27T19:21:36.764717+00:00 103=2026-09-27T19:21:40.909308+00:00 104=2026-09-27T19:21:41.443280+00:00 105=2026-09-27T19:21:41.901638+00:00 106=2026-09-27T19:21:42.011371+00:00 107=2026-09-27T19:21:42.422297+00:00 108=2026-09-27T19:21:42.935560+00:00 109=2026-09-27T19:21:46.994173+00:00 110=2026-09-27T19:21:47.506317+00:00 111=2026-09-27T19:21:47.563181+00:00 112=2026-09-27T19:21:48.014885+00:00 113=2026-09-27T19:21:48.462052+00:00 114=2026-09-27T19:21:48.970979+00:00 115=2026-09-27T19:21:49.477417+00:00 116=2026-09-27T19:21:52.076813+00:00 117=2026-09-27T19:21:53.092977+00:00 118=2026-09-27T19:21:53.599496+00:00 119=2026-09-27T19:21:54.104446+00:00 120=2026-09-27T19:21:54.993214+00:00 121=2026-09-27T19:21:55.498381+00:00 122=2026-09-27T19:21:56.248492+00:00 123=2026-09-27T19:21:57.158406+00:00 124=2026-09-27T19:21:57.663227+00:00 125=2026-09-27T19:21:58.167266+00:00 126=2026-09-27T19:21:59.617482+00:00 127=2026-09-27T19:21:59.628417+00:00 128=2026-09-27T19:22:00.133110+00:00 129=2026-09-27T19:22:01.758666+00:00 130=2026-09-27T19:22:05.125700+00:00 131=2026-09-27T19:22:05.640213+00:00 132=2026-09-27T19:22:05.645298+00:00 133=2026-09-27T19:22:05.645320+00:00 134=2026-09-27T19:22:07.813912+00:00 135=2026-09-27T19:22:07.829159+00:00 136=2026-09-27T19:22:07.829208+00:00 137=2026-09-27T19:22:07.829407+00:00 138=2026-09-27T19:22:07.829421+00:00 139=2026-09-27T19:22:07.829449+00:00 140=2026-09-27T19:22:07.829458+00:00 141=2026-09-27T19:22:07.829478+00:00 142=2026-09-27T19:22:07.829487+00:00 143=2026-09-27T19:22:07.829505+00:00 144=2026-09-27T19:22:07.829514+00:00 145=2026-09-27T19:22:07.829556+00:00 146=2026-09-27T19:22:07.829566+00:00 147=2026-09-27T19:22:07.829613+00:00 148=2026-09-27T19:22:07.829623+00:00 149=2026-09-27T19:22:07.829633+00:00 150=2026-09-27T19:22:07.891966+00:00 151=2026-09-27T19:22:07.892097+00:00 152=2026-09-27T19:22:07.892112+00:00 153=2026-09-27T19:22:07.892130+00:00 154=2026-09-27T19:22:07.892142+00:00 155=2026-09-27T19:22:07.892157+00:00 156=2026-09-27T19:22:07.892169+00:00 157=2026-09-27T19:22:07.897290+00:00 158=2026-09-27T19:22:07.897391+00:00
============================================================
score=129.5967 | latency=29.7619 | time=84ms | geo=59.7593 | adj=+40.0000 | stab=0.0755 | iso=HK | via=name | km=1477 | w=0.3735 | [Pawdroid-SR-APK] 香港 阿里云-2
score=122.4957 | latency=22.7273 | time=110ms | geo=59.7593 | adj=+40.0000 | stab=0.0092 | iso=HK | via=name | km=1477 | w=0.3735 | [Pawdroid-SR-APK] 香港 CDN77节点
score=121.3640 | latency=21.5517 | time=116ms | geo=59.7593 | adj=+40.0000 | stab=0.0530 | iso=HK | via=host | km=1477 | w=0.3735 | [Pawdroid-SR-APK] 美国+CloudFlare节点-56
score=112.8285 | latency=10.4167 | time=240ms | geo=67.3598 | adj=+35.0000 | stab=0.0520 | iso=JP | via=mmdb | km=1298 | w=0.4210 | [Pawdroid-SR-APK] 美国+V2CROSS.COM-7
score=112.7365 | latency=10.3734 | time=241ms | geo=67.3598 | adj=+35.0000 | stab=0.0032 | iso=JP | via=name | km=1298 | w=0.4210 | [Pawdroid-SR-APK] 日本 东京Choopa数据中心
score=112.4852 | latency=10.1215 | time=247ms | geo=67.3598 | adj=+35.0000 | stab=0.0039 | iso=JP | via=mmdb | km=1298 | w=0.4210 | [Pawdroid-SR-APK] 美国+V2CROSS.COM-5
score=112.3574 | latency=9.9602 | time=251ms | geo=67.3598 | adj=+35.0000 | stab=0.0374 | iso=JP | via=mmdb | km=1298 | w=0.4210 | [Pawdroid-SR-APK] 美国+V2CROSS.COM-3
score=109.4242 | latency=7.0621 | time=354ms | geo=67.3598 | adj=+35.0000 | stab=0.0023 | iso=JP | via=name | km=1298 | w=0.4210 | [Pawdroid-SS-APK] Japan-5
score=109.3384 | latency=6.9061 | time=362ms | geo=67.3598 | adj=+35.0000 | stab=0.0725 | iso=JP | via=name | km=1298 | w=0.4210 | [Pawdroid-SR-APK] Japan-2
score=109.1493 | latency=6.7024 | time=373ms | geo=67.3598 | adj=+35.0000 | stab=0.0871 | iso=JP | via=mmdb | km=1298 | w=0.4210 | [Pawdroid-SR-APK] 美国+华盛顿Cogent通信公司-2
score=109.0191 | latency=6.5617 | time=381ms | geo=67.3598 | adj=+35.0000 | stab=0.0975 | iso=JP | via=mmdb | km=1298 | w=0.4210 | [Pawdroid-SR-APK] 美国 加利福尼亚
score=108.8706 | latency=6.4935 | time=385ms | geo=67.3598 | adj=+35.0000 | stab=0.0173 | iso=JP | via=name | km=1298 | w=0.4210 | [Pawdroid-SS-APK] Japan-3
score=108.5826 | latency=6.1275 | time=408ms | geo=67.3598 | adj=+35.0000 | stab=0.0953 | iso=JP | via=name | km=1298 | w=0.4210 | [Pawdroid-SS-APK] Japan-4
score=108.5618 | latency=6.1275 | time=408ms | geo=67.3598 | adj=+35.0000 | stab=0.0745 | iso=JP | via=name | km=1298 | w=0.4210 | [Pawdroid-SR-APK] 日本东京+Oracle+Cloud
score=108.2327 | latency=5.8005 | time=431ms | geo=67.3598 | adj=+35.0000 | stab=0.0724 | iso=JP | via=name | km=1298 | w=0.4210 | [Pawdroid-SR-APK] Japan-4
score=108.0323 | latency=5.6689 | time=441ms | geo=67.3598 | adj=+35.0000 | stab=0.0035 | iso=JP | via=name | km=1298 | w=0.4210 | [Pawdroid-SR-APK] Japan
score=107.9503 | latency=5.5556 | time=450ms | geo=67.3598 | adj=+35.0000 | stab=0.0349 | iso=JP | via=name | km=1298 | w=0.4210 | [Pawdroid-SR-APK] Japan-3
score=107.8427 | latency=5.4466 | time=459ms | geo=67.3598 | adj=+35.0000 | stab=0.0362 | iso=JP | via=name | km=1298 | w=0.4210 | [Pawdroid-SR-APK] Japan-5
score=107.6839 | latency=5.2854 | time=473ms | geo=67.3598 | adj=+35.0000 | stab=0.0386 | iso=JP | via=name | km=1298 | w=0.4210 | [Pawdroid-SR-APK] 日本+东京Amazon数据中心
score=107.3485 | latency=4.9310 | time=507ms | geo=67.3598 | adj=+35.0000 | stab=0.0577 | iso=JP | via=name | km=1298 | w=0.4210 | [Pawdroid-SR-APK] 日本+东京Digital+VM
score=107.3470 | latency=4.9213 | time=508ms | geo=67.3598 | adj=+35.0000 | stab=0.0659 | iso=JP | via=name | km=1298 | w=0.4210 | [Pawdroid-SR-APK] 日本东京+Oracle+Cloud-3
score=107.1153 | latency=4.6642 | time=536ms | geo=67.3598 | adj=+35.0000 | stab=0.0913 | iso=JP | via=name | km=1298 | w=0.4210 | [Pawdroid-SR-APK] 日本+V2CROSS.COM-3
score=106.7028 | latency=4.3178 | time=579ms | geo=67.3598 | adj=+35.0000 | stab=0.0252 | iso=JP | via=name | km=1298 | w=0.4210 | [Pawdroid-SR-APK] 日本东京+Oracle云计算数据中心
score=106.2745 | latency=3.8168 | time=655ms | geo=67.3598 | adj=+35.0000 | stab=0.0979 | iso=JP | via=mmdb | km=1298 | w=0.4210 | [Pawdroid-SR-APK] 挪威+V2CROSS.COM-2
score=106.1742 | latency=3.7202 | time=672ms | geo=67.3598 | adj=+35.0000 | stab=0.0942 | iso=JP | via=name | km=1298 | w=0.4210 | [Pawdroid-SR-APK] 日本 东京Oracle云计算数据中心
score=105.8274 | latency=3.4483 | time=725ms | geo=67.3598 | adj=+35.0000 | stab=0.0193 | iso=JP | via=mmdb | km=1298 | w=0.4210 | [Pawdroid-SR-APK] 美国+华盛顿Cogent通信公司-3
score=105.4031 | latency=3.0340 | time=824ms | geo=67.3598 | adj=+35.0000 | stab=0.0093 | iso=JP | via=mmdb | km=1298 | w=0.4210 | [Pawdroid-SR-APK] 挪威+V2CROSS.COM
score=104.5960 | latency=2.1720 | time=1151ms | geo=67.3598 | adj=+35.0000 | stab=0.0641 | iso=JP | via=name | km=1298 | w=0.4210 | [Pawdroid-SR-APK] 日本东京+Oracle+Cloud-2
score=104.4587 | latency=4.6041 | time=543ms | geo=59.7593 | adj=+40.0000 | stab=0.0954 | iso=HK | via=name | km=1477 | w=0.3735 | [Pawdroid-SR-APK] 香港+特别行政区-3
score=104.3390 | latency=4.5537 | time=549ms | geo=59.7593 | adj=+40.0000 | stab=0.0260 | iso=HK | via=name | km=1477 | w=0.3735 | [Pawdroid-SR-APK] 香港+特别行政区
score=104.2599 | latency=4.4883 | time=557ms | geo=59.7593 | adj=+40.0000 | stab=0.0123 | iso=HK | via=name | km=1477 | w=0.3735 | [Pawdroid-SR-APK] 香港+特别行政区-2
score=103.4062 | latency=0.9897 | time=2526ms | geo=67.3598 | adj=+35.0000 | stab=0.0567 | iso=JP | via=name | km=1298 | w=0.4210 | [Pawdroid-SR-APK] 日本+东京Amazon数据中心-2
score=103.3892 | latency=1.0093 | time=2477ms | geo=67.3598 | adj=+35.0000 | stab=0.0201 | iso=JP | via=mmdb | km=1298 | w=0.4210 | [Pawdroid-SR-APK] 美国 V2CROSS.COM-9
score=103.3193 | latency=3.5461 | time=705ms | geo=59.7593 | adj=+40.0000 | stab=0.0140 | iso=HK | via=name | km=1477 | w=0.3735 | [Pawdroid-SR-APK] 香港 阿里云-4
score=103.2421 | latency=3.4483 | time=725ms | geo=59.7593 | adj=+40.0000 | stab=0.0346 | iso=HK | via=mmdb | km=1477 | w=0.3735 | [Pawdroid-SR-APK] 美国+新泽西州(Merck公司)
score=102.8027 | latency=3.0193 | time=828ms | geo=59.7593 | adj=+40.0000 | stab=0.0241 | iso=HK | via=mmdb | km=1477 | w=0.3735 | [Pawdroid-SR-APK] 英国+V2CROSS.COM-80
score=102.7142 | latency=2.8670 | time=872ms | geo=59.7593 | adj=+40.0000 | stab=0.0879 | iso=HK | via=name | km=1477 | w=0.3735 | [Pawdroid-SR-APK] Hong Kong-3
score=102.6541 | latency=2.8670 | time=872ms | geo=59.7593 | adj=+40.0000 | stab=0.0279 | iso=HK | via=name | km=1477 | w=0.3735 | [Pawdroid-SR-APK] Hong Kong
score=101.3113 | latency=1.5170 | time=1648ms | geo=59.7593 | adj=+40.0000 | stab=0.0350 | iso=HK | via=name | km=1477 | w=0.3735 | [Pawdroid-SS-APK] Hong Kong-9
score=100.5133 | latency=0.7272 | time=3438ms | geo=59.7593 | adj=+40.0000 | stab=0.0268 | iso=HK | via=name | km=1477 | w=0.3735 | [Pawdroid-SR-APK] Hong Kong-2
score=100.3660 | latency=0.5473 | time=4568ms | geo=59.7593 | adj=+40.0000 | stab=0.0594 | iso=HK | via=name | km=1477 | w=0.3735 | [Pawdroid-SR-APK] 香港 阿里云-5
score=100.3483 | latency=0.5473 | time=4568ms | geo=59.7593 | adj=+40.0000 | stab=0.0418 | iso=HK | via=name | km=1477 | w=0.3735 | [Pawdroid-SR-APK] 香港 阿里云
score=100.3255 | latency=0.5473 | time=4568ms | geo=59.7593 | adj=+40.0000 | stab=0.0190 | iso=HK | via=name | km=1477 | w=0.3735 | [Pawdroid-SR-APK] 香港 阿里云-6
score=100.3230 | latency=0.5473 | time=4568ms | geo=59.7593 | adj=+40.0000 | stab=0.0164 | iso=HK | via=name | km=1477 | w=0.3735 | [Pawdroid-SR-APK] 香港 阿里云-3
score=98.8697 | latency=8.0128 | time=312ms | geo=90.8552 | adj=+0.0000 | stab=0.0017 | iso=TW | via=name | km=849 | w=0.5678 | [Pawdroid-SR-APK] 台湾省新北市+中华电信
score=97.1030 | latency=6.2035 | time=403ms | geo=90.8552 | adj=+0.0000 | stab=0.0443 | iso=TW | via=mmdb | km=849 | w=0.5678 | [Pawdroid-SR-APK] 加拿大 V2CROSS.COM-3
score=96.8576 | latency=5.9382 | time=421ms | geo=90.8552 | adj=+0.0000 | stab=0.0641 | iso=TW | via=name | km=849 | w=0.5678 | [Pawdroid-SR-APK] 台湾省新北市+中华电信-2
score=96.1828 | latency=5.3191 | time=470ms | geo=90.8552 | adj=+0.0000 | stab=0.0084 | iso=TW | via=mmdb | km=849 | w=0.5678 | [Pawdroid-SR-APK] 日本+V2CROSS.COM-2
score=96.1694 | latency=5.2192 | time=479ms | geo=90.8552 | adj=+0.0000 | stab=0.0950 | iso=TW | via=mmdb | km=849 | w=0.5678 | [Pawdroid-SR-APK] 亚太地区+V2CROSS.COM
score=94.8615 | latency=4.0000 | time=625ms | geo=90.8552 | adj=+0.0000 | stab=0.0063 | iso=TW | via=name | km=849 | w=0.5678 | [Pawdroid-SR-APK] 台湾省+中华电信(HiNet)数据中心
score=65.8374 | latency=65.7895 | time=38ms | geo=0.0869 | adj=-0.0695 | stab=0.0306 | iso=US | via=mmdb | km=11278 | w=0.0005 | [Pawdroid-SR-APK] 北美地区+V2CROSS.COM-3
score=65.8199 | latency=65.7895 | time=38ms | geo=0.0869 | adj=-0.0695 | stab=0.0130 | iso=US | via=mmdb | km=11278 | w=0.0005 | [Pawdroid-SR-APK] 北美地区+V2CROSS.COM
score=64.6649 | latency=64.1026 | time=39ms | geo=0.5273 | adj=+0.0000 | stab=0.0350 | iso=RO | via=mmdb | km=8573 | w=0.0033 | [Pawdroid-SR-APK] 美国+V2CROSS.COM-30
score=64.6499 | latency=64.1026 | time=39ms | geo=0.5273 | adj=+0.0000 | stab=0.0200 | iso=RO | via=mmdb | km=8573 | w=0.0033 | [Pawdroid-SR-APK] 美国+V2CROSS.COM-29
score=64.5162 | latency=64.1026 | time=39ms | geo=0.3364 | adj=+0.0000 | stab=0.0773 | iso=DE | via=mmdb | km=9247 | w=0.0021 | [Pawdroid-SR-APK] 美国+V2CROSS.COM-37
score=64.2071 | latency=64.1026 | time=39ms | geo=0.0869 | adj=-0.0695 | stab=0.0872 | iso=US | via=name | km=11278 | w=0.0005 | [Pawdroid-SR-APK] 美国+V2CROSS.COM-4
score=64.2011 | latency=64.1026 | time=39ms | geo=0.0869 | adj=-0.0695 | stab=0.0812 | iso=US | via=name | km=11278 | w=0.0005 | [Pawdroid-SR-APK] 美国+V2CROSS.COM-31
score=64.1999 | latency=64.1026 | time=39ms | geo=0.0869 | adj=-0.0695 | stab=0.0799 | iso=US | via=name | km=11278 | w=0.0005 | [Pawdroid-SR-APK] 美国+V2CROSS.COM-46
score=64.1907 | latency=64.1026 | time=39ms | geo=0.0869 | adj=-0.0695 | stab=0.0708 | iso=US | via=name | km=11278 | w=0.0005 | [Pawdroid-SR-APK] 美国+V2CROSS.COM-49
score=64.1560 | latency=64.1026 | time=39ms | geo=0.0869 | adj=-0.0695 | stab=0.0361 | iso=US | via=name | km=11278 | w=0.0005 | [Pawdroid-SR-APK] 美国+V2CROSS.COM-47
score=64.1558 | latency=64.1026 | time=39ms | geo=0.0869 | adj=-0.0695 | stab=0.0358 | iso=US | via=name | km=11278 | w=0.0005 | [Pawdroid-SR-APK] 美国+V2CROSS.COM-41
score=64.1531 | latency=64.1026 | time=39ms | geo=0.0869 | adj=-0.0695 | stab=0.0332 | iso=US | via=name | km=11278 | w=0.0005 | [Pawdroid-SR-APK] 美国+V2CROSS.COM-43
score=64.1499 | latency=64.1026 | time=39ms | geo=0.0869 | adj=-0.0695 | stab=0.0300 | iso=US | via=name | km=11278 | w=0.0005 | [Pawdroid-SR-APK] 美国+V2CROSS.COM
score=64.1268 | latency=64.1026 | time=39ms | geo=0.0869 | adj=-0.0695 | stab=0.0069 | iso=US | via=name | km=11278 | w=0.0005 | [Pawdroid-SR-APK] 美国+V2CROSS.COM-32
score=59.5817 | latency=59.5238 | time=42ms | geo=0.0869 | adj=-0.0695 | stab=0.0406 | iso=US | via=name | km=11278 | w=0.0005 | [Pawdroid-SR-APK] 美国+V2CROSS.COM-2
score=54.3740 | latency=54.3478 | time=46ms | geo=0.0869 | adj=-0.0695 | stab=0.0088 | iso=US | via=name | km=11278 | w=0.0005 | [Pawdroid-SR-APK] 美国+V2CROSS.COM-12
score=51.1036 | latency=6.9444 | time=360ms | geo=88.3086 | adj=-44.1543 | stab=0.0049 | iso=KR | via=name | km=892 | w=0.5519 | [Pawdroid-SR-APK] 韩国 首尔Oracle云计算数据中心-2
score=50.6869 | latency=6.5274 | time=383ms | geo=88.3086 | adj=-44.1543 | stab=0.0052 | iso=KR | via=name | km=892 | w=0.5519 | [Pawdroid-SR-APK] South+Korea-2
score=50.6620 | latency=6.4103 | time=390ms | geo=88.3086 | adj=-44.1543 | stab=0.0975 | iso=KR | via=name | km=892 | w=0.5519 | [Pawdroid-SR-APK] South+Korea-3
score=50.6132 | latency=6.4103 | time=390ms | geo=88.3086 | adj=-44.1543 | stab=0.0486 | iso=KR | via=name | km=892 | w=0.5519 | [Pawdroid-SR-APK] South+Korea-5
score=50.6041 | latency=6.4103 | time=390ms | geo=88.3086 | adj=-44.1543 | stab=0.0395 | iso=KR | via=name | km=892 | w=0.5519 | [Pawdroid-SR-APK] South+Korea
score=49.3249 | latency=5.0916 | time=491ms | geo=88.3086 | adj=-44.1543 | stab=0.0789 | iso=KR | via=mmdb | km=892 | w=0.5519 | [Pawdroid-SR-APK] 美国+Amazon+EC2服务器
score=49.3235 | latency=5.0916 | time=491ms | geo=88.3086 | adj=-44.1543 | stab=0.0775 | iso=KR | via=name | km=892 | w=0.5519 | [Pawdroid-SS-APK] South+Korea-4
score=49.3196 | latency=5.0916 | time=491ms | geo=88.3086 | adj=-44.1543 | stab=0.0736 | iso=KR | via=name | km=892 | w=0.5519 | [Pawdroid-SS-APK] South+Korea-8
score=49.3025 | latency=5.0916 | time=491ms | geo=88.3086 | adj=-44.1543 | stab=0.0566 | iso=KR | via=name | km=892 | w=0.5519 | [Pawdroid-SS-APK] South+Korea-3
score=49.3013 | latency=5.0916 | time=491ms | geo=88.3086 | adj=-44.1543 | stab=0.0553 | iso=KR | via=name | km=892 | w=0.5519 | [Pawdroid-SS-APK] South+Korea-6
score=49.2984 | latency=5.0916 | time=491ms | geo=88.3086 | adj=-44.1543 | stab=0.0525 | iso=KR | via=name | km=892 | w=0.5519 | [Pawdroid-SS-APK] South+Korea-5
score=49.2807 | latency=5.1230 | time=488ms | geo=88.3086 | adj=-44.1543 | stab=0.0035 | iso=KR | via=name | km=892 | w=0.5519 | [Pawdroid-SR-APK] South+Korea-4
score=49.2748 | latency=5.0916 | time=491ms | geo=88.3086 | adj=-44.1543 | stab=0.0289 | iso=KR | via=name | km=892 | w=0.5519 | [Pawdroid-SS-APK] South+Korea-2
score=49.2514 | latency=5.0916 | time=491ms | geo=88.3086 | adj=-44.1543 | stab=0.0054 | iso=KR | via=name | km=892 | w=0.5519 | [Pawdroid-SS-APK] South+Korea-9
score=49.2493 | latency=5.0916 | time=491ms | geo=88.3086 | adj=-44.1543 | stab=0.0034 | iso=KR | via=name | km=892 | w=0.5519 | [Pawdroid-SS-APK] South+Korea
score=49.2483 | latency=5.0916 | time=491ms | geo=88.3086 | adj=-44.1543 | stab=0.0023 | iso=KR | via=name | km=892 | w=0.5519 | [Pawdroid-SS-APK] South+Korea-7
score=49.2202 | latency=5.0000 | time=500ms | geo=88.3086 | adj=-44.1543 | stab=0.0659 | iso=KR | via=name | km=892 | w=0.5519 | [Pawdroid-SR-APK] 韩国 首尔Oracle云计算数据中心
score=49.1042 | latency=4.9020 | time=510ms | geo=88.3086 | adj=-44.1543 | stab=0.0479 | iso=KR | via=mmdb | km=892 | w=0.5519 | [Pawdroid-SR-APK] 美国+V2CROSS.COM-45
score=48.7886 | latency=4.5704 | time=547ms | geo=88.3086 | adj=-44.1543 | stab=0.0639 | iso=KR | via=mmdb | km=892 | w=0.5519 | [Pawdroid-SR-APK] 美国+3COM公司企业网
score=48.7727 | latency=4.6041 | time=543ms | geo=88.3086 | adj=-44.1543 | stab=0.0143 | iso=KR | via=name | km=892 | w=0.5519 | [Pawdroid-SR-APK] South+Korea-6
score=37.6498 | latency=36.2319 | time=69ms | geo=1.3509 | adj=+0.0000 | stab=0.0670 | iso=AE | via=mmdb | km=7162 | w=0.0084 | [Pawdroid-SR-APK] 伊朗+V2CROSS.COM-6
score=36.6388 | latency=36.2319 | time=69ms | geo=0.3223 | adj=+0.0000 | stab=0.0846 | iso=NL | via=mmdb | km=9311 | w=0.0020 | [Pawdroid-SR-APK] 伊朗+V2CROSS.COM-7
score=36.3000 | latency=36.2319 | time=69ms | geo=0.0869 | adj=-0.0695 | stab=0.0508 | iso=US | via=mmdb | km=11278 | w=0.0005 | [Pawdroid-SR-APK] 伊朗+V2CROSS.COM
score=34.9791 | latency=34.2466 | time=73ms | geo=0.6609 | adj=+0.0000 | stab=0.0716 | iso=SE | via=name | km=8234 | w=0.0041 | [Pawdroid-SR-APK] 瑞典 V2CROSS.COM
score=34.6118 | latency=34.2466 | time=73ms | geo=0.3027 | adj=+0.0000 | stab=0.0625 | iso=CA | via=name | km=9405 | w=0.0019 | [Pawdroid-SR-APK] 加拿大 V2CROSS.COM-2
score=34.1726 | latency=33.7838 | time=74ms | geo=0.3027 | adj=+0.0000 | stab=0.0861 | iso=CA | via=name | km=9405 | w=0.0019 | [Pawdroid-SR-APK] 加拿大+V2CROSS.COM-8
score=34.1547 | latency=33.7838 | time=74ms | geo=0.3027 | adj=+0.0000 | stab=0.0683 | iso=CA | via=name | km=9405 | w=0.0019 | [Pawdroid-SR-APK] 加拿大+V2CROSS.COM-9
score=34.1415 | latency=33.7838 | time=74ms | geo=0.3027 | adj=+0.0000 | stab=0.0550 | iso=CA | via=name | km=9405 | w=0.0019 | [Pawdroid-SR-APK] 加拿大+V2CROSS.COM-6
score=34.0993 | latency=33.7838 | time=74ms | geo=0.3027 | adj=+0.0000 | stab=0.0128 | iso=CA | via=name | km=9405 | w=0.0019 | [Pawdroid-SR-APK] 加拿大+V2CROSS.COM
score=33.8269 | latency=33.7838 | time=74ms | geo=0.0869 | adj=-0.0695 | stab=0.0257 | iso=US | via=mmdb | km=11278 | w=0.0005 | [Pawdroid-SR-APK] United+States-18
score=33.6832 | latency=33.3333 | time=75ms | geo=0.3027 | adj=+0.0000 | stab=0.0472 | iso=CA | via=name | km=9405 | w=0.0019 | [Pawdroid-SR-APK] 加拿大+TELUS
score=33.4285 | latency=33.3333 | time=75ms | geo=0.0869 | adj=-0.0695 | stab=0.0778 | iso=US | via=name | km=11278 | w=0.0005 | [Pawdroid-SR-APK] 美国+加利福尼亚州洛杉矶ColoCrossing数据中心
score=31.3554 | latency=31.2500 | time=80ms | geo=0.0869 | adj=-0.0695 | stab=0.0880 | iso=US | via=name | km=11278 | w=0.0005 | [Pawdroid-SR-APK] 美国+V2CROSS.COM-28
score=31.3117 | latency=36.2319 | time=69ms | geo=0.0000 | adj=-5.0000 | stab=0.0799 | iso=IR | via=name | km=0 | w=0.0000 | [Pawdroid-SR-APK] 伊朗+V2CROSS.COM-9
score=31.2603 | latency=36.2319 | time=69ms | geo=0.0000 | adj=-5.0000 | stab=0.0284 | iso=IR | via=name | km=0 | w=0.0000 | [Pawdroid-SR-APK] 伊朗+V2CROSS.COM-10
score=30.1199 | latency=29.4118 | time=85ms | geo=0.6609 | adj=+0.0000 | stab=0.0472 | iso=SE | via=name | km=8234 | w=0.0041 | [Pawdroid-SR-APK] 瑞典 V2CROSS.COM-2
score=29.0589 | latency=28.7356 | time=87ms | geo=0.3027 | adj=+0.0000 | stab=0.0206 | iso=CA | via=name | km=9405 | w=0.0019 | [Pawdroid-SR-APK] 加拿大 V2CROSS.COM
score=28.4909 | latency=28.4091 | time=88ms | geo=0.0869 | adj=-0.0695 | stab=0.0644 | iso=US | via=name | km=11278 | w=0.0005 | [Pawdroid-SR-APK] 美国+V2CROSS.COM-13
score=28.4134 | latency=28.4091 | time=88ms | geo=0.0000 | adj=+0.0000 | stab=0.0043 | iso=CLOUDFLARE | via=mmdb | km=0 | w=0.0000 | [Pawdroid-SS-APK] 巴西圣保罗+CloudFlare节点-2
score=28.4124 | latency=28.4091 | time=88ms | geo=0.0000 | adj=+0.0000 | stab=0.0033 | iso=CLOUDFLARE | via=mmdb | km=0 | w=0.0000 | [Pawdroid-SS-APK] 巴西圣保罗+CloudFlare节点
score=27.5537 | latency=27.4725 | time=91ms | geo=0.0869 | adj=-0.0695 | stab=0.0638 | iso=US | via=name | km=11278 | w=0.0005 | [Pawdroid-SR-APK] 美国+纽约州纽约BuyVM
score=26.9127 | latency=26.5957 | time=94ms | geo=0.3027 | adj=+0.0000 | stab=0.0143 | iso=CA | via=mmdb | km=9405 | w=0.0019 | [Pawdroid-SR-APK] EPODONIOS
score=26.1023 | latency=26.0417 | time=96ms | geo=0.0869 | adj=-0.0695 | stab=0.0432 | iso=US | via=mmdb | km=11278 | w=0.0005 | [Pawdroid-SR-APK] 乌克兰+V2CROSS.COM-3
score=25.8608 | latency=25.7732 | time=97ms | geo=0.0869 | adj=-0.0695 | stab=0.0703 | iso=US | via=mmdb | km=11278 | w=0.0005 | [Pawdroid-SR-APK] 乌克兰+V2CROSS.COM-8
score=25.8395 | latency=25.7732 | time=97ms | geo=0.0869 | adj=-0.0695 | stab=0.0489 | iso=US | via=mmdb | km=11278 | w=0.0005 | [Pawdroid-SR-APK] 乌克兰+V2CROSS.COM-6
score=25.8359 | latency=25.7732 | time=97ms | geo=0.0869 | adj=-0.0695 | stab=0.0453 | iso=US | via=name | km=11278 | w=0.0005 | [Pawdroid-SR-APK] 美国+加利福尼亚州洛杉矶Google云计算数据中心
score=25.5873 | latency=25.2525 | time=99ms | geo=0.3027 | adj=+0.0000 | stab=0.0321 | iso=CA | via=name | km=9405 | w=0.0019 | [Pawdroid-SR-APK] 加拿大+魁北克省蒙特利尔市OVH数据中心
score=25.5641 | latency=25.5102 | time=98ms | geo=0.0869 | adj=-0.0695 | stab=0.0365 | iso=US | via=name | km=11278 | w=0.0005 | [Pawdroid-SS-APK] 美国+CloudFlare节点-9
score=25.5416 | latency=25.2525 | time=99ms | geo=0.2720 | adj=+0.0000 | stab=0.0171 | iso=GB | via=name | km=9566 | w=0.0017 | [Pawdroid-SR-APK] 英国+惠普HP-5
score=25.5394 | latency=25.2525 | time=99ms | geo=0.2720 | adj=+0.0000 | stab=0.0149 | iso=GB | via=name | km=9566 | w=0.0017 | [Pawdroid-SR-APK] 英国+惠普HP-8
score=25.3372 | latency=25.0000 | time=100ms | geo=0.2720 | adj=+0.0000 | stab=0.0652 | iso=GB | via=name | km=9566 | w=0.0017 | [Pawdroid-SR-APK] 英国+惠普HP-3
score=25.1204 | latency=24.7525 | time=101ms | geo=0.2720 | adj=+0.0000 | stab=0.0959 | iso=GB | via=name | km=9566 | w=0.0017 | [Pawdroid-SR-APK] 英国+惠普HP-4
score=25.1085 | latency=24.7525 | time=101ms | geo=0.2720 | adj=+0.0000 | stab=0.0841 | iso=GB | via=name | km=9566 | w=0.0017 | [Pawdroid-SR-APK] 英国+惠普HP-7
score=25.0936 | latency=24.7525 | time=101ms | geo=0.3027 | adj=+0.0000 | stab=0.0385 | iso=CA | via=name | km=9405 | w=0.0019 | [Pawdroid-SR-APK] 加拿大+V2CROSS.COM-3
score=24.8101 | latency=24.7525 | time=101ms | geo=0.0869 | adj=-0.0695 | stab=0.0402 | iso=US | via=mmdb | km=11278 | w=0.0005 | [Pawdroid-SR-APK] 伊朗+V2CROSS.COM-5
score=24.6402 | latency=5.2192 | time=479ms | geo=19.3473 | adj=+0.0000 | stab=0.0737 | iso=TH | via=mmdb | km=3169 | w=0.1209 | [Pawdroid-SR-APK] 泰国 V2CROSS.COM
score=24.6137 | latency=24.5098 | time=102ms | geo=0.0869 | adj=-0.0695 | stab=0.0865 | iso=US | via=name | km=11278 | w=0.0005 | [Pawdroid-SR-APK] 美国+V2CROSS.COM-6
score=24.3887 | latency=24.0385 | time=104ms | geo=0.2720 | adj=+0.0000 | stab=0.0783 | iso=GB | via=name | km=9566 | w=0.0017 | [Pawdroid-SR-APK] 英国+惠普HP-6
score=24.3410 | latency=24.2718 | time=103ms | geo=0.0869 | adj=-0.0695 | stab=0.0518 | iso=US | via=name | km=11278 | w=0.0005 | [Pawdroid-SR-APK] 美国 V2CROSS.COM-5
score=23.9675 | latency=23.5849 | time=106ms | geo=0.3364 | adj=+0.0000 | stab=0.0462 | iso=DE | via=mmdb | km=9247 | w=0.0021 | [Pawdroid-SR-APK] 美国 V2CROSS.COM-8
score=23.8400 | latency=23.8095 | time=105ms | geo=0.0869 | adj=-0.0695 | stab=0.0131 | iso=US | via=name | km=11278 | w=0.0005 | [Pawdroid-SR-APK] 美国 加利福尼亚州旧金山市Awknet通信公司-2
score=23.7717 | latency=23.5849 | time=106ms | geo=0.1179 | adj=+0.0000 | stab=0.0689 | iso=ES | via=mmdb | km=10820 | w=0.0007 | [Pawdroid-SR-APK] 美国 V2CROSS.COM-3
score=23.6348 | latency=23.5849 | time=106ms | geo=0.0869 | adj=-0.0695 | stab=0.0325 | iso=US | via=name | km=11278 | w=0.0005 | [Pawdroid-SR-APK] 美国 V2CROSS.COM
score=23.5028 | latency=23.1481 | time=108ms | geo=0.3027 | adj=+0.0000 | stab=0.0520 | iso=CA | via=name | km=9405 | w=0.0019 | [Pawdroid-SR-APK] 加拿大蒙特利尔 V2CROSS.COM
score=23.4900 | latency=23.1481 | time=108ms | geo=0.2720 | adj=+0.0000 | stab=0.0699 | iso=GB | via=name | km=9566 | w=0.0017 | [Pawdroid-SR-APK] 英国+惠普HP
score=23.2167 | latency=23.1481 | time=108ms | geo=0.0869 | adj=-0.0695 | stab=0.0512 | iso=US | via=mmdb | km=11278 | w=0.0005 | [Pawdroid-SR-APK] 北美地区 V2CROSS.COM
score=23.1862 | latency=23.1481 | time=108ms | geo=0.0869 | adj=-0.0695 | stab=0.0207 | iso=US | via=name | km=11278 | w=0.0005 | [Pawdroid-SR-APK] 美国+Akamai科技公司CDN网络节点-2
score=22.9623 | latency=22.9358 | time=109ms | geo=0.0869 | adj=-0.0695 | stab=0.0092 | iso=US | via=name | km=11278 | w=0.0005 | [Pawdroid-SR-APK] 美国弗吉尼亚州文特山农场+OVH数据中心
score=22.8289 | latency=22.7273 | time=110ms | geo=0.0869 | adj=-0.0695 | stab=0.0843 | iso=US | via=name | km=11278 | w=0.0005 | [Pawdroid-SS-APK] 美国+CloudFlare节点-10
score=22.8117 | latency=22.7273 | time=110ms | geo=0.0869 | adj=-0.0695 | stab=0.0671 | iso=US | via=name | km=11278 | w=0.0005 | [Pawdroid-SR-APK] 美国+Akamai科技公司CDN网络节点-5
score=22.6180 | latency=22.5225 | time=111ms | geo=0.0869 | adj=-0.0695 | stab=0.0781 | iso=US | via=mmdb | km=11278 | w=0.0005 | [Pawdroid-SR-APK] 乌克兰+V2CROSS.COM-4
score=22.5855 | latency=22.5225 | time=111ms | geo=0.0869 | adj=-0.0695 | stab=0.0456 | iso=US | via=name | km=11278 | w=0.0005 | [Pawdroid-SR-APK] 美国+Akamai科技公司CDN网络节点-3
score=22.3645 | latency=22.3214 | time=112ms | geo=0.0869 | adj=-0.0695 | stab=0.0257 | iso=US | via=mmdb | km=11278 | w=0.0005 | [Pawdroid-SR-APK] United+States-2
score=22.2680 | latency=21.9298 | time=114ms | geo=0.2720 | adj=+0.0000 | stab=0.0662 | iso=GB | via=name | km=9566 | w=0.0017 | [Pawdroid-SR-APK] 英国+惠普HP-2
score=22.1830 | latency=22.1239 | time=113ms | geo=0.0869 | adj=-0.0695 | stab=0.0418 | iso=US | via=name | km=11278 | w=0.0005 | [Pawdroid-SR-APK] 美国+加利福尼亚州洛杉矶ColoCrossing数据中心-2
score=22.0517 | latency=21.7391 | time=115ms | geo=0.3027 | adj=+0.0000 | stab=0.0099 | iso=CA | via=mmdb | km=9405 | w=0.0019 | [Pawdroid-SR-APK] 美国+V2CROSS.COM-10
score=21.9673 | latency=21.9298 | time=114ms | geo=0.0869 | adj=-0.0695 | stab=0.0201 | iso=US | via=mmdb | km=11278 | w=0.0005 | [Pawdroid-SR-APK] 乌克兰+V2CROSS.COM-7
score=21.8208 | latency=21.5517 | time=116ms | geo=0.2035 | adj=+0.0000 | stab=0.0656 | iso=FR | via=host | km=10001 | w=0.0013 | [Pawdroid-SR-APK] 美国+CloudFlare节点-7
score=21.6683 | latency=21.5517 | time=116ms | geo=0.0869 | adj=-0.0695 | stab=0.0992 | iso=US | via=name | km=11278 | w=0.0005 | [Pawdroid-SR-APK] 美国+CloudFlare节点-88
score=21.6676 | latency=21.5517 | time=116ms | geo=0.0869 | adj=-0.0695 | stab=0.0985 | iso=US | via=name | km=11278 | w=0.0005 | [Pawdroid-SR-APK] 美国+CloudFlare节点-70
score=21.6665 | latency=21.5517 | time=116ms | geo=0.0869 | adj=-0.0695 | stab=0.0974 | iso=US | via=name | km=11278 | w=0.0005 | [Pawdroid-SR-APK] 美国+CloudFlare节点-40
score=21.6653 | latency=21.5517 | time=116ms | geo=0.0869 | adj=-0.0695 | stab=0.0962 | iso=US | via=name | km=11278 | w=0.0005 | [Pawdroid-SR-APK] 美国+CloudFlare节点-17
score=21.6641 | latency=21.5517 | time=116ms | geo=0.0869 | adj=-0.0695 | stab=0.0950 | iso=US | via=name | km=11278 | w=0.0005 | [Pawdroid-SR-APK] 美国+CloudFlare节点-80
score=21.6639 | latency=21.5517 | time=116ms | geo=0.0869 | adj=-0.0695 | stab=0.0948 | iso=US | via=name | km=11278 | w=0.0005 | [Pawdroid-SR-APK] 美国+CloudFlare节点-19
score=21.6638 | latency=21.5517 | time=116ms | geo=0.0869 | adj=-0.0695 | stab=0.0947 | iso=US | via=name | km=11278 | w=0.0005 | [Pawdroid-SR-APK] 美国+CloudFlare节点-71
score=21.6637 | latency=21.5517 | time=116ms | geo=0.0869 | adj=-0.0695 | stab=0.0946 | iso=US | via=name | km=11278 | w=0.0005 | [Pawdroid-SR-APK] 美国+CloudFlare节点-83
score=21.6618 | latency=21.5517 | time=116ms | geo=0.0869 | adj=-0.0695 | stab=0.0927 | iso=US | via=name | km=11278 | w=0.0005 | [Pawdroid-SR-APK] 美国+CloudFlare节点-36
score=21.6616 | latency=21.5517 | time=116ms | geo=0.0869 | adj=-0.0695 | stab=0.0925 | iso=US | via=name | km=11278 | w=0.0005 | [Pawdroid-SR-APK] 美国+CloudFlare节点-27
score=21.6616 | latency=21.5517 | time=116ms | geo=0.0869 | adj=-0.0695 | stab=0.0925 | iso=US | via=name | km=11278 | w=0.0005 | [Pawdroid-SR-APK] 美国+CloudFlare节点-46
score=21.6589 | latency=21.5517 | time=116ms | geo=0.0869 | adj=-0.0695 | stab=0.0898 | iso=US | via=name | km=11278 | w=0.0005 | [Pawdroid-SR-APK] 美国+CloudFlare节点-75
score=21.6582 | latency=21.5517 | time=116ms | geo=0.0869 | adj=-0.0695 | stab=0.0891 | iso=US | via=name | km=11278 | w=0.0005 | [Pawdroid-SR-APK] 美国+CloudFlare节点-30
score=21.6567 | latency=21.5517 | time=116ms | geo=0.0869 | adj=-0.0695 | stab=0.0876 | iso=US | via=name | km=11278 | w=0.0005 | [Pawdroid-SR-APK] 美国+CloudFlare节点-59
score=21.6564 | latency=21.5517 | time=116ms | geo=0.0869 | adj=-0.0695 | stab=0.0873 | iso=US | via=name | km=11278 | w=0.0005 | [Pawdroid-SR-APK] 美国+CloudFlare节点-62
score=21.6551 | latency=21.5517 | time=116ms | geo=0.0869 | adj=-0.0695 | stab=0.0860 | iso=US | via=name | km=11278 | w=0.0005 | [Pawdroid-SR-APK] 美国+CloudFlare节点-65
score=21.6546 | latency=21.5517 | time=116ms | geo=0.0869 | adj=-0.0695 | stab=0.0855 | iso=US | via=name | km=11278 | w=0.0005 | [Pawdroid-SR-APK] 美国+CloudFlare节点-77
score=21.6542 | latency=21.5517 | time=116ms | geo=0.0869 | adj=-0.0695 | stab=0.0851 | iso=US | via=name | km=11278 | w=0.0005 | [Pawdroid-SR-APK] 美国+CloudFlare节点-38
score=21.6528 | latency=21.5517 | time=116ms | geo=0.0869 | adj=-0.0695 | stab=0.0837 | iso=US | via=name | km=11278 | w=0.0005 | [Pawdroid-SR-APK] 美国+CloudFlare节点-67
score=21.6509 | latency=21.5517 | time=116ms | geo=0.0869 | adj=-0.0695 | stab=0.0818 | iso=US | via=name | km=11278 | w=0.0005 | [Pawdroid-SR-APK] 美国+CloudFlare节点-72
score=21.6507 | latency=21.5517 | time=116ms | geo=0.0869 | adj=-0.0695 | stab=0.0816 | iso=US | via=name | km=11278 | w=0.0005 | [Pawdroid-SR-APK] 美国+CloudFlare节点-63
score=21.6487 | latency=21.5517 | time=116ms | geo=0.0869 | adj=-0.0695 | stab=0.0796 | iso=US | via=name | km=11278 | w=0.0005 | [Pawdroid-SR-APK] 美国+CloudFlare节点-34
score=21.6484 | latency=21.5517 | time=116ms | geo=0.0869 | adj=-0.0695 | stab=0.0793 | iso=US | via=name | km=11278 | w=0.0005 | [Pawdroid-SR-APK] 美国+CloudFlare节点-28
score=21.6481 | latency=21.5517 | time=116ms | geo=0.0869 | adj=-0.0695 | stab=0.0791 | iso=US | via=name | km=11278 | w=0.0005 | [Pawdroid-SR-APK] 美国+CloudFlare节点-11
score=21.6479 | latency=21.5517 | time=116ms | geo=0.0869 | adj=-0.0695 | stab=0.0788 | iso=US | via=name | km=11278 | w=0.0005 | [Pawdroid-SR-APK] 美国+CloudFlare节点-35
score=21.6448 | latency=21.5517 | time=116ms | geo=0.0869 | adj=-0.0695 | stab=0.0757 | iso=US | via=name | km=11278 | w=0.0005 | [Pawdroid-SR-APK] 美国+CloudFlare节点-13
score=21.6437 | latency=21.5517 | time=116ms | geo=0.0869 | adj=-0.0695 | stab=0.0746 | iso=US | via=name | km=11278 | w=0.0005 | [Pawdroid-SR-APK] 美国+CloudFlare节点-84
score=21.6435 | latency=21.5517 | time=116ms | geo=0.0869 | adj=-0.0695 | stab=0.0744 | iso=US | via=name | km=11278 | w=0.0005 | [Pawdroid-SR-APK] 美国+CloudFlare节点-48
score=21.6397 | latency=21.5517 | time=116ms | geo=0.0869 | adj=-0.0695 | stab=0.0706 | iso=US | via=name | km=11278 | w=0.0005 | [Pawdroid-SR-APK] 美国+CloudFlare节点-55
score=21.6346 | latency=21.5517 | time=116ms | geo=0.0869 | adj=-0.0695 | stab=0.0655 | iso=US | via=name | km=11278 | w=0.0005 | [Pawdroid-SR-APK] 美国+CloudFlare节点-23
score=21.6340 | latency=21.5517 | time=116ms | geo=0.0869 | adj=-0.0695 | stab=0.0649 | iso=US | via=name | km=11278 | w=0.0005 | [Pawdroid-SR-APK] 美国+CloudFlare节点-12
score=21.6339 | latency=21.5517 | time=116ms | geo=0.0869 | adj=-0.0695 | stab=0.0648 | iso=US | via=name | km=11278 | w=0.0005 | [Pawdroid-SR-APK] 美国+CloudFlare节点-25
score=21.6326 | latency=21.5517 | time=116ms | geo=0.0869 | adj=-0.0695 | stab=0.0635 | iso=US | via=name | km=11278 | w=0.0005 | [Pawdroid-SR-APK] 美国+CloudFlare节点-60
score=21.6312 | latency=21.5517 | time=116ms | geo=0.0869 | adj=-0.0695 | stab=0.0621 | iso=US | via=name | km=11278 | w=0.0005 | [Pawdroid-SR-APK] 美国+CloudFlare节点-33
score=21.6309 | latency=21.5517 | time=116ms | geo=0.0869 | adj=-0.0695 | stab=0.0618 | iso=US | via=name | km=11278 | w=0.0005 | [Pawdroid-SR-APK] 美国+CloudFlare节点-51
score=21.6269 | latency=21.5517 | time=116ms | geo=0.0869 | adj=-0.0695 | stab=0.0578 | iso=US | via=name | km=11278 | w=0.0005 | [Pawdroid-SR-APK] 美国+CloudFlare节点-68
score=21.6268 | latency=21.5517 | time=116ms | geo=0.0869 | adj=-0.0695 | stab=0.0577 | iso=US | via=name | km=11278 | w=0.0005 | [Pawdroid-SR-APK] 美国+CloudFlare节点-22
score=21.6255 | latency=21.5517 | time=116ms | geo=0.0869 | adj=-0.0695 | stab=0.0564 | iso=US | via=name | km=11278 | w=0.0005 | [Pawdroid-SR-APK] 美国+CloudFlare节点-26
score=21.6253 | latency=21.5517 | time=116ms | geo=0.0869 | adj=-0.0695 | stab=0.0562 | iso=US | via=name | km=11278 | w=0.0005 | [Pawdroid-SR-APK] 美国+CloudFlare节点-15
score=21.6240 | latency=21.5517 | time=116ms | geo=0.0869 | adj=-0.0695 | stab=0.0549 | iso=US | via=name | km=11278 | w=0.0005 | [Pawdroid-SR-APK] 美国+CloudFlare节点-16
score=21.6220 | latency=21.5517 | time=116ms | geo=0.0869 | adj=-0.0695 | stab=0.0530 | iso=US | via=name | km=11278 | w=0.0005 | [Pawdroid-SR-APK] 美国+CloudFlare节点-37
score=21.6219 | latency=21.5517 | time=116ms | geo=0.0869 | adj=-0.0695 | stab=0.0528 | iso=US | via=name | km=11278 | w=0.0005 | [Pawdroid-SR-APK] 美国+CloudFlare节点-10
score=21.6209 | latency=21.5517 | time=116ms | geo=0.0869 | adj=-0.0695 | stab=0.0518 | iso=US | via=name | km=11278 | w=0.0005 | [Pawdroid-SR-APK] 美国+CloudFlare节点-89
score=21.6206 | latency=21.5517 | time=116ms | geo=0.0869 | adj=-0.0695 | stab=0.0515 | iso=US | via=name | km=11278 | w=0.0005 | [Pawdroid-SR-APK] 美国+CloudFlare节点-42
score=21.6192 | latency=21.5517 | time=116ms | geo=0.0869 | adj=-0.0695 | stab=0.0501 | iso=US | via=name | km=11278 | w=0.0005 | [Pawdroid-SR-APK] 美国+CloudFlare节点-53
score=21.6172 | latency=21.5517 | time=116ms | geo=0.0869 | adj=-0.0695 | stab=0.0481 | iso=US | via=name | km=11278 | w=0.0005 | [Pawdroid-SR-APK] 美国+CloudFlare节点-81
score=21.6171 | latency=21.5517 | time=116ms | geo=0.0869 | adj=-0.0695 | stab=0.0480 | iso=US | via=name | km=11278 | w=0.0005 | [Pawdroid-SR-APK] 美国+CloudFlare节点-86
score=21.6135 | latency=21.5517 | time=116ms | geo=0.0869 | adj=-0.0695 | stab=0.0444 | iso=US | via=name | km=11278 | w=0.0005 | [Pawdroid-SR-APK] 美国+CloudFlare节点-32
score=21.6122 | latency=21.5517 | time=116ms | geo=0.0869 | adj=-0.0695 | stab=0.0431 | iso=US | via=name | km=11278 | w=0.0005 | [Pawdroid-SR-APK] 美国+加利福尼亚州洛杉矶ColoCrossing数据中心-3
score=21.6116 | latency=21.5517 | time=116ms | geo=0.0869 | adj=-0.0695 | stab=0.0425 | iso=US | via=name | km=11278 | w=0.0005 | [Pawdroid-SR-APK] 美国+CloudFlare节点-50
score=21.6115 | latency=21.5517 | time=116ms | geo=0.0869 | adj=-0.0695 | stab=0.0424 | iso=US | via=name | km=11278 | w=0.0005 | [Pawdroid-SR-APK] 美国+CloudFlare节点-78
score=21.6089 | latency=21.5517 | time=116ms | geo=0.0869 | adj=-0.0695 | stab=0.0398 | iso=US | via=name | km=11278 | w=0.0005 | [Pawdroid-SR-APK] 美国+CloudFlare节点-61
score=21.6080 | latency=21.5517 | time=116ms | geo=0.0869 | adj=-0.0695 | stab=0.0389 | iso=US | via=name | km=11278 | w=0.0005 | [Pawdroid-SR-APK] 美国+CloudFlare节点-14
score=21.6069 | latency=21.5517 | time=116ms | geo=0.0869 | adj=-0.0695 | stab=0.0378 | iso=US | via=name | km=11278 | w=0.0005 | [Pawdroid-SR-APK] 美国+CloudFlare节点-74
score=21.6066 | latency=21.5517 | time=116ms | geo=0.0869 | adj=-0.0695 | stab=0.0375 | iso=US | via=name | km=11278 | w=0.0005 | [Pawdroid-SR-APK] 美国+CloudFlare节点-24
score=21.6064 | latency=21.5517 | time=116ms | geo=0.0869 | adj=-0.0695 | stab=0.0373 | iso=US | via=name | km=11278 | w=0.0005 | [Pawdroid-SR-APK] 美国+CloudFlare节点-41
score=21.6051 | latency=21.5517 | time=116ms | geo=0.0869 | adj=-0.0695 | stab=0.0360 | iso=US | via=name | km=11278 | w=0.0005 | [Pawdroid-SR-APK] 美国+CloudFlare节点-82
score=21.6040 | latency=21.5517 | time=116ms | geo=0.0869 | adj=-0.0695 | stab=0.0349 | iso=US | via=name | km=11278 | w=0.0005 | [Pawdroid-SR-APK] 美国+CloudFlare节点-44
score=21.6011 | latency=21.5517 | time=116ms | geo=0.0869 | adj=-0.0695 | stab=0.0320 | iso=US | via=name | km=11278 | w=0.0005 | [Pawdroid-SR-APK] 美国+CloudFlare节点-9
score=21.6010 | latency=21.5517 | time=116ms | geo=0.0869 | adj=-0.0695 | stab=0.0319 | iso=US | via=name | km=11278 | w=0.0005 | [Pawdroid-SR-APK] 美国+CloudFlare节点-4
score=21.6006 | latency=21.5517 | time=116ms | geo=0.0869 | adj=-0.0695 | stab=0.0315 | iso=US | via=name | km=11278 | w=0.0005 | [Pawdroid-SR-APK] 美国+CloudFlare节点-79
score=21.5997 | latency=21.5517 | time=116ms | geo=0.0869 | adj=-0.0695 | stab=0.0306 | iso=US | via=name | km=11278 | w=0.0005 | [Pawdroid-SR-APK] 美国+CloudFlare节点-85
score=21.5979 | latency=21.5517 | time=116ms | geo=0.0869 | adj=-0.0695 | stab=0.0288 | iso=US | via=name | km=11278 | w=0.0005 | [Pawdroid-SR-APK] 美国+CloudFlare节点-54
score=21.5969 | latency=21.5517 | time=116ms | geo=0.0869 | adj=-0.0695 | stab=0.0278 | iso=US | via=name | km=11278 | w=0.0005 | [Pawdroid-SR-APK] 美国+CloudFlare节点-52
score=21.5961 | latency=21.5517 | time=116ms | geo=0.0869 | adj=-0.0695 | stab=0.0270 | iso=US | via=name | km=11278 | w=0.0005 | [Pawdroid-SR-APK] 美国+CloudFlare节点-20
score=21.5952 | latency=21.5517 | time=116ms | geo=0.0869 | adj=-0.0695 | stab=0.0261 | iso=US | via=name | km=11278 | w=0.0005 | [Pawdroid-SR-APK] 美国+CloudFlare节点-3
score=21.5938 | latency=21.5517 | time=116ms | geo=0.0869 | adj=-0.0695 | stab=0.0247 | iso=US | via=name | km=11278 | w=0.0005 | [Pawdroid-SR-APK] 美国+CloudFlare节点-69
score=21.5929 | latency=21.5517 | time=116ms | geo=0.0869 | adj=-0.0695 | stab=0.0238 | iso=US | via=name | km=11278 | w=0.0005 | [Pawdroid-SR-APK] 美国+CloudFlare节点-18
score=21.5906 | latency=21.5517 | time=116ms | geo=0.0869 | adj=-0.0695 | stab=0.0215 | iso=US | via=name | km=11278 | w=0.0005 | [Pawdroid-SR-APK] 美国+CloudFlare节点-76
score=21.5844 | latency=21.5517 | time=116ms | geo=0.0869 | adj=-0.0695 | stab=0.0153 | iso=US | via=name | km=11278 | w=0.0005 | [Pawdroid-SR-APK] 美国+CloudFlare节点-66
score=21.5839 | latency=21.5517 | time=116ms | geo=0.0869 | adj=-0.0695 | stab=0.0148 | iso=US | via=name | km=11278 | w=0.0005 | [Pawdroid-SR-APK] 美国+CloudFlare节点-64
score=21.5819 | latency=21.5517 | time=116ms | geo=0.0869 | adj=-0.0695 | stab=0.0128 | iso=US | via=name | km=11278 | w=0.0005 | [Pawdroid-SR-APK] 美国+CloudFlare节点
score=21.5817 | latency=21.5517 | time=116ms | geo=0.0869 | adj=-0.0695 | stab=0.0126 | iso=US | via=name | km=11278 | w=0.0005 | [Pawdroid-SR-APK] 美国+CloudFlare节点-45
score=21.5809 | latency=21.5517 | time=116ms | geo=0.0869 | adj=-0.0695 | stab=0.0118 | iso=US | via=name | km=11278 | w=0.0005 | [Pawdroid-SR-APK] 美国+CloudFlare节点-6
score=21.5808 | latency=21.5517 | time=116ms | geo=0.0869 | adj=-0.0695 | stab=0.0117 | iso=US | via=name | km=11278 | w=0.0005 | [Pawdroid-SR-APK] 美国+CloudFlare节点-43
score=21.5797 | latency=21.5517 | time=116ms | geo=0.0869 | adj=-0.0695 | stab=0.0106 | iso=US | via=name | km=11278 | w=0.0005 | [Pawdroid-SR-APK] 美国+CloudFlare节点-8
score=21.5789 | latency=21.5517 | time=116ms | geo=0.0869 | adj=-0.0695 | stab=0.0098 | iso=US | via=name | km=11278 | w=0.0005 | [Pawdroid-SR-APK] 美国+CloudFlare节点-87
score=21.5768 | latency=21.5517 | time=116ms | geo=0.0869 | adj=-0.0695 | stab=0.0077 | iso=US | via=name | km=11278 | w=0.0005 | [Pawdroid-SR-APK] 美国+CloudFlare节点-39
score=21.5741 | latency=21.5517 | time=116ms | geo=0.0869 | adj=-0.0695 | stab=0.0050 | iso=US | via=name | km=11278 | w=0.0005 | [Pawdroid-SR-APK] 美国+CloudFlare节点-21
score=21.5741 | latency=21.5517 | time=116ms | geo=0.0869 | adj=-0.0695 | stab=0.0050 | iso=US | via=name | km=11278 | w=0.0005 | [Pawdroid-SR-APK] 美国+CloudFlare节点-31
score=21.5740 | latency=21.5517 | time=116ms | geo=0.0869 | adj=-0.0695 | stab=0.0049 | iso=US | via=name | km=11278 | w=0.0005 | [Pawdroid-SR-APK] 美国+CloudFlare节点-58
score=21.5736 | latency=21.5517 | time=116ms | geo=0.0869 | adj=-0.0695 | stab=0.0045 | iso=US | via=name | km=11278 | w=0.0005 | [Pawdroid-SR-APK] 美国+CloudFlare节点-73
score=21.5723 | latency=21.5517 | time=116ms | geo=0.0869 | adj=-0.0695 | stab=0.0033 | iso=US | via=name | km=11278 | w=0.0005 | [Pawdroid-SR-APK] 美国+CloudFlare节点-47
score=21.5720 | latency=21.5517 | time=116ms | geo=0.0869 | adj=-0.0695 | stab=0.0029 | iso=US | via=name | km=11278 | w=0.0005 | [Pawdroid-SR-APK] 美国+CloudFlare节点-29
score=21.5710 | latency=21.5517 | time=116ms | geo=0.0869 | adj=-0.0695 | stab=0.0019 | iso=US | via=name | km=11278 | w=0.0005 | [Pawdroid-SR-APK] 美国+CloudFlare节点-49
score=21.5701 | latency=21.5517 | time=116ms | geo=0.0869 | adj=-0.0695 | stab=0.0010 | iso=US | via=name | km=11278 | w=0.0005 | [Pawdroid-SR-APK] 美国+CloudFlare节点-57
score=21.5180 | latency=21.1864 | time=118ms | geo=0.3027 | adj=+0.0000 | stab=0.0288 | iso=CA | via=name | km=9405 | w=0.0019 | [Pawdroid-SR-APK] Canada-3
score=21.4826 | latency=21.3675 | time=117ms | geo=0.0869 | adj=-0.0695 | stab=0.0977 | iso=US | via=name | km=11278 | w=0.0005 | [Pawdroid-SR-APK] 美国 亚利桑那州凤凰城Oracle云计算数据中心
score=21.2634 | latency=21.1864 | time=118ms | geo=0.0869 | adj=-0.0695 | stab=0.0595 | iso=US | via=name | km=11278 | w=0.0005 | [Pawdroid-SR-APK] 美国+华盛顿Cogent通信公司-5
score=21.2289 | latency=21.1864 | time=118ms | geo=0.0869 | adj=-0.0695 | stab=0.0251 | iso=US | via=name | km=11278 | w=0.0005 | [Pawdroid-SR-APK] 美国+华盛顿Cogent通信公司
score=21.2205 | latency=21.1864 | time=118ms | geo=0.0869 | adj=-0.0695 | stab=0.0167 | iso=US | via=name | km=11278 | w=0.0005 | [Pawdroid-SR-APK] 美国+华盛顿Cogent通信公司-4
score=21.0488 | latency=21.0084 | time=119ms | geo=0.0000 | adj=+0.0000 | stab=0.0404 | iso=- | via=none | km=0 | w=0.0000 | [Pawdroid-SR-APK] vless
score=20.0463 | latency=19.6850 | time=127ms | geo=0.3027 | adj=+0.0000 | stab=0.0586 | iso=CA | via=name | km=9405 | w=0.0019 | [Pawdroid-SR-APK] Canada-2
score=20.0061 | latency=19.6850 | time=127ms | geo=0.3027 | adj=+0.0000 | stab=0.0183 | iso=CA | via=mmdb | km=9405 | w=0.0019 | [Pawdroid-SR-APK] 美国 V2CROSS.COM-4
score=19.7871 | latency=19.6850 | time=127ms | geo=0.0869 | adj=-0.0695 | stab=0.0847 | iso=US | via=mmdb | km=11278 | w=0.0005 | [Pawdroid-SR-APK] 北美地区 V2CROSS.COM-3
score=19.6190 | latency=19.5312 | time=128ms | geo=0.0000 | adj=+0.0000 | stab=0.0878 | iso=CLOUDFLARE | via=mmdb | km=0 | w=0.0000 | [Pawdroid-SS-APK] vless-118
score=19.5978 | latency=19.5312 | time=128ms | geo=0.0869 | adj=-0.0695 | stab=0.0491 | iso=US | via=name | km=11278 | w=0.0005 | [Pawdroid-SR-APK] 美国+弗吉尼亚州斯特灵阿里云
score=19.4614 | latency=19.3798 | time=129ms | geo=0.0869 | adj=-0.0695 | stab=0.0642 | iso=US | via=name | km=11278 | w=0.0005 | [Pawdroid-SR-APK] 美国+阿里云
score=19.2654 | latency=19.2308 | time=130ms | geo=0.0869 | adj=-0.0695 | stab=0.0173 | iso=US | via=name | km=11278 | w=0.0005 | [Pawdroid-SR-APK] 美国 V2CROSS.COM-2
score=19.1007 | latency=18.7970 | time=133ms | geo=0.3027 | adj=+0.0000 | stab=0.0010 | iso=CA | via=name | km=9405 | w=0.0019 | [Pawdroid-SR-APK] 加拿大 V2CROSS.COM-4
score=19.0324 | latency=18.9394 | time=132ms | geo=0.0869 | adj=-0.0695 | stab=0.0757 | iso=US | via=name | km=11278 | w=0.0005 | [Pawdroid-SR-APK] 美国+纽约州伊利县威廉斯维尔村ColoCrossing有限公司
score=18.8939 | latency=18.7970 | time=133ms | geo=0.0869 | adj=-0.0695 | stab=0.0795 | iso=US | via=name | km=11278 | w=0.0005 | [Pawdroid-SR-APK] 美国+阿里云-2
score=18.5018 | latency=6.7751 | time=369ms | geo=11.6558 | adj=+0.0000 | stab=0.0710 | iso=SG | via=mmdb | km=3929 | w=0.0728 | [Pawdroid-SR-APK] 以色列 V2CROSS.COM-3
score=18.4038 | latency=6.7385 | time=371ms | geo=11.6558 | adj=+0.0000 | stab=0.0095 | iso=SG | via=mmdb | km=3929 | w=0.0728 | [Pawdroid-SR-APK] 以色列 V2CROSS.COM-2
score=18.0226 | latency=17.9856 | time=139ms | geo=0.0869 | adj=-0.0695 | stab=0.0196 | iso=US | via=name | km=11278 | w=0.0005 | [Pawdroid-SR-APK] 美国 华盛顿Cogent通信公司-2
score=17.9369 | latency=5.5679 | time=449ms | geo=12.2711 | adj=+0.0000 | stab=0.0979 | iso=ID | via=mmdb | km=3852 | w=0.0767 | [Pawdroid-SR-APK] 印度+V2CROSS.COM
score=17.1687 | latency=17.1233 | time=146ms | geo=0.0869 | adj=-0.0695 | stab=0.0281 | iso=US | via=name | km=11278 | w=0.0005 | [Pawdroid-SR-APK] 美国 华盛顿Cogent通信公司
score=16.9605 | latency=5.2192 | time=479ms | geo=11.6558 | adj=+0.0000 | stab=0.0855 | iso=SG | via=mmdb | km=3929 | w=0.0728 | [Pawdroid-SR-APK] 亚太地区+V2CROSS.COM-2
score=16.9526 | latency=5.2192 | time=479ms | geo=11.6558 | adj=+0.0000 | stab=0.0776 | iso=SG | via=mmdb | km=3929 | w=0.0728 | [Pawdroid-SR-APK] 亚太地区+V2CROSS.COM-3
score=16.5997 | latency=16.5563 | time=151ms | geo=0.0869 | adj=-0.0695 | stab=0.0260 | iso=US | via=mmdb | km=11278 | w=0.0005 | [Pawdroid-SR-APK] 乌克兰+V2CROSS.COM-5
score=16.1497 | latency=4.4803 | time=558ms | geo=11.6558 | adj=+0.0000 | stab=0.0136 | iso=SG | via=name | km=3929 | w=0.0728 | [Pawdroid-SR-APK] 新加坡+甲骨文机房
score=16.1429 | latency=4.4405 | time=563ms | geo=11.6558 | adj=+0.0000 | stab=0.0466 | iso=SG | via=mmdb | km=3929 | w=0.0728 | [Pawdroid-SR-APK] 美国+V2CROSS.COM-27
score=16.0846 | latency=4.3706 | time=572ms | geo=11.6558 | adj=+0.0000 | stab=0.0582 | iso=SG | via=mmdb | km=3929 | w=0.0728 | [Pawdroid-SR-APK] 伊朗+V2CROSS.COM-4
score=16.0747 | latency=4.3554 | time=574ms | geo=11.6558 | adj=+0.0000 | stab=0.0635 | iso=SG | via=mmdb | km=3929 | w=0.0728 | [Pawdroid-SR-APK] 美国+WestNet
score=15.7308 | latency=15.3374 | time=163ms | geo=0.3027 | adj=+0.0000 | stab=0.0907 | iso=CA | via=name | km=9405 | w=0.0019 | [Pawdroid-SR-APK] 加拿大+魁北克省博阿努瓦OVH
score=15.7187 | latency=15.6250 | time=160ms | geo=0.0869 | adj=-0.0695 | stab=0.0763 | iso=US | via=mmdb | km=11278 | w=0.0005 | [Pawdroid-SR-APK] United+States-3
score=15.6871 | latency=4.0064 | time=624ms | geo=11.6558 | adj=+0.0000 | stab=0.0249 | iso=SG | via=mmdb | km=3929 | w=0.0728 | [Pawdroid-SR-APK] 西班牙+V2CROSS.COM-2
score=15.6601 | latency=15.0602 | time=166ms | geo=0.5427 | adj=+0.0000 | stab=0.0571 | iso=IL | via=mmdb | km=8530 | w=0.0034 | [Pawdroid-SR-APK] 俄罗斯+V2CROSS.COM-3
score=15.6408 | latency=15.0602 | time=166ms | geo=0.5427 | adj=+0.0000 | stab=0.0379 | iso=IL | via=mmdb | km=8530 | w=0.0034 | [Pawdroid-SR-APK] 俄罗斯+V2CROSS.COM-4
score=15.6297 | latency=3.9185 | time=638ms | geo=11.6558 | adj=+0.0000 | stab=0.0554 | iso=SG | via=name | km=3929 | w=0.0728 | [Pawdroid-SR-APK] Singapore-3
score=15.4509 | latency=15.3374 | time=163ms | geo=0.0869 | adj=-0.0695 | stab=0.0961 | iso=US | via=name | km=11278 | w=0.0005 | [Pawdroid-SR-APK] 美国+纽约DigitalOcean数据中心
score=15.3267 | latency=14.9701 | time=167ms | geo=0.3027 | adj=+0.0000 | stab=0.0539 | iso=CA | via=mmdb | km=9405 | w=0.0019 | [Pawdroid-SR-APK] 美国+惠普公司-2
score=15.3262 | latency=14.9701 | time=167ms | geo=0.3027 | adj=+0.0000 | stab=0.0535 | iso=CA | via=name | km=9405 | w=0.0019 | [Pawdroid-SR-APK] 加拿大+V2CROSS.COM-7
score=15.1513 | latency=3.4014 | time=735ms | geo=11.6558 | adj=+0.0000 | stab=0.0942 | iso=SG | via=name | km=3929 | w=0.0728 | [Pawdroid-SR-APK] Singapore-4
score=14.9911 | latency=14.9701 | time=167ms | geo=0.0869 | adj=-0.0695 | stab=0.0036 | iso=US | via=name | km=11278 | w=0.0005 | [Pawdroid-SR-APK] 美国+V2CROSS.COM-20
score=14.9700 | latency=14.8810 | time=168ms | geo=0.0869 | adj=-0.0695 | stab=0.0717 | iso=US | via=name | km=11278 | w=0.0005 | [Pawdroid-SS-APK] 美国+乔治亚洲亚特兰大Fastly节点
score=14.9542 | latency=14.8810 | time=168ms | geo=0.0869 | adj=-0.0695 | stab=0.0558 | iso=US | via=name | km=11278 | w=0.0005 | [Pawdroid-SS-APK] 美国+乔治亚洲亚特兰大Fastly节点-2
score=14.8829 | latency=3.1847 | time=785ms | geo=11.6558 | adj=+0.0000 | stab=0.0424 | iso=SG | via=name | km=3929 | w=0.0728 | [Pawdroid-SR-APK] 新加坡+Amazon数据中心
score=14.7340 | latency=3.0451 | time=821ms | geo=11.6558 | adj=+0.0000 | stab=0.0332 | iso=SG | via=name | km=3929 | w=0.0728 | [Pawdroid-SR-APK] Singapore-2
score=14.6456 | latency=2.9446 | time=849ms | geo=11.6558 | adj=+0.0000 | stab=0.0451 | iso=SG | via=name | km=3929 | w=0.0728 | [Pawdroid-SR-APK] 新加坡+亚马逊(Amazon)公司数据中心
score=14.5020 | latency=2.8121 | time=889ms | geo=11.6558 | adj=+0.0000 | stab=0.0340 | iso=SG | via=name | km=3929 | w=0.0728 | [Pawdroid-SR-APK] Singapore
score=14.2415 | latency=2.5075 | time=997ms | geo=11.6558 | adj=+0.0000 | stab=0.0782 | iso=SG | via=name | km=3929 | w=0.0728 | [1VPN-CRX] free-singapore-https-1
score=14.2058 | latency=14.1243 | time=177ms | geo=0.0869 | adj=-0.0695 | stab=0.0641 | iso=US | via=name | km=11278 | w=0.0005 | [Pawdroid-SR-APK] 美国+爱荷华州得梅因Microsoft数据中心
score=14.1669 | latency=13.8122 | time=181ms | geo=0.3364 | adj=+0.0000 | stab=0.0183 | iso=DE | via=mmdb | km=9247 | w=0.0021 | [Pawdroid-SR-APK] 瑞士+V2CROSS.COM-14
score=14.1566 | latency=13.7363 | time=182ms | geo=0.3364 | adj=+0.0000 | stab=0.0840 | iso=DE | via=mmdb | km=9247 | w=0.0021 | [Pawdroid-SR-APK] 瑞士+V2CROSS.COM-17
score=14.0743 | latency=2.4131 | time=1036ms | geo=11.6558 | adj=+0.0000 | stab=0.0054 | iso=SG | via=name | km=3929 | w=0.0728 | [1VPN-CRX] free-singapore-https-2
score=13.9955 | latency=13.8889 | time=180ms | geo=0.0869 | adj=-0.0695 | stab=0.0893 | iso=US | via=name | km=11278 | w=0.0005 | [Pawdroid-SR-APK] 美国+V2CROSS.COM-15
score=13.9633 | latency=2.2894 | time=1092ms | geo=11.6558 | adj=+0.0000 | stab=0.0182 | iso=SG | via=name | km=3929 | w=0.0728 | [Pawdroid-SS-APK] Singapore-14
score=13.9564 | latency=13.8889 | time=180ms | geo=0.0869 | adj=-0.0695 | stab=0.0502 | iso=US | via=name | km=11278 | w=0.0005 | [Pawdroid-SR-APK] 美国+V2CROSS.COM-24
score=13.9358 | latency=2.1911 | time=1141ms | geo=11.6558 | adj=+0.0000 | stab=0.0890 | iso=SG | via=name | km=3929 | w=0.0728 | [Pawdroid-SS-APK] Singapore-13
score=13.8946 | latency=13.5870 | time=184ms | geo=0.3027 | adj=+0.0000 | stab=0.0049 | iso=CA | via=name | km=9405 | w=0.0019 | [Pawdroid-SR-APK] 加拿大+魁北克省博阿努瓦OVH数据中心-2
score=13.7126 | latency=13.3690 | time=187ms | geo=0.3364 | adj=+0.0000 | stab=0.0073 | iso=DE | via=mmdb | km=9247 | w=0.0021 | [Pawdroid-SR-APK] 瑞士+V2CROSS.COM-12
score=13.6684 | latency=13.6612 | time=183ms | geo=0.0000 | adj=+0.0000 | stab=0.0072 | iso=CLOUDFLARE | via=mmdb | km=0 | w=0.0000 | [Pawdroid-SS-APK] United+States-145
score=13.6235 | latency=13.2275 | time=189ms | geo=0.3364 | adj=+0.0000 | stab=0.0596 | iso=DE | via=mmdb | km=9247 | w=0.0021 | [Pawdroid-SR-APK] 瑞士+V2CROSS.COM-8
score=13.6069 | latency=13.5870 | time=184ms | geo=0.0869 | adj=-0.0695 | stab=0.0025 | iso=US | via=mmdb | km=11278 | w=0.0005 | [Pawdroid-SR-APK] United+Kingdom-10
score=13.5790 | latency=13.1579 | time=190ms | geo=0.3364 | adj=+0.0000 | stab=0.0847 | iso=DE | via=mmdb | km=9247 | w=0.0021 | [Pawdroid-SR-APK] 瑞士+V2CROSS.COM-7
score=13.5185 | latency=13.1579 | time=190ms | geo=0.3364 | adj=+0.0000 | stab=0.0242 | iso=DE | via=mmdb | km=9247 | w=0.0021 | [Pawdroid-SR-APK] 瑞士+V2CROSS.COM-4
score=13.4495 | latency=13.0208 | time=192ms | geo=0.3364 | adj=+0.0000 | stab=0.0923 | iso=DE | via=mmdb | km=9247 | w=0.0021 | [Pawdroid-SS-APK] United+States-264
score=13.2336 | latency=12.8866 | time=194ms | geo=0.3364 | adj=+0.0000 | stab=0.0106 | iso=DE | via=mmdb | km=9247 | w=0.0021 | [Pawdroid-SR-APK] 瑞士+V2CROSS.COM-2
score=12.8614 | latency=12.5000 | time=200ms | geo=0.3364 | adj=+0.0000 | stab=0.0250 | iso=DE | via=mmdb | km=9247 | w=0.0021 | [Pawdroid-SR-APK] 瑞士+V2CROSS.COM-3
score=12.8497 | latency=12.7551 | time=196ms | geo=0.0000 | adj=+0.0000 | stab=0.0946 | iso=- | via=none | km=0 | w=0.0000 | [Pawdroid-SR-APK] Premium-21⁣⁠⁣⁠⁣
score=12.7261 | latency=1.0562 | time=2367ms | geo=11.6558 | adj=+0.0000 | stab=0.0141 | iso=SG | via=name | km=3929 | w=0.0728 | [1VPN-CRX] free-singapore-https-3
score=12.6348 | latency=12.5628 | time=199ms | geo=0.0869 | adj=-0.0695 | stab=0.0546 | iso=US | via=mmdb | km=11278 | w=0.0005 | [Pawdroid-SR-APK] 希腊+V2CROSS.COM
score=12.4180 | latency=12.0192 | time=208ms | geo=0.3364 | adj=+0.0000 | stab=0.0624 | iso=DE | via=mmdb | km=9247 | w=0.0021 | [Pawdroid-SS-APK] United+States-250
score=12.3858 | latency=0.7123 | time=3510ms | geo=11.6558 | adj=+0.0000 | stab=0.0177 | iso=SG | via=name | km=3929 | w=0.0728 | [1VPN-CRX] free-singapore-https-4
score=12.2746 | latency=11.9617 | time=209ms | geo=0.3027 | adj=+0.0000 | stab=0.0102 | iso=CA | via=mmdb | km=9405 | w=0.0019 | [Pawdroid-SR-APK] 美国+V2CROSS.COM-36
score=12.1583 | latency=12.1359 | time=206ms | geo=0.0000 | adj=+0.0000 | stab=0.0224 | iso=- | via=none | km=0 | w=0.0000 | [Pawdroid-SR-APK] United+States-13
score=12.0111 | latency=11.9617 | time=209ms | geo=0.0869 | adj=-0.0695 | stab=0.0320 | iso=US | via=name | km=11278 | w=0.0005 | [Pawdroid-SR-APK] 美国+惠普公司
score=12.0069 | latency=11.6279 | time=215ms | geo=0.3027 | adj=+0.0000 | stab=0.0763 | iso=CA | via=name | km=9405 | w=0.0019 | [Pawdroid-SR-APK] Canada
score=11.7253 | latency=11.6822 | time=214ms | geo=0.0000 | adj=+0.0000 | stab=0.0431 | iso=- | via=none | km=0 | w=0.0000 | [1VPN-CRX] free-los-angeles-https-1
score=11.2946 | latency=11.0132 | time=227ms | geo=0.2720 | adj=+0.0000 | stab=0.0093 | iso=GB | via=mmdb | km=9566 | w=0.0017 | [Pawdroid-SR-APK] Denmark
score=11.1974 | latency=10.7759 | time=232ms | geo=0.3223 | adj=+0.0000 | stab=0.0993 | iso=NL | via=mmdb | km=9311 | w=0.0020 | [Pawdroid-SR-APK] 俄罗斯+V2CROSS.COM-9
score=11.1921 | latency=10.8225 | time=231ms | geo=0.2720 | adj=+0.0000 | stab=0.0976 | iso=GB | via=mmdb | km=9566 | w=0.0017 | [Pawdroid-SR-APK] 美国+V2CROSS.COM-8
score=11.1881 | latency=11.1607 | time=224ms | geo=0.0000 | adj=+0.0000 | stab=0.0273 | iso=- | via=none | km=0 | w=0.0000 | [1VPN-CRX] free-los-angeles-https-5
score=11.1377 | latency=11.1111 | time=225ms | geo=0.0000 | adj=+0.0000 | stab=0.0266 | iso=- | via=none | km=0 | w=0.0000 | [1VPN-CRX] free-los-angeles-https-2
score=11.0666 | latency=10.9649 | time=228ms | geo=0.0869 | adj=-0.0695 | stab=0.0843 | iso=US | via=name | km=11278 | w=0.0005 | [Pawdroid-SR-APK] 美国+V2CROSS.COM-40
score=10.9986 | latency=10.6383 | time=235ms | geo=0.2720 | adj=+0.0000 | stab=0.0883 | iso=GB | via=mmdb | km=9566 | w=0.0017 | [Pawdroid-SR-APK] 美国+V2CROSS.COM-34
score=10.7585 | latency=10.7296 | time=233ms | geo=0.0000 | adj=+0.0000 | stab=0.0289 | iso=CLOUDFLARE | via=mmdb | km=0 | w=0.0000 | [Pawdroid-SS-APK] United+States-148
score=10.7269 | latency=10.3734 | time=241ms | geo=0.3364 | adj=+0.0000 | stab=0.0170 | iso=DE | via=mmdb | km=9247 | w=0.0021 | [Pawdroid-SR-APK] 瑞士+V2CROSS.COM-15
score=10.7104 | latency=10.3734 | time=241ms | geo=0.3364 | adj=+0.0000 | stab=0.0006 | iso=DE | via=mmdb | km=9247 | w=0.0021 | [Pawdroid-SR-APK] United+States-5
score=10.6519 | latency=10.3306 | time=242ms | geo=0.2720 | adj=+0.0000 | stab=0.0493 | iso=GB | via=mmdb | km=9566 | w=0.0017 | [Pawdroid-SR-APK] 美国+V2CROSS.COM-33
score=10.6137 | latency=10.3306 | time=242ms | geo=0.2720 | adj=+0.0000 | stab=0.0111 | iso=GB | via=mmdb | km=9566 | w=0.0017 | [Pawdroid-SR-APK] 美国+V2CROSS.COM-9
score=10.6119 | latency=9.2593 | time=270ms | geo=1.3509 | adj=+0.0000 | stab=0.0017 | iso=AE | via=mmdb | km=7162 | w=0.0084 | [Pawdroid-SR-APK] 英国+V2CROSS.COM-83
score=10.5838 | latency=10.2459 | time=244ms | geo=0.3364 | adj=+0.0000 | stab=0.0015 | iso=DE | via=mmdb | km=9247 | w=0.0021 | [Pawdroid-SR-APK] 瑞士+V2CROSS.COM-18
score=10.4612 | latency=10.0402 | time=249ms | geo=0.3223 | adj=+0.0000 | stab=0.0987 | iso=NL | via=mmdb | km=9311 | w=0.0020 | [Pawdroid-SR-APK] 加拿大+V2CROSS.COM-5
score=10.4521 | latency=10.2459 | time=244ms | geo=0.2035 | adj=+0.0000 | stab=0.0028 | iso=FR | via=name | km=10001 | w=0.0013 | [Pawdroid-SR-APK] 法国+OVH-2
score=10.4398 | latency=10.3734 | time=241ms | geo=0.0869 | adj=-0.0695 | stab=0.0489 | iso=US | via=name | km=11278 | w=0.0005 | [Pawdroid-SR-APK] 美国+V2CROSS.COM-48
score=10.4193 | latency=10.0806 | time=248ms | geo=0.3364 | adj=+0.0000 | stab=0.0023 | iso=DE | via=mmdb | km=9247 | w=0.0021 | [Pawdroid-SR-APK] 瑞士+V2CROSS.COM-5
score=10.4084 | latency=10.0402 | time=249ms | geo=0.3223 | adj=+0.0000 | stab=0.0460 | iso=NL | via=mmdb | km=9311 | w=0.0020 | [Pawdroid-SR-APK] 加拿大+V2CROSS.COM-2
score=10.4033 | latency=10.0806 | time=248ms | geo=0.3223 | adj=+0.0000 | stab=0.0003 | iso=NL | via=mmdb | km=9311 | w=0.0020 | [Pawdroid-SR-APK] 丹麦+V2CROSS.COM-3
score=10.2950 | latency=9.9602 | time=251ms | geo=0.3223 | adj=+0.0000 | stab=0.0125 | iso=NL | via=mmdb | km=9311 | w=0.0020 | [Pawdroid-SR-APK] 丹麦+V2CROSS.COM-2
score=10.2367 | latency=9.8425 | time=254ms | geo=0.3364 | adj=+0.0000 | stab=0.0578 | iso=DE | via=mmdb | km=9247 | w=0.0021 | [Pawdroid-SR-APK] 瑞士+V2CROSS.COM-9
score=10.2326 | latency=9.8425 | time=254ms | geo=0.3364 | adj=+0.0000 | stab=0.0537 | iso=DE | via=mmdb | km=9247 | w=0.0021 | [Pawdroid-SR-APK] 美国+V2CROSS.COM-16
score=10.2208 | latency=9.8425 | time=254ms | geo=0.3364 | adj=+0.0000 | stab=0.0419 | iso=DE | via=mmdb | km=9247 | w=0.0021 | [Pawdroid-SR-APK] United+States-4
score=9.8653 | latency=9.3633 | time=267ms | geo=0.4736 | adj=+0.0000 | stab=0.0284 | iso=BG | via=mmdb | km=8734 | w=0.0030 | [Pawdroid-SR-APK] 保加利亚+V2CROSS.COM-6
score=9.8518 | latency=9.4697 | time=264ms | geo=0.3223 | adj=+0.0000 | stab=0.0598 | iso=NL | via=name | km=9311 | w=0.0020 | [Pawdroid-SR-APK] 荷兰+V2CROSS.COM-11
score=9.8274 | latency=9.4697 | time=264ms | geo=0.2720 | adj=+0.0000 | stab=0.0857 | iso=GB | via=name | km=9566 | w=0.0017 | [Pawdroid-SR-APK] 英国+V2CROSS.COM-12
score=9.8213 | latency=9.2593 | time=270ms | geo=0.5273 | adj=+0.0000 | stab=0.0347 | iso=RO | via=mmdb | km=8573 | w=0.0033 | [Pawdroid-SR-APK] 英国+V2CROSS.COM-77
score=9.8189 | latency=9.3985 | time=266ms | geo=0.3223 | adj=+0.0000 | stab=0.0981 | iso=NL | via=name | km=9311 | w=0.0020 | [Pawdroid-SR-APK] 荷兰+V2CROSS.COM-4
score=9.7936 | latency=9.2593 | time=270ms | geo=0.5273 | adj=+0.0000 | stab=0.0070 | iso=RO | via=mmdb | km=8573 | w=0.0033 | [Pawdroid-SR-APK] 英国+V2CROSS.COM-49
score=9.7844 | latency=9.4340 | time=265ms | geo=0.2720 | adj=+0.0000 | stab=0.0784 | iso=GB | via=name | km=9566 | w=0.0017 | [Pawdroid-SR-APK] 英国+V2CROSS.COM-51
score=9.7714 | latency=9.3633 | time=267ms | geo=0.3364 | adj=+0.0000 | stab=0.0717 | iso=DE | via=mmdb | km=9247 | w=0.0021 | [Pawdroid-SR-APK] 保加利亚+V2CROSS.COM
score=9.7706 | latency=9.4340 | time=265ms | geo=0.3223 | adj=+0.0000 | stab=0.0143 | iso=NL | via=name | km=9311 | w=0.0020 | [Pawdroid-SR-APK] 荷兰+V2CROSS.COM-14
score=9.7428 | latency=9.6899 | time=258ms | geo=0.0000 | adj=+0.0000 | stab=0.0529 | iso=- | via=none | km=0 | w=0.0000 | [1VPN-CRX] free-los-angeles-https-3
score=9.7219 | latency=9.3633 | time=267ms | geo=0.3364 | adj=+0.0000 | stab=0.0222 | iso=DE | via=mmdb | km=9247 | w=0.0021 | [Pawdroid-SR-APK] United+Kingdom-9
score=9.7208 | latency=9.3633 | time=267ms | geo=0.2720 | adj=+0.0000 | stab=0.0855 | iso=GB | via=name | km=9566 | w=0.0017 | [Pawdroid-SR-APK] 英国+V2CROSS.COM-54
score=9.7165 | latency=9.3633 | time=267ms | geo=0.2720 | adj=+0.0000 | stab=0.0812 | iso=GB | via=name | km=9566 | w=0.0017 | [Pawdroid-SR-APK] 英国+V2CROSS.COM-18
score=9.7088 | latency=9.3633 | time=267ms | geo=0.2720 | adj=+0.0000 | stab=0.0735 | iso=GB | via=mmdb | km=9566 | w=0.0017 | [Pawdroid-SR-APK] United+Kingdom-6
score=9.7073 | latency=9.6154 | time=260ms | geo=0.0178 | adj=+0.0000 | stab=0.0741 | iso=GT | via=mmdb | km=13658 | w=0.0001 | [Pawdroid-SR-APK] 欧洲+V2CROSS.COM
score=9.7007 | latency=9.3633 | time=267ms | geo=0.2720 | adj=+0.0000 | stab=0.0654 | iso=GB | via=mmdb | km=9566 | w=0.0017 | [Pawdroid-SR-APK] United+Kingdom-4
score=9.6996 | latency=9.3284 | time=268ms | geo=0.3223 | adj=+0.0000 | stab=0.0489 | iso=NL | via=name | km=9311 | w=0.0020 | [Pawdroid-SR-APK] 荷兰+V2CROSS.COM-6
score=9.6937 | latency=9.3985 | time=266ms | geo=0.2720 | adj=+0.0000 | stab=0.0233 | iso=GB | via=name | km=9566 | w=0.0017 | [Pawdroid-SR-APK] 英国+V2CROSS.COM-34
score=9.6928 | latency=9.2593 | time=270ms | geo=0.3364 | adj=+0.0000 | stab=0.0971 | iso=DE | via=name | km=9247 | w=0.0021 | [Pawdroid-SR-APK] 德国+法兰克福Oracle云计算数据中心
score=9.6794 | latency=9.3633 | time=267ms | geo=0.2720 | adj=+0.0000 | stab=0.0441 | iso=GB | via=mmdb | km=9566 | w=0.0017 | [Pawdroid-SR-APK] United+Kingdom
score=9.6728 | latency=9.3633 | time=267ms | geo=0.2720 | adj=+0.0000 | stab=0.0375 | iso=GB | via=name | km=9566 | w=0.0017 | [Pawdroid-SR-APK] 英国+V2CROSS.COM-7
score=9.6638 | latency=9.3633 | time=267ms | geo=0.2720 | adj=+0.0000 | stab=0.0285 | iso=GB | via=name | km=9566 | w=0.0017 | [Pawdroid-SR-APK] 英国+V2CROSS.COM-17
score=9.6479 | latency=9.2937 | time=269ms | geo=0.2720 | adj=+0.0000 | stab=0.0822 | iso=GB | via=name | km=9566 | w=0.0017 | [Pawdroid-SR-APK] 英国+V2CROSS.COM-55
score=9.6335 | latency=9.2937 | time=269ms | geo=0.2720 | adj=+0.0000 | stab=0.0679 | iso=GB | via=name | km=9566 | w=0.0017 | [Pawdroid-SR-APK] 英国+V2CROSS.COM-9
score=9.6229 | latency=9.5420 | time=262ms | geo=0.0869 | adj=-0.0695 | stab=0.0635 | iso=US | via=name | km=11278 | w=0.0005 | [Pawdroid-SR-APK] 美国+俄克拉何马州欧塞奇、罗杰斯、塔尔萨与瓦戈纳县塔尔萨市HostWinds有限公司-2
score=9.6185 | latency=9.2937 | time=269ms | geo=0.3223 | adj=+0.0000 | stab=0.0025 | iso=NL | via=name | km=9311 | w=0.0020 | [Pawdroid-SR-APK] 荷兰+V2CROSS.COM-2
score=9.6182 | latency=9.2593 | time=270ms | geo=0.2720 | adj=+0.0000 | stab=0.0870 | iso=GB | via=name | km=9566 | w=0.0017 | [Pawdroid-SR-APK] 英国+V2CROSS.COM-52
score=9.6084 | latency=9.2593 | time=270ms | geo=0.2720 | adj=+0.0000 | stab=0.0771 | iso=GB | via=name | km=9566 | w=0.0017 | [Pawdroid-SR-APK] 英国+V2CROSS.COM-50
score=9.6077 | latency=9.2937 | time=269ms | geo=0.2720 | adj=+0.0000 | stab=0.0420 | iso=GB | via=name | km=9566 | w=0.0017 | [Pawdroid-SR-APK] 英国+V2CROSS.COM-16
score=9.6056 | latency=9.1912 | time=272ms | geo=0.3223 | adj=+0.0000 | stab=0.0921 | iso=NL | via=name | km=9311 | w=0.0020 | [Pawdroid-SR-APK] 荷兰+V2CROSS.COM-13
score=9.6046 | latency=9.2593 | time=270ms | geo=0.2720 | adj=+0.0000 | stab=0.0734 | iso=GB | via=name | km=9566 | w=0.0017 | [Pawdroid-SR-APK] 英国+V2CROSS.COM-28
score=9.5889 | latency=9.2593 | time=270ms | geo=0.2720 | adj=+0.0000 | stab=0.0577 | iso=GB | via=name | km=9566 | w=0.0017 | [Pawdroid-SR-APK] 英国+V2CROSS.COM-73
score=9.5875 | latency=9.2593 | time=270ms | geo=0.2720 | adj=+0.0000 | stab=0.0563 | iso=GB | via=name | km=9566 | w=0.0017 | [Pawdroid-SR-APK] 英国+V2CROSS.COM-66
score=9.5826 | latency=9.2593 | time=270ms | geo=0.2720 | adj=+0.0000 | stab=0.0514 | iso=GB | via=name | km=9566 | w=0.0017 | [Pawdroid-SR-APK] 英国+V2CROSS.COM-78
score=9.5822 | latency=9.2593 | time=270ms | geo=0.2720 | adj=+0.0000 | stab=0.0509 | iso=GB | via=name | km=9566 | w=0.0017 | [Pawdroid-SR-APK] 英国+V2CROSS.COM-72
score=9.5745 | latency=9.2593 | time=270ms | geo=0.2720 | adj=+0.0000 | stab=0.0432 | iso=GB | via=name | km=9566 | w=0.0017 | [Pawdroid-SR-APK] 英国+V2CROSS.COM-81
score=9.5738 | latency=9.2593 | time=270ms | geo=0.2720 | adj=+0.0000 | stab=0.0425 | iso=GB | via=mmdb | km=9566 | w=0.0017 | [Pawdroid-SS-APK] United+Kingdom-18
score=9.5732 | latency=9.5420 | time=262ms | geo=0.0869 | adj=-0.0695 | stab=0.0138 | iso=US | via=name | km=11278 | w=0.0005 | [Pawdroid-SR-APK] 美国+俄克拉何马州欧塞奇、罗杰斯、塔尔萨与瓦戈纳县塔尔萨市HostWinds有限公司
score=9.5695 | latency=9.2593 | time=270ms | geo=0.2720 | adj=+0.0000 | stab=0.0382 | iso=GB | via=name | km=9566 | w=0.0017 | [Pawdroid-SR-APK] 英国+V2CROSS.COM-33
score=9.5683 | latency=9.2593 | time=270ms | geo=0.2720 | adj=+0.0000 | stab=0.0370 | iso=GB | via=name | km=9566 | w=0.0017 | [Pawdroid-SR-APK] 英国+V2CROSS.COM
score=9.5454 | latency=9.2593 | time=270ms | geo=0.2720 | adj=+0.0000 | stab=0.0141 | iso=GB | via=name | km=9566 | w=0.0017 | [Pawdroid-SR-APK] 英国+V2CROSS.COM-68
score=9.5435 | latency=9.2593 | time=270ms | geo=0.2720 | adj=+0.0000 | stab=0.0122 | iso=GB | via=name | km=9566 | w=0.0017 | [Pawdroid-SR-APK] 英国+V2CROSS.COM-21
score=9.5410 | latency=9.2593 | time=270ms | geo=0.2720 | adj=+0.0000 | stab=0.0097 | iso=GB | via=name | km=9566 | w=0.0017 | [Pawdroid-SR-APK] 英国+V2CROSS.COM-38
score=9.5383 | latency=9.1912 | time=272ms | geo=0.2720 | adj=+0.0000 | stab=0.0751 | iso=GB | via=name | km=9566 | w=0.0017 | [Pawdroid-SR-APK] 英国+V2CROSS.COM-67
score=9.5335 | latency=9.2593 | time=270ms | geo=0.2720 | adj=+0.0000 | stab=0.0023 | iso=GB | via=name | km=9566 | w=0.0017 | [Pawdroid-SR-APK] 英国+V2CROSS.COM-82
score=9.4903 | latency=9.1912 | time=272ms | geo=0.2720 | adj=+0.0000 | stab=0.0272 | iso=GB | via=name | km=9566 | w=0.0017 | [Pawdroid-SR-APK] 英国+V2CROSS.COM-37
score=9.4861 | latency=9.1241 | time=274ms | geo=0.2720 | adj=+0.0000 | stab=0.0900 | iso=GB | via=name | km=9566 | w=0.0017 | [Pawdroid-SR-APK] 英国+V2CROSS.COM-27
score=9.4819 | latency=9.1241 | time=274ms | geo=0.2720 | adj=+0.0000 | stab=0.0858 | iso=GB | via=name | km=9566 | w=0.0017 | [Pawdroid-SR-APK] 英国+V2CROSS.COM-36
score=9.4815 | latency=9.1575 | time=273ms | geo=0.2720 | adj=+0.0000 | stab=0.0520 | iso=GB | via=name | km=9566 | w=0.0017 | [Pawdroid-SR-APK] 英国+V2CROSS.COM-70
score=9.4714 | latency=9.2251 | time=271ms | geo=0.2035 | adj=+0.0000 | stab=0.0428 | iso=FR | via=name | km=10001 | w=0.0013 | [Pawdroid-SR-APK] 法国+ovh
score=9.4683 | latency=9.1575 | time=273ms | geo=0.2720 | adj=+0.0000 | stab=0.0388 | iso=GB | via=name | km=9566 | w=0.0017 | [Pawdroid-SR-APK] 英国+V2CROSS.COM-64
score=9.4649 | latency=9.3633 | time=267ms | geo=0.0869 | adj=-0.0695 | stab=0.0843 | iso=US | via=mmdb | km=11278 | w=0.0005 | [Pawdroid-SR-APK] United+Kingdom-12
score=9.4555 | latency=9.1575 | time=273ms | geo=0.2720 | adj=+0.0000 | stab=0.0260 | iso=GB | via=name | km=9566 | w=0.0017 | [Pawdroid-SR-APK] 英国+V2CROSS.COM-57
score=9.4439 | latency=8.5911 | time=291ms | geo=0.7965 | adj=+0.0000 | stab=0.0564 | iso=UA | via=mmdb | km=7954 | w=0.0050 | [Pawdroid-SR-APK] 俄罗斯+V2CROSS.COM
score=9.4338 | latency=9.0909 | time=275ms | geo=0.2720 | adj=+0.0000 | stab=0.0710 | iso=GB | via=name | km=9566 | w=0.0017 | [Pawdroid-SR-APK] 英国+V2CROSS.COM-23
score=9.4137 | latency=9.0253 | time=277ms | geo=0.3364 | adj=+0.0000 | stab=0.0520 | iso=DE | via=mmdb | km=9247 | w=0.0021 | [Pawdroid-SR-APK] 英国+社会保险安全部
score=9.4050 | latency=9.1241 | time=274ms | geo=0.2720 | adj=+0.0000 | stab=0.0089 | iso=GB | via=name | km=9566 | w=0.0017 | [Pawdroid-SR-APK] 英国+V2CROSS.COM-31
score=9.3972 | latency=9.0253 | time=277ms | geo=0.3223 | adj=+0.0000 | stab=0.0496 | iso=NL | via=name | km=9311 | w=0.0020 | [Pawdroid-SR-APK] 荷兰+V2CROSS.COM-15
score=9.3971 | latency=9.0580 | time=276ms | geo=0.2720 | adj=+0.0000 | stab=0.0672 | iso=GB | via=name | km=9566 | w=0.0017 | [Pawdroid-SR-APK] 英国+V2CROSS.COM-24
score=9.3955 | latency=8.9928 | time=278ms | geo=0.3223 | adj=+0.0000 | stab=0.0804 | iso=NL | via=name | km=9311 | w=0.0020 | [Pawdroid-SR-APK] 荷兰+V2CROSS.COM
score=9.3955 | latency=9.0580 | time=276ms | geo=0.2720 | adj=+0.0000 | stab=0.0655 | iso=GB | via=mmdb | km=9566 | w=0.0017 | [Pawdroid-SR-APK] United+Kingdom-2
score=9.3786 | latency=9.0253 | time=277ms | geo=0.2720 | adj=+0.0000 | stab=0.0813 | iso=GB | via=name | km=9566 | w=0.0017 | [Pawdroid-SR-APK] 英国+V2CROSS.COM-39
score=9.3622 | latency=8.9928 | time=278ms | geo=0.2720 | adj=+0.0000 | stab=0.0974 | iso=GB | via=name | km=9566 | w=0.0017 | [Pawdroid-SR-APK] 英国+V2CROSS.COM-35
score=9.3555 | latency=8.9928 | time=278ms | geo=0.3223 | adj=+0.0000 | stab=0.0403 | iso=NL | via=name | km=9311 | w=0.0020 | [Pawdroid-SR-APK] 荷兰+V2CROSS.COM-7
score=9.3378 | latency=9.0253 | time=277ms | geo=0.2720 | adj=+0.0000 | stab=0.0405 | iso=GB | via=name | km=9566 | w=0.0017 | [Pawdroid-SR-APK] 英国+V2CROSS.COM-25
score=9.3308 | latency=9.0253 | time=277ms | geo=0.2720 | adj=+0.0000 | stab=0.0335 | iso=GB | via=name | km=9566 | w=0.0017 | [Pawdroid-SR-APK] 英国+V2CROSS.COM-15
score=9.3290 | latency=9.0253 | time=277ms | geo=0.2720 | adj=+0.0000 | stab=0.0318 | iso=GB | via=name | km=9566 | w=0.0017 | [Pawdroid-SR-APK] 英国+V2CROSS.COM-53
score=9.3198 | latency=9.0253 | time=277ms | geo=0.2720 | adj=+0.0000 | stab=0.0226 | iso=GB | via=name | km=9566 | w=0.0017 | [Pawdroid-SR-APK] 英国+V2CROSS.COM-13
score=9.3097 | latency=9.0253 | time=277ms | geo=0.2720 | adj=+0.0000 | stab=0.0124 | iso=GB | via=name | km=9566 | w=0.0017 | [Pawdroid-SR-APK] 英国+V2CROSS.COM-58
score=9.2812 | latency=8.9286 | time=280ms | geo=0.2720 | adj=+0.0000 | stab=0.0806 | iso=GB | via=name | km=9566 | w=0.0017 | [Pawdroid-SR-APK] 英国+V2CROSS.COM-59
score=9.2496 | latency=8.9606 | time=279ms | geo=0.2720 | adj=+0.0000 | stab=0.0170 | iso=GB | via=name | km=9566 | w=0.0017 | [Pawdroid-SR-APK] 英国+V2CROSS.COM-22
score=9.2421 | latency=8.9286 | time=280ms | geo=0.2720 | adj=+0.0000 | stab=0.0415 | iso=GB | via=name | km=9566 | w=0.0017 | [Pawdroid-SR-APK] 英国+V2CROSS.COM-32
score=9.2099 | latency=8.8968 | time=281ms | geo=0.2720 | adj=+0.0000 | stab=0.0411 | iso=GB | via=name | km=9566 | w=0.0017 | [Pawdroid-SR-APK] 英国+V2CROSS.COM-26
score=9.2051 | latency=8.8339 | time=283ms | geo=0.3223 | adj=+0.0000 | stab=0.0489 | iso=NL | via=name | km=9311 | w=0.0020 | [Pawdroid-SR-APK] 荷兰+V2CROSS.COM-3
score=9.1891 | latency=8.8652 | time=282ms | geo=0.2720 | adj=+0.0000 | stab=0.0518 | iso=GB | via=name | km=9566 | w=0.0017 | [Pawdroid-SR-APK] 英国+V2CROSS.COM-65
score=9.1838 | latency=8.8339 | time=283ms | geo=0.2720 | adj=+0.0000 | stab=0.0779 | iso=GB | via=name | km=9566 | w=0.0017 | [Pawdroid-SR-APK] 英国+V2CROSS.COM-19
score=9.1818 | latency=8.8652 | time=282ms | geo=0.2720 | adj=+0.0000 | stab=0.0446 | iso=GB | via=name | km=9566 | w=0.0017 | [Pawdroid-SR-APK] 英国+V2CROSS.COM-30
score=9.1554 | latency=8.8028 | time=284ms | geo=0.2720 | adj=+0.0000 | stab=0.0806 | iso=GB | via=name | km=9566 | w=0.0017 | [Pawdroid-SR-APK] 英国+V2CROSS.COM-63
score=9.1528 | latency=8.8028 | time=284ms | geo=0.2720 | adj=+0.0000 | stab=0.0780 | iso=GB | via=mmdb | km=9566 | w=0.0017 | [Pawdroid-SS-APK] United+Kingdom-15
score=9.1518 | latency=8.8339 | time=283ms | geo=0.2720 | adj=+0.0000 | stab=0.0459 | iso=GB | via=name | km=9566 | w=0.0017 | [Pawdroid-SR-APK] 英国+V2CROSS.COM-2
score=9.0845 | latency=8.6505 | time=289ms | geo=0.3364 | adj=+0.0000 | stab=0.0976 | iso=DE | via=mmdb | km=9247 | w=0.0021 | [Pawdroid-SR-APK] 美国+V2CROSS.COM-14
score=9.0825 | latency=8.7413 | time=286ms | geo=0.2720 | adj=+0.0000 | stab=0.0692 | iso=GB | via=name | km=9566 | w=0.0017 | [Pawdroid-SR-APK] 英国+V2CROSS.COM-4
score=9.0652 | latency=8.7108 | time=287ms | geo=0.2720 | adj=+0.0000 | stab=0.0824 | iso=GB | via=name | km=9566 | w=0.0017 | [Pawdroid-SR-APK] 英国+V2CROSS.COM-14
score=9.0353 | latency=9.0253 | time=277ms | geo=0.0008 | adj=+0.0000 | stab=0.0092 | iso=CL | via=mmdb | km=18280 | w=0.0000 | [Pawdroid-SR-APK] Chile
score=8.9882 | latency=8.6806 | time=288ms | geo=0.2720 | adj=+0.0000 | stab=0.0357 | iso=GB | via=name | km=9566 | w=0.0017 | [Pawdroid-SR-APK] 英国+V2CROSS.COM-8
score=8.9562 | latency=8.6505 | time=289ms | geo=0.2720 | adj=+0.0000 | stab=0.0337 | iso=GB | via=name | km=9566 | w=0.0017 | [Pawdroid-SR-APK] 英国+V2CROSS.COM-6
score=8.9409 | latency=8.6505 | time=289ms | geo=0.2720 | adj=+0.0000 | stab=0.0184 | iso=GB | via=name | km=9566 | w=0.0017 | [Pawdroid-SR-APK] 英国+V2CROSS.COM-11
score=8.9301 | latency=3.5714 | time=700ms | geo=5.3003 | adj=+0.0000 | stab=0.0583 | iso=IN | via=mmdb | km=5111 | w=0.0331 | [Pawdroid-SR-APK] 美国 3COM公司企业网
score=8.7426 | latency=8.4175 | time=297ms | geo=0.2720 | adj=+0.0000 | stab=0.0531 | iso=GB | via=mmdb | km=9566 | w=0.0017 | [Pawdroid-SR-APK] United+Kingdom-7
score=8.6566 | latency=8.2237 | time=304ms | geo=0.3364 | adj=+0.0000 | stab=0.0966 | iso=DE | via=mmdb | km=9247 | w=0.0021 | [Pawdroid-SR-APK] 瑞士+V2CROSS.COM
score=8.6414 | latency=8.3612 | time=299ms | geo=0.2720 | adj=+0.0000 | stab=0.0082 | iso=GB | via=name | km=9566 | w=0.0017 | [Pawdroid-SR-APK] 英国+V2CROSS.COM-5
score=8.6082 | latency=8.2781 | time=302ms | geo=0.2704 | adj=+0.0000 | stab=0.0597 | iso=IT | via=mmdb | km=9574 | w=0.0017 | [Pawdroid-SR-APK] 法国+国际航空电讯集团公司(SITA)
score=8.5687 | latency=8.2237 | time=304ms | geo=0.2720 | adj=+0.0000 | stab=0.0731 | iso=GB | via=name | km=9566 | w=0.0017 | [Pawdroid-SR-APK] 英国+V2CROSS.COM-60
score=8.5060 | latency=8.1169 | time=308ms | geo=0.3364 | adj=+0.0000 | stab=0.0527 | iso=DE | via=mmdb | km=9247 | w=0.0021 | [Pawdroid-SR-APK] 瑞士+V2CROSS.COM-11
score=8.4891 | latency=7.8616 | time=318ms | geo=0.5726 | adj=+0.0000 | stab=0.0549 | iso=NO | via=mmdb | km=8449 | w=0.0036 | [Pawdroid-SR-APK] 意大利+V2CROSS.COM
score=8.3921 | latency=7.7160 | time=324ms | geo=0.6609 | adj=+0.0000 | stab=0.0151 | iso=SE | via=name | km=8234 | w=0.0041 | [Pawdroid-SR-APK] 瑞典 V2CROSS.COM-3
score=8.3771 | latency=8.0386 | time=311ms | geo=0.2720 | adj=+0.0000 | stab=0.0665 | iso=GB | via=name | km=9566 | w=0.0017 | [Pawdroid-SR-APK] 英国+V2CROSS.COM-20
score=8.2283 | latency=7.9365 | time=315ms | geo=0.2720 | adj=+0.0000 | stab=0.0198 | iso=GB | via=mmdb | km=9566 | w=0.0017 | [Pawdroid-SR-APK] 波兰+V2CROSS.COM
score=8.1870 | latency=7.7640 | time=322ms | geo=0.3364 | adj=+0.0000 | stab=0.0866 | iso=DE | via=mmdb | km=9247 | w=0.0021 | [Pawdroid-SR-APK] 瑞士+V2CROSS.COM-6
score=8.0711 | latency=7.6453 | time=327ms | geo=0.3364 | adj=+0.0000 | stab=0.0894 | iso=DE | via=mmdb | km=9247 | w=0.0021 | [Pawdroid-SR-APK] United+States-11
score=7.9716 | latency=7.7640 | time=322ms | geo=0.1179 | adj=+0.0000 | stab=0.0898 | iso=ES | via=mmdb | km=10820 | w=0.0007 | [Pawdroid-SR-APK] 乌克兰 V2CROSS.COM
score=7.8072 | latency=7.1429 | time=350ms | geo=0.6609 | adj=+0.0000 | stab=0.0034 | iso=SE | via=name | km=8234 | w=0.0041 | [Pawdroid-SR-APK] 瑞典+V2CROSS.COM-3
score=7.7783 | latency=7.5301 | time=332ms | geo=0.2035 | adj=+0.0000 | stab=0.0447 | iso=FR | via=name | km=10001 | w=0.0013 | [Pawdroid-SR-APK] 法国+格拉沃利讷OVH数据中心
score=7.7106 | latency=7.4184 | time=337ms | geo=0.2720 | adj=+0.0000 | stab=0.0202 | iso=GB | via=mmdb | km=9566 | w=0.0017 | [Pawdroid-SR-APK] 保加利亚+V2CROSS.COM-2
score=7.6940 | latency=7.4405 | time=336ms | geo=0.2035 | adj=+0.0000 | stab=0.0501 | iso=FR | via=name | km=10001 | w=0.0013 | [Pawdroid-SR-APK] 法国+格拉沃利讷OVH数据中心-3
score=7.5913 | latency=7.2674 | time=344ms | geo=0.3223 | adj=+0.0000 | stab=0.0015 | iso=NL | via=mmdb | km=9311 | w=0.0020 | [Pawdroid-SS-APK] United+States-249
score=7.5747 | latency=7.1839 | time=348ms | geo=0.3223 | adj=+0.0000 | stab=0.0685 | iso=NL | via=mmdb | km=9311 | w=0.0020 | [Pawdroid-SR-APK] 法国+巴黎Online+S.A.S-6
score=7.5714 | latency=7.2046 | time=347ms | geo=0.3223 | adj=+0.0000 | stab=0.0445 | iso=NL | via=mmdb | km=9311 | w=0.0020 | [Pawdroid-SR-APK] 法国+巴黎Online+S.A.S-10
score=7.5186 | latency=7.1633 | time=349ms | geo=0.3223 | adj=+0.0000 | stab=0.0329 | iso=NL | via=mmdb | km=9311 | w=0.0020 | [Pawdroid-SR-APK] 法国+巴黎Online+S.A.S-3
score=7.4980 | latency=7.1633 | time=349ms | geo=0.3223 | adj=+0.0000 | stab=0.0123 | iso=NL | via=mmdb | km=9311 | w=0.0020 | [Pawdroid-SR-APK] 美国+佛罗里达州迈阿密市-2
score=7.4828 | latency=7.0621 | time=354ms | geo=0.3223 | adj=+0.0000 | stab=0.0983 | iso=NL | via=mmdb | km=9311 | w=0.0020 | [Pawdroid-SR-APK] 法国+巴黎Online+S.A.S-5
score=7.4761 | latency=7.0822 | time=353ms | geo=0.3223 | adj=+0.0000 | stab=0.0716 | iso=NL | via=mmdb | km=9311 | w=0.0020 | [Pawdroid-SR-APK] 法国+巴黎Online+S.A.S-9
score=7.4034 | latency=6.9832 | time=358ms | geo=0.3223 | adj=+0.0000 | stab=0.0978 | iso=NL | via=mmdb | km=9311 | w=0.0020 | [Pawdroid-SR-APK] 法国+巴黎Online+S.A.S-4
score=7.3717 | latency=7.0225 | time=356ms | geo=0.2720 | adj=+0.0000 | stab=0.0773 | iso=GB | via=mmdb | km=9566 | w=0.0017 | [Pawdroid-SR-APK] 美国+亚利桑那州马里科帕县菲尼克斯市Nobis技术集团有限公司
score=7.3626 | latency=7.0225 | time=356ms | geo=0.3223 | adj=+0.0000 | stab=0.0179 | iso=NL | via=mmdb | km=9311 | w=0.0020 | [Pawdroid-SR-APK] 法国+巴黎Online+S.A.S-16
score=7.3409 | latency=6.9638 | time=359ms | geo=0.3223 | adj=+0.0000 | stab=0.0548 | iso=NL | via=mmdb | km=9311 | w=0.0020 | [Pawdroid-SR-APK] 法国+巴黎Online+S.A.S-8
score=7.3366 | latency=6.6138 | time=378ms | geo=0.6609 | adj=+0.0000 | stab=0.0619 | iso=SE | via=name | km=8234 | w=0.0041 | [Pawdroid-SR-APK] 瑞典+V2CROSS.COM-2
score=7.3127 | latency=6.9638 | time=359ms | geo=0.3223 | adj=+0.0000 | stab=0.0266 | iso=NL | via=mmdb | km=9311 | w=0.0020 | [Pawdroid-SR-APK] 法国+巴黎Online+S.A.S-7
score=7.3021 | latency=6.9061 | time=362ms | geo=0.3223 | adj=+0.0000 | stab=0.0737 | iso=NL | via=mmdb | km=9311 | w=0.0020 | [Pawdroid-SR-APK] 美国+佛罗里达州迈阿密市-4
score=7.2740 | latency=6.8681 | time=364ms | geo=0.3223 | adj=+0.0000 | stab=0.0836 | iso=NL | via=name | km=9311 | w=0.0020 | [Pawdroid-SR-APK] 荷兰+V2CROSS.COM-8
score=7.2613 | latency=6.8493 | time=365ms | geo=0.3223 | adj=+0.0000 | stab=0.0897 | iso=NL | via=mmdb | km=9311 | w=0.0020 | [Pawdroid-SR-APK] 美国+德克萨斯州达拉斯Oracle(Zenedge)
score=7.2103 | latency=6.8681 | time=364ms | geo=0.3223 | adj=+0.0000 | stab=0.0198 | iso=NL | via=mmdb | km=9311 | w=0.0020 | [Pawdroid-SR-APK] 法国+巴黎Online+S.A.S-2
score=7.1792 | latency=6.8120 | time=367ms | geo=0.3223 | adj=+0.0000 | stab=0.0449 | iso=NL | via=mmdb | km=9311 | w=0.0020 | [Pawdroid-SR-APK] 法国+巴黎Online+S.A.S-13
score=7.1528 | latency=6.7751 | time=369ms | geo=0.3027 | adj=+0.0000 | stab=0.0750 | iso=CA | via=name | km=9405 | w=0.0019 | [Pawdroid-SR-APK] 加拿大+V2CROSS.COM-4
score=7.0107 | latency=6.6667 | time=375ms | geo=0.2720 | adj=+0.0000 | stab=0.0720 | iso=GB | via=name | km=9566 | w=0.0017 | [Pawdroid-SR-APK] 英国+伦敦Amazon数据中心
score=6.9768 | latency=5.5556 | time=450ms | geo=1.3509 | adj=+0.0000 | stab=0.0703 | iso=AE | via=mmdb | km=7162 | w=0.0084 | [Pawdroid-SR-APK] Iran-2
score=6.9023 | latency=6.5445 | time=382ms | geo=0.3223 | adj=+0.0000 | stab=0.0355 | iso=NL | via=mmdb | km=9311 | w=0.0020 | [Pawdroid-SR-APK] 法国+巴黎Online+S.A.S-11
score=6.8251 | latency=6.4599 | time=387ms | geo=0.3223 | adj=+0.0000 | stab=0.0429 | iso=NL | via=mmdb | km=9311 | w=0.0020 | [Pawdroid-SR-APK] 法国+巴黎Online+S.A.S-14
score=6.8027 | latency=6.5274 | time=383ms | geo=0.2035 | adj=+0.0000 | stab=0.0718 | iso=FR | via=name | km=10001 | w=0.0013 | [Pawdroid-SR-APK] 法国+ONLINE+S.A.S.数据中心
score=6.7781 | latency=6.4103 | time=390ms | geo=0.3223 | adj=+0.0000 | stab=0.0455 | iso=NL | via=name | km=9311 | w=0.0020 | [Pawdroid-SR-APK] 荷兰+V2CROSS.COM-9
score=6.7743 | latency=6.3613 | time=393ms | geo=0.3364 | adj=+0.0000 | stab=0.0766 | iso=DE | via=mmdb | km=9247 | w=0.0021 | [Pawdroid-SR-APK] France-4
score=6.7681 | latency=6.6845 | time=374ms | geo=0.0869 | adj=-0.0695 | stab=0.0662 | iso=US | via=name | km=11278 | w=0.0005 | [Pawdroid-SR-APK] 美国+V2CROSS.COM-17
score=6.7640 | latency=6.4103 | time=390ms | geo=0.3223 | adj=+0.0000 | stab=0.0314 | iso=NL | via=name | km=9311 | w=0.0020 | [Pawdroid-SS-APK] 🇳🇱NL_165|103KB/s|C002-260622 01
score=6.7354 | latency=6.3776 | time=392ms | geo=0.3027 | adj=+0.0000 | stab=0.0552 | iso=CA | via=name | km=9405 | w=0.0019 | [Pawdroid-SS-APK] Canada-4
score=6.7292 | latency=6.6138 | time=378ms | geo=0.0869 | adj=-0.0695 | stab=0.0981 | iso=US | via=name | km=11278 | w=0.0005 | [Pawdroid-SR-APK] 美国+惠普HP-4
score=6.7241 | latency=6.3131 | time=396ms | geo=0.3364 | adj=+0.0000 | stab=0.0746 | iso=DE | via=mmdb | km=9247 | w=0.0021 | [Pawdroid-SR-APK] 瑞士+V2CROSS.COM-13
score=6.7034 | latency=6.3613 | time=393ms | geo=0.3223 | adj=+0.0000 | stab=0.0197 | iso=NL | via=mmdb | km=9311 | w=0.0020 | [Pawdroid-SR-APK] 法国+巴黎Online+S.A.S
score=6.7003 | latency=6.3452 | time=394ms | geo=0.3027 | adj=+0.0000 | stab=0.0525 | iso=CA | via=mmdb | km=9405 | w=0.0019 | [Pawdroid-SR-APK] 伊朗+V2CROSS.COM-3
score=6.6848 | latency=6.3939 | time=391ms | geo=0.2035 | adj=+0.0000 | stab=0.0875 | iso=FR | via=name | km=10001 | w=0.0013 | [Pawdroid-SR-APK] 法国+格拉沃利讷OVH数据中心-2
score=6.6824 | latency=5.6561 | time=442ms | geo=0.9821 | adj=+0.0000 | stab=0.0442 | iso=FI | via=name | km=7640 | w=0.0061 | [Pawdroid-SR-APK] 芬兰+Hetzner+Online公司
score=6.6789 | latency=6.3452 | time=394ms | geo=0.3223 | adj=+0.0000 | stab=0.0114 | iso=NL | via=mmdb | km=9311 | w=0.0020 | [Pawdroid-SR-APK] 法国+巴黎Online+S.A.S-15
score=6.6634 | latency=6.3776 | time=392ms | geo=0.2035 | adj=+0.0000 | stab=0.0824 | iso=FR | via=name | km=10001 | w=0.0013 | [Pawdroid-SR-APK] 法国+ONLINE+S.A.S.数据中心-2
score=6.6168 | latency=6.5445 | time=382ms | geo=0.0869 | adj=-0.0695 | stab=0.0550 | iso=US | via=mmdb | km=11278 | w=0.0005 | [Pawdroid-SR-APK] 北美地区+V2CROSS.COM-4
score=6.6066 | latency=6.4767 | time=386ms | geo=0.1179 | adj=+0.0000 | stab=0.0120 | iso=ES | via=mmdb | km=10820 | w=0.0007 | [Pawdroid-SR-APK] 西班牙+V2CROSS.COM-3
score=6.5235 | latency=5.7737 | time=433ms | geo=0.6609 | adj=+0.0000 | stab=0.0889 | iso=SE | via=mmdb | km=8234 | w=0.0041 | [Pawdroid-SR-APK] 美国+Akamai科技公司CDN网络节点
score=6.5088 | latency=6.2500 | time=400ms | geo=0.2035 | adj=+0.0000 | stab=0.0553 | iso=FR | via=name | km=10001 | w=0.0013 | [Pawdroid-SR-APK] 法国+OVH数据中心
score=6.4875 | latency=6.1275 | time=408ms | geo=0.3364 | adj=+0.0000 | stab=0.0236 | iso=DE | via=mmdb | km=9247 | w=0.0021 | [Pawdroid-SR-APK] 英国+V2CROSS.COM-41
score=6.4737 | latency=5.0916 | time=491ms | geo=1.3509 | adj=+0.0000 | stab=0.0311 | iso=AE | via=mmdb | km=7162 | w=0.0084 | [Pawdroid-SR-APK] Iran
score=6.4195 | latency=6.0096 | time=416ms | geo=0.3223 | adj=+0.0000 | stab=0.0876 | iso=NL | via=mmdb | km=9311 | w=0.0020 | [Pawdroid-SR-APK] 法国+巴黎Online+S.A.S-12
score=6.4177 | latency=6.1125 | time=409ms | geo=0.3027 | adj=+0.0000 | stab=0.0025 | iso=CA | via=mmdb | km=9405 | w=0.0019 | [Pawdroid-SR-APK] 北美地区 V2CROSS.COM-4
score=6.3841 | latency=6.0533 | time=413ms | geo=0.2684 | adj=+0.0000 | stab=0.0624 | iso=CH | via=mmdb | km=9586 | w=0.0017 | [Pawdroid-SR-APK] Switzerland-2
score=6.3787 | latency=5.9666 | time=419ms | geo=0.3364 | adj=+0.0000 | stab=0.0757 | iso=DE | via=mmdb | km=9247 | w=0.0021 | [Pawdroid-SR-APK] 俄罗斯+V2CROSS.COM-7
score=6.3506 | latency=5.3419 | time=468ms | geo=0.9821 | adj=+0.0000 | stab=0.0265 | iso=FI | via=name | km=7640 | w=0.0061 | [Pawdroid-SR-APK] 芬兰+赫尔辛基Hetzner数据中心
score=6.3478 | latency=5.7870 | time=432ms | geo=0.4736 | adj=+0.0000 | stab=0.0872 | iso=BG | via=mmdb | km=8734 | w=0.0030 | [Pawdroid-SR-APK] 西班牙+V2CROSS.COM-5
score=6.3160 | latency=6.0680 | time=412ms | geo=0.2035 | adj=+0.0000 | stab=0.0445 | iso=FR | via=name | km=10001 | w=0.0013 | [Pawdroid-SR-APK] 法国+巴黎Amazon数据中心
score=6.2839 | latency=6.0241 | time=415ms | geo=0.2035 | adj=+0.0000 | stab=0.0563 | iso=FR | via=name | km=10001 | w=0.0013 | [Pawdroid-SR-APK] 法国+ONLINE+S.A.S.数据中心-3
score=6.2656 | latency=5.6818 | time=440ms | geo=0.5321 | adj=+0.0000 | stab=0.0517 | iso=PL | via=mmdb | km=8559 | w=0.0033 | [Pawdroid-SR-APK] Bulgaria
score=6.2292 | latency=5.2192 | time=479ms | geo=0.9821 | adj=+0.0000 | stab=0.0279 | iso=FI | via=mmdb | km=7640 | w=0.0061 | [Pawdroid-SR-APK] 罗马尼亚+V2CROSS.COM-3
score=6.1409 | latency=5.7339 | time=436ms | geo=0.3465 | adj=+0.0000 | stab=0.0605 | iso=AL | via=mmdb | km=9202 | w=0.0022 | [Pawdroid-SR-APK] 美国+V2CROSS.COM-25
score=6.0685 | latency=5.6689 | time=441ms | geo=0.3364 | adj=+0.0000 | stab=0.0632 | iso=DE | via=name | km=9247 | w=0.0021 | [Pawdroid-SR-APK] Germany-3
score=6.0535 | latency=5.6689 | time=441ms | geo=0.3364 | adj=+0.0000 | stab=0.0482 | iso=DE | via=name | km=9247 | w=0.0021 | [Pawdroid-SR-APK] Germany-4
score=6.0445 | latency=5.6689 | time=441ms | geo=0.3364 | adj=+0.0000 | stab=0.0392 | iso=DE | via=name | km=9247 | w=0.0021 | [Pawdroid-SR-APK] Germany
score=5.9581 | latency=5.9242 | time=422ms | geo=0.0000 | adj=+0.0000 | stab=0.0340 | iso=- | via=none | km=0 | w=0.0000 | [Pawdroid-SR-APK] United+States-16
score=5.9466 | latency=0.5721 | time=4370ms | geo=5.3003 | adj=+0.0000 | stab=0.0742 | iso=IN | via=mmdb | km=5111 | w=0.0331 | [Pawdroid-SR-APK] 美国+Linode数据中心
score=5.9461 | latency=5.8548 | time=427ms | geo=0.0869 | adj=-0.0695 | stab=0.0739 | iso=US | via=name | km=11278 | w=0.0005 | [Pawdroid-SR-APK] 美国+Amazon数据中心
score=5.9121 | latency=5.4825 | time=456ms | geo=0.3364 | adj=+0.0000 | stab=0.0933 | iso=DE | via=name | km=9247 | w=0.0021 | [Pawdroid-SR-APK] Germany-2
score=5.8635 | latency=5.5804 | time=448ms | geo=0.2704 | adj=+0.0000 | stab=0.0127 | iso=IT | via=mmdb | km=9574 | w=0.0017 | [Pawdroid-SR-APK] France-3
score=5.8365 | latency=5.5432 | time=451ms | geo=0.2684 | adj=+0.0000 | stab=0.0249 | iso=CH | via=mmdb | km=9586 | w=0.0017 | [Pawdroid-SR-APK] Switzerland
score=5.7399 | latency=5.3763 | time=465ms | geo=0.3223 | adj=+0.0000 | stab=0.0412 | iso=NL | via=mmdb | km=9311 | w=0.0020 | [Pawdroid-SR-APK] 美国+V2CROSS.COM-23
score=5.6859 | latency=5.0607 | time=494ms | geo=0.5321 | adj=+0.0000 | stab=0.0931 | iso=PL | via=mmdb | km=8559 | w=0.0033 | [Pawdroid-SR-APK] Belgium
score=5.6689 | latency=5.4113 | time=462ms | geo=0.2035 | adj=+0.0000 | stab=0.0541 | iso=FR | via=name | km=10001 | w=0.0013 | [Pawdroid-SS-APK] France-13
score=5.6507 | latency=4.8544 | time=515ms | geo=0.7668 | adj=+0.0000 | stab=0.0295 | iso=LV | via=mmdb | km=8011 | w=0.0048 | [Pawdroid-SR-APK] 挪威+V2CROSS.COM-4
score=5.6091 | latency=5.2632 | time=475ms | geo=0.3223 | adj=+0.0000 | stab=0.0236 | iso=NL | via=mmdb | km=9311 | w=0.0020 | [Pawdroid-SR-APK] 伊朗 V2CROSS.COM
score=5.5261 | latency=5.2521 | time=476ms | geo=0.2720 | adj=+0.0000 | stab=0.0020 | iso=GB | via=mmdb | km=9566 | w=0.0017 | [Pawdroid-SR-APK] United+Kingdom-3
score=5.4900 | latency=4.6382 | time=539ms | geo=0.8463 | adj=+0.0000 | stab=0.0055 | iso=EE | via=mmdb | km=7863 | w=0.0053 | [Pawdroid-SS-APK] Iran-9
score=5.4827 | latency=4.4405 | time=563ms | geo=0.9821 | adj=+0.0000 | stab=0.0601 | iso=FI | via=mmdb | km=7640 | w=0.0061 | [Pawdroid-SR-APK] 美国+V2CROSS.COM-18
score=5.3663 | latency=5.1335 | time=487ms | geo=0.2035 | adj=+0.0000 | stab=0.0294 | iso=FR | via=name | km=10001 | w=0.0013 | [Pawdroid-SS-APK] France-5
score=5.3491 | latency=4.9603 | time=504ms | geo=0.3223 | adj=+0.0000 | stab=0.0665 | iso=NL | via=mmdb | km=9311 | w=0.0020 | [Pawdroid-SR-APK] 波兰+V2CROSS.COM-3
score=5.3182 | latency=4.9900 | time=501ms | geo=0.3027 | adj=+0.0000 | stab=0.0255 | iso=CA | via=mmdb | km=9405 | w=0.0019 | [Pawdroid-SR-APK] 美国 V2CROSS.COM-7
score=5.3164 | latency=2.8217 | time=886ms | geo=2.4635 | adj=+0.0000 | stab=0.0313 | iso=AU | via=name | km=6260 | w=0.0154 | [Pawdroid-SR-APK] 澳大利亚+V2CROSS.COM
score=5.2718 | latency=4.8828 | time=512ms | geo=0.3223 | adj=+0.0000 | stab=0.0667 | iso=NL | via=mmdb | km=9311 | w=0.0020 | [Pawdroid-SS-APK] France-15
score=5.2605 | latency=4.8263 | time=518ms | geo=0.3364 | adj=+0.0000 | stab=0.0979 | iso=DE | via=mmdb | km=9247 | w=0.0021 | [Pawdroid-SS-APK] United+States-281
score=5.2472 | latency=4.8638 | time=514ms | geo=0.3223 | adj=+0.0000 | stab=0.0611 | iso=NL | via=name | km=9311 | w=0.0020 | [Pawdroid-SR-APK] 荷兰+V2CROSS.COM-16
score=5.2189 | latency=4.8077 | time=520ms | geo=0.3223 | adj=+0.0000 | stab=0.0889 | iso=NL | via=host | km=9311 | w=0.0020 | [Pawdroid-SR-APK] 英国+V2CROSS.COM-75
score=5.1801 | latency=4.6992 | time=532ms | geo=0.4736 | adj=+0.0000 | stab=0.0073 | iso=BG | via=mmdb | km=8734 | w=0.0030 | [Pawdroid-SR-APK] 保加利亚+V2CROSS.COM-4
score=5.1634 | latency=5.1335 | time=487ms | geo=0.0869 | adj=-0.0695 | stab=0.0125 | iso=US | via=name | km=11278 | w=0.0005 | [Pawdroid-SR-APK] 美国+V2CROSS.COM-19
score=5.1367 | latency=4.5126 | time=554ms | geo=0.5273 | adj=+0.0000 | stab=0.0967 | iso=RO | via=mmdb | km=8573 | w=0.0033 | [Pawdroid-SR-APK] 乌克兰+V2CROSS.COM-10
score=5.1273 | latency=4.7438 | time=527ms | geo=0.3223 | adj=+0.0000 | stab=0.0612 | iso=NL | via=mmdb | km=9311 | w=0.0020 | [Pawdroid-SR-APK] 美国+V2CROSS.COM-35
score=5.0846 | latency=4.7348 | time=528ms | geo=0.2720 | adj=+0.0000 | stab=0.0778 | iso=GB | via=mmdb | km=9566 | w=0.0017 | [Pawdroid-SR-APK] United+Kingdom-8
score=5.0236 | latency=4.9801 | time=502ms | geo=0.0000 | adj=+0.0000 | stab=0.0435 | iso=- | via=none | km=0 | w=0.0000 | [Pawdroid-SR-APK] United+States-12
score=4.9712 | latency=4.6041 | time=543ms | geo=0.3223 | adj=+0.0000 | stab=0.0448 | iso=NL | via=mmdb | km=9311 | w=0.0020 | [Pawdroid-SS-APK] United+States-280
score=4.9706 | latency=4.8828 | time=512ms | geo=0.0869 | adj=-0.0695 | stab=0.0704 | iso=US | via=name | km=11278 | w=0.0005 | [Pawdroid-SR-APK] 美国+Lasalle大学
score=4.8971 | latency=4.8170 | time=519ms | geo=0.0000 | adj=+0.0000 | stab=0.0801 | iso=- | via=none | km=0 | w=0.0000 | [1VPN-CRX] free-los-angeles-https-6
score=4.8160 | latency=4.7438 | time=527ms | geo=0.0343 | adj=+0.0000 | stab=0.0379 | iso=ZA | via=mmdb | km=12671 | w=0.0002 | [Pawdroid-SR-APK] 非洲地区+V2CROSS.COM
score=4.7947 | latency=4.7619 | time=525ms | geo=0.0000 | adj=+0.0000 | stab=0.0328 | iso=- | via=none | km=0 | w=0.0000 | [Pawdroid-SR-APK] United+States-15
score=4.7882 | latency=4.7170 | time=530ms | geo=0.0000 | adj=+0.0000 | stab=0.0712 | iso=- | via=none | km=0 | w=0.0000 | [Pawdroid-SR-APK] 保加利亚+V2CROSS.COM-3
score=4.7865 | latency=4.7348 | time=528ms | geo=0.0000 | adj=+0.0000 | stab=0.0517 | iso=- | via=none | km=0 | w=0.0000 | [Pawdroid-SR-APK] United+States-14
score=4.7256 | latency=4.7081 | time=531ms | geo=0.0000 | adj=+0.0000 | stab=0.0175 | iso=CLOUDFLARE | via=mmdb | km=0 | w=0.0000 | [Pawdroid-SS-APK] United+States-287
score=4.6852 | latency=4.5956 | time=544ms | geo=0.0000 | adj=+0.0000 | stab=0.0896 | iso=- | via=none | km=0 | w=0.0000 | [1VPN-CRX] free-los-angeles-https-4
score=4.6806 | latency=4.3937 | time=569ms | geo=0.2035 | adj=+0.0000 | stab=0.0835 | iso=FR | via=name | km=10001 | w=0.0013 | [Pawdroid-SR-APK] 法国+TOTAL+S.A.
score=4.6298 | latency=4.5372 | time=551ms | geo=0.0000 | adj=+0.0000 | stab=0.0926 | iso=- | via=none | km=0 | w=0.0000 | [Pawdroid-SR-APK] Poland
score=4.6141 | latency=4.2589 | time=587ms | geo=0.2720 | adj=+0.0000 | stab=0.0832 | iso=GB | via=name | km=9566 | w=0.0017 | [Pawdroid-SR-APK] 英国+V2CROSS.COM-76
score=4.5480 | latency=4.2230 | time=592ms | geo=0.3223 | adj=+0.0000 | stab=0.0027 | iso=NL | via=mmdb | km=9311 | w=0.0020 | [Pawdroid-SR-APK] 北美地区+V2CROSS.COM-2
score=4.5053 | latency=4.1528 | time=602ms | geo=0.2720 | adj=+0.0000 | stab=0.0805 | iso=GB | via=mmdb | km=9566 | w=0.0017 | [Pawdroid-SS-APK] United+Kingdom-4
score=4.4466 | latency=3.5817 | time=698ms | geo=0.8463 | adj=+0.0000 | stab=0.0187 | iso=EE | via=mmdb | km=7863 | w=0.0053 | [Pawdroid-SR-APK] 乌克兰+V2CROSS.COM-12
score=4.4237 | latency=4.3253 | time=578ms | geo=0.0000 | adj=+0.0000 | stab=0.0984 | iso=- | via=none | km=0 | w=0.0000 | [Pawdroid-SR-APK] South+Africa-2
score=4.4191 | latency=4.0917 | time=611ms | geo=0.2720 | adj=+0.0000 | stab=0.0554 | iso=GB | via=name | km=9566 | w=0.0017 | [Pawdroid-SR-APK] 英国+V2CROSS.COM-42
score=4.4161 | latency=4.3029 | time=581ms | geo=0.0869 | adj=-0.0695 | stab=0.0958 | iso=US | via=name | km=11278 | w=0.0005 | [Pawdroid-SR-APK] 美国+FDC芝加哥机房
score=4.4149 | latency=4.3478 | time=575ms | geo=0.0869 | adj=-0.0695 | stab=0.0497 | iso=US | via=name | km=11278 | w=0.0005 | [Pawdroid-SR-APK] 美国+惠普HP-2
score=4.4115 | latency=4.1946 | time=596ms | geo=0.2035 | adj=+0.0000 | stab=0.0134 | iso=FR | via=name | km=10001 | w=0.0013 | [Pawdroid-SR-APK] France-2
score=4.3964 | latency=3.7936 | time=659ms | geo=0.5273 | adj=+0.0000 | stab=0.0754 | iso=RO | via=mmdb | km=8573 | w=0.0033 | [Pawdroid-SR-APK] 英国+V2CROSS.COM-44
score=4.3809 | latency=4.0193 | time=622ms | geo=0.3364 | adj=+0.0000 | stab=0.0252 | iso=DE | via=mmdb | km=9247 | w=0.0021 | [Pawdroid-SR-APK] 乌克兰+V2CROSS.COM-2
score=4.3156 | latency=3.9062 | time=640ms | geo=0.3364 | adj=+0.0000 | stab=0.0730 | iso=DE | via=mmdb | km=9247 | w=0.0021 | [Pawdroid-SR-APK] 乌克兰+V2CROSS.COM-13
score=4.3024 | latency=3.9062 | time=640ms | geo=0.3364 | adj=+0.0000 | stab=0.0597 | iso=DE | via=mmdb | km=9247 | w=0.0021 | [Pawdroid-SR-APK] 乌克兰+V2CROSS.COM
score=4.2937 | latency=4.0128 | time=623ms | geo=0.2035 | adj=+0.0000 | stab=0.0774 | iso=FR | via=mmdb | km=10001 | w=0.0013 | [Pawdroid-SR-APK] 俄罗斯+V2CROSS.COM-2
score=4.2888 | latency=3.9062 | time=640ms | geo=0.3364 | adj=+0.0000 | stab=0.0461 | iso=DE | via=mmdb | km=9247 | w=0.0021 | [Pawdroid-SR-APK] 乌克兰+V2CROSS.COM-11
score=4.2214 | latency=3.9432 | time=634ms | geo=0.2720 | adj=+0.0000 | stab=0.0062 | iso=GB | via=name | km=9566 | w=0.0017 | [Pawdroid-SR-APK] 英国+V2CROSS.COM-43
score=4.2036 | latency=4.1391 | time=604ms | geo=0.0000 | adj=+0.0000 | stab=0.0645 | iso=- | via=none | km=0 | w=0.0000 | [Pawdroid-SR-APK] 以色列 V2CROSS.COM
score=4.1539 | latency=3.8226 | time=654ms | geo=0.3223 | adj=+0.0000 | stab=0.0089 | iso=NL | via=name | km=9311 | w=0.0020 | [Pawdroid-SR-APK] The+Netherlands-4
score=4.1388 | latency=4.0717 | time=614ms | geo=0.0869 | adj=-0.0695 | stab=0.0498 | iso=US | via=name | km=11278 | w=0.0005 | [Pawdroid-SR-APK] 美国+Akamai科技公司CDN网络节点-4
score=4.1175 | latency=4.0850 | time=612ms | geo=0.0869 | adj=-0.0695 | stab=0.0152 | iso=US | via=mmdb | km=11278 | w=0.0005 | [Pawdroid-SR-APK] 北美地区 V2CROSS.COM-2
score=4.0842 | latency=4.0323 | time=620ms | geo=0.0000 | adj=+0.0000 | stab=0.0519 | iso=- | via=none | km=0 | w=0.0000 | [Pawdroid-SS-APK] trojan-9
score=4.0605 | latency=4.0323 | time=620ms | geo=0.0000 | adj=+0.0000 | stab=0.0283 | iso=GOOGLE | via=mmdb | km=0 | w=0.0000 | [Pawdroid-SR-APK] 比利时+瓦隆大区圣吉斯兰Google云计算数据中心
score=4.0568 | latency=3.4435 | time=726ms | geo=0.5321 | adj=+0.0000 | stab=0.0812 | iso=PL | via=mmdb | km=8559 | w=0.0033 | [Pawdroid-SR-APK] 挪威+V2CROSS.COM-3
score=4.0517 | latency=3.9620 | time=631ms | geo=0.0869 | adj=-0.0695 | stab=0.0724 | iso=US | via=name | km=11278 | w=0.0005 | [Pawdroid-SR-APK] 美国 V2CROSS.COM-6
score=4.0283 | latency=3.6550 | time=684ms | geo=0.3223 | adj=+0.0000 | stab=0.0510 | iso=NL | via=name | km=9311 | w=0.0020 | [Pawdroid-SR-APK] 荷兰+V2CROSS.COM-5
score=4.0153 | latency=3.9809 | time=628ms | geo=0.0869 | adj=-0.0695 | stab=0.0170 | iso=US | via=mmdb | km=11278 | w=0.0005 | [Pawdroid-SR-APK] 西班牙+V2CROSS.COM-4
score=4.0087 | latency=3.8402 | time=651ms | geo=0.1179 | adj=+0.0000 | stab=0.0506 | iso=ES | via=mmdb | km=10820 | w=0.0007 | [Pawdroid-SR-APK] 美国+科罗拉多州阿拉帕霍县格林伍德村市NTT(美国)股份有限公司
score=4.0010 | latency=3.7651 | time=664ms | geo=0.2035 | adj=+0.0000 | stab=0.0325 | iso=FR | via=host | km=10001 | w=0.0013 | [Pawdroid-SR-APK] 美国+V2CROSS.COM-44
score=3.8955 | latency=3.5461 | time=705ms | geo=0.3223 | adj=+0.0000 | stab=0.0271 | iso=NL | via=name | km=9311 | w=0.0020 | [1VPN-CRX] free-amsterdam-https-6
score=3.8936 | latency=3.5461 | time=705ms | geo=0.3364 | adj=+0.0000 | stab=0.0111 | iso=DE | via=mmdb | km=9247 | w=0.0021 | [Pawdroid-SR-APK] United+States-10
score=3.8601 | latency=3.7538 | time=666ms | geo=0.0869 | adj=-0.0695 | stab=0.0890 | iso=US | via=name | km=11278 | w=0.0005 | [Pawdroid-SR-APK] 美国+惠普HP
score=3.8031 | latency=3.5311 | time=708ms | geo=0.2720 | adj=+0.0000 | stab=0.0000 | iso=GB | via=name | km=9566 | w=0.0017 | [Pawdroid-SR-APK] 英国+V2CROSS.COM-29
score=3.7895 | latency=3.7425 | time=668ms | geo=0.0869 | adj=-0.0695 | stab=0.0296 | iso=US | via=name | km=11278 | w=0.0005 | [Pawdroid-SS-APK] United States-11
score=3.7713 | latency=3.7369 | time=669ms | geo=0.0000 | adj=+0.0000 | stab=0.0344 | iso=- | via=none | km=0 | w=0.0000 | [Pawdroid-SR-APK] 爱尔兰+V2CROSS.COM
score=3.7666 | latency=3.4341 | time=728ms | geo=0.3223 | adj=+0.0000 | stab=0.0102 | iso=NL | via=mmdb | km=9311 | w=0.0020 | [Pawdroid-SR-APK] 比利时+V2CROSS.COM
score=3.7550 | latency=3.6657 | time=682ms | geo=0.0869 | adj=-0.0695 | stab=0.0719 | iso=US | via=mmdb | km=11278 | w=0.0005 | [Pawdroid-SS-APK] Brazil
score=3.7316 | latency=3.6657 | time=682ms | geo=0.0000 | adj=+0.0000 | stab=0.0659 | iso=- | via=none | km=0 | w=0.0000 | [Pawdroid-SS-APK] Brazil-3
score=3.7152 | latency=3.6657 | time=682ms | geo=0.0000 | adj=+0.0000 | stab=0.0495 | iso=- | via=none | km=0 | w=0.0000 | [Pawdroid-SS-APK] Brazil-9
score=3.7068 | latency=3.3467 | time=747ms | geo=0.3364 | adj=+0.0000 | stab=0.0237 | iso=DE | via=mmdb | km=9247 | w=0.0021 | [Pawdroid-SR-APK] 美国+加州
score=3.7062 | latency=3.6657 | time=682ms | geo=0.0000 | adj=+0.0000 | stab=0.0405 | iso=- | via=none | km=0 | w=0.0000 | [Pawdroid-SS-APK] Brazil-8
score=3.7002 | latency=3.3467 | time=747ms | geo=0.3223 | adj=+0.0000 | stab=0.0312 | iso=NL | via=name | km=9311 | w=0.0020 | [1VPN-CRX] free-amsterdam-https-5
score=3.6680 | latency=3.6657 | time=682ms | geo=0.0000 | adj=+0.0000 | stab=0.0023 | iso=- | via=none | km=0 | w=0.0000 | [Pawdroid-SS-APK] Brazil-7
score=3.6673 | latency=2.9797 | time=839ms | geo=0.6541 | adj=+0.0000 | stab=0.0335 | iso=MD | via=mmdb | km=8250 | w=0.0041 | [Pawdroid-SR-APK] 摩尔多瓦+V2CROSS.COM
score=3.6482 | latency=3.5868 | time=697ms | geo=0.0869 | adj=-0.0695 | stab=0.0440 | iso=US | via=name | km=11278 | w=0.0005 | [Pawdroid-SR-APK] 美国+Xerox-2
score=3.6396 | latency=8.5911 | time=291ms | geo=0.0000 | adj=-5.0000 | stab=0.0486 | iso=RU | via=name | km=0 | w=0.0000 | [Pawdroid-SR-APK] 俄罗斯+V2CROSS.COM-8
score=3.6310 | latency=8.5911 | time=291ms | geo=0.0000 | adj=-5.0000 | stab=0.0399 | iso=RU | via=name | km=0 | w=0.0000 | [Pawdroid-SR-APK] 俄罗斯+V2CROSS.COM-11
score=3.6303 | latency=3.2680 | time=765ms | geo=0.2720 | adj=+0.0000 | stab=0.0903 | iso=GB | via=name | km=9566 | w=0.0017 | [Pawdroid-SR-APK] 英国+V2CROSS.COM-45
score=3.6298 | latency=3.5511 | time=704ms | geo=0.0869 | adj=-0.0695 | stab=0.0613 | iso=US | via=name | km=11278 | w=0.0005 | [Pawdroid-SS-APK] United States-3
score=3.6163 | latency=3.5868 | time=697ms | geo=0.0869 | adj=-0.0695 | stab=0.0122 | iso=US | via=name | km=11278 | w=0.0005 | [Pawdroid-SR-APK] 美国+Xerox
score=3.5166 | latency=3.2383 | time=772ms | geo=0.2720 | adj=+0.0000 | stab=0.0063 | iso=GB | via=name | km=9566 | w=0.0017 | [Pawdroid-SR-APK] 英国+伦敦南岸大学
score=3.4812 | latency=3.4435 | time=726ms | geo=0.0000 | adj=+0.0000 | stab=0.0377 | iso=- | via=none | km=0 | w=0.0000 | [Pawdroid-SR-APK] 波兰+V2CROSS.COM-2
score=3.4415 | latency=2.5458 | time=982ms | geo=0.8463 | adj=+0.0000 | stab=0.0494 | iso=EE | via=mmdb | km=7863 | w=0.0053 | [Pawdroid-SS-APK] Czechia-3
score=3.4343 | latency=3.3467 | time=747ms | geo=0.0869 | adj=-0.0695 | stab=0.0702 | iso=US | via=name | km=11278 | w=0.0005 | [Pawdroid-SR-APK] 美国+加州-3
score=3.3975 | latency=3.3467 | time=747ms | geo=0.0869 | adj=-0.0695 | stab=0.0334 | iso=US | via=name | km=11278 | w=0.0005 | [Pawdroid-SR-APK] 美国+V2CROSS.COM-38
score=3.3810 | latency=3.3467 | time=747ms | geo=0.0869 | adj=-0.0695 | stab=0.0169 | iso=US | via=name | km=11278 | w=0.0005 | [Pawdroid-SR-APK] 美国+加州-2
score=3.3514 | latency=3.0048 | time=832ms | geo=0.3223 | adj=+0.0000 | stab=0.0243 | iso=NL | via=mmdb | km=9311 | w=0.0020 | [Pawdroid-SR-APK] 美国+佛罗里达州迈阿密市-5
score=3.3058 | latency=2.9621 | time=844ms | geo=0.3223 | adj=+0.0000 | stab=0.0214 | iso=NL | via=name | km=9311 | w=0.0020 | [Pawdroid-SR-APK] The+Netherlands-3
score=3.2736 | latency=2.9940 | time=835ms | geo=0.2720 | adj=+0.0000 | stab=0.0076 | iso=GB | via=name | km=9566 | w=0.0017 | [Pawdroid-SR-APK] 英国+伦敦南岸大学-2
score=3.2343 | latency=2.7115 | time=922ms | geo=0.4380 | adj=+0.0000 | stab=0.0847 | iso=DK | via=mmdb | km=8851 | w=0.0027 | [Pawdroid-SR-APK] The+Netherlands-2
score=3.1363 | latency=2.7533 | time=908ms | geo=0.3223 | adj=+0.0000 | stab=0.0606 | iso=NL | via=name | km=9311 | w=0.0020 | [Pawdroid-SR-APK] 荷兰+V2CROSS.COM-17
score=3.1011 | latency=3.0451 | time=821ms | geo=0.0000 | adj=+0.0000 | stab=0.0560 | iso=- | via=none | km=0 | w=0.0000 | [Pawdroid-SR-APK] United+States-8
score=3.0955 | latency=3.0303 | time=825ms | geo=0.0869 | adj=-0.0695 | stab=0.0478 | iso=US | via=mmdb | km=11278 | w=0.0005 | [Pawdroid-SR-APK] Spain-2
score=3.0814 | latency=2.7685 | time=903ms | geo=0.2720 | adj=+0.0000 | stab=0.0409 | iso=GB | via=mmdb | km=9566 | w=0.0017 | [Pawdroid-SR-APK] 美国+圣斯考拉斯蒂卡大学
score=3.0760 | latency=3.0048 | time=832ms | geo=0.0869 | adj=-0.0695 | stab=0.0539 | iso=US | via=name | km=11278 | w=0.0005 | [Pawdroid-SR-APK] 美国+佛罗里达州迈阿密市
score=3.0677 | latency=2.5202 | time=992ms | geo=0.4736 | adj=+0.0000 | stab=0.0740 | iso=BG | via=mmdb | km=8734 | w=0.0030 | [Pawdroid-SS-APK] 美国+Xerox-3
score=3.0629 | latency=2.6511 | time=943ms | geo=0.3223 | adj=+0.0000 | stab=0.0895 | iso=NL | via=name | km=9311 | w=0.0020 | [Pawdroid-SR-APK] 荷兰+V2CROSS.COM-10
score=3.0438 | latency=2.5202 | time=992ms | geo=0.4736 | adj=+0.0000 | stab=0.0500 | iso=BG | via=mmdb | km=8734 | w=0.0030 | [Pawdroid-SS-APK] 美国+Xerox-4
score=3.0280 | latency=2.5202 | time=992ms | geo=0.4736 | adj=+0.0000 | stab=0.0342 | iso=BG | via=mmdb | km=8734 | w=0.0030 | [Pawdroid-SS-APK] 美国+Xerox-2
score=3.0227 | latency=2.9551 | time=846ms | geo=0.0000 | adj=+0.0000 | stab=0.0676 | iso=- | via=none | km=0 | w=0.0000 | [Pawdroid-SR-APK] Brazil-2
score=3.0166 | latency=2.6205 | time=954ms | geo=0.3027 | adj=+0.0000 | stab=0.0934 | iso=CA | via=mmdb | km=9405 | w=0.0019 | [Pawdroid-SR-APK] 英国+社会保险安全部-2
score=2.9605 | latency=2.9002 | time=862ms | geo=0.0869 | adj=-0.0695 | stab=0.0429 | iso=US | via=name | km=11278 | w=0.0005 | [Pawdroid-SR-APK] 美国+V2CROSS.COM-22
score=2.9527 | latency=2.7322 | time=915ms | geo=0.2035 | adj=+0.0000 | stab=0.0170 | iso=FR | via=host | km=10001 | w=0.0013 | [Pawdroid-SR-APK] 美国+V2CROSS.COM-42
score=2.9333 | latency=2.7263 | time=917ms | geo=0.2035 | adj=+0.0000 | stab=0.0035 | iso=FR | via=host | km=10001 | w=0.0013 | [Pawdroid-SR-APK] Premium-9faa51a8⁣⁠⁣⁠⁣
score=2.9259 | latency=2.6096 | time=958ms | geo=0.2720 | adj=+0.0000 | stab=0.0443 | iso=GB | via=name | km=9566 | w=0.0017 | [Pawdroid-SR-APK] 英国+V2CROSS.COM-62
score=2.9070 | latency=2.8090 | time=890ms | geo=0.0000 | adj=+0.0000 | stab=0.0980 | iso=- | via=none | km=0 | w=0.0000 | [Pawdroid-SR-APK] Premium-92fc6c0d⁣⁠⁣⁠⁣
score=2.8902 | latency=2.5536 | time=979ms | geo=0.3364 | adj=+0.0000 | stab=0.0001 | iso=DE | via=mmdb | km=9247 | w=0.0021 | [Pawdroid-SR-APK] 瑞士+V2CROSS.COM-19
score=2.8590 | latency=2.7996 | time=893ms | geo=0.0869 | adj=-0.0695 | stab=0.0421 | iso=US | via=name | km=11278 | w=0.0005 | [Pawdroid-SS-APK] 美国+CloudFlare节点-5
score=2.8370 | latency=2.4178 | time=1034ms | geo=0.3223 | adj=+0.0000 | stab=0.0969 | iso=NL | via=name | km=9311 | w=0.0020 | [1VPN-CRX] free-amsterdam-https-1
score=2.8335 | latency=1.6372 | time=1527ms | geo=1.1957 | adj=+0.0000 | stab=0.0007 | iso=AM | via=mmdb | km=7345 | w=0.0075 | [Pawdroid-SS-APK] Finland-3
score=2.8322 | latency=2.8281 | time=884ms | geo=0.0000 | adj=+0.0000 | stab=0.0041 | iso=- | via=none | km=0 | w=0.0000 | [Pawdroid-SR-APK] Premium-5fcd9683⁣⁠⁣⁠⁣
score=2.8316 | latency=2.8185 | time=887ms | geo=0.0000 | adj=+0.0000 | stab=0.0131 | iso=- | via=none | km=0 | w=0.0000 | [Pawdroid-SR-APK] Premium-b1e5473a⁣⁠⁣⁠⁣
score=2.8296 | latency=2.7503 | time=909ms | geo=0.0000 | adj=+0.0000 | stab=0.0793 | iso=- | via=none | km=0 | w=0.0000 | [Pawdroid-SR-APK] Premium-1a634b9f⁣⁠⁣⁠⁣
score=2.8237 | latency=2.8121 | time=889ms | geo=0.0000 | adj=+0.0000 | stab=0.0115 | iso=- | via=none | km=0 | w=0.0000 | [Pawdroid-SR-APK] Premium-531131d1⁣⁠⁣⁠⁣
score=2.8089 | latency=2.7263 | time=917ms | geo=0.0000 | adj=+0.0000 | stab=0.0826 | iso=- | via=none | km=0 | w=0.0000 | [Pawdroid-SR-APK] Premium-80c49393⁣⁠⁣⁠⁣
score=2.8061 | latency=2.7716 | time=902ms | geo=0.0000 | adj=+0.0000 | stab=0.0345 | iso=- | via=none | km=0 | w=0.0000 | [Pawdroid-SR-APK] Premium-6141d619⁣⁠⁣⁠⁣
score=2.7977 | latency=2.7473 | time=910ms | geo=0.0000 | adj=+0.0000 | stab=0.0504 | iso=- | via=none | km=0 | w=0.0000 | [Pawdroid-SR-APK] Premium-7427b7ab⁣⁠⁣⁠⁣
score=2.7247 | latency=2.4178 | time=1034ms | geo=0.2720 | adj=+0.0000 | stab=0.0349 | iso=GB | via=name | km=9566 | w=0.0017 | [Pawdroid-SR-APK] 英国+V2CROSS.COM-56
score=2.7053 | latency=2.6233 | time=953ms | geo=0.0000 | adj=+0.0000 | stab=0.0820 | iso=- | via=none | km=0 | w=0.0000 | [Pawdroid-SS-APK] vless-112
score=2.5786 | latency=2.5202 | time=992ms | geo=0.0869 | adj=-0.0695 | stab=0.0411 | iso=US | via=name | km=11278 | w=0.0005 | [Pawdroid-SS-APK] 美国+Xerox
score=2.4546 | latency=0.0000 | time=0ms | geo=67.3598 | adj=+35.0000 | stab=0.0948 | iso=JP | via=name | km=1298 | w=0.4210 | [Pawdroid-SS-APK] Japan-13
score=2.4515 | latency=0.0000 | time=0ms | geo=67.3598 | adj=+35.0000 | stab=0.0917 | iso=JP | via=name | km=1298 | w=0.4210 | [Pawdroid-SS-APK] 日本东京+Oracle+Cloud
score=2.4329 | latency=0.0000 | time=0ms | geo=67.3598 | adj=+35.0000 | stab=0.0731 | iso=JP | via=mmdb | km=1298 | w=0.4210 | [Pawdroid-SS-APK] United+Kingdom-91
score=2.4324 | latency=0.0000 | time=0ms | geo=67.3598 | adj=+35.0000 | stab=0.0726 | iso=JP | via=name | km=1298 | w=0.4210 | [Pawdroid-SS-APK] Japan-14
score=2.4305 | latency=0.0000 | time=0ms | geo=67.3598 | adj=+35.0000 | stab=0.0707 | iso=JP | via=name | km=1298 | w=0.4210 | [Pawdroid-SS-APK] Japan-8
score=2.4305 | latency=0.0000 | time=0ms | geo=67.3598 | adj=+35.0000 | stab=0.0707 | iso=JP | via=name | km=1298 | w=0.4210 | [Pawdroid-SR-APK] 日本+东京
score=2.4253 | latency=0.0000 | time=0ms | geo=67.3598 | adj=+35.0000 | stab=0.0654 | iso=JP | via=name | km=1298 | w=0.4210 | [Pawdroid-SR-APK] 日本+V2CROSS.COM
score=2.4146 | latency=0.0000 | time=0ms | geo=67.3598 | adj=+35.0000 | stab=0.0548 | iso=JP | via=mmdb | km=1298 | w=0.4210 | [Pawdroid-SS-APK] United+States
score=2.4050 | latency=0.0000 | time=0ms | geo=67.3598 | adj=+35.0000 | stab=0.0451 | iso=JP | via=mmdb | km=1298 | w=0.4210 | [Pawdroid-SS-APK] United+States-141
score=2.4041 | latency=0.0000 | time=0ms | geo=67.3598 | adj=+35.0000 | stab=0.0443 | iso=JP | via=name | km=1298 | w=0.4210 | [Pawdroid-SS-APK] Japan-9
score=2.4029 | latency=0.0000 | time=0ms | geo=67.3598 | adj=+35.0000 | stab=0.0430 | iso=JP | via=name | km=1298 | w=0.4210 | [Pawdroid-SS-APK] Japan-11
score=2.4021 | latency=0.0000 | time=0ms | geo=67.3598 | adj=+35.0000 | stab=0.0423 | iso=JP | via=name | km=1298 | w=0.4210 | [Pawdroid-SS-APK] Japan-7
score=2.3992 | latency=0.0000 | time=0ms | geo=67.3598 | adj=+35.0000 | stab=0.0394 | iso=JP | via=mmdb | km=1298 | w=0.4210 | [Pawdroid-SS-APK] United+States-3
score=2.3946 | latency=0.0000 | time=0ms | geo=67.3598 | adj=+35.0000 | stab=0.0348 | iso=JP | via=name | km=1298 | w=0.4210 | [Pawdroid-SS-APK] Japan-10
score=2.3874 | latency=0.0000 | time=0ms | geo=67.3598 | adj=+35.0000 | stab=0.0275 | iso=JP | via=mmdb | km=1298 | w=0.4210 | [Pawdroid-SS-APK] Singapore-11
score=2.3871 | latency=2.2936 | time=1090ms | geo=0.0869 | adj=-0.0695 | stab=0.0762 | iso=US | via=name | km=11278 | w=0.0005 | [Pawdroid-SR-APK] 美国+CloudFlare节点-5
score=2.3853 | latency=0.0000 | time=0ms | geo=67.3598 | adj=+35.0000 | stab=0.0255 | iso=JP | via=name | km=1298 | w=0.4210 | [Pawdroid-SS-APK] Japan-6
score=2.3826 | latency=2.3321 | time=1072ms | geo=0.0869 | adj=-0.0695 | stab=0.0331 | iso=US | via=name | km=11278 | w=0.0005 | [Pawdroid-SS-APK] 美国+CloudFlare节点-4
score=2.3814 | latency=0.0000 | time=0ms | geo=67.3598 | adj=+35.0000 | stab=0.0215 | iso=JP | via=name | km=1298 | w=0.4210 | [Pawdroid-SS-APK] Japan
score=2.3813 | latency=2.0542 | time=1217ms | geo=0.2720 | adj=+0.0000 | stab=0.0551 | iso=GB | via=name | km=9566 | w=0.0017 | [Pawdroid-SR-APK] 英国+V2CROSS.COM-69
score=2.3775 | latency=0.0000 | time=0ms | geo=67.3598 | adj=+35.0000 | stab=0.0177 | iso=JP | via=name | km=1298 | w=0.4210 | [Pawdroid-SS-APK] Japan-2
score=2.3756 | latency=0.0000 | time=0ms | geo=67.3598 | adj=+35.0000 | stab=0.0158 | iso=JP | via=mmdb | km=1298 | w=0.4210 | [Pawdroid-SS-APK] Germany
score=2.3750 | latency=0.0000 | time=0ms | geo=67.3598 | adj=+35.0000 | stab=0.0152 | iso=JP | via=mmdb | km=1298 | w=0.4210 | [Pawdroid-SS-APK] United+States-2
score=2.3725 | latency=1.9968 | time=1252ms | geo=0.3223 | adj=+0.0000 | stab=0.0533 | iso=NL | via=mmdb | km=9311 | w=0.0020 | [Pawdroid-SR-APK] 瑞士+Oracle+Corporation
score=2.3704 | latency=0.0000 | time=0ms | geo=67.3598 | adj=+35.0000 | stab=0.0106 | iso=JP | via=name | km=1298 | w=0.4210 | [Pawdroid-SR-APK] 日本+东京Choopa数据中心
score=2.3695 | latency=0.0000 | time=0ms | geo=67.3598 | adj=+35.0000 | stab=0.0096 | iso=JP | via=mmdb | km=1298 | w=0.4210 | [Pawdroid-SS-APK] Belgium-2
score=2.3691 | latency=0.0000 | time=0ms | geo=67.3598 | adj=+35.0000 | stab=0.0092 | iso=JP | via=name | km=1298 | w=0.4210 | [Pawdroid-SR-APK] 日本+IDCF
score=2.3658 | latency=0.0000 | time=0ms | geo=67.3598 | adj=+35.0000 | stab=0.0060 | iso=JP | via=name | km=1298 | w=0.4210 | [Pawdroid-SS-APK] Japan-12
score=2.3649 | latency=1.7986 | time=1390ms | geo=0.5410 | adj=+0.0000 | stab=0.0253 | iso=CY | via=mmdb | km=8534 | w=0.0034 | [Pawdroid-SR-APK] 德国+V2CROSS.COM-5
score=2.3630 | latency=0.0000 | time=0ms | geo=67.3598 | adj=+35.0000 | stab=0.0031 | iso=JP | via=name | km=1298 | w=0.4210 | [Pawdroid-SR-APK] 日本 Gaditek数据中心
score=2.2825 | latency=2.2163 | time=1128ms | geo=0.0869 | adj=-0.0695 | stab=0.0489 | iso=US | via=name | km=11278 | w=0.0005 | [Pawdroid-SR-APK] 美国+佛罗里达州迈阿密市-3
score=2.2676 | latency=2.1777 | time=1148ms | geo=0.0000 | adj=+0.0000 | stab=0.0899 | iso=CLOUDFLARE | via=mmdb | km=0 | w=0.0000 | [Pawdroid-SR-APK] 巴西圣保罗+CloudFlare节点-6
score=2.2532 | latency=2.1777 | time=1148ms | geo=0.0000 | adj=+0.0000 | stab=0.0755 | iso=CLOUDFLARE | via=mmdb | km=0 | w=0.0000 | [Pawdroid-SR-APK] 巴西圣保罗+CloudFlare节点-7
score=2.2413 | latency=2.1777 | time=1148ms | geo=0.0000 | adj=+0.0000 | stab=0.0636 | iso=CLOUDFLARE | via=mmdb | km=0 | w=0.0000 | [Pawdroid-SR-APK] 巴西圣保罗+CloudFlare节点-3
score=2.2287 | latency=2.1911 | time=1141ms | geo=0.0869 | adj=-0.0695 | stab=0.0203 | iso=US | via=mmdb | km=11278 | w=0.0005 | [Pawdroid-SR-APK] 欧盟+V2CROSS.COM
score=2.2208 | latency=2.1777 | time=1148ms | geo=0.0000 | adj=+0.0000 | stab=0.0431 | iso=CLOUDFLARE | via=mmdb | km=0 | w=0.0000 | [Pawdroid-SR-APK] 巴西圣保罗+CloudFlare节点
score=2.2168 | latency=2.1777 | time=1148ms | geo=0.0000 | adj=+0.0000 | stab=0.0391 | iso=CLOUDFLARE | via=mmdb | km=0 | w=0.0000 | [Pawdroid-SR-APK] 巴西圣保罗+CloudFlare节点-5
score=2.2021 | latency=1.8797 | time=1330ms | geo=0.2720 | adj=+0.0000 | stab=0.0504 | iso=GB | via=name | km=9566 | w=0.0017 | [Pawdroid-SR-APK] 英国+V2CROSS.COM-71
score=2.1934 | latency=2.1777 | time=1148ms | geo=0.0000 | adj=+0.0000 | stab=0.0157 | iso=CLOUDFLARE | via=mmdb | km=0 | w=0.0000 | [Pawdroid-SR-APK] 巴西圣保罗+CloudFlare节点-8
score=2.1921 | latency=2.1777 | time=1148ms | geo=0.0000 | adj=+0.0000 | stab=0.0144 | iso=CLOUDFLARE | via=mmdb | km=0 | w=0.0000 | [Pawdroid-SR-APK] 巴西圣保罗+CloudFlare节点-4
score=2.1843 | latency=2.1441 | time=1166ms | geo=0.0869 | adj=-0.0695 | stab=0.0228 | iso=US | via=name | km=11278 | w=0.0005 | [Pawdroid-SR-APK] 美国+惠普HP-3
score=2.1356 | latency=1.7053 | time=1466ms | geo=0.3364 | adj=+0.0000 | stab=0.0938 | iso=DE | via=host | km=9247 | w=0.0021 | [Pawdroid-SR-APK] 英国+V2CROSS.COM-46
score=2.0451 | latency=1.6779 | time=1490ms | geo=0.3027 | adj=+0.0000 | stab=0.0646 | iso=CA | via=mmdb | km=9405 | w=0.0019 | [Pawdroid-SR-APK] 英国+社会保险安全部-4
score=2.0404 | latency=2.0392 | time=1226ms | geo=0.0000 | adj=+0.0000 | stab=0.0013 | iso=- | via=none | km=0 | w=0.0000 | [Pawdroid-SS-APK] trojan-14
score=2.0277 | latency=1.7655 | time=1416ms | geo=0.2035 | adj=+0.0000 | stab=0.0587 | iso=FR | via=name | km=10001 | w=0.0013 | [Pawdroid-SR-APK] France-5
score=2.0259 | latency=1.7655 | time=1416ms | geo=0.2035 | adj=+0.0000 | stab=0.0569 | iso=FR | via=name | km=10001 | w=0.0013 | [Pawdroid-SR-APK] France
score=1.9688 | latency=1.6415 | time=1523ms | geo=0.2720 | adj=+0.0000 | stab=0.0553 | iso=GB | via=mmdb | km=9566 | w=0.0017 | [Pawdroid-SR-APK] 罗马尼亚+V2CROSS.COM-4
score=1.9197 | latency=1.8396 | time=1359ms | geo=0.0000 | adj=+0.0000 | stab=0.0801 | iso=CLOUDFLARE | via=mmdb | km=0 | w=0.0000 | [Pawdroid-SR-APK] 巴西圣保罗 CloudFlare节点
score=1.9181 | latency=1.5813 | time=1581ms | geo=0.2720 | adj=+0.0000 | stab=0.0649 | iso=GB | via=name | km=9566 | w=0.0017 | [Pawdroid-SR-APK] 英国+V2CROSS.COM-61
score=1.9129 | latency=1.6458 | time=1519ms | geo=0.2035 | adj=+0.0000 | stab=0.0636 | iso=FR | via=host | km=10001 | w=0.0013 | [Pawdroid-SR-APK] Premium-3acfcf6d⁣⁠⁣⁠⁣
score=1.8971 | latency=1.6534 | time=1512ms | geo=0.2035 | adj=+0.0000 | stab=0.0401 | iso=FR | via=mmdb | km=10001 | w=0.0013 | [ChromeGO-Toolkit] Alvin9999-newpac
score=1.8791 | latency=1.6329 | time=1531ms | geo=0.2035 | adj=+0.0000 | stab=0.0427 | iso=FR | via=mmdb | km=10001 | w=0.0013 | [ChromeGO-Toolkit] github.com/Alvin9999-newpac/fanqiang-3
score=1.8779 | latency=1.5964 | time=1566ms | geo=0.2720 | adj=+0.0000 | stab=0.0095 | iso=GB | via=mmdb | km=9566 | w=0.0017 | [Pawdroid-SR-APK] United+Kingdom-11
score=1.8773 | latency=1.5995 | time=1563ms | geo=0.2720 | adj=+0.0000 | stab=0.0058 | iso=GB | via=mmdb | km=9566 | w=0.0017 | [Pawdroid-SS-APK] United+Kingdom-80
score=1.8123 | latency=1.4451 | time=1730ms | geo=0.2720 | adj=+0.0000 | stab=0.0952 | iso=GB | via=mmdb | km=9566 | w=0.0017 | [Pawdroid-SS-APK] United+Kingdom-78
score=1.7728 | latency=1.0491 | time=2383ms | geo=0.6609 | adj=+0.0000 | stab=0.0627 | iso=SE | via=name | km=8234 | w=0.0041 | [Pawdroid-SR-APK] 瑞典+V2CROSS.COM-4
score=1.7656 | latency=1.4706 | time=1700ms | geo=0.2720 | adj=+0.0000 | stab=0.0230 | iso=GB | via=mmdb | km=9566 | w=0.0017 | [Pawdroid-SS-APK] United+Kingdom-82
score=1.7274 | latency=1.6756 | time=1492ms | geo=0.0000 | adj=+0.0000 | stab=0.0518 | iso=- | via=none | km=0 | w=0.0000 | [Pawdroid-SR-APK] 巴西+V2CROSS.COM-3
score=1.7237 | latency=1.3514 | time=1850ms | geo=0.3364 | adj=+0.0000 | stab=0.0359 | iso=DE | via=mmdb | km=9247 | w=0.0021 | [ChromeGO-Toolkit] hysteria-2
score=1.7142 | latency=1.0841 | time=2306ms | geo=0.5410 | adj=+0.0000 | stab=0.0890 | iso=CY | via=mmdb | km=8534 | w=0.0034 | [Pawdroid-SR-APK] 德国+V2CROSS.COM-2
score=1.7094 | latency=1.0167 | time=2459ms | geo=0.6609 | adj=+0.0000 | stab=0.0317 | iso=SE | via=name | km=8234 | w=0.0041 | [Pawdroid-SR-APK] 瑞典+V2CROSS.COM
score=1.6945 | latency=1.0865 | time=2301ms | geo=0.5321 | adj=+0.0000 | stab=0.0759 | iso=PL | via=mmdb | km=8559 | w=0.0033 | [Pawdroid-SR-APK] 乌克兰+V2CROSS.COM-9
score=1.6622 | latency=1.2987 | time=1925ms | geo=0.3223 | adj=+0.0000 | stab=0.0412 | iso=NL | via=mmdb | km=9311 | w=0.0020 | [Pawdroid-SR-APK] 英国+V2CROSS.COM-47
score=1.6576 | latency=1.6036 | time=1559ms | geo=0.0000 | adj=+0.0000 | stab=0.0540 | iso=CLOUDFLARE | via=mmdb | km=0 | w=0.0000 | [Pawdroid-SR-APK] 巴西圣保罗+CloudFlare节点-2
score=1.6297 | latency=1.3419 | time=1863ms | geo=0.2035 | adj=+0.0000 | stab=0.0843 | iso=FR | via=mmdb | km=10001 | w=0.0013 | [Pawdroid-SR-APK] 波兰华沙+ovh
score=1.5898 | latency=1.2231 | time=2044ms | geo=0.2720 | adj=+0.0000 | stab=0.0947 | iso=GB | via=name | km=9566 | w=0.0017 | [Pawdroid-SR-APK] 英国+V2CROSS.COM-10
score=1.5814 | latency=1.1945 | time=2093ms | geo=0.3364 | adj=+0.0000 | stab=0.0506 | iso=DE | via=mmdb | km=9247 | w=0.0021 | [ChromeGO-Toolkit] hysteria
score=1.5557 | latency=1.2201 | time=2049ms | geo=0.3223 | adj=+0.0000 | stab=0.0133 | iso=NL | via=name | km=9311 | w=0.0020 | [Pawdroid-SR-APK] 荷兰+V2CROSS.COM-12
score=1.5348 | latency=0.9042 | time=2765ms | geo=0.5410 | adj=+0.0000 | stab=0.0896 | iso=CY | via=mmdb | km=8534 | w=0.0034 | [Pawdroid-SR-APK] 德国+V2CROSS.COM-4
score=1.5333 | latency=1.1905 | time=2100ms | geo=0.2720 | adj=+0.0000 | stab=0.0709 | iso=GB | via=name | km=9566 | w=0.0017 | [Pawdroid-SR-APK] 英国+V2CROSS.COM-74
score=1.5158 | latency=0.5206 | time=4802ms | geo=0.9821 | adj=+0.0000 | stab=0.0130 | iso=FI | via=mmdb | km=7640 | w=0.0061 | [Pawdroid-SR-APK] 英国+V2CROSS.COM-48
score=1.4956 | latency=0.7541 | time=3315ms | geo=0.6609 | adj=+0.0000 | stab=0.0805 | iso=SE | via=mmdb | km=8234 | w=0.0041 | [Pawdroid-SR-APK] 美国+V2CROSS.COM-11
score=1.4951 | latency=0.9294 | time=2690ms | geo=0.5321 | adj=+0.0000 | stab=0.0336 | iso=PL | via=mmdb | km=8559 | w=0.0033 | [Pawdroid-SR-APK] 巴西+V2CROSS.COM-4
score=1.4785 | latency=1.4501 | time=1724ms | geo=0.0869 | adj=-0.0695 | stab=0.0110 | iso=US | via=host | km=11278 | w=0.0005 | [Pawdroid-SS-APK] United+Arab+Emirates-3
score=1.4772 | latency=1.3827 | time=1808ms | geo=0.0000 | adj=+0.0000 | stab=0.0944 | iso=- | via=none | km=0 | w=0.0000 | [Pawdroid-SR-APK] Premium-bda5af71⁣⁠⁣⁠⁣
score=1.4482 | latency=1.0495 | time=2382ms | geo=0.3223 | adj=+0.0000 | stab=0.0764 | iso=NL | via=name | km=9311 | w=0.0020 | [Pawdroid-SR-APK] The Netherlands
score=1.4455 | latency=1.0373 | time=2410ms | geo=0.3364 | adj=+0.0000 | stab=0.0718 | iso=DE | via=mmdb | km=9247 | w=0.0021 | [Pawdroid-SR-APK] 瑞士+V2CROSS.COM-10
score=1.3896 | latency=1.0771 | time=2321ms | geo=0.2720 | adj=+0.0000 | stab=0.0405 | iso=GB | via=mmdb | km=9566 | w=0.0017 | [Pawdroid-SR-APK] 法国+OVH
score=1.3489 | latency=0.7108 | time=3517ms | geo=0.5410 | adj=+0.0000 | stab=0.0970 | iso=CY | via=mmdb | km=8534 | w=0.0034 | [Pawdroid-SR-APK] 德国+V2CROSS.COM
score=1.3324 | latency=0.9294 | time=2690ms | geo=0.3364 | adj=+0.0000 | stab=0.0667 | iso=DE | via=mmdb | km=9247 | w=0.0021 | [Pawdroid-SR-APK] 巴西+V2CROSS.COM-5
score=1.3241 | latency=1.2407 | time=2015ms | geo=0.0869 | adj=-0.0695 | stab=0.0660 | iso=US | via=name | km=11278 | w=0.0005 | [Pawdroid-SR-APK] 美国+V2CROSS.COM-26
score=1.3080 | latency=0.7108 | time=3517ms | geo=0.5410 | adj=+0.0000 | stab=0.0562 | iso=CY | via=mmdb | km=8534 | w=0.0034 | [Pawdroid-SR-APK] 德国+V2CROSS.COM-3
score=1.2690 | latency=0.9495 | time=2633ms | geo=0.3027 | adj=+0.0000 | stab=0.0168 | iso=CA | via=mmdb | km=9405 | w=0.0019 | [Pawdroid-SR-APK] 英国+社会保险安全部-3
score=1.2236 | latency=0.8831 | time=2831ms | geo=0.3364 | adj=+0.0000 | stab=0.0042 | iso=DE | via=name | km=9247 | w=0.0021 | [Pawdroid-SS-APK] Germany-23
score=1.2229 | latency=1.1251 | time=2222ms | geo=0.0869 | adj=-0.0695 | stab=0.0804 | iso=US | via=name | km=11278 | w=0.0005 | [Pawdroid-SR-APK] 美国+V2CROSS.COM-39
score=1.1927 | latency=1.1666 | time=2143ms | geo=0.0000 | adj=+0.0000 | stab=0.0261 | iso=- | via=none | km=0 | w=0.0000 | [Pawdroid-SR-APK] Premium-4c6de919⁣⁠⁣⁠⁣
score=1.1668 | latency=0.6642 | time=3764ms | geo=0.4736 | adj=+0.0000 | stab=0.0290 | iso=BG | via=mmdb | km=8734 | w=0.0030 | [Pawdroid-SR-APK] 英国+V2CROSS.COM-79
score=1.1553 | latency=0.8292 | time=3015ms | geo=0.3027 | adj=+0.0000 | stab=0.0234 | iso=CA | via=name | km=9405 | w=0.0019 | [Pawdroid-SR-APK] 加拿大+魁北克省博阿努瓦OVH数据中心-3
score=1.1268 | latency=0.7555 | time=3309ms | geo=0.3223 | adj=+0.0000 | stab=0.0490 | iso=NL | via=name | km=9311 | w=0.0020 | [1VPN-CRX] free-amsterdam-https-4
score=1.1209 | latency=1.0711 | time=2334ms | geo=0.0869 | adj=-0.0695 | stab=0.0324 | iso=US | via=name | km=11278 | w=0.0005 | [Pawdroid-SR-APK] 美国 加利福尼亚州旧金山市Awknet通信公司
score=1.1204 | latency=0.7013 | time=3565ms | geo=0.3364 | adj=+0.0000 | stab=0.0828 | iso=DE | via=mmdb | km=9247 | w=0.0021 | [Pawdroid-SR-APK] 瑞士+V2CROSS.COM-16
score=1.1114 | latency=0.7810 | time=3201ms | geo=0.3027 | adj=+0.0000 | stab=0.0277 | iso=CA | via=name | km=9405 | w=0.0019 | [Pawdroid-SR-APK] 加拿大+魁北克省博阿努瓦OVH数据中心
score=1.0878 | latency=0.7810 | time=3201ms | geo=0.3027 | adj=+0.0000 | stab=0.0041 | iso=CA | via=name | km=9405 | w=0.0019 | [Pawdroid-SR-APK] 加拿大+魁北克省博阿努瓦OVH数据中心-4
score=1.0829 | latency=0.6517 | time=3836ms | geo=0.3364 | adj=+0.0000 | stab=0.0948 | iso=DE | via=host | km=9247 | w=0.0021 | [Pawdroid-SR-APK] 俄罗斯+V2CROSS.COM-5
score=1.0669 | latency=0.7052 | time=3545ms | geo=0.2720 | adj=+0.0000 | stab=0.0897 | iso=GB | via=name | km=9566 | w=0.0017 | [Pawdroid-SR-APK] 英国+V2CROSS.COM-40
score=1.0584 | latency=0.9905 | time=2524ms | geo=0.0000 | adj=+0.0000 | stab=0.0679 | iso=CLOUDFLARE | via=mmdb | km=0 | w=0.0000 | [Pawdroid-SS-APK] United+States-293
score=1.0507 | latency=0.7458 | time=3352ms | geo=0.2720 | adj=+0.0000 | stab=0.0329 | iso=GB | via=mmdb | km=9566 | w=0.0017 | [Pawdroid-SR-APK] United+Kingdom-5
score=1.0358 | latency=0.7562 | time=3306ms | geo=0.2720 | adj=+0.0000 | stab=0.0076 | iso=GB | via=name | km=9566 | w=0.0017 | [Pawdroid-SR-APK] 英国+V2CROSS.COM-3
score=1.0271 | latency=0.9294 | time=2690ms | geo=0.0869 | adj=-0.0695 | stab=0.0803 | iso=US | via=mmdb | km=11278 | w=0.0005 | [Pawdroid-SR-APK] 巴西+V2CROSS.COM-2
score=1.0130 | latency=0.5870 | time=4259ms | geo=0.3364 | adj=+0.0000 | stab=0.0896 | iso=DE | via=mmdb | km=9247 | w=0.0021 | [Pawdroid-SR-APK] 美国 V2CROSS.COM-10
score=1.0039 | latency=0.6467 | time=3866ms | geo=0.3223 | adj=+0.0000 | stab=0.0350 | iso=NL | via=name | km=9311 | w=0.0020 | [Pawdroid-SR-APK] The+Netherlands
score=0.9524 | latency=0.9294 | time=2690ms | geo=0.0869 | adj=-0.0695 | stab=0.0057 | iso=US | via=mmdb | km=11278 | w=0.0005 | [Pawdroid-SR-APK] 巴西+V2CROSS.COM
score=0.9374 | latency=0.8642 | time=2893ms | geo=0.0869 | adj=-0.0695 | stab=0.0559 | iso=US | via=mmdb | km=11278 | w=0.0005 | [Pawdroid-SS-APK] United+States-14
score=0.9325 | latency=0.8875 | time=2817ms | geo=0.0000 | adj=+0.0000 | stab=0.0450 | iso=CLOUDFLARE | via=mmdb | km=0 | w=0.0000 | [Pawdroid-SS-APK] vmess-4
score=0.7538 | latency=0.6872 | time=3638ms | geo=0.0000 | adj=+0.0000 | stab=0.0666 | iso=- | via=none | km=0 | w=0.0000 | [Pawdroid-SS-APK] vmess-3
score=0.7438 | latency=0.6600 | time=3788ms | geo=0.0869 | adj=-0.0695 | stab=0.0665 | iso=US | via=name | km=11278 | w=0.0005 | [Pawdroid-SR-APK] 美国+CloudFlare节点-2
score=0.6948 | latency=0.6904 | time=3621ms | geo=0.0000 | adj=+0.0000 | stab=0.0044 | iso=CLOUDFLARE | via=mmdb | km=0 | w=0.0000 | [Pawdroid-SR-APK] 卢森堡+root.lu数据中心
score=0.6696 | latency=0.5641 | time=4432ms | geo=0.0869 | adj=-0.0695 | stab=0.0882 | iso=US | via=name | km=11278 | w=0.0005 | [Pawdroid-SR-APK] 美国+V2CROSS.COM-21
score=0.2764 | latency=5.1975 | time=481ms | geo=0.0000 | adj=-5.0000 | stab=0.0789 | iso=RU | via=name | km=0 | w=0.0000 | [Pawdroid-SR-APK] 俄罗斯+V2CROSS.COM-10
score=-0.1389 | latency=4.7893 | time=522ms | geo=0.0000 | adj=-5.0000 | stab=0.0719 | iso=IR | via=name | km=0 | w=0.0000 | [Pawdroid-SR-APK] 伊朗+V2CROSS.COM-2
score=-0.1422 | latency=0.0000 | time=0ms | geo=59.7593 | adj=+40.0000 | stab=0.0986 | iso=HK | via=name | km=1477 | w=0.3735 | [Pawdroid-SS-APK] Hong Kong-12
score=-0.1444 | latency=0.0000 | time=0ms | geo=59.7593 | adj=+40.0000 | stab=0.0963 | iso=HK | via=mmdb | km=1477 | w=0.3735 | [Pawdroid-SS-APK] Canada-10
score=-0.1525 | latency=0.0000 | time=0ms | geo=59.7593 | adj=+40.0000 | stab=0.0882 | iso=HK | via=mmdb | km=1477 | w=0.3735 | [Pawdroid-SS-APK] United States-23
score=-0.1532 | latency=0.0000 | time=0ms | geo=59.7593 | adj=+40.0000 | stab=0.0875 | iso=HK | via=name | km=1477 | w=0.3735 | [Pawdroid-SS-APK] Hong Kong-11
score=-0.1611 | latency=0.0000 | time=0ms | geo=59.7593 | adj=+40.0000 | stab=0.0797 | iso=HK | via=mmdb | km=1477 | w=0.3735 | [Pawdroid-SS-APK] Poland-2
score=-0.1620 | latency=0.0000 | time=0ms | geo=59.7593 | adj=+40.0000 | stab=0.0788 | iso=HK | via=name | km=1477 | w=0.3735 | [Pawdroid-SS-APK] 香港+电讯盈科商用网络
score=-0.1636 | latency=0.0000 | time=0ms | geo=59.7593 | adj=+40.0000 | stab=0.0771 | iso=HK | via=mmdb | km=1477 | w=0.3735 | [Pawdroid-SS-APK] United States-21
score=-0.1689 | latency=0.0000 | time=0ms | geo=59.7593 | adj=+40.0000 | stab=0.0719 | iso=HK | via=mmdb | km=1477 | w=0.3735 | [Pawdroid-SS-APK] United States
score=-0.1691 | latency=0.0000 | time=0ms | geo=59.7593 | adj=+40.0000 | stab=0.0716 | iso=HK | via=name | km=1477 | w=0.3735 | [Pawdroid-SS-APK] Hong Kong-3
score=-0.1729 | latency=0.0000 | time=0ms | geo=59.7593 | adj=+40.0000 | stab=0.0678 | iso=HK | via=mmdb | km=1477 | w=0.3735 | [Pawdroid-SS-APK] Poland
score=-0.1977 | latency=0.0000 | time=0ms | geo=59.7593 | adj=+40.0000 | stab=0.0431 | iso=HK | via=name | km=1477 | w=0.3735 | [Pawdroid-SS-APK] Hong Kong-13
score=-0.1980 | latency=0.0000 | time=0ms | geo=59.7593 | adj=+40.0000 | stab=0.0427 | iso=HK | via=name | km=1477 | w=0.3735 | [Pawdroid-SS-APK] Hong Kong-4
score=-0.2003 | latency=0.0000 | time=0ms | geo=59.7593 | adj=+40.0000 | stab=0.0404 | iso=HK | via=name | km=1477 | w=0.3735 | [Pawdroid-SS-APK] Hong Kong-5
score=-0.2011 | latency=0.0000 | time=0ms | geo=59.7593 | adj=+40.0000 | stab=0.0397 | iso=HK | via=mmdb | km=1477 | w=0.3735 | [Pawdroid-SS-APK] United+States-4
score=-0.2070 | latency=0.0000 | time=0ms | geo=59.7593 | adj=+40.0000 | stab=0.0338 | iso=HK | via=mmdb | km=1477 | w=0.3735 | [Pawdroid-SS-APK] United States-20
score=-0.2082 | latency=0.0000 | time=0ms | geo=59.7593 | adj=+40.0000 | stab=0.0325 | iso=HK | via=name | km=1477 | w=0.3735 | [Pawdroid-SS-APK] Hong Kong-2
score=-0.2108 | latency=0.0000 | time=0ms | geo=59.7593 | adj=+40.0000 | stab=0.0299 | iso=HK | via=mmdb | km=1477 | w=0.3735 | [Pawdroid-SS-APK] Hong+Kong-10
score=-0.2117 | latency=0.0000 | time=0ms | geo=59.7593 | adj=+40.0000 | stab=0.0291 | iso=HK | via=mmdb | km=1477 | w=0.3735 | [Pawdroid-SS-APK] Hong+Kong-5
score=-0.2179 | latency=0.0000 | time=0ms | geo=59.7593 | adj=+40.0000 | stab=0.0228 | iso=HK | via=name | km=1477 | w=0.3735 | [Pawdroid-SS-APK] 香港+Amazon数据中心
score=-0.2185 | latency=0.0000 | time=0ms | geo=59.7593 | adj=+40.0000 | stab=0.0223 | iso=HK | via=name | km=1477 | w=0.3735 | [Pawdroid-SS-APK] Hong Kong-10
score=-0.2202 | latency=0.0000 | time=0ms | geo=59.7593 | adj=+40.0000 | stab=0.0205 | iso=HK | via=name | km=1477 | w=0.3735 | [Pawdroid-SS-APK] Hong Kong
score=-0.2261 | latency=0.0000 | time=0ms | geo=59.7593 | adj=+40.0000 | stab=0.0147 | iso=HK | via=name | km=1477 | w=0.3735 | [Pawdroid-SS-APK] Hong Kong-7
score=-0.2277 | latency=0.0000 | time=0ms | geo=59.7593 | adj=+40.0000 | stab=0.0130 | iso=HK | via=mmdb | km=1477 | w=0.3735 | [Pawdroid-SS-APK] Hong+Kong-11
score=-0.2293 | latency=0.0000 | time=0ms | geo=59.7593 | adj=+40.0000 | stab=0.0114 | iso=HK | via=name | km=1477 | w=0.3735 | [Pawdroid-SS-APK] Hong Kong-6
score=-0.2331 | latency=0.0000 | time=0ms | geo=59.7593 | adj=+40.0000 | stab=0.0077 | iso=HK | via=name | km=1477 | w=0.3735 | [Pawdroid-SS-APK] Hong Kong-8
score=-0.2360 | latency=0.0000 | time=0ms | geo=59.7593 | adj=+40.0000 | stab=0.0048 | iso=HK | via=mmdb | km=1477 | w=0.3735 | [Pawdroid-SS-APK] Hong+Kong-8
score=-0.3566 | latency=4.6382 | time=539ms | geo=0.0000 | adj=-5.0000 | stab=0.0052 | iso=IR | via=name | km=0 | w=0.0000 | [Pawdroid-SR-APK] 伊朗+V2CROSS.COM-8
score=-0.5289 | latency=4.4014 | time=568ms | geo=0.0000 | adj=-5.0000 | stab=0.0697 | iso=IR | via=mmdb | km=0 | w=0.0000 | [Pawdroid-SR-APK] 保加利亚+V2CROSS.COM-5
score=-0.5625 | latency=4.4014 | time=568ms | geo=0.0000 | adj=-5.0000 | stab=0.0361 | iso=RU | via=name | km=0 | w=0.0000 | [Pawdroid-SR-APK] 俄罗斯+Rubtsovsk+Branch+of+Altai+State+University
score=-1.1252 | latency=3.7764 | time=662ms | geo=0.0000 | adj=-5.0000 | stab=0.0983 | iso=RU | via=name | km=0 | w=0.0000 | [Pawdroid-SR-APK] 俄罗斯+V2CROSS.COM-6
score=-1.2796 | latency=3.6657 | time=682ms | geo=0.0000 | adj=-5.0000 | stab=0.0547 | iso=RU | via=mmdb | km=0 | w=0.0000 | [Pawdroid-SS-APK] Brazil-4
score=-1.2889 | latency=3.6657 | time=682ms | geo=0.0000 | adj=-5.0000 | stab=0.0454 | iso=RU | via=mmdb | km=0 | w=0.0000 | [Pawdroid-SS-APK] Brazil-2
score=-1.3111 | latency=3.6657 | time=682ms | geo=0.0000 | adj=-5.0000 | stab=0.0232 | iso=RU | via=mmdb | km=0 | w=0.0000 | [Pawdroid-SS-APK] Brazil-6
score=-1.3159 | latency=3.6657 | time=682ms | geo=0.0000 | adj=-5.0000 | stab=0.0184 | iso=RU | via=mmdb | km=0 | w=0.0000 | [Pawdroid-SS-APK] Brazil-5
score=-1.4858 | latency=3.5063 | time=713ms | geo=0.0000 | adj=-5.0000 | stab=0.0079 | iso=CN | via=mmdb | km=0 | w=0.0000 | [Pawdroid-SR-APK] 上海市+东方有线
score=-2.6280 | latency=2.3105 | time=1082ms | geo=0.0000 | adj=-5.0000 | stab=0.0615 | iso=RU | via=name | km=0 | w=0.0000 | [Pawdroid-SS-APK] Russia-22
score=-3.7242 | latency=1.2048 | time=2075ms | geo=0.0000 | adj=-5.0000 | stab=0.0710 | iso=RU | via=name | km=0 | w=0.0000 | [Pawdroid-SR-APK] 俄罗斯+V2CROSS.COM-13
score=-3.9780 | latency=0.9332 | time=2679ms | geo=0.0000 | adj=-5.0000 | stab=0.0888 | iso=RU | via=name | km=0 | w=0.0000 | [Pawdroid-SR-APK] 俄罗斯+V2CROSS.COM-12
score=-4.2955 | latency=0.6420 | time=3894ms | geo=0.0000 | adj=-5.0000 | stab=0.0625 | iso=CN | via=mmdb | km=0 | w=0.0000 | [Pawdroid-SR-APK] 上海市+东方有线-2
score=-9.0479 | latency=0.0000 | time=0ms | geo=90.8552 | adj=+0.0000 | stab=0.0969 | iso=TW | via=name | km=849 | w=0.5678 | [Pawdroid-SS-APK] Taiwan-6
score=-9.0541 | latency=0.0000 | time=0ms | geo=90.8552 | adj=+0.0000 | stab=0.0907 | iso=TW | via=name | km=849 | w=0.5678 | [Pawdroid-SS-APK] Taiwan-3
score=-9.0729 | latency=0.0000 | time=0ms | geo=90.8552 | adj=+0.0000 | stab=0.0719 | iso=TW | via=name | km=849 | w=0.5678 | [Pawdroid-SS-APK] Taiwan-5
score=-9.1003 | latency=0.0000 | time=0ms | geo=90.8552 | adj=+0.0000 | stab=0.0445 | iso=TW | via=name | km=849 | w=0.5678 | [Pawdroid-SS-APK] 🇹🇼TW_18|182KB/s|A004-260618 01
score=-9.1052 | latency=0.0000 | time=0ms | geo=90.8552 | adj=+0.0000 | stab=0.0396 | iso=TW | via=name | km=849 | w=0.5678 | [Pawdroid-SS-APK] Taiwan
score=-9.1173 | latency=0.0000 | time=0ms | geo=90.8552 | adj=+0.0000 | stab=0.0275 | iso=TW | via=name | km=849 | w=0.5678 | [Pawdroid-SS-APK] 🇹🇼TW_5|137KB/s|A004-260618 01
score=-9.1204 | latency=0.0000 | time=0ms | geo=90.8552 | adj=+0.0000 | stab=0.0244 | iso=TW | via=name | km=849 | w=0.5678 | [Pawdroid-SS-APK] Taiwan-9
score=-9.1242 | latency=0.0000 | time=0ms | geo=90.8552 | adj=+0.0000 | stab=0.0206 | iso=TW | via=name | km=849 | w=0.5678 | [Pawdroid-SS-APK] Taiwan-2
score=-9.1277 | latency=0.0000 | time=0ms | geo=90.8552 | adj=+0.0000 | stab=0.0170 | iso=TW | via=name | km=849 | w=0.5678 | [Pawdroid-SS-APK] Taiwan-8
score=-9.1283 | latency=0.0000 | time=0ms | geo=90.8552 | adj=+0.0000 | stab=0.0164 | iso=TW | via=name | km=849 | w=0.5678 | [Pawdroid-SS-APK] Taiwan-7
score=-9.1285 | latency=0.0000 | time=0ms | geo=90.8552 | adj=+0.0000 | stab=0.0163 | iso=TW | via=name | km=849 | w=0.5678 | [Pawdroid-SS-APK] 台湾省南投县+中华电信
score=-9.1373 | latency=0.0000 | time=0ms | geo=90.8552 | adj=+0.0000 | stab=0.0075 | iso=TW | via=host | km=849 | w=0.5678 | [Pawdroid-SS-APK] vless-45
score=-9.1405 | latency=0.0000 | time=0ms | geo=90.8552 | adj=+0.0000 | stab=0.0043 | iso=TW | via=name | km=849 | w=0.5678 | [Pawdroid-SS-APK] Taiwan-4
score=-55.7624 | latency=0.0000 | time=0ms | geo=88.3086 | adj=-44.1543 | stab=0.0833 | iso=KR | via=name | km=892 | w=0.5519 | [Pawdroid-SS-APK] South Korea-3
score=-55.7692 | latency=0.0000 | time=0ms | geo=88.3086 | adj=-44.1543 | stab=0.0764 | iso=KR | via=name | km=892 | w=0.5519 | [Pawdroid-SS-APK] South Korea
score=-55.7835 | latency=0.0000 | time=0ms | geo=88.3086 | adj=-44.1543 | stab=0.0622 | iso=KR | via=name | km=892 | w=0.5519 | [Pawdroid-SR-APK] 韩国+首尔Choopa数据中心
score=-55.8064 | latency=0.0000 | time=0ms | geo=88.3086 | adj=-44.1543 | stab=0.0393 | iso=KR | via=name | km=892 | w=0.5519 | [Pawdroid-SS-APK] South Korea-2
score=-68.0058 | latency=0.0000 | time=0ms | geo=31.9393 | adj=+0.0000 | stab=0.0549 | iso=VN | via=mmdb | km=2417 | w=0.1996 | [Pawdroid-SS-APK] United+Kingdom-131
score=-80.6097 | latency=0.0000 | time=0ms | geo=19.3473 | adj=+0.0000 | stab=0.0430 | iso=TH | via=mmdb | km=3169 | w=0.1209 | [Pawdroid-SS-APK] Thailand
score=-82.4239 | latency=0.0000 | time=0ms | geo=17.5230 | adj=+0.0000 | stab=0.0532 | iso=MY | via=mmdb | km=3317 | w=0.1095 | [Pawdroid-SS-APK] Malaysia-2
score=-82.4508 | latency=0.0000 | time=0ms | geo=17.5230 | adj=+0.0000 | stab=0.0262 | iso=MY | via=mmdb | km=3317 | w=0.1095 | [Pawdroid-SS-APK] Malaysia-3
score=-82.4609 | latency=0.0000 | time=0ms | geo=17.5230 | adj=+0.0000 | stab=0.0162 | iso=MY | via=mmdb | km=3317 | w=0.1095 | [Pawdroid-SS-APK] Malaysia
score=-88.2452 | latency=0.0000 | time=0ms | geo=11.6558 | adj=+0.0000 | stab=0.0990 | iso=SG | via=name | km=3929 | w=0.0728 | [Pawdroid-SS-APK] Singapore-5
score=-88.2465 | latency=0.0000 | time=0ms | geo=11.6558 | adj=+0.0000 | stab=0.0977 | iso=SG | via=name | km=3929 | w=0.0728 | [Pawdroid-SS-APK] Singapore-44
score=-88.2502 | latency=0.0000 | time=0ms | geo=11.6558 | adj=+0.0000 | stab=0.0940 | iso=SG | via=name | km=3929 | w=0.0728 | [Pawdroid-SS-APK] Singapore-20
score=-88.2519 | latency=0.0000 | time=0ms | geo=11.6558 | adj=+0.0000 | stab=0.0923 | iso=SG | via=name | km=3929 | w=0.0728 | [Pawdroid-SS-APK] Singapore-31
score=-88.2520 | latency=0.0000 | time=0ms | geo=11.6558 | adj=+0.0000 | stab=0.0922 | iso=SG | via=name | km=3929 | w=0.0728 | [Pawdroid-SS-APK] Singapore-7
score=-88.2570 | latency=0.0000 | time=0ms | geo=11.6558 | adj=+0.0000 | stab=0.0872 | iso=SG | via=name | km=3929 | w=0.0728 | [Pawdroid-SS-APK] Singapore-18
score=-88.2586 | latency=0.0000 | time=0ms | geo=11.6558 | adj=+0.0000 | stab=0.0856 | iso=SG | via=name | km=3929 | w=0.0728 | [Pawdroid-SS-APK] Singapore-37
score=-88.2606 | latency=0.0000 | time=0ms | geo=11.6558 | adj=+0.0000 | stab=0.0836 | iso=SG | via=name | km=3929 | w=0.0728 | [Pawdroid-SS-APK] Singapore
score=-88.2653 | latency=0.0000 | time=0ms | geo=11.6558 | adj=+0.0000 | stab=0.0789 | iso=SG | via=name | km=3929 | w=0.0728 | [Pawdroid-SS-APK] Singapore-19
score=-88.2665 | latency=0.0000 | time=0ms | geo=11.6558 | adj=+0.0000 | stab=0.0778 | iso=SG | via=name | km=3929 | w=0.0728 | [Pawdroid-SS-APK] Singapore-39
score=-88.2692 | latency=0.0000 | time=0ms | geo=11.6558 | adj=+0.0000 | stab=0.0751 | iso=SG | via=name | km=3929 | w=0.0728 | [Pawdroid-SS-APK] Singapore-35
score=-88.2701 | latency=0.0000 | time=0ms | geo=11.6558 | adj=+0.0000 | stab=0.0741 | iso=SG | via=name | km=3929 | w=0.0728 | [Pawdroid-SS-APK] Singapore-29
score=-88.2703 | latency=0.0000 | time=0ms | geo=11.6558 | adj=+0.0000 | stab=0.0740 | iso=SG | via=name | km=3929 | w=0.0728 | [Pawdroid-SS-APK] Singapore-28
score=-88.2740 | latency=0.0000 | time=0ms | geo=11.6558 | adj=+0.0000 | stab=0.0703 | iso=SG | via=name | km=3929 | w=0.0728 | [Pawdroid-SS-APK] Singapore-25
score=-88.2750 | latency=0.0000 | time=0ms | geo=11.6558 | adj=+0.0000 | stab=0.0692 | iso=SG | via=name | km=3929 | w=0.0728 | [Pawdroid-SS-APK] Singapore-36
score=-88.2775 | latency=0.0000 | time=0ms | geo=11.6558 | adj=+0.0000 | stab=0.0667 | iso=SG | via=name | km=3929 | w=0.0728 | [Pawdroid-SS-APK] Singapore-33
score=-88.2796 | latency=0.0000 | time=0ms | geo=11.6558 | adj=+0.0000 | stab=0.0646 | iso=SG | via=name | km=3929 | w=0.0728 | [Pawdroid-SS-APK] Singapore-38
score=-88.2799 | latency=0.0000 | time=0ms | geo=11.6558 | adj=+0.0000 | stab=0.0643 | iso=SG | via=name | km=3929 | w=0.0728 | [Pawdroid-SS-APK] Singapore-43
score=-88.2809 | latency=0.0000 | time=0ms | geo=11.6558 | adj=+0.0000 | stab=0.0634 | iso=SG | via=name | km=3929 | w=0.0728 | [Pawdroid-SS-APK] Singapore-42
score=-88.2812 | latency=0.0000 | time=0ms | geo=11.6558 | adj=+0.0000 | stab=0.0630 | iso=SG | via=host | km=3929 | w=0.0728 | [Pawdroid-SS-APK] United+States-137
score=-88.2817 | latency=0.0000 | time=0ms | geo=11.6558 | adj=+0.0000 | stab=0.0625 | iso=SG | via=name | km=3929 | w=0.0728 | [Pawdroid-SS-APK] Singapore-3
score=-88.2827 | latency=0.0000 | time=0ms | geo=11.6558 | adj=+0.0000 | stab=0.0615 | iso=SG | via=name | km=3929 | w=0.0728 | [Pawdroid-SS-APK] Singapore-9
score=-88.2840 | latency=0.0000 | time=0ms | geo=11.6558 | adj=+0.0000 | stab=0.0602 | iso=SG | via=name | km=3929 | w=0.0728 | [Pawdroid-SS-APK] Singapore-4
score=-88.2843 | latency=0.0000 | time=0ms | geo=11.6558 | adj=+0.0000 | stab=0.0599 | iso=SG | via=mmdb | km=3929 | w=0.0728 | [Pawdroid-SS-APK] Malaysia-5
score=-88.2848 | latency=0.0000 | time=0ms | geo=11.6558 | adj=+0.0000 | stab=0.0594 | iso=SG | via=name | km=3929 | w=0.0728 | [Pawdroid-SS-APK] Singapore-24
score=-88.2887 | latency=0.0000 | time=0ms | geo=11.6558 | adj=+0.0000 | stab=0.0555 | iso=SG | via=name | km=3929 | w=0.0728 | [Pawdroid-SR-APK] 新加坡 Choopa数据中心
score=-88.2890 | latency=0.0000 | time=0ms | geo=11.6558 | adj=+0.0000 | stab=0.0552 | iso=SG | via=name | km=3929 | w=0.0728 | [Pawdroid-SS-APK] Singapore-32
score=-88.2899 | latency=0.0000 | time=0ms | geo=11.6558 | adj=+0.0000 | stab=0.0543 | iso=SG | via=name | km=3929 | w=0.0728 | [Pawdroid-SS-APK] Singapore-40
score=-88.2906 | latency=0.0000 | time=0ms | geo=11.6558 | adj=+0.0000 | stab=0.0536 | iso=SG | via=mmdb | km=3929 | w=0.0728 | [Pawdroid-SS-APK] United+States-146
score=-88.2917 | latency=0.0000 | time=0ms | geo=11.6558 | adj=+0.0000 | stab=0.0525 | iso=SG | via=name | km=3929 | w=0.0728 | [Pawdroid-SS-APK] Singapore-16
score=-88.3051 | latency=0.0000 | time=0ms | geo=11.6558 | adj=+0.0000 | stab=0.0391 | iso=SG | via=name | km=3929 | w=0.0728 | [Pawdroid-SS-APK] Singapore-45
score=-88.3056 | latency=0.0000 | time=0ms | geo=11.6558 | adj=+0.0000 | stab=0.0386 | iso=SG | via=name | km=3929 | w=0.0728 | [Pawdroid-SS-APK] Singapore-12
score=-88.3065 | latency=0.0000 | time=0ms | geo=11.6558 | adj=+0.0000 | stab=0.0377 | iso=SG | via=name | km=3929 | w=0.0728 | [Pawdroid-SS-APK] Singapore-10
score=-88.3083 | latency=0.0000 | time=0ms | geo=11.6558 | adj=+0.0000 | stab=0.0359 | iso=SG | via=name | km=3929 | w=0.0728 | [Pawdroid-SS-APK] Singapore-21
score=-88.3095 | latency=0.0000 | time=0ms | geo=11.6558 | adj=+0.0000 | stab=0.0347 | iso=SG | via=name | km=3929 | w=0.0728 | [Pawdroid-SS-APK] Singapore-34
score=-88.3114 | latency=0.0000 | time=0ms | geo=11.6558 | adj=+0.0000 | stab=0.0328 | iso=SG | via=name | km=3929 | w=0.0728 | [Pawdroid-SS-APK] Singapore-26
score=-88.3123 | latency=0.0000 | time=0ms | geo=11.6558 | adj=+0.0000 | stab=0.0319 | iso=SG | via=mmdb | km=3929 | w=0.0728 | [Pawdroid-SS-APK] Spain-2
score=-88.3158 | latency=0.0000 | time=0ms | geo=11.6558 | adj=+0.0000 | stab=0.0284 | iso=SG | via=name | km=3929 | w=0.0728 | [Pawdroid-SS-APK] Singapore-41
score=-88.3190 | latency=0.0000 | time=0ms | geo=11.6558 | adj=+0.0000 | stab=0.0252 | iso=SG | via=name | km=3929 | w=0.0728 | [Pawdroid-SS-APK] Singapore-30
score=-88.3204 | latency=0.0000 | time=0ms | geo=11.6558 | adj=+0.0000 | stab=0.0238 | iso=SG | via=name | km=3929 | w=0.0728 | [Pawdroid-SS-APK] Singapore-22
score=-88.3209 | latency=0.0000 | time=0ms | geo=11.6558 | adj=+0.0000 | stab=0.0233 | iso=SG | via=mmdb | km=3929 | w=0.0728 | [Pawdroid-SS-APK] Malaysia-4
score=-88.3215 | latency=0.0000 | time=0ms | geo=11.6558 | adj=+0.0000 | stab=0.0227 | iso=SG | via=name | km=3929 | w=0.0728 | [Pawdroid-SS-APK] Singapore-46
score=-88.3250 | latency=0.0000 | time=0ms | geo=11.6558 | adj=+0.0000 | stab=0.0192 | iso=SG | via=name | km=3929 | w=0.0728 | [Pawdroid-SS-APK] Singapore-47
score=-88.3258 | latency=0.0000 | time=0ms | geo=11.6558 | adj=+0.0000 | stab=0.0184 | iso=SG | via=name | km=3929 | w=0.0728 | [Pawdroid-SS-APK] Singapore-15
score=-88.3260 | latency=0.0000 | time=0ms | geo=11.6558 | adj=+0.0000 | stab=0.0182 | iso=SG | via=name | km=3929 | w=0.0728 | [Pawdroid-SS-APK] Singapore-2
score=-88.3268 | latency=0.0000 | time=0ms | geo=11.6558 | adj=+0.0000 | stab=0.0174 | iso=SG | via=name | km=3929 | w=0.0728 | [Pawdroid-SS-APK] Singapore-27
score=-88.3271 | latency=0.0000 | time=0ms | geo=11.6558 | adj=+0.0000 | stab=0.0171 | iso=SG | via=name | km=3929 | w=0.0728 | [Pawdroid-SS-APK] Singapore-23
score=-88.3304 | latency=0.0000 | time=0ms | geo=11.6558 | adj=+0.0000 | stab=0.0138 | iso=SG | via=name | km=3929 | w=0.0728 | [Pawdroid-SS-APK] Singapore-17
score=-88.3324 | latency=0.0000 | time=0ms | geo=11.6558 | adj=+0.0000 | stab=0.0119 | iso=SG | via=name | km=3929 | w=0.0728 | [Pawdroid-SS-APK] Singapore-6
score=-88.3362 | latency=0.0000 | time=0ms | geo=11.6558 | adj=+0.0000 | stab=0.0080 | iso=SG | via=name | km=3929 | w=0.0728 | [Pawdroid-SS-APK] Singapore-8
score=-88.3410 | latency=0.0000 | time=0ms | geo=11.6558 | adj=+0.0000 | stab=0.0032 | iso=SG | via=name | km=3929 | w=0.0728 | [Pawdroid-SS-APK] 🇸🇬SG_20|258KB/s 01
score=-88.3427 | latency=0.0000 | time=0ms | geo=11.6558 | adj=+0.0000 | stab=0.0016 | iso=SG | via=mmdb | km=3929 | w=0.0728 | [Pawdroid-SR-APK] 美国 Akamai科技公司CDN网络节点
score=-93.5211 | latency=0.0000 | time=0ms | geo=6.4240 | adj=+0.0000 | stab=0.0549 | iso=MH | via=mmdb | km=4823 | w=0.0401 | [Pawdroid-SS-APK] Australia-2
score=-94.6036 | latency=0.0000 | time=0ms | geo=5.3003 | adj=+0.0000 | stab=0.0961 | iso=IN | via=name | km=5111 | w=0.0331 | [Pawdroid-SS-APK] India-4
score=-94.6118 | latency=0.0000 | time=0ms | geo=5.3003 | adj=+0.0000 | stab=0.0879 | iso=IN | via=name | km=5111 | w=0.0331 | [Pawdroid-SS-APK] India-3
score=-94.6649 | latency=0.0000 | time=0ms | geo=5.3003 | adj=+0.0000 | stab=0.0347 | iso=IN | via=mmdb | km=5111 | w=0.0331 | [Pawdroid-SS-APK] United+States-164
score=-94.6753 | latency=0.0000 | time=0ms | geo=5.3003 | adj=+0.0000 | stab=0.0244 | iso=IN | via=name | km=5111 | w=0.0331 | [Pawdroid-SS-APK] India
score=-94.6786 | latency=0.0000 | time=0ms | geo=5.3003 | adj=+0.0000 | stab=0.0210 | iso=IN | via=name | km=5111 | w=0.0331 | [Pawdroid-SS-APK] India-2
score=-95.5350 | latency=0.0000 | time=0ms | geo=4.3887 | adj=+0.0000 | stab=0.0763 | iso=KZ | via=mmdb | km=5394 | w=0.0274 | [Pawdroid-SS-APK] Pakistan-5
score=-95.5505 | latency=0.0000 | time=0ms | geo=4.3887 | adj=+0.0000 | stab=0.0609 | iso=KZ | via=mmdb | km=5394 | w=0.0274 | [Pawdroid-SS-APK] United+States-333
score=-95.5576 | latency=0.0000 | time=0ms | geo=4.3887 | adj=+0.0000 | stab=0.0537 | iso=KZ | via=mmdb | km=5394 | w=0.0274 | [Pawdroid-SS-APK] Cyprus-3
score=-95.5724 | latency=0.0000 | time=0ms | geo=4.3887 | adj=+0.0000 | stab=0.0389 | iso=KZ | via=mmdb | km=5394 | w=0.0274 | [Pawdroid-SS-APK] Kazakhstan-2
score=-95.5864 | latency=0.0000 | time=0ms | geo=4.3887 | adj=+0.0000 | stab=0.0249 | iso=KZ | via=mmdb | km=5394 | w=0.0274 | [Pawdroid-SS-APK] United+States-332
score=-95.5931 | latency=0.0000 | time=0ms | geo=4.3887 | adj=+0.0000 | stab=0.0182 | iso=KZ | via=mmdb | km=5394 | w=0.0274 | [Pawdroid-SS-APK] United+States-331
score=-97.4493 | latency=0.0000 | time=0ms | geo=2.4635 | adj=+0.0000 | stab=0.0872 | iso=AU | via=name | km=6260 | w=0.0154 | [Pawdroid-SS-APK] Australia-3
score=-97.4815 | latency=0.0000 | time=0ms | geo=2.4635 | adj=+0.0000 | stab=0.0551 | iso=AU | via=name | km=6260 | w=0.0154 | [Pawdroid-SS-APK] Australia
score=-97.4820 | latency=0.0000 | time=0ms | geo=2.4635 | adj=+0.0000 | stab=0.0545 | iso=AU | via=name | km=6260 | w=0.0154 | [Pawdroid-SS-APK] Australia-5
score=-97.4896 | latency=0.0000 | time=0ms | geo=2.4635 | adj=+0.0000 | stab=0.0470 | iso=AU | via=name | km=6260 | w=0.0154 | [Pawdroid-SS-APK] Australia-4
score=-98.5530 | latency=0.0000 | time=0ms | geo=1.3509 | adj=+0.0000 | stab=0.0961 | iso=AE | via=mmdb | km=7162 | w=0.0084 | [Pawdroid-SS-APK] Iran-2
score=-98.5603 | latency=0.0000 | time=0ms | geo=1.3509 | adj=+0.0000 | stab=0.0888 | iso=AE | via=mmdb | km=7162 | w=0.0084 | [Pawdroid-SS-APK] United+States-228
score=-98.5605 | latency=0.0000 | time=0ms | geo=1.3509 | adj=+0.0000 | stab=0.0886 | iso=AE | via=mmdb | km=7162 | w=0.0084 | [Pawdroid-SS-APK] 英国+V2CROSS.COM-3
score=-98.5605 | latency=0.0000 | time=0ms | geo=1.3509 | adj=+0.0000 | stab=0.0886 | iso=AE | via=mmdb | km=7162 | w=0.0084 | [Pawdroid-SS-APK] United+States-245
score=-98.5607 | latency=0.0000 | time=0ms | geo=1.3509 | adj=+0.0000 | stab=0.0884 | iso=AE | via=mmdb | km=7162 | w=0.0084 | [Pawdroid-SS-APK] United+States-267
score=-98.5645 | latency=0.0000 | time=0ms | geo=1.3509 | adj=+0.0000 | stab=0.0846 | iso=AE | via=mmdb | km=7162 | w=0.0084 | [Pawdroid-SS-APK] United+Arab+Emirates
score=-98.5757 | latency=0.0000 | time=0ms | geo=1.3509 | adj=+0.0000 | stab=0.0735 | iso=AE | via=mmdb | km=7162 | w=0.0084 | [Pawdroid-SS-APK] United+States-182
score=-98.5783 | latency=0.0000 | time=0ms | geo=1.3509 | adj=+0.0000 | stab=0.0708 | iso=AE | via=mmdb | km=7162 | w=0.0084 | [Pawdroid-SS-APK] United+States-237
score=-98.5933 | latency=0.0000 | time=0ms | geo=1.3509 | adj=+0.0000 | stab=0.0558 | iso=AE | via=mmdb | km=7162 | w=0.0084 | [Pawdroid-SS-APK] United+Arab+Emirates-2
score=-98.6052 | latency=0.0000 | time=0ms | geo=1.3509 | adj=+0.0000 | stab=0.0439 | iso=AE | via=mmdb | km=7162 | w=0.0084 | [Pawdroid-SS-APK] United+States-259
score=-98.6073 | latency=0.0000 | time=0ms | geo=1.3509 | adj=+0.0000 | stab=0.0418 | iso=AE | via=mmdb | km=7162 | w=0.0084 | [Pawdroid-SS-APK] Iran-5
score=-98.6113 | latency=0.0000 | time=0ms | geo=1.3509 | adj=+0.0000 | stab=0.0379 | iso=AE | via=mmdb | km=7162 | w=0.0084 | [Pawdroid-SS-APK] United+States-231
score=-98.6191 | latency=0.0000 | time=0ms | geo=1.3509 | adj=+0.0000 | stab=0.0300 | iso=AE | via=mmdb | km=7162 | w=0.0084 | [Pawdroid-SS-APK] United+States-258
score=-98.6350 | latency=0.0000 | time=0ms | geo=1.3509 | adj=+0.0000 | stab=0.0141 | iso=AE | via=mmdb | km=7162 | w=0.0084 | [Pawdroid-SS-APK] Slovakia-2
score=-98.6392 | latency=0.0000 | time=0ms | geo=1.3509 | adj=+0.0000 | stab=0.0099 | iso=AE | via=mmdb | km=7162 | w=0.0084 | [Pawdroid-SS-APK] 伊朗+V2CROSS.COM-2
score=-98.7387 | latency=0.0000 | time=0ms | geo=1.1957 | adj=+0.0000 | stab=0.0657 | iso=AM | via=mmdb | km=7345 | w=0.0075 | [Pawdroid-SS-APK] United+States-290
score=-98.7512 | latency=0.0000 | time=0ms | geo=1.1957 | adj=+0.0000 | stab=0.0531 | iso=AM | via=mmdb | km=7345 | w=0.0075 | [Pawdroid-SS-APK] United+States-295
score=-98.9186 | latency=0.0000 | time=0ms | geo=0.9821 | adj=+0.0000 | stab=0.0992 | iso=FI | via=mmdb | km=7640 | w=0.0061 | [Pawdroid-SS-APK] Austria-3
score=-98.9234 | latency=0.0000 | time=0ms | geo=0.9821 | adj=+0.0000 | stab=0.0945 | iso=FI | via=mmdb | km=7640 | w=0.0061 | [Pawdroid-SS-APK] Bulgaria-5
score=-98.9350 | latency=0.0000 | time=0ms | geo=0.9821 | adj=+0.0000 | stab=0.0829 | iso=FI | via=name | km=7640 | w=0.0061 | [Pawdroid-SS-APK] Finland-2
score=-98.9353 | latency=0.0000 | time=0ms | geo=0.9821 | adj=+0.0000 | stab=0.0825 | iso=FI | via=mmdb | km=7640 | w=0.0061 | [Pawdroid-SS-APK] Poland-9
score=-98.9630 | latency=0.0000 | time=0ms | geo=0.9821 | adj=+0.0000 | stab=0.0549 | iso=FI | via=mmdb | km=7640 | w=0.0061 | [Pawdroid-SS-APK] France-49
score=-98.9665 | latency=0.0000 | time=0ms | geo=0.9821 | adj=+0.0000 | stab=0.0513 | iso=FI | via=name | km=7640 | w=0.0061 | [Pawdroid-SS-APK] Finland
score=-98.9732 | latency=0.0000 | time=0ms | geo=0.9821 | adj=+0.0000 | stab=0.0446 | iso=FI | via=mmdb | km=7640 | w=0.0061 | [Pawdroid-SS-APK] Sweden
score=-98.9789 | latency=0.0000 | time=0ms | geo=0.9821 | adj=+0.0000 | stab=0.0390 | iso=FI | via=mmdb | km=7640 | w=0.0061 | [Pawdroid-SS-APK] United+Kingdom-132
score=-98.9815 | latency=0.0000 | time=0ms | geo=0.9821 | adj=+0.0000 | stab=0.0364 | iso=FI | via=mmdb | km=7640 | w=0.0061 | [Pawdroid-SS-APK] United+Kingdom-129
score=-99.0053 | latency=0.0000 | time=0ms | geo=0.9821 | adj=+0.0000 | stab=0.0126 | iso=FI | via=mmdb | km=7640 | w=0.0061 | [Pawdroid-SS-APK] Russia-20
score=-99.0134 | latency=0.0000 | time=0ms | geo=0.9821 | adj=+0.0000 | stab=0.0045 | iso=FI | via=mmdb | km=7640 | w=0.0061 | [Pawdroid-SS-APK] Ukraine-8
score=-99.0648 | latency=0.0000 | time=0ms | geo=0.8463 | adj=+0.0000 | stab=0.0889 | iso=EE | via=mmdb | km=7863 | w=0.0053 | [Pawdroid-SS-APK] 爱沙尼亚+V2CROSS.COM
score=-99.0882 | latency=0.0000 | time=0ms | geo=0.8463 | adj=+0.0000 | stab=0.0656 | iso=EE | via=mmdb | km=7863 | w=0.0053 | [Pawdroid-SS-APK] United+Kingdom-120
score=-99.0989 | latency=0.0000 | time=0ms | geo=0.8463 | adj=+0.0000 | stab=0.0548 | iso=EE | via=mmdb | km=7863 | w=0.0053 | [Pawdroid-SS-APK] Iran-12
score=-99.1189 | latency=0.0000 | time=0ms | geo=0.8463 | adj=+0.0000 | stab=0.0348 | iso=EE | via=mmdb | km=7863 | w=0.0053 | [Pawdroid-SS-APK] Iran-8
score=-99.1215 | latency=0.0000 | time=0ms | geo=0.8463 | adj=+0.0000 | stab=0.0322 | iso=EE | via=mmdb | km=7863 | w=0.0053 | [Pawdroid-SS-APK] 俄罗斯+V2CROSS.COM-6
score=-99.1228 | latency=0.0000 | time=0ms | geo=0.8463 | adj=+0.0000 | stab=0.0310 | iso=EE | via=mmdb | km=7863 | w=0.0053 | [Pawdroid-SS-APK] Iceland-2
score=-99.1351 | latency=0.0000 | time=0ms | geo=0.7668 | adj=+0.0000 | stab=0.0982 | iso=LV | via=mmdb | km=8011 | w=0.0048 | [Pawdroid-SS-APK] Latvia-6
score=-99.1363 | latency=0.0000 | time=0ms | geo=0.8463 | adj=+0.0000 | stab=0.0175 | iso=EE | via=mmdb | km=7863 | w=0.0053 | [Pawdroid-SS-APK] Iran-16
score=-99.1383 | latency=0.0000 | time=0ms | geo=0.8463 | adj=+0.0000 | stab=0.0154 | iso=EE | via=mmdb | km=7863 | w=0.0053 | [Pawdroid-SS-APK] Iran-11
score=-99.1590 | latency=0.0000 | time=0ms | geo=0.7668 | adj=+0.0000 | stab=0.0742 | iso=LV | via=mmdb | km=8011 | w=0.0048 | [Pawdroid-SS-APK] Latvia-2
score=-99.1776 | latency=0.0000 | time=0ms | geo=0.7965 | adj=+0.0000 | stab=0.0260 | iso=UA | via=mmdb | km=7954 | w=0.0050 | [Pawdroid-SS-APK] Ukraine-4
score=-99.1822 | latency=0.0000 | time=0ms | geo=0.7668 | adj=+0.0000 | stab=0.0510 | iso=LV | via=mmdb | km=8011 | w=0.0048 | [Pawdroid-SS-APK] 拉脱维亚+V2CROSS.COM
score=-99.1844 | latency=0.0000 | time=0ms | geo=0.7668 | adj=+0.0000 | stab=0.0488 | iso=LV | via=mmdb | km=8011 | w=0.0048 | [Pawdroid-SS-APK] 伊朗+V2CROSS.COM-4
score=-99.1846 | latency=0.0000 | time=0ms | geo=0.7965 | adj=+0.0000 | stab=0.0189 | iso=UA | via=mmdb | km=7954 | w=0.0050 | [Pawdroid-SS-APK] Ukraine-5
score=-99.1851 | latency=0.0000 | time=0ms | geo=0.7965 | adj=+0.0000 | stab=0.0185 | iso=UA | via=mmdb | km=7954 | w=0.0050 | [Pawdroid-SS-APK] Ukraine-2
score=-99.1884 | latency=0.0000 | time=0ms | geo=0.7152 | adj=+0.0000 | stab=0.0964 | iso=LT | via=mmdb | km=8116 | w=0.0045 | [Pawdroid-SR-APK] 立陶宛+维尔纽斯县维尔纽斯iv.lt
score=-99.2095 | latency=0.0000 | time=0ms | geo=0.7668 | adj=+0.0000 | stab=0.0237 | iso=LV | via=mmdb | km=8011 | w=0.0048 | [Pawdroid-SS-APK] Latvia-3
score=-99.2170 | latency=0.0000 | time=0ms | geo=0.7152 | adj=+0.0000 | stab=0.0678 | iso=LT | via=mmdb | km=8116 | w=0.0045 | [Pawdroid-SS-APK] Germany-22
score=-99.2331 | latency=0.0000 | time=0ms | geo=0.7668 | adj=+0.0000 | stab=0.0001 | iso=LV | via=mmdb | km=8011 | w=0.0048 | [Pawdroid-SS-APK] Indonesia-2
score=-99.2409 | latency=0.0000 | time=0ms | geo=0.6609 | adj=+0.0000 | stab=0.0982 | iso=SE | via=name | km=8234 | w=0.0041 | [Pawdroid-SS-APK] 瑞典+V2CROSS.COM-3
score=-99.2422 | latency=0.0000 | time=0ms | geo=0.6609 | adj=+0.0000 | stab=0.0968 | iso=SE | via=name | km=8234 | w=0.0041 | [Pawdroid-SS-APK] 瑞典+V2CROSS.COM
score=-99.2448 | latency=0.0000 | time=0ms | geo=0.6609 | adj=+0.0000 | stab=0.0942 | iso=SE | via=name | km=8234 | w=0.0041 | [Pawdroid-SS-APK] 瑞典+V2CROSS.COM-2
score=-99.2458 | latency=0.0000 | time=0ms | geo=0.6836 | adj=+0.0000 | stab=0.0706 | iso=TR | via=mmdb | km=8183 | w=0.0043 | [Pawdroid-SS-APK] United+States-172
score=-99.2463 | latency=0.0000 | time=0ms | geo=0.6836 | adj=+0.0000 | stab=0.0701 | iso=TR | via=mmdb | km=8183 | w=0.0043 | [Pawdroid-SS-APK] Ukraine-7
score=-99.2646 | latency=0.0000 | time=0ms | geo=0.6609 | adj=+0.0000 | stab=0.0744 | iso=SE | via=mmdb | km=8234 | w=0.0041 | [Pawdroid-SS-APK] United+Kingdom-125
score=-99.2738 | latency=0.0000 | time=0ms | geo=0.6836 | adj=+0.0000 | stab=0.0426 | iso=TR | via=name | km=8183 | w=0.0043 | [Pawdroid-SS-APK] 土耳其+V2CROSS.COM
score=-99.2815 | latency=0.0000 | time=0ms | geo=0.6609 | adj=+0.0000 | stab=0.0576 | iso=SE | via=mmdb | km=8234 | w=0.0041 | [Pawdroid-SS-APK] The+Netherlands-79
score=-99.2847 | latency=0.0000 | time=0ms | geo=0.6541 | adj=+0.0000 | stab=0.0612 | iso=MD | via=mmdb | km=8250 | w=0.0041 | [Pawdroid-SS-APK] United+States-238
score=-99.2853 | latency=0.0000 | time=0ms | geo=0.6609 | adj=+0.0000 | stab=0.0538 | iso=SE | via=name | km=8234 | w=0.0041 | [Pawdroid-SR-APK] Sweden
score=-99.2860 | latency=0.0000 | time=0ms | geo=0.6836 | adj=+0.0000 | stab=0.0304 | iso=TR | via=mmdb | km=8183 | w=0.0043 | [Pawdroid-SS-APK] 俄罗斯+V2CROSS.COM-10
score=-99.2872 | latency=0.0000 | time=0ms | geo=0.6836 | adj=+0.0000 | stab=0.0292 | iso=TR | via=mmdb | km=8183 | w=0.0043 | [Pawdroid-SS-APK] Iran-7
score=-99.3157 | latency=0.0000 | time=0ms | geo=0.6836 | adj=+0.0000 | stab=0.0007 | iso=TR | via=mmdb | km=8183 | w=0.0043 | [Pawdroid-SS-APK] Türkiye
score=-99.3291 | latency=0.0000 | time=0ms | geo=0.5726 | adj=+0.0000 | stab=0.0982 | iso=NO | via=mmdb | km=8449 | w=0.0036 | [Pawdroid-SS-APK] Norway-3
score=-99.3339 | latency=0.0000 | time=0ms | geo=0.5726 | adj=+0.0000 | stab=0.0935 | iso=NO | via=mmdb | km=8449 | w=0.0036 | [Pawdroid-SS-APK] Norway-2
score=-99.3384 | latency=0.0000 | time=0ms | geo=0.5726 | adj=+0.0000 | stab=0.0890 | iso=NO | via=mmdb | km=8449 | w=0.0036 | [Pawdroid-SR-APK] Russia
score=-99.3541 | latency=0.0000 | time=0ms | geo=0.5712 | adj=+0.0000 | stab=0.0747 | iso=SC | via=mmdb | km=8453 | w=0.0036 | [Pawdroid-SS-APK] Hong+Kong-6
score=-99.3581 | latency=0.0000 | time=0ms | geo=0.5712 | adj=+0.0000 | stab=0.0707 | iso=SC | via=mmdb | km=8453 | w=0.0036 | [Pawdroid-SS-APK] Hong+Kong-4
score=-99.3725 | latency=0.0000 | time=0ms | geo=0.5712 | adj=+0.0000 | stab=0.0563 | iso=SC | via=mmdb | km=8453 | w=0.0036 | [Pawdroid-SS-APK] United+States-298
score=-99.3731 | latency=0.0000 | time=0ms | geo=0.5273 | adj=+0.0000 | stab=0.0996 | iso=RO | via=mmdb | km=8573 | w=0.0033 | [Pawdroid-SR-APK] Romania-10
score=-99.3733 | latency=0.0000 | time=0ms | geo=0.5321 | adj=+0.0000 | stab=0.0946 | iso=PL | via=mmdb | km=8559 | w=0.0033 | [Pawdroid-SS-APK] United+Kingdom-108
score=-99.3743 | latency=0.0000 | time=0ms | geo=0.5726 | adj=+0.0000 | stab=0.0531 | iso=NO | via=mmdb | km=8449 | w=0.0036 | [Pawdroid-SS-APK] Norway
score=-99.3774 | latency=0.0000 | time=0ms | geo=0.5273 | adj=+0.0000 | stab=0.0953 | iso=RO | via=mmdb | km=8573 | w=0.0033 | [Pawdroid-SS-APK] United+States-325
score=-99.3797 | latency=0.0000 | time=0ms | geo=0.5273 | adj=+0.0000 | stab=0.0929 | iso=RO | via=mmdb | km=8573 | w=0.0033 | [Pawdroid-SR-APK] Romania-9
score=-99.3836 | latency=0.0000 | time=0ms | geo=0.5321 | adj=+0.0000 | stab=0.0843 | iso=PL | via=mmdb | km=8559 | w=0.0033 | [Pawdroid-SS-APK] 伊朗+V2CROSS.COM-3
score=-99.3846 | latency=0.0000 | time=0ms | geo=0.5321 | adj=+0.0000 | stab=0.0833 | iso=PL | via=mmdb | km=8559 | w=0.0033 | [Pawdroid-SR-APK] South+Africa
score=-99.3853 | latency=0.0000 | time=0ms | geo=0.5410 | adj=+0.0000 | stab=0.0737 | iso=CY | via=mmdb | km=8534 | w=0.0034 | [Pawdroid-SS-APK] United+States-233
score=-99.3873 | latency=0.0000 | time=0ms | geo=0.5273 | adj=+0.0000 | stab=0.0853 | iso=RO | via=mmdb | km=8573 | w=0.0033 | [Pawdroid-SS-APK] United+States-330
score=-99.3940 | latency=0.0000 | time=0ms | geo=0.5273 | adj=+0.0000 | stab=0.0787 | iso=RO | via=mmdb | km=8573 | w=0.0033 | [Pawdroid-SS-APK] United+States-326
score=-99.3989 | latency=0.0000 | time=0ms | geo=0.5273 | adj=+0.0000 | stab=0.0737 | iso=RO | via=mmdb | km=8573 | w=0.0033 | [Pawdroid-SR-APK] 罗马尼亚+V2CROSS.COM-5
score=-99.3999 | latency=0.0000 | time=0ms | geo=0.5273 | adj=+0.0000 | stab=0.0727 | iso=RO | via=mmdb | km=8573 | w=0.0033 | [Pawdroid-SR-APK] 罗马尼亚+V2CROSS.COM
score=-99.4000 | latency=0.0000 | time=0ms | geo=0.5273 | adj=+0.0000 | stab=0.0727 | iso=RO | via=mmdb | km=8573 | w=0.0033 | [Pawdroid-SS-APK] United+States-318
score=-99.4012 | latency=0.0000 | time=0ms | geo=0.5321 | adj=+0.0000 | stab=0.0667 | iso=PL | via=mmdb | km=8559 | w=0.0033 | [Pawdroid-SS-APK] Czechia-2
score=-99.4012 | latency=0.0000 | time=0ms | geo=0.5726 | adj=+0.0000 | stab=0.0261 | iso=NO | via=mmdb | km=8449 | w=0.0036 | [Pawdroid-SS-APK] Norway-4
score=-99.4033 | latency=0.0000 | time=0ms | geo=0.5321 | adj=+0.0000 | stab=0.0646 | iso=PL | via=mmdb | km=8559 | w=0.0033 | [Pawdroid-SS-APK] Poland-10
score=-99.4043 | latency=0.0000 | time=0ms | geo=0.5712 | adj=+0.0000 | stab=0.0246 | iso=SC | via=mmdb | km=8453 | w=0.0036 | [Pawdroid-SS-APK] Italy-3
score=-99.4046 | latency=0.0000 | time=0ms | geo=0.5712 | adj=+0.0000 | stab=0.0243 | iso=SC | via=mmdb | km=8453 | w=0.0036 | [Pawdroid-SS-APK] Seychelles-7
score=-99.4072 | latency=0.0000 | time=0ms | geo=0.5273 | adj=+0.0000 | stab=0.0654 | iso=RO | via=mmdb | km=8573 | w=0.0033 | [Pawdroid-SS-APK] Romania-3
score=-99.4073 | latency=0.0000 | time=0ms | geo=0.5273 | adj=+0.0000 | stab=0.0654 | iso=RO | via=mmdb | km=8573 | w=0.0033 | [Pawdroid-SR-APK] 罗马尼亚+V2CROSS.COM-6
score=-99.4081 | latency=0.0000 | time=0ms | geo=0.5712 | adj=+0.0000 | stab=0.0207 | iso=SC | via=mmdb | km=8453 | w=0.0036 | [Pawdroid-SS-APK] Indonesia
score=-99.4088 | latency=0.0000 | time=0ms | geo=0.5321 | adj=+0.0000 | stab=0.0591 | iso=PL | via=mmdb | km=8559 | w=0.0033 | [Pawdroid-SS-APK] Iran-18
score=-99.4088 | latency=0.0000 | time=0ms | geo=0.5410 | adj=+0.0000 | stab=0.0502 | iso=CY | via=mmdb | km=8534 | w=0.0034 | [Pawdroid-SS-APK] United+States-227
score=-99.4092 | latency=0.0000 | time=0ms | geo=0.5273 | adj=+0.0000 | stab=0.0634 | iso=RO | via=mmdb | km=8573 | w=0.0033 | [Pawdroid-SR-APK] Romania-13
score=-99.4108 | latency=0.0000 | time=0ms | geo=0.5273 | adj=+0.0000 | stab=0.0618 | iso=RO | via=mmdb | km=8573 | w=0.0033 | [Pawdroid-SR-APK] Romania-11
score=-99.4138 | latency=0.0000 | time=0ms | geo=0.5273 | adj=+0.0000 | stab=0.0589 | iso=RO | via=mmdb | km=8573 | w=0.0033 | [Pawdroid-SS-APK] Romania-5
score=-99.4144 | latency=0.0000 | time=0ms | geo=0.5321 | adj=+0.0000 | stab=0.0535 | iso=PL | via=mmdb | km=8559 | w=0.0033 | [Pawdroid-SS-APK] Iran-4
score=-99.4159 | latency=0.0000 | time=0ms | geo=0.5273 | adj=+0.0000 | stab=0.0567 | iso=RO | via=mmdb | km=8573 | w=0.0033 | [Pawdroid-SR-APK] Romania
score=-99.4161 | latency=0.0000 | time=0ms | geo=0.5273 | adj=+0.0000 | stab=0.0565 | iso=RO | via=mmdb | km=8573 | w=0.0033 | [Pawdroid-SR-APK] 罗马尼亚+V2CROSS.COM-2
score=-99.4193 | latency=0.0000 | time=0ms | geo=0.5273 | adj=+0.0000 | stab=0.0534 | iso=RO | via=mmdb | km=8573 | w=0.0033 | [Pawdroid-SR-APK] 罗马尼亚+V2CROSS.COM-8
score=-99.4201 | latency=0.0000 | time=0ms | geo=0.5410 | adj=+0.0000 | stab=0.0388 | iso=CY | via=mmdb | km=8534 | w=0.0034 | [Pawdroid-SS-APK] United+States-183
score=-99.4214 | latency=0.0000 | time=0ms | geo=0.5427 | adj=+0.0000 | stab=0.0359 | iso=IL | via=mmdb | km=8530 | w=0.0034 | [Pawdroid-SS-APK] Israel
score=-99.4229 | latency=0.0000 | time=0ms | geo=0.5321 | adj=+0.0000 | stab=0.0450 | iso=PL | via=mmdb | km=8559 | w=0.0033 | [Pawdroid-SS-APK] South+Africa-5
score=-99.4242 | latency=0.0000 | time=0ms | geo=0.5273 | adj=+0.0000 | stab=0.0485 | iso=RO | via=mmdb | km=8573 | w=0.0033 | [Pawdroid-SS-APK] Romania-4
score=-99.4244 | latency=0.0000 | time=0ms | geo=0.5273 | adj=+0.0000 | stab=0.0482 | iso=RO | via=mmdb | km=8573 | w=0.0033 | [Pawdroid-SR-APK] Romania-4
score=-99.4253 | latency=0.0000 | time=0ms | geo=0.5273 | adj=+0.0000 | stab=0.0474 | iso=RO | via=mmdb | km=8573 | w=0.0033 | [Pawdroid-SR-APK] Romania-14
score=-99.4268 | latency=0.0000 | time=0ms | geo=0.5273 | adj=+0.0000 | stab=0.0458 | iso=RO | via=mmdb | km=8573 | w=0.0033 | [Pawdroid-SR-APK] 罗马尼亚+V2CROSS.COM-9
score=-99.4271 | latency=0.0000 | time=0ms | geo=0.4736 | adj=+0.0000 | stab=0.0993 | iso=BG | via=mmdb | km=8734 | w=0.0030 | [Pawdroid-SS-APK] Bulgaria-4
score=-99.4328 | latency=0.0000 | time=0ms | geo=0.5273 | adj=+0.0000 | stab=0.0399 | iso=RO | via=mmdb | km=8573 | w=0.0033 | [Pawdroid-SR-APK] 罗马尼亚+V2CROSS.COM-7
score=-99.4385 | latency=0.0000 | time=0ms | geo=0.5273 | adj=+0.0000 | stab=0.0342 | iso=RO | via=mmdb | km=8573 | w=0.0033 | [Pawdroid-SR-APK] Romania-6
score=-99.4433 | latency=0.0000 | time=0ms | geo=0.5273 | adj=+0.0000 | stab=0.0293 | iso=RO | via=mmdb | km=8573 | w=0.0033 | [Pawdroid-SR-APK] 罗马尼亚+V2CROSS.COM-10
score=-99.4433 | latency=0.0000 | time=0ms | geo=0.5273 | adj=+0.0000 | stab=0.0293 | iso=RO | via=mmdb | km=8573 | w=0.0033 | [Pawdroid-SR-APK] Romania-8
score=-99.4459 | latency=0.0000 | time=0ms | geo=0.5321 | adj=+0.0000 | stab=0.0221 | iso=PL | via=mmdb | km=8559 | w=0.0033 | [Pawdroid-SS-APK] Iran-3
score=-99.4466 | latency=0.0000 | time=0ms | geo=0.5273 | adj=+0.0000 | stab=0.0260 | iso=RO | via=mmdb | km=8573 | w=0.0033 | [Pawdroid-SR-APK] Romania-2
score=-99.4470 | latency=0.0000 | time=0ms | geo=0.5273 | adj=+0.0000 | stab=0.0256 | iso=RO | via=mmdb | km=8573 | w=0.0033 | [Pawdroid-SS-APK] Bangladesh
score=-99.4514 | latency=0.0000 | time=0ms | geo=0.5273 | adj=+0.0000 | stab=0.0213 | iso=RO | via=mmdb | km=8573 | w=0.0033 | [Pawdroid-SR-APK] Romania-12
score=-99.4518 | latency=0.0000 | time=0ms | geo=0.4736 | adj=+0.0000 | stab=0.0746 | iso=BG | via=mmdb | km=8734 | w=0.0030 | [Pawdroid-SS-APK] Switzerland-5
score=-99.4536 | latency=0.0000 | time=0ms | geo=0.4736 | adj=+0.0000 | stab=0.0728 | iso=BG | via=mmdb | km=8734 | w=0.0030 | [Pawdroid-SR-APK] 美国+肯特州立大学-2
score=-99.4546 | latency=0.0000 | time=0ms | geo=0.5410 | adj=+0.0000 | stab=0.0043 | iso=CY | via=mmdb | km=8534 | w=0.0034 | [Pawdroid-SS-APK] United+States-169
score=-99.4567 | latency=0.0000 | time=0ms | geo=0.5410 | adj=+0.0000 | stab=0.0023 | iso=CY | via=mmdb | km=8534 | w=0.0034 | [Pawdroid-SR-APK] United+States-7
score=-99.4567 | latency=0.0000 | time=0ms | geo=0.5273 | adj=+0.0000 | stab=0.0159 | iso=RO | via=mmdb | km=8573 | w=0.0033 | [Pawdroid-SR-APK] Romania-3
score=-99.4570 | latency=0.0000 | time=0ms | geo=0.5273 | adj=+0.0000 | stab=0.0157 | iso=RO | via=mmdb | km=8573 | w=0.0033 | [Pawdroid-SR-APK] Romania-5
score=-99.4586 | latency=0.0000 | time=0ms | geo=0.5321 | adj=+0.0000 | stab=0.0093 | iso=PL | via=mmdb | km=8559 | w=0.0033 | [Pawdroid-SS-APK] Poland-8
score=-99.4611 | latency=0.0000 | time=0ms | geo=0.5321 | adj=+0.0000 | stab=0.0068 | iso=PL | via=mmdb | km=8559 | w=0.0033 | [Pawdroid-SS-APK] 英国+V2CROSS.COM
score=-99.4633 | latency=0.0000 | time=0ms | geo=0.5321 | adj=+0.0000 | stab=0.0046 | iso=PL | via=mmdb | km=8559 | w=0.0033 | [Pawdroid-SS-APK] Iran-6
score=-99.4647 | latency=0.0000 | time=0ms | geo=0.5273 | adj=+0.0000 | stab=0.0079 | iso=RO | via=mmdb | km=8573 | w=0.0033 | [Pawdroid-SR-APK] Romania-7
score=-99.4651 | latency=0.0000 | time=0ms | geo=0.5273 | adj=+0.0000 | stab=0.0076 | iso=RO | via=mmdb | km=8573 | w=0.0033 | [Pawdroid-SS-APK] United+States-329
score=-99.4658 | latency=0.0000 | time=0ms | geo=0.5273 | adj=+0.0000 | stab=0.0069 | iso=RO | via=mmdb | km=8573 | w=0.0033 | [Pawdroid-SR-APK] 罗马尼亚+V2CROSS.COM-11
score=-99.4672 | latency=0.0000 | time=0ms | geo=0.4736 | adj=+0.0000 | stab=0.0592 | iso=BG | via=mmdb | km=8734 | w=0.0030 | [Pawdroid-SS-APK] United+States-288
score=-99.4734 | latency=0.0000 | time=0ms | geo=0.4736 | adj=+0.0000 | stab=0.0529 | iso=BG | via=mmdb | km=8734 | w=0.0030 | [Pawdroid-SS-APK] Ukraine-3
score=-99.4800 | latency=0.0000 | time=0ms | geo=0.4380 | adj=+0.0000 | stab=0.0820 | iso=DK | via=mmdb | km=8851 | w=0.0027 | [Pawdroid-SS-APK] Denmark-2
score=-99.4860 | latency=0.0000 | time=0ms | geo=0.4736 | adj=+0.0000 | stab=0.0404 | iso=BG | via=mmdb | km=8734 | w=0.0030 | [Pawdroid-SS-APK] 英国+V2CROSS.COM-6
score=-99.5021 | latency=0.0000 | time=0ms | geo=0.4074 | adj=+0.0000 | stab=0.0905 | iso=CZ | via=mmdb | km=8960 | w=0.0025 | [Pawdroid-SS-APK] 罗马尼亚+V2CROSS.COM
score=-99.5215 | latency=0.0000 | time=0ms | geo=0.4736 | adj=+0.0000 | stab=0.0048 | iso=BG | via=mmdb | km=8734 | w=0.0030 | [Pawdroid-SS-APK] 保加利亚+V2CROSS.COM
score=-99.5385 | latency=0.0000 | time=0ms | geo=0.4074 | adj=+0.0000 | stab=0.0542 | iso=CZ | via=mmdb | km=8960 | w=0.0025 | [Pawdroid-SS-APK] Russia-21
score=-99.5393 | latency=0.0000 | time=0ms | geo=0.3630 | adj=+0.0000 | stab=0.0977 | iso=IS | via=mmdb | km=9133 | w=0.0023 | [Pawdroid-SS-APK] Iceland
score=-99.5581 | latency=0.0000 | time=0ms | geo=0.4074 | adj=+0.0000 | stab=0.0345 | iso=CZ | via=mmdb | km=8960 | w=0.0025 | [Pawdroid-SR-APK] Czechia
score=-99.5636 | latency=0.0000 | time=0ms | geo=0.3364 | adj=+0.0000 | stab=0.1000 | iso=DE | via=mmdb | km=9247 | w=0.0021 | [Pawdroid-SS-APK] United+States-193
score=-99.5642 | latency=0.0000 | time=0ms | geo=0.3364 | adj=+0.0000 | stab=0.0994 | iso=DE | via=name | km=9247 | w=0.0021 | [Pawdroid-SS-APK] Germany-5
score=-99.5650 | latency=0.0000 | time=0ms | geo=0.4074 | adj=+0.0000 | stab=0.0277 | iso=CZ | via=mmdb | km=8960 | w=0.0025 | [Pawdroid-SS-APK] China
score=-99.5656 | latency=0.0000 | time=0ms | geo=0.3364 | adj=+0.0000 | stab=0.0980 | iso=DE | via=name | km=9247 | w=0.0021 | [Pawdroid-SS-APK] Germany-20
score=-99.5669 | latency=0.0000 | time=0ms | geo=0.3364 | adj=+0.0000 | stab=0.0967 | iso=DE | via=mmdb | km=9247 | w=0.0021 | [Pawdroid-SS-APK] United+States-319
score=-99.5673 | latency=0.0000 | time=0ms | geo=0.3364 | adj=+0.0000 | stab=0.0964 | iso=DE | via=name | km=9247 | w=0.0021 | [Pawdroid-SS-APK] Germany-11
score=-99.5681 | latency=0.0000 | time=0ms | geo=0.3364 | adj=+0.0000 | stab=0.0955 | iso=DE | via=mmdb | km=9247 | w=0.0021 | [Pawdroid-SS-APK] Bahrain-3
score=-99.5691 | latency=0.0000 | time=0ms | geo=0.3364 | adj=+0.0000 | stab=0.0945 | iso=DE | via=mmdb | km=9247 | w=0.0021 | [Pawdroid-SS-APK] United+States-173
score=-99.5694 | latency=0.0000 | time=0ms | geo=0.3364 | adj=+0.0000 | stab=0.0942 | iso=DE | via=name | km=9247 | w=0.0021 | [Pawdroid-SS-APK] Germany-25
score=-99.5703 | latency=0.0000 | time=0ms | geo=0.3364 | adj=+0.0000 | stab=0.0933 | iso=DE | via=mmdb | km=9247 | w=0.0021 | [Pawdroid-SR-APK] 美国 Host1Plus数据中心
score=-99.5704 | latency=0.0000 | time=0ms | geo=0.3364 | adj=+0.0000 | stab=0.0933 | iso=DE | via=name | km=9247 | w=0.0021 | [Pawdroid-SR-APK] 德国 V2CROSS.COM
score=-99.5705 | latency=0.0000 | time=0ms | geo=0.3364 | adj=+0.0000 | stab=0.0932 | iso=DE | via=name | km=9247 | w=0.0021 | [Pawdroid-SS-APK] Germany-9
score=-99.5725 | latency=0.0000 | time=0ms | geo=0.3364 | adj=+0.0000 | stab=0.0911 | iso=DE | via=name | km=9247 | w=0.0021 | [Pawdroid-SS-APK] Germany-10
score=-99.5732 | latency=0.0000 | time=0ms | geo=0.3364 | adj=+0.0000 | stab=0.0904 | iso=DE | via=name | km=9247 | w=0.0021 | [Pawdroid-SS-APK] Germany-31
score=-99.5745 | latency=0.0000 | time=0ms | geo=0.3364 | adj=+0.0000 | stab=0.0891 | iso=DE | via=mmdb | km=9247 | w=0.0021 | [Pawdroid-SS-APK] United+States-361
score=-99.5749 | latency=0.0000 | time=0ms | geo=0.3364 | adj=+0.0000 | stab=0.0887 | iso=DE | via=name | km=9247 | w=0.0021 | [Pawdroid-SS-APK] Germany-2
score=-99.5749 | latency=0.0000 | time=0ms | geo=0.3368 | adj=+0.0000 | stab=0.0883 | iso=AT | via=mmdb | km=9245 | w=0.0021 | [Pawdroid-SR-APK] Austria
score=-99.5752 | latency=0.0000 | time=0ms | geo=0.3364 | adj=+0.0000 | stab=0.0884 | iso=DE | via=name | km=9247 | w=0.0021 | [Pawdroid-SS-APK] Germany-30
score=-99.5773 | latency=0.0000 | time=0ms | geo=0.3364 | adj=+0.0000 | stab=0.0863 | iso=DE | via=name | km=9247 | w=0.0021 | [Pawdroid-SS-APK] Germany-7
score=-99.5781 | latency=0.0000 | time=0ms | geo=0.3368 | adj=+0.0000 | stab=0.0851 | iso=AT | via=mmdb | km=9245 | w=0.0021 | [Pawdroid-SS-APK] Austria-4
score=-99.5788 | latency=0.0000 | time=0ms | geo=0.3223 | adj=+0.0000 | stab=0.0989 | iso=NL | via=mmdb | km=9311 | w=0.0020 | [Pawdroid-SS-APK] United+Kingdom-113
score=-99.5795 | latency=0.0000 | time=0ms | geo=0.3364 | adj=+0.0000 | stab=0.0841 | iso=DE | via=name | km=9247 | w=0.0021 | [Pawdroid-SS-APK] Germany-34
score=-99.5795 | latency=0.0000 | time=0ms | geo=0.3223 | adj=+0.0000 | stab=0.0982 | iso=NL | via=mmdb | km=9311 | w=0.0020 | [Pawdroid-SS-APK] Spain-21
score=-99.5795 | latency=0.0000 | time=0ms | geo=0.3223 | adj=+0.0000 | stab=0.0982 | iso=NL | via=mmdb | km=9311 | w=0.0020 | [Pawdroid-SS-APK] Spain-30
score=-99.5797 | latency=0.0000 | time=0ms | geo=0.3223 | adj=+0.0000 | stab=0.0980 | iso=NL | via=mmdb | km=9311 | w=0.0020 | [Pawdroid-SS-APK] Spain-15
score=-99.5798 | latency=0.0000 | time=0ms | geo=0.3364 | adj=+0.0000 | stab=0.0839 | iso=DE | via=mmdb | km=9247 | w=0.0021 | [Pawdroid-SS-APK] United+States-185
score=-99.5799 | latency=0.0000 | time=0ms | geo=0.3223 | adj=+0.0000 | stab=0.0978 | iso=NL | via=name | km=9311 | w=0.0020 | [Pawdroid-SS-APK] The+Netherlands-23
score=-99.5803 | latency=0.0000 | time=0ms | geo=0.3223 | adj=+0.0000 | stab=0.0974 | iso=NL | via=name | km=9311 | w=0.0020 | [Pawdroid-SS-APK] The+Netherlands-25
score=-99.5804 | latency=0.0000 | time=0ms | geo=0.3364 | adj=+0.0000 | stab=0.0832 | iso=DE | via=mmdb | km=9247 | w=0.0021 | [Pawdroid-SS-APK] Iran-13
score=-99.5812 | latency=0.0000 | time=0ms | geo=0.3364 | adj=+0.0000 | stab=0.0824 | iso=DE | via=mmdb | km=9247 | w=0.0021 | [Pawdroid-SS-APK] Ireland
score=-99.5815 | latency=0.0000 | time=0ms | geo=0.3364 | adj=+0.0000 | stab=0.0821 | iso=DE | via=mmdb | km=9247 | w=0.0021 | [Pawdroid-SS-APK] United Kingdom-3
score=-99.5824 | latency=0.0000 | time=0ms | geo=0.3223 | adj=+0.0000 | stab=0.0953 | iso=NL | via=name | km=9311 | w=0.0020 | [Pawdroid-SS-APK] The+Netherlands-95
score=-99.5824 | latency=0.0000 | time=0ms | geo=0.3223 | adj=+0.0000 | stab=0.0953 | iso=NL | via=name | km=9311 | w=0.0020 | [Pawdroid-SS-APK] The+Netherlands-87
score=-99.5827 | latency=0.0000 | time=0ms | geo=0.3364 | adj=+0.0000 | stab=0.0809 | iso=DE | via=mmdb | km=9247 | w=0.0021 | [Pawdroid-SS-APK] United+States-278
score=-99.5838 | latency=0.0000 | time=0ms | geo=0.3223 | adj=+0.0000 | stab=0.0939 | iso=NL | via=mmdb | km=9311 | w=0.0020 | [Pawdroid-SS-APK] Spain-7
score=-99.5847 | latency=0.0000 | time=0ms | geo=0.3223 | adj=+0.0000 | stab=0.0930 | iso=NL | via=mmdb | km=9311 | w=0.0020 | [Pawdroid-SS-APK] Spain-9
score=-99.5855 | latency=0.0000 | time=0ms | geo=0.3223 | adj=+0.0000 | stab=0.0922 | iso=NL | via=name | km=9311 | w=0.0020 | [Pawdroid-SS-APK] The+Netherlands-69
score=-99.5858 | latency=0.0000 | time=0ms | geo=0.3223 | adj=+0.0000 | stab=0.0919 | iso=NL | via=name | km=9311 | w=0.0020 | [Pawdroid-SS-APK] The+Netherlands-4
score=-99.5858 | latency=0.0000 | time=0ms | geo=0.3223 | adj=+0.0000 | stab=0.0919 | iso=NL | via=mmdb | km=9311 | w=0.0020 | [Pawdroid-SS-APK] Spain-42
score=-99.5860 | latency=0.0000 | time=0ms | geo=0.3223 | adj=+0.0000 | stab=0.0916 | iso=NL | via=name | km=9311 | w=0.0020 | [Pawdroid-SS-APK] The+Netherlands-8
score=-99.5864 | latency=0.0000 | time=0ms | geo=0.3223 | adj=+0.0000 | stab=0.0913 | iso=NL | via=mmdb | km=9311 | w=0.0020 | [Pawdroid-SS-APK] France-29
score=-99.5866 | latency=0.0000 | time=0ms | geo=0.3223 | adj=+0.0000 | stab=0.0911 | iso=NL | via=name | km=9311 | w=0.0020 | [Pawdroid-SS-APK] The+Netherlands-94
score=-99.5866 | latency=0.0000 | time=0ms | geo=0.3364 | adj=+0.0000 | stab=0.0770 | iso=DE | via=name | km=9247 | w=0.0021 | [Pawdroid-SS-APK] Germany-15
score=-99.5867 | latency=0.0000 | time=0ms | geo=0.3223 | adj=+0.0000 | stab=0.0910 | iso=NL | via=mmdb | km=9311 | w=0.0020 | [Pawdroid-SS-APK] France-24
score=-99.5871 | latency=0.0000 | time=0ms | geo=0.3223 | adj=+0.0000 | stab=0.0906 | iso=NL | via=name | km=9311 | w=0.0020 | [Pawdroid-SS-APK] The+Netherlands-10
score=-99.5873 | latency=0.0000 | time=0ms | geo=0.3223 | adj=+0.0000 | stab=0.0904 | iso=NL | via=mmdb | km=9311 | w=0.0020 | [Pawdroid-SS-APK] Spain-8
score=-99.5874 | latency=0.0000 | time=0ms | geo=0.3223 | adj=+0.0000 | stab=0.0903 | iso=NL | via=name | km=9311 | w=0.0020 | [Pawdroid-SS-APK] The+Netherlands-18
score=-99.5876 | latency=0.0000 | time=0ms | geo=0.3364 | adj=+0.0000 | stab=0.0760 | iso=DE | via=name | km=9247 | w=0.0021 | [Pawdroid-SS-APK] Germany-37
score=-99.5882 | latency=0.0000 | time=0ms | geo=0.3223 | adj=+0.0000 | stab=0.0895 | iso=NL | via=mmdb | km=9311 | w=0.0020 | [Pawdroid-SS-APK] Spain-25
score=-99.5893 | latency=0.0000 | time=0ms | geo=0.3223 | adj=+0.0000 | stab=0.0884 | iso=NL | via=name | km=9311 | w=0.0020 | [Pawdroid-SS-APK] The+Netherlands-52
score=-99.5900 | latency=0.0000 | time=0ms | geo=0.3223 | adj=+0.0000 | stab=0.0876 | iso=NL | via=name | km=9311 | w=0.0020 | [1VPN-CRX] free-amsterdam-https-3
score=-99.5902 | latency=0.0000 | time=0ms | geo=0.3364 | adj=+0.0000 | stab=0.0734 | iso=DE | via=mmdb | km=9247 | w=0.0021 | [Pawdroid-SS-APK] United+States-178
score=-99.5904 | latency=0.0000 | time=0ms | geo=0.3364 | adj=+0.0000 | stab=0.0732 | iso=DE | via=name | km=9247 | w=0.0021 | [Pawdroid-SS-APK] Germany-18
score=-99.5904 | latency=0.0000 | time=0ms | geo=0.3223 | adj=+0.0000 | stab=0.0873 | iso=NL | via=name | km=9311 | w=0.0020 | [Pawdroid-SS-APK] The+Netherlands-41
score=-99.5905 | latency=0.0000 | time=0ms | geo=0.3223 | adj=+0.0000 | stab=0.0872 | iso=NL | via=name | km=9311 | w=0.0020 | [Pawdroid-SS-APK] The+Netherlands-48
score=-99.5905 | latency=0.0000 | time=0ms | geo=0.3364 | adj=+0.0000 | stab=0.0731 | iso=DE | via=name | km=9247 | w=0.0021 | [Pawdroid-SS-APK] Germany-26
score=-99.5910 | latency=0.0000 | time=0ms | geo=0.3223 | adj=+0.0000 | stab=0.0867 | iso=NL | via=mmdb | km=9311 | w=0.0020 | [Pawdroid-SS-APK] Spain-16
score=-99.5913 | latency=0.0000 | time=0ms | geo=0.3364 | adj=+0.0000 | stab=0.0724 | iso=DE | via=name | km=9247 | w=0.0021 | [Pawdroid-SS-APK] Germany-4
score=-99.5914 | latency=0.0000 | time=0ms | geo=0.3223 | adj=+0.0000 | stab=0.0863 | iso=NL | via=name | km=9311 | w=0.0020 | [Pawdroid-SS-APK] The+Netherlands-77
score=-99.5924 | latency=0.0000 | time=0ms | geo=0.3364 | adj=+0.0000 | stab=0.0712 | iso=DE | via=mmdb | km=9247 | w=0.0021 | [Pawdroid-SS-APK] United+States-236
score=-99.5926 | latency=0.0000 | time=0ms | geo=0.3223 | adj=+0.0000 | stab=0.0851 | iso=NL | via=mmdb | km=9311 | w=0.0020 | [Pawdroid-SS-APK] United+States-229
score=-99.5927 | latency=0.0000 | time=0ms | geo=0.3223 | adj=+0.0000 | stab=0.0850 | iso=NL | via=name | km=9311 | w=0.0020 | [Pawdroid-SS-APK] The+Netherlands-56
score=-99.5932 | latency=0.0000 | time=0ms | geo=0.3223 | adj=+0.0000 | stab=0.0845 | iso=NL | via=name | km=9311 | w=0.0020 | [Pawdroid-SS-APK] The+Netherlands-16
score=-99.5936 | latency=0.0000 | time=0ms | geo=0.3223 | adj=+0.0000 | stab=0.0841 | iso=NL | via=name | km=9311 | w=0.0020 | [Pawdroid-SS-APK] The+Netherlands-86
score=-99.5936 | latency=0.0000 | time=0ms | geo=0.3223 | adj=+0.0000 | stab=0.0841 | iso=NL | via=mmdb | km=9311 | w=0.0020 | [Pawdroid-SS-APK] Spain-19
score=-99.5939 | latency=0.0000 | time=0ms | geo=0.3223 | adj=+0.0000 | stab=0.0838 | iso=NL | via=mmdb | km=9311 | w=0.0020 | [Pawdroid-SS-APK] Spain-36
score=-99.5939 | latency=0.0000 | time=0ms | geo=0.3364 | adj=+0.0000 | stab=0.0697 | iso=DE | via=mmdb | km=9247 | w=0.0021 | [Pawdroid-SS-APK] United+States-194
score=-99.5944 | latency=0.0000 | time=0ms | geo=0.3223 | adj=+0.0000 | stab=0.0833 | iso=NL | via=mmdb | km=9311 | w=0.0020 | [Pawdroid-SS-APK] France-21
score=-99.5950 | latency=0.0000 | time=0ms | geo=0.3223 | adj=+0.0000 | stab=0.0827 | iso=NL | via=mmdb | km=9311 | w=0.0020 | [Pawdroid-SS-APK] United+Kingdom-114
score=-99.5950 | latency=0.0000 | time=0ms | geo=0.3364 | adj=+0.0000 | stab=0.0686 | iso=DE | via=mmdb | km=9247 | w=0.0021 | [Pawdroid-SS-APK] Latvia-7
score=-99.5954 | latency=0.0000 | time=0ms | geo=0.3223 | adj=+0.0000 | stab=0.0823 | iso=NL | via=name | km=9311 | w=0.0020 | [Pawdroid-SS-APK] The+Netherlands-15
score=-99.5958 | latency=0.0000 | time=0ms | geo=0.3223 | adj=+0.0000 | stab=0.0819 | iso=NL | via=mmdb | km=9311 | w=0.0020 | [Pawdroid-SS-APK] United+Kingdom-106
score=-99.5960 | latency=0.0000 | time=0ms | geo=0.3364 | adj=+0.0000 | stab=0.0676 | iso=DE | via=name | km=9247 | w=0.0021 | [Pawdroid-SS-APK] Germany-6
score=-99.5962 | latency=0.0000 | time=0ms | geo=0.3223 | adj=+0.0000 | stab=0.0815 | iso=NL | via=mmdb | km=9311 | w=0.0020 | [Pawdroid-SS-APK] Spain-35
score=-99.5963 | latency=0.0000 | time=0ms | geo=0.3223 | adj=+0.0000 | stab=0.0814 | iso=NL | via=name | km=9311 | w=0.0020 | [Pawdroid-SS-APK] The+Netherlands-54
score=-99.5963 | latency=0.0000 | time=0ms | geo=0.3223 | adj=+0.0000 | stab=0.0814 | iso=NL | via=name | km=9311 | w=0.0020 | [Pawdroid-SS-APK] The+Netherlands-2
score=-99.5967 | latency=0.0000 | time=0ms | geo=0.3364 | adj=+0.0000 | stab=0.0669 | iso=DE | via=mmdb | km=9247 | w=0.0021 | [Pawdroid-SS-APK] The+Netherlands-67
score=-99.5973 | latency=0.0000 | time=0ms | geo=0.3223 | adj=+0.0000 | stab=0.0804 | iso=NL | via=name | km=9311 | w=0.0020 | [Pawdroid-SS-APK] The+Netherlands-99
score=-99.5975 | latency=0.0000 | time=0ms | geo=0.3368 | adj=+0.0000 | stab=0.0657 | iso=AT | via=mmdb | km=9245 | w=0.0021 | [Pawdroid-SS-APK] Austria
score=-99.5980 | latency=0.0000 | time=0ms | geo=0.3027 | adj=+0.0000 | stab=0.0993 | iso=CA | via=name | km=9405 | w=0.0019 | [Pawdroid-SS-APK] Canada-3
score=-99.5981 | latency=0.0000 | time=0ms | geo=0.3223 | adj=+0.0000 | stab=0.0795 | iso=NL | via=mmdb | km=9311 | w=0.0020 | [Pawdroid-SS-APK] Denmark
score=-99.5986 | latency=0.0000 | time=0ms | geo=0.3223 | adj=+0.0000 | stab=0.0791 | iso=NL | via=mmdb | km=9311 | w=0.0020 | [Pawdroid-SS-APK] United+States-252
score=-99.5988 | latency=0.0000 | time=0ms | geo=0.3223 | adj=+0.0000 | stab=0.0789 | iso=NL | via=name | km=9311 | w=0.0020 | [Pawdroid-SS-APK] The+Netherlands-28
score=-99.5988 | latency=0.0000 | time=0ms | geo=0.3364 | adj=+0.0000 | stab=0.0648 | iso=DE | via=mmdb | km=9247 | w=0.0021 | [Pawdroid-SS-APK] France-44
score=-99.5990 | latency=0.0000 | time=0ms | geo=0.3223 | adj=+0.0000 | stab=0.0787 | iso=NL | via=name | km=9311 | w=0.0020 | [Pawdroid-SS-APK] The+Netherlands-64
score=-99.5995 | latency=0.0000 | time=0ms | geo=0.3364 | adj=+0.0000 | stab=0.0641 | iso=DE | via=name | km=9247 | w=0.0021 | [Pawdroid-SS-APK] Germany-33
score=-99.5998 | latency=0.0000 | time=0ms | geo=0.3223 | adj=+0.0000 | stab=0.0779 | iso=NL | via=name | km=9311 | w=0.0020 | [Pawdroid-SS-APK] The+Netherlands-62
score=-99.6005 | latency=0.0000 | time=0ms | geo=0.3364 | adj=+0.0000 | stab=0.0631 | iso=DE | via=mmdb | km=9247 | w=0.0021 | [Pawdroid-SS-APK] Russia-23
score=-99.6009 | latency=0.0000 | time=0ms | geo=0.3223 | adj=+0.0000 | stab=0.0768 | iso=NL | via=name | km=9311 | w=0.0020 | [Pawdroid-SS-APK] The+Netherlands-93
score=-99.6010 | latency=0.0000 | time=0ms | geo=0.3364 | adj=+0.0000 | stab=0.0626 | iso=DE | via=name | km=9247 | w=0.0021 | [Pawdroid-SS-APK] Germany-17
score=-99.6011 | latency=0.0000 | time=0ms | geo=0.3364 | adj=+0.0000 | stab=0.0626 | iso=DE | via=mmdb | km=9247 | w=0.0021 | [Pawdroid-SS-APK] United+States-184
score=-99.6013 | latency=0.0000 | time=0ms | geo=0.3223 | adj=+0.0000 | stab=0.0764 | iso=NL | via=name | km=9311 | w=0.0020 | [Pawdroid-SS-APK] The+Netherlands-30
score=-99.6019 | latency=0.0000 | time=0ms | geo=0.3223 | adj=+0.0000 | stab=0.0758 | iso=NL | via=name | km=9311 | w=0.0020 | [Pawdroid-SS-APK] The+Netherlands-39
score=-99.6020 | latency=0.0000 | time=0ms | geo=0.3364 | adj=+0.0000 | stab=0.0616 | iso=DE | via=mmdb | km=9247 | w=0.0021 | [Pawdroid-SS-APK] France-43
score=-99.6025 | latency=0.0000 | time=0ms | geo=0.3364 | adj=+0.0000 | stab=0.0611 | iso=DE | via=name | km=9247 | w=0.0021 | [Pawdroid-SS-APK] Germany-3
score=-99.6026 | latency=0.0000 | time=0ms | geo=0.3223 | adj=+0.0000 | stab=0.0750 | iso=NL | via=name | km=9311 | w=0.0020 | [Pawdroid-SS-APK] The+Netherlands-70
score=-99.6027 | latency=0.0000 | time=0ms | geo=0.3364 | adj=+0.0000 | stab=0.0609 | iso=DE | via=mmdb | km=9247 | w=0.0021 | [Pawdroid-SS-APK] The+Netherlands-76
score=-99.6037 | latency=0.0000 | time=0ms | geo=0.3223 | adj=+0.0000 | stab=0.0740 | iso=NL | via=mmdb | km=9311 | w=0.0020 | [Pawdroid-SS-APK] Russia-11
score=-99.6038 | latency=0.0000 | time=0ms | geo=0.3223 | adj=+0.0000 | stab=0.0739 | iso=NL | via=mmdb | km=9311 | w=0.0020 | [Pawdroid-SS-APK] United+States-220
score=-99.6039 | latency=0.0000 | time=0ms | geo=0.3027 | adj=+0.0000 | stab=0.0934 | iso=CA | via=name | km=9405 | w=0.0019 | [Pawdroid-SS-APK] Canada
score=-99.6040 | latency=0.0000 | time=0ms | geo=0.3223 | adj=+0.0000 | stab=0.0737 | iso=NL | via=mmdb | km=9311 | w=0.0020 | [Pawdroid-SS-APK] Spain-39
score=-99.6040 | latency=0.0000 | time=0ms | geo=0.3364 | adj=+0.0000 | stab=0.0596 | iso=DE | via=mmdb | km=9247 | w=0.0021 | [Pawdroid-SS-APK] Maldives
score=-99.6044 | latency=0.0000 | time=0ms | geo=0.3364 | adj=+0.0000 | stab=0.0592 | iso=DE | via=mmdb | km=9247 | w=0.0021 | [Pawdroid-SS-APK] United+States-32
score=-99.6045 | latency=0.0000 | time=0ms | geo=0.3368 | adj=+0.0000 | stab=0.0588 | iso=AT | via=mmdb | km=9245 | w=0.0021 | [Pawdroid-SS-APK] 丹麦+V2CROSS.COM
score=-99.6063 | latency=0.0000 | time=0ms | geo=0.3364 | adj=+0.0000 | stab=0.0573 | iso=DE | via=mmdb | km=9247 | w=0.0021 | [Pawdroid-SS-APK] United+States-39
score=-99.6065 | latency=0.0000 | time=0ms | geo=0.3364 | adj=+0.0000 | stab=0.0571 | iso=DE | via=mmdb | km=9247 | w=0.0021 | [Pawdroid-SS-APK] United+States-222
score=-99.6066 | latency=0.0000 | time=0ms | geo=0.3223 | adj=+0.0000 | stab=0.0710 | iso=NL | via=name | km=9311 | w=0.0020 | [Pawdroid-SS-APK] The+Netherlands-57
score=-99.6067 | latency=0.0000 | time=0ms | geo=0.3027 | adj=+0.0000 | stab=0.0906 | iso=CA | via=name | km=9405 | w=0.0019 | [Pawdroid-SS-APK] Canada-8
score=-99.6070 | latency=0.0000 | time=0ms | geo=0.3223 | adj=+0.0000 | stab=0.0707 | iso=NL | via=name | km=9311 | w=0.0020 | [Pawdroid-SS-APK] The+Netherlands-88
score=-99.6071 | latency=0.0000 | time=0ms | geo=0.3223 | adj=+0.0000 | stab=0.0706 | iso=NL | via=mmdb | km=9311 | w=0.0020 | [Pawdroid-SS-APK] United+Kingdom-111
score=-99.6080 | latency=0.0000 | time=0ms | geo=0.3223 | adj=+0.0000 | stab=0.0697 | iso=NL | via=mmdb | km=9311 | w=0.0020 | [Pawdroid-SS-APK] France-17
score=-99.6083 | latency=0.0000 | time=0ms | geo=0.3223 | adj=+0.0000 | stab=0.0694 | iso=NL | via=mmdb | km=9311 | w=0.0020 | [Pawdroid-SS-APK] South+Africa-3
score=-99.6091 | latency=0.0000 | time=0ms | geo=0.3223 | adj=+0.0000 | stab=0.0686 | iso=NL | via=mmdb | km=9311 | w=0.0020 | [Pawdroid-SR-APK] 丹麦+V2CROSS.COM
score=-99.6092 | latency=0.0000 | time=0ms | geo=0.3223 | adj=+0.0000 | stab=0.0685 | iso=NL | via=mmdb | km=9311 | w=0.0020 | [Pawdroid-SS-APK] Spain-22
score=-99.6098 | latency=0.0000 | time=0ms | geo=0.3364 | adj=+0.0000 | stab=0.0538 | iso=DE | via=mmdb | km=9247 | w=0.0021 | [Pawdroid-SS-APK] United+States-30
score=-99.6101 | latency=0.0000 | time=0ms | geo=0.3364 | adj=+0.0000 | stab=0.0535 | iso=DE | via=mmdb | km=9247 | w=0.0021 | [Pawdroid-SS-APK] The+Netherlands-58
score=-99.6101 | latency=0.0000 | time=0ms | geo=0.3223 | adj=+0.0000 | stab=0.0676 | iso=NL | via=name | km=9311 | w=0.0020 | [Pawdroid-SS-APK] The+Netherlands-42
score=-99.6104 | latency=0.0000 | time=0ms | geo=0.3364 | adj=+0.0000 | stab=0.0532 | iso=DE | via=name | km=9247 | w=0.0021 | [Pawdroid-SS-APK] Germany-12
score=-99.6106 | latency=0.0000 | time=0ms | geo=0.3364 | adj=+0.0000 | stab=0.0530 | iso=DE | via=mmdb | km=9247 | w=0.0021 | [Pawdroid-SS-APK] United+States-266
score=-99.6119 | latency=0.0000 | time=0ms | geo=0.3223 | adj=+0.0000 | stab=0.0658 | iso=NL | via=name | km=9311 | w=0.0020 | [Pawdroid-SS-APK] The+Netherlands-17
score=-99.6121 | latency=0.0000 | time=0ms | geo=0.3223 | adj=+0.0000 | stab=0.0656 | iso=NL | via=mmdb | km=9311 | w=0.0020 | [Pawdroid-SS-APK] United+States-225
score=-99.6123 | latency=0.0000 | time=0ms | geo=0.3223 | adj=+0.0000 | stab=0.0654 | iso=NL | via=mmdb | km=9311 | w=0.0020 | [Pawdroid-SS-APK] Spain-24
score=-99.6124 | latency=0.0000 | time=0ms | geo=0.3223 | adj=+0.0000 | stab=0.0653 | iso=NL | via=mmdb | km=9311 | w=0.0020 | [Pawdroid-SS-APK] Spain-29
score=-99.6125 | latency=0.0000 | time=0ms | geo=0.3223 | adj=+0.0000 | stab=0.0652 | iso=NL | via=mmdb | km=9311 | w=0.0020 | [Pawdroid-SS-APK] 英国+V2CROSS.COM-2
score=-99.6127 | latency=0.0000 | time=0ms | geo=0.3364 | adj=+0.0000 | stab=0.0509 | iso=DE | via=mmdb | km=9247 | w=0.0021 | [Pawdroid-SS-APK] Russia-19
score=-99.6128 | latency=0.0000 | time=0ms | geo=0.3027 | adj=+0.0000 | stab=0.0845 | iso=CA | via=name | km=9405 | w=0.0019 | [Pawdroid-SS-APK] Canada-5
score=-99.6132 | latency=0.0000 | time=0ms | geo=0.3364 | adj=+0.0000 | stab=0.0504 | iso=DE | via=mmdb | km=9247 | w=0.0021 | [Pawdroid-SS-APK] United+States-177
score=-99.6138 | latency=0.0000 | time=0ms | geo=0.3364 | adj=+0.0000 | stab=0.0498 | iso=DE | via=mmdb | km=9247 | w=0.0021 | [Pawdroid-SS-APK] Bulgaria-2
score=-99.6138 | latency=0.0000 | time=0ms | geo=0.3223 | adj=+0.0000 | stab=0.0639 | iso=NL | via=mmdb | km=9311 | w=0.0020 | [Pawdroid-SS-APK] France-33
score=-99.6139 | latency=0.0000 | time=0ms | geo=0.3465 | adj=+0.0000 | stab=0.0396 | iso=AL | via=mmdb | km=9202 | w=0.0022 | [Pawdroid-SS-APK] Germany-24
score=-99.6145 | latency=0.0000 | time=0ms | geo=0.3223 | adj=+0.0000 | stab=0.0632 | iso=NL | via=mmdb | km=9311 | w=0.0020 | [Pawdroid-SS-APK] United+Kingdom-101
score=-99.6148 | latency=0.0000 | time=0ms | geo=0.3223 | adj=+0.0000 | stab=0.0629 | iso=NL | via=mmdb | km=9311 | w=0.0020 | [Pawdroid-SS-APK] United+Kingdom-119
score=-99.6153 | latency=0.0000 | time=0ms | geo=0.3364 | adj=+0.0000 | stab=0.0484 | iso=DE | via=mmdb | km=9247 | w=0.0021 | [Pawdroid-SS-APK] United Kingdom-2
score=-99.6159 | latency=0.0000 | time=0ms | geo=0.3027 | adj=+0.0000 | stab=0.0814 | iso=CA | via=name | km=9405 | w=0.0019 | [Pawdroid-SS-APK] Canada-13
score=-99.6161 | latency=0.0000 | time=0ms | geo=0.3364 | adj=+0.0000 | stab=0.0475 | iso=DE | via=name | km=9247 | w=0.0021 | [Pawdroid-SS-APK] Germany-38
score=-99.6169 | latency=0.0000 | time=0ms | geo=0.3027 | adj=+0.0000 | stab=0.0804 | iso=CA | via=name | km=9405 | w=0.0019 | [Pawdroid-SS-APK] Canada-14
score=-99.6173 | latency=0.0000 | time=0ms | geo=0.3223 | adj=+0.0000 | stab=0.0604 | iso=NL | via=mmdb | km=9311 | w=0.0020 | [Pawdroid-SS-APK] France-18
score=-99.6173 | latency=0.0000 | time=0ms | geo=0.3223 | adj=+0.0000 | stab=0.0604 | iso=NL | via=name | km=9311 | w=0.0020 | [Pawdroid-SS-APK] The+Netherlands-24
score=-99.6177 | latency=0.0000 | time=0ms | geo=0.3223 | adj=+0.0000 | stab=0.0600 | iso=NL | via=name | km=9311 | w=0.0020 | [Pawdroid-SS-APK] The+Netherlands-5
score=-99.6178 | latency=0.0000 | time=0ms | geo=0.3027 | adj=+0.0000 | stab=0.0795 | iso=CA | via=name | km=9405 | w=0.0019 | [Pawdroid-SS-APK] Canada-16
score=-99.6179 | latency=0.0000 | time=0ms | geo=0.3223 | adj=+0.0000 | stab=0.0598 | iso=NL | via=name | km=9311 | w=0.0020 | [1VPN-CRX] free-amsterdam-https-2
score=-99.6180 | latency=0.0000 | time=0ms | geo=0.3223 | adj=+0.0000 | stab=0.0597 | iso=NL | via=mmdb | km=9311 | w=0.0020 | [Pawdroid-SS-APK] United+Kingdom-102
score=-99.6186 | latency=0.0000 | time=0ms | geo=0.3364 | adj=+0.0000 | stab=0.0450 | iso=DE | via=mmdb | km=9247 | w=0.0021 | [Pawdroid-SS-APK] United+States-283
score=-99.6186 | latency=0.0000 | time=0ms | geo=0.3364 | adj=+0.0000 | stab=0.0450 | iso=DE | via=name | km=9247 | w=0.0021 | [Pawdroid-SS-APK] Germany-8
score=-99.6187 | latency=0.0000 | time=0ms | geo=0.3223 | adj=+0.0000 | stab=0.0589 | iso=NL | via=mmdb | km=9311 | w=0.0020 | [Pawdroid-SS-APK] United+States-255
score=-99.6188 | latency=0.0000 | time=0ms | geo=0.3527 | adj=+0.0000 | stab=0.0285 | iso=GR | via=mmdb | km=9176 | w=0.0022 | [Pawdroid-SS-APK] The+Netherlands-61
score=-99.6191 | latency=0.0000 | time=0ms | geo=0.3027 | adj=+0.0000 | stab=0.0782 | iso=CA | via=name | km=9405 | w=0.0019 | [Pawdroid-SS-APK] Canada-18
score=-99.6194 | latency=0.0000 | time=0ms | geo=0.3223 | adj=+0.0000 | stab=0.0583 | iso=NL | via=mmdb | km=9311 | w=0.0020 | [Pawdroid-SS-APK] Spain-14
score=-99.6196 | latency=0.0000 | time=0ms | geo=0.3223 | adj=+0.0000 | stab=0.0581 | iso=NL | via=name | km=9311 | w=0.0020 | [Pawdroid-SS-APK] The+Netherlands-37
score=-99.6202 | latency=0.0000 | time=0ms | geo=0.3364 | adj=+0.0000 | stab=0.0434 | iso=DE | via=mmdb | km=9247 | w=0.0021 | [Pawdroid-SS-APK] United+States-260
score=-99.6202 | latency=0.0000 | time=0ms | geo=0.3223 | adj=+0.0000 | stab=0.0575 | iso=NL | via=mmdb | km=9311 | w=0.0020 | [Pawdroid-SS-APK] Russia-13
score=-99.6203 | latency=0.0000 | time=0ms | geo=0.3223 | adj=+0.0000 | stab=0.0574 | iso=NL | via=name | km=9311 | w=0.0020 | [Pawdroid-SS-APK] The+Netherlands-72
score=-99.6205 | latency=0.0000 | time=0ms | geo=0.3223 | adj=+0.0000 | stab=0.0571 | iso=NL | via=name | km=9311 | w=0.0020 | [Pawdroid-SS-APK] The+Netherlands-9
score=-99.6211 | latency=0.0000 | time=0ms | geo=0.3364 | adj=+0.0000 | stab=0.0425 | iso=DE | via=name | km=9247 | w=0.0021 | [Pawdroid-SS-APK] Germany-16
score=-99.6217 | latency=0.0000 | time=0ms | geo=0.3223 | adj=+0.0000 | stab=0.0560 | iso=NL | via=name | km=9311 | w=0.0020 | [Pawdroid-SS-APK] The+Netherlands-20
score=-99.6218 | latency=0.0000 | time=0ms | geo=0.3223 | adj=+0.0000 | stab=0.0559 | iso=NL | via=mmdb | km=9311 | w=0.0020 | [Pawdroid-SS-APK] United+States-272
score=-99.6222 | latency=0.0000 | time=0ms | geo=0.3364 | adj=+0.0000 | stab=0.0414 | iso=DE | via=mmdb | km=9247 | w=0.0021 | [Pawdroid-SS-APK] United+States-188
score=-99.6231 | latency=0.0000 | time=0ms | geo=0.3223 | adj=+0.0000 | stab=0.0546 | iso=NL | via=name | km=9311 | w=0.0020 | [Pawdroid-SS-APK] The+Netherlands-11
score=-99.6233 | latency=0.0000 | time=0ms | geo=0.3223 | adj=+0.0000 | stab=0.0544 | iso=NL | via=name | km=9311 | w=0.0020 | [Pawdroid-SS-APK] The+Netherlands-98
score=-99.6236 | latency=0.0000 | time=0ms | geo=0.3223 | adj=+0.0000 | stab=0.0541 | iso=NL | via=name | km=9311 | w=0.0020 | [Pawdroid-SS-APK] The+Netherlands-29
score=-99.6240 | latency=0.0000 | time=0ms | geo=0.3223 | adj=+0.0000 | stab=0.0537 | iso=NL | via=mmdb | km=9311 | w=0.0020 | [Pawdroid-SS-APK] Spain-13
score=-99.6251 | latency=0.0000 | time=0ms | geo=0.3223 | adj=+0.0000 | stab=0.0526 | iso=NL | via=name | km=9311 | w=0.0020 | [Pawdroid-SS-APK] The+Netherlands-26
score=-99.6253 | latency=0.0000 | time=0ms | geo=0.3364 | adj=+0.0000 | stab=0.0383 | iso=DE | via=mmdb | km=9247 | w=0.0021 | [Pawdroid-SS-APK] United+States-211
score=-99.6263 | latency=0.0000 | time=0ms | geo=0.3223 | adj=+0.0000 | stab=0.0514 | iso=NL | via=mmdb | km=9311 | w=0.0020 | [Pawdroid-SS-APK] France-20
score=-99.6263 | latency=0.0000 | time=0ms | geo=0.3364 | adj=+0.0000 | stab=0.0373 | iso=DE | via=mmdb | km=9247 | w=0.0021 | [Pawdroid-SS-APK] United+States-186
score=-99.6264 | latency=0.0000 | time=0ms | geo=0.3364 | adj=+0.0000 | stab=0.0373 | iso=DE | via=name | km=9247 | w=0.0021 | [Pawdroid-SS-APK] Germany-29
score=-99.6268 | latency=0.0000 | time=0ms | geo=0.3364 | adj=+0.0000 | stab=0.0368 | iso=DE | via=mmdb | km=9247 | w=0.0021 | [Pawdroid-SS-APK] United+States-248
score=-99.6278 | latency=0.0000 | time=0ms | geo=0.3223 | adj=+0.0000 | stab=0.0499 | iso=NL | via=name | km=9311 | w=0.0020 | [Pawdroid-SS-APK] The+Netherlands-3
score=-99.6284 | latency=0.0000 | time=0ms | geo=0.3223 | adj=+0.0000 | stab=0.0493 | iso=NL | via=mmdb | km=9311 | w=0.0020 | [Pawdroid-SS-APK] Spain-40
score=-99.6285 | latency=0.0000 | time=0ms | geo=0.3364 | adj=+0.0000 | stab=0.0352 | iso=DE | via=mmdb | km=9247 | w=0.0021 | [Pawdroid-SS-APK] United Kingdom-4
score=-99.6294 | latency=0.0000 | time=0ms | geo=0.3364 | adj=+0.0000 | stab=0.0342 | iso=DE | via=mmdb | km=9247 | w=0.0021 | [Pawdroid-SS-APK] United+States-244
score=-99.6294 | latency=0.0000 | time=0ms | geo=0.3223 | adj=+0.0000 | stab=0.0483 | iso=NL | via=mmdb | km=9311 | w=0.0020 | [Pawdroid-SS-APK] Spain-31
score=-99.6296 | latency=0.0000 | time=0ms | geo=0.2720 | adj=+0.0000 | stab=0.0984 | iso=GB | via=mmdb | km=9566 | w=0.0017 | [Pawdroid-SS-APK] United+Kingdom-17
score=-99.6300 | latency=0.0000 | time=0ms | geo=0.3027 | adj=+0.0000 | stab=0.0673 | iso=CA | via=name | km=9405 | w=0.0019 | [Pawdroid-SS-APK] Canada-17
score=-99.6304 | latency=0.0000 | time=0ms | geo=0.2720 | adj=+0.0000 | stab=0.0977 | iso=GB | via=mmdb | km=9566 | w=0.0017 | [Pawdroid-SS-APK] United+Kingdom-56
score=-99.6304 | latency=0.0000 | time=0ms | geo=0.3364 | adj=+0.0000 | stab=0.0332 | iso=DE | via=name | km=9247 | w=0.0021 | [Pawdroid-SS-APK] Germany-14
score=-99.6311 | latency=0.0000 | time=0ms | geo=0.3223 | adj=+0.0000 | stab=0.0466 | iso=NL | via=mmdb | km=9311 | w=0.0020 | [Pawdroid-SS-APK] United+States-38
score=-99.6313 | latency=0.0000 | time=0ms | geo=0.3223 | adj=+0.0000 | stab=0.0464 | iso=NL | via=name | km=9311 | w=0.0020 | [Pawdroid-SS-APK] The+Netherlands-21
score=-99.6313 | latency=0.0000 | time=0ms | geo=0.3223 | adj=+0.0000 | stab=0.0464 | iso=NL | via=name | km=9311 | w=0.0020 | [Pawdroid-SS-APK] The+Netherlands-13
score=-99.6315 | latency=0.0000 | time=0ms | geo=0.3223 | adj=+0.0000 | stab=0.0462 | iso=NL | via=mmdb | km=9311 | w=0.0020 | [Pawdroid-SS-APK] Spain-17
score=-99.6318 | latency=0.0000 | time=0ms | geo=0.2720 | adj=+0.0000 | stab=0.0962 | iso=GB | via=mmdb | km=9566 | w=0.0017 | [Pawdroid-SS-APK] United+Kingdom-58
score=-99.6320 | latency=0.0000 | time=0ms | geo=0.3364 | adj=+0.0000 | stab=0.0316 | iso=DE | via=mmdb | km=9247 | w=0.0021 | [Pawdroid-SS-APK] United+States-230
score=-99.6320 | latency=0.0000 | time=0ms | geo=0.2720 | adj=+0.0000 | stab=0.0960 | iso=GB | via=mmdb | km=9566 | w=0.0017 | [Pawdroid-SS-APK] Bulgaria
score=-99.6322 | latency=0.0000 | time=0ms | geo=0.3364 | adj=+0.0000 | stab=0.0314 | iso=DE | via=mmdb | km=9247 | w=0.0021 | [Pawdroid-SS-APK] United+States-180
score=-99.6323 | latency=0.0000 | time=0ms | geo=0.3223 | adj=+0.0000 | stab=0.0454 | iso=NL | via=mmdb | km=9311 | w=0.0020 | [Pawdroid-SS-APK] France-47
score=-99.6327 | latency=0.0000 | time=0ms | geo=0.3223 | adj=+0.0000 | stab=0.0450 | iso=NL | via=name | km=9311 | w=0.0020 | [Pawdroid-SS-APK] The+Netherlands-73
score=-99.6327 | latency=0.0000 | time=0ms | geo=0.2720 | adj=+0.0000 | stab=0.0953 | iso=GB | via=mmdb | km=9566 | w=0.0017 | [Pawdroid-SS-APK] United+Kingdom-49
score=-99.6328 | latency=0.0000 | time=0ms | geo=0.3223 | adj=+0.0000 | stab=0.0449 | iso=NL | via=name | km=9311 | w=0.0020 | [Pawdroid-SS-APK] The+Netherlands-66
score=-99.6329 | latency=0.0000 | time=0ms | geo=0.3223 | adj=+0.0000 | stab=0.0448 | iso=NL | via=name | km=9311 | w=0.0020 | [Pawdroid-SS-APK] The+Netherlands-92
score=-99.6329 | latency=0.0000 | time=0ms | geo=0.3364 | adj=+0.0000 | stab=0.0307 | iso=DE | via=name | km=9247 | w=0.0021 | [Pawdroid-SS-APK] Germany-27
score=-99.6329 | latency=0.0000 | time=0ms | geo=0.2720 | adj=+0.0000 | stab=0.0951 | iso=GB | via=mmdb | km=9566 | w=0.0017 | [Pawdroid-SS-APK] United+Kingdom-6
score=-99.6330 | latency=0.0000 | time=0ms | geo=0.3223 | adj=+0.0000 | stab=0.0446 | iso=NL | via=mmdb | km=9311 | w=0.0020 | [Pawdroid-SS-APK] United+Kingdom-104
score=-99.6330 | latency=0.0000 | time=0ms | geo=0.3223 | adj=+0.0000 | stab=0.0446 | iso=NL | via=name | km=9311 | w=0.0020 | [Pawdroid-SS-APK] The+Netherlands-6
score=-99.6331 | latency=0.0000 | time=0ms | geo=0.2720 | adj=+0.0000 | stab=0.0949 | iso=GB | via=mmdb | km=9566 | w=0.0017 | [Pawdroid-SS-APK] United+Kingdom-154
score=-99.6331 | latency=0.0000 | time=0ms | geo=0.3223 | adj=+0.0000 | stab=0.0446 | iso=NL | via=mmdb | km=9311 | w=0.0020 | [Pawdroid-SS-APK] United+States-285
score=-99.6331 | latency=0.0000 | time=0ms | geo=0.3364 | adj=+0.0000 | stab=0.0305 | iso=DE | via=name | km=9247 | w=0.0021 | [Pawdroid-SS-APK] 德国+V2CROSS.COM
score=-99.6336 | latency=0.0000 | time=0ms | geo=0.3223 | adj=+0.0000 | stab=0.0441 | iso=NL | via=name | km=9311 | w=0.0020 | [Pawdroid-SS-APK] The+Netherlands-27
score=-99.6336 | latency=0.0000 | time=0ms | geo=0.3364 | adj=+0.0000 | stab=0.0300 | iso=DE | via=mmdb | km=9247 | w=0.0021 | [Pawdroid-SS-APK] United+States-190
score=-99.6339 | latency=0.0000 | time=0ms | geo=0.2720 | adj=+0.0000 | stab=0.0941 | iso=GB | via=mmdb | km=9566 | w=0.0017 | [Pawdroid-SS-APK] United+Kingdom-46
score=-99.6343 | latency=0.0000 | time=0ms | geo=0.2720 | adj=+0.0000 | stab=0.0937 | iso=GB | via=mmdb | km=9566 | w=0.0017 | [Pawdroid-SS-APK] United+Kingdom-36
score=-99.6344 | latency=0.0000 | time=0ms | geo=0.3364 | adj=+0.0000 | stab=0.0292 | iso=DE | via=name | km=9247 | w=0.0021 | [Pawdroid-SS-APK] Germany-36
score=-99.6346 | latency=0.0000 | time=0ms | geo=0.3364 | adj=+0.0000 | stab=0.0290 | iso=DE | via=mmdb | km=9247 | w=0.0021 | [Pawdroid-SS-APK] United+States-226
score=-99.6349 | latency=0.0000 | time=0ms | geo=0.3223 | adj=+0.0000 | stab=0.0428 | iso=NL | via=name | km=9311 | w=0.0020 | [Pawdroid-SS-APK] The+Netherlands-36
score=-99.6350 | latency=0.0000 | time=0ms | geo=0.3364 | adj=+0.0000 | stab=0.0286 | iso=DE | via=mmdb | km=9247 | w=0.0021 | [Pawdroid-SS-APK] United+States-212
score=-99.6350 | latency=0.0000 | time=0ms | geo=0.3364 | adj=+0.0000 | stab=0.0286 | iso=DE | via=mmdb | km=9247 | w=0.0021 | [Pawdroid-SS-APK] United+States-243
score=-99.6359 | latency=0.0000 | time=0ms | geo=0.2720 | adj=+0.0000 | stab=0.0921 | iso=GB | via=mmdb | km=9566 | w=0.0017 | [Pawdroid-SS-APK] United+States-261
score=-99.6360 | latency=0.0000 | time=0ms | geo=0.3223 | adj=+0.0000 | stab=0.0417 | iso=NL | via=mmdb | km=9311 | w=0.0020 | [Pawdroid-SS-APK] Spain-44
score=-99.6361 | latency=0.0000 | time=0ms | geo=0.3364 | adj=+0.0000 | stab=0.0275 | iso=DE | via=mmdb | km=9247 | w=0.0021 | [Pawdroid-SS-APK] The+Netherlands-78
score=-99.6362 | latency=0.0000 | time=0ms | geo=0.3223 | adj=+0.0000 | stab=0.0415 | iso=NL | via=name | km=9311 | w=0.0020 | [Pawdroid-SS-APK] The+Netherlands-75
score=-99.6362 | latency=0.0000 | time=0ms | geo=0.3027 | adj=+0.0000 | stab=0.0611 | iso=CA | via=mmdb | km=9405 | w=0.0019 | [Pawdroid-SS-APK] United+States-29
score=-99.6366 | latency=0.0000 | time=0ms | geo=0.2704 | adj=+0.0000 | stab=0.0930 | iso=IT | via=mmdb | km=9574 | w=0.0017 | [Pawdroid-SS-APK] France-31
score=-99.6366 | latency=0.0000 | time=0ms | geo=0.3223 | adj=+0.0000 | stab=0.0411 | iso=NL | via=name | km=9311 | w=0.0020 | [Pawdroid-SS-APK] The+Netherlands-50
score=-99.6368 | latency=0.0000 | time=0ms | geo=0.3223 | adj=+0.0000 | stab=0.0409 | iso=NL | via=name | km=9311 | w=0.0020 | [Pawdroid-SS-APK] The+Netherlands-59
score=-99.6368 | latency=0.0000 | time=0ms | geo=0.3223 | adj=+0.0000 | stab=0.0409 | iso=NL | via=name | km=9311 | w=0.0020 | [Pawdroid-SS-APK] The+Netherlands-31
score=-99.6373 | latency=0.0000 | time=0ms | geo=0.3364 | adj=+0.0000 | stab=0.0263 | iso=DE | via=name | km=9247 | w=0.0021 | [Pawdroid-SS-APK] Germany-13
score=-99.6375 | latency=0.0000 | time=0ms | geo=0.3364 | adj=+0.0000 | stab=0.0261 | iso=DE | via=mmdb | km=9247 | w=0.0021 | [Pawdroid-SS-APK] United+Kingdom-143
score=-99.6379 | latency=0.0000 | time=0ms | geo=0.3364 | adj=+0.0000 | stab=0.0257 | iso=DE | via=mmdb | km=9247 | w=0.0021 | [Pawdroid-SS-APK] United+States-181
score=-99.6381 | latency=0.0000 | time=0ms | geo=0.3223 | adj=+0.0000 | stab=0.0395 | iso=NL | via=name | km=9311 | w=0.0020 | [Pawdroid-SS-APK] The+Netherlands-82
score=-99.6385 | latency=0.0000 | time=0ms | geo=0.2720 | adj=+0.0000 | stab=0.0895 | iso=GB | via=mmdb | km=9566 | w=0.0017 | [Pawdroid-SS-APK] United Kingdom-6
score=-99.6389 | latency=0.0000 | time=0ms | geo=0.3223 | adj=+0.0000 | stab=0.0388 | iso=NL | via=name | km=9311 | w=0.0020 | [Pawdroid-SS-APK] The+Netherlands-35
score=-99.6390 | latency=0.0000 | time=0ms | geo=0.3223 | adj=+0.0000 | stab=0.0387 | iso=NL | via=name | km=9311 | w=0.0020 | [Pawdroid-SS-APK] The+Netherlands-51
score=-99.6391 | latency=0.0000 | time=0ms | geo=0.3223 | adj=+0.0000 | stab=0.0386 | iso=NL | via=name | km=9311 | w=0.0020 | [Pawdroid-SS-APK] The+Netherlands-81
score=-99.6393 | latency=0.0000 | time=0ms | geo=0.3364 | adj=+0.0000 | stab=0.0243 | iso=DE | via=mmdb | km=9247 | w=0.0021 | [Pawdroid-SR-APK] Latvia
score=-99.6398 | latency=0.0000 | time=0ms | geo=0.3223 | adj=+0.0000 | stab=0.0379 | iso=NL | via=name | km=9311 | w=0.0020 | [Pawdroid-SS-APK] The+Netherlands-49
score=-99.6399 | latency=0.0000 | time=0ms | geo=0.2720 | adj=+0.0000 | stab=0.0881 | iso=GB | via=mmdb | km=9566 | w=0.0017 | [Pawdroid-SS-APK] United+Kingdom-44
score=-99.6401 | latency=0.0000 | time=0ms | geo=0.2720 | adj=+0.0000 | stab=0.0880 | iso=GB | via=mmdb | km=9566 | w=0.0017 | [Pawdroid-SS-APK] United+Kingdom-35
score=-99.6404 | latency=0.0000 | time=0ms | geo=0.3223 | adj=+0.0000 | stab=0.0373 | iso=NL | via=mmdb | km=9311 | w=0.0020 | [Pawdroid-SS-APK] Russia-17
score=-99.6405 | latency=0.0000 | time=0ms | geo=0.2720 | adj=+0.0000 | stab=0.0876 | iso=GB | via=mmdb | km=9566 | w=0.0017 | [Pawdroid-SS-APK] United+Kingdom-14
score=-99.6408 | latency=0.0000 | time=0ms | geo=0.2720 | adj=+0.0000 | stab=0.0872 | iso=GB | via=mmdb | km=9566 | w=0.0017 | [Pawdroid-SS-APK] United+Kingdom-23
score=-99.6408 | latency=0.0000 | time=0ms | geo=0.3223 | adj=+0.0000 | stab=0.0369 | iso=NL | via=name | km=9311 | w=0.0020 | [Pawdroid-SS-APK] The+Netherlands-97
score=-99.6411 | latency=0.0000 | time=0ms | geo=0.2720 | adj=+0.0000 | stab=0.0870 | iso=GB | via=mmdb | km=9566 | w=0.0017 | [Pawdroid-SS-APK] United+Kingdom-13
score=-99.6414 | latency=0.0000 | time=0ms | geo=0.2720 | adj=+0.0000 | stab=0.0866 | iso=GB | via=mmdb | km=9566 | w=0.0017 | [Pawdroid-SS-APK] United+Kingdom-72
score=-99.6415 | latency=0.0000 | time=0ms | geo=0.3223 | adj=+0.0000 | stab=0.0361 | iso=NL | via=name | km=9311 | w=0.0020 | [Pawdroid-SS-APK] The+Netherlands-43
score=-99.6417 | latency=0.0000 | time=0ms | geo=0.3223 | adj=+0.0000 | stab=0.0360 | iso=NL | via=name | km=9311 | w=0.0020 | [Pawdroid-SS-APK] The+Netherlands-71
score=-99.6419 | latency=0.0000 | time=0ms | geo=0.3364 | adj=+0.0000 | stab=0.0217 | iso=DE | via=mmdb | km=9247 | w=0.0021 | [Pawdroid-SS-APK] United+States-235
score=-99.6421 | latency=0.0000 | time=0ms | geo=0.2704 | adj=+0.0000 | stab=0.0875 | iso=IT | via=mmdb | km=9574 | w=0.0017 | [Pawdroid-SS-APK] Italy
score=-99.6422 | latency=0.0000 | time=0ms | geo=0.2720 | adj=+0.0000 | stab=0.0858 | iso=GB | via=mmdb | km=9566 | w=0.0017 | [Pawdroid-SS-APK] France-22
score=-99.6426 | latency=0.0000 | time=0ms | geo=0.2720 | adj=+0.0000 | stab=0.0854 | iso=GB | via=mmdb | km=9566 | w=0.0017 | [Pawdroid-SS-APK] United+Kingdom-28
score=-99.6430 | latency=0.0000 | time=0ms | geo=0.3223 | adj=+0.0000 | stab=0.0347 | iso=NL | via=name | km=9311 | w=0.0020 | [Pawdroid-SS-APK] The+Netherlands-91
score=-99.6437 | latency=0.0000 | time=0ms | geo=0.2720 | adj=+0.0000 | stab=0.0844 | iso=GB | via=mmdb | km=9566 | w=0.0017 | [Pawdroid-SS-APK] United+Kingdom-45
score=-99.6440 | latency=0.0000 | time=0ms | geo=0.3223 | adj=+0.0000 | stab=0.0337 | iso=NL | via=name | km=9311 | w=0.0020 | [Pawdroid-SS-APK] The+Netherlands-96
score=-99.6442 | latency=0.0000 | time=0ms | geo=0.3223 | adj=+0.0000 | stab=0.0334 | iso=NL | via=mmdb | km=9311 | w=0.0020 | [Pawdroid-SS-APK] Spain-27
score=-99.6444 | latency=0.0000 | time=0ms | geo=0.3364 | adj=+0.0000 | stab=0.0192 | iso=DE | via=name | km=9247 | w=0.0021 | [Pawdroid-SS-APK] Germany-32
score=-99.6445 | latency=0.0000 | time=0ms | geo=0.3223 | adj=+0.0000 | stab=0.0332 | iso=NL | via=mmdb | km=9311 | w=0.0020 | [Pawdroid-SS-APK] Spain-46
score=-99.6447 | latency=0.0000 | time=0ms | geo=0.3223 | adj=+0.0000 | stab=0.0330 | iso=NL | via=name | km=9311 | w=0.0020 | [Pawdroid-SS-APK] The+Netherlands-63
score=-99.6448 | latency=0.0000 | time=0ms | geo=0.3027 | adj=+0.0000 | stab=0.0525 | iso=CA | via=name | km=9405 | w=0.0019 | [Pawdroid-SS-APK] 加拿大+V2CROSS.COM
score=-99.6449 | latency=0.0000 | time=0ms | geo=0.3223 | adj=+0.0000 | stab=0.0328 | iso=NL | via=name | km=9311 | w=0.0020 | [Pawdroid-SS-APK] The+Netherlands-85
score=-99.6452 | latency=0.0000 | time=0ms | geo=0.3223 | adj=+0.0000 | stab=0.0325 | iso=NL | via=name | km=9311 | w=0.0020 | [Pawdroid-SS-APK] The+Netherlands-84
score=-99.6452 | latency=0.0000 | time=0ms | geo=0.2704 | adj=+0.0000 | stab=0.0843 | iso=IT | via=mmdb | km=9574 | w=0.0017 | [Pawdroid-SS-APK] United+States-256
score=-99.6461 | latency=0.0000 | time=0ms | geo=0.2720 | adj=+0.0000 | stab=0.0819 | iso=GB | via=mmdb | km=9566 | w=0.0017 | [Pawdroid-SS-APK] United+Kingdom-19
score=-99.6461 | latency=0.0000 | time=0ms | geo=0.2720 | adj=+0.0000 | stab=0.0819 | iso=GB | via=mmdb | km=9566 | w=0.0017 | [Pawdroid-SS-APK] United+Kingdom-88
score=-99.6464 | latency=0.0000 | time=0ms | geo=0.3223 | adj=+0.0000 | stab=0.0313 | iso=NL | via=name | km=9311 | w=0.0020 | [Pawdroid-SS-APK] The+Netherlands-68
score=-99.6464 | latency=0.0000 | time=0ms | geo=0.2720 | adj=+0.0000 | stab=0.0816 | iso=GB | via=mmdb | km=9566 | w=0.0017 | [Pawdroid-SS-APK] United+Kingdom-43
score=-99.6464 | latency=0.0000 | time=0ms | geo=0.2720 | adj=+0.0000 | stab=0.0816 | iso=GB | via=mmdb | km=9566 | w=0.0017 | [Pawdroid-SS-APK] United+Kingdom-11
score=-99.6467 | latency=0.0000 | time=0ms | geo=0.3223 | adj=+0.0000 | stab=0.0310 | iso=NL | via=mmdb | km=9311 | w=0.0020 | [Pawdroid-SS-APK] Spain-23
score=-99.6467 | latency=0.0000 | time=0ms | geo=0.2720 | adj=+0.0000 | stab=0.0813 | iso=GB | via=mmdb | km=9566 | w=0.0017 | [Pawdroid-SS-APK] United+Kingdom-42
score=-99.6468 | latency=0.0000 | time=0ms | geo=0.2720 | adj=+0.0000 | stab=0.0812 | iso=GB | via=mmdb | km=9566 | w=0.0017 | [Pawdroid-SS-APK] United+Kingdom-117
score=-99.6469 | latency=0.0000 | time=0ms | geo=0.2720 | adj=+0.0000 | stab=0.0811 | iso=GB | via=mmdb | km=9566 | w=0.0017 | [Pawdroid-SS-APK] United+Kingdom-147
score=-99.6471 | latency=0.0000 | time=0ms | geo=0.2720 | adj=+0.0000 | stab=0.0809 | iso=GB | via=mmdb | km=9566 | w=0.0017 | [Pawdroid-SS-APK] United+Kingdom-66
score=-99.6476 | latency=0.0000 | time=0ms | geo=0.3223 | adj=+0.0000 | stab=0.0301 | iso=NL | via=name | km=9311 | w=0.0020 | [Pawdroid-SS-APK] The+Netherlands-7
score=-99.6479 | latency=0.0000 | time=0ms | geo=0.3364 | adj=+0.0000 | stab=0.0157 | iso=DE | via=mmdb | km=9247 | w=0.0021 | [Pawdroid-SS-APK] United+States-257
score=-99.6479 | latency=0.0000 | time=0ms | geo=0.3223 | adj=+0.0000 | stab=0.0297 | iso=NL | via=name | km=9311 | w=0.0020 | [Pawdroid-SS-APK] The+Netherlands-65
score=-99.6479 | latency=0.0000 | time=0ms | geo=0.3223 | adj=+0.0000 | stab=0.0297 | iso=NL | via=mmdb | km=9311 | w=0.0020 | [Pawdroid-SS-APK] Spain-38
score=-99.6482 | latency=0.0000 | time=0ms | geo=0.2720 | adj=+0.0000 | stab=0.0798 | iso=GB | via=mmdb | km=9566 | w=0.0017 | [Pawdroid-SS-APK] France-8
score=-99.6484 | latency=0.0000 | time=0ms | geo=0.2720 | adj=+0.0000 | stab=0.0796 | iso=GB | via=mmdb | km=9566 | w=0.0017 | [Pawdroid-SS-APK] United+Kingdom-76
score=-99.6485 | latency=0.0000 | time=0ms | geo=0.3027 | adj=+0.0000 | stab=0.0489 | iso=CA | via=name | km=9405 | w=0.0019 | [Pawdroid-SS-APK] Canada-12
score=-99.6485 | latency=0.0000 | time=0ms | geo=0.3223 | adj=+0.0000 | stab=0.0292 | iso=NL | via=name | km=9311 | w=0.0020 | [Pawdroid-SS-APK] The+Netherlands-53
score=-99.6494 | latency=0.0000 | time=0ms | geo=0.2720 | adj=+0.0000 | stab=0.0787 | iso=GB | via=mmdb | km=9566 | w=0.0017 | [Pawdroid-SS-APK] United+Kingdom-69
score=-99.6494 | latency=0.0000 | time=0ms | geo=0.3364 | adj=+0.0000 | stab=0.0142 | iso=DE | via=mmdb | km=9247 | w=0.0021 | [Pawdroid-SR-APK] 中国+阿里云
score=-99.6494 | latency=0.0000 | time=0ms | geo=0.3027 | adj=+0.0000 | stab=0.0479 | iso=CA | via=name | km=9405 | w=0.0019 | [Pawdroid-SS-APK] Canada-15
score=-99.6496 | latency=0.0000 | time=0ms | geo=0.3223 | adj=+0.0000 | stab=0.0281 | iso=NL | via=mmdb | km=9311 | w=0.0020 | [Pawdroid-SS-APK] Spain-33
score=-99.6503 | latency=0.0000 | time=0ms | geo=0.3223 | adj=+0.0000 | stab=0.0274 | iso=NL | via=name | km=9311 | w=0.0020 | [Pawdroid-SS-APK] The+Netherlands-80
score=-99.6507 | latency=0.0000 | time=0ms | geo=0.3364 | adj=+0.0000 | stab=0.0129 | iso=DE | via=name | km=9247 | w=0.0021 | [Pawdroid-SS-APK] Germany-21
score=-99.6508 | latency=0.0000 | time=0ms | geo=0.3364 | adj=+0.0000 | stab=0.0128 | iso=DE | via=mmdb | km=9247 | w=0.0021 | [Pawdroid-SS-APK] United+States-191
score=-99.6510 | latency=0.0000 | time=0ms | geo=0.3027 | adj=+0.0000 | stab=0.0464 | iso=CA | via=mmdb | km=9405 | w=0.0019 | [Pawdroid-SS-APK] United+States-204
score=-99.6511 | latency=0.0000 | time=0ms | geo=0.3364 | adj=+0.0000 | stab=0.0125 | iso=DE | via=mmdb | km=9247 | w=0.0021 | [Pawdroid-SS-APK] Bahrain
score=-99.6513 | latency=0.0000 | time=0ms | geo=0.2720 | adj=+0.0000 | stab=0.0768 | iso=GB | via=mmdb | km=9566 | w=0.0017 | [Pawdroid-SS-APK] United+Kingdom-135
score=-99.6514 | latency=0.0000 | time=0ms | geo=0.2720 | adj=+0.0000 | stab=0.0767 | iso=GB | via=mmdb | km=9566 | w=0.0017 | [Pawdroid-SS-APK] France-46
score=-99.6515 | latency=0.0000 | time=0ms | geo=0.3027 | adj=+0.0000 | stab=0.0459 | iso=CA | via=name | km=9405 | w=0.0019 | [Pawdroid-SS-APK] Canada-6
score=-99.6518 | latency=0.0000 | time=0ms | geo=0.3223 | adj=+0.0000 | stab=0.0258 | iso=NL | via=mmdb | km=9311 | w=0.0020 | [Pawdroid-SS-APK] France-19
score=-99.6528 | latency=0.0000 | time=0ms | geo=0.3223 | adj=+0.0000 | stab=0.0249 | iso=NL | via=mmdb | km=9311 | w=0.0020 | [Pawdroid-SS-APK] Spain-20
score=-99.6528 | latency=0.0000 | time=0ms | geo=0.3223 | adj=+0.0000 | stab=0.0249 | iso=NL | via=name | km=9311 | w=0.0020 | [Pawdroid-SS-APK] The+Netherlands-90
score=-99.6528 | latency=0.0000 | time=0ms | geo=0.3027 | adj=+0.0000 | stab=0.0445 | iso=CA | via=mmdb | km=9405 | w=0.0019 | [Pawdroid-SS-APK] United+States-6
score=-99.6529 | latency=0.0000 | time=0ms | geo=0.3223 | adj=+0.0000 | stab=0.0248 | iso=NL | via=mmdb | km=9311 | w=0.0020 | [Pawdroid-SS-APK] United+States-291
score=-99.6530 | latency=0.0000 | time=0ms | geo=0.2704 | adj=+0.0000 | stab=0.0766 | iso=IT | via=mmdb | km=9574 | w=0.0017 | [Pawdroid-SS-APK] Italy-2
score=-99.6534 | latency=0.0000 | time=0ms | geo=0.3368 | adj=+0.0000 | stab=0.0099 | iso=AT | via=mmdb | km=9245 | w=0.0021 | [Pawdroid-SS-APK] Austria-6
score=-99.6536 | latency=0.0000 | time=0ms | geo=0.3364 | adj=+0.0000 | stab=0.0100 | iso=DE | via=name | km=9247 | w=0.0021 | [Pawdroid-SS-APK] Germany-28
score=-99.6540 | latency=0.0000 | time=0ms | geo=0.2720 | adj=+0.0000 | stab=0.0740 | iso=GB | via=mmdb | km=9566 | w=0.0017 | [Pawdroid-SS-APK] United+Kingdom-51
score=-99.6540 | latency=0.0000 | time=0ms | geo=0.2720 | adj=+0.0000 | stab=0.0740 | iso=GB | via=mmdb | km=9566 | w=0.0017 | [Pawdroid-SS-APK] United+Kingdom-24
score=-99.6542 | latency=0.0000 | time=0ms | geo=0.3223 | adj=+0.0000 | stab=0.0235 | iso=NL | via=mmdb | km=9311 | w=0.0020 | [Pawdroid-SS-APK] Spain-37
score=-99.6546 | latency=0.0000 | time=0ms | geo=0.3223 | adj=+0.0000 | stab=0.0231 | iso=NL | via=mmdb | km=9311 | w=0.0020 | [Pawdroid-SS-APK] France-39
score=-99.6549 | latency=0.0000 | time=0ms | geo=0.3223 | adj=+0.0000 | stab=0.0228 | iso=NL | via=mmdb | km=9311 | w=0.0020 | [Pawdroid-SS-APK] Spain-34
score=-99.6552 | latency=0.0000 | time=0ms | geo=0.2720 | adj=+0.0000 | stab=0.0728 | iso=GB | via=host | km=9566 | w=0.0017 | [Pawdroid-SS-APK] 欧盟+V2CROSS.COM
score=-99.6552 | latency=0.0000 | time=0ms | geo=0.3223 | adj=+0.0000 | stab=0.0225 | iso=NL | via=name | km=9311 | w=0.0020 | [Pawdroid-SS-APK] The+Netherlands-12
score=-99.6556 | latency=0.0000 | time=0ms | geo=0.3223 | adj=+0.0000 | stab=0.0221 | iso=NL | via=mmdb | km=9311 | w=0.0020 | [Pawdroid-SS-APK] Spain-5
score=-99.6560 | latency=0.0000 | time=0ms | geo=0.2720 | adj=+0.0000 | stab=0.0720 | iso=GB | via=mmdb | km=9566 | w=0.0017 | [Pawdroid-SS-APK] United+Kingdom
score=-99.6563 | latency=0.0000 | time=0ms | geo=0.3364 | adj=+0.0000 | stab=0.0073 | iso=DE | via=mmdb | km=9247 | w=0.0021 | [Pawdroid-SS-APK] United+Kingdom-128
score=-99.6563 | latency=0.0000 | time=0ms | geo=0.2720 | adj=+0.0000 | stab=0.0717 | iso=GB | via=mmdb | km=9566 | w=0.0017 | [Pawdroid-SS-APK] United+Kingdom-54
score=-99.6565 | latency=0.0000 | time=0ms | geo=0.3364 | adj=+0.0000 | stab=0.0071 | iso=DE | via=mmdb | km=9247 | w=0.0021 | [Pawdroid-SS-APK] The+Netherlands-55
score=-99.6566 | latency=0.0000 | time=0ms | geo=0.3027 | adj=+0.0000 | stab=0.0407 | iso=CA | via=name | km=9405 | w=0.0019 | [Pawdroid-SS-APK] Canada-7
score=-99.6569 | latency=0.0000 | time=0ms | geo=0.2720 | adj=+0.0000 | stab=0.0711 | iso=GB | via=mmdb | km=9566 | w=0.0017 | [Pawdroid-SS-APK] United+Kingdom-50
score=-99.6570 | latency=0.0000 | time=0ms | geo=0.3364 | adj=+0.0000 | stab=0.0066 | iso=DE | via=mmdb | km=9247 | w=0.0021 | [Pawdroid-SS-APK] United+States-219
score=-99.6570 | latency=0.0000 | time=0ms | geo=0.3364 | adj=+0.0000 | stab=0.0066 | iso=DE | via=name | km=9247 | w=0.0021 | [Pawdroid-SS-APK] Germany-19
score=-99.6573 | latency=0.0000 | time=0ms | geo=0.3223 | adj=+0.0000 | stab=0.0204 | iso=NL | via=name | km=9311 | w=0.0020 | [Pawdroid-SS-APK] The+Netherlands-44
score=-99.6574 | latency=0.0000 | time=0ms | geo=0.3223 | adj=+0.0000 | stab=0.0203 | iso=NL | via=mmdb | km=9311 | w=0.0020 | [Pawdroid-SS-APK] France-26
score=-99.6575 | latency=0.0000 | time=0ms | geo=0.3223 | adj=+0.0000 | stab=0.0202 | iso=NL | via=name | km=9311 | w=0.0020 | [Pawdroid-SS-APK] The+Netherlands-46
score=-99.6578 | latency=0.0000 | time=0ms | geo=0.3223 | adj=+0.0000 | stab=0.0199 | iso=NL | via=name | km=9311 | w=0.0020 | [Pawdroid-SS-APK] The+Netherlands-32
score=-99.6578 | latency=0.0000 | time=0ms | geo=0.3223 | adj=+0.0000 | stab=0.0199 | iso=NL | via=mmdb | km=9311 | w=0.0020 | [Pawdroid-SS-APK] Spain-45
score=-99.6578 | latency=0.0000 | time=0ms | geo=0.3364 | adj=+0.0000 | stab=0.0058 | iso=DE | via=mmdb | km=9247 | w=0.0021 | [Pawdroid-SS-APK] Lebanon
score=-99.6580 | latency=0.0000 | time=0ms | geo=0.3223 | adj=+0.0000 | stab=0.0197 | iso=NL | via=mmdb | km=9311 | w=0.0020 | [Pawdroid-SS-APK] France-32
score=-99.6581 | latency=0.0000 | time=0ms | geo=0.3223 | adj=+0.0000 | stab=0.0196 | iso=NL | via=name | km=9311 | w=0.0020 | [Pawdroid-SS-APK] The+Netherlands-38
score=-99.6582 | latency=0.0000 | time=0ms | geo=0.3223 | adj=+0.0000 | stab=0.0195 | iso=NL | via=mmdb | km=9311 | w=0.0020 | [Pawdroid-SS-APK] Spain-12
score=-99.6585 | latency=0.0000 | time=0ms | geo=0.3223 | adj=+0.0000 | stab=0.0192 | iso=NL | via=name | km=9311 | w=0.0020 | [Pawdroid-SS-APK] The+Netherlands-45
score=-99.6590 | latency=0.0000 | time=0ms | geo=0.2720 | adj=+0.0000 | stab=0.0690 | iso=GB | via=mmdb | km=9566 | w=0.0017 | [Pawdroid-SS-APK] United+Kingdom-37
score=-99.6591 | latency=0.0000 | time=0ms | geo=0.3364 | adj=+0.0000 | stab=0.0045 | iso=DE | via=name | km=9247 | w=0.0021 | [Pawdroid-SS-APK] Germany-35
score=-99.6593 | latency=0.0000 | time=0ms | geo=0.3223 | adj=+0.0000 | stab=0.0184 | iso=NL | via=name | km=9311 | w=0.0020 | [Pawdroid-SS-APK] The+Netherlands-47
score=-99.6598 | latency=0.0000 | time=0ms | geo=0.3223 | adj=+0.0000 | stab=0.0179 | iso=NL | via=name | km=9311 | w=0.0020 | [Pawdroid-SS-APK] The+Netherlands-14
score=-99.6600 | latency=0.0000 | time=0ms | geo=0.3223 | adj=+0.0000 | stab=0.0177 | iso=NL | via=mmdb | km=9311 | w=0.0020 | [Pawdroid-SS-APK] United+States-239
score=-99.6609 | latency=0.0000 | time=0ms | geo=0.2720 | adj=+0.0000 | stab=0.0672 | iso=GB | via=mmdb | km=9566 | w=0.0017 | [Pawdroid-SS-APK] United+Kingdom-27
score=-99.6612 | latency=0.0000 | time=0ms | geo=0.2720 | adj=+0.0000 | stab=0.0668 | iso=GB | via=mmdb | km=9566 | w=0.0017 | [Pawdroid-SS-APK] United+Kingdom-110
score=-99.6613 | latency=0.0000 | time=0ms | geo=0.2720 | adj=+0.0000 | stab=0.0667 | iso=GB | via=mmdb | km=9566 | w=0.0017 | [Pawdroid-SS-APK] United+Kingdom-47
score=-99.6616 | latency=0.0000 | time=0ms | geo=0.2720 | adj=+0.0000 | stab=0.0664 | iso=GB | via=mmdb | km=9566 | w=0.0017 | [Pawdroid-SS-APK] Switzerland
score=-99.6618 | latency=0.0000 | time=0ms | geo=0.2720 | adj=+0.0000 | stab=0.0663 | iso=GB | via=name | km=9566 | w=0.0017 | [Pawdroid-SS-APK] 英国+V2CROSS.COM-4
score=-99.6627 | latency=0.0000 | time=0ms | geo=0.2720 | adj=+0.0000 | stab=0.0653 | iso=GB | via=mmdb | km=9566 | w=0.0017 | [Pawdroid-SS-APK] United+Kingdom-25
score=-99.6634 | latency=0.0000 | time=0ms | geo=0.3364 | adj=+0.0000 | stab=0.0002 | iso=DE | via=mmdb | km=9247 | w=0.0021 | [Pawdroid-SS-APK] United Kingdom
score=-99.6634 | latency=0.0000 | time=0ms | geo=0.2720 | adj=+0.0000 | stab=0.0646 | iso=GB | via=mmdb | km=9566 | w=0.0017 | [Pawdroid-SS-APK] United+Kingdom-74
score=-99.6642 | latency=0.0000 | time=0ms | geo=0.2720 | adj=+0.0000 | stab=0.0638 | iso=GB | via=mmdb | km=9566 | w=0.0017 | [Pawdroid-SS-APK] United+Kingdom-34
score=-99.6643 | latency=0.0000 | time=0ms | geo=0.2720 | adj=+0.0000 | stab=0.0637 | iso=GB | via=name | km=9566 | w=0.0017 | [Pawdroid-SS-APK] 英国+V2CROSS.COM-5
score=-99.6645 | latency=0.0000 | time=0ms | geo=0.3223 | adj=+0.0000 | stab=0.0132 | iso=NL | via=mmdb | km=9311 | w=0.0020 | [Pawdroid-SS-APK] France-30
score=-99.6646 | latency=0.0000 | time=0ms | geo=0.3223 | adj=+0.0000 | stab=0.0131 | iso=NL | via=name | km=9311 | w=0.0020 | [Pawdroid-SS-APK] The+Netherlands-89
score=-99.6648 | latency=0.0000 | time=0ms | geo=0.3223 | adj=+0.0000 | stab=0.0129 | iso=NL | via=mmdb | km=9311 | w=0.0020 | [Pawdroid-SS-APK] France-23
score=-99.6650 | latency=0.0000 | time=0ms | geo=0.3223 | adj=+0.0000 | stab=0.0127 | iso=NL | via=name | km=9311 | w=0.0020 | [Pawdroid-SS-APK] The+Netherlands-19
score=-99.6651 | latency=0.0000 | time=0ms | geo=0.2704 | adj=+0.0000 | stab=0.0645 | iso=IT | via=mmdb | km=9574 | w=0.0017 | [Pawdroid-SS-APK] France-3
score=-99.6656 | latency=0.0000 | time=0ms | geo=0.3223 | adj=+0.0000 | stab=0.0121 | iso=NL | via=mmdb | km=9311 | w=0.0020 | [Pawdroid-SS-APK] Spain-41
score=-99.6658 | latency=0.0000 | time=0ms | geo=0.3223 | adj=+0.0000 | stab=0.0119 | iso=NL | via=mmdb | km=9311 | w=0.0020 | [Pawdroid-SS-APK] United+Kingdom-115
score=-99.6660 | latency=0.0000 | time=0ms | geo=0.3223 | adj=+0.0000 | stab=0.0116 | iso=NL | via=name | km=9311 | w=0.0020 | [Pawdroid-SS-APK] The+Netherlands-74
score=-99.6664 | latency=0.0000 | time=0ms | geo=0.2720 | adj=+0.0000 | stab=0.0616 | iso=GB | via=mmdb | km=9566 | w=0.0017 | [Pawdroid-SS-APK] United+Kingdom-71
score=-99.6666 | latency=0.0000 | time=0ms | geo=0.2720 | adj=+0.0000 | stab=0.0614 | iso=GB | via=mmdb | km=9566 | w=0.0017 | [Pawdroid-SS-APK] United+Kingdom-141
score=-99.6666 | latency=0.0000 | time=0ms | geo=0.3223 | adj=+0.0000 | stab=0.0111 | iso=NL | via=mmdb | km=9311 | w=0.0020 | [Pawdroid-SS-APK] 俄罗斯+V2CROSS.COM-8
score=-99.6668 | latency=0.0000 | time=0ms | geo=0.3223 | adj=+0.0000 | stab=0.0108 | iso=NL | via=mmdb | km=9311 | w=0.0020 | [Pawdroid-SS-APK] United+States-301
score=-99.6681 | latency=0.0000 | time=0ms | geo=0.3223 | adj=+0.0000 | stab=0.0096 | iso=NL | via=name | km=9311 | w=0.0020 | [Pawdroid-SS-APK] The+Netherlands-60
score=-99.6684 | latency=0.0000 | time=0ms | geo=0.2720 | adj=+0.0000 | stab=0.0596 | iso=GB | via=mmdb | km=9566 | w=0.0017 | [Pawdroid-SS-APK] United+Kingdom-57
score=-99.6688 | latency=0.0000 | time=0ms | geo=0.2720 | adj=+0.0000 | stab=0.0592 | iso=GB | via=mmdb | km=9566 | w=0.0017 | [Pawdroid-SS-APK] United+Kingdom-52
score=-99.6693 | latency=0.0000 | time=0ms | geo=0.3223 | adj=+0.0000 | stab=0.0084 | iso=NL | via=mmdb | km=9311 | w=0.0020 | [Pawdroid-SS-APK] Spain-43
score=-99.6695 | latency=0.0000 | time=0ms | geo=0.3027 | adj=+0.0000 | stab=0.0278 | iso=CA | via=name | km=9405 | w=0.0019 | [Pawdroid-SS-APK] Canada-11
score=-99.6698 | latency=0.0000 | time=0ms | geo=0.3223 | adj=+0.0000 | stab=0.0079 | iso=NL | via=mmdb | km=9311 | w=0.0020 | [Pawdroid-SS-APK] France-16
score=-99.6704 | latency=0.0000 | time=0ms | geo=0.2720 | adj=+0.0000 | stab=0.0577 | iso=GB | via=mmdb | km=9566 | w=0.0017 | [Pawdroid-SS-APK] United+Kingdom-75
score=-99.6714 | latency=0.0000 | time=0ms | geo=0.3223 | adj=+0.0000 | stab=0.0063 | iso=NL | via=mmdb | km=9311 | w=0.0020 | [Pawdroid-SS-APK] Spain-28
score=-99.6714 | latency=0.0000 | time=0ms | geo=0.3223 | adj=+0.0000 | stab=0.0063 | iso=NL | via=name | km=9311 | w=0.0020 | [Pawdroid-SS-APK] The+Netherlands-40
score=-99.6723 | latency=0.0000 | time=0ms | geo=0.3223 | adj=+0.0000 | stab=0.0053 | iso=NL | via=name | km=9311 | w=0.0020 | [Pawdroid-SS-APK] The+Netherlands
score=-99.6730 | latency=0.0000 | time=0ms | geo=0.2720 | adj=+0.0000 | stab=0.0550 | iso=GB | via=mmdb | km=9566 | w=0.0017 | [Pawdroid-SS-APK] United+Kingdom-62
score=-99.6731 | latency=0.0000 | time=0ms | geo=0.3223 | adj=+0.0000 | stab=0.0046 | iso=NL | via=mmdb | km=9311 | w=0.0020 | [Pawdroid-SS-APK] France-40
score=-99.6733 | latency=0.0000 | time=0ms | geo=0.2720 | adj=+0.0000 | stab=0.0547 | iso=GB | via=host | km=9566 | w=0.0017 | [Pawdroid-SS-APK] United+Kingdom-160
score=-99.6735 | latency=0.0000 | time=0ms | geo=0.3223 | adj=+0.0000 | stab=0.0042 | iso=NL | via=mmdb | km=9311 | w=0.0020 | [Pawdroid-SS-APK] Spain-6
score=-99.6735 | latency=0.0000 | time=0ms | geo=0.3223 | adj=+0.0000 | stab=0.0042 | iso=NL | via=mmdb | km=9311 | w=0.0020 | [Pawdroid-SS-APK] Spain-26
score=-99.6747 | latency=0.0000 | time=0ms | geo=0.3223 | adj=+0.0000 | stab=0.0030 | iso=NL | via=name | km=9311 | w=0.0020 | [Pawdroid-SS-APK] The+Netherlands-22
score=-99.6750 | latency=0.0000 | time=0ms | geo=0.2720 | adj=+0.0000 | stab=0.0530 | iso=GB | via=mmdb | km=9566 | w=0.0017 | [Pawdroid-SS-APK] United+Kingdom-12
score=-99.6754 | latency=0.0000 | time=0ms | geo=0.2720 | adj=+0.0000 | stab=0.0526 | iso=GB | via=mmdb | km=9566 | w=0.0017 | [Pawdroid-SS-APK] United+Kingdom-20
score=-99.6756 | latency=0.0000 | time=0ms | geo=0.2720 | adj=+0.0000 | stab=0.0524 | iso=GB | via=mmdb | km=9566 | w=0.0017 | [Pawdroid-SS-APK] United+Kingdom-116
score=-99.6758 | latency=0.0000 | time=0ms | geo=0.3223 | adj=+0.0000 | stab=0.0019 | iso=NL | via=host | km=9311 | w=0.0020 | [Pawdroid-SS-APK] United+Kingdom-121
score=-99.6760 | latency=0.0000 | time=0ms | geo=0.3223 | adj=+0.0000 | stab=0.0017 | iso=NL | via=name | km=9311 | w=0.0020 | [Pawdroid-SS-APK] The+Netherlands-33
score=-99.6765 | latency=0.0000 | time=0ms | geo=0.2720 | adj=+0.0000 | stab=0.0515 | iso=GB | via=mmdb | km=9566 | w=0.0017 | [Pawdroid-SS-APK] United+Kingdom-67
score=-99.6767 | latency=0.0000 | time=0ms | geo=0.3223 | adj=+0.0000 | stab=0.0010 | iso=NL | via=name | km=9311 | w=0.0020 | [Pawdroid-SS-APK] The+Netherlands-83
score=-99.6775 | latency=0.0000 | time=0ms | geo=0.3223 | adj=+0.0000 | stab=0.0002 | iso=NL | via=name | km=9311 | w=0.0020 | [Pawdroid-SS-APK] The+Netherlands-34
score=-99.6776 | latency=0.0000 | time=0ms | geo=0.3223 | adj=+0.0000 | stab=0.0000 | iso=NL | via=mmdb | km=9311 | w=0.0020 | [Pawdroid-SS-APK] Spain-11
score=-99.6778 | latency=0.0000 | time=0ms | geo=0.3027 | adj=+0.0000 | stab=0.0195 | iso=CA | via=name | km=9405 | w=0.0019 | [Pawdroid-SS-APK] Canada-2
score=-99.6795 | latency=0.0000 | time=0ms | geo=0.2720 | adj=+0.0000 | stab=0.0485 | iso=GB | via=mmdb | km=9566 | w=0.0017 | [Pawdroid-SS-APK] United+Kingdom-109
score=-99.6801 | latency=0.0000 | time=0ms | geo=0.2720 | adj=+0.0000 | stab=0.0480 | iso=GB | via=mmdb | km=9566 | w=0.0017 | [Pawdroid-SS-APK] United+Kingdom-68
score=-99.6807 | latency=0.0000 | time=0ms | geo=0.2720 | adj=+0.0000 | stab=0.0473 | iso=GB | via=mmdb | km=9566 | w=0.0017 | [Pawdroid-SS-APK] Serbia
score=-99.6810 | latency=0.0000 | time=0ms | geo=0.2720 | adj=+0.0000 | stab=0.0470 | iso=GB | via=mmdb | km=9566 | w=0.0017 | [Pawdroid-SS-APK] United+Kingdom-133
score=-99.6815 | latency=0.0000 | time=0ms | geo=0.2720 | adj=+0.0000 | stab=0.0466 | iso=GB | via=mmdb | km=9566 | w=0.0017 | [Pawdroid-SS-APK] United+Kingdom-55
score=-99.6815 | latency=0.0000 | time=0ms | geo=0.2684 | adj=+0.0000 | stab=0.0501 | iso=CH | via=mmdb | km=9586 | w=0.0017 | [Pawdroid-SS-APK] United+Kingdom-112
score=-99.6820 | latency=0.0000 | time=0ms | geo=0.2720 | adj=+0.0000 | stab=0.0460 | iso=GB | via=mmdb | km=9566 | w=0.0017 | [Pawdroid-SS-APK] United+Kingdom-73
score=-99.6849 | latency=0.0000 | time=0ms | geo=0.2720 | adj=+0.0000 | stab=0.0431 | iso=GB | via=mmdb | km=9566 | w=0.0017 | [Pawdroid-SS-APK] United States-16
score=-99.6858 | latency=0.0000 | time=0ms | geo=0.2720 | adj=+0.0000 | stab=0.0422 | iso=GB | via=mmdb | km=9566 | w=0.0017 | [Pawdroid-SS-APK] United+Kingdom-29
score=-99.6870 | latency=0.0000 | time=0ms | geo=0.2720 | adj=+0.0000 | stab=0.0410 | iso=GB | via=mmdb | km=9566 | w=0.0017 | [Pawdroid-SS-APK] United+Kingdom-3
score=-99.6872 | latency=0.0000 | time=0ms | geo=0.2720 | adj=+0.0000 | stab=0.0408 | iso=GB | via=mmdb | km=9566 | w=0.0017 | [Pawdroid-SS-APK] United+Kingdom-64
score=-99.6888 | latency=0.0000 | time=0ms | geo=0.2720 | adj=+0.0000 | stab=0.0392 | iso=GB | via=mmdb | km=9566 | w=0.0017 | [Pawdroid-SS-APK] United+Kingdom-9
score=-99.6891 | latency=0.0000 | time=0ms | geo=0.2720 | adj=+0.0000 | stab=0.0389 | iso=GB | via=mmdb | km=9566 | w=0.0017 | [Pawdroid-SS-APK] United+Kingdom-107
score=-99.6892 | latency=0.0000 | time=0ms | geo=0.2720 | adj=+0.0000 | stab=0.0388 | iso=GB | via=mmdb | km=9566 | w=0.0017 | [Pawdroid-SS-APK] United+Kingdom-86
score=-99.6892 | latency=0.0000 | time=0ms | geo=0.2720 | adj=+0.0000 | stab=0.0388 | iso=GB | via=mmdb | km=9566 | w=0.0017 | [Pawdroid-SS-APK] United+Kingdom-85
score=-99.6901 | latency=0.0000 | time=0ms | geo=0.2720 | adj=+0.0000 | stab=0.0379 | iso=GB | via=mmdb | km=9566 | w=0.0017 | [Pawdroid-SS-APK] United+Kingdom-10
score=-99.6923 | latency=0.0000 | time=0ms | geo=0.3027 | adj=+0.0000 | stab=0.0050 | iso=CA | via=name | km=9405 | w=0.0019 | [Pawdroid-SS-APK] Canada-9
score=-99.6927 | latency=0.0000 | time=0ms | geo=0.2720 | adj=+0.0000 | stab=0.0354 | iso=GB | via=mmdb | km=9566 | w=0.0017 | [Pawdroid-SS-APK] United+Kingdom-103
score=-99.6928 | latency=0.0000 | time=0ms | geo=0.2720 | adj=+0.0000 | stab=0.0352 | iso=GB | via=mmdb | km=9566 | w=0.0017 | [Pawdroid-SS-APK] United+Kingdom-38
score=-99.6965 | latency=0.0000 | time=0ms | geo=0.2684 | adj=+0.0000 | stab=0.0351 | iso=CH | via=mmdb | km=9586 | w=0.0017 | [Pawdroid-SS-APK] Switzerland-2
score=-99.6967 | latency=0.0000 | time=0ms | geo=0.2720 | adj=+0.0000 | stab=0.0314 | iso=GB | via=mmdb | km=9566 | w=0.0017 | [Pawdroid-SS-APK] United+Kingdom-16
score=-99.6979 | latency=0.0000 | time=0ms | geo=0.2720 | adj=+0.0000 | stab=0.0301 | iso=GB | via=mmdb | km=9566 | w=0.0017 | [Pawdroid-SS-APK] United+Kingdom-95
score=-99.6992 | latency=0.0000 | time=0ms | geo=0.2720 | adj=+0.0000 | stab=0.0288 | iso=GB | via=mmdb | km=9566 | w=0.0017 | [Pawdroid-SS-APK] United+Kingdom-53
score=-99.6995 | latency=0.0000 | time=0ms | geo=0.2720 | adj=+0.0000 | stab=0.0285 | iso=GB | via=mmdb | km=9566 | w=0.0017 | [Pawdroid-SS-APK] United+Kingdom-63
score=-99.6996 | latency=0.0000 | time=0ms | geo=0.2035 | adj=+0.0000 | stab=0.0970 | iso=FR | via=host | km=10001 | w=0.0013 | [Pawdroid-SS-APK] 美国+CloudFlare节点-51
score=-99.6998 | latency=0.0000 | time=0ms | geo=0.2720 | adj=+0.0000 | stab=0.0283 | iso=GB | via=mmdb | km=9566 | w=0.0017 | [Pawdroid-SS-APK] United+Kingdom-2
score=-99.7000 | latency=0.0000 | time=0ms | geo=0.2035 | adj=+0.0000 | stab=0.0965 | iso=FR | via=mmdb | km=10001 | w=0.0013 | [Pawdroid-SS-APK] Russia-5
score=-99.7002 | latency=0.0000 | time=0ms | geo=0.2720 | adj=+0.0000 | stab=0.0278 | iso=GB | via=mmdb | km=9566 | w=0.0017 | [Pawdroid-SS-APK] United+Kingdom-59
score=-99.7002 | latency=0.0000 | time=0ms | geo=0.2720 | adj=+0.0000 | stab=0.0278 | iso=GB | via=mmdb | km=9566 | w=0.0017 | [Pawdroid-SS-APK] France-48
score=-99.7004 | latency=0.0000 | time=0ms | geo=0.2720 | adj=+0.0000 | stab=0.0276 | iso=GB | via=mmdb | km=9566 | w=0.0017 | [Pawdroid-SS-APK] United+Kingdom-87
score=-99.7006 | latency=0.0000 | time=0ms | geo=0.2035 | adj=+0.0000 | stab=0.0959 | iso=FR | via=mmdb | km=10001 | w=0.0013 | [ChromeGO-Toolkit] https://github.com/Alvin9999-newpac/fanqiang
score=-99.7013 | latency=0.0000 | time=0ms | geo=0.2684 | adj=+0.0000 | stab=0.0303 | iso=CH | via=mmdb | km=9586 | w=0.0017 | [Pawdroid-SS-APK] 美国+加利福尼亚州圣荷西市Lightwave+Networking有限公司
score=-99.7024 | latency=0.0000 | time=0ms | geo=0.2035 | adj=+0.0000 | stab=0.0941 | iso=FR | via=mmdb | km=10001 | w=0.0013 | [ChromeGO-Toolkit] hysteria2
score=-99.7025 | latency=0.0000 | time=0ms | geo=0.2035 | adj=+0.0000 | stab=0.0941 | iso=FR | via=name | km=10001 | w=0.0013 | [Pawdroid-SS-APK] France
score=-99.7026 | latency=0.0000 | time=0ms | geo=0.2035 | adj=+0.0000 | stab=0.0939 | iso=FR | via=mmdb | km=10001 | w=0.0013 | [Pawdroid-SS-APK] United+Kingdom-156
score=-99.7029 | latency=0.0000 | time=0ms | geo=0.2035 | adj=+0.0000 | stab=0.0937 | iso=FR | via=mmdb | km=10001 | w=0.0013 | [ChromeGO-Toolkit] proxy-4
score=-99.7035 | latency=0.0000 | time=0ms | geo=0.2720 | adj=+0.0000 | stab=0.0245 | iso=GB | via=mmdb | km=9566 | w=0.0017 | [Pawdroid-SS-APK] United+Kingdom-48
score=-99.7040 | latency=0.0000 | time=0ms | geo=0.2720 | adj=+0.0000 | stab=0.0241 | iso=GB | via=mmdb | km=9566 | w=0.0017 | [Pawdroid-SS-APK] United+Kingdom-60
score=-99.7049 | latency=0.0000 | time=0ms | geo=0.2720 | adj=+0.0000 | stab=0.0231 | iso=GB | via=mmdb | km=9566 | w=0.0017 | [Pawdroid-SS-APK] United+Kingdom-33
score=-99.7058 | latency=0.0000 | time=0ms | geo=0.2035 | adj=+0.0000 | stab=0.0908 | iso=FR | via=name | km=10001 | w=0.0013 | [Pawdroid-SS-APK] France-2
score=-99.7065 | latency=0.0000 | time=0ms | geo=0.2720 | adj=+0.0000 | stab=0.0215 | iso=GB | via=mmdb | km=9566 | w=0.0017 | [Pawdroid-SS-APK] United+Kingdom-40
score=-99.7070 | latency=0.0000 | time=0ms | geo=0.2035 | adj=+0.0000 | stab=0.0896 | iso=FR | via=name | km=10001 | w=0.0013 | [Pawdroid-SS-APK] France-37
score=-99.7073 | latency=0.0000 | time=0ms | geo=0.2720 | adj=+0.0000 | stab=0.0207 | iso=GB | via=name | km=9566 | w=0.0017 | [Pawdroid-SS-APK] 英国+V2CROSS.COM-7
score=-99.7073 | latency=0.0000 | time=0ms | geo=0.2720 | adj=+0.0000 | stab=0.0207 | iso=GB | via=mmdb | km=9566 | w=0.0017 | [Pawdroid-SS-APK] United+Kingdom-77
score=-99.7077 | latency=0.0000 | time=0ms | geo=0.2035 | adj=+0.0000 | stab=0.0888 | iso=FR | via=mmdb | km=10001 | w=0.0013 | [ChromeGO-Toolkit] https://github.com/Alvin9999-newpac/fanqiang-2
score=-99.7087 | latency=0.0000 | time=0ms | geo=0.2720 | adj=+0.0000 | stab=0.0193 | iso=GB | via=mmdb | km=9566 | w=0.0017 | [Pawdroid-SS-APK] United+Kingdom-21
score=-99.7094 | latency=0.0000 | time=0ms | geo=0.2720 | adj=+0.0000 | stab=0.0187 | iso=GB | via=mmdb | km=9566 | w=0.0017 | [Pawdroid-SS-APK] United+Kingdom-130
score=-99.7094 | latency=0.0000 | time=0ms | geo=0.2720 | adj=+0.0000 | stab=0.0186 | iso=GB | via=mmdb | km=9566 | w=0.0017 | [Pawdroid-SS-APK] United+Kingdom-5
score=-99.7097 | latency=0.0000 | time=0ms | geo=0.2720 | adj=+0.0000 | stab=0.0183 | iso=GB | via=mmdb | km=9566 | w=0.0017 | [Pawdroid-SS-APK] United+Kingdom-7
score=-99.7105 | latency=0.0000 | time=0ms | geo=0.2720 | adj=+0.0000 | stab=0.0175 | iso=GB | via=mmdb | km=9566 | w=0.0017 | [Pawdroid-SS-APK] United+Kingdom-8
score=-99.7115 | latency=0.0000 | time=0ms | geo=0.2720 | adj=+0.0000 | stab=0.0165 | iso=GB | via=mmdb | km=9566 | w=0.0017 | [Pawdroid-SS-APK] United+Kingdom-70
score=-99.7116 | latency=0.0000 | time=0ms | geo=0.2720 | adj=+0.0000 | stab=0.0164 | iso=GB | via=mmdb | km=9566 | w=0.0017 | [Pawdroid-SS-APK] United+States-296
score=-99.7116 | latency=0.0000 | time=0ms | geo=0.2720 | adj=+0.0000 | stab=0.0164 | iso=GB | via=mmdb | km=9566 | w=0.0017 | [Pawdroid-SS-APK] France-45
score=-99.7130 | latency=0.0000 | time=0ms | geo=0.2720 | adj=+0.0000 | stab=0.0150 | iso=GB | via=mmdb | km=9566 | w=0.0017 | [Pawdroid-SS-APK] United+Kingdom-79
score=-99.7135 | latency=0.0000 | time=0ms | geo=0.2720 | adj=+0.0000 | stab=0.0145 | iso=GB | via=mmdb | km=9566 | w=0.0017 | [Pawdroid-SS-APK] United+Kingdom-61
score=-99.7151 | latency=0.0000 | time=0ms | geo=0.2720 | adj=+0.0000 | stab=0.0129 | iso=GB | via=mmdb | km=9566 | w=0.0017 | [Pawdroid-SS-APK] United+Kingdom-105
score=-99.7156 | latency=0.0000 | time=0ms | geo=0.2035 | adj=+0.0000 | stab=0.0810 | iso=FR | via=name | km=10001 | w=0.0013 | [Pawdroid-SS-APK] France-35
score=-99.7157 | latency=0.0000 | time=0ms | geo=0.2035 | adj=+0.0000 | stab=0.0808 | iso=FR | via=mmdb | km=10001 | w=0.0013 | [ChromeGO-Toolkit] hysteria2-3
score=-99.7158 | latency=0.0000 | time=0ms | geo=0.2720 | adj=+0.0000 | stab=0.0122 | iso=GB | via=mmdb | km=9566 | w=0.0017 | [Pawdroid-SS-APK] United+Kingdom-30
score=-99.7158 | latency=0.0000 | time=0ms | geo=0.2720 | adj=+0.0000 | stab=0.0122 | iso=GB | via=mmdb | km=9566 | w=0.0017 | [Pawdroid-SS-APK] United+Kingdom-65
score=-99.7171 | latency=0.0000 | time=0ms | geo=0.2720 | adj=+0.0000 | stab=0.0109 | iso=GB | via=mmdb | km=9566 | w=0.0017 | [Pawdroid-SS-APK] United+Kingdom-31
score=-99.7173 | latency=0.0000 | time=0ms | geo=0.2720 | adj=+0.0000 | stab=0.0107 | iso=GB | via=mmdb | km=9566 | w=0.0017 | [Pawdroid-SS-APK] United+Kingdom-81
score=-99.7175 | latency=0.0000 | time=0ms | geo=0.2720 | adj=+0.0000 | stab=0.0105 | iso=GB | via=mmdb | km=9566 | w=0.0017 | [Pawdroid-SS-APK] United+Kingdom-39
score=-99.7189 | latency=0.0000 | time=0ms | geo=0.2720 | adj=+0.0000 | stab=0.0091 | iso=GB | via=mmdb | km=9566 | w=0.0017 | [Pawdroid-SS-APK] United+Kingdom-26
score=-99.7196 | latency=0.0000 | time=0ms | geo=0.2035 | adj=+0.0000 | stab=0.0769 | iso=FR | via=mmdb | km=10001 | w=0.0013 | [Pawdroid-SS-APK] Russia-16
score=-99.7208 | latency=0.0000 | time=0ms | geo=0.2720 | adj=+0.0000 | stab=0.0072 | iso=GB | via=mmdb | km=9566 | w=0.0017 | [Pawdroid-SS-APK] United+Kingdom-150
score=-99.7213 | latency=0.0000 | time=0ms | geo=0.2035 | adj=+0.0000 | stab=0.0753 | iso=FR | via=name | km=10001 | w=0.0013 | [Pawdroid-SS-APK] France-14
score=-99.7225 | latency=0.0000 | time=0ms | geo=0.2720 | adj=+0.0000 | stab=0.0055 | iso=GB | via=mmdb | km=9566 | w=0.0017 | [Pawdroid-SS-APK] United+Kingdom-22
score=-99.7231 | latency=0.0000 | time=0ms | geo=0.2720 | adj=+0.0000 | stab=0.0049 | iso=GB | via=mmdb | km=9566 | w=0.0017 | [Pawdroid-SS-APK] United+Kingdom-41
score=-99.7251 | latency=0.0000 | time=0ms | geo=0.2720 | adj=+0.0000 | stab=0.0029 | iso=GB | via=mmdb | km=9566 | w=0.0017 | [Pawdroid-SS-APK] United+Kingdom-83
score=-99.7256 | latency=0.0000 | time=0ms | geo=0.2720 | adj=+0.0000 | stab=0.0024 | iso=GB | via=mmdb | km=9566 | w=0.0017 | [Pawdroid-SS-APK] United+Kingdom-32
score=-99.7258 | latency=0.0000 | time=0ms | geo=0.2720 | adj=+0.0000 | stab=0.0022 | iso=GB | via=mmdb | km=9566 | w=0.0017 | [Pawdroid-SS-APK] United+Kingdom-148
score=-99.7260 | latency=0.0000 | time=0ms | geo=0.2035 | adj=+0.0000 | stab=0.0705 | iso=FR | via=name | km=10001 | w=0.0013 | [Pawdroid-SS-APK] France-27
score=-99.7295 | latency=0.0000 | time=0ms | geo=0.2035 | adj=+0.0000 | stab=0.0670 | iso=FR | via=mmdb | km=10001 | w=0.0013 | [ChromeGO-Toolkit] proxy-3
score=-99.7310 | latency=0.0000 | time=0ms | geo=0.2035 | adj=+0.0000 | stab=0.0656 | iso=FR | via=mmdb | km=10001 | w=0.0013 | [ChromeGO-Toolkit] proxy-2
score=-99.7331 | latency=0.0000 | time=0ms | geo=0.2035 | adj=+0.0000 | stab=0.0634 | iso=FR | via=name | km=10001 | w=0.0013 | [Pawdroid-SS-APK] France-9
score=-99.7391 | latency=0.0000 | time=0ms | geo=0.2035 | adj=+0.0000 | stab=0.0574 | iso=FR | via=name | km=10001 | w=0.0013 | [Pawdroid-SS-APK] France-38
score=-99.7400 | latency=0.0000 | time=0ms | geo=0.2035 | adj=+0.0000 | stab=0.0566 | iso=FR | via=name | km=10001 | w=0.0013 | [Pawdroid-SS-APK] France-34
score=-99.7412 | latency=0.0000 | time=0ms | geo=0.2035 | adj=+0.0000 | stab=0.0553 | iso=FR | via=name | km=10001 | w=0.0013 | [Pawdroid-SS-APK] France-36
score=-99.7414 | latency=0.0000 | time=0ms | geo=0.2035 | adj=+0.0000 | stab=0.0551 | iso=FR | via=name | km=10001 | w=0.0013 | [Pawdroid-SS-APK] France-11
score=-99.7431 | latency=0.0000 | time=0ms | geo=0.2035 | adj=+0.0000 | stab=0.0534 | iso=FR | via=host | km=10001 | w=0.0013 | [Pawdroid-SS-APK] vless-73
score=-99.7454 | latency=0.0000 | time=0ms | geo=0.2035 | adj=+0.0000 | stab=0.0511 | iso=FR | via=name | km=10001 | w=0.0013 | [Pawdroid-SS-APK] France-28
score=-99.7519 | latency=0.0000 | time=0ms | geo=0.2035 | adj=+0.0000 | stab=0.0446 | iso=FR | via=host | km=10001 | w=0.0013 | [Pawdroid-SR-APK] United+States-19
score=-99.7608 | latency=0.0000 | time=0ms | geo=0.2035 | adj=+0.0000 | stab=0.0358 | iso=FR | via=mmdb | km=10001 | w=0.0013 | [Pawdroid-SS-APK] United+Kingdom-136
score=-99.7622 | latency=0.0000 | time=0ms | geo=0.2035 | adj=+0.0000 | stab=0.0343 | iso=FR | via=host | km=10001 | w=0.0013 | [Pawdroid-SR-APK] United+States-9
score=-99.7629 | latency=0.0000 | time=0ms | geo=0.2035 | adj=+0.0000 | stab=0.0336 | iso=FR | via=name | km=10001 | w=0.0013 | [Pawdroid-SS-APK] France-12
score=-99.7629 | latency=0.0000 | time=0ms | geo=0.2035 | adj=+0.0000 | stab=0.0336 | iso=FR | via=name | km=10001 | w=0.0013 | [Pawdroid-SS-APK] France-10
score=-99.7638 | latency=0.0000 | time=0ms | geo=0.2035 | adj=+0.0000 | stab=0.0328 | iso=FR | via=mmdb | km=10001 | w=0.0013 | [ChromeGO-Toolkit] github.com/Alvin9999-newpac/fanqiang-4
score=-99.7687 | latency=0.0000 | time=0ms | geo=0.2035 | adj=+0.0000 | stab=0.0278 | iso=FR | via=name | km=10001 | w=0.0013 | [Pawdroid-SS-APK] France-7
score=-99.7690 | latency=0.0000 | time=0ms | geo=0.2035 | adj=+0.0000 | stab=0.0275 | iso=FR | via=name | km=10001 | w=0.0013 | [Pawdroid-SS-APK] France-41
score=-99.7693 | latency=0.0000 | time=0ms | geo=0.2035 | adj=+0.0000 | stab=0.0273 | iso=FR | via=name | km=10001 | w=0.0013 | [Pawdroid-SS-APK] France-6
score=-99.7713 | latency=0.0000 | time=0ms | geo=0.2035 | adj=+0.0000 | stab=0.0252 | iso=FR | via=name | km=10001 | w=0.0013 | [Pawdroid-SS-APK] France-4
score=-99.7751 | latency=0.0000 | time=0ms | geo=0.2035 | adj=+0.0000 | stab=0.0214 | iso=FR | via=name | km=10001 | w=0.0013 | [Pawdroid-SS-APK] France-50
score=-99.7765 | latency=0.0000 | time=0ms | geo=0.2035 | adj=+0.0000 | stab=0.0201 | iso=FR | via=name | km=10001 | w=0.0013 | [Pawdroid-SS-APK] France-25
score=-99.7821 | latency=0.0000 | time=0ms | geo=0.2035 | adj=+0.0000 | stab=0.0144 | iso=FR | via=mmdb | km=10001 | w=0.0013 | [Pawdroid-SS-APK] Poland-7
score=-99.7825 | latency=0.0000 | time=0ms | geo=0.2035 | adj=+0.0000 | stab=0.0140 | iso=FR | via=mmdb | km=10001 | w=0.0013 | [ChromeGO-Toolkit] github.com/Alvin9999-newpac/fanqiang
score=-99.7860 | latency=0.0000 | time=0ms | geo=0.2035 | adj=+0.0000 | stab=0.0105 | iso=FR | via=name | km=10001 | w=0.0013 | [Pawdroid-SS-APK] France-42
score=-99.7881 | latency=0.0000 | time=0ms | geo=0.2035 | adj=+0.0000 | stab=0.0085 | iso=FR | via=mmdb | km=10001 | w=0.0013 | [Pawdroid-SS-APK] Russia-10
score=-99.7934 | latency=0.0000 | time=0ms | geo=0.2035 | adj=+0.0000 | stab=0.0032 | iso=FR | via=name | km=10001 | w=0.0013 | [Pawdroid-SS-APK] France-51
score=-99.7947 | latency=0.0000 | time=0ms | geo=0.1179 | adj=+0.0000 | stab=0.0875 | iso=ES | via=mmdb | km=10820 | w=0.0007 | [Pawdroid-SS-APK] 西班牙+V2CROSS.COM
score=-99.7963 | latency=0.0000 | time=0ms | geo=0.2035 | adj=+0.0000 | stab=0.0002 | iso=FR | via=host | km=10001 | w=0.0013 | [Pawdroid-SS-APK] trojan-27
score=-99.8106 | latency=0.0000 | time=0ms | geo=0.1179 | adj=+0.0000 | stab=0.0715 | iso=ES | via=mmdb | km=10820 | w=0.0007 | [Pawdroid-SS-APK] United+States-33
score=-99.8474 | latency=0.0000 | time=0ms | geo=0.1179 | adj=+0.0000 | stab=0.0347 | iso=ES | via=mmdb | km=10820 | w=0.0007 | [Pawdroid-SS-APK] Spain
score=-99.8675 | latency=0.0000 | time=0ms | geo=0.0343 | adj=+0.0000 | stab=0.0982 | iso=ZA | via=mmdb | km=12671 | w=0.0002 | [Pawdroid-SR-APK] 南非+V2CROSS.COM
score=-99.8732 | latency=0.0000 | time=0ms | geo=0.1179 | adj=+0.0000 | stab=0.0089 | iso=ES | via=mmdb | km=10820 | w=0.0007 | [Pawdroid-SR-APK] 西班牙+V2CROSS.COM
score=-99.8827 | latency=0.0000 | time=0ms | geo=0.0869 | adj=-0.0695 | stab=0.0999 | iso=US | via=name | km=11278 | w=0.0005 | [Pawdroid-SS-APK] 美国+CloudFlare节点-36
score=-99.8829 | latency=0.0000 | time=0ms | geo=0.0869 | adj=-0.0695 | stab=0.0997 | iso=US | via=name | km=11278 | w=0.0005 | [Pawdroid-SS-APK] United States-9
score=-99.8830 | latency=0.0000 | time=0ms | geo=0.0869 | adj=-0.0695 | stab=0.0996 | iso=US | via=mmdb | km=11278 | w=0.0005 | [Pawdroid-SS-APK] United+Kingdom-127
score=-99.8832 | latency=0.0000 | time=0ms | geo=0.0869 | adj=-0.0695 | stab=0.0994 | iso=US | via=name | km=11278 | w=0.0005 | [Pawdroid-SS-APK] 美国+CloudFlare节点-12
score=-99.8834 | latency=0.0000 | time=0ms | geo=0.0869 | adj=-0.0695 | stab=0.0992 | iso=US | via=mmdb | km=11278 | w=0.0005 | [Pawdroid-SS-APK] United+States-24
score=-99.8834 | latency=0.0000 | time=0ms | geo=0.0869 | adj=-0.0695 | stab=0.0992 | iso=US | via=mmdb | km=11278 | w=0.0005 | [Pawdroid-SS-APK] 西班牙+V2CROSS.COM-2
score=-99.8838 | latency=0.0000 | time=0ms | geo=0.0869 | adj=-0.0695 | stab=0.0988 | iso=US | via=mmdb | km=11278 | w=0.0005 | [Pawdroid-SS-APK] Hong+Kong-13
score=-99.8839 | latency=0.0000 | time=0ms | geo=0.0869 | adj=-0.0695 | stab=0.0987 | iso=US | via=name | km=11278 | w=0.0005 | [Pawdroid-SS-APK] 美国+CloudFlare节点-35
score=-99.8849 | latency=0.0000 | time=0ms | geo=0.0869 | adj=-0.0695 | stab=0.0978 | iso=US | via=mmdb | km=11278 | w=0.0005 | [Pawdroid-SS-APK] United+States-13
score=-99.8849 | latency=0.0000 | time=0ms | geo=0.0869 | adj=-0.0695 | stab=0.0977 | iso=US | via=host | km=11278 | w=0.0005 | [Pawdroid-SS-APK] United+States-289
score=-99.8850 | latency=0.0000 | time=0ms | geo=0.0869 | adj=-0.0695 | stab=0.0977 | iso=US | via=name | km=11278 | w=0.0005 | [Pawdroid-SS-APK] 美国+CloudFlare节点-88
score=-99.8850 | latency=0.0000 | time=0ms | geo=0.0869 | adj=-0.0695 | stab=0.0976 | iso=US | via=mmdb | km=11278 | w=0.0005 | [Pawdroid-SS-APK] United+States-22
score=-99.8856 | latency=0.0000 | time=0ms | geo=0.0869 | adj=-0.0695 | stab=0.0971 | iso=US | via=name | km=11278 | w=0.0005 | [Pawdroid-SS-APK] United States-19
score=-99.8863 | latency=0.0000 | time=0ms | geo=0.0869 | adj=-0.0695 | stab=0.0963 | iso=US | via=name | km=11278 | w=0.0005 | [1VPN-CRX] usa-west-free-https-1
score=-99.8865 | latency=0.0000 | time=0ms | geo=0.0869 | adj=-0.0695 | stab=0.0961 | iso=US | via=mmdb | km=11278 | w=0.0005 | [Pawdroid-SS-APK] United+States-309
score=-99.8865 | latency=0.0000 | time=0ms | geo=0.0869 | adj=-0.0695 | stab=0.0961 | iso=US | via=name | km=11278 | w=0.0005 | [Pawdroid-SS-APK] 美国+CloudFlare节点-38
score=-99.8865 | latency=0.0000 | time=0ms | geo=0.0869 | adj=-0.0695 | stab=0.0961 | iso=US | via=name | km=11278 | w=0.0005 | [Pawdroid-SS-APK] 美国+CloudFlare节点-57
score=-99.8867 | latency=0.0000 | time=0ms | geo=0.0869 | adj=-0.0695 | stab=0.0959 | iso=US | via=mmdb | km=11278 | w=0.0005 | [Pawdroid-SS-APK] United+States-41
score=-99.8867 | latency=0.0000 | time=0ms | geo=0.0869 | adj=-0.0695 | stab=0.0959 | iso=US | via=name | km=11278 | w=0.0005 | [Pawdroid-SS-APK] 美国+CloudFlare节点-17
score=-99.8870 | latency=0.0000 | time=0ms | geo=0.0869 | adj=-0.0695 | stab=0.0956 | iso=US | via=name | km=11278 | w=0.0005 | [Pawdroid-SS-APK] 美国+CloudFlare节点-44
score=-99.8873 | latency=0.0000 | time=0ms | geo=0.0869 | adj=-0.0695 | stab=0.0953 | iso=US | via=mmdb | km=11278 | w=0.0005 | [Pawdroid-SS-APK] United+States-176
score=-99.8881 | latency=0.0000 | time=0ms | geo=0.0869 | adj=-0.0695 | stab=0.0946 | iso=US | via=host | km=11278 | w=0.0005 | [Pawdroid-SS-APK] United+States-303
score=-99.8890 | latency=0.0000 | time=0ms | geo=0.0869 | adj=-0.0695 | stab=0.0936 | iso=US | via=mmdb | km=11278 | w=0.0005 | [Pawdroid-SS-APK] Hong+Kong-9
score=-99.8896 | latency=0.0000 | time=0ms | geo=0.0869 | adj=-0.0695 | stab=0.0930 | iso=US | via=mmdb | km=11278 | w=0.0005 | [Pawdroid-SS-APK] United+States-66
score=-99.8904 | latency=0.0000 | time=0ms | geo=0.0869 | adj=-0.0695 | stab=0.0922 | iso=US | via=mmdb | km=11278 | w=0.0005 | [Pawdroid-SR-APK] United+States-17
score=-99.8905 | latency=0.0000 | time=0ms | geo=0.0869 | adj=-0.0695 | stab=0.0922 | iso=US | via=mmdb | km=11278 | w=0.0005 | [Pawdroid-SS-APK] United+States-52
score=-99.8905 | latency=0.0000 | time=0ms | geo=0.0869 | adj=-0.0695 | stab=0.0922 | iso=US | via=name | km=11278 | w=0.0005 | [Pawdroid-SS-APK] 美国+CloudFlare节点-59
score=-99.8909 | latency=0.0000 | time=0ms | geo=0.0869 | adj=-0.0695 | stab=0.0918 | iso=US | via=mmdb | km=11278 | w=0.0005 | [Pawdroid-SS-APK] United+States-8
score=-99.8913 | latency=0.0000 | time=0ms | geo=0.0869 | adj=-0.0695 | stab=0.0914 | iso=US | via=mmdb | km=11278 | w=0.0005 | [Pawdroid-SS-APK] United+States-170
score=-99.8914 | latency=0.0000 | time=0ms | geo=0.0869 | adj=-0.0695 | stab=0.0912 | iso=US | via=mmdb | km=11278 | w=0.0005 | [Pawdroid-SS-APK] United+States-215
score=-99.8925 | latency=0.0000 | time=0ms | geo=0.0869 | adj=-0.0695 | stab=0.0901 | iso=US | via=mmdb | km=11278 | w=0.0005 | [Pawdroid-SR-APK] 沙特阿拉伯+Arabic+Computer+System+Co.
score=-99.8930 | latency=0.0000 | time=0ms | geo=0.0869 | adj=-0.0695 | stab=0.0896 | iso=US | via=mmdb | km=11278 | w=0.0005 | [Pawdroid-SS-APK] United+States-308
score=-99.8934 | latency=0.0000 | time=0ms | geo=0.0869 | adj=-0.0695 | stab=0.0892 | iso=US | via=mmdb | km=11278 | w=0.0005 | [Pawdroid-SS-APK] United+States-9
score=-99.8953 | latency=0.0000 | time=0ms | geo=0.0869 | adj=-0.0695 | stab=0.0874 | iso=US | via=name | km=11278 | w=0.0005 | [Pawdroid-SS-APK] 美国+CloudFlare节点-76
score=-99.8955 | latency=0.0000 | time=0ms | geo=0.0869 | adj=-0.0695 | stab=0.0871 | iso=US | via=name | km=11278 | w=0.0005 | [Pawdroid-SS-APK] 美国+CloudFlare节点-82
score=-99.8966 | latency=0.0000 | time=0ms | geo=0.0869 | adj=-0.0695 | stab=0.0860 | iso=US | via=mmdb | km=11278 | w=0.0005 | [Pawdroid-SS-APK] United+States-144
score=-99.8973 | latency=0.0000 | time=0ms | geo=0.0869 | adj=-0.0695 | stab=0.0853 | iso=US | via=mmdb | km=11278 | w=0.0005 | [Pawdroid-SS-APK] United+States-129
score=-99.8974 | latency=0.0000 | time=0ms | geo=0.0869 | adj=-0.0695 | stab=0.0853 | iso=US | via=mmdb | km=11278 | w=0.0005 | [ChromeGO-Toolkit] github.com/Alvin9999-newpac/fanqiang-2
score=-99.8975 | latency=0.0000 | time=0ms | geo=0.0869 | adj=-0.0695 | stab=0.0851 | iso=US | via=name | km=11278 | w=0.0005 | [Pawdroid-SS-APK] 美国+CloudFlare节点-75
score=-99.8976 | latency=0.0000 | time=0ms | geo=0.0869 | adj=-0.0695 | stab=0.0850 | iso=US | via=name | km=11278 | w=0.0005 | [Pawdroid-SS-APK] 美国+CloudFlare节点-45
score=-99.8982 | latency=0.0000 | time=0ms | geo=0.0869 | adj=-0.0695 | stab=0.0844 | iso=US | via=name | km=11278 | w=0.0005 | [Pawdroid-SS-APK] 美国+V2CROSS.COM-5
score=-99.8984 | latency=0.0000 | time=0ms | geo=0.0343 | adj=+0.0000 | stab=0.0673 | iso=ZA | via=mmdb | km=12671 | w=0.0002 | [Pawdroid-SS-APK] South+Africa
score=-99.8998 | latency=0.0000 | time=0ms | geo=0.0869 | adj=-0.0695 | stab=0.0828 | iso=US | via=name | km=11278 | w=0.0005 | [Pawdroid-SS-APK] United States-8
score=-99.9001 | latency=0.0000 | time=0ms | geo=0.0000 | adj=+0.0000 | stab=0.0999 | iso=- | via=none | km=0 | w=0.0000 | [Pawdroid-SS-APK] trojan-28
score=-99.9001 | latency=0.0000 | time=0ms | geo=0.0000 | adj=+0.0000 | stab=0.0999 | iso=- | via=none | km=0 | w=0.0000 | [Pawdroid-SS-APK] vless-126
score=-99.9005 | latency=0.0000 | time=0ms | geo=0.0000 | adj=+0.0000 | stab=0.0995 | iso=- | via=none | km=0 | w=0.0000 | [Pawdroid-SS-APK] United+States-126
score=-99.9008 | latency=0.0000 | time=0ms | geo=0.0000 | adj=+0.0000 | stab=0.0992 | iso=CLOUDFLARE | via=mmdb | km=0 | w=0.0000 | [Pawdroid-SR-APK] trojan-2
score=-99.9008 | latency=0.0000 | time=0ms | geo=0.0000 | adj=+0.0000 | stab=0.0992 | iso=CLOUDFLARE | via=mmdb | km=0 | w=0.0000 | [Pawdroid-SS-APK] 立陶宛+V2CROSS.COM
score=-99.9009 | latency=0.0000 | time=0ms | geo=0.0000 | adj=+0.0000 | stab=0.0991 | iso=CLOUDFLARE | via=mmdb | km=0 | w=0.0000 | [Pawdroid-SS-APK] vless-13
score=-99.9010 | latency=0.0000 | time=0ms | geo=0.0869 | adj=-0.0695 | stab=0.0816 | iso=US | via=name | km=11278 | w=0.0005 | [Pawdroid-SS-APK] 美国+V2CROSS.COM-8
score=-99.9010 | latency=0.0000 | time=0ms | geo=0.0000 | adj=+0.0000 | stab=0.0990 | iso=- | via=none | km=0 | w=0.0000 | [Pawdroid-SS-APK] vless-90
score=-99.9010 | latency=0.0000 | time=0ms | geo=0.0000 | adj=+0.0000 | stab=0.0990 | iso=- | via=none | km=0 | w=0.0000 | [Pawdroid-SS-APK] EPODONIOS-2
score=-99.9013 | latency=0.0000 | time=0ms | geo=0.0000 | adj=+0.0000 | stab=0.0987 | iso=CLOUDFLARE | via=mmdb | km=0 | w=0.0000 | [Pawdroid-SS-APK] United+States-73
score=-99.9014 | latency=0.0000 | time=0ms | geo=0.0000 | adj=+0.0000 | stab=0.0986 | iso=CLOUDFLARE | via=mmdb | km=0 | w=0.0000 | [Pawdroid-SR-APK] trojan-18
score=-99.9014 | latency=0.0000 | time=0ms | geo=0.0869 | adj=-0.0695 | stab=0.0812 | iso=US | via=name | km=11278 | w=0.0005 | [Pawdroid-SS-APK] 美国+CloudFlare节点-56
score=-99.9020 | latency=0.0000 | time=0ms | geo=0.0000 | adj=+0.0000 | stab=0.0980 | iso=- | via=none | km=0 | w=0.0000 | [Pawdroid-SS-APK] Switzerland-3
score=-99.9020 | latency=0.0000 | time=0ms | geo=0.0000 | adj=+0.0000 | stab=0.0980 | iso=- | via=none | km=0 | w=0.0000 | [Pawdroid-SS-APK] trojan-5
score=-99.9020 | latency=0.0000 | time=0ms | geo=0.0869 | adj=-0.0695 | stab=0.0806 | iso=US | via=mmdb | km=11278 | w=0.0005 | [Pawdroid-SS-APK] United+States-210
score=-99.9021 | latency=0.0000 | time=0ms | geo=0.0869 | adj=-0.0695 | stab=0.0806 | iso=US | via=name | km=11278 | w=0.0005 | [Pawdroid-SS-APK] 美国+爱达荷大学
score=-99.9022 | latency=0.0000 | time=0ms | geo=0.0869 | adj=-0.0695 | stab=0.0804 | iso=US | via=mmdb | km=11278 | w=0.0005 | [Pawdroid-SS-APK] United+States-26
score=-99.9023 | latency=0.0000 | time=0ms | geo=0.0000 | adj=+0.0000 | stab=0.0977 | iso=- | via=none | km=0 | w=0.0000 | [Pawdroid-SS-APK] vless-78
score=-99.9023 | latency=0.0000 | time=0ms | geo=0.0869 | adj=-0.0695 | stab=0.0803 | iso=US | via=name | km=11278 | w=0.0005 | [Pawdroid-SR-APK] 美国+爱达荷大学
score=-99.9024 | latency=0.0000 | time=0ms | geo=0.0000 | adj=+0.0000 | stab=0.0976 | iso=CLOUDFLARE | via=mmdb | km=0 | w=0.0000 | [Pawdroid-SS-APK] vless-31
score=-99.9026 | latency=0.0000 | time=0ms | geo=0.0869 | adj=-0.0695 | stab=0.0801 | iso=US | via=name | km=11278 | w=0.0005 | [Pawdroid-SS-APK] 美国+CloudFlare节点-63
score=-99.9026 | latency=0.0000 | time=0ms | geo=0.0869 | adj=-0.0695 | stab=0.0800 | iso=US | via=name | km=11278 | w=0.0005 | [Pawdroid-SS-APK] 美国+CloudFlare节点-8
score=-99.9027 | latency=0.0000 | time=0ms | geo=0.0869 | adj=-0.0695 | stab=0.0799 | iso=US | via=mmdb | km=11278 | w=0.0005 | [Pawdroid-SS-APK] United+States-324
score=-99.9027 | latency=0.0000 | time=0ms | geo=0.0000 | adj=+0.0000 | stab=0.0973 | iso=CLOUDFLARE | via=mmdb | km=0 | w=0.0000 | [Pawdroid-SS-APK] United+States-269
score=-99.9031 | latency=0.0000 | time=0ms | geo=0.0869 | adj=-0.0695 | stab=0.0795 | iso=US | via=name | km=11278 | w=0.0005 | [Pawdroid-SS-APK] United States-2
score=-99.9033 | latency=0.0000 | time=0ms | geo=0.0000 | adj=+0.0000 | stab=0.0967 | iso=CLOUDFLARE | via=mmdb | km=0 | w=0.0000 | [Pawdroid-SS-APK] vless-107
score=-99.9036 | latency=0.0000 | time=0ms | geo=0.0000 | adj=+0.0000 | stab=0.0964 | iso=CLOUDFLARE | via=mmdb | km=0 | w=0.0000 | [Pawdroid-SR-APK] trojan-3
score=-99.9036 | latency=0.0000 | time=0ms | geo=0.0000 | adj=+0.0000 | stab=0.0964 | iso=CLOUDFLARE | via=mmdb | km=0 | w=0.0000 | [Pawdroid-SS-APK] Slovakia
score=-99.9036 | latency=0.0000 | time=0ms | geo=0.0869 | adj=-0.0695 | stab=0.0790 | iso=US | via=name | km=11278 | w=0.0005 | [Pawdroid-SS-APK] 美国+CloudFlare节点-28
score=-99.9036 | latency=0.0000 | time=0ms | geo=0.0000 | adj=+0.0000 | stab=0.0964 | iso=- | via=none | km=0 | w=0.0000 | [Pawdroid-SS-APK] United+States-353
score=-99.9038 | latency=0.0000 | time=0ms | geo=0.0021 | adj=+0.0000 | stab=0.0940 | iso=PE | via=mmdb | km=16830 | w=0.0000 | [Pawdroid-SS-APK] United+States-277
score=-99.9040 | latency=0.0000 | time=0ms | geo=0.0000 | adj=+0.0000 | stab=0.0960 | iso=- | via=none | km=0 | w=0.0000 | [Pawdroid-SS-APK] United+Kingdom-134
score=-99.9040 | latency=0.0000 | time=0ms | geo=0.0000 | adj=+0.0000 | stab=0.0960 | iso=CLOUDFLARE | via=mmdb | km=0 | w=0.0000 | [Pawdroid-SS-APK] Romania
score=-99.9042 | latency=0.0000 | time=0ms | geo=0.0000 | adj=+0.0000 | stab=0.0958 | iso=CLOUDFLARE | via=mmdb | km=0 | w=0.0000 | [Pawdroid-SS-APK] vless-30
score=-99.9045 | latency=0.0000 | time=0ms | geo=0.0869 | adj=-0.0695 | stab=0.0782 | iso=US | via=name | km=11278 | w=0.0005 | [Pawdroid-SS-APK] 美国+CloudFlare节点
score=-99.9049 | latency=0.0000 | time=0ms | geo=0.0869 | adj=-0.0695 | stab=0.0777 | iso=US | via=name | km=11278 | w=0.0005 | [Pawdroid-SS-APK] 美国+加利福尼亚
score=-99.9050 | latency=0.0000 | time=0ms | geo=0.0000 | adj=+0.0000 | stab=0.0950 | iso=- | via=none | km=0 | w=0.0000 | [Pawdroid-SS-APK] United+States-322
score=-99.9050 | latency=0.0000 | time=0ms | geo=0.0000 | adj=+0.0000 | stab=0.0950 | iso=- | via=none | km=0 | w=0.0000 | [Pawdroid-SS-APK] vmess-2
score=-99.9051 | latency=0.0000 | time=0ms | geo=0.0000 | adj=+0.0000 | stab=0.0949 | iso=CLOUDFLARE | via=mmdb | km=0 | w=0.0000 | [Pawdroid-SR-APK] trojan-15
score=-99.9053 | latency=0.0000 | time=0ms | geo=0.0000 | adj=+0.0000 | stab=0.0947 | iso=- | via=none | km=0 | w=0.0000 | [Pawdroid-SS-APK] United+Kingdom-122
score=-99.9057 | latency=0.0000 | time=0ms | geo=0.0000 | adj=+0.0000 | stab=0.0943 | iso=CLOUDFLARE | via=mmdb | km=0 | w=0.0000 | [Pawdroid-SS-APK] United+States-83
score=-99.9058 | latency=0.0000 | time=0ms | geo=0.0000 | adj=+0.0000 | stab=0.0942 | iso=- | via=none | km=0 | w=0.0000 | [Pawdroid-SS-APK] vless-153
score=-99.9059 | latency=0.0000 | time=0ms | geo=0.0000 | adj=+0.0000 | stab=0.0941 | iso=- | via=none | km=0 | w=0.0000 | [Pawdroid-SS-APK] United+States-123
score=-99.9059 | latency=0.0000 | time=0ms | geo=0.0000 | adj=+0.0000 | stab=0.0941 | iso=- | via=none | km=0 | w=0.0000 | [Pawdroid-SS-APK] vless
score=-99.9059 | latency=0.0000 | time=0ms | geo=0.0869 | adj=-0.0695 | stab=0.0767 | iso=US | via=mmdb | km=11278 | w=0.0005 | [Pawdroid-SS-APK] United+States-165
score=-99.9062 | latency=0.0000 | time=0ms | geo=0.0000 | adj=+0.0000 | stab=0.0938 | iso=CLOUDFLARE | via=mmdb | km=0 | w=0.0000 | [Pawdroid-SS-APK] vless-85
score=-99.9062 | latency=0.0000 | time=0ms | geo=0.0869 | adj=-0.0695 | stab=0.0765 | iso=US | via=mmdb | km=11278 | w=0.0005 | [Pawdroid-SS-APK] United+States-21
score=-99.9062 | latency=0.0000 | time=0ms | geo=0.0000 | adj=+0.0000 | stab=0.0938 | iso=- | via=none | km=0 | w=0.0000 | [Pawdroid-SS-APK] United+States-307
score=-99.9063 | latency=0.0000 | time=0ms | geo=0.0000 | adj=+0.0000 | stab=0.0937 | iso=- | via=none | km=0 | w=0.0000 | [Pawdroid-SS-APK] vless-143
score=-99.9064 | latency=0.0000 | time=0ms | geo=0.0000 | adj=+0.0000 | stab=0.0936 | iso=- | via=none | km=0 | w=0.0000 | [Pawdroid-SS-APK] United+States-221
score=-99.9065 | latency=0.0000 | time=0ms | geo=0.0000 | adj=+0.0000 | stab=0.0935 | iso=CLOUDFLARE | via=mmdb | km=0 | w=0.0000 | [Pawdroid-SS-APK] vless-43
score=-99.9069 | latency=0.0000 | time=0ms | geo=0.0000 | adj=+0.0000 | stab=0.0931 | iso=- | via=none | km=0 | w=0.0000 | [Pawdroid-SS-APK] United+States-111
score=-99.9069 | latency=0.0000 | time=0ms | geo=0.0869 | adj=-0.0695 | stab=0.0757 | iso=US | via=name | km=11278 | w=0.0005 | [Pawdroid-SS-APK] 美国+CloudFlare节点-16
score=-99.9071 | latency=0.0000 | time=0ms | geo=0.0000 | adj=+0.0000 | stab=0.0929 | iso=- | via=none | km=0 | w=0.0000 | [Pawdroid-SS-APK] vless-75
score=-99.9072 | latency=0.0000 | time=0ms | geo=0.0869 | adj=-0.0695 | stab=0.0755 | iso=US | via=mmdb | km=11278 | w=0.0005 | [Pawdroid-SS-APK] United+States-208
score=-99.9074 | latency=0.0000 | time=0ms | geo=0.0000 | adj=+0.0000 | stab=0.0926 | iso=CLOUDFLARE | via=mmdb | km=0 | w=0.0000 | [Pawdroid-SS-APK] United+States-118
score=-99.9076 | latency=0.0000 | time=0ms | geo=0.0000 | adj=+0.0000 | stab=0.0924 | iso=- | via=none | km=0 | w=0.0000 | [Pawdroid-SS-APK] vless-86
score=-99.9077 | latency=0.0000 | time=0ms | geo=0.0869 | adj=-0.0695 | stab=0.0749 | iso=US | via=name | km=11278 | w=0.0005 | [Pawdroid-SS-APK] 美国+CloudFlare节点-34
score=-99.9078 | latency=0.0000 | time=0ms | geo=0.0869 | adj=-0.0695 | stab=0.0748 | iso=US | via=name | km=11278 | w=0.0005 | [Pawdroid-SS-APK] United States-6
score=-99.9079 | latency=0.0000 | time=0ms | geo=0.0000 | adj=+0.0000 | stab=0.0921 | iso=CLOUDFLARE | via=mmdb | km=0 | w=0.0000 | [Pawdroid-SR-APK] trojan-11
score=-99.9079 | latency=0.0000 | time=0ms | geo=0.0000 | adj=+0.0000 | stab=0.0921 | iso=- | via=none | km=0 | w=0.0000 | [Pawdroid-SS-APK] United+Kingdom-146
score=-99.9080 | latency=0.0000 | time=0ms | geo=0.0000 | adj=+0.0000 | stab=0.0920 | iso=CLOUDFLARE | via=mmdb | km=0 | w=0.0000 | [Pawdroid-SS-APK] United+States-302
score=-99.9081 | latency=0.0000 | time=0ms | geo=0.0869 | adj=-0.0695 | stab=0.0746 | iso=US | via=name | km=11278 | w=0.0005 | [Pawdroid-SS-APK] 美国+CloudFlare节点-54
score=-99.9082 | latency=0.0000 | time=0ms | geo=0.0000 | adj=+0.0000 | stab=0.0918 | iso=CLOUDFLARE | via=mmdb | km=0 | w=0.0000 | [Pawdroid-SS-APK] United+States-86
score=-99.9085 | latency=0.0000 | time=0ms | geo=0.0000 | adj=+0.0000 | stab=0.0915 | iso=CLOUDFLARE | via=mmdb | km=0 | w=0.0000 | [Pawdroid-SS-APK] trojan-26
score=-99.9087 | latency=0.0000 | time=0ms | geo=0.0000 | adj=+0.0000 | stab=0.0913 | iso=- | via=none | km=0 | w=0.0000 | [Pawdroid-SS-APK] vless-2
score=-99.9089 | latency=0.0000 | time=0ms | geo=0.0869 | adj=-0.0695 | stab=0.0737 | iso=US | via=mmdb | km=11278 | w=0.0005 | [Pawdroid-SS-APK] United+States-247
score=-99.9094 | latency=0.0000 | time=0ms | geo=0.0869 | adj=-0.0695 | stab=0.0732 | iso=US | via=name | km=11278 | w=0.0005 | [Pawdroid-SS-APK] 美国+CloudFlare节点-15
score=-99.9095 | latency=0.0000 | time=0ms | geo=0.0000 | adj=+0.0000 | stab=0.0905 | iso=CLOUDFLARE | via=mmdb | km=0 | w=0.0000 | [Pawdroid-SS-APK] vless-3
score=-99.9095 | latency=0.0000 | time=0ms | geo=0.0869 | adj=-0.0695 | stab=0.0731 | iso=US | via=name | km=11278 | w=0.0005 | [Pawdroid-SS-APK] United States-13
score=-99.9096 | latency=0.0000 | time=0ms | geo=0.0869 | adj=-0.0695 | stab=0.0730 | iso=US | via=name | km=11278 | w=0.0005 | [Pawdroid-SS-APK] 美国+CloudFlare节点-87
score=-99.9098 | latency=0.0000 | time=0ms | geo=0.0000 | adj=+0.0000 | stab=0.0902 | iso=CLOUDFLARE | via=mmdb | km=0 | w=0.0000 | [Pawdroid-SS-APK] United+States-92
score=-99.9101 | latency=0.0000 | time=0ms | geo=0.0000 | adj=+0.0000 | stab=0.0899 | iso=CLOUDFLARE | via=mmdb | km=0 | w=0.0000 | [Pawdroid-SR-APK] trojan-17
score=-99.9101 | latency=0.0000 | time=0ms | geo=0.0000 | adj=+0.0000 | stab=0.0899 | iso=CLOUDFLARE | via=mmdb | km=0 | w=0.0000 | [Pawdroid-SS-APK] United+States-45
score=-99.9102 | latency=0.0000 | time=0ms | geo=0.0869 | adj=-0.0695 | stab=0.0724 | iso=US | via=mmdb | km=11278 | w=0.0005 | [Pawdroid-SS-APK] United+States-218
score=-99.9103 | latency=0.0000 | time=0ms | geo=0.0869 | adj=-0.0695 | stab=0.0724 | iso=US | via=name | km=11278 | w=0.0005 | [Pawdroid-SS-APK] 美国+CloudFlare节点-14
score=-99.9103 | latency=0.0000 | time=0ms | geo=0.0869 | adj=-0.0695 | stab=0.0724 | iso=US | via=name | km=11278 | w=0.0005 | [Pawdroid-SS-APK] 美国+CloudFlare节点-29
score=-99.9108 | latency=0.0000 | time=0ms | geo=0.0000 | adj=+0.0000 | stab=0.0892 | iso=- | via=none | km=0 | w=0.0000 | [Pawdroid-SS-APK] Bahrain-2
score=-99.9108 | latency=0.0000 | time=0ms | geo=0.0869 | adj=-0.0695 | stab=0.0718 | iso=US | via=name | km=11278 | w=0.0005 | [Pawdroid-SR-APK] 美国+PacificRack机房
score=-99.9110 | latency=0.0000 | time=0ms | geo=0.0000 | adj=+0.0000 | stab=0.0890 | iso=- | via=none | km=0 | w=0.0000 | [Pawdroid-SS-APK] vless-69
score=-99.9113 | latency=0.0000 | time=0ms | geo=0.0869 | adj=-0.0695 | stab=0.0714 | iso=US | via=name | km=11278 | w=0.0005 | [Pawdroid-SR-APK] 美国+加利福尼亚州洛杉矶Cloudflare+Warp节点
score=-99.9113 | latency=0.0000 | time=0ms | geo=0.0000 | adj=+0.0000 | stab=0.0887 | iso=CLOUDFLARE | via=mmdb | km=0 | w=0.0000 | [Pawdroid-SS-APK] United+States-262
score=-99.9113 | latency=0.0000 | time=0ms | geo=0.0869 | adj=-0.0695 | stab=0.0714 | iso=US | via=name | km=11278 | w=0.0005 | [Pawdroid-SS-APK] 美国+CloudFlare节点-31
score=-99.9113 | latency=0.0000 | time=0ms | geo=0.0000 | adj=+0.0000 | stab=0.0887 | iso=- | via=none | km=0 | w=0.0000 | [Pawdroid-SS-APK] 广东省广州市+电信IDC机房(校场西)
score=-99.9114 | latency=0.0000 | time=0ms | geo=0.0000 | adj=+0.0000 | stab=0.0886 | iso=CLOUDFLARE | via=mmdb | km=0 | w=0.0000 | [Pawdroid-SS-APK] vless-23
score=-99.9115 | latency=0.0000 | time=0ms | geo=0.0000 | adj=+0.0000 | stab=0.0885 | iso=CLOUDFLARE | via=mmdb | km=0 | w=0.0000 | [Pawdroid-SS-APK] United+States-115
score=-99.9116 | latency=0.0000 | time=0ms | geo=0.0000 | adj=+0.0000 | stab=0.0884 | iso=CLOUDFLARE | via=mmdb | km=0 | w=0.0000 | [Pawdroid-SS-APK] United+States-350
score=-99.9118 | latency=0.0000 | time=0ms | geo=0.0000 | adj=+0.0000 | stab=0.0882 | iso=- | via=none | km=0 | w=0.0000 | [Pawdroid-SS-APK] United+States-362
score=-99.9119 | latency=0.0000 | time=0ms | geo=0.0869 | adj=-0.0695 | stab=0.0707 | iso=US | via=name | km=11278 | w=0.0005 | [Pawdroid-SS-APK] 美国+CloudFlare节点-22
score=-99.9119 | latency=0.0000 | time=0ms | geo=0.0000 | adj=+0.0000 | stab=0.0881 | iso=CLOUDFLARE | via=mmdb | km=0 | w=0.0000 | [Pawdroid-SS-APK] trojan-21
score=-99.9119 | latency=0.0000 | time=0ms | geo=0.0000 | adj=+0.0000 | stab=0.0881 | iso=CLOUDFLARE | via=mmdb | km=0 | w=0.0000 | [Pawdroid-SS-APK] United+States-300
score=-99.9120 | latency=0.0000 | time=0ms | geo=0.0000 | adj=+0.0000 | stab=0.0880 | iso=- | via=none | km=0 | w=0.0000 | [Pawdroid-SS-APK] vless-158
score=-99.9121 | latency=0.0000 | time=0ms | geo=0.0000 | adj=+0.0000 | stab=0.0879 | iso=CLOUDFLARE | via=mmdb | km=0 | w=0.0000 | [Pawdroid-SS-APK] vless-80
score=-99.9124 | latency=0.0000 | time=0ms | geo=0.0000 | adj=+0.0000 | stab=0.0876 | iso=CLOUDFLARE | via=mmdb | km=0 | w=0.0000 | [Pawdroid-SS-APK] trojan-24
score=-99.9124 | latency=0.0000 | time=0ms | geo=0.0000 | adj=+0.0000 | stab=0.0876 | iso=- | via=none | km=0 | w=0.0000 | [Pawdroid-SS-APK] United+Kingdom-123
score=-99.9125 | latency=0.0000 | time=0ms | geo=0.0000 | adj=+0.0000 | stab=0.0875 | iso=- | via=none | km=0 | w=0.0000 | [Pawdroid-SS-APK] United+States-105
score=-99.9128 | latency=0.0000 | time=0ms | geo=0.0000 | adj=+0.0000 | stab=0.0872 | iso=CLOUDFLARE | via=mmdb | km=0 | w=0.0000 | [Pawdroid-SS-APK] vless-95
score=-99.9128 | latency=0.0000 | time=0ms | geo=0.0000 | adj=+0.0000 | stab=0.0872 | iso=- | via=none | km=0 | w=0.0000 | [Pawdroid-SS-APK] vless-160
score=-99.9130 | latency=0.0000 | time=0ms | geo=0.0869 | adj=-0.0695 | stab=0.0696 | iso=US | via=name | km=11278 | w=0.0005 | [Pawdroid-SS-APK] United States-7
score=-99.9133 | latency=0.0000 | time=0ms | geo=0.0343 | adj=+0.0000 | stab=0.0524 | iso=ZA | via=mmdb | km=12671 | w=0.0002 | [Pawdroid-SS-APK] South+Africa-2
score=-99.9133 | latency=0.0000 | time=0ms | geo=0.0000 | adj=+0.0000 | stab=0.0867 | iso=- | via=none | km=0 | w=0.0000 | [Pawdroid-SS-APK] Bulgaria-3
score=-99.9133 | latency=0.0000 | time=0ms | geo=0.0000 | adj=+0.0000 | stab=0.0867 | iso=CLOUDFLARE | via=mmdb | km=0 | w=0.0000 | [Pawdroid-SS-APK] vless-169
score=-99.9134 | latency=0.0000 | time=0ms | geo=0.0869 | adj=-0.0695 | stab=0.0692 | iso=US | via=name | km=11278 | w=0.0005 | [Pawdroid-SS-APK] 美国+CloudFlare节点-53
score=-99.9135 | latency=0.0000 | time=0ms | geo=0.0000 | adj=+0.0000 | stab=0.0865 | iso=CLOUDFLARE | via=mmdb | km=0 | w=0.0000 | [Pawdroid-SS-APK] United+States-61
score=-99.9137 | latency=0.0000 | time=0ms | geo=0.0000 | adj=+0.0000 | stab=0.0863 | iso=CLOUDFLARE | via=mmdb | km=0 | w=0.0000 | [Pawdroid-SS-APK] United+States-67
score=-99.9138 | latency=0.0000 | time=0ms | geo=0.0869 | adj=-0.0695 | stab=0.0688 | iso=US | via=mmdb | km=11278 | w=0.0005 | [Pawdroid-SS-APK] United+Kingdom-152
score=-99.9139 | latency=0.0000 | time=0ms | geo=0.0000 | adj=+0.0000 | stab=0.0861 | iso=- | via=none | km=0 | w=0.0000 | [Pawdroid-SS-APK] United+States-241
score=-99.9140 | latency=0.0000 | time=0ms | geo=0.0000 | adj=+0.0000 | stab=0.0860 | iso=CLOUDFLARE | via=mmdb | km=0 | w=0.0000 | [Pawdroid-SS-APK] vless-92
score=-99.9143 | latency=0.0000 | time=0ms | geo=0.0000 | adj=+0.0000 | stab=0.0857 | iso=CLOUDFLARE | via=mmdb | km=0 | w=0.0000 | [Pawdroid-SS-APK] vless-146
score=-99.9146 | latency=0.0000 | time=0ms | geo=0.0000 | adj=+0.0000 | stab=0.0854 | iso=CLOUDFLARE | via=mmdb | km=0 | w=0.0000 | [Pawdroid-SS-APK] vless-163
score=-99.9146 | latency=0.0000 | time=0ms | geo=0.0869 | adj=-0.0695 | stab=0.0680 | iso=US | via=mmdb | km=11278 | w=0.0005 | [Pawdroid-SS-APK] United+States-354
score=-99.9149 | latency=0.0000 | time=0ms | geo=0.0869 | adj=-0.0695 | stab=0.0677 | iso=US | via=mmdb | km=11278 | w=0.0005 | [Pawdroid-SS-APK] EPODONIOS
score=-99.9150 | latency=0.0000 | time=0ms | geo=0.0869 | adj=-0.0695 | stab=0.0677 | iso=US | via=name | km=11278 | w=0.0005 | [Pawdroid-SR-APK] 美国+科罗拉多州布隆菲尔德市Level+3通信股份有限公司
score=-99.9150 | latency=0.0000 | time=0ms | geo=0.0000 | adj=+0.0000 | stab=0.0850 | iso=CLOUDFLARE | via=mmdb | km=0 | w=0.0000 | [Pawdroid-SS-APK] United+States-356
score=-99.9150 | latency=0.0000 | time=0ms | geo=0.0000 | adj=+0.0000 | stab=0.0850 | iso=CLOUDFLARE | via=mmdb | km=0 | w=0.0000 | [Pawdroid-SR-APK] trojan-16
score=-99.9150 | latency=0.0000 | time=0ms | geo=0.0000 | adj=+0.0000 | stab=0.0850 | iso=CLOUDFLARE | via=mmdb | km=0 | w=0.0000 | [Pawdroid-SS-APK] Latvia
score=-99.9152 | latency=0.0000 | time=0ms | geo=0.0000 | adj=+0.0000 | stab=0.0848 | iso=CLOUDFLARE | via=mmdb | km=0 | w=0.0000 | [Pawdroid-SS-APK] United+States-55
score=-99.9154 | latency=0.0000 | time=0ms | geo=0.0000 | adj=+0.0000 | stab=0.0846 | iso=CLOUDFLARE | via=mmdb | km=0 | w=0.0000 | [Pawdroid-SS-APK] United+States-121
score=-99.9154 | latency=0.0000 | time=0ms | geo=0.0000 | adj=+0.0000 | stab=0.0846 | iso=CLOUDFLARE | via=mmdb | km=0 | w=0.0000 | [Pawdroid-SS-APK] vless-38
score=-99.9159 | latency=0.0000 | time=0ms | geo=0.0000 | adj=+0.0000 | stab=0.0841 | iso=CLOUDFLARE | via=mmdb | km=0 | w=0.0000 | [Pawdroid-SS-APK] vless-134
score=-99.9163 | latency=0.0000 | time=0ms | geo=0.0000 | adj=+0.0000 | stab=0.0837 | iso=CLOUDFLARE | via=mmdb | km=0 | w=0.0000 | [Pawdroid-SS-APK] United+States-98
score=-99.9165 | latency=0.0000 | time=0ms | geo=0.0869 | adj=-0.0695 | stab=0.0661 | iso=US | via=mmdb | km=11278 | w=0.0005 | [Pawdroid-SS-APK] United+States-94
score=-99.9165 | latency=0.0000 | time=0ms | geo=0.0000 | adj=+0.0000 | stab=0.0835 | iso=CLOUDFLARE | via=mmdb | km=0 | w=0.0000 | [Pawdroid-SS-APK] Seychelles-8
score=-99.9166 | latency=0.0000 | time=0ms | geo=0.0000 | adj=+0.0000 | stab=0.0834 | iso=CLOUDFLARE | via=mmdb | km=0 | w=0.0000 | [Pawdroid-SS-APK] vless-111
score=-99.9167 | latency=0.0000 | time=0ms | geo=0.0869 | adj=-0.0695 | stab=0.0659 | iso=US | via=mmdb | km=11278 | w=0.0005 | [Pawdroid-SS-APK] United+States-132
score=-99.9168 | latency=0.0000 | time=0ms | geo=0.0000 | adj=+0.0000 | stab=0.0832 | iso=CLOUDFLARE | via=mmdb | km=0 | w=0.0000 | [Pawdroid-SS-APK] vless-155
score=-99.9169 | latency=0.0000 | time=0ms | geo=0.0869 | adj=-0.0695 | stab=0.0657 | iso=US | via=mmdb | km=11278 | w=0.0005 | [Pawdroid-SS-APK] United+States-74
score=-99.9170 | latency=0.0000 | time=0ms | geo=0.0000 | adj=+0.0000 | stab=0.0830 | iso=CLOUDFLARE | via=mmdb | km=0 | w=0.0000 | [Pawdroid-SS-APK] vless-139
score=-99.9171 | latency=0.0000 | time=0ms | geo=0.0869 | adj=-0.0695 | stab=0.0656 | iso=US | via=name | km=11278 | w=0.0005 | [Pawdroid-SS-APK] 美国+CloudFlare节点-50
score=-99.9172 | latency=0.0000 | time=0ms | geo=0.0000 | adj=+0.0000 | stab=0.0828 | iso=- | via=none | km=0 | w=0.0000 | [Pawdroid-SS-APK] United+States-101
score=-99.9174 | latency=0.0000 | time=0ms | geo=0.0000 | adj=+0.0000 | stab=0.0826 | iso=CLOUDFLARE | via=mmdb | km=0 | w=0.0000 | [Pawdroid-SS-APK] United+Kingdom-96
score=-99.9175 | latency=0.0000 | time=0ms | geo=0.0000 | adj=+0.0000 | stab=0.0825 | iso=CLOUDFLARE | via=mmdb | km=0 | w=0.0000 | [Pawdroid-SS-APK] United+States-43
score=-99.9176 | latency=0.0000 | time=0ms | geo=0.0869 | adj=-0.0695 | stab=0.0650 | iso=US | via=mmdb | km=11278 | w=0.0005 | [Pawdroid-SS-APK] United+States-31
score=-99.9176 | latency=0.0000 | time=0ms | geo=0.0000 | adj=+0.0000 | stab=0.0824 | iso=- | via=none | km=0 | w=0.0000 | [Pawdroid-SS-APK] vless-151
score=-99.9177 | latency=0.0000 | time=0ms | geo=0.0000 | adj=+0.0000 | stab=0.0823 | iso=CLOUDFLARE | via=mmdb | km=0 | w=0.0000 | [Pawdroid-SS-APK] vless-36
score=-99.9177 | latency=0.0000 | time=0ms | geo=0.0000 | adj=+0.0000 | stab=0.0823 | iso=CLOUDFLARE | via=mmdb | km=0 | w=0.0000 | [Pawdroid-SS-APK] 立陶宛+V2CROSS.COM-2
score=-99.9177 | latency=0.0000 | time=0ms | geo=0.0000 | adj=+0.0000 | stab=0.0823 | iso=CLOUDFLARE | via=mmdb | km=0 | w=0.0000 | [Pawdroid-SS-APK] vless-46
score=-99.9179 | latency=0.0000 | time=0ms | geo=0.0000 | adj=+0.0000 | stab=0.0821 | iso=- | via=none | km=0 | w=0.0000 | [Pawdroid-SS-APK] United+States-312
score=-99.9179 | latency=0.0000 | time=0ms | geo=0.0000 | adj=+0.0000 | stab=0.0821 | iso=CLOUDFLARE | via=mmdb | km=0 | w=0.0000 | [Pawdroid-SS-APK] United+States-80
score=-99.9182 | latency=0.0000 | time=0ms | geo=0.0000 | adj=+0.0000 | stab=0.0818 | iso=CLOUDFLARE | via=mmdb | km=0 | w=0.0000 | [Pawdroid-SS-APK] United+States-100
score=-99.9184 | latency=0.0000 | time=0ms | geo=0.0869 | adj=-0.0695 | stab=0.0643 | iso=US | via=name | km=11278 | w=0.0005 | [Pawdroid-SS-APK] 美国+CloudFlare节点-23
score=-99.9184 | latency=0.0000 | time=0ms | geo=0.0000 | adj=+0.0000 | stab=0.0816 | iso=CLOUDFLARE | via=mmdb | km=0 | w=0.0000 | [Pawdroid-SS-APK] United+Kingdom-90
score=-99.9185 | latency=0.0000 | time=0ms | geo=0.0000 | adj=+0.0000 | stab=0.0815 | iso=CLOUDFLARE | via=mmdb | km=0 | w=0.0000 | [Pawdroid-SS-APK] United+States-106
score=-99.9186 | latency=0.0000 | time=0ms | geo=0.0869 | adj=-0.0695 | stab=0.0641 | iso=US | via=name | km=11278 | w=0.0005 | [Pawdroid-SS-APK] 美国+加州
score=-99.9186 | latency=0.0000 | time=0ms | geo=0.0000 | adj=+0.0000 | stab=0.0814 | iso=CLOUDFLARE | via=mmdb | km=0 | w=0.0000 | [Pawdroid-SS-APK] United+States-360
score=-99.9187 | latency=0.0000 | time=0ms | geo=0.0869 | adj=-0.0695 | stab=0.0640 | iso=US | via=mmdb | km=11278 | w=0.0005 | [Pawdroid-SS-APK] United+States-138
score=-99.9187 | latency=0.0000 | time=0ms | geo=0.0000 | adj=+0.0000 | stab=0.0813 | iso=CLOUDFLARE | via=mmdb | km=0 | w=0.0000 | [Pawdroid-SS-APK] vless-161
score=-99.9188 | latency=0.0000 | time=0ms | geo=0.0000 | adj=+0.0000 | stab=0.0812 | iso=CLOUDFLARE | via=mmdb | km=0 | w=0.0000 | [Pawdroid-SS-APK] vless-84
score=-99.9188 | latency=0.0000 | time=0ms | geo=0.0000 | adj=+0.0000 | stab=0.0812 | iso=CLOUDFLARE | via=mmdb | km=0 | w=0.0000 | [Pawdroid-SS-APK] vless-138
score=-99.9189 | latency=0.0000 | time=0ms | geo=0.0869 | adj=-0.0695 | stab=0.0638 | iso=US | via=mmdb | km=11278 | w=0.0005 | [Pawdroid-SS-APK] United+States-199
score=-99.9189 | latency=0.0000 | time=0ms | geo=0.0000 | adj=+0.0000 | stab=0.0811 | iso=CLOUDFLARE | via=mmdb | km=0 | w=0.0000 | [Pawdroid-SS-APK] vless-105
score=-99.9191 | latency=0.0000 | time=0ms | geo=0.0343 | adj=+0.0000 | stab=0.0465 | iso=ZA | via=mmdb | km=12671 | w=0.0002 | [Pawdroid-SS-APK] United+States-76
score=-99.9193 | latency=0.0000 | time=0ms | geo=0.0869 | adj=-0.0695 | stab=0.0633 | iso=US | via=mmdb | km=11278 | w=0.0005 | [Pawdroid-SS-APK] United+States-25
score=-99.9194 | latency=0.0000 | time=0ms | geo=0.0000 | adj=+0.0000 | stab=0.0806 | iso=CLOUDFLARE | via=mmdb | km=0 | w=0.0000 | [Pawdroid-SS-APK] United+States-273
score=-99.9195 | latency=0.0000 | time=0ms | geo=0.0869 | adj=-0.0695 | stab=0.0631 | iso=US | via=name | km=11278 | w=0.0005 | [Pawdroid-SS-APK] 美国+CloudFlare节点-86
score=-99.9197 | latency=0.0000 | time=0ms | geo=0.0000 | adj=+0.0000 | stab=0.0803 | iso=CLOUDFLARE | via=mmdb | km=0 | w=0.0000 | [Pawdroid-SS-APK] vless-39
score=-99.9198 | latency=0.0000 | time=0ms | geo=0.0869 | adj=-0.0695 | stab=0.0629 | iso=US | via=name | km=11278 | w=0.0005 | [Pawdroid-SS-APK] United States-18
score=-99.9199 | latency=0.0000 | time=0ms | geo=0.0869 | adj=-0.0695 | stab=0.0627 | iso=US | via=name | km=11278 | w=0.0005 | [Pawdroid-SS-APK] 美国+CloudFlare节点-42
score=-99.9201 | latency=0.0000 | time=0ms | geo=0.0869 | adj=-0.0695 | stab=0.0625 | iso=US | via=name | km=11278 | w=0.0005 | [Pawdroid-SS-APK] 美国+V2CROSS.COM-9
score=-99.9202 | latency=0.0000 | time=0ms | geo=0.0000 | adj=+0.0000 | stab=0.0798 | iso=CLOUDFLARE | via=mmdb | km=0 | w=0.0000 | [Pawdroid-SS-APK] vless-11
score=-99.9202 | latency=0.0000 | time=0ms | geo=0.0000 | adj=+0.0000 | stab=0.0798 | iso=CLOUDFLARE | via=mmdb | km=0 | w=0.0000 | [Pawdroid-SR-APK] trojan-10
score=-99.9202 | latency=0.0000 | time=0ms | geo=0.0000 | adj=+0.0000 | stab=0.0798 | iso=CLOUDFLARE | via=mmdb | km=0 | w=0.0000 | [Pawdroid-SS-APK] United+States-338
score=-99.9206 | latency=0.0000 | time=0ms | geo=0.0000 | adj=+0.0000 | stab=0.0794 | iso=- | via=none | km=0 | w=0.0000 | [Pawdroid-SS-APK] United+States-203
score=-99.9210 | latency=0.0000 | time=0ms | geo=0.0869 | adj=-0.0695 | stab=0.0616 | iso=US | via=mmdb | km=11278 | w=0.0005 | [Pawdroid-SS-APK] United+States-37
score=-99.9211 | latency=0.0000 | time=0ms | geo=0.0000 | adj=+0.0000 | stab=0.0789 | iso=CLOUDFLARE | via=mmdb | km=0 | w=0.0000 | [Pawdroid-SR-APK] United+States-20
score=-99.9217 | latency=0.0000 | time=0ms | geo=0.0000 | adj=+0.0000 | stab=0.0783 | iso=CLOUDFLARE | via=mmdb | km=0 | w=0.0000 | [Pawdroid-SS-APK] vless-29
score=-99.9221 | latency=0.0000 | time=0ms | geo=0.0869 | adj=-0.0695 | stab=0.0606 | iso=US | via=name | km=11278 | w=0.0005 | [Pawdroid-SS-APK] 美国+CloudFlare节点-80
score=-99.9224 | latency=0.0000 | time=0ms | geo=0.0000 | adj=+0.0000 | stab=0.0776 | iso=CLOUDFLARE | via=mmdb | km=0 | w=0.0000 | [Pawdroid-SS-APK] trojan-29
score=-99.9225 | latency=0.0000 | time=0ms | geo=0.0000 | adj=+0.0000 | stab=0.0775 | iso=CLOUDFLARE | via=mmdb | km=0 | w=0.0000 | [Pawdroid-SS-APK] vless-49
score=-99.9227 | latency=0.0000 | time=0ms | geo=0.0000 | adj=+0.0000 | stab=0.0773 | iso=CLOUDFLARE | via=mmdb | km=0 | w=0.0000 | [Pawdroid-SS-APK] United+States-339
score=-99.9229 | latency=0.0000 | time=0ms | geo=0.0000 | adj=+0.0000 | stab=0.0771 | iso=CLOUDFLARE | via=mmdb | km=0 | w=0.0000 | [Pawdroid-SS-APK] United+States-46
score=-99.9233 | latency=0.0000 | time=0ms | geo=0.0000 | adj=+0.0000 | stab=0.0767 | iso=CLOUDFLARE | via=mmdb | km=0 | w=0.0000 | [Pawdroid-SR-APK] trojan-8
score=-99.9235 | latency=0.0000 | time=0ms | geo=0.0000 | adj=+0.0000 | stab=0.0765 | iso=CLOUDFLARE | via=mmdb | km=0 | w=0.0000 | [Pawdroid-SS-APK] Austria-5
score=-99.9235 | latency=0.0000 | time=0ms | geo=0.0000 | adj=+0.0000 | stab=0.0765 | iso=CLOUDFLARE | via=mmdb | km=0 | w=0.0000 | [Pawdroid-SS-APK] vless-117
score=-99.9236 | latency=0.0000 | time=0ms | geo=0.0000 | adj=+0.0000 | stab=0.0764 | iso=- | via=none | km=0 | w=0.0000 | [Pawdroid-SS-APK] vless-108
score=-99.9237 | latency=0.0000 | time=0ms | geo=0.0869 | adj=-0.0695 | stab=0.0590 | iso=US | via=name | km=11278 | w=0.0005 | [Pawdroid-SS-APK] 美国+CloudFlare节点-25
score=-99.9239 | latency=0.0000 | time=0ms | geo=0.0869 | adj=-0.0695 | stab=0.0588 | iso=US | via=mmdb | km=11278 | w=0.0005 | [Pawdroid-SS-APK] Spain-4
score=-99.9239 | latency=0.0000 | time=0ms | geo=0.0869 | adj=-0.0695 | stab=0.0587 | iso=US | via=name | km=11278 | w=0.0005 | [Pawdroid-SS-APK] United States-17
score=-99.9239 | latency=0.0000 | time=0ms | geo=0.0869 | adj=-0.0695 | stab=0.0587 | iso=US | via=mmdb | km=11278 | w=0.0005 | [Pawdroid-SS-APK] United+States-304
score=-99.9241 | latency=0.0000 | time=0ms | geo=0.0000 | adj=+0.0000 | stab=0.0759 | iso=CLOUDFLARE | via=mmdb | km=0 | w=0.0000 | [Pawdroid-SS-APK] vless-50
score=-99.9241 | latency=0.0000 | time=0ms | geo=0.0000 | adj=+0.0000 | stab=0.0759 | iso=CLOUDFLARE | via=mmdb | km=0 | w=0.0000 | [Pawdroid-SS-APK] vless-19
score=-99.9241 | latency=0.0000 | time=0ms | geo=0.0869 | adj=-0.0695 | stab=0.0585 | iso=US | via=name | km=11278 | w=0.0005 | [Pawdroid-SS-APK] 美国+CloudFlare节点-19
score=-99.9242 | latency=0.0000 | time=0ms | geo=0.0000 | adj=+0.0000 | stab=0.0758 | iso=CLOUDFLARE | via=mmdb | km=0 | w=0.0000 | [Pawdroid-SS-APK] vless-144
score=-99.9244 | latency=0.0000 | time=0ms | geo=0.0000 | adj=+0.0000 | stab=0.0756 | iso=- | via=none | km=0 | w=0.0000 | [Pawdroid-SS-APK] United+States-294
score=-99.9245 | latency=0.0000 | time=0ms | geo=0.0000 | adj=+0.0000 | stab=0.0755 | iso=CLOUDFLARE | via=mmdb | km=0 | w=0.0000 | [Pawdroid-SS-APK] vless-5
score=-99.9247 | latency=0.0000 | time=0ms | geo=0.0000 | adj=+0.0000 | stab=0.0753 | iso=- | via=none | km=0 | w=0.0000 | [Pawdroid-SS-APK] United+States-166
score=-99.9251 | latency=0.0000 | time=0ms | geo=0.0000 | adj=+0.0000 | stab=0.0749 | iso=CLOUDFLARE | via=mmdb | km=0 | w=0.0000 | [Pawdroid-SR-APK] trojan-6
score=-99.9253 | latency=0.0000 | time=0ms | geo=0.0000 | adj=+0.0000 | stab=0.0747 | iso=- | via=none | km=0 | w=0.0000 | [Pawdroid-SS-APK] trojan-11
score=-99.9254 | latency=0.0000 | time=0ms | geo=0.0000 | adj=+0.0000 | stab=0.0746 | iso=- | via=none | km=0 | w=0.0000 | [Pawdroid-SS-APK] vless-20
score=-99.9256 | latency=0.0000 | time=0ms | geo=0.0869 | adj=-0.0695 | stab=0.0571 | iso=US | via=mmdb | km=11278 | w=0.0005 | [Pawdroid-SS-APK] Poland-4
score=-99.9256 | latency=0.0000 | time=0ms | geo=0.0869 | adj=-0.0695 | stab=0.0570 | iso=US | via=name | km=11278 | w=0.0005 | [Pawdroid-SS-APK] 美国+CloudFlare节点-89
score=-99.9256 | latency=0.0000 | time=0ms | geo=0.0869 | adj=-0.0695 | stab=0.0570 | iso=US | via=name | km=11278 | w=0.0005 | [Pawdroid-SS-APK] 美国+CloudFlare节点-40
score=-99.9260 | latency=0.0000 | time=0ms | geo=0.0869 | adj=-0.0695 | stab=0.0567 | iso=US | via=name | km=11278 | w=0.0005 | [Pawdroid-SS-APK] 美国+CloudFlare节点-37
score=-99.9260 | latency=0.0000 | time=0ms | geo=0.0869 | adj=-0.0695 | stab=0.0566 | iso=US | via=name | km=11278 | w=0.0005 | [Pawdroid-SS-APK] 美国+CloudFlare节点-7
score=-99.9265 | latency=0.0000 | time=0ms | geo=0.0000 | adj=+0.0000 | stab=0.0735 | iso=CLOUDFLARE | via=mmdb | km=0 | w=0.0000 | [Pawdroid-SS-APK] Seychelles-2
score=-99.9268 | latency=0.0000 | time=0ms | geo=0.0000 | adj=+0.0000 | stab=0.0732 | iso=CLOUDFLARE | via=mmdb | km=0 | w=0.0000 | [Pawdroid-SS-APK] vless-131
score=-99.9268 | latency=0.0000 | time=0ms | geo=0.0000 | adj=+0.0000 | stab=0.0732 | iso=- | via=none | km=0 | w=0.0000 | [Pawdroid-SS-APK] vless-67
score=-99.9269 | latency=0.0000 | time=0ms | geo=0.0000 | adj=+0.0000 | stab=0.0731 | iso=CLOUDFLARE | via=mmdb | km=0 | w=0.0000 | [Pawdroid-SS-APK] trojan-25
score=-99.9269 | latency=0.0000 | time=0ms | geo=0.0000 | adj=+0.0000 | stab=0.0731 | iso=- | via=none | km=0 | w=0.0000 | [Pawdroid-SS-APK] vless-137
score=-99.9270 | latency=0.0000 | time=0ms | geo=0.0869 | adj=-0.0695 | stab=0.0556 | iso=US | via=name | km=11278 | w=0.0005 | [Pawdroid-SR-APK] 美国+得克萨斯州达拉斯Cloudflare+Warp节点
score=-99.9272 | latency=0.0000 | time=0ms | geo=0.0000 | adj=+0.0000 | stab=0.0728 | iso=CLOUDFLARE | via=mmdb | km=0 | w=0.0000 | [Pawdroid-SS-APK] United+States-251
score=-99.9272 | latency=0.0000 | time=0ms | geo=0.0000 | adj=+0.0000 | stab=0.0728 | iso=- | via=none | km=0 | w=0.0000 | [Pawdroid-SS-APK] United+States-119
score=-99.9273 | latency=0.0000 | time=0ms | geo=0.0869 | adj=-0.0695 | stab=0.0553 | iso=US | via=name | km=11278 | w=0.0005 | [Pawdroid-SS-APK] 美国+CloudFlare节点-11
score=-99.9273 | latency=0.0000 | time=0ms | geo=0.0000 | adj=+0.0000 | stab=0.0727 | iso=CLOUDFLARE | via=mmdb | km=0 | w=0.0000 | [Pawdroid-SS-APK] vless-6
score=-99.9275 | latency=0.0000 | time=0ms | geo=0.0869 | adj=-0.0695 | stab=0.0551 | iso=US | via=mmdb | km=11278 | w=0.0005 | [Pawdroid-SS-APK] United+States-162
score=-99.9276 | latency=0.0000 | time=0ms | geo=0.0869 | adj=-0.0695 | stab=0.0551 | iso=US | via=name | km=11278 | w=0.0005 | [Pawdroid-SS-APK] 美国+CloudFlare节点-48
score=-99.9276 | latency=0.0000 | time=0ms | geo=0.0869 | adj=-0.0695 | stab=0.0551 | iso=US | via=name | km=11278 | w=0.0005 | [Pawdroid-SS-APK] 🇺🇸US_164|264KB/s|B007-260618 01
score=-99.9278 | latency=0.0000 | time=0ms | geo=0.0000 | adj=+0.0000 | stab=0.0722 | iso=CLOUDFLARE | via=mmdb | km=0 | w=0.0000 | [Pawdroid-SS-APK] United+States-51
score=-99.9282 | latency=0.0000 | time=0ms | geo=0.0000 | adj=+0.0000 | stab=0.0718 | iso=- | via=none | km=0 | w=0.0000 | [Pawdroid-SS-APK] vless-81
score=-99.9282 | latency=0.0000 | time=0ms | geo=0.0869 | adj=-0.0695 | stab=0.0544 | iso=US | via=name | km=11278 | w=0.0005 | [Pawdroid-SS-APK] 美国+CloudFlare节点-64
score=-99.9284 | latency=0.0000 | time=0ms | geo=0.0869 | adj=-0.0695 | stab=0.0543 | iso=US | via=mmdb | km=11278 | w=0.0005 | [Pawdroid-SS-APK] United+Kingdom-84
score=-99.9287 | latency=0.0000 | time=0ms | geo=0.0000 | adj=+0.0000 | stab=0.0713 | iso=CLOUDFLARE | via=mmdb | km=0 | w=0.0000 | [Pawdroid-SS-APK] vless-55
score=-99.9287 | latency=0.0000 | time=0ms | geo=0.0000 | adj=+0.0000 | stab=0.0713 | iso=CLOUDFLARE | via=mmdb | km=0 | w=0.0000 | [Pawdroid-SS-APK] United+States-90
score=-99.9289 | latency=0.0000 | time=0ms | geo=0.0869 | adj=-0.0695 | stab=0.0537 | iso=US | via=name | km=11278 | w=0.0005 | [Pawdroid-SS-APK] 美国+CloudFlare节点-62
score=-99.9290 | latency=0.0000 | time=0ms | geo=0.0000 | adj=+0.0000 | stab=0.0710 | iso=CLOUDFLARE | via=mmdb | km=0 | w=0.0000 | [Pawdroid-SS-APK] United+States-223
score=-99.9290 | latency=0.0000 | time=0ms | geo=0.0869 | adj=-0.0695 | stab=0.0536 | iso=US | via=mmdb | km=11278 | w=0.0005 | [Pawdroid-SS-APK] United+States-358
score=-99.9292 | latency=0.0000 | time=0ms | geo=0.0869 | adj=-0.0695 | stab=0.0535 | iso=US | via=name | km=11278 | w=0.0005 | [Pawdroid-SS-APK] 美国+CloudFlare节点-32
score=-99.9293 | latency=0.0000 | time=0ms | geo=0.0000 | adj=+0.0000 | stab=0.0707 | iso=CLOUDFLARE | via=mmdb | km=0 | w=0.0000 | [Pawdroid-SS-APK] vless-114
score=-99.9293 | latency=0.0000 | time=0ms | geo=0.0869 | adj=-0.0695 | stab=0.0533 | iso=US | via=name | km=11278 | w=0.0005 | [Pawdroid-SS-APK] 美国+CloudFlare节点-49
score=-99.9294 | latency=0.0000 | time=0ms | geo=0.0000 | adj=+0.0000 | stab=0.0706 | iso=CLOUDFLARE | via=mmdb | km=0 | w=0.0000 | [Pawdroid-SS-APK] United+States-152
score=-99.9294 | latency=0.0000 | time=0ms | geo=0.0000 | adj=+0.0000 | stab=0.0706 | iso=CLOUDFLARE | via=mmdb | km=0 | w=0.0000 | [Pawdroid-SS-APK] trojan-20
score=-99.9297 | latency=0.0000 | time=0ms | geo=0.0000 | adj=+0.0000 | stab=0.0703 | iso=CLOUDFLARE | via=mmdb | km=0 | w=0.0000 | [Pawdroid-SS-APK] United+States-96
score=-99.9297 | latency=0.0000 | time=0ms | geo=0.0000 | adj=+0.0000 | stab=0.0703 | iso=CLOUDFLARE | via=mmdb | km=0 | w=0.0000 | [Pawdroid-SS-APK] vless-26
score=-99.9299 | latency=0.0000 | time=0ms | geo=0.0000 | adj=+0.0000 | stab=0.0701 | iso=CLOUDFLARE | via=mmdb | km=0 | w=0.0000 | [Pawdroid-SS-APK] United+Kingdom-124
score=-99.9300 | latency=0.0000 | time=0ms | geo=0.0869 | adj=-0.0695 | stab=0.0526 | iso=US | via=mmdb | km=11278 | w=0.0005 | [Pawdroid-SS-APK] United+Kingdom-137
score=-99.9300 | latency=0.0000 | time=0ms | geo=0.0000 | adj=+0.0000 | stab=0.0700 | iso=CLOUDFLARE | via=mmdb | km=0 | w=0.0000 | [Pawdroid-SS-APK] vless-170
score=-99.9304 | latency=0.0000 | time=0ms | geo=0.0000 | adj=+0.0000 | stab=0.0696 | iso=CLOUDFLARE | via=mmdb | km=0 | w=0.0000 | [Pawdroid-SS-APK] United+States-64
score=-99.9305 | latency=0.0000 | time=0ms | geo=0.0869 | adj=-0.0695 | stab=0.0522 | iso=US | via=mmdb | km=11278 | w=0.0005 | [Pawdroid-SS-APK] United+States-179
score=-99.9307 | latency=0.0000 | time=0ms | geo=0.0869 | adj=-0.0695 | stab=0.0520 | iso=US | via=mmdb | km=11278 | w=0.0005 | [Pawdroid-SS-APK] United+States-323
score=-99.9308 | latency=0.0000 | time=0ms | geo=0.0000 | adj=+0.0000 | stab=0.0692 | iso=CLOUDFLARE | via=mmdb | km=0 | w=0.0000 | [Pawdroid-SS-APK] United+States-139
score=-99.9309 | latency=0.0000 | time=0ms | geo=0.0869 | adj=-0.0695 | stab=0.0518 | iso=US | via=mmdb | km=11278 | w=0.0005 | [Pawdroid-SS-APK] United+States-317
score=-99.9309 | latency=0.0000 | time=0ms | geo=0.0000 | adj=+0.0000 | stab=0.0691 | iso=- | via=none | km=0 | w=0.0000 | [Pawdroid-SS-APK] United Kingdom-5
score=-99.9309 | latency=0.0000 | time=0ms | geo=0.0869 | adj=-0.0695 | stab=0.0518 | iso=US | via=mmdb | km=11278 | w=0.0005 | [Pawdroid-SS-APK] United+States-85
score=-99.9309 | latency=0.0000 | time=0ms | geo=0.0000 | adj=+0.0000 | stab=0.0691 | iso=PRIVATE | via=mmdb | km=0 | w=0.0000 | [apk-key-ss] reserve
score=-99.9309 | latency=0.0000 | time=0ms | geo=0.0000 | adj=+0.0000 | stab=0.0691 | iso=CLOUDFLARE | via=mmdb | km=0 | w=0.0000 | [Pawdroid-SS-APK] United+States-56
score=-99.9310 | latency=0.0000 | time=0ms | geo=0.0000 | adj=+0.0000 | stab=0.0690 | iso=CLOUDFLARE | via=mmdb | km=0 | w=0.0000 | [Pawdroid-SS-APK] vless-71
score=-99.9310 | latency=0.0000 | time=0ms | geo=0.0000 | adj=+0.0000 | stab=0.0690 | iso=CLOUDFLARE | via=mmdb | km=0 | w=0.0000 | [Pawdroid-SS-APK] United+States-125
score=-99.9314 | latency=0.0000 | time=0ms | geo=0.0000 | adj=+0.0000 | stab=0.0686 | iso=- | via=none | km=0 | w=0.0000 | [Pawdroid-SS-APK] vless-32
score=-99.9317 | latency=0.0000 | time=0ms | geo=0.0000 | adj=+0.0000 | stab=0.0683 | iso=- | via=none | km=0 | w=0.0000 | [Pawdroid-SR-APK] 巴拿马 V2CROSS.COM
score=-99.9318 | latency=0.0000 | time=0ms | geo=0.0869 | adj=-0.0695 | stab=0.0509 | iso=US | via=name | km=11278 | w=0.0005 | [Pawdroid-SR-APK] 美国+加利福尼亚
score=-99.9318 | latency=0.0000 | time=0ms | geo=0.0000 | adj=+0.0000 | stab=0.0682 | iso=CLOUDFLARE | via=mmdb | km=0 | w=0.0000 | [Pawdroid-SS-APK] United+Kingdom-98
score=-99.9320 | latency=0.0000 | time=0ms | geo=0.0869 | adj=-0.0695 | stab=0.0507 | iso=US | via=mmdb | km=11278 | w=0.0005 | [Pawdroid-SS-APK] United+States-292
score=-99.9321 | latency=0.0000 | time=0ms | geo=0.0000 | adj=+0.0000 | stab=0.0679 | iso=CLOUDFLARE | via=mmdb | km=0 | w=0.0000 | [Pawdroid-SS-APK] United+States-149
score=-99.9321 | latency=0.0000 | time=0ms | geo=0.0869 | adj=-0.0695 | stab=0.0505 | iso=US | via=name | km=11278 | w=0.0005 | [Pawdroid-SS-APK] 美国+CloudFlare节点-52
score=-99.9322 | latency=0.0000 | time=0ms | geo=0.0869 | adj=-0.0695 | stab=0.0504 | iso=US | via=name | km=11278 | w=0.0005 | [Pawdroid-SS-APK] 美国+CloudFlare节点-13
score=-99.9324 | latency=0.0000 | time=0ms | geo=0.0000 | adj=+0.0000 | stab=0.0676 | iso=CLOUDFLARE | via=mmdb | km=0 | w=0.0000 | [Pawdroid-SR-APK] United+States-21
score=-99.9327 | latency=0.0000 | time=0ms | geo=0.0000 | adj=+0.0000 | stab=0.0673 | iso=CLOUDFLARE | via=mmdb | km=0 | w=0.0000 | [Pawdroid-SS-APK] United+States-363
score=-99.9328 | latency=0.0000 | time=0ms | geo=0.0869 | adj=-0.0695 | stab=0.0499 | iso=US | via=mmdb | km=11278 | w=0.0005 | [Pawdroid-SS-APK] United+States-11
score=-99.9335 | latency=0.0000 | time=0ms | geo=0.0869 | adj=-0.0695 | stab=0.0491 | iso=US | via=mmdb | km=11278 | w=0.0005 | [Pawdroid-SS-APK] United+States-197
score=-99.9336 | latency=0.0000 | time=0ms | geo=0.0000 | adj=+0.0000 | stab=0.0664 | iso=CLOUDFLARE | via=mmdb | km=0 | w=0.0000 | [Pawdroid-SS-APK] Seychelles
score=-99.9338 | latency=0.0000 | time=0ms | geo=0.0869 | adj=-0.0695 | stab=0.0489 | iso=US | via=mmdb | km=11278 | w=0.0005 | [Pawdroid-SS-APK] United+States-78
score=-99.9338 | latency=0.0000 | time=0ms | geo=0.0000 | adj=+0.0000 | stab=0.0662 | iso=- | via=none | km=0 | w=0.0000 | [Pawdroid-SS-APK] United+Kingdom-151
score=-99.9340 | latency=0.0000 | time=0ms | geo=0.0000 | adj=+0.0000 | stab=0.0660 | iso=- | via=none | km=0 | w=0.0000 | [Pawdroid-SS-APK] trojan-12
score=-99.9340 | latency=0.0000 | time=0ms | geo=0.0000 | adj=+0.0000 | stab=0.0660 | iso=CLOUDFLARE | via=mmdb | km=0 | w=0.0000 | [Pawdroid-SS-APK] vless-70
score=-99.9346 | latency=0.0000 | time=0ms | geo=0.0000 | adj=+0.0000 | stab=0.0654 | iso=CLOUDFLARE | via=mmdb | km=0 | w=0.0000 | [Pawdroid-SS-APK] United+States-117
score=-99.9346 | latency=0.0000 | time=0ms | geo=0.0869 | adj=-0.0695 | stab=0.0480 | iso=US | via=name | km=11278 | w=0.0005 | [Pawdroid-SS-APK] 美国+CloudFlare节点-33
score=-99.9347 | latency=0.0000 | time=0ms | geo=0.0000 | adj=+0.0000 | stab=0.0653 | iso=- | via=none | km=0 | w=0.0000 | [Pawdroid-SS-APK] United+States-313
score=-99.9348 | latency=0.0000 | time=0ms | geo=0.0000 | adj=+0.0000 | stab=0.0652 | iso=CLOUDFLARE | via=mmdb | km=0 | w=0.0000 | [Pawdroid-SS-APK] United+States-58
score=-99.9348 | latency=0.0000 | time=0ms | geo=0.0000 | adj=+0.0000 | stab=0.0652 | iso=- | via=none | km=0 | w=0.0000 | [Pawdroid-SS-APK] vless-24
score=-99.9349 | latency=0.0000 | time=0ms | geo=0.0869 | adj=-0.0695 | stab=0.0478 | iso=US | via=mmdb | km=11278 | w=0.0005 | [Pawdroid-SS-APK] United+Kingdom-138
score=-99.9350 | latency=0.0000 | time=0ms | geo=0.0000 | adj=+0.0000 | stab=0.0650 | iso=CLOUDFLARE | via=mmdb | km=0 | w=0.0000 | [Pawdroid-SS-APK] United+States-68
score=-99.9350 | latency=0.0000 | time=0ms | geo=0.0869 | adj=-0.0695 | stab=0.0476 | iso=US | via=mmdb | km=11278 | w=0.0005 | [Pawdroid-SS-APK] Spain-3
score=-99.9352 | latency=0.0000 | time=0ms | geo=0.0000 | adj=+0.0000 | stab=0.0648 | iso=CLOUDFLARE | via=mmdb | km=0 | w=0.0000 | [Pawdroid-SS-APK] vless-60
score=-99.9355 | latency=0.0000 | time=0ms | geo=0.0000 | adj=+0.0000 | stab=0.0645 | iso=- | via=none | km=0 | w=0.0000 | [Pawdroid-SS-APK] vless-16
score=-99.9356 | latency=0.0000 | time=0ms | geo=0.0000 | adj=+0.0000 | stab=0.0644 | iso=- | via=none | km=0 | w=0.0000 | [Pawdroid-SS-APK] United+States-62
score=-99.9357 | latency=0.0000 | time=0ms | geo=0.0869 | adj=-0.0695 | stab=0.0470 | iso=US | via=mmdb | km=11278 | w=0.0005 | [Pawdroid-SS-APK] United+States-265
score=-99.9357 | latency=0.0000 | time=0ms | geo=0.0000 | adj=+0.0000 | stab=0.0643 | iso=- | via=none | km=0 | w=0.0000 | [Pawdroid-SS-APK] United+States-209
score=-99.9358 | latency=0.0000 | time=0ms | geo=0.0000 | adj=+0.0000 | stab=0.0642 | iso=PRIVATE | via=mmdb | km=0 | w=0.0000 | [ChromeGO-Toolkit] socks5
score=-99.9359 | latency=0.0000 | time=0ms | geo=0.0000 | adj=+0.0000 | stab=0.0641 | iso=- | via=none | km=0 | w=0.0000 | [Pawdroid-SS-APK] vless-57
score=-99.9361 | latency=0.0000 | time=0ms | geo=0.0000 | adj=+0.0000 | stab=0.0639 | iso=CLOUDFLARE | via=mmdb | km=0 | w=0.0000 | [Pawdroid-SS-APK] vless-122
score=-99.9361 | latency=0.0000 | time=0ms | geo=0.0869 | adj=-0.0695 | stab=0.0465 | iso=US | via=mmdb | km=11278 | w=0.0005 | [Pawdroid-SS-APK] United+States-348
score=-99.9362 | latency=0.0000 | time=0ms | geo=0.0000 | adj=+0.0000 | stab=0.0638 | iso=CLOUDFLARE | via=mmdb | km=0 | w=0.0000 | [Pawdroid-SS-APK] vless-12
score=-99.9365 | latency=0.0000 | time=0ms | geo=0.0000 | adj=+0.0000 | stab=0.0635 | iso=CLOUDFLARE | via=mmdb | km=0 | w=0.0000 | [Pawdroid-SS-APK] vless-157
score=-99.9365 | latency=0.0000 | time=0ms | geo=0.0000 | adj=+0.0000 | stab=0.0635 | iso=- | via=none | km=0 | w=0.0000 | [Pawdroid-SS-APK] United+Kingdom-149
score=-99.9366 | latency=0.0000 | time=0ms | geo=0.0000 | adj=+0.0000 | stab=0.0634 | iso=- | via=none | km=0 | w=0.0000 | [Pawdroid-SS-APK] United+States-124
score=-99.9367 | latency=0.0000 | time=0ms | geo=0.0000 | adj=+0.0000 | stab=0.0633 | iso=- | via=none | km=0 | w=0.0000 | [Pawdroid-SS-APK] United+States-345
score=-99.9368 | latency=0.0000 | time=0ms | geo=0.0000 | adj=+0.0000 | stab=0.0632 | iso=CLOUDFLARE | via=mmdb | km=0 | w=0.0000 | [Pawdroid-SS-APK] vless-136
score=-99.9368 | latency=0.0000 | time=0ms | geo=0.0869 | adj=-0.0695 | stab=0.0458 | iso=US | via=mmdb | km=11278 | w=0.0005 | [Pawdroid-SR-APK] United+States
score=-99.9370 | latency=0.0000 | time=0ms | geo=0.0869 | adj=-0.0695 | stab=0.0456 | iso=US | via=mmdb | km=11278 | w=0.0005 | [Pawdroid-SS-APK] United+States-347
score=-99.9370 | latency=0.0000 | time=0ms | geo=0.0000 | adj=+0.0000 | stab=0.0630 | iso=CLOUDFLARE | via=mmdb | km=0 | w=0.0000 | [Pawdroid-SS-APK] trojan-19
score=-99.9371 | latency=0.0000 | time=0ms | geo=0.0000 | adj=+0.0000 | stab=0.0629 | iso=CLOUDFLARE | via=mmdb | km=0 | w=0.0000 | [Pawdroid-SS-APK] United+States-47
score=-99.9371 | latency=0.0000 | time=0ms | geo=0.0869 | adj=-0.0695 | stab=0.0456 | iso=US | via=name | km=11278 | w=0.0005 | [Pawdroid-SS-APK] 美国+CloudFlare节点-73
score=-99.9375 | latency=0.0000 | time=0ms | geo=0.0000 | adj=+0.0000 | stab=0.0625 | iso=- | via=none | km=0 | w=0.0000 | [Pawdroid-SS-APK] Ireland-2
score=-99.9377 | latency=0.0000 | time=0ms | geo=0.0000 | adj=+0.0000 | stab=0.0623 | iso=CLOUDFLARE | via=mmdb | km=0 | w=0.0000 | [Pawdroid-SS-APK] Lithuania
score=-99.9380 | latency=0.0000 | time=0ms | geo=0.0000 | adj=+0.0000 | stab=0.0620 | iso=CLOUDFLARE | via=mmdb | km=0 | w=0.0000 | [Pawdroid-SS-APK] Malaysia-6
score=-99.9381 | latency=0.0000 | time=0ms | geo=0.0869 | adj=-0.0695 | stab=0.0445 | iso=US | via=name | km=11278 | w=0.0005 | [Pawdroid-SS-APK] 美国+CloudFlare节点-71
score=-99.9383 | latency=0.0000 | time=0ms | geo=0.0869 | adj=-0.0695 | stab=0.0443 | iso=US | via=name | km=11278 | w=0.0005 | [Pawdroid-SR-APK] 美国+肯特州立大学
score=-99.9384 | latency=0.0000 | time=0ms | geo=0.0000 | adj=+0.0000 | stab=0.0616 | iso=CLOUDFLARE | via=mmdb | km=0 | w=0.0000 | [Pawdroid-SS-APK] vless-104
score=-99.9389 | latency=0.0000 | time=0ms | geo=0.0869 | adj=-0.0695 | stab=0.0437 | iso=US | via=name | km=11278 | w=0.0005 | [Pawdroid-SS-APK] 美国+V2CROSS.COM-6
score=-99.9390 | latency=0.0000 | time=0ms | geo=0.0000 | adj=+0.0000 | stab=0.0610 | iso=CLOUDFLARE | via=mmdb | km=0 | w=0.0000 | [Pawdroid-SS-APK] United+States-270
score=-99.9391 | latency=0.0000 | time=0ms | geo=0.0869 | adj=-0.0695 | stab=0.0436 | iso=US | via=name | km=11278 | w=0.0005 | [Pawdroid-SS-APK] 美国 V2CROSS.COM
score=-99.9393 | latency=0.0000 | time=0ms | geo=0.0000 | adj=+0.0000 | stab=0.0607 | iso=- | via=none | km=0 | w=0.0000 | [Pawdroid-SS-APK] United+States-234
score=-99.9393 | latency=0.0000 | time=0ms | geo=0.0869 | adj=-0.0695 | stab=0.0433 | iso=US | via=name | km=11278 | w=0.0005 | [Pawdroid-SS-APK] 美国+CloudFlare节点-67
score=-99.9393 | latency=0.0000 | time=0ms | geo=0.0869 | adj=-0.0695 | stab=0.0433 | iso=US | via=mmdb | km=11278 | w=0.0005 | [Pawdroid-SS-APK] United+States-167
score=-99.9398 | latency=0.0000 | time=0ms | geo=0.0869 | adj=-0.0695 | stab=0.0429 | iso=US | via=name | km=11278 | w=0.0005 | [Pawdroid-SS-APK] 美国+CloudFlare节点-79
score=-99.9398 | latency=0.0000 | time=0ms | geo=0.0000 | adj=+0.0000 | stab=0.0602 | iso=CLOUDFLARE | via=mmdb | km=0 | w=0.0000 | [Pawdroid-SS-APK] trojan-7
score=-99.9398 | latency=0.0000 | time=0ms | geo=0.0000 | adj=+0.0000 | stab=0.0602 | iso=- | via=none | km=0 | w=0.0000 | [Pawdroid-SS-APK] vless-152
score=-99.9399 | latency=0.0000 | time=0ms | geo=0.0000 | adj=+0.0000 | stab=0.0601 | iso=- | via=none | km=0 | w=0.0000 | [Pawdroid-SS-APK] vless-100
score=-99.9399 | latency=0.0000 | time=0ms | geo=0.0000 | adj=+0.0000 | stab=0.0601 | iso=- | via=none | km=0 | w=0.0000 | [Pawdroid-SS-APK] vless-62
score=-99.9399 | latency=0.0000 | time=0ms | geo=0.0000 | adj=+0.0000 | stab=0.0601 | iso=CLOUDFLARE | via=mmdb | km=0 | w=0.0000 | [Pawdroid-SS-APK] United+States-153
score=-99.9400 | latency=0.0000 | time=0ms | geo=0.0000 | adj=+0.0000 | stab=0.0600 | iso=CLOUDFLARE | via=mmdb | km=0 | w=0.0000 | [Pawdroid-SS-APK] trojan-30
score=-99.9400 | latency=0.0000 | time=0ms | geo=0.0869 | adj=-0.0695 | stab=0.0426 | iso=US | via=mmdb | km=11278 | w=0.0005 | [Pawdroid-SS-APK] United+States-10
score=-99.9407 | latency=0.0000 | time=0ms | geo=0.0869 | adj=-0.0695 | stab=0.0419 | iso=US | via=mmdb | km=11278 | w=0.0005 | [Pawdroid-SS-APK] Hong+Kong-12
score=-99.9412 | latency=0.0000 | time=0ms | geo=0.0869 | adj=-0.0695 | stab=0.0415 | iso=US | via=mmdb | km=11278 | w=0.0005 | [Pawdroid-SS-APK] United+States-310
score=-99.9412 | latency=0.0000 | time=0ms | geo=0.0869 | adj=-0.0695 | stab=0.0414 | iso=US | via=name | km=11278 | w=0.0005 | [Pawdroid-SS-APK] 美国+CloudFlare节点-74
score=-99.9412 | latency=0.0000 | time=0ms | geo=0.0000 | adj=+0.0000 | stab=0.0588 | iso=CLOUDFLARE | via=mmdb | km=0 | w=0.0000 | [Pawdroid-SS-APK] vless-164
score=-99.9412 | latency=0.0000 | time=0ms | geo=0.0000 | adj=+0.0000 | stab=0.0588 | iso=CLOUDFLARE | via=mmdb | km=0 | w=0.0000 | [Pawdroid-SS-APK] vless-63
score=-99.9415 | latency=0.0000 | time=0ms | geo=0.0869 | adj=-0.0695 | stab=0.0411 | iso=US | via=name | km=11278 | w=0.0005 | [Pawdroid-SS-APK] 美国+CloudFlare节点-47
score=-99.9416 | latency=0.0000 | time=0ms | geo=0.0000 | adj=+0.0000 | stab=0.0584 | iso=- | via=none | km=0 | w=0.0000 | [Pawdroid-SS-APK] United+States-335
score=-99.9416 | latency=0.0000 | time=0ms | geo=0.0000 | adj=+0.0000 | stab=0.0584 | iso=- | via=none | km=0 | w=0.0000 | [Pawdroid-SR-APK] Brazil
score=-99.9418 | latency=0.0000 | time=0ms | geo=0.0869 | adj=-0.0695 | stab=0.0408 | iso=US | via=mmdb | km=11278 | w=0.0005 | [Pawdroid-SS-APK] United+States-28
score=-99.9419 | latency=0.0000 | time=0ms | geo=0.0000 | adj=+0.0000 | stab=0.0581 | iso=GOOGLE | via=mmdb | km=0 | w=0.0000 | [Pawdroid-SS-APK] United+States-349
score=-99.9419 | latency=0.0000 | time=0ms | geo=0.0869 | adj=-0.0695 | stab=0.0407 | iso=US | via=mmdb | km=11278 | w=0.0005 | [Pawdroid-SS-APK] United+States-23
score=-99.9419 | latency=0.0000 | time=0ms | geo=0.0000 | adj=+0.0000 | stab=0.0581 | iso=CLOUDFLARE | via=mmdb | km=0 | w=0.0000 | [Pawdroid-SS-APK] vless-154
score=-99.9421 | latency=0.0000 | time=0ms | geo=0.0000 | adj=+0.0000 | stab=0.0579 | iso=- | via=none | km=0 | w=0.0000 | [Pawdroid-SS-APK] United+States-114
score=-99.9421 | latency=0.0000 | time=0ms | geo=0.0869 | adj=-0.0695 | stab=0.0405 | iso=US | via=mmdb | km=11278 | w=0.0005 | [Pawdroid-SS-APK] Iran
score=-99.9427 | latency=0.0000 | time=0ms | geo=0.0869 | adj=-0.0695 | stab=0.0399 | iso=US | via=mmdb | km=11278 | w=0.0005 | [Pawdroid-SS-APK] United+States-355
score=-99.9430 | latency=0.0000 | time=0ms | geo=0.0000 | adj=+0.0000 | stab=0.0570 | iso=- | via=none | km=0 | w=0.0000 | [Pawdroid-SS-APK] vless-129
score=-99.9431 | latency=0.0000 | time=0ms | geo=0.0000 | adj=+0.0000 | stab=0.0569 | iso=- | via=none | km=0 | w=0.0000 | [Pawdroid-SS-APK] United+States-275
score=-99.9432 | latency=0.0000 | time=0ms | geo=0.0000 | adj=+0.0000 | stab=0.0568 | iso=CLOUDFLARE | via=mmdb | km=0 | w=0.0000 | [Pawdroid-SS-APK] United+States-217
score=-99.9432 | latency=0.0000 | time=0ms | geo=0.0000 | adj=+0.0000 | stab=0.0568 | iso=CLOUDFLARE | via=mmdb | km=0 | w=0.0000 | [Pawdroid-SS-APK] United+States-97
score=-99.9434 | latency=0.0000 | time=0ms | geo=0.0000 | adj=+0.0000 | stab=0.0566 | iso=CLOUDFLARE | via=mmdb | km=0 | w=0.0000 | [Pawdroid-SS-APK] vless-142
score=-99.9434 | latency=0.0000 | time=0ms | geo=0.0869 | adj=-0.0695 | stab=0.0393 | iso=US | via=mmdb | km=11278 | w=0.0005 | [Pawdroid-SS-APK] United+Kingdom-99
score=-99.9435 | latency=0.0000 | time=0ms | geo=0.0869 | adj=-0.0695 | stab=0.0392 | iso=US | via=name | km=11278 | w=0.0005 | [Pawdroid-SS-APK] 美国+CloudFlare节点-55
score=-99.9435 | latency=0.0000 | time=0ms | geo=0.0000 | adj=+0.0000 | stab=0.0565 | iso=CLOUDFLARE | via=mmdb | km=0 | w=0.0000 | [Pawdroid-SS-APK] vless-106
score=-99.9436 | latency=0.0000 | time=0ms | geo=0.0869 | adj=-0.0695 | stab=0.0391 | iso=US | via=name | km=11278 | w=0.0005 | [Pawdroid-SS-APK] 美国+CloudFlare节点-78
score=-99.9436 | latency=0.0000 | time=0ms | geo=0.0000 | adj=+0.0000 | stab=0.0564 | iso=CLOUDFLARE | via=mmdb | km=0 | w=0.0000 | [Pawdroid-SS-APK] United+States-48
score=-99.9437 | latency=0.0000 | time=0ms | geo=0.0000 | adj=+0.0000 | stab=0.0563 | iso=CLOUDFLARE | via=mmdb | km=0 | w=0.0000 | [Pawdroid-SS-APK] United+States-70
score=-99.9437 | latency=0.0000 | time=0ms | geo=0.0869 | adj=-0.0695 | stab=0.0390 | iso=US | via=name | km=11278 | w=0.0005 | [Pawdroid-SS-APK] United States-12
score=-99.9438 | latency=0.0000 | time=0ms | geo=0.0000 | adj=+0.0000 | stab=0.0562 | iso=CLOUDFLARE | via=mmdb | km=0 | w=0.0000 | [Pawdroid-SS-APK] trojan-13
score=-99.9439 | latency=0.0000 | time=0ms | geo=0.0000 | adj=+0.0000 | stab=0.0561 | iso=CLOUDFLARE | via=mmdb | km=0 | w=0.0000 | [Pawdroid-SS-APK] vless-96
score=-99.9440 | latency=0.0000 | time=0ms | geo=0.0869 | adj=-0.0695 | stab=0.0387 | iso=US | via=mmdb | km=11278 | w=0.0005 | [Pawdroid-SS-APK] United+States-12
score=-99.9441 | latency=0.0000 | time=0ms | geo=0.0869 | adj=-0.0695 | stab=0.0385 | iso=US | via=name | km=11278 | w=0.0005 | [Pawdroid-SS-APK] 美国+CloudFlare节点-83
score=-99.9444 | latency=0.0000 | time=0ms | geo=0.0000 | adj=+0.0000 | stab=0.0556 | iso=CLOUDFLARE | via=mmdb | km=0 | w=0.0000 | [Pawdroid-SS-APK] vless-35
score=-99.9445 | latency=0.0000 | time=0ms | geo=0.0000 | adj=+0.0000 | stab=0.0555 | iso=CLOUDFLARE | via=mmdb | km=0 | w=0.0000 | [Pawdroid-SS-APK] United+States-143
score=-99.9445 | latency=0.0000 | time=0ms | geo=0.0000 | adj=+0.0000 | stab=0.0555 | iso=- | via=none | km=0 | w=0.0000 | [Pawdroid-SS-APK] United+States-242
score=-99.9445 | latency=0.0000 | time=0ms | geo=0.0000 | adj=+0.0000 | stab=0.0555 | iso=GOOGLE | via=mmdb | km=0 | w=0.0000 | [Pawdroid-SS-APK] Hong+Kong
score=-99.9447 | latency=0.0000 | time=0ms | geo=0.0869 | adj=-0.0695 | stab=0.0379 | iso=US | via=mmdb | km=11278 | w=0.0005 | [Pawdroid-SS-APK] United+States-171
score=-99.9448 | latency=0.0000 | time=0ms | geo=0.0000 | adj=+0.0000 | stab=0.0552 | iso=CLOUDFLARE | via=mmdb | km=0 | w=0.0000 | [Pawdroid-SS-APK] vless-64
score=-99.9448 | latency=0.0000 | time=0ms | geo=0.0000 | adj=+0.0000 | stab=0.0552 | iso=CLOUDFLARE | via=mmdb | km=0 | w=0.0000 | [Pawdroid-SS-APK] United+States-351
score=-99.9448 | latency=0.0000 | time=0ms | geo=0.0869 | adj=-0.0695 | stab=0.0378 | iso=US | via=mmdb | km=11278 | w=0.0005 | [Pawdroid-SS-APK] United+States-315
score=-99.9450 | latency=0.0000 | time=0ms | geo=0.0000 | adj=+0.0000 | stab=0.0550 | iso=CLOUDFLARE | via=mmdb | km=0 | w=0.0000 | [Pawdroid-SR-APK] United+States-22
score=-99.9452 | latency=0.0000 | time=0ms | geo=0.0000 | adj=+0.0000 | stab=0.0548 | iso=- | via=none | km=0 | w=0.0000 | [Pawdroid-SS-APK] trojan-23
score=-99.9453 | latency=0.0000 | time=0ms | geo=0.0869 | adj=-0.0695 | stab=0.0374 | iso=US | via=mmdb | km=11278 | w=0.0005 | [Pawdroid-SS-APK] Pakistan-2
score=-99.9453 | latency=0.0000 | time=0ms | geo=0.0000 | adj=+0.0000 | stab=0.0547 | iso=CLOUDFLARE | via=mmdb | km=0 | w=0.0000 | [Pawdroid-SS-APK] vless-150
score=-99.9453 | latency=0.0000 | time=0ms | geo=0.0000 | adj=+0.0000 | stab=0.0547 | iso=CLOUDFLARE | via=mmdb | km=0 | w=0.0000 | [Pawdroid-SS-APK] vless-40
score=-99.9457 | latency=0.0000 | time=0ms | geo=0.0000 | adj=+0.0000 | stab=0.0543 | iso=CLOUDFLARE | via=mmdb | km=0 | w=0.0000 | [Pawdroid-SS-APK] vless-74
score=-99.9457 | latency=0.0000 | time=0ms | geo=0.0000 | adj=+0.0000 | stab=0.0543 | iso=- | via=none | km=0 | w=0.0000 | [Pawdroid-SS-APK] Bangladesh-2
score=-99.9458 | latency=0.0000 | time=0ms | geo=0.0869 | adj=-0.0695 | stab=0.0369 | iso=US | via=mmdb | km=11278 | w=0.0005 | [Pawdroid-SS-APK] United+States-59
score=-99.9458 | latency=0.0000 | time=0ms | geo=0.0000 | adj=+0.0000 | stab=0.0542 | iso=- | via=none | km=0 | w=0.0000 | [ChromeGO-Toolkit] https://github.com/Alvin9999-newpac/fanqiang-3
score=-99.9458 | latency=0.0000 | time=0ms | geo=0.0869 | adj=-0.0695 | stab=0.0368 | iso=US | via=mmdb | km=11278 | w=0.0005 | [Pawdroid-SS-APK] United+States-159
score=-99.9460 | latency=0.0000 | time=0ms | geo=0.0869 | adj=-0.0695 | stab=0.0367 | iso=US | via=name | km=11278 | w=0.0005 | [Pawdroid-SS-APK] 美国+佛罗里达州迈阿密市
score=-99.9461 | latency=0.0000 | time=0ms | geo=0.0000 | adj=+0.0000 | stab=0.0539 | iso=CLOUDFLARE | via=mmdb | km=0 | w=0.0000 | [Pawdroid-SS-APK] trojan
score=-99.9461 | latency=0.0000 | time=0ms | geo=0.0000 | adj=+0.0000 | stab=0.0539 | iso=PRIVATE | via=mmdb | km=0 | w=0.0000 | [ChromeGO-Toolkit] socks5-2
score=-99.9464 | latency=0.0000 | time=0ms | geo=0.0869 | adj=-0.0695 | stab=0.0362 | iso=US | via=mmdb | km=11278 | w=0.0005 | [Pawdroid-SS-APK] United+States-224
score=-99.9465 | latency=0.0000 | time=0ms | geo=0.0000 | adj=+0.0000 | stab=0.0535 | iso=CLOUDFLARE | via=mmdb | km=0 | w=0.0000 | [Pawdroid-SS-APK] United+States-116
score=-99.9466 | latency=0.0000 | time=0ms | geo=0.0000 | adj=+0.0000 | stab=0.0534 | iso=- | via=none | km=0 | w=0.0000 | [Pawdroid-SS-APK] vless-83
score=-99.9468 | latency=0.0000 | time=0ms | geo=0.0869 | adj=-0.0695 | stab=0.0358 | iso=US | via=mmdb | km=11278 | w=0.0005 | [Pawdroid-SS-APK] United+Kingdom-155
score=-99.9468 | latency=0.0000 | time=0ms | geo=0.0000 | adj=+0.0000 | stab=0.0532 | iso=CLOUDFLARE | via=mmdb | km=0 | w=0.0000 | [Pawdroid-SS-APK] United+States-286
score=-99.9469 | latency=0.0000 | time=0ms | geo=0.0000 | adj=+0.0000 | stab=0.0531 | iso=- | via=none | km=0 | w=0.0000 | [Pawdroid-SS-APK] United+States-327
score=-99.9470 | latency=0.0000 | time=0ms | geo=0.0000 | adj=+0.0000 | stab=0.0530 | iso=CLOUDFLARE | via=mmdb | km=0 | w=0.0000 | [Pawdroid-SS-APK] United+States-268
score=-99.9470 | latency=0.0000 | time=0ms | geo=0.0000 | adj=+0.0000 | stab=0.0530 | iso=- | via=none | km=0 | w=0.0000 | [Pawdroid-SS-APK] Türkiye-3
score=-99.9470 | latency=0.0000 | time=0ms | geo=0.0869 | adj=-0.0695 | stab=0.0356 | iso=US | via=name | km=11278 | w=0.0005 | [Pawdroid-SS-APK] 美国+CloudFlare节点-65
score=-99.9471 | latency=0.0000 | time=0ms | geo=0.0000 | adj=+0.0000 | stab=0.0529 | iso=PRIVATE | via=mmdb | km=0 | w=0.0000 | [apk-key-sr] reserve
score=-99.9471 | latency=0.0000 | time=0ms | geo=0.0000 | adj=+0.0000 | stab=0.0529 | iso=- | via=none | km=0 | w=0.0000 | [Pawdroid-SS-APK] vless-21
score=-99.9472 | latency=0.0000 | time=0ms | geo=0.0869 | adj=-0.0695 | stab=0.0355 | iso=US | via=mmdb | km=11278 | w=0.0005 | [Pawdroid-SS-APK] United+States-253
score=-99.9472 | latency=0.0000 | time=0ms | geo=0.0869 | adj=-0.0695 | stab=0.0354 | iso=US | via=name | km=11278 | w=0.0005 | [Pawdroid-SS-APK] United States-5
score=-99.9475 | latency=0.0000 | time=0ms | geo=0.0000 | adj=+0.0000 | stab=0.0525 | iso=CLOUDFLARE | via=mmdb | km=0 | w=0.0000 | [Pawdroid-SR-APK] 立陶宛+V2CROSS.COM
score=-99.9478 | latency=0.0000 | time=0ms | geo=0.0000 | adj=+0.0000 | stab=0.0522 | iso=CLOUDFLARE | via=mmdb | km=0 | w=0.0000 | [Pawdroid-SS-APK] United+States-254
score=-99.9481 | latency=0.0000 | time=0ms | geo=0.0000 | adj=+0.0000 | stab=0.0519 | iso=CLOUDFLARE | via=mmdb | km=0 | w=0.0000 | [Pawdroid-SS-APK] United+States-135
score=-99.9482 | latency=0.0000 | time=0ms | geo=0.0000 | adj=+0.0000 | stab=0.0518 | iso=- | via=none | km=0 | w=0.0000 | [Pawdroid-SS-APK] vless-149
score=-99.9482 | latency=0.0000 | time=0ms | geo=0.0869 | adj=-0.0695 | stab=0.0344 | iso=US | via=name | km=11278 | w=0.0005 | [Pawdroid-SS-APK] 美国+CloudFlare节点-70
score=-99.9485 | latency=0.0000 | time=0ms | geo=0.0000 | adj=+0.0000 | stab=0.0515 | iso=- | via=none | km=0 | w=0.0000 | [Pawdroid-SS-APK] United+States-77
score=-99.9485 | latency=0.0000 | time=0ms | geo=0.0000 | adj=+0.0000 | stab=0.0515 | iso=CLOUDFLARE | via=mmdb | km=0 | w=0.0000 | [Pawdroid-SS-APK] vless-127
score=-99.9486 | latency=0.0000 | time=0ms | geo=0.0000 | adj=+0.0000 | stab=0.0514 | iso=- | via=none | km=0 | w=0.0000 | [Pawdroid-SR-APK] Premium-521de86c⁣⁠⁣⁠⁣
score=-99.9491 | latency=0.0000 | time=0ms | geo=0.0000 | adj=+0.0000 | stab=0.0509 | iso=- | via=none | km=0 | w=0.0000 | [Pawdroid-SS-APK] United+States-158
score=-99.9491 | latency=0.0000 | time=0ms | geo=0.0869 | adj=-0.0695 | stab=0.0335 | iso=US | via=mmdb | km=11278 | w=0.0005 | [Pawdroid-SS-APK] United+States-156
score=-99.9491 | latency=0.0000 | time=0ms | geo=0.0000 | adj=+0.0000 | stab=0.0509 | iso=CLOUDFLARE | via=mmdb | km=0 | w=0.0000 | [Pawdroid-SS-APK] vless-99
score=-99.9492 | latency=0.0000 | time=0ms | geo=0.0000 | adj=+0.0000 | stab=0.0508 | iso=CLOUDFLARE | via=mmdb | km=0 | w=0.0000 | [Pawdroid-SS-APK] United+States-63
score=-99.9493 | latency=0.0000 | time=0ms | geo=0.0000 | adj=+0.0000 | stab=0.0507 | iso=CLOUDFLARE | via=mmdb | km=0 | w=0.0000 | [Pawdroid-SS-APK] vless-66
score=-99.9494 | latency=0.0000 | time=0ms | geo=0.0000 | adj=+0.0000 | stab=0.0506 | iso=CLOUDFLARE | via=mmdb | km=0 | w=0.0000 | [Pawdroid-SS-APK] vless-141
score=-99.9494 | latency=0.0000 | time=0ms | geo=0.0869 | adj=-0.0695 | stab=0.0332 | iso=US | via=name | km=11278 | w=0.0005 | [Pawdroid-SS-APK] 美国+CloudFlare节点-58
score=-99.9496 | latency=0.0000 | time=0ms | geo=0.0000 | adj=+0.0000 | stab=0.0504 | iso=CLOUDFLARE | via=mmdb | km=0 | w=0.0000 | [Pawdroid-SS-APK] trojan-16
score=-99.9497 | latency=0.0000 | time=0ms | geo=0.0000 | adj=+0.0000 | stab=0.0503 | iso=CLOUDFLARE | via=mmdb | km=0 | w=0.0000 | [Pawdroid-SS-APK] vless-132
score=-99.9499 | latency=0.0000 | time=0ms | geo=0.0000 | adj=+0.0000 | stab=0.0501 | iso=CLOUDFLARE | via=mmdb | km=0 | w=0.0000 | [Pawdroid-SS-APK] Romania-2
score=-99.9502 | latency=0.0000 | time=0ms | geo=0.0869 | adj=-0.0695 | stab=0.0325 | iso=US | via=name | km=11278 | w=0.0005 | [Pawdroid-SS-APK] 美国+CloudFlare节点-26
score=-99.9502 | latency=0.0000 | time=0ms | geo=0.0000 | adj=+0.0000 | stab=0.0498 | iso=- | via=none | km=0 | w=0.0000 | [Pawdroid-SS-APK] vless-4
score=-99.9504 | latency=0.0000 | time=0ms | geo=0.0000 | adj=+0.0000 | stab=0.0496 | iso=- | via=none | km=0 | w=0.0000 | [Pawdroid-SS-APK] United+States-128
score=-99.9505 | latency=0.0000 | time=0ms | geo=0.0000 | adj=+0.0000 | stab=0.0495 | iso=- | via=none | km=0 | w=0.0000 | [Pawdroid-SS-APK] vless-48
score=-99.9506 | latency=0.0000 | time=0ms | geo=0.0000 | adj=+0.0000 | stab=0.0494 | iso=- | via=none | km=0 | w=0.0000 | [Pawdroid-SS-APK] vless-89
score=-99.9507 | latency=0.0000 | time=0ms | geo=0.0869 | adj=-0.0695 | stab=0.0320 | iso=US | via=mmdb | km=11278 | w=0.0005 | [Pawdroid-SS-APK] United+States-175
score=-99.9508 | latency=0.0000 | time=0ms | geo=0.0000 | adj=+0.0000 | stab=0.0492 | iso=CLOUDFLARE | via=mmdb | km=0 | w=0.0000 | [Pawdroid-SS-APK] Estonia
score=-99.9509 | latency=0.0000 | time=0ms | geo=0.0000 | adj=+0.0000 | stab=0.0491 | iso=- | via=none | km=0 | w=0.0000 | [Pawdroid-SS-APK] United+States-316
score=-99.9509 | latency=0.0000 | time=0ms | geo=0.0869 | adj=-0.0695 | stab=0.0317 | iso=US | via=mmdb | km=11278 | w=0.0005 | [Pawdroid-SS-APK] United+States-343
score=-99.9510 | latency=0.0000 | time=0ms | geo=0.0000 | adj=+0.0000 | stab=0.0490 | iso=- | via=none | km=0 | w=0.0000 | [Pawdroid-SS-APK] Hong+Kong-3
score=-99.9513 | latency=0.0000 | time=0ms | geo=0.0000 | adj=+0.0000 | stab=0.0487 | iso=CLOUDFLARE | via=mmdb | km=0 | w=0.0000 | [Pawdroid-SS-APK] trojan-22
score=-99.9514 | latency=0.0000 | time=0ms | geo=0.0000 | adj=+0.0000 | stab=0.0486 | iso=- | via=none | km=0 | w=0.0000 | [Pawdroid-SS-APK] vless-41
score=-99.9514 | latency=0.0000 | time=0ms | geo=0.0869 | adj=-0.0695 | stab=0.0312 | iso=US | via=name | km=11278 | w=0.0005 | [Pawdroid-SR-APK] United States
score=-99.9516 | latency=0.0000 | time=0ms | geo=0.0000 | adj=+0.0000 | stab=0.0484 | iso=- | via=none | km=0 | w=0.0000 | [Pawdroid-SS-APK] United+States-110
score=-99.9516 | latency=0.0000 | time=0ms | geo=0.0000 | adj=+0.0000 | stab=0.0484 | iso=- | via=none | km=0 | w=0.0000 | [Pawdroid-SS-APK] United+States-201
score=-99.9517 | latency=0.0000 | time=0ms | geo=0.0000 | adj=+0.0000 | stab=0.0483 | iso=CLOUDFLARE | via=mmdb | km=0 | w=0.0000 | [Pawdroid-SS-APK] Armenia
score=-99.9518 | latency=0.0000 | time=0ms | geo=0.0000 | adj=+0.0000 | stab=0.0482 | iso=CLOUDFLARE | via=mmdb | km=0 | w=0.0000 | [Pawdroid-SS-APK] United+States-57
score=-99.9523 | latency=0.0000 | time=0ms | geo=0.0000 | adj=+0.0000 | stab=0.0477 | iso=CLOUDFLARE | via=mmdb | km=0 | w=0.0000 | [Pawdroid-SS-APK] United+States-263
score=-99.9524 | latency=0.0000 | time=0ms | geo=0.0000 | adj=+0.0000 | stab=0.0476 | iso=CLOUDFLARE | via=mmdb | km=0 | w=0.0000 | [Pawdroid-SS-APK] vless-109
score=-99.9524 | latency=0.0000 | time=0ms | geo=0.0000 | adj=+0.0000 | stab=0.0476 | iso=CLOUDFLARE | via=mmdb | km=0 | w=0.0000 | [Pawdroid-SS-APK] United+States-50
score=-99.9524 | latency=0.0000 | time=0ms | geo=0.0000 | adj=+0.0000 | stab=0.0476 | iso=- | via=none | km=0 | w=0.0000 | [Pawdroid-SS-APK] United+States-163
score=-99.9528 | latency=0.0000 | time=0ms | geo=0.0000 | adj=+0.0000 | stab=0.0472 | iso=- | via=none | km=0 | w=0.0000 | [Pawdroid-SS-APK] vless-10
score=-99.9534 | latency=0.0000 | time=0ms | geo=0.0000 | adj=+0.0000 | stab=0.0466 | iso=CLOUDFLARE | via=mmdb | km=0 | w=0.0000 | [Pawdroid-SS-APK] United+States-60
score=-99.9536 | latency=0.0000 | time=0ms | geo=0.0000 | adj=+0.0000 | stab=0.0464 | iso=- | via=none | km=0 | w=0.0000 | [Pawdroid-SS-APK] Hong+Kong-7
score=-99.9538 | latency=0.0000 | time=0ms | geo=0.0000 | adj=+0.0000 | stab=0.0462 | iso=- | via=none | km=0 | w=0.0000 | [Pawdroid-SS-APK] United+States-120
score=-99.9539 | latency=0.0000 | time=0ms | geo=0.0000 | adj=+0.0000 | stab=0.0461 | iso=- | via=none | km=0 | w=0.0000 | [Pawdroid-SS-APK] Austria-2
score=-99.9540 | latency=0.0000 | time=0ms | geo=0.0869 | adj=-0.0695 | stab=0.0286 | iso=US | via=mmdb | km=11278 | w=0.0005 | [Pawdroid-SS-APK] United+States-7
score=-99.9541 | latency=0.0000 | time=0ms | geo=0.0000 | adj=+0.0000 | stab=0.0459 | iso=CLOUDFLARE | via=mmdb | km=0 | w=0.0000 | [Pawdroid-SS-APK] United+States-202
score=-99.9547 | latency=0.0000 | time=0ms | geo=0.0000 | adj=+0.0000 | stab=0.0453 | iso=CLOUDFLARE | via=mmdb | km=0 | w=0.0000 | [Pawdroid-SS-APK] vless-123
score=-99.9548 | latency=0.0000 | time=0ms | geo=0.0000 | adj=+0.0000 | stab=0.0452 | iso=- | via=none | km=0 | w=0.0000 | [Pawdroid-SS-APK] Latvia-8
score=-99.9549 | latency=0.0000 | time=0ms | geo=0.0869 | adj=-0.0695 | stab=0.0277 | iso=US | via=mmdb | km=11278 | w=0.0005 | [Pawdroid-SS-APK] Pakistan
score=-99.9550 | latency=0.0000 | time=0ms | geo=0.0869 | adj=-0.0695 | stab=0.0276 | iso=US | via=mmdb | km=11278 | w=0.0005 | [Pawdroid-SS-APK] United+States-35
score=-99.9550 | latency=0.0000 | time=0ms | geo=0.0869 | adj=-0.0695 | stab=0.0276 | iso=US | via=mmdb | km=11278 | w=0.0005 | [Pawdroid-SS-APK] United+States-140
score=-99.9553 | latency=0.0000 | time=0ms | geo=0.0000 | adj=+0.0000 | stab=0.0447 | iso=- | via=none | km=0 | w=0.0000 | [Pawdroid-SS-APK] United+States-71
score=-99.9556 | latency=0.0000 | time=0ms | geo=0.0869 | adj=-0.0695 | stab=0.0270 | iso=US | via=name | km=11278 | w=0.0005 | [Pawdroid-SS-APK] 美国+CloudFlare节点-39
score=-99.9556 | latency=0.0000 | time=0ms | geo=0.0869 | adj=-0.0695 | stab=0.0270 | iso=US | via=mmdb | km=11278 | w=0.0005 | [Pawdroid-SS-APK] United+States-168
score=-99.9558 | latency=0.0000 | time=0ms | geo=0.0000 | adj=+0.0000 | stab=0.0442 | iso=CLOUDFLARE | via=mmdb | km=0 | w=0.0000 | [Pawdroid-SS-APK] Seychelles-6
score=-99.9558 | latency=0.0000 | time=0ms | geo=0.0869 | adj=-0.0695 | stab=0.0268 | iso=US | via=mmdb | km=11278 | w=0.0005 | [Pawdroid-SS-APK] United+States-108
score=-99.9560 | latency=0.0000 | time=0ms | geo=0.0869 | adj=-0.0695 | stab=0.0267 | iso=US | via=mmdb | km=11278 | w=0.0005 | [Pawdroid-SS-APK] United+States-102
score=-99.9560 | latency=0.0000 | time=0ms | geo=0.0000 | adj=+0.0000 | stab=0.0440 | iso=CLOUDFLARE | via=mmdb | km=0 | w=0.0000 | [Pawdroid-SS-APK] Seychelles-5
score=-99.9560 | latency=0.0000 | time=0ms | geo=0.0000 | adj=+0.0000 | stab=0.0440 | iso=- | via=none | km=0 | w=0.0000 | [Pawdroid-SS-APK] Belgium
score=-99.9561 | latency=0.0000 | time=0ms | geo=0.0000 | adj=+0.0000 | stab=0.0439 | iso=- | via=none | km=0 | w=0.0000 | [Pawdroid-SR-APK] Premium-feea4ad0⁣⁠⁣⁠⁣
score=-99.9563 | latency=0.0000 | time=0ms | geo=0.0000 | adj=+0.0000 | stab=0.0437 | iso=CLOUDFLARE | via=mmdb | km=0 | w=0.0000 | [Pawdroid-SS-APK] United+States-340
score=-99.9564 | latency=0.0000 | time=0ms | geo=0.0000 | adj=+0.0000 | stab=0.0436 | iso=- | via=none | km=0 | w=0.0000 | [Pawdroid-SS-APK] United+States-147
score=-99.9564 | latency=0.0000 | time=0ms | geo=0.0000 | adj=+0.0000 | stab=0.0436 | iso=- | via=none | km=0 | w=0.0000 | [Pawdroid-SS-APK] United+States-314
score=-99.9564 | latency=0.0000 | time=0ms | geo=0.0000 | adj=+0.0000 | stab=0.0436 | iso=CLOUDFLARE | via=mmdb | km=0 | w=0.0000 | [Pawdroid-SS-APK] vless-18
score=-99.9567 | latency=0.0000 | time=0ms | geo=0.0000 | adj=+0.0000 | stab=0.0433 | iso=CLOUDFLARE | via=mmdb | km=0 | w=0.0000 | [Pawdroid-SS-APK] vless-147
score=-99.9569 | latency=0.0000 | time=0ms | geo=0.0000 | adj=+0.0000 | stab=0.0431 | iso=CLOUDFLARE | via=mmdb | km=0 | w=0.0000 | [Pawdroid-SS-APK] vless-162
score=-99.9571 | latency=0.0000 | time=0ms | geo=0.0869 | adj=-0.0695 | stab=0.0256 | iso=US | via=name | km=11278 | w=0.0005 | [Pawdroid-SS-APK] United States-22
score=-99.9571 | latency=0.0000 | time=0ms | geo=0.0869 | adj=-0.0695 | stab=0.0255 | iso=US | via=mmdb | km=11278 | w=0.0005 | [Pawdroid-SS-APK] United+States-5
score=-99.9572 | latency=0.0000 | time=0ms | geo=0.0869 | adj=-0.0695 | stab=0.0254 | iso=US | via=mmdb | km=11278 | w=0.0005 | [Pawdroid-SS-APK] Pakistan-4
score=-99.9574 | latency=0.0000 | time=0ms | geo=0.0000 | adj=+0.0000 | stab=0.0426 | iso=CLOUDFLARE | via=mmdb | km=0 | w=0.0000 | [Pawdroid-SS-APK] United+States-91
score=-99.9574 | latency=0.0000 | time=0ms | geo=0.0869 | adj=-0.0695 | stab=0.0252 | iso=US | via=name | km=11278 | w=0.0005 | [Pawdroid-SS-APK] 美国+V2CROSS.COM-10
score=-99.9575 | latency=0.0000 | time=0ms | geo=0.0000 | adj=+0.0000 | stab=0.0425 | iso=- | via=none | km=0 | w=0.0000 | [Pawdroid-SS-APK] 广东省广州市+腾讯云
score=-99.9576 | latency=0.0000 | time=0ms | geo=0.0869 | adj=-0.0695 | stab=0.0250 | iso=US | via=name | km=11278 | w=0.0005 | [Pawdroid-SS-APK] 美国+CloudFlare节点-72
score=-99.9577 | latency=0.0000 | time=0ms | geo=0.0869 | adj=-0.0695 | stab=0.0249 | iso=US | via=name | km=11278 | w=0.0005 | [Pawdroid-SS-APK] 美国+V2CROSS.COM-3
score=-99.9583 | latency=0.0000 | time=0ms | geo=0.0000 | adj=+0.0000 | stab=0.0417 | iso=- | via=none | km=0 | w=0.0000 | [Pawdroid-SS-APK] United+States-133
score=-99.9583 | latency=0.0000 | time=0ms | geo=0.0869 | adj=-0.0695 | stab=0.0243 | iso=US | via=name | km=11278 | w=0.0005 | [Pawdroid-SS-APK] 美国+CloudFlare节点-18
score=-99.9583 | latency=0.0000 | time=0ms | geo=0.0000 | adj=+0.0000 | stab=0.0417 | iso=- | via=none | km=0 | w=0.0000 | [Pawdroid-SS-APK] United+Kingdom-145
score=-99.9583 | latency=0.0000 | time=0ms | geo=0.0000 | adj=+0.0000 | stab=0.0417 | iso=CLOUDFLARE | via=mmdb | km=0 | w=0.0000 | [Pawdroid-SS-APK] vless-97
score=-99.9584 | latency=0.0000 | time=0ms | geo=0.0869 | adj=-0.0695 | stab=0.0242 | iso=US | via=mmdb | km=11278 | w=0.0005 | [Pawdroid-SS-APK] United+Kingdom-153
score=-99.9587 | latency=0.0000 | time=0ms | geo=0.0000 | adj=+0.0000 | stab=0.0413 | iso=CLOUDFLARE | via=mmdb | km=0 | w=0.0000 | [Pawdroid-SS-APK] trojan-10
score=-99.9587 | latency=0.0000 | time=0ms | geo=0.0000 | adj=+0.0000 | stab=0.0413 | iso=- | via=none | km=0 | w=0.0000 | [Pawdroid-SS-APK] United+States-72
score=-99.9590 | latency=0.0000 | time=0ms | geo=0.0000 | adj=+0.0000 | stab=0.0410 | iso=CLOUDFLARE | via=mmdb | km=0 | w=0.0000 | [Pawdroid-SS-APK] vless-8
score=-99.9593 | latency=0.0000 | time=0ms | geo=0.0000 | adj=+0.0000 | stab=0.0407 | iso=CLOUDFLARE | via=mmdb | km=0 | w=0.0000 | [Pawdroid-SS-APK] vless-22
score=-99.9598 | latency=0.0000 | time=0ms | geo=0.0000 | adj=+0.0000 | stab=0.0402 | iso=- | via=none | km=0 | w=0.0000 | [Pawdroid-SS-APK] Switzerland-4
score=-99.9598 | latency=0.0000 | time=0ms | geo=0.0000 | adj=+0.0000 | stab=0.0402 | iso=CLOUDFLARE | via=mmdb | km=0 | w=0.0000 | [Pawdroid-SS-APK] Malaysia-7
score=-99.9599 | latency=0.0000 | time=0ms | geo=0.0000 | adj=+0.0000 | stab=0.0401 | iso=- | via=none | km=0 | w=0.0000 | [Pawdroid-SS-APK] United+States-87
score=-99.9600 | latency=0.0000 | time=0ms | geo=0.0000 | adj=+0.0000 | stab=0.0400 | iso=- | via=none | km=0 | w=0.0000 | [Pawdroid-SS-APK] vless-125
score=-99.9602 | latency=0.0000 | time=0ms | geo=0.0000 | adj=+0.0000 | stab=0.0398 | iso=CLOUDFLARE | via=mmdb | km=0 | w=0.0000 | [Pawdroid-SS-APK] vless-156
score=-99.9603 | latency=0.0000 | time=0ms | geo=0.0000 | adj=+0.0000 | stab=0.0397 | iso=CLOUDFLARE | via=mmdb | km=0 | w=0.0000 | [Pawdroid-SS-APK] United+States-187
score=-99.9603 | latency=0.0000 | time=0ms | geo=0.0000 | adj=+0.0000 | stab=0.0397 | iso=CLOUDFLARE | via=mmdb | km=0 | w=0.0000 | [Pawdroid-SS-APK] United+States-189
score=-99.9604 | latency=0.0000 | time=0ms | geo=0.0000 | adj=+0.0000 | stab=0.0396 | iso=- | via=none | km=0 | w=0.0000 | [Pawdroid-SS-APK] United+Kingdom-100
score=-99.9605 | latency=0.0000 | time=0ms | geo=0.0000 | adj=+0.0000 | stab=0.0395 | iso=FASTLY | via=mmdb | km=0 | w=0.0000 | [Pawdroid-SS-APK] United+States-206
score=-99.9607 | latency=0.0000 | time=0ms | geo=0.0000 | adj=+0.0000 | stab=0.0393 | iso=- | via=none | km=0 | w=0.0000 | [Pawdroid-SS-APK] United+States-88
score=-99.9607 | latency=0.0000 | time=0ms | geo=0.0000 | adj=+0.0000 | stab=0.0393 | iso=CLOUDFLARE | via=mmdb | km=0 | w=0.0000 | [Pawdroid-SS-APK] trojan-15
score=-99.9609 | latency=0.0000 | time=0ms | geo=0.0000 | adj=+0.0000 | stab=0.0391 | iso=- | via=none | km=0 | w=0.0000 | [Pawdroid-SS-APK] United+Kingdom-118
score=-99.9610 | latency=0.0000 | time=0ms | geo=0.0000 | adj=+0.0000 | stab=0.0390 | iso=CLOUDFLARE | via=mmdb | km=0 | w=0.0000 | [Pawdroid-SS-APK] United+States-240
score=-99.9611 | latency=0.0000 | time=0ms | geo=0.0000 | adj=+0.0000 | stab=0.0389 | iso=- | via=none | km=0 | w=0.0000 | [Pawdroid-SS-APK] United+States-112
score=-99.9612 | latency=0.0000 | time=0ms | geo=0.0869 | adj=-0.0695 | stab=0.0215 | iso=US | via=mmdb | km=11278 | w=0.0005 | [Pawdroid-SR-APK] 西班牙+V2CROSS.COM-6
score=-99.9613 | latency=0.0000 | time=0ms | geo=0.0000 | adj=+0.0000 | stab=0.0387 | iso=CLOUDFLARE | via=mmdb | km=0 | w=0.0000 | [Pawdroid-SR-APK] trojan-7
score=-99.9614 | latency=0.0000 | time=0ms | geo=0.0000 | adj=+0.0000 | stab=0.0386 | iso=- | via=none | km=0 | w=0.0000 | [Pawdroid-SS-APK] vless-53
score=-99.9615 | latency=0.0000 | time=0ms | geo=0.0869 | adj=-0.0695 | stab=0.0211 | iso=US | via=name | km=11278 | w=0.0005 | [Pawdroid-SS-APK] 美国+CloudFlare节点-60
score=-99.9616 | latency=0.0000 | time=0ms | geo=0.0000 | adj=+0.0000 | stab=0.0384 | iso=- | via=none | km=0 | w=0.0000 | [Pawdroid-SS-APK] United+Kingdom-157
score=-99.9620 | latency=0.0000 | time=0ms | geo=0.0869 | adj=-0.0695 | stab=0.0206 | iso=US | via=mmdb | km=11278 | w=0.0005 | [Pawdroid-SS-APK] United+States-157
score=-99.9621 | latency=0.0000 | time=0ms | geo=0.0000 | adj=+0.0000 | stab=0.0379 | iso=- | via=none | km=0 | w=0.0000 | [Pawdroid-SS-APK] United+States-311
score=-99.9622 | latency=0.0000 | time=0ms | geo=0.0000 | adj=+0.0000 | stab=0.0378 | iso=CLOUDFLARE | via=mmdb | km=0 | w=0.0000 | [Pawdroid-SS-APK] United+States-336
score=-99.9623 | latency=0.0000 | time=0ms | geo=0.0000 | adj=+0.0000 | stab=0.0377 | iso=CLOUDFLARE | via=mmdb | km=0 | w=0.0000 | [Pawdroid-SR-APK] Seychelles-2
score=-99.9623 | latency=0.0000 | time=0ms | geo=0.0869 | adj=-0.0695 | stab=0.0203 | iso=US | via=name | km=11278 | w=0.0005 | [Pawdroid-SS-APK] United States-14
score=-99.9624 | latency=0.0000 | time=0ms | geo=0.0869 | adj=-0.0695 | stab=0.0203 | iso=US | via=name | km=11278 | w=0.0005 | [Pawdroid-SS-APK] 美国+V2CROSS.COM-7
score=-99.9624 | latency=0.0000 | time=0ms | geo=0.0000 | adj=+0.0000 | stab=0.0376 | iso=- | via=none | km=0 | w=0.0000 | [Pawdroid-SS-APK] Cyprus-2
score=-99.9627 | latency=0.0000 | time=0ms | geo=0.0000 | adj=+0.0000 | stab=0.0373 | iso=CLOUDFLARE | via=mmdb | km=0 | w=0.0000 | [Pawdroid-SS-APK] vless-121
score=-99.9627 | latency=0.0000 | time=0ms | geo=0.0000 | adj=+0.0000 | stab=0.0373 | iso=CLOUDFLARE | via=mmdb | km=0 | w=0.0000 | [Pawdroid-SS-APK] United+States-89
score=-99.9627 | latency=0.0000 | time=0ms | geo=0.0000 | adj=+0.0000 | stab=0.0373 | iso=- | via=none | km=0 | w=0.0000 | [Pawdroid-SS-APK] United+States-95
score=-99.9630 | latency=0.0000 | time=0ms | geo=0.0000 | adj=+0.0000 | stab=0.0370 | iso=- | via=none | km=0 | w=0.0000 | [Pawdroid-SS-APK] United+States-207
score=-99.9630 | latency=0.0000 | time=0ms | geo=0.0000 | adj=+0.0000 | stab=0.0370 | iso=CLOUDFLARE | via=mmdb | km=0 | w=0.0000 | [Pawdroid-SS-APK] vless-102
score=-99.9631 | latency=0.0000 | time=0ms | geo=0.0000 | adj=+0.0000 | stab=0.0369 | iso=CLOUDFLARE | via=mmdb | km=0 | w=0.0000 | [Pawdroid-SS-APK] vless-145
score=-99.9633 | latency=0.0000 | time=0ms | geo=0.0869 | adj=-0.0695 | stab=0.0194 | iso=US | via=name | km=11278 | w=0.0005 | [Pawdroid-SS-APK] 美国+CloudFlare节点-69
score=-99.9633 | latency=0.0000 | time=0ms | geo=0.0000 | adj=+0.0000 | stab=0.0367 | iso=CLOUDFLARE | via=mmdb | km=0 | w=0.0000 | [Pawdroid-SS-APK] vless-119
score=-99.9636 | latency=0.0000 | time=0ms | geo=0.0869 | adj=-0.0695 | stab=0.0190 | iso=US | via=mmdb | km=11278 | w=0.0005 | [Pawdroid-SS-APK] United+States-305
score=-99.9636 | latency=0.0000 | time=0ms | geo=0.0000 | adj=+0.0000 | stab=0.0364 | iso=CLOUDFLARE | via=mmdb | km=0 | w=0.0000 | [Pawdroid-SS-APK] Switzerland-6
score=-99.9638 | latency=0.0000 | time=0ms | geo=0.0869 | adj=-0.0695 | stab=0.0189 | iso=US | via=name | km=11278 | w=0.0005 | [Pawdroid-SS-APK] 美国+CloudFlare节点-27
score=-99.9639 | latency=0.0000 | time=0ms | geo=0.0000 | adj=+0.0000 | stab=0.0361 | iso=CLOUDFLARE | via=mmdb | km=0 | w=0.0000 | [Pawdroid-SS-APK] Lithuania-3
score=-99.9641 | latency=0.0000 | time=0ms | geo=0.0000 | adj=+0.0000 | stab=0.0359 | iso=CLOUDFLARE | via=mmdb | km=0 | w=0.0000 | [Pawdroid-SS-APK] vless-37
score=-99.9643 | latency=0.0000 | time=0ms | geo=0.0869 | adj=-0.0695 | stab=0.0184 | iso=US | via=name | km=11278 | w=0.0005 | [Pawdroid-SS-APK] 美国+CloudFlare节点-77
score=-99.9643 | latency=0.0000 | time=0ms | geo=0.0000 | adj=+0.0000 | stab=0.0357 | iso=CLOUDFLARE | via=mmdb | km=0 | w=0.0000 | [Pawdroid-SS-APK] United+States-49
score=-99.9644 | latency=0.0000 | time=0ms | geo=0.0000 | adj=+0.0000 | stab=0.0356 | iso=- | via=none | km=0 | w=0.0000 | [Pawdroid-SS-APK] United+States-136
score=-99.9647 | latency=0.0000 | time=0ms | geo=0.0000 | adj=+0.0000 | stab=0.0353 | iso=- | via=none | km=0 | w=0.0000 | [Pawdroid-SS-APK] vless-88
score=-99.9648 | latency=0.0000 | time=0ms | geo=0.0000 | adj=+0.0000 | stab=0.0352 | iso=CLOUDFLARE | via=mmdb | km=0 | w=0.0000 | [Pawdroid-SS-APK] United+Kingdom-97
score=-99.9650 | latency=0.0000 | time=0ms | geo=0.0000 | adj=+0.0000 | stab=0.0350 | iso=CLOUDFLARE | via=mmdb | km=0 | w=0.0000 | [Pawdroid-SS-APK] vless-72
score=-99.9650 | latency=0.0000 | time=0ms | geo=0.0000 | adj=+0.0000 | stab=0.0350 | iso=- | via=none | km=0 | w=0.0000 | [Pawdroid-SS-APK] United+States-81
score=-99.9651 | latency=0.0000 | time=0ms | geo=0.0000 | adj=+0.0000 | stab=0.0349 | iso=CLOUDFLARE | via=mmdb | km=0 | w=0.0000 | [Pawdroid-SS-APK] United+States-107
score=-99.9653 | latency=0.0000 | time=0ms | geo=0.0000 | adj=+0.0000 | stab=0.0347 | iso=CLOUDFLARE | via=mmdb | km=0 | w=0.0000 | [Pawdroid-SS-APK] vless-9
score=-99.9654 | latency=0.0000 | time=0ms | geo=0.0869 | adj=-0.0695 | stab=0.0173 | iso=US | via=mmdb | km=11278 | w=0.0005 | [Pawdroid-SS-APK] Poland-3
score=-99.9654 | latency=0.0000 | time=0ms | geo=0.0869 | adj=-0.0695 | stab=0.0172 | iso=US | via=mmdb | km=11278 | w=0.0005 | [Pawdroid-SS-APK] United+States-15
score=-99.9659 | latency=0.0000 | time=0ms | geo=0.0869 | adj=-0.0695 | stab=0.0167 | iso=US | via=name | km=11278 | w=0.0005 | [Pawdroid-SS-APK] 美国+CloudFlare节点-24
score=-99.9659 | latency=0.0000 | time=0ms | geo=0.0000 | adj=+0.0000 | stab=0.0341 | iso=- | via=none | km=0 | w=0.0000 | [Pawdroid-SS-APK] United+States-213
score=-99.9660 | latency=0.0000 | time=0ms | geo=0.0000 | adj=+0.0000 | stab=0.0340 | iso=CLOUDFLARE | via=mmdb | km=0 | w=0.0000 | [Pawdroid-SS-APK] United+States-299
score=-99.9665 | latency=0.0000 | time=0ms | geo=0.0000 | adj=+0.0000 | stab=0.0335 | iso=CLOUDFLARE | via=mmdb | km=0 | w=0.0000 | [Pawdroid-SS-APK] vless-59
score=-99.9665 | latency=0.0000 | time=0ms | geo=0.0000 | adj=+0.0000 | stab=0.0335 | iso=CLOUDFLARE | via=mmdb | km=0 | w=0.0000 | [Pawdroid-SS-APK] Cyprus
score=-99.9666 | latency=0.0000 | time=0ms | geo=0.0000 | adj=+0.0000 | stab=0.0334 | iso=- | via=none | km=0 | w=0.0000 | [Pawdroid-SS-APK] United+States-321
score=-99.9667 | latency=0.0000 | time=0ms | geo=0.0869 | adj=-0.0695 | stab=0.0159 | iso=US | via=mmdb | km=11278 | w=0.0005 | [ChromeGO-Toolkit] proxy
score=-99.9668 | latency=0.0000 | time=0ms | geo=0.0000 | adj=+0.0000 | stab=0.0332 | iso=CLOUDFLARE | via=mmdb | km=0 | w=0.0000 | [Pawdroid-SS-APK] United+States-192
score=-99.9669 | latency=0.0000 | time=0ms | geo=0.0869 | adj=-0.0695 | stab=0.0157 | iso=US | via=mmdb | km=11278 | w=0.0005 | [Pawdroid-SS-APK] United+States-16
score=-99.9670 | latency=0.0000 | time=0ms | geo=0.0000 | adj=+0.0000 | stab=0.0330 | iso=CLOUDFLARE | via=mmdb | km=0 | w=0.0000 | [Pawdroid-SS-APK] United+States-195
score=-99.9671 | latency=0.0000 | time=0ms | geo=0.0000 | adj=+0.0000 | stab=0.0329 | iso=- | via=none | km=0 | w=0.0000 | [Pawdroid-SS-APK] EPODONIOS-3
score=-99.9674 | latency=0.0000 | time=0ms | geo=0.0000 | adj=+0.0000 | stab=0.0326 | iso=- | via=none | km=0 | w=0.0000 | [Pawdroid-SR-APK] Premium-3a679fd2⁣⁠⁣⁠⁣
score=-99.9675 | latency=0.0000 | time=0ms | geo=0.0869 | adj=-0.0695 | stab=0.0151 | iso=US | via=mmdb | km=11278 | w=0.0005 | [Pawdroid-SS-APK] United+States-196
score=-99.9676 | latency=0.0000 | time=0ms | geo=0.0869 | adj=-0.0695 | stab=0.0150 | iso=US | via=name | km=11278 | w=0.0005 | [Pawdroid-SS-APK] 美国+CloudFlare节点-68
score=-99.9676 | latency=0.0000 | time=0ms | geo=0.0000 | adj=+0.0000 | stab=0.0324 | iso=CLOUDFLARE | via=mmdb | km=0 | w=0.0000 | [Pawdroid-SS-APK] United+States-54
score=-99.9676 | latency=0.0000 | time=0ms | geo=0.0000 | adj=+0.0000 | stab=0.0324 | iso=- | via=none | km=0 | w=0.0000 | [Pawdroid-SS-APK] Ukraine-6
score=-99.9677 | latency=0.0000 | time=0ms | geo=0.0869 | adj=-0.0695 | stab=0.0149 | iso=US | via=mmdb | km=11278 | w=0.0005 | [Pawdroid-SS-APK] Poland-6
score=-99.9678 | latency=0.0000 | time=0ms | geo=0.0000 | adj=+0.0000 | stab=0.0322 | iso=- | via=none | km=0 | w=0.0000 | [Pawdroid-SS-APK] vless-115
score=-99.9679 | latency=0.0000 | time=0ms | geo=0.0000 | adj=+0.0000 | stab=0.0321 | iso=- | via=none | km=0 | w=0.0000 | [Pawdroid-SS-APK] United+States-40
score=-99.9685 | latency=0.0000 | time=0ms | geo=0.0869 | adj=-0.0695 | stab=0.0141 | iso=US | via=name | km=11278 | w=0.0005 | [Pawdroid-SS-APK] 美国+CloudFlare节点-30
score=-99.9685 | latency=0.0000 | time=0ms | geo=0.0869 | adj=-0.0695 | stab=0.0141 | iso=US | via=name | km=11278 | w=0.0005 | [Pawdroid-SS-APK] 美国+CloudFlare节点-46
score=-99.9685 | latency=0.0000 | time=0ms | geo=0.0000 | adj=+0.0000 | stab=0.0315 | iso=- | via=none | km=0 | w=0.0000 | [Pawdroid-SS-APK] United+States-284
score=-99.9688 | latency=0.0000 | time=0ms | geo=0.0869 | adj=-0.0695 | stab=0.0138 | iso=US | via=mmdb | km=11278 | w=0.0005 | [Pawdroid-SS-APK] United+States-359
score=-99.9690 | latency=0.0000 | time=0ms | geo=0.0869 | adj=-0.0695 | stab=0.0136 | iso=US | via=mmdb | km=11278 | w=0.0005 | [Pawdroid-SS-APK] United+States-320
score=-99.9695 | latency=0.0000 | time=0ms | geo=0.0000 | adj=+0.0000 | stab=0.0305 | iso=CLOUDFLARE | via=mmdb | km=0 | w=0.0000 | [Pawdroid-SS-APK] United+Arab+Emirates-4
score=-99.9696 | latency=0.0000 | time=0ms | geo=0.0000 | adj=+0.0000 | stab=0.0304 | iso=CLOUDFLARE | via=mmdb | km=0 | w=0.0000 | [Pawdroid-SS-APK] United+States-99
score=-99.9696 | latency=0.0000 | time=0ms | geo=0.0869 | adj=-0.0695 | stab=0.0130 | iso=US | via=mmdb | km=11278 | w=0.0005 | [Pawdroid-SS-APK] Spain-47
score=-99.9699 | latency=0.0000 | time=0ms | geo=0.0000 | adj=+0.0000 | stab=0.0301 | iso=CLOUDFLARE | via=mmdb | km=0 | w=0.0000 | [Pawdroid-SS-APK] United+States-69
score=-99.9699 | latency=0.0000 | time=0ms | geo=0.0000 | adj=+0.0000 | stab=0.0301 | iso=CLOUDFLARE | via=mmdb | km=0 | w=0.0000 | [Pawdroid-SS-APK] trojan-2
score=-99.9700 | latency=0.0000 | time=0ms | geo=0.0869 | adj=-0.0695 | stab=0.0126 | iso=US | via=mmdb | km=11278 | w=0.0005 | [Pawdroid-SS-APK] United+States-93
score=-99.9700 | latency=0.0000 | time=0ms | geo=0.0000 | adj=+0.0000 | stab=0.0300 | iso=CLOUDFLARE | via=mmdb | km=0 | w=0.0000 | [Pawdroid-SS-APK] vless-47
score=-99.9701 | latency=0.0000 | time=0ms | geo=0.0000 | adj=+0.0000 | stab=0.0299 | iso=CLOUDFLARE | via=mmdb | km=0 | w=0.0000 | [Pawdroid-SS-APK] United+States-65
score=-99.9703 | latency=0.0000 | time=0ms | geo=0.0000 | adj=+0.0000 | stab=0.0297 | iso=CLOUDFLARE | via=mmdb | km=0 | w=0.0000 | [Pawdroid-SR-APK] trojan-5
score=-99.9703 | latency=0.0000 | time=0ms | geo=0.0000 | adj=+0.0000 | stab=0.0297 | iso=- | via=none | km=0 | w=0.0000 | [Pawdroid-SS-APK] United+States-271
score=-99.9705 | latency=0.0000 | time=0ms | geo=0.0869 | adj=-0.0695 | stab=0.0121 | iso=US | via=name | km=11278 | w=0.0005 | [Pawdroid-SS-APK] 美国+CloudFlare节点-20
score=-99.9707 | latency=0.0000 | time=0ms | geo=0.0000 | adj=+0.0000 | stab=0.0293 | iso=CLOUDFLARE | via=mmdb | km=0 | w=0.0000 | [Pawdroid-SS-APK] United+States-103
score=-99.9708 | latency=0.0000 | time=0ms | geo=0.0000 | adj=+0.0000 | stab=0.0292 | iso=- | via=none | km=0 | w=0.0000 | [Pawdroid-SS-APK] United+Kingdom-126
score=-99.9708 | latency=0.0000 | time=0ms | geo=0.0869 | adj=-0.0695 | stab=0.0118 | iso=US | via=name | km=11278 | w=0.0005 | [Pawdroid-SS-APK] 美国+CloudFlare节点-2
score=-99.9711 | latency=0.0000 | time=0ms | geo=0.0869 | adj=-0.0695 | stab=0.0116 | iso=US | via=mmdb | km=11278 | w=0.0005 | [Pawdroid-SS-APK] United+States-205
score=-99.9712 | latency=0.0000 | time=0ms | geo=0.0000 | adj=+0.0000 | stab=0.0288 | iso=- | via=none | km=0 | w=0.0000 | [Pawdroid-SS-APK] United+States-200
score=-99.9714 | latency=0.0000 | time=0ms | geo=0.0869 | adj=-0.0695 | stab=0.0113 | iso=US | via=mmdb | km=11278 | w=0.0005 | [Pawdroid-SS-APK] United+Kingdom-144
score=-99.9714 | latency=0.0000 | time=0ms | geo=0.0869 | adj=-0.0695 | stab=0.0112 | iso=US | via=mmdb | km=11278 | w=0.0005 | [Pawdroid-SS-APK] United+States-75
score=-99.9717 | latency=0.0000 | time=0ms | geo=0.0869 | adj=-0.0695 | stab=0.0109 | iso=US | via=name | km=11278 | w=0.0005 | [Pawdroid-SS-APK] 美国+CloudFlare节点-84
score=-99.9717 | latency=0.0000 | time=0ms | geo=0.0000 | adj=+0.0000 | stab=0.0283 | iso=CLOUDFLARE | via=mmdb | km=0 | w=0.0000 | [Pawdroid-SS-APK] United+States-154
score=-99.9720 | latency=0.0000 | time=0ms | geo=0.0000 | adj=+0.0000 | stab=0.0280 | iso=CLOUDFLARE | via=mmdb | km=0 | w=0.0000 | [Pawdroid-SS-APK] United+Kingdom-89
score=-99.9721 | latency=0.0000 | time=0ms | geo=0.0000 | adj=+0.0000 | stab=0.0279 | iso=- | via=none | km=0 | w=0.0000 | [Pawdroid-SS-APK] Latvia-5
score=-99.9722 | latency=0.0000 | time=0ms | geo=0.0869 | adj=-0.0695 | stab=0.0104 | iso=US | via=name | km=11278 | w=0.0005 | [Pawdroid-SS-APK] United States-10
score=-99.9722 | latency=0.0000 | time=0ms | geo=0.0000 | adj=+0.0000 | stab=0.0278 | iso=CLOUDFLARE | via=mmdb | km=0 | w=0.0000 | [Pawdroid-SS-APK] vless-27
score=-99.9723 | latency=0.0000 | time=0ms | geo=0.0869 | adj=-0.0695 | stab=0.0103 | iso=US | via=name | km=11278 | w=0.0005 | [Pawdroid-SS-APK] 美国+CloudFlare节点-85
score=-99.9726 | latency=0.0000 | time=0ms | geo=0.0000 | adj=+0.0000 | stab=0.0274 | iso=GOOGLE | via=mmdb | km=0 | w=0.0000 | [Pawdroid-SS-APK] Hong+Kong-2
score=-99.9726 | latency=0.0000 | time=0ms | geo=0.0869 | adj=-0.0695 | stab=0.0100 | iso=US | via=name | km=11278 | w=0.0005 | [Pawdroid-SS-APK] 美国+CloudFlare节点-61
score=-99.9726 | latency=0.0000 | time=0ms | geo=0.0869 | adj=-0.0695 | stab=0.0100 | iso=US | via=mmdb | km=11278 | w=0.0005 | [Pawdroid-SS-APK] Pakistan-3
score=-99.9726 | latency=0.0000 | time=0ms | geo=0.0000 | adj=+0.0000 | stab=0.0274 | iso=- | via=none | km=0 | w=0.0000 | [Pawdroid-SS-APK] United+Kingdom-159
score=-99.9727 | latency=0.0000 | time=0ms | geo=0.0000 | adj=+0.0000 | stab=0.0273 | iso=CLOUDFLARE | via=mmdb | km=0 | w=0.0000 | [Pawdroid-SS-APK] United+States-214
score=-99.9727 | latency=0.0000 | time=0ms | geo=0.0869 | adj=-0.0695 | stab=0.0099 | iso=US | via=name | km=11278 | w=0.0005 | [Pawdroid-SS-APK] 美国+CloudFlare节点-21
score=-99.9728 | latency=0.0000 | time=0ms | geo=0.0869 | adj=-0.0695 | stab=0.0098 | iso=US | via=mmdb | km=11278 | w=0.0005 | [Pawdroid-SS-APK] United+States-18
score=-99.9730 | latency=0.0000 | time=0ms | geo=0.0869 | adj=-0.0695 | stab=0.0097 | iso=US | via=mmdb | km=11278 | w=0.0005 | [Pawdroid-SS-APK] United+States-36
score=-99.9732 | latency=0.0000 | time=0ms | geo=0.0000 | adj=+0.0000 | stab=0.0268 | iso=CLOUDFLARE | via=mmdb | km=0 | w=0.0000 | [Pawdroid-SR-APK] trojan-13
score=-99.9732 | latency=0.0000 | time=0ms | geo=0.0869 | adj=-0.0695 | stab=0.0094 | iso=US | via=mmdb | km=11278 | w=0.0005 | [Pawdroid-SS-APK] United+States-17
score=-99.9733 | latency=0.0000 | time=0ms | geo=0.0869 | adj=-0.0695 | stab=0.0093 | iso=US | via=name | km=11278 | w=0.0005 | [Pawdroid-SS-APK] 美国+CloudFlare节点-43
score=-99.9735 | latency=0.0000 | time=0ms | geo=0.0000 | adj=+0.0000 | stab=0.0265 | iso=CLOUDFLARE | via=mmdb | km=0 | w=0.0000 | [Pawdroid-SS-APK] trojan-6
score=-99.9738 | latency=0.0000 | time=0ms | geo=0.0869 | adj=-0.0695 | stab=0.0088 | iso=US | via=mmdb | km=11278 | w=0.0005 | [Pawdroid-SS-APK] United+Kingdom-158
score=-99.9740 | latency=0.0000 | time=0ms | geo=0.0000 | adj=+0.0000 | stab=0.0260 | iso=- | via=none | km=0 | w=0.0000 | [Pawdroid-SS-APK] vless-130
score=-99.9741 | latency=0.0000 | time=0ms | geo=0.0869 | adj=-0.0695 | stab=0.0085 | iso=US | via=mmdb | km=11278 | w=0.0005 | [Pawdroid-SS-APK] United+States-155
score=-99.9742 | latency=0.0000 | time=0ms | geo=0.0869 | adj=-0.0695 | stab=0.0084 | iso=US | via=name | km=11278 | w=0.0005 | [Pawdroid-SS-APK] 美国+CloudFlare节点-41
score=-99.9743 | latency=0.0000 | time=0ms | geo=0.0869 | adj=-0.0695 | stab=0.0083 | iso=US | via=name | km=11278 | w=0.0005 | [Pawdroid-SS-APK] 美国+CloudFlare节点-3
score=-99.9744 | latency=0.0000 | time=0ms | geo=0.0869 | adj=-0.0695 | stab=0.0083 | iso=US | via=mmdb | km=11278 | w=0.0005 | [Pawdroid-SS-APK] United+States-20
score=-99.9745 | latency=0.0000 | time=0ms | geo=0.0000 | adj=+0.0000 | stab=0.0255 | iso=CLOUDFLARE | via=mmdb | km=0 | w=0.0000 | [Pawdroid-SS-APK] Lithuania-2
score=-99.9745 | latency=0.0000 | time=0ms | geo=0.0000 | adj=+0.0000 | stab=0.0255 | iso=- | via=none | km=0 | w=0.0000 | [Pawdroid-SS-APK] Ukraine
score=-99.9748 | latency=0.0000 | time=0ms | geo=0.0869 | adj=-0.0695 | stab=0.0078 | iso=US | via=name | km=11278 | w=0.0005 | [Pawdroid-SS-APK] 美国+CloudFlare节点-6
score=-99.9748 | latency=0.0000 | time=0ms | geo=0.0000 | adj=+0.0000 | stab=0.0252 | iso=- | via=none | km=0 | w=0.0000 | [Pawdroid-SS-APK] United+States-328
score=-99.9748 | latency=0.0000 | time=0ms | geo=0.0000 | adj=+0.0000 | stab=0.0252 | iso=CLOUDFLARE | via=mmdb | km=0 | w=0.0000 | [Pawdroid-SS-APK] vless-51
score=-99.9748 | latency=0.0000 | time=0ms | geo=0.0000 | adj=+0.0000 | stab=0.0252 | iso=CLOUDFLARE | via=mmdb | km=0 | w=0.0000 | [Pawdroid-SS-APK] trojan-3
score=-99.9749 | latency=0.0000 | time=0ms | geo=0.0000 | adj=+0.0000 | stab=0.0251 | iso=CLOUDFLARE | via=mmdb | km=0 | w=0.0000 | [Pawdroid-SS-APK] United+States-42
score=-99.9751 | latency=0.0000 | time=0ms | geo=0.0000 | adj=+0.0000 | stab=0.0249 | iso=CLOUDFLARE | via=mmdb | km=0 | w=0.0000 | [Pawdroid-SS-APK] vless-98
score=-99.9752 | latency=0.0000 | time=0ms | geo=0.0869 | adj=-0.0695 | stab=0.0075 | iso=US | via=mmdb | km=11278 | w=0.0005 | [Pawdroid-SS-APK] Spain-32
score=-99.9752 | latency=0.0000 | time=0ms | geo=0.0000 | adj=+0.0000 | stab=0.0248 | iso=- | via=none | km=0 | w=0.0000 | [Pawdroid-SS-APK] vless-44
score=-99.9753 | latency=0.0000 | time=0ms | geo=0.0000 | adj=+0.0000 | stab=0.0247 | iso=CLOUDFLARE | via=mmdb | km=0 | w=0.0000 | [Pawdroid-SS-APK] vless-52
score=-99.9757 | latency=0.0000 | time=0ms | geo=0.0000 | adj=+0.0000 | stab=0.0243 | iso=- | via=none | km=0 | w=0.0000 | [Pawdroid-SR-APK] Premium-9113904b⁣⁠⁣⁠⁣
score=-99.9759 | latency=0.0000 | time=0ms | geo=0.0869 | adj=-0.0695 | stab=0.0067 | iso=US | via=name | km=11278 | w=0.0005 | [Pawdroid-SS-APK] United States-4
score=-99.9760 | latency=0.0000 | time=0ms | geo=0.0000 | adj=+0.0000 | stab=0.0240 | iso=- | via=none | km=0 | w=0.0000 | [Pawdroid-SS-APK] United+States-174
score=-99.9760 | latency=0.0000 | time=0ms | geo=0.0000 | adj=+0.0000 | stab=0.0240 | iso=- | via=none | km=0 | w=0.0000 | [Pawdroid-SS-APK] United+States-341
score=-99.9762 | latency=0.0000 | time=0ms | geo=0.0000 | adj=+0.0000 | stab=0.0238 | iso=CLOUDFLARE | via=mmdb | km=0 | w=0.0000 | [Pawdroid-SS-APK] vless-82
score=-99.9762 | latency=0.0000 | time=0ms | geo=0.0000 | adj=+0.0000 | stab=0.0238 | iso=CLOUDFLARE | via=mmdb | km=0 | w=0.0000 | [Pawdroid-SS-APK] vless-167
score=-99.9763 | latency=0.0000 | time=0ms | geo=0.0000 | adj=+0.0000 | stab=0.0237 | iso=- | via=none | km=0 | w=0.0000 | [Pawdroid-SS-APK] United+States-130
score=-99.9763 | latency=0.0000 | time=0ms | geo=0.0869 | adj=-0.0695 | stab=0.0063 | iso=US | via=name | km=11278 | w=0.0005 | [Pawdroid-SS-APK] 美国+CloudFlare节点-81
score=-99.9767 | latency=0.0000 | time=0ms | geo=0.0869 | adj=-0.0695 | stab=0.0060 | iso=US | via=name | km=11278 | w=0.0005 | [Pawdroid-SS-APK] 美国+CloudFlare节点-66
score=-99.9772 | latency=0.0000 | time=0ms | geo=0.0000 | adj=+0.0000 | stab=0.0228 | iso=- | via=none | km=0 | w=0.0000 | [Pawdroid-SS-APK] Czechia
score=-99.9774 | latency=0.0000 | time=0ms | geo=0.0000 | adj=+0.0000 | stab=0.0226 | iso=CLOUDFLARE | via=mmdb | km=0 | w=0.0000 | [Pawdroid-SS-APK] vless-140
score=-99.9779 | latency=0.0000 | time=0ms | geo=0.0000 | adj=+0.0000 | stab=0.0221 | iso=CLOUDFLARE | via=mmdb | km=0 | w=0.0000 | [Pawdroid-SS-APK] vless-7
score=-99.9780 | latency=0.0000 | time=0ms | geo=0.0000 | adj=+0.0000 | stab=0.0220 | iso=CLOUDFLARE | via=mmdb | km=0 | w=0.0000 | [Pawdroid-SS-APK] vless-76
score=-99.9785 | latency=0.0000 | time=0ms | geo=0.0869 | adj=-0.0695 | stab=0.0042 | iso=US | via=name | km=11278 | w=0.0005 | [Pawdroid-SS-APK] 美国+V2CROSS.COM-4
score=-99.9785 | latency=0.0000 | time=0ms | geo=0.0000 | adj=+0.0000 | stab=0.0215 | iso=CLOUDFLARE | via=mmdb | km=0 | w=0.0000 | [Pawdroid-SR-APK] trojan
score=-99.9785 | latency=0.0000 | time=0ms | geo=0.0869 | adj=-0.0695 | stab=0.0041 | iso=US | via=mmdb | km=11278 | w=0.0005 | [Pawdroid-SS-APK] United+States-27
score=-99.9787 | latency=0.0000 | time=0ms | geo=0.0869 | adj=-0.0695 | stab=0.0039 | iso=US | via=mmdb | km=11278 | w=0.0005 | [Pawdroid-SS-APK] Poland-5
score=-99.9788 | latency=0.0000 | time=0ms | geo=0.0869 | adj=-0.0695 | stab=0.0038 | iso=US | via=mmdb | km=11278 | w=0.0005 | [Pawdroid-SS-APK] Hong+Kong-14
score=-99.9789 | latency=0.0000 | time=0ms | geo=0.0869 | adj=-0.0695 | stab=0.0037 | iso=US | via=mmdb | km=11278 | w=0.0005 | [Pawdroid-SS-APK] United+States-19
score=-99.9790 | latency=0.0000 | time=0ms | geo=0.0000 | adj=+0.0000 | stab=0.0210 | iso=CLOUDFLARE | via=mmdb | km=0 | w=0.0000 | [Pawdroid-SS-APK] United+States-150
score=-99.9790 | latency=0.0000 | time=0ms | geo=0.0869 | adj=-0.0695 | stab=0.0036 | iso=US | via=mmdb | km=11278 | w=0.0005 | [Pawdroid-SS-APK] United+States-246
score=-99.9792 | latency=0.0000 | time=0ms | geo=0.0000 | adj=+0.0000 | stab=0.0208 | iso=- | via=none | km=0 | w=0.0000 | [Pawdroid-SS-APK] United+States-44
score=-99.9792 | latency=0.0000 | time=0ms | geo=0.0000 | adj=+0.0000 | stab=0.0208 | iso=CLOUDFLARE | via=mmdb | km=0 | w=0.0000 | [Pawdroid-SS-APK] trojan-4
score=-99.9793 | latency=0.0000 | time=0ms | geo=0.0869 | adj=-0.0695 | stab=0.0033 | iso=US | via=name | km=11278 | w=0.0005 | [Pawdroid-SS-APK] United States-15
score=-99.9799 | latency=0.0000 | time=0ms | geo=0.0000 | adj=+0.0000 | stab=0.0201 | iso=CLOUDFLARE | via=mmdb | km=0 | w=0.0000 | [Pawdroid-SS-APK] United+States-53
score=-99.9800 | latency=0.0000 | time=0ms | geo=0.0869 | adj=-0.0695 | stab=0.0027 | iso=US | via=mmdb | km=11278 | w=0.0005 | [Pawdroid-SR-APK] United+States-6
score=-99.9804 | latency=0.0000 | time=0ms | geo=0.0000 | adj=+0.0000 | stab=0.0196 | iso=CLOUDFLARE | via=mmdb | km=0 | w=0.0000 | [Pawdroid-SS-APK] vless-135
score=-99.9809 | latency=0.0000 | time=0ms | geo=0.0869 | adj=-0.0695 | stab=0.0017 | iso=US | via=mmdb | km=11278 | w=0.0005 | [Pawdroid-SS-APK] Spain-18
score=-99.9809 | latency=0.0000 | time=0ms | geo=0.0000 | adj=+0.0000 | stab=0.0191 | iso=CLOUDFLARE | via=mmdb | km=0 | w=0.0000 | [Pawdroid-SS-APK] vless-120
score=-99.9811 | latency=0.0000 | time=0ms | geo=0.0000 | adj=+0.0000 | stab=0.0189 | iso=CLOUDFLARE | via=mmdb | km=0 | w=0.0000 | [Pawdroid-SR-APK] trojan-14
score=-99.9813 | latency=0.0000 | time=0ms | geo=0.0000 | adj=+0.0000 | stab=0.0187 | iso=- | via=none | km=0 | w=0.0000 | [Pawdroid-SS-APK] vless-103
score=-99.9814 | latency=0.0000 | time=0ms | geo=0.0869 | adj=-0.0695 | stab=0.0013 | iso=US | via=name | km=11278 | w=0.0005 | [Pawdroid-SS-APK] 美国+V2CROSS.COM-2
score=-99.9819 | latency=0.0000 | time=0ms | geo=0.0000 | adj=+0.0000 | stab=0.0181 | iso=CLOUDFLARE | via=mmdb | km=0 | w=0.0000 | [Pawdroid-SS-APK] Seychelles-9
score=-99.9820 | latency=0.0000 | time=0ms | geo=0.0869 | adj=-0.0695 | stab=0.0006 | iso=US | via=name | km=11278 | w=0.0005 | [Pawdroid-SS-APK] 美国+V2CROSS.COM
score=-99.9821 | latency=0.0000 | time=0ms | geo=0.0000 | adj=+0.0000 | stab=0.0179 | iso=- | via=none | km=0 | w=0.0000 | [Pawdroid-SS-APK] vless-28
score=-99.9821 | latency=0.0000 | time=0ms | geo=0.0000 | adj=+0.0000 | stab=0.0179 | iso=- | via=none | km=0 | w=0.0000 | [Pawdroid-SS-APK] vless-101
score=-99.9824 | latency=0.0000 | time=0ms | geo=0.0869 | adj=-0.0695 | stab=0.0002 | iso=US | via=mmdb | km=11278 | w=0.0005 | [Pawdroid-SS-APK] United+States-160
score=-99.9824 | latency=0.0000 | time=0ms | geo=0.0000 | adj=+0.0000 | stab=0.0176 | iso=- | via=none | km=0 | w=0.0000 | [Pawdroid-SS-APK] trojan-8
score=-99.9825 | latency=0.0000 | time=0ms | geo=0.0000 | adj=+0.0000 | stab=0.0175 | iso=- | via=none | km=0 | w=0.0000 | [Pawdroid-SS-APK] United+States-282
score=-99.9828 | latency=0.0000 | time=0ms | geo=0.0000 | adj=+0.0000 | stab=0.0172 | iso=CLOUDFLARE | via=mmdb | km=0 | w=0.0000 | [Pawdroid-SS-APK] vless-124
score=-99.9829 | latency=0.0000 | time=0ms | geo=0.0000 | adj=+0.0000 | stab=0.0171 | iso=CLOUDFLARE | via=mmdb | km=0 | w=0.0000 | [Pawdroid-SS-APK] vless-58
score=-99.9829 | latency=0.0000 | time=0ms | geo=0.0000 | adj=+0.0000 | stab=0.0171 | iso=CLOUDFLARE | via=mmdb | km=0 | w=0.0000 | [Pawdroid-SS-APK] United+States-279
score=-99.9830 | latency=0.0000 | time=0ms | geo=0.0000 | adj=+0.0000 | stab=0.0170 | iso=CLOUDFLARE | via=mmdb | km=0 | w=0.0000 | [Pawdroid-SS-APK] United+Kingdom-94
score=-99.9830 | latency=0.0000 | time=0ms | geo=0.0000 | adj=+0.0000 | stab=0.0170 | iso=CLOUDFLARE | via=mmdb | km=0 | w=0.0000 | [Pawdroid-SS-APK] vless-165
score=-99.9832 | latency=0.0000 | time=0ms | geo=0.0000 | adj=+0.0000 | stab=0.0168 | iso=CLOUDFLARE | via=mmdb | km=0 | w=0.0000 | [Pawdroid-SS-APK] vless-79
score=-99.9834 | latency=0.0000 | time=0ms | geo=0.0000 | adj=+0.0000 | stab=0.0166 | iso=- | via=none | km=0 | w=0.0000 | [Pawdroid-SS-APK] trojan-17
score=-99.9836 | latency=0.0000 | time=0ms | geo=0.0000 | adj=+0.0000 | stab=0.0164 | iso=- | via=none | km=0 | w=0.0000 | [Pawdroid-SS-APK] Latvia-4
score=-99.9836 | latency=0.0000 | time=0ms | geo=0.0000 | adj=+0.0000 | stab=0.0164 | iso=CLOUDFLARE | via=mmdb | km=0 | w=0.0000 | [Pawdroid-SR-APK] trojan-4
score=-99.9837 | latency=0.0000 | time=0ms | geo=0.0000 | adj=+0.0000 | stab=0.0163 | iso=- | via=none | km=0 | w=0.0000 | [Pawdroid-SS-APK] United+States-79
score=-99.9838 | latency=0.0000 | time=0ms | geo=0.0000 | adj=+0.0000 | stab=0.0162 | iso=- | via=none | km=0 | w=0.0000 | [Pawdroid-SS-APK] vless-14
score=-99.9839 | latency=0.0000 | time=0ms | geo=0.0000 | adj=+0.0000 | stab=0.0161 | iso=- | via=none | km=0 | w=0.0000 | [Pawdroid-SR-APK] Premium-db31e2c1⁣⁠⁣⁠⁣
score=-99.9841 | latency=0.0000 | time=0ms | geo=0.0000 | adj=+0.0000 | stab=0.0159 | iso=CLOUDFLARE | via=mmdb | km=0 | w=0.0000 | [Pawdroid-SR-APK] Seychelles
score=-99.9842 | latency=0.0000 | time=0ms | geo=0.0000 | adj=+0.0000 | stab=0.0158 | iso=- | via=none | km=0 | w=0.0000 | [Pawdroid-SR-APK] Premium-a6fddaf5⁣⁠⁣⁠⁣
score=-99.9843 | latency=0.0000 | time=0ms | geo=0.0000 | adj=+0.0000 | stab=0.0157 | iso=- | via=none | km=0 | w=0.0000 | [Pawdroid-SS-APK] South+Africa-4
score=-99.9844 | latency=0.0000 | time=0ms | geo=0.0000 | adj=+0.0000 | stab=0.0156 | iso=CLOUDFLARE | via=mmdb | km=0 | w=0.0000 | [Pawdroid-SS-APK] United+States-297
score=-99.9844 | latency=0.0000 | time=0ms | geo=0.0000 | adj=+0.0000 | stab=0.0156 | iso=- | via=none | km=0 | w=0.0000 | [ChromeGO-Toolkit] hysteria2-2
score=-99.9845 | latency=0.0000 | time=0ms | geo=0.0000 | adj=+0.0000 | stab=0.0155 | iso=- | via=none | km=0 | w=0.0000 | [Pawdroid-SS-APK] Türkiye-2
score=-99.9846 | latency=0.0000 | time=0ms | geo=0.0000 | adj=+0.0000 | stab=0.0154 | iso=CLOUDFLARE | via=mmdb | km=0 | w=0.0000 | [Pawdroid-SS-APK] United+States-82
score=-99.9846 | latency=0.0000 | time=0ms | geo=0.0000 | adj=+0.0000 | stab=0.0154 | iso=CLOUDFLARE | via=mmdb | km=0 | w=0.0000 | [Pawdroid-SR-APK] trojan-9
score=-99.9847 | latency=0.0000 | time=0ms | geo=0.0000 | adj=+0.0000 | stab=0.0153 | iso=CLOUDFLARE | via=mmdb | km=0 | w=0.0000 | [Pawdroid-SS-APK] vless-148
score=-99.9847 | latency=0.0000 | time=0ms | geo=0.0000 | adj=+0.0000 | stab=0.0153 | iso=CLOUDFLARE | via=mmdb | km=0 | w=0.0000 | [Pawdroid-SS-APK] vless-133
score=-99.9848 | latency=0.0000 | time=0ms | geo=0.0000 | adj=+0.0000 | stab=0.0152 | iso=CLOUDFLARE | via=mmdb | km=0 | w=0.0000 | [Pawdroid-SS-APK] Kazakhstan
score=-99.9849 | latency=0.0000 | time=0ms | geo=0.0000 | adj=+0.0000 | stab=0.0151 | iso=CLOUDFLARE | via=mmdb | km=0 | w=0.0000 | [Pawdroid-SS-APK] vless-166
score=-99.9850 | latency=0.0000 | time=0ms | geo=0.0000 | adj=+0.0000 | stab=0.0150 | iso=CLOUDFLARE | via=mmdb | km=0 | w=0.0000 | [Pawdroid-SS-APK] vless-77
score=-99.9852 | latency=0.0000 | time=0ms | geo=0.0000 | adj=+0.0000 | stab=0.0148 | iso=- | via=none | km=0 | w=0.0000 | [Pawdroid-SS-APK] United+States-232
score=-99.9853 | latency=0.0000 | time=0ms | geo=0.0000 | adj=+0.0000 | stab=0.0147 | iso=- | via=none | km=0 | w=0.0000 | [Pawdroid-SS-APK] United+States-344
score=-99.9853 | latency=0.0000 | time=0ms | geo=0.0000 | adj=+0.0000 | stab=0.0147 | iso=CLOUDFLARE | via=mmdb | km=0 | w=0.0000 | [Pawdroid-SS-APK] vless-110
score=-99.9854 | latency=0.0000 | time=0ms | geo=0.0000 | adj=+0.0000 | stab=0.0146 | iso=- | via=none | km=0 | w=0.0000 | [Pawdroid-SS-APK] vless-159
score=-99.9856 | latency=0.0000 | time=0ms | geo=0.0000 | adj=+0.0000 | stab=0.0144 | iso=CLOUDFLARE | via=mmdb | km=0 | w=0.0000 | [Pawdroid-SS-APK] vless-113
score=-99.9857 | latency=0.0000 | time=0ms | geo=0.0000 | adj=+0.0000 | stab=0.0143 | iso=CLOUDFLARE | via=mmdb | km=0 | w=0.0000 | [Pawdroid-SS-APK] United+States-151
score=-99.9862 | latency=0.0000 | time=0ms | geo=0.0000 | adj=+0.0000 | stab=0.0138 | iso=- | via=none | km=0 | w=0.0000 | [Pawdroid-SS-APK] United+States-113
score=-99.9865 | latency=0.0000 | time=0ms | geo=0.0000 | adj=+0.0000 | stab=0.0135 | iso=CLOUDFLARE | via=mmdb | km=0 | w=0.0000 | [Pawdroid-SS-APK] United+States-104
score=-99.9866 | latency=0.0000 | time=0ms | geo=0.0000 | adj=+0.0000 | stab=0.0134 | iso=CLOUDFLARE | via=mmdb | km=0 | w=0.0000 | [Pawdroid-SS-APK] United+States-131
score=-99.9866 | latency=0.0000 | time=0ms | geo=0.0000 | adj=+0.0000 | stab=0.0134 | iso=CLOUDFLARE | via=mmdb | km=0 | w=0.0000 | [Pawdroid-SS-APK] vless-68
score=-99.9868 | latency=0.0000 | time=0ms | geo=0.0000 | adj=+0.0000 | stab=0.0132 | iso=CLOUDFLARE | via=mmdb | km=0 | w=0.0000 | [Pawdroid-SS-APK] vless-56
score=-99.9868 | latency=0.0000 | time=0ms | geo=0.0000 | adj=+0.0000 | stab=0.0132 | iso=- | via=none | km=0 | w=0.0000 | [Pawdroid-SS-APK] vless-65
score=-99.9873 | latency=0.0000 | time=0ms | geo=0.0000 | adj=+0.0000 | stab=0.0127 | iso=- | via=none | km=0 | w=0.0000 | [Pawdroid-SS-APK] United+States-109
score=-99.9874 | latency=0.0000 | time=0ms | geo=0.0000 | adj=+0.0000 | stab=0.0126 | iso=CLOUDFLARE | via=mmdb | km=0 | w=0.0000 | [Pawdroid-SS-APK] vless-54
score=-99.9874 | latency=0.0000 | time=0ms | geo=0.0000 | adj=+0.0000 | stab=0.0126 | iso=- | via=none | km=0 | w=0.0000 | [Pawdroid-SS-APK] Spain-10
score=-99.9875 | latency=0.0000 | time=0ms | geo=0.0000 | adj=+0.0000 | stab=0.0125 | iso=CLOUDFLARE | via=mmdb | km=0 | w=0.0000 | [Pawdroid-SS-APK] Seychelles-4
score=-99.9876 | latency=0.0000 | time=0ms | geo=0.0000 | adj=+0.0000 | stab=0.0124 | iso=CLOUDFLARE | via=mmdb | km=0 | w=0.0000 | [Pawdroid-SS-APK] vless-42
score=-99.9879 | latency=0.0000 | time=0ms | geo=0.0000 | adj=+0.0000 | stab=0.0121 | iso=- | via=none | km=0 | w=0.0000 | [Pawdroid-SS-APK] United+States-216
score=-99.9881 | latency=0.0000 | time=0ms | geo=0.0000 | adj=+0.0000 | stab=0.0119 | iso=- | via=none | km=0 | w=0.0000 | [Pawdroid-SS-APK] United+States-352
score=-99.9882 | latency=0.0000 | time=0ms | geo=0.0000 | adj=+0.0000 | stab=0.0118 | iso=- | via=none | km=0 | w=0.0000 | [Pawdroid-SS-APK] United+States-274
score=-99.9887 | latency=0.0000 | time=0ms | geo=0.0000 | adj=+0.0000 | stab=0.0113 | iso=CLOUDFLARE | via=mmdb | km=0 | w=0.0000 | [Pawdroid-SS-APK] vless-93
score=-99.9890 | latency=0.0000 | time=0ms | geo=0.0000 | adj=+0.0000 | stab=0.0110 | iso=- | via=none | km=0 | w=0.0000 | [Pawdroid-SS-APK] vless-91
score=-99.9891 | latency=0.0000 | time=0ms | geo=0.0000 | adj=+0.0000 | stab=0.0109 | iso=- | via=none | km=0 | w=0.0000 | [Pawdroid-SS-APK] United+Kingdom-142
score=-99.9892 | latency=0.0000 | time=0ms | geo=0.0000 | adj=+0.0000 | stab=0.0108 | iso=CLOUDFLARE | via=mmdb | km=0 | w=0.0000 | [Pawdroid-SS-APK] trojan-18
score=-99.9898 | latency=0.0000 | time=0ms | geo=0.0000 | adj=+0.0000 | stab=0.0102 | iso=CLOUDFLARE | via=mmdb | km=0 | w=0.0000 | [Pawdroid-SS-APK] United+States-84
score=-99.9901 | latency=0.0000 | time=0ms | geo=0.0000 | adj=+0.0000 | stab=0.0099 | iso=CLOUDFLARE | via=mmdb | km=0 | w=0.0000 | [Pawdroid-SS-APK] vless-25
score=-99.9902 | latency=0.0000 | time=0ms | geo=0.0000 | adj=+0.0000 | stab=0.0098 | iso=CLOUDFLARE | via=mmdb | km=0 | w=0.0000 | [Pawdroid-SS-APK] United+Kingdom-92
score=-99.9902 | latency=0.0000 | time=0ms | geo=0.0000 | adj=+0.0000 | stab=0.0098 | iso=CLOUDFLARE | via=mmdb | km=0 | w=0.0000 | [Pawdroid-SS-APK] vless-61
score=-99.9904 | latency=0.0000 | time=0ms | geo=0.0000 | adj=+0.0000 | stab=0.0096 | iso=- | via=none | km=0 | w=0.0000 | [Pawdroid-SS-APK] United+Kingdom-140
score=-99.9907 | latency=0.0000 | time=0ms | geo=0.0000 | adj=+0.0000 | stab=0.0093 | iso=- | via=none | km=0 | w=0.0000 | [Pawdroid-SS-APK] United+States-337
score=-99.9912 | latency=0.0000 | time=0ms | geo=0.0000 | adj=+0.0000 | stab=0.0088 | iso=CLOUDFLARE | via=mmdb | km=0 | w=0.0000 | [Pawdroid-SS-APK] Seychelles-10
score=-99.9916 | latency=0.0000 | time=0ms | geo=0.0000 | adj=+0.0000 | stab=0.0084 | iso=CLOUDFLARE | via=mmdb | km=0 | w=0.0000 | [Pawdroid-SS-APK] United+States-134
score=-99.9925 | latency=0.0000 | time=0ms | geo=0.0000 | adj=+0.0000 | stab=0.0075 | iso=CLOUDFLARE | via=mmdb | km=0 | w=0.0000 | [Pawdroid-SS-APK] vless-116
score=-99.9929 | latency=0.0000 | time=0ms | geo=0.0000 | adj=+0.0000 | stab=0.0071 | iso=CLOUDFLARE | via=mmdb | km=0 | w=0.0000 | [Pawdroid-SS-APK] United+States-334
score=-99.9929 | latency=0.0000 | time=0ms | geo=0.0000 | adj=+0.0000 | stab=0.0071 | iso=CLOUDFLARE | via=mmdb | km=0 | w=0.0000 | [Pawdroid-SR-APK] trojan-19
score=-99.9934 | latency=0.0000 | time=0ms | geo=0.0000 | adj=+0.0000 | stab=0.0066 | iso=- | via=none | km=0 | w=0.0000 | [Pawdroid-SS-APK] United+States-306
score=-99.9941 | latency=0.0000 | time=0ms | geo=0.0000 | adj=+0.0000 | stab=0.0059 | iso=- | via=none | km=0 | w=0.0000 | [Pawdroid-SS-APK] vless-17
score=-99.9944 | latency=0.0000 | time=0ms | geo=0.0000 | adj=+0.0000 | stab=0.0056 | iso=CLOUDFLARE | via=mmdb | km=0 | w=0.0000 | [Pawdroid-SS-APK] vless-33
score=-99.9947 | latency=0.0000 | time=0ms | geo=0.0000 | adj=+0.0000 | stab=0.0053 | iso=- | via=none | km=0 | w=0.0000 | [Pawdroid-SS-APK] United+States-142
score=-99.9950 | latency=0.0000 | time=0ms | geo=0.0000 | adj=+0.0000 | stab=0.0050 | iso=CLOUDFLARE | via=mmdb | km=0 | w=0.0000 | [Pawdroid-SS-APK] United+States-357
score=-99.9951 | latency=0.0000 | time=0ms | geo=0.0000 | adj=+0.0000 | stab=0.0049 | iso=CLOUDFLARE | via=mmdb | km=0 | w=0.0000 | [Pawdroid-SS-APK] Curaçao
score=-99.9952 | latency=0.0000 | time=0ms | geo=0.0000 | adj=+0.0000 | stab=0.0048 | iso=- | via=none | km=0 | w=0.0000 | [Pawdroid-SS-APK] United+Kingdom-139
score=-99.9952 | latency=0.0000 | time=0ms | geo=0.0000 | adj=+0.0000 | stab=0.0048 | iso=CLOUDFLARE | via=mmdb | km=0 | w=0.0000 | [Pawdroid-SS-APK] United+States-198
score=-99.9954 | latency=0.0000 | time=0ms | geo=0.0000 | adj=+0.0000 | stab=0.0046 | iso=CLOUDFLARE | via=mmdb | km=0 | w=0.0000 | [Pawdroid-SS-APK] United+States-342
score=-99.9957 | latency=0.0000 | time=0ms | geo=0.0000 | adj=+0.0000 | stab=0.0043 | iso=CLOUDFLARE | via=mmdb | km=0 | w=0.0000 | [Pawdroid-SS-APK] vless-87
score=-99.9961 | latency=0.0000 | time=0ms | geo=0.0000 | adj=+0.0000 | stab=0.0039 | iso=CLOUDFLARE | via=mmdb | km=0 | w=0.0000 | [Pawdroid-SS-APK] Seychelles-3
score=-99.9961 | latency=0.0000 | time=0ms | geo=0.0000 | adj=+0.0000 | stab=0.0039 | iso=FASTLY | via=mmdb | km=0 | w=0.0000 | [Pawdroid-SS-APK] United+States-276
score=-99.9962 | latency=0.0000 | time=0ms | geo=0.0000 | adj=+0.0000 | stab=0.0038 | iso=CLOUDFLARE | via=mmdb | km=0 | w=0.0000 | [Pawdroid-SS-APK] United+States-346
score=-99.9963 | latency=0.0000 | time=0ms | geo=0.0000 | adj=+0.0000 | stab=0.0037 | iso=CLOUDFLARE | via=mmdb | km=0 | w=0.0000 | [Pawdroid-SS-APK] United+States-122
score=-99.9967 | latency=0.0000 | time=0ms | geo=0.0000 | adj=+0.0000 | stab=0.0033 | iso=PRIVATE | via=mmdb | km=0 | w=0.0000 | [ChromeGO-Toolkit] socks5-3
score=-99.9969 | latency=0.0000 | time=0ms | geo=0.0000 | adj=+0.0000 | stab=0.0031 | iso=CLOUDFLARE | via=mmdb | km=0 | w=0.0000 | [Pawdroid-SS-APK] United+States-127
score=-99.9969 | latency=0.0000 | time=0ms | geo=0.0000 | adj=+0.0000 | stab=0.0031 | iso=CLOUDFLARE | via=mmdb | km=0 | w=0.0000 | [Pawdroid-SS-APK] vless-128
score=-99.9977 | latency=0.0000 | time=0ms | geo=0.0000 | adj=+0.0000 | stab=0.0023 | iso=- | via=none | km=0 | w=0.0000 | [Pawdroid-SS-APK] United+States-161
score=-99.9979 | latency=0.0000 | time=0ms | geo=0.0000 | adj=+0.0000 | stab=0.0021 | iso=- | via=none | km=0 | w=0.0000 | [Pawdroid-SS-APK] vmess
score=-99.9979 | latency=0.0000 | time=0ms | geo=0.0000 | adj=+0.0000 | stab=0.0021 | iso=- | via=none | km=0 | w=0.0000 | [Pawdroid-SR-APK] Premium-40696162⁣⁠⁣⁠⁣
score=-99.9979 | latency=0.0000 | time=0ms | geo=0.0000 | adj=+0.0000 | stab=0.0021 | iso=CLOUDFLARE | via=mmdb | km=0 | w=0.0000 | [Pawdroid-SS-APK] vless-168
score=-99.9987 | latency=0.0000 | time=0ms | geo=0.0000 | adj=+0.0000 | stab=0.0013 | iso=- | via=none | km=0 | w=0.0000 | [Pawdroid-SS-APK] vless-34
score=-99.9989 | latency=0.0000 | time=0ms | geo=0.0000 | adj=+0.0000 | stab=0.0011 | iso=CLOUDFLARE | via=mmdb | km=0 | w=0.0000 | [Pawdroid-SS-APK] United+Kingdom-93
score=-99.9991 | latency=0.0000 | time=0ms | geo=0.0000 | adj=+0.0000 | stab=0.0009 | iso=CLOUDFLARE | via=mmdb | km=0 | w=0.0000 | [Pawdroid-SR-APK] trojan-12
score=-99.9991 | latency=0.0000 | time=0ms | geo=0.0000 | adj=+0.0000 | stab=0.0009 | iso=- | via=none | km=0 | w=0.0000 | [Pawdroid-SS-APK] vless-15
score=-99.9999 | latency=0.0000 | time=0ms | geo=0.0000 | adj=+0.0000 | stab=0.0001 | iso=CLOUDFLARE | via=mmdb | km=0 | w=0.0000 | [Pawdroid-SS-APK] vless-94
score=-104.9011 | latency=0.0000 | time=0ms | geo=0.0000 | adj=-5.0000 | stab=0.0989 | iso=IR | via=name | km=0 | w=0.0000 | [Pawdroid-SS-APK] Iran-17
score=-104.9019 | latency=0.0000 | time=0ms | geo=0.0000 | adj=-5.0000 | stab=0.0981 | iso=RU | via=name | km=0 | w=0.0000 | [Pawdroid-SS-APK] Russia-7
score=-104.9036 | latency=0.0000 | time=0ms | geo=0.0000 | adj=-5.0000 | stab=0.0964 | iso=RU | via=name | km=0 | w=0.0000 | [Pawdroid-SR-APK] Russia-2
score=-104.9046 | latency=0.0000 | time=0ms | geo=0.0000 | adj=-5.0000 | stab=0.0954 | iso=RU | via=name | km=0 | w=0.0000 | [Pawdroid-SS-APK] Russia-14
score=-104.9067 | latency=0.0000 | time=0ms | geo=0.0000 | adj=-5.0000 | stab=0.0933 | iso=IR | via=name | km=0 | w=0.0000 | [Pawdroid-SS-APK] Iran-15
score=-104.9093 | latency=0.0000 | time=0ms | geo=0.0000 | adj=-5.0000 | stab=0.0907 | iso=IR | via=name | km=0 | w=0.0000 | [Pawdroid-SS-APK] Iran-20
score=-104.9140 | latency=0.0000 | time=0ms | geo=0.0000 | adj=-5.0000 | stab=0.0860 | iso=CN | via=mmdb | km=0 | w=0.0000 | [Pawdroid-SS-APK] 亚太地区+V2CROSS.COM-3
score=-104.9151 | latency=0.0000 | time=0ms | geo=0.0000 | adj=-5.0000 | stab=0.0849 | iso=IR | via=name | km=0 | w=0.0000 | [Pawdroid-SS-APK] Iran-10
score=-104.9153 | latency=0.0000 | time=0ms | geo=0.0000 | adj=-5.0000 | stab=0.0847 | iso=RU | via=name | km=0 | w=0.0000 | [Pawdroid-SS-APK] 俄罗斯+鞑靼斯坦喀山justhost
score=-104.9173 | latency=0.0000 | time=0ms | geo=0.0000 | adj=-5.0000 | stab=0.0827 | iso=RU | via=name | km=0 | w=0.0000 | [Pawdroid-SS-APK] Russia-12
score=-104.9185 | latency=0.0000 | time=0ms | geo=0.0000 | adj=-5.0000 | stab=0.0815 | iso=RU | via=mmdb | km=0 | w=0.0000 | [Pawdroid-SR-APK] Spain
score=-104.9277 | latency=0.0000 | time=0ms | geo=0.0000 | adj=-5.0000 | stab=0.0723 | iso=RU | via=name | km=0 | w=0.0000 | [Pawdroid-SS-APK] 俄罗斯+莫斯科justhost.ru
score=-104.9280 | latency=0.0000 | time=0ms | geo=0.0000 | adj=-5.0000 | stab=0.0720 | iso=RU | via=name | km=0 | w=0.0000 | [Pawdroid-SS-APK] 俄罗斯+V2CROSS.COM-5
score=-104.9296 | latency=0.0000 | time=0ms | geo=0.0000 | adj=-5.0000 | stab=0.0704 | iso=RU | via=name | km=0 | w=0.0000 | [Pawdroid-SS-APK] 俄罗斯+V2CROSS.COM-2
score=-104.9304 | latency=0.0000 | time=0ms | geo=0.0000 | adj=-5.0000 | stab=0.0696 | iso=IR | via=name | km=0 | w=0.0000 | [Pawdroid-SS-APK] Iran-14
score=-104.9330 | latency=0.0000 | time=0ms | geo=0.0000 | adj=-5.0000 | stab=0.0670 | iso=RU | via=name | km=0 | w=0.0000 | [Pawdroid-SS-APK] 俄罗斯+V2CROSS.COM-4
score=-104.9410 | latency=0.0000 | time=0ms | geo=0.0000 | adj=-5.0000 | stab=0.0590 | iso=RU | via=name | km=0 | w=0.0000 | [Pawdroid-SS-APK] Russia
score=-104.9454 | latency=0.0000 | time=0ms | geo=0.0000 | adj=-5.0000 | stab=0.0546 | iso=RU | via=mmdb | km=0 | w=0.0000 | [Pawdroid-SS-APK] United+States-34
score=-104.9462 | latency=0.0000 | time=0ms | geo=0.0000 | adj=-5.0000 | stab=0.0538 | iso=RU | via=name | km=0 | w=0.0000 | [Pawdroid-SS-APK] Russia-9
score=-104.9482 | latency=0.0000 | time=0ms | geo=0.0000 | adj=-5.0000 | stab=0.0518 | iso=RU | via=name | km=0 | w=0.0000 | [Pawdroid-SS-APK] 俄罗斯+V2CROSS.COM-9
score=-104.9511 | latency=0.0000 | time=0ms | geo=0.0000 | adj=-5.0000 | stab=0.0489 | iso=IR | via=name | km=0 | w=0.0000 | [Pawdroid-SS-APK] 伊朗+V2CROSS.COM-5
score=-104.9525 | latency=0.0000 | time=0ms | geo=0.0000 | adj=-5.0000 | stab=0.0475 | iso=RU | via=name | km=0 | w=0.0000 | [Pawdroid-SS-APK] Russia-18
score=-104.9532 | latency=0.0000 | time=0ms | geo=0.0000 | adj=-5.0000 | stab=0.0468 | iso=RU | via=name | km=0 | w=0.0000 | [Pawdroid-SS-APK] Russia-15
score=-104.9567 | latency=0.0000 | time=0ms | geo=0.0000 | adj=-5.0000 | stab=0.0433 | iso=RU | via=name | km=0 | w=0.0000 | [Pawdroid-SS-APK] Russia-3
score=-104.9570 | latency=0.0000 | time=0ms | geo=0.0000 | adj=-5.0000 | stab=0.0430 | iso=RU | via=mmdb | km=0 | w=0.0000 | [Pawdroid-SR-APK] 沙特阿拉伯+V2CROSS.COM
score=-104.9577 | latency=0.0000 | time=0ms | geo=0.0000 | adj=-5.0000 | stab=0.0423 | iso=RU | via=name | km=0 | w=0.0000 | [Pawdroid-SS-APK] Russia-24
score=-104.9614 | latency=0.0000 | time=0ms | geo=0.0000 | adj=-5.0000 | stab=0.0386 | iso=IR | via=name | km=0 | w=0.0000 | [Pawdroid-SS-APK] 伊朗+V2CROSS.COM
score=-104.9650 | latency=0.0000 | time=0ms | geo=0.0000 | adj=-5.0000 | stab=0.0350 | iso=RU | via=name | km=0 | w=0.0000 | [Pawdroid-SS-APK] Russia-4
score=-104.9684 | latency=0.0000 | time=0ms | geo=0.0000 | adj=-5.0000 | stab=0.0316 | iso=IR | via=name | km=0 | w=0.0000 | [Pawdroid-SS-APK] Iran-19
score=-104.9713 | latency=0.0000 | time=0ms | geo=0.0000 | adj=-5.0000 | stab=0.0287 | iso=CN | via=mmdb | km=0 | w=0.0000 | [Pawdroid-SS-APK] 亚太地区+V2CROSS.COM
score=-104.9715 | latency=0.0000 | time=0ms | geo=0.0000 | adj=-5.0000 | stab=0.0285 | iso=CN | via=mmdb | km=0 | w=0.0000 | [Pawdroid-SS-APK] 亚太地区+V2CROSS.COM-2
score=-104.9798 | latency=0.0000 | time=0ms | geo=0.0000 | adj=-5.0000 | stab=0.0202 | iso=RU | via=name | km=0 | w=0.0000 | [Pawdroid-SS-APK] 俄罗斯+V2CROSS.COM-3
score=-104.9828 | latency=0.0000 | time=0ms | geo=0.0000 | adj=-5.0000 | stab=0.0172 | iso=RU | via=name | km=0 | w=0.0000 | [Pawdroid-SS-APK] Russia-2
score=-104.9853 | latency=0.0000 | time=0ms | geo=0.0000 | adj=-5.0000 | stab=0.0147 | iso=RU | via=name | km=0 | w=0.0000 | [Pawdroid-SR-APK] Russia-3
score=-104.9857 | latency=0.0000 | time=0ms | geo=0.0000 | adj=-5.0000 | stab=0.0143 | iso=RU | via=name | km=0 | w=0.0000 | [Pawdroid-SS-APK] Russia-6
score=-104.9866 | latency=0.0000 | time=0ms | geo=0.0000 | adj=-5.0000 | stab=0.0134 | iso=RU | via=name | km=0 | w=0.0000 | [Pawdroid-SS-APK] 俄罗斯+V2CROSS.COM
score=-104.9916 | latency=0.0000 | time=0ms | geo=0.0000 | adj=-5.0000 | stab=0.0084 | iso=RU | via=name | km=0 | w=0.0000 | [Pawdroid-SS-APK] 俄罗斯+V2CROSS.COM-11
score=-104.9952 | latency=0.0000 | time=0ms | geo=0.0000 | adj=-5.0000 | stab=0.0048 | iso=RU | via=name | km=0 | w=0.0000 | [Pawdroid-SS-APK] Russia-8
score=-104.9973 | latency=0.0000 | time=0ms | geo=0.0000 | adj=-5.0000 | stab=0.0027 | iso=RU | via=name | km=0 | w=0.0000 | [Pawdroid-SS-APK] 俄罗斯+鞑靼斯坦喀山justhost-2
score=-104.9993 | latency=0.0000 | time=0ms | geo=0.0000 | adj=-5.0000 | stab=0.0007 | iso=RU | via=name | km=0 | w=0.0000 | [Pawdroid-SS-APK] 俄罗斯+V2CROSS.COM-7
