============================================================
[INFO] sublink try page | url=https://end-gfw.com
[OK] proxies=6 | new=6 | url=https://raw.githubusercontent.com/hello-world-1989/cn-news/main/end-gfw-free
[OK] proxies=6 | new=0 | url=https://raw.githubusercontent.com/hello-world-1989/cn-news/main/clash-free.yaml
[INFO] sublink file_nodes=6 | bare links=112
[OK] proxies=38 | new=38 | url=https://raw.githubusercontent.com/yaney01/Yaney01/main/temporary
[OK] proxies=833 | new=833 | url=https://raw.githubusercontent.com/mfuu/FreeProxies/master/sub
[OK] proxies=1 | new=1 | url=https://ccbaohe.com/appleID/
[OK] proxies=1 | new=0 | url=https://ios.wwkejishe.top/
[OK] proxies=1 | new=0 | url=https://c.kilxs.cn/
[OK] proxies=1 | new=0 | url=https://www.112112789.xyz/
[OK] proxies=1 | new=0 | url=https://c.xiyou666.xyz/
[OK] proxies=1 | new=0 | url=https://www.futizi.net/
[OK] proxies=1 | new=0 | url=https://stash.wiki/
[OK] proxies=200 | new=183 | url=https://raw.githubusercontent.com/ts-sf/fly/main/clash
[OK] proxies=61 | new=61 | url=https://raw.githubusercontent.com/mahdibland/ShadowsocksAggregator/master/EternityAir
[OK] proxies=195 | new=159 | url=https://raw.githubusercontent.com/mahdibland/ShadowsocksAggregator/master/Eternity
[OK] proxies=98 | new=29 | url=https://tt.vg/freeclash
[OK] proxies=274 | new=260 | url=https://jiang.netlify.app
[OK] proxies=1 | new=0 | url=https://manual.getsurfboard.com/
[OK] proxies=372 | new=343 | url=https://www.ermao.net/sub/{clash|v2ray}/ermao.net
[OK] proxies=1 | new=0 | url=http://wgjsq.net/#/login
[OK] proxies=354 | new=0 | url=https://www.ermao.net/sub/{reachable|unreachable|untested}/clash/ermao.net
[OK] proxies=2 | new=1 | url=https://apps.apple.com/{us|app}/{app|fair-vpn|streisand}/{id1443988620|id932747118|id1442620678|id1533873488|id6450534064}
[OK] proxies=1 | new=0 | url=https://{apps.apple.com|itunes.apple.com}/us/app/{kitsunebi-proxy-utility|psiphon|shadowrocket|quantumult-x|potatso-lite}/{id1446584073|id1276263909|id932747118|id1443988620|id1239860606}
[INFO] source try link | url=https://end-gfw.com/ss-key
[OK] proxies=4 | new=4 | url=https://end-gfw.com/ss-key
[INFO] sublink try repo | url=https://github.com/hello-world-1989/cn-news
[INFO] sublink try page | url=https://raw.githubusercontent.com/hello-world-1989/cn-news/main/README.md
[OK] proxies=2 | new=2 | url=https://raw.githubusercontent.com/hello-world-1989/cn-news/refs/heads/main/clash.yaml
[OK] proxies=6 | new=6 | url=https://raw.githubusercontent.com/hello-world-1989/v2-sub/main/end-gfw-together-af3e13
[OK] proxies=2 | new=0 | url=https://raw.githubusercontent.com/hello-world-1989/cn-news/main/end-gfw-together
[OK] proxies=1926 | source=[大FQ运动] | url=https://raw.githubusercontent.com/hello-world-1989/cn-news/main/README.md
============================================================
[INFO] sublink try repo | url=https://github.com/Pawdroid/Free-servers
[INFO] sublink try page | url=https://raw.githubusercontent.com/Pawdroid/Free-servers/main/README.md
[OK] proxies=1 | new=1 | url=https://apps.apple.com/cn/app/shadowshare/id1612647259
[OK] proxies=1 | new=1 | url=http://www.surflare.com
[OK] proxies=20 | new=20 | url=https://raw.githubusercontent.com/Pawdroid/Free-servers/main/README.md
[OK] proxies=20 | new=0 | url=https://raw.githubusercontent.com/Pawdroid/Free-servers/main/sub
[OK] proxies=22 | source=[Pawdroid] | url=https://raw.githubusercontent.com/Pawdroid/Free-servers/main/README.md
============================================================
[INFO] source try link | url=https://xmxosfepggzm.503403.xyz
[OK] proxies=3 | new=3 | url=https://xmxosfepggzm.503403.xyz
[OK] proxies=3 | source=[FreeV2-Base64] | url=https://xmxosfepggzm.503403.xyz
============================================================
[INFO] source try link | url=https://links.bocchi2b.top/clash
[OK] proxies=35 | new=35 | url=https://links.bocchi2b.top/clash
[OK] proxies=35 | source=[Bocchi2b-Base64] | url=https://links.bocchi2b.top/clash
============================================================
[INFO] source try link | url=https://freesocks.org/api/v1/sub/02b897e8e77f19176b0b9f2c75864b00
[OK] proxies=1 | new=1 | url=https://freesocks.org/api/v1/sub/02b897e8e77f19176b0b9f2c75864b00
[INFO] source try link | url=https://freesocks.org/api/v1/sub/4cae35810e6f5c4d92e28e32104e0080
[OK] proxies=3 | new=3 | url=https://freesocks.org/api/v1/sub/4cae35810e6f5c4d92e28e32104e0080
[OK] proxies=4 | source=[Freesocks] | url=https://freesocks.org/api/v1/sub/4cae35810e6f5c4d92e28e32104e0080
============================================================
[INFO] source try link | url=https://neko-warp.nloli.xyz/neko_warp.yaml
[OK] proxies=10 | new=10 | url=https://neko-warp.nloli.xyz/neko_warp.yaml
[OK] proxies=10 | source=[NekoWarp] | url=https://neko-warp.nloli.xyz/neko_warp.yaml
============================================================
[INFO] article try feed | url=https://free.datiya.com/index.xml
[INFO] sublink try page | url=https://free.datiya.com/post/20260928/
[OK] proxies=11 | new=11 | url=https://free.datiya.com/uploads/20260928-clash.yaml
[OK] proxies=11 | source=[OpenRunner-RSS] | url=https://free.datiya.com/post/20260928/
============================================================
[INFO] article try feed | url=https://v2rayshare.com/feed
[INFO] sublink try page | url=https://v2rayshare.com/p/4097.html
[INFO] sublink try repo | url=https://github.com/firefoxmmx2/v2rayshare_subcription
[INFO] sublink try page | url=https://raw.githubusercontent.com/firefoxmmx2/v2rayshare_subcription/main/README.md
[OK] proxies=21 | new=21 | url=https://{raw.githubusercontent.com|cdn.jsdelivr.net}/firefoxmmx2/v2rayshare_subcription/main/subscription/clash_sub.yaml
[OK] proxies=22 | new=1 | url=https://{raw.githubusercontent.com|cdn.jsdelivr.net}/firefoxmmx2/v2rayshare_subcription/main/subscription/vray_sub.txt
[OK] proxies=22 | new=0 | url=https://{raw.githubusercontent.com|cdn.jsdelivr.net}/firefoxmmx2/v2rayshare_subcription/main/subscription/mihomo_sub.yaml
[OK] proxies=22 | source=[V2Rayshare-RSS] | url=https://raw.githubusercontent.com/firefoxmmx2/v2rayshare_subcription/main/README.md
============================================================
[INFO] article try feed | url=https://www.mibei77.com/feed
[INFO] sublink try page | url=https://www.mibei77.com/703.html
[OK] proxies=157 | new=157 | url=https://mm.mibei77.com/202609/0928Clashizx.yaml
[OK] proxies=159 | new=2 | url=https://mm.mibei77.com/202609/09.2864baczx.txt
[OK] proxies=159 | source=[Mibei77-RSS] | url=https://www.mibei77.com/703.html
============================================================
[INFO] article try feed | url=https://yoyapai.com/feed
[INFO] sublink try page | url=https://yoyapai.com/739
[OK] proxies=229 | new=229 | url=https://freenode.yoyapai.com/2026/09/28-yoyapai.com-clashvpnmianfeijiedian.yaml
[OK] proxies=1 | new=1 | url=https://yoyapai.com/739
[OK] proxies=229 | new=0 | url=https://freenode.yoyapai.com/2026/09/28-yoyapai.com-ssrv2rayvpnmianfeijiedian.txt
[OK] proxies=230 | source=[Yoyapai-RSS] | url=https://yoyapai.com/739
============================================================
[INFO] sublink try repo | url=https://github.com/free18/v2ray
[INFO] sublink try page | url=https://raw.githubusercontent.com/free18/v2ray/main/README.md
[OK] proxies=285 | new=285 | url=https://ghfast.top/https://raw.githubusercontent.com/free18/v2ray/refs/heads/main/v.txt
[OK] proxies=285 | new=0 | url=https://ghfast.top/https://raw.githubusercontent.com/free18/v2ray/refs/heads/main/c.yaml
[OK] proxies=3 | new=3 | url=https://raw.githubusercontent.com/free18/v2ray/main/README.md
[OK] proxies=288 | source=[免费节点1] | url=https://raw.githubusercontent.com/free18/v2ray/main/README.md
============================================================
[INFO] sublink try repo | url=https://github.com/ermaozi/get_subscribe
[INFO] sublink try page | url=https://raw.githubusercontent.com/ermaozi/get_subscribe/main/README.md
[INFO] sublink file_nodes=0 | bare links=9
[OK] proxies=354 | new=354 | url=https://www.ermao.net/sub/{reachable|unreachable|untested}/clash/ermao.net
[OK] proxies=372 | new=18 | url=https://www.ermao.net/sub/{clash|v2ray}/ermao.net
[OK] proxies=372 | source=[免费节点2] | url=https://raw.githubusercontent.com/ermaozi/get_subscribe/main/README.md
============================================================
[INFO] sublink try repo | url=https://github.com/sunmiao4458/free-proxy-airport
[INFO] sublink try page | url=https://raw.githubusercontent.com/sunmiao4458/free-proxy-airport/main/README.md
[OK] proxies=48 | new=48 | url=https://sunmiao4458.github.io/free-proxy-airport/clash.yaml
[OK] proxies=48 | source=[免费节点3] | url=https://raw.githubusercontent.com/sunmiao4458/free-proxy-airport/main/README.md
============================================================
[INFO] sublink try repo | url=https://github.com/mfuu/FreeProxies
[INFO] sublink try page | url=https://raw.githubusercontent.com/mfuu/FreeProxies/master/README.md
[OK] proxies=838 | new=838 | url=https://raw.githubusercontent.com/mfuu/FreeProxies/master/sub.yaml
[OK] proxies=838 | source=[免费节点4] | url=https://raw.githubusercontent.com/mfuu/FreeProxies/master/README.md
============================================================
[INFO] sublink try repo | url=https://github.com/vxiaov/free_proxies
[INFO] sublink try page | url=https://raw.githubusercontent.com/vxiaov/free_proxies/main/README.md
[OK] proxies=28 | new=28 | url=https://{cdn.jsdelivr.net|raw.githubusercontent.com}/vxiaov/free_proxies/main/clash/clash.provider.yaml
[OK] proxies=1 | new=1 | url=https://raw.githubusercontent.com/vxiaov/free_proxies/main/README.md
[OK] proxies=29 | source=[免费节点5] | url=https://raw.githubusercontent.com/vxiaov/free_proxies/main/README.md
============================================================
[INFO] sublink try repo | url=https://github.com/anaer/Sub
[INFO] sublink try page | url=https://raw.githubusercontent.com/anaer/Sub/main/README.MD
[OK] proxies=1635 | new=1635 | url=https://anaer.github.io/Sub/clash.yaml
[OK] proxies=1635 | new=0 | url=https://raw.githubusercontent.com/anaer/Sub/main/clash.yaml
[OK] proxies=1635 | source=[免费节点6] | url=https://raw.githubusercontent.com/anaer/Sub/main/README.MD
============================================================
[INFO] sublink try repo | url=https://github.com/snakem982/proxypool
[INFO] sublink try page | url=https://raw.githubusercontent.com/snakem982/proxypool/main/README.md
[OK] proxies=64 | new=64 | url=https://raw.githubusercontent.com/snakem982/proxypool/main/source/clash-meta-2.yaml
[OK] proxies=64 | new=0 | url=https://raw.githubusercontent.com/snakem982/proxypool/main/source/v2ray-2.txt
[OK] proxies=63 | new=0 | url=https://raw.githubusercontent.com/snakem982/proxypool/main/source/sing-box-2.json
[OK] proxies=64 | source=[免费节点7] | url=https://raw.githubusercontent.com/snakem982/proxypool/main/README.md
============================================================
[INFO] sublink try repo | url=https://github.com/mahdibland/V2RayAggregator
[INFO] sublink try page | url=https://raw.githubusercontent.com/mahdibland/V2RayAggregator/master/README.md
[OK] proxies=1 | new=1 | url=https://github.com/mahdibland/SSAggregator/actions/workflows/Collector.yml
[OK] proxies=1 | new=0 | url=https://cdn.jsdelivr.net/gh/mahdibland/V2RayAggregator@master/update/provider/provider-others.yml
[OK] proxies=466 | new=466 | url=https://raw.githubusercontent.com/mahdibland/ShadowsocksAggregator/master/sub/splitted/trojan.txt
[OK] proxies=196 | new=187 | url=https://raw.githubusercontent.com/mahdibland/ShadowsocksAggregator/master/Eternity.yml
[OK] proxies=3807 | new=3154 | url=https://raw.githubusercontent.com/mahdibland/SSAggregator/master/sub/sub_merge_base64.txt
[OK] proxies=1 | new=0 | url=https://cdn.jsdelivr.net/gh/mahdibland/V2RayAggregator@master/update/provider/provider-meta-others.yml
[OK] proxies=61 | new=61 | url=https://raw.githubusercontent.com/mahdibland/SSAggregator/master/sub/airport_sub_merge.txt
[OK] proxies=1 | new=0 | url=https://cdn.jsdelivr.net/gh/mahdibland/V2RayAggregator@master/update/provider/provider.yml
[OK] proxies=378 | new=94 | url=https://raw.githubusercontent.com/mahdibland/V2RayAggregator/master/README.md
[OK] proxies=1 | new=0 | url=https://cdn.jsdelivr.net/gh/mahdibland/V2RayAggregator@master/update/provider/provider-meta.yml
[OK] proxies=1 | new=0 | url=https://cdn.jsdelivr.net/gh/mahdibland/V2RayAggregator@master/update/provider/provider-cn.yml
[OK] proxies=1 | new=0 | url=https://github.com/mahdibland/SSAggregator/actions/workflows/Airport_Collector.yml
[OK] proxies=61 | new=0 | url=https://raw.githubusercontent.com/mahdibland/ShadowsocksAggregator/master/EternityAir.txt
[OK] proxies=195 | new=0 | url=https://raw.githubusercontent.com/mahdibland/ShadowsocksAggregator/master/Eternity.txt
[OK] proxies=1838 | new=0 | url=https://raw.githubusercontent.com/mahdibland/ShadowsocksAggregator/master/sub/splitted/ss.txt
[OK] proxies=54 | new=0 | url=https://raw.githubusercontent.com/mahdibland/ShadowsocksAggregator/master/sub/splitted/ssr.txt
[OK] proxies=3992 | new=208 | url=https://raw.githubusercontent.com/mahdibland/SSAggregator/master/sub/sub_merge_yaml.yml
[OK] proxies=1449 | new=0 | url=https://raw.githubusercontent.com/mahdibland/ShadowsocksAggregator/master/sub/splitted/vmess.txt
[OK] proxies=61 | new=0 | url=https://raw.githubusercontent.com/mahdibland/SSAggregator/master/sub/airport_merge_base64.txt
[OK] proxies=1 | new=0 | url=https://cdn.jsdelivr.net/gh/mahdibland/V2RayAggregator@master/update/provider/provider-meta-cn.yml
[OK] proxies=3807 | new=0 | url=https://raw.githubusercontent.com/mahdibland/{SSAggregator|ShadowsocksAggregator}/master/sub/sub_merge.txt
[OK] proxies=4171 | source=[免费节点8] | url=https://raw.githubusercontent.com/mahdibland/V2RayAggregator/master/README.md
============================================================
[INFO] sublink try repo | url=https://github.com/w1770946466/Auto_proxy
[INFO] sublink try page | url=https://raw.githubusercontent.com/w1770946466/Auto_proxy/main/README.md
[OK] proxies=489 | new=489 | url=https://raw.githubusercontent.com/w1770946466/Auto_proxy/main/Long_term_subscription_num
[OK] proxies=1 | new=1 | url=https://github.com/w1770946466/Auto_proxy/actions/workflows/main.yml
[OK] proxies=245 | new=125 | url=https://raw.githubusercontent.com/w1770946466/Auto_proxy/main/{Long_term_subscription2.yaml|Long_term_subscription1.yaml|Long_term_subscription3.yaml}
[OK] proxies=489 | new=0 | url=https://raw.githubusercontent.com/w1770946466/Auto_proxy/main/{Long_term_subscription1|Long_term_subscription2|Long_term_subscription3|Long_term_subscription4|Long_term_subscription5|Long_term_subscription6|Long_term_subscription7|Long_term_subscription8}
[OK] proxies=615 | source=[免费节点9] | url=https://raw.githubusercontent.com/w1770946466/Auto_proxy/main/README.md
============================================================
[INFO] sublink try repo | url=https://github.com/PuddinCat/BestClash
[INFO] sublink try page | url=https://raw.githubusercontent.com/PuddinCat/BestClash/main/README.md
[OK] proxies=28 | new=28 | url=https://cdn.jsdelivr.net/gh/vxiaov/free_proxies@main/clash/clash.provider.yaml
[OK] proxies=165 | new=165 | url=https://raw.githubusercontent.com/ronghuaxueleng/get_v2/main/pub/combine.yaml
[OK] proxies=24 | new=24 | url=https://freenode.openrunner.net/uploads/20240807-clash.yaml
[OK] proxies=196 | new=196 | url=https://raw.githubusercontent.com/mahdibland/ShadowsocksAggregator/master/Eternity.yml
[OK] proxies=33 | new=33 | url=https://raw.githubusercontent.com/Misaka-blog/chromego_merge/main/sub/merged_proxies_new.yaml
[OK] proxies=362 | new=329 | url=https://raw.githubusercontent.com/{ermaozi|ermaozi01}/{get_subscribe|free_clash_vpn}/main/subscribe/clash.yml
[OK] proxies=26 | new=2 | url=https://raw.githubusercontent.com/{chengaopan|peasoft}/{AutoMergePublicNodes|NoMoreWalls}/master/list.yml
[OK] proxies=144 | new=3 | url=https://raw.githubusercontent.com/zhangkaiitugithub/passcro/main/speednodes.yaml
[OK] proxies=16 | new=16 | url=https://raw.githubusercontent.com/PuddinCat/BestClash/main/proxies.yaml
[OK] proxies=4782 | new=4720 | url=https://raw.githubusercontent.com/{NiceVPN123|anaer}/{NiceVPN|Sub}/main/{Clash.yaml|clash.yaml}
[OK] proxies=5516 | source=[免费节点10] | url=https://raw.githubusercontent.com/PuddinCat/BestClash/main/README.md
============================================================
[INFO] sublink try repo | url=https://github.com/kooker/FreeSubsCheck
[INFO] sublink try page | url=https://raw.githubusercontent.com/kooker/FreeSubsCheck/main/README.md
[OK] proxies=11 | new=11 | url=https://raw.githubusercontent.com/kooker/FreeSubsCheck/main/mihomo.yaml
[OK] proxies=2 | new=2 | url=https://raw.githubusercontent.com/kooker/FreeSubsCheck/main/byxiaoxi.txt
[OK] proxies=7 | new=0 | url=https://raw.githubusercontent.com/kooker/FreeSubsCheck/main/base64.txt
[OK] proxies=11 | new=0 | url=https://raw.githubusercontent.com/kooker/FreeSubsCheck/main/all.yaml
[OK] proxies=432 | new=430 | url=https://raw.githubusercontent.com/kooker/FreeSubsCheck/main/kooker.jp.txt
[OK] proxies=443 | source=[免费节点11] | url=https://raw.githubusercontent.com/kooker/FreeSubsCheck/main/README.md
============================================================
[INFO] toolkit try repo | url=https://github.com/bannedbook/fanqiang
[INFO] toolkit try release | url=https://github.com/bannedbook/fanqiang/releases
[INFO] toolkit try release | url=https://github.com/bannedbook/fanqiang/releases/expanded_assets/ChromeGo-latest
[INFO] toolkit try download | url=https://github.com/bannedbook/fanqiang/releases/download/ChromeGo-latest/ChromeGo.7z
[OK] toolkit downloaded | file=ChromeGo.7z | size=96.2MB
[OK] toolkit extracted | archive=ChromeGo.7z | tool=7z | files=222 | dirs=45
[OK] toolkit discovered | subs=107 | embedded=46 | archive=ChromeGo.7z
[INFO] toolkit try repo | url=https://github.com/bannedbook/fanqiang
[INFO] toolkit try release | url=https://github.com/bannedbook/fanqiang/releases
[INFO] toolkit try release | url=https://github.com/bannedbook/fanqiang/releases/expanded_assets/ChromeGo-latest
[INFO] toolkit try download | url=https://github.com/bannedbook/fanqiang/releases/download/ChromeGo-latest/ChromeGo.7z
[OK] toolkit downloaded | file=ChromeGo.7z | size=96.2MB
[OK] toolkit extracted | archive=ChromeGo.7z | tool=7z | files=222 | dirs=45
[OK] toolkit discovered | subs=107 | embedded=46 | archive=ChromeGo.7z
[OK] proxies=12 | new=12 | embedded=archive-config
[OK] proxies=3 | new=3 | url=https://www.67867867.xyz/Alvin9999/PAC/refs/heads/master/backup/img/1/2/{ipp|ip}/clash.meta2/{5|6|3|1|4|2}/config.yaml
[OK] proxies=3 | new=0 | url=https://gitlab.com/free9999/ipupdate/master/backup/img/1/2/{ipp|ip}/clash.meta2/{5|6|3|1|4|2}/config.yaml
[OK] proxies=7 | new=5 | url=https://www.67867867.xyz/Alvin9999/PAC/refs/heads/master/backup/img/1/2/{ipp|ip}/{hysteria2|singbox|naiveproxy|hysteria|xray}/{3|1|4|2}/config.json
[OK] proxies=7 | new=0 | url=https://gitlab.com/free9999/ipupdate/master/backup/img/1/2/{ipp|ip}/{hysteria2|singbox|naiveproxy|hysteria|xray}/{3|1|4|2}/config.json
[OK] proxies=20 | source=[ChromeGO-Toolkit] | url=https://github.com/bannedbook/fanqiang/releases/download/ChromeGo-latest/ChromeGo.7z
============================================================
[INFO] sublink try repo | url=https://github.com/ShiteThings/extractNodes
[INFO] sublink try page | url=https://raw.githubusercontent.com/ShiteThings/extractNodes/main/README.md
[OK] proxies=26 | new=26 | url=https://chg26.makou.cc.cd/sb
[OK] proxies=31 | new=5 | url=https://{chg26.makou.cc.cd|chg64.makou.cc.cd}
[OK] proxies=31 | source=[ChromeGO-ShiteThings] | url=https://raw.githubusercontent.com/ShiteThings/extractNodes/main/README.md
============================================================
[INFO] sublink try repo | url=https://github.com/shangui999/chromego_merge
[INFO] sublink try page | url=https://raw.githubusercontent.com/shangui999/chromego_merge/master/ReadMe.md
[OK] proxies=10 | new=10 | url=https://freedman.netlify.app/sub/merged_proxies_new.yaml
[OK] proxies=11 | new=6 | url=https://freedman.netlify.app/sub/shadowrocket_base64.txt
[OK] proxies=16 | new=16 | url=https://freedman.netlify.app/sub/sb.json
[OK] proxies=11 | new=1 | url=https://freedman.netlify.app/sub/merged_warp_proxies_new.yaml
[INFO] sublink try repo | url=https://github.com/yaney01/chromego
[INFO] sublink try page | url=https://raw.githubusercontent.com/yaney01/chromego/main/ReadMe.md
[OK] proxies=13 | new=10 | url=https://raw.githubusercontent.com/yaney01/chromego/main/sub/shadowrocket_base64.txt
[OK] proxies=50 | new=43 | url=https://raw.githubusercontent.com/yaney01/chromego/main/sub/merged_proxies_new.yaml
[OK] proxies=51 | new=0 | url=https://raw.githubusercontent.com/yaney01/chromego/main/sub/merged_warp_proxies_new.yaml
[OK] proxies=13 | new=0 | url=https://raw.githubusercontent.com/yaney01/chromego/main/sub/sb.json
[INFO] sublink try repo | url=https://github.com/Misaka-blog/chromego_merge
[INFO] sublink try page | url=https://raw.githubusercontent.com/Misaka-blog/chromego_merge/main/README.md
[OK] proxies=33 | new=33 | url=https://chromego-sub.netlify.app/sub/merged_proxies_new.yaml
[OK] proxies=119 | source=[ChromeGO-Merge] | url=https://raw.githubusercontent.com/Misaka-blog/chromego_merge/main/README.md
============================================================
[INFO] toolkit try repo | url=https://github.com/Pawdroid/shadowrocket_for_android
[INFO] toolkit try release | url=https://github.com/Pawdroid/shadowrocket_for_android/releases
[INFO] toolkit try release | url=https://github.com/Pawdroid/shadowrocket_for_android/releases/expanded_assets/10.10.55
[INFO] toolkit try download | url=https://github.com/Pawdroid/shadowrocket_for_android/releases/download/10.10.55/Shadowrocket_10.10.55_shadowrocketStandard_arm64-v8a.apk
[OK] toolkit downloaded | file=Shadowrocket_10.10.55_shadowrocketStandard_arm64-v8a.apk | size=39.5MB
[OK] toolkit extracted | archive=Shadowrocket_10.10.55_shadowrocketStandard_arm64-v8a.apk | tool=zipfile | files=1179 | dirs=44
[OK] toolkit sr-apk scanned | prefixes=38 | files=6 | keys=2 | archive=Shadowrocket_10.10.55_shadowrocketStandard_arm64-v8a.apk
[OK] proxies=691 | new=691 | url=https://{cdn.jsdelivr.net|raw.githubusercontent.com}/pixelor/ecfg/main/data/ecfg6_zh
[OK] proxies=611 | new=138 | url=https://{cdn.jsdelivr.net|raw.githubusercontent.com}/pixelor/ecfg/main/data/ecfg6_en
[OK] proxies=188 | new=75 | url=https://{cdn.jsdelivr.net|raw.githubusercontent.com}/pixelor/ecfg/main/data/ecfg6
[OK] proxies=141 | new=0 | url=https://{files.shadowrockets.app|cdn.shadowrockets.app}/ecfg/data/ecfg6
[OK] proxies=378 | new=0 | url=https://{files.shadowrockets.app|cdn.shadowrockets.app}/ecfg/data/ecfg6_en
[OK] proxies=378 | new=0 | url=https://{files.shadowrockets.app|cdn.shadowrockets.app}/ecfg/data/ecfg6_zh
[INFO] toolkit try repo | url=https://github.com/Pawdroid/shadowrocket_for_android
[INFO] toolkit try release | url=https://github.com/Pawdroid/shadowrocket_for_android/releases
[INFO] toolkit try release | url=https://github.com/Pawdroid/shadowrocket_for_android/releases/expanded_assets/10.10.55
[INFO] toolkit try download | url=https://github.com/Pawdroid/shadowrocket_for_android/releases/download/10.10.55/Shadowrocket_10.10.55_shadowrocketStandard_arm64-v8a.apk
[OK] toolkit downloaded | file=Shadowrocket_10.10.55_shadowrocketStandard_arm64-v8a.apk | size=39.5MB
[OK] toolkit extracted | archive=Shadowrocket_10.10.55_shadowrocketStandard_arm64-v8a.apk | tool=zipfile | files=1179 | dirs=44
[OK] toolkit sr-apk scanned | prefixes=38 | files=6 | keys=2 | archive=Shadowrocket_10.10.55_shadowrocketStandard_arm64-v8a.apk
[OK] proxies=691 | new=691 | url=https://{cdn.jsdelivr.net|raw.githubusercontent.com}/pixelor/ecfg/main/data/ecfg6_zh
[OK] proxies=611 | new=138 | url=https://{cdn.jsdelivr.net|raw.githubusercontent.com}/pixelor/ecfg/main/data/ecfg6_en
[OK] proxies=188 | new=75 | url=https://{cdn.jsdelivr.net|raw.githubusercontent.com}/pixelor/ecfg/main/data/ecfg6
[OK] proxies=141 | new=0 | url=https://{files.shadowrockets.app|cdn.shadowrockets.app}/ecfg/data/ecfg6
[OK] proxies=378 | new=0 | url=https://{files.shadowrockets.app|cdn.shadowrockets.app}/ecfg/data/ecfg6_en
[OK] proxies=378 | new=0 | url=https://{files.shadowrockets.app|cdn.shadowrockets.app}/ecfg/data/ecfg6_zh
[OK] proxies=904 | source=[Pawdroid-SR-APK] | url=https://github.com/Pawdroid/shadowrocket_for_android/releases/download/10.10.55/Shadowrocket_10.10.55_shadowrocketStandard_arm64-v8a.apk
============================================================
[INFO] toolkit try page | url=https://shadowshare.v2cross.com
[INFO] toolkit try download | url=https://shadowshare.v2cross.com/shadowshare.apk
[OK] toolkit downloaded | file=shadowshare.apk | size=60MB
[OK] toolkit extracted | archive=shadowshare.apk | tool=zipfile | files=612 | dirs=39
[OK] toolkit ss-apk scanned | prefixes=10 | files=3 | keys=1 | archive=shadowshare.apk
[OK] proxies=227 | new=227 | url=https://{raw.githubusercontent.com|jsd.onmicrosoft.cn}/hideme9527/ecsfg/main/data/sareserver
[OK] proxies=1386 | new=1280 | url=https://{raw.githubusercontent.com|jsd.onmicrosoft.cn}/hideme9527/ecsfg/main/data/sareserver_en
[OK] proxies=132 | new=0 | url=https://{shadowsharing.com|sare.159236.xyz}/data/sareserver
[OK] proxies=1386 | new=0 | url=https://{shadowsharing.com|sare.159236.xyz}/data/sareserver_en
[OK] proxies=132 | new=0 | url=https://gitee.com/api/v5/repos/{guoyoucai1|zhiminghao|elvenapp}/ecsfg/raw/data/sareserver
[OK] proxies=1386 | new=0 | url=https://gitee.com/api/v5/repos/{guoyoucai1|elvenapp|zhiminghao}/ecsfg/raw/data/sareserver_en
[INFO] toolkit try page | url=https://shadowshare.v2cross.com
[INFO] toolkit try download | url=https://shadowshare.v2cross.com/shadowshare.apk
[OK] toolkit downloaded | file=shadowshare.apk | size=60MB
[OK] toolkit extracted | archive=shadowshare.apk | tool=zipfile | files=612 | dirs=39
[OK] toolkit ss-apk scanned | prefixes=10 | files=3 | keys=1 | archive=shadowshare.apk
[OK] proxies=227 | new=227 | url=https://{raw.githubusercontent.com|jsd.onmicrosoft.cn}/hideme9527/ecsfg/main/data/sareserver
[OK] proxies=1386 | new=1280 | url=https://{raw.githubusercontent.com|jsd.onmicrosoft.cn}/hideme9527/ecsfg/main/data/sareserver_en
[OK] proxies=132 | new=0 | url=https://{shadowsharing.com|sare.159236.xyz}/data/sareserver
[OK] proxies=1386 | new=0 | url=https://{shadowsharing.com|sare.159236.xyz}/data/sareserver_en
[OK] proxies=132 | new=0 | url=https://gitee.com/api/v5/repos/{guoyoucai1|zhiminghao|elvenapp}/ecsfg/raw/data/sareserver
[OK] proxies=1386 | new=0 | url=https://gitee.com/api/v5/repos/{guoyoucai1|elvenapp|zhiminghao}/ecsfg/raw/data/sareserver_en
[OK] proxies=1507 | source=[Pawdroid-SS-APK] | url=https://shadowshare.v2cross.com/shadowshare.apk
============================================================
[INFO] toolkit try chrome | url=https://chromewebstore.google.com/detail/free-vpn-proxy-1vpn/akcocjjpkmlniicdeemdceeajlmoabhg
[INFO] toolkit try download | url=https://clients2.google.com/service/update2/crx?response=redirect&prodversion=131.0.6778.0&acceptformat=crx2,crx3&x=id%3dakcocjjpkmlniicdeemdceeajlmoabhg%26uc
[OK] toolkit downloaded | file=free-vpn-proxy-1vpn.crx | size=1.6MB
[OK] toolkit extracted | archive=free-vpn-proxy-1vpn.crx | tool=zipfile | files=68 | dirs=57
[OK] toolkit 1vpn-crx scanned | hosts=17 | keys=1 | archive=free-vpn-proxy-1vpn.crx
[INFO] toolkit try chrome | url=https://chromewebstore.google.com/detail/free-vpn-proxy-1vpn/akcocjjpkmlniicdeemdceeajlmoabhg
[INFO] toolkit try download | url=https://clients2.google.com/service/update2/crx?response=redirect&prodversion=131.0.6778.0&acceptformat=crx2,crx3&x=id%3dakcocjjpkmlniicdeemdceeajlmoabhg%26uc
[OK] toolkit downloaded | file=free-vpn-proxy-1vpn.crx | size=1.6MB
[OK] toolkit extracted | archive=free-vpn-proxy-1vpn.crx | tool=zipfile | files=68 | dirs=57
[OK] toolkit 1vpn-crx scanned | hosts=17 | keys=1 | archive=free-vpn-proxy-1vpn.crx
[OK] proxies=17 | source=[1VPN-CRX] | url=https://clients2.google.com/service/update2/crx?response=redirect&prodversion=131.0.6778.0&acceptformat=crx2,crx3&x=id%3dakcocjjpkmlniicdeemdceeajlmoabhg%26uc
============================================================
[INFO] sublink try repo | url=https://github.com/free-nodes/clashfree
[INFO] sublink try page | url=https://raw.githubusercontent.com/free-nodes/clashfree/main/README.md
[OK] proxies=1 | new=1 | url=https://github.com/free-nodes/clashfree/blob/main/clash20260928.yml
[OK] proxies=199 | new=199 | url=https://raw.githubusercontent.com/free-nodes/clashfree/main/clash20260928.yml
[OK] proxies=199 | new=0 | url=https://raw.githubusercontent.com/free-nodes/clashfree/main/README.md
[OK] proxies=200 | source=[Clashfree] | url=https://raw.githubusercontent.com/free-nodes/clashfree/main/README.md
============================================================
[INFO] sublink try repo | url=https://github.com/Epodonios/v2ray-configs
[INFO] sublink try page | url=https://raw.githubusercontent.com/Epodonios/v2ray-configs/main/README.md
[OK] proxies=162 | new=162 | url=https://github.com/Epodonios/v2ray-configs/raw/main/Splitted-By-Protocol/trojan.txt
[OK] proxies=184 | new=184 | url=https://github.com/Epodonios/v2ray-configs/raw/main/Splitted-By-Protocol/vmess.txt
[OK] proxies=4177 | new=3844 | url=https://github.com/Epodonios/v2ray-configs/raw/main/All_Configs_Sub.txt
[OK] proxies=381 | new=17 | url=https://github.com/Epodonios/v2ray-configs/raw/main/Splitted-By-Protocol/ss.txt
[OK] proxies=1 | new=1 | url=https://github.com/Epodonios/V2ray-Configs/actions/workflows/main.yml
[OK] proxies=3355 | new=93 | url=https://github.com/Epodonios/v2ray-configs/raw/main/Splitted-By-Protocol/vless.txt
[OK] proxies=4177 | new=0 | url=https://github.com/Epodonios/v2ray-configs/raw/main/All_Configs_base64_Sub.txt
[OK] proxies=4177 | new=0 | url=https://raw.githubusercontent.com/Epodonios/v2ray-configs/main/{Sub1.txt|Sub2.txt|Sub3.txt|Sub4.txt|Sub5.txt|Sub6.txt|Sub7.txt|Sub8.txt}
[OK] proxies=4301 | source=[Epodonios] | url=https://raw.githubusercontent.com/Epodonios/v2ray-configs/main/README.md
============================================================
[INFO] sublink try repo | url=https://github.com/free-clash-v2ray/free-clash-v2ray.github.io
[INFO] sublink try page | url=https://raw.githubusercontent.com/free-clash-v2ray/free-clash-v2ray.github.io/main/README.md
[OK] proxies=2984 | new=2984 | url=https://free-clash-v2ray.github.io/uploads/2026/09/{0-20260927.yaml|1-20260927.yaml|2-20260927.yaml|3-20260927.yaml}
[OK] proxies=3129 | new=537 | url=https://free-clash-v2ray.github.io/uploads/2026/09/{0-20260927.txt|1-20260927.txt|2-20260927.txt|3-20260927.txt|4-20260927.txt}
[OK] proxies=3521 | source=[Free-clash-v2ray] | url=https://raw.githubusercontent.com/free-clash-v2ray/free-clash-v2ray.github.io/main/README.md
============================================================
[INFO] article try page | url=https://v2rayclashfree.com
[INFO] sublink try page | url=https://v2rayclashfree.com/fn/20260928.html
[OK] proxies=3005 | new=3005 | url=https://v2rayclashfree.com/sub/20260928-v2ray.txt
[OK] proxies=2950 | new=520 | url=https://v2rayclashfree.com/sub/20260928-clash.yaml
[OK] proxies=3525 | source=[V2rayclashfree-RSS] | url=https://v2rayclashfree.com/fn/20260928.html
============================================================
[INFO] toolkit try repo | url=https://github.com/MetaCubeX/meta-rules-dat
[INFO] toolkit try release | url=https://github.com/MetaCubeX/meta-rules-dat/releases
[INFO] toolkit try release | url=https://github.com/MetaCubeX/meta-rules-dat/releases/expanded_assets/latest
[INFO] toolkit try download | url=https://github.com/MetaCubeX/meta-rules-dat/releases/download/latest/country.mmdb
[OK] toolkit downloaded | file=country.mmdb | size=7.3MB
[INFO] toolkit try repo | url=https://github.com/mledoze/countries
[INFO] toolkit try release | url=https://github.com/mledoze/countries/releases
[INFO] toolkit try release | url=https://github.com/mledoze/countries/releases/expanded_assets/v1.8.0
[INFO] toolkit try download | url=https://github.com/mledoze/countries/archive/refs/tags/v1.8.0.zip
[OK] toolkit downloaded | file=countries-1.8.0.zip | size=4.8MB
[OK] toolkit extracted | archive=countries-1.8.0.zip | tool=zipfile | files=528 | dirs=8
[OK] toolkit found | file=countries.json | from=countries-1.8.0.zip
[OK] geo score ready | files=country.mmdb, countries.json | centroids=247
============================================================
[INFO] toolkit try repo | url=https://github.com/MetaCubeX/mihomo
[INFO] toolkit try release | url=https://github.com/MetaCubeX/mihomo/releases
[INFO] toolkit try release | url=https://github.com/MetaCubeX/mihomo/releases/expanded_assets/v1.19.31
[INFO] toolkit try download | url=https://github.com/MetaCubeX/mihomo/releases/download/v1.19.31/mihomo-linux-amd64-compatible-v1.19.31.gz
[OK] toolkit downloaded | file=mihomo-linux-amd64-compatible-v1.19.31.gz | size=21.8MB
[OK] toolkit hash verified | file=mihomo-linux-amd64-compatible-v1.19.31.gz | sha256=04cf9f09671704f839ddbee2e93069dc831a4123a75281e725d1d96ab9ac1afc
[OK] proxy engine ready, starting latency test | package=mihomo-linux-amd64-compatible-v1.19.31.gz
============================================================
[DEBUG] mihomo start-fail | branch={1} | size=17693 | parse=1 | rc=1 | names=[大FQ运动] end-gfw-kr64-VLESS,[大FQ运动] end-gfw-kr64-HY2,[大FQ运动] end-gfw-kr64-SS...+17690 | err=rc=1 Mihomo exited before controller became ready time="2026-09-28T15:34:38.908309871Z" level=info msg="Start initial configuration in progress" time="2026-09-28T15:34:39.364412186Z" level=fatal msg="Parse config error: proxy 10760: '' h...
[WARN] batch start failed | size=17693 {1} | split=8846 {2} + 8847 {3}
[DEBUG] mihomo start-fail | branch={3} | size=8847 | parse=1 | rc=1 | names=[免费节点10] 🇯🇵 JP 49 → tg@nicevpn123,[免费节点10] 🇯🇵 JP 5 → tg@nicevpn123,[免费节点10] 🇯🇵 JP 50 → tg@nicevpn123...+8844 | err=rc=1 Mihomo exited before controller became ready time="2026-09-28T15:34:46.239859719Z" level=info msg="Start initial configuration in progress" time="2026-09-28T15:34:46.398407808Z" level=fatal msg="Parse config error: proxy 1914: '' ha...
[WARN] batch start failed | size=8847 {3} | split=4423 {4} + 4424 {5}
[TEST] {2} tested=100/8846 | kept=3 | rest=17593
[DEBUG] mihomo start-fail | branch={4} | size=4423 | parse=1 | rc=1 | names=[免费节点10] 🇯🇵 JP 49 → tg@nicevpn123,[免费节点10] 🇯🇵 JP 5 → tg@nicevpn123,[免费节点10] 🇯🇵 JP 50 → tg@nicevpn123...+4420 | err=rc=1 Mihomo exited before controller became ready time="2026-09-28T15:34:49.692148962Z" level=info msg="Start initial configuration in progress" time="2026-09-28T15:34:49.798017987Z" level=fatal msg="Parse config error: proxy 1914: '' ha...
[WARN] batch start failed | size=4423 {4} | split=2211 {6} + 2212 {7}
[DEBUG] mihomo start-fail | branch={5} | size=4424 | parse=1 | rc=1 | names=[Epodonios] EPODONIOS-744,[Epodonios] EPODONIOS-745,[Epodonios] EPODONIOS-746...+4421 | err=rc=1 Mihomo exited before controller became ready time="2026-09-28T15:34:50.729937506Z" level=info msg="Start initial configuration in progress" time="2026-09-28T15:34:50.954317615Z" level=fatal msg="Parse config error: proxy 3714: '' ha...
[WARN] batch start failed | size=4424 {5} | split=2212 {8} + 2212 {9}
[TEST] {2} tested=200/8846 | kept=6 | rest=17493
[DEBUG] mihomo start-fail | branch={6} | size=2211 | parse=1 | rc=1 | names=[免费节点10] 🇯🇵 JP 49 → tg@nicevpn123,[免费节点10] 🇯🇵 JP 5 → tg@nicevpn123,[免费节点10] 🇯🇵 JP 50 → tg@nicevpn123...+2208 | err=rc=1 Mihomo exited before controller became ready time="2026-09-28T15:34:51.857081597Z" level=info msg="Start initial configuration in progress" time="2026-09-28T15:34:51.961618263Z" level=fatal msg="Parse config error: proxy 1914: '' ha...
[WARN] batch start failed | size=2211 {6} | split=1105 {10} + 1106 {11}
[DEBUG] mihomo start-fail | branch={7} | size=2212 | parse=1 | rc=1 | names=[Pawdroid-SR-APK] 俄罗斯+莫斯科msm.ru数据中心,[Pawdroid-SR-APK] 俄罗斯+V2CROSS.COM-8,[Pawdroid-SR-APK] 伊朗+V2CROSS.COM-5...+2209 | err=rc=1 Mihomo exited before controller became ready time="2026-09-28T15:34:52.585669487Z" level=info msg="Start initial configuration in progress" time="2026-09-28T15:34:52.624441417Z" level=fatal msg="Parse config error: proxy 475: ss 82....
[WARN] batch start failed | size=2212 {7} | split=1106 {12} + 1106 {13}
[DEBUG] mihomo start-fail | branch={9} | size=2212 | parse=1 | rc=1 | names=[Free-clash-v2ray] 🇺🇸US_187|632KB/s|P002,[Free-clash-v2ray] 🇫🇷FR_408|343KB/s|V007,[Free-clash-v2ray] ❓Other_26|214KB/s|R00...+2209 | err=rc=1 Mihomo exited before controller became ready time="2026-09-28T15:34:54.020044294Z" level=info msg="Start initial configuration in progress" time="2026-09-28T15:34:54.132897799Z" level=fatal msg="Parse config error: proxy 1502: '' ha...
[WARN] batch start failed | size=2212 {9} | split=1106 {14} + 1106 {15}
[TEST] {2} tested=300/8846 | kept=7 | rest=17393
[TEST] {2} tested=400/8846 | kept=7 | rest=17293
[TEST] {10} tested=100/1105 | kept=1 | rest=17179
[TEST] {10} tested=200/1105 | kept=2 | rest=17074
[TEST] {8} tested=100/2212 | kept=4 | rest=16890
[TEST] {8} tested=200/2212 | kept=7 | rest=16790
[TEST] {14} tested=100/1106 | kept=13 | rest=16601
[TEST] {14} tested=200/1106 | kept=34 | rest=16501
[TEST] {14} tested=300/1106 | kept=47 | rest=16401
[TEST] {8} tested=300/2212 | kept=7 | rest=16359
[TEST] {14} tested=400/1106 | kept=64 | rest=16203
[TEST] {14} tested=500/1106 | kept=79 | rest=16103
[TEST] {14} tested=600/1106 | kept=87 | rest=16003
[TEST] {14} tested=700/1106 | kept=89 | rest=15903
[TEST] {14} tested=800/1106 | kept=93 | rest=15803
[TEST] {2} tested=500/8846 | kept=29 | rest=15740
[TEST] {10} tested=300/1105 | kept=3 | rest=15696
[TEST] {14} tested=900/1106 | kept=142 | rest=15496
[TEST] {8} tested=400/2212 | kept=12 | rest=15381
[TEST] {2} tested=600/8846 | kept=40 | rest=15360
[TEST] {10} tested=400/1105 | kept=3 | rest=15339
[TEST] {14} tested=1000/1106 | kept=151 | rest=15078
[TEST] {8} tested=500/2212 | kept=12 | rest=15033
[TEST] {10} tested=500/1105 | kept=3 | rest=14977
[TEST] {2} tested=700/8846 | kept=41 | rest=14868
[TEST] {8} tested=600/2212 | kept=13 | rest=14755
[TEST] {14} tested=1100/1106 | kept=157 | rest=14709
[TEST] {14} tested=1106/1106 | kept=157 | rest=14703
[TEST] {10} tested=600/1105 | kept=3 | rest=14593
[TEST] {2} tested=800/8846 | kept=42 | rest=14453
[TEST] {2} tested=900/8846 | kept=44 | rest=14297
[TEST] {8} tested=700/2212 | kept=15 | rest=14288
[TEST] {10} tested=700/1105 | kept=3 | rest=14283
[DEBUG] mihomo start-fail | branch={12} | size=1106 | parse=1 | rc=1 | names=[Pawdroid-SR-APK] 俄罗斯+莫斯科msm.ru数据中心,[Pawdroid-SR-APK] 俄罗斯+V2CROSS.COM-8,[Pawdroid-SR-APK] 伊朗+V2CROSS.COM-5...+1103 | err=rc=1 Mihomo exited before controller became ready time="2026-09-28T15:35:13.899402087Z" level=info msg="Start initial configuration in progress" time="2026-09-28T15:35:13.935383827Z" level=fatal msg="Parse config error: proxy 475: ss 82....
[WARN] batch start failed | size=1106 {12} | split=553 {16} + 553 {17}
[TEST] {10} tested=800/1105 | kept=3 | rest=14134
[TEST] {8} tested=800/2212 | kept=15 | rest=14053
[TEST] {10} tested=900/1105 | kept=3 | rest=13942
[DEBUG] mihomo start-fail | branch={13} | size=1106 | parse=1 | rc=1 | names=[Pawdroid-SS-APK] The+Netherlands-48,[Pawdroid-SS-APK] Bulgaria-2,[Pawdroid-SS-APK] Brazil-3...+1103 | err=rc=1 Mihomo exited before controller became ready time="2026-09-28T15:35:14.635864271Z" level=info msg="Start initial configuration in progress" time="2026-09-28T15:35:14.672014502Z" level=fatal msg="Parse config error: proxy 414: 'reali...
[TEST] {10} tested=1000/1105 | kept=3 | rest=13839
[WARN] batch start failed | size=1106 {13} | split=553 {18} + 553 {19}
[TEST] {8} tested=900/2212 | kept=15 | rest=13739
[TEST] {8} tested=1000/2212 | kept=18 | rest=13639
[DEBUG] mihomo start-fail | branch={11} | size=1106 | parse=1 | rc=1 | names=[免费节点10] 🇺🇸 US 2003 → tg@nicevpn123,[免费节点10] 🇺🇸 US 2004 → tg@nicevpn123,[免费节点10] 🇺🇸 US 2005 → tg@nicevpn123...+1103 | err=rc=1 Mihomo exited before controller became ready time="2026-09-28T15:35:15.242461606Z" level=info msg="Start initial configuration in progress" time="2026-09-28T15:35:15.291525048Z" level=fatal msg="Parse config error: proxy 809: '' has...
[WARN] batch start failed | size=1106 {11} | split=553 {20} + 553 {21}
[TEST] {2} tested=1000/8846 | kept=45 | rest=13433
[TEST] {8} tested=1100/2212 | kept=18 | rest=13340
[TEST] {2} tested=1100/8846 | kept=71 | rest=13258
[TEST] {10} tested=1100/1105 | kept=3 | rest=13230
[DEBUG] mihomo start-fail | branch={15} | size=1106 | parse=1 | rc=1 | names=[Free-clash-v2ray] 🇮🇹IT_42|340KB/s|C002-,[Free-clash-v2ray] 🇫🇷FR_1562|430KB/s|F00,[Free-clash-v2ray] 🇬🇧GB_47|374KB/s|F003-...+1103 | err=rc=1 Mihomo exited before controller became ready time="2026-09-28T15:35:17.543552002Z" level=info msg="Start initial configuration in progress" time="2026-09-28T15:35:17.578479842Z" level=fatal msg="Parse config error: proxy 396: '' has...
[WARN] batch start failed | size=1106 {15} | split=553 {22} + 553 {23}
[TEST] {10} tested=1105/1105 | kept=3 | rest=13140
[TEST] {8} tested=1200/2212 | kept=26 | rest=13131
[DEBUG] mihomo start-fail | branch={22} | size=553 | parse=1 | rc=1 | names=[Free-clash-v2ray] 🇮🇹IT_42|340KB/s|C002-,[Free-clash-v2ray] 🇫🇷FR_1562|430KB/s|F00,[Free-clash-v2ray] 🇬🇧GB_47|374KB/s|F003-...+550 | err=rc=1 Mihomo exited before controller became ready time="2026-09-28T15:35:18.046225604Z" level=info msg="Start initial configuration in progress" time="2026-09-28T15:35:18.089083215Z" level=fatal msg="Parse config error: proxy 396: '' has...
[WARN] batch start failed | size=553 {22} | split=276 {24} + 277 {25}
[DEBUG] mihomo start-fail | branch={16} | size=553 | parse=1 | rc=1 | names=[Pawdroid-SR-APK] 俄罗斯+莫斯科msm.ru数据中心,[Pawdroid-SR-APK] 俄罗斯+V2CROSS.COM-8,[Pawdroid-SR-APK] 伊朗+V2CROSS.COM-5...+550 | err=rc=1 Mihomo exited before controller became ready time="2026-09-28T15:35:18.553464103Z" level=info msg="Start initial configuration in progress" time="2026-09-28T15:35:18.589757854Z" level=fatal msg="Parse config error: proxy 475: ss 82....
[WARN] batch start failed | size=553 {16} | split=276 {26} + 277 {27}
[DEBUG] mihomo start-fail | branch={18} | size=553 | parse=1 | rc=1 | names=[Pawdroid-SS-APK] The+Netherlands-48,[Pawdroid-SS-APK] Bulgaria-2,[Pawdroid-SS-APK] Brazil-3...+550 | err=rc=1 Mihomo exited before controller became ready time="2026-09-28T15:35:18.951915899Z" level=info msg="Start initial configuration in progress" time="2026-09-28T15:35:18.988317326Z" level=fatal msg="Parse config error: proxy 414: 'reali...
[WARN] batch start failed | size=553 {18} | split=276 {28} + 277 {29}
[TEST] {8} tested=1300/2212 | kept=28 | rest=12988
[DEBUG] mihomo start-fail | branch={19} | size=553 | parse=1 | rc=1 | names=[Epodonios] EPODONIOS-224,[Epodonios] EPODONIOS-225,[Epodonios] EPODONIOS-226...+550 | err=rc=1 Mihomo exited before controller became ready time="2026-09-28T15:35:19.379847846Z" level=info msg="Start initial configuration in progress" time="2026-09-28T15:35:19.380313493Z" level=fatal msg="Parse config error: proxy 18: ss 78.3...
[WARN] batch start failed | size=553 {19} | split=276 {30} + 277 {31}
[DEBUG] mihomo start-fail | branch={21} | size=553 | parse=1 | rc=1 | names=[免费节点10] 🇺🇸 US 846 → tg@nicevpn123,[免费节点10] 🇺🇸 US 847 → tg@nicevpn123,[免费节点10] 🇺🇸 US 848 → tg@nicevpn123...+550 | err=rc=1 Mihomo exited before controller became ready time="2026-09-28T15:35:19.819946514Z" level=info msg="Start initial configuration in progress" time="2026-09-28T15:35:19.849225486Z" level=fatal msg="Parse config error: proxy 256: '' has...
[WARN] batch start failed | size=553 {21} | split=276 {32} + 277 {33}
[TEST] {2} tested=1200/8846 | kept=106 | rest=12963
[TEST] {20} tested=100/553 | kept=0 | rest=12742
[TEST] {2} tested=1300/8846 | kept=117 | rest=12610
[TEST] {8} tested=1400/2212 | kept=29 | rest=12547
[TEST] {20} tested=200/553 | kept=0 | rest=12433
[TEST] {2} tested=1400/8846 | kept=117 | rest=12421
[TEST] {8} tested=1500/2212 | kept=29 | rest=12357
[TEST] {17} tested=100/553 | kept=0 | rest=12128
[TEST] {17} tested=200/553 | kept=0 | rest=12028
[TEST] {2} tested=1500/8846 | kept=118 | rest=11983
[TEST] {8} tested=1600/2212 | kept=31 | rest=11902
[TEST] {17} tested=300/553 | kept=4 | rest=11724
[TEST] {20} tested=300/553 | kept=0 | rest=11697
[TEST] {20} tested=400/553 | kept=0 | rest=11534
[TEST] {8} tested=1700/2212 | kept=39 | rest=11423
[TEST] {2} tested=1600/8846 | kept=161 | rest=11335
[TEST] {8} tested=1800/2212 | kept=47 | rest=11166
[TEST] {2} tested=1700/8846 | kept=193 | rest=11041
[TEST] {8} tested=1900/2212 | kept=51 | rest=11023
[TEST] {20} tested=500/553 | kept=0 | rest=11021
[TEST] {17} tested=400/553 | kept=8 | rest=10963
[TEST] {20} tested=553/553 | kept=0 | rest=10792
[TEST] {8} tested=2000/2212 | kept=62 | rest=10730
[TEST] {17} tested=500/553 | kept=11 | rest=10624
[WARN] batch start failed | size=553 {20} | split=276 {34} + 277 {35}
[TEST] {2} tested=1800/8846 | kept=202 | rest=10559
[TEST] {17} tested=553/553 | kept=11 | rest=10462
[TEST] {2} tested=1900/8846 | kept=242 | rest=10388
[TEST] {8} tested=2100/2212 | kept=76 | rest=10359
[TEST] {8} tested=2200/2212 | kept=128 | rest=10258
[TEST] {8} tested=2212/2212 | kept=130 | rest=10246
[TEST] {23} tested=100/553 | kept=1 | rest=10129
[TEST] {23} tested=200/553 | kept=6 | rest=10029
[TEST] {23} tested=300/553 | kept=37 | rest=9923
[DEBUG] mihomo start-fail | branch={25} | size=277 | parse=1 | rc=1 | names=[Free-clash-v2ray] 🇫🇷FR_1789|744KB/s|B00,[Free-clash-v2ray] 🇫🇷FR_1790|536KB/s|B00,[Free-clash-v2ray] 🇫🇷FR_1791|297KB/s|M00...+274 | err=rc=1 Mihomo exited before controller became ready time="2026-09-28T15:35:38.931387902Z" level=info msg="Start initial configuration in progress" time="2026-09-28T15:35:38.954700641Z" level=fatal msg="Parse config error: proxy 120: '' has...
[WARN] batch start failed | size=277 {25} | split=138 {36} + 139 {37}
[TEST] {23} tested=400/553 | kept=98 | rest=9792
[TEST] {2} tested=2000/8846 | kept=264 | rest=9734
[TEST] {2} tested=2100/8846 | kept=265 | rest=9587
[TEST] {24} tested=100/276 | kept=23 | rest=9481
[TEST] {26} tested=100/276 | kept=39 | rest=9357
[TEST] {24} tested=200/276 | kept=54 | rest=9184
[TEST] {26} tested=200/276 | kept=118 | rest=9083
[TEST] {23} tested=500/553 | kept=188 | rest=9066
[TEST] {2} tested=2200/8846 | kept=269 | rest=8944
[TEST] {23} tested=553/553 | kept=195 | rest=8895
[DEBUG] mihomo start-fail | branch={27} | size=277 | parse=1 | rc=1 | names=[Pawdroid-SR-APK] The+Netherlands-3,[Pawdroid-SR-APK] Romania-2,[Pawdroid-SR-APK] Russia-3...+274 | err=rc=1 Mihomo exited before controller became ready time="2026-09-28T15:35:45.898281993Z" level=info msg="Start initial configuration in progress" time="2026-09-28T15:35:45.919990646Z" level=fatal msg="Parse config error: proxy 199: ss 82....
[WARN] batch start failed | size=277 {27} | split=138 {38} + 139 {39}
[TEST] {24} tested=276/276 | kept=85 | rest=8785
[DEBUG] mihomo start-fail | branch={29} | size=277 | parse=1 | rc=1 | names=[Clashfree] 未知 VLESS-84 | free-nodes,[Clashfree] 未知 VLESS-91 | free-nodes,[Clashfree] 未知 VLESS-99 | free-nodes...+274 | err=rc=1 Mihomo exited before controller became ready time="2026-09-28T15:35:46.582783634Z" level=info msg="Start initial configuration in progress" time="2026-09-28T15:35:46.589121622Z" level=fatal msg="Parse config error: proxy 138: 'reali...
[WARN] batch start failed | size=277 {29} | split=138 {40} + 139 {41}
[TEST] {26} tested=276/276 | kept=138 | rest=8736
[DEBUG] mihomo start-fail | branch={30} | size=276 | parse=1 | rc=1 | names=[Epodonios] EPODONIOS-224,[Epodonios] EPODONIOS-225,[Epodonios] EPODONIOS-226...+273 | err=rc=1 Mihomo exited before controller became ready time="2026-09-28T15:35:46.754793934Z" level=info msg="Start initial configuration in progress" time="2026-09-28T15:35:46.755245978Z" level=fatal msg="Parse config error: proxy 18: ss 78.3...
[WARN] batch start failed | size=276 {30} | split=138 {42} + 138 {43}
[DEBUG] mihomo start-fail | branch={32} | size=276 | parse=1 | rc=1 | names=[免费节点10] 🇺🇸 US 846 → tg@nicevpn123,[免费节点10] 🇺🇸 US 847 → tg@nicevpn123,[免费节点10] 🇺🇸 US 848 → tg@nicevpn123...+273 | err=rc=1 Mihomo exited before controller became ready time="2026-09-28T15:35:46.997174573Z" level=info msg="Start initial configuration in progress" time="2026-09-28T15:35:47.020571348Z" level=fatal msg="Parse config error: proxy 256: '' has...
[WARN] batch start failed | size=276 {32} | split=138 {44} + 138 {45}
[DEBUG] mihomo start-fail | branch={33} | size=277 | parse=1 | rc=1 | names=[ChromeGO-Merge] None_vless_3,[ChromeGO-Merge] 🇫🇷 France_tuic_0,[ChromeGO-Merge] 🇺🇸 United States_tuic_1...+274 | err=rc=1 Mihomo exited before controller became ready time="2026-09-28T15:35:47.212815467Z" level=info msg="Start initial configuration in progress" time="2026-09-28T15:35:47.231824610Z" level=fatal msg="Parse config error: proxy 18: '' has ...
[WARN] batch start failed | size=277 {33} | split=138 {46} + 139 {47}
[TEST] {31} tested=100/277 | kept=1 | rest=8614
[TEST] {34} tested=100/276 | kept=0 | rest=8481
[TEST] {31} tested=200/277 | kept=2 | rest=8319
[TEST] {2} tested=2300/8846 | kept=269 | rest=8296
[TEST] {28} tested=100/276 | kept=4 | rest=8216
[TEST] {2} tested=2400/8846 | kept=276 | rest=8078
[TEST] {28} tested=200/276 | kept=14 | rest=8048
[TEST] {34} tested=200/276 | kept=0 | rest=7915
[TEST] {34} tested=276/276 | kept=0 | rest=7796
[WARN] batch start failed | size=276 {34} | split=138 {48} + 138 {49}
[TEST] {31} tested=277/277 | kept=3 | rest=7786
[TEST] {35} tested=100/277 | kept=0 | rest=7685
[TEST] {35} tested=200/277 | kept=0 | rest=7581
[DEBUG] mihomo start-fail | branch={36} | size=138 | parse=1 | rc=1 | names=[Free-clash-v2ray] 🇫🇷FR_1789|744KB/s|B00,[Free-clash-v2ray] 🇫🇷FR_1790|536KB/s|B00,[Free-clash-v2ray] 🇫🇷FR_1791|297KB/s|M00...+135 | err=rc=1 Mihomo exited before controller became ready time="2026-09-28T15:35:53.689163938Z" level=info msg="Start initial configuration in progress" time="2026-09-28T15:35:53.714914689Z" level=fatal msg="Parse config error: proxy 120: '' has...
[WARN] batch start failed | size=138 {36} | split=69 {50} + 69 {51}
[TEST] {2} tested=2500/8846 | kept=287 | rest=7554
[TEST] {2} tested=2600/8846 | kept=288 | rest=7378
[TEST] {28} tested=276/276 | kept=27 | rest=7327
[TEST] {2} tested=2700/8846 | kept=288 | rest=7166
[TEST] {38} tested=100/138 | kept=15 | rest=7054
[TEST] {2} tested=2800/8846 | kept=288 | rest=7031
[TEST] {35} tested=277/277 | kept=0 | rest=6933
[WARN] batch start failed | size=277 {35} | split=138 {52} + 139 {53}
[DEBUG] mihomo start-fail | branch={39} | size=139 | parse=1 | rc=1 | names=[Pawdroid-SS-APK] 欧盟+V2CROSS.COM,[Pawdroid-SS-APK] 俄罗斯+V2CROSS.COM-2,[Pawdroid-SS-APK] 美国+V2CROSS.COM-6...+136 | err=rc=1 Mihomo exited before controller became ready time="2026-09-28T15:35:58.785648572Z" level=info msg="Start initial configuration in progress" time="2026-09-28T15:35:58.798195964Z" level=fatal msg="Parse config error: proxy 61: ss 82.3...
[WARN] batch start failed | size=139 {39} | split=69 {54} + 70 {55}
[TEST] {37} tested=100/139 | kept=49 | rest=6910
[DEBUG] mihomo start-fail | branch={41} | size=139 | parse=1 | rc=1 | names=[Epodonios] EPODONIOS-86,[Epodonios] EPODONIOS-87,[Epodonios] EPODONIOS-88...+136 | err=rc=1 Mihomo exited before controller became ready time="2026-09-28T15:35:58.929339413Z" level=info msg="Start initial configuration in progress" time="2026-09-28T15:35:58.929453416Z" level=fatal msg="Parse config error: proxy 0: 'reality...
[WARN] batch start failed | size=139 {41} | split=69 {56} + 70 {57}
[TEST] {37} tested=139/139 | kept=50 | rest=6789
[DEBUG] mihomo start-fail | branch={42} | size=138 | parse=1 | rc=1 | names=[Epodonios] EPODONIOS-224,[Epodonios] EPODONIOS-225,[Epodonios] EPODONIOS-226...+135 | err=rc=1 Mihomo exited before controller became ready time="2026-09-28T15:35:59.673570692Z" level=info msg="Start initial configuration in progress" time="2026-09-28T15:35:59.674186752Z" level=fatal msg="Parse config error: proxy 18: ss 78.3...
[WARN] batch start failed | size=138 {42} | split=69 {58} + 69 {59}
[TEST] {2} tested=2900/8846 | kept=288 | rest=6611
[TEST] {38} tested=138/138 | kept=26 | rest=6540
[DEBUG] mihomo start-fail | branch={45} | size=138 | parse=1 | rc=1 | names=[免费节点10] 🇺🇸 US 999 → tg@nicevpn123,[免费节点11] ❓Other_1|1.4MB/s,[免费节点11] 🇮🇩ID_1|4.2MB/s...+135 | err=rc=1 Mihomo exited before controller became ready time="2026-09-28T15:36:02.040415018Z" level=info msg="Start initial configuration in progress" time="2026-09-28T15:36:02.056166794Z" level=fatal msg="Parse config error: proxy 118: '' has...
[WARN] batch start failed | size=138 {45} | split=69 {60} + 69 {61}
[TEST] {2} tested=3000/8846 | kept=288 | rest=6386
[TEST] {40} tested=100/138 | kept=22 | rest=6380
[TEST] {40} tested=138/138 | kept=22 | rest=6335
[TEST] {43} tested=100/138 | kept=1 | rest=6259
[TEST] {43} tested=138/138 | kept=1 | rest=6170
[TEST] {47} tested=100/139 | kept=59 | rest=6152
[DEBUG] mihomo start-fail | branch={46} | size=138 | parse=1 | rc=1 | names=[ChromeGO-Merge] None_vless_3,[ChromeGO-Merge] 🇫🇷 France_tuic_0,[ChromeGO-Merge] 🇺🇸 United States_tuic_1...+135 | err=rc=1 Mihomo exited before controller became ready time="2026-09-28T15:36:05.313957787Z" level=info msg="Start initial configuration in progress" time="2026-09-28T15:36:05.326903130Z" level=fatal msg="Parse config error: proxy 18: '' has ...
[WARN] batch start failed | size=138 {46} | split=69 {62} + 69 {63}
[TEST] {2} tested=3100/8846 | kept=297 | rest=5989
[TEST] {2} tested=3200/8846 | kept=299 | rest=5878
[TEST] {44} tested=100/138 | kept=0 | rest=5866
[TEST] {44} tested=138/138 | kept=0 | rest=5798
[WARN] batch start failed | size=138 {44} | split=69 {64} + 69 {65}
[TEST] {2} tested=3300/8846 | kept=299 | rest=5646
[TEST] {47} tested=139/139 | kept=89 | rest=5576
[TEST] {2} tested=3400/8846 | kept=302 | rest=5493
[TEST] {48} tested=100/138 | kept=0 | rest=5477
[TEST] {48} tested=138/138 | kept=0 | rest=5435
[WARN] batch start failed | size=138 {48} | split=69 {66} + 69 {67}
[DEBUG] mihomo start-fail | branch={51} | size=69 | parse=1 | rc=1 | names=[Free-clash-v2ray] 🇺🇸US_619|524KB/s|A004,[Free-clash-v2ray] 🇺🇸US_621|684KB/s|A004,[Free-clash-v2ray] 🇺🇸US_622|671KB/s|A004...+66 | err=rc=1 Mihomo exited before controller became ready time="2026-09-28T15:36:10.803988764Z" level=info msg="Start initial configuration in progress" time="2026-09-28T15:36:10.818463725Z" level=fatal msg="Parse config error: proxy 51: '' has ...
[WARN] batch start failed | size=69 {51} | split=34 {68} + 35 {69}
[TEST] {2} tested=3500/8846 | kept=302 | rest=5247
[TEST] {52} tested=100/138 | kept=0 | rest=5158
[TEST] {49} tested=100/138 | kept=0 | rest=5157
[TEST] {49} tested=138/138 | kept=0 | rest=5107
[WARN] batch start failed | size=138 {49} | split=69 {70} + 69 {71}
[TEST] {2} tested=3600/8846 | kept=302 | rest=5093
[TEST] {53} tested=100/139 | kept=0 | rest=4974
[TEST] {50} tested=69/69 | kept=7 | rest=4879
[DEBUG] mihomo start-fail | branch={54} | size=69 | parse=1 | rc=1 | names=[Pawdroid-SS-APK] 欧盟+V2CROSS.COM,[Pawdroid-SS-APK] 俄罗斯+V2CROSS.COM-2,[Pawdroid-SS-APK] 美国+V2CROSS.COM-6...+66 | err=rc=1 Mihomo exited before controller became ready time="2026-09-28T15:36:15.076640953Z" level=info msg="Start initial configuration in progress" time="2026-09-28T15:36:15.089041216Z" level=fatal msg="Parse config error: proxy 61: ss 82.3...
[WARN] batch start failed | size=69 {54} | split=34 {72} + 35 {73}
[TEST] {2} tested=3700/8846 | kept=302 | rest=4867
[TEST] {52} tested=138/138 | kept=0 | rest=4724
[WARN] batch start failed | size=138 {52} | split=69 {74} + 69 {75}
[DEBUG] mihomo start-fail | branch={56} | size=69 | parse=1 | rc=1 | names=[Epodonios] EPODONIOS-86,[Epodonios] EPODONIOS-87,[Epodonios] EPODONIOS-88...+66 | err=rc=1 Mihomo exited before controller became ready time="2026-09-28T15:36:16.319718813Z" level=info msg="Start initial configuration in progress" time="2026-09-28T15:36:16.319816436Z" level=fatal msg="Parse config error: proxy 0: 'reality...
[WARN] batch start failed | size=69 {56} | split=34 {76} + 35 {77}
[TEST] {2} tested=3800/8846 | kept=302 | rest=4661
[TEST] {53} tested=139/139 | kept=0 | rest=4629
[WARN] batch start failed | size=139 {53} | split=69 {78} + 70 {79}
[DEBUG] mihomo start-fail | branch={58} | size=69 | parse=1 | rc=1 | names=[Epodonios] EPODONIOS-224,[Epodonios] EPODONIOS-225,[Epodonios] EPODONIOS-226...+66 | err=rc=1 Mihomo exited before controller became ready time="2026-09-28T15:36:18.405946159Z" level=info msg="Start initial configuration in progress" time="2026-09-28T15:36:18.406454088Z" level=fatal msg="Parse config error: proxy 18: ss 78.3...
[WARN] batch start failed | size=69 {58} | split=34 {80} + 35 {81}
[TEST] {55} tested=70/70 | kept=1 | rest=4525
[TEST] {2} tested=3900/8846 | kept=303 | rest=4421
[TEST] {57} tested=70/70 | kept=1 | rest=4366
[DEBUG] mihomo start-fail | branch={61} | size=69 | parse=1 | rc=1 | names=[免费节点11] 🇩🇪 德国 未知 11 s,[免费节点11] 🇳🇱 荷兰 未知 12 s,[免费节点11] 🇬🇧 英国 未知 14 s...+66 | err=rc=1 Mihomo exited before controller became ready time="2026-09-28T15:36:21.677285176Z" level=info msg="Start initial configuration in progress" time="2026-09-28T15:36:21.689877073Z" level=fatal msg="Parse config error: proxy 49: '' has ...
[WARN] batch start failed | size=69 {61} | split=34 {82} + 35 {83}
[TEST] {59} tested=69/69 | kept=0 | rest=4206
[WARN] batch start failed | size=69 {59} | split=34 {84} + 35 {85}
[DEBUG] mihomo start-fail | branch={62} | size=69 | parse=1 | rc=1 | names=[ChromeGO-Merge] None_vless_3,[ChromeGO-Merge] 🇫🇷 France_tuic_0,[ChromeGO-Merge] 🇺🇸 United States_tuic_1...+66 | err=rc=1 Mihomo exited before controller became ready time="2026-09-28T15:36:23.775977164Z" level=info msg="Start initial configuration in progress" time="2026-09-28T15:36:23.787446516Z" level=fatal msg="Parse config error: proxy 18: '' has ...
[WARN] batch start failed | size=69 {62} | split=34 {86} + 35 {87}
[TEST] {2} tested=4000/8846 | kept=338 | rest=4152
[TEST] {60} tested=69/69 | kept=19 | rest=4096
[TEST] {63} tested=69/69 | kept=61 | rest=4007
[TEST] {2} tested=4100/8846 | kept=342 | rest=3898
[TEST] {64} tested=69/69 | kept=0 | rest=3868
[WARN] batch start failed | size=69 {64} | split=34 {88} + 35 {89}
[TEST] {65} tested=69/69 | kept=0 | rest=3762
[WARN] batch start failed | size=69 {65} | split=34 {90} + 35 {91}
[TEST] {2} tested=4200/8846 | kept=342 | rest=3687
[TEST] {66} tested=69/69 | kept=0 | rest=3677
[WARN] batch start failed | size=69 {66} | split=34 {92} + 35 {93}
[DEBUG] mihomo start-fail | branch={69} | size=35 | parse=1 | rc=1 | names=[Free-clash-v2ray] 🇺🇸US_652|816KB/s|A004,[Free-clash-v2ray] 🇩🇪DE_137|845KB/s|B007,[Free-clash-v2ray] 🇹🇼TW_36|175KB/s|M003-...+32 | err=rc=1 Mihomo exited before controller became ready time="2026-09-28T15:36:32.265606653Z" level=info msg="Start initial configuration in progress" time="2026-09-28T15:36:32.277138617Z" level=fatal msg="Parse config error: proxy 17: '' has ...
[WARN] batch start failed | size=35 {69} | split=17 {94} + 18 {95}
[TEST] {67} tested=69/69 | kept=0 | rest=3538
[WARN] batch start failed | size=69 {67} | split=34 {96} + 35 {97}
[TEST] {2} tested=4300/8846 | kept=342 | rest=3461
[TEST] {68} tested=34/34 | kept=5 | rest=3455
[DEBUG] mihomo start-fail | branch={73} | size=35 | parse=1 | rc=1 | names=[Pawdroid-SS-APK] Singapore-2,[Pawdroid-SS-APK] United+States,[Pawdroid-SS-APK] Singapore-3...+32 | err=rc=1 Mihomo exited before controller became ready time="2026-09-28T15:36:36.174655464Z" level=info msg="Start initial configuration in progress" time="2026-09-28T15:36:36.175192858Z" level=fatal msg="Parse config error: proxy 27: ss 82.3...
[WARN] batch start failed | size=35 {73} | split=17 {98} + 18 {99}
[TEST] {70} tested=69/69 | kept=0 | rest=3374
[WARN] batch start failed | size=69 {70} | split=34 {100} + 35 {101}
[TEST] {71} tested=69/69 | kept=0 | rest=3248
[WARN] batch start failed | size=69 {71} | split=34 {102} + 35 {103}
[TEST] {2} tested=4400/8846 | kept=342 | rest=3247
[TEST] {72} tested=34/34 | kept=1 | rest=3101
[DEBUG] mihomo start-fail | branch={76} | size=34 | parse=1 | rc=1 | names=[Epodonios] EPODONIOS-86,[Epodonios] EPODONIOS-87,[Epodonios] EPODONIOS-88...+31 | err=rc=1 Mihomo exited before controller became ready time="2026-09-28T15:36:41.483852575Z" level=info msg="Start initial configuration in progress" time="2026-09-28T15:36:41.483937032Z" level=fatal msg="Parse config error: proxy 0: 'reality...
[WARN] batch start failed | size=34 {76} | split=17 {104} + 17 {105}
[TEST] {2} tested=4500/8846 | kept=342 | rest=3062
[TEST] {74} tested=69/69 | kept=0 | rest=3012
[WARN] batch start failed | size=69 {74} | split=34 {106} + 35 {107}
[TEST] {75} tested=69/69 | kept=0 | rest=2878
[WARN] batch start failed | size=69 {75} | split=34 {108} + 35 {109}
[TEST] {2} tested=4600/8846 | kept=342 | rest=2806
[TEST] {77} tested=35/35 | kept=1 | rest=2764
[DEBUG] mihomo start-fail | branch={80} | size=34 | parse=1 | rc=1 | names=[Epodonios] EPODONIOS-224,[Epodonios] EPODONIOS-225,[Epodonios] EPODONIOS-226...+31 | err=rc=1 Mihomo exited before controller became ready time="2026-09-28T15:36:46.786384452Z" level=info msg="Start initial configuration in progress" time="2026-09-28T15:36:46.786927807Z" level=fatal msg="Parse config error: proxy 18: ss 78.3...
[WARN] batch start failed | size=34 {80} | split=17 {110} + 17 {111}
[TEST] {79} tested=70/70 | kept=0 | rest=2658
[WARN] batch start failed | size=70 {79} | split=35 {112} + 35 {113}
[TEST] {2} tested=4700/8846 | kept=342 | rest=2654
[TEST] {78} tested=69/69 | kept=0 | rest=2564
[WARN] batch start failed | size=69 {78} | split=34 {114} + 35 {115}
[DEBUG] mihomo start-fail | branch={83} | size=35 | parse=1 | rc=1 | names=[ChromeGO-ShiteThings] 节点10,[ChromeGO-ShiteThings] 节点11,[ChromeGO-ShiteThings] 节点16...+32 | err=rc=1 Mihomo exited before controller became ready time="2026-09-28T15:36:50.097436627Z" level=info msg="Start initial configuration in progress" time="2026-09-28T15:36:50.110089307Z" level=fatal msg="Parse config error: proxy 15: '' has ...
[WARN] batch start failed | size=35 {83} | split=17 {116} + 18 {117}
[TEST] {81} tested=35/35 | kept=1 | rest=2494
[TEST] {2} tested=4800/8846 | kept=342 | rest=2478
[TEST] {82} tested=34/34 | kept=5 | rest=2404
[DEBUG] mihomo start-fail | branch={86} | size=34 | parse=1 | rc=1 | names=[ChromeGO-Merge] None_vless_3,[ChromeGO-Merge] 🇫🇷 France_tuic_0,[ChromeGO-Merge] 🇺🇸 United States_tuic_1...+31 | err=rc=1 Mihomo exited before controller became ready time="2026-09-28T15:36:53.280504868Z" level=info msg="Start initial configuration in progress" time="2026-09-28T15:36:53.293412358Z" level=fatal msg="Parse config error: proxy 18: '' has ...
[WARN] batch start failed | size=34 {86} | split=17 {118} + 17 {119}
[TEST] {2} tested=4900/8846 | kept=342 | rest=2311
[TEST] {84} tested=34/34 | kept=0 | rest=2301
[WARN] batch start failed | size=34 {84} | split=17 {120} + 17 {121}
[TEST] {85} tested=35/35 | kept=0 | rest=2229
[WARN] batch start failed | size=35 {85} | split=17 {122} + 18 {123}
[TEST] {2} tested=5000/8846 | kept=342 | rest=2140
[TEST] {87} tested=35/35 | kept=8 | rest=2136
[TEST] {89} tested=35/35 | kept=0 | rest=2053
[WARN] batch start failed | size=35 {89} | split=17 {124} + 18 {125}
[TEST] {88} tested=34/34 | kept=0 | rest=1979
[WARN] batch start failed | size=34 {88} | split=17 {126} + 17 {127}
[TEST] {2} tested=5100/8846 | kept=342 | rest=1939
[TEST] {90} tested=34/34 | kept=0 | rest=1882
[WARN] batch start failed | size=34 {90} | split=17 {128} + 17 {129}
[TEST] {2} tested=5200/8846 | kept=342 | rest=1798
[TEST] {91} tested=35/35 | kept=0 | rest=1761
[WARN] batch start failed | size=35 {91} | split=17 {130} + 18 {131}
[TEST] {92} tested=34/34 | kept=0 | rest=1714
[WARN] batch start failed | size=34 {92} | split=17 {132} + 17 {133}
[DEBUG] mihomo start-fail | branch={95} | size=18 | parse=1 | rc=1 | names=[Free-clash-v2ray] hysteria,[Free-clash-v2ray] 🇫🇮FI_1|387KB/s|M002-2,[Free-clash-v2ray] 🇫🇮FI_2|227KB/s|M002-2...+15 | err=rc=1 Mihomo exited before controller became ready time="2026-09-28T15:37:07.614559695Z" level=info msg="Start initial configuration in progress" time="2026-09-28T15:37:07.614658780Z" level=fatal msg="Parse config error: proxy 0: '' has u...
[WARN] batch start failed | size=18 {95} | split=9 {134} + 9 {135}
[TEST] {93} tested=35/35 | kept=0 | rest=1666
[WARN] batch start failed | size=35 {93} | split=17 {136} + 18 {137}
[TEST] {2} tested=5300/8846 | kept=342 | rest=1630
[TEST] {94} tested=17/17 | kept=2 | rest=1569
[TEST] {2} tested=5400/8846 | kept=342 | rest=1513
[TEST] {97} tested=35/35 | kept=0 | rest=1497
[WARN] batch start failed | size=35 {97} | split=17 {138} + 18 {139}
[DEBUG] mihomo start-fail | branch={99} | size=18 | parse=1 | rc=1 | names=[Pawdroid-SS-APK] Canada-2,[Pawdroid-SS-APK] United+States-8,[Pawdroid-SS-APK] Singapore-5...+15 | err=rc=1 Mihomo exited before controller became ready time="2026-09-28T15:37:12.922282707Z" level=info msg="Start initial configuration in progress" time="2026-09-28T15:37:12.922589190Z" level=fatal msg="Parse config error: proxy 10: ss 82.3...
[WARN] batch start failed | size=18 {99} | split=9 {140} + 9 {141}
[TEST] {96} tested=34/34 | kept=0 | rest=1453
[WARN] batch start failed | size=34 {96} | split=17 {142} + 17 {143}
[TEST] {98} tested=17/17 | kept=1 | rest=1365
[TEST] {2} tested=5500/8846 | kept=342 | rest=1312
[TEST] {101} tested=35/35 | kept=0 | rest=1268
[WARN] batch start failed | size=35 {101} | split=17 {144} + 18 {145}
[TEST] {100} tested=34/34 | kept=0 | rest=1229
[WARN] batch start failed | size=34 {100} | split=17 {146} + 17 {147}
[TEST] {2} tested=5600/8846 | kept=342 | rest=1154
[TEST] {103} tested=35/35 | kept=0 | rest=1139
[WARN] batch start failed | size=35 {103} | split=17 {148} + 18 {149}
[DEBUG] mihomo start-fail | branch={104} | size=17 | parse=1 | rc=1 | names=[Epodonios] EPODONIOS-86,[Epodonios] EPODONIOS-87,[Epodonios] EPODONIOS-88...+14 | err=rc=1 Mihomo exited before controller became ready time="2026-09-28T15:37:21.393693623Z" level=info msg="Start initial configuration in progress" time="2026-09-28T15:37:21.393836079Z" level=fatal msg="Parse config error: proxy 0: 'reality...
[WARN] batch start failed | size=17 {104} | split=8 {150} + 9 {151}
[TEST] {102} tested=34/34 | kept=0 | rest=1056
[WARN] batch start failed | size=34 {102} | split=17 {152} + 17 {153}
[TEST] {105} tested=17/17 | kept=0 | rest=1015
[WARN] batch start failed | size=17 {105} | split=8 {154} + 9 {155}
[TEST] {2} tested=5700/8846 | kept=342 | rest=952
[TEST] {106} tested=34/34 | kept=0 | rest=912
[WARN] batch start failed | size=34 {106} | split=17 {156} + 17 {157}
[TEST] {107} tested=35/35 | kept=0 | rest=823
[WARN] batch start failed | size=35 {107} | split=17 {158} + 18 {159}
[TEST] {108} tested=34/34 | kept=0 | rest=798
[WARN] batch start failed | size=34 {108} | split=17 {160} + 17 {161}
[DEBUG] mihomo start-fail | branch={111} | size=17 | parse=1 | rc=1 | names=[Epodonios] EPODONIOS-241,[Epodonios] EPODONIOS-242,[Epodonios] EPODONIOS-243...+14 | err=rc=1 Mihomo exited before controller became ready time="2026-09-28T15:37:29.649882614Z" level=info msg="Start initial configuration in progress" time="2026-09-28T15:37:29.649971029Z" level=fatal msg="Parse config error: proxy 1: ss 78.38...
[WARN] batch start failed | size=17 {111} | split=8 {162} + 9 {163}
[TEST] {2} tested=5800/8846 | kept=342 | rest=784
[TEST] {109} tested=35/35 | kept=0 | rest=699
[WARN] batch start failed | size=35 {109} | split=17 {164} + 18 {165}
[TEST] {110} tested=17/17 | kept=1 | rest=623
[TEST] {2} tested=5900/8846 | kept=342 | rest=589
[TEST] {112} tested=35/35 | kept=0 | rest=566
[WARN] batch start failed | size=35 {112} | split=17 {166} + 18 {167}
[TEST] {113} tested=35/35 | kept=0 | rest=457
[WARN] batch start failed | size=35 {113} | split=17 {168} + 18 {169}
[DEBUG] mihomo start-fail | branch={116} | size=17 | parse=1 | rc=1 | names=[ChromeGO-ShiteThings] 节点10,[ChromeGO-ShiteThings] 节点11,[ChromeGO-ShiteThings] 节点16...+14 | err=rc=1 Mihomo exited before controller became ready time="2026-09-28T15:37:37.189256865Z" level=info msg="Start initial configuration in progress" time="2026-09-28T15:37:37.200465811Z" level=fatal msg="Parse config error: proxy 15: '' has ...
[WARN] batch start failed | size=17 {116} | split=8 {170} + 9 {171}
[DEBUG] mihomo start-fail | branch={117} | size=18 | parse=1 | rc=1 | names=[ChromeGO-ShiteThings] hysteria-3,[ChromeGO-ShiteThings] hysteria-4,[ChromeGO-ShiteThings] hysteria-5...+15 | err=rc=1 Mihomo exited before controller became ready time="2026-09-28T15:37:37.316313758Z" level=info msg="Start initial configuration in progress" time="2026-09-28T15:37:37.316438782Z" level=fatal msg="Parse config error: proxy 0: '' has u...
[WARN] batch start failed | size=18 {117} | split=9 {172} + 9 {173}
[TEST] {2} tested=6000/8846 | kept=342 | rest=441
[TEST] {114} tested=34/34 | kept=0 | rest=412
[WARN] batch start failed | size=34 {114} | split=17 {174} + 17 {175}
[DEBUG] mihomo start-fail | branch={119} | size=17 | parse=1 | rc=1 | names=[ChromeGO-Merge] WARP,[ChromeGO-Merge] Taiwan,[ChromeGO-Merge] France...+14 | err=rc=1 Mihomo exited before controller became ready time="2026-09-28T15:37:38.908698714Z" level=info msg="Start initial configuration in progress" time="2026-09-28T15:37:38.909211311Z" level=fatal msg="Parse config error: proxy 1: '' has u...
[WARN] batch start failed | size=17 {119} | split=8 {176} + 9 {177}
[TEST] {115} tested=35/35 | kept=0 | rest=365
[WARN] batch start failed | size=35 {115} | split=17 {178} + 18 {179}
[TEST] {2} tested=6100/8846 | kept=342 | rest=301
[TEST] {118} tested=17/17 | kept=0 | rest=280
[WARN] batch start failed | size=17 {118} | split=8 {180} + 9 {181}
[TEST] {120} tested=17/17 | kept=0 | rest=235
[WARN] batch start failed | size=17 {120} | split=8 {182} + 9 {183}
[TEST] {121} tested=17/17 | kept=0 | rest=181
[WARN] batch start failed | size=17 {121} | split=8 {184} + 9 {185}
[TEST] {2} tested=6200/8846 | kept=342 | rest=138
[TEST] {122} tested=17/17 | kept=0 | rest=108
[WARN] batch start failed | size=17 {122} | split=8 {186} + 9 {187}
[TEST] {123} tested=18/18 | kept=0 | rest=66
[WARN] batch start failed | size=18 {123} | split=9 {188} + 9 {189}
[TEST] {124} tested=17/17 | kept=0 | rest=6
[WARN] batch start failed | size=17 {124} | split=8 {190} + 9 {191}
[TEST] {2} tested=6300/8846 | kept=342 | rest=0
[TEST] {125} tested=18/18 | kept=0 | rest=0
[WARN] batch start failed | size=18 {125} | split=9 {192} + 9 {193}
[TEST] {2} tested=6400/8846 | kept=342 | rest=0
[TEST] {127} tested=17/17 | kept=0 | rest=0
[WARN] batch start failed | size=17 {127} | split=8 {194} + 9 {195}
[TEST] {126} tested=17/17 | kept=0 | rest=0
[WARN] batch start failed | size=17 {126} | split=8 {196} + 9 {197}
[TEST] {2} tested=6500/8846 | kept=342 | rest=0
[TEST] {2} tested=6600/8846 | kept=342 | rest=0
[TEST] {128} tested=17/17 | kept=0 | rest=0
[WARN] batch start failed | size=17 {128} | split=8 {198} + 9 {199}
[TEST] {2} tested=6700/8846 | kept=342 | rest=0
[TEST] {129} tested=17/17 | kept=0 | rest=0
[WARN] batch start failed | size=17 {129} | split=8 {200} + 9 {201}
[TEST] {2} tested=6800/8846 | kept=342 | rest=0
[TEST] {130} tested=17/17 | kept=0 | rest=0
[WARN] batch start failed | size=17 {130} | split=8 {202} + 9 {203}
[TEST] {133} tested=17/17 | kept=0 | rest=0
[WARN] batch start failed | size=17 {133} | split=8 {204} + 9 {205}
[TEST] {2} tested=6900/8846 | kept=342 | rest=0
[DEBUG] mihomo start-fail | branch={134} | size=9 | parse=1 | rc=1 | names=[Free-clash-v2ray] hysteria,[Free-clash-v2ray] 🇫🇮FI_1|387KB/s|M002-2,[Free-clash-v2ray] 🇫🇮FI_2|227KB/s|M002-2...+6 | err=rc=1 Mihomo exited before controller became ready time="2026-09-28T15:38:00.931492163Z" level=info msg="Start initial configuration in progress" time="2026-09-28T15:38:00.931580227Z" level=fatal msg="Parse config error: proxy 0: '' has u...
[WARN] batch start failed | size=9 {134} | split=4 {206} + 5 {207}
[TEST] {131} tested=18/18 | kept=0 | rest=0
[TEST] {132} tested=17/17 | kept=0 | rest=0
[WARN] batch start failed | size=17 {132} | split=8 {208} + 9 {209}
[WARN] batch start failed | size=18 {131} | split=9 {210} + 9 {211}
[TEST] {2} tested=7000/8846 | kept=344 | rest=0
[TEST] {2} tested=7100/8846 | kept=345 | rest=0
[TEST] {135} tested=9/9 | kept=5 | rest=0
[TEST] {2} tested=7200/8846 | kept=345 | rest=0
[TEST] {137} tested=18/18 | kept=0 | rest=0
[WARN] batch start failed | size=18 {137} | split=9 {212} + 9 {213}
[TEST] {136} tested=17/17 | kept=0 | rest=0
[WARN] batch start failed | size=17 {136} | split=8 {214} + 9 {215}
[DEBUG] mihomo start-fail | branch={141} | size=9 | parse=1 | rc=1 | names=[Pawdroid-SS-APK] United+Kingdom-3,[Pawdroid-SS-APK] United+Kingdom-4,[Pawdroid-SS-APK] United+Kingdom-5...+6 | err=rc=1 Mihomo exited before controller became ready time="2026-09-28T15:38:08.384341414Z" level=info msg="Start initial configuration in progress" time="2026-09-28T15:38:08.384513886Z" level=fatal msg="Parse config error: proxy 1: ss 82.38...
[WARN] batch start failed | size=9 {141} | split=4 {216} + 5 {217}
[TEST] {2} tested=7300/8846 | kept=345 | rest=0
[TEST] {2} tested=7400/8846 | kept=345 | rest=0
[TEST] {2} tested=7500/8846 | kept=345 | rest=0
[TEST] {138} tested=17/17 | kept=0 | rest=0
[WARN] batch start failed | size=17 {138} | split=8 {218} + 9 {219}
[TEST] {139} tested=18/18 | kept=0 | rest=0
[WARN] batch start failed | size=18 {139} | split=9 {220} + 9 {221}
[TEST] {140} tested=9/9 | kept=1 | rest=0
[TEST] {2} tested=7600/8846 | kept=345 | rest=0
[TEST] {142} tested=17/17 | kept=0 | rest=0
[WARN] batch start failed | size=17 {142} | split=8 {222} + 9 {223}
[TEST] {2} tested=7700/8846 | kept=356 | rest=0
[TEST] {143} tested=17/17 | kept=0 | rest=0
[WARN] batch start failed | size=17 {143} | split=8 {224} + 9 {225}
[TEST] {144} tested=17/17 | kept=0 | rest=0
[WARN] batch start failed | size=17 {144} | split=8 {226} + 9 {227}
[TEST] {2} tested=7800/8846 | kept=360 | rest=0
[TEST] {145} tested=18/18 | kept=0 | rest=0
[WARN] batch start failed | size=18 {145} | split=9 {228} + 9 {229}
[TEST] {146} tested=17/17 | kept=0 | rest=0
[WARN] batch start failed | size=17 {146} | split=8 {230} + 9 {231}
[TEST] {147} tested=17/17 | kept=0 | rest=0
[WARN] batch start failed | size=17 {147} | split=8 {232} + 9 {233}
[DEBUG] mihomo start-fail | branch={150} | size=8 | parse=1 | rc=1 | names=[Epodonios] EPODONIOS-86,[Epodonios] EPODONIOS-87,[Epodonios] EPODONIOS-88...+5 | err=rc=1 Mihomo exited before controller became ready time="2026-09-28T15:38:24.002049858Z" level=info msg="Start initial configuration in progress" time="2026-09-28T15:38:24.002170714Z" level=fatal msg="Parse config error: proxy 0: 'reality...
[DEBUG] mihomo split-small | branch={150} | size=8 | parse=1 | names=[Epodonios] EPODONIOS-86,[Epodonios] EPODONIOS-87,[Epodonios] EPODONIOS-88...+5 | err=Mihomo exited before controller became ready time="2026-09-28T15:38:24.002049858Z" level=info msg="Start initial configuration in progress" time="2026-09-28T15:38:24.002170714Z" level=fatal msg="Parse config error: proxy 0: 'reality-opts...
[WARN] batch start failed | size=8 {150} | split=1 {234} + 1 {235} + 1 {236} + 1 {237} + 1 {238} + 1 {239} + 1 {240} + 1 {241}
[TEST] {2} tested=7900/8846 | kept=360 | rest=0
[TEST] {148} tested=17/17 | kept=0 | rest=0
[WARN] batch start failed | size=17 {148} | split=8 {242} + 9 {243}
[TEST] {2} tested=8000/8846 | kept=361 | rest=0
[TEST] {149} tested=18/18 | kept=0 | rest=0
[WARN] batch start failed | size=18 {149} | split=9 {244} + 9 {245}
[TEST] {2} tested=8100/8846 | kept=361 | rest=0
[TEST] {151} tested=9/9 | kept=0 | rest=0
[WARN] batch start failed | size=9 {151} | split=4 {246} + 5 {247}
[TEST] {2} tested=8200/8846 | kept=361 | rest=0
[TEST] {152} tested=17/17 | kept=0 | rest=0
[WARN] batch start failed | size=17 {152} | split=8 {248} + 9 {249}
[TEST] {2} tested=8300/8846 | kept=361 | rest=0
[TEST] {153} tested=17/17 | kept=0 | rest=0
[WARN] batch start failed | size=17 {153} | split=8 {250} + 9 {251}
[TEST] {154} tested=8/8 | kept=0 | rest=0
[DEBUG] mihomo split-small | branch={154} | size=8 | parse=0 | names=[Epodonios] EPODONIOS-103,[Epodonios] EPODONIOS-104,[Epodonios] EPODONIOS-105...+5 | err=-
[WARN] batch start failed | size=8 {154} | split=1 {252} + 1 {253} + 1 {254} + 1 {255} + 1 {256} + 1 {257} + 1 {258} + 1 {259}
[TEST] {2} tested=8400/8846 | kept=361 | rest=0
[TEST] {155} tested=9/9 | kept=0 | rest=0
[WARN] batch start failed | size=9 {155} | split=4 {260} + 5 {261}
[TEST] {2} tested=8500/8846 | kept=361 | rest=0
[TEST] {156} tested=17/17 | kept=0 | rest=0
[WARN] batch start failed | size=17 {156} | split=8 {262} + 9 {263}
[TEST] {157} tested=17/17 | kept=0 | rest=0
[WARN] batch start failed | size=17 {157} | split=8 {264} + 9 {265}
[TEST] {2} tested=8600/8846 | kept=361 | rest=0
[TEST] {158} tested=17/17 | kept=0 | rest=0
[WARN] batch start failed | size=17 {158} | split=8 {266} + 9 {267}
[TEST] {159} tested=18/18 | kept=0 | rest=0
[WARN] batch start failed | size=18 {159} | split=9 {268} + 9 {269}
[TEST] {2} tested=8700/8846 | kept=362 | rest=0
[DEBUG] mihomo start-fail | branch={162} | size=8 | parse=1 | rc=1 | names=[Epodonios] EPODONIOS-241,[Epodonios] EPODONIOS-242,[Epodonios] EPODONIOS-243...+5 | err=rc=1 Mihomo exited before controller became ready time="2026-09-28T15:38:44.454084611Z" level=info msg="Start initial configuration in progress" time="2026-09-28T15:38:44.454200468Z" level=fatal msg="Parse config error: proxy 1: ss 78.38...
[DEBUG] mihomo split-small | branch={162} | size=8 | parse=1 | names=[Epodonios] EPODONIOS-241,[Epodonios] EPODONIOS-242,[Epodonios] EPODONIOS-243...+5 | err=Mihomo exited before controller became ready time="2026-09-28T15:38:44.454084611Z" level=info msg="Start initial configuration in progress" time="2026-09-28T15:38:44.454200468Z" level=fatal msg="Parse config error: proxy 1: ss 78.38.246....
[WARN] batch start failed | size=8 {162} | split=1 {270} + 1 {271} + 1 {272} + 1 {273} + 1 {274} + 1 {275} + 1 {276} + 1 {277}
[TEST] {160} tested=17/17 | kept=0 | rest=0
[WARN] batch start failed | size=17 {160} | split=8 {278} + 9 {279}
[TEST] {161} tested=17/17 | kept=0 | rest=0
[WARN] batch start failed | size=17 {161} | split=8 {280} + 9 {281}
[TEST] {2} tested=8800/8846 | kept=362 | rest=0
[TEST] {163} tested=9/9 | kept=1 | rest=0
[TEST] {165} tested=18/18 | kept=0 | rest=0
[WARN] batch start failed | size=18 {165} | split=9 {282} + 9 {283}
[TEST] {2} tested=8846/8846 | kept=362 | rest=0
[TEST] {164} tested=17/17 | kept=0 | rest=0
[WARN] batch start failed | size=17 {164} | split=8 {284} + 9 {285}
[TEST] {167} tested=18/18 | kept=0 | rest=0
[WARN] batch start failed | size=18 {167} | split=9 {286} + 9 {287}
[DEBUG] mihomo start-fail | branch={171} | size=9 | parse=1 | rc=1 | names=[ChromeGO-ShiteThings] www.visa.cn,[ChromeGO-ShiteThings] zoneabc.net,[ChromeGO-ShiteThings] youxuan.cf.090227...+6 | err=rc=1 Mihomo exited before controller became ready time="2026-09-28T15:38:55.003574557Z" level=info msg="Start initial configuration in progress" time="2026-09-28T15:38:55.004003738Z" level=fatal msg="Parse config error: proxy 7: '' has u...
[WARN] batch start failed | size=9 {171} | split=4 {288} + 5 {289}
[TEST] {166} tested=17/17 | kept=0 | rest=0
[WARN] batch start failed | size=17 {166} | split=8 {290} + 9 {291}
[DEBUG] mihomo start-fail | branch={172} | size=9 | parse=1 | rc=1 | names=[ChromeGO-ShiteThings] hysteria-3,[ChromeGO-ShiteThings] hysteria-4,[ChromeGO-ShiteThings] hysteria-5...+6 | err=rc=1 Mihomo exited before controller became ready time="2026-09-28T15:38:55.160993214Z" level=info msg="Start initial configuration in progress" time="2026-09-28T15:38:55.161105293Z" level=fatal msg="Parse config error: proxy 0: '' has u...
[WARN] batch start failed | size=9 {172} | split=4 {292} + 5 {293}
[DEBUG] mihomo start-fail | branch={173} | size=9 | parse=1 | rc=1 | names=[ChromeGO-Merge] France_hy_1,[ChromeGO-Merge] United States_hy_3,[ChromeGO-Merge] United States_hy2_0...+6 | err=rc=1 Mihomo exited before controller became ready time="2026-09-28T15:38:55.285689053Z" level=info msg="Start initial configuration in progress" time="2026-09-28T15:38:55.296876207Z" level=fatal msg="Parse config error: proxy 4: '' has u...
[WARN] batch start failed | size=9 {173} | split=4 {294} + 5 {295}
[TEST] {168} tested=17/17 | kept=0 | rest=0
[WARN] batch start failed | size=17 {168} | split=8 {296} + 9 {297}
[TEST] {169} tested=18/18 | kept=0 | rest=0
[WARN] batch start failed | size=18 {169} | split=9 {298} + 9 {299}
[DEBUG] mihomo start-fail | branch={176} | size=8 | parse=1 | rc=1 | names=[ChromeGO-Merge] WARP,[ChromeGO-Merge] Taiwan,[ChromeGO-Merge] France...+5 | err=rc=1 Mihomo exited before controller became ready time="2026-09-28T15:38:57.739617263Z" level=info msg="Start initial configuration in progress" time="2026-09-28T15:38:57.739972155Z" level=fatal msg="Parse config error: proxy 1: '' has u...
[DEBUG] mihomo split-small | branch={176} | size=8 | parse=1 | names=[ChromeGO-Merge] WARP,[ChromeGO-Merge] Taiwan,[ChromeGO-Merge] France...+5 | err=Mihomo exited before controller became ready time="2026-09-28T15:38:57.739617263Z" level=info msg="Start initial configuration in progress" time="2026-09-28T15:38:57.739972155Z" level=fatal msg="Parse config error: proxy 1: '' has unset ...
[WARN] batch start failed | size=8 {176} | split=1 {300} + 1 {301} + 1 {302} + 1 {303} + 1 {304} + 1 {305} + 1 {306} + 1 {307}
[TEST] {170} tested=8/8 | kept=0 | rest=0
[DEBUG] mihomo split-small | branch={170} | size=8 | parse=0 | names=[ChromeGO-ShiteThings] 节点10,[ChromeGO-ShiteThings] 节点11,[ChromeGO-ShiteThings] 节点16...+5 | err=-
[WARN] batch start failed | size=8 {170} | split=1 {308} + 1 {309} + 1 {310} + 1 {311} + 1 {312} + 1 {313} + 1 {314} + 1 {315}
[TEST] {174} tested=17/17 | kept=0 | rest=0
[WARN] batch start failed | size=17 {174} | split=8 {316} + 9 {317}
[TEST] {175} tested=17/17 | kept=0 | rest=0
[WARN] batch start failed | size=17 {175} | split=8 {318} + 9 {319}
[TEST] {177} tested=9/9 | kept=0 | rest=0
[WARN] batch start failed | size=9 {177} | split=4 {320} + 5 {321}
[TEST] {178} tested=17/17 | kept=0 | rest=0
[WARN] batch start failed | size=17 {178} | split=8 {322} + 9 {323}
[TEST] {179} tested=18/18 | kept=0 | rest=0
[WARN] batch start failed | size=18 {179} | split=9 {324} + 9 {325}
[TEST] {181} tested=9/9 | kept=0 | rest=0
[WARN] batch start failed | size=9 {181} | split=4 {326} + 5 {327}
[TEST] {180} tested=8/8 | kept=0 | rest=0
[DEBUG] mihomo split-small | branch={180} | size=8 | parse=0 | names=[ChromeGO-Merge] None_vless_3,[ChromeGO-Merge] 🇫🇷 France_tuic_0,[ChromeGO-Merge] 🇺🇸 United States_tuic_1...+5 | err=-
[WARN] batch start failed | size=8 {180} | split=1 {328} + 1 {329} + 1 {330} + 1 {331} + 1 {332} + 1 {333} + 1 {334} + 1 {335}
[TEST] {182} tested=8/8 | kept=0 | rest=0
[DEBUG] mihomo split-small | branch={182} | size=8 | parse=0 | names=[Epodonios] EPODONIOS-291,[Epodonios] EPODONIOS-292,[Epodonios] EPODONIOS-293...+5 | err=-
[WARN] batch start failed | size=8 {182} | split=1 {336} + 1 {337} + 1 {338} + 1 {339} + 1 {340} + 1 {341} + 1 {342} + 1 {343}
[TEST] {183} tested=9/9 | kept=0 | rest=0
[WARN] batch start failed | size=9 {183} | split=4 {344} + 5 {345}
[TEST] {187} tested=9/9 | kept=0 | rest=0
[WARN] batch start failed | size=9 {187} | split=4 {346} + 5 {347}
[TEST] {185} tested=9/9 | kept=0 | rest=0
[WARN] batch start failed | size=9 {185} | split=4 {348} + 5 {349}
[TEST] {184} tested=8/8 | kept=0 | rest=0
[DEBUG] mihomo split-small | branch={184} | size=8 | parse=0 | names=[Epodonios] vless-2,[Epodonios] EPODONIOS-308,[Epodonios] EPODONIOS-309...+5 | err=-
[WARN] batch start failed | size=8 {184} | split=1 {350} + 1 {351} + 1 {352} + 1 {353} + 1 {354} + 1 {355} + 1 {356} + 1 {357}
[TEST] {186} tested=8/8 | kept=0 | rest=0
[DEBUG] mihomo split-small | branch={186} | size=8 | parse=0 | names=[Epodonios] EPODONIOS-324,[Epodonios] EPODONIOS-325,[Epodonios] EPODONIOS-326...+5 | err=-
[WARN] batch start failed | size=8 {186} | split=1 {358} + 1 {359} + 1 {360} + 1 {361} + 1 {362} + 1 {363} + 1 {364} + 1 {365}
[TEST] {188} tested=9/9 | kept=0 | rest=0
[WARN] batch start failed | size=9 {188} | split=4 {366} + 5 {367}
[TEST] {189} tested=9/9 | kept=0 | rest=0
[WARN] batch start failed | size=9 {189} | split=4 {368} + 5 {369}
[TEST] {190} tested=8/8 | kept=0 | rest=0
[DEBUG] mihomo split-small | branch={190} | size=8 | parse=0 | names=[免费节点10] 🇺🇸 US 884 → tg@nicevpn123,[免费节点10] 🇺🇸 US 886 → tg@nicevpn123,[免费节点10] 🇺🇸 US 887 → tg@nicevpn123...+5 | err=-
[WARN] batch start failed | size=8 {190} | split=1 {370} + 1 {371} + 1 {372} + 1 {373} + 1 {374} + 1 {375} + 1 {376} + 1 {377}
[TEST] {191} tested=9/9 | kept=0 | rest=0
[WARN] batch start failed | size=9 {191} | split=4 {378} + 5 {379}
[TEST] {193} tested=9/9 | kept=0 | rest=0
[WARN] batch start failed | size=9 {193} | split=4 {380} + 5 {381}
[TEST] {192} tested=9/9 | kept=0 | rest=0
[WARN] batch start failed | size=9 {192} | split=4 {382} + 5 {383}
[TEST] {194} tested=8/8 | kept=0 | rest=0
[DEBUG] mihomo split-small | branch={194} | size=8 | parse=0 | names=[免费节点10] 🇺🇸 US 864 → tg@nicevpn123,[免费节点10] 🇺🇸 US 865 → tg@nicevpn123,[免费节点10] 🇺🇸 US 867 → tg@nicevpn123...+5 | err=-
[WARN] batch start failed | size=8 {194} | split=1 {384} + 1 {385} + 1 {386} + 1 {387} + 1 {388} + 1 {389} + 1 {390} + 1 {391}
[TEST] {195} tested=9/9 | kept=0 | rest=0
[WARN] batch start failed | size=9 {195} | split=4 {392} + 5 {393}
[TEST] {197} tested=9/9 | kept=0 | rest=0
[WARN] batch start failed | size=9 {197} | split=4 {394} + 5 {395}
[TEST] {196} tested=8/8 | kept=0 | rest=0
[DEBUG] mihomo split-small | branch={196} | size=8 | parse=0 | names=[免费节点10] 🇺🇸 US 846 → tg@nicevpn123,[免费节点10] 🇺🇸 US 847 → tg@nicevpn123,[免费节点10] 🇺🇸 US 848 → tg@nicevpn123...+5 | err=-
[WARN] batch start failed | size=8 {196} | split=1 {396} + 1 {397} + 1 {398} + 1 {399} + 1 {400} + 1 {401} + 1 {402} + 1 {403}
[TEST] {199} tested=9/9 | kept=0 | rest=0
[WARN] batch start failed | size=9 {199} | split=4 {404} + 5 {405}
[TEST] {198} tested=8/8 | kept=0 | rest=0
[DEBUG] mihomo split-small | branch={198} | size=8 | parse=0 | names=[免费节点10] 🇺🇸 US 922 → tg@nicevpn123,[免费节点10] 🇺🇸 US 923 → tg@nicevpn123,[免费节点10] 🇺🇸 US 924 → tg@nicevpn123...+5 | err=-
[WARN] batch start failed | size=8 {198} | split=1 {406} + 1 {407} + 1 {408} + 1 {409} + 1 {410} + 1 {411} + 1 {412} + 1 {413}
[TEST] {200} tested=8/8 | kept=0 | rest=0
[DEBUG] mihomo split-small | branch={200} | size=8 | parse=0 | names=[免费节点10] 🇺🇸 US 941 → tg@nicevpn123,[免费节点10] 🇺🇸 US 943 → tg@nicevpn123,[免费节点10] 🇺🇸 US 944 → tg@nicevpn123...+5 | err=-
[WARN] batch start failed | size=8 {200} | split=1 {414} + 1 {415} + 1 {416} + 1 {417} + 1 {418} + 1 {419} + 1 {420} + 1 {421}
[TEST] {205} tested=9/9 | kept=0 | rest=0
[WARN] batch start failed | size=9 {205} | split=4 {422} + 5 {423}
[TEST] {204} tested=8/8 | kept=0 | rest=0
[DEBUG] mihomo split-small | branch={204} | size=8 | parse=0 | names=[免费节点10] 🇺🇸 US 2019 → tg@nicevpn123,[免费节点10] 🇺🇸 US 2020 → tg@nicevpn123,[免费节点10] 🇺🇸 US 2021 → tg@nicevpn123...+5 | err=-
[WARN] batch start failed | size=8 {204} | split=1 {424} + 1 {425} + 1 {426} + 1 {427} + 1 {428} + 1 {429} + 1 {430} + 1 {431}
[TEST] {201} tested=9/9 | kept=0 | rest=0
[WARN] batch start failed | size=9 {201} | split=4 {432} + 5 {433}
[DEBUG] mihomo start-fail | branch={206} | size=4 | parse=1 | rc=1 | names=[Free-clash-v2ray] hysteria,[Free-clash-v2ray] 🇫🇮FI_1|387KB/s|M002-2,[Free-clash-v2ray] 🇫🇮FI_2|227KB/s|M002-2...+1 | err=rc=1 Mihomo exited before controller became ready time="2026-09-28T15:39:32.809184923Z" level=info msg="Start initial configuration in progress" time="2026-09-28T15:39:32.809284840Z" level=fatal msg="Parse config error: proxy 0: '' has u...
[DEBUG] mihomo split-small | branch={206} | size=4 | parse=1 | names=[Free-clash-v2ray] hysteria,[Free-clash-v2ray] 🇫🇮FI_1|387KB/s|M002-2,[Free-clash-v2ray] 🇫🇮FI_2|227KB/s|M002-2...+1 | err=Mihomo exited before controller became ready time="2026-09-28T15:39:32.809184923Z" level=info msg="Start initial configuration in progress" time="2026-09-28T15:39:32.809284840Z" level=fatal msg="Parse config error: proxy 0: '' has unset ...
[WARN] batch start failed | size=4 {206} | split=1 {434} + 1 {435} + 1 {436} + 1 {437}
[TEST] {202} tested=8/8 | kept=0 | rest=0
[DEBUG] mihomo split-small | branch={202} | size=8 | parse=0 | names=[免费节点10] 🇺🇸 US 961 → tg@nicevpn123,[免费节点10] 🇺🇸 US 963 → tg@nicevpn123,[免费节点10] 🇺🇸 US 964 → tg@nicevpn123...+5 | err=-
[WARN] batch start failed | size=8 {202} | split=1 {438} + 1 {439} + 1 {440} + 1 {441} + 1 {442} + 1 {443} + 1 {444} + 1 {445}
[TEST] {203} tested=9/9 | kept=0 | rest=0
[WARN] batch start failed | size=9 {203} | split=4 {446} + 5 {447}
[TEST] {209} tested=9/9 | kept=0 | rest=0
[WARN] batch start failed | size=9 {209} | split=4 {448} + 5 {449}
[TEST] {208} tested=8/8 | kept=0 | rest=0
[DEBUG] mihomo split-small | branch={208} | size=8 | parse=0 | names=[免费节点10] 🇺🇸 US 2003 → tg@nicevpn123,[免费节点10] 🇺🇸 US 2004 → tg@nicevpn123,[免费节点10] 🇺🇸 US 2005 → tg@nicevpn123...+5 | err=-
[WARN] batch start failed | size=8 {208} | split=1 {450} + 1 {451} + 1 {452} + 1 {453} + 1 {454} + 1 {455} + 1 {456} + 1 {457}
[TEST] {207} tested=5/5 | kept=4 | rest=0
[TEST] {211} tested=9/9 | kept=0 | rest=0
[WARN] batch start failed | size=9 {211} | split=4 {458} + 5 {459}
[TEST] {210} tested=9/9 | kept=0 | rest=0
[WARN] batch start failed | size=9 {210} | split=4 {460} + 5 {461}
[TEST] {215} tested=9/9 | kept=0 | rest=0
[WARN] batch start failed | size=9 {215} | split=4 {462} + 5 {463}
[DEBUG] mihomo start-fail | branch={216} | size=4 | parse=1 | rc=1 | names=[Pawdroid-SS-APK] United+Kingdom-3,[Pawdroid-SS-APK] United+Kingdom-4,[Pawdroid-SS-APK] United+Kingdom-5...+1 | err=rc=1 Mihomo exited before controller became ready time="2026-09-28T15:39:41.781544731Z" level=info msg="Start initial configuration in progress" time="2026-09-28T15:39:41.781652723Z" level=fatal msg="Parse config error: proxy 1: ss 82.38...
[DEBUG] mihomo split-small | branch={216} | size=4 | parse=1 | names=[Pawdroid-SS-APK] United+Kingdom-3,[Pawdroid-SS-APK] United+Kingdom-4,[Pawdroid-SS-APK] United+Kingdom-5...+1 | err=Mihomo exited before controller became ready time="2026-09-28T15:39:41.781544731Z" level=info msg="Start initial configuration in progress" time="2026-09-28T15:39:41.781652723Z" level=fatal msg="Parse config error: proxy 1: ss 82.38.31.1...
[WARN] batch start failed | size=4 {216} | split=1 {464} + 1 {465} + 1 {466} + 1 {467}
[TEST] {212} tested=9/9 | kept=0 | rest=0
[WARN] batch start failed | size=9 {212} | split=4 {468} + 5 {469}
[TEST] {213} tested=9/9 | kept=0 | rest=0
[WARN] batch start failed | size=9 {213} | split=4 {470} + 5 {471}
[TEST] {214} tested=8/8 | kept=0 | rest=0
[DEBUG] mihomo split-small | branch={214} | size=8 | parse=0 | names=[免费节点10] 🇺🇸 US 2036 → tg@nicevpn123,[免费节点10] 🇺🇸 US 2037 → tg@nicevpn123,[免费节点10] 🇺🇸 US 2038 → tg@nicevpn123...+5 | err=-
[WARN] batch start failed | size=8 {214} | split=1 {472} + 1 {473} + 1 {474} + 1 {475} + 1 {476} + 1 {477} + 1 {478} + 1 {479}
[TEST] {217} tested=5/5 | kept=2 | rest=0
[TEST] {219} tested=9/9 | kept=0 | rest=0
[WARN] batch start failed | size=9 {219} | split=4 {480} + 5 {481}
[TEST] {218} tested=8/8 | kept=0 | rest=0
[DEBUG] mihomo split-small | branch={218} | size=8 | parse=0 | names=[免费节点10] 🇺🇸 US 281 → tg@nicevpn123,[免费节点10] 🇺🇸 US 282 → tg@nicevpn123,[免费节点10] 🇺🇸 US 283 → tg@nicevpn123...+5 | err=-
[WARN] batch start failed | size=8 {218} | split=1 {482} + 1 {483} + 1 {484} + 1 {485} + 1 {486} + 1 {487} + 1 {488} + 1 {489}
[TEST] {220} tested=9/9 | kept=0 | rest=0
[WARN] batch start failed | size=9 {220} | split=4 {490} + 5 {491}
[TEST] {221} tested=9/9 | kept=0 | rest=0
[WARN] batch start failed | size=9 {221} | split=4 {492} + 5 {493}
[TEST] {222} tested=8/8 | kept=0 | rest=0
[DEBUG] mihomo split-small | branch={222} | size=8 | parse=0 | names=[免费节点10] 🇺🇸 US 243 → tg@nicevpn123,[免费节点10] 🇺🇸 US 246 → tg@nicevpn123,[免费节点10] 🇺🇸 US 247 → tg@nicevpn123...+5 | err=-
[WARN] batch start failed | size=8 {222} | split=1 {494} + 1 {495} + 1 {496} + 1 {497} + 1 {498} + 1 {499} + 1 {500} + 1 {501}
[TEST] {223} tested=9/9 | kept=0 | rest=0
[WARN] batch start failed | size=9 {223} | split=4 {502} + 5 {503}
[TEST] {224} tested=8/8 | kept=0 | rest=0
[DEBUG] mihomo split-small | branch={224} | size=8 | parse=0 | names=[免费节点10] 🇺🇸 US 264 → tg@nicevpn123,[免费节点10] 🇺🇸 US 265 → tg@nicevpn123,[免费节点10] 🇺🇸 US 266 → tg@nicevpn123...+5 | err=-
[WARN] batch start failed | size=8 {224} | split=1 {504} + 1 {505} + 1 {506} + 1 {507} + 1 {508} + 1 {509} + 1 {510} + 1 {511}
[TEST] {225} tested=9/9 | kept=0 | rest=0
[WARN] batch start failed | size=9 {225} | split=4 {512} + 5 {513}
[TEST] {226} tested=8/8 | kept=0 | rest=0
[DEBUG] mihomo split-small | branch={226} | size=8 | parse=0 | names=[免费节点10] 🇺🇸 US 369 → tg@nicevpn123,[免费节点10] 🇺🇸 US 372 → tg@nicevpn123,[免费节点10] 🇺🇸 US 374 → tg@nicevpn123...+5 | err=-
[WARN] batch start failed | size=8 {226} | split=1 {514} + 1 {515} + 1 {516} + 1 {517} + 1 {518} + 1 {519} + 1 {520} + 1 {521}
[TEST] {227} tested=9/9 | kept=0 | rest=0
[WARN] batch start failed | size=9 {227} | split=4 {522} + 5 {523}
[TEST] {229} tested=9/9 | kept=0 | rest=0
[WARN] batch start failed | size=9 {229} | split=4 {524} + 5 {525}
[TEST] {228} tested=9/9 | kept=0 | rest=0
[WARN] batch start failed | size=9 {228} | split=4 {526} + 5 {527}
[TEST] {231} tested=9/9 | kept=0 | rest=0
[WARN] batch start failed | size=9 {231} | split=4 {528} + 5 {529}
[TEST] {230} tested=8/8 | kept=0 | rest=0
[DEBUG] mihomo split-small | branch={230} | size=8 | parse=0 | names=[免费节点10] 🇺🇸 US 328 → tg@nicevpn123,[免费节点10] 🇺🇸 US 329 → tg@nicevpn123,[免费节点10] 🇺🇸 US 33 → tg@nicevpn123...+5 | err=-
[WARN] batch start failed | size=8 {230} | split=1 {530} + 1 {531} + 1 {532} + 1 {533} + 1 {534} + 1 {535} + 1 {536} + 1 {537}
[DEBUG] mihomo start-fail | branch={234} | size=1 | parse=1 | rc=1 | names=[Epodonios] EPODONIOS-86 | err=rc=1 Mihomo exited before controller became ready time="2026-09-28T15:40:03.299673292Z" level=info msg="Start initial configuration in progress" time="2026-09-28T15:40:03.299772537Z" level=fatal msg="Parse config error: proxy 0: 'reality...
[DEBUG] mihomo isolate | branch={234} | size=1 | parse=1 | names=[Epodonios] EPODONIOS-86 | err=Mihomo exited before controller became ready time="2026-09-28T15:40:03.299673292Z" level=info msg="Start initial configuration in progress" time="2026-09-28T15:40:03.299772537Z" level=fatal msg="Parse config error: proxy 0: 'reality-opts...
[DEBUG] mihomo drop | branch={234} | size=1 | parse=1 | names=[Epodonios] EPODONIOS-86 | err=Mihomo exited before controller became ready time="2026-09-28T15:40:03.299673292Z" level=info msg="Start initial configuration in progress" time="2026-09-28T15:40:03.299772537Z" level=fatal msg="Parse config error: proxy 0: 'reality-opts...
[DROP] name=[Epodonios] EPODONIOS-86 {234} | server=194.93.61.120:443 | reason=Parse config error: proxy 0: 'reality-opts' has unset fields: public-key
[TEST] {235} tested=1/1 | kept=0 | rest=0
[DEBUG] mihomo isolate | branch={235} | size=1 | parse=0 | names=[Epodonios] EPODONIOS-87 | err=-
[DEBUG] mihomo drop | branch={235} | size=1 | parse=0 | names=[Epodonios] EPODONIOS-87 | err=-
[DROP] name=[Epodonios] EPODONIOS-87 {235} | server=139.59.238.97:50573 | reason=mihomo start failed
[TEST] {233} tested=9/9 | kept=0 | rest=0
[WARN] batch start failed | size=9 {233} | split=4 {538} + 5 {539}
[TEST] {232} tested=8/8 | kept=0 | rest=0
[DEBUG] mihomo split-small | branch={232} | size=8 | parse=0 | names=[免费节点10] 🇺🇸 US 35 → tg@nicevpn123,[免费节点10] 🇺🇸 US 350 → tg@nicevpn123,[免费节点10] 🇺🇸 US 351 → tg@nicevpn123...+5 | err=-
[WARN] batch start failed | size=8 {232} | split=1 {540} + 1 {541} + 1 {542} + 1 {543} + 1 {544} + 1 {545} + 1 {546} + 1 {547}
[TEST] {237} tested=1/1 | kept=0 | rest=0
[DEBUG] mihomo isolate | branch={237} | size=1 | parse=0 | names=[Epodonios] EPODONIOS-89 | err=-
[DEBUG] mihomo drop | branch={237} | size=1 | parse=0 | names=[Epodonios] EPODONIOS-89 | err=-
[DROP] name=[Epodonios] EPODONIOS-89 {237} | server=172.236.220.10:443 | reason=mihomo start failed
[TEST] {241} tested=1/1 | kept=0 | rest=0
[DEBUG] mihomo isolate | branch={241} | size=1 | parse=0 | names=[Epodonios] EPODONIOS-93 | err=-
[DEBUG] mihomo drop | branch={241} | size=1 | parse=0 | names=[Epodonios] EPODONIOS-93 | err=-
[DROP] name=[Epodonios] EPODONIOS-93 {241} | server=6r6e6e6ryrfyfyydur6r6f6r6r6r6d6d6e6s6d6s6d7d7d7e6s.poki-pakipon.ir:41464 | reason=mihomo start failed
[TEST] {240} tested=1/1 | kept=0 | rest=0
[DEBUG] mihomo isolate | branch={240} | size=1 | parse=0 | names=[Epodonios] EPODONIOS-92 | err=-
[DEBUG] mihomo drop | branch={240} | size=1 | parse=0 | names=[Epodonios] EPODONIOS-92 | err=-
[DROP] name=[Epodonios] EPODONIOS-92 {240} | server=179.237.75.190:41464 | reason=mihomo start failed
[TEST] {236} tested=1/1 | kept=0 | rest=0
[DEBUG] mihomo isolate | branch={236} | size=1 | parse=0 | names=[Epodonios] EPODONIOS-88 | err=-
[DEBUG] mihomo drop | branch={236} | size=1 | parse=0 | names=[Epodonios] EPODONIOS-88 | err=-
[DROP] name=[Epodonios] EPODONIOS-88 {236} | server=172.238.120.124:443 | reason=mihomo start failed
[TEST] {238} tested=1/1 | kept=0 | rest=0
[DEBUG] mihomo isolate | branch={238} | size=1 | parse=0 | names=[Epodonios] EPODONIOS-90 | err=-
[DEBUG] mihomo drop | branch={238} | size=1 | parse=0 | names=[Epodonios] EPODONIOS-90 | err=-
[DROP] name=[Epodonios] EPODONIOS-90 {238} | server=15.223.8.8:22222 | reason=mihomo start failed
[TEST] {239} tested=1/1 | kept=0 | rest=0
[DEBUG] mihomo isolate | branch={239} | size=1 | parse=0 | names=[Epodonios] EPODONIOS-91 | err=-
[DEBUG] mihomo drop | branch={239} | size=1 | parse=0 | names=[Epodonios] EPODONIOS-91 | err=-
[DROP] name=[Epodonios] EPODONIOS-91 {239} | server=13.37.180.245:22222 | reason=mihomo start failed
[TEST] {243} tested=9/9 | kept=0 | rest=0
[WARN] batch start failed | size=9 {243} | split=4 {548} + 5 {549}
[TEST] {242} tested=8/8 | kept=0 | rest=0
[DEBUG] mihomo split-small | branch={242} | size=8 | parse=0 | names=[免费节点10] 🇺🇸 US 451 → tg@nicevpn123,[免费节点10] 🇺🇸 US 452 → tg@nicevpn123,[免费节点10] 🇺🇸 US 453 → tg@nicevpn123...+5 | err=-
[WARN] batch start failed | size=8 {242} | split=1 {550} + 1 {551} + 1 {552} + 1 {553} + 1 {554} + 1 {555} + 1 {556} + 1 {557}
[TEST] {244} tested=9/9 | kept=0 | rest=0
[WARN] batch start failed | size=9 {244} | split=4 {558} + 5 {559}
[TEST] {245} tested=9/9 | kept=0 | rest=0
[WARN] batch start failed | size=9 {245} | split=4 {560} + 5 {561}
[TEST] {246} tested=4/4 | kept=0 | rest=0
[DEBUG] mihomo split-small | branch={246} | size=4 | parse=0 | names=[Epodonios] EPODONIOS-94,[Epodonios] EPODONIOS-95,[Epodonios] EPODONIOS-96...+1 | err=-
[WARN] batch start failed | size=4 {246} | split=1 {562} + 1 {563} + 1 {564} + 1 {565}
[TEST] {247} tested=5/5 | kept=0 | rest=0
[DEBUG] mihomo split-small | branch={247} | size=5 | parse=0 | names=[Epodonios] EPODONIOS-98,[Epodonios] EPODONIOS-99,[Epodonios] EPODONIOS-100...+2 | err=-
[WARN] batch start failed | size=5 {247} | split=1 {566} + 1 {567} + 1 {568} + 1 {569} + 1 {570}
[TEST] {248} tested=8/8 | kept=0 | rest=0
[DEBUG] mihomo split-small | branch={248} | size=8 | parse=0 | names=[免费节点10] 🇺🇸 US 409 → tg@nicevpn123,[免费节点10] 🇺🇸 US 41 → tg@nicevpn123,[免费节点10] 🇺🇸 US 410 → tg@nicevpn123...+5 | err=-
[WARN] batch start failed | size=8 {248} | split=1 {571} + 1 {572} + 1 {573} + 1 {574} + 1 {575} + 1 {576} + 1 {577} + 1 {578}
[TEST] {252} tested=1/1 | kept=0 | rest=0
[DEBUG] mihomo isolate | branch={252} | size=1 | parse=0 | names=[Epodonios] EPODONIOS-103 | err=-
[DEBUG] mihomo drop | branch={252} | size=1 | parse=0 | names=[Epodonios] EPODONIOS-103 | err=-
[DROP] name=[Epodonios] EPODONIOS-103 {252} | server=sg-full.privateip.net:443 | reason=mihomo start failed
[TEST] {253} tested=1/1 | kept=0 | rest=0
[DEBUG] mihomo isolate | branch={253} | size=1 | parse=0 | names=[Epodonios] EPODONIOS-104 | err=-
[DEBUG] mihomo drop | branch={253} | size=1 | parse=0 | names=[Epodonios] EPODONIOS-104 | err=-
[DROP] name=[Epodonios] EPODONIOS-104 {253} | server=www.speedtest.net:80 | reason=mihomo start failed
[TEST] {254} tested=1/1 | kept=0 | rest=0
[DEBUG] mihomo isolate | branch={254} | size=1 | parse=0 | names=[Epodonios] EPODONIOS-105 | err=-
[DEBUG] mihomo drop | branch={254} | size=1 | parse=0 | names=[Epodonios] EPODONIOS-105 | err=-
[DROP] name=[Epodonios] EPODONIOS-105 {254} | server=uk2-full.privateip.net:443 | reason=mihomo start failed
[TEST] {249} tested=9/9 | kept=0 | rest=0
[WARN] batch start failed | size=9 {249} | split=4 {579} + 5 {580}
[TEST] {250} tested=8/8 | kept=0 | rest=0
[DEBUG] mihomo split-small | branch={250} | size=8 | parse=0 | names=[免费节点10] 🇺🇸 US 430 → tg@nicevpn123,[免费节点10] 🇺🇸 US 431 → tg@nicevpn123,[免费节点10] 🇺🇸 US 432 → tg@nicevpn123...+5 | err=-
[WARN] batch start failed | size=8 {250} | split=1 {581} + 1 {582} + 1 {583} + 1 {584} + 1 {585} + 1 {586} + 1 {587} + 1 {588}
[TEST] {251} tested=9/9 | kept=0 | rest=0
[WARN] batch start failed | size=9 {251} | split=4 {589} + 5 {590}
[TEST] {257} tested=1/1 | kept=0 | rest=0
[DEBUG] mihomo isolate | branch={257} | size=1 | parse=0 | names=[Epodonios] EPODONIOS-108 | err=-
[DEBUG] mihomo drop | branch={257} | size=1 | parse=0 | names=[Epodonios] EPODONIOS-108 | err=-
[DROP] name=[Epodonios] EPODONIOS-108 {257} | server=104.18.32.47:8080 | reason=mihomo start failed
[TEST] {258} tested=1/1 | kept=0 | rest=0
[DEBUG] mihomo isolate | branch={258} | size=1 | parse=0 | names=[Epodonios] EPODONIOS-109 | err=-
[DEBUG] mihomo drop | branch={258} | size=1 | parse=0 | names=[Epodonios] EPODONIOS-109 | err=-
[DROP] name=[Epodonios] EPODONIOS-109 {258} | server=130.94.93.63:14812 | reason=mihomo start failed
[TEST] {256} tested=1/1 | kept=0 | rest=0
[DEBUG] mihomo isolate | branch={256} | size=1 | parse=0 | names=[Epodonios] EPODONIOS-107 | err=-
[DEBUG] mihomo drop | branch={256} | size=1 | parse=0 | names=[Epodonios] EPODONIOS-107 | err=-
[DROP] name=[Epodonios] EPODONIOS-107 {256} | server=77.90.11.178:17662 | reason=mihomo start failed
[TEST] {255} tested=1/1 | kept=0 | rest=0
[DEBUG] mihomo isolate | branch={255} | size=1 | parse=0 | names=[Epodonios] EPODONIOS-106 | err=-
[DEBUG] mihomo drop | branch={255} | size=1 | parse=0 | names=[Epodonios] EPODONIOS-106 | err=-
[DROP] name=[Epodonios] EPODONIOS-106 {255} | server=vpnhub.armanspeed.ir:64628 | reason=mihomo start failed
[TEST] {259} tested=1/1 | kept=0 | rest=0
[DEBUG] mihomo isolate | branch={259} | size=1 | parse=0 | names=[Epodonios] EPODONIOS-110 | err=-
[DEBUG] mihomo drop | branch={259} | size=1 | parse=0 | names=[Epodonios] EPODONIOS-110 | err=-
[DROP] name=[Epodonios] EPODONIOS-110 {259} | server=206.1.98.72:21811 | reason=mihomo start failed
[TEST] {261} tested=5/5 | kept=0 | rest=0
[DEBUG] mihomo split-small | branch={261} | size=5 | parse=0 | names=[Epodonios] EPODONIOS-114,[Epodonios] EPODONIOS-115,[Epodonios] EPODONIOS-116...+2 | err=-
[WARN] batch start failed | size=5 {261} | split=1 {591} + 1 {592} + 1 {593} + 1 {594} + 1 {595}
[TEST] {260} tested=4/4 | kept=0 | rest=0
[DEBUG] mihomo split-small | branch={260} | size=4 | parse=0 | names=[Epodonios] EPODONIOS-111,[Epodonios] [🇩🇪]t.me/ConfigsHub,[Epodonios] EPODONIOS-112...+1 | err=-
[WARN] batch start failed | size=4 {260} | split=1 {596} + 1 {597} + 1 {598} + 1 {599}
[TEST] {263} tested=9/9 | kept=0 | rest=0
[WARN] batch start failed | size=9 {263} | split=4 {600} + 5 {601}
[TEST] {262} tested=8/8 | kept=0 | rest=0
[DEBUG] mihomo split-small | branch={262} | size=8 | parse=0 | names=[免费节点10] 🇺🇸 US 501 → tg@nicevpn123,[免费节点10] 🇺🇸 US 503 → tg@nicevpn123,[免费节点10] 🇺🇸 US 504 → tg@nicevpn123...+5 | err=-
[WARN] batch start failed | size=8 {262} | split=1 {602} + 1 {603} + 1 {604} + 1 {605} + 1 {606} + 1 {607} + 1 {608} + 1 {609}
[TEST] {264} tested=8/8 | kept=0 | rest=0
[DEBUG] mihomo split-small | branch={264} | size=8 | parse=0 | names=[免费节点10] 🇺🇸 US 522 → tg@nicevpn123,[免费节点10] 🇺🇸 US 524 → tg@nicevpn123,[免费节点10] 🇺🇸 US 525 → tg@nicevpn123...+5 | err=-
[WARN] batch start failed | size=8 {264} | split=1 {610} + 1 {611} + 1 {612} + 1 {613} + 1 {614} + 1 {615} + 1 {616} + 1 {617}
[TEST] {265} tested=9/9 | kept=0 | rest=0
[WARN] batch start failed | size=9 {265} | split=4 {618} + 5 {619}
[TEST] {266} tested=8/8 | kept=0 | rest=0
[DEBUG] mihomo split-small | branch={266} | size=8 | parse=0 | names=[免费节点10] 🇺🇸 US 542 → tg@nicevpn123,[免费节点10] 🇺🇸 US 543 → tg@nicevpn123,[免费节点10] 🇺🇸 US 544 → tg@nicevpn123...+5 | err=-
[WARN] batch start failed | size=8 {266} | split=1 {620} + 1 {621} + 1 {622} + 1 {623} + 1 {624} + 1 {625} + 1 {626} + 1 {627}
[TEST] {267} tested=9/9 | kept=0 | rest=0
[WARN] batch start failed | size=9 {267} | split=4 {628} + 5 {629}
[TEST] {269} tested=9/9 | kept=0 | rest=0
[WARN] batch start failed | size=9 {269} | split=4 {630} + 5 {631}
[DEBUG] mihomo start-fail | branch={271} | size=1 | parse=1 | rc=1 | names=[Epodonios] EPODONIOS-242 | err=rc=1 Mihomo exited before controller became ready time="2026-09-28T15:40:39.701772907Z" level=info msg="Start initial configuration in progress" time="2026-09-28T15:40:39.701853928Z" level=fatal msg="Parse config error: proxy 0: ss 78.38...
[DEBUG] mihomo isolate | branch={271} | size=1 | parse=1 | names=[Epodonios] EPODONIOS-242 | err=Mihomo exited before controller became ready time="2026-09-28T15:40:39.701772907Z" level=info msg="Start initial configuration in progress" time="2026-09-28T15:40:39.701853928Z" level=fatal msg="Parse config error: proxy 0: ss 78.38.246....
[REPAIR] name=[Epodonios] EPODONIOS-242 {271} | fields=cipher
[TEST] {268} tested=9/9 | kept=0 | rest=0
[WARN] batch start failed | size=9 {268} | split=4 {632} + 5 {633}
[TEST] {270} tested=1/1 | kept=0 | rest=0
[DEBUG] mihomo isolate | branch={270} | size=1 | parse=0 | names=[Epodonios] EPODONIOS-241 | err=-
[DEBUG] mihomo drop | branch={270} | size=1 | parse=0 | names=[Epodonios] EPODONIOS-241 | err=-
[DROP] name=[Epodonios] EPODONIOS-241 {270} | server=103.36.91.32:8388 | reason=mihomo start failed
[TEST] {272} tested=1/1 | kept=0 | rest=0
[DEBUG] mihomo isolate | branch={272} | size=1 | parse=0 | names=[Epodonios] EPODONIOS-243 | err=-
[DEBUG] mihomo drop | branch={272} | size=1 | parse=0 | names=[Epodonios] EPODONIOS-243 | err=-
[DROP] name=[Epodonios] EPODONIOS-243 {272} | server=14.1.31.220:17288 | reason=mihomo start failed
[TEST] {271} tested=1/1 | kept=0 | rest=0
[TEST] {273} tested=1/1 | kept=0 | rest=0
[DEBUG] mihomo isolate | branch={273} | size=1 | parse=0 | names=[Epodonios] EPODONIOS-244 | err=-
[DEBUG] mihomo drop | branch={273} | size=1 | parse=0 | names=[Epodonios] EPODONIOS-244 | err=-
[DROP] name=[Epodonios] EPODONIOS-244 {273} | server=199.60.101.122:11626 | reason=mihomo start failed
[TEST] {274} tested=1/1 | kept=0 | rest=0
[DEBUG] mihomo isolate | branch={274} | size=1 | parse=0 | names=[Epodonios] EPODONIOS-245 | err=-
[DEBUG] mihomo drop | branch={274} | size=1 | parse=0 | names=[Epodonios] EPODONIOS-245 | err=-
[DROP] name=[Epodonios] EPODONIOS-245 {274} | server=82.47.186.18:19290 | reason=mihomo start failed
[TEST] {278} tested=8/8 | kept=0 | rest=0
[DEBUG] mihomo split-small | branch={278} | size=8 | parse=0 | names=[免费节点10] 🇺🇸 US 587 → tg@nicevpn123,[免费节点10] 🇺🇸 US 59 → tg@nicevpn123,[免费节点10] 🇺🇸 US 590 → tg@nicevpn123...+5 | err=-
[WARN] batch start failed | size=8 {278} | split=1 {634} + 1 {635} + 1 {636} + 1 {637} + 1 {638} + 1 {639} + 1 {640} + 1 {641}
[TEST] {275} tested=1/1 | kept=0 | rest=0
[DEBUG] mihomo isolate | branch={275} | size=1 | parse=0 | names=[Epodonios] EPODONIOS-246 | err=-
[DEBUG] mihomo drop | branch={275} | size=1 | parse=0 | names=[Epodonios] EPODONIOS-246 | err=-
[DROP] name=[Epodonios] EPODONIOS-246 {275} | server=82.47.186.18:55597 | reason=mihomo start failed
[TEST] {276} tested=1/1 | kept=0 | rest=0
[DEBUG] mihomo isolate | branch={276} | size=1 | parse=0 | names=[Epodonios] EPODONIOS-247 | err=-
[DEBUG] mihomo drop | branch={276} | size=1 | parse=0 | names=[Epodonios] EPODONIOS-247 | err=-
[DROP] name=[Epodonios] EPODONIOS-247 {276} | server=156.146.62.162:443 | reason=mihomo start failed
[TEST] {277} tested=1/1 | kept=0 | rest=0
[DEBUG] mihomo isolate | branch={277} | size=1 | parse=0 | names=[Epodonios] EPODONIOS-248 | err=-
[DEBUG] mihomo drop | branch={277} | size=1 | parse=0 | names=[Epodonios] EPODONIOS-248 | err=-
[DROP] name=[Epodonios] EPODONIOS-248 {277} | server=18.207.155.184:443 | reason=mihomo start failed
[TEST] {279} tested=9/9 | kept=0 | rest=0
[WARN] batch start failed | size=9 {279} | split=4 {642} + 5 {643}
[TEST] {280} tested=8/8 | kept=0 | rest=0
[DEBUG] mihomo split-small | branch={280} | size=8 | parse=0 | names=[免费节点10] 🇺🇸 US 612 → tg@nicevpn123,[免费节点10] 🇺🇸 US 613 → tg@nicevpn123,[免费节点10] 🇺🇸 US 614 → tg@nicevpn123...+5 | err=-
[WARN] batch start failed | size=8 {280} | split=1 {644} + 1 {645} + 1 {646} + 1 {647} + 1 {648} + 1 {649} + 1 {650} + 1 {651}
[TEST] {281} tested=9/9 | kept=0 | rest=0
[WARN] batch start failed | size=9 {281} | split=4 {652} + 5 {653}
[TEST] {283} tested=9/9 | kept=0 | rest=0
[WARN] batch start failed | size=9 {283} | split=4 {654} + 5 {655}
[TEST] {282} tested=9/9 | kept=0 | rest=0
[WARN] batch start failed | size=9 {282} | split=4 {656} + 5 {657}
[TEST] {285} tested=9/9 | kept=0 | rest=0
[WARN] batch start failed | size=9 {285} | split=4 {658} + 5 {659}
[TEST] {284} tested=8/8 | kept=0 | rest=0
[DEBUG] mihomo split-small | branch={284} | size=8 | parse=0 | names=[免费节点10] 🇺🇸 US 634 → tg@nicevpn123,[免费节点10] 🇺🇸 US 636 → tg@nicevpn123,[免费节点10] 🇺🇸 US 637 → tg@nicevpn123...+5 | err=-
[WARN] batch start failed | size=8 {284} | split=1 {660} + 1 {661} + 1 {662} + 1 {663} + 1 {664} + 1 {665} + 1 {666} + 1 {667}
[DEBUG] mihomo start-fail | branch={289} | size=5 | parse=1 | rc=1 | names=[ChromeGO-ShiteThings] store.ubi.com,[ChromeGO-ShiteThings] cf.tencentapp.cn,[ChromeGO-ShiteThings] cloudflare-dl.byo...+2 | err=rc=1 Mihomo exited before controller became ready time="2026-09-28T15:41:00.042614652Z" level=info msg="Start initial configuration in progress" time="2026-09-28T15:41:00.042937895Z" level=fatal msg="Parse config error: proxy 3: '' has u...
[DEBUG] mihomo split-small | branch={289} | size=5 | parse=1 | names=[ChromeGO-ShiteThings] store.ubi.com,[ChromeGO-ShiteThings] cf.tencentapp.cn,[ChromeGO-ShiteThings] cloudflare-dl.byo...+2 | err=Mihomo exited before controller became ready time="2026-09-28T15:41:00.042614652Z" level=info msg="Start initial configuration in progress" time="2026-09-28T15:41:00.042937895Z" level=fatal msg="Parse config error: proxy 3: '' has unset ...
[WARN] batch start failed | size=5 {289} | split=1 {668} + 1 {669} + 1 {670} + 1 {671} + 1 {672}
[TEST] {286} tested=9/9 | kept=0 | rest=0
[WARN] batch start failed | size=9 {286} | split=4 {673} + 5 {674}
[TEST] {287} tested=9/9 | kept=0 | rest=0
[WARN] batch start failed | size=9 {287} | split=4 {675} + 5 {676}
[TEST] {658} tested=4/4 | kept=0 | rest=0
[DEBUG] mihomo split-small | branch={658} | size=4 | parse=0 | names=[免费节点10] 🇺🇸 US 645 → tg@nicevpn123,[免费节点10] 🇺🇸 US 646 → tg@nicevpn123,[免费节点10] 🇺🇸 US 647 → tg@nicevpn123...+1 | err=-
[WARN] batch start failed | size=4 {658} | split=1 {677} + 1 {678} + 1 {679} + 1 {680}
[DEBUG] mihomo start-fail | branch={292} | size=4 | parse=1 | rc=1 | names=[ChromeGO-ShiteThings] hysteria-3,[ChromeGO-ShiteThings] hysteria-4,[ChromeGO-ShiteThings] hysteria-5...+1 | err=rc=1 Mihomo exited before controller became ready time="2026-09-28T15:41:01.170238929Z" level=info msg="Start initial configuration in progress" time="2026-09-28T15:41:01.170344687Z" level=fatal msg="Parse config error: proxy 0: '' has u...
[DEBUG] mihomo split-small | branch={292} | size=4 | parse=1 | names=[ChromeGO-ShiteThings] hysteria-3,[ChromeGO-ShiteThings] hysteria-4,[ChromeGO-ShiteThings] hysteria-5...+1 | err=Mihomo exited before controller became ready time="2026-09-28T15:41:01.170238929Z" level=info msg="Start initial configuration in progress" time="2026-09-28T15:41:01.170344687Z" level=fatal msg="Parse config error: proxy 0: '' has unset ...
[WARN] batch start failed | size=4 {292} | split=1 {681} + 1 {682} + 1 {683} + 1 {684}
[TEST] {291} tested=9/9 | kept=0 | rest=0
[WARN] batch start failed | size=9 {291} | split=4 {685} + 5 {686}
[DEBUG] mihomo start-fail | branch={295} | size=5 | parse=1 | rc=1 | names=[ChromeGO-Merge] United,[ChromeGO-Merge] France_hysteria_1,[ChromeGO-Merge] United-2...+2 | err=rc=1 Mihomo exited before controller became ready time="2026-09-28T15:41:05.309493944Z" level=info msg="Start initial configuration in progress" time="2026-09-28T15:41:05.309616804Z" level=fatal msg="Parse config error: proxy 0: '' has u...
[DEBUG] mihomo split-small | branch={295} | size=5 | parse=1 | names=[ChromeGO-Merge] United,[ChromeGO-Merge] France_hysteria_1,[ChromeGO-Merge] United-2...+2 | err=Mihomo exited before controller became ready time="2026-09-28T15:41:05.309493944Z" level=info msg="Start initial configuration in progress" time="2026-09-28T15:41:05.309616804Z" level=fatal msg="Parse config error: proxy 0: '' has unset ...
[WARN] batch start failed | size=5 {295} | split=1 {687} + 1 {688} + 1 {689} + 1 {690} + 1 {691}
[TEST] {290} tested=8/8 | kept=0 | rest=0
[DEBUG] mihomo split-small | branch={290} | size=8 | parse=0 | names=[免费节点10] 🇺🇸 US 759 → tg@nicevpn123,[免费节点10] 🇺🇸 US 760 → tg@nicevpn123,[免费节点10] 🇺🇸 US 761 → tg@nicevpn123...+5 | err=-
[WARN] batch start failed | size=8 {290} | split=1 {692} + 1 {693} + 1 {694} + 1 {695} + 1 {696} + 1 {697} + 1 {698} + 1 {699}
[TEST] {293} tested=5/5 | kept=0 | rest=0
[DEBUG] mihomo split-small | branch={293} | size=5 | parse=0 | names=[ChromeGO-Merge] United States_vless_21,[ChromeGO-Merge] United States_ss_61,[ChromeGO-Merge] United States_hysteria2...+2 | err=-
[WARN] batch start failed | size=5 {293} | split=1 {700} + 1 {701} + 1 {702} + 1 {703} + 1 {704}
[TEST] {294} tested=4/4 | kept=0 | rest=0
[DEBUG] mihomo split-small | branch={294} | size=4 | parse=0 | names=[ChromeGO-Merge] France_hy_1,[ChromeGO-Merge] United States_hy_3,[ChromeGO-Merge] United States_hy2_0...+1 | err=-
[WARN] batch start failed | size=4 {294} | split=1 {705} + 1 {706} + 1 {707} + 1 {708}
[TEST] {296} tested=8/8 | kept=0 | rest=0
[DEBUG] mihomo split-small | branch={296} | size=8 | parse=0 | names=[免费节点10] 🇺🇸 US 803 → tg@nicevpn123,[免费节点10] 🇺🇸 US 804 → tg@nicevpn123,[免费节点10] 🇺🇸 US 805 → tg@nicevpn123...+5 | err=-
[WARN] batch start failed | size=8 {296} | split=1 {709} + 1 {710} + 1 {711} + 1 {712} + 1 {713} + 1 {714} + 1 {715} + 1 {716}
[TEST] {297} tested=9/9 | kept=0 | rest=0
[WARN] batch start failed | size=9 {297} | split=4 {717} + 5 {718}
[DEBUG] mihomo start-fail | branch={300} | size=1 | parse=1 | rc=1 | names=[ChromeGO-Merge] WARP | err=rc=1 Mihomo exited before controller became ready time="2026-09-28T15:41:10.574118563Z" level=info msg="Start initial configuration in progress" time="2026-09-28T15:41:10.574514593Z" level=fatal msg="Parse config error: proxy [[ChromeGO-...
[DEBUG] mihomo isolate | branch={300} | size=1 | parse=1 | names=[ChromeGO-Merge] WARP | err=Mihomo exited before controller became ready time="2026-09-28T15:41:10.574118563Z" level=info msg="Start initial configuration in progress" time="2026-09-28T15:41:10.574514593Z" level=fatal msg="Parse config error: proxy [[ChromeGO-Merge...
[REPAIR] name=[ChromeGO-Merge] WARP {300} | fields=dialer-proxy
[DEBUG] mihomo start-fail | branch={301} | size=1 | parse=1 | rc=1 | names=[ChromeGO-Merge] Taiwan | err=rc=1 Mihomo exited before controller became ready time="2026-09-28T15:41:10.638207285Z" level=info msg="Start initial configuration in progress" time="2026-09-28T15:41:10.638298996Z" level=fatal msg="Parse config error: proxy 0: '' has u...
[DEBUG] mihomo isolate | branch={301} | size=1 | parse=1 | names=[ChromeGO-Merge] Taiwan | err=Mihomo exited before controller became ready time="2026-09-28T15:41:10.638207285Z" level=info msg="Start initial configuration in progress" time="2026-09-28T15:41:10.638298996Z" level=fatal msg="Parse config error: proxy 0: '' has unset ...
[REPAIR] name=[ChromeGO-Merge] Taiwan {301} | fields=up,down
[DEBUG] mihomo start-fail | branch={303} | size=1 | parse=1 | rc=1 | names=[ChromeGO-Merge] France-2 | err=rc=1 Mihomo exited before controller became ready time="2026-09-28T15:41:10.762281645Z" level=info msg="Start initial configuration in progress" time="2026-09-28T15:41:10.762416376Z" level=fatal msg="Parse config error: proxy 0: '' has u...
[DEBUG] mihomo isolate | branch={303} | size=1 | parse=1 | names=[ChromeGO-Merge] France-2 | err=Mihomo exited before controller became ready time="2026-09-28T15:41:10.762281645Z" level=info msg="Start initial configuration in progress" time="2026-09-28T15:41:10.762416376Z" level=fatal msg="Parse config error: proxy 0: '' has unset ...
[REPAIR] name=[ChromeGO-Merge] France-2 {303} | fields=up,down
[TEST] {301} tested=1/1 | kept=0 | rest=0
[DEBUG] mihomo start-fail | branch={304} | size=1 | parse=1 | rc=1 | names=[ChromeGO-Merge] United-4 | err=rc=1 Mihomo exited before controller became ready time="2026-09-28T15:41:10.890462798Z" level=info msg="Start initial configuration in progress" time="2026-09-28T15:41:10.890577742Z" level=fatal msg="Parse config error: proxy 0: '' has u...
[DEBUG] mihomo isolate | branch={304} | size=1 | parse=1 | names=[ChromeGO-Merge] United-4 | err=Mihomo exited before controller became ready time="2026-09-28T15:41:10.890462798Z" level=info msg="Start initial configuration in progress" time="2026-09-28T15:41:10.890577742Z" level=fatal msg="Parse config error: proxy 0: '' has unset ...
[REPAIR] name=[ChromeGO-Merge] United-4 {304} | fields=up,down
[TEST] {300} tested=1/1 | kept=1 | rest=0
[DEBUG] mihomo start-fail | branch={306} | size=1 | parse=1 | rc=1 | names=[ChromeGO-Merge] United-5 | err=rc=1 Mihomo exited before controller became ready time="2026-09-28T15:41:11.017840423Z" level=info msg="Start initial configuration in progress" time="2026-09-28T15:41:11.017967710Z" level=fatal msg="Parse config error: proxy 0: '' has u...
[DEBUG] mihomo isolate | branch={306} | size=1 | parse=1 | names=[ChromeGO-Merge] United-5 | err=Mihomo exited before controller became ready time="2026-09-28T15:41:11.017840423Z" level=info msg="Start initial configuration in progress" time="2026-09-28T15:41:11.017967710Z" level=fatal msg="Parse config error: proxy 0: '' has unset ...
[REPAIR] name=[ChromeGO-Merge] United-5 {306} | fields=up,down
[DEBUG] mihomo start-fail | branch={305} | size=1 | parse=1 | rc=1 | names=[ChromeGO-Merge] Taiwan-2 | err=rc=1 Mihomo exited before controller became ready time="2026-09-28T15:41:11.143681829Z" level=info msg="Start initial configuration in progress" time="2026-09-28T15:41:11.143824265Z" level=fatal msg="Parse config error: proxy 0: '' has u...
[DEBUG] mihomo isolate | branch={305} | size=1 | parse=1 | names=[ChromeGO-Merge] Taiwan-2 | err=Mihomo exited before controller became ready time="2026-09-28T15:41:11.143681829Z" level=info msg="Start initial configuration in progress" time="2026-09-28T15:41:11.143824265Z" level=fatal msg="Parse config error: proxy 0: '' has unset ...
[REPAIR] name=[ChromeGO-Merge] Taiwan-2 {305} | fields=up,down
[TEST] {305} tested=1/1 | kept=0 | rest=0
[TEST] {298} tested=9/9 | kept=0 | rest=0
[WARN] batch start failed | size=9 {298} | split=4 {719} + 5 {720}
[TEST] {299} tested=9/9 | kept=0 | rest=0
[WARN] batch start failed | size=9 {299} | split=4 {721} + 5 {722}
[TEST] {308} tested=1/1 | kept=0 | rest=0
[DEBUG] mihomo isolate | branch={308} | size=1 | parse=0 | names=[ChromeGO-ShiteThings] 节点10 | err=-
[DEBUG] mihomo drop | branch={308} | size=1 | parse=0 | names=[ChromeGO-ShiteThings] 节点10 | err=-
[DROP] name=[ChromeGO-ShiteThings] 节点10 {308} | server=2001:bc8:32d7:302::13:34324 | reason=mihomo start failed
[TEST] {309} tested=1/1 | kept=0 | rest=0
[DEBUG] mihomo isolate | branch={309} | size=1 | parse=0 | names=[ChromeGO-ShiteThings] 节点11 | err=-
[DEBUG] mihomo drop | branch={309} | size=1 | parse=0 | names=[ChromeGO-ShiteThings] 节点11 | err=-
[DROP] name=[ChromeGO-ShiteThings] 节点11 {309} | server=2001:bc8:32d7:302::10:44579 | reason=mihomo start failed
[TEST] {311} tested=1/1 | kept=0 | rest=0
[DEBUG] mihomo isolate | branch={311} | size=1 | parse=0 | names=[ChromeGO-ShiteThings] 节点17 | err=-
[DEBUG] mihomo drop | branch={311} | size=1 | parse=0 | names=[ChromeGO-ShiteThings] 节点17 | err=-
[DROP] name=[ChromeGO-ShiteThings] 节点17 {311} | server=2001:bc8:32d7:17b::2:11000 | reason=mihomo start failed
[TEST] {312} tested=1/1 | kept=0 | rest=0
[DEBUG] mihomo isolate | branch={312} | size=1 | parse=0 | names=[ChromeGO-ShiteThings] 节点18 | err=-
[DEBUG] mihomo drop | branch={312} | size=1 | parse=0 | names=[ChromeGO-ShiteThings] 节点18 | err=-
[DROP] name=[ChromeGO-ShiteThings] 节点18 {312} | server=2001:bc8:32d7:302::16:34997 | reason=mihomo start failed
[TEST] {313} tested=1/1 | kept=0 | rest=0
[DEBUG] mihomo isolate | branch={313} | size=1 | parse=0 | names=[ChromeGO-ShiteThings] 节点19 | err=-
[DEBUG] mihomo drop | branch={313} | size=1 | parse=0 | names=[ChromeGO-ShiteThings] 节点19 | err=-
[DROP] name=[ChromeGO-ShiteThings] 节点19 {313} | server=2001:bc8:32d7:302::17:20088 | reason=mihomo start failed
[TEST] {315} tested=1/1 | kept=0 | rest=0
[DEBUG] mihomo isolate | branch={315} | size=1 | parse=0 | names=[ChromeGO-ShiteThings] www.visa.com | err=-
[DEBUG] mihomo drop | branch={315} | size=1 | parse=0 | names=[ChromeGO-ShiteThings] www.visa.com | err=-
[DROP] name=[ChromeGO-ShiteThings] www.visa.com {315} | server=www.visa.com:443 | reason=mihomo start failed
[TEST] {314} tested=1/1 | kept=0 | rest=0
[DEBUG] mihomo isolate | branch={314} | size=1 | parse=0 | names=[ChromeGO-ShiteThings] visa.com | err=-
[DEBUG] mihomo drop | branch={314} | size=1 | parse=0 | names=[ChromeGO-ShiteThings] visa.com | err=-
[DROP] name=[ChromeGO-ShiteThings] visa.com {314} | server=visa.com:443 | reason=mihomo start failed
[TEST] {302} tested=1/1 | kept=0 | rest=0
[DEBUG] mihomo isolate | branch={302} | size=1 | parse=0 | names=[ChromeGO-Merge] France | err=-
[DEBUG] mihomo drop | branch={302} | size=1 | parse=0 | names=[ChromeGO-Merge] France | err=-
[DROP] name=[ChromeGO-Merge] France {302} | server=51.159.77.153:33390 | reason=mihomo start failed
[TEST] {303} tested=1/1 | kept=0 | rest=0
[TEST] {304} tested=1/1 | kept=0 | rest=0
[TEST] {306} tested=1/1 | kept=0 | rest=0
[TEST] {307} tested=1/1 | kept=0 | rest=0
[DEBUG] mihomo isolate | branch={307} | size=1 | parse=0 | names=[ChromeGO-Merge] France-3 | err=-
[DEBUG] mihomo drop | branch={307} | size=1 | parse=0 | names=[ChromeGO-Merge] France-3 | err=-
[DROP] name=[ChromeGO-Merge] France-3 {307} | server=62.210.103.0:22483 | reason=mihomo start failed
[TEST] {310} tested=1/1 | kept=0 | rest=0
[DEBUG] mihomo isolate | branch={310} | size=1 | parse=0 | names=[ChromeGO-ShiteThings] 节点16 | err=-
[DEBUG] mihomo drop | branch={310} | size=1 | parse=0 | names=[ChromeGO-ShiteThings] 节点16 | err=-
[DROP] name=[ChromeGO-ShiteThings] 节点16 {310} | server=45.150.65.154:47119 | reason=mihomo start failed
[TEST] {316} tested=8/8 | kept=0 | rest=0
[DEBUG] mihomo split-small | branch={316} | size=8 | parse=0 | names=[免费节点10] 🇺🇸 US 678 → tg@nicevpn123,[免费节点10] 🇺🇸 US 681 → tg@nicevpn123,[免费节点10] 🇺🇸 US 682 → tg@nicevpn123...+5 | err=-
[WARN] batch start failed | size=8 {316} | split=1 {723} + 1 {724} + 1 {725} + 1 {726} + 1 {727} + 1 {728} + 1 {729} + 1 {730}
[TEST] {317} tested=9/9 | kept=0 | rest=0
[WARN] batch start failed | size=9 {317} | split=4 {731} + 5 {732}
[TEST] {318} tested=8/8 | kept=0 | rest=0
[DEBUG] mihomo split-small | branch={318} | size=8 | parse=0 | names=[免费节点10] 🇺🇸 US 7 → tg@nicevpn123,[免费节点10] 🇺🇸 US 70 → tg@nicevpn123,[免费节点10] 🇺🇸 US 700 → tg@nicevpn123...+5 | err=-
[WARN] batch start failed | size=8 {318} | split=1 {733} + 1 {734} + 1 {735} + 1 {736} + 1 {737} + 1 {738} + 1 {739} + 1 {740}
[TEST] {319} tested=9/9 | kept=0 | rest=0
[WARN] batch start failed | size=9 {319} | split=4 {741} + 5 {742}
[TEST] {323} tested=9/9 | kept=0 | rest=0
[WARN] batch start failed | size=9 {323} | split=4 {743} + 5 {744}
[TEST] {320} tested=4/4 | kept=0 | rest=0
[DEBUG] mihomo split-small | branch={320} | size=4 | parse=0 | names=[ChromeGO-Merge] France-4,[ChromeGO-Merge] None,[ChromeGO-Merge] None-2...+1 | err=-
[WARN] batch start failed | size=4 {320} | split=1 {745} + 1 {746} + 1 {747} + 1 {748}
[TEST] {321} tested=5/5 | kept=0 | rest=0
[DEBUG] mihomo split-small | branch={321} | size=5 | parse=0 | names=[ChromeGO-Merge] None vmess 05,[ChromeGO-Merge] None vmess 07,[ChromeGO-Merge] None vmess 010...+2 | err=-
[WARN] batch start failed | size=5 {321} | split=1 {749} + 1 {750} + 1 {751} + 1 {752} + 1 {753}
[TEST] {322} tested=8/8 | kept=0 | rest=0
[DEBUG] mihomo split-small | branch={322} | size=8 | parse=0 | names=[免费节点10] 🇺🇸 US 716 → tg@nicevpn123,[免费节点10] 🇺🇸 US 717 → tg@nicevpn123,[免费节点10] 🇺🇸 US 718 → tg@nicevpn123...+5 | err=-
[WARN] batch start failed | size=8 {322} | split=1 {754} + 1 {755} + 1 {756} + 1 {757} + 1 {758} + 1 {759} + 1 {760} + 1 {761}
[TEST] {325} tested=9/9 | kept=0 | rest=0
[WARN] batch start failed | size=9 {325} | split=4 {762} + 5 {763}
[TEST] {324} tested=9/9 | kept=0 | rest=0
[WARN] batch start failed | size=9 {324} | split=4 {764} + 5 {765}
[TEST] {328} tested=1/1 | kept=0 | rest=0
[DEBUG] mihomo isolate | branch={328} | size=1 | parse=0 | names=[ChromeGO-Merge] None_vless_3 | err=-
[DEBUG] mihomo drop | branch={328} | size=1 | parse=0 | names=[ChromeGO-Merge] None_vless_3 | err=-
[DROP] name=[ChromeGO-Merge] None_vless_3 {328} | server=yh7.dtku41.xyz:443 | reason=mihomo start failed
[TEST] {326} tested=4/4 | kept=0 | rest=0
[DEBUG] mihomo split-small | branch={326} | size=4 | parse=0 | names=[ChromeGO-Merge] 🇫🇷 France_hysteria_0,[ChromeGO-Merge] 🇺🇸 United States_hyster,[ChromeGO-Merge] 🇺🇸 United States_hyster...+1 | err=-
[WARN] batch start failed | size=4 {326} | split=1 {766} + 1 {767} + 1 {768} + 1 {769}
[TEST] {332} tested=1/1 | kept=0 | rest=0
[DEBUG] mihomo isolate | branch={332} | size=1 | parse=0 | names=[ChromeGO-Merge] 🇹🇼 Taiwan_hy_6 | err=-
[DEBUG] mihomo drop | branch={332} | size=1 | parse=0 | names=[ChromeGO-Merge] 🇹🇼 Taiwan_hy_6 | err=-
[DROP] name=[ChromeGO-Merge] 🇹🇼 Taiwan_hy_6 {332} | server=www2.dtku48.xyz:22334 | reason=mihomo start failed
[TEST] {327} tested=5/5 | kept=0 | rest=0
[DEBUG] mihomo split-small | branch={327} | size=5 | parse=0 | names=[ChromeGO-Merge] 🇫🇷 France_hysteria2_0,[ChromeGO-Merge] 🇺🇸 United States_hyster,[ChromeGO-Merge] 🇫🇷 France_hysteria2_2...+2 | err=-
[WARN] batch start failed | size=5 {327} | split=1 {770} + 1 {771} + 1 {772} + 1 {773} + 1 {774}
[TEST] {329} tested=1/1 | kept=0 | rest=0
[DEBUG] mihomo isolate | branch={329} | size=1 | parse=0 | names=[ChromeGO-Merge] 🇫🇷 France_tuic_0 | err=-
[DEBUG] mihomo drop | branch={329} | size=1 | parse=0 | names=[ChromeGO-Merge] 🇫🇷 France_tuic_0 | err=-
[DROP] name=[ChromeGO-Merge] 🇫🇷 France_tuic_0 {329} | server=62.210.103.14:44556 | reason=mihomo start failed
[TEST] {333} tested=1/1 | kept=0 | rest=0
[DEBUG] mihomo isolate | branch={333} | size=1 | parse=0 | names=[ChromeGO-Merge] 🇫🇷 France_hy2_7 | err=-
[DEBUG] mihomo drop | branch={333} | size=1 | parse=0 | names=[ChromeGO-Merge] 🇫🇷 France_hy2_7 | err=-
[DROP] name=[ChromeGO-Merge] 🇫🇷 France_hy2_7 {333} | server=51.158.54.46:44550 | reason=mihomo start failed
[TEST] {335} tested=1/1 | kept=0 | rest=0
[DEBUG] mihomo isolate | branch={335} | size=1 | parse=0 | names=[ChromeGO-Merge] 🇹🇼 Taiwan_hy_9 | err=-
[DEBUG] mihomo drop | branch={335} | size=1 | parse=0 | names=[ChromeGO-Merge] 🇹🇼 Taiwan_hy_9 | err=-
[DROP] name=[ChromeGO-Merge] 🇹🇼 Taiwan_hy_9 {335} | server=www.dtku50.xyz:18470 | reason=mihomo start failed
[TEST] {336} tested=1/1 | kept=0 | rest=0
[DEBUG] mihomo isolate | branch={336} | size=1 | parse=0 | names=[Epodonios] EPODONIOS-291 | err=-
[DEBUG] mihomo drop | branch={336} | size=1 | parse=0 | names=[Epodonios] EPODONIOS-291 | err=-
[DROP] name=[Epodonios] EPODONIOS-291 {336} | server=api.betust.net:443 | reason=mihomo start failed
[TEST] {331} tested=1/1 | kept=0 | rest=0
[DEBUG] mihomo isolate | branch={331} | size=1 | parse=0 | names=[ChromeGO-Merge] 🇳🇱 Netherlands_tuic_2 | err=-
[DEBUG] mihomo drop | branch={331} | size=1 | parse=0 | names=[ChromeGO-Merge] 🇳🇱 Netherlands_tuic_2 | err=-
[DROP] name=[ChromeGO-Merge] 🇳🇱 Netherlands_tuic_2 {331} | server=109.104.153.17:22334 | reason=mihomo start failed
[TEST] {330} tested=1/1 | kept=0 | rest=0
[DEBUG] mihomo isolate | branch={330} | size=1 | parse=0 | names=[ChromeGO-Merge] 🇺🇸 United States_tuic_1 | err=-
[DEBUG] mihomo drop | branch={330} | size=1 | parse=0 | names=[ChromeGO-Merge] 🇺🇸 United States_tuic_1 | err=-
[DROP] name=[ChromeGO-Merge] 🇺🇸 United States_tuic_1 {330} | server=109.104.152.4:443 | reason=mihomo start failed
[TEST] {337} tested=1/1 | kept=0 | rest=0
[DEBUG] mihomo isolate | branch={337} | size=1 | parse=0 | names=[Epodonios] EPODONIOS-292 | err=-
[DEBUG] mihomo drop | branch={337} | size=1 | parse=0 | names=[Epodonios] EPODONIOS-292 | err=-
[DROP] name=[Epodonios] EPODONIOS-292 {337} | server=cdn6.goonars.com:443 | reason=mihomo start failed
[TEST] {339} tested=1/1 | kept=0 | rest=0
[DEBUG] mihomo isolate | branch={339} | size=1 | parse=0 | names=[Epodonios] EPODONIOS-294 | err=-
[DEBUG] mihomo drop | branch={339} | size=1 | parse=0 | names=[Epodonios] EPODONIOS-294 | err=-
[DROP] name=[Epodonios] EPODONIOS-294 {339} | server=faultpass-panel-production-2bad.up.railway.app:443 | reason=mihomo start failed
[TEST] {341} tested=1/1 | kept=0 | rest=0
[DEBUG] mihomo isolate | branch={341} | size=1 | parse=0 | names=[Epodonios] EPODONIOS-296 | err=-
[DEBUG] mihomo drop | branch={341} | size=1 | parse=0 | names=[Epodonios] EPODONIOS-296 | err=-
[DROP] name=[Epodonios] EPODONIOS-296 {341} | server=sv3.tsteam99.top:60003 | reason=mihomo start failed
[TEST] {334} tested=1/1 | kept=0 | rest=0
[DEBUG] mihomo isolate | branch={334} | size=1 | parse=0 | names=[ChromeGO-Merge] 🇺🇸 United States_hy2_8 | err=-
[DEBUG] mihomo drop | branch={334} | size=1 | parse=0 | names=[ChromeGO-Merge] 🇺🇸 United States_hy2_8 | err=-
[DROP] name=[ChromeGO-Merge] 🇺🇸 United States_hy2_8 {334} | server=45.150.165.84:8881 | reason=mihomo start failed
[TEST] {338} tested=1/1 | kept=0 | rest=0
[DEBUG] mihomo isolate | branch={338} | size=1 | parse=0 | names=[Epodonios] EPODONIOS-293 | err=-
[DEBUG] mihomo drop | branch={338} | size=1 | parse=0 | names=[Epodonios] EPODONIOS-293 | err=-
[DROP] name=[Epodonios] EPODONIOS-293 {338} | server=207.56.137.51:443 | reason=mihomo start failed
[TEST] {344} tested=4/4 | kept=0 | rest=0
[DEBUG] mihomo split-small | branch={344} | size=4 | parse=0 | names=[Epodonios] EPODONIOS-299,[Epodonios] EPODONIOS-300,[Epodonios] EPODONIOS-301...+1 | err=-
[WARN] batch start failed | size=4 {344} | split=1 {775} + 1 {776} + 1 {777} + 1 {778}
[TEST] {343} tested=1/1 | kept=0 | rest=0
[DEBUG] mihomo isolate | branch={343} | size=1 | parse=0 | names=[Epodonios] EPODONIOS-298 | err=-
[DEBUG] mihomo drop | branch={343} | size=1 | parse=0 | names=[Epodonios] EPODONIOS-298 | err=-
[DROP] name=[Epodonios] EPODONIOS-298 {343} | server=tarane.2drive.sbs:80 | reason=mihomo start failed
[TEST] {346} tested=4/4 | kept=0 | rest=0
[DEBUG] mihomo split-small | branch={346} | size=4 | parse=0 | names=[Epodonios] EPODONIOS-332,[Epodonios] EPODONIOS-333,[Epodonios] EPODONIOS-334...+1 | err=-
[WARN] batch start failed | size=4 {346} | split=1 {779} + 1 {780} + 1 {781} + 1 {782}
[TEST] {340} tested=1/1 | kept=0 | rest=0
[DEBUG] mihomo isolate | branch={340} | size=1 | parse=0 | names=[Epodonios] EPODONIOS-295 | err=-
[DEBUG] mihomo drop | branch={340} | size=1 | parse=0 | names=[Epodonios] EPODONIOS-295 | err=-
[DROP] name=[Epodonios] EPODONIOS-295 {340} | server=b---u----l.cd2-ger1.ir:2087 | reason=mihomo start failed
[TEST] {342} tested=1/1 | kept=0 | rest=0
[DEBUG] mihomo isolate | branch={342} | size=1 | parse=0 | names=[Epodonios] EPODONIOS-297 | err=-
[DEBUG] mihomo drop | branch={342} | size=1 | parse=0 | names=[Epodonios] EPODONIOS-297 | err=-
[DROP] name=[Epodonios] EPODONIOS-297 {342} | server=fr-tx.sbrf-cdn342.ru:443 | reason=mihomo start failed
[TEST] {347} tested=5/5 | kept=0 | rest=0
[DEBUG] mihomo split-small | branch={347} | size=5 | parse=0 | names=[Epodonios] vless-3,[Epodonios] vless-4,[Epodonios] EPODONIOS-336...+2 | err=-
[WARN] batch start failed | size=5 {347} | split=1 {783} + 1 {784} + 1 {785} + 1 {786} + 1 {787}
[TEST] {349} tested=5/5 | kept=0 | rest=0
[DEBUG] mihomo split-small | branch={349} | size=5 | parse=0 | names=[Epodonios] EPODONIOS-319,[Epodonios] EPODONIOS-320,[Epodonios] EPODONIOS-321...+2 | err=-
[WARN] batch start failed | size=5 {349} | split=1 {788} + 1 {789} + 1 {790} + 1 {791} + 1 {792}
[TEST] {350} tested=1/1 | kept=0 | rest=0
[DEBUG] mihomo isolate | branch={350} | size=1 | parse=0 | names=[Epodonios] vless-2 | err=-
[DEBUG] mihomo drop | branch={350} | size=1 | parse=0 | names=[Epodonios] vless-2 | err=-
[DROP] name=[Epodonios] vless-2 {350} | server=k2.cloud--vpn.site:443 | reason=mihomo start failed
[TEST] {352} tested=1/1 | kept=0 | rest=0
[DEBUG] mihomo isolate | branch={352} | size=1 | parse=0 | names=[Epodonios] EPODONIOS-309 | err=-
[DEBUG] mihomo drop | branch={352} | size=1 | parse=0 | names=[Epodonios] EPODONIOS-309 | err=-
[DROP] name=[Epodonios] EPODONIOS-309 {352} | server=2.27.26.140:443 | reason=mihomo start failed
[TEST] {353} tested=1/1 | kept=0 | rest=0
[DEBUG] mihomo isolate | branch={353} | size=1 | parse=0 | names=[Epodonios] EPODONIOS-310 | err=-
[DEBUG] mihomo drop | branch={353} | size=1 | parse=0 | names=[Epodonios] EPODONIOS-310 | err=-
[DROP] name=[Epodonios] EPODONIOS-310 {353} | server=31.76.246.59:443 | reason=mihomo start failed
[TEST] {345} tested=5/5 | kept=0 | rest=0
[DEBUG] mihomo split-small | branch={345} | size=5 | parse=0 | names=[Epodonios] EPODONIOS-303,[Epodonios] EPODONIOS-304,[Epodonios] EPODONIOS-305...+2 | err=-
[WARN] batch start failed | size=5 {345} | split=1 {793} + 1 {794} + 1 {795} + 1 {796} + 1 {797}
[TEST] {348} tested=4/4 | kept=0 | rest=0
[DEBUG] mihomo split-small | branch={348} | size=4 | parse=0 | names=[Epodonios] EPODONIOS-315,[Epodonios] EPODONIOS-316,[Epodonios] EPODONIOS-317...+1 | err=-
[WARN] batch start failed | size=4 {348} | split=1 {798} + 1 {799} + 1 {800} + 1 {801}
[TEST] {351} tested=1/1 | kept=0 | rest=0
[DEBUG] mihomo isolate | branch={351} | size=1 | parse=0 | names=[Epodonios] EPODONIOS-308 | err=-
[DEBUG] mihomo drop | branch={351} | size=1 | parse=0 | names=[Epodonios] EPODONIOS-308 | err=-
[DROP] name=[Epodonios] EPODONIOS-308 {351} | server=185.238.191.171:443 | reason=mihomo start failed
[TEST] {356} tested=1/1 | kept=0 | rest=0
[DEBUG] mihomo isolate | branch={356} | size=1 | parse=0 | names=[Epodonios] EPODONIOS-313 | err=-
[DEBUG] mihomo drop | branch={356} | size=1 | parse=0 | names=[Epodonios] EPODONIOS-313 | err=-
[DROP] name=[Epodonios] EPODONIOS-313 {356} | server=104.16.80.73:443 | reason=mihomo start failed
[TEST] {355} tested=1/1 | kept=0 | rest=0
[DEBUG] mihomo isolate | branch={355} | size=1 | parse=0 | names=[Epodonios] EPODONIOS-312 | err=-
[DEBUG] mihomo drop | branch={355} | size=1 | parse=0 | names=[Epodonios] EPODONIOS-312 | err=-
[DROP] name=[Epodonios] EPODONIOS-312 {355} | server=www.speedtest.net:2095 | reason=mihomo start failed
[TEST] {359} tested=1/1 | kept=0 | rest=0
[DEBUG] mihomo isolate | branch={359} | size=1 | parse=0 | names=[Epodonios] EPODONIOS-325 | err=-
[DEBUG] mihomo drop | branch={359} | size=1 | parse=0 | names=[Epodonios] EPODONIOS-325 | err=-
[DROP] name=[Epodonios] EPODONIOS-325 {359} | server=hel1.nordlinkcloud.com:443 | reason=mihomo start failed
[TEST] {361} tested=1/1 | kept=0 | rest=0
[DEBUG] mihomo isolate | branch={361} | size=1 | parse=0 | names=[Epodonios] EPODONIOS-327 | err=-
[DEBUG] mihomo drop | branch={361} | size=1 | parse=0 | names=[Epodonios] EPODONIOS-327 | err=-
[DROP] name=[Epodonios] EPODONIOS-327 {361} | server=95.85.252.223:8443 | reason=mihomo start failed
[TEST] {360} tested=1/1 | kept=0 | rest=0
[DEBUG] mihomo isolate | branch={360} | size=1 | parse=0 | names=[Epodonios] EPODONIOS-326 | err=-
[DEBUG] mihomo drop | branch={360} | size=1 | parse=0 | names=[Epodonios] EPODONIOS-326 | err=-
[DROP] name=[Epodonios] EPODONIOS-326 {360} | server=pruritus.patiromer.workers.dev:443 | reason=mihomo start failed
[TEST] {354} tested=1/1 | kept=0 | rest=0
[DEBUG] mihomo isolate | branch={354} | size=1 | parse=0 | names=[Epodonios] EPODONIOS-311 | err=-
[DEBUG] mihomo drop | branch={354} | size=1 | parse=0 | names=[Epodonios] EPODONIOS-311 | err=-
[DROP] name=[Epodonios] EPODONIOS-311 {354} | server=91.107.133.246:443 | reason=mihomo start failed
[TEST] {364} tested=1/1 | kept=0 | rest=0
[DEBUG] mihomo isolate | branch={364} | size=1 | parse=0 | names=[Epodonios] EPODONIOS-330 | err=-
[DEBUG] mihomo drop | branch={364} | size=1 | parse=0 | names=[Epodonios] EPODONIOS-330 | err=-
[DROP] name=[Epodonios] EPODONIOS-330 {364} | server=78.17.109.199:13868 | reason=mihomo start failed
[TEST] {357} tested=1/1 | kept=0 | rest=0
[DEBUG] mihomo isolate | branch={357} | size=1 | parse=0 | names=[Epodonios] EPODONIOS-314 | err=-
[DEBUG] mihomo drop | branch={357} | size=1 | parse=0 | names=[Epodonios] EPODONIOS-314 | err=-
[DROP] name=[Epodonios] EPODONIOS-314 {357} | server=45.123.42.213:18082 | reason=mihomo start failed
[TEST] {362} tested=1/1 | kept=0 | rest=0
[DEBUG] mihomo isolate | branch={362} | size=1 | parse=0 | names=[Epodonios] EPODONIOS-328 | err=-
[DEBUG] mihomo drop | branch={362} | size=1 | parse=0 | names=[Epodonios] EPODONIOS-328 | err=-
[DROP] name=[Epodonios] EPODONIOS-328 {362} | server=107.161.174.26:443 | reason=mihomo start failed
[TEST] {358} tested=1/1 | kept=0 | rest=0
[DEBUG] mihomo isolate | branch={358} | size=1 | parse=0 | names=[Epodonios] EPODONIOS-324 | err=-
[DEBUG] mihomo drop | branch={358} | size=1 | parse=0 | names=[Epodonios] EPODONIOS-324 | err=-
[DROP] name=[Epodonios] EPODONIOS-324 {358} | server=speedtest.net:80 | reason=mihomo start failed
[TEST] {363} tested=1/1 | kept=0 | rest=0
[DEBUG] mihomo isolate | branch={363} | size=1 | parse=0 | names=[Epodonios] EPODONIOS-329 | err=-
[DEBUG] mihomo drop | branch={363} | size=1 | parse=0 | names=[Epodonios] EPODONIOS-329 | err=-
[DROP] name=[Epodonios] EPODONIOS-329 {363} | server=78.17.109.126:13868 | reason=mihomo start failed
[TEST] {368} tested=4/4 | kept=0 | rest=0
[DEBUG] mihomo split-small | branch={368} | size=4 | parse=0 | names=[Epodonios] EPODONIOS-347,[Epodonios] EPODONIOS-348,[Epodonios] vless-6...+1 | err=-
[WARN] batch start failed | size=4 {368} | split=1 {802} + 1 {803} + 1 {804} + 1 {805}
[TEST] {365} tested=1/1 | kept=0 | rest=0
[DEBUG] mihomo isolate | branch={365} | size=1 | parse=0 | names=[Epodonios] EPODONIOS-331 | err=-
[DEBUG] mihomo drop | branch={365} | size=1 | parse=0 | names=[Epodonios] EPODONIOS-331 | err=-
[DROP] name=[Epodonios] EPODONIOS-331 {365} | server=78.17.125.201:13868 | reason=mihomo start failed
[TEST] {370} tested=1/1 | kept=0 | rest=0
[DEBUG] mihomo isolate | branch={370} | size=1 | parse=0 | names=[免费节点10] 🇺🇸 US 884 → tg@nicevpn123 | err=-
[DEBUG] mihomo drop | branch={370} | size=1 | parse=0 | names=[免费节点10] 🇺🇸 US 884 → tg@nicevpn123 | err=-
[DROP] name=[免费节点10] 🇺🇸 US 884 → tg@nicevpn123 {370} | server=104.16.43.221:2082 | reason=mihomo start failed
[TEST] {366} tested=4/4 | kept=0 | rest=0
[DEBUG] mihomo split-small | branch={366} | size=4 | parse=0 | names=[Epodonios] EPODONIOS-338,[Epodonios] EPODONIOS-339,[Epodonios] EPODONIOS-340...+1 | err=-
[WARN] batch start failed | size=4 {366} | split=1 {806} + 1 {807} + 1 {808} + 1 {809}
[TEST] {367} tested=5/5 | kept=0 | rest=0
[DEBUG] mihomo split-small | branch={367} | size=5 | parse=0 | names=[Epodonios] EPODONIOS-342,[Epodonios] EPODONIOS-343,[Epodonios] EPODONIOS-344...+2 | err=-
[WARN] batch start failed | size=5 {367} | split=1 {810} + 1 {811} + 1 {812} + 1 {813} + 1 {814}
[TEST] {372} tested=1/1 | kept=0 | rest=0
[DEBUG] mihomo isolate | branch={372} | size=1 | parse=0 | names=[免费节点10] 🇺🇸 US 887 → tg@nicevpn123 | err=-
[DEBUG] mihomo drop | branch={372} | size=1 | parse=0 | names=[免费节点10] 🇺🇸 US 887 → tg@nicevpn123 | err=-
[DROP] name=[免费节点10] 🇺🇸 US 887 → tg@nicevpn123 {372} | server=104.19.45.102:2082 | reason=mihomo start failed
[TEST] {373} tested=1/1 | kept=0 | rest=0
[DEBUG] mihomo isolate | branch={373} | size=1 | parse=0 | names=[免费节点10] 🇺🇸 US 888 → tg@nicevpn123 | err=-
[DEBUG] mihomo drop | branch={373} | size=1 | parse=0 | names=[免费节点10] 🇺🇸 US 888 → tg@nicevpn123 | err=-
[DROP] name=[免费节点10] 🇺🇸 US 888 → tg@nicevpn123 {373} | server=104.21.4.14:2086 | reason=mihomo start failed
[TEST] {369} tested=5/5 | kept=0 | rest=0
[DEBUG] mihomo split-small | branch={369} | size=5 | parse=0 | names=[Epodonios] EPODONIOS-350,[Epodonios] EPODONIOS-351,[Epodonios] EPODONIOS-352...+2 | err=-
[WARN] batch start failed | size=5 {369} | split=1 {815} + 1 {816} + 1 {817} + 1 {818} + 1 {819}
[TEST] {371} tested=1/1 | kept=0 | rest=0
[DEBUG] mihomo isolate | branch={371} | size=1 | parse=0 | names=[免费节点10] 🇺🇸 US 886 → tg@nicevpn123 | err=-
[DEBUG] mihomo drop | branch={371} | size=1 | parse=0 | names=[免费节点10] 🇺🇸 US 886 → tg@nicevpn123 | err=-
[DROP] name=[免费节点10] 🇺🇸 US 886 → tg@nicevpn123 {371} | server=167.172.158.100:8881 | reason=mihomo start failed
[TEST] {374} tested=1/1 | kept=0 | rest=0
[DEBUG] mihomo isolate | branch={374} | size=1 | parse=0 | names=[免费节点10] 🇺🇸 US 889 → tg@nicevpn123 | err=-
[DEBUG] mihomo drop | branch={374} | size=1 | parse=0 | names=[免费节点10] 🇺🇸 US 889 → tg@nicevpn123 | err=-
[DROP] name=[免费节点10] 🇺🇸 US 889 → tg@nicevpn123 {374} | server=38.86.135.185:443 | reason=mihomo start failed
[TEST] {377} tested=1/1 | kept=0 | rest=0
[DEBUG] mihomo isolate | branch={377} | size=1 | parse=0 | names=[免费节点10] 🇺🇸 US 893 → tg@nicevpn123 | err=-
[DEBUG] mihomo drop | branch={377} | size=1 | parse=0 | names=[免费节点10] 🇺🇸 US 893 → tg@nicevpn123 | err=-
[DROP] name=[免费节点10] 🇺🇸 US 893 → tg@nicevpn123 {377} | server=144.202.59.26:57061 | reason=mihomo start failed
[TEST] {378} tested=4/4 | kept=0 | rest=0
[DEBUG] mihomo split-small | branch={378} | size=4 | parse=0 | names=[免费节点10] 🇺🇸 US 894 → tg@nicevpn123,[免费节点10] 🇺🇸 US 896 → tg@nicevpn123,[免费节点10] 🇺🇸 US 898 → tg@nicevpn123...+1 | err=-
[WARN] batch start failed | size=4 {378} | split=1 {820} + 1 {821} + 1 {822} + 1 {823}
[TEST] {375} tested=1/1 | kept=0 | rest=0
[DEBUG] mihomo isolate | branch={375} | size=1 | parse=0 | names=[免费节点10] 🇺🇸 US 890 → tg@nicevpn123 | err=-
[DEBUG] mihomo drop | branch={375} | size=1 | parse=0 | names=[免费节点10] 🇺🇸 US 890 → tg@nicevpn123 | err=-
[DROP] name=[免费节点10] 🇺🇸 US 890 → tg@nicevpn123 {375} | server=38.114.114.208:8091 | reason=mihomo start failed
[TEST] {376} tested=1/1 | kept=0 | rest=0
[DEBUG] mihomo isolate | branch={376} | size=1 | parse=0 | names=[免费节点10] 🇺🇸 US 892 → tg@nicevpn123 | err=-
[DEBUG] mihomo drop | branch={376} | size=1 | parse=0 | names=[免费节点10] 🇺🇸 US 892 → tg@nicevpn123 | err=-
[DROP] name=[免费节点10] 🇺🇸 US 892 → tg@nicevpn123 {376} | server=65.109.199.41:2791 | reason=mihomo start failed
[TEST] {382} tested=4/4 | kept=0 | rest=0
[DEBUG] mihomo split-small | branch={382} | size=4 | parse=0 | names=[免费节点10] 🇺🇸 US 904 → tg@nicevpn123,[免费节点10] 🇺🇸 US 905 → tg@nicevpn123,[免费节点10] 🇺🇸 US 907 → tg@nicevpn123...+1 | err=-
[WARN] batch start failed | size=4 {382} | split=1 {824} + 1 {825} + 1 {826} + 1 {827}
[TEST] {379} tested=5/5 | kept=0 | rest=0
[DEBUG] mihomo split-small | branch={379} | size=5 | parse=0 | names=[免费节点10] 🇺🇸 US 9 → tg@nicevpn123,[免费节点10] 🇺🇸 US 900 → tg@nicevpn123,[免费节点10] 🇺🇸 US 901 → tg@nicevpn123...+2 | err=-
[WARN] batch start failed | size=5 {379} | split=1 {828} + 1 {829} + 1 {830} + 1 {831} + 1 {832}
[TEST] {380} tested=4/4 | kept=0 | rest=0
[DEBUG] mihomo split-small | branch={380} | size=4 | parse=0 | names=[免费节点10] 🇺🇸 US 913 → tg@nicevpn123,[免费节点10] 🇺🇸 US 914 → tg@nicevpn123,[免费节点10] 🇺🇸 US 916 → tg@nicevpn123...+1 | err=-
[WARN] batch start failed | size=4 {380} | split=1 {833} + 1 {834} + 1 {835} + 1 {836}
[TEST] {385} tested=1/1 | kept=0 | rest=0
[DEBUG] mihomo isolate | branch={385} | size=1 | parse=0 | names=[免费节点10] 🇺🇸 US 865 → tg@nicevpn123 | err=-
[DEBUG] mihomo drop | branch={385} | size=1 | parse=0 | names=[免费节点10] 🇺🇸 US 865 → tg@nicevpn123 | err=-
[DROP] name=[免费节点10] 🇺🇸 US 865 → tg@nicevpn123 {385} | server=13.35.13.142:443 | reason=mihomo start failed
[TEST] {384} tested=1/1 | kept=0 | rest=0
[DEBUG] mihomo isolate | branch={384} | size=1 | parse=0 | names=[免费节点10] 🇺🇸 US 864 → tg@nicevpn123 | err=-
[DEBUG] mihomo drop | branch={384} | size=1 | parse=0 | names=[免费节点10] 🇺🇸 US 864 → tg@nicevpn123 | err=-
[DROP] name=[免费节点10] 🇺🇸 US 864 → tg@nicevpn123 {384} | server=99.84.50.140:443 | reason=mihomo start failed
[TEST] {381} tested=5/5 | kept=0 | rest=0
[DEBUG] mihomo split-small | branch={381} | size=5 | parse=0 | names=[免费节点10] 🇺🇸 US 918 → tg@nicevpn123,[免费节点10] 🇺🇸 US 919 → tg@nicevpn123,[免费节点10] 🇺🇸 US 92 → tg@nicevpn123...+2 | err=-
[WARN] batch start failed | size=5 {381} | split=1 {837} + 1 {838} + 1 {839} + 1 {840} + 1 {841}
[TEST] {387} tested=1/1 | kept=0 | rest=0
[DEBUG] mihomo isolate | branch={387} | size=1 | parse=0 | names=[免费节点10] 🇺🇸 US 869 → tg@nicevpn123 | err=-
[DEBUG] mihomo drop | branch={387} | size=1 | parse=0 | names=[免费节点10] 🇺🇸 US 869 → tg@nicevpn123 | err=-
[DROP] name=[免费节点10] 🇺🇸 US 869 → tg@nicevpn123 {387} | server=104.19.45.238:2095 | reason=mihomo start failed
[TEST] {389} tested=1/1 | kept=0 | rest=0
[DEBUG] mihomo isolate | branch={389} | size=1 | parse=0 | names=[免费节点10] 🇺🇸 US 870 → tg@nicevpn123 | err=-
[DEBUG] mihomo drop | branch={389} | size=1 | parse=0 | names=[免费节点10] 🇺🇸 US 870 → tg@nicevpn123 | err=-
[DROP] name=[免费节点10] 🇺🇸 US 870 → tg@nicevpn123 {389} | server=104.19.45.190:2095 | reason=mihomo start failed
[TEST] {390} tested=1/1 | kept=0 | rest=0
[DEBUG] mihomo isolate | branch={390} | size=1 | parse=0 | names=[免费节点10] 🇺🇸 US 871 → tg@nicevpn123 | err=-
[DEBUG] mihomo drop | branch={390} | size=1 | parse=0 | names=[免费节点10] 🇺🇸 US 871 → tg@nicevpn123 | err=-
[DROP] name=[免费节点10] 🇺🇸 US 871 → tg@nicevpn123 {390} | server=104.19.48.110:2082 | reason=mihomo start failed
[TEST] {391} tested=1/1 | kept=0 | rest=0
[DEBUG] mihomo isolate | branch={391} | size=1 | parse=0 | names=[免费节点10] 🇺🇸 US 872 → tg@nicevpn123 | err=-
[DEBUG] mihomo drop | branch={391} | size=1 | parse=0 | names=[免费节点10] 🇺🇸 US 872 → tg@nicevpn123 | err=-
[DROP] name=[免费节点10] 🇺🇸 US 872 → tg@nicevpn123 {391} | server=104.16.60.8:2082 | reason=mihomo start failed
[TEST] {383} tested=5/5 | kept=0 | rest=0
[DEBUG] mihomo split-small | branch={383} | size=5 | parse=0 | names=[免费节点10] 🇺🇸 US 909 → tg@nicevpn123,[免费节点10] 🇺🇸 US 91 → tg@nicevpn123,[免费节点10] 🇺🇸 US 910 → tg@nicevpn123...+2 | err=-
[WARN] batch start failed | size=5 {383} | split=1 {842} + 1 {843} + 1 {844} + 1 {845} + 1 {846}
[TEST] {386} tested=1/1 | kept=0 | rest=0
[DEBUG] mihomo isolate | branch={386} | size=1 | parse=0 | names=[免费节点10] 🇺🇸 US 867 → tg@nicevpn123 | err=-
[DEBUG] mihomo drop | branch={386} | size=1 | parse=0 | names=[免费节点10] 🇺🇸 US 867 → tg@nicevpn123 | err=-
[DROP] name=[免费节点10] 🇺🇸 US 867 → tg@nicevpn123 {386} | server=38.114.114.208:8882 | reason=mihomo start failed
[TEST] {388} tested=1/1 | kept=0 | rest=0
[DEBUG] mihomo isolate | branch={388} | size=1 | parse=0 | names=[免费节点10] 🇺🇸 US 87 → tg@nicevpn123 | err=-
[DEBUG] mihomo drop | branch={388} | size=1 | parse=0 | names=[免费节点10] 🇺🇸 US 87 → tg@nicevpn123 | err=-
[DROP] name=[免费节点10] 🇺🇸 US 87 → tg@nicevpn123 {388} | server=35.87.25.21:443 | reason=mihomo start failed
[TEST] {392} tested=4/4 | kept=0 | rest=0
[DEBUG] mihomo split-small | branch={392} | size=4 | parse=0 | names=[免费节点10] 🇺🇸 US 873 → tg@nicevpn123,[免费节点10] 🇺🇸 US 875 → tg@nicevpn123,[免费节点10] 🇺🇸 US 876 → tg@nicevpn123...+1 | err=-
[WARN] batch start failed | size=4 {392} | split=1 {847} + 1 {848} + 1 {849} + 1 {850}
[TEST] {397} tested=1/1 | kept=0 | rest=0
[DEBUG] mihomo isolate | branch={397} | size=1 | parse=0 | names=[免费节点10] 🇺🇸 US 847 → tg@nicevpn123 | err=-
[DEBUG] mihomo drop | branch={397} | size=1 | parse=0 | names=[免费节点10] 🇺🇸 US 847 → tg@nicevpn123 | err=-
[DROP] name=[免费节点10] 🇺🇸 US 847 → tg@nicevpn123 {397} | server=104.16.43.226:2082 | reason=mihomo start failed
[TEST] {398} tested=1/1 | kept=0 | rest=0
[DEBUG] mihomo isolate | branch={398} | size=1 | parse=0 | names=[免费节点10] 🇺🇸 US 848 → tg@nicevpn123 | err=-
[DEBUG] mihomo drop | branch={398} | size=1 | parse=0 | names=[免费节点10] 🇺🇸 US 848 → tg@nicevpn123 | err=-
[DROP] name=[免费节点10] 🇺🇸 US 848 → tg@nicevpn123 {398} | server=172.67.229.39:2086 | reason=mihomo start failed
[TEST] {393} tested=5/5 | kept=0 | rest=0
[DEBUG] mihomo split-small | branch={393} | size=5 | parse=0 | names=[免费节点10] 🇺🇸 US 878 → tg@nicevpn123,[免费节点10] 🇺🇸 US 879 → tg@nicevpn123,[免费节点10] 🇺🇸 US 880 → tg@nicevpn123...+2 | err=-
[WARN] batch start failed | size=5 {393} | split=1 {851} + 1 {852} + 1 {853} + 1 {854} + 1 {855}
[TEST] {399} tested=1/1 | kept=0 | rest=0
[DEBUG] mihomo isolate | branch={399} | size=1 | parse=0 | names=[免费节点10] 🇺🇸 US 85 → tg@nicevpn123 | err=-
[DEBUG] mihomo drop | branch={399} | size=1 | parse=0 | names=[免费节点10] 🇺🇸 US 85 → tg@nicevpn123 | err=-
[DROP] name=[免费节点10] 🇺🇸 US 85 → tg@nicevpn123 {399} | server=104.16.43.122:2082 | reason=mihomo start failed
[TEST] {400} tested=1/1 | kept=0 | rest=0
[DEBUG] mihomo isolate | branch={400} | size=1 | parse=0 | names=[免费节点10] 🇺🇸 US 850 → tg@nicevpn123 | err=-
[DEBUG] mihomo drop | branch={400} | size=1 | parse=0 | names=[免费节点10] 🇺🇸 US 850 → tg@nicevpn123 | err=-
[DROP] name=[免费节点10] 🇺🇸 US 850 → tg@nicevpn123 {400} | server=104.19.45.182:2082 | reason=mihomo start failed
[TEST] {395} tested=5/5 | kept=0 | rest=0
[DEBUG] mihomo split-small | branch={395} | size=5 | parse=0 | names=[免费节点10] 🇺🇸 US 86 → tg@nicevpn123,[免费节点10] 🇺🇸 US 860 → tg@nicevpn123,[免费节点10] 🇺🇸 US 861 → tg@nicevpn123...+2 | err=-
[WARN] batch start failed | size=5 {395} | split=1 {856} + 1 {857} + 1 {858} + 1 {859} + 1 {860}
[TEST] {402} tested=1/1 | kept=0 | rest=0
[DEBUG] mihomo isolate | branch={402} | size=1 | parse=0 | names=[免费节点10] 🇺🇸 US 852 → tg@nicevpn123 | err=-
[DEBUG] mihomo drop | branch={402} | size=1 | parse=0 | names=[免费节点10] 🇺🇸 US 852 → tg@nicevpn123 | err=-
[DROP] name=[免费节点10] 🇺🇸 US 852 → tg@nicevpn123 {402} | server=104.19.45.108:2095 | reason=mihomo start failed
[TEST] {394} tested=4/4 | kept=0 | rest=0
[DEBUG] mihomo split-small | branch={394} | size=4 | parse=0 | names=[免费节点10] 🇺🇸 US 854 → tg@nicevpn123,[免费节点10] 🇺🇸 US 855 → tg@nicevpn123,[免费节点10] 🇺🇸 US 856 → tg@nicevpn123...+1 | err=-
[WARN] batch start failed | size=4 {394} | split=1 {861} + 1 {862} + 1 {863} + 1 {864}
[TEST] {396} tested=1/1 | kept=0 | rest=0
[DEBUG] mihomo isolate | branch={396} | size=1 | parse=0 | names=[免费节点10] 🇺🇸 US 846 → tg@nicevpn123 | err=-
[DEBUG] mihomo drop | branch={396} | size=1 | parse=0 | names=[免费节点10] 🇺🇸 US 846 → tg@nicevpn123 | err=-
[DROP] name=[免费节点10] 🇺🇸 US 846 → tg@nicevpn123 {396} | server=185.77.217.121:443 | reason=mihomo start failed
[TEST] {403} tested=1/1 | kept=0 | rest=0
[DEBUG] mihomo isolate | branch={403} | size=1 | parse=0 | names=[免费节点10] 🇺🇸 US 853 → tg@nicevpn123 | err=-
[DEBUG] mihomo drop | branch={403} | size=1 | parse=0 | names=[免费节点10] 🇺🇸 US 853 → tg@nicevpn123 | err=-
[DROP] name=[免费节点10] 🇺🇸 US 853 → tg@nicevpn123 {403} | server=38.75.136.33:2376 | reason=mihomo start failed
[TEST] {406} tested=1/1 | kept=0 | rest=0
[DEBUG] mihomo isolate | branch={406} | size=1 | parse=0 | names=[免费节点10] 🇺🇸 US 922 → tg@nicevpn123 | err=-
[DEBUG] mihomo drop | branch={406} | size=1 | parse=0 | names=[免费节点10] 🇺🇸 US 922 → tg@nicevpn123 | err=-
[DROP] name=[免费节点10] 🇺🇸 US 922 → tg@nicevpn123 {406} | server=104.16.60.8:2083 | reason=mihomo start failed
[TEST] {407} tested=1/1 | kept=0 | rest=0
[DEBUG] mihomo isolate | branch={407} | size=1 | parse=0 | names=[免费节点10] 🇺🇸 US 923 → tg@nicevpn123 | err=-
[DEBUG] mihomo drop | branch={407} | size=1 | parse=0 | names=[免费节点10] 🇺🇸 US 923 → tg@nicevpn123 | err=-
[DROP] name=[免费节点10] 🇺🇸 US 923 → tg@nicevpn123 {407} | server=104.19.45.61:2095 | reason=mihomo start failed
[TEST] {408} tested=1/1 | kept=0 | rest=0
[DEBUG] mihomo isolate | branch={408} | size=1 | parse=0 | names=[免费节点10] 🇺🇸 US 924 → tg@nicevpn123 | err=-
[DEBUG] mihomo drop | branch={408} | size=1 | parse=0 | names=[免费节点10] 🇺🇸 US 924 → tg@nicevpn123 | err=-
[DROP] name=[免费节点10] 🇺🇸 US 924 → tg@nicevpn123 {408} | server=104.19.49.237:443 | reason=mihomo start failed
[TEST] {401} tested=1/1 | kept=0 | rest=0
[DEBUG] mihomo isolate | branch={401} | size=1 | parse=0 | names=[免费节点10] 🇺🇸 US 851 → tg@nicevpn123 | err=-
[DEBUG] mihomo drop | branch={401} | size=1 | parse=0 | names=[免费节点10] 🇺🇸 US 851 → tg@nicevpn123 | err=-
[DROP] name=[免费节点10] 🇺🇸 US 851 → tg@nicevpn123 {401} | server=ip0axv1bbsu02k7-hk.1ytnode.com:56310 | reason=mihomo start failed
[TEST] {409} tested=1/1 | kept=0 | rest=0
[DEBUG] mihomo isolate | branch={409} | size=1 | parse=0 | names=[免费节点10] 🇺🇸 US 925 → tg@nicevpn123 | err=-
[DEBUG] mihomo drop | branch={409} | size=1 | parse=0 | names=[免费节点10] 🇺🇸 US 925 → tg@nicevpn123 | err=-
[DROP] name=[免费节点10] 🇺🇸 US 925 → tg@nicevpn123 {409} | server=104.19.48.27:2082 | reason=mihomo start failed
[TEST] {411} tested=1/1 | kept=0 | rest=0
[DEBUG] mihomo isolate | branch={411} | size=1 | parse=0 | names=[免费节点10] 🇺🇸 US 927 → tg@nicevpn123 | err=-
[DEBUG] mihomo drop | branch={411} | size=1 | parse=0 | names=[免费节点10] 🇺🇸 US 927 → tg@nicevpn123 | err=-
[DROP] name=[免费节点10] 🇺🇸 US 927 → tg@nicevpn123 {411} | server=104.19.45.162:2095 | reason=mihomo start failed
[TEST] {412} tested=1/1 | kept=0 | rest=0
[DEBUG] mihomo isolate | branch={412} | size=1 | parse=0 | names=[免费节点10] 🇺🇸 US 928 → tg@nicevpn123 | err=-
[DEBUG] mihomo drop | branch={412} | size=1 | parse=0 | names=[免费节点10] 🇺🇸 US 928 → tg@nicevpn123 | err=-
[DROP] name=[免费节点10] 🇺🇸 US 928 → tg@nicevpn123 {412} | server=104.19.45.60:2082 | reason=mihomo start failed
[TEST] {410} tested=1/1 | kept=0 | rest=0
[DEBUG] mihomo isolate | branch={410} | size=1 | parse=0 | names=[免费节点10] 🇺🇸 US 926 → tg@nicevpn123 | err=-
[DEBUG] mihomo drop | branch={410} | size=1 | parse=0 | names=[免费节点10] 🇺🇸 US 926 → tg@nicevpn123 | err=-
[DROP] name=[免费节点10] 🇺🇸 US 926 → tg@nicevpn123 {410} | server=104.21.238.130:80 | reason=mihomo start failed
[TEST] {414} tested=1/1 | kept=0 | rest=0
[DEBUG] mihomo isolate | branch={414} | size=1 | parse=0 | names=[免费节点10] 🇺🇸 US 941 → tg@nicevpn123 | err=-
[DEBUG] mihomo drop | branch={414} | size=1 | parse=0 | names=[免费节点10] 🇺🇸 US 941 → tg@nicevpn123 | err=-
[DROP] name=[免费节点10] 🇺🇸 US 941 → tg@nicevpn123 {414} | server=104.16.42.196:2082 | reason=mihomo start failed
[TEST] {405} tested=5/5 | kept=0 | rest=0
[DEBUG] mihomo split-small | branch={405} | size=5 | parse=0 | names=[免费节点10] 🇺🇸 US 936 → tg@nicevpn123,[免费节点10] 🇺🇸 US 937 → tg@nicevpn123,[免费节点10] 🇺🇸 US 938 → tg@nicevpn123...+2 | err=-
[WARN] batch start failed | size=5 {405} | split=1 {865} + 1 {866} + 1 {867} + 1 {868} + 1 {869}
[TEST] {415} tested=1/1 | kept=0 | rest=0
[DEBUG] mihomo isolate | branch={415} | size=1 | parse=0 | names=[免费节点10] 🇺🇸 US 943 → tg@nicevpn123 | err=-
[DEBUG] mihomo drop | branch={415} | size=1 | parse=0 | names=[免费节点10] 🇺🇸 US 943 → tg@nicevpn123 | err=-
[DROP] name=[免费节点10] 🇺🇸 US 943 → tg@nicevpn123 {415} | server=38.68.134.9:9101 | reason=mihomo start failed
[TEST] {404} tested=4/4 | kept=0 | rest=0
[DEBUG] mihomo split-small | branch={404} | size=4 | parse=0 | names=[免费节点10] 🇺🇸 US 93 → tg@nicevpn123,[免费节点10] 🇺🇸 US 930 → tg@nicevpn123,[免费节点10] 🇺🇸 US 931 → tg@nicevpn123...+1 | err=-
[WARN] batch start failed | size=4 {404} | split=1 {870} + 1 {871} + 1 {872} + 1 {873}
[TEST] {413} tested=1/1 | kept=0 | rest=0
[DEBUG] mihomo isolate | branch={413} | size=1 | parse=0 | names=[免费节点10] 🇺🇸 US 929 → tg@nicevpn123 | err=-
[DEBUG] mihomo drop | branch={413} | size=1 | parse=0 | names=[免费节点10] 🇺🇸 US 929 → tg@nicevpn123 | err=-
[DROP] name=[免费节点10] 🇺🇸 US 929 → tg@nicevpn123 {413} | server=146.190.84.34:47390 | reason=mihomo start failed
[TEST] {417} tested=1/1 | kept=0 | rest=0
[DEBUG] mihomo isolate | branch={417} | size=1 | parse=0 | names=[免费节点10] 🇺🇸 US 946 → tg@nicevpn123 | err=-
[DEBUG] mihomo drop | branch={417} | size=1 | parse=0 | names=[免费节点10] 🇺🇸 US 946 → tg@nicevpn123 | err=-
[DROP] name=[免费节点10] 🇺🇸 US 946 → tg@nicevpn123 {417} | server=38.75.137.42:7002 | reason=mihomo start failed
[TEST] {420} tested=1/1 | kept=0 | rest=0
[DEBUG] mihomo isolate | branch={420} | size=1 | parse=0 | names=[免费节点10] 🇺🇸 US 95 → tg@nicevpn123 | err=-
[DEBUG] mihomo drop | branch={420} | size=1 | parse=0 | names=[免费节点10] 🇺🇸 US 95 → tg@nicevpn123 | err=-
[DROP] name=[免费节点10] 🇺🇸 US 95 → tg@nicevpn123 {420} | server=changupmecca.com:443 | reason=mihomo start failed
[TEST] {419} tested=1/1 | kept=0 | rest=0
[DEBUG] mihomo isolate | branch={419} | size=1 | parse=0 | names=[免费节点10] 🇺🇸 US 949 → tg@nicevpn123 | err=-
[DEBUG] mihomo drop | branch={419} | size=1 | parse=0 | names=[免费节点10] 🇺🇸 US 949 → tg@nicevpn123 | err=-
[DROP] name=[免费节点10] 🇺🇸 US 949 → tg@nicevpn123 {419} | server=104.19.45.176:2095 | reason=mihomo start failed
[TEST] {416} tested=1/1 | kept=0 | rest=0
[DEBUG] mihomo isolate | branch={416} | size=1 | parse=0 | names=[免费节点10] 🇺🇸 US 944 → tg@nicevpn123 | err=-
[DEBUG] mihomo drop | branch={416} | size=1 | parse=0 | names=[免费节点10] 🇺🇸 US 944 → tg@nicevpn123 | err=-
[DROP] name=[免费节点10] 🇺🇸 US 944 → tg@nicevpn123 {416} | server=38.110.1.88:2376 | reason=mihomo start failed
[TEST] {422} tested=4/4 | kept=0 | rest=0
[DEBUG] mihomo split-small | branch={422} | size=4 | parse=0 | names=[免费节点10] 🇺🇸 US 2027 → tg@nicevpn123,[免费节点10] 🇺🇸 US 2028 → tg@nicevpn123,[免费节点10] 🇺🇸 US 2029 → tg@nicevpn123...+1 | err=-
[WARN] batch start failed | size=4 {422} | split=1 {874} + 1 {875} + 1 {876} + 1 {877}
[TEST] {423} tested=5/5 | kept=0 | rest=0
[DEBUG] mihomo split-small | branch={423} | size=5 | parse=0 | names=[免费节点10] 🇺🇸 US 2031 → tg@nicevpn123,[免费节点10] 🇺🇸 US 2032 → tg@nicevpn123,[免费节点10] 🇺🇸 US 2033 → tg@nicevpn123...+2 | err=-
[WARN] batch start failed | size=5 {423} | split=1 {878} + 1 {879} + 1 {880} + 1 {881} + 1 {882}
[TEST] {425} tested=1/1 | kept=0 | rest=0
[DEBUG] mihomo isolate | branch={425} | size=1 | parse=0 | names=[免费节点10] 🇺🇸 US 2020 → tg@nicevpn123 | err=-
[DEBUG] mihomo drop | branch={425} | size=1 | parse=0 | names=[免费节点10] 🇺🇸 US 2020 → tg@nicevpn123 | err=-
[DROP] name=[免费节点10] 🇺🇸 US 2020 → tg@nicevpn123 {425} | server=104.19.44.107:80 | reason=mihomo start failed
[TEST] {424} tested=1/1 | kept=0 | rest=0
[DEBUG] mihomo isolate | branch={424} | size=1 | parse=0 | names=[免费节点10] 🇺🇸 US 2019 → tg@nicevpn123 | err=-
[DEBUG] mihomo drop | branch={424} | size=1 | parse=0 | names=[免费节点10] 🇺🇸 US 2019 → tg@nicevpn123 | err=-
[DROP] name=[免费节点10] 🇺🇸 US 2019 → tg@nicevpn123 {424} | server=104.19.44.207:80 | reason=mihomo start failed
[TEST] {427} tested=1/1 | kept=0 | rest=0
[DEBUG] mihomo isolate | branch={427} | size=1 | parse=0 | names=[免费节点10] 🇺🇸 US 2022 → tg@nicevpn123 | err=-
[DEBUG] mihomo drop | branch={427} | size=1 | parse=0 | names=[免费节点10] 🇺🇸 US 2022 → tg@nicevpn123 | err=-
[DROP] name=[免费节点10] 🇺🇸 US 2022 → tg@nicevpn123 {427} | server=104.19.44.9:80 | reason=mihomo start failed
[TEST] {426} tested=1/1 | kept=0 | rest=0
[DEBUG] mihomo isolate | branch={426} | size=1 | parse=0 | names=[免费节点10] 🇺🇸 US 2021 → tg@nicevpn123 | err=-
[DEBUG] mihomo drop | branch={426} | size=1 | parse=0 | names=[免费节点10] 🇺🇸 US 2021 → tg@nicevpn123 | err=-
[DROP] name=[免费节点10] 🇺🇸 US 2021 → tg@nicevpn123 {426} | server=104.19.44.103:80 | reason=mihomo start failed
[TEST] {428} tested=1/1 | kept=0 | rest=0
[DEBUG] mihomo isolate | branch={428} | size=1 | parse=0 | names=[免费节点10] 🇺🇸 US 2023 → tg@nicevpn123 | err=-
[DEBUG] mihomo drop | branch={428} | size=1 | parse=0 | names=[免费节点10] 🇺🇸 US 2023 → tg@nicevpn123 | err=-
[DROP] name=[免费节点10] 🇺🇸 US 2023 → tg@nicevpn123 {428} | server=104.19.44.156:80 | reason=mihomo start failed
[TEST] {429} tested=1/1 | kept=0 | rest=0
[DEBUG] mihomo isolate | branch={429} | size=1 | parse=0 | names=[免费节点10] 🇺🇸 US 2024 → tg@nicevpn123 | err=-
[DEBUG] mihomo drop | branch={429} | size=1 | parse=0 | names=[免费节点10] 🇺🇸 US 2024 → tg@nicevpn123 | err=-
[DROP] name=[免费节点10] 🇺🇸 US 2024 → tg@nicevpn123 {429} | server=104.19.44.195:80 | reason=mihomo start failed
[TEST] {430} tested=1/1 | kept=0 | rest=0
[DEBUG] mihomo isolate | branch={430} | size=1 | parse=0 | names=[免费节点10] 🇺🇸 US 2025 → tg@nicevpn123 | err=-
[DEBUG] mihomo drop | branch={430} | size=1 | parse=0 | names=[免费节点10] 🇺🇸 US 2025 → tg@nicevpn123 | err=-
[DROP] name=[免费节点10] 🇺🇸 US 2025 → tg@nicevpn123 {430} | server=104.19.44.40:80 | reason=mihomo start failed
[TEST] {431} tested=1/1 | kept=0 | rest=0
[DEBUG] mihomo isolate | branch={431} | size=1 | parse=0 | names=[免费节点10] 🇺🇸 US 2026 → tg@nicevpn123 | err=-
[DEBUG] mihomo drop | branch={431} | size=1 | parse=0 | names=[免费节点10] 🇺🇸 US 2026 → tg@nicevpn123 | err=-
[DROP] name=[免费节点10] 🇺🇸 US 2026 → tg@nicevpn123 {431} | server=104.19.44.237:80 | reason=mihomo start failed
[TEST] {418} tested=1/1 | kept=0 | rest=0
[DEBUG] mihomo isolate | branch={418} | size=1 | parse=0 | names=[免费节点10] 🇺🇸 US 948 → tg@nicevpn123 | err=-
[DEBUG] mihomo drop | branch={418} | size=1 | parse=0 | names=[免费节点10] 🇺🇸 US 948 → tg@nicevpn123 | err=-
[DROP] name=[免费节点10] 🇺🇸 US 948 → tg@nicevpn123 {418} | server=38.86.135.225:8080 | reason=mihomo start failed
[DEBUG] mihomo start-fail | branch={434} | size=1 | parse=1 | rc=1 | names=[Free-clash-v2ray] hysteria | err=rc=1 Mihomo exited before controller became ready time="2026-09-28T15:42:30.122094572Z" level=info msg="Start initial configuration in progress" time="2026-09-28T15:42:30.122184139Z" level=fatal msg="Parse config error: proxy 0: '' has u...
[DEBUG] mihomo isolate | branch={434} | size=1 | parse=1 | names=[Free-clash-v2ray] hysteria | err=Mihomo exited before controller became ready time="2026-09-28T15:42:30.122094572Z" level=info msg="Start initial configuration in progress" time="2026-09-28T15:42:30.122184139Z" level=fatal msg="Parse config error: proxy 0: '' has unset ...
[REPAIR] name=[Free-clash-v2ray] hysteria {434} | fields=up,down
[TEST] {434} tested=1/1 | kept=0 | rest=0
[TEST] {436} tested=1/1 | kept=1 | rest=0
[TEST] {421} tested=1/1 | kept=0 | rest=0
[DEBUG] mihomo isolate | branch={421} | size=1 | parse=0 | names=[免费节点10] 🇺🇸 US 950 → tg@nicevpn123 | err=-
[DEBUG] mihomo drop | branch={421} | size=1 | parse=0 | names=[免费节点10] 🇺🇸 US 950 → tg@nicevpn123 | err=-
[DROP] name=[免费节点10] 🇺🇸 US 950 → tg@nicevpn123 {421} | server=zula.ir:2052 | reason=mihomo start failed
[TEST] {437} tested=1/1 | kept=1 | rest=0
[TEST] {439} tested=1/1 | kept=0 | rest=0
[DEBUG] mihomo isolate | branch={439} | size=1 | parse=0 | names=[免费节点10] 🇺🇸 US 963 → tg@nicevpn123 | err=-
[DEBUG] mihomo drop | branch={439} | size=1 | parse=0 | names=[免费节点10] 🇺🇸 US 963 → tg@nicevpn123 | err=-
[DROP] name=[免费节点10] 🇺🇸 US 963 → tg@nicevpn123 {439} | server=104.19.49.91:443 | reason=mihomo start failed
[TEST] {440} tested=1/1 | kept=0 | rest=0
[DEBUG] mihomo isolate | branch={440} | size=1 | parse=0 | names=[免费节点10] 🇺🇸 US 964 → tg@nicevpn123 | err=-
[DEBUG] mihomo drop | branch={440} | size=1 | parse=0 | names=[免费节点10] 🇺🇸 US 964 → tg@nicevpn123 | err=-
[DROP] name=[免费节点10] 🇺🇸 US 964 → tg@nicevpn123 {440} | server=104.21.237.68:80 | reason=mihomo start failed
[TEST] {433} tested=5/5 | kept=0 | rest=0
[DEBUG] mihomo split-small | branch={433} | size=5 | parse=0 | names=[免费节点10] 🇺🇸 US 956 → tg@nicevpn123,[免费节点10] 🇺🇸 US 957 → tg@nicevpn123,[免费节点10] 🇺🇸 US 958 → tg@nicevpn123...+2 | err=-
[WARN] batch start failed | size=5 {433} | split=1 {883} + 1 {884} + 1 {885} + 1 {886} + 1 {887}
[TEST] {435} tested=1/1 | kept=1 | rest=0
[TEST] {432} tested=4/4 | kept=0 | rest=0
[DEBUG] mihomo split-small | branch={432} | size=4 | parse=0 | names=[免费节点10] 🇺🇸 US 952 → tg@nicevpn123,[免费节点10] 🇺🇸 US 953 → tg@nicevpn123,[免费节点10] 🇺🇸 US 954 → tg@nicevpn123...+1 | err=-
[WARN] batch start failed | size=4 {432} | split=1 {888} + 1 {889} + 1 {890} + 1 {891}
[TEST] {441} tested=1/1 | kept=0 | rest=0
[DEBUG] mihomo isolate | branch={441} | size=1 | parse=0 | names=[免费节点10] 🇺🇸 US 966 → tg@nicevpn123 | err=-
[DEBUG] mihomo drop | branch={441} | size=1 | parse=0 | names=[免费节点10] 🇺🇸 US 966 → tg@nicevpn123 | err=-
[DROP] name=[免费节点10] 🇺🇸 US 966 → tg@nicevpn123 {441} | server=104.16.42.78:2082 | reason=mihomo start failed
[TEST] {442} tested=1/1 | kept=0 | rest=0
[DEBUG] mihomo isolate | branch={442} | size=1 | parse=0 | names=[免费节点10] 🇺🇸 US 967 → tg@nicevpn123 | err=-
[DEBUG] mihomo drop | branch={442} | size=1 | parse=0 | names=[免费节点10] 🇺🇸 US 967 → tg@nicevpn123 | err=-
[DROP] name=[免费节点10] 🇺🇸 US 967 → tg@nicevpn123 {442} | server=209.182.232.30:51348 | reason=mihomo start failed
[TEST] {445} tested=1/1 | kept=0 | rest=0
[DEBUG] mihomo isolate | branch={445} | size=1 | parse=0 | names=[免费节点10] 🇺🇸 US 97 → tg@nicevpn123 | err=-
[DEBUG] mihomo drop | branch={445} | size=1 | parse=0 | names=[免费节点10] 🇺🇸 US 97 → tg@nicevpn123 | err=-
[DROP] name=[免费节点10] 🇺🇸 US 97 → tg@nicevpn123 {445} | server=104.19.45.118:2095 | reason=mihomo start failed
[TEST] {443} tested=1/1 | kept=0 | rest=0
[DEBUG] mihomo isolate | branch={443} | size=1 | parse=0 | names=[免费节点10] 🇺🇸 US 968 → tg@nicevpn123 | err=-
[DEBUG] mihomo drop | branch={443} | size=1 | parse=0 | names=[免费节点10] 🇺🇸 US 968 → tg@nicevpn123 | err=-
[DROP] name=[免费节点10] 🇺🇸 US 968 → tg@nicevpn123 {443} | server=99.84.50.208:443 | reason=mihomo start failed
[TEST] {446} tested=4/4 | kept=0 | rest=0
[DEBUG] mihomo split-small | branch={446} | size=4 | parse=0 | names=[免费节点10] 🇺🇸 US 971 → tg@nicevpn123,[免费节点10] 🇺🇸 US 972 → tg@nicevpn123,[免费节点10] 🇺🇸 US 973 → tg@nicevpn123...+1 | err=-
[WARN] batch start failed | size=4 {446} | split=1 {892} + 1 {893} + 1 {894} + 1 {895}
[TEST] {448} tested=4/4 | kept=0 | rest=0
[DEBUG] mihomo split-small | branch={448} | size=4 | parse=0 | names=[免费节点10] 🇺🇸 US 2010 → tg@nicevpn123,[免费节点10] 🇺🇸 US 2011 → tg@nicevpn123,[免费节点10] 🇺🇸 US 2012 → tg@nicevpn123...+1 | err=-
[WARN] batch start failed | size=4 {448} | split=1 {896} + 1 {897} + 1 {898} + 1 {899}
[TEST] {449} tested=5/5 | kept=0 | rest=0
[DEBUG] mihomo split-small | branch={449} | size=5 | parse=0 | names=[免费节点10] 🇺🇸 US 2014 → tg@nicevpn123,[免费节点10] 🇺🇸 US 2015 → tg@nicevpn123,[免费节点10] 🇺🇸 US 2016 → tg@nicevpn123...+2 | err=-
[WARN] batch start failed | size=5 {449} | split=1 {900} + 1 {901} + 1 {902} + 1 {903} + 1 {904}
[TEST] {451} tested=1/1 | kept=0 | rest=0
[DEBUG] mihomo isolate | branch={451} | size=1 | parse=0 | names=[免费节点10] 🇺🇸 US 2004 → tg@nicevpn123 | err=-
[DEBUG] mihomo drop | branch={451} | size=1 | parse=0 | names=[免费节点10] 🇺🇸 US 2004 → tg@nicevpn123 | err=-
[DROP] name=[免费节点10] 🇺🇸 US 2004 → tg@nicevpn123 {451} | server=104.19.44.144:80 | reason=mihomo start failed
[TEST] {452} tested=1/1 | kept=0 | rest=0
[DEBUG] mihomo isolate | branch={452} | size=1 | parse=0 | names=[免费节点10] 🇺🇸 US 2005 → tg@nicevpn123 | err=-
[DEBUG] mihomo drop | branch={452} | size=1 | parse=0 | names=[免费节点10] 🇺🇸 US 2005 → tg@nicevpn123 | err=-
[DROP] name=[免费节点10] 🇺🇸 US 2005 → tg@nicevpn123 {452} | server=104.19.44.52:80 | reason=mihomo start failed
[TEST] {450} tested=1/1 | kept=0 | rest=0
[DEBUG] mihomo isolate | branch={450} | size=1 | parse=0 | names=[免费节点10] 🇺🇸 US 2003 → tg@nicevpn123 | err=-
[DEBUG] mihomo drop | branch={450} | size=1 | parse=0 | names=[免费节点10] 🇺🇸 US 2003 → tg@nicevpn123 | err=-
[DROP] name=[免费节点10] 🇺🇸 US 2003 → tg@nicevpn123 {450} | server=104.19.44.167:80 | reason=mihomo start failed
[TEST] {453} tested=1/1 | kept=0 | rest=0
[DEBUG] mihomo isolate | branch={453} | size=1 | parse=0 | names=[免费节点10] 🇺🇸 US 2006 → tg@nicevpn123 | err=-
[DEBUG] mihomo drop | branch={453} | size=1 | parse=0 | names=[免费节点10] 🇺🇸 US 2006 → tg@nicevpn123 | err=-
[DROP] name=[免费节点10] 🇺🇸 US 2006 → tg@nicevpn123 {453} | server=104.19.44.188:80 | reason=mihomo start failed
[TEST] {455} tested=1/1 | kept=0 | rest=0
[DEBUG] mihomo isolate | branch={455} | size=1 | parse=0 | names=[免费节点10] 🇺🇸 US 2008 → tg@nicevpn123 | err=-
[DEBUG] mihomo drop | branch={455} | size=1 | parse=0 | names=[免费节点10] 🇺🇸 US 2008 → tg@nicevpn123 | err=-
[DROP] name=[免费节点10] 🇺🇸 US 2008 → tg@nicevpn123 {455} | server=104.19.44.226:80 | reason=mihomo start failed
[TEST] {454} tested=1/1 | kept=0 | rest=0
[DEBUG] mihomo isolate | branch={454} | size=1 | parse=0 | names=[免费节点10] 🇺🇸 US 2007 → tg@nicevpn123 | err=-
[DEBUG] mihomo drop | branch={454} | size=1 | parse=0 | names=[免费节点10] 🇺🇸 US 2007 → tg@nicevpn123 | err=-
[DROP] name=[免费节点10] 🇺🇸 US 2007 → tg@nicevpn123 {454} | server=104.19.44.233:80 | reason=mihomo start failed
[TEST] {456} tested=1/1 | kept=0 | rest=0
[DEBUG] mihomo isolate | branch={456} | size=1 | parse=0 | names=[免费节点10] 🇺🇸 US 2009 → tg@nicevpn123 | err=-
[DEBUG] mihomo drop | branch={456} | size=1 | parse=0 | names=[免费节点10] 🇺🇸 US 2009 → tg@nicevpn123 | err=-
[DROP] name=[免费节点10] 🇺🇸 US 2009 → tg@nicevpn123 {456} | server=104.19.44.114:80 | reason=mihomo start failed
[TEST] {438} tested=1/1 | kept=0 | rest=0
[DEBUG] mihomo isolate | branch={438} | size=1 | parse=0 | names=[免费节点10] 🇺🇸 US 961 → tg@nicevpn123 | err=-
[DEBUG] mihomo drop | branch={438} | size=1 | parse=0 | names=[免费节点10] 🇺🇸 US 961 → tg@nicevpn123 | err=-
[DROP] name=[免费节点10] 🇺🇸 US 961 → tg@nicevpn123 {438} | server=3.69.235.63:22222 | reason=mihomo start failed
[TEST] {444} tested=1/1 | kept=0 | rest=0
[DEBUG] mihomo isolate | branch={444} | size=1 | parse=0 | names=[免费节点10] 🇺🇸 US 969 → tg@nicevpn123 | err=-
[DEBUG] mihomo drop | branch={444} | size=1 | parse=0 | names=[免费节点10] 🇺🇸 US 969 → tg@nicevpn123 | err=-
[DROP] name=[免费节点10] 🇺🇸 US 969 → tg@nicevpn123 {444} | server=ip0axv1bbsu02k7-sg.1ytnode.com:56333 | reason=mihomo start failed
[TEST] {447} tested=5/5 | kept=0 | rest=0
[DEBUG] mihomo split-small | branch={447} | size=5 | parse=0 | names=[免费节点10] 🇺🇸 US 975 → tg@nicevpn123,[免费节点10] 🇺🇸 US 976 → tg@nicevpn123,[免费节点10] 🇺🇸 US 977 → tg@nicevpn123...+2 | err=-
[WARN] batch start failed | size=5 {447} | split=1 {905} + 1 {906} + 1 {907} + 1 {908} + 1 {909}
[TEST] {457} tested=1/1 | kept=0 | rest=0
[DEBUG] mihomo isolate | branch={457} | size=1 | parse=0 | names=[免费节点10] 🇺🇸 US 201 → tg@nicevpn123 | err=-
[DEBUG] mihomo drop | branch={457} | size=1 | parse=0 | names=[免费节点10] 🇺🇸 US 201 → tg@nicevpn123 | err=-
[DROP] name=[免费节点10] 🇺🇸 US 201 → tg@nicevpn123 {457} | server=ip0axv1bbsu02k7-jp.1ytnode.com:56341 | reason=mihomo start failed
[TEST] {459} tested=5/5 | kept=0 | rest=0
[DEBUG] mihomo split-small | branch={459} | size=5 | parse=0 | names=[免费节点10] 🇺🇸 US 993 → tg@nicevpn123,[免费节点10] 🇺🇸 US 995 → tg@nicevpn123,[免费节点10] 🇺🇸 US 996 → tg@nicevpn123...+2 | err=-
[WARN] batch start failed | size=5 {459} | split=1 {910} + 1 {911} + 1 {912} + 1 {913} + 1 {914}
[TEST] {458} tested=4/4 | kept=0 | rest=0
[DEBUG] mihomo split-small | branch={458} | size=4 | parse=0 | names=[免费节点10] 🇺🇸 US 99 → tg@nicevpn123,[免费节点10] 🇺🇸 US 990 → tg@nicevpn123,[免费节点10] 🇺🇸 US 991 → tg@nicevpn123...+1 | err=-
[WARN] batch start failed | size=4 {458} | split=1 {915} + 1 {916} + 1 {917} + 1 {918}
[TEST] {462} tested=4/4 | kept=0 | rest=0
[DEBUG] mihomo split-small | branch={462} | size=4 | parse=0 | names=[免费节点10] 🇺🇸 US 207 → tg@nicevpn123,[免费节点10] 🇺🇸 US 208 → tg@nicevpn123,[免费节点10] 🇺🇸 US 209 → tg@nicevpn123...+1 | err=-
[WARN] batch start failed | size=4 {462} | split=1 {919} + 1 {920} + 1 {921} + 1 {922}
[TEST] {463} tested=5/5 | kept=0 | rest=0
[DEBUG] mihomo split-small | branch={463} | size=5 | parse=0 | names=[免费节点10] 🇺🇸 US 213 → tg@nicevpn123,[免费节点10] 🇺🇸 US 215 → tg@nicevpn123,[免费节点10] 🇺🇸 US 216 → tg@nicevpn123...+2 | err=-
[WARN] batch start failed | size=5 {463} | split=1 {923} + 1 {924} + 1 {925} + 1 {926} + 1 {927}
[DEBUG] mihomo start-fail | branch={465} | size=1 | parse=1 | rc=1 | names=[Pawdroid-SS-APK] United+Kingdom-4 | err=rc=1 Mihomo exited before controller became ready time="2026-09-28T15:42:44.590323165Z" level=info msg="Start initial configuration in progress" time="2026-09-28T15:42:44.590439062Z" level=fatal msg="Parse config error: proxy 0: ss 82.38...
[DEBUG] mihomo isolate | branch={465} | size=1 | parse=1 | names=[Pawdroid-SS-APK] United+Kingdom-4 | err=Mihomo exited before controller became ready time="2026-09-28T15:42:44.590323165Z" level=info msg="Start initial configuration in progress" time="2026-09-28T15:42:44.590439062Z" level=fatal msg="Parse config error: proxy 0: ss 82.38.31.1...
[REPAIR] name=[Pawdroid-SS-APK] United+Kingdom-4 {465} | fields=cipher
[TEST] {460} tested=4/4 | kept=0 | rest=0
[DEBUG] mihomo split-small | branch={460} | size=4 | parse=0 | names=[免费节点10] 🇺🇸 US 98 → tg@nicevpn123,[免费节点10] 🇺🇸 US 980 → tg@nicevpn123,[免费节点10] 🇺🇸 US 981 → tg@nicevpn123...+1 | err=-
[WARN] batch start failed | size=4 {460} | split=1 {928} + 1 {929} + 1 {930} + 1 {931}
[TEST] {466} tested=1/1 | kept=0 | rest=0
[DEBUG] mihomo isolate | branch={466} | size=1 | parse=0 | names=[Pawdroid-SS-APK] United+Kingdom-5 | err=-
[DEBUG] mihomo drop | branch={466} | size=1 | parse=0 | names=[Pawdroid-SS-APK] United+Kingdom-5 | err=-
[DROP] name=[Pawdroid-SS-APK] United+Kingdom-5 {466} | server=149.102.152.25:80 | reason=mihomo start failed
[TEST] {461} tested=5/5 | kept=0 | rest=0
[DEBUG] mihomo split-small | branch={461} | size=5 | parse=0 | names=[免费节点10] 🇺🇸 US 984 → tg@nicevpn123,[免费节点10] 🇺🇸 US 985 → tg@nicevpn123,[免费节点10] 🇺🇸 US 986 → tg@nicevpn123...+2 | err=-
[WARN] batch start failed | size=5 {461} | split=1 {932} + 1 {933} + 1 {934} + 1 {935} + 1 {936}
[TEST] {464} tested=1/1 | kept=1 | rest=0
[TEST] {465} tested=1/1 | kept=1 | rest=0
[TEST] {467} tested=1/1 | kept=0 | rest=0
[DEBUG] mihomo isolate | branch={467} | size=1 | parse=0 | names=[Pawdroid-SS-APK] United+Kingdom-6 | err=-
[DEBUG] mihomo drop | branch={467} | size=1 | parse=0 | names=[Pawdroid-SS-APK] United+Kingdom-6 | err=-
[DROP] name=[Pawdroid-SS-APK] United+Kingdom-6 {467} | server=82.38.31.17:443 | reason=mihomo start failed
[TEST] {469} tested=5/5 | kept=0 | rest=0
[DEBUG] mihomo split-small | branch={469} | size=5 | parse=0 | names=[免费节点10] 🇺🇸 US 227 → tg@nicevpn123,[免费节点10] 🇺🇸 US 228 → tg@nicevpn123,[免费节点10] 🇺🇸 US 23 → tg@nicevpn123...+2 | err=-
[WARN] batch start failed | size=5 {469} | split=1 {937} + 1 {938} + 1 {939} + 1 {940} + 1 {941}
[TEST] {472} tested=1/1 | kept=0 | rest=0
[DEBUG] mihomo isolate | branch={472} | size=1 | parse=0 | names=[免费节点10] 🇺🇸 US 2036 → tg@nicevpn123 | err=-
[DEBUG] mihomo drop | branch={472} | size=1 | parse=0 | names=[免费节点10] 🇺🇸 US 2036 → tg@nicevpn123 | err=-
[DROP] name=[免费节点10] 🇺🇸 US 2036 → tg@nicevpn123 {472} | server=104.19.44.13:80 | reason=mihomo start failed
[TEST] {474} tested=1/1 | kept=0 | rest=0
[DEBUG] mihomo isolate | branch={474} | size=1 | parse=0 | names=[免费节点10] 🇺🇸 US 2038 → tg@nicevpn123 | err=-
[DEBUG] mihomo drop | branch={474} | size=1 | parse=0 | names=[免费节点10] 🇺🇸 US 2038 → tg@nicevpn123 | err=-
[DROP] name=[免费节点10] 🇺🇸 US 2038 → tg@nicevpn123 {474} | server=104.19.44.74:80 | reason=mihomo start failed
[TEST] {475} tested=1/1 | kept=0 | rest=0
[DEBUG] mihomo isolate | branch={475} | size=1 | parse=0 | names=[免费节点10] 🇺🇸 US 2039 → tg@nicevpn123 | err=-
[DEBUG] mihomo drop | branch={475} | size=1 | parse=0 | names=[免费节点10] 🇺🇸 US 2039 → tg@nicevpn123 | err=-
[DROP] name=[免费节点10] 🇺🇸 US 2039 → tg@nicevpn123 {475} | server=104.19.45.67:80 | reason=mihomo start failed
[TEST] {476} tested=1/1 | kept=0 | rest=0
[DEBUG] mihomo isolate | branch={476} | size=1 | parse=0 | names=[免费节点10] 🇺🇸 US 204 → tg@nicevpn123 | err=-
[DEBUG] mihomo drop | branch={476} | size=1 | parse=0 | names=[免费节点10] 🇺🇸 US 204 → tg@nicevpn123 | err=-
[DROP] name=[免费节点10] 🇺🇸 US 204 → tg@nicevpn123 {476} | server=104.19.45.7:2095 | reason=mihomo start failed
[TEST] {473} tested=1/1 | kept=0 | rest=0
[DEBUG] mihomo isolate | branch={473} | size=1 | parse=0 | names=[免费节点10] 🇺🇸 US 2037 → tg@nicevpn123 | err=-
[DEBUG] mihomo drop | branch={473} | size=1 | parse=0 | names=[免费节点10] 🇺🇸 US 2037 → tg@nicevpn123 | err=-
[DROP] name=[免费节点10] 🇺🇸 US 2037 → tg@nicevpn123 {473} | server=104.19.45.46:80 | reason=mihomo start failed
[TEST] {477} tested=1/1 | kept=0 | rest=0
[DEBUG] mihomo isolate | branch={477} | size=1 | parse=0 | names=[免费节点10] 🇺🇸 US 2040 → tg@nicevpn123 | err=-
[DEBUG] mihomo drop | branch={477} | size=1 | parse=0 | names=[免费节点10] 🇺🇸 US 2040 → tg@nicevpn123 | err=-
[DROP] name=[免费节点10] 🇺🇸 US 2040 → tg@nicevpn123 {477} | server=104.19.45.0:80 | reason=mihomo start failed
[TEST] {468} tested=4/4 | kept=0 | rest=0
[DEBUG] mihomo split-small | branch={468} | size=4 | parse=0 | names=[免费节点10] 🇺🇸 US 220 → tg@nicevpn123,[免费节点10] 🇺🇸 US 221 → tg@nicevpn123,[免费节点10] 🇺🇸 US 222 → tg@nicevpn123...+1 | err=-
[WARN] batch start failed | size=4 {468} | split=1 {942} + 1 {943} + 1 {944} + 1 {945}
[TEST] {470} tested=4/4 | kept=0 | rest=0
[DEBUG] mihomo split-small | branch={470} | size=4 | parse=0 | names=[免费节点10] 🇺🇸 US 234 → tg@nicevpn123,[免费节点10] 🇺🇸 US 235 → tg@nicevpn123,[免费节点10] 🇺🇸 US 236 → tg@nicevpn123...+1 | err=-
[WARN] batch start failed | size=4 {470} | split=1 {946} + 1 {947} + 1 {948} + 1 {949}
[TEST] {480} tested=4/4 | kept=0 | rest=0
[DEBUG] mihomo split-small | branch={480} | size=4 | parse=0 | names=[免费节点10] 🇺🇸 US 296 → tg@nicevpn123,[免费节点10] 🇺🇸 US 297 → tg@nicevpn123,[免费节点10] 🇺🇸 US 299 → tg@nicevpn123...+1 | err=-
[WARN] batch start failed | size=4 {480} | split=1 {950} + 1 {951} + 1 {952} + 1 {953}
[TEST] {471} tested=5/5 | kept=0 | rest=0
[DEBUG] mihomo split-small | branch={471} | size=5 | parse=0 | names=[免费节点10] 🇺🇸 US 238 → tg@nicevpn123,[免费节点10] 🇺🇸 US 239 → tg@nicevpn123,[免费节点10] 🇺🇸 US 24 → tg@nicevpn123...+2 | err=-
[WARN] batch start failed | size=5 {471} | split=1 {954} + 1 {955} + 1 {956} + 1 {957} + 1 {958}
[TEST] {482} tested=1/1 | kept=0 | rest=0
[DEBUG] mihomo isolate | branch={482} | size=1 | parse=0 | names=[免费节点10] 🇺🇸 US 281 → tg@nicevpn123 | err=-
[DEBUG] mihomo drop | branch={482} | size=1 | parse=0 | names=[免费节点10] 🇺🇸 US 281 → tg@nicevpn123 | err=-
[DROP] name=[免费节点10] 🇺🇸 US 281 → tg@nicevpn123 {482} | server=172.67.175.243:2053 | reason=mihomo start failed
[TEST] {484} tested=1/1 | kept=0 | rest=0
[DEBUG] mihomo isolate | branch={484} | size=1 | parse=0 | names=[免费节点10] 🇺🇸 US 283 → tg@nicevpn123 | err=-
[DEBUG] mihomo drop | branch={484} | size=1 | parse=0 | names=[免费节点10] 🇺🇸 US 283 → tg@nicevpn123 | err=-
[DROP] name=[免费节点10] 🇺🇸 US 283 → tg@nicevpn123 {484} | server=104.17.17.103:8080 | reason=mihomo start failed
[TEST] {479} tested=1/1 | kept=0 | rest=0
[DEBUG] mihomo isolate | branch={479} | size=1 | parse=0 | names=[免费节点10] 🇺🇸 US 206 → tg@nicevpn123 | err=-
[DEBUG] mihomo drop | branch={479} | size=1 | parse=0 | names=[免费节点10] 🇺🇸 US 206 → tg@nicevpn123 | err=-
[DROP] name=[免费节点10] 🇺🇸 US 206 → tg@nicevpn123 {479} | server=107.172.87.131:48959 | reason=mihomo start failed
[TEST] {478} tested=1/1 | kept=0 | rest=0
[DEBUG] mihomo isolate | branch={478} | size=1 | parse=0 | names=[免费节点10] 🇺🇸 US 205 → tg@nicevpn123 | err=-
[DEBUG] mihomo drop | branch={478} | size=1 | parse=0 | names=[免费节点10] 🇺🇸 US 205 → tg@nicevpn123 | err=-
[DROP] name=[免费节点10] 🇺🇸 US 205 → tg@nicevpn123 {478} | server=168.235.82.103:16123 | reason=mihomo start failed
[TEST] {488} tested=1/1 | kept=0 | rest=0
[DEBUG] mihomo isolate | branch={488} | size=1 | parse=0 | names=[免费节点10] 🇺🇸 US 291 → tg@nicevpn123 | err=-
[DEBUG] mihomo drop | branch={488} | size=1 | parse=0 | names=[免费节点10] 🇺🇸 US 291 → tg@nicevpn123 | err=-
[DROP] name=[免费节点10] 🇺🇸 US 291 → tg@nicevpn123 {488} | server=104.16.43.244:2082 | reason=mihomo start failed
[TEST] {485} tested=1/1 | kept=0 | rest=0
[DEBUG] mihomo isolate | branch={485} | size=1 | parse=0 | names=[免费节点10] 🇺🇸 US 284 → tg@nicevpn123 | err=-
[DEBUG] mihomo drop | branch={485} | size=1 | parse=0 | names=[免费节点10] 🇺🇸 US 284 → tg@nicevpn123 | err=-
[DROP] name=[免费节点10] 🇺🇸 US 284 → tg@nicevpn123 {485} | server=104.17.207.13:8443 | reason=mihomo start failed
[TEST] {487} tested=1/1 | kept=0 | rest=0
[DEBUG] mihomo isolate | branch={487} | size=1 | parse=0 | names=[免费节点10] 🇺🇸 US 29 → tg@nicevpn123 | err=-
[DEBUG] mihomo drop | branch={487} | size=1 | parse=0 | names=[免费节点10] 🇺🇸 US 29 → tg@nicevpn123 | err=-
[DROP] name=[免费节点10] 🇺🇸 US 29 → tg@nicevpn123 {487} | server=104.19.45.127:2095 | reason=mihomo start failed
[TEST] {489} tested=1/1 | kept=0 | rest=0
[DEBUG] mihomo isolate | branch={489} | size=1 | parse=0 | names=[免费节点10] 🇺🇸 US 293 → tg@nicevpn123 | err=-
[DEBUG] mihomo drop | branch={489} | size=1 | parse=0 | names=[免费节点10] 🇺🇸 US 293 → tg@nicevpn123 | err=-
[DROP] name=[免费节点10] 🇺🇸 US 293 → tg@nicevpn123 {489} | server=104.19.43.217:80 | reason=mihomo start failed
[TEST] {481} tested=5/5 | kept=0 | rest=0
[DEBUG] mihomo split-small | branch={481} | size=5 | parse=0 | names=[免费节点10] 🇺🇸 US 30 → tg@nicevpn123,[免费节点10] 🇺🇸 US 300 → tg@nicevpn123,[免费节点10] 🇺🇸 US 301 → tg@nicevpn123...+2 | err=-
[WARN] batch start failed | size=5 {481} | split=1 {959} + 1 {960} + 1 {961} + 1 {962} + 1 {963}
[TEST] {486} tested=1/1 | kept=0 | rest=0
[DEBUG] mihomo isolate | branch={486} | size=1 | parse=0 | names=[免费节点10] 🇺🇸 US 285 → tg@nicevpn123 | err=-
[DEBUG] mihomo drop | branch={486} | size=1 | parse=0 | names=[免费节点10] 🇺🇸 US 285 → tg@nicevpn123 | err=-
[DROP] name=[免费节点10] 🇺🇸 US 285 → tg@nicevpn123 {486} | server=157.254.193.251:20220 | reason=mihomo start failed
[TEST] {483} tested=1/1 | kept=0 | rest=0
[DEBUG] mihomo isolate | branch={483} | size=1 | parse=0 | names=[免费节点10] 🇺🇸 US 282 → tg@nicevpn123 | err=-
[DEBUG] mihomo drop | branch={483} | size=1 | parse=0 | names=[免费节点10] 🇺🇸 US 282 → tg@nicevpn123 | err=-
[DROP] name=[免费节点10] 🇺🇸 US 282 → tg@nicevpn123 {483} | server=ip0axv1bbsu02k7-sg.1ytnode.com:56331 | reason=mihomo start failed
[TEST] {491} tested=5/5 | kept=0 | rest=0
[DEBUG] mihomo split-small | branch={491} | size=5 | parse=0 | names=[免费节点10] 🇺🇸 US 31 → tg@nicevpn123,[免费节点10] 🇺🇸 US 311 → tg@nicevpn123,[免费节点10] 🇺🇸 US 313 → tg@nicevpn123...+2 | err=-
[WARN] batch start failed | size=5 {491} | split=1 {964} + 1 {965} + 1 {966} + 1 {967} + 1 {968}
[TEST] {494} tested=1/1 | kept=0 | rest=0
[DEBUG] mihomo isolate | branch={494} | size=1 | parse=0 | names=[免费节点10] 🇺🇸 US 243 → tg@nicevpn123 | err=-
[DEBUG] mihomo drop | branch={494} | size=1 | parse=0 | names=[免费节点10] 🇺🇸 US 243 → tg@nicevpn123 | err=-
[DROP] name=[免费节点10] 🇺🇸 US 243 → tg@nicevpn123 {494} | server=auth.speedtest.net:443 | reason=mihomo start failed
[TEST] {490} tested=4/4 | kept=0 | rest=0
[DEBUG] mihomo split-small | branch={490} | size=4 | parse=0 | names=[免费节点10] 🇺🇸 US 305 → tg@nicevpn123,[免费节点10] 🇺🇸 US 306 → tg@nicevpn123,[免费节点10] 🇺🇸 US 307 → tg@nicevpn123...+1 | err=-
[WARN] batch start failed | size=4 {490} | split=1 {969} + 1 {970} + 1 {971} + 1 {972}
[TEST] {497} tested=1/1 | kept=0 | rest=0
[DEBUG] mihomo isolate | branch={497} | size=1 | parse=0 | names=[免费节点10] 🇺🇸 US 250 → tg@nicevpn123 | err=-
[DEBUG] mihomo drop | branch={497} | size=1 | parse=0 | names=[免费节点10] 🇺🇸 US 250 → tg@nicevpn123 | err=-
[DROP] name=[免费节点10] 🇺🇸 US 250 → tg@nicevpn123 {497} | server=104.21.225.208:80 | reason=mihomo start failed
[TEST] {496} tested=1/1 | kept=0 | rest=0
[DEBUG] mihomo isolate | branch={496} | size=1 | parse=0 | names=[免费节点10] 🇺🇸 US 247 → tg@nicevpn123 | err=-
[DEBUG] mihomo drop | branch={496} | size=1 | parse=0 | names=[免费节点10] 🇺🇸 US 247 → tg@nicevpn123 | err=-
[DROP] name=[免费节点10] 🇺🇸 US 247 → tg@nicevpn123 {496} | server=qin17.rong1104.uk:2053 | reason=mihomo start failed
[TEST] {493} tested=5/5 | kept=0 | rest=0
[DEBUG] mihomo split-small | branch={493} | size=5 | parse=0 | names=[免费节点10] 🇺🇸 US 322 → tg@nicevpn123,[免费节点10] 🇺🇸 US 323 → tg@nicevpn123,[免费节点10] 🇺🇸 US 324 → tg@nicevpn123...+2 | err=-
[WARN] batch start failed | size=5 {493} | split=1 {973} + 1 {974} + 1 {975} + 1 {976} + 1 {977}
[TEST] {492} tested=4/4 | kept=0 | rest=0
[DEBUG] mihomo split-small | branch={492} | size=4 | parse=0 | names=[免费节点10] 🇺🇸 US 317 → tg@nicevpn123,[免费节点10] 🇺🇸 US 318 → tg@nicevpn123,[免费节点10] 🇺🇸 US 32 → tg@nicevpn123...+1 | err=-
[WARN] batch start failed | size=4 {492} | split=1 {978} + 1 {979} + 1 {980} + 1 {981}
[TEST] {495} tested=1/1 | kept=0 | rest=0
[DEBUG] mihomo isolate | branch={495} | size=1 | parse=0 | names=[免费节点10] 🇺🇸 US 246 → tg@nicevpn123 | err=-
[DEBUG] mihomo drop | branch={495} | size=1 | parse=0 | names=[免费节点10] 🇺🇸 US 246 → tg@nicevpn123 | err=-
[DROP] name=[免费节点10] 🇺🇸 US 246 → tg@nicevpn123 {495} | server=zula.ir:443 | reason=mihomo start failed
[TEST] {498} tested=1/1 | kept=0 | rest=0
[DEBUG] mihomo isolate | branch={498} | size=1 | parse=0 | names=[免费节点10] 🇺🇸 US 251 → tg@nicevpn123 | err=-
[DEBUG] mihomo drop | branch={498} | size=1 | parse=0 | names=[免费节点10] 🇺🇸 US 251 → tg@nicevpn123 | err=-
[DROP] name=[免费节点10] 🇺🇸 US 251 → tg@nicevpn123 {498} | server=ip0axv1bbsu02k7-us.1ytnode.com:56359 | reason=mihomo start failed
[TEST] {500} tested=1/1 | kept=0 | rest=0
[DEBUG] mihomo isolate | branch={500} | size=1 | parse=0 | names=[免费节点10] 🇺🇸 US 254 → tg@nicevpn123 | err=-
[DEBUG] mihomo drop | branch={500} | size=1 | parse=0 | names=[免费节点10] 🇺🇸 US 254 → tg@nicevpn123 | err=-
[DROP] name=[免费节点10] 🇺🇸 US 254 → tg@nicevpn123 {500} | server=154.62.185.162:35816 | reason=mihomo start failed
[TEST] {499} tested=1/1 | kept=0 | rest=0
[DEBUG] mihomo isolate | branch={499} | size=1 | parse=0 | names=[免费节点10] 🇺🇸 US 253 → tg@nicevpn123 | err=-
[DEBUG] mihomo drop | branch={499} | size=1 | parse=0 | names=[免费节点10] 🇺🇸 US 253 → tg@nicevpn123 | err=-
[DROP] name=[免费节点10] 🇺🇸 US 253 → tg@nicevpn123 {499} | server=38.75.137.93:6679 | reason=mihomo start failed
[TEST] {505} tested=1/1 | kept=0 | rest=0
[DEBUG] mihomo isolate | branch={505} | size=1 | parse=0 | names=[免费节点10] 🇺🇸 US 265 → tg@nicevpn123 | err=-
[DEBUG] mihomo drop | branch={505} | size=1 | parse=0 | names=[免费节点10] 🇺🇸 US 265 → tg@nicevpn123 | err=-
[DROP] name=[免费节点10] 🇺🇸 US 265 → tg@nicevpn123 {505} | server=172.67.229.35:2086 | reason=mihomo start failed
[TEST] {501} tested=1/1 | kept=0 | rest=0
[DEBUG] mihomo isolate | branch={501} | size=1 | parse=0 | names=[免费节点10] 🇺🇸 US 255 → tg@nicevpn123 | err=-
[DEBUG] mihomo drop | branch={501} | size=1 | parse=0 | names=[免费节点10] 🇺🇸 US 255 → tg@nicevpn123 | err=-
[DROP] name=[免费节点10] 🇺🇸 US 255 → tg@nicevpn123 {501} | server=15.204.87.225:8090 | reason=mihomo start failed
[TEST] {506} tested=1/1 | kept=0 | rest=0
[DEBUG] mihomo isolate | branch={506} | size=1 | parse=0 | names=[免费节点10] 🇺🇸 US 266 → tg@nicevpn123 | err=-
[DEBUG] mihomo drop | branch={506} | size=1 | parse=0 | names=[免费节点10] 🇺🇸 US 266 → tg@nicevpn123 | err=-
[DROP] name=[免费节点10] 🇺🇸 US 266 → tg@nicevpn123 {506} | server=104.19.45.184:2095 | reason=mihomo start failed
[TEST] {507} tested=1/1 | kept=0 | rest=0
[DEBUG] mihomo isolate | branch={507} | size=1 | parse=0 | names=[免费节点10] 🇺🇸 US 268 → tg@nicevpn123 | err=-
[DEBUG] mihomo drop | branch={507} | size=1 | parse=0 | names=[免费节点10] 🇺🇸 US 268 → tg@nicevpn123 | err=-
[DROP] name=[免费节点10] 🇺🇸 US 268 → tg@nicevpn123 {507} | server=104.17.147.6:443 | reason=mihomo start failed
[TEST] {509} tested=1/1 | kept=0 | rest=0
[DEBUG] mihomo isolate | branch={509} | size=1 | parse=0 | names=[免费节点10] 🇺🇸 US 27 → tg@nicevpn123 | err=-
[DEBUG] mihomo drop | branch={509} | size=1 | parse=0 | names=[免费节点10] 🇺🇸 US 27 → tg@nicevpn123 | err=-
[DROP] name=[免费节点10] 🇺🇸 US 27 → tg@nicevpn123 {509} | server=104.19.45.124:2095 | reason=mihomo start failed
[TEST] {502} tested=4/4 | kept=0 | rest=0
[DEBUG] mihomo split-small | branch={502} | size=4 | parse=0 | names=[免费节点10] 🇺🇸 US 256 → tg@nicevpn123,[免费节点10] 🇺🇸 US 257 → tg@nicevpn123,[免费节点10] 🇺🇸 US 258 → tg@nicevpn123...+1 | err=-
[WARN] batch start failed | size=4 {502} | split=1 {982} + 1 {983} + 1 {984} + 1 {985}
[TEST] {503} tested=5/5 | kept=0 | rest=0
[DEBUG] mihomo split-small | branch={503} | size=5 | parse=0 | names=[免费节点10] 🇺🇸 US 26 → tg@nicevpn123,[免费节点10] 🇺🇸 US 260 → tg@nicevpn123,[免费节点10] 🇺🇸 US 261 → tg@nicevpn123...+2 | err=-
[WARN] batch start failed | size=5 {503} | split=1 {986} + 1 {987} + 1 {988} + 1 {989} + 1 {990}
[TEST] {511} tested=1/1 | kept=0 | rest=0
[DEBUG] mihomo isolate | branch={511} | size=1 | parse=0 | names=[免费节点10] 🇺🇸 US 271 → tg@nicevpn123 | err=-
[DEBUG] mihomo drop | branch={511} | size=1 | parse=0 | names=[免费节点10] 🇺🇸 US 271 → tg@nicevpn123 | err=-
[DROP] name=[免费节点10] 🇺🇸 US 271 → tg@nicevpn123 {511} | server=104.19.45.137:2095 | reason=mihomo start failed
[TEST] {504} tested=1/1 | kept=0 | rest=0
[DEBUG] mihomo isolate | branch={504} | size=1 | parse=0 | names=[免费节点10] 🇺🇸 US 264 → tg@nicevpn123 | err=-
[DEBUG] mihomo drop | branch={504} | size=1 | parse=0 | names=[免费节点10] 🇺🇸 US 264 → tg@nicevpn123 | err=-
[DROP] name=[免费节点10] 🇺🇸 US 264 → tg@nicevpn123 {504} | server=149.28.120.218:24721 | reason=mihomo start failed
[TEST] {508} tested=1/1 | kept=0 | rest=0
[DEBUG] mihomo isolate | branch={508} | size=1 | parse=0 | names=[免费节点10] 🇺🇸 US 269 → tg@nicevpn123 | err=-
[DEBUG] mihomo drop | branch={508} | size=1 | parse=0 | names=[免费节点10] 🇺🇸 US 269 → tg@nicevpn123 | err=-
[DROP] name=[免费节点10] 🇺🇸 US 269 → tg@nicevpn123 {508} | server=172.105.150.181:28953 | reason=mihomo start failed
[TEST] {514} tested=1/1 | kept=0 | rest=0
[DEBUG] mihomo isolate | branch={514} | size=1 | parse=0 | names=[免费节点10] 🇺🇸 US 369 → tg@nicevpn123 | err=-
[DEBUG] mihomo drop | branch={514} | size=1 | parse=0 | names=[免费节点10] 🇺🇸 US 369 → tg@nicevpn123 | err=-
[DROP] name=[免费节点10] 🇺🇸 US 369 → tg@nicevpn123 {514} | server=104.16.40.23:2082 | reason=mihomo start failed
[TEST] {516} tested=1/1 | kept=0 | rest=0
[DEBUG] mihomo isolate | branch={516} | size=1 | parse=0 | names=[免费节点10] 🇺🇸 US 374 → tg@nicevpn123 | err=-
[DEBUG] mihomo drop | branch={516} | size=1 | parse=0 | names=[免费节点10] 🇺🇸 US 374 → tg@nicevpn123 | err=-
[DROP] name=[免费节点10] 🇺🇸 US 374 → tg@nicevpn123 {516} | server=38.60.204.119:56836 | reason=mihomo start failed
[TEST] {515} tested=1/1 | kept=0 | rest=0
[DEBUG] mihomo isolate | branch={515} | size=1 | parse=0 | names=[免费节点10] 🇺🇸 US 372 → tg@nicevpn123 | err=-
[DEBUG] mihomo drop | branch={515} | size=1 | parse=0 | names=[免费节点10] 🇺🇸 US 372 → tg@nicevpn123 | err=-
[DROP] name=[免费节点10] 🇺🇸 US 372 → tg@nicevpn123 {515} | server=lt2-vmess.sshmax.xyz:80 | reason=mihomo start failed
[TEST] {517} tested=1/1 | kept=0 | rest=0
[DEBUG] mihomo isolate | branch={517} | size=1 | parse=0 | names=[免费节点10] 🇺🇸 US 375 → tg@nicevpn123 | err=-
[DEBUG] mihomo drop | branch={517} | size=1 | parse=0 | names=[免费节点10] 🇺🇸 US 375 → tg@nicevpn123 | err=-
[DROP] name=[免费节点10] 🇺🇸 US 375 → tg@nicevpn123 {517} | server=b834o-g01.jp03-7d22-vm0.entry.fr0307a.art:21581 | reason=mihomo start failed
[TEST] {518} tested=1/1 | kept=0 | rest=0
[DEBUG] mihomo isolate | branch={518} | size=1 | parse=0 | names=[免费节点10] 🇺🇸 US 376 → tg@nicevpn123 | err=-
[DEBUG] mihomo drop | branch={518} | size=1 | parse=0 | names=[免费节点10] 🇺🇸 US 376 → tg@nicevpn123 | err=-
[DROP] name=[免费节点10] 🇺🇸 US 376 → tg@nicevpn123 {518} | server=104.19.159.10:443 | reason=mihomo start failed
[TEST] {510} tested=1/1 | kept=0 | rest=0
[DEBUG] mihomo isolate | branch={510} | size=1 | parse=0 | names=[免费节点10] 🇺🇸 US 270 → tg@nicevpn123 | err=-
[DEBUG] mihomo drop | branch={510} | size=1 | parse=0 | names=[免费节点10] 🇺🇸 US 270 → tg@nicevpn123 | err=-
[DROP] name=[免费节点10] 🇺🇸 US 270 → tg@nicevpn123 {510} | server=38.86.135.225:6697 | reason=mihomo start failed
[TEST] {519} tested=1/1 | kept=0 | rest=0
[DEBUG] mihomo isolate | branch={519} | size=1 | parse=0 | names=[免费节点10] 🇺🇸 US 378 → tg@nicevpn123 | err=-
[DEBUG] mihomo drop | branch={519} | size=1 | parse=0 | names=[免费节点10] 🇺🇸 US 378 → tg@nicevpn123 | err=-
[DROP] name=[免费节点10] 🇺🇸 US 378 → tg@nicevpn123 {519} | server=104.16.153.209:80 | reason=mihomo start failed
[TEST] {513} tested=5/5 | kept=0 | rest=0
[DEBUG] mihomo split-small | branch={513} | size=5 | parse=0 | names=[免费节点10] 🇺🇸 US 276 → tg@nicevpn123,[免费节点10] 🇺🇸 US 277 → tg@nicevpn123,[免费节点10] 🇺🇸 US 278 → tg@nicevpn123...+2 | err=-
[WARN] batch start failed | size=5 {513} | split=1 {991} + 1 {992} + 1 {993} + 1 {994} + 1 {995}
[TEST] {512} tested=4/4 | kept=0 | rest=0
[DEBUG] mihomo split-small | branch={512} | size=4 | parse=0 | names=[免费节点10] 🇺🇸 US 272 → tg@nicevpn123,[免费节点10] 🇺🇸 US 273 → tg@nicevpn123,[免费节点10] 🇺🇸 US 274 → tg@nicevpn123...+1 | err=-
[WARN] batch start failed | size=4 {512} | split=1 {996} + 1 {997} + 1 {998} + 1 {999}
[TEST] {520} tested=1/1 | kept=0 | rest=0
[DEBUG] mihomo isolate | branch={520} | size=1 | parse=0 | names=[免费节点10] 🇺🇸 US 38 → tg@nicevpn123 | err=-
[DEBUG] mihomo drop | branch={520} | size=1 | parse=0 | names=[免费节点10] 🇺🇸 US 38 → tg@nicevpn123 | err=-
[DROP] name=[免费节点10] 🇺🇸 US 38 → tg@nicevpn123 {520} | server=38.110.1.43:8009 | reason=mihomo start failed
[TEST] {521} tested=1/1 | kept=0 | rest=0
[DEBUG] mihomo isolate | branch={521} | size=1 | parse=0 | names=[免费节点10] 🇺🇸 US 380 → tg@nicevpn123 | err=-
[DEBUG] mihomo drop | branch={521} | size=1 | parse=0 | names=[免费节点10] 🇺🇸 US 380 → tg@nicevpn123 | err=-
[DROP] name=[免费节点10] 🇺🇸 US 380 → tg@nicevpn123 {521} | server=45.77.220.169:41207 | reason=mihomo start failed
[TEST] {523} tested=5/5 | kept=0 | rest=0
[DEBUG] mihomo split-small | branch={523} | size=5 | parse=0 | names=[免费节点10] 🇺🇸 US 386 → tg@nicevpn123,[免费节点10] 🇺🇸 US 387 → tg@nicevpn123,[免费节点10] 🇺🇸 US 388 → tg@nicevpn123...+2 | err=-
[WARN] batch start failed | size=5 {523} | split=1 {1000} + 1 {1001} + 1 {1002} + 1 {1003} + 1 {1004}
[TEST] {522} tested=4/4 | kept=0 | rest=0
[DEBUG] mihomo split-small | branch={522} | size=4 | parse=0 | names=[免费节点10] 🇺🇸 US 381 → tg@nicevpn123,[免费节点10] 🇺🇸 US 383 → tg@nicevpn123,[免费节点10] 🇺🇸 US 384 → tg@nicevpn123...+1 | err=-
[WARN] batch start failed | size=4 {522} | split=1 {1005} + 1 {1006} + 1 {1007} + 1 {1008}
[TEST] {525} tested=5/5 | kept=0 | rest=0
[DEBUG] mihomo split-small | branch={525} | size=5 | parse=0 | names=[免费节点10] 🇺🇸 US 404 → tg@nicevpn123,[免费节点10] 🇺🇸 US 405 → tg@nicevpn123,[免费节点10] 🇺🇸 US 406 → tg@nicevpn123...+2 | err=-
[WARN] batch start failed | size=5 {525} | split=1 {1009} + 1 {1010} + 1 {1011} + 1 {1012} + 1 {1013}
[TEST] {524} tested=4/4 | kept=0 | rest=0
[DEBUG] mihomo split-small | branch={524} | size=4 | parse=0 | names=[免费节点10] 🇺🇸 US 400 → tg@nicevpn123,[免费节点10] 🇺🇸 US 401 → tg@nicevpn123,[免费节点10] 🇺🇸 US 402 → tg@nicevpn123...+1 | err=-
[WARN] batch start failed | size=4 {524} | split=1 {1014} + 1 {1015} + 1 {1016} + 1 {1017}
[TEST] {526} tested=4/4 | kept=0 | rest=0
[DEBUG] mihomo split-small | branch={526} | size=4 | parse=0 | names=[免费节点10] 🇺🇸 US 390 → tg@nicevpn123,[免费节点10] 🇺🇸 US 391 → tg@nicevpn123,[免费节点10] 🇺🇸 US 392 → tg@nicevpn123...+1 | err=-
[WARN] batch start failed | size=4 {526} | split=1 {1018} + 1 {1019} + 1 {1020} + 1 {1021}
[TEST] {531} tested=1/1 | kept=0 | rest=0
[DEBUG] mihomo isolate | branch={531} | size=1 | parse=0 | names=[免费节点10] 🇺🇸 US 329 → tg@nicevpn123 | err=-
[DEBUG] mihomo drop | branch={531} | size=1 | parse=0 | names=[免费节点10] 🇺🇸 US 329 → tg@nicevpn123 | err=-
[DROP] name=[免费节点10] 🇺🇸 US 329 → tg@nicevpn123 {531} | server=cdncdncdncdn.784654.xyz:2052 | reason=mihomo start failed
[TEST] {527} tested=5/5 | kept=0 | rest=0
[DEBUG] mihomo split-small | branch={527} | size=5 | parse=0 | names=[免费节点10] 🇺🇸 US 394 → tg@nicevpn123,[免费节点10] 🇺🇸 US 395 → tg@nicevpn123,[免费节点10] 🇺🇸 US 397 → tg@nicevpn123...+2 | err=-
[WARN] batch start failed | size=5 {527} | split=1 {1022} + 1 {1023} + 1 {1024} + 1 {1025} + 1 {1026}
[TEST] {528} tested=4/4 | kept=0 | rest=0
[DEBUG] mihomo split-small | branch={528} | size=4 | parse=0 | names=[免费节点10] 🇺🇸 US 339 → tg@nicevpn123,[免费节点10] 🇺🇸 US 34 → tg@nicevpn123,[免费节点10] 🇺🇸 US 341 → tg@nicevpn123...+1 | err=-
[WARN] batch start failed | size=4 {528} | split=1 {1027} + 1 {1028} + 1 {1029} + 1 {1030}
[TEST] {529} tested=5/5 | kept=0 | rest=0
[DEBUG] mihomo split-small | branch={529} | size=5 | parse=0 | names=[免费节点10] 🇺🇸 US 343 → tg@nicevpn123,[免费节点10] 🇺🇸 US 344 → tg@nicevpn123,[免费节点10] 🇺🇸 US 347 → tg@nicevpn123...+2 | err=-
[WARN] batch start failed | size=5 {529} | split=1 {1031} + 1 {1032} + 1 {1033} + 1 {1034} + 1 {1035}
[TEST] {534} tested=1/1 | kept=0 | rest=0
[DEBUG] mihomo isolate | branch={534} | size=1 | parse=0 | names=[免费节点10] 🇺🇸 US 331 → tg@nicevpn123 | err=-
[DEBUG] mihomo drop | branch={534} | size=1 | parse=0 | names=[免费节点10] 🇺🇸 US 331 → tg@nicevpn123 | err=-
[DROP] name=[免费节点10] 🇺🇸 US 331 → tg@nicevpn123 {534} | server=104.17.205.10:8880 | reason=mihomo start failed
[TEST] {533} tested=1/1 | kept=0 | rest=0
[DEBUG] mihomo isolate | branch={533} | size=1 | parse=0 | names=[免费节点10] 🇺🇸 US 330 → tg@nicevpn123 | err=-
[DEBUG] mihomo drop | branch={533} | size=1 | parse=0 | names=[免费节点10] 🇺🇸 US 330 → tg@nicevpn123 | err=-
[DROP] name=[免费节点10] 🇺🇸 US 330 → tg@nicevpn123 {533} | server=104.26.0.95:443 | reason=mihomo start failed
[TEST] {536} tested=1/1 | kept=0 | rest=0
[DEBUG] mihomo isolate | branch={536} | size=1 | parse=0 | names=[免费节点10] 🇺🇸 US 334 → tg@nicevpn123 | err=-
[DEBUG] mihomo drop | branch={536} | size=1 | parse=0 | names=[免费节点10] 🇺🇸 US 334 → tg@nicevpn123 | err=-
[DROP] name=[免费节点10] 🇺🇸 US 334 → tg@nicevpn123 {536} | server=104.16.43.187:2082 | reason=mihomo start failed
[TEST] {537} tested=1/1 | kept=0 | rest=0
[DEBUG] mihomo isolate | branch={537} | size=1 | parse=0 | names=[免费节点10] 🇺🇸 US 337 → tg@nicevpn123 | err=-
[DEBUG] mihomo drop | branch={537} | size=1 | parse=0 | names=[免费节点10] 🇺🇸 US 337 → tg@nicevpn123 | err=-
[DROP] name=[免费节点10] 🇺🇸 US 337 → tg@nicevpn123 {537} | server=104.16.42.29:2082 | reason=mihomo start failed
[TEST] {539} tested=5/5 | kept=0 | rest=0
[DEBUG] mihomo split-small | branch={539} | size=5 | parse=0 | names=[免费节点10] 🇺🇸 US 361 → tg@nicevpn123,[免费节点10] 🇺🇸 US 363 → tg@nicevpn123,[免费节点10] 🇺🇸 US 364 → tg@nicevpn123...+2 | err=-
[WARN] batch start failed | size=5 {539} | split=1 {1036} + 1 {1037} + 1 {1038} + 1 {1039} + 1 {1040}
[TEST] {530} tested=1/1 | kept=0 | rest=0
[DEBUG] mihomo isolate | branch={530} | size=1 | parse=0 | names=[免费节点10] 🇺🇸 US 328 → tg@nicevpn123 | err=-
[DEBUG] mihomo drop | branch={530} | size=1 | parse=0 | names=[免费节点10] 🇺🇸 US 328 → tg@nicevpn123 | err=-
[DROP] name=[免费节点10] 🇺🇸 US 328 → tg@nicevpn123 {530} | server=35.77.89.124:443 | reason=mihomo start failed
[TEST] {540} tested=1/1 | kept=0 | rest=0
[DEBUG] mihomo isolate | branch={540} | size=1 | parse=0 | names=[免费节点10] 🇺🇸 US 35 → tg@nicevpn123 | err=-
[DEBUG] mihomo drop | branch={540} | size=1 | parse=0 | names=[免费节点10] 🇺🇸 US 35 → tg@nicevpn123 | err=-
[DROP] name=[免费节点10] 🇺🇸 US 35 → tg@nicevpn123 {540} | server=104.16.39.226:2082 | reason=mihomo start failed
[TEST] {532} tested=1/1 | kept=0 | rest=0
[DEBUG] mihomo isolate | branch={532} | size=1 | parse=0 | names=[免费节点10] 🇺🇸 US 33 → tg@nicevpn123 | err=-
[DEBUG] mihomo drop | branch={532} | size=1 | parse=0 | names=[免费节点10] 🇺🇸 US 33 → tg@nicevpn123 | err=-
[DROP] name=[免费节点10] 🇺🇸 US 33 → tg@nicevpn123 {532} | server=shct.pkyun.xyz:51706 | reason=mihomo start failed
[TEST] {535} tested=1/1 | kept=0 | rest=0
[DEBUG] mihomo isolate | branch={535} | size=1 | parse=0 | names=[免费节点10] 🇺🇸 US 333 → tg@nicevpn123 | err=-
[DEBUG] mihomo drop | branch={535} | size=1 | parse=0 | names=[免费节点10] 🇺🇸 US 333 → tg@nicevpn123 | err=-
[DROP] name=[免费节点10] 🇺🇸 US 333 → tg@nicevpn123 {535} | server=38.114.114.208:5000 | reason=mihomo start failed
[TEST] {541} tested=1/1 | kept=0 | rest=0
[DEBUG] mihomo isolate | branch={541} | size=1 | parse=0 | names=[免费节点10] 🇺🇸 US 350 → tg@nicevpn123 | err=-
[DEBUG] mihomo drop | branch={541} | size=1 | parse=0 | names=[免费节点10] 🇺🇸 US 350 → tg@nicevpn123 | err=-
[DROP] name=[免费节点10] 🇺🇸 US 350 → tg@nicevpn123 {541} | server=172.67.172.219:8080 | reason=mihomo start failed
[TEST] {544} tested=1/1 | kept=0 | rest=0
[DEBUG] mihomo isolate | branch={544} | size=1 | parse=0 | names=[免费节点10] 🇺🇸 US 354 → tg@nicevpn123 | err=-
[DEBUG] mihomo drop | branch={544} | size=1 | parse=0 | names=[免费节点10] 🇺🇸 US 354 → tg@nicevpn123 | err=-
[DROP] name=[免费节点10] 🇺🇸 US 354 → tg@nicevpn123 {544} | server=104.21.237.134:80 | reason=mihomo start failed
[TEST] {538} tested=4/4 | kept=0 | rest=0
[DEBUG] mihomo split-small | branch={538} | size=4 | parse=0 | names=[免费节点10] 🇺🇸 US 358 → tg@nicevpn123,[免费节点10] 🇺🇸 US 359 → tg@nicevpn123,[免费节点10] 🇺🇸 US 36 → tg@nicevpn123...+1 | err=-
[WARN] batch start failed | size=4 {538} | split=1 {1041} + 1 {1042} + 1 {1043} + 1 {1044}
[TEST] {545} tested=1/1 | kept=0 | rest=0
[DEBUG] mihomo isolate | branch={545} | size=1 | parse=0 | names=[免费节点10] 🇺🇸 US 355 → tg@nicevpn123 | err=-
[DEBUG] mihomo drop | branch={545} | size=1 | parse=0 | names=[免费节点10] 🇺🇸 US 355 → tg@nicevpn123 | err=-
[DROP] name=[免费节点10] 🇺🇸 US 355 → tg@nicevpn123 {545} | server=104.18.214.17:8080 | reason=mihomo start failed
[TEST] {543} tested=1/1 | kept=0 | rest=0
[DEBUG] mihomo isolate | branch={543} | size=1 | parse=0 | names=[免费节点10] 🇺🇸 US 352 → tg@nicevpn123 | err=-
[DEBUG] mihomo drop | branch={543} | size=1 | parse=0 | names=[免费节点10] 🇺🇸 US 352 → tg@nicevpn123 | err=-
[DROP] name=[免费节点10] 🇺🇸 US 352 → tg@nicevpn123 {543} | server=107.182.189.201:55187 | reason=mihomo start failed
[TEST] {548} tested=4/4 | kept=0 | rest=0
[DEBUG] mihomo split-small | branch={548} | size=4 | parse=0 | names=[免费节点10] 🇺🇸 US 462 → tg@nicevpn123,[免费节点10] 🇺🇸 US 463 → tg@nicevpn123,[免费节点10] 🇺🇸 US 464 → tg@nicevpn123...+1 | err=-
[WARN] batch start failed | size=4 {548} | split=1 {1045} + 1 {1046} + 1 {1047} + 1 {1048}
[TEST] {542} tested=1/1 | kept=0 | rest=0
[DEBUG] mihomo isolate | branch={542} | size=1 | parse=0 | names=[免费节点10] 🇺🇸 US 351 → tg@nicevpn123 | err=-
[DEBUG] mihomo drop | branch={542} | size=1 | parse=0 | names=[免费节点10] 🇺🇸 US 351 → tg@nicevpn123 | err=-
[DROP] name=[免费节点10] 🇺🇸 US 351 → tg@nicevpn123 {542} | server=shct.pkyun.xyz:39837 | reason=mihomo start failed
[TEST] {550} tested=1/1 | kept=0 | rest=0
[DEBUG] mihomo isolate | branch={550} | size=1 | parse=0 | names=[免费节点10] 🇺🇸 US 451 → tg@nicevpn123 | err=-
[DEBUG] mihomo drop | branch={550} | size=1 | parse=0 | names=[免费节点10] 🇺🇸 US 451 → tg@nicevpn123 | err=-
[DROP] name=[免费节点10] 🇺🇸 US 451 → tg@nicevpn123 {550} | server=38.68.134.9:8882 | reason=mihomo start failed
[TEST] {546} tested=1/1 | kept=0 | rest=0
[DEBUG] mihomo isolate | branch={546} | size=1 | parse=0 | names=[免费节点10] 🇺🇸 US 356 → tg@nicevpn123 | err=-
[DEBUG] mihomo drop | branch={546} | size=1 | parse=0 | names=[免费节点10] 🇺🇸 US 356 → tg@nicevpn123 | err=-
[DROP] name=[免费节点10] 🇺🇸 US 356 → tg@nicevpn123 {546} | server=75.102.51.26:16899 | reason=mihomo start failed
[TEST] {553} tested=1/1 | kept=0 | rest=0
[DEBUG] mihomo isolate | branch={553} | size=1 | parse=0 | names=[免费节点10] 🇺🇸 US 454 → tg@nicevpn123 | err=-
[DEBUG] mihomo drop | branch={553} | size=1 | parse=0 | names=[免费节点10] 🇺🇸 US 454 → tg@nicevpn123 | err=-
[DROP] name=[免费节点10] 🇺🇸 US 454 → tg@nicevpn123 {553} | server=104.19.45.57:2095 | reason=mihomo start failed
[TEST] {547} tested=1/1 | kept=0 | rest=0
[DEBUG] mihomo isolate | branch={547} | size=1 | parse=0 | names=[免费节点10] 🇺🇸 US 357 → tg@nicevpn123 | err=-
[DEBUG] mihomo drop | branch={547} | size=1 | parse=0 | names=[免费节点10] 🇺🇸 US 357 → tg@nicevpn123 | err=-
[DROP] name=[免费节点10] 🇺🇸 US 357 → tg@nicevpn123 {547} | server=38.110.1.197:5003 | reason=mihomo start failed
[TEST] {554} tested=1/1 | kept=0 | rest=0
[DEBUG] mihomo isolate | branch={554} | size=1 | parse=0 | names=[免费节点10] 🇺🇸 US 455 → tg@nicevpn123 | err=-
[DEBUG] mihomo drop | branch={554} | size=1 | parse=0 | names=[免费节点10] 🇺🇸 US 455 → tg@nicevpn123 | err=-
[DROP] name=[免费节点10] 🇺🇸 US 455 → tg@nicevpn123 {554} | server=104.19.44.192:8080 | reason=mihomo start failed
[TEST] {549} tested=5/5 | kept=0 | rest=0
[DEBUG] mihomo split-small | branch={549} | size=5 | parse=0 | names=[免费节点10] 🇺🇸 US 467 → tg@nicevpn123,[免费节点10] 🇺🇸 US 469 → tg@nicevpn123,[免费节点10] 🇺🇸 US 47 → tg@nicevpn123...+2 | err=-
[WARN] batch start failed | size=5 {549} | split=1 {1049} + 1 {1050} + 1 {1051} + 1 {1052} + 1 {1053}
[TEST] {556} tested=1/1 | kept=0 | rest=0
[DEBUG] mihomo isolate | branch={556} | size=1 | parse=0 | names=[免费节点10] 🇺🇸 US 46 → tg@nicevpn123 | err=-
[DEBUG] mihomo drop | branch={556} | size=1 | parse=0 | names=[免费节点10] 🇺🇸 US 46 → tg@nicevpn123 | err=-
[DROP] name=[免费节点10] 🇺🇸 US 46 → tg@nicevpn123 {556} | server=104.16.40.109:2082 | reason=mihomo start failed
[TEST] {551} tested=1/1 | kept=0 | rest=0
[DEBUG] mihomo isolate | branch={551} | size=1 | parse=0 | names=[免费节点10] 🇺🇸 US 452 → tg@nicevpn123 | err=-
[DEBUG] mihomo drop | branch={551} | size=1 | parse=0 | names=[免费节点10] 🇺🇸 US 452 → tg@nicevpn123 | err=-
[DROP] name=[免费节点10] 🇺🇸 US 452 → tg@nicevpn123 {551} | server=172.245.205.50:30129 | reason=mihomo start failed
[TEST] {552} tested=1/1 | kept=0 | rest=0
[DEBUG] mihomo isolate | branch={552} | size=1 | parse=0 | names=[免费节点10] 🇺🇸 US 453 → tg@nicevpn123 | err=-
[DEBUG] mihomo drop | branch={552} | size=1 | parse=0 | names=[免费节点10] 🇺🇸 US 453 → tg@nicevpn123 | err=-
[DROP] name=[免费节点10] 🇺🇸 US 453 → tg@nicevpn123 {552} | server=167.88.61.235:6679 | reason=mihomo start failed
[TEST] {555} tested=1/1 | kept=0 | rest=0
[DEBUG] mihomo isolate | branch={555} | size=1 | parse=0 | names=[免费节点10] 🇺🇸 US 457 → tg@nicevpn123 | err=-
[DEBUG] mihomo drop | branch={555} | size=1 | parse=0 | names=[免费节点10] 🇺🇸 US 457 → tg@nicevpn123 | err=-
[DROP] name=[免费节点10] 🇺🇸 US 457 → tg@nicevpn123 {555} | server=13.51.181.143:22222 | reason=mihomo start failed
[TEST] {557} tested=1/1 | kept=0 | rest=0
[DEBUG] mihomo isolate | branch={557} | size=1 | parse=0 | names=[免费节点10] 🇺🇸 US 461 → tg@nicevpn123 | err=-
[DEBUG] mihomo drop | branch={557} | size=1 | parse=0 | names=[免费节点10] 🇺🇸 US 461 → tg@nicevpn123 | err=-
[DROP] name=[免费节点10] 🇺🇸 US 461 → tg@nicevpn123 {557} | server=ip0axv1bbsu02k7-my.1ytnode.com:56370 | reason=mihomo start failed
[TEST] {558} tested=4/4 | kept=0 | rest=0
[DEBUG] mihomo split-small | branch={558} | size=4 | parse=0 | names=[免费节点10] 🇺🇸 US 477 → tg@nicevpn123,[免费节点10] 🇺🇸 US 478 → tg@nicevpn123,[免费节点10] 🇺🇸 US 48 → tg@nicevpn123...+1 | err=-
[WARN] batch start failed | size=4 {558} | split=1 {1054} + 1 {1055} + 1 {1056} + 1 {1057}
[TEST] {559} tested=5/5 | kept=0 | rest=0
[DEBUG] mihomo split-small | branch={559} | size=5 | parse=0 | names=[免费节点10] 🇺🇸 US 483 → tg@nicevpn123,[免费节点10] 🇺🇸 US 486 → tg@nicevpn123,[免费节点10] 🇺🇸 US 487 → tg@nicevpn123...+2 | err=-
[WARN] batch start failed | size=5 {559} | split=1 {1058} + 1 {1059} + 1 {1060} + 1 {1061} + 1 {1062}
[TEST] {564} tested=1/1 | kept=0 | rest=0
[DEBUG] mihomo isolate | branch={564} | size=1 | parse=0 | names=[Epodonios] EPODONIOS-96 | err=-
[DEBUG] mihomo drop | branch={564} | size=1 | parse=0 | names=[Epodonios] EPODONIOS-96 | err=-
[DROP] name=[Epodonios] EPODONIOS-96 {564} | server=118.193.57.167:49667 | reason=mihomo start failed
[TEST] {560} tested=4/4 | kept=0 | rest=0
[DEBUG] mihomo split-small | branch={560} | size=4 | parse=0 | names=[免费节点10] 🇺🇸 US 491 → tg@nicevpn123,[免费节点10] 🇺🇸 US 492 → tg@nicevpn123,[免费节点10] 🇺🇸 US 494 → tg@nicevpn123...+1 | err=-
[WARN] batch start failed | size=4 {560} | split=1 {1063} + 1 {1064} + 1 {1065} + 1 {1066}
[TEST] {563} tested=1/1 | kept=0 | rest=0
[DEBUG] mihomo isolate | branch={563} | size=1 | parse=0 | names=[Epodonios] EPODONIOS-95 | err=-
[DEBUG] mihomo drop | branch={563} | size=1 | parse=0 | names=[Epodonios] EPODONIOS-95 | err=-
[DROP] name=[Epodonios] EPODONIOS-95 {563} | server=mute-math-d64e.0e503992ad7026.WOrKERs.deV:443 | reason=mihomo start failed
[TEST] {565} tested=1/1 | kept=0 | rest=0
[DEBUG] mihomo isolate | branch={565} | size=1 | parse=0 | names=[Epodonios] EPODONIOS-97 | err=-
[DEBUG] mihomo drop | branch={565} | size=1 | parse=0 | names=[Epodonios] EPODONIOS-97 | err=-
[DROP] name=[Epodonios] EPODONIOS-97 {565} | server=russia.com:2095 | reason=mihomo start failed
[TEST] {566} tested=1/1 | kept=0 | rest=0
[DEBUG] mihomo isolate | branch={566} | size=1 | parse=0 | names=[Epodonios] EPODONIOS-98 | err=-
[DEBUG] mihomo drop | branch={566} | size=1 | parse=0 | names=[Epodonios] EPODONIOS-98 | err=-
[DROP] name=[Epodonios] EPODONIOS-98 {566} | server=v2.tgfaka.com:48443 | reason=mihomo start failed
[TEST] {567} tested=1/1 | kept=0 | rest=0
[DEBUG] mihomo isolate | branch={567} | size=1 | parse=0 | names=[Epodonios] EPODONIOS-99 | err=-
[DEBUG] mihomo drop | branch={567} | size=1 | parse=0 | names=[Epodonios] EPODONIOS-99 | err=-
[DROP] name=[Epodonios] EPODONIOS-99 {567} | server=bgroup.node1.v.nodelist-gfwairport2.top:41001 | reason=mihomo start failed
[TEST] {570} tested=1/1 | kept=0 | rest=0
[DEBUG] mihomo isolate | branch={570} | size=1 | parse=0 | names=[Epodonios] EPODONIOS-102 | err=-
[DEBUG] mihomo drop | branch={570} | size=1 | parse=0 | names=[Epodonios] EPODONIOS-102 | err=-
[DROP] name=[Epodonios] EPODONIOS-102 {570} | server=mci.mosi.mosipro.ml:443 | reason=mihomo start failed
[TEST] {569} tested=1/1 | kept=0 | rest=0
[DEBUG] mihomo isolate | branch={569} | size=1 | parse=0 | names=[Epodonios] EPODONIOS-101 | err=-
[DEBUG] mihomo drop | branch={569} | size=1 | parse=0 | names=[Epodonios] EPODONIOS-101 | err=-
[DROP] name=[Epodonios] EPODONIOS-101 {569} | server=au-full.privateip.net:443 | reason=mihomo start failed
[TEST] {572} tested=1/1 | kept=0 | rest=0
[DEBUG] mihomo isolate | branch={572} | size=1 | parse=0 | names=[免费节点10] 🇺🇸 US 41 → tg@nicevpn123 | err=-
[DEBUG] mihomo drop | branch={572} | size=1 | parse=0 | names=[免费节点10] 🇺🇸 US 41 → tg@nicevpn123 | err=-
[DROP] name=[免费节点10] 🇺🇸 US 41 → tg@nicevpn123 {572} | server=104.16.39.255:2082 | reason=mihomo start failed
[TEST] {568} tested=1/1 | kept=1 | rest=0
[TEST] {561} tested=5/5 | kept=0 | rest=0
[DEBUG] mihomo split-small | branch={561} | size=5 | parse=0 | names=[免费节点10] 🇺🇸 US 497 → tg@nicevpn123,[免费节点10] 🇺🇸 US 498 → tg@nicevpn123,[免费节点10] 🇺🇸 US 499 → tg@nicevpn123...+2 | err=-
[WARN] batch start failed | size=5 {561} | split=1 {1067} + 1 {1068} + 1 {1069} + 1 {1070} + 1 {1071}
[TEST] {574} tested=1/1 | kept=0 | rest=0
[DEBUG] mihomo isolate | branch={574} | size=1 | parse=0 | names=[免费节点10] 🇺🇸 US 411 → tg@nicevpn123 | err=-
[DEBUG] mihomo drop | branch={574} | size=1 | parse=0 | names=[免费节点10] 🇺🇸 US 411 → tg@nicevpn123 | err=-
[DROP] name=[免费节点10] 🇺🇸 US 411 → tg@nicevpn123 {574} | server=account-mec.emofid.co:443 | reason=mihomo start failed
[TEST] {562} tested=1/1 | kept=0 | rest=0
[DEBUG] mihomo isolate | branch={562} | size=1 | parse=0 | names=[Epodonios] EPODONIOS-94 | err=-
[DEBUG] mihomo drop | branch={562} | size=1 | parse=0 | names=[Epodonios] EPODONIOS-94 | err=-
[DROP] name=[Epodonios] EPODONIOS-94 {562} | server=awlix4.pcjxq.digital:8443 | reason=mihomo start failed
[TEST] {571} tested=1/1 | kept=0 | rest=0
[DEBUG] mihomo isolate | branch={571} | size=1 | parse=0 | names=[免费节点10] 🇺🇸 US 409 → tg@nicevpn123 | err=-
[DEBUG] mihomo drop | branch={571} | size=1 | parse=0 | names=[免费节点10] 🇺🇸 US 409 → tg@nicevpn123 | err=-
[DROP] name=[免费节点10] 🇺🇸 US 409 → tg@nicevpn123 {571} | server=ip0axv1bbsu02k7-sg.1ytnode.com:56339 | reason=mihomo start failed
[TEST] {573} tested=1/1 | kept=0 | rest=0
[DEBUG] mihomo isolate | branch={573} | size=1 | parse=0 | names=[免费节点10] 🇺🇸 US 410 → tg@nicevpn123 | err=-
[DEBUG] mihomo drop | branch={573} | size=1 | parse=0 | names=[免费节点10] 🇺🇸 US 410 → tg@nicevpn123 | err=-
[DROP] name=[免费节点10] 🇺🇸 US 410 → tg@nicevpn123 {573} | server=13.214.212.171:443 | reason=mihomo start failed
[TEST] {578} tested=1/1 | kept=0 | rest=0
[DEBUG] mihomo isolate | branch={578} | size=1 | parse=0 | names=[免费节点10] 🇺🇸 US 417 → tg@nicevpn123 | err=-
[DEBUG] mihomo drop | branch={578} | size=1 | parse=0 | names=[免费节点10] 🇺🇸 US 417 → tg@nicevpn123 | err=-
[DROP] name=[免费节点10] 🇺🇸 US 417 → tg@nicevpn123 {578} | server=172.67.68.246:443 | reason=mihomo start failed
[TEST] {575} tested=1/1 | kept=0 | rest=0
[DEBUG] mihomo isolate | branch={575} | size=1 | parse=0 | names=[免费节点10] 🇺🇸 US 412 → tg@nicevpn123 | err=-
[DEBUG] mihomo drop | branch={575} | size=1 | parse=0 | names=[免费节点10] 🇺🇸 US 412 → tg@nicevpn123 | err=-
[DROP] name=[免费节点10] 🇺🇸 US 412 → tg@nicevpn123 {575} | server=207.148.31.167:30587 | reason=mihomo start failed
[TEST] {576} tested=1/1 | kept=0 | rest=0
[DEBUG] mihomo isolate | branch={576} | size=1 | parse=0 | names=[免费节点10] 🇺🇸 US 413 → tg@nicevpn123 | err=-
[DEBUG] mihomo drop | branch={576} | size=1 | parse=0 | names=[免费节点10] 🇺🇸 US 413 → tg@nicevpn123 | err=-
[DROP] name=[免费节点10] 🇺🇸 US 413 → tg@nicevpn123 {576} | server=192.74.241.52:38001 | reason=mihomo start failed
[TEST] {581} tested=1/1 | kept=0 | rest=0
[DEBUG] mihomo isolate | branch={581} | size=1 | parse=0 | names=[免费节点10] 🇺🇸 US 430 → tg@nicevpn123 | err=-
[DEBUG] mihomo drop | branch={581} | size=1 | parse=0 | names=[免费节点10] 🇺🇸 US 430 → tg@nicevpn123 | err=-
[DROP] name=[免费节点10] 🇺🇸 US 430 → tg@nicevpn123 {581} | server=slime-rhinestone-spy.glitch.me:80 | reason=mihomo start failed
[TEST] {582} tested=1/1 | kept=0 | rest=0
[DEBUG] mihomo isolate | branch={582} | size=1 | parse=0 | names=[免费节点10] 🇺🇸 US 431 → tg@nicevpn123 | err=-
[DEBUG] mihomo drop | branch={582} | size=1 | parse=0 | names=[免费节点10] 🇺🇸 US 431 → tg@nicevpn123 | err=-
[DROP] name=[免费节点10] 🇺🇸 US 431 → tg@nicevpn123 {582} | server=104.19.44.196:8080 | reason=mihomo start failed
[TEST] {584} tested=1/1 | kept=0 | rest=0
[DEBUG] mihomo isolate | branch={584} | size=1 | parse=0 | names=[免费节点10] 🇺🇸 US 433 → tg@nicevpn123 | err=-
[DEBUG] mihomo drop | branch={584} | size=1 | parse=0 | names=[免费节点10] 🇺🇸 US 433 → tg@nicevpn123 | err=-
[DROP] name=[免费节点10] 🇺🇸 US 433 → tg@nicevpn123 {584} | server=172.67.133.78:2053 | reason=mihomo start failed
[TEST] {586} tested=1/1 | kept=0 | rest=0
[DEBUG] mihomo isolate | branch={586} | size=1 | parse=0 | names=[免费节点10] 🇺🇸 US 435 → tg@nicevpn123 | err=-
[DEBUG] mihomo drop | branch={586} | size=1 | parse=0 | names=[免费节点10] 🇺🇸 US 435 → tg@nicevpn123 | err=-
[DROP] name=[免费节点10] 🇺🇸 US 435 → tg@nicevpn123 {586} | server=104.17.215.6:443 | reason=mihomo start failed
[TEST] {583} tested=1/1 | kept=0 | rest=0
[DEBUG] mihomo isolate | branch={583} | size=1 | parse=0 | names=[免费节点10] 🇺🇸 US 432 → tg@nicevpn123 | err=-
[DEBUG] mihomo drop | branch={583} | size=1 | parse=0 | names=[免费节点10] 🇺🇸 US 432 → tg@nicevpn123 | err=-
[DROP] name=[免费节点10] 🇺🇸 US 432 → tg@nicevpn123 {583} | server=104.19.171.36:443 | reason=mihomo start failed
[TEST] {577} tested=1/1 | kept=0 | rest=0
[DEBUG] mihomo isolate | branch={577} | size=1 | parse=0 | names=[免费节点10] 🇺🇸 US 416 → tg@nicevpn123 | err=-
[DEBUG] mihomo drop | branch={577} | size=1 | parse=0 | names=[免费节点10] 🇺🇸 US 416 → tg@nicevpn123 | err=-
[DROP] name=[免费节点10] 🇺🇸 US 416 → tg@nicevpn123 {577} | server=38.114.114.208:9101 | reason=mihomo start failed
[TEST] {579} tested=4/4 | kept=0 | rest=0
[DEBUG] mihomo split-small | branch={579} | size=4 | parse=0 | names=[免费节点10] 🇺🇸 US 418 → tg@nicevpn123,[免费节点10] 🇺🇸 US 42 → tg@nicevpn123,[免费节点10] 🇺🇸 US 421 → tg@nicevpn123...+1 | err=-
[WARN] batch start failed | size=4 {579} | split=1 {1072} + 1 {1073} + 1 {1074} + 1 {1075}
[TEST] {588} tested=1/1 | kept=0 | rest=0
[DEBUG] mihomo isolate | branch={588} | size=1 | parse=0 | names=[免费节点10] 🇺🇸 US 438 → tg@nicevpn123 | err=-
[DEBUG] mihomo drop | branch={588} | size=1 | parse=0 | names=[免费节点10] 🇺🇸 US 438 → tg@nicevpn123 | err=-
[DROP] name=[免费节点10] 🇺🇸 US 438 → tg@nicevpn123 {588} | server=104.19.45.152:2095 | reason=mihomo start failed
[TEST] {580} tested=5/5 | kept=0 | rest=0
[DEBUG] mihomo split-small | branch={580} | size=5 | parse=0 | names=[免费节点10] 🇺🇸 US 423 → tg@nicevpn123,[免费节点10] 🇺🇸 US 424 → tg@nicevpn123,[免费节点10] 🇺🇸 US 425 → tg@nicevpn123...+2 | err=-
[WARN] batch start failed | size=5 {580} | split=1 {1076} + 1 {1077} + 1 {1078} + 1 {1079} + 1 {1080}
[TEST] {589} tested=4/4 | kept=0 | rest=0
[DEBUG] mihomo split-small | branch={589} | size=4 | parse=0 | names=[免费节点10] 🇺🇸 US 439 → tg@nicevpn123,[免费节点10] 🇺🇸 US 441 → tg@nicevpn123,[免费节点10] 🇺🇸 US 443 → tg@nicevpn123...+1 | err=-
[WARN] batch start failed | size=4 {589} | split=1 {1081} + 1 {1082} + 1 {1083} + 1 {1084}
[TEST] {594} tested=1/1 | kept=0 | rest=0
[DEBUG] mihomo isolate | branch={594} | size=1 | parse=0 | names=[Epodonios] EPODONIOS-117 | err=-
[DEBUG] mihomo drop | branch={594} | size=1 | parse=0 | names=[Epodonios] EPODONIOS-117 | err=-
[DROP] name=[Epodonios] EPODONIOS-117 {594} | server=de.connfull.org:2053 | reason=mihomo start failed
[TEST] {585} tested=1/1 | kept=0 | rest=0
[DEBUG] mihomo isolate | branch={585} | size=1 | parse=0 | names=[免费节点10] 🇺🇸 US 434 → tg@nicevpn123 | err=-
[DEBUG] mihomo drop | branch={585} | size=1 | parse=0 | names=[免费节点10] 🇺🇸 US 434 → tg@nicevpn123 | err=-
[DROP] name=[免费节点10] 🇺🇸 US 434 → tg@nicevpn123 {585} | server=ip0axv1bbsu02k7-hk.1ytnode.com:56316 | reason=mihomo start failed
[TEST] {587} tested=1/1 | kept=0 | rest=0
[DEBUG] mihomo isolate | branch={587} | size=1 | parse=0 | names=[免费节点10] 🇺🇸 US 436 → tg@nicevpn123 | err=-
[DEBUG] mihomo drop | branch={587} | size=1 | parse=0 | names=[免费节点10] 🇺🇸 US 436 → tg@nicevpn123 | err=-
[DROP] name=[免费节点10] 🇺🇸 US 436 → tg@nicevpn123 {587} | server=23.94.76.55:51981 | reason=mihomo start failed
[TEST] {590} tested=5/5 | kept=0 | rest=0
[DEBUG] mihomo split-small | branch={590} | size=5 | parse=0 | names=[免费节点10] 🇺🇸 US 446 → tg@nicevpn123,[免费节点10] 🇺🇸 US 447 → tg@nicevpn123,[免费节点10] 🇺🇸 US 448 → tg@nicevpn123...+2 | err=-
[WARN] batch start failed | size=5 {590} | split=1 {1085} + 1 {1086} + 1 {1087} + 1 {1088} + 1 {1089}
[TEST] {595} tested=1/1 | kept=0 | rest=0
[DEBUG] mihomo isolate | branch={595} | size=1 | parse=0 | names=[Epodonios] EPODONIOS-118 | err=-
[DEBUG] mihomo drop | branch={595} | size=1 | parse=0 | names=[Epodonios] EPODONIOS-118 | err=-
[DROP] name=[Epodonios] EPODONIOS-118 {595} | server=forward3.maryam1500.top:8443 | reason=mihomo start failed
[TEST] {591} tested=1/1 | kept=0 | rest=0
[DEBUG] mihomo isolate | branch={591} | size=1 | parse=0 | names=[Epodonios] EPODONIOS-114 | err=-
[DEBUG] mihomo drop | branch={591} | size=1 | parse=0 | names=[Epodonios] EPODONIOS-114 | err=-
[DROP] name=[Epodonios] EPODONIOS-114 {591} | server=zfd-hkv2.kunlun01dns.com:16113 | reason=mihomo start failed
[TEST] {592} tested=1/1 | kept=0 | rest=0
[DEBUG] mihomo isolate | branch={592} | size=1 | parse=0 | names=[Epodonios] EPODONIOS-115 | err=-
[DEBUG] mihomo drop | branch={592} | size=1 | parse=0 | names=[Epodonios] EPODONIOS-115 | err=-
[DROP] name=[Epodonios] EPODONIOS-115 {592} | server=Forde.arosakforosh.ir:5941 | reason=mihomo start failed
[TEST] {598} tested=1/1 | kept=0 | rest=0
[DEBUG] mihomo isolate | branch={598} | size=1 | parse=0 | names=[Epodonios] EPODONIOS-112 | err=-
[DEBUG] mihomo drop | branch={598} | size=1 | parse=0 | names=[Epodonios] EPODONIOS-112 | err=-
[DROP] name=[Epodonios] EPODONIOS-112 {598} | server=www.speedtest.net:443 | reason=mihomo start failed
[TEST] {593} tested=1/1 | kept=0 | rest=0
[DEBUG] mihomo isolate | branch={593} | size=1 | parse=0 | names=[Epodonios] EPODONIOS-116 | err=-
[DEBUG] mihomo drop | branch={593} | size=1 | parse=0 | names=[Epodonios] EPODONIOS-116 | err=-
[DROP] name=[Epodonios] EPODONIOS-116 {593} | server=amir.amirport.ir:8880 | reason=mihomo start failed
[TEST] {596} tested=1/1 | kept=0 | rest=0
[DEBUG] mihomo isolate | branch={596} | size=1 | parse=0 | names=[Epodonios] EPODONIOS-111 | err=-
[DEBUG] mihomo drop | branch={596} | size=1 | parse=0 | names=[Epodonios] EPODONIOS-111 | err=-
[DROP] name=[Epodonios] EPODONIOS-111 {596} | server=31.184.244.6:2087 | reason=mihomo start failed
[TEST] {599} tested=1/1 | kept=0 | rest=0
[DEBUG] mihomo isolate | branch={599} | size=1 | parse=0 | names=[Epodonios] EPODONIOS-113 | err=-
[DEBUG] mihomo drop | branch={599} | size=1 | parse=0 | names=[Epodonios] EPODONIOS-113 | err=-
[DROP] name=[Epodonios] EPODONIOS-113 {599} | server=zfd-hkv2.kunlun01dns.com:16112 | reason=mihomo start failed
[TEST] {603} tested=1/1 | kept=0 | rest=0
[DEBUG] mihomo isolate | branch={603} | size=1 | parse=0 | names=[免费节点10] 🇺🇸 US 503 → tg@nicevpn123 | err=-
[DEBUG] mihomo drop | branch={603} | size=1 | parse=0 | names=[免费节点10] 🇺🇸 US 503 → tg@nicevpn123 | err=-
[DROP] name=[免费节点10] 🇺🇸 US 503 → tg@nicevpn123 {603} | server=jp03-alt-vm0.entry.srthdw.art:21583 | reason=mihomo start failed
[TEST] {597} tested=1/1 | kept=0 | rest=0
[DEBUG] mihomo isolate | branch={597} | size=1 | parse=0 | names=[Epodonios] [🇩🇪]t.me/ConfigsHub | err=-
[DEBUG] mihomo drop | branch={597} | size=1 | parse=0 | names=[Epodonios] [🇩🇪]t.me/ConfigsHub | err=-
[DROP] name=[Epodonios] [🇩🇪]t.me/ConfigsHub {597} | server=31.184.244.6:8080 | reason=mihomo start failed
[TEST] {604} tested=1/1 | kept=0 | rest=0
[DEBUG] mihomo isolate | branch={604} | size=1 | parse=0 | names=[免费节点10] 🇺🇸 US 504 → tg@nicevpn123 | err=-
[DEBUG] mihomo drop | branch={604} | size=1 | parse=0 | names=[免费节点10] 🇺🇸 US 504 → tg@nicevpn123 | err=-
[DROP] name=[免费节点10] 🇺🇸 US 504 → tg@nicevpn123 {604} | server=104.17.1.58:8443 | reason=mihomo start failed
[TEST] {605} tested=1/1 | kept=0 | rest=0
[DEBUG] mihomo isolate | branch={605} | size=1 | parse=0 | names=[免费节点10] 🇺🇸 US 508 → tg@nicevpn123 | err=-
[DEBUG] mihomo drop | branch={605} | size=1 | parse=0 | names=[免费节点10] 🇺🇸 US 508 → tg@nicevpn123 | err=-
[DROP] name=[免费节点10] 🇺🇸 US 508 → tg@nicevpn123 {605} | server=104.16.39.206:2082 | reason=mihomo start failed
[TEST] {606} tested=1/1 | kept=0 | rest=0
[DEBUG] mihomo isolate | branch={606} | size=1 | parse=0 | names=[免费节点10] 🇺🇸 US 509 → tg@nicevpn123 | err=-
[DEBUG] mihomo drop | branch={606} | size=1 | parse=0 | names=[免费节点10] 🇺🇸 US 509 → tg@nicevpn123 | err=-
[DROP] name=[免费节点10] 🇺🇸 US 509 → tg@nicevpn123 {606} | server=45.77.161.86:443 | reason=mihomo start failed
[TEST] {607} tested=1/1 | kept=0 | rest=0
[DEBUG] mihomo isolate | branch={607} | size=1 | parse=0 | names=[免费节点10] 🇺🇸 US 51 → tg@nicevpn123 | err=-
[DEBUG] mihomo drop | branch={607} | size=1 | parse=0 | names=[免费节点10] 🇺🇸 US 51 → tg@nicevpn123 | err=-
[DROP] name=[免费节点10] 🇺🇸 US 51 → tg@nicevpn123 {607} | server=104.19.44.200:8080 | reason=mihomo start failed
[TEST] {608} tested=1/1 | kept=0 | rest=0
[DEBUG] mihomo isolate | branch={608} | size=1 | parse=0 | names=[免费节点10] 🇺🇸 US 510 → tg@nicevpn123 | err=-
[DEBUG] mihomo drop | branch={608} | size=1 | parse=0 | names=[免费节点10] 🇺🇸 US 510 → tg@nicevpn123 | err=-
[DROP] name=[免费节点10] 🇺🇸 US 510 → tg@nicevpn123 {608} | server=104.16.100.23:443 | reason=mihomo start failed
[TEST] {609} tested=1/1 | kept=0 | rest=0
[DEBUG] mihomo isolate | branch={609} | size=1 | parse=0 | names=[免费节点10] 🇺🇸 US 511 → tg@nicevpn123 | err=-
[DEBUG] mihomo drop | branch={609} | size=1 | parse=0 | names=[免费节点10] 🇺🇸 US 511 → tg@nicevpn123 | err=-
[DROP] name=[免费节点10] 🇺🇸 US 511 → tg@nicevpn123 {609} | server=104.19.43.10:80 | reason=mihomo start failed
[TEST] {600} tested=4/4 | kept=0 | rest=0
[DEBUG] mihomo split-small | branch={600} | size=4 | parse=0 | names=[免费节点10] 🇺🇸 US 512 → tg@nicevpn123,[免费节点10] 🇺🇸 US 513 → tg@nicevpn123,[免费节点10] 🇺🇸 US 514 → tg@nicevpn123...+1 | err=-
[WARN] batch start failed | size=4 {600} | split=1 {1090} + 1 {1091} + 1 {1092} + 1 {1093}
[TEST] {610} tested=1/1 | kept=0 | rest=0
[DEBUG] mihomo isolate | branch={610} | size=1 | parse=0 | names=[免费节点10] 🇺🇸 US 522 → tg@nicevpn123 | err=-
[DEBUG] mihomo drop | branch={610} | size=1 | parse=0 | names=[免费节点10] 🇺🇸 US 522 → tg@nicevpn123 | err=-
[DROP] name=[免费节点10] 🇺🇸 US 522 → tg@nicevpn123 {610} | server=172.67.229.13:2086 | reason=mihomo start failed
[TEST] {601} tested=5/5 | kept=0 | rest=0
[DEBUG] mihomo split-small | branch={601} | size=5 | parse=0 | names=[免费节点10] 🇺🇸 US 518 → tg@nicevpn123,[免费节点10] 🇺🇸 US 519 → tg@nicevpn123,[免费节点10] 🇺🇸 US 52 → tg@nicevpn123...+2 | err=-
[WARN] batch start failed | size=5 {601} | split=1 {1094} + 1 {1095} + 1 {1096} + 1 {1097} + 1 {1098}
[TEST] {613} tested=1/1 | kept=0 | rest=0
[DEBUG] mihomo isolate | branch={613} | size=1 | parse=0 | names=[免费节点10] 🇺🇸 US 526 → tg@nicevpn123 | err=-
[DEBUG] mihomo drop | branch={613} | size=1 | parse=0 | names=[免费节点10] 🇺🇸 US 526 → tg@nicevpn123 | err=-
[DROP] name=[免费节点10] 🇺🇸 US 526 → tg@nicevpn123 {613} | server=104.19.45.35:2095 | reason=mihomo start failed
[TEST] {614} tested=1/1 | kept=0 | rest=0
[DEBUG] mihomo isolate | branch={614} | size=1 | parse=0 | names=[免费节点10] 🇺🇸 US 527 → tg@nicevpn123 | err=-
[DEBUG] mihomo drop | branch={614} | size=1 | parse=0 | names=[免费节点10] 🇺🇸 US 527 → tg@nicevpn123 | err=-
[DROP] name=[免费节点10] 🇺🇸 US 527 → tg@nicevpn123 {614} | server=104.16.40.154:2082 | reason=mihomo start failed
[TEST] {602} tested=1/1 | kept=0 | rest=0
[DEBUG] mihomo isolate | branch={602} | size=1 | parse=0 | names=[免费节点10] 🇺🇸 US 501 → tg@nicevpn123 | err=-
[DEBUG] mihomo drop | branch={602} | size=1 | parse=0 | names=[免费节点10] 🇺🇸 US 501 → tg@nicevpn123 | err=-
[DROP] name=[免费节点10] 🇺🇸 US 501 → tg@nicevpn123 {602} | server=38.114.114.208:9090 | reason=mihomo start failed
[TEST] {611} tested=1/1 | kept=0 | rest=0
[DEBUG] mihomo isolate | branch={611} | size=1 | parse=0 | names=[免费节点10] 🇺🇸 US 524 → tg@nicevpn123 | err=-
[DEBUG] mihomo drop | branch={611} | size=1 | parse=0 | names=[免费节点10] 🇺🇸 US 524 → tg@nicevpn123 | err=-
[DROP] name=[免费节点10] 🇺🇸 US 524 → tg@nicevpn123 {611} | server=35.77.92.181:443 | reason=mihomo start failed
[TEST] {616} tested=1/1 | kept=0 | rest=0
[DEBUG] mihomo isolate | branch={616} | size=1 | parse=0 | names=[免费节点10] 🇺🇸 US 53 → tg@nicevpn123 | err=-
[DEBUG] mihomo drop | branch={616} | size=1 | parse=0 | names=[免费节点10] 🇺🇸 US 53 → tg@nicevpn123 | err=-
[DROP] name=[免费节点10] 🇺🇸 US 53 → tg@nicevpn123 {616} | server=104.16.39.228:2082 | reason=mihomo start failed
[TEST] {612} tested=1/1 | kept=0 | rest=0
[DEBUG] mihomo isolate | branch={612} | size=1 | parse=0 | names=[免费节点10] 🇺🇸 US 525 → tg@nicevpn123 | err=-
[DEBUG] mihomo drop | branch={612} | size=1 | parse=0 | names=[免费节点10] 🇺🇸 US 525 → tg@nicevpn123 | err=-
[DROP] name=[免费节点10] 🇺🇸 US 525 → tg@nicevpn123 {612} | server=ip0axv1bbsu02k7-my.1ytnode.com:56369 | reason=mihomo start failed
[TEST] {617} tested=1/1 | kept=0 | rest=0
[DEBUG] mihomo isolate | branch={617} | size=1 | parse=0 | names=[免费节点10] 🇺🇸 US 530 → tg@nicevpn123 | err=-
[DEBUG] mihomo drop | branch={617} | size=1 | parse=0 | names=[免费节点10] 🇺🇸 US 530 → tg@nicevpn123 | err=-
[DROP] name=[免费节点10] 🇺🇸 US 530 → tg@nicevpn123 {617} | server=216.246.66.205:57616 | reason=mihomo start failed
[TEST] {620} tested=1/1 | kept=0 | rest=0
[DEBUG] mihomo isolate | branch={620} | size=1 | parse=0 | names=[免费节点10] 🇺🇸 US 542 → tg@nicevpn123 | err=-
[DEBUG] mihomo drop | branch={620} | size=1 | parse=0 | names=[免费节点10] 🇺🇸 US 542 → tg@nicevpn123 | err=-
[DROP] name=[免费节点10] 🇺🇸 US 542 → tg@nicevpn123 {620} | server=172.67.152.200:443 | reason=mihomo start failed
[TEST] {621} tested=1/1 | kept=0 | rest=0
[DEBUG] mihomo isolate | branch={621} | size=1 | parse=0 | names=[免费节点10] 🇺🇸 US 543 → tg@nicevpn123 | err=-
[DEBUG] mihomo drop | branch={621} | size=1 | parse=0 | names=[免费节点10] 🇺🇸 US 543 → tg@nicevpn123 | err=-
[DROP] name=[免费节点10] 🇺🇸 US 543 → tg@nicevpn123 {621} | server=104.19.45.56:2095 | reason=mihomo start failed
[TEST] {615} tested=1/1 | kept=0 | rest=0
[DEBUG] mihomo isolate | branch={615} | size=1 | parse=0 | names=[免费节点10] 🇺🇸 US 528 → tg@nicevpn123 | err=-
[DEBUG] mihomo drop | branch={615} | size=1 | parse=0 | names=[免费节点10] 🇺🇸 US 528 → tg@nicevpn123 | err=-
[DROP] name=[免费节点10] 🇺🇸 US 528 → tg@nicevpn123 {615} | server=149.28.58.129:45617 | reason=mihomo start failed
[TEST] {622} tested=1/1 | kept=0 | rest=0
[DEBUG] mihomo isolate | branch={622} | size=1 | parse=0 | names=[免费节点10] 🇺🇸 US 544 → tg@nicevpn123 | err=-
[DEBUG] mihomo drop | branch={622} | size=1 | parse=0 | names=[免费节点10] 🇺🇸 US 544 → tg@nicevpn123 | err=-
[DROP] name=[免费节点10] 🇺🇸 US 544 → tg@nicevpn123 {622} | server=104.16.42.222:2082 | reason=mihomo start failed
[TEST] {623} tested=1/1 | kept=0 | rest=0
[DEBUG] mihomo isolate | branch={623} | size=1 | parse=0 | names=[免费节点10] 🇺🇸 US 546 → tg@nicevpn123 | err=-
[DEBUG] mihomo drop | branch={623} | size=1 | parse=0 | names=[免费节点10] 🇺🇸 US 546 → tg@nicevpn123 | err=-
[DROP] name=[免费节点10] 🇺🇸 US 546 → tg@nicevpn123 {623} | server=104.21.232.64:80 | reason=mihomo start failed
[TEST] {626} tested=1/1 | kept=0 | rest=0
[DEBUG] mihomo isolate | branch={626} | size=1 | parse=0 | names=[免费节点10] 🇺🇸 US 55 → tg@nicevpn123 | err=-
[DEBUG] mihomo drop | branch={626} | size=1 | parse=0 | names=[免费节点10] 🇺🇸 US 55 → tg@nicevpn123 | err=-
[DROP] name=[免费节点10] 🇺🇸 US 55 → tg@nicevpn123 {626} | server=14.vmessprotocol.telegram-vmessprotocol-channel.space:2086 | reason=mihomo start failed
[TEST] {618} tested=4/4 | kept=0 | rest=0
[DEBUG] mihomo split-small | branch={618} | size=4 | parse=0 | names=[免费节点10] 🇺🇸 US 531 → tg@nicevpn123,[免费节点10] 🇺🇸 US 532 → tg@nicevpn123,[免费节点10] 🇺🇸 US 534 → tg@nicevpn123...+1 | err=-
[WARN] batch start failed | size=4 {618} | split=1 {1099} + 1 {1100} + 1 {1101} + 1 {1102}
[TEST] {625} tested=1/1 | kept=0 | rest=0
[DEBUG] mihomo isolate | branch={625} | size=1 | parse=0 | names=[免费节点10] 🇺🇸 US 549 → tg@nicevpn123 | err=-
[DEBUG] mihomo drop | branch={625} | size=1 | parse=0 | names=[免费节点10] 🇺🇸 US 549 → tg@nicevpn123 | err=-
[DROP] name=[免费节点10] 🇺🇸 US 549 → tg@nicevpn123 {625} | server=50.114.243.61:43834 | reason=mihomo start failed
[TEST] {619} tested=5/5 | kept=0 | rest=0
[DEBUG] mihomo split-small | branch={619} | size=5 | parse=0 | names=[免费节点10] 🇺🇸 US 536 → tg@nicevpn123,[免费节点10] 🇺🇸 US 537 → tg@nicevpn123,[免费节点10] 🇺🇸 US 539 → tg@nicevpn123...+2 | err=-
[WARN] batch start failed | size=5 {619} | split=1 {1103} + 1 {1104} + 1 {1105} + 1 {1106} + 1 {1107}
[TEST] {624} tested=1/1 | kept=0 | rest=0
[DEBUG] mihomo isolate | branch={624} | size=1 | parse=0 | names=[免费节点10] 🇺🇸 US 548 → tg@nicevpn123 | err=-
[DEBUG] mihomo drop | branch={624} | size=1 | parse=0 | names=[免费节点10] 🇺🇸 US 548 → tg@nicevpn123 | err=-
[DROP] name=[免费节点10] 🇺🇸 US 548 → tg@nicevpn123 {624} | server=172.67.57.252:8880 | reason=mihomo start failed
[TEST] {627} tested=1/1 | kept=0 | rest=0
[DEBUG] mihomo isolate | branch={627} | size=1 | parse=0 | names=[免费节点10] 🇺🇸 US 551 → tg@nicevpn123 | err=-
[DEBUG] mihomo drop | branch={627} | size=1 | parse=0 | names=[免费节点10] 🇺🇸 US 551 → tg@nicevpn123 | err=-
[DROP] name=[免费节点10] 🇺🇸 US 551 → tg@nicevpn123 {627} | server=38.114.114.208:443 | reason=mihomo start failed
[TEST] {631} tested=5/5 | kept=0 | rest=0
[DEBUG] mihomo split-small | branch={631} | size=5 | parse=0 | names=[免费节点10] 🇺🇸 US 580 → tg@nicevpn123,[免费节点10] 🇺🇸 US 581 → tg@nicevpn123,[免费节点10] 🇺🇸 US 584 → tg@nicevpn123...+2 | err=-
[WARN] batch start failed | size=5 {631} | split=1 {1108} + 1 {1109} + 1 {1110} + 1 {1111} + 1 {1112}
[TEST] {629} tested=5/5 | kept=0 | rest=0
[DEBUG] mihomo split-small | branch={629} | size=5 | parse=0 | names=[免费节点10] 🇺🇸 US 556 → tg@nicevpn123,[免费节点10] 🇺🇸 US 558 → tg@nicevpn123,[免费节点10] 🇺🇸 US 56 → tg@nicevpn123...+2 | err=-
[WARN] batch start failed | size=5 {629} | split=1 {1113} + 1 {1114} + 1 {1115} + 1 {1116} + 1 {1117}
[TEST] {628} tested=4/4 | kept=0 | rest=0
[DEBUG] mihomo split-small | branch={628} | size=4 | parse=0 | names=[免费节点10] 🇺🇸 US 552 → tg@nicevpn123,[免费节点10] 🇺🇸 US 553 → tg@nicevpn123,[免费节点10] 🇺🇸 US 554 → tg@nicevpn123...+1 | err=-
[WARN] batch start failed | size=4 {628} | split=1 {1118} + 1 {1119} + 1 {1120} + 1 {1121}
[TEST] {634} tested=1/1 | kept=0 | rest=0
[DEBUG] mihomo isolate | branch={634} | size=1 | parse=0 | names=[免费节点10] 🇺🇸 US 587 → tg@nicevpn123 | err=-
[DEBUG] mihomo drop | branch={634} | size=1 | parse=0 | names=[免费节点10] 🇺🇸 US 587 → tg@nicevpn123 | err=-
[DROP] name=[免费节点10] 🇺🇸 US 587 → tg@nicevpn123 {634} | server=ns1.v2-vip.fun:2086 | reason=mihomo start failed
[TEST] {635} tested=1/1 | kept=0 | rest=0
[DEBUG] mihomo isolate | branch={635} | size=1 | parse=0 | names=[免费节点10] 🇺🇸 US 59 → tg@nicevpn123 | err=-
[DEBUG] mihomo drop | branch={635} | size=1 | parse=0 | names=[免费节点10] 🇺🇸 US 59 → tg@nicevpn123 | err=-
[DROP] name=[免费节点10] 🇺🇸 US 59 → tg@nicevpn123 {635} | server=173.245.58.199:443 | reason=mihomo start failed
[TEST] {637} tested=1/1 | kept=0 | rest=0
[DEBUG] mihomo isolate | branch={637} | size=1 | parse=0 | names=[免费节点10] 🇺🇸 US 592 → tg@nicevpn123 | err=-
[DEBUG] mihomo drop | branch={637} | size=1 | parse=0 | names=[免费节点10] 🇺🇸 US 592 → tg@nicevpn123 | err=-
[DROP] name=[免费节点10] 🇺🇸 US 592 → tg@nicevpn123 {637} | server=104.19.45.11:2095 | reason=mihomo start failed
[TEST] {636} tested=1/1 | kept=0 | rest=0
[DEBUG] mihomo isolate | branch={636} | size=1 | parse=0 | names=[免费节点10] 🇺🇸 US 590 → tg@nicevpn123 | err=-
[DEBUG] mihomo drop | branch={636} | size=1 | parse=0 | names=[免费节点10] 🇺🇸 US 590 → tg@nicevpn123 | err=-
[DROP] name=[免费节点10] 🇺🇸 US 590 → tg@nicevpn123 {636} | server=104.19.45.80:2095 | reason=mihomo start failed
[TEST] {638} tested=1/1 | kept=0 | rest=0
[DEBUG] mihomo isolate | branch={638} | size=1 | parse=0 | names=[免费节点10] 🇺🇸 US 593 → tg@nicevpn123 | err=-
[DEBUG] mihomo drop | branch={638} | size=1 | parse=0 | names=[免费节点10] 🇺🇸 US 593 → tg@nicevpn123 | err=-
[DROP] name=[免费节点10] 🇺🇸 US 593 → tg@nicevpn123 {638} | server=38.110.1.105:9102 | reason=mihomo start failed
[TEST] {639} tested=1/1 | kept=0 | rest=0
[DEBUG] mihomo isolate | branch={639} | size=1 | parse=0 | names=[免费节点10] 🇺🇸 US 595 → tg@nicevpn123 | err=-
[DEBUG] mihomo drop | branch={639} | size=1 | parse=0 | names=[免费节点10] 🇺🇸 US 595 → tg@nicevpn123 | err=-
[DROP] name=[免费节点10] 🇺🇸 US 595 → tg@nicevpn123 {639} | server=best-charm-pediatrician.glitch.me:443 | reason=mihomo start failed
[TEST] {640} tested=1/1 | kept=0 | rest=0
[DEBUG] mihomo isolate | branch={640} | size=1 | parse=0 | names=[免费节点10] 🇺🇸 US 598 → tg@nicevpn123 | err=-
[DEBUG] mihomo drop | branch={640} | size=1 | parse=0 | names=[免费节点10] 🇺🇸 US 598 → tg@nicevpn123 | err=-
[DROP] name=[免费节点10] 🇺🇸 US 598 → tg@nicevpn123 {640} | server=104.16.40.247:2082 | reason=mihomo start failed
[TEST] {630} tested=4/4 | kept=0 | rest=0
[DEBUG] mihomo split-small | branch={630} | size=4 | parse=0 | names=[免费节点10] 🇺🇸 US 576 → tg@nicevpn123,[免费节点10] 🇺🇸 US 577 → tg@nicevpn123,[免费节点10] 🇺🇸 US 578 → tg@nicevpn123...+1 | err=-
[WARN] batch start failed | size=4 {630} | split=1 {1122} + 1 {1123} + 1 {1124} + 1 {1125}
[TEST] {641} tested=1/1 | kept=0 | rest=0
[DEBUG] mihomo isolate | branch={641} | size=1 | parse=0 | names=[免费节点10] 🇺🇸 US 6 → tg@nicevpn123 | err=-
[DEBUG] mihomo drop | branch={641} | size=1 | parse=0 | names=[免费节点10] 🇺🇸 US 6 → tg@nicevpn123 | err=-
[DROP] name=[免费节点10] 🇺🇸 US 6 → tg@nicevpn123 {641} | server=oe6wc-g01.jp05-6786-vm0.entry.fr0307a.art:46482 | reason=mihomo start failed
[TEST] {633} tested=5/5 | kept=0 | rest=0
[DEBUG] mihomo split-small | branch={633} | size=5 | parse=0 | names=[免费节点10] 🇺🇸 US 57 → tg@nicevpn123,[免费节点10] 🇺🇸 US 570 → tg@nicevpn123,[免费节点10] 🇺🇸 US 572 → tg@nicevpn123...+2 | err=-
[WARN] batch start failed | size=5 {633} | split=1 {1126} + 1 {1127} + 1 {1128} + 1 {1129} + 1 {1130}
[TEST] {632} tested=4/4 | kept=0 | rest=0
[DEBUG] mihomo split-small | branch={632} | size=4 | parse=0 | names=[免费节点10] 🇺🇸 US 564 → tg@nicevpn123,[免费节点10] 🇺🇸 US 565 → tg@nicevpn123,[免费节点10] 🇺🇸 US 566 → tg@nicevpn123...+1 | err=-
[WARN] batch start failed | size=4 {632} | split=1 {1131} + 1 {1132} + 1 {1133} + 1 {1134}
[TEST] {645} tested=1/1 | kept=0 | rest=0
[DEBUG] mihomo isolate | branch={645} | size=1 | parse=0 | names=[免费节点10] 🇺🇸 US 613 → tg@nicevpn123 | err=-
[DEBUG] mihomo drop | branch={645} | size=1 | parse=0 | names=[免费节点10] 🇺🇸 US 613 → tg@nicevpn123 | err=-
[DROP] name=[免费节点10] 🇺🇸 US 613 → tg@nicevpn123 {645} | server=104.19.45.235:2095 | reason=mihomo start failed
[TEST] {646} tested=1/1 | kept=0 | rest=0
[DEBUG] mihomo isolate | branch={646} | size=1 | parse=0 | names=[免费节点10] 🇺🇸 US 614 → tg@nicevpn123 | err=-
[DEBUG] mihomo drop | branch={646} | size=1 | parse=0 | names=[免费节点10] 🇺🇸 US 614 → tg@nicevpn123 | err=-
[DROP] name=[免费节点10] 🇺🇸 US 614 → tg@nicevpn123 {646} | server=104.19.45.125:2095 | reason=mihomo start failed
[TEST] {648} tested=1/1 | kept=0 | rest=0
[DEBUG] mihomo isolate | branch={648} | size=1 | parse=0 | names=[免费节点10] 🇺🇸 US 619 → tg@nicevpn123 | err=-
[DEBUG] mihomo drop | branch={648} | size=1 | parse=0 | names=[免费节点10] 🇺🇸 US 619 → tg@nicevpn123 | err=-
[DROP] name=[免费节点10] 🇺🇸 US 619 → tg@nicevpn123 {648} | server=104.19.171.3:443 | reason=mihomo start failed
[TEST] {650} tested=1/1 | kept=0 | rest=0
[DEBUG] mihomo isolate | branch={650} | size=1 | parse=0 | names=[免费节点10] 🇺🇸 US 620 → tg@nicevpn123 | err=-
[DEBUG] mihomo drop | branch={650} | size=1 | parse=0 | names=[免费节点10] 🇺🇸 US 620 → tg@nicevpn123 | err=-
[DROP] name=[免费节点10] 🇺🇸 US 620 → tg@nicevpn123 {650} | server=104.21.40.162:80 | reason=mihomo start failed
[TEST] {649} tested=1/1 | kept=0 | rest=0
[DEBUG] mihomo isolate | branch={649} | size=1 | parse=0 | names=[免费节点10] 🇺🇸 US 62 → tg@nicevpn123 | err=-
[DEBUG] mihomo drop | branch={649} | size=1 | parse=0 | names=[免费节点10] 🇺🇸 US 62 → tg@nicevpn123 | err=-
[DROP] name=[免费节点10] 🇺🇸 US 62 → tg@nicevpn123 {649} | server=104.16.40.106:2082 | reason=mihomo start failed
[TEST] {642} tested=4/4 | kept=0 | rest=0
[DEBUG] mihomo split-small | branch={642} | size=4 | parse=0 | names=[免费节点10] 🇺🇸 US 600 → tg@nicevpn123,[免费节点10] 🇺🇸 US 601 → tg@nicevpn123,[免费节点10] 🇺🇸 US 602 → tg@nicevpn123...+1 | err=-
[WARN] batch start failed | size=4 {642} | split=1 {1135} + 1 {1136} + 1 {1137} + 1 {1138}
[TEST] {643} tested=5/5 | kept=0 | rest=0
[DEBUG] mihomo split-small | branch={643} | size=5 | parse=0 | names=[免费节点10] 🇺🇸 US 605 → tg@nicevpn123,[免费节点10] 🇺🇸 US 607 → tg@nicevpn123,[免费节点10] 🇺🇸 US 608 → tg@nicevpn123...+2 | err=-
[WARN] batch start failed | size=5 {643} | split=1 {1139} + 1 {1140} + 1 {1141} + 1 {1142} + 1 {1143}
[TEST] {644} tested=1/1 | kept=0 | rest=0
[DEBUG] mihomo isolate | branch={644} | size=1 | parse=0 | names=[免费节点10] 🇺🇸 US 612 → tg@nicevpn123 | err=-
[DEBUG] mihomo drop | branch={644} | size=1 | parse=0 | names=[免费节点10] 🇺🇸 US 612 → tg@nicevpn123 | err=-
[DROP] name=[免费节点10] 🇺🇸 US 612 → tg@nicevpn123 {644} | server=38.110.1.202:8008 | reason=mihomo start failed
[TEST] {647} tested=1/1 | kept=0 | rest=0
[DEBUG] mihomo isolate | branch={647} | size=1 | parse=0 | names=[免费节点10] 🇺🇸 US 616 → tg@nicevpn123 | err=-
[DEBUG] mihomo drop | branch={647} | size=1 | parse=0 | names=[免费节点10] 🇺🇸 US 616 → tg@nicevpn123 | err=-
[DROP] name=[免费节点10] 🇺🇸 US 616 → tg@nicevpn123 {647} | server=38.110.1.107:3306 | reason=mihomo start failed
[TEST] {651} tested=1/1 | kept=0 | rest=0
[DEBUG] mihomo isolate | branch={651} | size=1 | parse=0 | names=[免费节点10] 🇺🇸 US 621 → tg@nicevpn123 | err=-
[DEBUG] mihomo drop | branch={651} | size=1 | parse=0 | names=[免费节点10] 🇺🇸 US 621 → tg@nicevpn123 | err=-
[DROP] name=[免费节点10] 🇺🇸 US 621 → tg@nicevpn123 {651} | server=13.37.183.9:22222 | reason=mihomo start failed
[TEST] {652} tested=4/4 | kept=0 | rest=0
[DEBUG] mihomo split-small | branch={652} | size=4 | parse=0 | names=[免费节点10] 🇺🇸 US 623 → tg@nicevpn123,[免费节点10] 🇺🇸 US 624 → tg@nicevpn123,[免费节点10] 🇺🇸 US 625 → tg@nicevpn123...+1 | err=-
[WARN] batch start failed | size=4 {652} | split=1 {1144} + 1 {1145} + 1 {1146} + 1 {1147}
[TEST] {655} tested=5/5 | kept=0 | rest=0
[DEBUG] mihomo split-small | branch={655} | size=5 | parse=0 | names=[免费节点10] 🇺🇸 US 673 → tg@nicevpn123,[免费节点10] 🇺🇸 US 674 → tg@nicevpn123,[免费节点10] 🇺🇸 US 675 → tg@nicevpn123...+2 | err=-
[WARN] batch start failed | size=5 {655} | split=1 {1148} + 1 {1149} + 1 {1150} + 1 {1151} + 1 {1152}
[TEST] {653} tested=5/5 | kept=0 | rest=0
[DEBUG] mihomo split-small | branch={653} | size=5 | parse=0 | names=[免费节点10] 🇺🇸 US 627 → tg@nicevpn123,[免费节点10] 🇺🇸 US 629 → tg@nicevpn123,[免费节点10] 🇺🇸 US 631 → tg@nicevpn123...+2 | err=-
[WARN] batch start failed | size=5 {653} | split=1 {1153} + 1 {1154} + 1 {1155} + 1 {1156} + 1 {1157}
[TEST] {656} tested=4/4 | kept=0 | rest=0
[DEBUG] mihomo split-small | branch={656} | size=4 | parse=0 | names=[免费节点10] 🇺🇸 US 655 → tg@nicevpn123,[免费节点10] 🇺🇸 US 656 → tg@nicevpn123,[免费节点10] 🇺🇸 US 657 → tg@nicevpn123...+1 | err=-
[WARN] batch start failed | size=4 {656} | split=1 {1158} + 1 {1159} + 1 {1160} + 1 {1161}
[TEST] {659} tested=5/5 | kept=0 | rest=0
[DEBUG] mihomo split-small | branch={659} | size=5 | parse=0 | names=[免费节点10] 🇺🇸 US 65 → tg@nicevpn123,[免费节点10] 🇺🇸 US 650 → tg@nicevpn123,[免费节点10] 🇺🇸 US 651 → tg@nicevpn123...+2 | err=-
[WARN] batch start failed | size=5 {659} | split=1 {1162} + 1 {1163} + 1 {1164} + 1 {1165} + 1 {1166}
[TEST] {660} tested=1/1 | kept=0 | rest=0
[DEBUG] mihomo isolate | branch={660} | size=1 | parse=0 | names=[免费节点10] 🇺🇸 US 634 → tg@nicevpn123 | err=-
[DEBUG] mihomo drop | branch={660} | size=1 | parse=0 | names=[免费节点10] 🇺🇸 US 634 → tg@nicevpn123 | err=-
[DROP] name=[免费节点10] 🇺🇸 US 634 → tg@nicevpn123 {660} | server=104.16.39.184:2082 | reason=mihomo start failed
[TEST] {288} tested=4/4 | kept=0 | rest=0
[DEBUG] mihomo split-small | branch={288} | size=4 | parse=0 | names=[ChromeGO-ShiteThings] www.visa.cn,[ChromeGO-ShiteThings] zoneabc.net,[ChromeGO-ShiteThings] youxuan.cf.090227...+1 | err=-
[WARN] batch start failed | size=4 {288} | split=1 {1167} + 1 {1168} + 1 {1169} + 1 {1170}
[TEST] {662} tested=1/1 | kept=0 | rest=0
[DEBUG] mihomo isolate | branch={662} | size=1 | parse=0 | names=[免费节点10] 🇺🇸 US 637 → tg@nicevpn123 | err=-
[DEBUG] mihomo drop | branch={662} | size=1 | parse=0 | names=[免费节点10] 🇺🇸 US 637 → tg@nicevpn123 | err=-
[DROP] name=[免费节点10] 🇺🇸 US 637 → tg@nicevpn123 {662} | server=104.19.45.86:2082 | reason=mihomo start failed
[TEST] {654} tested=4/4 | kept=0 | rest=0
[DEBUG] mihomo split-small | branch={654} | size=4 | parse=0 | names=[免费节点10] 🇺🇸 US 67 → tg@nicevpn123,[免费节点10] 🇺🇸 US 670 → tg@nicevpn123,[免费节点10] 🇺🇸 US 671 → tg@nicevpn123...+1 | err=-
[WARN] batch start failed | size=4 {654} | split=1 {1171} + 1 {1172} + 1 {1173} + 1 {1174}
[TEST] {664} tested=1/1 | kept=0 | rest=0
[DEBUG] mihomo isolate | branch={664} | size=1 | parse=0 | names=[免费节点10] 🇺🇸 US 639 → tg@nicevpn123 | err=-
[DEBUG] mihomo drop | branch={664} | size=1 | parse=0 | names=[免费节点10] 🇺🇸 US 639 → tg@nicevpn123 | err=-
[DROP] name=[免费节点10] 🇺🇸 US 639 → tg@nicevpn123 {664} | server=104.21.225.193:80 | reason=mihomo start failed
[TEST] {666} tested=1/1 | kept=0 | rest=0
[DEBUG] mihomo isolate | branch={666} | size=1 | parse=0 | names=[免费节点10] 🇺🇸 US 642 → tg@nicevpn123 | err=-
[DEBUG] mihomo drop | branch={666} | size=1 | parse=0 | names=[免费节点10] 🇺🇸 US 642 → tg@nicevpn123 | err=-
[DROP] name=[免费节点10] 🇺🇸 US 642 → tg@nicevpn123 {666} | server=99.84.50.218:443 | reason=mihomo start failed
[TEST] {665} tested=1/1 | kept=0 | rest=0
[DEBUG] mihomo isolate | branch={665} | size=1 | parse=0 | names=[免费节点10] 🇺🇸 US 640 → tg@nicevpn123 | err=-
[DEBUG] mihomo drop | branch={665} | size=1 | parse=0 | names=[免费节点10] 🇺🇸 US 640 → tg@nicevpn123 | err=-
[DROP] name=[免费节点10] 🇺🇸 US 640 → tg@nicevpn123 {665} | server=104.19.171.9:443 | reason=mihomo start failed
[TEST] {667} tested=1/1 | kept=0 | rest=0
[DEBUG] mihomo isolate | branch={667} | size=1 | parse=0 | names=[免费节点10] 🇺🇸 US 644 → tg@nicevpn123 | err=-
[DEBUG] mihomo drop | branch={667} | size=1 | parse=0 | names=[免费节点10] 🇺🇸 US 644 → tg@nicevpn123 | err=-
[DROP] name=[免费节点10] 🇺🇸 US 644 → tg@nicevpn123 {667} | server=172.67.158.153:443 | reason=mihomo start failed
[TEST] {668} tested=1/1 | kept=0 | rest=0
[DEBUG] mihomo isolate | branch={668} | size=1 | parse=0 | names=[ChromeGO-ShiteThings] store.ubi.com | err=-
[DEBUG] mihomo drop | branch={668} | size=1 | parse=0 | names=[ChromeGO-ShiteThings] store.ubi.com | err=-
[DROP] name=[ChromeGO-ShiteThings] store.ubi.com {668} | server=store.ubi.com:443 | reason=mihomo start failed
[TEST] {657} tested=5/5 | kept=0 | rest=0
[DEBUG] mihomo split-small | branch={657} | size=5 | parse=0 | names=[免费节点10] 🇺🇸 US 66 → tg@nicevpn123,[免费节点10] 🇺🇸 US 662 → tg@nicevpn123,[免费节点10] 🇺🇸 US 665 → tg@nicevpn123...+2 | err=-
[WARN] batch start failed | size=5 {657} | split=1 {1175} + 1 {1176} + 1 {1177} + 1 {1178} + 1 {1179}
[TEST] {661} tested=1/1 | kept=0 | rest=0
[DEBUG] mihomo isolate | branch={661} | size=1 | parse=0 | names=[免费节点10] 🇺🇸 US 636 → tg@nicevpn123 | err=-
[DEBUG] mihomo drop | branch={661} | size=1 | parse=0 | names=[免费节点10] 🇺🇸 US 636 → tg@nicevpn123 | err=-
[DROP] name=[免费节点10] 🇺🇸 US 636 → tg@nicevpn123 {661} | server=ip0axv1bbsu02k7-kr.1ytnode.com:56361 | reason=mihomo start failed
[DEBUG] mihomo start-fail | branch={671} | size=1 | parse=1 | rc=1 | names=[ChromeGO-ShiteThings] hysteria | err=rc=1 Mihomo exited before controller became ready time="2026-09-28T15:44:56.154551158Z" level=info msg="Start initial configuration in progress" time="2026-09-28T15:44:56.154647137Z" level=fatal msg="Parse config error: proxy 0: '' has u...
[DEBUG] mihomo isolate | branch={671} | size=1 | parse=1 | names=[ChromeGO-ShiteThings] hysteria | err=Mihomo exited before controller became ready time="2026-09-28T15:44:56.154551158Z" level=info msg="Start initial configuration in progress" time="2026-09-28T15:44:56.154647137Z" level=fatal msg="Parse config error: proxy 0: '' has unset ...
[REPAIR] name=[ChromeGO-ShiteThings] hysteria {671} | fields=up,down
[TEST] {670} tested=1/1 | kept=0 | rest=0
[DEBUG] mihomo isolate | branch={670} | size=1 | parse=0 | names=[ChromeGO-ShiteThings] cloudflare-dl.byo | err=-
[DEBUG] mihomo drop | branch={670} | size=1 | parse=0 | names=[ChromeGO-ShiteThings] cloudflare-dl.byo | err=-
[DROP] name=[ChromeGO-ShiteThings] cloudflare-dl.byoip.top {670} | server=cloudflare-dl.byoip.top:443 | reason=mihomo start failed
[DEBUG] mihomo start-fail | branch={672} | size=1 | parse=1 | rc=1 | names=[ChromeGO-ShiteThings] hysteria-2 | err=rc=1 Mihomo exited before controller became ready time="2026-09-28T15:44:56.278502960Z" level=info msg="Start initial configuration in progress" time="2026-09-28T15:44:56.278625288Z" level=fatal msg="Parse config error: proxy 0: '' has u...
[DEBUG] mihomo isolate | branch={672} | size=1 | parse=1 | names=[ChromeGO-ShiteThings] hysteria-2 | err=Mihomo exited before controller became ready time="2026-09-28T15:44:56.278502960Z" level=info msg="Start initial configuration in progress" time="2026-09-28T15:44:56.278625288Z" level=fatal msg="Parse config error: proxy 0: '' has unset ...
[REPAIR] name=[ChromeGO-ShiteThings] hysteria-2 {672} | fields=up,down
[TEST] {674} tested=5/5 | kept=0 | rest=0
[DEBUG] mihomo split-small | branch={674} | size=5 | parse=0 | names=[免费节点10] 🇺🇸 US 787 → tg@nicevpn123,[免费节点10] 🇺🇸 US 788 → tg@nicevpn123,[免费节点10] 🇺🇸 US 79 → tg@nicevpn123...+2 | err=-
[WARN] batch start failed | size=5 {674} | split=1 {1180} + 1 {1181} + 1 {1182} + 1 {1183} + 1 {1184}
[TEST] {663} tested=1/1 | kept=0 | rest=0
[DEBUG] mihomo isolate | branch={663} | size=1 | parse=0 | names=[免费节点10] 🇺🇸 US 638 → tg@nicevpn123 | err=-
[DEBUG] mihomo drop | branch={663} | size=1 | parse=0 | names=[免费节点10] 🇺🇸 US 638 → tg@nicevpn123 | err=-
[DROP] name=[免费节点10] 🇺🇸 US 638 → tg@nicevpn123 {663} | server=38.121.43.248:8882 | reason=mihomo start failed
[TEST] {671} tested=1/1 | kept=0 | rest=0
[TEST] {672} tested=1/1 | kept=0 | rest=0
[TEST] {669} tested=1/1 | kept=0 | rest=0
[DEBUG] mihomo isolate | branch={669} | size=1 | parse=0 | names=[ChromeGO-ShiteThings] cf.tencentapp.cn | err=-
[DEBUG] mihomo drop | branch={669} | size=1 | parse=0 | names=[ChromeGO-ShiteThings] cf.tencentapp.cn | err=-
[DROP] name=[ChromeGO-ShiteThings] cf.tencentapp.cn {669} | server=cf.tencentapp.cn:443 | reason=mihomo start failed
[TEST] {677} tested=1/1 | kept=0 | rest=0
[DEBUG] mihomo isolate | branch={677} | size=1 | parse=0 | names=[免费节点10] 🇺🇸 US 645 → tg@nicevpn123 | err=-
[DEBUG] mihomo drop | branch={677} | size=1 | parse=0 | names=[免费节点10] 🇺🇸 US 645 → tg@nicevpn123 | err=-
[DROP] name=[免费节点10] 🇺🇸 US 645 → tg@nicevpn123 {677} | server=104.19.45.50:2095 | reason=mihomo start failed
[TEST] {678} tested=1/1 | kept=0 | rest=0
[DEBUG] mihomo isolate | branch={678} | size=1 | parse=0 | names=[免费节点10] 🇺🇸 US 646 → tg@nicevpn123 | err=-
[DEBUG] mihomo drop | branch={678} | size=1 | parse=0 | names=[免费节点10] 🇺🇸 US 646 → tg@nicevpn123 | err=-
[DROP] name=[免费节点10] 🇺🇸 US 646 → tg@nicevpn123 {678} | server=172.245.180.193:16899 | reason=mihomo start failed
[TEST] {673} tested=4/4 | kept=0 | rest=0
[DEBUG] mihomo split-small | branch={673} | size=4 | parse=0 | names=[免费节点10] 🇺🇸 US 783 → tg@nicevpn123,[免费节点10] 🇺🇸 US 784 → tg@nicevpn123,[免费节点10] 🇺🇸 US 785 → tg@nicevpn123...+1 | err=-
[WARN] batch start failed | size=4 {673} | split=1 {1185} + 1 {1186} + 1 {1187} + 1 {1188}
[TEST] {680} tested=1/1 | kept=0 | rest=0
[DEBUG] mihomo isolate | branch={680} | size=1 | parse=0 | names=[免费节点10] 🇺🇸 US 648 → tg@nicevpn123 | err=-
[DEBUG] mihomo drop | branch={680} | size=1 | parse=0 | names=[免费节点10] 🇺🇸 US 648 → tg@nicevpn123 | err=-
[DROP] name=[免费节点10] 🇺🇸 US 648 → tg@nicevpn123 {680} | server=104.19.45.99:2095 | reason=mihomo start failed
[TEST] {676} tested=5/5 | kept=0 | rest=0
[DEBUG] mihomo split-small | branch={676} | size=5 | parse=0 | names=[免费节点10] 🇺🇸 US 799 → tg@nicevpn123,[免费节点10] 🇺🇸 US 8 → tg@nicevpn123,[免费节点10] 🇺🇸 US 80 → tg@nicevpn123...+2 | err=-
[WARN] batch start failed | size=5 {676} | split=1 {1189} + 1 {1190} + 1 {1191} + 1 {1192} + 1 {1193}
[DEBUG] mihomo start-fail | branch={681} | size=1 | parse=1 | rc=1 | names=[ChromeGO-ShiteThings] hysteria-3 | err=rc=1 Mihomo exited before controller became ready time="2026-09-28T15:45:01.628769204Z" level=info msg="Start initial configuration in progress" time="2026-09-28T15:45:01.628872927Z" level=fatal msg="Parse config error: proxy 0: '' has u...
[DEBUG] mihomo isolate | branch={681} | size=1 | parse=1 | names=[ChromeGO-ShiteThings] hysteria-3 | err=Mihomo exited before controller became ready time="2026-09-28T15:45:01.628769204Z" level=info msg="Start initial configuration in progress" time="2026-09-28T15:45:01.628872927Z" level=fatal msg="Parse config error: proxy 0: '' has unset ...
[REPAIR] name=[ChromeGO-ShiteThings] hysteria-3 {681} | fields=up,down
[DEBUG] mihomo start-fail | branch={682} | size=1 | parse=1 | rc=1 | names=[ChromeGO-ShiteThings] hysteria-4 | err=rc=1 Mihomo exited before controller became ready time="2026-09-28T15:45:01.743434545Z" level=info msg="Start initial configuration in progress" time="2026-09-28T15:45:01.743527008Z" level=fatal msg="Parse config error: proxy 0: '' has u...
[DEBUG] mihomo isolate | branch={682} | size=1 | parse=1 | names=[ChromeGO-ShiteThings] hysteria-4 | err=Mihomo exited before controller became ready time="2026-09-28T15:45:01.743434545Z" level=info msg="Start initial configuration in progress" time="2026-09-28T15:45:01.743527008Z" level=fatal msg="Parse config error: proxy 0: '' has unset ...
[REPAIR] name=[ChromeGO-ShiteThings] hysteria-4 {682} | fields=up,down
[DEBUG] mihomo start-fail | branch={683} | size=1 | parse=1 | rc=1 | names=[ChromeGO-ShiteThings] hysteria-5 | err=rc=1 Mihomo exited before controller became ready time="2026-09-28T15:45:01.753516589Z" level=info msg="Start initial configuration in progress" time="2026-09-28T15:45:01.753632225Z" level=fatal msg="Parse config error: proxy 0: '' has u...
[DEBUG] mihomo isolate | branch={683} | size=1 | parse=1 | names=[ChromeGO-ShiteThings] hysteria-5 | err=Mihomo exited before controller became ready time="2026-09-28T15:45:01.753516589Z" level=info msg="Start initial configuration in progress" time="2026-09-28T15:45:01.753632225Z" level=fatal msg="Parse config error: proxy 0: '' has unset ...
[REPAIR] name=[ChromeGO-ShiteThings] hysteria-5 {683} | fields=up,down
[TEST] {675} tested=4/4 | kept=0 | rest=0
[DEBUG] mihomo split-small | branch={675} | size=4 | parse=0 | names=[免费节点10] 🇺🇸 US 794 → tg@nicevpn123,[免费节点10] 🇺🇸 US 795 → tg@nicevpn123,[免费节点10] 🇺🇸 US 796 → tg@nicevpn123...+1 | err=-
[WARN] batch start failed | size=4 {675} | split=1 {1194} + 1 {1195} + 1 {1196} + 1 {1197}
[TEST] {681} tested=1/1 | kept=0 | rest=0
[TEST] {685} tested=4/4 | kept=0 | rest=0
[DEBUG] mihomo split-small | branch={685} | size=4 | parse=0 | names=[免费节点10] 🇺🇸 US 773 → tg@nicevpn123,[免费节点10] 🇺🇸 US 775 → tg@nicevpn123,[免费节点10] 🇺🇸 US 776 → tg@nicevpn123...+1 | err=-
[WARN] batch start failed | size=4 {685} | split=1 {1198} + 1 {1199} + 1 {1200} + 1 {1201}
[TEST] {682} tested=1/1 | kept=0 | rest=0
[DEBUG] mihomo start-fail | branch={687} | size=1 | parse=1 | rc=1 | names=[ChromeGO-Merge] United | err=rc=1 Mihomo exited before controller became ready time="2026-09-28T15:45:02.261151435Z" level=info msg="Start initial configuration in progress" time="2026-09-28T15:45:02.261262132Z" level=fatal msg="Parse config error: proxy 0: '' has u...
[DEBUG] mihomo isolate | branch={687} | size=1 | parse=1 | names=[ChromeGO-Merge] United | err=Mihomo exited before controller became ready time="2026-09-28T15:45:02.261151435Z" level=info msg="Start initial configuration in progress" time="2026-09-28T15:45:02.261262132Z" level=fatal msg="Parse config error: proxy 0: '' has unset ...
[REPAIR] name=[ChromeGO-Merge] United {687} | fields=up,down
[DEBUG] mihomo start-fail | branch={688} | size=1 | parse=1 | rc=1 | names=[ChromeGO-Merge] France_hysteria_1 | err=rc=1 Mihomo exited before controller became ready time="2026-09-28T15:45:02.385474248Z" level=info msg="Start initial configuration in progress" time="2026-09-28T15:45:02.385644606Z" level=fatal msg="Parse config error: proxy 0: '' has u...
[DEBUG] mihomo isolate | branch={688} | size=1 | parse=1 | names=[ChromeGO-Merge] France_hysteria_1 | err=Mihomo exited before controller became ready time="2026-09-28T15:45:02.385474248Z" level=info msg="Start initial configuration in progress" time="2026-09-28T15:45:02.385644606Z" level=fatal msg="Parse config error: proxy 0: '' has unset ...
[REPAIR] name=[ChromeGO-Merge] France_hysteria_1 {688} | fields=up,down
[DEBUG] mihomo start-fail | branch={689} | size=1 | parse=1 | rc=1 | names=[ChromeGO-Merge] United-2 | err=rc=1 Mihomo exited before controller became ready time="2026-09-28T15:45:02.514189881Z" level=info msg="Start initial configuration in progress" time="2026-09-28T15:45:02.514308042Z" level=fatal msg="Parse config error: proxy 0: '' has u...
[DEBUG] mihomo isolate | branch={689} | size=1 | parse=1 | names=[ChromeGO-Merge] United-2 | err=Mihomo exited before controller became ready time="2026-09-28T15:45:02.514189881Z" level=info msg="Start initial configuration in progress" time="2026-09-28T15:45:02.514308042Z" level=fatal msg="Parse config error: proxy 0: '' has unset ...
[REPAIR] name=[ChromeGO-Merge] United-2 {689} | fields=up,down
[TEST] {679} tested=1/1 | kept=0 | rest=0
[DEBUG] mihomo isolate | branch={679} | size=1 | parse=0 | names=[免费节点10] 🇺🇸 US 647 → tg@nicevpn123 | err=-
[DEBUG] mihomo drop | branch={679} | size=1 | parse=0 | names=[免费节点10] 🇺🇸 US 647 → tg@nicevpn123 | err=-
[DROP] name=[免费节点10] 🇺🇸 US 647 → tg@nicevpn123 {679} | server=66.42.84.121:443 | reason=mihomo start failed
[TEST] {691} tested=1/1 | kept=0 | rest=0
[DEBUG] mihomo isolate | branch={691} | size=1 | parse=0 | names=[ChromeGO-Merge] None_vless_2 | err=-
[DEBUG] mihomo drop | branch={691} | size=1 | parse=0 | names=[ChromeGO-Merge] None_vless_2 | err=-
[DROP] name=[ChromeGO-Merge] None_vless_2 {691} | server=yh9.dtku41.xyz:443 | reason=mihomo start failed
[TEST] {692} tested=1/1 | kept=0 | rest=0
[DEBUG] mihomo isolate | branch={692} | size=1 | parse=0 | names=[免费节点10] 🇺🇸 US 759 → tg@nicevpn123 | err=-
[DEBUG] mihomo drop | branch={692} | size=1 | parse=0 | names=[免费节点10] 🇺🇸 US 759 → tg@nicevpn123 | err=-
[DROP] name=[免费节点10] 🇺🇸 US 759 → tg@nicevpn123 {692} | server=104.21.232.61:80 | reason=mihomo start failed
[TEST] {693} tested=1/1 | kept=0 | rest=0
[DEBUG] mihomo isolate | branch={693} | size=1 | parse=0 | names=[免费节点10] 🇺🇸 US 760 → tg@nicevpn123 | err=-
[DEBUG] mihomo drop | branch={693} | size=1 | parse=0 | names=[免费节点10] 🇺🇸 US 760 → tg@nicevpn123 | err=-
[DROP] name=[免费节点10] 🇺🇸 US 760 → tg@nicevpn123 {693} | server=104.16.40.64:2082 | reason=mihomo start failed
[TEST] {690} tested=1/1 | kept=0 | rest=0
[DEBUG] mihomo isolate | branch={690} | size=1 | parse=0 | names=[ChromeGO-Merge] United-3 | err=-
[DEBUG] mihomo drop | branch={690} | size=1 | parse=0 | names=[ChromeGO-Merge] United-3 | err=-
[DROP] name=[ChromeGO-Merge] United-3 {690} | server=yh6.dtku41.xyz:443 | reason=mihomo start failed
[TEST] {694} tested=1/1 | kept=0 | rest=0
[DEBUG] mihomo isolate | branch={694} | size=1 | parse=0 | names=[免费节点10] 🇺🇸 US 761 → tg@nicevpn123 | err=-
[DEBUG] mihomo drop | branch={694} | size=1 | parse=0 | names=[免费节点10] 🇺🇸 US 761 → tg@nicevpn123 | err=-
[DROP] name=[免费节点10] 🇺🇸 US 761 → tg@nicevpn123 {694} | server=104.19.49.15:443 | reason=mihomo start failed
[TEST] {695} tested=1/1 | kept=0 | rest=0
[DEBUG] mihomo isolate | branch={695} | size=1 | parse=0 | names=[免费节点10] 🇺🇸 US 766 → tg@nicevpn123 | err=-
[DEBUG] mihomo drop | branch={695} | size=1 | parse=0 | names=[免费节点10] 🇺🇸 US 766 → tg@nicevpn123 | err=-
[DROP] name=[免费节点10] 🇺🇸 US 766 → tg@nicevpn123 {695} | server=104.26.9.202:443 | reason=mihomo start failed
[TEST] {696} tested=1/1 | kept=0 | rest=0
[DEBUG] mihomo isolate | branch={696} | size=1 | parse=0 | names=[免费节点10] 🇺🇸 US 767 → tg@nicevpn123 | err=-
[DEBUG] mihomo drop | branch={696} | size=1 | parse=0 | names=[免费节点10] 🇺🇸 US 767 → tg@nicevpn123 | err=-
[DROP] name=[免费节点10] 🇺🇸 US 767 → tg@nicevpn123 {696} | server=104.20.19.18:2087 | reason=mihomo start failed
[TEST] {699} tested=1/1 | kept=0 | rest=0
[DEBUG] mihomo isolate | branch={699} | size=1 | parse=0 | names=[免费节点10] 🇺🇸 US 772 → tg@nicevpn123 | err=-
[DEBUG] mihomo drop | branch={699} | size=1 | parse=0 | names=[免费节点10] 🇺🇸 US 772 → tg@nicevpn123 | err=-
[DROP] name=[免费节点10] 🇺🇸 US 772 → tg@nicevpn123 {699} | server=104.21.225.176:80 | reason=mihomo start failed
[TEST] {697} tested=1/1 | kept=0 | rest=0
[DEBUG] mihomo isolate | branch={697} | size=1 | parse=0 | names=[免费节点10] 🇺🇸 US 768 → tg@nicevpn123 | err=-
[DEBUG] mihomo drop | branch={697} | size=1 | parse=0 | names=[免费节点10] 🇺🇸 US 768 → tg@nicevpn123 | err=-
[DROP] name=[免费节点10] 🇺🇸 US 768 → tg@nicevpn123 {697} | server=45.79.9.98:443 | reason=mihomo start failed
[TEST] {700} tested=1/1 | kept=0 | rest=0
[DEBUG] mihomo isolate | branch={700} | size=1 | parse=0 | names=[ChromeGO-Merge] United States_vless_21 | err=-
[DEBUG] mihomo drop | branch={700} | size=1 | parse=0 | names=[ChromeGO-Merge] United States_vless_21 | err=-
[DROP] name=[ChromeGO-Merge] United States_vless_21 {700} | server=109.104.152.101:13982 | reason=mihomo start failed
[TEST] {684} tested=1/1 | kept=0 | rest=0
[DEBUG] mihomo isolate | branch={684} | size=1 | parse=0 | names=[ChromeGO-Merge] United States_hysteria2 | err=-
[DEBUG] mihomo drop | branch={684} | size=1 | parse=0 | names=[ChromeGO-Merge] United States_hysteria2 | err=-
[DROP] name=[ChromeGO-Merge] United States_hysteria2_01 {684} | server=74.63.233.74:33445 | reason=mihomo start failed
[TEST] {683} tested=1/1 | kept=0 | rest=0
[TEST] {686} tested=5/5 | kept=0 | rest=0
[DEBUG] mihomo split-small | branch={686} | size=5 | parse=0 | names=[免费节点10] 🇺🇸 US 778 → tg@nicevpn123,[免费节点10] 🇺🇸 US 779 → tg@nicevpn123,[免费节点10] 🇺🇸 US 78 → tg@nicevpn123...+2 | err=-
[WARN] batch start failed | size=5 {686} | split=1 {1202} + 1 {1203} + 1 {1204} + 1 {1205} + 1 {1206}
[TEST] {687} tested=1/1 | kept=0 | rest=0
[TEST] {688} tested=1/1 | kept=0 | rest=0
[TEST] {689} tested=1/1 | kept=0 | rest=0
[TEST] {698} tested=1/1 | kept=0 | rest=0
[DEBUG] mihomo isolate | branch={698} | size=1 | parse=0 | names=[免费节点10] 🇺🇸 US 769 → tg@nicevpn123 | err=-
[DEBUG] mihomo drop | branch={698} | size=1 | parse=0 | names=[免费节点10] 🇺🇸 US 769 → tg@nicevpn123 | err=-
[DROP] name=[免费节点10] 🇺🇸 US 769 → tg@nicevpn123 {698} | server=38.121.43.71:5001 | reason=mihomo start failed
[TEST] {701} tested=1/1 | kept=0 | rest=0
[DEBUG] mihomo isolate | branch={701} | size=1 | parse=0 | names=[ChromeGO-Merge] United States_ss_61 | err=-
[DEBUG] mihomo drop | branch={701} | size=1 | parse=0 | names=[ChromeGO-Merge] United States_ss_61 | err=-
[DROP] name=[ChromeGO-Merge] United States_ss_61 {701} | server=109.104.152.186:11223 | reason=mihomo start failed
[TEST] {703} tested=1/1 | kept=0 | rest=0
[DEBUG] mihomo isolate | branch={703} | size=1 | parse=0 | names=[ChromeGO-Merge] United States_shadowtls | err=-
[DEBUG] mihomo drop | branch={703} | size=1 | parse=0 | names=[ChromeGO-Merge] United States_shadowtls | err=-
[DROP] name=[ChromeGO-Merge] United States_shadowtls_1 {703} | server=109.104.152.186:443 | reason=mihomo start failed
[TEST] {702} tested=1/1 | kept=0 | rest=0
[DEBUG] mihomo isolate | branch={702} | size=1 | parse=0 | names=[ChromeGO-Merge] United States_hysteria2 | err=-
[DEBUG] mihomo drop | branch={702} | size=1 | parse=0 | names=[ChromeGO-Merge] United States_hysteria2 | err=-
[DROP] name=[ChromeGO-Merge] United States_hysteria2_71 {702} | server=109.104.152.89:22441 | reason=mihomo start failed
[TEST] {704} tested=1/1 | kept=0 | rest=0
[DEBUG] mihomo isolate | branch={704} | size=1 | parse=0 | names=[ChromeGO-Merge] United States_hy_0 | err=-
[DEBUG] mihomo drop | branch={704} | size=1 | parse=0 | names=[ChromeGO-Merge] United States_hy_0 | err=-
[DROP] name=[ChromeGO-Merge] United States_hy_0 {704} | server=108.181.5.133:26022 | reason=mihomo start failed
[TEST] {705} tested=1/1 | kept=0 | rest=0
[DEBUG] mihomo isolate | branch={705} | size=1 | parse=0 | names=[ChromeGO-Merge] France_hy_1 | err=-
[DEBUG] mihomo drop | branch={705} | size=1 | parse=0 | names=[ChromeGO-Merge] France_hy_1 | err=-
[DROP] name=[ChromeGO-Merge] France_hy_1 {705} | server=62.210.243.131:18702 | reason=mihomo start failed
[TEST] {707} tested=1/1 | kept=0 | rest=0
[DEBUG] mihomo isolate | branch={707} | size=1 | parse=0 | names=[ChromeGO-Merge] United States_hy2_0 | err=-
[DEBUG] mihomo drop | branch={707} | size=1 | parse=0 | names=[ChromeGO-Merge] United States_hy2_0 | err=-
[DROP] name=[ChromeGO-Merge] United States_hy2_0 {707} | server=104.192.224.141:40391 | reason=mihomo start failed
[TEST] {706} tested=1/1 | kept=0 | rest=0
[DEBUG] mihomo isolate | branch={706} | size=1 | parse=0 | names=[ChromeGO-Merge] United States_hy_3 | err=-
[DEBUG] mihomo drop | branch={706} | size=1 | parse=0 | names=[ChromeGO-Merge] United States_hy_3 | err=-
[DROP] name=[ChromeGO-Merge] United States_hy_3 {706} | server=109.104.152.194:58510 | reason=mihomo start failed
[TEST] {711} tested=1/1 | kept=0 | rest=0
[DEBUG] mihomo isolate | branch={711} | size=1 | parse=0 | names=[免费节点10] 🇺🇸 US 805 → tg@nicevpn123 | err=-
[DEBUG] mihomo drop | branch={711} | size=1 | parse=0 | names=[免费节点10] 🇺🇸 US 805 → tg@nicevpn123 | err=-
[DROP] name=[免费节点10] 🇺🇸 US 805 → tg@nicevpn123 {711} | server=104.16.39.239:2082 | reason=mihomo start failed
[TEST] {708} tested=1/1 | kept=0 | rest=0
[DEBUG] mihomo isolate | branch={708} | size=1 | parse=0 | names=[ChromeGO-Merge] United States_hy2_1 | err=-
[DEBUG] mihomo drop | branch={708} | size=1 | parse=0 | names=[ChromeGO-Merge] United States_hy2_1 | err=-
[DROP] name=[ChromeGO-Merge] United States_hy2_1 {708} | server=104.192.224.140:40391 | reason=mihomo start failed
[TEST] {709} tested=1/1 | kept=0 | rest=0
[DEBUG] mihomo isolate | branch={709} | size=1 | parse=0 | names=[免费节点10] 🇺🇸 US 803 → tg@nicevpn123 | err=-
[DEBUG] mihomo drop | branch={709} | size=1 | parse=0 | names=[免费节点10] 🇺🇸 US 803 → tg@nicevpn123 | err=-
[DROP] name=[免费节点10] 🇺🇸 US 803 → tg@nicevpn123 {709} | server=165.227.65.158:8881 | reason=mihomo start failed
[TEST] {712} tested=1/1 | kept=0 | rest=0
[DEBUG] mihomo isolate | branch={712} | size=1 | parse=0 | names=[免费节点10] 🇺🇸 US 806 → tg@nicevpn123 | err=-
[DEBUG] mihomo drop | branch={712} | size=1 | parse=0 | names=[免费节点10] 🇺🇸 US 806 → tg@nicevpn123 | err=-
[DROP] name=[免费节点10] 🇺🇸 US 806 → tg@nicevpn123 {712} | server=kr01.iepl1.me:8880 | reason=mihomo start failed
[TEST] {714} tested=1/1 | kept=0 | rest=0
[DEBUG] mihomo isolate | branch={714} | size=1 | parse=0 | names=[免费节点10] 🇺🇸 US 809 → tg@nicevpn123 | err=-
[DEBUG] mihomo drop | branch={714} | size=1 | parse=0 | names=[免费节点10] 🇺🇸 US 809 → tg@nicevpn123 | err=-
[DROP] name=[免费节点10] 🇺🇸 US 809 → tg@nicevpn123 {714} | server=speed.cloudflare.com:8880 | reason=mihomo start failed
[TEST] {715} tested=1/1 | kept=0 | rest=0
[DEBUG] mihomo isolate | branch={715} | size=1 | parse=0 | names=[免费节点10] 🇺🇸 US 81 → tg@nicevpn123 | err=-
[DEBUG] mihomo drop | branch={715} | size=1 | parse=0 | names=[免费节点10] 🇺🇸 US 81 → tg@nicevpn123 | err=-
[DROP] name=[免费节点10] 🇺🇸 US 81 → tg@nicevpn123 {715} | server=104.19.48.233:2082 | reason=mihomo start failed
[TEST] {716} tested=1/1 | kept=0 | rest=0
[DEBUG] mihomo isolate | branch={716} | size=1 | parse=0 | names=[免费节点10] 🇺🇸 US 811 → tg@nicevpn123 | err=-
[DEBUG] mihomo drop | branch={716} | size=1 | parse=0 | names=[免费节点10] 🇺🇸 US 811 → tg@nicevpn123 | err=-
[DROP] name=[免费节点10] 🇺🇸 US 811 → tg@nicevpn123 {716} | server=104.19.42.174:2082 | reason=mihomo start failed
[TEST] {713} tested=1/1 | kept=0 | rest=0
[DEBUG] mihomo isolate | branch={713} | size=1 | parse=0 | names=[免费节点10] 🇺🇸 US 808 → tg@nicevpn123 | err=-
[DEBUG] mihomo drop | branch={713} | size=1 | parse=0 | names=[免费节点10] 🇺🇸 US 808 → tg@nicevpn123 | err=-
[DROP] name=[免费节点10] 🇺🇸 US 808 → tg@nicevpn123 {713} | server=149.28.226.202:37985 | reason=mihomo start failed
[TEST] {710} tested=1/1 | kept=0 | rest=0
[DEBUG] mihomo isolate | branch={710} | size=1 | parse=0 | names=[免费节点10] 🇺🇸 US 804 → tg@nicevpn123 | err=-
[DEBUG] mihomo drop | branch={710} | size=1 | parse=0 | names=[免费节点10] 🇺🇸 US 804 → tg@nicevpn123 | err=-
[DROP] name=[免费节点10] 🇺🇸 US 804 → tg@nicevpn123 {710} | server=45.63.110.20:443 | reason=mihomo start failed
[TEST] {720} tested=5/5 | kept=0 | rest=0
[DEBUG] mihomo split-small | branch={720} | size=5 | parse=0 | names=[免费节点10] 🇺🇸 US 828 → tg@nicevpn123,[免费节点10] 🇺🇸 US 829 → tg@nicevpn123,[免费节点10] 🇺🇸 US 831 → tg@nicevpn123...+2 | err=-
[WARN] batch start failed | size=5 {720} | split=1 {1207} + 1 {1208} + 1 {1209} + 1 {1210} + 1 {1211}
[TEST] {722} tested=5/5 | kept=0 | rest=0
[DEBUG] mihomo split-small | branch={722} | size=5 | parse=0 | names=[免费节点10] 🇺🇸 US 840 → tg@nicevpn123,[免费节点10] 🇺🇸 US 841 → tg@nicevpn123,[免费节点10] 🇺🇸 US 843 → tg@nicevpn123...+2 | err=-
[WARN] batch start failed | size=5 {722} | split=1 {1212} + 1 {1213} + 1 {1214} + 1 {1215} + 1 {1216}
[TEST] {717} tested=4/4 | kept=0 | rest=0
[DEBUG] mihomo split-small | branch={717} | size=4 | parse=0 | names=[免费节点10] 🇺🇸 US 812 → tg@nicevpn123,[免费节点10] 🇺🇸 US 813 → tg@nicevpn123,[免费节点10] 🇺🇸 US 814 → tg@nicevpn123...+1 | err=-
[WARN] batch start failed | size=4 {717} | split=1 {1217} + 1 {1218} + 1 {1219} + 1 {1220}
[TEST] {718} tested=5/5 | kept=0 | rest=0
[DEBUG] mihomo split-small | branch={718} | size=5 | parse=0 | names=[免费节点10] 🇺🇸 US 816 → tg@nicevpn123,[免费节点10] 🇺🇸 US 817 → tg@nicevpn123,[免费节点10] 🇺🇸 US 818 → tg@nicevpn123...+2 | err=-
[WARN] batch start failed | size=5 {718} | split=1 {1221} + 1 {1222} + 1 {1223} + 1 {1224} + 1 {1225}
[TEST] {724} tested=1/1 | kept=0 | rest=0
[DEBUG] mihomo isolate | branch={724} | size=1 | parse=0 | names=[免费节点10] 🇺🇸 US 681 → tg@nicevpn123 | err=-
[DEBUG] mihomo drop | branch={724} | size=1 | parse=0 | names=[免费节点10] 🇺🇸 US 681 → tg@nicevpn123 | err=-
[DROP] name=[免费节点10] 🇺🇸 US 681 → tg@nicevpn123 {724} | server=104.21.225.243:80 | reason=mihomo start failed
[TEST] {723} tested=1/1 | kept=0 | rest=0
[DEBUG] mihomo isolate | branch={723} | size=1 | parse=0 | names=[免费节点10] 🇺🇸 US 678 → tg@nicevpn123 | err=-
[DEBUG] mihomo drop | branch={723} | size=1 | parse=0 | names=[免费节点10] 🇺🇸 US 678 → tg@nicevpn123 | err=-
[DROP] name=[免费节点10] 🇺🇸 US 678 → tg@nicevpn123 {723} | server=167.88.61.235:443 | reason=mihomo start failed
[TEST] {728} tested=1/1 | kept=0 | rest=0
[DEBUG] mihomo isolate | branch={728} | size=1 | parse=0 | names=[免费节点10] 🇺🇸 US 685 → tg@nicevpn123 | err=-
[DEBUG] mihomo drop | branch={728} | size=1 | parse=0 | names=[免费节点10] 🇺🇸 US 685 → tg@nicevpn123 | err=-
[DROP] name=[免费节点10] 🇺🇸 US 685 → tg@nicevpn123 {728} | server=fcdn.flha.ru:2095 | reason=mihomo start failed
[TEST] {727} tested=1/1 | kept=0 | rest=0
[DEBUG] mihomo isolate | branch={727} | size=1 | parse=0 | names=[免费节点10] 🇺🇸 US 684 → tg@nicevpn123 | err=-
[DEBUG] mihomo drop | branch={727} | size=1 | parse=0 | names=[免费节点10] 🇺🇸 US 684 → tg@nicevpn123 | err=-
[DROP] name=[免费节点10] 🇺🇸 US 684 → tg@nicevpn123 {727} | server=172.233.164.254:16899 | reason=mihomo start failed
[TEST] {719} tested=4/4 | kept=0 | rest=0
[DEBUG] mihomo split-small | branch={719} | size=4 | parse=0 | names=[免费节点10] 🇺🇸 US 824 → tg@nicevpn123,[免费节点10] 🇺🇸 US 825 → tg@nicevpn123,[免费节点10] 🇺🇸 US 826 → tg@nicevpn123...+1 | err=-
[WARN] batch start failed | size=4 {719} | split=1 {1226} + 1 {1227} + 1 {1228} + 1 {1229}
[TEST] {730} tested=1/1 | kept=0 | rest=0
[DEBUG] mihomo isolate | branch={730} | size=1 | parse=0 | names=[免费节点10] 🇺🇸 US 687 → tg@nicevpn123 | err=-
[DEBUG] mihomo drop | branch={730} | size=1 | parse=0 | names=[免费节点10] 🇺🇸 US 687 → tg@nicevpn123 | err=-
[DROP] name=[免费节点10] 🇺🇸 US 687 → tg@nicevpn123 {730} | server=104.21.80.53:2053 | reason=mihomo start failed
[TEST] {729} tested=1/1 | kept=0 | rest=0
[DEBUG] mihomo isolate | branch={729} | size=1 | parse=0 | names=[免费节点10] 🇺🇸 US 686 → tg@nicevpn123 | err=-
[DEBUG] mihomo drop | branch={729} | size=1 | parse=0 | names=[免费节点10] 🇺🇸 US 686 → tg@nicevpn123 | err=-
[DROP] name=[免费节点10] 🇺🇸 US 686 → tg@nicevpn123 {729} | server=hk.wish.ml:2052 | reason=mihomo start failed
[TEST] {721} tested=4/4 | kept=0 | rest=0
[DEBUG] mihomo split-small | branch={721} | size=4 | parse=0 | names=[免费节点10] 🇺🇸 US 835 → tg@nicevpn123,[免费节点10] 🇺🇸 US 836 → tg@nicevpn123,[免费节点10] 🇺🇸 US 837 → tg@nicevpn123...+1 | err=-
[WARN] batch start failed | size=4 {721} | split=1 {1230} + 1 {1231} + 1 {1232} + 1 {1233}
[TEST] {725} tested=1/1 | kept=0 | rest=0
[DEBUG] mihomo isolate | branch={725} | size=1 | parse=0 | names=[免费节点10] 🇺🇸 US 682 → tg@nicevpn123 | err=-
[DEBUG] mihomo drop | branch={725} | size=1 | parse=0 | names=[免费节点10] 🇺🇸 US 682 → tg@nicevpn123 | err=-
[DROP] name=[免费节点10] 🇺🇸 US 682 → tg@nicevpn123 {725} | server=38.75.137.42:8881 | reason=mihomo start failed
[TEST] {733} tested=1/1 | kept=0 | rest=0
[DEBUG] mihomo isolate | branch={733} | size=1 | parse=0 | names=[免费节点10] 🇺🇸 US 7 → tg@nicevpn123 | err=-
[DEBUG] mihomo drop | branch={733} | size=1 | parse=0 | names=[免费节点10] 🇺🇸 US 7 → tg@nicevpn123 | err=-
[DROP] name=[免费节点10] 🇺🇸 US 7 → tg@nicevpn123 {733} | server=9azvt-g05.jp05-6786-vm0.entry.fr0307a.art:46486 | reason=mihomo start failed
[TEST] {734} tested=1/1 | kept=0 | rest=0
[DEBUG] mihomo isolate | branch={734} | size=1 | parse=0 | names=[免费节点10] 🇺🇸 US 70 → tg@nicevpn123 | err=-
[DEBUG] mihomo drop | branch={734} | size=1 | parse=0 | names=[免费节点10] 🇺🇸 US 70 → tg@nicevpn123 | err=-
[DROP] name=[免费节点10] 🇺🇸 US 70 → tg@nicevpn123 {734} | server=104.19.45.133:2095 | reason=mihomo start failed
[TEST] {726} tested=1/1 | kept=0 | rest=0
[DEBUG] mihomo isolate | branch={726} | size=1 | parse=0 | names=[免费节点10] 🇺🇸 US 683 → tg@nicevpn123 | err=-
[DEBUG] mihomo drop | branch={726} | size=1 | parse=0 | names=[免费节点10] 🇺🇸 US 683 → tg@nicevpn123 | err=-
[DROP] name=[免费节点10] 🇺🇸 US 683 → tg@nicevpn123 {726} | server=ip0axv1bbsu02k7-hk.1ytnode.com:56315 | reason=mihomo start failed
[TEST] {736} tested=1/1 | kept=0 | rest=0
[DEBUG] mihomo isolate | branch={736} | size=1 | parse=0 | names=[免费节点10] 🇺🇸 US 701 → tg@nicevpn123 | err=-
[DEBUG] mihomo drop | branch={736} | size=1 | parse=0 | names=[免费节点10] 🇺🇸 US 701 → tg@nicevpn123 | err=-
[DROP] name=[免费节点10] 🇺🇸 US 701 → tg@nicevpn123 {736} | server=104.19.49.3:443 | reason=mihomo start failed
[TEST] {737} tested=1/1 | kept=0 | rest=0
[DEBUG] mihomo isolate | branch={737} | size=1 | parse=0 | names=[免费节点10] 🇺🇸 US 702 → tg@nicevpn123 | err=-
[DEBUG] mihomo drop | branch={737} | size=1 | parse=0 | names=[免费节点10] 🇺🇸 US 702 → tg@nicevpn123 | err=-
[DROP] name=[免费节点10] 🇺🇸 US 702 → tg@nicevpn123 {737} | server=104.16.60.8:2095 | reason=mihomo start failed
[TEST] {738} tested=1/1 | kept=0 | rest=0
[DEBUG] mihomo isolate | branch={738} | size=1 | parse=0 | names=[免费节点10] 🇺🇸 US 703 → tg@nicevpn123 | err=-
[DEBUG] mihomo drop | branch={738} | size=1 | parse=0 | names=[免费节点10] 🇺🇸 US 703 → tg@nicevpn123 | err=-
[DROP] name=[免费节点10] 🇺🇸 US 703 → tg@nicevpn123 {738} | server=104.19.45.136:2095 | reason=mihomo start failed
[TEST] {740} tested=1/1 | kept=0 | rest=0
[DEBUG] mihomo isolate | branch={740} | size=1 | parse=0 | names=[免费节点10] 🇺🇸 US 705 → tg@nicevpn123 | err=-
[DEBUG] mihomo drop | branch={740} | size=1 | parse=0 | names=[免费节点10] 🇺🇸 US 705 → tg@nicevpn123 | err=-
[DROP] name=[免费节点10] 🇺🇸 US 705 → tg@nicevpn123 {740} | server=38.110.1.105:9090 | reason=mihomo start failed
[TEST] {739} tested=1/1 | kept=0 | rest=0
[DEBUG] mihomo isolate | branch={739} | size=1 | parse=0 | names=[免费节点10] 🇺🇸 US 704 → tg@nicevpn123 | err=-
[DEBUG] mihomo drop | branch={739} | size=1 | parse=0 | names=[免费节点10] 🇺🇸 US 704 → tg@nicevpn123 | err=-
[DROP] name=[免费节点10] 🇺🇸 US 704 → tg@nicevpn123 {739} | server=104.19.45.25:2095 | reason=mihomo start failed
[TEST] {731} tested=4/4 | kept=0 | rest=0
[DEBUG] mihomo split-small | branch={731} | size=4 | parse=0 | names=[免费节点10] 🇺🇸 US 688 → tg@nicevpn123,[免费节点10] 🇺🇸 US 689 → tg@nicevpn123,[免费节点10] 🇺🇸 US 69 → tg@nicevpn123...+1 | err=-
[WARN] batch start failed | size=4 {731} | split=1 {1234} + 1 {1235} + 1 {1236} + 1 {1237}
[TEST] {732} tested=5/5 | kept=0 | rest=0
[DEBUG] mihomo split-small | branch={732} | size=5 | parse=0 | names=[免费节点10] 🇺🇸 US 692 → tg@nicevpn123,[免费节点10] 🇺🇸 US 694 → tg@nicevpn123,[免费节点10] 🇺🇸 US 695 → tg@nicevpn123...+2 | err=-
[WARN] batch start failed | size=5 {732} | split=1 {1238} + 1 {1239} + 1 {1240} + 1 {1241} + 1 {1242}
[TEST] {743} tested=4/4 | kept=0 | rest=0
[DEBUG] mihomo split-small | branch={743} | size=4 | parse=0 | names=[免费节点10] 🇺🇸 US 725 → tg@nicevpn123,[免费节点10] 🇺🇸 US 726 → tg@nicevpn123,[免费节点10] 🇺🇸 US 727 → tg@nicevpn123...+1 | err=-
[WARN] batch start failed | size=4 {743} | split=1 {1243} + 1 {1244} + 1 {1245} + 1 {1246}
[TEST] {744} tested=5/5 | kept=0 | rest=0
[DEBUG] mihomo split-small | branch={744} | size=5 | parse=0 | names=[免费节点10] 🇺🇸 US 730 → tg@nicevpn123,[免费节点10] 🇺🇸 US 733 → tg@nicevpn123,[免费节点10] 🇺🇸 US 735 → tg@nicevpn123...+2 | err=-
[WARN] batch start failed | size=5 {744} | split=1 {1247} + 1 {1248} + 1 {1249} + 1 {1250} + 1 {1251}
[TEST] {746} tested=1/1 | kept=0 | rest=0
[DEBUG] mihomo isolate | branch={746} | size=1 | parse=0 | names=[ChromeGO-Merge] None | err=-
[DEBUG] mihomo drop | branch={746} | size=1 | parse=0 | names=[ChromeGO-Merge] None | err=-
[DROP] name=[ChromeGO-Merge] None {746} | server=yh1.dtku41.xyz:443 | reason=mihomo start failed
[TEST] {735} tested=1/1 | kept=0 | rest=0
[DEBUG] mihomo isolate | branch={735} | size=1 | parse=0 | names=[免费节点10] 🇺🇸 US 700 → tg@nicevpn123 | err=-
[DEBUG] mihomo drop | branch={735} | size=1 | parse=0 | names=[免费节点10] 🇺🇸 US 700 → tg@nicevpn123 | err=-
[DROP] name=[免费节点10] 🇺🇸 US 700 → tg@nicevpn123 {735} | server=141.193.68.81:443 | reason=mihomo start failed
[TEST] {747} tested=1/1 | kept=0 | rest=0
[DEBUG] mihomo isolate | branch={747} | size=1 | parse=0 | names=[ChromeGO-Merge] None-2 | err=-
[DEBUG] mihomo drop | branch={747} | size=1 | parse=0 | names=[ChromeGO-Merge] None-2 | err=-
[DROP] name=[ChromeGO-Merge] None-2 {747} | server=fbi.gov:443 | reason=mihomo start failed
[TEST] {748} tested=1/1 | kept=0 | rest=0
[DEBUG] mihomo isolate | branch={748} | size=1 | parse=0 | names=[ChromeGO-Merge] Canada vmess 04 | err=-
[DEBUG] mihomo drop | branch={748} | size=1 | parse=0 | names=[ChromeGO-Merge] Canada vmess 04 | err=-
[DROP] name=[ChromeGO-Merge] Canada vmess 04 {748} | server=23.227.38.11:8080 | reason=mihomo start failed
[TEST] {741} tested=4/4 | kept=0 | rest=0
[DEBUG] mihomo split-small | branch={741} | size=4 | parse=0 | names=[免费节点10] 🇺🇸 US 706 → tg@nicevpn123,[免费节点10] 🇺🇸 US 707 → tg@nicevpn123,[免费节点10] 🇺🇸 US 709 → tg@nicevpn123...+1 | err=-
[WARN] batch start failed | size=4 {741} | split=1 {1252} + 1 {1253} + 1 {1254} + 1 {1255}
[TEST] {749} tested=1/1 | kept=0 | rest=0
[DEBUG] mihomo isolate | branch={749} | size=1 | parse=0 | names=[ChromeGO-Merge] None vmess 05 | err=-
[DEBUG] mihomo drop | branch={749} | size=1 | parse=0 | names=[ChromeGO-Merge] None vmess 05 | err=-
[DROP] name=[ChromeGO-Merge] None vmess 05 {749} | server=162.159.153.11:8080 | reason=mihomo start failed
[TEST] {742} tested=5/5 | kept=0 | rest=0
[DEBUG] mihomo split-small | branch={742} | size=5 | parse=0 | names=[免费节点10] 🇺🇸 US 711 → tg@nicevpn123,[免费节点10] 🇺🇸 US 712 → tg@nicevpn123,[免费节点10] 🇺🇸 US 713 → tg@nicevpn123...+2 | err=-
[WARN] batch start failed | size=5 {742} | split=1 {1256} + 1 {1257} + 1 {1258} + 1 {1259} + 1 {1260}
[TEST] {750} tested=1/1 | kept=0 | rest=0
[DEBUG] mihomo isolate | branch={750} | size=1 | parse=0 | names=[ChromeGO-Merge] None vmess 07 | err=-
[DEBUG] mihomo drop | branch={750} | size=1 | parse=0 | names=[ChromeGO-Merge] None vmess 07 | err=-
[DROP] name=[ChromeGO-Merge] None vmess 07 {750} | server=162.159.137.31:8080 | reason=mihomo start failed
[TEST] {745} tested=1/1 | kept=0 | rest=0
[DEBUG] mihomo isolate | branch={745} | size=1 | parse=0 | names=[ChromeGO-Merge] France-4 | err=-
[DEBUG] mihomo drop | branch={745} | size=1 | parse=0 | names=[ChromeGO-Merge] France-4 | err=-
[DROP] name=[ChromeGO-Merge] France-4 {745} | server=51.159.77.198:53967 | reason=mihomo start failed
[TEST] {756} tested=1/1 | kept=0 | rest=0
[DEBUG] mihomo isolate | branch={756} | size=1 | parse=0 | names=[免费节点10] 🇺🇸 US 718 → tg@nicevpn123 | err=-
[DEBUG] mihomo drop | branch={756} | size=1 | parse=0 | names=[免费节点10] 🇺🇸 US 718 → tg@nicevpn123 | err=-
[DROP] name=[免费节点10] 🇺🇸 US 718 → tg@nicevpn123 {756} | server=104.16.43.62:2082 | reason=mihomo start failed
[TEST] {758} tested=1/1 | kept=0 | rest=0
[DEBUG] mihomo isolate | branch={758} | size=1 | parse=0 | names=[免费节点10] 🇺🇸 US 72 → tg@nicevpn123 | err=-
[DEBUG] mihomo drop | branch={758} | size=1 | parse=0 | names=[免费节点10] 🇺🇸 US 72 → tg@nicevpn123 | err=-
[DROP] name=[免费节点10] 🇺🇸 US 72 → tg@nicevpn123 {758} | server=0i4ui-g03.jp03-7d22-vm0.entry.fr0307a.art:21583 | reason=mihomo start failed
[TEST] {755} tested=1/1 | kept=0 | rest=0
[DEBUG] mihomo isolate | branch={755} | size=1 | parse=0 | names=[免费节点10] 🇺🇸 US 717 → tg@nicevpn123 | err=-
[DEBUG] mihomo drop | branch={755} | size=1 | parse=0 | names=[免费节点10] 🇺🇸 US 717 → tg@nicevpn123 | err=-
[DROP] name=[免费节点10] 🇺🇸 US 717 → tg@nicevpn123 {755} | server=104.19.45.10:2095 | reason=mihomo start failed
[TEST] {754} tested=1/1 | kept=0 | rest=0
[DEBUG] mihomo isolate | branch={754} | size=1 | parse=0 | names=[免费节点10] 🇺🇸 US 716 → tg@nicevpn123 | err=-
[DEBUG] mihomo drop | branch={754} | size=1 | parse=0 | names=[免费节点10] 🇺🇸 US 716 → tg@nicevpn123 | err=-
[DROP] name=[免费节点10] 🇺🇸 US 716 → tg@nicevpn123 {754} | server=104.16.42.28:2082 | reason=mihomo start failed
[TEST] {759} tested=1/1 | kept=0 | rest=0
[DEBUG] mihomo isolate | branch={759} | size=1 | parse=0 | names=[免费节点10] 🇺🇸 US 720 → tg@nicevpn123 | err=-
[DEBUG] mihomo drop | branch={759} | size=1 | parse=0 | names=[免费节点10] 🇺🇸 US 720 → tg@nicevpn123 | err=-
[DROP] name=[免费节点10] 🇺🇸 US 720 → tg@nicevpn123 {759} | server=104.21.36.26:8443 | reason=mihomo start failed
[TEST] {751} tested=1/1 | kept=0 | rest=0
[DEBUG] mihomo isolate | branch={751} | size=1 | parse=0 | names=[ChromeGO-Merge] None vmess 010 | err=-
[DEBUG] mihomo drop | branch={751} | size=1 | parse=0 | names=[ChromeGO-Merge] None vmess 010 | err=-
[DROP] name=[ChromeGO-Merge] None vmess 010 {751} | server=yh1.dtku41.xyz:8080 | reason=mihomo start failed
[TEST] {752} tested=1/1 | kept=0 | rest=0
[DEBUG] mihomo isolate | branch={752} | size=1 | parse=0 | names=[ChromeGO-Merge] None vmess 011 | err=-
[DEBUG] mihomo drop | branch={752} | size=1 | parse=0 | names=[ChromeGO-Merge] None vmess 011 | err=-
[DROP] name=[ChromeGO-Merge] None vmess 011 {752} | server=yh1.dtku41.xyz:8080 | reason=mihomo start failed
[TEST] {753} tested=1/1 | kept=0 | rest=0
[DEBUG] mihomo isolate | branch={753} | size=1 | parse=0 | names=[ChromeGO-Merge] None vmess 012 | err=-
[DEBUG] mihomo drop | branch={753} | size=1 | parse=0 | names=[ChromeGO-Merge] None vmess 012 | err=-
[DROP] name=[ChromeGO-Merge] None vmess 012 {753} | server=yh1.dtku41.xyz:8080 | reason=mihomo start failed
[TEST] {761} tested=1/1 | kept=0 | rest=0
[DEBUG] mihomo isolate | branch={761} | size=1 | parse=0 | names=[免费节点10] 🇺🇸 US 723 → tg@nicevpn123 | err=-
[DEBUG] mihomo drop | branch={761} | size=1 | parse=0 | names=[免费节点10] 🇺🇸 US 723 → tg@nicevpn123 | err=-
[DROP] name=[免费节点10] 🇺🇸 US 723 → tg@nicevpn123 {761} | server=172.66.213.38:443 | reason=mihomo start failed
[TEST] {763} tested=5/5 | kept=0 | rest=0
[DEBUG] mihomo split-small | branch={763} | size=5 | parse=0 | names=[免费节点10] 🇺🇸 US 753 → tg@nicevpn123,[免费节点10] 🇺🇸 US 754 → tg@nicevpn123,[免费节点10] 🇺🇸 US 756 → tg@nicevpn123...+2 | err=-
[WARN] batch start failed | size=5 {763} | split=1 {1261} + 1 {1262} + 1 {1263} + 1 {1264} + 1 {1265}
[TEST] {757} tested=1/1 | kept=0 | rest=0
[DEBUG] mihomo isolate | branch={757} | size=1 | parse=0 | names=[免费节点10] 🇺🇸 US 719 → tg@nicevpn123 | err=-
[DEBUG] mihomo drop | branch={757} | size=1 | parse=0 | names=[免费节点10] 🇺🇸 US 719 → tg@nicevpn123 | err=-
[DROP] name=[免费节点10] 🇺🇸 US 719 → tg@nicevpn123 {757} | server=38.86.135.225:8090 | reason=mihomo start failed
[TEST] {765} tested=5/5 | kept=0 | rest=0
[DEBUG] mihomo split-small | branch={765} | size=5 | parse=0 | names=[免费节点10] 🇺🇸 US 743 → tg@nicevpn123,[免费节点10] 🇺🇸 US 744 → tg@nicevpn123,[免费节点10] 🇺🇸 US 745 → tg@nicevpn123...+2 | err=-
[WARN] batch start failed | size=5 {765} | split=1 {1266} + 1 {1267} + 1 {1268} + 1 {1269} + 1 {1270}
[TEST] {760} tested=1/1 | kept=0 | rest=0
[DEBUG] mihomo isolate | branch={760} | size=1 | parse=0 | names=[免费节点10] 🇺🇸 US 721 → tg@nicevpn123 | err=-
[DEBUG] mihomo drop | branch={760} | size=1 | parse=0 | names=[免费节点10] 🇺🇸 US 721 → tg@nicevpn123 | err=-
[DROP] name=[免费节点10] 🇺🇸 US 721 → tg@nicevpn123 {760} | server=152.70.39.9:26022 | reason=mihomo start failed
[TEST] {762} tested=4/4 | kept=0 | rest=0
[DEBUG] mihomo split-small | branch={762} | size=4 | parse=0 | names=[免费节点10] 🇺🇸 US 749 → tg@nicevpn123,[免费节点10] 🇺🇸 US 750 → tg@nicevpn123,[免费节点10] 🇺🇸 US 751 → tg@nicevpn123...+1 | err=-
[WARN] batch start failed | size=4 {762} | split=1 {1271} + 1 {1272} + 1 {1273} + 1 {1274}
[TEST] {764} tested=4/4 | kept=0 | rest=0
[DEBUG] mihomo split-small | branch={764} | size=4 | parse=0 | names=[免费节点10] 🇺🇸 US 74 → tg@nicevpn123,[免费节点10] 🇺🇸 US 740 → tg@nicevpn123,[免费节点10] 🇺🇸 US 741 → tg@nicevpn123...+1 | err=-
[WARN] batch start failed | size=4 {764} | split=1 {1275} + 1 {1276} + 1 {1277} + 1 {1278}
[TEST] {766} tested=1/1 | kept=0 | rest=0
[DEBUG] mihomo isolate | branch={766} | size=1 | parse=0 | names=[ChromeGO-Merge] 🇫🇷 France_hysteria_0 | err=-
[DEBUG] mihomo drop | branch={766} | size=1 | parse=0 | names=[ChromeGO-Merge] 🇫🇷 France_hysteria_0 | err=-
[DROP] name=[ChromeGO-Merge] 🇫🇷 France_hysteria_0 {766} | server=51.158.54.46:55396 | reason=mihomo start failed
[TEST] {767} tested=1/1 | kept=0 | rest=0
[DEBUG] mihomo isolate | branch={767} | size=1 | parse=0 | names=[ChromeGO-Merge] 🇺🇸 United States_hyster | err=-
[DEBUG] mihomo drop | branch={767} | size=1 | parse=0 | names=[ChromeGO-Merge] 🇺🇸 United States_hyster | err=-
[DROP] name=[ChromeGO-Merge] 🇺🇸 United States_hysteria_1 {767} | server=173.234.25.52:30072 | reason=mihomo start failed
[TEST] {769} tested=1/1 | kept=0 | rest=0
[DEBUG] mihomo isolate | branch={769} | size=1 | parse=0 | names=[ChromeGO-Merge] 🇺🇸 United States_hyster | err=-
[DEBUG] mihomo drop | branch={769} | size=1 | parse=0 | names=[ChromeGO-Merge] 🇺🇸 United States_hyster | err=-
[DROP] name=[ChromeGO-Merge] 🇺🇸 United States_hysteria_3 {769} | server=167.160.91.115:41189 | reason=mihomo start failed
[TEST] {768} tested=1/1 | kept=0 | rest=0
[DEBUG] mihomo isolate | branch={768} | size=1 | parse=0 | names=[ChromeGO-Merge] 🇺🇸 United States_hyster | err=-
[DEBUG] mihomo drop | branch={768} | size=1 | parse=0 | names=[ChromeGO-Merge] 🇺🇸 United States_hyster | err=-
[DROP] name=[ChromeGO-Merge] 🇺🇸 United States_hysteria_2 {768} | server=108.181.22.239:39967 | reason=mihomo start failed
[TEST] {770} tested=1/1 | kept=0 | rest=0
[DEBUG] mihomo isolate | branch={770} | size=1 | parse=0 | names=[ChromeGO-Merge] 🇫🇷 France_hysteria2_0 | err=-
[DEBUG] mihomo drop | branch={770} | size=1 | parse=0 | names=[ChromeGO-Merge] 🇫🇷 France_hysteria2_0 | err=-
[DROP] name=[ChromeGO-Merge] 🇫🇷 France_hysteria2_0 {770} | server=62.210.101.0:52465 | reason=mihomo start failed
[TEST] {772} tested=1/1 | kept=0 | rest=0
[DEBUG] mihomo isolate | branch={772} | size=1 | parse=0 | names=[ChromeGO-Merge] 🇫🇷 France_hysteria2_2 | err=-
[DEBUG] mihomo drop | branch={772} | size=1 | parse=0 | names=[ChromeGO-Merge] 🇫🇷 France_hysteria2_2 | err=-
[DROP] name=[ChromeGO-Merge] 🇫🇷 France_hysteria2_2 {772} | server=62.210.103.0:52465 | reason=mihomo start failed
[TEST] {775} tested=1/1 | kept=0 | rest=0
[DEBUG] mihomo isolate | branch={775} | size=1 | parse=0 | names=[Epodonios] EPODONIOS-299 | err=-
[DEBUG] mihomo drop | branch={775} | size=1 | parse=0 | names=[Epodonios] EPODONIOS-299 | err=-
[DROP] name=[Epodonios] EPODONIOS-299 {775} | server=tmesubgift.up.railway.app:443 | reason=mihomo start failed
[TEST] {771} tested=1/1 | kept=0 | rest=0
[DEBUG] mihomo isolate | branch={771} | size=1 | parse=0 | names=[ChromeGO-Merge] 🇺🇸 United States_hyster | err=-
[DEBUG] mihomo drop | branch={771} | size=1 | parse=0 | names=[ChromeGO-Merge] 🇺🇸 United States_hyster | err=-
[DROP] name=[ChromeGO-Merge] 🇺🇸 United States_hysteria2_1 {771} | server=64.110.25.11:33337 | reason=mihomo start failed
[TEST] {773} tested=1/1 | kept=0 | rest=0
[DEBUG] mihomo isolate | branch={773} | size=1 | parse=0 | names=[ChromeGO-Merge] 🇺🇸 United States_hyster | err=-
[DEBUG] mihomo drop | branch={773} | size=1 | parse=0 | names=[ChromeGO-Merge] 🇺🇸 United States_hyster | err=-
[DROP] name=[ChromeGO-Merge] 🇺🇸 United States_hysteria2_3 {773} | server=108.181.24.77:43656 | reason=mihomo start failed
[TEST] {778} tested=1/1 | kept=0 | rest=0
[DEBUG] mihomo isolate | branch={778} | size=1 | parse=0 | names=[Epodonios] EPODONIOS-302 | err=-
[DEBUG] mihomo drop | branch={778} | size=1 | parse=0 | names=[Epodonios] EPODONIOS-302 | err=-
[DROP] name=[Epodonios] EPODONIOS-302 {778} | server=84.32.177.74:443 | reason=mihomo start failed
[TEST] {779} tested=1/1 | kept=0 | rest=0
[DEBUG] mihomo isolate | branch={779} | size=1 | parse=0 | names=[Epodonios] EPODONIOS-332 | err=-
[DEBUG] mihomo drop | branch={779} | size=1 | parse=0 | names=[Epodonios] EPODONIOS-332 | err=-
[DROP] name=[Epodonios] EPODONIOS-332 {779} | server=78.17.126.222:13868 | reason=mihomo start failed
[TEST] {780} tested=1/1 | kept=0 | rest=0
[DEBUG] mihomo isolate | branch={780} | size=1 | parse=0 | names=[Epodonios] EPODONIOS-333 | err=-
[DEBUG] mihomo drop | branch={780} | size=1 | parse=0 | names=[Epodonios] EPODONIOS-333 | err=-
[DROP] name=[Epodonios] EPODONIOS-333 {780} | server=78.17.126.47:13868 | reason=mihomo start failed
[TEST] {781} tested=1/1 | kept=0 | rest=0
[DEBUG] mihomo isolate | branch={781} | size=1 | parse=0 | names=[Epodonios] EPODONIOS-334 | err=-
[DEBUG] mihomo drop | branch={781} | size=1 | parse=0 | names=[Epodonios] EPODONIOS-334 | err=-
[DROP] name=[Epodonios] EPODONIOS-334 {781} | server=78.17.158.16:13868 | reason=mihomo start failed
[TEST] {782} tested=1/1 | kept=0 | rest=0
[DEBUG] mihomo isolate | branch={782} | size=1 | parse=0 | names=[Epodonios] EPODONIOS-335 | err=-
[DEBUG] mihomo drop | branch={782} | size=1 | parse=0 | names=[Epodonios] EPODONIOS-335 | err=-
[DROP] name=[Epodonios] EPODONIOS-335 {782} | server=78.17.4.20:13868 | reason=mihomo start failed
[TEST] {774} tested=1/1 | kept=0 | rest=0
[DEBUG] mihomo isolate | branch={774} | size=1 | parse=0 | names=[ChromeGO-Merge] 🇺🇸 United States_vless_ | err=-
[DEBUG] mihomo drop | branch={774} | size=1 | parse=0 | names=[ChromeGO-Merge] 🇺🇸 United States_vless_ | err=-
[DROP] name=[ChromeGO-Merge] 🇺🇸 United States_vless_1 {774} | server=108.181.22.213:28945 | reason=mihomo start failed
[TEST] {783} tested=1/1 | kept=0 | rest=0
[DEBUG] mihomo isolate | branch={783} | size=1 | parse=0 | names=[Epodonios] vless-3 | err=-
[DEBUG] mihomo drop | branch={783} | size=1 | parse=0 | names=[Epodonios] vless-3 | err=-
[DROP] name=[Epodonios] vless-3 {783} | server=pp.degeristir.ir:2050 | reason=mihomo start failed
[TEST] {784} tested=1/1 | kept=0 | rest=0
[DEBUG] mihomo isolate | branch={784} | size=1 | parse=0 | names=[Epodonios] vless-4 | err=-
[DEBUG] mihomo drop | branch={784} | size=1 | parse=0 | names=[Epodonios] vless-4 | err=-
[DROP] name=[Epodonios] vless-4 {784} | server=pp.degeristir.ir:8585 | reason=mihomo start failed
[TEST] {785} tested=1/1 | kept=0 | rest=0
[DEBUG] mihomo isolate | branch={785} | size=1 | parse=0 | names=[Epodonios] EPODONIOS-336 | err=-
[DEBUG] mihomo drop | branch={785} | size=1 | parse=0 | names=[Epodonios] EPODONIOS-336 | err=-
[DROP] name=[Epodonios] EPODONIOS-336 {785} | server=199.232.77.185:443 | reason=mihomo start failed
[TEST] {786} tested=1/1 | kept=0 | rest=0
[DEBUG] mihomo isolate | branch={786} | size=1 | parse=0 | names=[Epodonios] EPODONIOS-337 | err=-
[DEBUG] mihomo drop | branch={786} | size=1 | parse=0 | names=[Epodonios] EPODONIOS-337 | err=-
[DROP] name=[Epodonios] EPODONIOS-337 {786} | server=104.16.72.70:443 | reason=mihomo start failed
[TEST] {787} tested=1/1 | kept=0 | rest=0
[DEBUG] mihomo isolate | branch={787} | size=1 | parse=0 | names=[Epodonios] vless-5 | err=-
[DEBUG] mihomo drop | branch={787} | size=1 | parse=0 | names=[Epodonios] vless-5 | err=-
[DROP] name=[Epodonios] vless-5 {787} | server=79.137.197.125:8443 | reason=mihomo start failed
[TEST] {789} tested=1/1 | kept=0 | rest=0
[DEBUG] mihomo isolate | branch={789} | size=1 | parse=0 | names=[Epodonios] EPODONIOS-320 | err=-
[DEBUG] mihomo drop | branch={789} | size=1 | parse=0 | names=[Epodonios] EPODONIOS-320 | err=-
[DROP] name=[Epodonios] EPODONIOS-320 {789} | server=193.233.133.152:53587 | reason=mihomo start failed
[TEST] {788} tested=1/1 | kept=0 | rest=0
[DEBUG] mihomo isolate | branch={788} | size=1 | parse=0 | names=[Epodonios] EPODONIOS-319 | err=-
[DEBUG] mihomo drop | branch={788} | size=1 | parse=0 | names=[Epodonios] EPODONIOS-319 | err=-
[DROP] name=[Epodonios] EPODONIOS-319 {788} | server=pl.iramnovira.com:443 | reason=mihomo start failed
[TEST] {790} tested=1/1 | kept=0 | rest=0
[DEBUG] mihomo isolate | branch={790} | size=1 | parse=0 | names=[Epodonios] EPODONIOS-321 | err=-
[DEBUG] mihomo drop | branch={790} | size=1 | parse=0 | names=[Epodonios] EPODONIOS-321 | err=-
[DROP] name=[Epodonios] EPODONIOS-321 {790} | server=104.16.63.239:80 | reason=mihomo start failed
[TEST] {792} tested=1/1 | kept=0 | rest=0
[DEBUG] mihomo isolate | branch={792} | size=1 | parse=0 | names=[Epodonios] EPODONIOS-323 | err=-
[DEBUG] mihomo drop | branch={792} | size=1 | parse=0 | names=[Epodonios] EPODONIOS-323 | err=-
[DROP] name=[Epodonios] EPODONIOS-323 {792} | server=edge.aiteamplus.ir:10007 | reason=mihomo start failed
[TEST] {791} tested=1/1 | kept=0 | rest=0
[DEBUG] mihomo isolate | branch={791} | size=1 | parse=0 | names=[Epodonios] EPODONIOS-322 | err=-
[DEBUG] mihomo drop | branch={791} | size=1 | parse=0 | names=[Epodonios] EPODONIOS-322 | err=-
[DROP] name=[Epodonios] EPODONIOS-322 {791} | server=104.252.111.38:8443 | reason=mihomo start failed
[TEST] {776} tested=1/1 | kept=0 | rest=0
[DEBUG] mihomo isolate | branch={776} | size=1 | parse=0 | names=[Epodonios] EPODONIOS-300 | err=-
[DEBUG] mihomo drop | branch={776} | size=1 | parse=0 | names=[Epodonios] EPODONIOS-300 | err=-
[DROP] name=[Epodonios] EPODONIOS-300 {776} | server=188.225.57.78:443 | reason=mihomo start failed
[TEST] {777} tested=1/1 | kept=0 | rest=0
[DEBUG] mihomo isolate | branch={777} | size=1 | parse=0 | names=[Epodonios] EPODONIOS-301 | err=-
[DEBUG] mihomo drop | branch={777} | size=1 | parse=0 | names=[Epodonios] EPODONIOS-301 | err=-
[DROP] name=[Epodonios] EPODONIOS-301 {777} | server=188.225.77.241:443 | reason=mihomo start failed
[TEST] {795} tested=1/1 | kept=0 | rest=0
[DEBUG] mihomo isolate | branch={795} | size=1 | parse=0 | names=[Epodonios] EPODONIOS-305 | err=-
[DEBUG] mihomo drop | branch={795} | size=1 | parse=0 | names=[Epodonios] EPODONIOS-305 | err=-
[DROP] name=[Epodonios] EPODONIOS-305 {795} | server=nid3ch.betust.net:443 | reason=mihomo start failed
[TEST] {794} tested=1/1 | kept=0 | rest=0
[DEBUG] mihomo isolate | branch={794} | size=1 | parse=0 | names=[Epodonios] EPODONIOS-304 | err=-
[DEBUG] mihomo drop | branch={794} | size=1 | parse=0 | names=[Epodonios] EPODONIOS-304 | err=-
[DROP] name=[Epodonios] EPODONIOS-304 {794} | server=t1dn.blazenetwork.ir:443 | reason=mihomo start failed
[TEST] {797} tested=1/1 | kept=0 | rest=0
[DEBUG] mihomo isolate | branch={797} | size=1 | parse=0 | names=[Epodonios] EPODONIOS-307 | err=-
[DEBUG] mihomo drop | branch={797} | size=1 | parse=0 | names=[Epodonios] EPODONIOS-307 | err=-
[DROP] name=[Epodonios] EPODONIOS-307 {797} | server=a2.arshia-nova.ir:443 | reason=mihomo start failed
[TEST] {799} tested=1/1 | kept=0 | rest=0
[DEBUG] mihomo isolate | branch={799} | size=1 | parse=0 | names=[Epodonios] EPODONIOS-316 | err=-
[DEBUG] mihomo drop | branch={799} | size=1 | parse=0 | names=[Epodonios] EPODONIOS-316 | err=-
[DROP] name=[Epodonios] EPODONIOS-316 {799} | server=91.196.161.218:2054 | reason=mihomo start failed
[TEST] {798} tested=1/1 | kept=0 | rest=0
[TEST] {801} tested=1/1 | kept=0 | rest=0
[DEBUG] mihomo isolate | branch={801} | size=1 | parse=0 | names=[Epodonios] EPODONIOS-318 | err=-
[DEBUG] mihomo isolate | branch={798} | size=1 | parse=0 | names=[Epodonios] EPODONIOS-315 | err=-
[DEBUG] mihomo drop | branch={798} | size=1 | parse=0 | names=[Epodonios] EPODONIOS-315 | err=-
[DROP] name=[Epodonios] EPODONIOS-315 {798} | server=69.46.46.31:443 | reason=mihomo start failed
[DEBUG] mihomo drop | branch={801} | size=1 | parse=0 | names=[Epodonios] EPODONIOS-318 | err=-
[DROP] name=[Epodonios] EPODONIOS-318 {801} | server=idfr.melvona-digital.ir:443 | reason=mihomo start failed
[TEST] {802} tested=1/1 | kept=0 | rest=0
[DEBUG] mihomo isolate | branch={802} | size=1 | parse=0 | names=[Epodonios] EPODONIOS-347 | err=-
[DEBUG] mihomo drop | branch={802} | size=1 | parse=0 | names=[Epodonios] EPODONIOS-347 | err=-
[DROP] name=[Epodonios] EPODONIOS-347 {802} | server=195.201.9.235:11342 | reason=mihomo start failed
[TEST] {804} tested=1/1 | kept=0 | rest=0
[DEBUG] mihomo isolate | branch={804} | size=1 | parse=0 | names=[Epodonios] vless-6 | err=-
[DEBUG] mihomo drop | branch={804} | size=1 | parse=0 | names=[Epodonios] vless-6 | err=-
[DROP] name=[Epodonios] vless-6 {804} | server=88.99.161.169:33468 | reason=mihomo start failed
[TEST] {803} tested=1/1 | kept=0 | rest=0
[DEBUG] mihomo isolate | branch={803} | size=1 | parse=0 | names=[Epodonios] EPODONIOS-348 | err=-
[DEBUG] mihomo drop | branch={803} | size=1 | parse=0 | names=[Epodonios] EPODONIOS-348 | err=-
[DROP] name=[Epodonios] EPODONIOS-348 {803} | server=88.99.161.169:11342 | reason=mihomo start failed
[TEST] {805} tested=1/1 | kept=0 | rest=0
[DEBUG] mihomo isolate | branch={805} | size=1 | parse=0 | names=[Epodonios] EPODONIOS-349 | err=-
[DEBUG] mihomo drop | branch={805} | size=1 | parse=0 | names=[Epodonios] EPODONIOS-349 | err=-
[DROP] name=[Epodonios] EPODONIOS-349 {805} | server=2.26.194.15:443 | reason=mihomo start failed
[TEST] {793} tested=1/1 | kept=0 | rest=0
[DEBUG] mihomo isolate | branch={793} | size=1 | parse=0 | names=[Epodonios] EPODONIOS-303 | err=-
[DEBUG] mihomo drop | branch={793} | size=1 | parse=0 | names=[Epodonios] EPODONIOS-303 | err=-
[DROP] name=[Epodonios] EPODONIOS-303 {793} | server=app16.betust.net:443 | reason=mihomo start failed
[TEST] {807} tested=1/1 | kept=0 | rest=0
[DEBUG] mihomo isolate | branch={807} | size=1 | parse=0 | names=[Epodonios] EPODONIOS-339 | err=-
[DEBUG] mihomo drop | branch={807} | size=1 | parse=0 | names=[Epodonios] EPODONIOS-339 | err=-
[DROP] name=[Epodonios] EPODONIOS-339 {807} | server=soliconf.kalbodmanesh.cloud-ip.cc:443 | reason=mihomo start failed
[TEST] {796} tested=1/1 | kept=0 | rest=0
[DEBUG] mihomo isolate | branch={796} | size=1 | parse=0 | names=[Epodonios] EPODONIOS-306 | err=-
[DEBUG] mihomo drop | branch={796} | size=1 | parse=0 | names=[Epodonios] EPODONIOS-306 | err=-
[DROP] name=[Epodonios] EPODONIOS-306 {796} | server=yoshidoshi.shadoww345.ir:8080 | reason=mihomo start failed
[TEST] {809} tested=1/1 | kept=0 | rest=0
[DEBUG] mihomo isolate | branch={809} | size=1 | parse=0 | names=[Epodonios] EPODONIOS-341 | err=-
[DEBUG] mihomo drop | branch={809} | size=1 | parse=0 | names=[Epodonios] EPODONIOS-341 | err=-
[DROP] name=[Epodonios] EPODONIOS-341 {809} | server=k2.cloud--vpn.site:443 | reason=mihomo start failed
[TEST] {800} tested=1/1 | kept=0 | rest=0
[DEBUG] mihomo isolate | branch={800} | size=1 | parse=0 | names=[Epodonios] EPODONIOS-317 | err=-
[DEBUG] mihomo drop | branch={800} | size=1 | parse=0 | names=[Epodonios] EPODONIOS-317 | err=-
[DROP] name=[Epodonios] EPODONIOS-317 {800} | server=217.28.137.94:443 | reason=mihomo start failed
[TEST] {810} tested=1/1 | kept=0 | rest=0
[DEBUG] mihomo isolate | branch={810} | size=1 | parse=0 | names=[Epodonios] EPODONIOS-342 | err=-
[DEBUG] mihomo drop | branch={810} | size=1 | parse=0 | names=[Epodonios] EPODONIOS-342 | err=-
[DROP] name=[Epodonios] EPODONIOS-342 {810} | server=game.celvixo.ir:2087 | reason=mihomo start failed
[TEST] {814} tested=1/1 | kept=0 | rest=0
[DEBUG] mihomo isolate | branch={814} | size=1 | parse=0 | names=[Epodonios] EPODONIOS-346 | err=-
[DEBUG] mihomo drop | branch={814} | size=1 | parse=0 | names=[Epodonios] EPODONIOS-346 | err=-
[DROP] name=[Epodonios] EPODONIOS-346 {814} | server=45.136.126.70:8443 | reason=mihomo start failed
[TEST] {806} tested=1/1 | kept=0 | rest=0
[DEBUG] mihomo isolate | branch={806} | size=1 | parse=0 | names=[Epodonios] EPODONIOS-338 | err=-
[DEBUG] mihomo drop | branch={806} | size=1 | parse=0 | names=[Epodonios] EPODONIOS-338 | err=-
[DROP] name=[Epodonios] EPODONIOS-338 {806} | server=47.129.185.35:49805 | reason=mihomo start failed
[TEST] {808} tested=1/1 | kept=0 | rest=0
[DEBUG] mihomo isolate | branch={808} | size=1 | parse=0 | names=[Epodonios] EPODONIOS-340 | err=-
[DEBUG] mihomo drop | branch={808} | size=1 | parse=0 | names=[Epodonios] EPODONIOS-340 | err=-
[DROP] name=[Epodonios] EPODONIOS-340 {808} | server=narcod-ping.numallaf.shop:58978 | reason=mihomo start failed
[TEST] {816} tested=1/1 | kept=0 | rest=0
[DEBUG] mihomo isolate | branch={816} | size=1 | parse=0 | names=[Epodonios] EPODONIOS-351 | err=-
[DEBUG] mihomo drop | branch={816} | size=1 | parse=0 | names=[Epodonios] EPODONIOS-351 | err=-
[DROP] name=[Epodonios] EPODONIOS-351 {816} | server=2.56.123.131:443 | reason=mihomo start failed
[TEST] {815} tested=1/1 | kept=0 | rest=0
[DEBUG] mihomo isolate | branch={815} | size=1 | parse=0 | names=[Epodonios] EPODONIOS-350 | err=-
[DEBUG] mihomo drop | branch={815} | size=1 | parse=0 | names=[Epodonios] EPODONIOS-350 | err=-
[DROP] name=[Epodonios] EPODONIOS-350 {815} | server=am255.amin5646.ir:2082 | reason=mihomo start failed
[TEST] {818} tested=1/1 | kept=0 | rest=0
[DEBUG] mihomo isolate | branch={818} | size=1 | parse=0 | names=[Epodonios] EPODONIOS-353 | err=-
[DEBUG] mihomo drop | branch={818} | size=1 | parse=0 | names=[Epodonios] EPODONIOS-353 | err=-
[DROP] name=[Epodonios] EPODONIOS-353 {818} | server=104.18.34.245:8880 | reason=mihomo start failed
[TEST] {817} tested=1/1 | kept=0 | rest=0
[DEBUG] mihomo isolate | branch={817} | size=1 | parse=0 | names=[Epodonios] EPODONIOS-352 | err=-
[DEBUG] mihomo drop | branch={817} | size=1 | parse=0 | names=[Epodonios] EPODONIOS-352 | err=-
[DROP] name=[Epodonios] EPODONIOS-352 {817} | server=tmesubgift.up.railway.app:443 | reason=mihomo start failed
[TEST] {812} tested=1/1 | kept=0 | rest=0
[DEBUG] mihomo isolate | branch={812} | size=1 | parse=0 | names=[Epodonios] EPODONIOS-344 | err=-
[DEBUG] mihomo drop | branch={812} | size=1 | parse=0 | names=[Epodonios] EPODONIOS-344 | err=-
[DROP] name=[Epodonios] EPODONIOS-344 {812} | server=5.160.77.199:49429 | reason=mihomo start failed
[TEST] {820} tested=1/1 | kept=0 | rest=0
[DEBUG] mihomo isolate | branch={820} | size=1 | parse=0 | names=[免费节点10] 🇺🇸 US 894 → tg@nicevpn123 | err=-
[DEBUG] mihomo drop | branch={820} | size=1 | parse=0 | names=[免费节点10] 🇺🇸 US 894 → tg@nicevpn123 | err=-
[DROP] name=[免费节点10] 🇺🇸 US 894 → tg@nicevpn123 {820} | server=104.19.45.49:2095 | reason=mihomo start failed
[TEST] {821} tested=1/1 | kept=0 | rest=0
[DEBUG] mihomo isolate | branch={821} | size=1 | parse=0 | names=[免费节点10] 🇺🇸 US 896 → tg@nicevpn123 | err=-
[DEBUG] mihomo drop | branch={821} | size=1 | parse=0 | names=[免费节点10] 🇺🇸 US 896 → tg@nicevpn123 | err=-
[DROP] name=[免费节点10] 🇺🇸 US 896 → tg@nicevpn123 {821} | server=ying.iepl1.me:2082 | reason=mihomo start failed
[TEST] {811} tested=1/1 | kept=0 | rest=0
[DEBUG] mihomo isolate | branch={811} | size=1 | parse=0 | names=[Epodonios] EPODONIOS-343 | err=-
[DEBUG] mihomo drop | branch={811} | size=1 | parse=0 | names=[Epodonios] EPODONIOS-343 | err=-
[DROP] name=[Epodonios] EPODONIOS-343 {811} | server=a.r-o-o-t3.ir:443 | reason=mihomo start failed
[TEST] {822} tested=1/1 | kept=0 | rest=0
[DEBUG] mihomo isolate | branch={822} | size=1 | parse=0 | names=[免费节点10] 🇺🇸 US 898 → tg@nicevpn123 | err=-
[DEBUG] mihomo drop | branch={822} | size=1 | parse=0 | names=[免费节点10] 🇺🇸 US 898 → tg@nicevpn123 | err=-
[DROP] name=[免费节点10] 🇺🇸 US 898 → tg@nicevpn123 {822} | server=104.16.42.187:2082 | reason=mihomo start failed
[TEST] {823} tested=1/1 | kept=0 | rest=0
[DEBUG] mihomo isolate | branch={823} | size=1 | parse=0 | names=[免费节点10] 🇺🇸 US 899 → tg@nicevpn123 | err=-
[DEBUG] mihomo drop | branch={823} | size=1 | parse=0 | names=[免费节点10] 🇺🇸 US 899 → tg@nicevpn123 | err=-
[DROP] name=[免费节点10] 🇺🇸 US 899 → tg@nicevpn123 {823} | server=gur.gov.ua:443 | reason=mihomo start failed
[TEST] {826} tested=1/1 | kept=0 | rest=0
[DEBUG] mihomo isolate | branch={826} | size=1 | parse=0 | names=[免费节点10] 🇺🇸 US 907 → tg@nicevpn123 | err=-
[DEBUG] mihomo drop | branch={826} | size=1 | parse=0 | names=[免费节点10] 🇺🇸 US 907 → tg@nicevpn123 | err=-
[DROP] name=[免费节点10] 🇺🇸 US 907 → tg@nicevpn123 {826} | server=104.16.42.25:2082 | reason=mihomo start failed
[TEST] {824} tested=1/1 | kept=0 | rest=0
[DEBUG] mihomo isolate | branch={824} | size=1 | parse=0 | names=[免费节点10] 🇺🇸 US 904 → tg@nicevpn123 | err=-
[DEBUG] mihomo drop | branch={824} | size=1 | parse=0 | names=[免费节点10] 🇺🇸 US 904 → tg@nicevpn123 | err=-
[DROP] name=[免费节点10] 🇺🇸 US 904 → tg@nicevpn123 {824} | server=45.56.79.156:443 | reason=mihomo start failed
[TEST] {827} tested=1/1 | kept=0 | rest=0
[DEBUG] mihomo isolate | branch={827} | size=1 | parse=0 | names=[免费节点10] 🇺🇸 US 908 → tg@nicevpn123 | err=-
[DEBUG] mihomo drop | branch={827} | size=1 | parse=0 | names=[免费节点10] 🇺🇸 US 908 → tg@nicevpn123 | err=-
[DROP] name=[免费节点10] 🇺🇸 US 908 → tg@nicevpn123 {827} | server=changupmecca.com:443 | reason=mihomo start failed
[TEST] {813} tested=1/1 | kept=0 | rest=0
[DEBUG] mihomo isolate | branch={813} | size=1 | parse=0 | names=[Epodonios] EPODONIOS-345 | err=-
[DEBUG] mihomo drop | branch={813} | size=1 | parse=0 | names=[Epodonios] EPODONIOS-345 | err=-
[DROP] name=[Epodonios] EPODONIOS-345 {813} | server=194.26.229.219:4100 | reason=mihomo start failed
[TEST] {829} tested=1/1 | kept=0 | rest=0
[DEBUG] mihomo isolate | branch={829} | size=1 | parse=0 | names=[免费节点10] 🇺🇸 US 900 → tg@nicevpn123 | err=-
[DEBUG] mihomo drop | branch={829} | size=1 | parse=0 | names=[免费节点10] 🇺🇸 US 900 → tg@nicevpn123 | err=-
[DROP] name=[免费节点10] 🇺🇸 US 900 → tg@nicevpn123 {829} | server=104.16.39.21:2082 | reason=mihomo start failed
[TEST] {825} tested=1/1 | kept=0 | rest=0
[DEBUG] mihomo isolate | branch={825} | size=1 | parse=0 | names=[免费节点10] 🇺🇸 US 905 → tg@nicevpn123 | err=-
[DEBUG] mihomo drop | branch={825} | size=1 | parse=0 | names=[免费节点10] 🇺🇸 US 905 → tg@nicevpn123 | err=-
[DROP] name=[免费节点10] 🇺🇸 US 905 → tg@nicevpn123 {825} | server=zula.ir:443 | reason=mihomo start failed
[TEST] {828} tested=1/1 | kept=0 | rest=0
[DEBUG] mihomo isolate | branch={828} | size=1 | parse=0 | names=[免费节点10] 🇺🇸 US 9 → tg@nicevpn123 | err=-
[DEBUG] mihomo drop | branch={828} | size=1 | parse=0 | names=[免费节点10] 🇺🇸 US 9 → tg@nicevpn123 | err=-
[DROP] name=[免费节点10] 🇺🇸 US 9 → tg@nicevpn123 {828} | server=104.21.226.32:80 | reason=mihomo start failed
[TEST] {830} tested=1/1 | kept=0 | rest=0
[DEBUG] mihomo isolate | branch={830} | size=1 | parse=0 | names=[免费节点10] 🇺🇸 US 901 → tg@nicevpn123 | err=-
[DEBUG] mihomo drop | branch={830} | size=1 | parse=0 | names=[免费节点10] 🇺🇸 US 901 → tg@nicevpn123 | err=-
[DROP] name=[免费节点10] 🇺🇸 US 901 → tg@nicevpn123 {830} | server=104.19.49.5:443 | reason=mihomo start failed
[TEST] {832} tested=1/1 | kept=0 | rest=0
[DEBUG] mihomo isolate | branch={832} | size=1 | parse=0 | names=[免费节点10] 🇺🇸 US 903 → tg@nicevpn123 | err=-
[DEBUG] mihomo drop | branch={832} | size=1 | parse=0 | names=[免费节点10] 🇺🇸 US 903 → tg@nicevpn123 | err=-
[DROP] name=[免费节点10] 🇺🇸 US 903 → tg@nicevpn123 {832} | server=38.110.1.105:8118 | reason=mihomo start failed
[TEST] {834} tested=1/1 | kept=0 | rest=0
[DEBUG] mihomo isolate | branch={834} | size=1 | parse=0 | names=[免费节点10] 🇺🇸 US 914 → tg@nicevpn123 | err=-
[DEBUG] mihomo drop | branch={834} | size=1 | parse=0 | names=[免费节点10] 🇺🇸 US 914 → tg@nicevpn123 | err=-
[DROP] name=[免费节点10] 🇺🇸 US 914 → tg@nicevpn123 {834} | server=db01.iepl1.me:8880 | reason=mihomo start failed
[TEST] {833} tested=1/1 | kept=0 | rest=0
[DEBUG] mihomo isolate | branch={833} | size=1 | parse=0 | names=[免费节点10] 🇺🇸 US 913 → tg@nicevpn123 | err=-
[DEBUG] mihomo drop | branch={833} | size=1 | parse=0 | names=[免费节点10] 🇺🇸 US 913 → tg@nicevpn123 | err=-
[DROP] name=[免费节点10] 🇺🇸 US 913 → tg@nicevpn123 {833} | server=1dk1l-g05.jp03-7d22-vm0.entry.fr0307a.art:21585 | reason=mihomo start failed
[TEST] {836} tested=1/1 | kept=0 | rest=0
[DEBUG] mihomo isolate | branch={836} | size=1 | parse=0 | names=[免费节点10] 🇺🇸 US 917 → tg@nicevpn123 | err=-
[DEBUG] mihomo drop | branch={836} | size=1 | parse=0 | names=[免费节点10] 🇺🇸 US 917 → tg@nicevpn123 | err=-
[DROP] name=[免费节点10] 🇺🇸 US 917 → tg@nicevpn123 {836} | server=speed.cloudflare.com:443 | reason=mihomo start failed
[TEST] {819} tested=1/1 | kept=0 | rest=0
[DEBUG] mihomo isolate | branch={819} | size=1 | parse=0 | names=[Epodonios] EPODONIOS-354 | err=-
[DEBUG] mihomo drop | branch={819} | size=1 | parse=0 | names=[Epodonios] EPODONIOS-354 | err=-
[DROP] name=[Epodonios] EPODONIOS-354 {819} | server=45.92.219.119:7443 | reason=mihomo start failed
[TEST] {839} tested=1/1 | kept=0 | rest=0
[DEBUG] mihomo isolate | branch={839} | size=1 | parse=0 | names=[免费节点10] 🇺🇸 US 92 → tg@nicevpn123 | err=-
[DEBUG] mihomo drop | branch={839} | size=1 | parse=0 | names=[免费节点10] 🇺🇸 US 92 → tg@nicevpn123 | err=-
[DROP] name=[免费节点10] 🇺🇸 US 92 → tg@nicevpn123 {839} | server=38.91.100.122:5601 | reason=mihomo start failed
[TEST] {840} tested=1/1 | kept=0 | rest=0
[DEBUG] mihomo isolate | branch={840} | size=1 | parse=0 | names=[免费节点10] 🇺🇸 US 920 → tg@nicevpn123 | err=-
[DEBUG] mihomo drop | branch={840} | size=1 | parse=0 | names=[免费节点10] 🇺🇸 US 920 → tg@nicevpn123 | err=-
[DROP] name=[免费节点10] 🇺🇸 US 920 → tg@nicevpn123 {840} | server=104.17.147.77:443 | reason=mihomo start failed
[TEST] {838} tested=1/1 | kept=0 | rest=0
[DEBUG] mihomo isolate | branch={838} | size=1 | parse=0 | names=[免费节点10] 🇺🇸 US 919 → tg@nicevpn123 | err=-
[DEBUG] mihomo drop | branch={838} | size=1 | parse=0 | names=[免费节点10] 🇺🇸 US 919 → tg@nicevpn123 | err=-
[DROP] name=[免费节点10] 🇺🇸 US 919 → tg@nicevpn123 {838} | server=104.16.40.215:2082 | reason=mihomo start failed
[TEST] {841} tested=1/1 | kept=0 | rest=0
[DEBUG] mihomo isolate | branch={841} | size=1 | parse=0 | names=[免费节点10] 🇺🇸 US 921 → tg@nicevpn123 | err=-
[DEBUG] mihomo drop | branch={841} | size=1 | parse=0 | names=[免费节点10] 🇺🇸 US 921 → tg@nicevpn123 | err=-
[DROP] name=[免费节点10] 🇺🇸 US 921 → tg@nicevpn123 {841} | server=104.19.45.181:2095 | reason=mihomo start failed
[TEST] {831} tested=1/1 | kept=0 | rest=0
[DEBUG] mihomo isolate | branch={831} | size=1 | parse=0 | names=[免费节点10] 🇺🇸 US 902 → tg@nicevpn123 | err=-
[DEBUG] mihomo drop | branch={831} | size=1 | parse=0 | names=[免费节点10] 🇺🇸 US 902 → tg@nicevpn123 | err=-
[DROP] name=[免费节点10] 🇺🇸 US 902 → tg@nicevpn123 {831} | server=65.109.199.41:3363 | reason=mihomo start failed
[TEST] {843} tested=1/1 | kept=0 | rest=0
[DEBUG] mihomo isolate | branch={843} | size=1 | parse=0 | names=[免费节点10] 🇺🇸 US 91 → tg@nicevpn123 | err=-
[DEBUG] mihomo drop | branch={843} | size=1 | parse=0 | names=[免费节点10] 🇺🇸 US 91 → tg@nicevpn123 | err=-
[DROP] name=[免费节点10] 🇺🇸 US 91 → tg@nicevpn123 {843} | server=104.17.61.4:443 | reason=mihomo start failed
[TEST] {835} tested=1/1 | kept=0 | rest=0
[DEBUG] mihomo isolate | branch={835} | size=1 | parse=0 | names=[免费节点10] 🇺🇸 US 916 → tg@nicevpn123 | err=-
[DEBUG] mihomo drop | branch={835} | size=1 | parse=0 | names=[免费节点10] 🇺🇸 US 916 → tg@nicevpn123 | err=-
[DROP] name=[免费节点10] 🇺🇸 US 916 → tg@nicevpn123 {835} | server=38.75.137.93:5001 | reason=mihomo start failed
[TEST] {845} tested=1/1 | kept=0 | rest=0
[DEBUG] mihomo isolate | branch={845} | size=1 | parse=0 | names=[免费节点10] 🇺🇸 US 911 → tg@nicevpn123 | err=-
[DEBUG] mihomo drop | branch={845} | size=1 | parse=0 | names=[免费节点10] 🇺🇸 US 911 → tg@nicevpn123 | err=-
[DROP] name=[免费节点10] 🇺🇸 US 911 → tg@nicevpn123 {845} | server=104.16.39.80:2082 | reason=mihomo start failed
[TEST] {846} tested=1/1 | kept=0 | rest=0
[DEBUG] mihomo isolate | branch={846} | size=1 | parse=0 | names=[免费节点10] 🇺🇸 US 912 → tg@nicevpn123 | err=-
[DEBUG] mihomo drop | branch={846} | size=1 | parse=0 | names=[免费节点10] 🇺🇸 US 912 → tg@nicevpn123 | err=-
[DROP] name=[免费节点10] 🇺🇸 US 912 → tg@nicevpn123 {846} | server=104.16.42.189:2082 | reason=mihomo start failed
[TEST] {847} tested=1/1 | kept=0 | rest=0
[DEBUG] mihomo isolate | branch={847} | size=1 | parse=0 | names=[免费节点10] 🇺🇸 US 873 → tg@nicevpn123 | err=-
[DEBUG] mihomo drop | branch={847} | size=1 | parse=0 | names=[免费节点10] 🇺🇸 US 873 → tg@nicevpn123 | err=-
[DROP] name=[免费节点10] 🇺🇸 US 873 → tg@nicevpn123 {847} | server=upload.ir:80 | reason=mihomo start failed
[TEST] {837} tested=1/1 | kept=0 | rest=0
[DEBUG] mihomo isolate | branch={837} | size=1 | parse=0 | names=[免费节点10] 🇺🇸 US 918 → tg@nicevpn123 | err=-
[DEBUG] mihomo drop | branch={837} | size=1 | parse=0 | names=[免费节点10] 🇺🇸 US 918 → tg@nicevpn123 | err=-
[DROP] name=[免费节点10] 🇺🇸 US 918 → tg@nicevpn123 {837} | server=45.39.70.180:443 | reason=mihomo start failed
[TEST] {849} tested=1/1 | kept=0 | rest=0
[DEBUG] mihomo isolate | branch={849} | size=1 | parse=0 | names=[免费节点10] 🇺🇸 US 876 → tg@nicevpn123 | err=-
[DEBUG] mihomo drop | branch={849} | size=1 | parse=0 | names=[免费节点10] 🇺🇸 US 876 → tg@nicevpn123 | err=-
[DROP] name=[免费节点10] 🇺🇸 US 876 → tg@nicevpn123 {849} | server=104.19.42.166:2082 | reason=mihomo start failed
[TEST] {850} tested=1/1 | kept=0 | rest=0
[DEBUG] mihomo isolate | branch={850} | size=1 | parse=0 | names=[免费节点10] 🇺🇸 US 877 → tg@nicevpn123 | err=-
[DEBUG] mihomo drop | branch={850} | size=1 | parse=0 | names=[免费节点10] 🇺🇸 US 877 → tg@nicevpn123 | err=-
[DROP] name=[免费节点10] 🇺🇸 US 877 → tg@nicevpn123 {850} | server=cfcdn3.sanfencdn9.com:80 | reason=mihomo start failed
[TEST] {851} tested=1/1 | kept=0 | rest=0
[DEBUG] mihomo isolate | branch={851} | size=1 | parse=0 | names=[免费节点10] 🇺🇸 US 878 → tg@nicevpn123 | err=-
[DEBUG] mihomo drop | branch={851} | size=1 | parse=0 | names=[免费节点10] 🇺🇸 US 878 → tg@nicevpn123 | err=-
[DROP] name=[免费节点10] 🇺🇸 US 878 → tg@nicevpn123 {851} | server=104.16.162.16:2053 | reason=mihomo start failed
[TEST] {852} tested=1/1 | kept=0 | rest=0
[DEBUG] mihomo isolate | branch={852} | size=1 | parse=0 | names=[免费节点10] 🇺🇸 US 879 → tg@nicevpn123 | err=-
[DEBUG] mihomo drop | branch={852} | size=1 | parse=0 | names=[免费节点10] 🇺🇸 US 879 → tg@nicevpn123 | err=-
[DROP] name=[免费节点10] 🇺🇸 US 879 → tg@nicevpn123 {852} | server=uk1.xv2ray.net:80 | reason=mihomo start failed
[TEST] {854} tested=1/1 | kept=0 | rest=0
[DEBUG] mihomo isolate | branch={854} | size=1 | parse=0 | names=[免费节点10] 🇺🇸 US 882 → tg@nicevpn123 | err=-
[DEBUG] mihomo drop | branch={854} | size=1 | parse=0 | names=[免费节点10] 🇺🇸 US 882 → tg@nicevpn123 | err=-
[DROP] name=[免费节点10] 🇺🇸 US 882 → tg@nicevpn123 {854} | server=shop-bmw.fr:443 | reason=mihomo start failed
[TEST] {853} tested=1/1 | kept=0 | rest=0
[DEBUG] mihomo isolate | branch={853} | size=1 | parse=0 | names=[免费节点10] 🇺🇸 US 880 → tg@nicevpn123 | err=-
[DEBUG] mihomo drop | branch={853} | size=1 | parse=0 | names=[免费节点10] 🇺🇸 US 880 → tg@nicevpn123 | err=-
[DROP] name=[免费节点10] 🇺🇸 US 880 → tg@nicevpn123 {853} | server=104.19.45.3:2095 | reason=mihomo start failed
[TEST] {842} tested=1/1 | kept=0 | rest=0
[DEBUG] mihomo isolate | branch={842} | size=1 | parse=0 | names=[免费节点10] 🇺🇸 US 909 → tg@nicevpn123 | err=-
[DEBUG] mihomo drop | branch={842} | size=1 | parse=0 | names=[免费节点10] 🇺🇸 US 909 → tg@nicevpn123 | err=-
[DROP] name=[免费节点10] 🇺🇸 US 909 → tg@nicevpn123 {842} | server=before2--join.outline-vpn.cloud:443 | reason=mihomo start failed
[TEST] {856} tested=1/1 | kept=0 | rest=0
[DEBUG] mihomo isolate | branch={856} | size=1 | parse=0 | names=[免费节点10] 🇺🇸 US 86 → tg@nicevpn123 | err=-
[DEBUG] mihomo drop | branch={856} | size=1 | parse=0 | names=[免费节点10] 🇺🇸 US 86 → tg@nicevpn123 | err=-
[DROP] name=[免费节点10] 🇺🇸 US 86 → tg@nicevpn123 {856} | server=104.19.45.174:2095 | reason=mihomo start failed
[TEST] {844} tested=1/1 | kept=0 | rest=0
[DEBUG] mihomo isolate | branch={844} | size=1 | parse=0 | names=[免费节点10] 🇺🇸 US 910 → tg@nicevpn123 | err=-
[DEBUG] mihomo drop | branch={844} | size=1 | parse=0 | names=[免费节点10] 🇺🇸 US 910 → tg@nicevpn123 | err=-
[DROP] name=[免费节点10] 🇺🇸 US 910 → tg@nicevpn123 {844} | server=506.outline-vpn.cloud:443 | reason=mihomo start failed
[TEST] {857} tested=1/1 | kept=0 | rest=0
[DEBUG] mihomo isolate | branch={857} | size=1 | parse=0 | names=[免费节点10] 🇺🇸 US 860 → tg@nicevpn123 | err=-
[DEBUG] mihomo drop | branch={857} | size=1 | parse=0 | names=[免费节点10] 🇺🇸 US 860 → tg@nicevpn123 | err=-
[DROP] name=[免费节点10] 🇺🇸 US 860 → tg@nicevpn123 {857} | server=104.19.49.221:443 | reason=mihomo start failed
[TEST] {859} tested=1/1 | kept=0 | rest=0
[DEBUG] mihomo isolate | branch={859} | size=1 | parse=0 | names=[免费节点10] 🇺🇸 US 862 → tg@nicevpn123 | err=-
[DEBUG] mihomo drop | branch={859} | size=1 | parse=0 | names=[免费节点10] 🇺🇸 US 862 → tg@nicevpn123 | err=-
[DROP] name=[免费节点10] 🇺🇸 US 862 → tg@nicevpn123 {859} | server=104.19.45.158:2095 | reason=mihomo start failed
[TEST] {848} tested=1/1 | kept=0 | rest=0
[DEBUG] mihomo isolate | branch={848} | size=1 | parse=0 | names=[免费节点10] 🇺🇸 US 875 → tg@nicevpn123 | err=-
[DEBUG] mihomo drop | branch={848} | size=1 | parse=0 | names=[免费节点10] 🇺🇸 US 875 → tg@nicevpn123 | err=-
[DROP] name=[免费节点10] 🇺🇸 US 875 → tg@nicevpn123 {848} | server=38.114.114.208:8090 | reason=mihomo start failed
[TEST] {861} tested=1/1 | kept=0 | rest=0
[DEBUG] mihomo isolate | branch={861} | size=1 | parse=0 | names=[免费节点10] 🇺🇸 US 854 → tg@nicevpn123 | err=-
[DEBUG] mihomo drop | branch={861} | size=1 | parse=0 | names=[免费节点10] 🇺🇸 US 854 → tg@nicevpn123 | err=-
[DROP] name=[免费节点10] 🇺🇸 US 854 → tg@nicevpn123 {861} | server=104.19.45.107:2082 | reason=mihomo start failed
[TEST] {862} tested=1/1 | kept=0 | rest=0
[DEBUG] mihomo isolate | branch={862} | size=1 | parse=0 | names=[免费节点10] 🇺🇸 US 855 → tg@nicevpn123 | err=-
[DEBUG] mihomo drop | branch={862} | size=1 | parse=0 | names=[免费节点10] 🇺🇸 US 855 → tg@nicevpn123 | err=-
[DROP] name=[免费节点10] 🇺🇸 US 855 → tg@nicevpn123 {862} | server=104.16.40.158:2082 | reason=mihomo start failed
[TEST] {863} tested=1/1 | kept=0 | rest=0
[DEBUG] mihomo isolate | branch={863} | size=1 | parse=0 | names=[免费节点10] 🇺🇸 US 856 → tg@nicevpn123 | err=-
[DEBUG] mihomo drop | branch={863} | size=1 | parse=0 | names=[免费节点10] 🇺🇸 US 856 → tg@nicevpn123 | err=-
[DROP] name=[免费节点10] 🇺🇸 US 856 → tg@nicevpn123 {863} | server=104.19.42.60:2082 | reason=mihomo start failed
[TEST] {855} tested=1/1 | kept=0 | rest=0
[DEBUG] mihomo isolate | branch={855} | size=1 | parse=0 | names=[免费节点10] 🇺🇸 US 883 → tg@nicevpn123 | err=-
[DEBUG] mihomo drop | branch={855} | size=1 | parse=0 | names=[免费节点10] 🇺🇸 US 883 → tg@nicevpn123 | err=-
[DROP] name=[免费节点10] 🇺🇸 US 883 → tg@nicevpn123 {855} | server=65.109.199.41:1683 | reason=mihomo start failed
[TEST] {858} tested=1/1 | kept=0 | rest=0
[DEBUG] mihomo isolate | branch={858} | size=1 | parse=0 | names=[免费节点10] 🇺🇸 US 861 → tg@nicevpn123 | err=-
[DEBUG] mihomo drop | branch={858} | size=1 | parse=0 | names=[免费节点10] 🇺🇸 US 861 → tg@nicevpn123 | err=-
[DROP] name=[免费节点10] 🇺🇸 US 861 → tg@nicevpn123 {858} | server=mtn-----join.outline-vpn.cloud:443 | reason=mihomo start failed
[TEST] {865} tested=1/1 | kept=0 | rest=0
[DEBUG] mihomo isolate | branch={865} | size=1 | parse=0 | names=[免费节点10] 🇺🇸 US 936 → tg@nicevpn123 | err=-
[DEBUG] mihomo drop | branch={865} | size=1 | parse=0 | names=[免费节点10] 🇺🇸 US 936 → tg@nicevpn123 | err=-
[DROP] name=[免费节点10] 🇺🇸 US 936 → tg@nicevpn123 {865} | server=104.19.42.106:2082 | reason=mihomo start failed
[TEST] {860} tested=1/1 | kept=0 | rest=0
[DEBUG] mihomo isolate | branch={860} | size=1 | parse=0 | names=[免费节点10] 🇺🇸 US 863 → tg@nicevpn123 | err=-
[DEBUG] mihomo drop | branch={860} | size=1 | parse=0 | names=[免费节点10] 🇺🇸 US 863 → tg@nicevpn123 | err=-
[DROP] name=[免费节点10] 🇺🇸 US 863 → tg@nicevpn123 {860} | server=162.55.12.6:8081 | reason=mihomo start failed
[TEST] {868} tested=1/1 | kept=0 | rest=0
[DEBUG] mihomo isolate | branch={868} | size=1 | parse=0 | names=[免费节点10] 🇺🇸 US 94 → tg@nicevpn123 | err=-
[DEBUG] mihomo drop | branch={868} | size=1 | parse=0 | names=[免费节点10] 🇺🇸 US 94 → tg@nicevpn123 | err=-
[DROP] name=[免费节点10] 🇺🇸 US 94 → tg@nicevpn123 {868} | server=104.19.43.94:80 | reason=mihomo start failed
[TEST] {869} tested=1/1 | kept=0 | rest=0
[DEBUG] mihomo isolate | branch={869} | size=1 | parse=0 | names=[免费节点10] 🇺🇸 US 940 → tg@nicevpn123 | err=-
[DEBUG] mihomo drop | branch={869} | size=1 | parse=0 | names=[免费节点10] 🇺🇸 US 940 → tg@nicevpn123 | err=-
[DROP] name=[免费节点10] 🇺🇸 US 940 → tg@nicevpn123 {869} | server=104.21.228.21:80 | reason=mihomo start failed
[TEST] {864} tested=1/1 | kept=0 | rest=0
[DEBUG] mihomo isolate | branch={864} | size=1 | parse=0 | names=[免费节点10] 🇺🇸 US 858 → tg@nicevpn123 | err=-
[DEBUG] mihomo drop | branch={864} | size=1 | parse=0 | names=[免费节点10] 🇺🇸 US 858 → tg@nicevpn123 | err=-
[DROP] name=[免费节点10] 🇺🇸 US 858 → tg@nicevpn123 {864} | server=38.11.49.56:38000 | reason=mihomo start failed
[TEST] {870} tested=1/1 | kept=0 | rest=0
[DEBUG] mihomo isolate | branch={870} | size=1 | parse=0 | names=[免费节点10] 🇺🇸 US 93 → tg@nicevpn123 | err=-
[DEBUG] mihomo drop | branch={870} | size=1 | parse=0 | names=[免费节点10] 🇺🇸 US 93 → tg@nicevpn123 | err=-
[DROP] name=[免费节点10] 🇺🇸 US 93 → tg@nicevpn123 {870} | server=104.16.42.21:2082 | reason=mihomo start failed
[TEST] {872} tested=1/1 | kept=0 | rest=0
[DEBUG] mihomo isolate | branch={872} | size=1 | parse=0 | names=[免费节点10] 🇺🇸 US 931 → tg@nicevpn123 | err=-
[DEBUG] mihomo drop | branch={872} | size=1 | parse=0 | names=[免费节点10] 🇺🇸 US 931 → tg@nicevpn123 | err=-
[DROP] name=[免费节点10] 🇺🇸 US 931 → tg@nicevpn123 {872} | server=104.19.45.117:2095 | reason=mihomo start failed
[TEST] {873} tested=1/1 | kept=0 | rest=0
[DEBUG] mihomo isolate | branch={873} | size=1 | parse=0 | names=[免费节点10] 🇺🇸 US 935 → tg@nicevpn123 | err=-
[DEBUG] mihomo drop | branch={873} | size=1 | parse=0 | names=[免费节点10] 🇺🇸 US 935 → tg@nicevpn123 | err=-
[DROP] name=[免费节点10] 🇺🇸 US 935 → tg@nicevpn123 {873} | server=104.18.36.119:2052 | reason=mihomo start failed
[TEST] {874} tested=1/1 | kept=0 | rest=0
[DEBUG] mihomo isolate | branch={874} | size=1 | parse=0 | names=[免费节点10] 🇺🇸 US 2027 → tg@nicevpn123 | err=-
[DEBUG] mihomo drop | branch={874} | size=1 | parse=0 | names=[免费节点10] 🇺🇸 US 2027 → tg@nicevpn123 | err=-
[DROP] name=[免费节点10] 🇺🇸 US 2027 → tg@nicevpn123 {874} | server=104.19.44.205:80 | reason=mihomo start failed
[TEST] {866} tested=1/1 | kept=0 | rest=0
[DEBUG] mihomo isolate | branch={866} | size=1 | parse=0 | names=[免费节点10] 🇺🇸 US 937 → tg@nicevpn123 | err=-
[DEBUG] mihomo drop | branch={866} | size=1 | parse=0 | names=[免费节点10] 🇺🇸 US 937 → tg@nicevpn123 | err=-
[DROP] name=[免费节点10] 🇺🇸 US 937 → tg@nicevpn123 {866} | server=65.20.78.250:37262 | reason=mihomo start failed
[TEST] {875} tested=1/1 | kept=0 | rest=0
[DEBUG] mihomo isolate | branch={875} | size=1 | parse=0 | names=[免费节点10] 🇺🇸 US 2028 → tg@nicevpn123 | err=-
[DEBUG] mihomo drop | branch={875} | size=1 | parse=0 | names=[免费节点10] 🇺🇸 US 2028 → tg@nicevpn123 | err=-
[DROP] name=[免费节点10] 🇺🇸 US 2028 → tg@nicevpn123 {875} | server=104.19.44.18:80 | reason=mihomo start failed
[TEST] {877} tested=1/1 | kept=0 | rest=0
[DEBUG] mihomo isolate | branch={877} | size=1 | parse=0 | names=[免费节点10] 🇺🇸 US 2030 → tg@nicevpn123 | err=-
[DEBUG] mihomo drop | branch={877} | size=1 | parse=0 | names=[免费节点10] 🇺🇸 US 2030 → tg@nicevpn123 | err=-
[DROP] name=[免费节点10] 🇺🇸 US 2030 → tg@nicevpn123 {877} | server=104.19.44.129:80 | reason=mihomo start failed
[TEST] {876} tested=1/1 | kept=0 | rest=0
[DEBUG] mihomo isolate | branch={876} | size=1 | parse=0 | names=[免费节点10] 🇺🇸 US 2029 → tg@nicevpn123 | err=-
[DEBUG] mihomo drop | branch={876} | size=1 | parse=0 | names=[免费节点10] 🇺🇸 US 2029 → tg@nicevpn123 | err=-
[DROP] name=[免费节点10] 🇺🇸 US 2029 → tg@nicevpn123 {876} | server=104.19.45.45:80 | reason=mihomo start failed
[TEST] {878} tested=1/1 | kept=0 | rest=0
[DEBUG] mihomo isolate | branch={878} | size=1 | parse=0 | names=[免费节点10] 🇺🇸 US 2031 → tg@nicevpn123 | err=-
[DEBUG] mihomo drop | branch={878} | size=1 | parse=0 | names=[免费节点10] 🇺🇸 US 2031 → tg@nicevpn123 | err=-
[DROP] name=[免费节点10] 🇺🇸 US 2031 → tg@nicevpn123 {878} | server=104.19.44.142:80 | reason=mihomo start failed
[TEST] {880} tested=1/1 | kept=0 | rest=0
[DEBUG] mihomo isolate | branch={880} | size=1 | parse=0 | names=[免费节点10] 🇺🇸 US 2033 → tg@nicevpn123 | err=-
[DEBUG] mihomo drop | branch={880} | size=1 | parse=0 | names=[免费节点10] 🇺🇸 US 2033 → tg@nicevpn123 | err=-
[DROP] name=[免费节点10] 🇺🇸 US 2033 → tg@nicevpn123 {880} | server=104.19.45.219:2095 | reason=mihomo start failed
[TEST] {879} tested=1/1 | kept=0 | rest=0
[DEBUG] mihomo isolate | branch={879} | size=1 | parse=0 | names=[免费节点10] 🇺🇸 US 2032 → tg@nicevpn123 | err=-
[DEBUG] mihomo drop | branch={879} | size=1 | parse=0 | names=[免费节点10] 🇺🇸 US 2032 → tg@nicevpn123 | err=-
[DROP] name=[免费节点10] 🇺🇸 US 2032 → tg@nicevpn123 {879} | server=104.19.44.186:80 | reason=mihomo start failed
[TEST] {881} tested=1/1 | kept=0 | rest=0
[DEBUG] mihomo isolate | branch={881} | size=1 | parse=0 | names=[免费节点10] 🇺🇸 US 2034 → tg@nicevpn123 | err=-
[DEBUG] mihomo drop | branch={881} | size=1 | parse=0 | names=[免费节点10] 🇺🇸 US 2034 → tg@nicevpn123 | err=-
[DROP] name=[免费节点10] 🇺🇸 US 2034 → tg@nicevpn123 {881} | server=104.19.44.182:80 | reason=mihomo start failed
[TEST] {882} tested=1/1 | kept=0 | rest=0
[DEBUG] mihomo isolate | branch={882} | size=1 | parse=0 | names=[免费节点10] 🇺🇸 US 2035 → tg@nicevpn123 | err=-
[DEBUG] mihomo drop | branch={882} | size=1 | parse=0 | names=[免费节点10] 🇺🇸 US 2035 → tg@nicevpn123 | err=-
[DROP] name=[免费节点10] 🇺🇸 US 2035 → tg@nicevpn123 {882} | server=104.19.44.240:80 | reason=mihomo start failed
[TEST] {867} tested=1/1 | kept=0 | rest=0
[DEBUG] mihomo isolate | branch={867} | size=1 | parse=0 | names=[免费节点10] 🇺🇸 US 938 → tg@nicevpn123 | err=-
[DEBUG] mihomo drop | branch={867} | size=1 | parse=0 | names=[免费节点10] 🇺🇸 US 938 → tg@nicevpn123 | err=-
[DROP] name=[免费节点10] 🇺🇸 US 938 → tg@nicevpn123 {867} | server=ip0axv1bbsu02k7-jp.1ytnode.com:56349 | reason=mihomo start failed
[TEST] {885} tested=1/1 | kept=0 | rest=0
[DEBUG] mihomo isolate | branch={885} | size=1 | parse=0 | names=[免费节点10] 🇺🇸 US 958 → tg@nicevpn123 | err=-
[DEBUG] mihomo drop | branch={885} | size=1 | parse=0 | names=[免费节点10] 🇺🇸 US 958 → tg@nicevpn123 | err=-
[DROP] name=[免费节点10] 🇺🇸 US 958 → tg@nicevpn123 {885} | server=104.16.192.145:443 | reason=mihomo start failed
[TEST] {871} tested=1/1 | kept=0 | rest=0
[DEBUG] mihomo isolate | branch={871} | size=1 | parse=0 | names=[免费节点10] 🇺🇸 US 930 → tg@nicevpn123 | err=-
[DEBUG] mihomo drop | branch={871} | size=1 | parse=0 | names=[免费节点10] 🇺🇸 US 930 → tg@nicevpn123 | err=-
[DROP] name=[免费节点10] 🇺🇸 US 930 → tg@nicevpn123 {871} | server=45.77.167.12:443 | reason=mihomo start failed
[TEST] {883} tested=1/1 | kept=0 | rest=0
[DEBUG] mihomo isolate | branch={883} | size=1 | parse=0 | names=[免费节点10] 🇺🇸 US 956 → tg@nicevpn123 | err=-
[DEBUG] mihomo drop | branch={883} | size=1 | parse=0 | names=[免费节点10] 🇺🇸 US 956 → tg@nicevpn123 | err=-
[DROP] name=[免费节点10] 🇺🇸 US 956 → tg@nicevpn123 {883} | server=157.245.4.170:8881 | reason=mihomo start failed
[TEST] {884} tested=1/1 | kept=0 | rest=0
[DEBUG] mihomo isolate | branch={884} | size=1 | parse=0 | names=[免费节点10] 🇺🇸 US 957 → tg@nicevpn123 | err=-
[DEBUG] mihomo drop | branch={884} | size=1 | parse=0 | names=[免费节点10] 🇺🇸 US 957 → tg@nicevpn123 | err=-
[DROP] name=[免费节点10] 🇺🇸 US 957 → tg@nicevpn123 {884} | server=38.110.1.3:7002 | reason=mihomo start failed
[TEST] {890} tested=1/1 | kept=0 | rest=0
[DEBUG] mihomo isolate | branch={890} | size=1 | parse=0 | names=[免费节点10] 🇺🇸 US 954 → tg@nicevpn123 | err=-
[DEBUG] mihomo drop | branch={890} | size=1 | parse=0 | names=[免费节点10] 🇺🇸 US 954 → tg@nicevpn123 | err=-
[DROP] name=[免费节点10] 🇺🇸 US 954 → tg@nicevpn123 {890} | server=104.19.45.48:2095 | reason=mihomo start failed
[TEST] {888} tested=1/1 | kept=0 | rest=0
[DEBUG] mihomo isolate | branch={888} | size=1 | parse=0 | names=[免费节点10] 🇺🇸 US 952 → tg@nicevpn123 | err=-
[DEBUG] mihomo drop | branch={888} | size=1 | parse=0 | names=[免费节点10] 🇺🇸 US 952 → tg@nicevpn123 | err=-
[DROP] name=[免费节点10] 🇺🇸 US 952 → tg@nicevpn123 {888} | server=104.16.43.235:2082 | reason=mihomo start failed
[TEST] {887} tested=1/1 | kept=0 | rest=0
[DEBUG] mihomo isolate | branch={887} | size=1 | parse=0 | names=[免费节点10] 🇺🇸 US 960 → tg@nicevpn123 | err=-
[DEBUG] mihomo drop | branch={887} | size=1 | parse=0 | names=[免费节点10] 🇺🇸 US 960 → tg@nicevpn123 | err=-
[DROP] name=[免费节点10] 🇺🇸 US 960 → tg@nicevpn123 {887} | server=159.203.114.222:8881 | reason=mihomo start failed
[TEST] {895} tested=1/1 | kept=0 | rest=0
[DEBUG] mihomo isolate | branch={895} | size=1 | parse=0 | names=[免费节点10] 🇺🇸 US 974 → tg@nicevpn123 | err=-
[DEBUG] mihomo drop | branch={895} | size=1 | parse=0 | names=[免费节点10] 🇺🇸 US 974 → tg@nicevpn123 | err=-
[DROP] name=[免费节点10] 🇺🇸 US 974 → tg@nicevpn123 {895} | server=172.67.229.25:2086 | reason=mihomo start failed
[TEST] {893} tested=1/1 | kept=0 | rest=0
[DEBUG] mihomo isolate | branch={893} | size=1 | parse=0 | names=[免费节点10] 🇺🇸 US 972 → tg@nicevpn123 | err=-
[DEBUG] mihomo drop | branch={893} | size=1 | parse=0 | names=[免费节点10] 🇺🇸 US 972 → tg@nicevpn123 | err=-
[DROP] name=[免费节点10] 🇺🇸 US 972 → tg@nicevpn123 {893} | server=104.18.202.232:2083 | reason=mihomo start failed
[TEST] {894} tested=1/1 | kept=0 | rest=0
[DEBUG] mihomo isolate | branch={894} | size=1 | parse=0 | names=[免费节点10] 🇺🇸 US 973 → tg@nicevpn123 | err=-
[DEBUG] mihomo drop | branch={894} | size=1 | parse=0 | names=[免费节点10] 🇺🇸 US 973 → tg@nicevpn123 | err=-
[DROP] name=[免费节点10] 🇺🇸 US 973 → tg@nicevpn123 {894} | server=104.19.45.226:2095 | reason=mihomo start failed
[TEST] {892} tested=1/1 | kept=0 | rest=0
[DEBUG] mihomo isolate | branch={892} | size=1 | parse=0 | names=[免费节点10] 🇺🇸 US 971 → tg@nicevpn123 | err=-
[DEBUG] mihomo drop | branch={892} | size=1 | parse=0 | names=[免费节点10] 🇺🇸 US 971 → tg@nicevpn123 | err=-
[DROP] name=[免费节点10] 🇺🇸 US 971 → tg@nicevpn123 {892} | server=38.68.134.9:3306 | reason=mihomo start failed
[TEST] {896} tested=1/1 | kept=0 | rest=0
[DEBUG] mihomo isolate | branch={896} | size=1 | parse=0 | names=[免费节点10] 🇺🇸 US 2010 → tg@nicevpn123 | err=-
[DEBUG] mihomo drop | branch={896} | size=1 | parse=0 | names=[免费节点10] 🇺🇸 US 2010 → tg@nicevpn123 | err=-
[DROP] name=[免费节点10] 🇺🇸 US 2010 → tg@nicevpn123 {896} | server=104.19.44.7:80 | reason=mihomo start failed
[TEST] {897} tested=1/1 | kept=0 | rest=0
[DEBUG] mihomo isolate | branch={897} | size=1 | parse=0 | names=[免费节点10] 🇺🇸 US 2011 → tg@nicevpn123 | err=-
[DEBUG] mihomo drop | branch={897} | size=1 | parse=0 | names=[免费节点10] 🇺🇸 US 2011 → tg@nicevpn123 | err=-
[DROP] name=[免费节点10] 🇺🇸 US 2011 → tg@nicevpn123 {897} | server=104.19.44.59:80 | reason=mihomo start failed
[TEST] {898} tested=1/1 | kept=0 | rest=0
[DEBUG] mihomo isolate | branch={898} | size=1 | parse=0 | names=[免费节点10] 🇺🇸 US 2012 → tg@nicevpn123 | err=-
[DEBUG] mihomo drop | branch={898} | size=1 | parse=0 | names=[免费节点10] 🇺🇸 US 2012 → tg@nicevpn123 | err=-
[DROP] name=[免费节点10] 🇺🇸 US 2012 → tg@nicevpn123 {898} | server=104.19.44.238:80 | reason=mihomo start failed
[TEST] {899} tested=1/1 | kept=0 | rest=0
[DEBUG] mihomo isolate | branch={899} | size=1 | parse=0 | names=[免费节点10] 🇺🇸 US 2013 → tg@nicevpn123 | err=-
[DEBUG] mihomo drop | branch={899} | size=1 | parse=0 | names=[免费节点10] 🇺🇸 US 2013 → tg@nicevpn123 | err=-
[DROP] name=[免费节点10] 🇺🇸 US 2013 → tg@nicevpn123 {899} | server=104.19.44.241:80 | reason=mihomo start failed
[TEST] {901} tested=1/1 | kept=0 | rest=0
[DEBUG] mihomo isolate | branch={901} | size=1 | parse=0 | names=[免费节点10] 🇺🇸 US 2015 → tg@nicevpn123 | err=-
[DEBUG] mihomo drop | branch={901} | size=1 | parse=0 | names=[免费节点10] 🇺🇸 US 2015 → tg@nicevpn123 | err=-
[DROP] name=[免费节点10] 🇺🇸 US 2015 → tg@nicevpn123 {901} | server=104.19.44.75:80 | reason=mihomo start failed
[TEST] {900} tested=1/1 | kept=0 | rest=0
[DEBUG] mihomo isolate | branch={900} | size=1 | parse=0 | names=[免费节点10] 🇺🇸 US 2014 → tg@nicevpn123 | err=-
[DEBUG] mihomo drop | branch={900} | size=1 | parse=0 | names=[免费节点10] 🇺🇸 US 2014 → tg@nicevpn123 | err=-
[DROP] name=[免费节点10] 🇺🇸 US 2014 → tg@nicevpn123 {900} | server=104.19.44.219:80 | reason=mihomo start failed
[TEST] {902} tested=1/1 | kept=0 | rest=0
[DEBUG] mihomo isolate | branch={902} | size=1 | parse=0 | names=[免费节点10] 🇺🇸 US 2016 → tg@nicevpn123 | err=-
[DEBUG] mihomo drop | branch={902} | size=1 | parse=0 | names=[免费节点10] 🇺🇸 US 2016 → tg@nicevpn123 | err=-
[DROP] name=[免费节点10] 🇺🇸 US 2016 → tg@nicevpn123 {902} | server=104.19.44.85:80 | reason=mihomo start failed
[TEST] {903} tested=1/1 | kept=0 | rest=0
[DEBUG] mihomo isolate | branch={903} | size=1 | parse=0 | names=[免费节点10] 🇺🇸 US 2017 → tg@nicevpn123 | err=-
[DEBUG] mihomo drop | branch={903} | size=1 | parse=0 | names=[免费节点10] 🇺🇸 US 2017 → tg@nicevpn123 | err=-
[DROP] name=[免费节点10] 🇺🇸 US 2017 → tg@nicevpn123 {903} | server=104.19.44.11:80 | reason=mihomo start failed
[TEST] {886} tested=1/1 | kept=0 | rest=0
[DEBUG] mihomo isolate | branch={886} | size=1 | parse=0 | names=[免费节点10] 🇺🇸 US 96 → tg@nicevpn123 | err=-
[DEBUG] mihomo drop | branch={886} | size=1 | parse=0 | names=[免费节点10] 🇺🇸 US 96 → tg@nicevpn123 | err=-
[DROP] name=[免费节点10] 🇺🇸 US 96 → tg@nicevpn123 {886} | server=155.138.242.207:80 | reason=mihomo start failed
[TEST] {904} tested=1/1 | kept=0 | rest=0
[DEBUG] mihomo isolate | branch={904} | size=1 | parse=0 | names=[免费节点10] 🇺🇸 US 2018 → tg@nicevpn123 | err=-
[DEBUG] mihomo drop | branch={904} | size=1 | parse=0 | names=[免费节点10] 🇺🇸 US 2018 → tg@nicevpn123 | err=-
[DROP] name=[免费节点10] 🇺🇸 US 2018 → tg@nicevpn123 {904} | server=104.19.44.10:80 | reason=mihomo start failed
[TEST] {905} tested=1/1 | kept=0 | rest=0
[DEBUG] mihomo isolate | branch={905} | size=1 | parse=0 | names=[免费节点10] 🇺🇸 US 975 → tg@nicevpn123 | err=-
[DEBUG] mihomo drop | branch={905} | size=1 | parse=0 | names=[免费节点10] 🇺🇸 US 975 → tg@nicevpn123 | err=-
[DROP] name=[免费节点10] 🇺🇸 US 975 → tg@nicevpn123 {905} | server=uk-full.privateip.net:443 | reason=mihomo start failed
[TEST] {906} tested=1/1 | kept=0 | rest=0
[DEBUG] mihomo isolate | branch={906} | size=1 | parse=0 | names=[免费节点10] 🇺🇸 US 976 → tg@nicevpn123 | err=-
[DEBUG] mihomo drop | branch={906} | size=1 | parse=0 | names=[免费节点10] 🇺🇸 US 976 → tg@nicevpn123 | err=-
[DROP] name=[免费节点10] 🇺🇸 US 976 → tg@nicevpn123 {906} | server=104.19.45.228:2095 | reason=mihomo start failed
[TEST] {907} tested=1/1 | kept=0 | rest=0
[DEBUG] mihomo isolate | branch={907} | size=1 | parse=0 | names=[免费节点10] 🇺🇸 US 977 → tg@nicevpn123 | err=-
[DEBUG] mihomo drop | branch={907} | size=1 | parse=0 | names=[免费节点10] 🇺🇸 US 977 → tg@nicevpn123 | err=-
[DROP] name=[免费节点10] 🇺🇸 US 977 → tg@nicevpn123 {907} | server=104.19.45.138:2095 | reason=mihomo start failed
[TEST] {909} tested=1/1 | kept=0 | rest=0
[DEBUG] mihomo isolate | branch={909} | size=1 | parse=0 | names=[免费节点10] 🇺🇸 US 979 → tg@nicevpn123 | err=-
[DEBUG] mihomo drop | branch={909} | size=1 | parse=0 | names=[免费节点10] 🇺🇸 US 979 → tg@nicevpn123 | err=-
[DROP] name=[免费节点10] 🇺🇸 US 979 → tg@nicevpn123 {909} | server=104.19.44.198:8080 | reason=mihomo start failed
[TEST] {911} tested=1/1 | kept=0 | rest=0
[DEBUG] mihomo isolate | branch={911} | size=1 | parse=0 | names=[免费节点10] 🇺🇸 US 995 → tg@nicevpn123 | err=-
[DEBUG] mihomo drop | branch={911} | size=1 | parse=0 | names=[免费节点10] 🇺🇸 US 995 → tg@nicevpn123 | err=-
[DROP] name=[免费节点10] 🇺🇸 US 995 → tg@nicevpn123 {911} | server=38.110.1.105:5498 | reason=mihomo start failed
[TEST] {913} tested=1/1 | kept=0 | rest=0
[DEBUG] mihomo isolate | branch={913} | size=1 | parse=0 | names=[免费节点10] 🇺🇸 US 997 → tg@nicevpn123 | err=-
[DEBUG] mihomo drop | branch={913} | size=1 | parse=0 | names=[免费节点10] 🇺🇸 US 997 → tg@nicevpn123 | err=-
[DROP] name=[免费节点10] 🇺🇸 US 997 → tg@nicevpn123 {913} | server=104.17.61.2:443 | reason=mihomo start failed
[TEST] {910} tested=1/1 | kept=0 | rest=0
[DEBUG] mihomo isolate | branch={910} | size=1 | parse=0 | names=[免费节点10] 🇺🇸 US 993 → tg@nicevpn123 | err=-
[DEBUG] mihomo drop | branch={910} | size=1 | parse=0 | names=[免费节点10] 🇺🇸 US 993 → tg@nicevpn123 | err=-
[DROP] name=[免费节点10] 🇺🇸 US 993 → tg@nicevpn123 {910} | server=104.19.48.126:2082 | reason=mihomo start failed
[TEST] {889} tested=1/1 | kept=0 | rest=0
[DEBUG] mihomo isolate | branch={889} | size=1 | parse=0 | names=[免费节点10] 🇺🇸 US 953 → tg@nicevpn123 | err=-
[DEBUG] mihomo drop | branch={889} | size=1 | parse=0 | names=[免费节点10] 🇺🇸 US 953 → tg@nicevpn123 | err=-
[DROP] name=[免费节点10] 🇺🇸 US 953 → tg@nicevpn123 {889} | server=ip0axv1bbsu02k7-uk.1ytnode.com:56374 | reason=mihomo start failed
[TEST] {891} tested=1/1 | kept=0 | rest=0
[DEBUG] mihomo isolate | branch={891} | size=1 | parse=0 | names=[免费节点10] 🇺🇸 US 955 → tg@nicevpn123 | err=-
[DEBUG] mihomo drop | branch={891} | size=1 | parse=0 | names=[免费节点10] 🇺🇸 US 955 → tg@nicevpn123 | err=-
[DROP] name=[免费节点10] 🇺🇸 US 955 → tg@nicevpn123 {891} | server=18.183.101.186:443 | reason=mihomo start failed
[TEST] {914} tested=1/1 | kept=0 | rest=0
[DEBUG] mihomo isolate | branch={914} | size=1 | parse=0 | names=[免费节点10] 🇺🇸 US 998 → tg@nicevpn123 | err=-
[DEBUG] mihomo drop | branch={914} | size=1 | parse=0 | names=[免费节点10] 🇺🇸 US 998 → tg@nicevpn123 | err=-
[DROP] name=[免费节点10] 🇺🇸 US 998 → tg@nicevpn123 {914} | server=104.16.39.67:2082 | reason=mihomo start failed
[TEST] {915} tested=1/1 | kept=0 | rest=0
[DEBUG] mihomo isolate | branch={915} | size=1 | parse=0 | names=[免费节点10] 🇺🇸 US 99 → tg@nicevpn123 | err=-
[DEBUG] mihomo drop | branch={915} | size=1 | parse=0 | names=[免费节点10] 🇺🇸 US 99 → tg@nicevpn123 | err=-
[DROP] name=[免费节点10] 🇺🇸 US 99 → tg@nicevpn123 {915} | server=us2-full.privateip.net:443 | reason=mihomo start failed
[TEST] {917} tested=1/1 | kept=0 | rest=0
[DEBUG] mihomo isolate | branch={917} | size=1 | parse=0 | names=[免费节点10] 🇺🇸 US 991 → tg@nicevpn123 | err=-
[DEBUG] mihomo drop | branch={917} | size=1 | parse=0 | names=[免费节点10] 🇺🇸 US 991 → tg@nicevpn123 | err=-
[DROP] name=[免费节点10] 🇺🇸 US 991 → tg@nicevpn123 {917} | server=104.21.83.108:443 | reason=mihomo start failed
[TEST] {908} tested=1/1 | kept=0 | rest=0
[DEBUG] mihomo isolate | branch={908} | size=1 | parse=0 | names=[免费节点10] 🇺🇸 US 978 → tg@nicevpn123 | err=-
[DEBUG] mihomo drop | branch={908} | size=1 | parse=0 | names=[免费节点10] 🇺🇸 US 978 → tg@nicevpn123 | err=-
[DROP] name=[免费节点10] 🇺🇸 US 978 → tg@nicevpn123 {908} | server=38.110.1.43:7307 | reason=mihomo start failed
[TEST] {919} tested=1/1 | kept=0 | rest=0
[DEBUG] mihomo isolate | branch={919} | size=1 | parse=0 | names=[免费节点10] 🇺🇸 US 207 → tg@nicevpn123 | err=-
[DEBUG] mihomo drop | branch={919} | size=1 | parse=0 | names=[免费节点10] 🇺🇸 US 207 → tg@nicevpn123 | err=-
[DROP] name=[免费节点10] 🇺🇸 US 207 → tg@nicevpn123 {919} | server=debbc.qkhbyf.tech:443 | reason=mihomo start failed
[TEST] {920} tested=1/1 | kept=0 | rest=0
[DEBUG] mihomo isolate | branch={920} | size=1 | parse=0 | names=[免费节点10] 🇺🇸 US 208 → tg@nicevpn123 | err=-
[DEBUG] mihomo drop | branch={920} | size=1 | parse=0 | names=[免费节点10] 🇺🇸 US 208 → tg@nicevpn123 | err=-
[DROP] name=[免费节点10] 🇺🇸 US 208 → tg@nicevpn123 {920} | server=series-a2-me.varzesh360.co:443 | reason=mihomo start failed
[TEST] {921} tested=1/1 | kept=0 | rest=0
[DEBUG] mihomo isolate | branch={921} | size=1 | parse=0 | names=[免费节点10] 🇺🇸 US 209 → tg@nicevpn123 | err=-
[DEBUG] mihomo drop | branch={921} | size=1 | parse=0 | names=[免费节点10] 🇺🇸 US 209 → tg@nicevpn123 | err=-
[DROP] name=[免费节点10] 🇺🇸 US 209 → tg@nicevpn123 {921} | server=uk-full.privateip.net:443 | reason=mihomo start failed
[TEST] {922} tested=1/1 | kept=0 | rest=0
[DEBUG] mihomo isolate | branch={922} | size=1 | parse=0 | names=[免费节点10] 🇺🇸 US 211 → tg@nicevpn123 | err=-
[DEBUG] mihomo drop | branch={922} | size=1 | parse=0 | names=[免费节点10] 🇺🇸 US 211 → tg@nicevpn123 | err=-
[DROP] name=[免费节点10] 🇺🇸 US 211 → tg@nicevpn123 {922} | server=104.19.48.168:2082 | reason=mihomo start failed
[TEST] {923} tested=1/1 | kept=0 | rest=0
[DEBUG] mihomo isolate | branch={923} | size=1 | parse=0 | names=[免费节点10] 🇺🇸 US 213 → tg@nicevpn123 | err=-
[DEBUG] mihomo drop | branch={923} | size=1 | parse=0 | names=[免费节点10] 🇺🇸 US 213 → tg@nicevpn123 | err=-
[DROP] name=[免费节点10] 🇺🇸 US 213 → tg@nicevpn123 {923} | server=103.79.79.57:31231 | reason=mihomo start failed
[TEST] {924} tested=1/1 | kept=0 | rest=0
[DEBUG] mihomo isolate | branch={924} | size=1 | parse=0 | names=[免费节点10] 🇺🇸 US 215 → tg@nicevpn123 | err=-
[DEBUG] mihomo drop | branch={924} | size=1 | parse=0 | names=[免费节点10] 🇺🇸 US 215 → tg@nicevpn123 | err=-
[DROP] name=[免费节点10] 🇺🇸 US 215 → tg@nicevpn123 {924} | server=ak1757.www.outline.network.fr8678825324247b8176d59f83c30bd94d23d2e3ac5cd4a743bkwqeikvdyufr.cyou:8080 | reason=mihomo start failed
[TEST] {912} tested=1/1 | kept=0 | rest=0
[DEBUG] mihomo isolate | branch={912} | size=1 | parse=0 | names=[免费节点10] 🇺🇸 US 996 → tg@nicevpn123 | err=-
[DEBUG] mihomo drop | branch={912} | size=1 | parse=0 | names=[免费节点10] 🇺🇸 US 996 → tg@nicevpn123 | err=-
[DROP] name=[免费节点10] 🇺🇸 US 996 → tg@nicevpn123 {912} | server=13.215.208.103:443 | reason=mihomo start failed
[TEST] {926} tested=1/1 | kept=0 | rest=0
[DEBUG] mihomo isolate | branch={926} | size=1 | parse=0 | names=[免费节点10] 🇺🇸 US 219 → tg@nicevpn123 | err=-
[DEBUG] mihomo drop | branch={926} | size=1 | parse=0 | names=[免费节点10] 🇺🇸 US 219 → tg@nicevpn123 | err=-
[DROP] name=[免费节点10] 🇺🇸 US 219 → tg@nicevpn123 {926} | server=104.21.225.96:80 | reason=mihomo start failed
[TEST] {925} tested=1/1 | kept=0 | rest=0
[DEBUG] mihomo isolate | branch={925} | size=1 | parse=0 | names=[免费节点10] 🇺🇸 US 216 → tg@nicevpn123 | err=-
[DEBUG] mihomo drop | branch={925} | size=1 | parse=0 | names=[免费节点10] 🇺🇸 US 216 → tg@nicevpn123 | err=-
[DROP] name=[免费节点10] 🇺🇸 US 216 → tg@nicevpn123 {925} | server=104.19.45.199:2095 | reason=mihomo start failed
[TEST] {927} tested=1/1 | kept=0 | rest=0
[DEBUG] mihomo isolate | branch={927} | size=1 | parse=0 | names=[免费节点10] 🇺🇸 US 22 → tg@nicevpn123 | err=-
[DEBUG] mihomo drop | branch={927} | size=1 | parse=0 | names=[免费节点10] 🇺🇸 US 22 → tg@nicevpn123 | err=-
[DROP] name=[免费节点10] 🇺🇸 US 22 → tg@nicevpn123 {927} | server=45.77.223.124:16899 | reason=mihomo start failed
[TEST] {929} tested=1/1 | kept=0 | rest=0
[DEBUG] mihomo isolate | branch={929} | size=1 | parse=0 | names=[免费节点10] 🇺🇸 US 980 → tg@nicevpn123 | err=-
[DEBUG] mihomo drop | branch={929} | size=1 | parse=0 | names=[免费节点10] 🇺🇸 US 980 → tg@nicevpn123 | err=-
[DROP] name=[免费节点10] 🇺🇸 US 980 → tg@nicevpn123 {929} | server=172.67.229.14:80 | reason=mihomo start failed
[TEST] {930} tested=1/1 | kept=0 | rest=0
[DEBUG] mihomo isolate | branch={930} | size=1 | parse=0 | names=[免费节点10] 🇺🇸 US 981 → tg@nicevpn123 | err=-
[DEBUG] mihomo drop | branch={930} | size=1 | parse=0 | names=[免费节点10] 🇺🇸 US 981 → tg@nicevpn123 | err=-
[DROP] name=[免费节点10] 🇺🇸 US 981 → tg@nicevpn123 {930} | server=104.19.45.236:2095 | reason=mihomo start failed
[TEST] {931} tested=1/1 | kept=0 | rest=0
[DEBUG] mihomo isolate | branch={931} | size=1 | parse=0 | names=[免费节点10] 🇺🇸 US 983 → tg@nicevpn123 | err=-
[DEBUG] mihomo drop | branch={931} | size=1 | parse=0 | names=[免费节点10] 🇺🇸 US 983 → tg@nicevpn123 | err=-
[DROP] name=[免费节点10] 🇺🇸 US 983 → tg@nicevpn123 {931} | server=104.16.43.184:2082 | reason=mihomo start failed
[TEST] {933} tested=1/1 | kept=0 | rest=0
[DEBUG] mihomo isolate | branch={933} | size=1 | parse=0 | names=[免费节点10] 🇺🇸 US 985 → tg@nicevpn123 | err=-
[DEBUG] mihomo drop | branch={933} | size=1 | parse=0 | names=[免费节点10] 🇺🇸 US 985 → tg@nicevpn123 | err=-
[DROP] name=[免费节点10] 🇺🇸 US 985 → tg@nicevpn123 {933} | server=104.19.45.95:2095 | reason=mihomo start failed
[TEST] {918} tested=1/1 | kept=0 | rest=0
[DEBUG] mihomo isolate | branch={918} | size=1 | parse=0 | names=[免费节点10] 🇺🇸 US 992 → tg@nicevpn123 | err=-
[DEBUG] mihomo drop | branch={918} | size=1 | parse=0 | names=[免费节点10] 🇺🇸 US 992 → tg@nicevpn123 | err=-
[DROP] name=[免费节点10] 🇺🇸 US 992 → tg@nicevpn123 {918} | server=38.110.1.43:8118 | reason=mihomo start failed
[TEST] {934} tested=1/1 | kept=0 | rest=0
[DEBUG] mihomo isolate | branch={934} | size=1 | parse=0 | names=[免费节点10] 🇺🇸 US 986 → tg@nicevpn123 | err=-
[DEBUG] mihomo drop | branch={934} | size=1 | parse=0 | names=[免费节点10] 🇺🇸 US 986 → tg@nicevpn123 | err=-
[DROP] name=[免费节点10] 🇺🇸 US 986 → tg@nicevpn123 {934} | server=104.19.45.74:2095 | reason=mihomo start failed
[TEST] {935} tested=1/1 | kept=0 | rest=0
[DEBUG] mihomo isolate | branch={935} | size=1 | parse=0 | names=[免费节点10] 🇺🇸 US 988 → tg@nicevpn123 | err=-
[DEBUG] mihomo drop | branch={935} | size=1 | parse=0 | names=[免费节点10] 🇺🇸 US 988 → tg@nicevpn123 | err=-
[DROP] name=[免费节点10] 🇺🇸 US 988 → tg@nicevpn123 {935} | server=172.67.193.36:80 | reason=mihomo start failed
[TEST] {916} tested=1/1 | kept=0 | rest=0
[DEBUG] mihomo isolate | branch={916} | size=1 | parse=0 | names=[免费节点10] 🇺🇸 US 990 → tg@nicevpn123 | err=-
[DEBUG] mihomo drop | branch={916} | size=1 | parse=0 | names=[免费节点10] 🇺🇸 US 990 → tg@nicevpn123 | err=-
[DROP] name=[免费节点10] 🇺🇸 US 990 → tg@nicevpn123 {916} | server=38.110.1.88:5499 | reason=mihomo start failed
[TEST] {938} tested=1/1 | kept=0 | rest=0
[DEBUG] mihomo isolate | branch={938} | size=1 | parse=0 | names=[免费节点10] 🇺🇸 US 228 → tg@nicevpn123 | err=-
[DEBUG] mihomo drop | branch={938} | size=1 | parse=0 | names=[免费节点10] 🇺🇸 US 228 → tg@nicevpn123 | err=-
[DROP] name=[免费节点10] 🇺🇸 US 228 → tg@nicevpn123 {938} | server=104.16.42.0:2082 | reason=mihomo start failed
[TEST] {928} tested=1/1 | kept=0 | rest=0
[DEBUG] mihomo isolate | branch={928} | size=1 | parse=0 | names=[免费节点10] 🇺🇸 US 98 → tg@nicevpn123 | err=-
[DEBUG] mihomo drop | branch={928} | size=1 | parse=0 | names=[免费节点10] 🇺🇸 US 98 → tg@nicevpn123 | err=-
[DROP] name=[免费节点10] 🇺🇸 US 98 → tg@nicevpn123 {928} | server=504.outline-vpn.cloud:443 | reason=mihomo start failed
[TEST] {939} tested=1/1 | kept=0 | rest=0
[DEBUG] mihomo isolate | branch={939} | size=1 | parse=0 | names=[免费节点10] 🇺🇸 US 23 → tg@nicevpn123 | err=-
[DEBUG] mihomo drop | branch={939} | size=1 | parse=0 | names=[免费节点10] 🇺🇸 US 23 → tg@nicevpn123 | err=-
[DROP] name=[免费节点10] 🇺🇸 US 23 → tg@nicevpn123 {939} | server=104.19.42.72:2082 | reason=mihomo start failed
[TEST] {940} tested=1/1 | kept=0 | rest=0
[DEBUG] mihomo isolate | branch={940} | size=1 | parse=0 | names=[免费节点10] 🇺🇸 US 232 → tg@nicevpn123 | err=-
[DEBUG] mihomo drop | branch={940} | size=1 | parse=0 | names=[免费节点10] 🇺🇸 US 232 → tg@nicevpn123 | err=-
[DROP] name=[免费节点10] 🇺🇸 US 232 → tg@nicevpn123 {940} | server=104.19.45.14:2095 | reason=mihomo start failed
[TEST] {941} tested=1/1 | kept=0 | rest=0
[DEBUG] mihomo isolate | branch={941} | size=1 | parse=0 | names=[免费节点10] 🇺🇸 US 233 → tg@nicevpn123 | err=-
[DEBUG] mihomo drop | branch={941} | size=1 | parse=0 | names=[免费节点10] 🇺🇸 US 233 → tg@nicevpn123 | err=-
[DROP] name=[免费节点10] 🇺🇸 US 233 → tg@nicevpn123 {941} | server=104.19.45.201:2095 | reason=mihomo start failed
[TEST] {932} tested=1/1 | kept=0 | rest=0
[DEBUG] mihomo isolate | branch={932} | size=1 | parse=0 | names=[免费节点10] 🇺🇸 US 984 → tg@nicevpn123 | err=-
[DEBUG] mihomo drop | branch={932} | size=1 | parse=0 | names=[免费节点10] 🇺🇸 US 984 → tg@nicevpn123 | err=-
[DROP] name=[免费节点10] 🇺🇸 US 984 → tg@nicevpn123 {932} | server=38.86.135.225:8091 | reason=mihomo start failed
[TEST] {945} tested=1/1 | kept=0 | rest=0
[DEBUG] mihomo isolate | branch={945} | size=1 | parse=0 | names=[免费节点10] 🇺🇸 US 223 → tg@nicevpn123 | err=-
[DEBUG] mihomo drop | branch={945} | size=1 | parse=0 | names=[免费节点10] 🇺🇸 US 223 → tg@nicevpn123 | err=-
[DROP] name=[免费节点10] 🇺🇸 US 223 → tg@nicevpn123 {945} | server=104.19.45.59:2095 | reason=mihomo start failed
[TEST] {943} tested=1/1 | kept=0 | rest=0
[DEBUG] mihomo isolate | branch={943} | size=1 | parse=0 | names=[免费节点10] 🇺🇸 US 221 → tg@nicevpn123 | err=-
[DEBUG] mihomo drop | branch={943} | size=1 | parse=0 | names=[免费节点10] 🇺🇸 US 221 → tg@nicevpn123 | err=-
[DROP] name=[免费节点10] 🇺🇸 US 221 → tg@nicevpn123 {943} | server=172.232.62.234:443 | reason=mihomo start failed
[TEST] {936} tested=1/1 | kept=0 | rest=0
[DEBUG] mihomo isolate | branch={936} | size=1 | parse=0 | names=[免费节点10] 🇺🇸 US 989 → tg@nicevpn123 | err=-
[DEBUG] mihomo drop | branch={936} | size=1 | parse=0 | names=[免费节点10] 🇺🇸 US 989 → tg@nicevpn123 | err=-
[DROP] name=[免费节点10] 🇺🇸 US 989 → tg@nicevpn123 {936} | server=216.246.66.180:30129 | reason=mihomo start failed
[TEST] {947} tested=1/1 | kept=0 | rest=0
[DEBUG] mihomo isolate | branch={947} | size=1 | parse=0 | names=[免费节点10] 🇺🇸 US 235 → tg@nicevpn123 | err=-
[DEBUG] mihomo drop | branch={947} | size=1 | parse=0 | names=[免费节点10] 🇺🇸 US 235 → tg@nicevpn123 | err=-
[DROP] name=[免费节点10] 🇺🇸 US 235 → tg@nicevpn123 {947} | server=104.16.43.245:2082 | reason=mihomo start failed
[TEST] {937} tested=1/1 | kept=0 | rest=0
[DEBUG] mihomo isolate | branch={937} | size=1 | parse=0 | names=[免费节点10] 🇺🇸 US 227 → tg@nicevpn123 | err=-
[DEBUG] mihomo drop | branch={937} | size=1 | parse=0 | names=[免费节点10] 🇺🇸 US 227 → tg@nicevpn123 | err=-
[DROP] name=[免费节点10] 🇺🇸 US 227 → tg@nicevpn123 {937} | server=38.173.210.79:37001 | reason=mihomo start failed
[TEST] {946} tested=1/1 | kept=0 | rest=0
[DEBUG] mihomo isolate | branch={946} | size=1 | parse=0 | names=[免费节点10] 🇺🇸 US 234 → tg@nicevpn123 | err=-
[DEBUG] mihomo drop | branch={946} | size=1 | parse=0 | names=[免费节点10] 🇺🇸 US 234 → tg@nicevpn123 | err=-
[DROP] name=[免费节点10] 🇺🇸 US 234 → tg@nicevpn123 {946} | server=104.17.147.11:443 | reason=mihomo start failed
[TEST] {948} tested=1/1 | kept=0 | rest=0
[DEBUG] mihomo isolate | branch={948} | size=1 | parse=0 | names=[免费节点10] 🇺🇸 US 236 → tg@nicevpn123 | err=-
[DEBUG] mihomo drop | branch={948} | size=1 | parse=0 | names=[免费节点10] 🇺🇸 US 236 → tg@nicevpn123 | err=-
[DROP] name=[免费节点10] 🇺🇸 US 236 → tg@nicevpn123 {948} | server=speed.cloudflare.com:80 | reason=mihomo start failed
[TEST] {950} tested=1/1 | kept=0 | rest=0
[DEBUG] mihomo isolate | branch={950} | size=1 | parse=0 | names=[免费节点10] 🇺🇸 US 296 → tg@nicevpn123 | err=-
[DEBUG] mihomo drop | branch={950} | size=1 | parse=0 | names=[免费节点10] 🇺🇸 US 296 → tg@nicevpn123 | err=-
[DROP] name=[免费节点10] 🇺🇸 US 296 → tg@nicevpn123 {950} | server=104.18.203.232:2083 | reason=mihomo start failed
[TEST] {951} tested=1/1 | kept=0 | rest=0
[DEBUG] mihomo isolate | branch={951} | size=1 | parse=0 | names=[免费节点10] 🇺🇸 US 297 → tg@nicevpn123 | err=-
[DEBUG] mihomo drop | branch={951} | size=1 | parse=0 | names=[免费节点10] 🇺🇸 US 297 → tg@nicevpn123 | err=-
[DROP] name=[免费节点10] 🇺🇸 US 297 → tg@nicevpn123 {951} | server=104.19.45.230:2095 | reason=mihomo start failed
[TEST] {952} tested=1/1 | kept=0 | rest=0
[DEBUG] mihomo isolate | branch={952} | size=1 | parse=0 | names=[免费节点10] 🇺🇸 US 299 → tg@nicevpn123 | err=-
[DEBUG] mihomo drop | branch={952} | size=1 | parse=0 | names=[免费节点10] 🇺🇸 US 299 → tg@nicevpn123 | err=-
[DROP] name=[免费节点10] 🇺🇸 US 299 → tg@nicevpn123 {952} | server=104.19.49.226:443 | reason=mihomo start failed
[TEST] {953} tested=1/1 | kept=0 | rest=0
[DEBUG] mihomo isolate | branch={953} | size=1 | parse=0 | names=[免费节点10] 🇺🇸 US 3 → tg@nicevpn123 | err=-
[DEBUG] mihomo drop | branch={953} | size=1 | parse=0 | names=[免费节点10] 🇺🇸 US 3 → tg@nicevpn123 | err=-
[DROP] name=[免费节点10] 🇺🇸 US 3 → tg@nicevpn123 {953} | server=3wihp-g01.jp05-6786-vm0.entry.fr0307a.art:46482 | reason=mihomo start failed
[TEST] {955} tested=1/1 | kept=0 | rest=0
[DEBUG] mihomo isolate | branch={955} | size=1 | parse=0 | names=[免费节点10] 🇺🇸 US 239 → tg@nicevpn123 | err=-
[DEBUG] mihomo drop | branch={955} | size=1 | parse=0 | names=[免费节点10] 🇺🇸 US 239 → tg@nicevpn123 | err=-
[DROP] name=[免费节点10] 🇺🇸 US 239 → tg@nicevpn123 {955} | server=104.16.42.205:2082 | reason=mihomo start failed
[TEST] {954} tested=1/1 | kept=0 | rest=0
[DEBUG] mihomo isolate | branch={954} | size=1 | parse=0 | names=[免费节点10] 🇺🇸 US 238 → tg@nicevpn123 | err=-
[DEBUG] mihomo drop | branch={954} | size=1 | parse=0 | names=[免费节点10] 🇺🇸 US 238 → tg@nicevpn123 | err=-
[DROP] name=[免费节点10] 🇺🇸 US 238 → tg@nicevpn123 {954} | server=104.16.39.99:2082 | reason=mihomo start failed
[TEST] {956} tested=1/1 | kept=0 | rest=0
[DEBUG] mihomo isolate | branch={956} | size=1 | parse=0 | names=[免费节点10] 🇺🇸 US 24 → tg@nicevpn123 | err=-
[DEBUG] mihomo drop | branch={956} | size=1 | parse=0 | names=[免费节点10] 🇺🇸 US 24 → tg@nicevpn123 | err=-
[DROP] name=[免费节点10] 🇺🇸 US 24 → tg@nicevpn123 {956} | server=104.19.48.138:2082 | reason=mihomo start failed
[TEST] {942} tested=1/1 | kept=0 | rest=0
[DEBUG] mihomo isolate | branch={942} | size=1 | parse=0 | names=[免费节点10] 🇺🇸 US 220 → tg@nicevpn123 | err=-
[DEBUG] mihomo drop | branch={942} | size=1 | parse=0 | names=[免费节点10] 🇺🇸 US 220 → tg@nicevpn123 | err=-
[DROP] name=[免费节点10] 🇺🇸 US 220 → tg@nicevpn123 {942} | server=45.79.108.12:443 | reason=mihomo start failed
[TEST] {944} tested=1/1 | kept=0 | rest=0
[DEBUG] mihomo isolate | branch={944} | size=1 | parse=0 | names=[免费节点10] 🇺🇸 US 222 → tg@nicevpn123 | err=-
[DEBUG] mihomo drop | branch={944} | size=1 | parse=0 | names=[免费节点10] 🇺🇸 US 222 → tg@nicevpn123 | err=-
[DROP] name=[免费节点10] 🇺🇸 US 222 → tg@nicevpn123 {944} | server=38.114.114.208:6679 | reason=mihomo start failed
[TEST] {949} tested=1/1 | kept=0 | rest=0
[DEBUG] mihomo isolate | branch={949} | size=1 | parse=0 | names=[免费节点10] 🇺🇸 US 237 → tg@nicevpn123 | err=-
[DEBUG] mihomo drop | branch={949} | size=1 | parse=0 | names=[免费节点10] 🇺🇸 US 237 → tg@nicevpn123 | err=-
[DROP] name=[免费节点10] 🇺🇸 US 237 → tg@nicevpn123 {949} | server=143.198.18.35:8881 | reason=mihomo start failed
[TEST] {960} tested=1/1 | kept=0 | rest=0
[DEBUG] mihomo isolate | branch={960} | size=1 | parse=0 | names=[免费节点10] 🇺🇸 US 300 → tg@nicevpn123 | err=-
[DEBUG] mihomo drop | branch={960} | size=1 | parse=0 | names=[免费节点10] 🇺🇸 US 300 → tg@nicevpn123 | err=-
[DROP] name=[免费节点10] 🇺🇸 US 300 → tg@nicevpn123 {960} | server=104.19.45.168:2095 | reason=mihomo start failed
[TEST] {957} tested=1/1 | kept=0 | rest=0
[DEBUG] mihomo isolate | branch={957} | size=1 | parse=0 | names=[免费节点10] 🇺🇸 US 240 → tg@nicevpn123 | err=-
[DEBUG] mihomo drop | branch={957} | size=1 | parse=0 | names=[免费节点10] 🇺🇸 US 240 → tg@nicevpn123 | err=-
[DROP] name=[免费节点10] 🇺🇸 US 240 → tg@nicevpn123 {957} | server=38.75.136.33:5001 | reason=mihomo start failed
[TEST] {963} tested=1/1 | kept=0 | rest=0
[DEBUG] mihomo isolate | branch={963} | size=1 | parse=0 | names=[免费节点10] 🇺🇸 US 304 → tg@nicevpn123 | err=-
[DEBUG] mihomo drop | branch={963} | size=1 | parse=0 | names=[免费节点10] 🇺🇸 US 304 → tg@nicevpn123 | err=-
[DROP] name=[免费节点10] 🇺🇸 US 304 → tg@nicevpn123 {963} | server=172.67.172.67:8080 | reason=mihomo start failed
[TEST] {962} tested=1/1 | kept=0 | rest=0
[DEBUG] mihomo isolate | branch={962} | size=1 | parse=0 | names=[免费节点10] 🇺🇸 US 302 → tg@nicevpn123 | err=-
[DEBUG] mihomo drop | branch={962} | size=1 | parse=0 | names=[免费节点10] 🇺🇸 US 302 → tg@nicevpn123 | err=-
[DROP] name=[免费节点10] 🇺🇸 US 302 → tg@nicevpn123 {962} | server=104.21.229.46:80 | reason=mihomo start failed
[TEST] {958} tested=1/1 | kept=0 | rest=0
[DEBUG] mihomo isolate | branch={958} | size=1 | parse=0 | names=[免费节点10] 🇺🇸 US 242 → tg@nicevpn123 | err=-
[DEBUG] mihomo drop | branch={958} | size=1 | parse=0 | names=[免费节点10] 🇺🇸 US 242 → tg@nicevpn123 | err=-
[DROP] name=[免费节点10] 🇺🇸 US 242 → tg@nicevpn123 {958} | server=38.75.136.33:7306 | reason=mihomo start failed
[TEST] {966} tested=1/1 | kept=0 | rest=0
[DEBUG] mihomo isolate | branch={966} | size=1 | parse=0 | names=[免费节点10] 🇺🇸 US 313 → tg@nicevpn123 | err=-
[DEBUG] mihomo drop | branch={966} | size=1 | parse=0 | names=[免费节点10] 🇺🇸 US 313 → tg@nicevpn123 | err=-
[DROP] name=[免费节点10] 🇺🇸 US 313 → tg@nicevpn123 {966} | server=104.21.25.98:80 | reason=mihomo start failed
[TEST] {959} tested=1/1 | kept=0 | rest=0
[DEBUG] mihomo isolate | branch={959} | size=1 | parse=0 | names=[免费节点10] 🇺🇸 US 30 → tg@nicevpn123 | err=-
[DEBUG] mihomo drop | branch={959} | size=1 | parse=0 | names=[免费节点10] 🇺🇸 US 30 → tg@nicevpn123 | err=-
[DROP] name=[免费节点10] 🇺🇸 US 30 → tg@nicevpn123 {959} | server=ip0axv1bbsu02k7-hk.1ytnode.com:56303 | reason=mihomo start failed
[TEST] {961} tested=1/1 | kept=0 | rest=0
[DEBUG] mihomo isolate | branch={961} | size=1 | parse=0 | names=[免费节点10] 🇺🇸 US 301 → tg@nicevpn123 | err=-
[DEBUG] mihomo drop | branch={961} | size=1 | parse=0 | names=[免费节点10] 🇺🇸 US 301 → tg@nicevpn123 | err=-
[DROP] name=[免费节点10] 🇺🇸 US 301 → tg@nicevpn123 {961} | server=132.145.208.20:443 | reason=mihomo start failed
[TEST] {964} tested=1/1 | kept=0 | rest=0
[DEBUG] mihomo isolate | branch={964} | size=1 | parse=0 | names=[免费节点10] 🇺🇸 US 31 → tg@nicevpn123 | err=-
[DEBUG] mihomo drop | branch={964} | size=1 | parse=0 | names=[免费节点10] 🇺🇸 US 31 → tg@nicevpn123 | err=-
[DROP] name=[免费节点10] 🇺🇸 US 31 → tg@nicevpn123 {964} | server=107.148.5.167:443 | reason=mihomo start failed
[TEST] {969} tested=1/1 | kept=0 | rest=0
[DEBUG] mihomo isolate | branch={969} | size=1 | parse=0 | names=[免费节点10] 🇺🇸 US 305 → tg@nicevpn123 | err=-
[DEBUG] mihomo drop | branch={969} | size=1 | parse=0 | names=[免费节点10] 🇺🇸 US 305 → tg@nicevpn123 | err=-
[DROP] name=[免费节点10] 🇺🇸 US 305 → tg@nicevpn123 {969} | server=ak1661.www.outline.network.fr8678825324247b8176d59f83c30bd94d23d2e3ac5cd4a743bkwqeikvdyufr.cyou:8080 | reason=mihomo start failed
[TEST] {967} tested=1/1 | kept=0 | rest=0
[DEBUG] mihomo isolate | branch={967} | size=1 | parse=0 | names=[免费节点10] 🇺🇸 US 314 → tg@nicevpn123 | err=-
[DEBUG] mihomo drop | branch={967} | size=1 | parse=0 | names=[免费节点10] 🇺🇸 US 314 → tg@nicevpn123 | err=-
[DROP] name=[免费节点10] 🇺🇸 US 314 → tg@nicevpn123 {967} | server=3.38.162.154:443 | reason=mihomo start failed
[TEST] {965} tested=1/1 | kept=0 | rest=0
[DEBUG] mihomo isolate | branch={965} | size=1 | parse=0 | names=[免费节点10] 🇺🇸 US 311 → tg@nicevpn123 | err=-
[DEBUG] mihomo drop | branch={965} | size=1 | parse=0 | names=[免费节点10] 🇺🇸 US 311 → tg@nicevpn123 | err=-
[DROP] name=[免费节点10] 🇺🇸 US 311 → tg@nicevpn123 {965} | server=129.151.227.223:30502 | reason=mihomo start failed
[TEST] {968} tested=1/1 | kept=0 | rest=0
[DEBUG] mihomo isolate | branch={968} | size=1 | parse=0 | names=[免费节点10] 🇺🇸 US 315 → tg@nicevpn123 | err=-
[DEBUG] mihomo drop | branch={968} | size=1 | parse=0 | names=[免费节点10] 🇺🇸 US 315 → tg@nicevpn123 | err=-
[DROP] name=[免费节点10] 🇺🇸 US 315 → tg@nicevpn123 {968} | server=171.22.78.141:443 | reason=mihomo start failed
[TEST] {974} tested=1/1 | kept=0 | rest=0
[DEBUG] mihomo isolate | branch={974} | size=1 | parse=0 | names=[免费节点10] 🇺🇸 US 323 → tg@nicevpn123 | err=-
[DEBUG] mihomo drop | branch={974} | size=1 | parse=0 | names=[免费节点10] 🇺🇸 US 323 → tg@nicevpn123 | err=-
[DROP] name=[免费节点10] 🇺🇸 US 323 → tg@nicevpn123 {974} | server=zula.ir:443 | reason=mihomo start failed
[TEST] {976} tested=1/1 | kept=0 | rest=0
[DEBUG] mihomo isolate | branch={976} | size=1 | parse=0 | names=[免费节点10] 🇺🇸 US 325 → tg@nicevpn123 | err=-
[DEBUG] mihomo drop | branch={976} | size=1 | parse=0 | names=[免费节点10] 🇺🇸 US 325 → tg@nicevpn123 | err=-
[DROP] name=[免费节点10] 🇺🇸 US 325 → tg@nicevpn123 {976} | server=104.19.45.70:2095 | reason=mihomo start failed
[TEST] {973} tested=1/1 | kept=0 | rest=0
[DEBUG] mihomo isolate | branch={973} | size=1 | parse=0 | names=[免费节点10] 🇺🇸 US 322 → tg@nicevpn123 | err=-
[DEBUG] mihomo drop | branch={973} | size=1 | parse=0 | names=[免费节点10] 🇺🇸 US 322 → tg@nicevpn123 | err=-
[DROP] name=[免费节点10] 🇺🇸 US 322 → tg@nicevpn123 {973} | server=38.68.134.9:5601 | reason=mihomo start failed
[TEST] {972} tested=1/1 | kept=0 | rest=0
[DEBUG] mihomo isolate | branch={972} | size=1 | parse=0 | names=[免费节点10] 🇺🇸 US 309 → tg@nicevpn123 | err=-
[DEBUG] mihomo drop | branch={972} | size=1 | parse=0 | names=[免费节点10] 🇺🇸 US 309 → tg@nicevpn123 | err=-
[DROP] name=[免费节点10] 🇺🇸 US 309 → tg@nicevpn123 {972} | server=ip0axv1bbsu02k7-jp.1ytnode.com:56344 | reason=mihomo start failed
[TEST] {977} tested=1/1 | kept=0 | rest=0
[DEBUG] mihomo isolate | branch={977} | size=1 | parse=0 | names=[免费节点10] 🇺🇸 US 326 → tg@nicevpn123 | err=-
[DEBUG] mihomo drop | branch={977} | size=1 | parse=0 | names=[免费节点10] 🇺🇸 US 326 → tg@nicevpn123 | err=-
[DROP] name=[免费节点10] 🇺🇸 US 326 → tg@nicevpn123 {977} | server=104.16.214.251:80 | reason=mihomo start failed
[TEST] {979} tested=1/1 | kept=0 | rest=0
[DEBUG] mihomo isolate | branch={979} | size=1 | parse=0 | names=[免费节点10] 🇺🇸 US 318 → tg@nicevpn123 | err=-
[DEBUG] mihomo drop | branch={979} | size=1 | parse=0 | names=[免费节点10] 🇺🇸 US 318 → tg@nicevpn123 | err=-
[DROP] name=[免费节点10] 🇺🇸 US 318 → tg@nicevpn123 {979} | server=104.19.42.178:2082 | reason=mihomo start failed
[TEST] {970} tested=1/1 | kept=0 | rest=0
[DEBUG] mihomo isolate | branch={970} | size=1 | parse=0 | names=[免费节点10] 🇺🇸 US 306 → tg@nicevpn123 | err=-
[DEBUG] mihomo drop | branch={970} | size=1 | parse=0 | names=[免费节点10] 🇺🇸 US 306 → tg@nicevpn123 | err=-
[DROP] name=[免费节点10] 🇺🇸 US 306 → tg@nicevpn123 {970} | server=45.77.105.178:27287 | reason=mihomo start failed
[TEST] {980} tested=1/1 | kept=0 | rest=0
[DEBUG] mihomo isolate | branch={980} | size=1 | parse=0 | names=[免费节点10] 🇺🇸 US 32 → tg@nicevpn123 | err=-
[DEBUG] mihomo drop | branch={980} | size=1 | parse=0 | names=[免费节点10] 🇺🇸 US 32 → tg@nicevpn123 | err=-
[DROP] name=[免费节点10] 🇺🇸 US 32 → tg@nicevpn123 {980} | server=185.218.126.248:80 | reason=mihomo start failed
[TEST] {971} tested=1/1 | kept=0 | rest=0
[DEBUG] mihomo isolate | branch={971} | size=1 | parse=0 | names=[免费节点10] 🇺🇸 US 307 → tg@nicevpn123 | err=-
[DEBUG] mihomo drop | branch={971} | size=1 | parse=0 | names=[免费节点10] 🇺🇸 US 307 → tg@nicevpn123 | err=-
[DROP] name=[免费节点10] 🇺🇸 US 307 → tg@nicevpn123 {971} | server=47.243.28.9:26927 | reason=mihomo start failed
[TEST] {983} tested=1/1 | kept=0 | rest=0
[DEBUG] mihomo isolate | branch={983} | size=1 | parse=0 | names=[免费节点10] 🇺🇸 US 257 → tg@nicevpn123 | err=-
[DEBUG] mihomo drop | branch={983} | size=1 | parse=0 | names=[免费节点10] 🇺🇸 US 257 → tg@nicevpn123 | err=-
[DROP] name=[免费节点10] 🇺🇸 US 257 → tg@nicevpn123 {983} | server=104.19.45.223:2095 | reason=mihomo start failed
[TEST] {982} tested=1/1 | kept=0 | rest=0
[DEBUG] mihomo isolate | branch={982} | size=1 | parse=0 | names=[免费节点10] 🇺🇸 US 256 → tg@nicevpn123 | err=-
[DEBUG] mihomo drop | branch={982} | size=1 | parse=0 | names=[免费节点10] 🇺🇸 US 256 → tg@nicevpn123 | err=-
[DROP] name=[免费节点10] 🇺🇸 US 256 → tg@nicevpn123 {982} | server=104.19.45.249:2095 | reason=mihomo start failed
[TEST] {975} tested=1/1 | kept=0 | rest=0
[DEBUG] mihomo isolate | branch={975} | size=1 | parse=0 | names=[免费节点10] 🇺🇸 US 324 → tg@nicevpn123 | err=-
[DEBUG] mihomo drop | branch={975} | size=1 | parse=0 | names=[免费节点10] 🇺🇸 US 324 → tg@nicevpn123 | err=-
[DROP] name=[免费节点10] 🇺🇸 US 324 → tg@nicevpn123 {975} | server=54.187.81.197:443 | reason=mihomo start failed
[TEST] {978} tested=1/1 | kept=0 | rest=0
[DEBUG] mihomo isolate | branch={978} | size=1 | parse=0 | names=[免费节点10] 🇺🇸 US 317 → tg@nicevpn123 | err=-
[DEBUG] mihomo drop | branch={978} | size=1 | parse=0 | names=[免费节点10] 🇺🇸 US 317 → tg@nicevpn123 | err=-
[DROP] name=[免费节点10] 🇺🇸 US 317 → tg@nicevpn123 {978} | server=15.204.87.217:5499 | reason=mihomo start failed
[TEST] {986} tested=1/1 | kept=0 | rest=0
[DEBUG] mihomo isolate | branch={986} | size=1 | parse=0 | names=[免费节点10] 🇺🇸 US 26 → tg@nicevpn123 | err=-
[DEBUG] mihomo drop | branch={986} | size=1 | parse=0 | names=[免费节点10] 🇺🇸 US 26 → tg@nicevpn123 | err=-
[DROP] name=[免费节点10] 🇺🇸 US 26 → tg@nicevpn123 {986} | server=104.19.45.97:2082 | reason=mihomo start failed
[TEST] {981} tested=1/1 | kept=0 | rest=0
[DEBUG] mihomo isolate | branch={981} | size=1 | parse=0 | names=[免费节点10] 🇺🇸 US 320 → tg@nicevpn123 | err=-
[DEBUG] mihomo drop | branch={981} | size=1 | parse=0 | names=[免费节点10] 🇺🇸 US 320 → tg@nicevpn123 | err=-
[DROP] name=[免费节点10] 🇺🇸 US 320 → tg@nicevpn123 {981} | server=137.175.12.69:37002 | reason=mihomo start failed
[TEST] {988} tested=1/1 | kept=0 | rest=0
[DEBUG] mihomo isolate | branch={988} | size=1 | parse=0 | names=[免费节点10] 🇺🇸 US 261 → tg@nicevpn123 | err=-
[DEBUG] mihomo drop | branch={988} | size=1 | parse=0 | names=[免费节点10] 🇺🇸 US 261 → tg@nicevpn123 | err=-
[DROP] name=[免费节点10] 🇺🇸 US 261 → tg@nicevpn123 {988} | server=104.19.45.180:2095 | reason=mihomo start failed
[TEST] {989} tested=1/1 | kept=0 | rest=0
[DEBUG] mihomo isolate | branch={989} | size=1 | parse=0 | names=[免费节点10] 🇺🇸 US 262 → tg@nicevpn123 | err=-
[DEBUG] mihomo drop | branch={989} | size=1 | parse=0 | names=[免费节点10] 🇺🇸 US 262 → tg@nicevpn123 | err=-
[DROP] name=[免费节点10] 🇺🇸 US 262 → tg@nicevpn123 {989} | server=172.67.185.79:8080 | reason=mihomo start failed
[TEST] {990} tested=1/1 | kept=0 | rest=0
[DEBUG] mihomo isolate | branch={990} | size=1 | parse=0 | names=[免费节点10] 🇺🇸 US 263 → tg@nicevpn123 | err=-
[DEBUG] mihomo drop | branch={990} | size=1 | parse=0 | names=[免费节点10] 🇺🇸 US 263 → tg@nicevpn123 | err=-
[DROP] name=[免费节点10] 🇺🇸 US 263 → tg@nicevpn123 {990} | server=104.21.237.57:2052 | reason=mihomo start failed
[TEST] {984} tested=1/1 | kept=0 | rest=0
[DEBUG] mihomo isolate | branch={984} | size=1 | parse=0 | names=[免费节点10] 🇺🇸 US 258 → tg@nicevpn123 | err=-
[DEBUG] mihomo drop | branch={984} | size=1 | parse=0 | names=[免费节点10] 🇺🇸 US 258 → tg@nicevpn123 | err=-
[DROP] name=[免费节点10] 🇺🇸 US 258 → tg@nicevpn123 {984} | server=158.101.217.208:12384 | reason=mihomo start failed
[TEST] {992} tested=1/1 | kept=0 | rest=0
[DEBUG] mihomo isolate | branch={992} | size=1 | parse=0 | names=[免费节点10] 🇺🇸 US 277 → tg@nicevpn123 | err=-
[DEBUG] mihomo drop | branch={992} | size=1 | parse=0 | names=[免费节点10] 🇺🇸 US 277 → tg@nicevpn123 | err=-
[DROP] name=[免费节点10] 🇺🇸 US 277 → tg@nicevpn123 {992} | server=104.16.40.187:2082 | reason=mihomo start failed
[TEST] {985} tested=1/1 | kept=0 | rest=0
[DEBUG] mihomo isolate | branch={985} | size=1 | parse=0 | names=[免费节点10] 🇺🇸 US 259 → tg@nicevpn123 | err=-
[DEBUG] mihomo drop | branch={985} | size=1 | parse=0 | names=[免费节点10] 🇺🇸 US 259 → tg@nicevpn123 | err=-
[DROP] name=[免费节点10] 🇺🇸 US 259 → tg@nicevpn123 {985} | server=198.244.252.93:443 | reason=mihomo start failed
[TEST] {987} tested=1/1 | kept=0 | rest=0
[DEBUG] mihomo isolate | branch={987} | size=1 | parse=0 | names=[免费节点10] 🇺🇸 US 260 → tg@nicevpn123 | err=-
[DEBUG] mihomo drop | branch={987} | size=1 | parse=0 | names=[免费节点10] 🇺🇸 US 260 → tg@nicevpn123 | err=-
[DROP] name=[免费节点10] 🇺🇸 US 260 → tg@nicevpn123 {987} | server=ip0axv1bbsu02k7-tw.1ytnode.com:56330 | reason=mihomo start failed
[TEST] {991} tested=1/1 | kept=0 | rest=0
[DEBUG] mihomo isolate | branch={991} | size=1 | parse=0 | names=[免费节点10] 🇺🇸 US 276 → tg@nicevpn123 | err=-
[DEBUG] mihomo drop | branch={991} | size=1 | parse=0 | names=[免费节点10] 🇺🇸 US 276 → tg@nicevpn123 | err=-
[DROP] name=[免费节点10] 🇺🇸 US 276 → tg@nicevpn123 {991} | server=38.180.98.215:8080 | reason=mihomo start failed
[TEST] {996} tested=1/1 | kept=0 | rest=0
[DEBUG] mihomo isolate | branch={996} | size=1 | parse=0 | names=[免费节点10] 🇺🇸 US 272 → tg@nicevpn123 | err=-
[DEBUG] mihomo drop | branch={996} | size=1 | parse=0 | names=[免费节点10] 🇺🇸 US 272 → tg@nicevpn123 | err=-
[DROP] name=[免费节点10] 🇺🇸 US 272 → tg@nicevpn123 {996} | server=qin19.rong1104.uk:2053 | reason=mihomo start failed
[TEST] {994} tested=1/1 | kept=0 | rest=0
[DEBUG] mihomo isolate | branch={994} | size=1 | parse=0 | names=[免费节点10] 🇺🇸 US 279 → tg@nicevpn123 | err=-
[DEBUG] mihomo drop | branch={994} | size=1 | parse=0 | names=[免费节点10] 🇺🇸 US 279 → tg@nicevpn123 | err=-
[DROP] name=[免费节点10] 🇺🇸 US 279 → tg@nicevpn123 {994} | server=50.116.2.131:443 | reason=mihomo start failed
[TEST] {999} tested=1/1 | kept=0 | rest=0
[DEBUG] mihomo isolate | branch={999} | size=1 | parse=0 | names=[免费节点10] 🇺🇸 US 275 → tg@nicevpn123 | err=-
[DEBUG] mihomo drop | branch={999} | size=1 | parse=0 | names=[免费节点10] 🇺🇸 US 275 → tg@nicevpn123 | err=-
[DROP] name=[免费节点10] 🇺🇸 US 275 → tg@nicevpn123 {999} | server=104.19.45.207:2095 | reason=mihomo start failed
[TEST] {998} tested=1/1 | kept=0 | rest=0
[DEBUG] mihomo isolate | branch={998} | size=1 | parse=0 | names=[免费节点10] 🇺🇸 US 274 → tg@nicevpn123 | err=-
[DEBUG] mihomo drop | branch={998} | size=1 | parse=0 | names=[免费节点10] 🇺🇸 US 274 → tg@nicevpn123 | err=-
[DROP] name=[免费节点10] 🇺🇸 US 274 → tg@nicevpn123 {998} | server=104.19.45.213:2095 | reason=mihomo start failed
[TEST] {1001} tested=1/1 | kept=0 | rest=0
[DEBUG] mihomo isolate | branch={1001} | size=1 | parse=0 | names=[免费节点10] 🇺🇸 US 387 → tg@nicevpn123 | err=-
[DEBUG] mihomo drop | branch={1001} | size=1 | parse=0 | names=[免费节点10] 🇺🇸 US 387 → tg@nicevpn123 | err=-
[DROP] name=[免费节点10] 🇺🇸 US 387 → tg@nicevpn123 {1001} | server=38.110.1.105:5004 | reason=mihomo start failed
[TEST] {1000} tested=1/1 | kept=0 | rest=0
[DEBUG] mihomo isolate | branch={1000} | size=1 | parse=0 | names=[免费节点10] 🇺🇸 US 386 → tg@nicevpn123 | err=-
[DEBUG] mihomo drop | branch={1000} | size=1 | parse=0 | names=[免费节点10] 🇺🇸 US 386 → tg@nicevpn123 | err=-
[DROP] name=[免费节点10] 🇺🇸 US 386 → tg@nicevpn123 {1000} | server=104.16.96.41:443 | reason=mihomo start failed
[TEST] {1002} tested=1/1 | kept=0 | rest=0
[DEBUG] mihomo isolate | branch={1002} | size=1 | parse=0 | names=[免费节点10] 🇺🇸 US 388 → tg@nicevpn123 | err=-
[DEBUG] mihomo drop | branch={1002} | size=1 | parse=0 | names=[免费节点10] 🇺🇸 US 388 → tg@nicevpn123 | err=-
[DROP] name=[免费节点10] 🇺🇸 US 388 → tg@nicevpn123 {1002} | server=104.16.196.41:443 | reason=mihomo start failed
[TEST] {995} tested=1/1 | kept=0 | rest=0
[DEBUG] mihomo isolate | branch={995} | size=1 | parse=0 | names=[免费节点10] 🇺🇸 US 28 → tg@nicevpn123 | err=-
[DEBUG] mihomo drop | branch={995} | size=1 | parse=0 | names=[免费节点10] 🇺🇸 US 28 → tg@nicevpn123 | err=-
[DROP] name=[免费节点10] 🇺🇸 US 28 → tg@nicevpn123 {995} | server=3.14.180.101:22222 | reason=mihomo start failed
[TEST] {993} tested=1/1 | kept=0 | rest=0
[DEBUG] mihomo isolate | branch={993} | size=1 | parse=0 | names=[免费节点10] 🇺🇸 US 278 → tg@nicevpn123 | err=-
[DEBUG] mihomo drop | branch={993} | size=1 | parse=0 | names=[免费节点10] 🇺🇸 US 278 → tg@nicevpn123 | err=-
[DROP] name=[免费节点10] 🇺🇸 US 278 → tg@nicevpn123 {993} | server=172.252.193.222:42358 | reason=mihomo start failed
[TEST] {1005} tested=1/1 | kept=0 | rest=0
[DEBUG] mihomo isolate | branch={1005} | size=1 | parse=0 | names=[免费节点10] 🇺🇸 US 381 → tg@nicevpn123 | err=-
[DEBUG] mihomo drop | branch={1005} | size=1 | parse=0 | names=[免费节点10] 🇺🇸 US 381 → tg@nicevpn123 | err=-
[DROP] name=[免费节点10] 🇺🇸 US 381 → tg@nicevpn123 {1005} | server=104.16.40.112:2082 | reason=mihomo start failed
[TEST] {997} tested=1/1 | kept=0 | rest=0
[DEBUG] mihomo isolate | branch={997} | size=1 | parse=0 | names=[免费节点10] 🇺🇸 US 273 → tg@nicevpn123 | err=-
[DEBUG] mihomo drop | branch={997} | size=1 | parse=0 | names=[免费节点10] 🇺🇸 US 273 → tg@nicevpn123 | err=-
[DROP] name=[免费节点10] 🇺🇸 US 273 → tg@nicevpn123 {997} | server=45.63.87.228:57337 | reason=mihomo start failed
[TEST] {1007} tested=1/1 | kept=0 | rest=0
[DEBUG] mihomo isolate | branch={1007} | size=1 | parse=0 | names=[免费节点10] 🇺🇸 US 384 → tg@nicevpn123 | err=-
[DEBUG] mihomo drop | branch={1007} | size=1 | parse=0 | names=[免费节点10] 🇺🇸 US 384 → tg@nicevpn123 | err=-
[DROP] name=[免费节点10] 🇺🇸 US 384 → tg@nicevpn123 {1007} | server=104.19.45.170:2095 | reason=mihomo start failed
[TEST] {1008} tested=1/1 | kept=0 | rest=0
[DEBUG] mihomo isolate | branch={1008} | size=1 | parse=0 | names=[免费节点10] 🇺🇸 US 385 → tg@nicevpn123 | err=-
[DEBUG] mihomo drop | branch={1008} | size=1 | parse=0 | names=[免费节点10] 🇺🇸 US 385 → tg@nicevpn123 | err=-
[DROP] name=[免费节点10] 🇺🇸 US 385 → tg@nicevpn123 {1008} | server=104.19.45.106:2095 | reason=mihomo start failed
[TEST] {1009} tested=1/1 | kept=0 | rest=0
[DEBUG] mihomo isolate | branch={1009} | size=1 | parse=0 | names=[免费节点10] 🇺🇸 US 404 → tg@nicevpn123 | err=-
[DEBUG] mihomo drop | branch={1009} | size=1 | parse=0 | names=[免费节点10] 🇺🇸 US 404 → tg@nicevpn123 | err=-
[DROP] name=[免费节点10] 🇺🇸 US 404 → tg@nicevpn123 {1009} | server=104.16.57.148:8080 | reason=mihomo start failed
[TEST] {1003} tested=1/1 | kept=0 | rest=0
[DEBUG] mihomo isolate | branch={1003} | size=1 | parse=0 | names=[免费节点10] 🇺🇸 US 389 → tg@nicevpn123 | err=-
[DEBUG] mihomo drop | branch={1003} | size=1 | parse=0 | names=[免费节点10] 🇺🇸 US 389 → tg@nicevpn123 | err=-
[DROP] name=[免费节点10] 🇺🇸 US 389 → tg@nicevpn123 {1003} | server=158.101.217.208:443 | reason=mihomo start failed
[TEST] {1011} tested=1/1 | kept=0 | rest=0
[DEBUG] mihomo isolate | branch={1011} | size=1 | parse=0 | names=[免费节点10] 🇺🇸 US 406 → tg@nicevpn123 | err=-
[DEBUG] mihomo drop | branch={1011} | size=1 | parse=0 | names=[免费节点10] 🇺🇸 US 406 → tg@nicevpn123 | err=-
[DROP] name=[免费节点10] 🇺🇸 US 406 → tg@nicevpn123 {1011} | server=172.67.184.53:8443 | reason=mihomo start failed
[TEST] {1004} tested=1/1 | kept=0 | rest=0
[DEBUG] mihomo isolate | branch={1004} | size=1 | parse=0 | names=[免费节点10] 🇺🇸 US 39 → tg@nicevpn123 | err=-
[DEBUG] mihomo drop | branch={1004} | size=1 | parse=0 | names=[免费节点10] 🇺🇸 US 39 → tg@nicevpn123 | err=-
[DROP] name=[免费节点10] 🇺🇸 US 39 → tg@nicevpn123 {1004} | server=38.75.136.33:9102 | reason=mihomo start failed
[TEST] {1013} tested=1/1 | kept=0 | rest=0
[DEBUG] mihomo isolate | branch={1013} | size=1 | parse=0 | names=[免费节点10] 🇺🇸 US 408 → tg@nicevpn123 | err=-
[DEBUG] mihomo drop | branch={1013} | size=1 | parse=0 | names=[免费节点10] 🇺🇸 US 408 → tg@nicevpn123 | err=-
[DROP] name=[免费节点10] 🇺🇸 US 408 → tg@nicevpn123 {1013} | server=104.16.39.151:2082 | reason=mihomo start failed
[TEST] {1006} tested=1/1 | kept=0 | rest=0
[DEBUG] mihomo isolate | branch={1006} | size=1 | parse=0 | names=[免费节点10] 🇺🇸 US 383 → tg@nicevpn123 | err=-
[DEBUG] mihomo drop | branch={1006} | size=1 | parse=0 | names=[免费节点10] 🇺🇸 US 383 → tg@nicevpn123 | err=-
[DROP] name=[免费节点10] 🇺🇸 US 383 → tg@nicevpn123 {1006} | server=162.19.25.207:34232 | reason=mihomo start failed
[TEST] {1010} tested=1/1 | kept=0 | rest=0
[DEBUG] mihomo isolate | branch={1010} | size=1 | parse=0 | names=[免费节点10] 🇺🇸 US 405 → tg@nicevpn123 | err=-
[DEBUG] mihomo drop | branch={1010} | size=1 | parse=0 | names=[免费节点10] 🇺🇸 US 405 → tg@nicevpn123 | err=-
[DROP] name=[免费节点10] 🇺🇸 US 405 → tg@nicevpn123 {1010} | server=38.46.1.235:49828 | reason=mihomo start failed
[TEST] {1012} tested=1/1 | kept=0 | rest=0
[DEBUG] mihomo isolate | branch={1012} | size=1 | parse=0 | names=[免费节点10] 🇺🇸 US 407 → tg@nicevpn123 | err=-
[DEBUG] mihomo drop | branch={1012} | size=1 | parse=0 | names=[免费节点10] 🇺🇸 US 407 → tg@nicevpn123 | err=-
[DROP] name=[免费节点10] 🇺🇸 US 407 → tg@nicevpn123 {1012} | server=38.110.1.88:5600 | reason=mihomo start failed
[TEST] {1017} tested=1/1 | kept=0 | rest=0
[DEBUG] mihomo isolate | branch={1017} | size=1 | parse=0 | names=[免费节点10] 🇺🇸 US 403 → tg@nicevpn123 | err=-
[DEBUG] mihomo drop | branch={1017} | size=1 | parse=0 | names=[免费节点10] 🇺🇸 US 403 → tg@nicevpn123 | err=-
[DROP] name=[免费节点10] 🇺🇸 US 403 → tg@nicevpn123 {1017} | server=104.19.250.15:2052 | reason=mihomo start failed
[TEST] {1014} tested=1/1 | kept=0 | rest=0
[DEBUG] mihomo isolate | branch={1014} | size=1 | parse=0 | names=[免费节点10] 🇺🇸 US 400 → tg@nicevpn123 | err=-
[DEBUG] mihomo drop | branch={1014} | size=1 | parse=0 | names=[免费节点10] 🇺🇸 US 400 → tg@nicevpn123 | err=-
[DROP] name=[免费节点10] 🇺🇸 US 400 → tg@nicevpn123 {1014} | server=2.58.87.221:46628 | reason=mihomo start failed
[TEST] {1018} tested=1/1 | kept=0 | rest=0
[DEBUG] mihomo isolate | branch={1018} | size=1 | parse=0 | names=[免费节点10] 🇺🇸 US 390 → tg@nicevpn123 | err=-
[DEBUG] mihomo drop | branch={1018} | size=1 | parse=0 | names=[免费节点10] 🇺🇸 US 390 → tg@nicevpn123 | err=-
[DROP] name=[免费节点10] 🇺🇸 US 390 → tg@nicevpn123 {1018} | server=104.19.45.186:2095 | reason=mihomo start failed
[TEST] {1015} tested=1/1 | kept=0 | rest=0
[DEBUG] mihomo isolate | branch={1015} | size=1 | parse=0 | names=[免费节点10] 🇺🇸 US 401 → tg@nicevpn123 | err=-
[DEBUG] mihomo drop | branch={1015} | size=1 | parse=0 | names=[免费节点10] 🇺🇸 US 401 → tg@nicevpn123 | err=-
[DROP] name=[免费节点10] 🇺🇸 US 401 → tg@nicevpn123 {1015} | server=beeconf.xyz:8080 | reason=mihomo start failed
[TEST] {1021} tested=1/1 | kept=0 | rest=0
[DEBUG] mihomo isolate | branch={1021} | size=1 | parse=0 | names=[免费节点10] 🇺🇸 US 393 → tg@nicevpn123 | err=-
[DEBUG] mihomo drop | branch={1021} | size=1 | parse=0 | names=[免费节点10] 🇺🇸 US 393 → tg@nicevpn123 | err=-
[DROP] name=[免费节点10] 🇺🇸 US 393 → tg@nicevpn123 {1021} | server=104.19.45.112:2095 | reason=mihomo start failed
[TEST] {1022} tested=1/1 | kept=0 | rest=0
[DEBUG] mihomo isolate | branch={1022} | size=1 | parse=0 | names=[免费节点10] 🇺🇸 US 394 → tg@nicevpn123 | err=-
[DEBUG] mihomo drop | branch={1022} | size=1 | parse=0 | names=[免费节点10] 🇺🇸 US 394 → tg@nicevpn123 | err=-
[DROP] name=[免费节点10] 🇺🇸 US 394 → tg@nicevpn123 {1022} | server=104.19.42.143:2082 | reason=mihomo start failed
[TEST] {1016} tested=1/1 | kept=0 | rest=0
[DEBUG] mihomo isolate | branch={1016} | size=1 | parse=0 | names=[免费节点10] 🇺🇸 US 402 → tg@nicevpn123 | err=-
[DEBUG] mihomo drop | branch={1016} | size=1 | parse=0 | names=[免费节点10] 🇺🇸 US 402 → tg@nicevpn123 | err=-
[DROP] name=[免费节点10] 🇺🇸 US 402 → tg@nicevpn123 {1016} | server=ip0axv1bbsu02k7-us.1ytnode.com:56357 | reason=mihomo start failed
[TEST] {1019} tested=1/1 | kept=0 | rest=0
[DEBUG] mihomo isolate | branch={1019} | size=1 | parse=0 | names=[免费节点10] 🇺🇸 US 391 → tg@nicevpn123 | err=-
[DEBUG] mihomo drop | branch={1019} | size=1 | parse=0 | names=[免费节点10] 🇺🇸 US 391 → tg@nicevpn123 | err=-
[DROP] name=[免费节点10] 🇺🇸 US 391 → tg@nicevpn123 {1019} | server=52.32.221.7:443 | reason=mihomo start failed
[TEST] {1025} tested=1/1 | kept=0 | rest=0
[DEBUG] mihomo isolate | branch={1025} | size=1 | parse=0 | names=[免费节点10] 🇺🇸 US 398 → tg@nicevpn123 | err=-
[DEBUG] mihomo drop | branch={1025} | size=1 | parse=0 | names=[免费节点10] 🇺🇸 US 398 → tg@nicevpn123 | err=-
[DROP] name=[免费节点10] 🇺🇸 US 398 → tg@nicevpn123 {1025} | server=38.110.1.105:5003 | reason=mihomo start failed
[TEST] {1026} tested=1/1 | kept=0 | rest=0
[DEBUG] mihomo isolate | branch={1026} | size=1 | parse=0 | names=[免费节点10] 🇺🇸 US 4 → tg@nicevpn123 | err=-
[DEBUG] mihomo drop | branch={1026} | size=1 | parse=0 | names=[免费节点10] 🇺🇸 US 4 → tg@nicevpn123 | err=-
[DROP] name=[免费节点10] 🇺🇸 US 4 → tg@nicevpn123 {1026} | server=vt50k-g01.jp05-6786-vm0.entry.fr0307a.art:46482 | reason=mihomo start failed
[TEST] {1027} tested=1/1 | kept=0 | rest=0
[DEBUG] mihomo isolate | branch={1027} | size=1 | parse=0 | names=[免费节点10] 🇺🇸 US 339 → tg@nicevpn123 | err=-
[DEBUG] mihomo drop | branch={1027} | size=1 | parse=0 | names=[免费节点10] 🇺🇸 US 339 → tg@nicevpn123 | err=-
[DROP] name=[免费节点10] 🇺🇸 US 339 → tg@nicevpn123 {1027} | server=104.16.127.195:2052 | reason=mihomo start failed
[TEST] {1020} tested=1/1 | kept=0 | rest=0
[DEBUG] mihomo isolate | branch={1020} | size=1 | parse=0 | names=[免费节点10] 🇺🇸 US 392 → tg@nicevpn123 | err=-
[DEBUG] mihomo drop | branch={1020} | size=1 | parse=0 | names=[免费节点10] 🇺🇸 US 392 → tg@nicevpn123 | err=-
[DROP] name=[免费节点10] 🇺🇸 US 392 → tg@nicevpn123 {1020} | server=157.245.148.244:443 | reason=mihomo start failed
[TEST] {1029} tested=1/1 | kept=0 | rest=0
[DEBUG] mihomo isolate | branch={1029} | size=1 | parse=0 | names=[免费节点10] 🇺🇸 US 341 → tg@nicevpn123 | err=-
[DEBUG] mihomo drop | branch={1029} | size=1 | parse=0 | names=[免费节点10] 🇺🇸 US 341 → tg@nicevpn123 | err=-
[DROP] name=[免费节点10] 🇺🇸 US 341 → tg@nicevpn123 {1029} | server=104.19.43.180:80 | reason=mihomo start failed
[TEST] {1024} tested=1/1 | kept=0 | rest=0
[DEBUG] mihomo isolate | branch={1024} | size=1 | parse=0 | names=[免费节点10] 🇺🇸 US 397 → tg@nicevpn123 | err=-
[DEBUG] mihomo drop | branch={1024} | size=1 | parse=0 | names=[免费节点10] 🇺🇸 US 397 → tg@nicevpn123 | err=-
[DROP] name=[免费节点10] 🇺🇸 US 397 → tg@nicevpn123 {1024} | server=38.75.137.93:8119 | reason=mihomo start failed
[TEST] {1033} tested=1/1 | kept=0 | rest=0
[DEBUG] mihomo isolate | branch={1033} | size=1 | parse=0 | names=[免费节点10] 🇺🇸 US 347 → tg@nicevpn123 | err=-
[DEBUG] mihomo drop | branch={1033} | size=1 | parse=0 | names=[免费节点10] 🇺🇸 US 347 → tg@nicevpn123 | err=-
[DROP] name=[免费节点10] 🇺🇸 US 347 → tg@nicevpn123 {1033} | server=23.94.104.164:60222 | reason=mihomo start failed
[TEST] {1031} tested=1/1 | kept=0 | rest=0
[DEBUG] mihomo isolate | branch={1031} | size=1 | parse=0 | names=[免费节点10] 🇺🇸 US 343 → tg@nicevpn123 | err=-
[DEBUG] mihomo drop | branch={1031} | size=1 | parse=0 | names=[免费节点10] 🇺🇸 US 343 → tg@nicevpn123 | err=-
[DROP] name=[免费节点10] 🇺🇸 US 343 → tg@nicevpn123 {1031} | server=172.67.169.245:80 | reason=mihomo start failed
[TEST] {1032} tested=1/1 | kept=0 | rest=0
[DEBUG] mihomo isolate | branch={1032} | size=1 | parse=0 | names=[免费节点10] 🇺🇸 US 344 → tg@nicevpn123 | err=-
[DEBUG] mihomo drop | branch={1032} | size=1 | parse=0 | names=[免费节点10] 🇺🇸 US 344 → tg@nicevpn123 | err=-
[DROP] name=[免费节点10] 🇺🇸 US 344 → tg@nicevpn123 {1032} | server=172.67.146.22:443 | reason=mihomo start failed
[TEST] {1023} tested=1/1 | kept=0 | rest=0
[DEBUG] mihomo isolate | branch={1023} | size=1 | parse=0 | names=[免费节点10] 🇺🇸 US 395 → tg@nicevpn123 | err=-
[DEBUG] mihomo drop | branch={1023} | size=1 | parse=0 | names=[免费节点10] 🇺🇸 US 395 → tg@nicevpn123 | err=-
[DROP] name=[免费节点10] 🇺🇸 US 395 → tg@nicevpn123 {1023} | server=ip0axv1bbsu02k7-my.1ytnode.com:56366 | reason=mihomo start failed
[TEST] {1035} tested=1/1 | kept=0 | rest=0
[DEBUG] mihomo isolate | branch={1035} | size=1 | parse=0 | names=[免费节点10] 🇺🇸 US 349 → tg@nicevpn123 | err=-
[DEBUG] mihomo drop | branch={1035} | size=1 | parse=0 | names=[免费节点10] 🇺🇸 US 349 → tg@nicevpn123 | err=-
[DROP] name=[免费节点10] 🇺🇸 US 349 → tg@nicevpn123 {1035} | server=104.16.39.127:2082 | reason=mihomo start failed
[TEST] {1037} tested=1/1 | kept=0 | rest=0
[DEBUG] mihomo isolate | branch={1037} | size=1 | parse=0 | names=[免费节点10] 🇺🇸 US 363 → tg@nicevpn123 | err=-
[DEBUG] mihomo drop | branch={1037} | size=1 | parse=0 | names=[免费节点10] 🇺🇸 US 363 → tg@nicevpn123 | err=-
[DROP] name=[免费节点10] 🇺🇸 US 363 → tg@nicevpn123 {1037} | server=104.16.42.223:2082 | reason=mihomo start failed
[TEST] {1039} tested=1/1 | kept=0 | rest=0
[DEBUG] mihomo isolate | branch={1039} | size=1 | parse=0 | names=[免费节点10] 🇺🇸 US 365 → tg@nicevpn123 | err=-
[DEBUG] mihomo drop | branch={1039} | size=1 | parse=0 | names=[免费节点10] 🇺🇸 US 365 → tg@nicevpn123 | err=-
[DROP] name=[免费节点10] 🇺🇸 US 365 → tg@nicevpn123 {1039} | server=18.183.146.49:443 | reason=mihomo start failed
[TEST] {1040} tested=1/1 | kept=0 | rest=0
[DEBUG] mihomo isolate | branch={1040} | size=1 | parse=0 | names=[免费节点10] 🇺🇸 US 367 → tg@nicevpn123 | err=-
[DEBUG] mihomo drop | branch={1040} | size=1 | parse=0 | names=[免费节点10] 🇺🇸 US 367 → tg@nicevpn123 | err=-
[DROP] name=[免费节点10] 🇺🇸 US 367 → tg@nicevpn123 {1040} | server=104.16.39.179:2082 | reason=mihomo start failed
[TEST] {1036} tested=1/1 | kept=0 | rest=0
[DEBUG] mihomo isolate | branch={1036} | size=1 | parse=0 | names=[免费节点10] 🇺🇸 US 361 → tg@nicevpn123 | err=-
[DEBUG] mihomo drop | branch={1036} | size=1 | parse=0 | names=[免费节点10] 🇺🇸 US 361 → tg@nicevpn123 | err=-
[DROP] name=[免费节点10] 🇺🇸 US 361 → tg@nicevpn123 {1036} | server=104.19.45.93:2095 | reason=mihomo start failed
[TEST] {1038} tested=1/1 | kept=0 | rest=0
[DEBUG] mihomo isolate | branch={1038} | size=1 | parse=0 | names=[免费节点10] 🇺🇸 US 364 → tg@nicevpn123 | err=-
[DEBUG] mihomo drop | branch={1038} | size=1 | parse=0 | names=[免费节点10] 🇺🇸 US 364 → tg@nicevpn123 | err=-
[DROP] name=[免费节点10] 🇺🇸 US 364 → tg@nicevpn123 {1038} | server=104.21.225.2:80 | reason=mihomo start failed
[TEST] {1041} tested=1/1 | kept=0 | rest=0
[DEBUG] mihomo isolate | branch={1041} | size=1 | parse=0 | names=[免费节点10] 🇺🇸 US 358 → tg@nicevpn123 | err=-
[DEBUG] mihomo drop | branch={1041} | size=1 | parse=0 | names=[免费节点10] 🇺🇸 US 358 → tg@nicevpn123 | err=-
[DROP] name=[免费节点10] 🇺🇸 US 358 → tg@nicevpn123 {1041} | server=104.21.225.59:80 | reason=mihomo start failed
[TEST] {1028} tested=1/1 | kept=0 | rest=0
[DEBUG] mihomo isolate | branch={1028} | size=1 | parse=0 | names=[免费节点10] 🇺🇸 US 34 → tg@nicevpn123 | err=-
[DEBUG] mihomo drop | branch={1028} | size=1 | parse=0 | names=[免费节点10] 🇺🇸 US 34 → tg@nicevpn123 | err=-
[DROP] name=[免费节点10] 🇺🇸 US 34 → tg@nicevpn123 {1028} | server=18.118.163.183:17400 | reason=mihomo start failed
[TEST] {1030} tested=1/1 | kept=0 | rest=0
[DEBUG] mihomo isolate | branch={1030} | size=1 | parse=0 | names=[免费节点10] 🇺🇸 US 342 → tg@nicevpn123 | err=-
[DEBUG] mihomo drop | branch={1030} | size=1 | parse=0 | names=[免费节点10] 🇺🇸 US 342 → tg@nicevpn123 | err=-
[DROP] name=[免费节点10] 🇺🇸 US 342 → tg@nicevpn123 {1030} | server=75.102.51.45:16899 | reason=mihomo start failed
[TEST] {1044} tested=1/1 | kept=0 | rest=0
[DEBUG] mihomo isolate | branch={1044} | size=1 | parse=0 | names=[免费节点10] 🇺🇸 US 360 → tg@nicevpn123 | err=-
[DEBUG] mihomo drop | branch={1044} | size=1 | parse=0 | names=[免费节点10] 🇺🇸 US 360 → tg@nicevpn123 | err=-
[DROP] name=[免费节点10] 🇺🇸 US 360 → tg@nicevpn123 {1044} | server=104.16.42.181:2082 | reason=mihomo start failed
[TEST] {1046} tested=1/1 | kept=0 | rest=0
[DEBUG] mihomo isolate | branch={1046} | size=1 | parse=0 | names=[免费节点10] 🇺🇸 US 463 → tg@nicevpn123 | err=-
[DEBUG] mihomo drop | branch={1046} | size=1 | parse=0 | names=[免费节点10] 🇺🇸 US 463 → tg@nicevpn123 | err=-
[DROP] name=[免费节点10] 🇺🇸 US 463 → tg@nicevpn123 {1046} | server=104.19.45.115:2095 | reason=mihomo start failed
[TEST] {1045} tested=1/1 | kept=0 | rest=0
[DEBUG] mihomo isolate | branch={1045} | size=1 | parse=0 | names=[免费节点10] 🇺🇸 US 462 → tg@nicevpn123 | err=-
[DEBUG] mihomo drop | branch={1045} | size=1 | parse=0 | names=[免费节点10] 🇺🇸 US 462 → tg@nicevpn123 | err=-
[DROP] name=[免费节点10] 🇺🇸 US 462 → tg@nicevpn123 {1045} | server=uk2-full.privateip.net:443 | reason=mihomo start failed
[TEST] {1047} tested=1/1 | kept=0 | rest=0
[DEBUG] mihomo isolate | branch={1047} | size=1 | parse=0 | names=[免费节点10] 🇺🇸 US 464 → tg@nicevpn123 | err=-
[DEBUG] mihomo drop | branch={1047} | size=1 | parse=0 | names=[免费节点10] 🇺🇸 US 464 → tg@nicevpn123 | err=-
[DROP] name=[免费节点10] 🇺🇸 US 464 → tg@nicevpn123 {1047} | server=www.speedtest.net:80 | reason=mihomo start failed
[TEST] {1048} tested=1/1 | kept=0 | rest=0
[DEBUG] mihomo isolate | branch={1048} | size=1 | parse=0 | names=[免费节点10] 🇺🇸 US 466 → tg@nicevpn123 | err=-
[DEBUG] mihomo drop | branch={1048} | size=1 | parse=0 | names=[免费节点10] 🇺🇸 US 466 → tg@nicevpn123 | err=-
[DROP] name=[免费节点10] 🇺🇸 US 466 → tg@nicevpn123 {1048} | server=104.21.225.158:80 | reason=mihomo start failed
[TEST] {1034} tested=1/1 | kept=0 | rest=0
[DEBUG] mihomo isolate | branch={1034} | size=1 | parse=0 | names=[免费节点10] 🇺🇸 US 348 → tg@nicevpn123 | err=-
[DEBUG] mihomo drop | branch={1034} | size=1 | parse=0 | names=[免费节点10] 🇺🇸 US 348 → tg@nicevpn123 | err=-
[DROP] name=[免费节点10] 🇺🇸 US 348 → tg@nicevpn123 {1034} | server=38.54.185.111:30000 | reason=mihomo start failed
[TEST] {1049} tested=1/1 | kept=0 | rest=0
[DEBUG] mihomo isolate | branch={1049} | size=1 | parse=0 | names=[免费节点10] 🇺🇸 US 467 → tg@nicevpn123 | err=-
[DEBUG] mihomo drop | branch={1049} | size=1 | parse=0 | names=[免费节点10] 🇺🇸 US 467 → tg@nicevpn123 | err=-
[DROP] name=[免费节点10] 🇺🇸 US 467 → tg@nicevpn123 {1049} | server=104.19.159.14:443 | reason=mihomo start failed
[TEST] {1051} tested=1/1 | kept=0 | rest=0
[TEST] {1050} tested=1/1 | kept=0 | rest=0
[DEBUG] mihomo isolate | branch={1050} | size=1 | parse=0 | names=[免费节点10] 🇺🇸 US 469 → tg@nicevpn123 | err=-
[DEBUG] mihomo drop | branch={1050} | size=1 | parse=0 | names=[免费节点10] 🇺🇸 US 469 → tg@nicevpn123 | err=-
[DROP] name=[免费节点10] 🇺🇸 US 469 → tg@nicevpn123 {1050} | server=104.16.40.52:2082 | reason=mihomo start failed
[DEBUG] mihomo isolate | branch={1051} | size=1 | parse=0 | names=[免费节点10] 🇺🇸 US 47 → tg@nicevpn123 | err=-
[DEBUG] mihomo drop | branch={1051} | size=1 | parse=0 | names=[免费节点10] 🇺🇸 US 47 → tg@nicevpn123 | err=-
[DROP] name=[免费节点10] 🇺🇸 US 47 → tg@nicevpn123 {1051} | server=104.21.238.93:80 | reason=mihomo start failed
[TEST] {1052} tested=1/1 | kept=0 | rest=0
[DEBUG] mihomo isolate | branch={1052} | size=1 | parse=0 | names=[免费节点10] 🇺🇸 US 471 → tg@nicevpn123 | err=-
[DEBUG] mihomo drop | branch={1052} | size=1 | parse=0 | names=[免费节点10] 🇺🇸 US 471 → tg@nicevpn123 | err=-
[DROP] name=[免费节点10] 🇺🇸 US 471 → tg@nicevpn123 {1052} | server=104.16.42.195:2082 | reason=mihomo start failed
[TEST] {1054} tested=1/1 | kept=0 | rest=0
[DEBUG] mihomo isolate | branch={1054} | size=1 | parse=0 | names=[免费节点10] 🇺🇸 US 477 → tg@nicevpn123 | err=-
[DEBUG] mihomo drop | branch={1054} | size=1 | parse=0 | names=[免费节点10] 🇺🇸 US 477 → tg@nicevpn123 | err=-
[DROP] name=[免费节点10] 🇺🇸 US 477 → tg@nicevpn123 {1054} | server=104.16.42.227:2082 | reason=mihomo start failed
[TEST] {1055} tested=1/1 | kept=0 | rest=0
[DEBUG] mihomo isolate | branch={1055} | size=1 | parse=0 | names=[免费节点10] 🇺🇸 US 478 → tg@nicevpn123 | err=-
[DEBUG] mihomo drop | branch={1055} | size=1 | parse=0 | names=[免费节点10] 🇺🇸 US 478 → tg@nicevpn123 | err=-
[DROP] name=[免费节点10] 🇺🇸 US 478 → tg@nicevpn123 {1055} | server=172.67.174.42:443 | reason=mihomo start failed
[TEST] {1042} tested=1/1 | kept=0 | rest=0
[DEBUG] mihomo isolate | branch={1042} | size=1 | parse=0 | names=[免费节点10] 🇺🇸 US 359 → tg@nicevpn123 | err=-
[DEBUG] mihomo drop | branch={1042} | size=1 | parse=0 | names=[免费节点10] 🇺🇸 US 359 → tg@nicevpn123 | err=-
[DROP] name=[免费节点10] 🇺🇸 US 359 → tg@nicevpn123 {1042} | server=94.131.14.177:80 | reason=mihomo start failed
[TEST] {1043} tested=1/1 | kept=0 | rest=0
[DEBUG] mihomo isolate | branch={1043} | size=1 | parse=0 | names=[免费节点10] 🇺🇸 US 36 → tg@nicevpn123 | err=-
[DEBUG] mihomo drop | branch={1043} | size=1 | parse=0 | names=[免费节点10] 🇺🇸 US 36 → tg@nicevpn123 | err=-
[DROP] name=[免费节点10] 🇺🇸 US 36 → tg@nicevpn123 {1043} | server=167.88.61.159:9101 | reason=mihomo start failed
[TEST] {1057} tested=1/1 | kept=0 | rest=0
[DEBUG] mihomo isolate | branch={1057} | size=1 | parse=0 | names=[免费节点10] 🇺🇸 US 480 → tg@nicevpn123 | err=-
[DEBUG] mihomo drop | branch={1057} | size=1 | parse=0 | names=[免费节点10] 🇺🇸 US 480 → tg@nicevpn123 | err=-
[DROP] name=[免费节点10] 🇺🇸 US 480 → tg@nicevpn123 {1057} | server=104.21.28.62:443 | reason=mihomo start failed
[TEST] {1058} tested=1/1 | kept=0 | rest=0
[DEBUG] mihomo isolate | branch={1058} | size=1 | parse=0 | names=[免费节点10] 🇺🇸 US 483 → tg@nicevpn123 | err=-
[DEBUG] mihomo drop | branch={1058} | size=1 | parse=0 | names=[免费节点10] 🇺🇸 US 483 → tg@nicevpn123 | err=-
[DROP] name=[免费节点10] 🇺🇸 US 483 → tg@nicevpn123 {1058} | server=104.19.45.151:2095 | reason=mihomo start failed
[TEST] {1059} tested=1/1 | kept=0 | rest=0
[DEBUG] mihomo isolate | branch={1059} | size=1 | parse=0 | names=[免费节点10] 🇺🇸 US 486 → tg@nicevpn123 | err=-
[DEBUG] mihomo drop | branch={1059} | size=1 | parse=0 | names=[免费节点10] 🇺🇸 US 486 → tg@nicevpn123 | err=-
[DROP] name=[免费节点10] 🇺🇸 US 486 → tg@nicevpn123 {1059} | server=fr01.freeflyingcloud.xyz:30502 | reason=mihomo start failed
[TEST] {1061} tested=1/1 | kept=0 | rest=0
[DEBUG] mihomo isolate | branch={1061} | size=1 | parse=0 | names=[免费节点10] 🇺🇸 US 489 → tg@nicevpn123 | err=-
[DEBUG] mihomo drop | branch={1061} | size=1 | parse=0 | names=[免费节点10] 🇺🇸 US 489 → tg@nicevpn123 | err=-
[DROP] name=[免费节点10] 🇺🇸 US 489 → tg@nicevpn123 {1061} | server=54.245.12.173:17398 | reason=mihomo start failed
[TEST] {1053} tested=1/1 | kept=0 | rest=0
[DEBUG] mihomo isolate | branch={1053} | size=1 | parse=0 | names=[免费节点10] 🇺🇸 US 473 → tg@nicevpn123 | err=-
[DEBUG] mihomo drop | branch={1053} | size=1 | parse=0 | names=[免费节点10] 🇺🇸 US 473 → tg@nicevpn123 | err=-
[DROP] name=[免费节点10] 🇺🇸 US 473 → tg@nicevpn123 {1053} | server=34.222.20.208:443 | reason=mihomo start failed
[TEST] {1056} tested=1/1 | kept=0 | rest=0
[DEBUG] mihomo isolate | branch={1056} | size=1 | parse=0 | names=[免费节点10] 🇺🇸 US 48 → tg@nicevpn123 | err=-
[DEBUG] mihomo drop | branch={1056} | size=1 | parse=0 | names=[免费节点10] 🇺🇸 US 48 → tg@nicevpn123 | err=-
[DROP] name=[免费节点10] 🇺🇸 US 48 → tg@nicevpn123 {1056} | server=168.119.160.232:80 | reason=mihomo start failed
[TEST] {1060} tested=1/1 | kept=0 | rest=0
[DEBUG] mihomo isolate | branch={1060} | size=1 | parse=0 | names=[免费节点10] 🇺🇸 US 487 → tg@nicevpn123 | err=-
[DEBUG] mihomo drop | branch={1060} | size=1 | parse=0 | names=[免费节点10] 🇺🇸 US 487 → tg@nicevpn123 | err=-
[DROP] name=[免费节点10] 🇺🇸 US 487 → tg@nicevpn123 {1060} | server=94.131.117.240:443 | reason=mihomo start failed
[TEST] {1066} tested=1/1 | kept=0 | rest=0
[DEBUG] mihomo isolate | branch={1066} | size=1 | parse=0 | names=[免费节点10] 🇺🇸 US 495 → tg@nicevpn123 | err=-
[DEBUG] mihomo drop | branch={1066} | size=1 | parse=0 | names=[免费节点10] 🇺🇸 US 495 → tg@nicevpn123 | err=-
[DROP] name=[免费节点10] 🇺🇸 US 495 → tg@nicevpn123 {1066} | server=172.67.184.53:8443 | reason=mihomo start failed
[TEST] {1062} tested=1/1 | kept=0 | rest=0
[DEBUG] mihomo isolate | branch={1062} | size=1 | parse=0 | names=[免费节点10] 🇺🇸 US 490 → tg@nicevpn123 | err=-
[DEBUG] mihomo drop | branch={1062} | size=1 | parse=0 | names=[免费节点10] 🇺🇸 US 490 → tg@nicevpn123 | err=-
[DROP] name=[免费节点10] 🇺🇸 US 490 → tg@nicevpn123 {1062} | server=94.131.8.32:80 | reason=mihomo start failed
[TEST] {1065} tested=1/1 | kept=0 | rest=0
[DEBUG] mihomo isolate | branch={1065} | size=1 | parse=0 | names=[免费节点10] 🇺🇸 US 494 → tg@nicevpn123 | err=-
[DEBUG] mihomo drop | branch={1065} | size=1 | parse=0 | names=[免费节点10] 🇺🇸 US 494 → tg@nicevpn123 | err=-
[DROP] name=[免费节点10] 🇺🇸 US 494 → tg@nicevpn123 {1065} | server=104.19.43.248:80 | reason=mihomo start failed
[TEST] {1069} tested=1/1 | kept=0 | rest=0
[DEBUG] mihomo isolate | branch={1069} | size=1 | parse=0 | names=[免费节点10] 🇺🇸 US 499 → tg@nicevpn123 | err=-
[DEBUG] mihomo drop | branch={1069} | size=1 | parse=0 | names=[免费节点10] 🇺🇸 US 499 → tg@nicevpn123 | err=-
[DROP] name=[免费节点10] 🇺🇸 US 499 → tg@nicevpn123 {1069} | server=104.21.68.203:8443 | reason=mihomo start failed
[TEST] {1063} tested=1/1 | kept=0 | rest=0
[DEBUG] mihomo isolate | branch={1063} | size=1 | parse=0 | names=[免费节点10] 🇺🇸 US 491 → tg@nicevpn123 | err=-
[DEBUG] mihomo drop | branch={1063} | size=1 | parse=0 | names=[免费节点10] 🇺🇸 US 491 → tg@nicevpn123 | err=-
[DROP] name=[免费节点10] 🇺🇸 US 491 → tg@nicevpn123 {1063} | server=167.172.19.102:8880 | reason=mihomo start failed
[TEST] {1070} tested=1/1 | kept=0 | rest=0
[DEBUG] mihomo isolate | branch={1070} | size=1 | parse=0 | names=[免费节点10] 🇺🇸 US 5 → tg@nicevpn123 | err=-
[DEBUG] mihomo drop | branch={1070} | size=1 | parse=0 | names=[免费节点10] 🇺🇸 US 5 → tg@nicevpn123 | err=-
[DROP] name=[免费节点10] 🇺🇸 US 5 → tg@nicevpn123 {1070} | server=en7a5-g03.jp05-6786-vm0.entry.fr0307a.art:46484 | reason=mihomo start failed
[TEST] {1064} tested=1/1 | kept=0 | rest=0
[DEBUG] mihomo isolate | branch={1064} | size=1 | parse=0 | names=[免费节点10] 🇺🇸 US 492 → tg@nicevpn123 | err=-
[DEBUG] mihomo drop | branch={1064} | size=1 | parse=0 | names=[免费节点10] 🇺🇸 US 492 → tg@nicevpn123 | err=-
[DROP] name=[免费节点10] 🇺🇸 US 492 → tg@nicevpn123 {1064} | server=ip0axv1bbsu02k7-jp.1ytnode.com:56350 | reason=mihomo start failed
[TEST] {1072} tested=1/1 | kept=0 | rest=0
[DEBUG] mihomo isolate | branch={1072} | size=1 | parse=0 | names=[免费节点10] 🇺🇸 US 418 → tg@nicevpn123 | err=-
[DEBUG] mihomo drop | branch={1072} | size=1 | parse=0 | names=[免费节点10] 🇺🇸 US 418 → tg@nicevpn123 | err=-
[DROP] name=[免费节点10] 🇺🇸 US 418 → tg@nicevpn123 {1072} | server=152.42.218.53:80 | reason=mihomo start failed
[TEST] {1068} tested=1/1 | kept=0 | rest=0
[DEBUG] mihomo isolate | branch={1068} | size=1 | parse=0 | names=[免费节点10] 🇺🇸 US 498 → tg@nicevpn123 | err=-
[DEBUG] mihomo drop | branch={1068} | size=1 | parse=0 | names=[免费节点10] 🇺🇸 US 498 → tg@nicevpn123 | err=-
[DROP] name=[免费节点10] 🇺🇸 US 498 → tg@nicevpn123 {1068} | server=docs.digitalocean.com:2096 | reason=mihomo start failed
[TEST] {1074} tested=1/1 | kept=0 | rest=0
[DEBUG] mihomo isolate | branch={1074} | size=1 | parse=0 | names=[免费节点10] 🇺🇸 US 421 → tg@nicevpn123 | err=-
[DEBUG] mihomo drop | branch={1074} | size=1 | parse=0 | names=[免费节点10] 🇺🇸 US 421 → tg@nicevpn123 | err=-
[DROP] name=[免费节点10] 🇺🇸 US 421 → tg@nicevpn123 {1074} | server=us2-full.privateip.net:443 | reason=mihomo start failed
[TEST] {1067} tested=1/1 | kept=0 | rest=0
[DEBUG] mihomo isolate | branch={1067} | size=1 | parse=0 | names=[免费节点10] 🇺🇸 US 497 → tg@nicevpn123 | err=-
[DEBUG] mihomo drop | branch={1067} | size=1 | parse=0 | names=[免费节点10] 🇺🇸 US 497 → tg@nicevpn123 | err=-
[DROP] name=[免费节点10] 🇺🇸 US 497 → tg@nicevpn123 {1067} | server=54.245.36.10:443 | reason=mihomo start failed
[TEST] {1075} tested=1/1 | kept=0 | rest=0
[DEBUG] mihomo isolate | branch={1075} | size=1 | parse=0 | names=[免费节点10] 🇺🇸 US 422 → tg@nicevpn123 | err=-
[DEBUG] mihomo drop | branch={1075} | size=1 | parse=0 | names=[免费节点10] 🇺🇸 US 422 → tg@nicevpn123 | err=-
[DROP] name=[免费节点10] 🇺🇸 US 422 → tg@nicevpn123 {1075} | server=v2line.telegram.channel.1390.fr8678825324247b8176d59f83c30bd94d23d2e3ac5cd4a743bkwqeikvdyufr.cyou:80 | reason=mihomo start failed
[TEST] {1077} tested=1/1 | kept=0 | rest=0
[DEBUG] mihomo isolate | branch={1077} | size=1 | parse=0 | names=[免费节点10] 🇺🇸 US 424 → tg@nicevpn123 | err=-
[DEBUG] mihomo drop | branch={1077} | size=1 | parse=0 | names=[免费节点10] 🇺🇸 US 424 → tg@nicevpn123 | err=-
[DROP] name=[免费节点10] 🇺🇸 US 424 → tg@nicevpn123 {1077} | server=104.19.45.75:2095 | reason=mihomo start failed
[TEST] {1076} tested=1/1 | kept=0 | rest=0
[DEBUG] mihomo isolate | branch={1076} | size=1 | parse=0 | names=[免费节点10] 🇺🇸 US 423 → tg@nicevpn123 | err=-
[DEBUG] mihomo drop | branch={1076} | size=1 | parse=0 | names=[免费节点10] 🇺🇸 US 423 → tg@nicevpn123 | err=-
[DROP] name=[免费节点10] 🇺🇸 US 423 → tg@nicevpn123 {1076} | server=13.35.13.138:443 | reason=mihomo start failed
[TEST] {1078} tested=1/1 | kept=0 | rest=0
[DEBUG] mihomo isolate | branch={1078} | size=1 | parse=0 | names=[免费节点10] 🇺🇸 US 425 → tg@nicevpn123 | err=-
[DEBUG] mihomo drop | branch={1078} | size=1 | parse=0 | names=[免费节点10] 🇺🇸 US 425 → tg@nicevpn123 | err=-
[DROP] name=[免费节点10] 🇺🇸 US 425 → tg@nicevpn123 {1078} | server=01eb6-g01.jp03-7d22-vm0.entry.fr0307a.art:21581 | reason=mihomo start failed
[TEST] {1071} tested=1/1 | kept=0 | rest=0
[DEBUG] mihomo isolate | branch={1071} | size=1 | parse=0 | names=[免费节点10] 🇺🇸 US 50 → tg@nicevpn123 | err=-
[DEBUG] mihomo drop | branch={1071} | size=1 | parse=0 | names=[免费节点10] 🇺🇸 US 50 → tg@nicevpn123 | err=-
[DROP] name=[免费节点10] 🇺🇸 US 50 → tg@nicevpn123 {1071} | server=shct.pkyun.xyz:30314 | reason=mihomo start failed
[TEST] {1080} tested=1/1 | kept=0 | rest=0
[DEBUG] mihomo isolate | branch={1080} | size=1 | parse=0 | names=[免费节点10] 🇺🇸 US 429 → tg@nicevpn123 | err=-
[DEBUG] mihomo drop | branch={1080} | size=1 | parse=0 | names=[免费节点10] 🇺🇸 US 429 → tg@nicevpn123 | err=-
[DROP] name=[免费节点10] 🇺🇸 US 429 → tg@nicevpn123 {1080} | server=172.67.175.56:443 | reason=mihomo start failed
[TEST] {1082} tested=1/1 | kept=0 | rest=0
[DEBUG] mihomo isolate | branch={1082} | size=1 | parse=0 | names=[免费节点10] 🇺🇸 US 441 → tg@nicevpn123 | err=-
[DEBUG] mihomo drop | branch={1082} | size=1 | parse=0 | names=[免费节点10] 🇺🇸 US 441 → tg@nicevpn123 | err=-
[DROP] name=[免费节点10] 🇺🇸 US 441 → tg@nicevpn123 {1082} | server=104.16.61.8:80 | reason=mihomo start failed
[TEST] {1081} tested=1/1 | kept=0 | rest=0
[DEBUG] mihomo isolate | branch={1081} | size=1 | parse=0 | names=[免费节点10] 🇺🇸 US 439 → tg@nicevpn123 | err=-
[DEBUG] mihomo drop | branch={1081} | size=1 | parse=0 | names=[免费节点10] 🇺🇸 US 439 → tg@nicevpn123 | err=-
[DROP] name=[免费节点10] 🇺🇸 US 439 → tg@nicevpn123 {1081} | server=172.67.201.200:443 | reason=mihomo start failed
[TEST] {1083} tested=1/1 | kept=0 | rest=0
[DEBUG] mihomo isolate | branch={1083} | size=1 | parse=0 | names=[免费节点10] 🇺🇸 US 443 → tg@nicevpn123 | err=-
[DEBUG] mihomo drop | branch={1083} | size=1 | parse=0 | names=[免费节点10] 🇺🇸 US 443 → tg@nicevpn123 | err=-
[DROP] name=[免费节点10] 🇺🇸 US 443 → tg@nicevpn123 {1083} | server=104.21.225.122:80 | reason=mihomo start failed
[TEST] {1084} tested=1/1 | kept=0 | rest=0
[DEBUG] mihomo isolate | branch={1084} | size=1 | parse=0 | names=[免费节点10] 🇺🇸 US 445 → tg@nicevpn123 | err=-
[DEBUG] mihomo drop | branch={1084} | size=1 | parse=0 | names=[免费节点10] 🇺🇸 US 445 → tg@nicevpn123 | err=-
[DROP] name=[免费节点10] 🇺🇸 US 445 → tg@nicevpn123 {1084} | server=104.21.225.64:80 | reason=mihomo start failed
[TEST] {1085} tested=1/1 | kept=0 | rest=0
[DEBUG] mihomo isolate | branch={1085} | size=1 | parse=0 | names=[免费节点10] 🇺🇸 US 446 → tg@nicevpn123 | err=-
[DEBUG] mihomo drop | branch={1085} | size=1 | parse=0 | names=[免费节点10] 🇺🇸 US 446 → tg@nicevpn123 | err=-
[DROP] name=[免费节点10] 🇺🇸 US 446 → tg@nicevpn123 {1085} | server=104.16.40.219:2082 | reason=mihomo start failed
[TEST] {1073} tested=1/1 | kept=0 | rest=0
[DEBUG] mihomo isolate | branch={1073} | size=1 | parse=0 | names=[免费节点10] 🇺🇸 US 42 → tg@nicevpn123 | err=-
[DEBUG] mihomo drop | branch={1073} | size=1 | parse=0 | names=[免费节点10] 🇺🇸 US 42 → tg@nicevpn123 | err=-
[DROP] name=[免费节点10] 🇺🇸 US 42 → tg@nicevpn123 {1073} | server=38.75.137.105:8881 | reason=mihomo start failed
[TEST] {1079} tested=1/1 | kept=0 | rest=0
[DEBUG] mihomo isolate | branch={1079} | size=1 | parse=0 | names=[免费节点10] 🇺🇸 US 427 → tg@nicevpn123 | err=-
[DEBUG] mihomo drop | branch={1079} | size=1 | parse=0 | names=[免费节点10] 🇺🇸 US 427 → tg@nicevpn123 | err=-
[DROP] name=[免费节点10] 🇺🇸 US 427 → tg@nicevpn123 {1079} | server=35.87.1.148:443 | reason=mihomo start failed
[TEST] {1089} tested=1/1 | kept=0 | rest=0
[DEBUG] mihomo isolate | branch={1089} | size=1 | parse=0 | names=[免费节点10] 🇺🇸 US 450 → tg@nicevpn123 | err=-
[DEBUG] mihomo drop | branch={1089} | size=1 | parse=0 | names=[免费节点10] 🇺🇸 US 450 → tg@nicevpn123 | err=-
[DROP] name=[免费节点10] 🇺🇸 US 450 → tg@nicevpn123 {1089} | server=104.21.235.170:80 | reason=mihomo start failed
[TEST] {1091} tested=1/1 | kept=0 | rest=0
[DEBUG] mihomo isolate | branch={1091} | size=1 | parse=0 | names=[免费节点10] 🇺🇸 US 513 → tg@nicevpn123 | err=-
[DEBUG] mihomo drop | branch={1091} | size=1 | parse=0 | names=[免费节点10] 🇺🇸 US 513 → tg@nicevpn123 | err=-
[DROP] name=[免费节点10] 🇺🇸 US 513 → tg@nicevpn123 {1091} | server=104.19.45.130:2095 | reason=mihomo start failed
[TEST] {1086} tested=1/1 | kept=0 | rest=0
[DEBUG] mihomo isolate | branch={1086} | size=1 | parse=0 | names=[免费节点10] 🇺🇸 US 447 → tg@nicevpn123 | err=-
[DEBUG] mihomo drop | branch={1086} | size=1 | parse=0 | names=[免费节点10] 🇺🇸 US 447 → tg@nicevpn123 | err=-
[DROP] name=[免费节点10] 🇺🇸 US 447 → tg@nicevpn123 {1086} | server=3.34.95.205:443 | reason=mihomo start failed
[TEST] {1088} tested=1/1 | kept=0 | rest=0
[DEBUG] mihomo isolate | branch={1088} | size=1 | parse=0 | names=[免费节点10] 🇺🇸 US 449 → tg@nicevpn123 | err=-
[DEBUG] mihomo drop | branch={1088} | size=1 | parse=0 | names=[免费节点10] 🇺🇸 US 449 → tg@nicevpn123 | err=-
[DROP] name=[免费节点10] 🇺🇸 US 449 → tg@nicevpn123 {1088} | server=38.68.135.112:5500 | reason=mihomo start failed
[TEST] {1087} tested=1/1 | kept=0 | rest=0
[DEBUG] mihomo isolate | branch={1087} | size=1 | parse=0 | names=[免费节点10] 🇺🇸 US 448 → tg@nicevpn123 | err=-
[DEBUG] mihomo drop | branch={1087} | size=1 | parse=0 | names=[免费节点10] 🇺🇸 US 448 → tg@nicevpn123 | err=-
[DROP] name=[免费节点10] 🇺🇸 US 448 → tg@nicevpn123 {1087} | server=38.110.1.67:8888 | reason=mihomo start failed
[TEST] {1094} tested=1/1 | kept=0 | rest=0
[DEBUG] mihomo isolate | branch={1094} | size=1 | parse=0 | names=[免费节点10] 🇺🇸 US 518 → tg@nicevpn123 | err=-
[DEBUG] mihomo drop | branch={1094} | size=1 | parse=0 | names=[免费节点10] 🇺🇸 US 518 → tg@nicevpn123 | err=-
[DROP] name=[免费节点10] 🇺🇸 US 518 → tg@nicevpn123 {1094} | server=38.68.134.9:6679 | reason=mihomo start failed
[TEST] {1092} tested=1/1 | kept=0 | rest=0
[DEBUG] mihomo isolate | branch={1092} | size=1 | parse=0 | names=[免费节点10] 🇺🇸 US 514 → tg@nicevpn123 | err=-
[DEBUG] mihomo drop | branch={1092} | size=1 | parse=0 | names=[免费节点10] 🇺🇸 US 514 → tg@nicevpn123 | err=-
[DROP] name=[免费节点10] 🇺🇸 US 514 → tg@nicevpn123 {1092} | server=zula.ir:443 | reason=mihomo start failed
[TEST] {1090} tested=1/1 | kept=0 | rest=0
[DEBUG] mihomo isolate | branch={1090} | size=1 | parse=0 | names=[免费节点10] 🇺🇸 US 512 → tg@nicevpn123 | err=-
[DEBUG] mihomo drop | branch={1090} | size=1 | parse=0 | names=[免费节点10] 🇺🇸 US 512 → tg@nicevpn123 | err=-
[DROP] name=[免费节点10] 🇺🇸 US 512 → tg@nicevpn123 {1090} | server=15.204.87.225:5003 | reason=mihomo start failed
[TEST] {1093} tested=1/1 | kept=0 | rest=0
[DEBUG] mihomo isolate | branch={1093} | size=1 | parse=0 | names=[免费节点10] 🇺🇸 US 517 → tg@nicevpn123 | err=-
[DEBUG] mihomo drop | branch={1093} | size=1 | parse=0 | names=[免费节点10] 🇺🇸 US 517 → tg@nicevpn123 | err=-
[DROP] name=[免费节点10] 🇺🇸 US 517 → tg@nicevpn123 {1093} | server=503.outline-vpn.cloud:443 | reason=mihomo start failed
[TEST] {1096} tested=1/1 | kept=0 | rest=0
[DEBUG] mihomo isolate | branch={1096} | size=1 | parse=0 | names=[免费节点10] 🇺🇸 US 52 → tg@nicevpn123 | err=-
[DEBUG] mihomo drop | branch={1096} | size=1 | parse=0 | names=[免费节点10] 🇺🇸 US 52 → tg@nicevpn123 | err=-
[DROP] name=[免费节点10] 🇺🇸 US 52 → tg@nicevpn123 {1096} | server=3.34.200.94:443 | reason=mihomo start failed
[TEST] {1095} tested=1/1 | kept=0 | rest=0
[DEBUG] mihomo isolate | branch={1095} | size=1 | parse=0 | names=[免费节点10] 🇺🇸 US 519 → tg@nicevpn123 | err=-
[DEBUG] mihomo drop | branch={1095} | size=1 | parse=0 | names=[免费节点10] 🇺🇸 US 519 → tg@nicevpn123 | err=-
[DROP] name=[免费节点10] 🇺🇸 US 519 → tg@nicevpn123 {1095} | server=13.37.6.138:22222 | reason=mihomo start failed
[TEST] {1100} tested=1/1 | kept=0 | rest=0
[DEBUG] mihomo isolate | branch={1100} | size=1 | parse=0 | names=[免费节点10] 🇺🇸 US 532 → tg@nicevpn123 | err=-
[DEBUG] mihomo drop | branch={1100} | size=1 | parse=0 | names=[免费节点10] 🇺🇸 US 532 → tg@nicevpn123 | err=-
[DROP] name=[免费节点10] 🇺🇸 US 532 → tg@nicevpn123 {1100} | server=104.19.128.214:2086 | reason=mihomo start failed
[TEST] {1099} tested=1/1 | kept=0 | rest=0
[DEBUG] mihomo isolate | branch={1099} | size=1 | parse=0 | names=[免费节点10] 🇺🇸 US 531 → tg@nicevpn123 | err=-
[DEBUG] mihomo drop | branch={1099} | size=1 | parse=0 | names=[免费节点10] 🇺🇸 US 531 → tg@nicevpn123 | err=-
[DROP] name=[免费节点10] 🇺🇸 US 531 → tg@nicevpn123 {1099} | server=104.21.44.64:443 | reason=mihomo start failed
[TEST] {1101} tested=1/1 | kept=0 | rest=0
[DEBUG] mihomo isolate | branch={1101} | size=1 | parse=0 | names=[免费节点10] 🇺🇸 US 534 → tg@nicevpn123 | err=-
[DEBUG] mihomo drop | branch={1101} | size=1 | parse=0 | names=[免费节点10] 🇺🇸 US 534 → tg@nicevpn123 | err=-
[DROP] name=[免费节点10] 🇺🇸 US 534 → tg@nicevpn123 {1101} | server=au01.freeflyingcloud.xyz:42002 | reason=mihomo start failed
[TEST] {1103} tested=1/1 | kept=0 | rest=0
[DEBUG] mihomo isolate | branch={1103} | size=1 | parse=0 | names=[免费节点10] 🇺🇸 US 536 → tg@nicevpn123 | err=-
[DEBUG] mihomo drop | branch={1103} | size=1 | parse=0 | names=[免费节点10] 🇺🇸 US 536 → tg@nicevpn123 | err=-
[DROP] name=[免费节点10] 🇺🇸 US 536 → tg@nicevpn123 {1103} | server=104.21.238.66:80 | reason=mihomo start failed
[TEST] {1098} tested=1/1 | kept=0 | rest=0
[DEBUG] mihomo isolate | branch={1098} | size=1 | parse=0 | names=[免费节点10] 🇺🇸 US 521 → tg@nicevpn123 | err=-
[DEBUG] mihomo drop | branch={1098} | size=1 | parse=0 | names=[免费节点10] 🇺🇸 US 521 → tg@nicevpn123 | err=-
[DROP] name=[免费节点10] 🇺🇸 US 521 → tg@nicevpn123 {1098} | server=54.71.116.112:443 | reason=mihomo start failed
[TEST] {1097} tested=1/1 | kept=0 | rest=0
[DEBUG] mihomo isolate | branch={1097} | size=1 | parse=0 | names=[免费节点10] 🇺🇸 US 520 → tg@nicevpn123 | err=-
[DEBUG] mihomo drop | branch={1097} | size=1 | parse=0 | names=[免费节点10] 🇺🇸 US 520 → tg@nicevpn123 | err=-
[DROP] name=[免费节点10] 🇺🇸 US 520 → tg@nicevpn123 {1097} | server=38.110.1.43:6679 | reason=mihomo start failed
[TEST] {1105} tested=1/1 | kept=0 | rest=0
[DEBUG] mihomo isolate | branch={1105} | size=1 | parse=0 | names=[免费节点10] 🇺🇸 US 539 → tg@nicevpn123 | err=-
[DEBUG] mihomo drop | branch={1105} | size=1 | parse=0 | names=[免费节点10] 🇺🇸 US 539 → tg@nicevpn123 | err=-
[DROP] name=[免费节点10] 🇺🇸 US 539 → tg@nicevpn123 {1105} | server=13.35.13.130:443 | reason=mihomo start failed
[TEST] {1102} tested=1/1 | kept=0 | rest=0
[DEBUG] mihomo isolate | branch={1102} | size=1 | parse=0 | names=[免费节点10] 🇺🇸 US 535 → tg@nicevpn123 | err=-
[DEBUG] mihomo drop | branch={1102} | size=1 | parse=0 | names=[免费节点10] 🇺🇸 US 535 → tg@nicevpn123 | err=-
[DROP] name=[免费节点10] 🇺🇸 US 535 → tg@nicevpn123 {1102} | server=104.207.133.131:39729 | reason=mihomo start failed
[TEST] {1108} tested=1/1 | kept=0 | rest=0
[DEBUG] mihomo isolate | branch={1108} | size=1 | parse=0 | names=[免费节点10] 🇺🇸 US 580 → tg@nicevpn123 | err=-
[DEBUG] mihomo drop | branch={1108} | size=1 | parse=0 | names=[免费节点10] 🇺🇸 US 580 → tg@nicevpn123 | err=-
[DROP] name=[免费节点10] 🇺🇸 US 580 → tg@nicevpn123 {1108} | server=104.19.45.43:2095 | reason=mihomo start failed
[TEST] {1109} tested=1/1 | kept=0 | rest=0
[DEBUG] mihomo isolate | branch={1109} | size=1 | parse=0 | names=[免费节点10] 🇺🇸 US 581 → tg@nicevpn123 | err=-
[DEBUG] mihomo drop | branch={1109} | size=1 | parse=0 | names=[免费节点10] 🇺🇸 US 581 → tg@nicevpn123 | err=-
[DROP] name=[免费节点10] 🇺🇸 US 581 → tg@nicevpn123 {1109} | server=104.19.45.225:2082 | reason=mihomo start failed
[TEST] {1111} tested=1/1 | kept=0 | rest=0
[DEBUG] mihomo isolate | branch={1111} | size=1 | parse=0 | names=[免费节点10] 🇺🇸 US 585 → tg@nicevpn123 | err=-
[DEBUG] mihomo drop | branch={1111} | size=1 | parse=0 | names=[免费节点10] 🇺🇸 US 585 → tg@nicevpn123 | err=-
[DROP] name=[免费节点10] 🇺🇸 US 585 → tg@nicevpn123 {1111} | server=104.16.61.8:2096 | reason=mihomo start failed
[TEST] {1110} tested=1/1 | kept=0 | rest=0
[DEBUG] mihomo isolate | branch={1110} | size=1 | parse=0 | names=[免费节点10] 🇺🇸 US 584 → tg@nicevpn123 | err=-
[DEBUG] mihomo drop | branch={1110} | size=1 | parse=0 | names=[免费节点10] 🇺🇸 US 584 → tg@nicevpn123 | err=-
[DROP] name=[免费节点10] 🇺🇸 US 584 → tg@nicevpn123 {1110} | server=172.67.222.164:443 | reason=mihomo start failed
[TEST] {1104} tested=1/1 | kept=0 | rest=0
[DEBUG] mihomo isolate | branch={1104} | size=1 | parse=0 | names=[免费节点10] 🇺🇸 US 537 → tg@nicevpn123 | err=-
[DEBUG] mihomo drop | branch={1104} | size=1 | parse=0 | names=[免费节点10] 🇺🇸 US 537 → tg@nicevpn123 | err=-
[DROP] name=[免费节点10] 🇺🇸 US 537 → tg@nicevpn123 {1104} | server=205.234.232.189:50129 | reason=mihomo start failed
[TEST] {1112} tested=1/1 | kept=0 | rest=0
[DEBUG] mihomo isolate | branch={1112} | size=1 | parse=0 | names=[免费节点10] 🇺🇸 US 586 → tg@nicevpn123 | err=-
[DEBUG] mihomo drop | branch={1112} | size=1 | parse=0 | names=[免费节点10] 🇺🇸 US 586 → tg@nicevpn123 | err=-
[DROP] name=[免费节点10] 🇺🇸 US 586 → tg@nicevpn123 {1112} | server=107.174.96.19:45979 | reason=mihomo start failed
[TEST] {1115} tested=1/1 | kept=0 | rest=0
[DEBUG] mihomo isolate | branch={1115} | size=1 | parse=0 | names=[免费节点10] 🇺🇸 US 56 → tg@nicevpn123 | err=-
[DEBUG] mihomo drop | branch={1115} | size=1 | parse=0 | names=[免费节点10] 🇺🇸 US 56 → tg@nicevpn123 | err=-
[DROP] name=[免费节点10] 🇺🇸 US 56 → tg@nicevpn123 {1115} | server=n1709457297.aaigefm.cn:443 | reason=mihomo start failed
[TEST] {1116} tested=1/1 | kept=0 | rest=0
[DEBUG] mihomo isolate | branch={1116} | size=1 | parse=0 | names=[免费节点10] 🇺🇸 US 561 → tg@nicevpn123 | err=-
[DEBUG] mihomo drop | branch={1116} | size=1 | parse=0 | names=[免费节点10] 🇺🇸 US 561 → tg@nicevpn123 | err=-
[DROP] name=[免费节点10] 🇺🇸 US 561 → tg@nicevpn123 {1116} | server=104.19.45.73:2095 | reason=mihomo start failed
[TEST] {1106} tested=1/1 | kept=0 | rest=0
[DEBUG] mihomo isolate | branch={1106} | size=1 | parse=0 | names=[免费节点10] 🇺🇸 US 540 → tg@nicevpn123 | err=-
[DEBUG] mihomo drop | branch={1106} | size=1 | parse=0 | names=[免费节点10] 🇺🇸 US 540 → tg@nicevpn123 | err=-
[DROP] name=[免费节点10] 🇺🇸 US 540 → tg@nicevpn123 {1106} | server=38.75.137.42:5004 | reason=mihomo start failed
[TEST] {1117} tested=1/1 | kept=0 | rest=0
[DEBUG] mihomo isolate | branch={1117} | size=1 | parse=0 | names=[免费节点10] 🇺🇸 US 562 → tg@nicevpn123 | err=-
[DEBUG] mihomo drop | branch={1117} | size=1 | parse=0 | names=[免费节点10] 🇺🇸 US 562 → tg@nicevpn123 | err=-
[DROP] name=[免费节点10] 🇺🇸 US 562 → tg@nicevpn123 {1117} | server=104.19.45.84:2095 | reason=mihomo start failed
[TEST] {1119} tested=1/1 | kept=0 | rest=0
[DEBUG] mihomo isolate | branch={1119} | size=1 | parse=0 | names=[免费节点10] 🇺🇸 US 553 → tg@nicevpn123 | err=-
[DEBUG] mihomo drop | branch={1119} | size=1 | parse=0 | names=[免费节点10] 🇺🇸 US 553 → tg@nicevpn123 | err=-
[DROP] name=[免费节点10] 🇺🇸 US 553 → tg@nicevpn123 {1119} | server=104.19.45.78:2095 | reason=mihomo start failed
[TEST] {1118} tested=1/1 | kept=0 | rest=0
[DEBUG] mihomo isolate | branch={1118} | size=1 | parse=0 | names=[免费节点10] 🇺🇸 US 552 → tg@nicevpn123 | err=-
[DEBUG] mihomo drop | branch={1118} | size=1 | parse=0 | names=[免费节点10] 🇺🇸 US 552 → tg@nicevpn123 | err=-
[DROP] name=[免费节点10] 🇺🇸 US 552 → tg@nicevpn123 {1118} | server=104.16.39.94:2082 | reason=mihomo start failed
[TEST] {1107} tested=1/1 | kept=0 | rest=0
[DEBUG] mihomo isolate | branch={1107} | size=1 | parse=0 | names=[免费节点10] 🇺🇸 US 541 → tg@nicevpn123 | err=-
[DEBUG] mihomo drop | branch={1107} | size=1 | parse=0 | names=[免费节点10] 🇺🇸 US 541 → tg@nicevpn123 | err=-
[DROP] name=[免费节点10] 🇺🇸 US 541 → tg@nicevpn123 {1107} | server=38.110.1.43:9101 | reason=mihomo start failed
[TEST] {1120} tested=1/1 | kept=0 | rest=0
[DEBUG] mihomo isolate | branch={1120} | size=1 | parse=0 | names=[免费节点10] 🇺🇸 US 554 → tg@nicevpn123 | err=-
[DEBUG] mihomo drop | branch={1120} | size=1 | parse=0 | names=[免费节点10] 🇺🇸 US 554 → tg@nicevpn123 | err=-
[DROP] name=[免费节点10] 🇺🇸 US 554 → tg@nicevpn123 {1120} | server=104.18.29.250:2052 | reason=mihomo start failed
[TEST] {1113} tested=1/1 | kept=0 | rest=0
[DEBUG] mihomo isolate | branch={1113} | size=1 | parse=0 | names=[免费节点10] 🇺🇸 US 556 → tg@nicevpn123 | err=-
[DEBUG] mihomo drop | branch={1113} | size=1 | parse=0 | names=[免费节点10] 🇺🇸 US 556 → tg@nicevpn123 | err=-
[DROP] name=[免费节点10] 🇺🇸 US 556 → tg@nicevpn123 {1113} | server=38.114.114.208:7002 | reason=mihomo start failed
[TEST] {1124} tested=1/1 | kept=0 | rest=0
[DEBUG] mihomo isolate | branch={1124} | size=1 | parse=0 | names=[免费节点10] 🇺🇸 US 578 → tg@nicevpn123 | err=-
[DEBUG] mihomo drop | branch={1124} | size=1 | parse=0 | names=[免费节点10] 🇺🇸 US 578 → tg@nicevpn123 | err=-
[DROP] name=[免费节点10] 🇺🇸 US 578 → tg@nicevpn123 {1124} | server=104.16.40.136:2082 | reason=mihomo start failed
[TEST] {1122} tested=1/1 | kept=0 | rest=0
[DEBUG] mihomo isolate | branch={1122} | size=1 | parse=0 | names=[免费节点10] 🇺🇸 US 576 → tg@nicevpn123 | err=-
[DEBUG] mihomo drop | branch={1122} | size=1 | parse=0 | names=[免费节点10] 🇺🇸 US 576 → tg@nicevpn123 | err=-
[DROP] name=[免费节点10] 🇺🇸 US 576 → tg@nicevpn123 {1122} | server=104.19.45.239:2082 | reason=mihomo start failed
[TEST] {1125} tested=1/1 | kept=0 | rest=0
[DEBUG] mihomo isolate | branch={1125} | size=1 | parse=0 | names=[免费节点10] 🇺🇸 US 58 → tg@nicevpn123 | err=-
[DEBUG] mihomo drop | branch={1125} | size=1 | parse=0 | names=[免费节点10] 🇺🇸 US 58 → tg@nicevpn123 | err=-
[DROP] name=[免费节点10] 🇺🇸 US 58 → tg@nicevpn123 {1125} | server=104.21.227.36:80 | reason=mihomo start failed
[TEST] {1114} tested=1/1 | kept=0 | rest=0
[DEBUG] mihomo isolate | branch={1114} | size=1 | parse=0 | names=[免费节点10] 🇺🇸 US 558 → tg@nicevpn123 | err=-
[DEBUG] mihomo drop | branch={1114} | size=1 | parse=0 | names=[免费节点10] 🇺🇸 US 558 → tg@nicevpn123 | err=-
[DROP] name=[免费节点10] 🇺🇸 US 558 → tg@nicevpn123 {1114} | server=onea.flha.ru:2095 | reason=mihomo start failed
[TEST] {1121} tested=1/1 | kept=0 | rest=0
[DEBUG] mihomo isolate | branch={1121} | size=1 | parse=0 | names=[免费节点10] 🇺🇸 US 555 → tg@nicevpn123 | err=-
[DEBUG] mihomo drop | branch={1121} | size=1 | parse=0 | names=[免费节点10] 🇺🇸 US 555 → tg@nicevpn123 | err=-
[DROP] name=[免费节点10] 🇺🇸 US 555 → tg@nicevpn123 {1121} | server=38.75.137.105:6379 | reason=mihomo start failed
[TEST] {1123} tested=1/1 | kept=0 | rest=0
[DEBUG] mihomo isolate | branch={1123} | size=1 | parse=0 | names=[免费节点10] 🇺🇸 US 577 → tg@nicevpn123 | err=-
[DEBUG] mihomo drop | branch={1123} | size=1 | parse=0 | names=[免费节点10] 🇺🇸 US 577 → tg@nicevpn123 | err=-
[DROP] name=[免费节点10] 🇺🇸 US 577 → tg@nicevpn123 {1123} | server=165.22.47.62:8881 | reason=mihomo start failed
[TEST] {1130} tested=1/1 | kept=0 | rest=0
[DEBUG] mihomo isolate | branch={1130} | size=1 | parse=0 | names=[免费节点10] 🇺🇸 US 575 → tg@nicevpn123 | err=-
[DEBUG] mihomo drop | branch={1130} | size=1 | parse=0 | names=[免费节点10] 🇺🇸 US 575 → tg@nicevpn123 | err=-
[DROP] name=[免费节点10] 🇺🇸 US 575 → tg@nicevpn123 {1130} | server=bolder-metal-comma.glitch.me:443 | reason=mihomo start failed
[TEST] {1127} tested=1/1 | kept=0 | rest=0
[DEBUG] mihomo isolate | branch={1127} | size=1 | parse=0 | names=[免费节点10] 🇺🇸 US 570 → tg@nicevpn123 | err=-
[DEBUG] mihomo drop | branch={1127} | size=1 | parse=0 | names=[免费节点10] 🇺🇸 US 570 → tg@nicevpn123 | err=-
[DROP] name=[免费节点10] 🇺🇸 US 570 → tg@nicevpn123 {1127} | server=104.18.219.61:2087 | reason=mihomo start failed
[TEST] {1131} tested=1/1 | kept=0 | rest=0
[DEBUG] mihomo isolate | branch={1131} | size=1 | parse=0 | names=[免费节点10] 🇺🇸 US 564 → tg@nicevpn123 | err=-
[DEBUG] mihomo drop | branch={1131} | size=1 | parse=0 | names=[免费节点10] 🇺🇸 US 564 → tg@nicevpn123 | err=-
[DROP] name=[免费节点10] 🇺🇸 US 564 → tg@nicevpn123 {1131} | server=104.24.136.13:2083 | reason=mihomo start failed
[TEST] {1128} tested=1/1 | kept=0 | rest=0
[DEBUG] mihomo isolate | branch={1128} | size=1 | parse=0 | names=[免费节点10] 🇺🇸 US 572 → tg@nicevpn123 | err=-
[DEBUG] mihomo drop | branch={1128} | size=1 | parse=0 | names=[免费节点10] 🇺🇸 US 572 → tg@nicevpn123 | err=-
[DROP] name=[免费节点10] 🇺🇸 US 572 → tg@nicevpn123 {1128} | server=38.75.136.108:8091 | reason=mihomo start failed
[TEST] {1126} tested=1/1 | kept=0 | rest=0
[DEBUG] mihomo isolate | branch={1126} | size=1 | parse=0 | names=[免费节点10] 🇺🇸 US 57 → tg@nicevpn123 | err=-
[DEBUG] mihomo drop | branch={1126} | size=1 | parse=0 | names=[免费节点10] 🇺🇸 US 57 → tg@nicevpn123 | err=-
[DROP] name=[免费节点10] 🇺🇸 US 57 → tg@nicevpn123 {1126} | server=15.204.87.217:5498 | reason=mihomo start failed
[TEST] {1134} tested=1/1 | kept=0 | rest=0
[DEBUG] mihomo isolate | branch={1134} | size=1 | parse=0 | names=[免费节点10] 🇺🇸 US 569 → tg@nicevpn123 | err=-
[DEBUG] mihomo drop | branch={1134} | size=1 | parse=0 | names=[免费节点10] 🇺🇸 US 569 → tg@nicevpn123 | err=-
[DROP] name=[免费节点10] 🇺🇸 US 569 → tg@nicevpn123 {1134} | server=104.18.219.67:2087 | reason=mihomo start failed
[TEST] {1135} tested=1/1 | kept=0 | rest=0
[DEBUG] mihomo isolate | branch={1135} | size=1 | parse=0 | names=[免费节点10] 🇺🇸 US 600 → tg@nicevpn123 | err=-
[DEBUG] mihomo drop | branch={1135} | size=1 | parse=0 | names=[免费节点10] 🇺🇸 US 600 → tg@nicevpn123 | err=-
[DROP] name=[免费节点10] 🇺🇸 US 600 → tg@nicevpn123 {1135} | server=104.19.42.243:2082 | reason=mihomo start failed
[TEST] {1129} tested=1/1 | kept=0 | rest=0
[DEBUG] mihomo isolate | branch={1129} | size=1 | parse=0 | names=[免费节点10] 🇺🇸 US 574 → tg@nicevpn123 | err=-
[DEBUG] mihomo drop | branch={1129} | size=1 | parse=0 | names=[免费节点10] 🇺🇸 US 574 → tg@nicevpn123 | err=-
[DROP] name=[免费节点10] 🇺🇸 US 574 → tg@nicevpn123 {1129} | server=34.221.163.96:443 | reason=mihomo start failed
[TEST] {1132} tested=1/1 | kept=0 | rest=0
[DEBUG] mihomo isolate | branch={1132} | size=1 | parse=0 | names=[免费节点10] 🇺🇸 US 565 → tg@nicevpn123 | err=-
[DEBUG] mihomo drop | branch={1132} | size=1 | parse=0 | names=[免费节点10] 🇺🇸 US 565 → tg@nicevpn123 | err=-
[DROP] name=[免费节点10] 🇺🇸 US 565 → tg@nicevpn123 {1132} | server=38.110.1.201:5003 | reason=mihomo start failed
[TEST] {1138} tested=1/1 | kept=0 | rest=0
[DEBUG] mihomo isolate | branch={1138} | size=1 | parse=0 | names=[免费节点10] 🇺🇸 US 604 → tg@nicevpn123 | err=-
[DEBUG] mihomo drop | branch={1138} | size=1 | parse=0 | names=[免费节点10] 🇺🇸 US 604 → tg@nicevpn123 | err=-
[DROP] name=[免费节点10] 🇺🇸 US 604 → tg@nicevpn123 {1138} | server=173.245.58.11:443 | reason=mihomo start failed
[TEST] {1140} tested=1/1 | kept=0 | rest=0
[DEBUG] mihomo isolate | branch={1140} | size=1 | parse=0 | names=[免费节点10] 🇺🇸 US 607 → tg@nicevpn123 | err=-
[DEBUG] mihomo drop | branch={1140} | size=1 | parse=0 | names=[免费节点10] 🇺🇸 US 607 → tg@nicevpn123 | err=-
[DROP] name=[免费节点10] 🇺🇸 US 607 → tg@nicevpn123 {1140} | server=152.42.216.240:80 | reason=mihomo start failed
[TEST] {1139} tested=1/1 | kept=0 | rest=0
[DEBUG] mihomo isolate | branch={1139} | size=1 | parse=0 | names=[免费节点10] 🇺🇸 US 605 → tg@nicevpn123 | err=-
[DEBUG] mihomo drop | branch={1139} | size=1 | parse=0 | names=[免费节点10] 🇺🇸 US 605 → tg@nicevpn123 | err=-
[DROP] name=[免费节点10] 🇺🇸 US 605 → tg@nicevpn123 {1139} | server=104.16.43.210:2082 | reason=mihomo start failed
[TEST] {1141} tested=1/1 | kept=0 | rest=0
[DEBUG] mihomo isolate | branch={1141} | size=1 | parse=0 | names=[免费节点10] 🇺🇸 US 608 → tg@nicevpn123 | err=-
[DEBUG] mihomo drop | branch={1141} | size=1 | parse=0 | names=[免费节点10] 🇺🇸 US 608 → tg@nicevpn123 | err=-
[DROP] name=[免费节点10] 🇺🇸 US 608 → tg@nicevpn123 {1141} | server=104.19.45.32:2095 | reason=mihomo start failed
[TEST] {1142} tested=1/1 | kept=0 | rest=0
[DEBUG] mihomo isolate | branch={1142} | size=1 | parse=0 | names=[免费节点10] 🇺🇸 US 61 → tg@nicevpn123 | err=-
[DEBUG] mihomo drop | branch={1142} | size=1 | parse=0 | names=[免费节点10] 🇺🇸 US 61 → tg@nicevpn123 | err=-
[DROP] name=[免费节点10] 🇺🇸 US 61 → tg@nicevpn123 {1142} | server=104.19.45.34:2095 | reason=mihomo start failed
[TEST] {1133} tested=1/1 | kept=0 | rest=0
[DEBUG] mihomo isolate | branch={1133} | size=1 | parse=0 | names=[免费节点10] 🇺🇸 US 566 → tg@nicevpn123 | err=-
[DEBUG] mihomo drop | branch={1133} | size=1 | parse=0 | names=[免费节点10] 🇺🇸 US 566 → tg@nicevpn123 | err=-
[DROP] name=[免费节点10] 🇺🇸 US 566 → tg@nicevpn123 {1133} | server=38.86.135.117:8118 | reason=mihomo start failed
[TEST] {1136} tested=1/1 | kept=0 | rest=0
[DEBUG] mihomo isolate | branch={1136} | size=1 | parse=0 | names=[免费节点10] 🇺🇸 US 601 → tg@nicevpn123 | err=-
[DEBUG] mihomo drop | branch={1136} | size=1 | parse=0 | names=[免费节点10] 🇺🇸 US 601 → tg@nicevpn123 | err=-
[DROP] name=[免费节点10] 🇺🇸 US 601 → tg@nicevpn123 {1136} | server=66.225.246.221:30129 | reason=mihomo start failed
[TEST] {1145} tested=1/1 | kept=0 | rest=0
[DEBUG] mihomo isolate | branch={1145} | size=1 | parse=0 | names=[免费节点10] 🇺🇸 US 624 → tg@nicevpn123 | err=-
[DEBUG] mihomo drop | branch={1145} | size=1 | parse=0 | names=[免费节点10] 🇺🇸 US 624 → tg@nicevpn123 | err=-
[DROP] name=[免费节点10] 🇺🇸 US 624 → tg@nicevpn123 {1145} | server=104.16.42.81:2082 | reason=mihomo start failed
[TEST] {1147} tested=1/1 | kept=0 | rest=0
[DEBUG] mihomo isolate | branch={1147} | size=1 | parse=0 | names=[免费节点10] 🇺🇸 US 626 → tg@nicevpn123 | err=-
[DEBUG] mihomo drop | branch={1147} | size=1 | parse=0 | names=[免费节点10] 🇺🇸 US 626 → tg@nicevpn123 | err=-
[DROP] name=[免费节点10] 🇺🇸 US 626 → tg@nicevpn123 {1147} | server=172.67.220.64:443 | reason=mihomo start failed
[TEST] {1146} tested=1/1 | kept=0 | rest=0
[DEBUG] mihomo isolate | branch={1146} | size=1 | parse=0 | names=[免费节点10] 🇺🇸 US 625 → tg@nicevpn123 | err=-
[DEBUG] mihomo drop | branch={1146} | size=1 | parse=0 | names=[免费节点10] 🇺🇸 US 625 → tg@nicevpn123 | err=-
[DROP] name=[免费节点10] 🇺🇸 US 625 → tg@nicevpn123 {1146} | server=au-full.privateip.net:443 | reason=mihomo start failed
[TEST] {1149} tested=1/1 | kept=0 | rest=0
[DEBUG] mihomo isolate | branch={1149} | size=1 | parse=0 | names=[免费节点10] 🇺🇸 US 674 → tg@nicevpn123 | err=-
[DEBUG] mihomo drop | branch={1149} | size=1 | parse=0 | names=[免费节点10] 🇺🇸 US 674 → tg@nicevpn123 | err=-
[DROP] name=[免费节点10] 🇺🇸 US 674 → tg@nicevpn123 {1149} | server=104.16.216.241:443 | reason=mihomo start failed
[TEST] {1148} tested=1/1 | kept=0 | rest=0
[DEBUG] mihomo isolate | branch={1148} | size=1 | parse=0 | names=[免费节点10] 🇺🇸 US 673 → tg@nicevpn123 | err=-
[DEBUG] mihomo drop | branch={1148} | size=1 | parse=0 | names=[免费节点10] 🇺🇸 US 673 → tg@nicevpn123 | err=-
[DROP] name=[免费节点10] 🇺🇸 US 673 → tg@nicevpn123 {1148} | server=104.17.81.63:8443 | reason=mihomo start failed
[TEST] {1152} tested=1/1 | kept=0 | rest=0
[DEBUG] mihomo isolate | branch={1152} | size=1 | parse=0 | names=[免费节点10] 🇺🇸 US 677 → tg@nicevpn123 | err=-
[DEBUG] mihomo drop | branch={1152} | size=1 | parse=0 | names=[免费节点10] 🇺🇸 US 677 → tg@nicevpn123 | err=-
[DROP] name=[免费节点10] 🇺🇸 US 677 → tg@nicevpn123 {1152} | server=104.16.43.54:2082 | reason=mihomo start failed
[TEST] {1151} tested=1/1 | kept=0 | rest=0
[DEBUG] mihomo isolate | branch={1151} | size=1 | parse=0 | names=[免费节点10] 🇺🇸 US 676 → tg@nicevpn123 | err=-
[DEBUG] mihomo drop | branch={1151} | size=1 | parse=0 | names=[免费节点10] 🇺🇸 US 676 → tg@nicevpn123 | err=-
[DROP] name=[免费节点10] 🇺🇸 US 676 → tg@nicevpn123 {1151} | server=172.67.132.209:443 | reason=mihomo start failed
[TEST] {1150} tested=1/1 | kept=0 | rest=0
[DEBUG] mihomo isolate | branch={1150} | size=1 | parse=0 | names=[免费节点10] 🇺🇸 US 675 → tg@nicevpn123 | err=-
[DEBUG] mihomo drop | branch={1150} | size=1 | parse=0 | names=[免费节点10] 🇺🇸 US 675 → tg@nicevpn123 | err=-
[DROP] name=[免费节点10] 🇺🇸 US 675 → tg@nicevpn123 {1150} | server=172.67.196.16:443 | reason=mihomo start failed
[TEST] {1153} tested=1/1 | kept=0 | rest=0
[DEBUG] mihomo isolate | branch={1153} | size=1 | parse=0 | names=[免费节点10] 🇺🇸 US 627 → tg@nicevpn123 | err=-
[DEBUG] mihomo drop | branch={1153} | size=1 | parse=0 | names=[免费节点10] 🇺🇸 US 627 → tg@nicevpn123 | err=-
[DROP] name=[免费节点10] 🇺🇸 US 627 → tg@nicevpn123 {1153} | server=23.94.100.187:48889 | reason=mihomo start failed
[TEST] {1154} tested=1/1 | kept=0 | rest=0
[DEBUG] mihomo isolate | branch={1154} | size=1 | parse=0 | names=[免费节点10] 🇺🇸 US 629 → tg@nicevpn123 | err=-
[DEBUG] mihomo drop | branch={1154} | size=1 | parse=0 | names=[免费节点10] 🇺🇸 US 629 → tg@nicevpn123 | err=-
[DROP] name=[免费节点10] 🇺🇸 US 629 → tg@nicevpn123 {1154} | server=104.19.48.100:2082 | reason=mihomo start failed
[TEST] {1156} tested=1/1 | kept=0 | rest=0
[DEBUG] mihomo isolate | branch={1156} | size=1 | parse=0 | names=[免费节点10] 🇺🇸 US 632 → tg@nicevpn123 | err=-
[DEBUG] mihomo drop | branch={1156} | size=1 | parse=0 | names=[免费节点10] 🇺🇸 US 632 → tg@nicevpn123 | err=-
[DROP] name=[免费节点10] 🇺🇸 US 632 → tg@nicevpn123 {1156} | server=jiasu.fanmengdas.top:40723 | reason=mihomo start failed
[TEST] {1155} tested=1/1 | kept=0 | rest=0
[DEBUG] mihomo isolate | branch={1155} | size=1 | parse=0 | names=[免费节点10] 🇺🇸 US 631 → tg@nicevpn123 | err=-
[DEBUG] mihomo drop | branch={1155} | size=1 | parse=0 | names=[免费节点10] 🇺🇸 US 631 → tg@nicevpn123 | err=-
[DROP] name=[免费节点10] 🇺🇸 US 631 → tg@nicevpn123 {1155} | server=hk.wish.ml:2052 | reason=mihomo start failed
[TEST] {1137} tested=1/1 | kept=0 | rest=0
[DEBUG] mihomo isolate | branch={1137} | size=1 | parse=0 | names=[免费节点10] 🇺🇸 US 602 → tg@nicevpn123 | err=-
[DEBUG] mihomo drop | branch={1137} | size=1 | parse=0 | names=[免费节点10] 🇺🇸 US 602 → tg@nicevpn123 | err=-
[DROP] name=[免费节点10] 🇺🇸 US 602 → tg@nicevpn123 {1137} | server=38.75.137.42:8080 | reason=mihomo start failed
[TEST] {1158} tested=1/1 | kept=0 | rest=0
[DEBUG] mihomo isolate | branch={1158} | size=1 | parse=0 | names=[免费节点10] 🇺🇸 US 655 → tg@nicevpn123 | err=-
[DEBUG] mihomo drop | branch={1158} | size=1 | parse=0 | names=[免费节点10] 🇺🇸 US 655 → tg@nicevpn123 | err=-
[DROP] name=[免费节点10] 🇺🇸 US 655 → tg@nicevpn123 {1158} | server=104.18.154.42:80 | reason=mihomo start failed
[TEST] {1161} tested=1/1 | kept=0 | rest=0
[DEBUG] mihomo isolate | branch={1161} | size=1 | parse=0 | names=[免费节点10] 🇺🇸 US 658 → tg@nicevpn123 | err=-
[DEBUG] mihomo drop | branch={1161} | size=1 | parse=0 | names=[免费节点10] 🇺🇸 US 658 → tg@nicevpn123 | err=-
[DROP] name=[免费节点10] 🇺🇸 US 658 → tg@nicevpn123 {1161} | server=104.16.40.244:2082 | reason=mihomo start failed
[TEST] {1160} tested=1/1 | kept=0 | rest=0
[DEBUG] mihomo isolate | branch={1160} | size=1 | parse=0 | names=[免费节点10] 🇺🇸 US 657 → tg@nicevpn123 | err=-
[DEBUG] mihomo drop | branch={1160} | size=1 | parse=0 | names=[免费节点10] 🇺🇸 US 657 → tg@nicevpn123 | err=-
[DROP] name=[免费节点10] 🇺🇸 US 657 → tg@nicevpn123 {1160} | server=104.21.233.68:80 | reason=mihomo start failed
[TEST] {1159} tested=1/1 | kept=0 | rest=0
[DEBUG] mihomo isolate | branch={1159} | size=1 | parse=0 | names=[免费节点10] 🇺🇸 US 656 → tg@nicevpn123 | err=-
[DEBUG] mihomo drop | branch={1159} | size=1 | parse=0 | names=[免费节点10] 🇺🇸 US 656 → tg@nicevpn123 | err=-
[DROP] name=[免费节点10] 🇺🇸 US 656 → tg@nicevpn123 {1159} | server=t45a7-g03.jp02-9a99-vm0.entry.fr0307a.art:11775 | reason=mihomo start failed
[TEST] {1162} tested=1/1 | kept=0 | rest=0
[DEBUG] mihomo isolate | branch={1162} | size=1 | parse=0 | names=[免费节点10] 🇺🇸 US 65 → tg@nicevpn123 | err=-
[DEBUG] mihomo drop | branch={1162} | size=1 | parse=0 | names=[免费节点10] 🇺🇸 US 65 → tg@nicevpn123 | err=-
[DROP] name=[免费节点10] 🇺🇸 US 65 → tg@nicevpn123 {1162} | server=104.16.217.241:443 | reason=mihomo start failed
[TEST] {1165} tested=1/1 | kept=0 | rest=0
[DEBUG] mihomo isolate | branch={1165} | size=1 | parse=0 | names=[免费节点10] 🇺🇸 US 652 → tg@nicevpn123 | err=-
[DEBUG] mihomo drop | branch={1165} | size=1 | parse=0 | names=[免费节点10] 🇺🇸 US 652 → tg@nicevpn123 | err=-
[DROP] name=[免费节点10] 🇺🇸 US 652 → tg@nicevpn123 {1165} | server=172.67.229.37:2086 | reason=mihomo start failed
[TEST] {1164} tested=1/1 | kept=0 | rest=0
[DEBUG] mihomo isolate | branch={1164} | size=1 | parse=0 | names=[免费节点10] 🇺🇸 US 651 → tg@nicevpn123 | err=-
[DEBUG] mihomo drop | branch={1164} | size=1 | parse=0 | names=[免费节点10] 🇺🇸 US 651 → tg@nicevpn123 | err=-
[DROP] name=[免费节点10] 🇺🇸 US 651 → tg@nicevpn123 {1164} | server=104.16.39.38:2082 | reason=mihomo start failed
[TEST] {1166} tested=1/1 | kept=0 | rest=0
[DEBUG] mihomo isolate | branch={1166} | size=1 | parse=0 | names=[免费节点10] 🇺🇸 US 654 → tg@nicevpn123 | err=-
[DEBUG] mihomo drop | branch={1166} | size=1 | parse=0 | names=[免费节点10] 🇺🇸 US 654 → tg@nicevpn123 | err=-
[DROP] name=[免费节点10] 🇺🇸 US 654 → tg@nicevpn123 {1166} | server=104.16.40.79:2082 | reason=mihomo start failed
[TEST] {1163} tested=1/1 | kept=0 | rest=0
[DEBUG] mihomo isolate | branch={1163} | size=1 | parse=0 | names=[免费节点10] 🇺🇸 US 650 → tg@nicevpn123 | err=-
[DEBUG] mihomo drop | branch={1163} | size=1 | parse=0 | names=[免费节点10] 🇺🇸 US 650 → tg@nicevpn123 | err=-
[DROP] name=[免费节点10] 🇺🇸 US 650 → tg@nicevpn123 {1163} | server=104.19.45.143:2095 | reason=mihomo start failed
[TEST] {1143} tested=1/1 | kept=0 | rest=0
[DEBUG] mihomo isolate | branch={1143} | size=1 | parse=0 | names=[免费节点10] 🇺🇸 US 611 → tg@nicevpn123 | err=-
[DEBUG] mihomo drop | branch={1143} | size=1 | parse=0 | names=[免费节点10] 🇺🇸 US 611 → tg@nicevpn123 | err=-
[DROP] name=[免费节点10] 🇺🇸 US 611 → tg@nicevpn123 {1143} | server=38.75.137.93:3389 | reason=mihomo start failed
[TEST] {1168} tested=1/1 | kept=0 | rest=0
[DEBUG] mihomo isolate | branch={1168} | size=1 | parse=0 | names=[ChromeGO-ShiteThings] zoneabc.net | err=-
[DEBUG] mihomo drop | branch={1168} | size=1 | parse=0 | names=[ChromeGO-ShiteThings] zoneabc.net | err=-
[DROP] name=[ChromeGO-ShiteThings] zoneabc.net {1168} | server=zoneabc.net:443 | reason=mihomo start failed
[TEST] {1144} tested=1/1 | kept=0 | rest=0
[DEBUG] mihomo isolate | branch={1144} | size=1 | parse=0 | names=[免费节点10] 🇺🇸 US 623 → tg@nicevpn123 | err=-
[DEBUG] mihomo drop | branch={1144} | size=1 | parse=0 | names=[免费节点10] 🇺🇸 US 623 → tg@nicevpn123 | err=-
[DROP] name=[免费节点10] 🇺🇸 US 623 → tg@nicevpn123 {1144} | server=ip0axv1bbsu02k7-jp.1ytnode.com:56342 | reason=mihomo start failed
[TEST] {1169} tested=1/1 | kept=0 | rest=0
[DEBUG] mihomo isolate | branch={1169} | size=1 | parse=0 | names=[ChromeGO-ShiteThings] youxuan.cf.090227 | err=-
[DEBUG] mihomo drop | branch={1169} | size=1 | parse=0 | names=[ChromeGO-ShiteThings] youxuan.cf.090227 | err=-
[DROP] name=[ChromeGO-ShiteThings] youxuan.cf.090227.xyz {1169} | server=youxuan.cf.090227.xyz:443 | reason=mihomo start failed
[TEST] {1170} tested=1/1 | kept=0 | rest=0
[DEBUG] mihomo isolate | branch={1170} | size=1 | parse=0 | names=[ChromeGO-ShiteThings] www.shopify.com | err=-
[DEBUG] mihomo drop | branch={1170} | size=1 | parse=0 | names=[ChromeGO-ShiteThings] www.shopify.com | err=-
[DROP] name=[ChromeGO-ShiteThings] www.shopify.com {1170} | server=www.shopify.com:443 | reason=mihomo start failed
[TEST] {1171} tested=1/1 | kept=0 | rest=0
[DEBUG] mihomo isolate | branch={1171} | size=1 | parse=0 | names=[免费节点10] 🇺🇸 US 67 → tg@nicevpn123 | err=-
[DEBUG] mihomo drop | branch={1171} | size=1 | parse=0 | names=[免费节点10] 🇺🇸 US 67 → tg@nicevpn123 | err=-
[DROP] name=[免费节点10] 🇺🇸 US 67 → tg@nicevpn123 {1171} | server=104.17.61.9:443 | reason=mihomo start failed
[TEST] {1172} tested=1/1 | kept=0 | rest=0
[DEBUG] mihomo isolate | branch={1172} | size=1 | parse=0 | names=[免费节点10] 🇺🇸 US 670 → tg@nicevpn123 | err=-
[DEBUG] mihomo drop | branch={1172} | size=1 | parse=0 | names=[免费节点10] 🇺🇸 US 670 → tg@nicevpn123 | err=-
[DROP] name=[免费节点10] 🇺🇸 US 670 → tg@nicevpn123 {1172} | server=104.19.212.140:2082 | reason=mihomo start failed
[TEST] {1174} tested=1/1 | kept=0 | rest=0
[DEBUG] mihomo isolate | branch={1174} | size=1 | parse=0 | names=[免费节点10] 🇺🇸 US 672 → tg@nicevpn123 | err=-
[DEBUG] mihomo drop | branch={1174} | size=1 | parse=0 | names=[免费节点10] 🇺🇸 US 672 → tg@nicevpn123 | err=-
[DROP] name=[免费节点10] 🇺🇸 US 672 → tg@nicevpn123 {1174} | server=13.35.13.137:443 | reason=mihomo start failed
[TEST] {1175} tested=1/1 | kept=0 | rest=0
[DEBUG] mihomo isolate | branch={1175} | size=1 | parse=0 | names=[免费节点10] 🇺🇸 US 66 → tg@nicevpn123 | err=-
[DEBUG] mihomo drop | branch={1175} | size=1 | parse=0 | names=[免费节点10] 🇺🇸 US 66 → tg@nicevpn123 | err=-
[DROP] name=[免费节点10] 🇺🇸 US 66 → tg@nicevpn123 {1175} | server=104.20.26.40:8080 | reason=mihomo start failed
[TEST] {1157} tested=1/1 | kept=0 | rest=0
[DEBUG] mihomo isolate | branch={1157} | size=1 | parse=0 | names=[免费节点10] 🇺🇸 US 633 → tg@nicevpn123 | err=-
[DEBUG] mihomo drop | branch={1157} | size=1 | parse=0 | names=[免费节点10] 🇺🇸 US 633 → tg@nicevpn123 | err=-
[DROP] name=[免费节点10] 🇺🇸 US 633 → tg@nicevpn123 {1157} | server=205.234.232.191:10512 | reason=mihomo start failed
[TEST] {1179} tested=1/1 | kept=0 | rest=0
[DEBUG] mihomo isolate | branch={1179} | size=1 | parse=0 | names=[免费节点10] 🇺🇸 US 667 → tg@nicevpn123 | err=-
[DEBUG] mihomo drop | branch={1179} | size=1 | parse=0 | names=[免费节点10] 🇺🇸 US 667 → tg@nicevpn123 | err=-
[DROP] name=[免费节点10] 🇺🇸 US 667 → tg@nicevpn123 {1179} | server=104.21.83.208:443 | reason=mihomo start failed
[TEST] {1178} tested=1/1 | kept=0 | rest=0
[DEBUG] mihomo isolate | branch={1178} | size=1 | parse=0 | names=[免费节点10] 🇺🇸 US 666 → tg@nicevpn123 | err=-
[DEBUG] mihomo drop | branch={1178} | size=1 | parse=0 | names=[免费节点10] 🇺🇸 US 666 → tg@nicevpn123 | err=-
[DROP] name=[免费节点10] 🇺🇸 US 666 → tg@nicevpn123 {1178} | server=104.19.45.6:2095 | reason=mihomo start failed
[TEST] {1177} tested=1/1 | kept=0 | rest=0
[DEBUG] mihomo isolate | branch={1177} | size=1 | parse=0 | names=[免费节点10] 🇺🇸 US 665 → tg@nicevpn123 | err=-
[DEBUG] mihomo drop | branch={1177} | size=1 | parse=0 | names=[免费节点10] 🇺🇸 US 665 → tg@nicevpn123 | err=-
[DROP] name=[免费节点10] 🇺🇸 US 665 → tg@nicevpn123 {1177} | server=104.16.39.199:2082 | reason=mihomo start failed
[TEST] {1180} tested=1/1 | kept=0 | rest=0
[DEBUG] mihomo isolate | branch={1180} | size=1 | parse=0 | names=[免费节点10] 🇺🇸 US 787 → tg@nicevpn123 | err=-
[DEBUG] mihomo drop | branch={1180} | size=1 | parse=0 | names=[免费节点10] 🇺🇸 US 787 → tg@nicevpn123 | err=-
[DROP] name=[免费节点10] 🇺🇸 US 787 → tg@nicevpn123 {1180} | server=104.19.45.17:2095 | reason=mihomo start failed
[TEST] {1167} tested=1/1 | kept=0 | rest=0
[DEBUG] mihomo isolate | branch={1167} | size=1 | parse=0 | names=[ChromeGO-ShiteThings] www.visa.cn | err=-
[DEBUG] mihomo drop | branch={1167} | size=1 | parse=0 | names=[ChromeGO-ShiteThings] www.visa.cn | err=-
[DROP] name=[ChromeGO-ShiteThings] www.visa.cn {1167} | server=www.visa.cn:443 | reason=mihomo start failed
[TEST] {1182} tested=1/1 | kept=0 | rest=0
[DEBUG] mihomo isolate | branch={1182} | size=1 | parse=0 | names=[免费节点10] 🇺🇸 US 79 → tg@nicevpn123 | err=-
[DEBUG] mihomo drop | branch={1182} | size=1 | parse=0 | names=[免费节点10] 🇺🇸 US 79 → tg@nicevpn123 | err=-
[DROP] name=[免费节点10] 🇺🇸 US 79 → tg@nicevpn123 {1182} | server=104.19.45.92:2095 | reason=mihomo start failed
[TEST] {1184} tested=1/1 | kept=0 | rest=0
[DEBUG] mihomo isolate | branch={1184} | size=1 | parse=0 | names=[免费节点10] 🇺🇸 US 791 → tg@nicevpn123 | err=-
[DEBUG] mihomo drop | branch={1184} | size=1 | parse=0 | names=[免费节点10] 🇺🇸 US 791 → tg@nicevpn123 | err=-
[DROP] name=[免费节点10] 🇺🇸 US 791 → tg@nicevpn123 {1184} | server=38.110.1.105:7307 | reason=mihomo start failed
[TEST] {1181} tested=1/1 | kept=0 | rest=0
[DEBUG] mihomo isolate | branch={1181} | size=1 | parse=0 | names=[免费节点10] 🇺🇸 US 788 → tg@nicevpn123 | err=-
[DEBUG] mihomo drop | branch={1181} | size=1 | parse=0 | names=[免费节点10] 🇺🇸 US 788 → tg@nicevpn123 | err=-
[DROP] name=[免费节点10] 🇺🇸 US 788 → tg@nicevpn123 {1181} | server=104.21.225.92:80 | reason=mihomo start failed
[TEST] {1183} tested=1/1 | kept=0 | rest=0
[DEBUG] mihomo isolate | branch={1183} | size=1 | parse=0 | names=[免费节点10] 🇺🇸 US 790 → tg@nicevpn123 | err=-
[DEBUG] mihomo drop | branch={1183} | size=1 | parse=0 | names=[免费节点10] 🇺🇸 US 790 → tg@nicevpn123 | err=-
[DROP] name=[免费节点10] 🇺🇸 US 790 → tg@nicevpn123 {1183} | server=104.19.49.30:443 | reason=mihomo start failed
[TEST] {1185} tested=1/1 | kept=0 | rest=0
[DEBUG] mihomo isolate | branch={1185} | size=1 | parse=0 | names=[免费节点10] 🇺🇸 US 783 → tg@nicevpn123 | err=-
[DEBUG] mihomo drop | branch={1185} | size=1 | parse=0 | names=[免费节点10] 🇺🇸 US 783 → tg@nicevpn123 | err=-
[DROP] name=[免费节点10] 🇺🇸 US 783 → tg@nicevpn123 {1185} | server=104.19.45.149:2095 | reason=mihomo start failed
[TEST] {1186} tested=1/1 | kept=0 | rest=0
[DEBUG] mihomo isolate | branch={1186} | size=1 | parse=0 | names=[免费节点10] 🇺🇸 US 784 → tg@nicevpn123 | err=-
[DEBUG] mihomo drop | branch={1186} | size=1 | parse=0 | names=[免费节点10] 🇺🇸 US 784 → tg@nicevpn123 | err=-
[DROP] name=[免费节点10] 🇺🇸 US 784 → tg@nicevpn123 {1186} | server=104.16.77.52:443 | reason=mihomo start failed
[TEST] {1173} tested=1/1 | kept=0 | rest=0
[DEBUG] mihomo isolate | branch={1173} | size=1 | parse=0 | names=[免费节点10] 🇺🇸 US 671 → tg@nicevpn123 | err=-
[DEBUG] mihomo drop | branch={1173} | size=1 | parse=0 | names=[免费节点10] 🇺🇸 US 671 → tg@nicevpn123 | err=-
[DROP] name=[免费节点10] 🇺🇸 US 671 → tg@nicevpn123 {1173} | server=64.23.190.208:59703 | reason=mihomo start failed
[TEST] {1176} tested=1/1 | kept=0 | rest=0
[DEBUG] mihomo isolate | branch={1176} | size=1 | parse=0 | names=[免费节点10] 🇺🇸 US 662 → tg@nicevpn123 | err=-
[DEBUG] mihomo drop | branch={1176} | size=1 | parse=0 | names=[免费节点10] 🇺🇸 US 662 → tg@nicevpn123 | err=-
[DROP] name=[免费节点10] 🇺🇸 US 662 → tg@nicevpn123 {1176} | server=38.86.135.225:5601 | reason=mihomo start failed
[TEST] {1189} tested=1/1 | kept=0 | rest=0
[DEBUG] mihomo isolate | branch={1189} | size=1 | parse=0 | names=[免费节点10] 🇺🇸 US 799 → tg@nicevpn123 | err=-
[DEBUG] mihomo drop | branch={1189} | size=1 | parse=0 | names=[免费节点10] 🇺🇸 US 799 → tg@nicevpn123 | err=-
[DROP] name=[免费节点10] 🇺🇸 US 799 → tg@nicevpn123 {1189} | server=104.19.45.91:2095 | reason=mihomo start failed
[TEST] {1191} tested=1/1 | kept=0 | rest=0
[DEBUG] mihomo isolate | branch={1191} | size=1 | parse=0 | names=[免费节点10] 🇺🇸 US 80 → tg@nicevpn123 | err=-
[DEBUG] mihomo drop | branch={1191} | size=1 | parse=0 | names=[免费节点10] 🇺🇸 US 80 → tg@nicevpn123 | err=-
[DROP] name=[免费节点10] 🇺🇸 US 80 → tg@nicevpn123 {1191} | server=104.21.30.254:443 | reason=mihomo start failed
[TEST] {1193} tested=1/1 | kept=0 | rest=0
[DEBUG] mihomo isolate | branch={1193} | size=1 | parse=0 | names=[免费节点10] 🇺🇸 US 801 → tg@nicevpn123 | err=-
[DEBUG] mihomo drop | branch={1193} | size=1 | parse=0 | names=[免费节点10] 🇺🇸 US 801 → tg@nicevpn123 | err=-
[DROP] name=[免费节点10] 🇺🇸 US 801 → tg@nicevpn123 {1193} | server=104.16.42.197:2082 | reason=mihomo start failed
[TEST] {1192} tested=1/1 | kept=0 | rest=0
[DEBUG] mihomo isolate | branch={1192} | size=1 | parse=0 | names=[免费节点10] 🇺🇸 US 800 → tg@nicevpn123 | err=-
[DEBUG] mihomo drop | branch={1192} | size=1 | parse=0 | names=[免费节点10] 🇺🇸 US 800 → tg@nicevpn123 | err=-
[DROP] name=[免费节点10] 🇺🇸 US 800 → tg@nicevpn123 {1192} | server=104.19.171.7:443 | reason=mihomo start failed
[TEST] {1195} tested=1/1 | kept=0 | rest=0
[DEBUG] mihomo isolate | branch={1195} | size=1 | parse=0 | names=[免费节点10] 🇺🇸 US 795 → tg@nicevpn123 | err=-
[DEBUG] mihomo drop | branch={1195} | size=1 | parse=0 | names=[免费节点10] 🇺🇸 US 795 → tg@nicevpn123 | err=-
[DROP] name=[免费节点10] 🇺🇸 US 795 → tg@nicevpn123 {1195} | server=104.19.45.132:2095 | reason=mihomo start failed
[TEST] {1188} tested=1/1 | kept=0 | rest=0
[DEBUG] mihomo isolate | branch={1188} | size=1 | parse=0 | names=[免费节点10] 🇺🇸 US 786 → tg@nicevpn123 | err=-
[DEBUG] mihomo drop | branch={1188} | size=1 | parse=0 | names=[免费节点10] 🇺🇸 US 786 → tg@nicevpn123 | err=-
[DROP] name=[免费节点10] 🇺🇸 US 786 → tg@nicevpn123 {1188} | server=38.147.160.101:41384 | reason=mihomo start failed
[TEST] {1187} tested=1/1 | kept=0 | rest=0
[DEBUG] mihomo isolate | branch={1187} | size=1 | parse=0 | names=[免费节点10] 🇺🇸 US 785 → tg@nicevpn123 | err=-
[DEBUG] mihomo drop | branch={1187} | size=1 | parse=0 | names=[免费节点10] 🇺🇸 US 785 → tg@nicevpn123 | err=-
[DROP] name=[免费节点10] 🇺🇸 US 785 → tg@nicevpn123 {1187} | server=18.237.116.67:443 | reason=mihomo start failed
[TEST] {1197} tested=1/1 | kept=0 | rest=0
[DEBUG] mihomo isolate | branch={1197} | size=1 | parse=0 | names=[免费节点10] 🇺🇸 US 798 → tg@nicevpn123 | err=-
[DEBUG] mihomo drop | branch={1197} | size=1 | parse=0 | names=[免费节点10] 🇺🇸 US 798 → tg@nicevpn123 | err=-
[DROP] name=[免费节点10] 🇺🇸 US 798 → tg@nicevpn123 {1197} | server=104.16.192.146:443 | reason=mihomo start failed
[TEST] {1194} tested=1/1 | kept=0 | rest=0
[DEBUG] mihomo isolate | branch={1194} | size=1 | parse=0 | names=[免费节点10] 🇺🇸 US 794 → tg@nicevpn123 | err=-
[DEBUG] mihomo drop | branch={1194} | size=1 | parse=0 | names=[免费节点10] 🇺🇸 US 794 → tg@nicevpn123 | err=-
[DROP] name=[免费节点10] 🇺🇸 US 794 → tg@nicevpn123 {1194} | server=104.16.67.38:2087 | reason=mihomo start failed
[TEST] {1198} tested=1/1 | kept=0 | rest=0
[DEBUG] mihomo isolate | branch={1198} | size=1 | parse=0 | names=[免费节点10] 🇺🇸 US 773 → tg@nicevpn123 | err=-
[DEBUG] mihomo drop | branch={1198} | size=1 | parse=0 | names=[免费节点10] 🇺🇸 US 773 → tg@nicevpn123 | err=-
[DROP] name=[免费节点10] 🇺🇸 US 773 → tg@nicevpn123 {1198} | server=sg-full.privateip.net:443 | reason=mihomo start failed
[TEST] {1199} tested=1/1 | kept=0 | rest=0
[DEBUG] mihomo isolate | branch={1199} | size=1 | parse=0 | names=[免费节点10] 🇺🇸 US 775 → tg@nicevpn123 | err=-
[DEBUG] mihomo drop | branch={1199} | size=1 | parse=0 | names=[免费节点10] 🇺🇸 US 775 → tg@nicevpn123 | err=-
[DROP] name=[免费节点10] 🇺🇸 US 775 → tg@nicevpn123 {1199} | server=sg4g.xn--vhq70hxyat50h6wk.com:80 | reason=mihomo start failed
[TEST] {1201} tested=1/1 | kept=0 | rest=0
[DEBUG] mihomo isolate | branch={1201} | size=1 | parse=0 | names=[免费节点10] 🇺🇸 US 777 → tg@nicevpn123 | err=-
[DEBUG] mihomo drop | branch={1201} | size=1 | parse=0 | names=[免费节点10] 🇺🇸 US 777 → tg@nicevpn123 | err=-
[DROP] name=[免费节点10] 🇺🇸 US 777 → tg@nicevpn123 {1201} | server=104.16.39.217:2082 | reason=mihomo start failed
[TEST] {1200} tested=1/1 | kept=0 | rest=0
[DEBUG] mihomo isolate | branch={1200} | size=1 | parse=0 | names=[免费节点10] 🇺🇸 US 776 → tg@nicevpn123 | err=-
[DEBUG] mihomo drop | branch={1200} | size=1 | parse=0 | names=[免费节点10] 🇺🇸 US 776 → tg@nicevpn123 | err=-
[DROP] name=[免费节点10] 🇺🇸 US 776 → tg@nicevpn123 {1200} | server=38.110.1.105:8009 | reason=mihomo start failed
[TEST] {1190} tested=1/1 | kept=0 | rest=0
[DEBUG] mihomo isolate | branch={1190} | size=1 | parse=0 | names=[免费节点10] 🇺🇸 US 8 → tg@nicevpn123 | err=-
[DEBUG] mihomo drop | branch={1190} | size=1 | parse=0 | names=[免费节点10] 🇺🇸 US 8 → tg@nicevpn123 | err=-
[DROP] name=[免费节点10] 🇺🇸 US 8 → tg@nicevpn123 {1190} | server=18.246.240.239:443 | reason=mihomo start failed
[TEST] {1204} tested=1/1 | kept=0 | rest=0
[DEBUG] mihomo isolate | branch={1204} | size=1 | parse=0 | names=[免费节点10] 🇺🇸 US 78 → tg@nicevpn123 | err=-
[DEBUG] mihomo drop | branch={1204} | size=1 | parse=0 | names=[免费节点10] 🇺🇸 US 78 → tg@nicevpn123 | err=-
[DROP] name=[免费节点10] 🇺🇸 US 78 → tg@nicevpn123 {1204} | server=w3.org:443 | reason=mihomo start failed
[TEST] {1205} tested=1/1 | kept=0 | rest=0
[DEBUG] mihomo isolate | branch={1205} | size=1 | parse=0 | names=[免费节点10] 🇺🇸 US 781 → tg@nicevpn123 | err=-
[DEBUG] mihomo drop | branch={1205} | size=1 | parse=0 | names=[免费节点10] 🇺🇸 US 781 → tg@nicevpn123 | err=-
[DROP] name=[免费节点10] 🇺🇸 US 781 → tg@nicevpn123 {1205} | server=104.19.45.121:2095 | reason=mihomo start failed
[TEST] {1206} tested=1/1 | kept=0 | rest=0
[DEBUG] mihomo isolate | branch={1206} | size=1 | parse=0 | names=[免费节点10] 🇺🇸 US 782 → tg@nicevpn123 | err=-
[DEBUG] mihomo drop | branch={1206} | size=1 | parse=0 | names=[免费节点10] 🇺🇸 US 782 → tg@nicevpn123 | err=-
[DROP] name=[免费节点10] 🇺🇸 US 782 → tg@nicevpn123 {1206} | server=104.16.192.135:443 | reason=mihomo start failed
[TEST] {1208} tested=1/1 | kept=0 | rest=0
[DEBUG] mihomo isolate | branch={1208} | size=1 | parse=0 | names=[免费节点10] 🇺🇸 US 829 → tg@nicevpn123 | err=-
[DEBUG] mihomo drop | branch={1208} | size=1 | parse=0 | names=[免费节点10] 🇺🇸 US 829 → tg@nicevpn123 | err=-
[DROP] name=[免费节点10] 🇺🇸 US 829 → tg@nicevpn123 {1208} | server=104.19.49.192:443 | reason=mihomo start failed
[TEST] {1207} tested=1/1 | kept=0 | rest=0
[DEBUG] mihomo isolate | branch={1207} | size=1 | parse=0 | names=[免费节点10] 🇺🇸 US 828 → tg@nicevpn123 | err=-
[DEBUG] mihomo drop | branch={1207} | size=1 | parse=0 | names=[免费节点10] 🇺🇸 US 828 → tg@nicevpn123 | err=-
[DROP] name=[免费节点10] 🇺🇸 US 828 → tg@nicevpn123 {1207} | server=104.21.225.223:80 | reason=mihomo start failed
[TEST] {1210} tested=1/1 | kept=0 | rest=0
[DEBUG] mihomo isolate | branch={1210} | size=1 | parse=0 | names=[免费节点10] 🇺🇸 US 832 → tg@nicevpn123 | err=-
[DEBUG] mihomo drop | branch={1210} | size=1 | parse=0 | names=[免费节点10] 🇺🇸 US 832 → tg@nicevpn123 | err=-
[DROP] name=[免费节点10] 🇺🇸 US 832 → tg@nicevpn123 {1210} | server=104.19.45.238:2082 | reason=mihomo start failed
[TEST] {1209} tested=1/1 | kept=0 | rest=0
[DEBUG] mihomo isolate | branch={1209} | size=1 | parse=0 | names=[免费节点10] 🇺🇸 US 831 → tg@nicevpn123 | err=-
[DEBUG] mihomo drop | branch={1209} | size=1 | parse=0 | names=[免费节点10] 🇺🇸 US 831 → tg@nicevpn123 | err=-
[DROP] name=[免费节点10] 🇺🇸 US 831 → tg@nicevpn123 {1209} | server=104.16.40.116:2082 | reason=mihomo start failed
[TEST] {1211} tested=1/1 | kept=0 | rest=0
[DEBUG] mihomo isolate | branch={1211} | size=1 | parse=0 | names=[免费节点10] 🇺🇸 US 834 → tg@nicevpn123 | err=-
[DEBUG] mihomo drop | branch={1211} | size=1 | parse=0 | names=[免费节点10] 🇺🇸 US 834 → tg@nicevpn123 | err=-
[DROP] name=[免费节点10] 🇺🇸 US 834 → tg@nicevpn123 {1211} | server=104.19.49.33:443 | reason=mihomo start failed
[TEST] {1212} tested=1/1 | kept=0 | rest=0
[DEBUG] mihomo isolate | branch={1212} | size=1 | parse=0 | names=[免费节点10] 🇺🇸 US 840 → tg@nicevpn123 | err=-
[DEBUG] mihomo drop | branch={1212} | size=1 | parse=0 | names=[免费节点10] 🇺🇸 US 840 → tg@nicevpn123 | err=-
[DROP] name=[免费节点10] 🇺🇸 US 840 → tg@nicevpn123 {1212} | server=104.19.45.9:2095 | reason=mihomo start failed
[TEST] {1214} tested=1/1 | kept=0 | rest=0
[DEBUG] mihomo isolate | branch={1214} | size=1 | parse=0 | names=[免费节点10] 🇺🇸 US 843 → tg@nicevpn123 | err=-
[DEBUG] mihomo drop | branch={1214} | size=1 | parse=0 | names=[免费节点10] 🇺🇸 US 843 → tg@nicevpn123 | err=-
[DROP] name=[免费节点10] 🇺🇸 US 843 → tg@nicevpn123 {1214} | server=104.16.40.120:2082 | reason=mihomo start failed
[TEST] {1216} tested=1/1 | kept=0 | rest=0
[DEBUG] mihomo isolate | branch={1216} | size=1 | parse=0 | names=[免费节点10] 🇺🇸 US 845 → tg@nicevpn123 | err=-
[DEBUG] mihomo drop | branch={1216} | size=1 | parse=0 | names=[免费节点10] 🇺🇸 US 845 → tg@nicevpn123 | err=-
[DROP] name=[免费节点10] 🇺🇸 US 845 → tg@nicevpn123 {1216} | server=104.16.42.68:2082 | reason=mihomo start failed
[TEST] {1213} tested=1/1 | kept=0 | rest=0
[DEBUG] mihomo isolate | branch={1213} | size=1 | parse=0 | names=[免费节点10] 🇺🇸 US 841 → tg@nicevpn123 | err=-
[DEBUG] mihomo drop | branch={1213} | size=1 | parse=0 | names=[免费节点10] 🇺🇸 US 841 → tg@nicevpn123 | err=-
[DROP] name=[免费节点10] 🇺🇸 US 841 → tg@nicevpn123 {1213} | server=172.67.229.36:2086 | reason=mihomo start failed
[TEST] {1196} tested=1/1 | kept=0 | rest=0
[DEBUG] mihomo isolate | branch={1196} | size=1 | parse=0 | names=[免费节点10] 🇺🇸 US 796 → tg@nicevpn123 | err=-
[DEBUG] mihomo drop | branch={1196} | size=1 | parse=0 | names=[免费节点10] 🇺🇸 US 796 → tg@nicevpn123 | err=-
[DROP] name=[免费节点10] 🇺🇸 US 796 → tg@nicevpn123 {1196} | server=23.26.98.120:998 | reason=mihomo start failed
[TEST] {1215} tested=1/1 | kept=0 | rest=0
[DEBUG] mihomo isolate | branch={1215} | size=1 | parse=0 | names=[免费节点10] 🇺🇸 US 844 → tg@nicevpn123 | err=-
[DEBUG] mihomo drop | branch={1215} | size=1 | parse=0 | names=[免费节点10] 🇺🇸 US 844 → tg@nicevpn123 | err=-
[DROP] name=[免费节点10] 🇺🇸 US 844 → tg@nicevpn123 {1215} | server=ip.sb:2086 | reason=mihomo start failed
[TEST] {1218} tested=1/1 | kept=0 | rest=0
[DEBUG] mihomo isolate | branch={1218} | size=1 | parse=0 | names=[免费节点10] 🇺🇸 US 813 → tg@nicevpn123 | err=-
[DEBUG] mihomo drop | branch={1218} | size=1 | parse=0 | names=[免费节点10] 🇺🇸 US 813 → tg@nicevpn123 | err=-
[DROP] name=[免费节点10] 🇺🇸 US 813 → tg@nicevpn123 {1218} | server=104.19.45.241:2095 | reason=mihomo start failed
[TEST] {1220} tested=1/1 | kept=0 | rest=0
[DEBUG] mihomo isolate | branch={1220} | size=1 | parse=0 | names=[免费节点10] 🇺🇸 US 815 → tg@nicevpn123 | err=-
[DEBUG] mihomo drop | branch={1220} | size=1 | parse=0 | names=[免费节点10] 🇺🇸 US 815 → tg@nicevpn123 | err=-
[DROP] name=[免费节点10] 🇺🇸 US 815 → tg@nicevpn123 {1220} | server=104.16.68.38:2096 | reason=mihomo start failed
[TEST] {1219} tested=1/1 | kept=0 | rest=0
[DEBUG] mihomo isolate | branch={1219} | size=1 | parse=0 | names=[免费节点10] 🇺🇸 US 814 → tg@nicevpn123 | err=-
[DEBUG] mihomo drop | branch={1219} | size=1 | parse=0 | names=[免费节点10] 🇺🇸 US 814 → tg@nicevpn123 | err=-
[DROP] name=[免费节点10] 🇺🇸 US 814 → tg@nicevpn123 {1219} | server=104.16.42.12:2082 | reason=mihomo start failed
[TEST] {1221} tested=1/1 | kept=0 | rest=0
[DEBUG] mihomo isolate | branch={1221} | size=1 | parse=0 | names=[免费节点10] 🇺🇸 US 816 → tg@nicevpn123 | err=-
[DEBUG] mihomo drop | branch={1221} | size=1 | parse=0 | names=[免费节点10] 🇺🇸 US 816 → tg@nicevpn123 | err=-
[DROP] name=[免费节点10] 🇺🇸 US 816 → tg@nicevpn123 {1221} | server=104.21.225.22:80 | reason=mihomo start failed
[TEST] {1222} tested=1/1 | kept=0 | rest=0
[DEBUG] mihomo isolate | branch={1222} | size=1 | parse=0 | names=[免费节点10] 🇺🇸 US 817 → tg@nicevpn123 | err=-
[DEBUG] mihomo drop | branch={1222} | size=1 | parse=0 | names=[免费节点10] 🇺🇸 US 817 → tg@nicevpn123 | err=-
[DROP] name=[免费节点10] 🇺🇸 US 817 → tg@nicevpn123 {1222} | server=104.19.43.240:80 | reason=mihomo start failed
[TEST] {1203} tested=1/1 | kept=0 | rest=0
[DEBUG] mihomo isolate | branch={1203} | size=1 | parse=0 | names=[免费节点10] 🇺🇸 US 779 → tg@nicevpn123 | err=-
[DEBUG] mihomo drop | branch={1203} | size=1 | parse=0 | names=[免费节点10] 🇺🇸 US 779 → tg@nicevpn123 | err=-
[DROP] name=[免费节点10] 🇺🇸 US 779 → tg@nicevpn123 {1203} | server=38.114.114.208:8080 | reason=mihomo start failed
[TEST] {1202} tested=1/1 | kept=0 | rest=0
[DEBUG] mihomo isolate | branch={1202} | size=1 | parse=0 | names=[免费节点10] 🇺🇸 US 778 → tg@nicevpn123 | err=-
[DEBUG] mihomo drop | branch={1202} | size=1 | parse=0 | names=[免费节点10] 🇺🇸 US 778 → tg@nicevpn123 | err=-
[DROP] name=[免费节点10] 🇺🇸 US 778 → tg@nicevpn123 {1202} | server=us2.laobideng.xyz:8080 | reason=mihomo start failed
[TEST] {1225} tested=1/1 | kept=0 | rest=0
[DEBUG] mihomo isolate | branch={1225} | size=1 | parse=0 | names=[免费节点10] 🇺🇸 US 822 → tg@nicevpn123 | err=-
[DEBUG] mihomo drop | branch={1225} | size=1 | parse=0 | names=[免费节点10] 🇺🇸 US 822 → tg@nicevpn123 | err=-
[DROP] name=[免费节点10] 🇺🇸 US 822 → tg@nicevpn123 {1225} | server=165.227.65.40:8881 | reason=mihomo start failed
[TEST] {1226} tested=1/1 | kept=0 | rest=0
[DEBUG] mihomo isolate | branch={1226} | size=1 | parse=0 | names=[免费节点10] 🇺🇸 US 824 → tg@nicevpn123 | err=-
[DEBUG] mihomo drop | branch={1226} | size=1 | parse=0 | names=[免费节点10] 🇺🇸 US 824 → tg@nicevpn123 | err=-
[DROP] name=[免费节点10] 🇺🇸 US 824 → tg@nicevpn123 {1226} | server=104.19.45.140:2095 | reason=mihomo start failed
[TEST] {1224} tested=1/1 | kept=0 | rest=0
[DEBUG] mihomo isolate | branch={1224} | size=1 | parse=0 | names=[免费节点10] 🇺🇸 US 82 → tg@nicevpn123 | err=-
[DEBUG] mihomo drop | branch={1224} | size=1 | parse=0 | names=[免费节点10] 🇺🇸 US 82 → tg@nicevpn123 | err=-
[DROP] name=[免费节点10] 🇺🇸 US 82 → tg@nicevpn123 {1224} | server=www.digitalocean.com:80 | reason=mihomo start failed
[TEST] {1227} tested=1/1 | kept=0 | rest=0
[DEBUG] mihomo isolate | branch={1227} | size=1 | parse=0 | names=[免费节点10] 🇺🇸 US 825 → tg@nicevpn123 | err=-
[DEBUG] mihomo drop | branch={1227} | size=1 | parse=0 | names=[免费节点10] 🇺🇸 US 825 → tg@nicevpn123 | err=-
[DROP] name=[免费节点10] 🇺🇸 US 825 → tg@nicevpn123 {1227} | server=99.84.50.159:443 | reason=mihomo start failed
[TEST] {1228} tested=1/1 | kept=0 | rest=0
[DEBUG] mihomo isolate | branch={1228} | size=1 | parse=0 | names=[免费节点10] 🇺🇸 US 826 → tg@nicevpn123 | err=-
[DEBUG] mihomo drop | branch={1228} | size=1 | parse=0 | names=[免费节点10] 🇺🇸 US 826 → tg@nicevpn123 | err=-
[DROP] name=[免费节点10] 🇺🇸 US 826 → tg@nicevpn123 {1228} | server=152.67.217.187:443 | reason=mihomo start failed
[TEST] {1230} tested=1/1 | kept=0 | rest=0
[DEBUG] mihomo isolate | branch={1230} | size=1 | parse=0 | names=[免费节点10] 🇺🇸 US 835 → tg@nicevpn123 | err=-
[DEBUG] mihomo drop | branch={1230} | size=1 | parse=0 | names=[免费节点10] 🇺🇸 US 835 → tg@nicevpn123 | err=-
[DROP] name=[免费节点10] 🇺🇸 US 835 → tg@nicevpn123 {1230} | server=104.16.42.6:2082 | reason=mihomo start failed
[TEST] {1232} tested=1/1 | kept=0 | rest=0
[DEBUG] mihomo isolate | branch={1232} | size=1 | parse=0 | names=[免费节点10] 🇺🇸 US 837 → tg@nicevpn123 | err=-
[DEBUG] mihomo drop | branch={1232} | size=1 | parse=0 | names=[免费节点10] 🇺🇸 US 837 → tg@nicevpn123 | err=-
[DROP] name=[免费节点10] 🇺🇸 US 837 → tg@nicevpn123 {1232} | server=104.21.235.58:80 | reason=mihomo start failed
[TEST] {1217} tested=1/1 | kept=0 | rest=0
[DEBUG] mihomo isolate | branch={1217} | size=1 | parse=0 | names=[免费节点10] 🇺🇸 US 812 → tg@nicevpn123 | err=-
[DEBUG] mihomo drop | branch={1217} | size=1 | parse=0 | names=[免费节点10] 🇺🇸 US 812 → tg@nicevpn123 | err=-
[DROP] name=[免费节点10] 🇺🇸 US 812 → tg@nicevpn123 {1217} | server=38.75.137.105:3389 | reason=mihomo start failed
[TEST] {1223} tested=1/1 | kept=0 | rest=0
[DEBUG] mihomo isolate | branch={1223} | size=1 | parse=0 | names=[免费节点10] 🇺🇸 US 818 → tg@nicevpn123 | err=-
[DEBUG] mihomo drop | branch={1223} | size=1 | parse=0 | names=[免费节点10] 🇺🇸 US 818 → tg@nicevpn123 | err=-
[DROP] name=[免费节点10] 🇺🇸 US 818 → tg@nicevpn123 {1223} | server=876.outline-vpn.cloud:443 | reason=mihomo start failed
[TEST] {1234} tested=1/1 | kept=0 | rest=0
[DEBUG] mihomo isolate | branch={1234} | size=1 | parse=0 | names=[免费节点10] 🇺🇸 US 688 → tg@nicevpn123 | err=-
[DEBUG] mihomo drop | branch={1234} | size=1 | parse=0 | names=[免费节点10] 🇺🇸 US 688 → tg@nicevpn123 | err=-
[DROP] name=[免费节点10] 🇺🇸 US 688 → tg@nicevpn123 {1234} | server=104.19.45.70:2082 | reason=mihomo start failed
[TEST] {1229} tested=1/1 | kept=0 | rest=0
[DEBUG] mihomo isolate | branch={1229} | size=1 | parse=0 | names=[免费节点10] 🇺🇸 US 827 → tg@nicevpn123 | err=-
[DEBUG] mihomo drop | branch={1229} | size=1 | parse=0 | names=[免费节点10] 🇺🇸 US 827 → tg@nicevpn123 | err=-
[DROP] name=[免费节点10] 🇺🇸 US 827 → tg@nicevpn123 {1229} | server=w.outline-vpn.cloud:2086 | reason=mihomo start failed
[TEST] {1231} tested=1/1 | kept=0 | rest=0
[DEBUG] mihomo isolate | branch={1231} | size=1 | parse=0 | names=[免费节点10] 🇺🇸 US 836 → tg@nicevpn123 | err=-
[DEBUG] mihomo drop | branch={1231} | size=1 | parse=0 | names=[免费节点10] 🇺🇸 US 836 → tg@nicevpn123 | err=-
[DROP] name=[免费节点10] 🇺🇸 US 836 → tg@nicevpn123 {1231} | server=104.20.156.248:2087 | reason=mihomo start failed
[TEST] {1236} tested=1/1 | kept=0 | rest=0
[DEBUG] mihomo isolate | branch={1236} | size=1 | parse=0 | names=[免费节点10] 🇺🇸 US 69 → tg@nicevpn123 | err=-
[DEBUG] mihomo drop | branch={1236} | size=1 | parse=0 | names=[免费节点10] 🇺🇸 US 69 → tg@nicevpn123 | err=-
[DROP] name=[免费节点10] 🇺🇸 US 69 → tg@nicevpn123 {1236} | server=104.16.40.69:2082 | reason=mihomo start failed
[TEST] {1239} tested=1/1 | kept=0 | rest=0
[DEBUG] mihomo isolate | branch={1239} | size=1 | parse=0 | names=[免费节点10] 🇺🇸 US 694 → tg@nicevpn123 | err=-
[DEBUG] mihomo drop | branch={1239} | size=1 | parse=0 | names=[免费节点10] 🇺🇸 US 694 → tg@nicevpn123 | err=-
[DROP] name=[免费节点10] 🇺🇸 US 694 → tg@nicevpn123 {1239} | server=104.16.43.167:2082 | reason=mihomo start failed
[TEST] {1238} tested=1/1 | kept=0 | rest=0
[DEBUG] mihomo isolate | branch={1238} | size=1 | parse=0 | names=[免费节点10] 🇺🇸 US 692 → tg@nicevpn123 | err=-
[DEBUG] mihomo drop | branch={1238} | size=1 | parse=0 | names=[免费节点10] 🇺🇸 US 692 → tg@nicevpn123 | err=-
[DROP] name=[免费节点10] 🇺🇸 US 692 → tg@nicevpn123 {1238} | server=38.68.134.9:8881 | reason=mihomo start failed
[TEST] {1233} tested=1/1 | kept=0 | rest=0
[DEBUG] mihomo isolate | branch={1233} | size=1 | parse=0 | names=[免费节点10] 🇺🇸 US 839 → tg@nicevpn123 | err=-
[DEBUG] mihomo drop | branch={1233} | size=1 | parse=0 | names=[免费节点10] 🇺🇸 US 839 → tg@nicevpn123 | err=-
[DROP] name=[免费节点10] 🇺🇸 US 839 → tg@nicevpn123 {1233} | server=38.68.135.138:5004 | reason=mihomo start failed
[TEST] {1240} tested=1/1 | kept=0 | rest=0
[DEBUG] mihomo isolate | branch={1240} | size=1 | parse=0 | names=[免费节点10] 🇺🇸 US 695 → tg@nicevpn123 | err=-
[DEBUG] mihomo drop | branch={1240} | size=1 | parse=0 | names=[免费节点10] 🇺🇸 US 695 → tg@nicevpn123 | err=-
[DROP] name=[免费节点10] 🇺🇸 US 695 → tg@nicevpn123 {1240} | server=104.19.45.224:2095 | reason=mihomo start failed
[TEST] {1241} tested=1/1 | kept=0 | rest=0
[DEBUG] mihomo isolate | branch={1241} | size=1 | parse=0 | names=[免费节点10] 🇺🇸 US 697 → tg@nicevpn123 | err=-
[DEBUG] mihomo drop | branch={1241} | size=1 | parse=0 | names=[免费节点10] 🇺🇸 US 697 → tg@nicevpn123 | err=-
[DROP] name=[免费节点10] 🇺🇸 US 697 → tg@nicevpn123 {1241} | server=zula.ir:443 | reason=mihomo start failed
[TEST] {1244} tested=1/1 | kept=0 | rest=0
[DEBUG] mihomo isolate | branch={1244} | size=1 | parse=0 | names=[免费节点10] 🇺🇸 US 726 → tg@nicevpn123 | err=-
[DEBUG] mihomo drop | branch={1244} | size=1 | parse=0 | names=[免费节点10] 🇺🇸 US 726 → tg@nicevpn123 | err=-
[DROP] name=[免费节点10] 🇺🇸 US 726 → tg@nicevpn123 {1244} | server=192.227.206.115:16899 | reason=mihomo start failed
[TEST] {1235} tested=1/1 | kept=0 | rest=0
[DEBUG] mihomo isolate | branch={1235} | size=1 | parse=0 | names=[免费节点10] 🇺🇸 US 689 → tg@nicevpn123 | err=-
[DEBUG] mihomo drop | branch={1235} | size=1 | parse=0 | names=[免费节点10] 🇺🇸 US 689 → tg@nicevpn123 | err=-
[DROP] name=[免费节点10] 🇺🇸 US 689 → tg@nicevpn123 {1235} | server=38.110.1.202:8090 | reason=mihomo start failed
[TEST] {1245} tested=1/1 | kept=0 | rest=0
[DEBUG] mihomo isolate | branch={1245} | size=1 | parse=0 | names=[免费节点10] 🇺🇸 US 727 → tg@nicevpn123 | err=-
[DEBUG] mihomo drop | branch={1245} | size=1 | parse=0 | names=[免费节点10] 🇺🇸 US 727 → tg@nicevpn123 | err=-
[DROP] name=[免费节点10] 🇺🇸 US 727 → tg@nicevpn123 {1245} | server=104.21.28.62:443 | reason=mihomo start failed
[TEST] {1243} tested=1/1 | kept=0 | rest=0
[DEBUG] mihomo isolate | branch={1243} | size=1 | parse=0 | names=[免费节点10] 🇺🇸 US 725 → tg@nicevpn123 | err=-
[DEBUG] mihomo drop | branch={1243} | size=1 | parse=0 | names=[免费节点10] 🇺🇸 US 725 → tg@nicevpn123 | err=-
[DROP] name=[免费节点10] 🇺🇸 US 725 → tg@nicevpn123 {1243} | server=104.19.45.86:2095 | reason=mihomo start failed
[TEST] {1246} tested=1/1 | kept=0 | rest=0
[DEBUG] mihomo isolate | branch={1246} | size=1 | parse=0 | names=[免费节点10] 🇺🇸 US 728 → tg@nicevpn123 | err=-
[DEBUG] mihomo drop | branch={1246} | size=1 | parse=0 | names=[免费节点10] 🇺🇸 US 728 → tg@nicevpn123 | err=-
[DROP] name=[免费节点10] 🇺🇸 US 728 → tg@nicevpn123 {1246} | server=104.16.43.29:2082 | reason=mihomo start failed
[TEST] {1247} tested=1/1 | kept=0 | rest=0
[DEBUG] mihomo isolate | branch={1247} | size=1 | parse=0 | names=[免费节点10] 🇺🇸 US 730 → tg@nicevpn123 | err=-
[DEBUG] mihomo drop | branch={1247} | size=1 | parse=0 | names=[免费节点10] 🇺🇸 US 730 → tg@nicevpn123 | err=-
[DROP] name=[免费节点10] 🇺🇸 US 730 → tg@nicevpn123 {1247} | server=104.16.43.246:2082 | reason=mihomo start failed
[TEST] {1248} tested=1/1 | kept=0 | rest=0
[DEBUG] mihomo isolate | branch={1248} | size=1 | parse=0 | names=[免费节点10] 🇺🇸 US 733 → tg@nicevpn123 | err=-
[DEBUG] mihomo drop | branch={1248} | size=1 | parse=0 | names=[免费节点10] 🇺🇸 US 733 → tg@nicevpn123 | err=-
[DROP] name=[免费节点10] 🇺🇸 US 733 → tg@nicevpn123 {1248} | server=104.19.42.154:2082 | reason=mihomo start failed
[TEST] {1249} tested=1/1 | kept=0 | rest=0
[DEBUG] mihomo isolate | branch={1249} | size=1 | parse=0 | names=[免费节点10] 🇺🇸 US 735 → tg@nicevpn123 | err=-
[DEBUG] mihomo drop | branch={1249} | size=1 | parse=0 | names=[免费节点10] 🇺🇸 US 735 → tg@nicevpn123 | err=-
[DROP] name=[免费节点10] 🇺🇸 US 735 → tg@nicevpn123 {1249} | server=104.19.45.79:2095 | reason=mihomo start failed
[TEST] {1250} tested=1/1 | kept=0 | rest=0
[DEBUG] mihomo isolate | branch={1250} | size=1 | parse=0 | names=[免费节点10] 🇺🇸 US 737 → tg@nicevpn123 | err=-
[DEBUG] mihomo drop | branch={1250} | size=1 | parse=0 | names=[免费节点10] 🇺🇸 US 737 → tg@nicevpn123 | err=-
[DROP] name=[免费节点10] 🇺🇸 US 737 → tg@nicevpn123 {1250} | server=uk-full.privateip.net:443 | reason=mihomo start failed
[TEST] {1251} tested=1/1 | kept=0 | rest=0
[DEBUG] mihomo isolate | branch={1251} | size=1 | parse=0 | names=[免费节点10] 🇺🇸 US 739 → tg@nicevpn123 | err=-
[DEBUG] mihomo drop | branch={1251} | size=1 | parse=0 | names=[免费节点10] 🇺🇸 US 739 → tg@nicevpn123 | err=-
[DROP] name=[免费节点10] 🇺🇸 US 739 → tg@nicevpn123 {1251} | server=172.67.174.92:2053 | reason=mihomo start failed
[TEST] {1237} tested=1/1 | kept=0 | rest=0
[DEBUG] mihomo isolate | branch={1237} | size=1 | parse=0 | names=[免费节点10] 🇺🇸 US 690 → tg@nicevpn123 | err=-
[DEBUG] mihomo drop | branch={1237} | size=1 | parse=0 | names=[免费节点10] 🇺🇸 US 690 → tg@nicevpn123 | err=-
[DROP] name=[免费节点10] 🇺🇸 US 690 → tg@nicevpn123 {1237} | server=34.217.86.31:17415 | reason=mihomo start failed
[TEST] {1252} tested=1/1 | kept=0 | rest=0
[DEBUG] mihomo isolate | branch={1252} | size=1 | parse=0 | names=[免费节点10] 🇺🇸 US 706 → tg@nicevpn123 | err=-
[DEBUG] mihomo drop | branch={1252} | size=1 | parse=0 | names=[免费节点10] 🇺🇸 US 706 → tg@nicevpn123 | err=-
[DROP] name=[免费节点10] 🇺🇸 US 706 → tg@nicevpn123 {1252} | server=104.19.42.171:2082 | reason=mihomo start failed
[TEST] {1253} tested=1/1 | kept=0 | rest=0
[DEBUG] mihomo isolate | branch={1253} | size=1 | parse=0 | names=[免费节点10] 🇺🇸 US 707 → tg@nicevpn123 | err=-
[DEBUG] mihomo drop | branch={1253} | size=1 | parse=0 | names=[免费节点10] 🇺🇸 US 707 → tg@nicevpn123 | err=-
[DROP] name=[免费节点10] 🇺🇸 US 707 → tg@nicevpn123 {1253} | server=series-a2-mec.samanehha.co:443 | reason=mihomo start failed
[TEST] {1256} tested=1/1 | kept=0 | rest=0
[DEBUG] mihomo isolate | branch={1256} | size=1 | parse=0 | names=[免费节点10] 🇺🇸 US 711 → tg@nicevpn123 | err=-
[DEBUG] mihomo drop | branch={1256} | size=1 | parse=0 | names=[免费节点10] 🇺🇸 US 711 → tg@nicevpn123 | err=-
[DROP] name=[免费节点10] 🇺🇸 US 711 → tg@nicevpn123 {1256} | server=104.19.45.44:2095 | reason=mihomo start failed
[TEST] {1242} tested=1/1 | kept=0 | rest=0
[DEBUG] mihomo isolate | branch={1242} | size=1 | parse=0 | names=[免费节点10] 🇺🇸 US 699 → tg@nicevpn123 | err=-
[DEBUG] mihomo drop | branch={1242} | size=1 | parse=0 | names=[免费节点10] 🇺🇸 US 699 → tg@nicevpn123 | err=-
[DROP] name=[免费节点10] 🇺🇸 US 699 → tg@nicevpn123 {1242} | server=13.213.18.109:443 | reason=mihomo start failed
[TEST] {1258} tested=1/1 | kept=0 | rest=0
[DEBUG] mihomo isolate | branch={1258} | size=1 | parse=0 | names=[免费节点10] 🇺🇸 US 713 → tg@nicevpn123 | err=-
[DEBUG] mihomo drop | branch={1258} | size=1 | parse=0 | names=[免费节点10] 🇺🇸 US 713 → tg@nicevpn123 | err=-
[DROP] name=[免费节点10] 🇺🇸 US 713 → tg@nicevpn123 {1258} | server=104.16.40.132:2082 | reason=mihomo start failed
[TEST] {1259} tested=1/1 | kept=0 | rest=0
[DEBUG] mihomo isolate | branch={1259} | size=1 | parse=0 | names=[免费节点10] 🇺🇸 US 714 → tg@nicevpn123 | err=-
[DEBUG] mihomo drop | branch={1259} | size=1 | parse=0 | names=[免费节点10] 🇺🇸 US 714 → tg@nicevpn123 | err=-
[DROP] name=[免费节点10] 🇺🇸 US 714 → tg@nicevpn123 {1259} | server=104.19.49.204:443 | reason=mihomo start failed
[TEST] {1260} tested=1/1 | kept=0 | rest=0
[DEBUG] mihomo isolate | branch={1260} | size=1 | parse=0 | names=[免费节点10] 🇺🇸 US 715 → tg@nicevpn123 | err=-
[DEBUG] mihomo drop | branch={1260} | size=1 | parse=0 | names=[免费节点10] 🇺🇸 US 715 → tg@nicevpn123 | err=-
[DROP] name=[免费节点10] 🇺🇸 US 715 → tg@nicevpn123 {1260} | server=104.19.48.236:2082 | reason=mihomo start failed
[TEST] {1262} tested=1/1 | kept=0 | rest=0
[DEBUG] mihomo isolate | branch={1262} | size=1 | parse=0 | names=[免费节点10] 🇺🇸 US 754 → tg@nicevpn123 | err=-
[DEBUG] mihomo drop | branch={1262} | size=1 | parse=0 | names=[免费节点10] 🇺🇸 US 754 → tg@nicevpn123 | err=-
[DROP] name=[免费节点10] 🇺🇸 US 754 → tg@nicevpn123 {1262} | server=205.234.200.104:33164 | reason=mihomo start failed
[TEST] {1261} tested=1/1 | kept=0 | rest=0
[DEBUG] mihomo isolate | branch={1261} | size=1 | parse=0 | names=[免费节点10] 🇺🇸 US 753 → tg@nicevpn123 | err=-
[DEBUG] mihomo drop | branch={1261} | size=1 | parse=0 | names=[免费节点10] 🇺🇸 US 753 → tg@nicevpn123 | err=-
[DROP] name=[免费节点10] 🇺🇸 US 753 → tg@nicevpn123 {1261} | server=104.16.42.202:2082 | reason=mihomo start failed
[TEST] {1263} tested=1/1 | kept=0 | rest=0
[DEBUG] mihomo isolate | branch={1263} | size=1 | parse=0 | names=[免费节点10] 🇺🇸 US 756 → tg@nicevpn123 | err=-
[DEBUG] mihomo drop | branch={1263} | size=1 | parse=0 | names=[免费节点10] 🇺🇸 US 756 → tg@nicevpn123 | err=-
[DROP] name=[免费节点10] 🇺🇸 US 756 → tg@nicevpn123 {1263} | server=104.19.45.156:2095 | reason=mihomo start failed
[TEST] {1264} tested=1/1 | kept=0 | rest=0
[DEBUG] mihomo isolate | branch={1264} | size=1 | parse=0 | names=[免费节点10] 🇺🇸 US 757 → tg@nicevpn123 | err=-
[DEBUG] mihomo drop | branch={1264} | size=1 | parse=0 | names=[免费节点10] 🇺🇸 US 757 → tg@nicevpn123 | err=-
[DROP] name=[免费节点10] 🇺🇸 US 757 → tg@nicevpn123 {1264} | server=104.19.45.110:2095 | reason=mihomo start failed
[TEST] {1265} tested=1/1 | kept=0 | rest=0
[DEBUG] mihomo isolate | branch={1265} | size=1 | parse=0 | names=[免费节点10] 🇺🇸 US 758 → tg@nicevpn123 | err=-
[DEBUG] mihomo drop | branch={1265} | size=1 | parse=0 | names=[免费节点10] 🇺🇸 US 758 → tg@nicevpn123 | err=-
[DROP] name=[免费节点10] 🇺🇸 US 758 → tg@nicevpn123 {1265} | server=104.19.45.76:2095 | reason=mihomo start failed
[TEST] {1267} tested=1/1 | kept=0 | rest=0
[DEBUG] mihomo isolate | branch={1267} | size=1 | parse=0 | names=[免费节点10] 🇺🇸 US 744 → tg@nicevpn123 | err=-
[DEBUG] mihomo drop | branch={1267} | size=1 | parse=0 | names=[免费节点10] 🇺🇸 US 744 → tg@nicevpn123 | err=-
[DROP] name=[免费节点10] 🇺🇸 US 744 → tg@nicevpn123 {1267} | server=104.19.49.99:443 | reason=mihomo start failed
[TEST] {1266} tested=1/1 | kept=0 | rest=0
[DEBUG] mihomo isolate | branch={1266} | size=1 | parse=0 | names=[免费节点10] 🇺🇸 US 743 → tg@nicevpn123 | err=-
[DEBUG] mihomo drop | branch={1266} | size=1 | parse=0 | names=[免费节点10] 🇺🇸 US 743 → tg@nicevpn123 | err=-
[DROP] name=[免费节点10] 🇺🇸 US 743 → tg@nicevpn123 {1266} | server=104.19.42.78:2082 | reason=mihomo start failed
[TEST] {1269} tested=1/1 | kept=0 | rest=0
[DEBUG] mihomo isolate | branch={1269} | size=1 | parse=0 | names=[免费节点10] 🇺🇸 US 746 → tg@nicevpn123 | err=-
[DEBUG] mihomo drop | branch={1269} | size=1 | parse=0 | names=[免费节点10] 🇺🇸 US 746 → tg@nicevpn123 | err=-
[DROP] name=[免费节点10] 🇺🇸 US 746 → tg@nicevpn123 {1269} | server=104.16.60.8:80 | reason=mihomo start failed
[TEST] {1268} tested=1/1 | kept=0 | rest=0
[DEBUG] mihomo isolate | branch={1268} | size=1 | parse=0 | names=[免费节点10] 🇺🇸 US 745 → tg@nicevpn123 | err=-
[DEBUG] mihomo drop | branch={1268} | size=1 | parse=0 | names=[免费节点10] 🇺🇸 US 745 → tg@nicevpn123 | err=-
[DROP] name=[免费节点10] 🇺🇸 US 745 → tg@nicevpn123 {1268} | server=104.19.45.232:2082 | reason=mihomo start failed
[TEST] {1270} tested=1/1 | kept=0 | rest=0
[DEBUG] mihomo isolate | branch={1270} | size=1 | parse=0 | names=[免费节点10] 🇺🇸 US 748 → tg@nicevpn123 | err=-
[DEBUG] mihomo drop | branch={1270} | size=1 | parse=0 | names=[免费节点10] 🇺🇸 US 748 → tg@nicevpn123 | err=-
[DROP] name=[免费节点10] 🇺🇸 US 748 → tg@nicevpn123 {1270} | server=173.245.58.37:443 | reason=mihomo start failed
[TEST] {1271} tested=1/1 | kept=0 | rest=0
[DEBUG] mihomo isolate | branch={1271} | size=1 | parse=0 | names=[免费节点10] 🇺🇸 US 749 → tg@nicevpn123 | err=-
[DEBUG] mihomo drop | branch={1271} | size=1 | parse=0 | names=[免费节点10] 🇺🇸 US 749 → tg@nicevpn123 | err=-
[DROP] name=[免费节点10] 🇺🇸 US 749 → tg@nicevpn123 {1271} | server=104.21.237.160:80 | reason=mihomo start failed
[TEST] {1273} tested=1/1 | kept=0 | rest=0
[DEBUG] mihomo isolate | branch={1273} | size=1 | parse=0 | names=[免费节点10] 🇺🇸 US 751 → tg@nicevpn123 | err=-
[DEBUG] mihomo drop | branch={1273} | size=1 | parse=0 | names=[免费节点10] 🇺🇸 US 751 → tg@nicevpn123 | err=-
[DROP] name=[免费节点10] 🇺🇸 US 751 → tg@nicevpn123 {1273} | server=104.16.39.31:2082 | reason=mihomo start failed
[TEST] {1274} tested=1/1 | kept=0 | rest=0
[DEBUG] mihomo isolate | branch={1274} | size=1 | parse=0 | names=[免费节点10] 🇺🇸 US 752 → tg@nicevpn123 | err=-
[DEBUG] mihomo drop | branch={1274} | size=1 | parse=0 | names=[免费节点10] 🇺🇸 US 752 → tg@nicevpn123 | err=-
[DROP] name=[免费节点10] 🇺🇸 US 752 → tg@nicevpn123 {1274} | server=104.21.4.221:443 | reason=mihomo start failed
[TEST] {1255} tested=1/1 | kept=0 | rest=0
[DEBUG] mihomo isolate | branch={1255} | size=1 | parse=0 | names=[免费节点10] 🇺🇸 US 710 → tg@nicevpn123 | err=-
[DEBUG] mihomo drop | branch={1255} | size=1 | parse=0 | names=[免费节点10] 🇺🇸 US 710 → tg@nicevpn123 | err=-
[DROP] name=[免费节点10] 🇺🇸 US 710 → tg@nicevpn123 {1255} | server=38.38.148.238:37001 | reason=mihomo start failed
[TEST] {1254} tested=1/1 | kept=0 | rest=0
[DEBUG] mihomo isolate | branch={1254} | size=1 | parse=0 | names=[免费节点10] 🇺🇸 US 709 → tg@nicevpn123 | err=-
[DEBUG] mihomo drop | branch={1254} | size=1 | parse=0 | names=[免费节点10] 🇺🇸 US 709 → tg@nicevpn123 | err=-
[DROP] name=[免费节点10] 🇺🇸 US 709 → tg@nicevpn123 {1254} | server=52.33.243.193:443 | reason=mihomo start failed
[TEST] {1275} tested=1/1 | kept=0 | rest=0
[DEBUG] mihomo isolate | branch={1275} | size=1 | parse=0 | names=[免费节点10] 🇺🇸 US 74 → tg@nicevpn123 | err=-
[DEBUG] mihomo drop | branch={1275} | size=1 | parse=0 | names=[免费节点10] 🇺🇸 US 74 → tg@nicevpn123 | err=-
[DROP] name=[免费节点10] 🇺🇸 US 74 → tg@nicevpn123 {1275} | server=104.19.45.30:2095 | reason=mihomo start failed
[TEST] {1257} tested=1/1 | kept=0 | rest=0
[DEBUG] mihomo isolate | branch={1257} | size=1 | parse=0 | names=[免费节点10] 🇺🇸 US 712 → tg@nicevpn123 | err=-
[DEBUG] mihomo drop | branch={1257} | size=1 | parse=0 | names=[免费节点10] 🇺🇸 US 712 → tg@nicevpn123 | err=-
[DROP] name=[免费节点10] 🇺🇸 US 712 → tg@nicevpn123 {1257} | server=38.75.137.105:6697 | reason=mihomo start failed
[TEST] {1277} tested=1/1 | kept=0 | rest=0
[DEBUG] mihomo isolate | branch={1277} | size=1 | parse=0 | names=[免费节点10] 🇺🇸 US 741 → tg@nicevpn123 | err=-
[DEBUG] mihomo drop | branch={1277} | size=1 | parse=0 | names=[免费节点10] 🇺🇸 US 741 → tg@nicevpn123 | err=-
[DROP] name=[免费节点10] 🇺🇸 US 741 → tg@nicevpn123 {1277} | server=series-a2-me.samanehha.co:443 | reason=mihomo start failed
[TEST] {1272} tested=1/1 | kept=0 | rest=0
[DEBUG] mihomo isolate | branch={1272} | size=1 | parse=0 | names=[免费节点10] 🇺🇸 US 750 → tg@nicevpn123 | err=-
[DEBUG] mihomo drop | branch={1272} | size=1 | parse=0 | names=[免费节点10] 🇺🇸 US 750 → tg@nicevpn123 | err=-
[DROP] name=[免费节点10] 🇺🇸 US 750 → tg@nicevpn123 {1272} | server=38.110.1.241:9102 | reason=mihomo start failed
[TEST] {1276} tested=1/1 | kept=0 | rest=0
[DEBUG] mihomo isolate | branch={1276} | size=1 | parse=0 | names=[免费节点10] 🇺🇸 US 740 → tg@nicevpn123 | err=-
[DEBUG] mihomo drop | branch={1276} | size=1 | parse=0 | names=[免费节点10] 🇺🇸 US 740 → tg@nicevpn123 | err=-
[DROP] name=[免费节点10] 🇺🇸 US 740 → tg@nicevpn123 {1276} | server=3.36.96.75:443 | reason=mihomo start failed
[TEST] {1278} tested=1/1 | kept=0 | rest=0
[DEBUG] mihomo isolate | branch={1278} | size=1 | parse=0 | names=[免费节点10] 🇺🇸 US 742 → tg@nicevpn123 | err=-
[DEBUG] mihomo drop | branch={1278} | size=1 | parse=0 | names=[免费节点10] 🇺🇸 US 742 → tg@nicevpn123 | err=-
[DROP] name=[免费节点10] 🇺🇸 US 742 → tg@nicevpn123 {1278} | server=38.75.136.108:9101 | reason=mihomo start failed
[INFO] dropped=857 | [Epodonios] × 109 | [ChromeGO-ShiteThings] × 15 | [ChromeGO-Merge] × 40 | [免费节点10] × 691 | [Pawdroid-SS-APK] × 2
============================================================
[INFO] cap live | source=[大FQ运动] | from=241 | to=50
[INFO] cap live | source=[Pawdroid-SR-APK] | from=320 | to=50
[INFO] cap live | source=[Epodonios] | from=58 | to=50
[INFO] cap live | source=[Free-clash-v2ray] | from=398 | to=50
[INFO] cap live | source=[V2rayclashfree-RSS] | from=197 | to=50
[INFO] cap live total | from=469 | to=400 | floor=5 | by=health_score
[INFO] cap live | reserved=97 | pool=372 | taken=303
[INFO] cap live | source=[NekoWarp] | from=10 | to=8
[INFO] cap live | source=[免费节点6] | from=27 | to=21
[INFO] cap live | source=[免费节点7] | from=36 | to=29
[INFO] cap live | source=[免费节点10] | from=20 | to=15
[INFO] cap live | source=[免费节点11] | from=19 | to=16
[INFO] cap live | source=[Pawdroid-SS-APK] | from=30 | to=15
[INFO] cap live | source=[1VPN-CRX] | from=11 | to=9
[INFO] cap live | source=[Clashfree] | from=29 | to=10
[INFO] cap live | source=[Epodonios] | from=50 | to=40
[INFO] geo tally | live=400 | HK=24 | JP=44 | KR=29 | TW=8 | SG=36 | US=110 | GB=13 | FR=19 | DE=17 | NL=15 | CA=11 | other=74
[INFO] score summary | n=400 | max=312.6071 | p90=107.6307 | p50=44.9389 | avg=49.6435 | min=-2.8360 | geo_avg=20.6486 | adj_avg=+2.9922
============================================================
+------------------------------+--------+--------+------+--------+
| source                       |    raw | unique | live | capped |
+------------------------------+--------+--------+------+--------+
| [大FQ运动]                   |   1926 |   1922 |  241 |     50 |
+------------------------------+--------+--------+------+--------+
| [Pawdroid]                   |     22 |      5 |    4 |      4 |
+------------------------------+--------+--------+------+--------+
| [FreeV2-Base64]              |      3 |      3 |    3 |      3 |
+------------------------------+--------+--------+------+--------+
| [Bocchi2b-Base64]            |     35 |     35 |    0 |      0 |
+------------------------------+--------+--------+------+--------+
| [Freesocks]                  |      4 |      4 |    3 |      3 |
+------------------------------+--------+--------+------+--------+
| [NekoWarp]                   |     10 |     10 |   10 |      8 |
+------------------------------+--------+--------+------+--------+
| [OpenRunner-RSS]             |     11 |      8 |    0 |      0 |
+------------------------------+--------+--------+------+--------+
| [V2Rayshare-RSS]             |     22 |     21 |    2 |      2 |
+------------------------------+--------+--------+------+--------+
| [Mibei77-RSS]                |    159 |     73 |    2 |      2 |
+------------------------------+--------+--------+------+--------+
| [Yoyapai-RSS]                |    230 |    179 |    2 |      2 |
+------------------------------+--------+--------+------+--------+
| [免费节点1]                  |    288 |    172 |    2 |      2 |
+------------------------------+--------+--------+------+--------+
| [免费节点2]                  |    372 |      0 |    0 |      0 |
+------------------------------+--------+--------+------+--------+
| [免费节点3]                  |     48 |     18 |   10 |     10 |
+------------------------------+--------+--------+------+--------+
| [免费节点4]                  |    838 |      0 |    0 |      0 |
+------------------------------+--------+--------+------+--------+
| [免费节点5]                  |     29 |     28 |    0 |      0 |
+------------------------------+--------+--------+------+--------+
| [免费节点6]                  |   1635 |   1525 |   27 |     21 |
+------------------------------+--------+--------+------+--------+
| [免费节点7]                  |     64 |     43 |   36 |     29 |
+------------------------------+--------+--------+------+--------+
| [免费节点8]                  |   4171 |   3072 |    3 |      3 |
+------------------------------+--------+--------+------+--------+
| [免费节点9]                  |    615 |    438 |    0 |      0 |
+------------------------------+--------+--------+------+--------+
| [免费节点10]                 |   5516 |   3087 |   20 |     15 |
+------------------------------+--------+--------+------+--------+
| [免费节点11]                 |    443 |     77 |   19 |     16 |
+------------------------------+--------+--------+------+--------+
| [ChromeGO-Toolkit]           |     20 |     20 |    4 |      4 |
+------------------------------+--------+--------+------+--------+
| [ChromeGO-ShiteThings]       |     31 |     25 |    1 |      1 |
+------------------------------+--------+--------+------+--------+
| [ChromeGO-Merge]             |    119 |     74 |    1 |      1 |
+------------------------------+--------+--------+------+--------+
| [Pawdroid-SR-APK]            |    904 |    577 |  320 |     50 |
+------------------------------+--------+--------+------+--------+
| [Pawdroid-SS-APK]            |   1507 |    981 |   30 |     15 |
+------------------------------+--------+--------+------+--------+
| [1VPN-CRX]                   |     17 |     17 |   11 |      9 |
+------------------------------+--------+--------+------+--------+
| [Clashfree]                  |    200 |     74 |   29 |     10 |
+------------------------------+--------+--------+------+--------+
| [Epodonios]                  |   4301 |   2621 |   58 |     40 |
+------------------------------+--------+--------+------+--------+
| [Free-clash-v2ray]           |   3521 |   2025 |  398 |     50 |
+------------------------------+--------+--------+------+--------+
| [V2rayclashfree-RSS]         |   3525 |    559 |  197 |     50 |
+------------------------------+--------+--------+------+--------+
============================================================
[INFO] clash history written | path=/home/runner/work/Free-node-autotest/Free-node-autotest/history/797390718464-clash-1535-20260928.yaml
[SUMMARY] total_nodes=30586
[SUMMARY] legal_candidates=17693
[SUMMARY] passed_latency_test=400
[SUMMARY] region_HK=24 | region_JP=44 | region_US=122
[SUMMARY] avg_latency_ms=494.0
[SUMMARY] output=/home/runner/work/Free-node-autotest/Free-node-autotest/output/clash.yaml
============================================================
[INFO] raw backup written | path=/home/runner/work/Free-node-autotest/Free-node-autotest/output/raw.yaml | history=797390718464-raw-1535-20260928.yaml | proxies=30588
[INFO] debug history written | path=/home/runner/work/Free-node-autotest/Free-node-autotest/history/797390718464-debug-1535-20260928.log | proxies=30588
