============================================================
[INFO] sublink try page | url=https://end-gfw.com
[OK] proxies=6 | new=6 | url=https://raw.githubusercontent.com/hello-world-1989/cn-news/main/end-gfw-free
[OK] proxies=6 | new=0 | url=https://raw.githubusercontent.com/hello-world-1989/cn-news/main/clash-free.yaml
[INFO] sublink file_nodes=6 | bare links=98
[OK] proxies=1 | new=1 | url=https://c.kilxs.cn/
[OK] proxies=1 | new=0 | url=https://stash.wiki/
[OK] proxies=1 | new=0 | url=https://ccbaohe.com/appleID/
[OK] proxies=1 | new=0 | url=https://ios.wwkejishe.top/
[OK] proxies=98 | new=98 | url=https://tt.vg/freeclash
[OK] proxies=833 | new=765 | url=https://raw.githubusercontent.com/mfuu/FreeProxies/master/sub
[OK] proxies=38 | new=38 | url=https://raw.githubusercontent.com/yaney01/Yaney01/main/temporary
[OK] proxies=200 | new=182 | url=https://raw.githubusercontent.com/ts-sf/fly/main/clash
[OK] proxies=1 | new=0 | url=https://c.xiyou666.xyz/
[OK] proxies=1 | new=0 | url=https://www.112112789.xyz/
[OK] proxies=1 | new=0 | url=https://www.futizi.net/
[OK] proxies=1 | new=0 | url=https://{apps.apple.com|itunes.apple.com}/us/app/{kitsunebi-proxy-utility|psiphon}/{id1446584073|id1276263909}
[OK] proxies=346 | new=301 | url=https://www.ermao.net/sub/{clash|v2ray}/ermao.net
[OK] proxies=1 | new=0 | url=https://manual.getsurfboard.com/
[OK] proxies=346 | new=0 | url=https://www.ermao.net/sub/{reachable|unreachable|untested}/clash/ermao.net
[OK] proxies=2 | new=1 | url=https://apps.apple.com/{us|app}/{app|fair-vpn|streisand}/{id1443988620|id1533873488|id6450534064|id932747118|id1442620678}
[INFO] source try link | url=https://end-gfw.com/ss-key
[OK] proxies=4 | new=4 | url=https://end-gfw.com/ss-key
[INFO] sublink try repo | url=https://github.com/hello-world-1989/cn-news
[INFO] sublink try page | url=https://raw.githubusercontent.com/hello-world-1989/cn-news/main/README.md
[OK] proxies=6 | new=6 | url=https://raw.githubusercontent.com/hello-world-1989/v2-sub/main/end-gfw-together-af3e13
[OK] proxies=2 | new=2 | url=https://raw.githubusercontent.com/hello-world-1989/cn-news/main/end-gfw-together
[OK] proxies=2 | new=0 | url=https://raw.githubusercontent.com/hello-world-1989/cn-news/refs/heads/main/clash.yaml
[OK] proxies=1404 | source=[大FQ运动] | url=https://raw.githubusercontent.com/hello-world-1989/cn-news/main/README.md
============================================================
[INFO] sublink try repo | url=https://github.com/Pawdroid/Free-servers
[INFO] sublink try page | url=https://raw.githubusercontent.com/Pawdroid/Free-servers/main/README.md
[OK] proxies=1 | new=1 | url=https://apps.apple.com/cn/app/shadowshare/id1612647259
[OK] proxies=1 | new=1 | url=http://www.surflare.com
[OK] proxies=20 | new=20 | url=https://raw.githubusercontent.com/Pawdroid/Free-servers/main/README.md
[OK] proxies=20 | new=0 | url=https://raw.githubusercontent.com/Pawdroid/Free-servers/main/sub
[OK] proxies=22 | source=[Pawdroid] | url=https://raw.githubusercontent.com/Pawdroid/Free-servers/main/README.md
============================================================
[INFO] source try link | url=https://xmxosfepggzm.503403.xyz
[OK] proxies=3 | new=3 | url=https://xmxosfepggzm.503403.xyz
[OK] proxies=3 | source=[FreeV2-Base64] | url=https://xmxosfepggzm.503403.xyz
============================================================
[INFO] source try link | url=https://links.bocchi2b.top/clash
[OK] proxies=35 | new=35 | url=https://links.bocchi2b.top/clash
[OK] proxies=35 | source=[Bocchi2b-Base64] | url=https://links.bocchi2b.top/clash
============================================================
[INFO] source try link | url=https://freesocks.org/api/v1/sub/02b897e8e77f19176b0b9f2c75864b00
[OK] proxies=1 | new=1 | url=https://freesocks.org/api/v1/sub/02b897e8e77f19176b0b9f2c75864b00
[INFO] source try link | url=https://freesocks.org/api/v1/sub/4cae35810e6f5c4d92e28e32104e0080
[OK] proxies=3 | new=3 | url=https://freesocks.org/api/v1/sub/4cae35810e6f5c4d92e28e32104e0080
[OK] proxies=4 | source=[Freesocks] | url=https://freesocks.org/api/v1/sub/4cae35810e6f5c4d92e28e32104e0080
============================================================
[INFO] source try link | url=https://neko-warp.nloli.xyz/neko_warp.yaml
[OK] proxies=10 | new=10 | url=https://neko-warp.nloli.xyz/neko_warp.yaml
[OK] proxies=10 | source=[NekoWarp] | url=https://neko-warp.nloli.xyz/neko_warp.yaml
============================================================
[INFO] article try feed | url=https://free.datiya.com/index.xml
[INFO] sublink try page | url=https://free.datiya.com/post/20260928/
[OK] proxies=11 | new=11 | url=https://free.datiya.com/uploads/20260928-clash.yaml
[OK] proxies=11 | source=[OpenRunner-RSS] | url=https://free.datiya.com/post/20260928/
============================================================
[INFO] article try feed | url=https://v2rayshare.com/feed
[INFO] sublink try page | url=https://v2rayshare.com/p/4097.html
[INFO] sublink try repo | url=https://github.com/firefoxmmx2/v2rayshare_subcription
[INFO] sublink try page | url=https://raw.githubusercontent.com/firefoxmmx2/v2rayshare_subcription/main/README.md
[OK] proxies=21 | new=21 | url=https://{raw.githubusercontent.com|cdn.jsdelivr.net}/firefoxmmx2/v2rayshare_subcription/main/subscription/clash_sub.yaml
[OK] proxies=22 | new=1 | url=https://{raw.githubusercontent.com|cdn.jsdelivr.net}/firefoxmmx2/v2rayshare_subcription/main/subscription/vray_sub.txt
[OK] proxies=22 | new=0 | url=https://{raw.githubusercontent.com|cdn.jsdelivr.net}/firefoxmmx2/v2rayshare_subcription/main/subscription/mihomo_sub.yaml
[OK] proxies=22 | source=[V2Rayshare-RSS] | url=https://raw.githubusercontent.com/firefoxmmx2/v2rayshare_subcription/main/README.md
============================================================
[INFO] article try feed | url=https://www.mibei77.com/feed
[INFO] sublink try page | url=https://www.mibei77.com/703.html
[OK] proxies=159 | new=159 | url=https://mm.mibei77.com/202609/09.2864baczx.txt
[OK] proxies=157 | new=0 | url=https://mm.mibei77.com/202609/0928Clashizx.yaml
[OK] proxies=159 | source=[Mibei77-RSS] | url=https://www.mibei77.com/703.html
============================================================
[INFO] article try feed | url=https://yoyapai.com/feed
[INFO] sublink try page | url=https://yoyapai.com/739
[OK] proxies=1 | new=1 | url=https://yoyapai.com/739
[OK] proxies=229 | new=229 | url=https://freenode.yoyapai.com/2026/09/28-yoyapai.com-ssrv2rayvpnmianfeijiedian.txt
[OK] proxies=229 | new=0 | url=https://freenode.yoyapai.com/2026/09/28-yoyapai.com-clashvpnmianfeijiedian.yaml
[OK] proxies=230 | source=[Yoyapai-RSS] | url=https://yoyapai.com/739
============================================================
[INFO] sublink try repo | url=https://github.com/free18/v2ray
[INFO] sublink try page | url=https://raw.githubusercontent.com/free18/v2ray/main/README.md
[OK] proxies=285 | new=285 | url=https://ghfast.top/https://raw.githubusercontent.com/free18/v2ray/refs/heads/main/v.txt
[OK] proxies=285 | new=0 | url=https://ghfast.top/https://raw.githubusercontent.com/free18/v2ray/refs/heads/main/c.yaml
[OK] proxies=3 | new=3 | url=https://raw.githubusercontent.com/free18/v2ray/main/README.md
[OK] proxies=288 | source=[免费节点1] | url=https://raw.githubusercontent.com/free18/v2ray/main/README.md
============================================================
[INFO] sublink try repo | url=https://github.com/ermaozi/get_subscribe
[INFO] sublink try page | url=https://raw.githubusercontent.com/ermaozi/get_subscribe/main/README.md
[INFO] sublink file_nodes=0 | bare links=9
[OK] proxies=346 | new=346 | url=https://www.ermao.net/sub/{reachable|unreachable|untested}/clash/ermao.net
[OK] proxies=346 | new=0 | url=https://www.ermao.net/sub/{clash|v2ray}/ermao.net
[OK] proxies=346 | source=[免费节点2] | url=https://raw.githubusercontent.com/ermaozi/get_subscribe/main/README.md
============================================================
[INFO] sublink try repo | url=https://github.com/sunmiao4458/free-proxy-airport
[INFO] sublink try page | url=https://raw.githubusercontent.com/sunmiao4458/free-proxy-airport/main/README.md
[OK] proxies=48 | new=48 | url=https://sunmiao4458.github.io/free-proxy-airport/clash.yaml
[OK] proxies=48 | source=[免费节点3] | url=https://raw.githubusercontent.com/sunmiao4458/free-proxy-airport/main/README.md
============================================================
[INFO] sublink try repo | url=https://github.com/mfuu/FreeProxies
[INFO] sublink try page | url=https://raw.githubusercontent.com/mfuu/FreeProxies/master/README.md
[OK] proxies=838 | new=838 | url=https://raw.githubusercontent.com/mfuu/FreeProxies/master/sub.yaml
[OK] proxies=838 | source=[免费节点4] | url=https://raw.githubusercontent.com/mfuu/FreeProxies/master/README.md
============================================================
[INFO] sublink try repo | url=https://github.com/vxiaov/free_proxies
[INFO] sublink try page | url=https://raw.githubusercontent.com/vxiaov/free_proxies/main/README.md
[OK] proxies=1 | new=1 | url=https://raw.githubusercontent.com/vxiaov/free_proxies/main/README.md
[OK] proxies=28 | new=28 | url=https://{cdn.jsdelivr.net|raw.githubusercontent.com}/vxiaov/free_proxies/main/clash/clash.provider.yaml
[OK] proxies=29 | source=[免费节点5] | url=https://raw.githubusercontent.com/vxiaov/free_proxies/main/README.md
============================================================
[INFO] sublink try repo | url=https://github.com/anaer/Sub
[INFO] sublink try page | url=https://raw.githubusercontent.com/anaer/Sub/main/README.MD
[OK] proxies=1635 | new=1635 | url=https://anaer.github.io/Sub/clash.yaml
[OK] proxies=1635 | new=0 | url=https://raw.githubusercontent.com/anaer/Sub/main/clash.yaml
[OK] proxies=1635 | source=[免费节点6] | url=https://raw.githubusercontent.com/anaer/Sub/main/README.MD
============================================================
[INFO] sublink try repo | url=https://github.com/snakem982/proxypool
[INFO] sublink try page | url=https://raw.githubusercontent.com/snakem982/proxypool/main/README.md
[OK] proxies=64 | new=64 | url=https://raw.githubusercontent.com/snakem982/proxypool/main/source/clash-meta-2.yaml
[OK] proxies=62 | new=1 | url=https://raw.githubusercontent.com/snakem982/proxypool/main/source/v2ray-2.txt
[OK] proxies=62 | new=0 | url=https://raw.githubusercontent.com/snakem982/proxypool/main/source/sing-box-2.json
[OK] proxies=65 | source=[免费节点7] | url=https://raw.githubusercontent.com/snakem982/proxypool/main/README.md
============================================================
[INFO] sublink try repo | url=https://github.com/mahdibland/V2RayAggregator
[INFO] sublink try page | url=https://raw.githubusercontent.com/mahdibland/V2RayAggregator/master/README.md
[OK] proxies=54 | new=54 | url=https://raw.githubusercontent.com/mahdibland/ShadowsocksAggregator/master/sub/splitted/ssr.txt
[OK] proxies=1838 | new=1838 | url=https://raw.githubusercontent.com/mahdibland/ShadowsocksAggregator/master/sub/splitted/ss.txt
[OK] proxies=466 | new=466 | url=https://raw.githubusercontent.com/mahdibland/ShadowsocksAggregator/master/sub/splitted/trojan.txt
[OK] proxies=1 | new=1 | url=https://github.com/mahdibland/SSAggregator/actions/workflows/Airport_Collector.yml
[OK] proxies=3992 | new=1655 | url=https://raw.githubusercontent.com/mahdibland/SSAggregator/master/sub/sub_merge_yaml.yml
[OK] proxies=61 | new=61 | url=https://raw.githubusercontent.com/mahdibland/ShadowsocksAggregator/master/EternityAir.txt
[OK] proxies=1 | new=0 | url=https://cdn.jsdelivr.net/gh/mahdibland/V2RayAggregator@master/update/provider/provider-meta-cn.yml
[OK] proxies=61 | new=0 | url=https://raw.githubusercontent.com/mahdibland/SSAggregator/master/sub/airport_merge_base64.txt
[OK] proxies=1 | new=0 | url=https://cdn.jsdelivr.net/gh/mahdibland/V2RayAggregator@master/update/provider/provider-others.yml
[OK] proxies=1 | new=0 | url=https://cdn.jsdelivr.net/gh/mahdibland/V2RayAggregator@master/update/provider/provider.yml
[OK] proxies=61 | new=0 | url=https://raw.githubusercontent.com/mahdibland/SSAggregator/master/sub/airport_sub_merge.txt
[OK] proxies=378 | new=94 | url=https://raw.githubusercontent.com/mahdibland/V2RayAggregator/master/README.md
[OK] proxies=1 | new=0 | url=https://cdn.jsdelivr.net/gh/mahdibland/V2RayAggregator@master/update/provider/provider-cn.yml
[OK] proxies=1 | new=0 | url=https://github.com/mahdibland/SSAggregator/actions/workflows/Collector.yml
[OK] proxies=1449 | new=2 | url=https://raw.githubusercontent.com/mahdibland/ShadowsocksAggregator/master/sub/splitted/vmess.txt
[OK] proxies=196 | new=0 | url=https://raw.githubusercontent.com/mahdibland/ShadowsocksAggregator/master/Eternity.yml
[OK] proxies=3807 | new=0 | url=https://raw.githubusercontent.com/mahdibland/SSAggregator/master/sub/sub_merge_base64.txt
[OK] proxies=1 | new=0 | url=https://cdn.jsdelivr.net/gh/mahdibland/V2RayAggregator@master/update/provider/provider-meta-others.yml
[OK] proxies=1 | new=0 | url=https://cdn.jsdelivr.net/gh/mahdibland/V2RayAggregator@master/update/provider/provider-meta.yml
[OK] proxies=195 | new=0 | url=https://raw.githubusercontent.com/mahdibland/ShadowsocksAggregator/master/Eternity.txt
[OK] proxies=3807 | new=0 | url=https://raw.githubusercontent.com/mahdibland/{SSAggregator|ShadowsocksAggregator}/master/sub/sub_merge.txt
[OK] proxies=4171 | source=[免费节点8] | url=https://raw.githubusercontent.com/mahdibland/V2RayAggregator/master/README.md
============================================================
[INFO] sublink try repo | url=https://github.com/w1770946466/Auto_proxy
[INFO] sublink try page | url=https://raw.githubusercontent.com/w1770946466/Auto_proxy/main/README.md
[OK] proxies=1 | new=1 | url=https://github.com/w1770946466/Auto_proxy/actions/workflows/main.yml
[OK] proxies=245 | new=245 | url=https://raw.githubusercontent.com/w1770946466/Auto_proxy/main/{Long_term_subscription2.yaml|Long_term_subscription1.yaml|Long_term_subscription3.yaml}
[OK] proxies=489 | new=369 | url=https://raw.githubusercontent.com/w1770946466/Auto_proxy/main/Long_term_subscription_num
[OK] proxies=489 | new=0 | url=https://raw.githubusercontent.com/w1770946466/Auto_proxy/main/{Long_term_subscription1|Long_term_subscription2|Long_term_subscription3|Long_term_subscription4|Long_term_subscription5|Long_term_subscription6|Long_term_subscription7|Long_term_subscription8}
[OK] proxies=615 | source=[免费节点9] | url=https://raw.githubusercontent.com/w1770946466/Auto_proxy/main/README.md
============================================================
[INFO] sublink try repo | url=https://github.com/PuddinCat/BestClash
[INFO] sublink try page | url=https://raw.githubusercontent.com/PuddinCat/BestClash/main/README.md
[OK] proxies=33 | new=33 | url=https://raw.githubusercontent.com/Misaka-blog/chromego_merge/main/sub/merged_proxies_new.yaml
[OK] proxies=144 | new=144 | url=https://raw.githubusercontent.com/zhangkaiitugithub/passcro/main/speednodes.yaml
[OK] proxies=196 | new=196 | url=https://raw.githubusercontent.com/mahdibland/ShadowsocksAggregator/master/Eternity.yml
[OK] proxies=165 | new=165 | url=https://raw.githubusercontent.com/ronghuaxueleng/get_v2/main/pub/combine.yaml
[OK] proxies=33 | new=0 | url=https://raw.githubusercontent.com/{chengaopan|peasoft}/{AutoMergePublicNodes|NoMoreWalls}/master/list.yml
[OK] proxies=28 | new=28 | url=https://cdn.jsdelivr.net/gh/vxiaov/free_proxies@main/clash/clash.provider.yaml
[OK] proxies=24 | new=24 | url=https://freenode.openrunner.net/uploads/20240807-clash.yaml
[OK] proxies=16 | new=16 | url=https://raw.githubusercontent.com/PuddinCat/BestClash/main/proxies.yaml
[OK] proxies=362 | new=188 | url=https://raw.githubusercontent.com/{ermaozi|ermaozi01}/{get_subscribe|free_clash_vpn}/main/subscribe/clash.yml
[OK] proxies=4782 | new=4720 | url=https://raw.githubusercontent.com/{NiceVPN123|anaer}/{NiceVPN|Sub}/main/{Clash.yaml|clash.yaml}
[OK] proxies=5514 | source=[免费节点10] | url=https://raw.githubusercontent.com/PuddinCat/BestClash/main/README.md
============================================================
[INFO] sublink try repo | url=https://github.com/kooker/FreeSubsCheck
[INFO] sublink try page | url=https://raw.githubusercontent.com/kooker/FreeSubsCheck/main/README.md
[OK] proxies=7 | new=7 | url=https://raw.githubusercontent.com/kooker/FreeSubsCheck/main/base64.txt
[OK] proxies=2 | new=2 | url=https://raw.githubusercontent.com/kooker/FreeSubsCheck/main/byxiaoxi.txt
[OK] proxies=11 | new=4 | url=https://raw.githubusercontent.com/kooker/FreeSubsCheck/main/mihomo.yaml
[OK] proxies=11 | new=0 | url=https://raw.githubusercontent.com/kooker/FreeSubsCheck/main/all.yaml
[OK] proxies=432 | new=430 | url=https://raw.githubusercontent.com/kooker/FreeSubsCheck/main/kooker.jp.txt
[OK] proxies=443 | source=[免费节点11] | url=https://raw.githubusercontent.com/kooker/FreeSubsCheck/main/README.md
============================================================
[INFO] toolkit try repo | url=https://github.com/bannedbook/fanqiang
[INFO] toolkit try release | url=https://github.com/bannedbook/fanqiang/releases
[INFO] toolkit try release | url=https://github.com/bannedbook/fanqiang/releases/expanded_assets/ChromeGo-latest
[INFO] toolkit try download | url=https://github.com/bannedbook/fanqiang/releases/download/ChromeGo-latest/ChromeGo.7z
[OK] toolkit downloaded | file=ChromeGo.7z | size=96.2MB
[OK] toolkit extracted | archive=ChromeGo.7z | tool=7z | files=222 | dirs=45
[OK] toolkit discovered | subs=107 | embedded=46 | archive=ChromeGo.7z
[INFO] toolkit try repo | url=https://github.com/bannedbook/fanqiang
[INFO] toolkit try release | url=https://github.com/bannedbook/fanqiang/releases
[INFO] toolkit try release | url=https://github.com/bannedbook/fanqiang/releases/expanded_assets/ChromeGo-latest
[INFO] toolkit try download | url=https://github.com/bannedbook/fanqiang/releases/download/ChromeGo-latest/ChromeGo.7z
[OK] toolkit downloaded | file=ChromeGo.7z | size=96.2MB
[OK] toolkit extracted | archive=ChromeGo.7z | tool=7z | files=222 | dirs=45
[OK] toolkit discovered | subs=107 | embedded=46 | archive=ChromeGo.7z
[OK] proxies=12 | new=12 | embedded=archive-config
[OK] proxies=3 | new=3 | url=https://www.67867867.xyz/Alvin9999/PAC/refs/heads/master/backup/img/1/2/{ipp|ip}/clash.meta2/{5|6|3|1|4|2}/config.yaml
[OK] proxies=3 | new=0 | url=https://gitlab.com/free9999/ipupdate/master/backup/img/1/2/{ipp|ip}/clash.meta2/{5|6|3|1|4|2}/config.yaml
[OK] proxies=7 | new=5 | url=https://www.67867867.xyz/Alvin9999/PAC/refs/heads/master/backup/img/1/2/{ipp|ip}/{hysteria2|singbox|naiveproxy|hysteria|xray}/{3|1|4|2}/config.json
[OK] proxies=7 | new=0 | url=https://gitlab.com/free9999/ipupdate/master/backup/img/1/2/{ipp|ip}/{hysteria2|singbox|naiveproxy|hysteria|xray}/{3|1|4|2}/config.json
[OK] proxies=20 | source=[ChromeGO-Toolkit] | url=https://github.com/bannedbook/fanqiang/releases/download/ChromeGo-latest/ChromeGo.7z
============================================================
[INFO] sublink try repo | url=https://github.com/ShiteThings/extractNodes
[INFO] sublink try page | url=https://raw.githubusercontent.com/ShiteThings/extractNodes/main/README.md
[OK] proxies=26 | new=26 | url=https://chg26.makou.cc.cd/sb
[OK] proxies=31 | new=5 | url=https://{chg26.makou.cc.cd|chg64.makou.cc.cd}
[OK] proxies=31 | source=[ChromeGO-ShiteThings] | url=https://raw.githubusercontent.com/ShiteThings/extractNodes/main/README.md
============================================================
[INFO] sublink try repo | url=https://github.com/shangui999/chromego_merge
[INFO] sublink try page | url=https://raw.githubusercontent.com/shangui999/chromego_merge/master/ReadMe.md
[OK] proxies=10 | new=10 | url=https://freedman.netlify.app/sub/merged_proxies_new.yaml
[OK] proxies=16 | new=16 | url=https://freedman.netlify.app/sub/sb.json
[OK] proxies=11 | new=6 | url=https://freedman.netlify.app/sub/shadowrocket_base64.txt
[OK] proxies=11 | new=1 | url=https://freedman.netlify.app/sub/merged_warp_proxies_new.yaml
[INFO] sublink try repo | url=https://github.com/yaney01/chromego
[INFO] sublink try page | url=https://raw.githubusercontent.com/yaney01/chromego/main/ReadMe.md
[OK] proxies=13 | new=10 | url=https://raw.githubusercontent.com/yaney01/chromego/main/sub/shadowrocket_base64.txt
[OK] proxies=51 | new=43 | url=https://raw.githubusercontent.com/yaney01/chromego/main/sub/merged_warp_proxies_new.yaml
[OK] proxies=13 | new=0 | url=https://raw.githubusercontent.com/yaney01/chromego/main/sub/sb.json
[OK] proxies=50 | new=0 | url=https://raw.githubusercontent.com/yaney01/chromego/main/sub/merged_proxies_new.yaml
[INFO] sublink try repo | url=https://github.com/Misaka-blog/chromego_merge
[INFO] sublink try page | url=https://raw.githubusercontent.com/Misaka-blog/chromego_merge/main/README.md
[OK] proxies=33 | new=33 | url=https://chromego-sub.netlify.app/sub/merged_proxies_new.yaml
[OK] proxies=119 | source=[ChromeGO-Merge] | url=https://raw.githubusercontent.com/Misaka-blog/chromego_merge/main/README.md
============================================================
[INFO] toolkit try repo | url=https://github.com/Pawdroid/shadowrocket_for_android
[INFO] toolkit try release | url=https://github.com/Pawdroid/shadowrocket_for_android/releases
[INFO] toolkit try release | url=https://github.com/Pawdroid/shadowrocket_for_android/releases/expanded_assets/10.10.55
[INFO] toolkit try download | url=https://github.com/Pawdroid/shadowrocket_for_android/releases/download/10.10.55/Shadowrocket_10.10.55_shadowrocketStandard_arm64-v8a.apk
[OK] toolkit downloaded | file=Shadowrocket_10.10.55_shadowrocketStandard_arm64-v8a.apk | size=39.5MB
[OK] toolkit extracted | archive=Shadowrocket_10.10.55_shadowrocketStandard_arm64-v8a.apk | tool=zipfile | files=1179 | dirs=44
[OK] toolkit sr-apk scanned | prefixes=38 | files=6 | keys=2 | archive=Shadowrocket_10.10.55_shadowrocketStandard_arm64-v8a.apk
[OK] proxies=691 | new=691 | url=https://{cdn.jsdelivr.net|raw.githubusercontent.com}/pixelor/ecfg/main/data/ecfg6_zh
[OK] proxies=188 | new=77 | url=https://{cdn.jsdelivr.net|raw.githubusercontent.com}/pixelor/ecfg/main/data/ecfg6
[OK] proxies=611 | new=136 | url=https://{cdn.jsdelivr.net|raw.githubusercontent.com}/pixelor/ecfg/main/data/ecfg6_en
[OK] proxies=141 | new=0 | url=https://{files.shadowrockets.app|cdn.shadowrockets.app}/ecfg/data/ecfg6
[OK] proxies=378 | new=0 | url=https://{files.shadowrockets.app|cdn.shadowrockets.app}/ecfg/data/ecfg6_zh
[OK] proxies=378 | new=0 | url=https://{files.shadowrockets.app|cdn.shadowrockets.app}/ecfg/data/ecfg6_en
[INFO] toolkit try repo | url=https://github.com/Pawdroid/shadowrocket_for_android
[INFO] toolkit try release | url=https://github.com/Pawdroid/shadowrocket_for_android/releases
[INFO] toolkit try release | url=https://github.com/Pawdroid/shadowrocket_for_android/releases/expanded_assets/10.10.55
[INFO] toolkit try download | url=https://github.com/Pawdroid/shadowrocket_for_android/releases/download/10.10.55/Shadowrocket_10.10.55_shadowrocketStandard_arm64-v8a.apk
[OK] toolkit downloaded | file=Shadowrocket_10.10.55_shadowrocketStandard_arm64-v8a.apk | size=39.5MB
[OK] toolkit extracted | archive=Shadowrocket_10.10.55_shadowrocketStandard_arm64-v8a.apk | tool=zipfile | files=1179 | dirs=44
[OK] toolkit sr-apk scanned | prefixes=38 | files=6 | keys=2 | archive=Shadowrocket_10.10.55_shadowrocketStandard_arm64-v8a.apk
[OK] proxies=691 | new=691 | url=https://{cdn.jsdelivr.net|raw.githubusercontent.com}/pixelor/ecfg/main/data/ecfg6_zh
[OK] proxies=188 | new=77 | url=https://{cdn.jsdelivr.net|raw.githubusercontent.com}/pixelor/ecfg/main/data/ecfg6
[OK] proxies=611 | new=136 | url=https://{cdn.jsdelivr.net|raw.githubusercontent.com}/pixelor/ecfg/main/data/ecfg6_en
[OK] proxies=141 | new=0 | url=https://{files.shadowrockets.app|cdn.shadowrockets.app}/ecfg/data/ecfg6
[OK] proxies=378 | new=0 | url=https://{files.shadowrockets.app|cdn.shadowrockets.app}/ecfg/data/ecfg6_zh
[OK] proxies=378 | new=0 | url=https://{files.shadowrockets.app|cdn.shadowrockets.app}/ecfg/data/ecfg6_en
[OK] proxies=904 | source=[Pawdroid-SR-APK] | url=https://github.com/Pawdroid/shadowrocket_for_android/releases/download/10.10.55/Shadowrocket_10.10.55_shadowrocketStandard_arm64-v8a.apk
============================================================
[INFO] toolkit try page | url=https://shadowshare.v2cross.com
[INFO] toolkit try download | url=https://shadowshare.v2cross.com/shadowshare.apk
[OK] toolkit downloaded | file=shadowshare.apk | size=60MB
[OK] toolkit extracted | archive=shadowshare.apk | tool=zipfile | files=612 | dirs=39
[OK] toolkit ss-apk scanned | prefixes=10 | files=3 | keys=1 | archive=shadowshare.apk
[OK] proxies=227 | new=227 | url=https://{raw.githubusercontent.com|jsd.onmicrosoft.cn}/hideme9527/ecsfg/main/data/sareserver
[OK] proxies=1386 | new=1280 | url=https://{raw.githubusercontent.com|jsd.onmicrosoft.cn}/hideme9527/ecsfg/main/data/sareserver_en
[OK] proxies=132 | new=0 | url=https://{shadowsharing.com|sare.159236.xyz}/data/sareserver
[OK] proxies=1386 | new=0 | url=https://{shadowsharing.com|sare.159236.xyz}/data/sareserver_en
[OK] proxies=132 | new=0 | url=https://gitee.com/api/v5/repos/{elvenapp|guoyoucai1|zhiminghao}/ecsfg/raw/data/sareserver
[OK] proxies=1386 | new=0 | url=https://gitee.com/api/v5/repos/{guoyoucai1|zhiminghao|elvenapp}/ecsfg/raw/data/sareserver_en
[INFO] toolkit try page | url=https://shadowshare.v2cross.com
[INFO] toolkit try download | url=https://shadowshare.v2cross.com/shadowshare.apk
[OK] toolkit downloaded | file=shadowshare.apk | size=60MB
[OK] toolkit extracted | archive=shadowshare.apk | tool=zipfile | files=612 | dirs=39
[OK] toolkit ss-apk scanned | prefixes=10 | files=3 | keys=1 | archive=shadowshare.apk
[OK] proxies=227 | new=227 | url=https://{raw.githubusercontent.com|jsd.onmicrosoft.cn}/hideme9527/ecsfg/main/data/sareserver
[OK] proxies=1386 | new=1280 | url=https://{raw.githubusercontent.com|jsd.onmicrosoft.cn}/hideme9527/ecsfg/main/data/sareserver_en
[OK] proxies=132 | new=0 | url=https://{shadowsharing.com|sare.159236.xyz}/data/sareserver
[OK] proxies=1386 | new=0 | url=https://{shadowsharing.com|sare.159236.xyz}/data/sareserver_en
[OK] proxies=132 | new=0 | url=https://gitee.com/api/v5/repos/{elvenapp|guoyoucai1|zhiminghao}/ecsfg/raw/data/sareserver
[OK] proxies=1386 | new=0 | url=https://gitee.com/api/v5/repos/{guoyoucai1|zhiminghao|elvenapp}/ecsfg/raw/data/sareserver_en
[OK] proxies=1507 | source=[Pawdroid-SS-APK] | url=https://shadowshare.v2cross.com/shadowshare.apk
============================================================
[INFO] toolkit try chrome | url=https://chromewebstore.google.com/detail/free-vpn-proxy-1vpn/akcocjjpkmlniicdeemdceeajlmoabhg
[INFO] toolkit try download | url=https://clients2.google.com/service/update2/crx?response=redirect&prodversion=131.0.6778.0&acceptformat=crx2,crx3&x=id%3dakcocjjpkmlniicdeemdceeajlmoabhg%26uc
[OK] toolkit downloaded | file=free-vpn-proxy-1vpn.crx | size=1.6MB
[OK] toolkit extracted | archive=free-vpn-proxy-1vpn.crx | tool=zipfile | files=68 | dirs=57
[OK] toolkit 1vpn-crx scanned | hosts=17 | keys=1 | archive=free-vpn-proxy-1vpn.crx
[INFO] toolkit try chrome | url=https://chromewebstore.google.com/detail/free-vpn-proxy-1vpn/akcocjjpkmlniicdeemdceeajlmoabhg
[INFO] toolkit try download | url=https://clients2.google.com/service/update2/crx?response=redirect&prodversion=131.0.6778.0&acceptformat=crx2,crx3&x=id%3dakcocjjpkmlniicdeemdceeajlmoabhg%26uc
[OK] toolkit downloaded | file=free-vpn-proxy-1vpn.crx | size=1.6MB
[OK] toolkit extracted | archive=free-vpn-proxy-1vpn.crx | tool=zipfile | files=68 | dirs=57
[OK] toolkit 1vpn-crx scanned | hosts=17 | keys=1 | archive=free-vpn-proxy-1vpn.crx
[OK] proxies=17 | source=[1VPN-CRX] | url=https://clients2.google.com/service/update2/crx?response=redirect&prodversion=131.0.6778.0&acceptformat=crx2,crx3&x=id%3dakcocjjpkmlniicdeemdceeajlmoabhg%26uc
============================================================
[INFO] sublink try repo | url=https://github.com/free-nodes/clashfree
[INFO] sublink try page | url=https://raw.githubusercontent.com/free-nodes/clashfree/main/README.md
[OK] proxies=1 | new=1 | url=https://github.com/free-nodes/clashfree/blob/main/clash20260928.yml
[OK] proxies=199 | new=199 | url=https://raw.githubusercontent.com/free-nodes/clashfree/main/README.md
[OK] proxies=199 | new=0 | url=https://raw.githubusercontent.com/free-nodes/clashfree/main/clash20260928.yml
[OK] proxies=200 | source=[Clashfree] | url=https://raw.githubusercontent.com/free-nodes/clashfree/main/README.md
============================================================
[INFO] sublink try repo | url=https://github.com/Epodonios/v2ray-configs
[INFO] sublink try page | url=https://raw.githubusercontent.com/Epodonios/v2ray-configs/main/README.md
[OK] proxies=162 | new=162 | url=https://github.com/Epodonios/v2ray-configs/raw/main/Splitted-By-Protocol/trojan.txt
[OK] proxies=184 | new=184 | url=https://github.com/Epodonios/v2ray-configs/raw/main/Splitted-By-Protocol/vmess.txt
[OK] proxies=4177 | new=3844 | url=https://github.com/Epodonios/v2ray-configs/raw/main/All_Configs_Sub.txt
[OK] proxies=4177 | new=0 | url=https://github.com/Epodonios/v2ray-configs/raw/main/All_Configs_base64_Sub.txt
[OK] proxies=1 | new=1 | url=https://github.com/Epodonios/V2ray-Configs/actions/workflows/main.yml
[OK] proxies=3355 | new=93 | url=https://github.com/Epodonios/v2ray-configs/raw/main/Splitted-By-Protocol/vless.txt
[OK] proxies=381 | new=17 | url=https://github.com/Epodonios/v2ray-configs/raw/main/Splitted-By-Protocol/ss.txt
[OK] proxies=4177 | new=0 | url=https://raw.githubusercontent.com/Epodonios/v2ray-configs/main/{Sub1.txt|Sub2.txt|Sub3.txt|Sub4.txt|Sub5.txt|Sub6.txt|Sub7.txt|Sub8.txt}
[OK] proxies=4301 | source=[Epodonios] | url=https://raw.githubusercontent.com/Epodonios/v2ray-configs/main/README.md
============================================================
[INFO] sublink try repo | url=https://github.com/free-clash-v2ray/free-clash-v2ray.github.io
[INFO] sublink try page | url=https://raw.githubusercontent.com/free-clash-v2ray/free-clash-v2ray.github.io/main/README.md
[OK] proxies=2984 | new=2984 | url=https://free-clash-v2ray.github.io/uploads/2026/09/{0-20260927.yaml|1-20260927.yaml|2-20260927.yaml|3-20260927.yaml}
[OK] proxies=3129 | new=537 | url=https://free-clash-v2ray.github.io/uploads/2026/09/{0-20260927.txt|1-20260927.txt|2-20260927.txt|3-20260927.txt|4-20260927.txt}
[OK] proxies=3521 | source=[Free-clash-v2ray] | url=https://raw.githubusercontent.com/free-clash-v2ray/free-clash-v2ray.github.io/main/README.md
============================================================
[INFO] article try page | url=https://v2rayclashfree.com
[INFO] sublink try page | url=https://v2rayclashfree.com/fn/20260928.html
[OK] proxies=1775 | new=1775 | url=https://v2rayclashfree.com/sub/20260928-v2ray.txt
[OK] proxies=1648 | new=467 | url=https://v2rayclashfree.com/sub/20260928-clash.yaml
[OK] proxies=2242 | source=[V2rayclashfree-RSS] | url=https://v2rayclashfree.com/fn/20260928.html
============================================================
[INFO] toolkit try repo | url=https://github.com/MetaCubeX/meta-rules-dat
[INFO] toolkit try release | url=https://github.com/MetaCubeX/meta-rules-dat/releases
[INFO] toolkit try release | url=https://github.com/MetaCubeX/meta-rules-dat/releases/expanded_assets/latest
[INFO] toolkit try download | url=https://github.com/MetaCubeX/meta-rules-dat/releases/download/latest/country.mmdb
[OK] toolkit downloaded | file=country.mmdb | size=7.3MB
[INFO] toolkit try repo | url=https://github.com/mledoze/countries
[INFO] toolkit try release | url=https://github.com/mledoze/countries/releases
[INFO] toolkit try release | url=https://github.com/mledoze/countries/releases/expanded_assets/v1.8.0
[INFO] toolkit try download | url=https://github.com/mledoze/countries/archive/refs/tags/v1.8.0.zip
[OK] toolkit downloaded | file=countries-1.8.0.zip | size=4.8MB
[OK] toolkit extracted | archive=countries-1.8.0.zip | tool=zipfile | files=528 | dirs=8
[OK] toolkit found | file=countries.json | from=countries-1.8.0.zip
[OK] geo score ready | files=country.mmdb, countries.json | centroids=247
============================================================
[INFO] toolkit try repo | url=https://github.com/MetaCubeX/mihomo
[INFO] toolkit try release | url=https://github.com/MetaCubeX/mihomo/releases
[INFO] toolkit try release | url=https://github.com/MetaCubeX/mihomo/releases/expanded_assets/v1.19.31
[INFO] toolkit try download | url=https://github.com/MetaCubeX/mihomo/releases/download/v1.19.31/mihomo-linux-amd64-compatible-v1.19.31.gz
[OK] toolkit downloaded | file=mihomo-linux-amd64-compatible-v1.19.31.gz | size=21.8MB
[OK] toolkit hash verified | file=mihomo-linux-amd64-compatible-v1.19.31.gz | sha256=04cf9f09671704f839ddbee2e93069dc831a4123a75281e725d1d96ab9ac1afc
[OK] proxy engine ready, starting latency test | package=mihomo-linux-amd64-compatible-v1.19.31.gz
============================================================
[DEBUG] mihomo start-fail | branch={1} | size=17283 | parse=1 | rc=1 | names=[大FQ运动] end-gfw-kr64-VLESS,[大FQ运动] end-gfw-kr64-HY2,[大FQ运动] end-gfw-kr64-SS...+17280 | err=rc=1 Mihomo exited before controller became ready time="2026-09-28T12:34:02.916132581Z" level=info msg="Start initial configuration in progress" time="2026-09-28T12:34:03.155917720Z" level=fatal msg="Parse config error: proxy 10535: '' h...
[WARN] batch start failed | size=17283 {1} | split=8641 {2} + 8642 {3}
[DEBUG] mihomo start-fail | branch={3} | size=8642 | parse=1 | rc=1 | names=[免费节点10] 🇯🇵 JP 68 → tg@nicevpn123,[免费节点10] 🇯🇵 JP 69 → tg@nicevpn123,[免费节点10] 🇯🇵 JP 7 → tg@nicevpn123...+8639 | err=rc=1 Mihomo exited before controller became ready time="2026-09-28T12:34:06.277499193Z" level=info msg="Start initial configuration in progress" time="2026-09-28T12:34:06.331800605Z" level=fatal msg="Parse config error: proxy 1894: '' ha...
[WARN] batch start failed | size=8642 {3} | split=4321 {4} + 4321 {5}
[DEBUG] mihomo start-fail | branch={4} | size=4321 | parse=1 | rc=1 | names=[免费节点10] 🇯🇵 JP 68 → tg@nicevpn123,[免费节点10] 🇯🇵 JP 69 → tg@nicevpn123,[免费节点10] 🇯🇵 JP 7 → tg@nicevpn123...+4318 | err=rc=1 Mihomo exited before controller became ready time="2026-09-28T12:34:08.006218626Z" level=info msg="Start initial configuration in progress" time="2026-09-28T12:34:08.065295336Z" level=fatal msg="Parse config error: proxy 1894: '' ha...
[WARN] batch start failed | size=4321 {4} | split=2160 {6} + 2161 {7}
[DEBUG] mihomo start-fail | branch={5} | size=4321 | parse=1 | rc=1 | names=[Epodonios] EPODONIOS-666,[Epodonios] EPODONIOS-667,[Epodonios] EPODONIOS-668...+4318 | err=rc=1 Mihomo exited before controller became ready time="2026-09-28T12:34:08.206854220Z" level=info msg="Start initial configuration in progress" time="2026-09-28T12:34:08.357102541Z" level=fatal msg="Parse config error: proxy 3811: '' ha...
[WARN] batch start failed | size=4321 {5} | split=2160 {8} + 2161 {9}
[DEBUG] mihomo start-fail | branch={7} | size=2161 | parse=1 | rc=1 | names=[Pawdroid-SR-APK] 美国+阿里云-2,[Pawdroid-SR-APK] 美国+日本NTT通讯美洲公司,[Pawdroid-SR-APK] 美国+CloudFlare节点-14...+2158 | err=rc=1 Mihomo exited before controller became ready time="2026-09-28T12:34:09.280455319Z" level=info msg="Start initial configuration in progress" time="2026-09-28T12:34:09.302964321Z" level=fatal msg="Parse config error: proxy 504: ss 82....
[DEBUG] mihomo start-fail | branch={6} | size=2160 | parse=1 | rc=1 | names=[免费节点10] 🇯🇵 JP 68 → tg@nicevpn123,[免费节点10] 🇯🇵 JP 69 → tg@nicevpn123,[免费节点10] 🇯🇵 JP 7 → tg@nicevpn123...+2157 | err=rc=1 Mihomo exited before controller became ready time="2026-09-28T12:34:09.206504204Z" level=info msg="Start initial configuration in progress" time="2026-09-28T12:34:09.275066906Z" level=fatal msg="Parse config error: proxy 1894: '' ha...
[WARN] batch start failed | size=2161 {7} | split=1080 {10} + 1081 {11}
[WARN] batch start failed | size=2160 {6} | split=1080 {12} + 1080 {13}
[TEST] {2} tested=100/8641 | kept=10 | rest=17183
[DEBUG] mihomo start-fail | branch={9} | size=2161 | parse=1 | rc=1 | names=[Free-clash-v2ray] 🇺🇸US_92|763KB/s|R002-,[Free-clash-v2ray] 🇺🇸US_93|746KB/s|R002-,[Free-clash-v2ray] 🇺🇸US_94|741KB/s|R002-...+2158 | err=rc=1 Mihomo exited before controller became ready time="2026-09-28T12:34:10.350106624Z" level=info msg="Start initial configuration in progress" time="2026-09-28T12:34:10.414589246Z" level=fatal msg="Parse config error: proxy 1651: '' ha...
[WARN] batch start failed | size=2161 {9} | split=1080 {14} + 1081 {15}
[DEBUG] mihomo start-fail | branch={10} | size=1080 | parse=1 | rc=1 | names=[Pawdroid-SR-APK] 美国+阿里云-2,[Pawdroid-SR-APK] 美国+日本NTT通讯美洲公司,[Pawdroid-SR-APK] 美国+CloudFlare节点-14...+1077 | err=rc=1 Mihomo exited before controller became ready time="2026-09-28T12:34:10.486658034Z" level=info msg="Start initial configuration in progress" time="2026-09-28T12:34:10.505473602Z" level=fatal msg="Parse config error: proxy 504: ss 82....
[WARN] batch start failed | size=1080 {10} | split=540 {16} + 540 {17}
[DEBUG] mihomo start-fail | branch={11} | size=1081 | parse=1 | rc=1 | names=[Pawdroid-SS-APK] Iceland,[Pawdroid-SS-APK] The+Netherlands-47,[Pawdroid-SS-APK] vless-134...+1078 | err=rc=1 Mihomo exited before controller became ready time="2026-09-28T12:34:10.955669472Z" level=info msg="Start initial configuration in progress" time="2026-09-28T12:34:10.985240924Z" level=fatal msg="Parse config error: proxy 469: 'reali...
[DEBUG] mihomo start-fail | branch={13} | size=1080 | parse=1 | rc=1 | names=[免费节点10] 🇺🇸 US 20 → tg@nicevpn123,[免费节点10] 🇺🇸 US 2000 → tg@nicevpn123,[免费节点10] 🇺🇸 US 2001 → tg@nicevpn123...+1077 | err=rc=1 Mihomo exited before controller became ready time="2026-09-28T12:34:10.941735954Z" level=info msg="Start initial configuration in progress" time="2026-09-28T12:34:10.987044354Z" level=fatal msg="Parse config error: proxy 814: '' has...
[WARN] batch start failed | size=1080 {13} | split=540 {20} + 540 {21}
[WARN] batch start failed | size=1081 {11} | split=540 {18} + 541 {19}
[TEST] {8} tested=100/2160 | kept=4 | rest=17036
[TEST] {14} tested=100/1080 | kept=24 | rest=16903
[TEST] {14} tested=200/1080 | kept=51 | rest=16773
[TEST] {14} tested=300/1080 | kept=97 | rest=16641
[TEST] {14} tested=400/1080 | kept=115 | rest=16526
[TEST] {14} tested=500/1080 | kept=139 | rest=16409
[TEST] {14} tested=600/1080 | kept=156 | rest=16303
[TEST] {14} tested=700/1080 | kept=166 | rest=16194
[TEST] {8} tested=200/2160 | kept=4 | rest=16183
[TEST] {14} tested=800/1080 | kept=169 | rest=16086
[TEST] {14} tested=900/1080 | kept=171 | rest=15977
[TEST] {14} tested=1000/1080 | kept=210 | rest=15834
[TEST] {2} tested=200/8641 | kept=19 | rest=15792
[TEST] {8} tested=300/2160 | kept=8 | rest=15643
[TEST] {12} tested=100/1080 | kept=1 | rest=15531
[TEST] {12} tested=200/1080 | kept=1 | rest=15402
[TEST] {8} tested=400/2160 | kept=13 | rest=15307
[TEST] {8} tested=500/2160 | kept=20 | rest=15120
[TEST] {2} tested=300/8641 | kept=21 | rest=15114
[TEST] {12} tested=300/1080 | kept=3 | rest=15098
[TEST] {14} tested=1080/1080 | kept=242 | rest=15077
[DEBUG] mihomo start-fail | branch={15} | size=1081 | parse=1 | rc=1 | names=[Free-clash-v2ray] 🇺🇸US_445|249KB/s|A001,[Free-clash-v2ray] 🇫🇷FR_1353|374KB/s|A00,[Free-clash-v2ray] 🇬🇧GB_42|608KB/s|A004-...+1078 | err=rc=1 Mihomo exited before controller became ready time="2026-09-28T12:34:19.321661640Z" level=info msg="Start initial configuration in progress" time="2026-09-28T12:34:19.343923616Z" level=fatal msg="Parse config error: proxy 571: '' has...
[WARN] batch start failed | size=1081 {15} | split=540 {22} + 541 {23}
[DEBUG] mihomo start-fail | branch={16} | size=540 | parse=1 | rc=1 | names=[Pawdroid-SR-APK] 美国+阿里云-2,[Pawdroid-SR-APK] 美国+日本NTT通讯美洲公司,[Pawdroid-SR-APK] 美国+CloudFlare节点-14...+537 | err=rc=1 Mihomo exited before controller became ready time="2026-09-28T12:34:19.485804571Z" level=info msg="Start initial configuration in progress" time="2026-09-28T12:34:19.504419410Z" level=fatal msg="Parse config error: proxy 504: ss 82....
[WARN] batch start failed | size=540 {16} | split=270 {24} + 270 {25}
[TEST] {17} tested=100/540 | kept=1 | rest=14876
[TEST] {17} tested=200/540 | kept=2 | rest=14771
[TEST] {17} tested=300/540 | kept=5 | rest=14658
[TEST] {8} tested=600/2160 | kept=23 | rest=14554
[TEST] {12} tested=400/1080 | kept=3 | rest=14412
[TEST] {12} tested=500/1080 | kept=3 | rest=14289
[TEST] {2} tested=400/8641 | kept=21 | rest=14187
[TEST] {8} tested=700/2160 | kept=23 | rest=14167
[TEST] {12} tested=600/1080 | kept=3 | rest=14027
[TEST] {8} tested=800/2160 | kept=24 | rest=14008
[TEST] {2} tested=500/8641 | kept=45 | rest=13874
[TEST] {17} tested=400/540 | kept=13 | rest=13813
[TEST] {8} tested=900/2160 | kept=24 | rest=13659
[TEST] {17} tested=500/540 | kept=15 | rest=13567
[TEST] {12} tested=700/1080 | kept=3 | rest=13443
[TEST] {8} tested=1000/2160 | kept=24 | rest=13322
[TEST] {12} tested=800/1080 | kept=3 | rest=13316
[TEST] {2} tested=600/8641 | kept=52 | rest=13184
[TEST] {12} tested=900/1080 | kept=3 | rest=13152
[TEST] {8} tested=1100/2160 | kept=27 | rest=12968
[TEST] {17} tested=540/540 | kept=15 | rest=12798
[TEST] {2} tested=700/8641 | kept=57 | rest=12779
[DEBUG] mihomo start-fail | branch={21} | size=540 | parse=1 | rc=1 | names=[免费节点10] 🇺🇸 US 824 → tg@nicevpn123,[免费节点10] 🇺🇸 US 825 → tg@nicevpn123,[免费节点10] 🇺🇸 US 826 → tg@nicevpn123...+537 | err=rc=1 Mihomo exited before controller became ready time="2026-09-28T12:34:30.545948435Z" level=info msg="Start initial configuration in progress" time="2026-09-28T12:34:30.558545000Z" level=fatal msg="Parse config error: proxy 274: '' has...
[WARN] batch start failed | size=540 {21} | split=270 {26} + 270 {27}
[TEST] {8} tested=1200/2160 | kept=29 | rest=12755
[DEBUG] mihomo start-fail | branch={19} | size=541 | parse=1 | rc=1 | names=[Epodonios] EPODONIOS-157,[Epodonios] EPODONIOS-158,[Epodonios] EPODONIOS-159...+538 | err=rc=1 Mihomo exited before controller became ready time="2026-09-28T12:34:30.746734022Z" level=info msg="Start initial configuration in progress" time="2026-09-28T12:34:30.752508129Z" level=fatal msg="Parse config error: proxy 87: ss 78.3...
[WARN] batch start failed | size=541 {19} | split=270 {28} + 271 {29}
[TEST] {12} tested=1000/1080 | kept=3 | rest=12725
[DEBUG] mihomo start-fail | branch={18} | size=540 | parse=1 | rc=1 | names=[Pawdroid-SS-APK] Iceland,[Pawdroid-SS-APK] The+Netherlands-47,[Pawdroid-SS-APK] vless-134...+537 | err=rc=1 Mihomo exited before controller became ready time="2026-09-28T12:34:31.121960503Z" level=info msg="Start initial configuration in progress" time="2026-09-28T12:34:31.139883281Z" level=fatal msg="Parse config error: proxy 469: 'reali...
[WARN] batch start failed | size=540 {18} | split=270 {30} + 270 {31}
[TEST] {20} tested=100/540 | kept=0 | rest=12567
[TEST] {2} tested=800/8641 | kept=62 | rest=12337
[TEST] {20} tested=200/540 | kept=0 | rest=12322
[TEST] {8} tested=1300/2160 | kept=32 | rest=12266
[TEST] {12} tested=1080/1080 | kept=3 | rest=12235
[DEBUG] mihomo start-fail | branch={23} | size=541 | parse=1 | rc=1 | names=[Free-clash-v2ray] 🇫🇷FR_1848|388KB/s|B00,[Free-clash-v2ray] 🇫🇷FR_1849|536KB/s|B00,[Free-clash-v2ray] 🇻🇪VE_3|533KB/s|R002-2...+538 | err=rc=1 Mihomo exited before controller became ready time="2026-09-28T12:34:32.856806374Z" level=info msg="Start initial configuration in progress" time="2026-09-28T12:34:32.865025630Z" level=fatal msg="Parse config error: proxy 31: '' has ...
[WARN] batch start failed | size=541 {23} | split=270 {32} + 271 {33}
[TEST] {22} tested=100/540 | kept=0 | rest=12049
[TEST] {22} tested=200/540 | kept=3 | rest=11936
[TEST] {8} tested=1400/2160 | kept=33 | rest=11813
[TEST] {22} tested=300/540 | kept=31 | rest=11784
[TEST] {2} tested=900/8641 | kept=67 | rest=11738
[TEST] {22} tested=400/540 | kept=68 | rest=11663
[TEST] {2} tested=1000/8641 | kept=69 | rest=11416
[TEST] {20} tested=300/540 | kept=0 | rest=11291
[TEST] {20} tested=400/540 | kept=0 | rest=11182
[TEST] {8} tested=1500/2160 | kept=35 | rest=11097
[TEST] {8} tested=1600/2160 | kept=36 | rest=10945
[TEST] {22} tested=500/540 | kept=109 | rest=10908
[TEST] {8} tested=1700/2160 | kept=39 | rest=10778
[TEST] {2} tested=1100/8641 | kept=91 | rest=10774
[TEST] {22} tested=540/540 | kept=109 | rest=10691
[TEST] {24} tested=100/270 | kept=42 | rest=10482
[TEST] {8} tested=1800/2160 | kept=46 | rest=10417
[TEST] {24} tested=200/270 | kept=97 | rest=10332
[TEST] {2} tested=1200/8641 | kept=150 | rest=10330
[TEST] {20} tested=500/540 | kept=0 | rest=10270
[TEST] {20} tested=540/540 | kept=0 | rest=10214
[WARN] batch start failed | size=540 {20} | split=270 {34} + 270 {35}
[DEBUG] mihomo start-fail | branch={25} | size=270 | parse=1 | rc=1 | names=[Pawdroid-SR-APK] Premium-4c6de919⁣⁠⁣⁠⁣,[Pawdroid-SR-APK] 美国+CloudFlare节点-86,[Pawdroid-SR-APK] 卢森堡+root.lu数据中心...+267 | err=rc=1 Mihomo exited before controller became ready time="2026-09-28T12:34:41.744606830Z" level=info msg="Start initial configuration in progress" time="2026-09-28T12:34:41.756795282Z" level=fatal msg="Parse config error: proxy 234: ss 82....
[WARN] batch start failed | size=270 {25} | split=135 {36} + 135 {37}
[TEST] {26} tested=100/270 | kept=0 | rest=10059
[TEST] {8} tested=1900/2160 | kept=54 | rest=10018
[TEST] {8} tested=2000/2160 | kept=63 | rest=9891
[TEST] {8} tested=2100/2160 | kept=89 | rest=9740
[TEST] {2} tested=1300/8641 | kept=162 | rest=9617
[TEST] {24} tested=270/270 | kept=135 | rest=9613
[DEBUG] mihomo start-fail | branch={27} | size=270 | parse=1 | rc=1 | names=[ChromeGO-ShiteThings] www.shopify.com,[ChromeGO-ShiteThings] store.ubi.com,[ChromeGO-ShiteThings] cf.tencentapp.cn...+267 | err=rc=1 Mihomo exited before controller became ready time="2026-09-28T12:34:45.470999614Z" level=info msg="Start initial configuration in progress" time="2026-09-28T12:34:45.471221491Z" level=fatal msg="Parse config error: proxy 4: '' has u...
[WARN] batch start failed | size=270 {27} | split=135 {38} + 135 {39}
[TEST] {29} tested=100/271 | kept=1 | rest=9439
[TEST] {26} tested=200/270 | kept=31 | rest=9306
[TEST] {2} tested=1400/8641 | kept=191 | rest=9267
[TEST] {8} tested=2160/2160 | kept=93 | rest=9254
[DEBUG] mihomo start-fail | branch={28} | size=270 | parse=1 | rc=1 | names=[Epodonios] EPODONIOS-157,[Epodonios] EPODONIOS-158,[Epodonios] EPODONIOS-159...+267 | err=rc=1 Mihomo exited before controller became ready time="2026-09-28T12:34:47.352270992Z" level=info msg="Start initial configuration in progress" time="2026-09-28T12:34:47.354254344Z" level=fatal msg="Parse config error: proxy 87: ss 78.3...
[WARN] batch start failed | size=270 {28} | split=135 {40} + 135 {41}
[TEST] {29} tested=200/271 | kept=4 | rest=9220
[TEST] {30} tested=100/270 | kept=6 | rest=9059
[TEST] {2} tested=1500/8641 | kept=192 | rest=8963
[TEST] {26} tested=270/270 | kept=31 | rest=8918
[DEBUG] mihomo start-fail | branch={31} | size=270 | parse=1 | rc=1 | names=[Pawdroid-SS-APK] United+States-251,[Pawdroid-SS-APK] United+States-252,[Pawdroid-SS-APK] United+States-253...+267 | err=rc=1 Mihomo exited before controller became ready time="2026-09-28T12:34:51.121566105Z" level=info msg="Start initial configuration in progress" time="2026-09-28T12:34:51.132421765Z" level=fatal msg="Parse config error: proxy 199: 'reali...
[WARN] batch start failed | size=270 {31} | split=135 {42} + 135 {43}
[DEBUG] mihomo start-fail | branch={32} | size=270 | parse=1 | rc=1 | names=[Free-clash-v2ray] 🇫🇷FR_1848|388KB/s|B00,[Free-clash-v2ray] 🇫🇷FR_1849|536KB/s|B00,[Free-clash-v2ray] 🇻🇪VE_3|533KB/s|R002-2...+267 | err=rc=1 Mihomo exited before controller became ready time="2026-09-28T12:34:51.459055413Z" level=info msg="Start initial configuration in progress" time="2026-09-28T12:34:51.466670403Z" level=fatal msg="Parse config error: proxy 31: '' has ...
[WARN] batch start failed | size=270 {32} | split=135 {44} + 135 {45}
[TEST] {2} tested=1600/8641 | kept=192 | rest=8837
[TEST] {29} tested=271/271 | kept=4 | rest=8753
[TEST] {35} tested=100/270 | kept=0 | rest=8611
[TEST] {33} tested=100/271 | kept=32 | rest=8509
[TEST] {30} tested=200/270 | kept=10 | rest=8338
[TEST] {33} tested=200/271 | kept=112 | rest=8250
[TEST] {35} tested=200/270 | kept=0 | rest=8188
[TEST] {2} tested=1700/8641 | kept=202 | rest=8187
[TEST] {35} tested=270/270 | kept=0 | rest=8009
[WARN] batch start failed | size=270 {35} | split=135 {46} + 135 {47}
[TEST] {34} tested=100/270 | kept=0 | rest=7861
[TEST] {30} tested=270/270 | kept=12 | rest=7790
[TEST] {33} tested=271/271 | kept=131 | rest=7761
[DEBUG] mihomo start-fail | branch={37} | size=135 | parse=1 | rc=1 | names=[Pawdroid-SS-APK] 美国+V2CROSS.COM,[Pawdroid-SS-APK] 美国+CloudFlare节点-11,[Pawdroid-SS-APK] 美国+V2CROSS.COM-2...+132 | err=rc=1 Mihomo exited before controller became ready time="2026-09-28T12:34:58.392365873Z" level=info msg="Start initial configuration in progress" time="2026-09-28T12:34:58.402059436Z" level=fatal msg="Parse config error: proxy 99: ss 82.3...
[WARN] batch start failed | size=135 {37} | split=67 {48} + 68 {49}
[DEBUG] mihomo start-fail | branch={38} | size=135 | parse=1 | rc=1 | names=[ChromeGO-ShiteThings] www.shopify.com,[ChromeGO-ShiteThings] store.ubi.com,[ChromeGO-ShiteThings] cf.tencentapp.cn...+132 | err=rc=1 Mihomo exited before controller became ready time="2026-09-28T12:34:58.528017168Z" level=info msg="Start initial configuration in progress" time="2026-09-28T12:34:58.528257593Z" level=fatal msg="Parse config error: proxy 4: '' has u...
[WARN] batch start failed | size=135 {38} | split=67 {50} + 68 {51}
[TEST] {36} tested=100/135 | kept=66 | rest=7611
[TEST] {39} tested=100/135 | kept=65 | rest=7554
[TEST] {2} tested=1800/8641 | kept=202 | rest=7509
[TEST] {2} tested=1900/8641 | kept=215 | rest=7397
[TEST] {34} tested=200/270 | kept=0 | rest=7329
[TEST] {34} tested=270/270 | kept=0 | rest=7252
[WARN] batch start failed | size=270 {34} | split=135 {52} + 135 {53}
[DEBUG] mihomo start-fail | branch={40} | size=135 | parse=1 | rc=1 | names=[Epodonios] EPODONIOS-157,[Epodonios] EPODONIOS-158,[Epodonios] EPODONIOS-159...+132 | err=rc=1 Mihomo exited before controller became ready time="2026-09-28T12:35:02.900040787Z" level=info msg="Start initial configuration in progress" time="2026-09-28T12:35:02.900810043Z" level=fatal msg="Parse config error: proxy 87: ss 78.3...
[WARN] batch start failed | size=135 {40} | split=67 {54} + 68 {55}
[TEST] {36} tested=135/135 | kept=77 | rest=7169
[DEBUG] mihomo start-fail | branch={43} | size=135 | parse=1 | rc=1 | names=[Epodonios] EPODONIOS-24,[Epodonios] EPODONIOS-25,[Epodonios] EPODONIOS-26...+132 | err=rc=1 Mihomo exited before controller became ready time="2026-09-28T12:35:03.511563290Z" level=info msg="Start initial configuration in progress" time="2026-09-28T12:35:03.513311206Z" level=fatal msg="Parse config error: proxy 64: 'realit...
[WARN] batch start failed | size=135 {43} | split=67 {56} + 68 {57}
[TEST] {39} tested=135/135 | kept=90 | rest=7099
[DEBUG] mihomo start-fail | branch={44} | size=135 | parse=1 | rc=1 | names=[Free-clash-v2ray] 🇫🇷FR_1848|388KB/s|B00,[Free-clash-v2ray] 🇫🇷FR_1849|536KB/s|B00,[Free-clash-v2ray] 🇻🇪VE_3|533KB/s|R002-2...+132 | err=rc=1 Mihomo exited before controller became ready time="2026-09-28T12:35:03.947828897Z" level=info msg="Start initial configuration in progress" time="2026-09-28T12:35:03.955656549Z" level=fatal msg="Parse config error: proxy 31: '' has ...
[WARN] batch start failed | size=135 {44} | split=67 {58} + 68 {59}
[TEST] {2} tested=2000/8641 | kept=224 | rest=6969
[TEST] {45} tested=100/135 | kept=17 | rest=6891
[TEST] {2} tested=2100/8641 | kept=225 | rest=6777
[TEST] {2} tested=2200/8641 | kept=225 | rest=6673
[TEST] {41} tested=100/135 | kept=1 | rest=6595
[TEST] {41} tested=135/135 | kept=1 | rest=6547
[TEST] {47} tested=100/135 | kept=0 | rest=6440
[TEST] {42} tested=100/135 | kept=43 | rest=6431
[TEST] {2} tested=2300/8641 | kept=225 | rest=6412
[TEST] {42} tested=135/135 | kept=43 | rest=6379
[TEST] {45} tested=135/135 | kept=25 | rest=6259
[TEST] {2} tested=2400/8641 | kept=225 | rest=6139
[TEST] {47} tested=135/135 | kept=0 | rest=6031
[WARN] batch start failed | size=135 {47} | split=67 {60} + 68 {61}
[DEBUG] mihomo start-fail | branch={49} | size=68 | parse=1 | rc=1 | names=[Pawdroid-SS-APK] 挪威+V2CROSS.COM,[Pawdroid-SS-APK] 俄罗斯+鞑靼斯坦喀山justhost-2,[Pawdroid-SS-APK] Poland...+65 | err=rc=1 Mihomo exited before controller became ready time="2026-09-28T12:35:13.637848633Z" level=info msg="Start initial configuration in progress" time="2026-09-28T12:35:13.652338571Z" level=fatal msg="Parse config error: proxy 32: ss 82.3...
[WARN] batch start failed | size=68 {49} | split=34 {62} + 34 {63}
[DEBUG] mihomo start-fail | branch={50} | size=67 | parse=1 | rc=1 | names=[ChromeGO-ShiteThings] www.shopify.com,[ChromeGO-ShiteThings] store.ubi.com,[ChromeGO-ShiteThings] cf.tencentapp.cn...+64 | err=rc=1 Mihomo exited before controller became ready time="2026-09-28T12:35:13.781835054Z" level=info msg="Start initial configuration in progress" time="2026-09-28T12:35:13.782057131Z" level=fatal msg="Parse config error: proxy 4: '' has u...
[WARN] batch start failed | size=67 {50} | split=33 {64} + 34 {65}
[TEST] {46} tested=100/135 | kept=0 | rest=5996
[TEST] {46} tested=135/135 | kept=0 | rest=5955
[WARN] batch start failed | size=135 {46} | split=67 {66} + 68 {67}
[TEST] {48} tested=67/67 | kept=2 | rest=5807
[TEST] {2} tested=2500/8641 | kept=225 | rest=5794
[TEST] {2} tested=2600/8641 | kept=234 | rest=5596
[TEST] {2} tested=2700/8641 | kept=237 | rest=5491
[TEST] {51} tested=68/68 | kept=46 | rest=5415
[TEST] {52} tested=100/135 | kept=0 | rest=5389
[TEST] {52} tested=135/135 | kept=0 | rest=5349
[WARN] batch start failed | size=135 {52} | split=67 {68} + 68 {69}
[DEBUG] mihomo start-fail | branch={55} | size=68 | parse=1 | rc=1 | names=[Epodonios] EPODONIOS-224,[Epodonios] EPODONIOS-225,[Epodonios] EPODONIOS-226...+65 | err=rc=1 Mihomo exited before controller became ready time="2026-09-28T12:35:19.646221572Z" level=info msg="Start initial configuration in progress" time="2026-09-28T12:35:19.646493254Z" level=fatal msg="Parse config error: proxy 20: ss 78.3...
[WARN] batch start failed | size=68 {55} | split=34 {70} + 34 {71}
[TEST] {53} tested=100/135 | kept=0 | rest=5331
[DEBUG] mihomo start-fail | branch={56} | size=67 | parse=1 | rc=1 | names=[Epodonios] EPODONIOS-24,[Epodonios] EPODONIOS-25,[Epodonios] EPODONIOS-26...+64 | err=rc=1 Mihomo exited before controller became ready time="2026-09-28T12:35:19.777987633Z" level=info msg="Start initial configuration in progress" time="2026-09-28T12:35:19.779426225Z" level=fatal msg="Parse config error: proxy 64: 'realit...
[WARN] batch start failed | size=67 {56} | split=33 {72} + 34 {73}
[TEST] {2} tested=2800/8641 | kept=238 | rest=5302
[TEST] {53} tested=135/135 | kept=0 | rest=5281
[WARN] batch start failed | size=135 {53} | split=67 {74} + 68 {75}
[DEBUG] mihomo start-fail | branch={58} | size=67 | parse=1 | rc=1 | names=[Free-clash-v2ray] 🇫🇷FR_1848|388KB/s|B00,[Free-clash-v2ray] 🇫🇷FR_1849|536KB/s|B00,[Free-clash-v2ray] 🇻🇪VE_3|533KB/s|R002-2...+64 | err=rc=1 Mihomo exited before controller became ready time="2026-09-28T12:35:20.162575996Z" level=info msg="Start initial configuration in progress" time="2026-09-28T12:35:20.170590962Z" level=fatal msg="Parse config error: proxy 31: '' has ...
[WARN] batch start failed | size=67 {58} | split=33 {76} + 34 {77}
[TEST] {2} tested=2900/8641 | kept=238 | rest=5145
[TEST] {2} tested=3000/8641 | kept=238 | rest=5004
[TEST] {2} tested=3100/8641 | kept=238 | rest=4898
[TEST] {54} tested=67/67 | kept=2 | rest=4793
[TEST] {57} tested=68/68 | kept=2 | rest=4695
[TEST] {59} tested=68/68 | kept=43 | rest=4599
[TEST] {2} tested=3200/8641 | kept=238 | rest=4592
[DEBUG] mihomo start-fail | branch={62} | size=34 | parse=1 | rc=1 | names=[Pawdroid-SS-APK] 挪威+V2CROSS.COM,[Pawdroid-SS-APK] 俄罗斯+鞑靼斯坦喀山justhost-2,[Pawdroid-SS-APK] Poland...+31 | err=rc=1 Mihomo exited before controller became ready time="2026-09-28T12:35:25.490420127Z" level=info msg="Start initial configuration in progress" time="2026-09-28T12:35:25.497632947Z" level=fatal msg="Parse config error: proxy 32: ss 82.3...
[WARN] batch start failed | size=34 {62} | split=17 {78} + 17 {79}
[TEST] {2} tested=3300/8641 | kept=238 | rest=4481
[TEST] {60} tested=67/67 | kept=0 | rest=4418
[WARN] batch start failed | size=67 {60} | split=33 {80} + 34 {81}
[DEBUG] mihomo start-fail | branch={65} | size=34 | parse=1 | rc=1 | names=[ChromeGO-Merge] 🇺🇸 United States_hyster,[ChromeGO-Merge] 🇺🇸 United States_vless_,[ChromeGO-Merge] United...+31 | err=rc=1 Mihomo exited before controller became ready time="2026-09-28T12:35:29.476388623Z" level=info msg="Start initial configuration in progress" time="2026-09-28T12:35:29.483448300Z" level=fatal msg="Parse config error: proxy 2: '' has u...
[WARN] batch start failed | size=34 {65} | split=17 {82} + 17 {83}
[DEBUG] mihomo start-fail | branch={64} | size=33 | parse=1 | rc=1 | names=[ChromeGO-ShiteThings] www.shopify.com,[ChromeGO-ShiteThings] store.ubi.com,[ChromeGO-ShiteThings] cf.tencentapp.cn...+30 | err=rc=1 Mihomo exited before controller became ready time="2026-09-28T12:35:29.601499905Z" level=info msg="Start initial configuration in progress" time="2026-09-28T12:35:29.601724726Z" level=fatal msg="Parse config error: proxy 4: '' has u...
[WARN] batch start failed | size=33 {64} | split=16 {84} + 17 {85}
[TEST] {61} tested=68/68 | kept=0 | rest=4355
[WARN] batch start failed | size=68 {61} | split=34 {86} + 34 {87}
[TEST] {63} tested=34/34 | kept=4 | rest=4270
[TEST] {2} tested=3400/8641 | kept=239 | rest=4176
[TEST] {2} tested=3500/8641 | kept=255 | rest=4076
[TEST] {66} tested=67/67 | kept=0 | rest=3979
[WARN] batch start failed | size=67 {66} | split=33 {88} + 34 {89}
[TEST] {2} tested=3600/8641 | kept=299 | rest=3906
[TEST] {67} tested=68/68 | kept=0 | rest=3894
[WARN] batch start failed | size=68 {67} | split=34 {90} + 34 {91}
[DEBUG] mihomo start-fail | branch={70} | size=34 | parse=1 | rc=1 | names=[Epodonios] EPODONIOS-224,[Epodonios] EPODONIOS-225,[Epodonios] EPODONIOS-226...+31 | err=rc=1 Mihomo exited before controller became ready time="2026-09-28T12:35:35.540806031Z" level=info msg="Start initial configuration in progress" time="2026-09-28T12:35:35.541105636Z" level=fatal msg="Parse config error: proxy 20: ss 78.3...
[WARN] batch start failed | size=34 {70} | split=17 {92} + 17 {93}
[TEST] {68} tested=67/67 | kept=0 | rest=3845
[WARN] batch start failed | size=67 {68} | split=33 {94} + 34 {95}
[DEBUG] mihomo start-fail | branch={73} | size=34 | parse=1 | rc=1 | names=[Epodonios] EPODONIOS-56,[Epodonios] EPODONIOS-57,[Epodonios] EPODONIOS-58...+31 | err=rc=1 Mihomo exited before controller became ready time="2026-09-28T12:35:35.962590282Z" level=info msg="Start initial configuration in progress" time="2026-09-28T12:35:35.963360450Z" level=fatal msg="Parse config error: proxy 31: 'realit...
[WARN] batch start failed | size=34 {73} | split=17 {96} + 17 {97}
[TEST] {2} tested=3700/8641 | kept=324 | rest=3745
[TEST] {69} tested=68/68 | kept=0 | rest=3694
[WARN] batch start failed | size=68 {69} | split=34 {98} + 34 {99}
[TEST] {71} tested=34/34 | kept=1 | rest=3620
[TEST] {72} tested=33/33 | kept=0 | rest=3551
[WARN] batch start failed | size=33 {72} | split=16 {100} + 17 {101}
[DEBUG] mihomo start-fail | branch={76} | size=33 | parse=1 | rc=1 | names=[Free-clash-v2ray] 🇫🇷FR_1848|388KB/s|B00,[Free-clash-v2ray] 🇫🇷FR_1849|536KB/s|B00,[Free-clash-v2ray] 🇻🇪VE_3|533KB/s|R002-2...+30 | err=rc=1 Mihomo exited before controller became ready time="2026-09-28T12:35:41.246267640Z" level=info msg="Start initial configuration in progress" time="2026-09-28T12:35:41.253654164Z" level=fatal msg="Parse config error: proxy 31: '' has ...
[WARN] batch start failed | size=33 {76} | split=16 {102} + 17 {103}
[TEST] {2} tested=3800/8641 | kept=329 | rest=3497
[TEST] {74} tested=67/67 | kept=0 | rest=3386
[WARN] batch start failed | size=67 {74} | split=33 {104} + 34 {105}
[TEST] {75} tested=68/68 | kept=0 | rest=3328
[WARN] batch start failed | size=68 {75} | split=34 {106} + 34 {107}
[DEBUG] mihomo start-fail | branch={79} | size=17 | parse=1 | rc=1 | names=[Pawdroid-SS-APK] United+States-6,[Pawdroid-SS-APK] Poland-5,[Pawdroid-SS-APK] Singapore-4...+14 | err=rc=1 Mihomo exited before controller became ready time="2026-09-28T12:35:46.001903875Z" level=info msg="Start initial configuration in progress" time="2026-09-28T12:35:46.002120944Z" level=fatal msg="Parse config error: proxy 15: ss 82.3...
[WARN] batch start failed | size=17 {79} | split=8 {108} + 9 {109}
[TEST] {77} tested=34/34 | kept=22 | rest=3294
[TEST] {2} tested=3900/8641 | kept=329 | rest=3290
[TEST] {78} tested=17/17 | kept=0 | rest=3162
[WARN] batch start failed | size=17 {78} | split=8 {110} + 9 {111}
[TEST] {2} tested=4000/8641 | kept=329 | rest=3152
[TEST] {80} tested=33/33 | kept=0 | rest=3116
[WARN] batch start failed | size=33 {80} | split=16 {112} + 17 {113}
[DEBUG] mihomo start-fail | branch={82} | size=17 | parse=1 | rc=1 | names=[ChromeGO-Merge] 🇺🇸 United States_hyster,[ChromeGO-Merge] 🇺🇸 United States_vless_,[ChromeGO-Merge] United...+14 | err=rc=1 Mihomo exited before controller became ready time="2026-09-28T12:35:51.280469767Z" level=info msg="Start initial configuration in progress" time="2026-09-28T12:35:51.287244659Z" level=fatal msg="Parse config error: proxy 2: '' has u...
[WARN] batch start failed | size=17 {82} | split=8 {114} + 9 {115}
[DEBUG] mihomo start-fail | branch={84} | size=16 | parse=1 | rc=1 | names=[ChromeGO-ShiteThings] www.shopify.com,[ChromeGO-ShiteThings] store.ubi.com,[ChromeGO-ShiteThings] cf.tencentapp.cn...+13 | err=rc=1 Mihomo exited before controller became ready time="2026-09-28T12:35:51.404578681Z" level=info msg="Start initial configuration in progress" time="2026-09-28T12:35:51.404797263Z" level=fatal msg="Parse config error: proxy 4: '' has u...
[WARN] batch start failed | size=16 {84} | split=8 {116} + 8 {117}
[TEST] {81} tested=34/34 | kept=0 | rest=3100
[WARN] batch start failed | size=34 {81} | split=17 {118} + 17 {119}
[TEST] {2} tested=4100/8641 | kept=329 | rest=3001
[TEST] {83} tested=17/17 | kept=0 | rest=2956
[WARN] batch start failed | size=17 {83} | split=8 {120} + 9 {121}
[TEST] {85} tested=17/17 | kept=0 | rest=2886
[WARN] batch start failed | size=17 {85} | split=8 {122} + 9 {123}
[TEST] {87} tested=34/34 | kept=0 | rest=2869
[WARN] batch start failed | size=34 {87} | split=17 {124} + 17 {125}
[TEST] {2} tested=4200/8641 | kept=329 | rest=2804
[TEST] {86} tested=34/34 | kept=0 | rest=2729
[WARN] batch start failed | size=34 {86} | split=17 {126} + 17 {127}
[TEST] {88} tested=33/33 | kept=0 | rest=2667
[WARN] batch start failed | size=33 {88} | split=16 {128} + 17 {129}
[TEST] {89} tested=34/34 | kept=0 | rest=2638
[WARN] batch start failed | size=34 {89} | split=17 {130} + 17 {131}
[TEST] {2} tested=4300/8641 | kept=329 | rest=2617
[TEST] {91} tested=34/34 | kept=0 | rest=2509
[WARN] batch start failed | size=34 {91} | split=17 {132} + 17 {133}
[DEBUG] mihomo start-fail | branch={93} | size=17 | parse=1 | rc=1 | names=[Epodonios] EPODONIOS-241,[Epodonios] EPODONIOS-242,[Epodonios] EPODONIOS-243...+14 | err=rc=1 Mihomo exited before controller became ready time="2026-09-28T12:36:06.073482408Z" level=info msg="Start initial configuration in progress" time="2026-09-28T12:36:06.073590512Z" level=fatal msg="Parse config error: proxy 3: ss 78.38...
[WARN] batch start failed | size=17 {93} | split=8 {134} + 9 {135}
[TEST] {2} tested=4400/8641 | kept=329 | rest=2470
[TEST] {90} tested=34/34 | kept=0 | rest=2457
[WARN] batch start failed | size=34 {90} | split=17 {136} + 17 {137}
[TEST] {130} tested=17/17 | kept=0 | rest=2439
[WARN] batch start failed | size=17 {130} | split=8 {138} + 9 {139}
[TEST] {2} tested=4500/8641 | kept=329 | rest=2310
[TEST] {95} tested=34/34 | kept=0 | rest=2285
[WARN] batch start failed | size=34 {95} | split=17 {140} + 17 {141}
[DEBUG] mihomo start-fail | branch={97} | size=17 | parse=1 | rc=1 | names=[Epodonios] EPODONIOS-73,[Epodonios] EPODONIOS-74,[Epodonios] EPODONIOS-75...+14 | err=rc=1 Mihomo exited before controller became ready time="2026-09-28T12:36:11.357396006Z" level=info msg="Start initial configuration in progress" time="2026-09-28T12:36:11.357775762Z" level=fatal msg="Parse config error: proxy 14: 'realit...
[WARN] batch start failed | size=17 {97} | split=8 {142} + 9 {143}
[TEST] {94} tested=33/33 | kept=0 | rest=2255
[WARN] batch start failed | size=33 {94} | split=16 {144} + 17 {145}
[TEST] {96} tested=17/17 | kept=1 | rest=2203
[TEST] {2} tested=4600/8641 | kept=329 | rest=2149
[TEST] {98} tested=34/34 | kept=0 | rest=2087
[WARN] batch start failed | size=34 {98} | split=17 {146} + 17 {147}
[TEST] {99} tested=34/34 | kept=0 | rest=2069
[WARN] batch start failed | size=34 {99} | split=17 {148} + 17 {149}
[TEST] {100} tested=16/16 | kept=0 | rest=2006
[WARN] batch start failed | size=16 {100} | split=8 {150} + 8 {151}
[DEBUG] mihomo start-fail | branch={103} | size=17 | parse=1 | rc=1 | names=[Free-clash-v2ray] 🇹🇼TW_36|175KB/s|M003-,[Free-clash-v2ray] 🇺🇸US_655|254KB/s|M003,[Free-clash-v2ray] 🇺🇸US_656|156KB/s|M003...+14 | err=rc=1 Mihomo exited before controller became ready time="2026-09-28T12:36:17.614589955Z" level=info msg="Start initial configuration in progress" time="2026-09-28T12:36:17.621789478Z" level=fatal msg="Parse config error: proxy 15: '' has ...
[WARN] batch start failed | size=17 {103} | split=8 {152} + 9 {153}
[TEST] {2} tested=4700/8641 | kept=329 | rest=1993
[TEST] {101} tested=17/17 | kept=0 | rest=1895
[WARN] batch start failed | size=17 {101} | split=8 {154} + 9 {155}
[TEST] {102} tested=16/16 | kept=4 | rest=1879
[TEST] {2} tested=4800/8641 | kept=329 | rest=1821
[TEST] {104} tested=33/33 | kept=0 | rest=1791
[WARN] batch start failed | size=33 {104} | split=16 {156} + 17 {157}
[TEST] {105} tested=34/34 | kept=0 | rest=1675
[WARN] batch start failed | size=34 {105} | split=17 {158} + 17 {159}
[TEST] {2} tested=4900/8641 | kept=329 | rest=1672
[DEBUG] mihomo start-fail | branch={109} | size=9 | parse=1 | rc=1 | names=[Pawdroid-SS-APK] United+States-9,[Pawdroid-SS-APK] Germany-2,[Pawdroid-SS-APK] Poland-6...+6 | err=rc=1 Mihomo exited before controller became ready time="2026-09-28T12:36:26.936930859Z" level=info msg="Start initial configuration in progress" time="2026-09-28T12:36:26.937111172Z" level=fatal msg="Parse config error: proxy 7: ss 82.38...
[WARN] batch start failed | size=9 {109} | split=4 {160} + 5 {161}
[TEST] {106} tested=34/34 | kept=0 | rest=1654
[WARN] batch start failed | size=34 {106} | split=17 {162} + 17 {163}
[TEST] {107} tested=34/34 | kept=0 | rest=1589
[WARN] batch start failed | size=34 {107} | split=17 {164} + 17 {165}
[TEST] {2} tested=5000/8641 | kept=329 | rest=1528
[TEST] {108} tested=8/8 | kept=1 | rest=1504
[TEST] {162} tested=17/17 | kept=0 | rest=1493
[WARN] batch start failed | size=17 {162} | split=8 {166} + 9 {167}
[TEST] {111} tested=9/9 | kept=0 | rest=1421
[WARN] batch start failed | size=9 {111} | split=4 {168} + 5 {169}
[DEBUG] mihomo start-fail | branch={115} | size=9 | parse=1 | rc=1 | names=[ChromeGO-Merge] WARP,[ChromeGO-Merge] Taiwan,[ChromeGO-Merge] France...+6 | err=rc=1 Mihomo exited before controller became ready time="2026-09-28T12:36:33.219487010Z" level=info msg="Start initial configuration in progress" time="2026-09-28T12:36:33.219806405Z" level=fatal msg="Parse config error: proxy 1: '' has u...
[WARN] batch start failed | size=9 {115} | split=4 {170} + 5 {171}
[DEBUG] mihomo start-fail | branch={114} | size=8 | parse=1 | rc=1 | names=[ChromeGO-Merge] 🇺🇸 United States_hyster,[ChromeGO-Merge] 🇺🇸 United States_vless_,[ChromeGO-Merge] United...+5 | err=rc=1 Mihomo exited before controller became ready time="2026-09-28T12:36:33.342758591Z" level=info msg="Start initial configuration in progress" time="2026-09-28T12:36:33.350045560Z" level=fatal msg="Parse config error: proxy 2: '' has u...
[DEBUG] mihomo split-small | branch={114} | size=8 | parse=1 | names=[ChromeGO-Merge] 🇺🇸 United States_hyster,[ChromeGO-Merge] 🇺🇸 United States_vless_,[ChromeGO-Merge] United...+5 | err=Mihomo exited before controller became ready time="2026-09-28T12:36:33.342758591Z" level=info msg="Start initial configuration in progress" time="2026-09-28T12:36:33.350045560Z" level=fatal msg="Parse config error: proxy 2: '' has unset ...
[WARN] batch start failed | size=8 {114} | split=1 {172} + 1 {173} + 1 {174} + 1 {175} + 1 {176} + 1 {177} + 1 {178} + 1 {179}
[DEBUG] mihomo start-fail | branch={116} | size=8 | parse=1 | rc=1 | names=[ChromeGO-ShiteThings] www.shopify.com,[ChromeGO-ShiteThings] store.ubi.com,[ChromeGO-ShiteThings] cf.tencentapp.cn...+5 | err=rc=1 Mihomo exited before controller became ready time="2026-09-28T12:36:33.467871816Z" level=info msg="Start initial configuration in progress" time="2026-09-28T12:36:33.468145772Z" level=fatal msg="Parse config error: proxy 4: '' has u...
[DEBUG] mihomo split-small | branch={116} | size=8 | parse=1 | names=[ChromeGO-ShiteThings] www.shopify.com,[ChromeGO-ShiteThings] store.ubi.com,[ChromeGO-ShiteThings] cf.tencentapp.cn...+5 | err=Mihomo exited before controller became ready time="2026-09-28T12:36:33.467871816Z" level=info msg="Start initial configuration in progress" time="2026-09-28T12:36:33.468145772Z" level=fatal msg="Parse config error: proxy 4: '' has unset ...
[WARN] batch start failed | size=8 {116} | split=1 {180} + 1 {181} + 1 {182} + 1 {183} + 1 {184} + 1 {185} + 1 {186} + 1 {187}
[DEBUG] mihomo start-fail | branch={117} | size=8 | parse=1 | rc=1 | names=[ChromeGO-ShiteThings] hysteria-5,[ChromeGO-Merge] United States_hysteria2,[ChromeGO-Merge] United States_vless_21...+5 | err=rc=1 Mihomo exited before controller became ready time="2026-09-28T12:36:33.592863562Z" level=info msg="Start initial configuration in progress" time="2026-09-28T12:36:33.592933579Z" level=fatal msg="Parse config error: proxy 0: '' has u...
[DEBUG] mihomo split-small | branch={117} | size=8 | parse=1 | names=[ChromeGO-ShiteThings] hysteria-5,[ChromeGO-Merge] United States_hysteria2,[ChromeGO-Merge] United States_vless_21...+5 | err=Mihomo exited before controller became ready time="2026-09-28T12:36:33.592863562Z" level=info msg="Start initial configuration in progress" time="2026-09-28T12:36:33.592933579Z" level=fatal msg="Parse config error: proxy 0: '' has unset ...
[WARN] batch start failed | size=8 {117} | split=1 {188} + 1 {189} + 1 {190} + 1 {191} + 1 {192} + 1 {193} + 1 {194} + 1 {195}
[TEST] {2} tested=5100/8641 | kept=329 | rest=1375
[TEST] {113} tested=17/17 | kept=0 | rest=1330
[WARN] batch start failed | size=17 {113} | split=8 {196} + 9 {197}
[TEST] {112} tested=16/16 | kept=0 | rest=1323
[WARN] batch start failed | size=16 {112} | split=8 {198} + 8 {199}
[TEST] {119} tested=17/17 | kept=0 | rest=1255
[WARN] batch start failed | size=17 {119} | split=8 {200} + 9 {201}
[TEST] {2} tested=5200/8641 | kept=329 | rest=1241
[TEST] {118} tested=17/17 | kept=0 | rest=1143
[WARN] batch start failed | size=17 {118} | split=8 {202} + 9 {203}
[TEST] {120} tested=8/8 | kept=0 | rest=1138
[DEBUG] mihomo split-small | branch={120} | size=8 | parse=0 | names=[ChromeGO-Merge] None,[ChromeGO-Merge] None-2,[ChromeGO-Merge] Canada vmess 04...+5 | err=-
[WARN] batch start failed | size=8 {120} | split=1 {204} + 1 {205} + 1 {206} + 1 {207} + 1 {208} + 1 {209} + 1 {210} + 1 {211}
[TEST] {2} tested=5300/8641 | kept=329 | rest=1134
[TEST] {121} tested=9/9 | kept=0 | rest=1073
[WARN] batch start failed | size=9 {121} | split=4 {212} + 5 {213}
[TEST] {2} tested=5400/8641 | kept=329 | rest=1017
[TEST] {123} tested=9/9 | kept=0 | rest=980
[WARN] batch start failed | size=9 {123} | split=4 {214} + 5 {215}
[TEST] {122} tested=8/8 | kept=0 | rest=973
[DEBUG] mihomo split-small | branch={122} | size=8 | parse=0 | names=[ChromeGO-Merge] United States_hy_3,[ChromeGO-Merge] United States_hy2_0,[ChromeGO-Merge] United States_hy2_1...+5 | err=-
[WARN] batch start failed | size=8 {122} | split=1 {216} + 1 {217} + 1 {218} + 1 {219} + 1 {220} + 1 {221} + 1 {222} + 1 {223}
[TEST] {125} tested=17/17 | kept=0 | rest=907
[WARN] batch start failed | size=17 {125} | split=8 {224} + 9 {225}
[TEST] {2} tested=5500/8641 | kept=329 | rest=855
[TEST] {124} tested=17/17 | kept=0 | rest=803
[WARN] batch start failed | size=17 {124} | split=8 {226} + 9 {227}
[TEST] {127} tested=17/17 | kept=0 | rest=799
[WARN] batch start failed | size=17 {127} | split=8 {228} + 9 {229}
[TEST] {2} tested=5600/8641 | kept=329 | rest=731
[TEST] {126} tested=17/17 | kept=0 | rest=702
[WARN] batch start failed | size=17 {126} | split=8 {230} + 9 {231}
[TEST] {129} tested=17/17 | kept=0 | rest=618
[WARN] batch start failed | size=17 {129} | split=8 {232} + 9 {233}
[TEST] {2} tested=5700/8641 | kept=329 | rest=616
[TEST] {128} tested=16/16 | kept=0 | rest=610
[WARN] batch start failed | size=16 {128} | split=8 {234} + 8 {235}
[TEST] {92} tested=17/17 | kept=1 | rest=517
[TEST] {2} tested=5800/8641 | kept=329 | rest=458
[TEST] {131} tested=17/17 | kept=0 | rest=351
[WARN] batch start failed | size=17 {131} | split=8 {236} + 9 {237}
[TEST] {2} tested=5900/8641 | kept=331 | rest=350
[TEST] {133} tested=17/17 | kept=0 | rest=349
[WARN] batch start failed | size=17 {133} | split=8 {238} + 9 {239}
[DEBUG] mihomo start-fail | branch={134} | size=8 | parse=1 | rc=1 | names=[Epodonios] EPODONIOS-241,[Epodonios] EPODONIOS-242,[Epodonios] EPODONIOS-243...+5 | err=rc=1 Mihomo exited before controller became ready time="2026-09-28T12:37:03.047555621Z" level=info msg="Start initial configuration in progress" time="2026-09-28T12:37:03.047668552Z" level=fatal msg="Parse config error: proxy 3: ss 78.38...
[DEBUG] mihomo split-small | branch={134} | size=8 | parse=1 | names=[Epodonios] EPODONIOS-241,[Epodonios] EPODONIOS-242,[Epodonios] EPODONIOS-243...+5 | err=Mihomo exited before controller became ready time="2026-09-28T12:37:03.047555621Z" level=info msg="Start initial configuration in progress" time="2026-09-28T12:37:03.047668552Z" level=fatal msg="Parse config error: proxy 3: ss 78.38.246....
[WARN] batch start failed | size=8 {134} | split=1 {240} + 1 {241} + 1 {242} + 1 {243} + 1 {244} + 1 {245} + 1 {246} + 1 {247}
[TEST] {132} tested=17/17 | kept=0 | rest=254
[WARN] batch start failed | size=17 {132} | split=8 {248} + 9 {249}
[TEST] {2} tested=6000/8641 | kept=332 | rest=215
[TEST] {135} tested=9/9 | kept=0 | rest=112
[WARN] batch start failed | size=9 {135} | split=4 {250} + 5 {251}
[TEST] {2} tested=6100/8641 | kept=332 | rest=110
[TEST] {136} tested=17/17 | kept=0 | rest=96
[WARN] batch start failed | size=17 {136} | split=8 {252} + 9 {253}
[TEST] {137} tested=17/17 | kept=0 | rest=34
[WARN] batch start failed | size=17 {137} | split=8 {254} + 9 {255}
[TEST] {2} tested=6200/8641 | kept=332 | rest=0
[TEST] {2} tested=6300/8641 | kept=332 | rest=0
[TEST] {138} tested=8/8 | kept=0 | rest=0
[DEBUG] mihomo split-small | branch={138} | size=8 | parse=0 | names=[免费节点10] 🇺🇸 US 53 → tg@nicevpn123,[免费节点10] 🇺🇸 US 530 → tg@nicevpn123,[免费节点10] 🇺🇸 US 531 → tg@nicevpn123...+5 | err=-
[WARN] batch start failed | size=8 {138} | split=1 {256} + 1 {257} + 1 {258} + 1 {259} + 1 {260} + 1 {261} + 1 {262} + 1 {263}
[TEST] {139} tested=9/9 | kept=0 | rest=0
[WARN] batch start failed | size=9 {139} | split=4 {264} + 5 {265}
[TEST] {2} tested=6400/8641 | kept=332 | rest=0
[TEST] {2} tested=6500/8641 | kept=332 | rest=0
[TEST] {140} tested=17/17 | kept=0 | rest=0
[WARN] batch start failed | size=17 {140} | split=8 {266} + 9 {267}
[DEBUG] mihomo start-fail | branch={143} | size=9 | parse=1 | rc=1 | names=[Epodonios] EPODONIOS-81,[Epodonios] EPODONIOS-82,[Epodonios] EPODONIOS-83...+6 | err=rc=1 Mihomo exited before controller became ready time="2026-09-28T12:37:14.850404377Z" level=info msg="Start initial configuration in progress" time="2026-09-28T12:37:14.850612123Z" level=fatal msg="Parse config error: proxy 6: 'reality...
[WARN] batch start failed | size=9 {143} | split=4 {268} + 5 {269}
[TEST] {145} tested=17/17 | kept=0 | rest=0
[WARN] batch start failed | size=17 {145} | split=8 {270} + 9 {271}
[TEST] {2} tested=6600/8641 | kept=332 | rest=0
[TEST] {2} tested=6700/8641 | kept=332 | rest=0
[TEST] {142} tested=8/8 | kept=0 | rest=0
[TEST] {141} tested=17/17 | kept=0 | rest=0
[DEBUG] mihomo split-small | branch={142} | size=8 | parse=0 | names=[Epodonios] EPODONIOS-73,[Epodonios] EPODONIOS-74,[Epodonios] EPODONIOS-75...+5 | err=-
[WARN] batch start failed | size=8 {142} | split=1 {272} + 1 {273} + 1 {274} + 1 {275} + 1 {276} + 1 {277} + 1 {278} + 1 {279}
[WARN] batch start failed | size=17 {141} | split=8 {280} + 9 {281}
[TEST] {2} tested=6800/8641 | kept=332 | rest=0
[TEST] {2} tested=6900/8641 | kept=332 | rest=0
[TEST] {144} tested=16/16 | kept=0 | rest=0
[WARN] batch start failed | size=16 {144} | split=8 {282} + 8 {283}
[TEST] {2} tested=7000/8641 | kept=332 | rest=0
[TEST] {2} tested=7100/8641 | kept=332 | rest=0
[TEST] {146} tested=17/17 | kept=0 | rest=0
[WARN] batch start failed | size=17 {146} | split=8 {284} + 9 {285}
[TEST] {147} tested=17/17 | kept=0 | rest=0
[WARN] batch start failed | size=17 {147} | split=8 {286} + 9 {287}
[TEST] {2} tested=7200/8641 | kept=332 | rest=0
[TEST] {149} tested=17/17 | kept=0 | rest=0
[WARN] batch start failed | size=17 {149} | split=8 {288} + 9 {289}
[TEST] {151} tested=8/8 | kept=0 | rest=0
[DEBUG] mihomo split-small | branch={151} | size=8 | parse=0 | names=[Epodonios] EPODONIOS-32,[Epodonios] EPODONIOS-33,[Epodonios] EPODONIOS-34...+5 | err=-
[WARN] batch start failed | size=8 {151} | split=1 {290} + 1 {291} + 1 {292} + 1 {293} + 1 {294} + 1 {295} + 1 {296} + 1 {297}
[TEST] {2} tested=7300/8641 | kept=332 | rest=0
[TEST] {148} tested=17/17 | kept=0 | rest=0
[WARN] batch start failed | size=17 {148} | split=8 {298} + 9 {299}
[TEST] {150} tested=8/8 | kept=0 | rest=0
[DEBUG] mihomo split-small | branch={150} | size=8 | parse=0 | names=[Epodonios] EPODONIOS-24,[Epodonios] EPODONIOS-25,[Epodonios] EPODONIOS-26...+5 | err=-
[WARN] batch start failed | size=8 {150} | split=1 {300} + 1 {301} + 1 {302} + 1 {303} + 1 {304} + 1 {305} + 1 {306} + 1 {307}
[DEBUG] mihomo start-fail | branch={153} | size=9 | parse=1 | rc=1 | names=[Free-clash-v2ray] 🇫🇷FR_1864|491KB/s|T00,[Free-clash-v2ray] socks5,[Free-clash-v2ray] 香港 16...+6 | err=rc=1 Mihomo exited before controller became ready time="2026-09-28T12:37:29.012230493Z" level=info msg="Start initial configuration in progress" time="2026-09-28T12:37:29.021450810Z" level=fatal msg="Parse config error: proxy 7: '' has u...
[WARN] batch start failed | size=9 {153} | split=4 {308} + 5 {309}
[TEST] {152} tested=8/8 | kept=2 | rest=0
[TEST] {2} tested=7400/8641 | kept=344 | rest=0
[TEST] {2} tested=7500/8641 | kept=378 | rest=0
[TEST] {154} tested=8/8 | kept=0 | rest=0
[DEBUG] mihomo split-small | branch={154} | size=8 | parse=0 | names=[Epodonios] EPODONIOS-40,[Epodonios] EPODONIOS-41,[Epodonios] EPODONIOS-42...+5 | err=-
[WARN] batch start failed | size=8 {154} | split=1 {310} + 1 {311} + 1 {312} + 1 {313} + 1 {314} + 1 {315} + 1 {316} + 1 {317}
[TEST] {155} tested=9/9 | kept=0 | rest=0
[WARN] batch start failed | size=9 {155} | split=4 {318} + 5 {319}
[TEST] {156} tested=16/16 | kept=0 | rest=0
[WARN] batch start failed | size=16 {156} | split=8 {320} + 8 {321}
[TEST] {2} tested=7600/8641 | kept=379 | rest=0
[TEST] {2} tested=7700/8641 | kept=379 | rest=0
[TEST] {157} tested=17/17 | kept=0 | rest=0
[WARN] batch start failed | size=17 {157} | split=8 {322} + 9 {323}
[TEST] {159} tested=17/17 | kept=0 | rest=0
[WARN] batch start failed | size=17 {159} | split=8 {324} + 9 {325}
[DEBUG] mihomo start-fail | branch={161} | size=5 | parse=1 | rc=1 | names=[Pawdroid-SS-APK] United+Kingdom-2,[Pawdroid-SS-APK] United+States-10,[Pawdroid-SS-APK] United+Kingdom-3...+2 | err=rc=1 Mihomo exited before controller became ready time="2026-09-28T12:37:39.410512453Z" level=info msg="Start initial configuration in progress" time="2026-09-28T12:37:39.410638575Z" level=fatal msg="Parse config error: proxy 3: ss 82.38...
[DEBUG] mihomo split-small | branch={161} | size=5 | parse=1 | names=[Pawdroid-SS-APK] United+Kingdom-2,[Pawdroid-SS-APK] United+States-10,[Pawdroid-SS-APK] United+Kingdom-3...+2 | err=Mihomo exited before controller became ready time="2026-09-28T12:37:39.410512453Z" level=info msg="Start initial configuration in progress" time="2026-09-28T12:37:39.410638575Z" level=fatal msg="Parse config error: proxy 3: ss 82.38.31.1...
[WARN] batch start failed | size=5 {161} | split=1 {326} + 1 {327} + 1 {328} + 1 {329} + 1 {330}
[TEST] {158} tested=17/17 | kept=0 | rest=0
[WARN] batch start failed | size=17 {158} | split=8 {331} + 9 {332}
[TEST] {2} tested=7800/8641 | kept=380 | rest=0
[TEST] {2} tested=7900/8641 | kept=380 | rest=0
[TEST] {160} tested=4/4 | kept=0 | rest=0
[DEBUG] mihomo split-small | branch={160} | size=4 | parse=0 | names=[Pawdroid-SS-APK] United+States-9,[Pawdroid-SS-APK] Germany-2,[Pawdroid-SS-APK] Poland-6...+1 | err=-
[WARN] batch start failed | size=4 {160} | split=1 {333} + 1 {334} + 1 {335} + 1 {336}
[TEST] {110} tested=8/8 | kept=0 | rest=0
[DEBUG] mihomo split-small | branch={110} | size=8 | parse=0 | names=[Pawdroid-SS-APK] 挪威+V2CROSS.COM,[Pawdroid-SS-APK] 俄罗斯+鞑靼斯坦喀山justhost-2,[Pawdroid-SS-APK] Poland...+5 | err=-
[WARN] batch start failed | size=8 {110} | split=1 {337} + 1 {338} + 1 {339} + 1 {340} + 1 {341} + 1 {342} + 1 {343} + 1 {344}
[TEST] {163} tested=17/17 | kept=0 | rest=0
[WARN] batch start failed | size=17 {163} | split=8 {345} + 9 {346}
[TEST] {2} tested=8000/8641 | kept=380 | rest=0
[TEST] {2} tested=8100/8641 | kept=380 | rest=0
[TEST] {164} tested=17/17 | kept=0 | rest=0
[WARN] batch start failed | size=17 {164} | split=8 {347} + 9 {348}
[TEST] {165} tested=17/17 | kept=0 | rest=0
[WARN] batch start failed | size=17 {165} | split=8 {349} + 9 {350}
[TEST] {168} tested=4/4 | kept=0 | rest=0
[DEBUG] mihomo split-small | branch={168} | size=4 | parse=0 | names=[Pawdroid-SS-APK] United+States-2,[Pawdroid-SS-APK] Poland-3,[Pawdroid-SS-APK] United+States-3...+1 | err=-
[WARN] batch start failed | size=4 {168} | split=1 {351} + 1 {352} + 1 {353} + 1 {354}
[TEST] {166} tested=8/8 | kept=0 | rest=0
[DEBUG] mihomo split-small | branch={166} | size=8 | parse=0 | names=[免费节点10] 🇺🇸 US 400 → tg@nicevpn123,[免费节点10] 🇺🇸 US 401 → tg@nicevpn123,[免费节点10] 🇺🇸 US 402 → tg@nicevpn123...+5 | err=-
[WARN] batch start failed | size=8 {166} | split=1 {355} + 1 {356} + 1 {357} + 1 {358} + 1 {359} + 1 {360} + 1 {361} + 1 {362}
[DEBUG] mihomo start-fail | branch={170} | size=4 | parse=1 | rc=1 | names=[ChromeGO-Merge] WARP,[ChromeGO-Merge] Taiwan,[ChromeGO-Merge] France...+1 | err=rc=1 Mihomo exited before controller became ready time="2026-09-28T12:37:50.772183149Z" level=info msg="Start initial configuration in progress" time="2026-09-28T12:37:50.772471557Z" level=fatal msg="Parse config error: proxy 1: '' has u...
[DEBUG] mihomo split-small | branch={170} | size=4 | parse=1 | names=[ChromeGO-Merge] WARP,[ChromeGO-Merge] Taiwan,[ChromeGO-Merge] France...+1 | err=Mihomo exited before controller became ready time="2026-09-28T12:37:50.772183149Z" level=info msg="Start initial configuration in progress" time="2026-09-28T12:37:50.772471557Z" level=fatal msg="Parse config error: proxy 1: '' has unset ...
[WARN] batch start failed | size=4 {170} | split=1 {363} + 1 {364} + 1 {365} + 1 {366}
[DEBUG] mihomo start-fail | branch={171} | size=5 | parse=1 | rc=1 | names=[ChromeGO-Merge] United-4,[ChromeGO-Merge] Taiwan-2,[ChromeGO-Merge] United-5...+2 | err=rc=1 Mihomo exited before controller became ready time="2026-09-28T12:37:50.895159940Z" level=info msg="Start initial configuration in progress" time="2026-09-28T12:37:50.895252231Z" level=fatal msg="Parse config error: proxy 0: '' has u...
[DEBUG] mihomo split-small | branch={171} | size=5 | parse=1 | names=[ChromeGO-Merge] United-4,[ChromeGO-Merge] Taiwan-2,[ChromeGO-Merge] United-5...+2 | err=Mihomo exited before controller became ready time="2026-09-28T12:37:50.895159940Z" level=info msg="Start initial configuration in progress" time="2026-09-28T12:37:50.895252231Z" level=fatal msg="Parse config error: proxy 0: '' has unset ...
[WARN] batch start failed | size=5 {171} | split=1 {367} + 1 {368} + 1 {369} + 1 {370} + 1 {371}
[TEST] {2} tested=8200/8641 | kept=380 | rest=0
[TEST] {2} tested=8300/8641 | kept=380 | rest=0
[TEST] {167} tested=9/9 | kept=0 | rest=0
[WARN] batch start failed | size=9 {167} | split=4 {372} + 5 {373}
[TEST] {169} tested=5/5 | kept=0 | rest=0
[DEBUG] mihomo split-small | branch={169} | size=5 | parse=0 | names=[Pawdroid-SS-APK] Poland-4,[Pawdroid-SS-APK] United+States-5,[Pawdroid-SS-APK] 🇸🇬SG_20|258KB/s 01...+2 | err=-
[WARN] batch start failed | size=5 {169} | split=1 {374} + 1 {375} + 1 {376} + 1 {377} + 1 {378}
[DEBUG] mihomo start-fail | branch={174} | size=1 | parse=1 | rc=1 | names=[ChromeGO-Merge] United | err=rc=1 Mihomo exited before controller became ready time="2026-09-28T12:37:55.082149802Z" level=info msg="Start initial configuration in progress" time="2026-09-28T12:37:55.082249954Z" level=fatal msg="Parse config error: proxy 0: '' has u...
[DEBUG] mihomo isolate | branch={174} | size=1 | parse=1 | names=[ChromeGO-Merge] United | err=Mihomo exited before controller became ready time="2026-09-28T12:37:55.082149802Z" level=info msg="Start initial configuration in progress" time="2026-09-28T12:37:55.082249954Z" level=fatal msg="Parse config error: proxy 0: '' has unset ...
[REPAIR] name=[ChromeGO-Merge] United {174} | fields=up,down
[DEBUG] mihomo start-fail | branch={175} | size=1 | parse=1 | rc=1 | names=[ChromeGO-Merge] France_hysteria_1 | err=rc=1 Mihomo exited before controller became ready time="2026-09-28T12:37:55.204799881Z" level=info msg="Start initial configuration in progress" time="2026-09-28T12:37:55.204888165Z" level=fatal msg="Parse config error: proxy 0: '' has u...
[DEBUG] mihomo isolate | branch={175} | size=1 | parse=1 | names=[ChromeGO-Merge] France_hysteria_1 | err=Mihomo exited before controller became ready time="2026-09-28T12:37:55.204799881Z" level=info msg="Start initial configuration in progress" time="2026-09-28T12:37:55.204888165Z" level=fatal msg="Parse config error: proxy 0: '' has unset ...
[REPAIR] name=[ChromeGO-Merge] France_hysteria_1 {175} | fields=up,down
[DEBUG] mihomo start-fail | branch={176} | size=1 | parse=1 | rc=1 | names=[ChromeGO-Merge] United-2 | err=rc=1 Mihomo exited before controller became ready time="2026-09-28T12:37:55.334295775Z" level=info msg="Start initial configuration in progress" time="2026-09-28T12:37:55.334380103Z" level=fatal msg="Parse config error: proxy 0: '' has u...
[DEBUG] mihomo isolate | branch={176} | size=1 | parse=1 | names=[ChromeGO-Merge] United-2 | err=Mihomo exited before controller became ready time="2026-09-28T12:37:55.334295775Z" level=info msg="Start initial configuration in progress" time="2026-09-28T12:37:55.334380103Z" level=fatal msg="Parse config error: proxy 0: '' has unset ...
[REPAIR] name=[ChromeGO-Merge] United-2 {176} | fields=up,down
[TEST] {173} tested=1/1 | kept=0 | rest=0
[DEBUG] mihomo isolate | branch={173} | size=1 | parse=0 | names=[ChromeGO-Merge] 🇺🇸 United States_vless_ | err=-
[DEBUG] mihomo drop | branch={173} | size=1 | parse=0 | names=[ChromeGO-Merge] 🇺🇸 United States_vless_ | err=-
[DROP] name=[ChromeGO-Merge] 🇺🇸 United States_vless_1 {173} | server=108.181.22.213:28945 | reason=mihomo start failed
[TEST] {177} tested=1/1 | kept=0 | rest=0
[DEBUG] mihomo isolate | branch={177} | size=1 | parse=0 | names=[ChromeGO-Merge] United-3 | err=-
[DEBUG] mihomo drop | branch={177} | size=1 | parse=0 | names=[ChromeGO-Merge] United-3 | err=-
[DROP] name=[ChromeGO-Merge] United-3 {177} | server=yh6.dtku41.xyz:443 | reason=mihomo start failed
[TEST] {2} tested=8400/8641 | kept=380 | rest=0
[TEST] {178} tested=1/1 | kept=0 | rest=0
[DEBUG] mihomo isolate | branch={178} | size=1 | parse=0 | names=[ChromeGO-Merge] None_vless_2 | err=-
[DEBUG] mihomo drop | branch={178} | size=1 | parse=0 | names=[ChromeGO-Merge] None_vless_2 | err=-
[DROP] name=[ChromeGO-Merge] None_vless_2 {178} | server=yh9.dtku41.xyz:443 | reason=mihomo start failed
[TEST] {179} tested=1/1 | kept=0 | rest=0
[DEBUG] mihomo isolate | branch={179} | size=1 | parse=0 | names=[ChromeGO-Merge] None_vless_3 | err=-
[DEBUG] mihomo drop | branch={179} | size=1 | parse=0 | names=[ChromeGO-Merge] None_vless_3 | err=-
[DROP] name=[ChromeGO-Merge] None_vless_3 {179} | server=yh7.dtku41.xyz:443 | reason=mihomo start failed
[TEST] {181} tested=1/1 | kept=1 | rest=0
[TEST] {180} tested=1/1 | kept=1 | rest=0
[TEST] {183} tested=1/1 | kept=0 | rest=0
[DEBUG] mihomo isolate | branch={183} | size=1 | parse=0 | names=[ChromeGO-ShiteThings] cloudflare-dl.byo | err=-
[DEBUG] mihomo drop | branch={183} | size=1 | parse=0 | names=[ChromeGO-ShiteThings] cloudflare-dl.byo | err=-
[DROP] name=[ChromeGO-ShiteThings] cloudflare-dl.byoip.top {183} | server=cloudflare-dl.byoip.top:443 | reason=mihomo start failed
[DEBUG] mihomo start-fail | branch={184} | size=1 | parse=1 | rc=1 | names=[ChromeGO-ShiteThings] hysteria | err=rc=1 Mihomo exited before controller became ready time="2026-09-28T12:37:58.168683658Z" level=info msg="Start initial configuration in progress" time="2026-09-28T12:37:58.168761736Z" level=fatal msg="Parse config error: proxy 0: '' has u...
[DEBUG] mihomo isolate | branch={184} | size=1 | parse=1 | names=[ChromeGO-ShiteThings] hysteria | err=Mihomo exited before controller became ready time="2026-09-28T12:37:58.168683658Z" level=info msg="Start initial configuration in progress" time="2026-09-28T12:37:58.168761736Z" level=fatal msg="Parse config error: proxy 0: '' has unset ...
[REPAIR] name=[ChromeGO-ShiteThings] hysteria {184} | fields=up,down
[DEBUG] mihomo start-fail | branch={185} | size=1 | parse=1 | rc=1 | names=[ChromeGO-ShiteThings] hysteria-2 | err=rc=1 Mihomo exited before controller became ready time="2026-09-28T12:37:58.290914121Z" level=info msg="Start initial configuration in progress" time="2026-09-28T12:37:58.290993431Z" level=fatal msg="Parse config error: proxy 0: '' has u...
[DEBUG] mihomo isolate | branch={185} | size=1 | parse=1 | names=[ChromeGO-ShiteThings] hysteria-2 | err=Mihomo exited before controller became ready time="2026-09-28T12:37:58.290914121Z" level=info msg="Start initial configuration in progress" time="2026-09-28T12:37:58.290993431Z" level=fatal msg="Parse config error: proxy 0: '' has unset ...
[REPAIR] name=[ChromeGO-ShiteThings] hysteria-2 {185} | fields=up,down
[DEBUG] mihomo start-fail | branch={186} | size=1 | parse=1 | rc=1 | names=[ChromeGO-ShiteThings] hysteria-3 | err=rc=1 Mihomo exited before controller became ready time="2026-09-28T12:37:58.416074637Z" level=info msg="Start initial configuration in progress" time="2026-09-28T12:37:58.416136671Z" level=fatal msg="Parse config error: proxy 0: '' has u...
[DEBUG] mihomo isolate | branch={186} | size=1 | parse=1 | names=[ChromeGO-ShiteThings] hysteria-3 | err=Mihomo exited before controller became ready time="2026-09-28T12:37:58.416074637Z" level=info msg="Start initial configuration in progress" time="2026-09-28T12:37:58.416136671Z" level=fatal msg="Parse config error: proxy 0: '' has unset ...
[REPAIR] name=[ChromeGO-ShiteThings] hysteria-3 {186} | fields=up,down
[DEBUG] mihomo start-fail | branch={187} | size=1 | parse=1 | rc=1 | names=[ChromeGO-ShiteThings] hysteria-4 | err=rc=1 Mihomo exited before controller became ready time="2026-09-28T12:37:58.544153692Z" level=info msg="Start initial configuration in progress" time="2026-09-28T12:37:58.544235466Z" level=fatal msg="Parse config error: proxy 0: '' has u...
[DEBUG] mihomo isolate | branch={187} | size=1 | parse=1 | names=[ChromeGO-ShiteThings] hysteria-4 | err=Mihomo exited before controller became ready time="2026-09-28T12:37:58.544153692Z" level=info msg="Start initial configuration in progress" time="2026-09-28T12:37:58.544235466Z" level=fatal msg="Parse config error: proxy 0: '' has unset ...
[REPAIR] name=[ChromeGO-ShiteThings] hysteria-4 {187} | fields=up,down
[TEST] {184} tested=1/1 | kept=0 | rest=0
[TEST] {186} tested=1/1 | kept=0 | rest=0
[TEST] {187} tested=1/1 | kept=0 | rest=0
[TEST] {185} tested=1/1 | kept=0 | rest=0
[TEST] {2} tested=8500/8641 | kept=381 | rest=0
[TEST] {172} tested=1/1 | kept=0 | rest=0
[DEBUG] mihomo isolate | branch={172} | size=1 | parse=0 | names=[ChromeGO-Merge] 🇺🇸 United States_hyster | err=-
[DEBUG] mihomo drop | branch={172} | size=1 | parse=0 | names=[ChromeGO-Merge] 🇺🇸 United States_hyster | err=-
[DROP] name=[ChromeGO-Merge] 🇺🇸 United States_hysteria2_3 {172} | server=108.181.24.77:43656 | reason=mihomo start failed
[DEBUG] mihomo start-fail | branch={188} | size=1 | parse=1 | rc=1 | names=[ChromeGO-ShiteThings] hysteria-5 | err=rc=1 Mihomo exited before controller became ready time="2026-09-28T12:37:59.837948215Z" level=info msg="Start initial configuration in progress" time="2026-09-28T12:37:59.838029058Z" level=fatal msg="Parse config error: proxy 0: '' has u...
[DEBUG] mihomo isolate | branch={188} | size=1 | parse=1 | names=[ChromeGO-ShiteThings] hysteria-5 | err=Mihomo exited before controller became ready time="2026-09-28T12:37:59.837948215Z" level=info msg="Start initial configuration in progress" time="2026-09-28T12:37:59.838029058Z" level=fatal msg="Parse config error: proxy 0: '' has unset ...
[REPAIR] name=[ChromeGO-ShiteThings] hysteria-5 {188} | fields=up,down
[TEST] {190} tested=1/1 | kept=0 | rest=0
[DEBUG] mihomo isolate | branch={190} | size=1 | parse=0 | names=[ChromeGO-Merge] United States_vless_21 | err=-
[DEBUG] mihomo drop | branch={190} | size=1 | parse=0 | names=[ChromeGO-Merge] United States_vless_21 | err=-
[DROP] name=[ChromeGO-Merge] United States_vless_21 {190} | server=109.104.152.101:13982 | reason=mihomo start failed
[TEST] {174} tested=1/1 | kept=0 | rest=0
[TEST] {175} tested=1/1 | kept=0 | rest=0
[TEST] {176} tested=1/1 | kept=0 | rest=0
[TEST] {182} tested=1/1 | kept=0 | rest=0
[DEBUG] mihomo isolate | branch={182} | size=1 | parse=0 | names=[ChromeGO-ShiteThings] cf.tencentapp.cn | err=-
[DEBUG] mihomo drop | branch={182} | size=1 | parse=0 | names=[ChromeGO-ShiteThings] cf.tencentapp.cn | err=-
[DROP] name=[ChromeGO-ShiteThings] cf.tencentapp.cn {182} | server=cf.tencentapp.cn:443 | reason=mihomo start failed
[TEST] {2} tested=8600/8641 | kept=381 | rest=0
[TEST] {189} tested=1/1 | kept=0 | rest=0
[DEBUG] mihomo isolate | branch={189} | size=1 | parse=0 | names=[ChromeGO-Merge] United States_hysteria2 | err=-
[DEBUG] mihomo drop | branch={189} | size=1 | parse=0 | names=[ChromeGO-Merge] United States_hysteria2 | err=-
[DROP] name=[ChromeGO-Merge] United States_hysteria2_01 {189} | server=74.63.233.74:33445 | reason=mihomo start failed
[TEST] {188} tested=1/1 | kept=0 | rest=0
[TEST] {191} tested=1/1 | kept=0 | rest=0
[DEBUG] mihomo isolate | branch={191} | size=1 | parse=0 | names=[ChromeGO-Merge] United States_ss_61 | err=-
[DEBUG] mihomo drop | branch={191} | size=1 | parse=0 | names=[ChromeGO-Merge] United States_ss_61 | err=-
[DROP] name=[ChromeGO-Merge] United States_ss_61 {191} | server=109.104.152.186:11223 | reason=mihomo start failed
[TEST] {2} tested=8641/8641 | kept=381 | rest=0
[TEST] {192} tested=1/1 | kept=0 | rest=0
[DEBUG] mihomo isolate | branch={192} | size=1 | parse=0 | names=[ChromeGO-Merge] United States_hysteria2 | err=-
[DEBUG] mihomo drop | branch={192} | size=1 | parse=0 | names=[ChromeGO-Merge] United States_hysteria2 | err=-
[DROP] name=[ChromeGO-Merge] United States_hysteria2_71 {192} | server=109.104.152.89:22441 | reason=mihomo start failed
[TEST] {193} tested=1/1 | kept=0 | rest=0
[DEBUG] mihomo isolate | branch={193} | size=1 | parse=0 | names=[ChromeGO-Merge] United States_shadowtls | err=-
[DEBUG] mihomo drop | branch={193} | size=1 | parse=0 | names=[ChromeGO-Merge] United States_shadowtls | err=-
[DROP] name=[ChromeGO-Merge] United States_shadowtls_1 {193} | server=109.104.152.186:443 | reason=mihomo start failed
[TEST] {194} tested=1/1 | kept=0 | rest=0
[DEBUG] mihomo isolate | branch={194} | size=1 | parse=0 | names=[ChromeGO-Merge] United States_hy_0 | err=-
[DEBUG] mihomo drop | branch={194} | size=1 | parse=0 | names=[ChromeGO-Merge] United States_hy_0 | err=-
[DROP] name=[ChromeGO-Merge] United States_hy_0 {194} | server=108.181.5.133:26022 | reason=mihomo start failed
[TEST] {195} tested=1/1 | kept=0 | rest=0
[DEBUG] mihomo isolate | branch={195} | size=1 | parse=0 | names=[ChromeGO-Merge] France_hy_1 | err=-
[DEBUG] mihomo drop | branch={195} | size=1 | parse=0 | names=[ChromeGO-Merge] France_hy_1 | err=-
[DROP] name=[ChromeGO-Merge] France_hy_1 {195} | server=62.210.243.131:18702 | reason=mihomo start failed
[TEST] {196} tested=8/8 | kept=0 | rest=0
[DEBUG] mihomo split-small | branch={196} | size=8 | parse=0 | names=[免费节点10] 🇺🇸 US 682 → tg@nicevpn123,[免费节点10] 🇺🇸 US 683 → tg@nicevpn123,[免费节点10] 🇺🇸 US 684 → tg@nicevpn123...+5 | err=-
[WARN] batch start failed | size=8 {196} | split=1 {379} + 1 {380} + 1 {381} + 1 {382} + 1 {383} + 1 {384} + 1 {385} + 1 {386}
[TEST] {199} tested=8/8 | kept=0 | rest=0
[DEBUG] mihomo split-small | branch={199} | size=8 | parse=0 | names=[免费节点10] 🇺🇸 US 672 → tg@nicevpn123,[免费节点10] 🇺🇸 US 673 → tg@nicevpn123,[免费节点10] 🇺🇸 US 674 → tg@nicevpn123...+5 | err=-
[WARN] batch start failed | size=8 {199} | split=1 {387} + 1 {388} + 1 {389} + 1 {390} + 1 {391} + 1 {392} + 1 {393} + 1 {394}
[TEST] {197} tested=9/9 | kept=0 | rest=0
[WARN] batch start failed | size=9 {197} | split=4 {395} + 5 {396}
[TEST] {198} tested=8/8 | kept=0 | rest=0
[DEBUG] mihomo split-small | branch={198} | size=8 | parse=0 | names=[免费节点10] 🇺🇸 US 66 → tg@nicevpn123,[免费节点10] 🇺🇸 US 662 → tg@nicevpn123,[免费节点10] 🇺🇸 US 665 → tg@nicevpn123...+5 | err=-
[WARN] batch start failed | size=8 {198} | split=1 {397} + 1 {398} + 1 {399} + 1 {400} + 1 {401} + 1 {402} + 1 {403} + 1 {404}
[TEST] {201} tested=9/9 | kept=0 | rest=0
[WARN] batch start failed | size=9 {201} | split=4 {405} + 5 {406}
[TEST] {200} tested=8/8 | kept=0 | rest=0
[DEBUG] mihomo split-small | branch={200} | size=8 | parse=0 | names=[免费节点10] 🇺🇸 US 718 → tg@nicevpn123,[免费节点10] 🇺🇸 US 719 → tg@nicevpn123,[免费节点10] 🇺🇸 US 72 → tg@nicevpn123...+5 | err=-
[WARN] batch start failed | size=8 {200} | split=1 {407} + 1 {408} + 1 {409} + 1 {410} + 1 {411} + 1 {412} + 1 {413} + 1 {414}
[TEST] {206} tested=1/1 | kept=0 | rest=0
[DEBUG] mihomo isolate | branch={206} | size=1 | parse=0 | names=[ChromeGO-Merge] Canada vmess 04 | err=-
[DEBUG] mihomo drop | branch={206} | size=1 | parse=0 | names=[ChromeGO-Merge] Canada vmess 04 | err=-
[DROP] name=[ChromeGO-Merge] Canada vmess 04 {206} | server=23.227.38.11:8080 | reason=mihomo start failed
[TEST] {204} tested=1/1 | kept=0 | rest=0
[DEBUG] mihomo isolate | branch={204} | size=1 | parse=0 | names=[ChromeGO-Merge] None | err=-
[DEBUG] mihomo drop | branch={204} | size=1 | parse=0 | names=[ChromeGO-Merge] None | err=-
[DROP] name=[ChromeGO-Merge] None {204} | server=yh1.dtku41.xyz:443 | reason=mihomo start failed
[TEST] {205} tested=1/1 | kept=0 | rest=0
[DEBUG] mihomo isolate | branch={205} | size=1 | parse=0 | names=[ChromeGO-Merge] None-2 | err=-
[DEBUG] mihomo drop | branch={205} | size=1 | parse=0 | names=[ChromeGO-Merge] None-2 | err=-
[DROP] name=[ChromeGO-Merge] None-2 {205} | server=fbi.gov:443 | reason=mihomo start failed
[TEST] {208} tested=1/1 | kept=0 | rest=0
[DEBUG] mihomo isolate | branch={208} | size=1 | parse=0 | names=[ChromeGO-Merge] None vmess 07 | err=-
[DEBUG] mihomo drop | branch={208} | size=1 | parse=0 | names=[ChromeGO-Merge] None vmess 07 | err=-
[DROP] name=[ChromeGO-Merge] None vmess 07 {208} | server=162.159.137.31:8080 | reason=mihomo start failed
[TEST] {202} tested=8/8 | kept=0 | rest=0
[DEBUG] mihomo split-small | branch={202} | size=8 | parse=0 | names=[免费节点10] 🇺🇸 US 700 → tg@nicevpn123,[免费节点10] 🇺🇸 US 701 → tg@nicevpn123,[免费节点10] 🇺🇸 US 702 → tg@nicevpn123...+5 | err=-
[WARN] batch start failed | size=8 {202} | split=1 {415} + 1 {416} + 1 {417} + 1 {418} + 1 {419} + 1 {420} + 1 {421} + 1 {422}
[TEST] {207} tested=1/1 | kept=0 | rest=0
[DEBUG] mihomo isolate | branch={207} | size=1 | parse=0 | names=[ChromeGO-Merge] None vmess 05 | err=-
[DEBUG] mihomo drop | branch={207} | size=1 | parse=0 | names=[ChromeGO-Merge] None vmess 05 | err=-
[DROP] name=[ChromeGO-Merge] None vmess 05 {207} | server=162.159.153.11:8080 | reason=mihomo start failed
[TEST] {203} tested=9/9 | kept=0 | rest=0
[WARN] batch start failed | size=9 {203} | split=4 {423} + 5 {424}
[TEST] {209} tested=1/1 | kept=0 | rest=0
[DEBUG] mihomo isolate | branch={209} | size=1 | parse=0 | names=[ChromeGO-Merge] None vmess 010 | err=-
[DEBUG] mihomo drop | branch={209} | size=1 | parse=0 | names=[ChromeGO-Merge] None vmess 010 | err=-
[DROP] name=[ChromeGO-Merge] None vmess 010 {209} | server=yh1.dtku41.xyz:8080 | reason=mihomo start failed
[TEST] {213} tested=5/5 | kept=0 | rest=0
[DEBUG] mihomo split-small | branch={213} | size=5 | parse=0 | names=[ChromeGO-Merge] None vmess 13,[ChromeGO-Merge] None vmess 14,[ChromeGO-Merge] United States vmess 21...+2 | err=-
[WARN] batch start failed | size=5 {213} | split=1 {425} + 1 {426} + 1 {427} + 1 {428} + 1 {429}
[TEST] {210} tested=1/1 | kept=0 | rest=0
[DEBUG] mihomo isolate | branch={210} | size=1 | parse=0 | names=[ChromeGO-Merge] None vmess 011 | err=-
[DEBUG] mihomo drop | branch={210} | size=1 | parse=0 | names=[ChromeGO-Merge] None vmess 011 | err=-
[DROP] name=[ChromeGO-Merge] None vmess 011 {210} | server=yh1.dtku41.xyz:8080 | reason=mihomo start failed
[TEST] {211} tested=1/1 | kept=0 | rest=0
[DEBUG] mihomo isolate | branch={211} | size=1 | parse=0 | names=[ChromeGO-Merge] None vmess 012 | err=-
[DEBUG] mihomo drop | branch={211} | size=1 | parse=0 | names=[ChromeGO-Merge] None vmess 012 | err=-
[DROP] name=[ChromeGO-Merge] None vmess 012 {211} | server=yh1.dtku41.xyz:8080 | reason=mihomo start failed
[TEST] {212} tested=4/4 | kept=0 | rest=0
[DEBUG] mihomo split-small | branch={212} | size=4 | parse=0 | names=[ChromeGO-Merge] None vmess 013,[ChromeGO-Merge] None vmess 014,[ChromeGO-Merge] None vmess 016...+1 | err=-
[WARN] batch start failed | size=4 {212} | split=1 {430} + 1 {431} + 1 {432} + 1 {433}
[TEST] {215} tested=5/5 | kept=0 | rest=0
[DEBUG] mihomo split-small | branch={215} | size=5 | parse=0 | names=[ChromeGO-Merge] 🇺🇸 United States_hyster,[ChromeGO-Merge] 🇺🇸 United States_hyster,[ChromeGO-Merge] 🇫🇷 France_hysteria2_0...+2 | err=-
[WARN] batch start failed | size=5 {215} | split=1 {434} + 1 {435} + 1 {436} + 1 {437} + 1 {438}
[TEST] {214} tested=4/4 | kept=0 | rest=0
[DEBUG] mihomo split-small | branch={214} | size=4 | parse=0 | names=[ChromeGO-Merge] 🇺🇸 United States_hy2_8,[ChromeGO-Merge] 🇹🇼 Taiwan_hy_9,[ChromeGO-Merge] 🇫🇷 France_hysteria_0...+1 | err=-
[WARN] batch start failed | size=4 {214} | split=1 {439} + 1 {440} + 1 {441} + 1 {442}
[TEST] {216} tested=1/1 | kept=0 | rest=0
[DEBUG] mihomo isolate | branch={216} | size=1 | parse=0 | names=[ChromeGO-Merge] United States_hy_3 | err=-
[DEBUG] mihomo drop | branch={216} | size=1 | parse=0 | names=[ChromeGO-Merge] United States_hy_3 | err=-
[DROP] name=[ChromeGO-Merge] United States_hy_3 {216} | server=109.104.152.194:58510 | reason=mihomo start failed
[TEST] {217} tested=1/1 | kept=0 | rest=0
[DEBUG] mihomo isolate | branch={217} | size=1 | parse=0 | names=[ChromeGO-Merge] United States_hy2_0 | err=-
[DEBUG] mihomo drop | branch={217} | size=1 | parse=0 | names=[ChromeGO-Merge] United States_hy2_0 | err=-
[DROP] name=[ChromeGO-Merge] United States_hy2_0 {217} | server=104.192.224.141:40391 | reason=mihomo start failed
[TEST] {222} tested=1/1 | kept=0 | rest=0
[DEBUG] mihomo isolate | branch={222} | size=1 | parse=0 | names=[ChromeGO-Merge] 🇹🇼 Taiwan_hy_6 | err=-
[DEBUG] mihomo drop | branch={222} | size=1 | parse=0 | names=[ChromeGO-Merge] 🇹🇼 Taiwan_hy_6 | err=-
[DROP] name=[ChromeGO-Merge] 🇹🇼 Taiwan_hy_6 {222} | server=www2.dtku48.xyz:22334 | reason=mihomo start failed
[TEST] {219} tested=1/1 | kept=0 | rest=0
[DEBUG] mihomo isolate | branch={219} | size=1 | parse=0 | names=[ChromeGO-Merge] 🇫🇷 France_tuic_0 | err=-
[DEBUG] mihomo drop | branch={219} | size=1 | parse=0 | names=[ChromeGO-Merge] 🇫🇷 France_tuic_0 | err=-
[DROP] name=[ChromeGO-Merge] 🇫🇷 France_tuic_0 {219} | server=62.210.103.14:44556 | reason=mihomo start failed
[TEST] {220} tested=1/1 | kept=0 | rest=0
[DEBUG] mihomo isolate | branch={220} | size=1 | parse=0 | names=[ChromeGO-Merge] 🇺🇸 United States_tuic_1 | err=-
[DEBUG] mihomo drop | branch={220} | size=1 | parse=0 | names=[ChromeGO-Merge] 🇺🇸 United States_tuic_1 | err=-
[DROP] name=[ChromeGO-Merge] 🇺🇸 United States_tuic_1 {220} | server=109.104.152.4:443 | reason=mihomo start failed
[TEST] {218} tested=1/1 | kept=0 | rest=0
[DEBUG] mihomo isolate | branch={218} | size=1 | parse=0 | names=[ChromeGO-Merge] United States_hy2_1 | err=-
[DEBUG] mihomo drop | branch={218} | size=1 | parse=0 | names=[ChromeGO-Merge] United States_hy2_1 | err=-
[DROP] name=[ChromeGO-Merge] United States_hy2_1 {218} | server=104.192.224.140:40391 | reason=mihomo start failed
[TEST] {221} tested=1/1 | kept=0 | rest=0
[DEBUG] mihomo isolate | branch={221} | size=1 | parse=0 | names=[ChromeGO-Merge] 🇳🇱 Netherlands_tuic_2 | err=-
[DEBUG] mihomo drop | branch={221} | size=1 | parse=0 | names=[ChromeGO-Merge] 🇳🇱 Netherlands_tuic_2 | err=-
[DROP] name=[ChromeGO-Merge] 🇳🇱 Netherlands_tuic_2 {221} | server=109.104.153.17:22334 | reason=mihomo start failed
[TEST] {223} tested=1/1 | kept=0 | rest=0
[DEBUG] mihomo isolate | branch={223} | size=1 | parse=0 | names=[ChromeGO-Merge] 🇫🇷 France_hy2_7 | err=-
[DEBUG] mihomo drop | branch={223} | size=1 | parse=0 | names=[ChromeGO-Merge] 🇫🇷 France_hy2_7 | err=-
[DROP] name=[ChromeGO-Merge] 🇫🇷 France_hy2_7 {223} | server=51.158.54.46:44550 | reason=mihomo start failed
[TEST] {225} tested=9/9 | kept=0 | rest=0
[WARN] batch start failed | size=9 {225} | split=4 {443} + 5 {444}
[TEST] {224} tested=8/8 | kept=0 | rest=0
[DEBUG] mihomo split-small | branch={224} | size=8 | parse=0 | names=[免费节点10] 🇺🇸 US 803 → tg@nicevpn123,[免费节点10] 🇺🇸 US 804 → tg@nicevpn123,[免费节点10] 🇺🇸 US 805 → tg@nicevpn123...+5 | err=-
[WARN] batch start failed | size=8 {224} | split=1 {445} + 1 {446} + 1 {447} + 1 {448} + 1 {449} + 1 {450} + 1 {451} + 1 {452}
[TEST] {226} tested=8/8 | kept=0 | rest=0
[DEBUG] mihomo split-small | branch={226} | size=8 | parse=0 | names=[免费节点10] 🇺🇸 US 784 → tg@nicevpn123,[免费节点10] 🇺🇸 US 785 → tg@nicevpn123,[免费节点10] 🇺🇸 US 786 → tg@nicevpn123...+5 | err=-
[WARN] batch start failed | size=8 {226} | split=1 {453} + 1 {454} + 1 {455} + 1 {456} + 1 {457} + 1 {458} + 1 {459} + 1 {460}
[TEST] {227} tested=9/9 | kept=0 | rest=0
[WARN] batch start failed | size=9 {227} | split=4 {461} + 5 {462}
[TEST] {229} tested=9/9 | kept=0 | rest=0
[WARN] batch start failed | size=9 {229} | split=4 {463} + 5 {464}
[TEST] {228} tested=8/8 | kept=0 | rest=0
[DEBUG] mihomo split-small | branch={228} | size=8 | parse=0 | names=[免费节点10] 🇺🇸 US 760 → tg@nicevpn123,[免费节点10] 🇺🇸 US 761 → tg@nicevpn123,[免费节点10] 🇺🇸 US 766 → tg@nicevpn123...+5 | err=-
[WARN] batch start failed | size=8 {228} | split=1 {465} + 1 {466} + 1 {467} + 1 {468} + 1 {469} + 1 {470} + 1 {471} + 1 {472}
[TEST] {230} tested=8/8 | kept=0 | rest=0
[DEBUG] mihomo split-small | branch={230} | size=8 | parse=0 | names=[免费节点10] 🇺🇸 US 741 → tg@nicevpn123,[免费节点10] 🇺🇸 US 742 → tg@nicevpn123,[免费节点10] 🇺🇸 US 743 → tg@nicevpn123...+5 | err=-
[WARN] batch start failed | size=8 {230} | split=1 {473} + 1 {474} + 1 {475} + 1 {476} + 1 {477} + 1 {478} + 1 {479} + 1 {480}
[TEST] {231} tested=9/9 | kept=0 | rest=0
[WARN] batch start failed | size=9 {231} | split=4 {481} + 5 {482}
[TEST] {233} tested=9/9 | kept=0 | rest=0
[WARN] batch start failed | size=9 {233} | split=4 {483} + 5 {484}
[TEST] {232} tested=8/8 | kept=0 | rest=0
[DEBUG] mihomo split-small | branch={232} | size=8 | parse=0 | names=[免费节点10] 🇺🇸 US 510 → tg@nicevpn123,[免费节点10] 🇺🇸 US 511 → tg@nicevpn123,[免费节点10] 🇺🇸 US 512 → tg@nicevpn123...+5 | err=-
[WARN] batch start failed | size=8 {232} | split=1 {485} + 1 {486} + 1 {487} + 1 {488} + 1 {489} + 1 {490} + 1 {491} + 1 {492}
[TEST] {234} tested=8/8 | kept=0 | rest=0
[DEBUG] mihomo split-small | branch={234} | size=8 | parse=0 | names=[免费节点10] 🇺🇸 US 490 → tg@nicevpn123,[免费节点10] 🇺🇸 US 491 → tg@nicevpn123,[免费节点10] 🇺🇸 US 492 → tg@nicevpn123...+5 | err=-
[WARN] batch start failed | size=8 {234} | split=1 {493} + 1 {494} + 1 {495} + 1 {496} + 1 {497} + 1 {498} + 1 {499} + 1 {500}
[TEST] {239} tested=9/9 | kept=0 | rest=0
[WARN] batch start failed | size=9 {239} | split=4 {501} + 5 {502}
[TEST] {235} tested=8/8 | kept=0 | rest=0
[DEBUG] mihomo split-small | branch={235} | size=8 | parse=0 | names=[免费节点10] 🇺🇸 US 5 → tg@nicevpn123,[免费节点10] 🇺🇸 US 50 → tg@nicevpn123,[免费节点10] 🇺🇸 US 501 → tg@nicevpn123...+5 | err=-
[WARN] batch start failed | size=8 {235} | split=1 {503} + 1 {504} + 1 {505} + 1 {506} + 1 {507} + 1 {508} + 1 {509} + 1 {510}
[DEBUG] mihomo start-fail | branch={243} | size=1 | parse=1 | rc=1 | names=[Epodonios] EPODONIOS-244 | err=rc=1 Mihomo exited before controller became ready time="2026-09-28T12:38:54.869220040Z" level=info msg="Start initial configuration in progress" time="2026-09-28T12:38:54.869279230Z" level=fatal msg="Parse config error: proxy 0: ss 78.38...
[DEBUG] mihomo isolate | branch={243} | size=1 | parse=1 | names=[Epodonios] EPODONIOS-244 | err=Mihomo exited before controller became ready time="2026-09-28T12:38:54.869220040Z" level=info msg="Start initial configuration in progress" time="2026-09-28T12:38:54.869279230Z" level=fatal msg="Parse config error: proxy 0: ss 78.38.246....
[REPAIR] name=[Epodonios] EPODONIOS-244 {243} | fields=cipher
[TEST] {236} tested=8/8 | kept=0 | rest=0
[DEBUG] mihomo split-small | branch={236} | size=8 | parse=0 | names=[免费节点10] 🇺🇸 US 549 → tg@nicevpn123,[免费节点10] 🇺🇸 US 55 → tg@nicevpn123,[免费节点10] 🇺🇸 US 551 → tg@nicevpn123...+5 | err=-
[WARN] batch start failed | size=8 {236} | split=1 {511} + 1 {512} + 1 {513} + 1 {514} + 1 {515} + 1 {516} + 1 {517} + 1 {518}
[TEST] {237} tested=9/9 | kept=0 | rest=0
[WARN] batch start failed | size=9 {237} | split=4 {519} + 5 {520}
[TEST] {240} tested=1/1 | kept=0 | rest=0
[DEBUG] mihomo isolate | branch={240} | size=1 | parse=0 | names=[Epodonios] EPODONIOS-241 | err=-
[DEBUG] mihomo drop | branch={240} | size=1 | parse=0 | names=[Epodonios] EPODONIOS-241 | err=-
[DROP] name=[Epodonios] EPODONIOS-241 {240} | server=178.95.176.16:1080 | reason=mihomo start failed
[TEST] {238} tested=8/8 | kept=0 | rest=0
[DEBUG] mihomo split-small | branch={238} | size=8 | parse=0 | names=[免费节点10] 🇺🇸 US 639 → tg@nicevpn123,[免费节点10] 🇺🇸 US 640 → tg@nicevpn123,[免费节点10] 🇺🇸 US 642 → tg@nicevpn123...+5 | err=-
[WARN] batch start failed | size=8 {238} | split=1 {521} + 1 {522} + 1 {523} + 1 {524} + 1 {525} + 1 {526} + 1 {527} + 1 {528}
[TEST] {243} tested=1/1 | kept=0 | rest=0
[TEST] {244} tested=1/1 | kept=0 | rest=0
[DEBUG] mihomo isolate | branch={244} | size=1 | parse=0 | names=[Epodonios] EPODONIOS-245 | err=-
[DEBUG] mihomo drop | branch={244} | size=1 | parse=0 | names=[Epodonios] EPODONIOS-245 | err=-
[DROP] name=[Epodonios] EPODONIOS-245 {244} | server=14.1.31.220:17288 | reason=mihomo start failed
[TEST] {242} tested=1/1 | kept=0 | rest=0
[DEBUG] mihomo isolate | branch={242} | size=1 | parse=0 | names=[Epodonios] EPODONIOS-243 | err=-
[DEBUG] mihomo drop | branch={242} | size=1 | parse=0 | names=[Epodonios] EPODONIOS-243 | err=-
[DROP] name=[Epodonios] EPODONIOS-243 {242} | server=103.36.91.32:8388 | reason=mihomo start failed
[TEST] {241} tested=1/1 | kept=0 | rest=0
[DEBUG] mihomo isolate | branch={241} | size=1 | parse=0 | names=[Epodonios] EPODONIOS-242 | err=-
[DEBUG] mihomo drop | branch={241} | size=1 | parse=0 | names=[Epodonios] EPODONIOS-242 | err=-
[DROP] name=[Epodonios] EPODONIOS-242 {241} | server=65.109.178.10:1080 | reason=mihomo start failed
[TEST] {245} tested=1/1 | kept=0 | rest=0
[DEBUG] mihomo isolate | branch={245} | size=1 | parse=0 | names=[Epodonios] EPODONIOS-246 | err=-
[DEBUG] mihomo drop | branch={245} | size=1 | parse=0 | names=[Epodonios] EPODONIOS-246 | err=-
[DROP] name=[Epodonios] EPODONIOS-246 {245} | server=199.60.101.122:11626 | reason=mihomo start failed
[TEST] {246} tested=1/1 | kept=0 | rest=0
[DEBUG] mihomo isolate | branch={246} | size=1 | parse=0 | names=[Epodonios] EPODONIOS-247 | err=-
[DEBUG] mihomo drop | branch={246} | size=1 | parse=0 | names=[Epodonios] EPODONIOS-247 | err=-
[DROP] name=[Epodonios] EPODONIOS-247 {246} | server=82.47.186.18:19290 | reason=mihomo start failed
[TEST] {247} tested=1/1 | kept=0 | rest=0
[DEBUG] mihomo isolate | branch={247} | size=1 | parse=0 | names=[Epodonios] EPODONIOS-248 | err=-
[DEBUG] mihomo drop | branch={247} | size=1 | parse=0 | names=[Epodonios] EPODONIOS-248 | err=-
[DROP] name=[Epodonios] EPODONIOS-248 {247} | server=82.47.186.18:55597 | reason=mihomo start failed
[TEST] {249} tested=9/9 | kept=0 | rest=0
[WARN] batch start failed | size=9 {249} | split=4 {529} + 5 {530}
[TEST] {248} tested=8/8 | kept=0 | rest=0
[DEBUG] mihomo split-small | branch={248} | size=8 | parse=0 | names=[免费节点10] 🇺🇸 US 619 → tg@nicevpn123,[免费节点10] 🇺🇸 US 62 → tg@nicevpn123,[免费节点10] 🇺🇸 US 620 → tg@nicevpn123...+5 | err=-
[WARN] batch start failed | size=8 {248} | split=1 {531} + 1 {532} + 1 {533} + 1 {534} + 1 {535} + 1 {536} + 1 {537} + 1 {538}
[TEST] {253} tested=9/9 | kept=0 | rest=0
[WARN] batch start failed | size=9 {253} | split=4 {539} + 5 {540}
[TEST] {251} tested=5/5 | kept=0 | rest=0
[DEBUG] mihomo split-small | branch={251} | size=5 | parse=0 | names=[Epodonios] EPODONIOS-253,[Epodonios] EPODONIOS-254,[Epodonios] EPODONIOS-255...+2 | err=-
[WARN] batch start failed | size=5 {251} | split=1 {541} + 1 {542} + 1 {543} + 1 {544} + 1 {545}
[TEST] {250} tested=4/4 | kept=1 | rest=0
[TEST] {252} tested=8/8 | kept=0 | rest=0
[DEBUG] mihomo split-small | branch={252} | size=8 | parse=0 | names=[免费节点10] 🇺🇸 US 570 → tg@nicevpn123,[免费节点10] 🇺🇸 US 572 → tg@nicevpn123,[免费节点10] 🇺🇸 US 574 → tg@nicevpn123...+5 | err=-
[WARN] batch start failed | size=8 {252} | split=1 {546} + 1 {547} + 1 {548} + 1 {549} + 1 {550} + 1 {551} + 1 {552} + 1 {553}
[TEST] {256} tested=1/1 | kept=0 | rest=0
[DEBUG] mihomo isolate | branch={256} | size=1 | parse=0 | names=[免费节点10] 🇺🇸 US 53 → tg@nicevpn123 | err=-
[DEBUG] mihomo drop | branch={256} | size=1 | parse=0 | names=[免费节点10] 🇺🇸 US 53 → tg@nicevpn123 | err=-
[DROP] name=[免费节点10] 🇺🇸 US 53 → tg@nicevpn123 {256} | server=104.16.39.228:2082 | reason=mihomo start failed
[TEST] {259} tested=1/1 | kept=0 | rest=0
[DEBUG] mihomo isolate | branch={259} | size=1 | parse=0 | names=[免费节点10] 🇺🇸 US 532 → tg@nicevpn123 | err=-
[DEBUG] mihomo drop | branch={259} | size=1 | parse=0 | names=[免费节点10] 🇺🇸 US 532 → tg@nicevpn123 | err=-
[DROP] name=[免费节点10] 🇺🇸 US 532 → tg@nicevpn123 {259} | server=104.19.128.214:2086 | reason=mihomo start failed
[TEST] {260} tested=1/1 | kept=0 | rest=0
[DEBUG] mihomo isolate | branch={260} | size=1 | parse=0 | names=[免费节点10] 🇺🇸 US 533 → tg@nicevpn123 | err=-
[DEBUG] mihomo drop | branch={260} | size=1 | parse=0 | names=[免费节点10] 🇺🇸 US 533 → tg@nicevpn123 | err=-
[DROP] name=[免费节点10] 🇺🇸 US 533 → tg@nicevpn123 {260} | server=series-a2-mec.varzesh360.co:443 | reason=mihomo start failed
[TEST] {258} tested=1/1 | kept=0 | rest=0
[DEBUG] mihomo isolate | branch={258} | size=1 | parse=0 | names=[免费节点10] 🇺🇸 US 531 → tg@nicevpn123 | err=-
[DEBUG] mihomo drop | branch={258} | size=1 | parse=0 | names=[免费节点10] 🇺🇸 US 531 → tg@nicevpn123 | err=-
[DROP] name=[免费节点10] 🇺🇸 US 531 → tg@nicevpn123 {258} | server=104.21.44.64:443 | reason=mihomo start failed
[TEST] {255} tested=9/9 | kept=0 | rest=0
[WARN] batch start failed | size=9 {255} | split=4 {554} + 5 {555}
[TEST] {261} tested=1/1 | kept=0 | rest=0
[DEBUG] mihomo isolate | branch={261} | size=1 | parse=0 | names=[免费节点10] 🇺🇸 US 534 → tg@nicevpn123 | err=-
[DEBUG] mihomo drop | branch={261} | size=1 | parse=0 | names=[免费节点10] 🇺🇸 US 534 → tg@nicevpn123 | err=-
[DROP] name=[免费节点10] 🇺🇸 US 534 → tg@nicevpn123 {261} | server=au01.freeflyingcloud.xyz:42002 | reason=mihomo start failed
[TEST] {263} tested=1/1 | kept=0 | rest=0
[DEBUG] mihomo isolate | branch={263} | size=1 | parse=0 | names=[免费节点10] 🇺🇸 US 536 → tg@nicevpn123 | err=-
[DEBUG] mihomo drop | branch={263} | size=1 | parse=0 | names=[免费节点10] 🇺🇸 US 536 → tg@nicevpn123 | err=-
[DROP] name=[免费节点10] 🇺🇸 US 536 → tg@nicevpn123 {263} | server=104.21.238.66:80 | reason=mihomo start failed
[TEST] {254} tested=8/8 | kept=0 | rest=0
[DEBUG] mihomo split-small | branch={254} | size=8 | parse=0 | names=[免费节点10] 🇺🇸 US 593 → tg@nicevpn123,[免费节点10] 🇺🇸 US 595 → tg@nicevpn123,[免费节点10] 🇺🇸 US 598 → tg@nicevpn123...+5 | err=-
[WARN] batch start failed | size=8 {254} | split=1 {556} + 1 {557} + 1 {558} + 1 {559} + 1 {560} + 1 {561} + 1 {562} + 1 {563}
[TEST] {257} tested=1/1 | kept=0 | rest=0
[DEBUG] mihomo isolate | branch={257} | size=1 | parse=0 | names=[免费节点10] 🇺🇸 US 530 → tg@nicevpn123 | err=-
[DEBUG] mihomo drop | branch={257} | size=1 | parse=0 | names=[免费节点10] 🇺🇸 US 530 → tg@nicevpn123 | err=-
[DROP] name=[免费节点10] 🇺🇸 US 530 → tg@nicevpn123 {257} | server=216.246.66.205:57616 | reason=mihomo start failed
[TEST] {266} tested=8/8 | kept=0 | rest=0
[DEBUG] mihomo split-small | branch={266} | size=8 | parse=0 | names=[免费节点10] 🇺🇸 US 2031 → tg@nicevpn123,[免费节点10] 🇺🇸 US 2032 → tg@nicevpn123,[免费节点10] 🇺🇸 US 2033 → tg@nicevpn123...+5 | err=-
[WARN] batch start failed | size=8 {266} | split=1 {564} + 1 {565} + 1 {566} + 1 {567} + 1 {568} + 1 {569} + 1 {570} + 1 {571}
[TEST] {262} tested=1/1 | kept=0 | rest=0
[DEBUG] mihomo isolate | branch={262} | size=1 | parse=0 | names=[免费节点10] 🇺🇸 US 535 → tg@nicevpn123 | err=-
[DEBUG] mihomo drop | branch={262} | size=1 | parse=0 | names=[免费节点10] 🇺🇸 US 535 → tg@nicevpn123 | err=-
[DROP] name=[免费节点10] 🇺🇸 US 535 → tg@nicevpn123 {262} | server=104.207.133.131:39729 | reason=mihomo start failed
[TEST] {268} tested=4/4 | kept=0 | rest=0
[DEBUG] mihomo split-small | branch={268} | size=4 | parse=0 | names=[Epodonios] EPODONIOS-81,[Epodonios] EPODONIOS-82,[Epodonios] EPODONIOS-83...+1 | err=-
[WARN] batch start failed | size=4 {268} | split=1 {572} + 1 {573} + 1 {574} + 1 {575}
[DEBUG] mihomo start-fail | branch={269} | size=5 | parse=1 | rc=1 | names=[Epodonios] EPODONIOS-85,[Epodonios] EPODONIOS-86,[Epodonios] EPODONIOS-87...+2 | err=rc=1 Mihomo exited before controller became ready time="2026-09-28T12:39:17.011970629Z" level=info msg="Start initial configuration in progress" time="2026-09-28T12:39:17.012105303Z" level=fatal msg="Parse config error: proxy 2: 'reality...
[DEBUG] mihomo split-small | branch={269} | size=5 | parse=1 | names=[Epodonios] EPODONIOS-85,[Epodonios] EPODONIOS-86,[Epodonios] EPODONIOS-87...+2 | err=Mihomo exited before controller became ready time="2026-09-28T12:39:17.011970629Z" level=info msg="Start initial configuration in progress" time="2026-09-28T12:39:17.012105303Z" level=fatal msg="Parse config error: proxy 2: 'reality-opts...
[WARN] batch start failed | size=5 {269} | split=1 {576} + 1 {577} + 1 {578} + 1 {579} + 1 {580}
[TEST] {270} tested=8/8 | kept=0 | rest=0
[DEBUG] mihomo split-small | branch={270} | size=8 | parse=0 | names=[免费节点10] 🇺🇸 US 2014 → tg@nicevpn123,[免费节点10] 🇺🇸 US 2015 → tg@nicevpn123,[免费节点10] 🇺🇸 US 2016 → tg@nicevpn123...+5 | err=-
[WARN] batch start failed | size=8 {270} | split=1 {581} + 1 {582} + 1 {583} + 1 {584} + 1 {585} + 1 {586} + 1 {587} + 1 {588}
[TEST] {271} tested=9/9 | kept=0 | rest=0
[WARN] batch start failed | size=9 {271} | split=4 {589} + 5 {590}
[TEST] {272} tested=1/1 | kept=0 | rest=0
[DEBUG] mihomo isolate | branch={272} | size=1 | parse=0 | names=[Epodonios] EPODONIOS-73 | err=-
[DEBUG] mihomo drop | branch={272} | size=1 | parse=0 | names=[Epodonios] EPODONIOS-73 | err=-
[DROP] name=[Epodonios] EPODONIOS-73 {272} | server=167.82.76.27:443 | reason=mihomo start failed
[TEST] {274} tested=1/1 | kept=0 | rest=0
[DEBUG] mihomo isolate | branch={274} | size=1 | parse=0 | names=[Epodonios] EPODONIOS-75 | err=-
[DEBUG] mihomo drop | branch={274} | size=1 | parse=0 | names=[Epodonios] EPODONIOS-75 | err=-
[DROP] name=[Epodonios] EPODONIOS-75 {274} | server=188.114.97.6:443 | reason=mihomo start failed
[TEST] {275} tested=1/1 | kept=0 | rest=0
[DEBUG] mihomo isolate | branch={275} | size=1 | parse=0 | names=[Epodonios] EPODONIOS-76 | err=-
[DEBUG] mihomo drop | branch={275} | size=1 | parse=0 | names=[Epodonios] EPODONIOS-76 | err=-
[DROP] name=[Epodonios] EPODONIOS-76 {275} | server=199.232.78.101:443 | reason=mihomo start failed
[TEST] {273} tested=1/1 | kept=0 | rest=0
[DEBUG] mihomo isolate | branch={273} | size=1 | parse=0 | names=[Epodonios] EPODONIOS-74 | err=-
[DEBUG] mihomo drop | branch={273} | size=1 | parse=0 | names=[Epodonios] EPODONIOS-74 | err=-
[DROP] name=[Epodonios] EPODONIOS-74 {273} | server=167.82.76.7:443 | reason=mihomo start failed
[TEST] {276} tested=1/1 | kept=0 | rest=0
[DEBUG] mihomo isolate | branch={276} | size=1 | parse=0 | names=[Epodonios] EPODONIOS-77 | err=-
[DEBUG] mihomo drop | branch={276} | size=1 | parse=0 | names=[Epodonios] EPODONIOS-77 | err=-
[DROP] name=[Epodonios] EPODONIOS-77 {276} | server=199.232.78.160:443 | reason=mihomo start failed
[TEST] {279} tested=1/1 | kept=0 | rest=0
[DEBUG] mihomo isolate | branch={279} | size=1 | parse=0 | names=[Epodonios] EPODONIOS-80 | err=-
[DEBUG] mihomo drop | branch={279} | size=1 | parse=0 | names=[Epodonios] EPODONIOS-80 | err=-
[DROP] name=[Epodonios] EPODONIOS-80 {279} | server=104.18.154.96:2083 | reason=mihomo start failed
[TEST] {265} tested=5/5 | kept=0 | rest=0
[DEBUG] mihomo split-small | branch={265} | size=5 | parse=0 | names=[免费节点10] 🇺🇸 US 542 → tg@nicevpn123,[免费节点10] 🇺🇸 US 543 → tg@nicevpn123,[免费节点10] 🇺🇸 US 544 → tg@nicevpn123...+2 | err=-
[WARN] batch start failed | size=5 {265} | split=1 {591} + 1 {592} + 1 {593} + 1 {594} + 1 {595}
[TEST] {277} tested=1/1 | kept=0 | rest=0
[DEBUG] mihomo isolate | branch={277} | size=1 | parse=0 | names=[Epodonios] EPODONIOS-78 | err=-
[DEBUG] mihomo drop | branch={277} | size=1 | parse=0 | names=[Epodonios] EPODONIOS-78 | err=-
[DROP] name=[Epodonios] EPODONIOS-78 {277} | server=27.50.48.49:443 | reason=mihomo start failed
[TEST] {264} tested=4/4 | kept=0 | rest=0
[DEBUG] mihomo split-small | branch={264} | size=4 | parse=0 | names=[免费节点10] 🇺🇸 US 537 → tg@nicevpn123,[免费节点10] 🇺🇸 US 539 → tg@nicevpn123,[免费节点10] 🇺🇸 US 540 → tg@nicevpn123...+1 | err=-
[WARN] batch start failed | size=4 {264} | split=1 {596} + 1 {597} + 1 {598} + 1 {599}
[TEST] {267} tested=9/9 | kept=0 | rest=0
[WARN] batch start failed | size=9 {267} | split=4 {600} + 5 {601}
[TEST] {282} tested=8/8 | kept=0 | rest=0
[DEBUG] mihomo split-small | branch={282} | size=8 | parse=0 | names=[免费节点10] 🇺🇸 US 20 → tg@nicevpn123,[免费节点10] 🇺🇸 US 2000 → tg@nicevpn123,[免费节点10] 🇺🇸 US 2001 → tg@nicevpn123...+5 | err=-
[WARN] batch start failed | size=8 {282} | split=1 {602} + 1 {603} + 1 {604} + 1 {605} + 1 {606} + 1 {607} + 1 {608} + 1 {609}
[TEST] {278} tested=1/1 | kept=0 | rest=0
[DEBUG] mihomo isolate | branch={278} | size=1 | parse=0 | names=[Epodonios] EPODONIOS-79 | err=-
[DEBUG] mihomo drop | branch={278} | size=1 | parse=0 | names=[Epodonios] EPODONIOS-79 | err=-
[DROP] name=[Epodonios] EPODONIOS-79 {278} | server=116.47.10.236:27335 | reason=mihomo start failed
[TEST] {280} tested=8/8 | kept=0 | rest=0
[DEBUG] mihomo split-small | branch={280} | size=8 | parse=0 | names=[免费节点10] 🇺🇸 US 213 → tg@nicevpn123,[免费节点10] 🇺🇸 US 215 → tg@nicevpn123,[免费节点10] 🇺🇸 US 216 → tg@nicevpn123...+5 | err=-
[WARN] batch start failed | size=8 {280} | split=1 {610} + 1 {611} + 1 {612} + 1 {613} + 1 {614} + 1 {615} + 1 {616} + 1 {617}
[TEST] {281} tested=9/9 | kept=0 | rest=0
[WARN] batch start failed | size=9 {281} | split=4 {618} + 5 {619}
[TEST] {283} tested=8/8 | kept=0 | rest=0
[DEBUG] mihomo split-small | branch={283} | size=8 | parse=0 | names=[免费节点10] 🇺🇸 US 2007 → tg@nicevpn123,[免费节点10] 🇺🇸 US 2008 → tg@nicevpn123,[免费节点10] 🇺🇸 US 2009 → tg@nicevpn123...+5 | err=-
[WARN] batch start failed | size=8 {283} | split=1 {620} + 1 {621} + 1 {622} + 1 {623} + 1 {624} + 1 {625} + 1 {626} + 1 {627}
[TEST] {285} tested=9/9 | kept=0 | rest=0
[WARN] batch start failed | size=9 {285} | split=4 {628} + 5 {629}
[TEST] {284} tested=8/8 | kept=0 | rest=0
[DEBUG] mihomo split-small | branch={284} | size=8 | parse=0 | names=[免费节点10] 🇺🇸 US 237 → tg@nicevpn123,[免费节点10] 🇺🇸 US 238 → tg@nicevpn123,[免费节点10] 🇺🇸 US 239 → tg@nicevpn123...+5 | err=-
[WARN] batch start failed | size=8 {284} | split=1 {630} + 1 {631} + 1 {632} + 1 {633} + 1 {634} + 1 {635} + 1 {636} + 1 {637}
[TEST] {287} tested=9/9 | kept=0 | rest=0
[WARN] batch start failed | size=9 {287} | split=4 {638} + 5 {639}
[TEST] {286} tested=8/8 | kept=0 | rest=0
[DEBUG] mihomo split-small | branch={286} | size=8 | parse=0 | names=[免费节点10] 🇺🇸 US 259 → tg@nicevpn123,[免费节点10] 🇺🇸 US 26 → tg@nicevpn123,[免费节点10] 🇺🇸 US 260 → tg@nicevpn123...+5 | err=-
[WARN] batch start failed | size=8 {286} | split=1 {640} + 1 {641} + 1 {642} + 1 {643} + 1 {644} + 1 {645} + 1 {646} + 1 {647}
[TEST] {292} tested=1/1 | kept=0 | rest=0
[DEBUG] mihomo isolate | branch={292} | size=1 | parse=0 | names=[Epodonios] EPODONIOS-34 | err=-
[DEBUG] mihomo drop | branch={292} | size=1 | parse=0 | names=[Epodonios] EPODONIOS-34 | err=-
[DROP] name=[Epodonios] EPODONIOS-34 {292} | server=199.232.78.160:443 | reason=mihomo start failed
[TEST] {294} tested=1/1 | kept=0 | rest=0
[DEBUG] mihomo isolate | branch={294} | size=1 | parse=0 | names=[Epodonios] EPODONIOS-36 | err=-
[DEBUG] mihomo drop | branch={294} | size=1 | parse=0 | names=[Epodonios] EPODONIOS-36 | err=-
[DROP] name=[Epodonios] EPODONIOS-36 {294} | server=151.101.56.230:443 | reason=mihomo start failed
[TEST] {295} tested=1/1 | kept=0 | rest=0
[DEBUG] mihomo isolate | branch={295} | size=1 | parse=0 | names=[Epodonios] EPODONIOS-37 | err=-
[DEBUG] mihomo drop | branch={295} | size=1 | parse=0 | names=[Epodonios] EPODONIOS-37 | err=-
[DROP] name=[Epodonios] EPODONIOS-37 {295} | server=167.82.76.7:443 | reason=mihomo start failed
[TEST] {293} tested=1/1 | kept=0 | rest=0
[DEBUG] mihomo isolate | branch={293} | size=1 | parse=0 | names=[Epodonios] EPODONIOS-35 | err=-
[DEBUG] mihomo drop | branch={293} | size=1 | parse=0 | names=[Epodonios] EPODONIOS-35 | err=-
[DROP] name=[Epodonios] EPODONIOS-35 {293} | server=140.248.185.253:443 | reason=mihomo start failed
[TEST] {290} tested=1/1 | kept=0 | rest=0
[DEBUG] mihomo isolate | branch={290} | size=1 | parse=0 | names=[Epodonios] EPODONIOS-32 | err=-
[DEBUG] mihomo drop | branch={290} | size=1 | parse=0 | names=[Epodonios] EPODONIOS-32 | err=-
[DROP] name=[Epodonios] EPODONIOS-32 {290} | server=167.82.76.7:443 | reason=mihomo start failed
[TEST] {291} tested=1/1 | kept=0 | rest=0
[DEBUG] mihomo isolate | branch={291} | size=1 | parse=0 | names=[Epodonios] EPODONIOS-33 | err=-
[DEBUG] mihomo drop | branch={291} | size=1 | parse=0 | names=[Epodonios] EPODONIOS-33 | err=-
[DROP] name=[Epodonios] EPODONIOS-33 {291} | server=199.232.78.101:443 | reason=mihomo start failed
[TEST] {297} tested=1/1 | kept=0 | rest=0
[DEBUG] mihomo isolate | branch={297} | size=1 | parse=0 | names=[Epodonios] EPODONIOS-39 | err=-
[DEBUG] mihomo drop | branch={297} | size=1 | parse=0 | names=[Epodonios] EPODONIOS-39 | err=-
[DROP] name=[Epodonios] EPODONIOS-39 {297} | server=199.232.78.160:443 | reason=mihomo start failed
[TEST] {296} tested=1/1 | kept=0 | rest=0
[DEBUG] mihomo isolate | branch={296} | size=1 | parse=0 | names=[Epodonios] EPODONIOS-38 | err=-
[DEBUG] mihomo drop | branch={296} | size=1 | parse=0 | names=[Epodonios] EPODONIOS-38 | err=-
[DROP] name=[Epodonios] EPODONIOS-38 {296} | server=199.232.78.101:443 | reason=mihomo start failed
[TEST] {289} tested=9/9 | kept=0 | rest=0
[WARN] batch start failed | size=9 {289} | split=4 {648} + 5 {649}
[TEST] {302} tested=1/1 | kept=0 | rest=0
[DEBUG] mihomo isolate | branch={302} | size=1 | parse=0 | names=[Epodonios] EPODONIOS-26 | err=-
[DEBUG] mihomo drop | branch={302} | size=1 | parse=0 | names=[Epodonios] EPODONIOS-26 | err=-
[DROP] name=[Epodonios] EPODONIOS-26 {302} | server=151.101.56.7:443 | reason=mihomo start failed
[TEST] {288} tested=8/8 | kept=0 | rest=0
[DEBUG] mihomo split-small | branch={288} | size=8 | parse=0 | names=[免费节点10] 🇺🇸 US 3 → tg@nicevpn123,[免费节点10] 🇺🇸 US 30 → tg@nicevpn123,[免费节点10] 🇺🇸 US 300 → tg@nicevpn123...+5 | err=-
[WARN] batch start failed | size=8 {288} | split=1 {650} + 1 {651} + 1 {652} + 1 {653} + 1 {654} + 1 {655} + 1 {656} + 1 {657}
[TEST] {303} tested=1/1 | kept=0 | rest=0
[DEBUG] mihomo isolate | branch={303} | size=1 | parse=0 | names=[Epodonios] EPODONIOS-27 | err=-
[DEBUG] mihomo drop | branch={303} | size=1 | parse=0 | names=[Epodonios] EPODONIOS-27 | err=-
[DROP] name=[Epodonios] EPODONIOS-27 {303} | server=199.232.78.101:443 | reason=mihomo start failed
[TEST] {300} tested=1/1 | kept=0 | rest=0
[DEBUG] mihomo isolate | branch={300} | size=1 | parse=0 | names=[Epodonios] EPODONIOS-24 | err=-
[DEBUG] mihomo drop | branch={300} | size=1 | parse=0 | names=[Epodonios] EPODONIOS-24 | err=-
[DROP] name=[Epodonios] EPODONIOS-24 {300} | server=199.232.78.101:443 | reason=mihomo start failed
[TEST] {301} tested=1/1 | kept=0 | rest=0
[DEBUG] mihomo isolate | branch={301} | size=1 | parse=0 | names=[Epodonios] EPODONIOS-25 | err=-
[DEBUG] mihomo drop | branch={301} | size=1 | parse=0 | names=[Epodonios] EPODONIOS-25 | err=-
[DROP] name=[Epodonios] EPODONIOS-25 {301} | server=199.232.78.160:443 | reason=mihomo start failed
[TEST] {304} tested=1/1 | kept=0 | rest=0
[DEBUG] mihomo isolate | branch={304} | size=1 | parse=0 | names=[Epodonios] EPODONIOS-28 | err=-
[DEBUG] mihomo drop | branch={304} | size=1 | parse=0 | names=[Epodonios] EPODONIOS-28 | err=-
[DROP] name=[Epodonios] EPODONIOS-28 {304} | server=199.232.78.160:443 | reason=mihomo start failed
[TEST] {306} tested=1/1 | kept=0 | rest=0
[DEBUG] mihomo isolate | branch={306} | size=1 | parse=0 | names=[Epodonios] EPODONIOS-30 | err=-
[DEBUG] mihomo drop | branch={306} | size=1 | parse=0 | names=[Epodonios] EPODONIOS-30 | err=-
[DROP] name=[Epodonios] EPODONIOS-30 {306} | server=151.101.56.56:443 | reason=mihomo start failed
[TEST] {307} tested=1/1 | kept=0 | rest=0
[DEBUG] mihomo isolate | branch={307} | size=1 | parse=0 | names=[Epodonios] EPODONIOS-31 | err=-
[DEBUG] mihomo drop | branch={307} | size=1 | parse=0 | names=[Epodonios] EPODONIOS-31 | err=-
[DROP] name=[Epodonios] EPODONIOS-31 {307} | server=151.101.56.7:443 | reason=mihomo start failed
[TEST] {298} tested=8/8 | kept=0 | rest=0
[DEBUG] mihomo split-small | branch={298} | size=8 | parse=0 | names=[免费节点10] 🇺🇸 US 275 → tg@nicevpn123,[免费节点10] 🇺🇸 US 276 → tg@nicevpn123,[免费节点10] 🇺🇸 US 277 → tg@nicevpn123...+5 | err=-
[WARN] batch start failed | size=8 {298} | split=1 {658} + 1 {659} + 1 {660} + 1 {661} + 1 {662} + 1 {663} + 1 {664} + 1 {665}
[TEST] {299} tested=9/9 | kept=0 | rest=0
[WARN] batch start failed | size=9 {299} | split=4 {666} + 5 {667}
[DEBUG] mihomo start-fail | branch={309} | size=5 | parse=1 | rc=1 | names=[Free-clash-v2ray] 🇫🇷FR_9|438KB/s 01,[Free-clash-v2ray] 🇸🇬SG_1|816KB/s 01,[Free-clash-v2ray] 🇷🇴RO_3|2.2MB/s|X001-2...+2 | err=rc=1 Mihomo exited before controller became ready time="2026-09-28T12:39:36.647038366Z" level=info msg="Start initial configuration in progress" time="2026-09-28T12:39:36.653772044Z" level=fatal msg="Parse config error: proxy 3: '' has u...
[DEBUG] mihomo split-small | branch={309} | size=5 | parse=1 | names=[Free-clash-v2ray] 🇫🇷FR_9|438KB/s 01,[Free-clash-v2ray] 🇸🇬SG_1|816KB/s 01,[Free-clash-v2ray] 🇷🇴RO_3|2.2MB/s|X001-2...+2 | err=Mihomo exited before controller became ready time="2026-09-28T12:39:36.647038366Z" level=info msg="Start initial configuration in progress" time="2026-09-28T12:39:36.653772044Z" level=fatal msg="Parse config error: proxy 3: '' has unset ...
[WARN] batch start failed | size=5 {309} | split=1 {668} + 1 {669} + 1 {670} + 1 {671} + 1 {672}
[TEST] {310} tested=1/1 | kept=0 | rest=0
[DEBUG] mihomo isolate | branch={310} | size=1 | parse=0 | names=[Epodonios] EPODONIOS-40 | err=-
[DEBUG] mihomo drop | branch={310} | size=1 | parse=0 | names=[Epodonios] EPODONIOS-40 | err=-
[DROP] name=[Epodonios] EPODONIOS-40 {310} | server=151.101.0.0:80 | reason=mihomo start failed
[TEST] {313} tested=1/1 | kept=0 | rest=0
[DEBUG] mihomo isolate | branch={313} | size=1 | parse=0 | names=[Epodonios] Telegram---PLANB_NET---PLANB | err=-
[DEBUG] mihomo drop | branch={313} | size=1 | parse=0 | names=[Epodonios] Telegram---PLANB_NET---PLANB | err=-
[DROP] name=[Epodonios] Telegram---PLANB_NET---PLANB_NET---PLANB_NET---PLANB_NET?ed&security=tls&alpn=http/1.1&insecure=0&host=f2au50vwmige9oftda.netizo14.workers.dev&fp=chrome&type=ws&allowInsecure=0&sni=f2au50VWMige9OFTDA.NeTizo14.wOrKErS.dEV#EPODONIOS {313} | server=www.speedtest.net:443 | reason=mihomo start failed
[TEST] {314} tested=1/1 | kept=0 | rest=0
[DEBUG] mihomo isolate | branch={314} | size=1 | parse=0 | names=[Epodonios] EPODONIOS-43 | err=-
[DEBUG] mihomo drop | branch={314} | size=1 | parse=0 | names=[Epodonios] EPODONIOS-43 | err=-
[DROP] name=[Epodonios] EPODONIOS-43 {314} | server=104.17.108.189:443 | reason=mihomo start failed
[TEST] {305} tested=1/1 | kept=0 | rest=0
[DEBUG] mihomo isolate | branch={305} | size=1 | parse=0 | names=[Epodonios] EPODONIOS-29 | err=-
[DEBUG] mihomo drop | branch={305} | size=1 | parse=0 | names=[Epodonios] EPODONIOS-29 | err=-
[DROP] name=[Epodonios] EPODONIOS-29 {305} | server=84.234.31.249:443 | reason=mihomo start failed
[TEST] {315} tested=1/1 | kept=0 | rest=0
[DEBUG] mihomo isolate | branch={315} | size=1 | parse=0 | names=[Epodonios] EPODONIOS-44 | err=-
[DEBUG] mihomo drop | branch={315} | size=1 | parse=0 | names=[Epodonios] EPODONIOS-44 | err=-
[DROP] name=[Epodonios] EPODONIOS-44 {315} | server=66.33.22.242:30797 | reason=mihomo start failed
[TEST] {308} tested=4/4 | kept=0 | rest=0
[DEBUG] mihomo split-small | branch={308} | size=4 | parse=0 | names=[Free-clash-v2ray] 🇫🇷FR_1864|491KB/s|T00,[Free-clash-v2ray] socks5,[Free-clash-v2ray] 香港 16...+1 | err=-
[WARN] batch start failed | size=4 {308} | split=1 {673} + 1 {674} + 1 {675} + 1 {676}
[TEST] {316} tested=1/1 | kept=0 | rest=0
[DEBUG] mihomo isolate | branch={316} | size=1 | parse=0 | names=[Epodonios] EPODONIOS-45 | err=-
[DEBUG] mihomo drop | branch={316} | size=1 | parse=0 | names=[Epodonios] EPODONIOS-45 | err=-
[DROP] name=[Epodonios] EPODONIOS-45 {316} | server=69.46.46.159:443 | reason=mihomo start failed
[TEST] {311} tested=1/1 | kept=0 | rest=0
[DEBUG] mihomo isolate | branch={311} | size=1 | parse=0 | names=[Epodonios] EPODONIOS-41 | err=-
[DEBUG] mihomo drop | branch={311} | size=1 | parse=0 | names=[Epodonios] EPODONIOS-41 | err=-
[DROP] name=[Epodonios] EPODONIOS-41 {311} | server=13.192.168.51:443 | reason=mihomo start failed
[TEST] {312} tested=1/1 | kept=0 | rest=0
[DEBUG] mihomo isolate | branch={312} | size=1 | parse=0 | names=[Epodonios] EPODONIOS-42 | err=-
[DEBUG] mihomo drop | branch={312} | size=1 | parse=0 | names=[Epodonios] EPODONIOS-42 | err=-
[DROP] name=[Epodonios] EPODONIOS-42 {312} | server=188.114.97.3:443 | reason=mihomo start failed
[TEST] {317} tested=1/1 | kept=0 | rest=0
[DEBUG] mihomo isolate | branch={317} | size=1 | parse=0 | names=[Epodonios] EPODONIOS-46 | err=-
[DEBUG] mihomo drop | branch={317} | size=1 | parse=0 | names=[Epodonios] EPODONIOS-46 | err=-
[DROP] name=[Epodonios] EPODONIOS-46 {317} | server=129.146.254.39:443 | reason=mihomo start failed
[TEST] {318} tested=4/4 | kept=0 | rest=0
[DEBUG] mihomo split-small | branch={318} | size=4 | parse=0 | names=[Epodonios] EPODONIOS-47,[Epodonios] EPODONIOS-48,[Epodonios] EPODONIOS-49...+1 | err=-
[WARN] batch start failed | size=4 {318} | split=1 {677} + 1 {678} + 1 {679} + 1 {680}
[TEST] {319} tested=5/5 | kept=0 | rest=0
[DEBUG] mihomo split-small | branch={319} | size=5 | parse=0 | names=[Epodonios] EPODONIOS-51,[Epodonios] EPODONIOS-52,[Epodonios] EPODONIOS-53...+2 | err=-
[WARN] batch start failed | size=5 {319} | split=1 {681} + 1 {682} + 1 {683} + 1 {684} + 1 {685}
[TEST] {321} tested=8/8 | kept=0 | rest=0
[DEBUG] mihomo split-small | branch={321} | size=8 | parse=0 | names=[免费节点10] 🇺🇸 US 329 → tg@nicevpn123,[免费节点10] 🇺🇸 US 33 → tg@nicevpn123,[免费节点10] 🇺🇸 US 330 → tg@nicevpn123...+5 | err=-
[WARN] batch start failed | size=8 {321} | split=1 {686} + 1 {687} + 1 {688} + 1 {689} + 1 {690} + 1 {691} + 1 {692} + 1 {693}
[TEST] {320} tested=8/8 | kept=0 | rest=0
[DEBUG] mihomo split-small | branch={320} | size=8 | parse=0 | names=[免费节点10] 🇺🇸 US 32 → tg@nicevpn123,[免费节点10] 🇺🇸 US 320 → tg@nicevpn123,[免费节点10] 🇺🇸 US 322 → tg@nicevpn123...+5 | err=-
[WARN] batch start failed | size=8 {320} | split=1 {694} + 1 {695} + 1 {696} + 1 {697} + 1 {698} + 1 {699} + 1 {700} + 1 {701}
[TEST] {323} tested=9/9 | kept=0 | rest=0
[WARN] batch start failed | size=9 {323} | split=4 {702} + 5 {703}
[TEST] {327} tested=1/1 | kept=0 | rest=0
[DEBUG] mihomo isolate | branch={327} | size=1 | parse=0 | names=[Pawdroid-SS-APK] United+States-10 | err=-
[DEBUG] mihomo drop | branch={327} | size=1 | parse=0 | names=[Pawdroid-SS-APK] United+States-10 | err=-
[DROP] name=[Pawdroid-SS-APK] United+States-10 {327} | server=154.53.63.33:443 | reason=mihomo start failed
[TEST] {322} tested=8/8 | kept=0 | rest=0
[DEBUG] mihomo split-small | branch={322} | size=8 | parse=0 | names=[免费节点10] 🇺🇸 US 34 → tg@nicevpn123,[免费节点10] 🇺🇸 US 341 → tg@nicevpn123,[免费节点10] 🇺🇸 US 342 → tg@nicevpn123...+5 | err=-
[WARN] batch start failed | size=8 {322} | split=1 {704} + 1 {705} + 1 {706} + 1 {707} + 1 {708} + 1 {709} + 1 {710} + 1 {711}
[TEST] {326} tested=1/1 | kept=1 | rest=0
[TEST] {324} tested=8/8 | kept=0 | rest=0
[DEBUG] mihomo split-small | branch={324} | size=8 | parse=0 | names=[免费节点10] 🇺🇸 US 383 → tg@nicevpn123,[免费节点10] 🇺🇸 US 384 → tg@nicevpn123,[免费节点10] 🇺🇸 US 385 → tg@nicevpn123...+5 | err=-
[WARN] batch start failed | size=8 {324} | split=1 {712} + 1 {713} + 1 {714} + 1 {715} + 1 {716} + 1 {717} + 1 {718} + 1 {719}
[DEBUG] mihomo start-fail | branch={329} | size=1 | parse=1 | rc=1 | names=[Pawdroid-SS-APK] United+Kingdom-4 | err=rc=1 Mihomo exited before controller became ready time="2026-09-28T12:39:52.617974806Z" level=info msg="Start initial configuration in progress" time="2026-09-28T12:39:52.618032113Z" level=fatal msg="Parse config error: proxy 0: ss 82.38...
[DEBUG] mihomo isolate | branch={329} | size=1 | parse=1 | names=[Pawdroid-SS-APK] United+Kingdom-4 | err=Mihomo exited before controller became ready time="2026-09-28T12:39:52.617974806Z" level=info msg="Start initial configuration in progress" time="2026-09-28T12:39:52.618032113Z" level=fatal msg="Parse config error: proxy 0: ss 82.38.31.1...
[REPAIR] name=[Pawdroid-SS-APK] United+Kingdom-4 {329} | fields=cipher
[TEST] {330} tested=1/1 | kept=0 | rest=0
[DEBUG] mihomo isolate | branch={330} | size=1 | parse=0 | names=[Pawdroid-SS-APK] United+Kingdom-5 | err=-
[DEBUG] mihomo drop | branch={330} | size=1 | parse=0 | names=[Pawdroid-SS-APK] United+Kingdom-5 | err=-
[DROP] name=[Pawdroid-SS-APK] United+Kingdom-5 {330} | server=149.102.152.25:80 | reason=mihomo start failed
[TEST] {325} tested=9/9 | kept=0 | rest=0
[WARN] batch start failed | size=9 {325} | split=4 {720} + 5 {721}
[TEST] {333} tested=1/1 | kept=0 | rest=0
[DEBUG] mihomo isolate | branch={333} | size=1 | parse=0 | names=[Pawdroid-SS-APK] United+States-9 | err=-
[DEBUG] mihomo drop | branch={333} | size=1 | parse=0 | names=[Pawdroid-SS-APK] United+States-9 | err=-
[DROP] name=[Pawdroid-SS-APK] United+States-9 {333} | server=154.12.242.150:80 | reason=mihomo start failed
[TEST] {336} tested=1/1 | kept=0 | rest=0
[DEBUG] mihomo isolate | branch={336} | size=1 | parse=0 | names=[Pawdroid-SS-APK] United+Kingdom | err=-
[DEBUG] mihomo drop | branch={336} | size=1 | parse=0 | names=[Pawdroid-SS-APK] United+Kingdom | err=-
[DROP] name=[Pawdroid-SS-APK] United+Kingdom {336} | server=149.102.132.180:80 | reason=mihomo start failed
[TEST] {334} tested=1/1 | kept=0 | rest=0
[DEBUG] mihomo isolate | branch={334} | size=1 | parse=0 | names=[Pawdroid-SS-APK] Germany-2 | err=-
[DEBUG] mihomo drop | branch={334} | size=1 | parse=0 | names=[Pawdroid-SS-APK] Germany-2 | err=-
[DROP] name=[Pawdroid-SS-APK] Germany-2 {334} | server=62.146.171.57:443 | reason=mihomo start failed
[TEST] {328} tested=1/1 | kept=0 | rest=0
[DEBUG] mihomo isolate | branch={328} | size=1 | parse=0 | names=[Pawdroid-SS-APK] United+Kingdom-3 | err=-
[DEBUG] mihomo drop | branch={328} | size=1 | parse=0 | names=[Pawdroid-SS-APK] United+Kingdom-3 | err=-
[DROP] name=[Pawdroid-SS-APK] United+Kingdom-3 {328} | server=82.38.31.195:8080 | reason=mihomo start failed
[TEST] {329} tested=1/1 | kept=1 | rest=0
[TEST] {331} tested=8/8 | kept=0 | rest=0
[DEBUG] mihomo split-small | branch={331} | size=8 | parse=0 | names=[免费节点10] 🇺🇸 US 359 → tg@nicevpn123,[免费节点10] 🇺🇸 US 36 → tg@nicevpn123,[免费节点10] 🇺🇸 US 360 → tg@nicevpn123...+5 | err=-
[WARN] batch start failed | size=8 {331} | split=1 {722} + 1 {723} + 1 {724} + 1 {725} + 1 {726} + 1 {727} + 1 {728} + 1 {729}
[TEST] {332} tested=9/9 | kept=0 | rest=0
[WARN] batch start failed | size=9 {332} | split=4 {730} + 5 {731}
[TEST] {337} tested=1/1 | kept=0 | rest=0
[DEBUG] mihomo isolate | branch={337} | size=1 | parse=0 | names=[Pawdroid-SS-APK] 挪威+V2CROSS.COM | err=-
[DEBUG] mihomo drop | branch={337} | size=1 | parse=0 | names=[Pawdroid-SS-APK] 挪威+V2CROSS.COM | err=-
[DROP] name=[Pawdroid-SS-APK] 挪威+V2CROSS.COM {337} | server=138.124.0.168:8080 | reason=mihomo start failed
[TEST] {341} tested=1/1 | kept=0 | rest=0
[DEBUG] mihomo isolate | branch={341} | size=1 | parse=0 | names=[Pawdroid-SS-APK] Singapore | err=-
[DEBUG] mihomo drop | branch={341} | size=1 | parse=0 | names=[Pawdroid-SS-APK] Singapore | err=-
[DROP] name=[Pawdroid-SS-APK] Singapore {341} | server=139.180.133.90:80 | reason=mihomo start failed
[TEST] {335} tested=1/1 | kept=0 | rest=0
[DEBUG] mihomo isolate | branch={335} | size=1 | parse=0 | names=[Pawdroid-SS-APK] Poland-6 | err=-
[DEBUG] mihomo drop | branch={335} | size=1 | parse=0 | names=[Pawdroid-SS-APK] Poland-6 | err=-
[DROP] name=[Pawdroid-SS-APK] Poland-6 {335} | server=94.72.127.58:443 | reason=mihomo start failed
[TEST] {339} tested=1/1 | kept=0 | rest=0
[DEBUG] mihomo isolate | branch={339} | size=1 | parse=0 | names=[Pawdroid-SS-APK] Poland | err=-
[DEBUG] mihomo drop | branch={339} | size=1 | parse=0 | names=[Pawdroid-SS-APK] Poland | err=-
[DROP] name=[Pawdroid-SS-APK] Poland {339} | server=95.40.120.162:8319 | reason=mihomo start failed
[TEST] {338} tested=1/1 | kept=0 | rest=0
[DEBUG] mihomo isolate | branch={338} | size=1 | parse=0 | names=[Pawdroid-SS-APK] 俄罗斯+鞑靼斯坦喀山justhost-2 | err=-
[DEBUG] mihomo drop | branch={338} | size=1 | parse=0 | names=[Pawdroid-SS-APK] 俄罗斯+鞑靼斯坦喀山justhost-2 | err=-
[DROP] name=[Pawdroid-SS-APK] 俄罗斯+鞑靼斯坦喀山justhost-2 {338} | server=ru1.xiaoliyu.cyou:4433 | reason=mihomo start failed
[TEST] {344} tested=1/1 | kept=0 | rest=0
[DEBUG] mihomo isolate | branch={344} | size=1 | parse=0 | names=[Pawdroid-SS-APK] Singapore-3 | err=-
[DEBUG] mihomo drop | branch={344} | size=1 | parse=0 | names=[Pawdroid-SS-APK] Singapore-3 | err=-
[DROP] name=[Pawdroid-SS-APK] Singapore-3 {344} | server=139.180.133.90:443 | reason=mihomo start failed
[TEST] {342} tested=1/1 | kept=0 | rest=0
[DEBUG] mihomo isolate | branch={342} | size=1 | parse=0 | names=[Pawdroid-SS-APK] Singapore-2 | err=-
[DEBUG] mihomo drop | branch={342} | size=1 | parse=0 | names=[Pawdroid-SS-APK] Singapore-2 | err=-
[DROP] name=[Pawdroid-SS-APK] Singapore-2 {342} | server=176.97.64.144:8388 | reason=mihomo start failed
[TEST] {340} tested=1/1 | kept=0 | rest=0
[DEBUG] mihomo isolate | branch={340} | size=1 | parse=0 | names=[Pawdroid-SS-APK] Poland-2 | err=-
[DEBUG] mihomo drop | branch={340} | size=1 | parse=0 | names=[Pawdroid-SS-APK] Poland-2 | err=-
[DROP] name=[Pawdroid-SS-APK] Poland-2 {340} | server=95.40.120.162:8316 | reason=mihomo start failed
[TEST] {343} tested=1/1 | kept=0 | rest=0
[DEBUG] mihomo isolate | branch={343} | size=1 | parse=0 | names=[Pawdroid-SS-APK] United+States | err=-
[DEBUG] mihomo drop | branch={343} | size=1 | parse=0 | names=[Pawdroid-SS-APK] United+States | err=-
[DROP] name=[Pawdroid-SS-APK] United+States {343} | server=64.90.7.12:47509 | reason=mihomo start failed
[TEST] {346} tested=9/9 | kept=0 | rest=0
[WARN] batch start failed | size=9 {346} | split=4 {732} + 5 {733}
[TEST] {349} tested=8/8 | kept=0 | rest=0
[DEBUG] mihomo split-small | branch={349} | size=8 | parse=0 | names=[免费节点10] 🇺🇸 US 462 → tg@nicevpn123,[免费节点10] 🇺🇸 US 463 → tg@nicevpn123,[免费节点10] 🇺🇸 US 464 → tg@nicevpn123...+5 | err=-
[WARN] batch start failed | size=8 {349} | split=1 {734} + 1 {735} + 1 {736} + 1 {737} + 1 {738} + 1 {739} + 1 {740} + 1 {741}
[TEST] {345} tested=8/8 | kept=0 | rest=0
[DEBUG] mihomo split-small | branch={345} | size=8 | parse=0 | names=[免费节点10] 🇺🇸 US 418 → tg@nicevpn123,[免费节点10] 🇺🇸 US 42 → tg@nicevpn123,[免费节点10] 🇺🇸 US 421 → tg@nicevpn123...+5 | err=-
[WARN] batch start failed | size=8 {345} | split=1 {742} + 1 {743} + 1 {744} + 1 {745} + 1 {746} + 1 {747} + 1 {748} + 1 {749}
[TEST] {352} tested=1/1 | kept=0 | rest=0
[DEBUG] mihomo isolate | branch={352} | size=1 | parse=0 | names=[Pawdroid-SS-APK] Poland-3 | err=-
[DEBUG] mihomo drop | branch={352} | size=1 | parse=0 | names=[Pawdroid-SS-APK] Poland-3 | err=-
[DROP] name=[Pawdroid-SS-APK] Poland-3 {352} | server=94.72.127.55:443 | reason=mihomo start failed
[TEST] {351} tested=1/1 | kept=0 | rest=0
[DEBUG] mihomo isolate | branch={351} | size=1 | parse=0 | names=[Pawdroid-SS-APK] United+States-2 | err=-
[DEBUG] mihomo drop | branch={351} | size=1 | parse=0 | names=[Pawdroid-SS-APK] United+States-2 | err=-
[DROP] name=[Pawdroid-SS-APK] United+States-2 {351} | server=154.12.240.141:443 | reason=mihomo start failed
[TEST] {354} tested=1/1 | kept=0 | rest=0
[DEBUG] mihomo isolate | branch={354} | size=1 | parse=0 | names=[Pawdroid-SS-APK] United+States-4 | err=-
[DEBUG] mihomo drop | branch={354} | size=1 | parse=0 | names=[Pawdroid-SS-APK] United+States-4 | err=-
[DROP] name=[Pawdroid-SS-APK] United+States-4 {354} | server=154.53.60.212:80 | reason=mihomo start failed
[TEST] {353} tested=1/1 | kept=0 | rest=0
[DEBUG] mihomo isolate | branch={353} | size=1 | parse=0 | names=[Pawdroid-SS-APK] United+States-3 | err=-
[DEBUG] mihomo drop | branch={353} | size=1 | parse=0 | names=[Pawdroid-SS-APK] United+States-3 | err=-
[DROP] name=[Pawdroid-SS-APK] United+States-3 {353} | server=154.12.240.141:80 | reason=mihomo start failed
[TEST] {348} tested=9/9 | kept=0 | rest=0
[WARN] batch start failed | size=9 {348} | split=4 {750} + 5 {751}
[TEST] {347} tested=8/8 | kept=0 | rest=0
[DEBUG] mihomo split-small | branch={347} | size=8 | parse=0 | names=[免费节点10] 🇺🇸 US 439 → tg@nicevpn123,[免费节点10] 🇺🇸 US 441 → tg@nicevpn123,[免费节点10] 🇺🇸 US 443 → tg@nicevpn123...+5 | err=-
[WARN] batch start failed | size=8 {347} | split=1 {752} + 1 {753} + 1 {754} + 1 {755} + 1 {756} + 1 {757} + 1 {758} + 1 {759}
[TEST] {350} tested=9/9 | kept=0 | rest=0
[WARN] batch start failed | size=9 {350} | split=4 {760} + 5 {761}
[TEST] {358} tested=1/1 | kept=0 | rest=0
[DEBUG] mihomo isolate | branch={358} | size=1 | parse=0 | names=[免费节点10] 🇺🇸 US 403 → tg@nicevpn123 | err=-
[DEBUG] mihomo drop | branch={358} | size=1 | parse=0 | names=[免费节点10] 🇺🇸 US 403 → tg@nicevpn123 | err=-
[DROP] name=[免费节点10] 🇺🇸 US 403 → tg@nicevpn123 {358} | server=104.19.250.15:2052 | reason=mihomo start failed
[TEST] {359} tested=1/1 | kept=0 | rest=0
[DEBUG] mihomo isolate | branch={359} | size=1 | parse=0 | names=[免费节点10] 🇺🇸 US 404 → tg@nicevpn123 | err=-
[DEBUG] mihomo drop | branch={359} | size=1 | parse=0 | names=[免费节点10] 🇺🇸 US 404 → tg@nicevpn123 | err=-
[DROP] name=[免费节点10] 🇺🇸 US 404 → tg@nicevpn123 {359} | server=104.16.57.148:8080 | reason=mihomo start failed
[TEST] {355} tested=1/1 | kept=0 | rest=0
[DEBUG] mihomo isolate | branch={355} | size=1 | parse=0 | names=[免费节点10] 🇺🇸 US 400 → tg@nicevpn123 | err=-
[DEBUG] mihomo drop | branch={355} | size=1 | parse=0 | names=[免费节点10] 🇺🇸 US 400 → tg@nicevpn123 | err=-
[DROP] name=[免费节点10] 🇺🇸 US 400 → tg@nicevpn123 {355} | server=2.58.87.221:46628 | reason=mihomo start failed
[TEST] {361} tested=1/1 | kept=0 | rest=0
[DEBUG] mihomo isolate | branch={361} | size=1 | parse=0 | names=[免费节点10] 🇺🇸 US 406 → tg@nicevpn123 | err=-
[DEBUG] mihomo drop | branch={361} | size=1 | parse=0 | names=[免费节点10] 🇺🇸 US 406 → tg@nicevpn123 | err=-
[DROP] name=[免费节点10] 🇺🇸 US 406 → tg@nicevpn123 {361} | server=172.67.184.53:8443 | reason=mihomo start failed
[TEST] {356} tested=1/1 | kept=0 | rest=0
[DEBUG] mihomo isolate | branch={356} | size=1 | parse=0 | names=[免费节点10] 🇺🇸 US 401 → tg@nicevpn123 | err=-
[DEBUG] mihomo drop | branch={356} | size=1 | parse=0 | names=[免费节点10] 🇺🇸 US 401 → tg@nicevpn123 | err=-
[DROP] name=[免费节点10] 🇺🇸 US 401 → tg@nicevpn123 {356} | server=beeconf.xyz:8080 | reason=mihomo start failed
[DEBUG] mihomo start-fail | branch={363} | size=1 | parse=1 | rc=1 | names=[ChromeGO-Merge] WARP | err=rc=1 Mihomo exited before controller became ready time="2026-09-28T12:40:16.674361380Z" level=info msg="Start initial configuration in progress" time="2026-09-28T12:40:16.674679722Z" level=fatal msg="Parse config error: proxy [[ChromeGO-...
[DEBUG] mihomo isolate | branch={363} | size=1 | parse=1 | names=[ChromeGO-Merge] WARP | err=Mihomo exited before controller became ready time="2026-09-28T12:40:16.674361380Z" level=info msg="Start initial configuration in progress" time="2026-09-28T12:40:16.674679722Z" level=fatal msg="Parse config error: proxy [[ChromeGO-Merge...
[REPAIR] name=[ChromeGO-Merge] WARP {363} | fields=dialer-proxy
[TEST] {363} tested=1/1 | kept=1 | rest=0
[TEST] {357} tested=1/1 | kept=0 | rest=0
[DEBUG] mihomo isolate | branch={357} | size=1 | parse=0 | names=[免费节点10] 🇺🇸 US 402 → tg@nicevpn123 | err=-
[DEBUG] mihomo drop | branch={357} | size=1 | parse=0 | names=[免费节点10] 🇺🇸 US 402 → tg@nicevpn123 | err=-
[DROP] name=[免费节点10] 🇺🇸 US 402 → tg@nicevpn123 {357} | server=ip0axv1bbsu02k7-us.1ytnode.com:56357 | reason=mihomo start failed
[DEBUG] mihomo start-fail | branch={364} | size=1 | parse=1 | rc=1 | names=[ChromeGO-Merge] Taiwan | err=rc=1 Mihomo exited before controller became ready time="2026-09-28T12:40:17.803673426Z" level=info msg="Start initial configuration in progress" time="2026-09-28T12:40:17.803759116Z" level=fatal msg="Parse config error: proxy 0: '' has u...
[DEBUG] mihomo isolate | branch={364} | size=1 | parse=1 | names=[ChromeGO-Merge] Taiwan | err=Mihomo exited before controller became ready time="2026-09-28T12:40:17.803673426Z" level=info msg="Start initial configuration in progress" time="2026-09-28T12:40:17.803759116Z" level=fatal msg="Parse config error: proxy 0: '' has unset ...
[REPAIR] name=[ChromeGO-Merge] Taiwan {364} | fields=up,down
[DEBUG] mihomo start-fail | branch={366} | size=1 | parse=1 | rc=1 | names=[ChromeGO-Merge] France-2 | err=rc=1 Mihomo exited before controller became ready time="2026-09-28T12:40:17.927054307Z" level=info msg="Start initial configuration in progress" time="2026-09-28T12:40:17.927129491Z" level=fatal msg="Parse config error: proxy 0: '' has u...
[DEBUG] mihomo isolate | branch={366} | size=1 | parse=1 | names=[ChromeGO-Merge] France-2 | err=Mihomo exited before controller became ready time="2026-09-28T12:40:17.927054307Z" level=info msg="Start initial configuration in progress" time="2026-09-28T12:40:17.927129491Z" level=fatal msg="Parse config error: proxy 0: '' has unset ...
[REPAIR] name=[ChromeGO-Merge] France-2 {366} | fields=up,down
[TEST] {364} tested=1/1 | kept=0 | rest=0
[DEBUG] mihomo start-fail | branch={368} | size=1 | parse=1 | rc=1 | names=[ChromeGO-Merge] Taiwan-2 | err=rc=1 Mihomo exited before controller became ready time="2026-09-28T12:40:18.052162172Z" level=info msg="Start initial configuration in progress" time="2026-09-28T12:40:18.052251798Z" level=fatal msg="Parse config error: proxy 0: '' has u...
[DEBUG] mihomo isolate | branch={368} | size=1 | parse=1 | names=[ChromeGO-Merge] Taiwan-2 | err=Mihomo exited before controller became ready time="2026-09-28T12:40:18.052162172Z" level=info msg="Start initial configuration in progress" time="2026-09-28T12:40:18.052251798Z" level=fatal msg="Parse config error: proxy 0: '' has unset ...
[REPAIR] name=[ChromeGO-Merge] Taiwan-2 {368} | fields=up,down
[DEBUG] mihomo start-fail | branch={367} | size=1 | parse=1 | rc=1 | names=[ChromeGO-Merge] United-4 | err=rc=1 Mihomo exited before controller became ready time="2026-09-28T12:40:18.177629001Z" level=info msg="Start initial configuration in progress" time="2026-09-28T12:40:18.177733219Z" level=fatal msg="Parse config error: proxy 0: '' has u...
[DEBUG] mihomo isolate | branch={367} | size=1 | parse=1 | names=[ChromeGO-Merge] United-4 | err=Mihomo exited before controller became ready time="2026-09-28T12:40:18.177629001Z" level=info msg="Start initial configuration in progress" time="2026-09-28T12:40:18.177733219Z" level=fatal msg="Parse config error: proxy 0: '' has unset ...
[REPAIR] name=[ChromeGO-Merge] United-4 {367} | fields=up,down
[TEST] {368} tested=1/1 | kept=0 | rest=0
[DEBUG] mihomo start-fail | branch={369} | size=1 | parse=1 | rc=1 | names=[ChromeGO-Merge] United-5 | err=rc=1 Mihomo exited before controller became ready time="2026-09-28T12:40:18.301378105Z" level=info msg="Start initial configuration in progress" time="2026-09-28T12:40:18.301461702Z" level=fatal msg="Parse config error: proxy 0: '' has u...
[DEBUG] mihomo isolate | branch={369} | size=1 | parse=1 | names=[ChromeGO-Merge] United-5 | err=Mihomo exited before controller became ready time="2026-09-28T12:40:18.301378105Z" level=info msg="Start initial configuration in progress" time="2026-09-28T12:40:18.301461702Z" level=fatal msg="Parse config error: proxy 0: '' has unset ...
[REPAIR] name=[ChromeGO-Merge] United-5 {369} | fields=up,down
[TEST] {360} tested=1/1 | kept=0 | rest=0
[DEBUG] mihomo isolate | branch={360} | size=1 | parse=0 | names=[免费节点10] 🇺🇸 US 405 → tg@nicevpn123 | err=-
[DEBUG] mihomo drop | branch={360} | size=1 | parse=0 | names=[免费节点10] 🇺🇸 US 405 → tg@nicevpn123 | err=-
[DROP] name=[免费节点10] 🇺🇸 US 405 → tg@nicevpn123 {360} | server=38.46.1.235:49828 | reason=mihomo start failed
[TEST] {362} tested=1/1 | kept=0 | rest=0
[DEBUG] mihomo isolate | branch={362} | size=1 | parse=0 | names=[免费节点10] 🇺🇸 US 407 → tg@nicevpn123 | err=-
[DEBUG] mihomo drop | branch={362} | size=1 | parse=0 | names=[免费节点10] 🇺🇸 US 407 → tg@nicevpn123 | err=-
[DROP] name=[免费节点10] 🇺🇸 US 407 → tg@nicevpn123 {362} | server=38.110.1.88:5600 | reason=mihomo start failed
[TEST] {365} tested=1/1 | kept=0 | rest=0
[DEBUG] mihomo isolate | branch={365} | size=1 | parse=0 | names=[ChromeGO-Merge] France | err=-
[DEBUG] mihomo drop | branch={365} | size=1 | parse=0 | names=[ChromeGO-Merge] France | err=-
[DROP] name=[ChromeGO-Merge] France {365} | server=51.159.77.153:33390 | reason=mihomo start failed
[TEST] {366} tested=1/1 | kept=0 | rest=0
[TEST] {367} tested=1/1 | kept=0 | rest=0
[TEST] {370} tested=1/1 | kept=0 | rest=0
[TEST] {369} tested=1/1 | kept=0 | rest=0
[DEBUG] mihomo isolate | branch={370} | size=1 | parse=0 | names=[ChromeGO-Merge] France-3 | err=-
[DEBUG] mihomo drop | branch={370} | size=1 | parse=0 | names=[ChromeGO-Merge] France-3 | err=-
[DROP] name=[ChromeGO-Merge] France-3 {370} | server=62.210.103.0:22483 | reason=mihomo start failed
[TEST] {376} tested=1/1 | kept=0 | rest=0
[DEBUG] mihomo isolate | branch={376} | size=1 | parse=0 | names=[Pawdroid-SS-APK] 🇸🇬SG_20|258KB/s 01 | err=-
[DEBUG] mihomo drop | branch={376} | size=1 | parse=0 | names=[Pawdroid-SS-APK] 🇸🇬SG_20|258KB/s 01 | err=-
[DROP] name=[Pawdroid-SS-APK] 🇸🇬SG_20|258KB/s 01 {376} | server=167.150.100.115:27755 | reason=mihomo start failed
[TEST] {371} tested=1/1 | kept=0 | rest=0
[DEBUG] mihomo isolate | branch={371} | size=1 | parse=0 | names=[ChromeGO-Merge] France-4 | err=-
[DEBUG] mihomo drop | branch={371} | size=1 | parse=0 | names=[ChromeGO-Merge] France-4 | err=-
[DROP] name=[ChromeGO-Merge] France-4 {371} | server=51.159.77.198:53967 | reason=mihomo start failed
[TEST] {375} tested=1/1 | kept=0 | rest=0
[DEBUG] mihomo isolate | branch={375} | size=1 | parse=0 | names=[Pawdroid-SS-APK] United+States-5 | err=-
[DEBUG] mihomo drop | branch={375} | size=1 | parse=0 | names=[Pawdroid-SS-APK] United+States-5 | err=-
[DROP] name=[Pawdroid-SS-APK] United+States-5 {375} | server=154.53.60.212:443 | reason=mihomo start failed
[TEST] {372} tested=4/4 | kept=0 | rest=0
[DEBUG] mihomo split-small | branch={372} | size=4 | parse=0 | names=[免费节点10] 🇺🇸 US 408 → tg@nicevpn123,[免费节点10] 🇺🇸 US 409 → tg@nicevpn123,[免费节点10] 🇺🇸 US 41 → tg@nicevpn123...+1 | err=-
[WARN] batch start failed | size=4 {372} | split=1 {762} + 1 {763} + 1 {764} + 1 {765}
[TEST] {374} tested=1/1 | kept=0 | rest=0
[DEBUG] mihomo isolate | branch={374} | size=1 | parse=0 | names=[Pawdroid-SS-APK] Poland-4 | err=-
[DEBUG] mihomo drop | branch={374} | size=1 | parse=0 | names=[Pawdroid-SS-APK] Poland-4 | err=-
[DROP] name=[Pawdroid-SS-APK] Poland-4 {374} | server=94.72.127.55:80 | reason=mihomo start failed
[TEST] {373} tested=5/5 | kept=0 | rest=0
[DEBUG] mihomo split-small | branch={373} | size=5 | parse=0 | names=[免费节点10] 🇺🇸 US 411 → tg@nicevpn123,[免费节点10] 🇺🇸 US 412 → tg@nicevpn123,[免费节点10] 🇺🇸 US 413 → tg@nicevpn123...+2 | err=-
[WARN] batch start failed | size=5 {373} | split=1 {766} + 1 {767} + 1 {768} + 1 {769} + 1 {770}
[TEST] {382} tested=1/1 | kept=0 | rest=0
[DEBUG] mihomo isolate | branch={382} | size=1 | parse=0 | names=[免费节点10] 🇺🇸 US 685 → tg@nicevpn123 | err=-
[DEBUG] mihomo drop | branch={382} | size=1 | parse=0 | names=[免费节点10] 🇺🇸 US 685 → tg@nicevpn123 | err=-
[DROP] name=[免费节点10] 🇺🇸 US 685 → tg@nicevpn123 {382} | server=fcdn.flha.ru:2095 | reason=mihomo start failed
[TEST] {377} tested=1/1 | kept=0 | rest=0
[DEBUG] mihomo isolate | branch={377} | size=1 | parse=0 | names=[Pawdroid-SS-APK] Japan | err=-
[DEBUG] mihomo drop | branch={377} | size=1 | parse=0 | names=[Pawdroid-SS-APK] Japan | err=-
[DROP] name=[Pawdroid-SS-APK] Japan {377} | server=176.97.73.215:8388 | reason=mihomo start failed
[TEST] {381} tested=1/1 | kept=0 | rest=0
[DEBUG] mihomo isolate | branch={381} | size=1 | parse=0 | names=[免费节点10] 🇺🇸 US 684 → tg@nicevpn123 | err=-
[DEBUG] mihomo drop | branch={381} | size=1 | parse=0 | names=[免费节点10] 🇺🇸 US 684 → tg@nicevpn123 | err=-
[DROP] name=[免费节点10] 🇺🇸 US 684 → tg@nicevpn123 {381} | server=172.233.164.254:16899 | reason=mihomo start failed
[TEST] {384} tested=1/1 | kept=0 | rest=0
[DEBUG] mihomo isolate | branch={384} | size=1 | parse=0 | names=[免费节点10] 🇺🇸 US 687 → tg@nicevpn123 | err=-
[DEBUG] mihomo drop | branch={384} | size=1 | parse=0 | names=[免费节点10] 🇺🇸 US 687 → tg@nicevpn123 | err=-
[DROP] name=[免费节点10] 🇺🇸 US 687 → tg@nicevpn123 {384} | server=104.21.80.53:2053 | reason=mihomo start failed
[TEST] {385} tested=1/1 | kept=0 | rest=0
[DEBUG] mihomo isolate | branch={385} | size=1 | parse=0 | names=[免费节点10] 🇺🇸 US 688 → tg@nicevpn123 | err=-
[DEBUG] mihomo drop | branch={385} | size=1 | parse=0 | names=[免费节点10] 🇺🇸 US 688 → tg@nicevpn123 | err=-
[DROP] name=[免费节点10] 🇺🇸 US 688 → tg@nicevpn123 {385} | server=104.19.45.70:2082 | reason=mihomo start failed
[TEST] {383} tested=1/1 | kept=0 | rest=0
[DEBUG] mihomo isolate | branch={383} | size=1 | parse=0 | names=[免费节点10] 🇺🇸 US 686 → tg@nicevpn123 | err=-
[DEBUG] mihomo drop | branch={383} | size=1 | parse=0 | names=[免费节点10] 🇺🇸 US 686 → tg@nicevpn123 | err=-
[DROP] name=[免费节点10] 🇺🇸 US 686 → tg@nicevpn123 {383} | server=hk.wish.ml:2052 | reason=mihomo start failed
[TEST] {378} tested=1/1 | kept=0 | rest=0
[DEBUG] mihomo isolate | branch={378} | size=1 | parse=0 | names=[Pawdroid-SS-APK] Canada | err=-
[DEBUG] mihomo drop | branch={378} | size=1 | parse=0 | names=[Pawdroid-SS-APK] Canada | err=-
[DROP] name=[Pawdroid-SS-APK] Canada {378} | server=142.4.216.225:443 | reason=mihomo start failed
[TEST] {388} tested=1/1 | kept=0 | rest=0
[DEBUG] mihomo isolate | branch={388} | size=1 | parse=0 | names=[免费节点10] 🇺🇸 US 673 → tg@nicevpn123 | err=-
[DEBUG] mihomo drop | branch={388} | size=1 | parse=0 | names=[免费节点10] 🇺🇸 US 673 → tg@nicevpn123 | err=-
[DROP] name=[免费节点10] 🇺🇸 US 673 → tg@nicevpn123 {388} | server=104.17.81.63:8443 | reason=mihomo start failed
[TEST] {387} tested=1/1 | kept=0 | rest=0
[DEBUG] mihomo isolate | branch={387} | size=1 | parse=0 | names=[免费节点10] 🇺🇸 US 672 → tg@nicevpn123 | err=-
[DEBUG] mihomo drop | branch={387} | size=1 | parse=0 | names=[免费节点10] 🇺🇸 US 672 → tg@nicevpn123 | err=-
[DROP] name=[免费节点10] 🇺🇸 US 672 → tg@nicevpn123 {387} | server=13.35.13.137:443 | reason=mihomo start failed
[TEST] {389} tested=1/1 | kept=0 | rest=0
[DEBUG] mihomo isolate | branch={389} | size=1 | parse=0 | names=[免费节点10] 🇺🇸 US 674 → tg@nicevpn123 | err=-
[DEBUG] mihomo drop | branch={389} | size=1 | parse=0 | names=[免费节点10] 🇺🇸 US 674 → tg@nicevpn123 | err=-
[DROP] name=[免费节点10] 🇺🇸 US 674 → tg@nicevpn123 {389} | server=104.16.216.241:443 | reason=mihomo start failed
[TEST] {390} tested=1/1 | kept=0 | rest=0
[DEBUG] mihomo isolate | branch={390} | size=1 | parse=0 | names=[免费节点10] 🇺🇸 US 675 → tg@nicevpn123 | err=-
[DEBUG] mihomo drop | branch={390} | size=1 | parse=0 | names=[免费节点10] 🇺🇸 US 675 → tg@nicevpn123 | err=-
[DROP] name=[免费节点10] 🇺🇸 US 675 → tg@nicevpn123 {390} | server=172.67.196.16:443 | reason=mihomo start failed
[TEST] {391} tested=1/1 | kept=0 | rest=0
[DEBUG] mihomo isolate | branch={391} | size=1 | parse=0 | names=[免费节点10] 🇺🇸 US 676 → tg@nicevpn123 | err=-
[DEBUG] mihomo drop | branch={391} | size=1 | parse=0 | names=[免费节点10] 🇺🇸 US 676 → tg@nicevpn123 | err=-
[DROP] name=[免费节点10] 🇺🇸 US 676 → tg@nicevpn123 {391} | server=172.67.132.209:443 | reason=mihomo start failed
[TEST] {392} tested=1/1 | kept=0 | rest=0
[DEBUG] mihomo isolate | branch={392} | size=1 | parse=0 | names=[免费节点10] 🇺🇸 US 677 → tg@nicevpn123 | err=-
[DEBUG] mihomo drop | branch={392} | size=1 | parse=0 | names=[免费节点10] 🇺🇸 US 677 → tg@nicevpn123 | err=-
[DROP] name=[免费节点10] 🇺🇸 US 677 → tg@nicevpn123 {392} | server=104.16.43.54:2082 | reason=mihomo start failed
[TEST] {393} tested=1/1 | kept=0 | rest=0
[DEBUG] mihomo isolate | branch={393} | size=1 | parse=0 | names=[免费节点10] 🇺🇸 US 678 → tg@nicevpn123 | err=-
[DEBUG] mihomo drop | branch={393} | size=1 | parse=0 | names=[免费节点10] 🇺🇸 US 678 → tg@nicevpn123 | err=-
[DROP] name=[免费节点10] 🇺🇸 US 678 → tg@nicevpn123 {393} | server=167.88.61.235:443 | reason=mihomo start failed
[TEST] {394} tested=1/1 | kept=0 | rest=0
[DEBUG] mihomo isolate | branch={394} | size=1 | parse=0 | names=[免费节点10] 🇺🇸 US 681 → tg@nicevpn123 | err=-
[DEBUG] mihomo drop | branch={394} | size=1 | parse=0 | names=[免费节点10] 🇺🇸 US 681 → tg@nicevpn123 | err=-
[DROP] name=[免费节点10] 🇺🇸 US 681 → tg@nicevpn123 {394} | server=104.21.225.243:80 | reason=mihomo start failed
[TEST] {379} tested=1/1 | kept=0 | rest=0
[DEBUG] mihomo isolate | branch={379} | size=1 | parse=0 | names=[免费节点10] 🇺🇸 US 682 → tg@nicevpn123 | err=-
[DEBUG] mihomo drop | branch={379} | size=1 | parse=0 | names=[免费节点10] 🇺🇸 US 682 → tg@nicevpn123 | err=-
[DROP] name=[免费节点10] 🇺🇸 US 682 → tg@nicevpn123 {379} | server=38.75.137.42:8881 | reason=mihomo start failed
[TEST] {380} tested=1/1 | kept=0 | rest=0
[DEBUG] mihomo isolate | branch={380} | size=1 | parse=0 | names=[免费节点10] 🇺🇸 US 683 → tg@nicevpn123 | err=-
[DEBUG] mihomo drop | branch={380} | size=1 | parse=0 | names=[免费节点10] 🇺🇸 US 683 → tg@nicevpn123 | err=-
[DROP] name=[免费节点10] 🇺🇸 US 683 → tg@nicevpn123 {380} | server=ip0axv1bbsu02k7-hk.1ytnode.com:56315 | reason=mihomo start failed
[TEST] {397} tested=1/1 | kept=0 | rest=0
[DEBUG] mihomo isolate | branch={397} | size=1 | parse=0 | names=[免费节点10] 🇺🇸 US 66 → tg@nicevpn123 | err=-
[DEBUG] mihomo drop | branch={397} | size=1 | parse=0 | names=[免费节点10] 🇺🇸 US 66 → tg@nicevpn123 | err=-
[DROP] name=[免费节点10] 🇺🇸 US 66 → tg@nicevpn123 {397} | server=104.20.26.40:8080 | reason=mihomo start failed
[TEST] {400} tested=1/1 | kept=0 | rest=0
[DEBUG] mihomo isolate | branch={400} | size=1 | parse=0 | names=[免费节点10] 🇺🇸 US 666 → tg@nicevpn123 | err=-
[DEBUG] mihomo drop | branch={400} | size=1 | parse=0 | names=[免费节点10] 🇺🇸 US 666 → tg@nicevpn123 | err=-
[DROP] name=[免费节点10] 🇺🇸 US 666 → tg@nicevpn123 {400} | server=104.19.45.6:2095 | reason=mihomo start failed
[TEST] {386} tested=1/1 | kept=0 | rest=0
[DEBUG] mihomo isolate | branch={386} | size=1 | parse=0 | names=[免费节点10] 🇺🇸 US 689 → tg@nicevpn123 | err=-
[DEBUG] mihomo drop | branch={386} | size=1 | parse=0 | names=[免费节点10] 🇺🇸 US 689 → tg@nicevpn123 | err=-
[DROP] name=[免费节点10] 🇺🇸 US 689 → tg@nicevpn123 {386} | server=38.110.1.202:8090 | reason=mihomo start failed
[TEST] {399} tested=1/1 | kept=0 | rest=0
[DEBUG] mihomo isolate | branch={399} | size=1 | parse=0 | names=[免费节点10] 🇺🇸 US 665 → tg@nicevpn123 | err=-
[DEBUG] mihomo drop | branch={399} | size=1 | parse=0 | names=[免费节点10] 🇺🇸 US 665 → tg@nicevpn123 | err=-
[DROP] name=[免费节点10] 🇺🇸 US 665 → tg@nicevpn123 {399} | server=104.16.39.199:2082 | reason=mihomo start failed
[TEST] {401} tested=1/1 | kept=0 | rest=0
[DEBUG] mihomo isolate | branch={401} | size=1 | parse=0 | names=[免费节点10] 🇺🇸 US 667 → tg@nicevpn123 | err=-
[DEBUG] mihomo drop | branch={401} | size=1 | parse=0 | names=[免费节点10] 🇺🇸 US 667 → tg@nicevpn123 | err=-
[DROP] name=[免费节点10] 🇺🇸 US 667 → tg@nicevpn123 {401} | server=104.21.83.208:443 | reason=mihomo start failed
[TEST] {402} tested=1/1 | kept=0 | rest=0
[DEBUG] mihomo isolate | branch={402} | size=1 | parse=0 | names=[免费节点10] 🇺🇸 US 67 → tg@nicevpn123 | err=-
[DEBUG] mihomo drop | branch={402} | size=1 | parse=0 | names=[免费节点10] 🇺🇸 US 67 → tg@nicevpn123 | err=-
[DROP] name=[免费节点10] 🇺🇸 US 67 → tg@nicevpn123 {402} | server=104.17.61.9:443 | reason=mihomo start failed
[TEST] {403} tested=1/1 | kept=0 | rest=0
[DEBUG] mihomo isolate | branch={403} | size=1 | parse=0 | names=[免费节点10] 🇺🇸 US 670 → tg@nicevpn123 | err=-
[DEBUG] mihomo drop | branch={403} | size=1 | parse=0 | names=[免费节点10] 🇺🇸 US 670 → tg@nicevpn123 | err=-
[DROP] name=[免费节点10] 🇺🇸 US 670 → tg@nicevpn123 {403} | server=104.19.212.140:2082 | reason=mihomo start failed
[TEST] {395} tested=4/4 | kept=0 | rest=0
[DEBUG] mihomo split-small | branch={395} | size=4 | parse=0 | names=[免费节点10] 🇺🇸 US 69 → tg@nicevpn123,[免费节点10] 🇺🇸 US 690 → tg@nicevpn123,[免费节点10] 🇺🇸 US 692 → tg@nicevpn123...+1 | err=-
[WARN] batch start failed | size=4 {395} | split=1 {771} + 1 {772} + 1 {773} + 1 {774}
[TEST] {405} tested=4/4 | kept=0 | rest=0
[DEBUG] mihomo split-small | branch={405} | size=4 | parse=0 | names=[免费节点10] 🇺🇸 US 727 → tg@nicevpn123,[免费节点10] 🇺🇸 US 728 → tg@nicevpn123,[免费节点10] 🇺🇸 US 730 → tg@nicevpn123...+1 | err=-
[WARN] batch start failed | size=4 {405} | split=1 {775} + 1 {776} + 1 {777} + 1 {778}
[TEST] {396} tested=5/5 | kept=0 | rest=0
[DEBUG] mihomo split-small | branch={396} | size=5 | parse=0 | names=[免费节点10] 🇺🇸 US 695 → tg@nicevpn123,[免费节点10] 🇺🇸 US 697 → tg@nicevpn123,[免费节点10] 🇺🇸 US 699 → tg@nicevpn123...+2 | err=-
[WARN] batch start failed | size=5 {396} | split=1 {779} + 1 {780} + 1 {781} + 1 {782} + 1 {783}
[TEST] {398} tested=1/1 | kept=0 | rest=0
[DEBUG] mihomo isolate | branch={398} | size=1 | parse=0 | names=[免费节点10] 🇺🇸 US 662 → tg@nicevpn123 | err=-
[DEBUG] mihomo drop | branch={398} | size=1 | parse=0 | names=[免费节点10] 🇺🇸 US 662 → tg@nicevpn123 | err=-
[DROP] name=[免费节点10] 🇺🇸 US 662 → tg@nicevpn123 {398} | server=38.86.135.225:5601 | reason=mihomo start failed
[TEST] {407} tested=1/1 | kept=0 | rest=0
[DEBUG] mihomo isolate | branch={407} | size=1 | parse=0 | names=[免费节点10] 🇺🇸 US 718 → tg@nicevpn123 | err=-
[DEBUG] mihomo drop | branch={407} | size=1 | parse=0 | names=[免费节点10] 🇺🇸 US 718 → tg@nicevpn123 | err=-
[DROP] name=[免费节点10] 🇺🇸 US 718 → tg@nicevpn123 {407} | server=104.16.43.62:2082 | reason=mihomo start failed
[TEST] {409} tested=1/1 | kept=0 | rest=0
[DEBUG] mihomo isolate | branch={409} | size=1 | parse=0 | names=[免费节点10] 🇺🇸 US 72 → tg@nicevpn123 | err=-
[DEBUG] mihomo drop | branch={409} | size=1 | parse=0 | names=[免费节点10] 🇺🇸 US 72 → tg@nicevpn123 | err=-
[DROP] name=[免费节点10] 🇺🇸 US 72 → tg@nicevpn123 {409} | server=0i4ui-g03.jp03-7d22-vm0.entry.fr0307a.art:21583 | reason=mihomo start failed
[TEST] {410} tested=1/1 | kept=0 | rest=0
[DEBUG] mihomo isolate | branch={410} | size=1 | parse=0 | names=[免费节点10] 🇺🇸 US 720 → tg@nicevpn123 | err=-
[DEBUG] mihomo drop | branch={410} | size=1 | parse=0 | names=[免费节点10] 🇺🇸 US 720 → tg@nicevpn123 | err=-
[DROP] name=[免费节点10] 🇺🇸 US 720 → tg@nicevpn123 {410} | server=104.21.36.26:8443 | reason=mihomo start failed
[TEST] {404} tested=1/1 | kept=0 | rest=0
[DEBUG] mihomo isolate | branch={404} | size=1 | parse=0 | names=[免费节点10] 🇺🇸 US 671 → tg@nicevpn123 | err=-
[DEBUG] mihomo drop | branch={404} | size=1 | parse=0 | names=[免费节点10] 🇺🇸 US 671 → tg@nicevpn123 | err=-
[DROP] name=[免费节点10] 🇺🇸 US 671 → tg@nicevpn123 {404} | server=64.23.190.208:59703 | reason=mihomo start failed
[TEST] {412} tested=1/1 | kept=0 | rest=0
[DEBUG] mihomo isolate | branch={412} | size=1 | parse=0 | names=[免费节点10] 🇺🇸 US 723 → tg@nicevpn123 | err=-
[DEBUG] mihomo drop | branch={412} | size=1 | parse=0 | names=[免费节点10] 🇺🇸 US 723 → tg@nicevpn123 | err=-
[DROP] name=[免费节点10] 🇺🇸 US 723 → tg@nicevpn123 {412} | server=172.66.213.38:443 | reason=mihomo start failed
[TEST] {413} tested=1/1 | kept=0 | rest=0
[DEBUG] mihomo isolate | branch={413} | size=1 | parse=0 | names=[免费节点10] 🇺🇸 US 725 → tg@nicevpn123 | err=-
[DEBUG] mihomo drop | branch={413} | size=1 | parse=0 | names=[免费节点10] 🇺🇸 US 725 → tg@nicevpn123 | err=-
[DROP] name=[免费节点10] 🇺🇸 US 725 → tg@nicevpn123 {413} | server=104.19.45.86:2095 | reason=mihomo start failed
[TEST] {414} tested=1/1 | kept=0 | rest=0
[DEBUG] mihomo isolate | branch={414} | size=1 | parse=0 | names=[免费节点10] 🇺🇸 US 726 → tg@nicevpn123 | err=-
[DEBUG] mihomo drop | branch={414} | size=1 | parse=0 | names=[免费节点10] 🇺🇸 US 726 → tg@nicevpn123 | err=-
[DROP] name=[免费节点10] 🇺🇸 US 726 → tg@nicevpn123 {414} | server=192.227.206.115:16899 | reason=mihomo start failed
[TEST] {417} tested=1/1 | kept=0 | rest=0
[DEBUG] mihomo isolate | branch={417} | size=1 | parse=0 | names=[免费节点10] 🇺🇸 US 702 → tg@nicevpn123 | err=-
[DEBUG] mihomo drop | branch={417} | size=1 | parse=0 | names=[免费节点10] 🇺🇸 US 702 → tg@nicevpn123 | err=-
[DROP] name=[免费节点10] 🇺🇸 US 702 → tg@nicevpn123 {417} | server=104.16.60.8:2095 | reason=mihomo start failed
[TEST] {416} tested=1/1 | kept=0 | rest=0
[DEBUG] mihomo isolate | branch={416} | size=1 | parse=0 | names=[免费节点10] 🇺🇸 US 701 → tg@nicevpn123 | err=-
[DEBUG] mihomo drop | branch={416} | size=1 | parse=0 | names=[免费节点10] 🇺🇸 US 701 → tg@nicevpn123 | err=-
[DROP] name=[免费节点10] 🇺🇸 US 701 → tg@nicevpn123 {416} | server=104.19.49.3:443 | reason=mihomo start failed
[TEST] {419} tested=1/1 | kept=0 | rest=0
[DEBUG] mihomo isolate | branch={419} | size=1 | parse=0 | names=[免费节点10] 🇺🇸 US 704 → tg@nicevpn123 | err=-
[DEBUG] mihomo drop | branch={419} | size=1 | parse=0 | names=[免费节点10] 🇺🇸 US 704 → tg@nicevpn123 | err=-
[DROP] name=[免费节点10] 🇺🇸 US 704 → tg@nicevpn123 {419} | server=104.19.45.25:2095 | reason=mihomo start failed
[TEST] {406} tested=5/5 | kept=0 | rest=0
[DEBUG] mihomo split-small | branch={406} | size=5 | parse=0 | names=[免费节点10] 🇺🇸 US 735 → tg@nicevpn123,[免费节点10] 🇺🇸 US 737 → tg@nicevpn123,[免费节点10] 🇺🇸 US 739 → tg@nicevpn123...+2 | err=-
[WARN] batch start failed | size=5 {406} | split=1 {784} + 1 {785} + 1 {786} + 1 {787} + 1 {788}
[TEST] {418} tested=1/1 | kept=0 | rest=0
[DEBUG] mihomo isolate | branch={418} | size=1 | parse=0 | names=[免费节点10] 🇺🇸 US 703 → tg@nicevpn123 | err=-
[DEBUG] mihomo drop | branch={418} | size=1 | parse=0 | names=[免费节点10] 🇺🇸 US 703 → tg@nicevpn123 | err=-
[DROP] name=[免费节点10] 🇺🇸 US 703 → tg@nicevpn123 {418} | server=104.19.45.136:2095 | reason=mihomo start failed
[TEST] {408} tested=1/1 | kept=0 | rest=0
[DEBUG] mihomo isolate | branch={408} | size=1 | parse=0 | names=[免费节点10] 🇺🇸 US 719 → tg@nicevpn123 | err=-
[DEBUG] mihomo drop | branch={408} | size=1 | parse=0 | names=[免费节点10] 🇺🇸 US 719 → tg@nicevpn123 | err=-
[DROP] name=[免费节点10] 🇺🇸 US 719 → tg@nicevpn123 {408} | server=38.86.135.225:8090 | reason=mihomo start failed
[TEST] {420} tested=1/1 | kept=0 | rest=0
[DEBUG] mihomo isolate | branch={420} | size=1 | parse=0 | names=[免费节点10] 🇺🇸 US 705 → tg@nicevpn123 | err=-
[DEBUG] mihomo drop | branch={420} | size=1 | parse=0 | names=[免费节点10] 🇺🇸 US 705 → tg@nicevpn123 | err=-
[DROP] name=[免费节点10] 🇺🇸 US 705 → tg@nicevpn123 {420} | server=38.110.1.105:9090 | reason=mihomo start failed
[TEST] {421} tested=1/1 | kept=0 | rest=0
[DEBUG] mihomo isolate | branch={421} | size=1 | parse=0 | names=[免费节点10] 🇺🇸 US 706 → tg@nicevpn123 | err=-
[DEBUG] mihomo drop | branch={421} | size=1 | parse=0 | names=[免费节点10] 🇺🇸 US 706 → tg@nicevpn123 | err=-
[DROP] name=[免费节点10] 🇺🇸 US 706 → tg@nicevpn123 {421} | server=104.19.42.171:2082 | reason=mihomo start failed
[TEST] {422} tested=1/1 | kept=0 | rest=0
[DEBUG] mihomo isolate | branch={422} | size=1 | parse=0 | names=[免费节点10] 🇺🇸 US 707 → tg@nicevpn123 | err=-
[DEBUG] mihomo drop | branch={422} | size=1 | parse=0 | names=[免费节点10] 🇺🇸 US 707 → tg@nicevpn123 | err=-
[DROP] name=[免费节点10] 🇺🇸 US 707 → tg@nicevpn123 {422} | server=series-a2-mec.samanehha.co:443 | reason=mihomo start failed
[TEST] {424} tested=5/5 | kept=0 | rest=0
[DEBUG] mihomo split-small | branch={424} | size=5 | parse=0 | names=[免费节点10] 🇺🇸 US 713 → tg@nicevpn123,[免费节点10] 🇺🇸 US 714 → tg@nicevpn123,[免费节点10] 🇺🇸 US 715 → tg@nicevpn123...+2 | err=-
[WARN] batch start failed | size=5 {424} | split=1 {789} + 1 {790} + 1 {791} + 1 {792} + 1 {793}
[TEST] {425} tested=1/1 | kept=0 | rest=0
[DEBUG] mihomo isolate | branch={425} | size=1 | parse=0 | names=[ChromeGO-Merge] None vmess 13 | err=-
[DEBUG] mihomo drop | branch={425} | size=1 | parse=0 | names=[ChromeGO-Merge] None vmess 13 | err=-
[DROP] name=[ChromeGO-Merge] None vmess 13 {425} | server=fbi.gov:8080 | reason=mihomo start failed
[TEST] {426} tested=1/1 | kept=0 | rest=0
[DEBUG] mihomo isolate | branch={426} | size=1 | parse=0 | names=[ChromeGO-Merge] None vmess 14 | err=-
[DEBUG] mihomo drop | branch={426} | size=1 | parse=0 | names=[ChromeGO-Merge] None vmess 14 | err=-
[DROP] name=[ChromeGO-Merge] None vmess 14 {426} | server=fbi.gov:8080 | reason=mihomo start failed
[TEST] {427} tested=1/1 | kept=0 | rest=0
[DEBUG] mihomo isolate | branch={427} | size=1 | parse=0 | names=[ChromeGO-Merge] United States vmess 21 | err=-
[DEBUG] mihomo drop | branch={427} | size=1 | parse=0 | names=[ChromeGO-Merge] United States vmess 21 | err=-
[DROP] name=[ChromeGO-Merge] United States vmess 21 {427} | server=yh1.freeh1.xyz:8080 | reason=mihomo start failed
[TEST] {428} tested=1/1 | kept=0 | rest=0
[DEBUG] mihomo isolate | branch={428} | size=1 | parse=0 | names=[ChromeGO-Merge] United States vmess 23 | err=-
[DEBUG] mihomo drop | branch={428} | size=1 | parse=0 | names=[ChromeGO-Merge] United States vmess 23 | err=-
[DROP] name=[ChromeGO-Merge] United States vmess 23 {428} | server=yh1.freeh1.xyz:8080 | reason=mihomo start failed
[TEST] {429} tested=1/1 | kept=0 | rest=0
[DEBUG] mihomo isolate | branch={429} | size=1 | parse=0 | names=[ChromeGO-Merge] None vmess 24 | err=-
[DEBUG] mihomo drop | branch={429} | size=1 | parse=0 | names=[ChromeGO-Merge] None vmess 24 | err=-
[DROP] name=[ChromeGO-Merge] None vmess 24 {429} | server=yh1.freeh1.xyz:8080 | reason=mihomo start failed
[TEST] {411} tested=1/1 | kept=0 | rest=0
[DEBUG] mihomo isolate | branch={411} | size=1 | parse=0 | names=[免费节点10] 🇺🇸 US 721 → tg@nicevpn123 | err=-
[DEBUG] mihomo drop | branch={411} | size=1 | parse=0 | names=[免费节点10] 🇺🇸 US 721 → tg@nicevpn123 | err=-
[DROP] name=[免费节点10] 🇺🇸 US 721 → tg@nicevpn123 {411} | server=152.70.39.9:26022 | reason=mihomo start failed
[TEST] {415} tested=1/1 | kept=0 | rest=0
[DEBUG] mihomo isolate | branch={415} | size=1 | parse=0 | names=[免费节点10] 🇺🇸 US 700 → tg@nicevpn123 | err=-
[DEBUG] mihomo drop | branch={415} | size=1 | parse=0 | names=[免费节点10] 🇺🇸 US 700 → tg@nicevpn123 | err=-
[DROP] name=[免费节点10] 🇺🇸 US 700 → tg@nicevpn123 {415} | server=141.193.68.81:443 | reason=mihomo start failed
[TEST] {423} tested=4/4 | kept=0 | rest=0
[DEBUG] mihomo split-small | branch={423} | size=4 | parse=0 | names=[免费节点10] 🇺🇸 US 709 → tg@nicevpn123,[免费节点10] 🇺🇸 US 710 → tg@nicevpn123,[免费节点10] 🇺🇸 US 711 → tg@nicevpn123...+1 | err=-
[WARN] batch start failed | size=4 {423} | split=1 {794} + 1 {795} + 1 {796} + 1 {797}
[TEST] {433} tested=1/1 | kept=0 | rest=0
[DEBUG] mihomo isolate | branch={433} | size=1 | parse=0 | names=[ChromeGO-Merge] None vmess 11 | err=-
[DEBUG] mihomo drop | branch={433} | size=1 | parse=0 | names=[ChromeGO-Merge] None vmess 11 | err=-
[DROP] name=[ChromeGO-Merge] None vmess 11 {433} | server=fbi.gov:8080 | reason=mihomo start failed
[TEST] {430} tested=1/1 | kept=0 | rest=0
[DEBUG] mihomo isolate | branch={430} | size=1 | parse=0 | names=[ChromeGO-Merge] None vmess 013 | err=-
[DEBUG] mihomo drop | branch={430} | size=1 | parse=0 | names=[ChromeGO-Merge] None vmess 013 | err=-
[DROP] name=[ChromeGO-Merge] None vmess 013 {430} | server=yh2.dtku41.xyz:8080 | reason=mihomo start failed
[TEST] {432} tested=1/1 | kept=0 | rest=0
[DEBUG] mihomo isolate | branch={432} | size=1 | parse=0 | names=[ChromeGO-Merge] None vmess 016 | err=-
[DEBUG] mihomo drop | branch={432} | size=1 | parse=0 | names=[ChromeGO-Merge] None vmess 016 | err=-
[DROP] name=[ChromeGO-Merge] None vmess 016 {432} | server=yh2.dtku41.xyz:8080 | reason=mihomo start failed
[TEST] {431} tested=1/1 | kept=0 | rest=0
[DEBUG] mihomo isolate | branch={431} | size=1 | parse=0 | names=[ChromeGO-Merge] None vmess 014 | err=-
[DEBUG] mihomo drop | branch={431} | size=1 | parse=0 | names=[ChromeGO-Merge] None vmess 014 | err=-
[DROP] name=[ChromeGO-Merge] None vmess 014 {431} | server=yh2.dtku41.xyz:8080 | reason=mihomo start failed
[TEST] {435} tested=1/1 | kept=0 | rest=0
[DEBUG] mihomo isolate | branch={435} | size=1 | parse=0 | names=[ChromeGO-Merge] 🇺🇸 United States_hyster | err=-
[DEBUG] mihomo drop | branch={435} | size=1 | parse=0 | names=[ChromeGO-Merge] 🇺🇸 United States_hyster | err=-
[DROP] name=[ChromeGO-Merge] 🇺🇸 United States_hysteria_3 {435} | server=167.160.91.115:41189 | reason=mihomo start failed
[TEST] {436} tested=1/1 | kept=0 | rest=0
[DEBUG] mihomo isolate | branch={436} | size=1 | parse=0 | names=[ChromeGO-Merge] 🇫🇷 France_hysteria2_0 | err=-
[DEBUG] mihomo drop | branch={436} | size=1 | parse=0 | names=[ChromeGO-Merge] 🇫🇷 France_hysteria2_0 | err=-
[DROP] name=[ChromeGO-Merge] 🇫🇷 France_hysteria2_0 {436} | server=62.210.101.0:52465 | reason=mihomo start failed
[TEST] {437} tested=1/1 | kept=0 | rest=0
[DEBUG] mihomo isolate | branch={437} | size=1 | parse=0 | names=[ChromeGO-Merge] 🇺🇸 United States_hyster | err=-
[DEBUG] mihomo drop | branch={437} | size=1 | parse=0 | names=[ChromeGO-Merge] 🇺🇸 United States_hyster | err=-
[DROP] name=[ChromeGO-Merge] 🇺🇸 United States_hysteria2_1 {437} | server=64.110.25.11:33337 | reason=mihomo start failed
[TEST] {440} tested=1/1 | kept=0 | rest=0
[DEBUG] mihomo isolate | branch={440} | size=1 | parse=0 | names=[ChromeGO-Merge] 🇹🇼 Taiwan_hy_9 | err=-
[DEBUG] mihomo drop | branch={440} | size=1 | parse=0 | names=[ChromeGO-Merge] 🇹🇼 Taiwan_hy_9 | err=-
[DROP] name=[ChromeGO-Merge] 🇹🇼 Taiwan_hy_9 {440} | server=www.dtku50.xyz:18470 | reason=mihomo start failed
[TEST] {434} tested=1/1 | kept=0 | rest=0
[DEBUG] mihomo isolate | branch={434} | size=1 | parse=0 | names=[ChromeGO-Merge] 🇺🇸 United States_hyster | err=-
[DEBUG] mihomo drop | branch={434} | size=1 | parse=0 | names=[ChromeGO-Merge] 🇺🇸 United States_hyster | err=-
[DROP] name=[ChromeGO-Merge] 🇺🇸 United States_hysteria_2 {434} | server=108.181.22.239:39967 | reason=mihomo start failed
[TEST] {438} tested=1/1 | kept=0 | rest=0
[DEBUG] mihomo isolate | branch={438} | size=1 | parse=0 | names=[ChromeGO-Merge] 🇫🇷 France_hysteria2_2 | err=-
[DEBUG] mihomo drop | branch={438} | size=1 | parse=0 | names=[ChromeGO-Merge] 🇫🇷 France_hysteria2_2 | err=-
[DROP] name=[ChromeGO-Merge] 🇫🇷 France_hysteria2_2 {438} | server=62.210.103.0:52465 | reason=mihomo start failed
[TEST] {439} tested=1/1 | kept=0 | rest=0
[DEBUG] mihomo isolate | branch={439} | size=1 | parse=0 | names=[ChromeGO-Merge] 🇺🇸 United States_hy2_8 | err=-
[DEBUG] mihomo drop | branch={439} | size=1 | parse=0 | names=[ChromeGO-Merge] 🇺🇸 United States_hy2_8 | err=-
[DROP] name=[ChromeGO-Merge] 🇺🇸 United States_hy2_8 {439} | server=45.150.165.84:8881 | reason=mihomo start failed
[TEST] {441} tested=1/1 | kept=0 | rest=0
[DEBUG] mihomo isolate | branch={441} | size=1 | parse=0 | names=[ChromeGO-Merge] 🇫🇷 France_hysteria_0 | err=-
[DEBUG] mihomo drop | branch={441} | size=1 | parse=0 | names=[ChromeGO-Merge] 🇫🇷 France_hysteria_0 | err=-
[DROP] name=[ChromeGO-Merge] 🇫🇷 France_hysteria_0 {441} | server=51.158.54.46:55396 | reason=mihomo start failed
[TEST] {442} tested=1/1 | kept=0 | rest=0
[DEBUG] mihomo isolate | branch={442} | size=1 | parse=0 | names=[ChromeGO-Merge] 🇺🇸 United States_hyster | err=-
[DEBUG] mihomo drop | branch={442} | size=1 | parse=0 | names=[ChromeGO-Merge] 🇺🇸 United States_hyster | err=-
[DROP] name=[ChromeGO-Merge] 🇺🇸 United States_hysteria_1 {442} | server=173.234.25.52:30072 | reason=mihomo start failed
[TEST] {443} tested=4/4 | kept=0 | rest=0
[DEBUG] mihomo split-small | branch={443} | size=4 | parse=0 | names=[免费节点10] 🇺🇸 US 812 → tg@nicevpn123,[免费节点10] 🇺🇸 US 813 → tg@nicevpn123,[免费节点10] 🇺🇸 US 814 → tg@nicevpn123...+1 | err=-
[WARN] batch start failed | size=4 {443} | split=1 {798} + 1 {799} + 1 {800} + 1 {801}
[TEST] {447} tested=1/1 | kept=0 | rest=0
[DEBUG] mihomo isolate | branch={447} | size=1 | parse=0 | names=[免费节点10] 🇺🇸 US 805 → tg@nicevpn123 | err=-
[DEBUG] mihomo drop | branch={447} | size=1 | parse=0 | names=[免费节点10] 🇺🇸 US 805 → tg@nicevpn123 | err=-
[DROP] name=[免费节点10] 🇺🇸 US 805 → tg@nicevpn123 {447} | server=104.16.39.239:2082 | reason=mihomo start failed
[TEST] {444} tested=5/5 | kept=0 | rest=0
[DEBUG] mihomo split-small | branch={444} | size=5 | parse=0 | names=[免费节点10] 🇺🇸 US 816 → tg@nicevpn123,[免费节点10] 🇺🇸 US 817 → tg@nicevpn123,[免费节点10] 🇺🇸 US 818 → tg@nicevpn123...+2 | err=-
[WARN] batch start failed | size=5 {444} | split=1 {802} + 1 {803} + 1 {804} + 1 {805} + 1 {806}
[TEST] {448} tested=1/1 | kept=0 | rest=0
[DEBUG] mihomo isolate | branch={448} | size=1 | parse=0 | names=[免费节点10] 🇺🇸 US 806 → tg@nicevpn123 | err=-
[DEBUG] mihomo drop | branch={448} | size=1 | parse=0 | names=[免费节点10] 🇺🇸 US 806 → tg@nicevpn123 | err=-
[DROP] name=[免费节点10] 🇺🇸 US 806 → tg@nicevpn123 {448} | server=kr01.iepl1.me:8880 | reason=mihomo start failed
[TEST] {446} tested=1/1 | kept=0 | rest=0
[DEBUG] mihomo isolate | branch={446} | size=1 | parse=0 | names=[免费节点10] 🇺🇸 US 804 → tg@nicevpn123 | err=-
[DEBUG] mihomo drop | branch={446} | size=1 | parse=0 | names=[免费节点10] 🇺🇸 US 804 → tg@nicevpn123 | err=-
[DROP] name=[免费节点10] 🇺🇸 US 804 → tg@nicevpn123 {446} | server=45.63.110.20:443 | reason=mihomo start failed
[TEST] {451} tested=1/1 | kept=0 | rest=0
[DEBUG] mihomo isolate | branch={451} | size=1 | parse=0 | names=[免费节点10] 🇺🇸 US 81 → tg@nicevpn123 | err=-
[DEBUG] mihomo drop | branch={451} | size=1 | parse=0 | names=[免费节点10] 🇺🇸 US 81 → tg@nicevpn123 | err=-
[DROP] name=[免费节点10] 🇺🇸 US 81 → tg@nicevpn123 {451} | server=104.19.48.233:2082 | reason=mihomo start failed
[TEST] {450} tested=1/1 | kept=0 | rest=0
[DEBUG] mihomo isolate | branch={450} | size=1 | parse=0 | names=[免费节点10] 🇺🇸 US 809 → tg@nicevpn123 | err=-
[DEBUG] mihomo drop | branch={450} | size=1 | parse=0 | names=[免费节点10] 🇺🇸 US 809 → tg@nicevpn123 | err=-
[DROP] name=[免费节点10] 🇺🇸 US 809 → tg@nicevpn123 {450} | server=speed.cloudflare.com:8880 | reason=mihomo start failed
[TEST] {452} tested=1/1 | kept=0 | rest=0
[DEBUG] mihomo isolate | branch={452} | size=1 | parse=0 | names=[免费节点10] 🇺🇸 US 811 → tg@nicevpn123 | err=-
[DEBUG] mihomo drop | branch={452} | size=1 | parse=0 | names=[免费节点10] 🇺🇸 US 811 → tg@nicevpn123 | err=-
[DROP] name=[免费节点10] 🇺🇸 US 811 → tg@nicevpn123 {452} | server=104.19.42.174:2082 | reason=mihomo start failed
[TEST] {453} tested=1/1 | kept=0 | rest=0
[DEBUG] mihomo isolate | branch={453} | size=1 | parse=0 | names=[免费节点10] 🇺🇸 US 784 → tg@nicevpn123 | err=-
[DEBUG] mihomo drop | branch={453} | size=1 | parse=0 | names=[免费节点10] 🇺🇸 US 784 → tg@nicevpn123 | err=-
[DROP] name=[免费节点10] 🇺🇸 US 784 → tg@nicevpn123 {453} | server=104.16.77.52:443 | reason=mihomo start failed
[TEST] {445} tested=1/1 | kept=0 | rest=0
[DEBUG] mihomo isolate | branch={445} | size=1 | parse=0 | names=[免费节点10] 🇺🇸 US 803 → tg@nicevpn123 | err=-
[DEBUG] mihomo drop | branch={445} | size=1 | parse=0 | names=[免费节点10] 🇺🇸 US 803 → tg@nicevpn123 | err=-
[DROP] name=[免费节点10] 🇺🇸 US 803 → tg@nicevpn123 {445} | server=165.227.65.158:8881 | reason=mihomo start failed
[TEST] {456} tested=1/1 | kept=0 | rest=0
[DEBUG] mihomo isolate | branch={456} | size=1 | parse=0 | names=[免费节点10] 🇺🇸 US 787 → tg@nicevpn123 | err=-
[DEBUG] mihomo drop | branch={456} | size=1 | parse=0 | names=[免费节点10] 🇺🇸 US 787 → tg@nicevpn123 | err=-
[DROP] name=[免费节点10] 🇺🇸 US 787 → tg@nicevpn123 {456} | server=104.19.45.17:2095 | reason=mihomo start failed
[TEST] {457} tested=1/1 | kept=0 | rest=0
[DEBUG] mihomo isolate | branch={457} | size=1 | parse=0 | names=[免费节点10] 🇺🇸 US 788 → tg@nicevpn123 | err=-
[DEBUG] mihomo drop | branch={457} | size=1 | parse=0 | names=[免费节点10] 🇺🇸 US 788 → tg@nicevpn123 | err=-
[DROP] name=[免费节点10] 🇺🇸 US 788 → tg@nicevpn123 {457} | server=104.21.225.92:80 | reason=mihomo start failed
[TEST] {459} tested=1/1 | kept=0 | rest=0
[DEBUG] mihomo isolate | branch={459} | size=1 | parse=0 | names=[免费节点10] 🇺🇸 US 790 → tg@nicevpn123 | err=-
[DEBUG] mihomo drop | branch={459} | size=1 | parse=0 | names=[免费节点10] 🇺🇸 US 790 → tg@nicevpn123 | err=-
[DROP] name=[免费节点10] 🇺🇸 US 790 → tg@nicevpn123 {459} | server=104.19.49.30:443 | reason=mihomo start failed
[TEST] {458} tested=1/1 | kept=0 | rest=0
[DEBUG] mihomo isolate | branch={458} | size=1 | parse=0 | names=[免费节点10] 🇺🇸 US 79 → tg@nicevpn123 | err=-
[DEBUG] mihomo drop | branch={458} | size=1 | parse=0 | names=[免费节点10] 🇺🇸 US 79 → tg@nicevpn123 | err=-
[DROP] name=[免费节点10] 🇺🇸 US 79 → tg@nicevpn123 {458} | server=104.19.45.92:2095 | reason=mihomo start failed
[TEST] {460} tested=1/1 | kept=0 | rest=0
[DEBUG] mihomo isolate | branch={460} | size=1 | parse=0 | names=[免费节点10] 🇺🇸 US 791 → tg@nicevpn123 | err=-
[DEBUG] mihomo drop | branch={460} | size=1 | parse=0 | names=[免费节点10] 🇺🇸 US 791 → tg@nicevpn123 | err=-
[DROP] name=[免费节点10] 🇺🇸 US 791 → tg@nicevpn123 {460} | server=38.110.1.105:7307 | reason=mihomo start failed
[TEST] {449} tested=1/1 | kept=0 | rest=0
[DEBUG] mihomo isolate | branch={449} | size=1 | parse=0 | names=[免费节点10] 🇺🇸 US 808 → tg@nicevpn123 | err=-
[DEBUG] mihomo drop | branch={449} | size=1 | parse=0 | names=[免费节点10] 🇺🇸 US 808 → tg@nicevpn123 | err=-
[DROP] name=[免费节点10] 🇺🇸 US 808 → tg@nicevpn123 {449} | server=149.28.226.202:37985 | reason=mihomo start failed
[TEST] {454} tested=1/1 | kept=0 | rest=0
[DEBUG] mihomo isolate | branch={454} | size=1 | parse=0 | names=[免费节点10] 🇺🇸 US 785 → tg@nicevpn123 | err=-
[DEBUG] mihomo drop | branch={454} | size=1 | parse=0 | names=[免费节点10] 🇺🇸 US 785 → tg@nicevpn123 | err=-
[DROP] name=[免费节点10] 🇺🇸 US 785 → tg@nicevpn123 {454} | server=18.237.116.67:443 | reason=mihomo start failed
[TEST] {455} tested=1/1 | kept=0 | rest=0
[DEBUG] mihomo isolate | branch={455} | size=1 | parse=0 | names=[免费节点10] 🇺🇸 US 786 → tg@nicevpn123 | err=-
[DEBUG] mihomo drop | branch={455} | size=1 | parse=0 | names=[免费节点10] 🇺🇸 US 786 → tg@nicevpn123 | err=-
[DROP] name=[免费节点10] 🇺🇸 US 786 → tg@nicevpn123 {455} | server=38.147.160.101:41384 | reason=mihomo start failed
[TEST] {461} tested=4/4 | kept=0 | rest=0
[DEBUG] mihomo split-small | branch={461} | size=4 | parse=0 | names=[免费节点10] 🇺🇸 US 794 → tg@nicevpn123,[免费节点10] 🇺🇸 US 795 → tg@nicevpn123,[免费节点10] 🇺🇸 US 796 → tg@nicevpn123...+1 | err=-
[WARN] batch start failed | size=4 {461} | split=1 {807} + 1 {808} + 1 {809} + 1 {810}
[TEST] {466} tested=1/1 | kept=0 | rest=0
[DEBUG] mihomo isolate | branch={466} | size=1 | parse=0 | names=[免费节点10] 🇺🇸 US 761 → tg@nicevpn123 | err=-
[DEBUG] mihomo drop | branch={466} | size=1 | parse=0 | names=[免费节点10] 🇺🇸 US 761 → tg@nicevpn123 | err=-
[DROP] name=[免费节点10] 🇺🇸 US 761 → tg@nicevpn123 {466} | server=104.19.49.15:443 | reason=mihomo start failed
[TEST] {465} tested=1/1 | kept=0 | rest=0
[DEBUG] mihomo isolate | branch={465} | size=1 | parse=0 | names=[免费节点10] 🇺🇸 US 760 → tg@nicevpn123 | err=-
[DEBUG] mihomo drop | branch={465} | size=1 | parse=0 | names=[免费节点10] 🇺🇸 US 760 → tg@nicevpn123 | err=-
[DROP] name=[免费节点10] 🇺🇸 US 760 → tg@nicevpn123 {465} | server=104.16.40.64:2082 | reason=mihomo start failed
[TEST] {467} tested=1/1 | kept=0 | rest=0
[DEBUG] mihomo isolate | branch={467} | size=1 | parse=0 | names=[免费节点10] 🇺🇸 US 766 → tg@nicevpn123 | err=-
[DEBUG] mihomo drop | branch={467} | size=1 | parse=0 | names=[免费节点10] 🇺🇸 US 766 → tg@nicevpn123 | err=-
[DROP] name=[免费节点10] 🇺🇸 US 766 → tg@nicevpn123 {467} | server=104.26.9.202:443 | reason=mihomo start failed
[TEST] {462} tested=5/5 | kept=0 | rest=0
[DEBUG] mihomo split-small | branch={462} | size=5 | parse=0 | names=[免费节点10] 🇺🇸 US 799 → tg@nicevpn123,[免费节点10] 🇺🇸 US 8 → tg@nicevpn123,[免费节点10] 🇺🇸 US 80 → tg@nicevpn123...+2 | err=-
[WARN] batch start failed | size=5 {462} | split=1 {811} + 1 {812} + 1 {813} + 1 {814} + 1 {815}
[TEST] {468} tested=1/1 | kept=0 | rest=0
[DEBUG] mihomo isolate | branch={468} | size=1 | parse=0 | names=[免费节点10] 🇺🇸 US 767 → tg@nicevpn123 | err=-
[DEBUG] mihomo drop | branch={468} | size=1 | parse=0 | names=[免费节点10] 🇺🇸 US 767 → tg@nicevpn123 | err=-
[DROP] name=[免费节点10] 🇺🇸 US 767 → tg@nicevpn123 {468} | server=104.20.19.18:2087 | reason=mihomo start failed
[TEST] {469} tested=1/1 | kept=0 | rest=0
[DEBUG] mihomo isolate | branch={469} | size=1 | parse=0 | names=[免费节点10] 🇺🇸 US 768 → tg@nicevpn123 | err=-
[DEBUG] mihomo drop | branch={469} | size=1 | parse=0 | names=[免费节点10] 🇺🇸 US 768 → tg@nicevpn123 | err=-
[DROP] name=[免费节点10] 🇺🇸 US 768 → tg@nicevpn123 {469} | server=45.79.9.98:443 | reason=mihomo start failed
[TEST] {471} tested=1/1 | kept=0 | rest=0
[DEBUG] mihomo isolate | branch={471} | size=1 | parse=0 | names=[免费节点10] 🇺🇸 US 772 → tg@nicevpn123 | err=-
[DEBUG] mihomo drop | branch={471} | size=1 | parse=0 | names=[免费节点10] 🇺🇸 US 772 → tg@nicevpn123 | err=-
[DROP] name=[免费节点10] 🇺🇸 US 772 → tg@nicevpn123 {471} | server=104.21.225.176:80 | reason=mihomo start failed
[TEST] {472} tested=1/1 | kept=0 | rest=0
[DEBUG] mihomo isolate | branch={472} | size=1 | parse=0 | names=[免费节点10] 🇺🇸 US 773 → tg@nicevpn123 | err=-
[DEBUG] mihomo drop | branch={472} | size=1 | parse=0 | names=[免费节点10] 🇺🇸 US 773 → tg@nicevpn123 | err=-
[DROP] name=[免费节点10] 🇺🇸 US 773 → tg@nicevpn123 {472} | server=sg-full.privateip.net:443 | reason=mihomo start failed
[TEST] {473} tested=1/1 | kept=0 | rest=0
[DEBUG] mihomo isolate | branch={473} | size=1 | parse=0 | names=[免费节点10] 🇺🇸 US 741 → tg@nicevpn123 | err=-
[DEBUG] mihomo drop | branch={473} | size=1 | parse=0 | names=[免费节点10] 🇺🇸 US 741 → tg@nicevpn123 | err=-
[DROP] name=[免费节点10] 🇺🇸 US 741 → tg@nicevpn123 {473} | server=series-a2-me.samanehha.co:443 | reason=mihomo start failed
[TEST] {464} tested=5/5 | kept=0 | rest=0
[DEBUG] mihomo split-small | branch={464} | size=5 | parse=0 | names=[免费节点10] 🇺🇸 US 779 → tg@nicevpn123,[免费节点10] 🇺🇸 US 78 → tg@nicevpn123,[免费节点10] 🇺🇸 US 781 → tg@nicevpn123...+2 | err=-
[WARN] batch start failed | size=5 {464} | split=1 {816} + 1 {817} + 1 {818} + 1 {819} + 1 {820}
[TEST] {475} tested=1/1 | kept=0 | rest=0
[DEBUG] mihomo isolate | branch={475} | size=1 | parse=0 | names=[免费节点10] 🇺🇸 US 743 → tg@nicevpn123 | err=-
[DEBUG] mihomo drop | branch={475} | size=1 | parse=0 | names=[免费节点10] 🇺🇸 US 743 → tg@nicevpn123 | err=-
[DROP] name=[免费节点10] 🇺🇸 US 743 → tg@nicevpn123 {475} | server=104.19.42.78:2082 | reason=mihomo start failed
[TEST] {463} tested=4/4 | kept=0 | rest=0
[DEBUG] mihomo split-small | branch={463} | size=4 | parse=0 | names=[免费节点10] 🇺🇸 US 775 → tg@nicevpn123,[免费节点10] 🇺🇸 US 776 → tg@nicevpn123,[免费节点10] 🇺🇸 US 777 → tg@nicevpn123...+1 | err=-
[WARN] batch start failed | size=4 {463} | split=1 {821} + 1 {822} + 1 {823} + 1 {824}
[TEST] {477} tested=1/1 | kept=0 | rest=0
[DEBUG] mihomo isolate | branch={477} | size=1 | parse=0 | names=[免费节点10] 🇺🇸 US 745 → tg@nicevpn123 | err=-
[DEBUG] mihomo drop | branch={477} | size=1 | parse=0 | names=[免费节点10] 🇺🇸 US 745 → tg@nicevpn123 | err=-
[DROP] name=[免费节点10] 🇺🇸 US 745 → tg@nicevpn123 {477} | server=104.19.45.232:2082 | reason=mihomo start failed
[TEST] {476} tested=1/1 | kept=0 | rest=0
[DEBUG] mihomo isolate | branch={476} | size=1 | parse=0 | names=[免费节点10] 🇺🇸 US 744 → tg@nicevpn123 | err=-
[DEBUG] mihomo drop | branch={476} | size=1 | parse=0 | names=[免费节点10] 🇺🇸 US 744 → tg@nicevpn123 | err=-
[DROP] name=[免费节点10] 🇺🇸 US 744 → tg@nicevpn123 {476} | server=104.19.49.99:443 | reason=mihomo start failed
[TEST] {478} tested=1/1 | kept=0 | rest=0
[DEBUG] mihomo isolate | branch={478} | size=1 | parse=0 | names=[免费节点10] 🇺🇸 US 746 → tg@nicevpn123 | err=-
[DEBUG] mihomo drop | branch={478} | size=1 | parse=0 | names=[免费节点10] 🇺🇸 US 746 → tg@nicevpn123 | err=-
[DROP] name=[免费节点10] 🇺🇸 US 746 → tg@nicevpn123 {478} | server=104.16.60.8:80 | reason=mihomo start failed
[TEST] {479} tested=1/1 | kept=0 | rest=0
[DEBUG] mihomo isolate | branch={479} | size=1 | parse=0 | names=[免费节点10] 🇺🇸 US 748 → tg@nicevpn123 | err=-
[DEBUG] mihomo drop | branch={479} | size=1 | parse=0 | names=[免费节点10] 🇺🇸 US 748 → tg@nicevpn123 | err=-
[DROP] name=[免费节点10] 🇺🇸 US 748 → tg@nicevpn123 {479} | server=173.245.58.37:443 | reason=mihomo start failed
[TEST] {480} tested=1/1 | kept=0 | rest=0
[DEBUG] mihomo isolate | branch={480} | size=1 | parse=0 | names=[免费节点10] 🇺🇸 US 749 → tg@nicevpn123 | err=-
[DEBUG] mihomo drop | branch={480} | size=1 | parse=0 | names=[免费节点10] 🇺🇸 US 749 → tg@nicevpn123 | err=-
[DROP] name=[免费节点10] 🇺🇸 US 749 → tg@nicevpn123 {480} | server=104.21.237.160:80 | reason=mihomo start failed
[TEST] {482} tested=5/5 | kept=0 | rest=0
[DEBUG] mihomo split-small | branch={482} | size=5 | parse=0 | names=[免费节点10] 🇺🇸 US 754 → tg@nicevpn123,[免费节点10] 🇺🇸 US 756 → tg@nicevpn123,[免费节点10] 🇺🇸 US 757 → tg@nicevpn123...+2 | err=-
[WARN] batch start failed | size=5 {482} | split=1 {825} + 1 {826} + 1 {827} + 1 {828} + 1 {829}
[TEST] {470} tested=1/1 | kept=0 | rest=0
[DEBUG] mihomo isolate | branch={470} | size=1 | parse=0 | names=[免费节点10] 🇺🇸 US 769 → tg@nicevpn123 | err=-
[DEBUG] mihomo drop | branch={470} | size=1 | parse=0 | names=[免费节点10] 🇺🇸 US 769 → tg@nicevpn123 | err=-
[DROP] name=[免费节点10] 🇺🇸 US 769 → tg@nicevpn123 {470} | server=38.121.43.71:5001 | reason=mihomo start failed
[TEST] {474} tested=1/1 | kept=0 | rest=0
[DEBUG] mihomo isolate | branch={474} | size=1 | parse=0 | names=[免费节点10] 🇺🇸 US 742 → tg@nicevpn123 | err=-
[DEBUG] mihomo drop | branch={474} | size=1 | parse=0 | names=[免费节点10] 🇺🇸 US 742 → tg@nicevpn123 | err=-
[DROP] name=[免费节点10] 🇺🇸 US 742 → tg@nicevpn123 {474} | server=38.75.136.108:9101 | reason=mihomo start failed
[TEST] {481} tested=4/4 | kept=0 | rest=0
[DEBUG] mihomo split-small | branch={481} | size=4 | parse=0 | names=[免费节点10] 🇺🇸 US 750 → tg@nicevpn123,[免费节点10] 🇺🇸 US 751 → tg@nicevpn123,[免费节点10] 🇺🇸 US 752 → tg@nicevpn123...+1 | err=-
[WARN] batch start failed | size=4 {481} | split=1 {830} + 1 {831} + 1 {832} + 1 {833}
[TEST] {485} tested=1/1 | kept=0 | rest=0
[DEBUG] mihomo isolate | branch={485} | size=1 | parse=0 | names=[免费节点10] 🇺🇸 US 510 → tg@nicevpn123 | err=-
[DEBUG] mihomo drop | branch={485} | size=1 | parse=0 | names=[免费节点10] 🇺🇸 US 510 → tg@nicevpn123 | err=-
[DROP] name=[免费节点10] 🇺🇸 US 510 → tg@nicevpn123 {485} | server=104.16.100.23:443 | reason=mihomo start failed
[TEST] {486} tested=1/1 | kept=0 | rest=0
[DEBUG] mihomo isolate | branch={486} | size=1 | parse=0 | names=[免费节点10] 🇺🇸 US 511 → tg@nicevpn123 | err=-
[DEBUG] mihomo drop | branch={486} | size=1 | parse=0 | names=[免费节点10] 🇺🇸 US 511 → tg@nicevpn123 | err=-
[DROP] name=[免费节点10] 🇺🇸 US 511 → tg@nicevpn123 {486} | server=104.19.43.10:80 | reason=mihomo start failed
[TEST] {483} tested=4/4 | kept=0 | rest=0
[DEBUG] mihomo split-small | branch={483} | size=4 | parse=0 | names=[免费节点10] 🇺🇸 US 52 → tg@nicevpn123,[免费节点10] 🇺🇸 US 520 → tg@nicevpn123,[免费节点10] 🇺🇸 US 521 → tg@nicevpn123...+1 | err=-
[WARN] batch start failed | size=4 {483} | split=1 {834} + 1 {835} + 1 {836} + 1 {837}
[TEST] {488} tested=1/1 | kept=0 | rest=0
[DEBUG] mihomo isolate | branch={488} | size=1 | parse=0 | names=[免费节点10] 🇺🇸 US 513 → tg@nicevpn123 | err=-
[DEBUG] mihomo drop | branch={488} | size=1 | parse=0 | names=[免费节点10] 🇺🇸 US 513 → tg@nicevpn123 | err=-
[DROP] name=[免费节点10] 🇺🇸 US 513 → tg@nicevpn123 {488} | server=104.19.45.130:2095 | reason=mihomo start failed
[TEST] {491} tested=1/1 | kept=0 | rest=0
[DEBUG] mihomo isolate | branch={491} | size=1 | parse=0 | names=[免费节点10] 🇺🇸 US 518 → tg@nicevpn123 | err=-
[DEBUG] mihomo drop | branch={491} | size=1 | parse=0 | names=[免费节点10] 🇺🇸 US 518 → tg@nicevpn123 | err=-
[DROP] name=[免费节点10] 🇺🇸 US 518 → tg@nicevpn123 {491} | server=38.68.134.9:6679 | reason=mihomo start failed
[TEST] {489} tested=1/1 | kept=0 | rest=0
[DEBUG] mihomo isolate | branch={489} | size=1 | parse=0 | names=[免费节点10] 🇺🇸 US 514 → tg@nicevpn123 | err=-
[DEBUG] mihomo drop | branch={489} | size=1 | parse=0 | names=[免费节点10] 🇺🇸 US 514 → tg@nicevpn123 | err=-
[DROP] name=[免费节点10] 🇺🇸 US 514 → tg@nicevpn123 {489} | server=zula.ir:443 | reason=mihomo start failed
[TEST] {484} tested=5/5 | kept=0 | rest=0
[DEBUG] mihomo split-small | branch={484} | size=5 | parse=0 | names=[免费节点10] 🇺🇸 US 524 → tg@nicevpn123,[免费节点10] 🇺🇸 US 525 → tg@nicevpn123,[免费节点10] 🇺🇸 US 526 → tg@nicevpn123...+2 | err=-
[WARN] batch start failed | size=5 {484} | split=1 {838} + 1 {839} + 1 {840} + 1 {841} + 1 {842}
[TEST] {487} tested=1/1 | kept=0 | rest=0
[DEBUG] mihomo isolate | branch={487} | size=1 | parse=0 | names=[免费节点10] 🇺🇸 US 512 → tg@nicevpn123 | err=-
[DEBUG] mihomo drop | branch={487} | size=1 | parse=0 | names=[免费节点10] 🇺🇸 US 512 → tg@nicevpn123 | err=-
[DROP] name=[免费节点10] 🇺🇸 US 512 → tg@nicevpn123 {487} | server=15.204.87.225:5003 | reason=mihomo start failed
[TEST] {492} tested=1/1 | kept=0 | rest=0
[DEBUG] mihomo isolate | branch={492} | size=1 | parse=0 | names=[免费节点10] 🇺🇸 US 519 → tg@nicevpn123 | err=-
[DEBUG] mihomo drop | branch={492} | size=1 | parse=0 | names=[免费节点10] 🇺🇸 US 519 → tg@nicevpn123 | err=-
[DROP] name=[免费节点10] 🇺🇸 US 519 → tg@nicevpn123 {492} | server=13.37.6.138:22222 | reason=mihomo start failed
[TEST] {490} tested=1/1 | kept=0 | rest=0
[DEBUG] mihomo isolate | branch={490} | size=1 | parse=0 | names=[免费节点10] 🇺🇸 US 517 → tg@nicevpn123 | err=-
[DEBUG] mihomo drop | branch={490} | size=1 | parse=0 | names=[免费节点10] 🇺🇸 US 517 → tg@nicevpn123 | err=-
[DROP] name=[免费节点10] 🇺🇸 US 517 → tg@nicevpn123 {490} | server=503.outline-vpn.cloud:443 | reason=mihomo start failed
[TEST] {496} tested=1/1 | kept=0 | rest=0
[DEBUG] mihomo isolate | branch={496} | size=1 | parse=0 | names=[免费节点10] 🇺🇸 US 494 → tg@nicevpn123 | err=-
[DEBUG] mihomo drop | branch={496} | size=1 | parse=0 | names=[免费节点10] 🇺🇸 US 494 → tg@nicevpn123 | err=-
[DROP] name=[免费节点10] 🇺🇸 US 494 → tg@nicevpn123 {496} | server=104.19.43.248:80 | reason=mihomo start failed
[TEST] {497} tested=1/1 | kept=0 | rest=0
[DEBUG] mihomo isolate | branch={497} | size=1 | parse=0 | names=[免费节点10] 🇺🇸 US 495 → tg@nicevpn123 | err=-
[DEBUG] mihomo drop | branch={497} | size=1 | parse=0 | names=[免费节点10] 🇺🇸 US 495 → tg@nicevpn123 | err=-
[DROP] name=[免费节点10] 🇺🇸 US 495 → tg@nicevpn123 {497} | server=172.67.184.53:8443 | reason=mihomo start failed
[TEST] {493} tested=1/1 | kept=0 | rest=0
[DEBUG] mihomo isolate | branch={493} | size=1 | parse=0 | names=[免费节点10] 🇺🇸 US 490 → tg@nicevpn123 | err=-
[DEBUG] mihomo drop | branch={493} | size=1 | parse=0 | names=[免费节点10] 🇺🇸 US 490 → tg@nicevpn123 | err=-
[DROP] name=[免费节点10] 🇺🇸 US 490 → tg@nicevpn123 {493} | server=94.131.8.32:80 | reason=mihomo start failed
[TEST] {494} tested=1/1 | kept=0 | rest=0
[DEBUG] mihomo isolate | branch={494} | size=1 | parse=0 | names=[免费节点10] 🇺🇸 US 491 → tg@nicevpn123 | err=-
[DEBUG] mihomo drop | branch={494} | size=1 | parse=0 | names=[免费节点10] 🇺🇸 US 491 → tg@nicevpn123 | err=-
[DROP] name=[免费节点10] 🇺🇸 US 491 → tg@nicevpn123 {494} | server=167.172.19.102:8880 | reason=mihomo start failed
[TEST] {500} tested=1/1 | kept=0 | rest=0
[DEBUG] mihomo isolate | branch={500} | size=1 | parse=0 | names=[免费节点10] 🇺🇸 US 499 → tg@nicevpn123 | err=-
[DEBUG] mihomo drop | branch={500} | size=1 | parse=0 | names=[免费节点10] 🇺🇸 US 499 → tg@nicevpn123 | err=-
[DROP] name=[免费节点10] 🇺🇸 US 499 → tg@nicevpn123 {500} | server=104.21.68.203:8443 | reason=mihomo start failed
[TEST] {501} tested=4/4 | kept=0 | rest=0
[DEBUG] mihomo split-small | branch={501} | size=4 | parse=0 | names=[免费节点10] 🇺🇸 US 65 → tg@nicevpn123,[免费节点10] 🇺🇸 US 650 → tg@nicevpn123,[免费节点10] 🇺🇸 US 651 → tg@nicevpn123...+1 | err=-
[WARN] batch start failed | size=4 {501} | split=1 {843} + 1 {844} + 1 {845} + 1 {846}
[TEST] {502} tested=5/5 | kept=0 | rest=0
[DEBUG] mihomo split-small | branch={502} | size=5 | parse=0 | names=[免费节点10] 🇺🇸 US 654 → tg@nicevpn123,[免费节点10] 🇺🇸 US 655 → tg@nicevpn123,[免费节点10] 🇺🇸 US 656 → tg@nicevpn123...+2 | err=-
[WARN] batch start failed | size=5 {502} | split=1 {847} + 1 {848} + 1 {849} + 1 {850} + 1 {851}
[TEST] {503} tested=1/1 | kept=0 | rest=0
[DEBUG] mihomo isolate | branch={503} | size=1 | parse=0 | names=[免费节点10] 🇺🇸 US 5 → tg@nicevpn123 | err=-
[DEBUG] mihomo drop | branch={503} | size=1 | parse=0 | names=[免费节点10] 🇺🇸 US 5 → tg@nicevpn123 | err=-
[DROP] name=[免费节点10] 🇺🇸 US 5 → tg@nicevpn123 {503} | server=en7a5-g03.jp05-6786-vm0.entry.fr0307a.art:46484 | reason=mihomo start failed
[TEST] {506} tested=1/1 | kept=0 | rest=0
[DEBUG] mihomo isolate | branch={506} | size=1 | parse=0 | names=[免费节点10] 🇺🇸 US 503 → tg@nicevpn123 | err=-
[DEBUG] mihomo drop | branch={506} | size=1 | parse=0 | names=[免费节点10] 🇺🇸 US 503 → tg@nicevpn123 | err=-
[DROP] name=[免费节点10] 🇺🇸 US 503 → tg@nicevpn123 {506} | server=jp03-alt-vm0.entry.srthdw.art:21583 | reason=mihomo start failed
[TEST] {495} tested=1/1 | kept=0 | rest=0
[DEBUG] mihomo isolate | branch={495} | size=1 | parse=0 | names=[免费节点10] 🇺🇸 US 492 → tg@nicevpn123 | err=-
[DEBUG] mihomo drop | branch={495} | size=1 | parse=0 | names=[免费节点10] 🇺🇸 US 492 → tg@nicevpn123 | err=-
[DROP] name=[免费节点10] 🇺🇸 US 492 → tg@nicevpn123 {495} | server=ip0axv1bbsu02k7-jp.1ytnode.com:56350 | reason=mihomo start failed
[TEST] {507} tested=1/1 | kept=0 | rest=0
[DEBUG] mihomo isolate | branch={507} | size=1 | parse=0 | names=[免费节点10] 🇺🇸 US 504 → tg@nicevpn123 | err=-
[DEBUG] mihomo drop | branch={507} | size=1 | parse=0 | names=[免费节点10] 🇺🇸 US 504 → tg@nicevpn123 | err=-
[DROP] name=[免费节点10] 🇺🇸 US 504 → tg@nicevpn123 {507} | server=104.17.1.58:8443 | reason=mihomo start failed
[TEST] {498} tested=1/1 | kept=0 | rest=0
[DEBUG] mihomo isolate | branch={498} | size=1 | parse=0 | names=[免费节点10] 🇺🇸 US 497 → tg@nicevpn123 | err=-
[DEBUG] mihomo drop | branch={498} | size=1 | parse=0 | names=[免费节点10] 🇺🇸 US 497 → tg@nicevpn123 | err=-
[DROP] name=[免费节点10] 🇺🇸 US 497 → tg@nicevpn123 {498} | server=54.245.36.10:443 | reason=mihomo start failed
[TEST] {508} tested=1/1 | kept=0 | rest=0
[DEBUG] mihomo isolate | branch={508} | size=1 | parse=0 | names=[免费节点10] 🇺🇸 US 508 → tg@nicevpn123 | err=-
[DEBUG] mihomo drop | branch={508} | size=1 | parse=0 | names=[免费节点10] 🇺🇸 US 508 → tg@nicevpn123 | err=-
[DROP] name=[免费节点10] 🇺🇸 US 508 → tg@nicevpn123 {508} | server=104.16.39.206:2082 | reason=mihomo start failed
[TEST] {499} tested=1/1 | kept=0 | rest=0
[DEBUG] mihomo isolate | branch={499} | size=1 | parse=0 | names=[免费节点10] 🇺🇸 US 498 → tg@nicevpn123 | err=-
[DEBUG] mihomo drop | branch={499} | size=1 | parse=0 | names=[免费节点10] 🇺🇸 US 498 → tg@nicevpn123 | err=-
[DROP] name=[免费节点10] 🇺🇸 US 498 → tg@nicevpn123 {499} | server=docs.digitalocean.com:2096 | reason=mihomo start failed
[TEST] {510} tested=1/1 | kept=0 | rest=0
[DEBUG] mihomo isolate | branch={510} | size=1 | parse=0 | names=[免费节点10] 🇺🇸 US 51 → tg@nicevpn123 | err=-
[DEBUG] mihomo drop | branch={510} | size=1 | parse=0 | names=[免费节点10] 🇺🇸 US 51 → tg@nicevpn123 | err=-
[DROP] name=[免费节点10] 🇺🇸 US 51 → tg@nicevpn123 {510} | server=104.19.44.200:8080 | reason=mihomo start failed
[TEST] {509} tested=1/1 | kept=0 | rest=0
[DEBUG] mihomo isolate | branch={509} | size=1 | parse=0 | names=[免费节点10] 🇺🇸 US 509 → tg@nicevpn123 | err=-
[DEBUG] mihomo drop | branch={509} | size=1 | parse=0 | names=[免费节点10] 🇺🇸 US 509 → tg@nicevpn123 | err=-
[DROP] name=[免费节点10] 🇺🇸 US 509 → tg@nicevpn123 {509} | server=45.77.161.86:443 | reason=mihomo start failed
[TEST] {511} tested=1/1 | kept=0 | rest=0
[DEBUG] mihomo isolate | branch={511} | size=1 | parse=0 | names=[免费节点10] 🇺🇸 US 549 → tg@nicevpn123 | err=-
[DEBUG] mihomo drop | branch={511} | size=1 | parse=0 | names=[免费节点10] 🇺🇸 US 549 → tg@nicevpn123 | err=-
[DROP] name=[免费节点10] 🇺🇸 US 549 → tg@nicevpn123 {511} | server=50.114.243.61:43834 | reason=mihomo start failed
[TEST] {512} tested=1/1 | kept=0 | rest=0
[DEBUG] mihomo isolate | branch={512} | size=1 | parse=0 | names=[免费节点10] 🇺🇸 US 55 → tg@nicevpn123 | err=-
[DEBUG] mihomo drop | branch={512} | size=1 | parse=0 | names=[免费节点10] 🇺🇸 US 55 → tg@nicevpn123 | err=-
[DROP] name=[免费节点10] 🇺🇸 US 55 → tg@nicevpn123 {512} | server=14.vmessprotocol.telegram-vmessprotocol-channel.space:2086 | reason=mihomo start failed
[TEST] {514} tested=1/1 | kept=0 | rest=0
[DEBUG] mihomo isolate | branch={514} | size=1 | parse=0 | names=[免费节点10] 🇺🇸 US 552 → tg@nicevpn123 | err=-
[DEBUG] mihomo drop | branch={514} | size=1 | parse=0 | names=[免费节点10] 🇺🇸 US 552 → tg@nicevpn123 | err=-
[DROP] name=[免费节点10] 🇺🇸 US 552 → tg@nicevpn123 {514} | server=104.16.39.94:2082 | reason=mihomo start failed
[TEST] {515} tested=1/1 | kept=0 | rest=0
[DEBUG] mihomo isolate | branch={515} | size=1 | parse=0 | names=[免费节点10] 🇺🇸 US 553 → tg@nicevpn123 | err=-
[DEBUG] mihomo drop | branch={515} | size=1 | parse=0 | names=[免费节点10] 🇺🇸 US 553 → tg@nicevpn123 | err=-
[DROP] name=[免费节点10] 🇺🇸 US 553 → tg@nicevpn123 {515} | server=104.19.45.78:2095 | reason=mihomo start failed
[TEST] {516} tested=1/1 | kept=0 | rest=0
[DEBUG] mihomo isolate | branch={516} | size=1 | parse=0 | names=[免费节点10] 🇺🇸 US 554 → tg@nicevpn123 | err=-
[DEBUG] mihomo drop | branch={516} | size=1 | parse=0 | names=[免费节点10] 🇺🇸 US 554 → tg@nicevpn123 | err=-
[DROP] name=[免费节点10] 🇺🇸 US 554 → tg@nicevpn123 {516} | server=104.18.29.250:2052 | reason=mihomo start failed
[TEST] {505} tested=1/1 | kept=0 | rest=0
[DEBUG] mihomo isolate | branch={505} | size=1 | parse=0 | names=[免费节点10] 🇺🇸 US 501 → tg@nicevpn123 | err=-
[DEBUG] mihomo drop | branch={505} | size=1 | parse=0 | names=[免费节点10] 🇺🇸 US 501 → tg@nicevpn123 | err=-
[DROP] name=[免费节点10] 🇺🇸 US 501 → tg@nicevpn123 {505} | server=38.114.114.208:9090 | reason=mihomo start failed
[TEST] {504} tested=1/1 | kept=0 | rest=0
[DEBUG] mihomo isolate | branch={504} | size=1 | parse=0 | names=[免费节点10] 🇺🇸 US 50 → tg@nicevpn123 | err=-
[DEBUG] mihomo drop | branch={504} | size=1 | parse=0 | names=[免费节点10] 🇺🇸 US 50 → tg@nicevpn123 | err=-
[DROP] name=[免费节点10] 🇺🇸 US 50 → tg@nicevpn123 {504} | server=shct.pkyun.xyz:30314 | reason=mihomo start failed
[TEST] {513} tested=1/1 | kept=0 | rest=0
[DEBUG] mihomo isolate | branch={513} | size=1 | parse=0 | names=[免费节点10] 🇺🇸 US 551 → tg@nicevpn123 | err=-
[DEBUG] mihomo drop | branch={513} | size=1 | parse=0 | names=[免费节点10] 🇺🇸 US 551 → tg@nicevpn123 | err=-
[DROP] name=[免费节点10] 🇺🇸 US 551 → tg@nicevpn123 {513} | server=38.114.114.208:443 | reason=mihomo start failed
[TEST] {517} tested=1/1 | kept=0 | rest=0
[DEBUG] mihomo isolate | branch={517} | size=1 | parse=0 | names=[免费节点10] 🇺🇸 US 555 → tg@nicevpn123 | err=-
[DEBUG] mihomo drop | branch={517} | size=1 | parse=0 | names=[免费节点10] 🇺🇸 US 555 → tg@nicevpn123 | err=-
[DROP] name=[免费节点10] 🇺🇸 US 555 → tg@nicevpn123 {517} | server=38.75.137.105:6379 | reason=mihomo start failed
[TEST] {521} tested=1/1 | kept=0 | rest=0
[DEBUG] mihomo isolate | branch={521} | size=1 | parse=0 | names=[免费节点10] 🇺🇸 US 639 → tg@nicevpn123 | err=-
[DEBUG] mihomo drop | branch={521} | size=1 | parse=0 | names=[免费节点10] 🇺🇸 US 639 → tg@nicevpn123 | err=-
[DROP] name=[免费节点10] 🇺🇸 US 639 → tg@nicevpn123 {521} | server=104.21.225.193:80 | reason=mihomo start failed
[TEST] {523} tested=1/1 | kept=0 | rest=0
[DEBUG] mihomo isolate | branch={523} | size=1 | parse=0 | names=[免费节点10] 🇺🇸 US 642 → tg@nicevpn123 | err=-
[DEBUG] mihomo drop | branch={523} | size=1 | parse=0 | names=[免费节点10] 🇺🇸 US 642 → tg@nicevpn123 | err=-
[DROP] name=[免费节点10] 🇺🇸 US 642 → tg@nicevpn123 {523} | server=99.84.50.218:443 | reason=mihomo start failed
[TEST] {522} tested=1/1 | kept=0 | rest=0
[DEBUG] mihomo isolate | branch={522} | size=1 | parse=0 | names=[免费节点10] 🇺🇸 US 640 → tg@nicevpn123 | err=-
[DEBUG] mihomo drop | branch={522} | size=1 | parse=0 | names=[免费节点10] 🇺🇸 US 640 → tg@nicevpn123 | err=-
[DROP] name=[免费节点10] 🇺🇸 US 640 → tg@nicevpn123 {522} | server=104.19.171.9:443 | reason=mihomo start failed
[TEST] {524} tested=1/1 | kept=0 | rest=0
[DEBUG] mihomo isolate | branch={524} | size=1 | parse=0 | names=[免费节点10] 🇺🇸 US 644 → tg@nicevpn123 | err=-
[DEBUG] mihomo drop | branch={524} | size=1 | parse=0 | names=[免费节点10] 🇺🇸 US 644 → tg@nicevpn123 | err=-
[DROP] name=[免费节点10] 🇺🇸 US 644 → tg@nicevpn123 {524} | server=172.67.158.153:443 | reason=mihomo start failed
[TEST] {525} tested=1/1 | kept=0 | rest=0
[DEBUG] mihomo isolate | branch={525} | size=1 | parse=0 | names=[免费节点10] 🇺🇸 US 645 → tg@nicevpn123 | err=-
[DEBUG] mihomo drop | branch={525} | size=1 | parse=0 | names=[免费节点10] 🇺🇸 US 645 → tg@nicevpn123 | err=-
[DROP] name=[免费节点10] 🇺🇸 US 645 → tg@nicevpn123 {525} | server=104.19.45.50:2095 | reason=mihomo start failed
[TEST] {518} tested=1/1 | kept=0 | rest=0
[DEBUG] mihomo isolate | branch={518} | size=1 | parse=0 | names=[免费节点10] 🇺🇸 US 556 → tg@nicevpn123 | err=-
[DEBUG] mihomo drop | branch={518} | size=1 | parse=0 | names=[免费节点10] 🇺🇸 US 556 → tg@nicevpn123 | err=-
[DROP] name=[免费节点10] 🇺🇸 US 556 → tg@nicevpn123 {518} | server=38.114.114.208:7002 | reason=mihomo start failed
[TEST] {526} tested=1/1 | kept=0 | rest=0
[DEBUG] mihomo isolate | branch={526} | size=1 | parse=0 | names=[免费节点10] 🇺🇸 US 646 → tg@nicevpn123 | err=-
[DEBUG] mihomo drop | branch={526} | size=1 | parse=0 | names=[免费节点10] 🇺🇸 US 646 → tg@nicevpn123 | err=-
[DROP] name=[免费节点10] 🇺🇸 US 646 → tg@nicevpn123 {526} | server=172.245.180.193:16899 | reason=mihomo start failed
[TEST] {528} tested=1/1 | kept=0 | rest=0
[DEBUG] mihomo isolate | branch={528} | size=1 | parse=0 | names=[免费节点10] 🇺🇸 US 648 → tg@nicevpn123 | err=-
[DEBUG] mihomo drop | branch={528} | size=1 | parse=0 | names=[免费节点10] 🇺🇸 US 648 → tg@nicevpn123 | err=-
[DROP] name=[免费节点10] 🇺🇸 US 648 → tg@nicevpn123 {528} | server=104.19.45.99:2095 | reason=mihomo start failed
[TEST] {519} tested=4/4 | kept=0 | rest=0
[DEBUG] mihomo split-small | branch={519} | size=4 | parse=0 | names=[免费节点10] 🇺🇸 US 558 → tg@nicevpn123,[免费节点10] 🇺🇸 US 56 → tg@nicevpn123,[免费节点10] 🇺🇸 US 561 → tg@nicevpn123...+1 | err=-
[WARN] batch start failed | size=4 {519} | split=1 {852} + 1 {853} + 1 {854} + 1 {855}
[TEST] {529} tested=4/4 | kept=0 | rest=0
[DEBUG] mihomo split-small | branch={529} | size=4 | parse=0 | names=[免费节点10] 🇺🇸 US 627 → tg@nicevpn123,[免费节点10] 🇺🇸 US 629 → tg@nicevpn123,[免费节点10] 🇺🇸 US 631 → tg@nicevpn123...+1 | err=-
[WARN] batch start failed | size=4 {529} | split=1 {856} + 1 {857} + 1 {858} + 1 {859}
[TEST] {531} tested=1/1 | kept=0 | rest=0
[DEBUG] mihomo isolate | branch={531} | size=1 | parse=0 | names=[免费节点10] 🇺🇸 US 619 → tg@nicevpn123 | err=-
[DEBUG] mihomo drop | branch={531} | size=1 | parse=0 | names=[免费节点10] 🇺🇸 US 619 → tg@nicevpn123 | err=-
[DROP] name=[免费节点10] 🇺🇸 US 619 → tg@nicevpn123 {531} | server=104.19.171.3:443 | reason=mihomo start failed
[TEST] {532} tested=1/1 | kept=0 | rest=0
[DEBUG] mihomo isolate | branch={532} | size=1 | parse=0 | names=[免费节点10] 🇺🇸 US 62 → tg@nicevpn123 | err=-
[DEBUG] mihomo drop | branch={532} | size=1 | parse=0 | names=[免费节点10] 🇺🇸 US 62 → tg@nicevpn123 | err=-
[DROP] name=[免费节点10] 🇺🇸 US 62 → tg@nicevpn123 {532} | server=104.16.40.106:2082 | reason=mihomo start failed
[TEST] {533} tested=1/1 | kept=0 | rest=0
[DEBUG] mihomo isolate | branch={533} | size=1 | parse=0 | names=[免费节点10] 🇺🇸 US 620 → tg@nicevpn123 | err=-
[DEBUG] mihomo drop | branch={533} | size=1 | parse=0 | names=[免费节点10] 🇺🇸 US 620 → tg@nicevpn123 | err=-
[DROP] name=[免费节点10] 🇺🇸 US 620 → tg@nicevpn123 {533} | server=104.21.40.162:80 | reason=mihomo start failed
[TEST] {520} tested=5/5 | kept=0 | rest=0
[DEBUG] mihomo split-small | branch={520} | size=5 | parse=0 | names=[免费节点10] 🇺🇸 US 564 → tg@nicevpn123,[免费节点10] 🇺🇸 US 565 → tg@nicevpn123,[免费节点10] 🇺🇸 US 566 → tg@nicevpn123...+2 | err=-
[WARN] batch start failed | size=5 {520} | split=1 {860} + 1 {861} + 1 {862} + 1 {863} + 1 {864}
[TEST] {527} tested=1/1 | kept=0 | rest=0
[DEBUG] mihomo isolate | branch={527} | size=1 | parse=0 | names=[免费节点10] 🇺🇸 US 647 → tg@nicevpn123 | err=-
[DEBUG] mihomo drop | branch={527} | size=1 | parse=0 | names=[免费节点10] 🇺🇸 US 647 → tg@nicevpn123 | err=-
[DROP] name=[免费节点10] 🇺🇸 US 647 → tg@nicevpn123 {527} | server=66.42.84.121:443 | reason=mihomo start failed
[TEST] {536} tested=1/1 | kept=0 | rest=0
[DEBUG] mihomo isolate | branch={536} | size=1 | parse=0 | names=[免费节点10] 🇺🇸 US 624 → tg@nicevpn123 | err=-
[DEBUG] mihomo drop | branch={536} | size=1 | parse=0 | names=[免费节点10] 🇺🇸 US 624 → tg@nicevpn123 | err=-
[DROP] name=[免费节点10] 🇺🇸 US 624 → tg@nicevpn123 {536} | server=104.16.42.81:2082 | reason=mihomo start failed
[TEST] {538} tested=1/1 | kept=0 | rest=0
[DEBUG] mihomo isolate | branch={538} | size=1 | parse=0 | names=[免费节点10] 🇺🇸 US 626 → tg@nicevpn123 | err=-
[DEBUG] mihomo drop | branch={538} | size=1 | parse=0 | names=[免费节点10] 🇺🇸 US 626 → tg@nicevpn123 | err=-
[DROP] name=[免费节点10] 🇺🇸 US 626 → tg@nicevpn123 {538} | server=172.67.220.64:443 | reason=mihomo start failed
[TEST] {537} tested=1/1 | kept=0 | rest=0
[DEBUG] mihomo isolate | branch={537} | size=1 | parse=0 | names=[免费节点10] 🇺🇸 US 625 → tg@nicevpn123 | err=-
[DEBUG] mihomo drop | branch={537} | size=1 | parse=0 | names=[免费节点10] 🇺🇸 US 625 → tg@nicevpn123 | err=-
[DROP] name=[免费节点10] 🇺🇸 US 625 → tg@nicevpn123 {537} | server=au-full.privateip.net:443 | reason=mihomo start failed
[TEST] {540} tested=5/5 | kept=0 | rest=0
[DEBUG] mihomo split-small | branch={540} | size=5 | parse=0 | names=[免费节点10] 🇺🇸 US 586 → tg@nicevpn123,[免费节点10] 🇺🇸 US 587 → tg@nicevpn123,[免费节点10] 🇺🇸 US 59 → tg@nicevpn123...+2 | err=-
[WARN] batch start failed | size=5 {540} | split=1 {865} + 1 {866} + 1 {867} + 1 {868} + 1 {869}
[TEST] {539} tested=4/4 | kept=0 | rest=0
[DEBUG] mihomo split-small | branch={539} | size=4 | parse=0 | names=[免费节点10] 🇺🇸 US 580 → tg@nicevpn123,[免费节点10] 🇺🇸 US 581 → tg@nicevpn123,[免费节点10] 🇺🇸 US 584 → tg@nicevpn123...+1 | err=-
[WARN] batch start failed | size=4 {539} | split=1 {870} + 1 {871} + 1 {872} + 1 {873}
[TEST] {542} tested=1/1 | kept=0 | rest=0
[DEBUG] mihomo isolate | branch={542} | size=1 | parse=0 | names=[Epodonios] EPODONIOS-254 | err=-
[DEBUG] mihomo drop | branch={542} | size=1 | parse=0 | names=[Epodonios] EPODONIOS-254 | err=-
[DROP] name=[Epodonios] EPODONIOS-254 {542} | server=163.8.195.241:2087 | reason=mihomo start failed
[TEST] {530} tested=5/5 | kept=0 | rest=0
[DEBUG] mihomo split-small | branch={530} | size=5 | parse=0 | names=[免费节点10] 🇺🇸 US 633 → tg@nicevpn123,[免费节点10] 🇺🇸 US 634 → tg@nicevpn123,[免费节点10] 🇺🇸 US 636 → tg@nicevpn123...+2 | err=-
[WARN] batch start failed | size=5 {530} | split=1 {874} + 1 {875} + 1 {876} + 1 {877} + 1 {878}
[TEST] {541} tested=1/1 | kept=0 | rest=0
[DEBUG] mihomo isolate | branch={541} | size=1 | parse=0 | names=[Epodonios] EPODONIOS-253 | err=-
[DEBUG] mihomo drop | branch={541} | size=1 | parse=0 | names=[Epodonios] EPODONIOS-253 | err=-
[DROP] name=[Epodonios] EPODONIOS-253 {541} | server=104.21.48.1:443 | reason=mihomo start failed
[TEST] {534} tested=1/1 | kept=0 | rest=0
[DEBUG] mihomo isolate | branch={534} | size=1 | parse=0 | names=[免费节点10] 🇺🇸 US 621 → tg@nicevpn123 | err=-
[DEBUG] mihomo drop | branch={534} | size=1 | parse=0 | names=[免费节点10] 🇺🇸 US 621 → tg@nicevpn123 | err=-
[DROP] name=[免费节点10] 🇺🇸 US 621 → tg@nicevpn123 {534} | server=13.37.183.9:22222 | reason=mihomo start failed
[TEST] {545} tested=1/1 | kept=0 | rest=0
[DEBUG] mihomo isolate | branch={545} | size=1 | parse=0 | names=[Epodonios] EPODONIOS-257 | err=-
[DEBUG] mihomo drop | branch={545} | size=1 | parse=0 | names=[Epodonios] EPODONIOS-257 | err=-
[DROP] name=[Epodonios] EPODONIOS-257 {545} | server=212.95.34.13:443 | reason=mihomo start failed
[TEST] {535} tested=1/1 | kept=0 | rest=0
[DEBUG] mihomo isolate | branch={535} | size=1 | parse=0 | names=[免费节点10] 🇺🇸 US 623 → tg@nicevpn123 | err=-
[DEBUG] mihomo drop | branch={535} | size=1 | parse=0 | names=[免费节点10] 🇺🇸 US 623 → tg@nicevpn123 | err=-
[DROP] name=[免费节点10] 🇺🇸 US 623 → tg@nicevpn123 {535} | server=ip0axv1bbsu02k7-jp.1ytnode.com:56342 | reason=mihomo start failed
[TEST] {549} tested=1/1 | kept=0 | rest=0
[DEBUG] mihomo isolate | branch={549} | size=1 | parse=0 | names=[免费节点10] 🇺🇸 US 575 → tg@nicevpn123 | err=-
[DEBUG] mihomo drop | branch={549} | size=1 | parse=0 | names=[免费节点10] 🇺🇸 US 575 → tg@nicevpn123 | err=-
[DROP] name=[免费节点10] 🇺🇸 US 575 → tg@nicevpn123 {549} | server=bolder-metal-comma.glitch.me:443 | reason=mihomo start failed
[TEST] {546} tested=1/1 | kept=0 | rest=0
[DEBUG] mihomo isolate | branch={546} | size=1 | parse=0 | names=[免费节点10] 🇺🇸 US 570 → tg@nicevpn123 | err=-
[DEBUG] mihomo drop | branch={546} | size=1 | parse=0 | names=[免费节点10] 🇺🇸 US 570 → tg@nicevpn123 | err=-
[DROP] name=[免费节点10] 🇺🇸 US 570 → tg@nicevpn123 {546} | server=104.18.219.61:2087 | reason=mihomo start failed
[TEST] {550} tested=1/1 | kept=0 | rest=0
[DEBUG] mihomo isolate | branch={550} | size=1 | parse=0 | names=[免费节点10] 🇺🇸 US 576 → tg@nicevpn123 | err=-
[DEBUG] mihomo drop | branch={550} | size=1 | parse=0 | names=[免费节点10] 🇺🇸 US 576 → tg@nicevpn123 | err=-
[DROP] name=[免费节点10] 🇺🇸 US 576 → tg@nicevpn123 {550} | server=104.19.45.239:2082 | reason=mihomo start failed
[TEST] {543} tested=1/1 | kept=0 | rest=0
[DEBUG] mihomo isolate | branch={543} | size=1 | parse=0 | names=[Epodonios] EPODONIOS-255 | err=-
[DEBUG] mihomo drop | branch={543} | size=1 | parse=0 | names=[Epodonios] EPODONIOS-255 | err=-
[DROP] name=[Epodonios] EPODONIOS-255 {543} | server=185.234.64.97:443 | reason=mihomo start failed
[TEST] {544} tested=1/1 | kept=0 | rest=0
[DEBUG] mihomo isolate | branch={544} | size=1 | parse=0 | names=[Epodonios] EPODONIOS-256 | err=-
[DEBUG] mihomo drop | branch={544} | size=1 | parse=0 | names=[Epodonios] EPODONIOS-256 | err=-
[DROP] name=[Epodonios] EPODONIOS-256 {544} | server=65.109.241.111:44174 | reason=mihomo start failed
[TEST] {553} tested=1/1 | kept=0 | rest=0
[DEBUG] mihomo isolate | branch={553} | size=1 | parse=0 | names=[免费节点10] 🇺🇸 US 58 → tg@nicevpn123 | err=-
[DEBUG] mihomo drop | branch={553} | size=1 | parse=0 | names=[免费节点10] 🇺🇸 US 58 → tg@nicevpn123 | err=-
[DROP] name=[免费节点10] 🇺🇸 US 58 → tg@nicevpn123 {553} | server=104.21.227.36:80 | reason=mihomo start failed
[TEST] {552} tested=1/1 | kept=0 | rest=0
[DEBUG] mihomo isolate | branch={552} | size=1 | parse=0 | names=[免费节点10] 🇺🇸 US 578 → tg@nicevpn123 | err=-
[DEBUG] mihomo drop | branch={552} | size=1 | parse=0 | names=[免费节点10] 🇺🇸 US 578 → tg@nicevpn123 | err=-
[DROP] name=[免费节点10] 🇺🇸 US 578 → tg@nicevpn123 {552} | server=104.16.40.136:2082 | reason=mihomo start failed
[TEST] {554} tested=4/4 | kept=0 | rest=0
[DEBUG] mihomo split-small | branch={554} | size=4 | parse=0 | names=[免费节点10] 🇺🇸 US 605 → tg@nicevpn123,[免费节点10] 🇺🇸 US 607 → tg@nicevpn123,[免费节点10] 🇺🇸 US 608 → tg@nicevpn123...+1 | err=-
[WARN] batch start failed | size=4 {554} | split=1 {879} + 1 {880} + 1 {881} + 1 {882}
[TEST] {548} tested=1/1 | kept=0 | rest=0
[DEBUG] mihomo isolate | branch={548} | size=1 | parse=0 | names=[免费节点10] 🇺🇸 US 574 → tg@nicevpn123 | err=-
[DEBUG] mihomo drop | branch={548} | size=1 | parse=0 | names=[免费节点10] 🇺🇸 US 574 → tg@nicevpn123 | err=-
[DROP] name=[免费节点10] 🇺🇸 US 574 → tg@nicevpn123 {548} | server=34.221.163.96:443 | reason=mihomo start failed
[TEST] {558} tested=1/1 | kept=0 | rest=0
[DEBUG] mihomo isolate | branch={558} | size=1 | parse=0 | names=[免费节点10] 🇺🇸 US 598 → tg@nicevpn123 | err=-
[DEBUG] mihomo drop | branch={558} | size=1 | parse=0 | names=[免费节点10] 🇺🇸 US 598 → tg@nicevpn123 | err=-
[DROP] name=[免费节点10] 🇺🇸 US 598 → tg@nicevpn123 {558} | server=104.16.40.247:2082 | reason=mihomo start failed
[TEST] {556} tested=1/1 | kept=0 | rest=0
[DEBUG] mihomo isolate | branch={556} | size=1 | parse=0 | names=[免费节点10] 🇺🇸 US 593 → tg@nicevpn123 | err=-
[DEBUG] mihomo drop | branch={556} | size=1 | parse=0 | names=[免费节点10] 🇺🇸 US 593 → tg@nicevpn123 | err=-
[DROP] name=[免费节点10] 🇺🇸 US 593 → tg@nicevpn123 {556} | server=38.110.1.105:9102 | reason=mihomo start failed
[TEST] {559} tested=1/1 | kept=0 | rest=0
[DEBUG] mihomo isolate | branch={559} | size=1 | parse=0 | names=[免费节点10] 🇺🇸 US 6 → tg@nicevpn123 | err=-
[DEBUG] mihomo drop | branch={559} | size=1 | parse=0 | names=[免费节点10] 🇺🇸 US 6 → tg@nicevpn123 | err=-
[DROP] name=[免费节点10] 🇺🇸 US 6 → tg@nicevpn123 {559} | server=oe6wc-g01.jp05-6786-vm0.entry.fr0307a.art:46482 | reason=mihomo start failed
[TEST] {560} tested=1/1 | kept=0 | rest=0
[DEBUG] mihomo isolate | branch={560} | size=1 | parse=0 | names=[免费节点10] 🇺🇸 US 600 → tg@nicevpn123 | err=-
[DEBUG] mihomo drop | branch={560} | size=1 | parse=0 | names=[免费节点10] 🇺🇸 US 600 → tg@nicevpn123 | err=-
[DROP] name=[免费节点10] 🇺🇸 US 600 → tg@nicevpn123 {560} | server=104.19.42.243:2082 | reason=mihomo start failed
[TEST] {557} tested=1/1 | kept=0 | rest=0
[DEBUG] mihomo isolate | branch={557} | size=1 | parse=0 | names=[免费节点10] 🇺🇸 US 595 → tg@nicevpn123 | err=-
[DEBUG] mihomo drop | branch={557} | size=1 | parse=0 | names=[免费节点10] 🇺🇸 US 595 → tg@nicevpn123 | err=-
[DROP] name=[免费节点10] 🇺🇸 US 595 → tg@nicevpn123 {557} | server=best-charm-pediatrician.glitch.me:443 | reason=mihomo start failed
[TEST] {547} tested=1/1 | kept=0 | rest=0
[DEBUG] mihomo isolate | branch={547} | size=1 | parse=0 | names=[免费节点10] 🇺🇸 US 572 → tg@nicevpn123 | err=-
[DEBUG] mihomo drop | branch={547} | size=1 | parse=0 | names=[免费节点10] 🇺🇸 US 572 → tg@nicevpn123 | err=-
[DROP] name=[免费节点10] 🇺🇸 US 572 → tg@nicevpn123 {547} | server=38.75.136.108:8091 | reason=mihomo start failed
[TEST] {551} tested=1/1 | kept=0 | rest=0
[DEBUG] mihomo isolate | branch={551} | size=1 | parse=0 | names=[免费节点10] 🇺🇸 US 577 → tg@nicevpn123 | err=-
[DEBUG] mihomo drop | branch={551} | size=1 | parse=0 | names=[免费节点10] 🇺🇸 US 577 → tg@nicevpn123 | err=-
[DROP] name=[免费节点10] 🇺🇸 US 577 → tg@nicevpn123 {551} | server=165.22.47.62:8881 | reason=mihomo start failed
[TEST] {563} tested=1/1 | kept=0 | rest=0
[DEBUG] mihomo isolate | branch={563} | size=1 | parse=0 | names=[免费节点10] 🇺🇸 US 604 → tg@nicevpn123 | err=-
[DEBUG] mihomo drop | branch={563} | size=1 | parse=0 | names=[免费节点10] 🇺🇸 US 604 → tg@nicevpn123 | err=-
[DROP] name=[免费节点10] 🇺🇸 US 604 → tg@nicevpn123 {563} | server=173.245.58.11:443 | reason=mihomo start failed
[TEST] {564} tested=1/1 | kept=0 | rest=0
[DEBUG] mihomo isolate | branch={564} | size=1 | parse=0 | names=[免费节点10] 🇺🇸 US 2031 → tg@nicevpn123 | err=-
[DEBUG] mihomo drop | branch={564} | size=1 | parse=0 | names=[免费节点10] 🇺🇸 US 2031 → tg@nicevpn123 | err=-
[DROP] name=[免费节点10] 🇺🇸 US 2031 → tg@nicevpn123 {564} | server=104.19.44.142:80 | reason=mihomo start failed
[TEST] {565} tested=1/1 | kept=0 | rest=0
[DEBUG] mihomo isolate | branch={565} | size=1 | parse=0 | names=[免费节点10] 🇺🇸 US 2032 → tg@nicevpn123 | err=-
[DEBUG] mihomo drop | branch={565} | size=1 | parse=0 | names=[免费节点10] 🇺🇸 US 2032 → tg@nicevpn123 | err=-
[DROP] name=[免费节点10] 🇺🇸 US 2032 → tg@nicevpn123 {565} | server=104.19.44.186:80 | reason=mihomo start failed
[TEST] {566} tested=1/1 | kept=0 | rest=0
[DEBUG] mihomo isolate | branch={566} | size=1 | parse=0 | names=[免费节点10] 🇺🇸 US 2033 → tg@nicevpn123 | err=-
[DEBUG] mihomo drop | branch={566} | size=1 | parse=0 | names=[免费节点10] 🇺🇸 US 2033 → tg@nicevpn123 | err=-
[DROP] name=[免费节点10] 🇺🇸 US 2033 → tg@nicevpn123 {566} | server=104.19.45.219:2095 | reason=mihomo start failed
[TEST] {568} tested=1/1 | kept=0 | rest=0
[DEBUG] mihomo isolate | branch={568} | size=1 | parse=0 | names=[免费节点10] 🇺🇸 US 2035 → tg@nicevpn123 | err=-
[DEBUG] mihomo drop | branch={568} | size=1 | parse=0 | names=[免费节点10] 🇺🇸 US 2035 → tg@nicevpn123 | err=-
[DROP] name=[免费节点10] 🇺🇸 US 2035 → tg@nicevpn123 {568} | server=104.19.44.240:80 | reason=mihomo start failed
[TEST] {567} tested=1/1 | kept=0 | rest=0
[DEBUG] mihomo isolate | branch={567} | size=1 | parse=0 | names=[免费节点10] 🇺🇸 US 2034 → tg@nicevpn123 | err=-
[DEBUG] mihomo drop | branch={567} | size=1 | parse=0 | names=[免费节点10] 🇺🇸 US 2034 → tg@nicevpn123 | err=-
[DROP] name=[免费节点10] 🇺🇸 US 2034 → tg@nicevpn123 {567} | server=104.19.44.182:80 | reason=mihomo start failed
[TEST] {555} tested=5/5 | kept=0 | rest=0
[DEBUG] mihomo split-small | branch={555} | size=5 | parse=0 | names=[免费节点10] 🇺🇸 US 611 → tg@nicevpn123,[免费节点10] 🇺🇸 US 612 → tg@nicevpn123,[免费节点10] 🇺🇸 US 613 → tg@nicevpn123...+2 | err=-
[WARN] batch start failed | size=5 {555} | split=1 {883} + 1 {884} + 1 {885} + 1 {886} + 1 {887}
[TEST] {569} tested=1/1 | kept=0 | rest=0
[DEBUG] mihomo isolate | branch={569} | size=1 | parse=0 | names=[免费节点10] 🇺🇸 US 2036 → tg@nicevpn123 | err=-
[DEBUG] mihomo drop | branch={569} | size=1 | parse=0 | names=[免费节点10] 🇺🇸 US 2036 → tg@nicevpn123 | err=-
[DROP] name=[免费节点10] 🇺🇸 US 2036 → tg@nicevpn123 {569} | server=104.19.44.13:80 | reason=mihomo start failed
[TEST] {570} tested=1/1 | kept=0 | rest=0
[DEBUG] mihomo isolate | branch={570} | size=1 | parse=0 | names=[免费节点10] 🇺🇸 US 2037 → tg@nicevpn123 | err=-
[DEBUG] mihomo drop | branch={570} | size=1 | parse=0 | names=[免费节点10] 🇺🇸 US 2037 → tg@nicevpn123 | err=-
[DROP] name=[免费节点10] 🇺🇸 US 2037 → tg@nicevpn123 {570} | server=104.19.45.46:80 | reason=mihomo start failed
[TEST] {571} tested=1/1 | kept=0 | rest=0
[DEBUG] mihomo isolate | branch={571} | size=1 | parse=0 | names=[免费节点10] 🇺🇸 US 2038 → tg@nicevpn123 | err=-
[DEBUG] mihomo drop | branch={571} | size=1 | parse=0 | names=[免费节点10] 🇺🇸 US 2038 → tg@nicevpn123 | err=-
[DROP] name=[免费节点10] 🇺🇸 US 2038 → tg@nicevpn123 {571} | server=104.19.44.74:80 | reason=mihomo start failed
[TEST] {572} tested=1/1 | kept=0 | rest=0
[DEBUG] mihomo isolate | branch={572} | size=1 | parse=0 | names=[Epodonios] EPODONIOS-81 | err=-
[DEBUG] mihomo drop | branch={572} | size=1 | parse=0 | names=[Epodonios] EPODONIOS-81 | err=-
[DROP] name=[Epodonios] EPODONIOS-81 {572} | server=188.114.96.1:2083 | reason=mihomo start failed
[TEST] {574} tested=1/1 | kept=0 | rest=0
[DEBUG] mihomo isolate | branch={574} | size=1 | parse=0 | names=[Epodonios] EPODONIOS-83 | err=-
[DEBUG] mihomo drop | branch={574} | size=1 | parse=0 | names=[Epodonios] EPODONIOS-83 | err=-
[DROP] name=[Epodonios] EPODONIOS-83 {574} | server=188.114.96.5:2083 | reason=mihomo start failed
[TEST] {573} tested=1/1 | kept=0 | rest=0
[DEBUG] mihomo isolate | branch={573} | size=1 | parse=0 | names=[Epodonios] EPODONIOS-82 | err=-
[DEBUG] mihomo drop | branch={573} | size=1 | parse=0 | names=[Epodonios] EPODONIOS-82 | err=-
[DROP] name=[Epodonios] EPODONIOS-82 {573} | server=188.114.96.4:2083 | reason=mihomo start failed
[TEST] {575} tested=1/1 | kept=0 | rest=0
[DEBUG] mihomo isolate | branch={575} | size=1 | parse=0 | names=[Epodonios] EPODONIOS-84 | err=-
[DEBUG] mihomo drop | branch={575} | size=1 | parse=0 | names=[Epodonios] EPODONIOS-84 | err=-
[DROP] name=[Epodonios] EPODONIOS-84 {575} | server=193.233.133.152:28390 | reason=mihomo start failed
[TEST] {577} tested=1/1 | kept=0 | rest=0
[DEBUG] mihomo isolate | branch={577} | size=1 | parse=0 | names=[Epodonios] EPODONIOS-86 | err=-
[DEBUG] mihomo drop | branch={577} | size=1 | parse=0 | names=[Epodonios] EPODONIOS-86 | err=-
[DROP] name=[Epodonios] EPODONIOS-86 {577} | server=191.44.113.95:443 | reason=mihomo start failed
[DEBUG] mihomo start-fail | branch={578} | size=1 | parse=1 | rc=1 | names=[Epodonios] EPODONIOS-87 | err=rc=1 Mihomo exited before controller became ready time="2026-09-28T12:41:59.468607895Z" level=info msg="Start initial configuration in progress" time="2026-09-28T12:41:59.468682247Z" level=fatal msg="Parse config error: proxy 0: 'reality...
[DEBUG] mihomo isolate | branch={578} | size=1 | parse=1 | names=[Epodonios] EPODONIOS-87 | err=Mihomo exited before controller became ready time="2026-09-28T12:41:59.468607895Z" level=info msg="Start initial configuration in progress" time="2026-09-28T12:41:59.468682247Z" level=fatal msg="Parse config error: proxy 0: 'reality-opts...
[DEBUG] mihomo drop | branch={578} | size=1 | parse=1 | names=[Epodonios] EPODONIOS-87 | err=Mihomo exited before controller became ready time="2026-09-28T12:41:59.468607895Z" level=info msg="Start initial configuration in progress" time="2026-09-28T12:41:59.468682247Z" level=fatal msg="Parse config error: proxy 0: 'reality-opts...
[DROP] name=[Epodonios] EPODONIOS-87 {578} | server=194.93.61.120:443 | reason=Parse config error: proxy 0: 'reality-opts' has unset fields: public-key
[TEST] {561} tested=1/1 | kept=0 | rest=0
[DEBUG] mihomo isolate | branch={561} | size=1 | parse=0 | names=[免费节点10] 🇺🇸 US 601 → tg@nicevpn123 | err=-
[DEBUG] mihomo drop | branch={561} | size=1 | parse=0 | names=[免费节点10] 🇺🇸 US 601 → tg@nicevpn123 | err=-
[DROP] name=[免费节点10] 🇺🇸 US 601 → tg@nicevpn123 {561} | server=66.225.246.221:30129 | reason=mihomo start failed
[TEST] {579} tested=1/1 | kept=0 | rest=0
[DEBUG] mihomo isolate | branch={579} | size=1 | parse=0 | names=[Epodonios] EPODONIOS-88 | err=-
[DEBUG] mihomo drop | branch={579} | size=1 | parse=0 | names=[Epodonios] EPODONIOS-88 | err=-
[DROP] name=[Epodonios] EPODONIOS-88 {579} | server=139.59.238.97:50573 | reason=mihomo start failed
[TEST] {581} tested=1/1 | kept=0 | rest=0
[DEBUG] mihomo isolate | branch={581} | size=1 | parse=0 | names=[免费节点10] 🇺🇸 US 2014 → tg@nicevpn123 | err=-
[DEBUG] mihomo drop | branch={581} | size=1 | parse=0 | names=[免费节点10] 🇺🇸 US 2014 → tg@nicevpn123 | err=-
[DROP] name=[免费节点10] 🇺🇸 US 2014 → tg@nicevpn123 {581} | server=104.19.44.219:80 | reason=mihomo start failed
[TEST] {582} tested=1/1 | kept=0 | rest=0
[DEBUG] mihomo isolate | branch={582} | size=1 | parse=0 | names=[免费节点10] 🇺🇸 US 2015 → tg@nicevpn123 | err=-
[DEBUG] mihomo drop | branch={582} | size=1 | parse=0 | names=[免费节点10] 🇺🇸 US 2015 → tg@nicevpn123 | err=-
[DROP] name=[免费节点10] 🇺🇸 US 2015 → tg@nicevpn123 {582} | server=104.19.44.75:80 | reason=mihomo start failed
[TEST] {562} tested=1/1 | kept=0 | rest=0
[DEBUG] mihomo isolate | branch={562} | size=1 | parse=0 | names=[免费节点10] 🇺🇸 US 602 → tg@nicevpn123 | err=-
[DEBUG] mihomo drop | branch={562} | size=1 | parse=0 | names=[免费节点10] 🇺🇸 US 602 → tg@nicevpn123 | err=-
[DROP] name=[免费节点10] 🇺🇸 US 602 → tg@nicevpn123 {562} | server=38.75.137.42:8080 | reason=mihomo start failed
[TEST] {583} tested=1/1 | kept=0 | rest=0
[DEBUG] mihomo isolate | branch={583} | size=1 | parse=0 | names=[免费节点10] 🇺🇸 US 2016 → tg@nicevpn123 | err=-
[DEBUG] mihomo drop | branch={583} | size=1 | parse=0 | names=[免费节点10] 🇺🇸 US 2016 → tg@nicevpn123 | err=-
[DROP] name=[免费节点10] 🇺🇸 US 2016 → tg@nicevpn123 {583} | server=104.19.44.85:80 | reason=mihomo start failed
[TEST] {584} tested=1/1 | kept=0 | rest=0
[DEBUG] mihomo isolate | branch={584} | size=1 | parse=0 | names=[免费节点10] 🇺🇸 US 2017 → tg@nicevpn123 | err=-
[DEBUG] mihomo drop | branch={584} | size=1 | parse=0 | names=[免费节点10] 🇺🇸 US 2017 → tg@nicevpn123 | err=-
[DROP] name=[免费节点10] 🇺🇸 US 2017 → tg@nicevpn123 {584} | server=104.19.44.11:80 | reason=mihomo start failed
[TEST] {586} tested=1/1 | kept=0 | rest=0
[DEBUG] mihomo isolate | branch={586} | size=1 | parse=0 | names=[免费节点10] 🇺🇸 US 2019 → tg@nicevpn123 | err=-
[DEBUG] mihomo drop | branch={586} | size=1 | parse=0 | names=[免费节点10] 🇺🇸 US 2019 → tg@nicevpn123 | err=-
[DROP] name=[免费节点10] 🇺🇸 US 2019 → tg@nicevpn123 {586} | server=104.19.44.207:80 | reason=mihomo start failed
[TEST] {585} tested=1/1 | kept=0 | rest=0
[DEBUG] mihomo isolate | branch={585} | size=1 | parse=0 | names=[免费节点10] 🇺🇸 US 2018 → tg@nicevpn123 | err=-
[DEBUG] mihomo drop | branch={585} | size=1 | parse=0 | names=[免费节点10] 🇺🇸 US 2018 → tg@nicevpn123 | err=-
[DROP] name=[免费节点10] 🇺🇸 US 2018 → tg@nicevpn123 {585} | server=104.19.44.10:80 | reason=mihomo start failed
[TEST] {587} tested=1/1 | kept=0 | rest=0
[DEBUG] mihomo isolate | branch={587} | size=1 | parse=0 | names=[免费节点10] 🇺🇸 US 2020 → tg@nicevpn123 | err=-
[DEBUG] mihomo drop | branch={587} | size=1 | parse=0 | names=[免费节点10] 🇺🇸 US 2020 → tg@nicevpn123 | err=-
[DROP] name=[免费节点10] 🇺🇸 US 2020 → tg@nicevpn123 {587} | server=104.19.44.107:80 | reason=mihomo start failed
[TEST] {588} tested=1/1 | kept=0 | rest=0
[DEBUG] mihomo isolate | branch={588} | size=1 | parse=0 | names=[免费节点10] 🇺🇸 US 2021 → tg@nicevpn123 | err=-
[DEBUG] mihomo drop | branch={588} | size=1 | parse=0 | names=[免费节点10] 🇺🇸 US 2021 → tg@nicevpn123 | err=-
[DROP] name=[免费节点10] 🇺🇸 US 2021 → tg@nicevpn123 {588} | server=104.19.44.103:80 | reason=mihomo start failed
[TEST] {589} tested=4/4 | kept=0 | rest=0
[DEBUG] mihomo split-small | branch={589} | size=4 | parse=0 | names=[免费节点10] 🇺🇸 US 2022 → tg@nicevpn123,[免费节点10] 🇺🇸 US 2023 → tg@nicevpn123,[免费节点10] 🇺🇸 US 2024 → tg@nicevpn123...+1 | err=-
[WARN] batch start failed | size=4 {589} | split=1 {888} + 1 {889} + 1 {890} + 1 {891}
[TEST] {590} tested=5/5 | kept=0 | rest=0
[DEBUG] mihomo split-small | branch={590} | size=5 | parse=0 | names=[免费节点10] 🇺🇸 US 2026 → tg@nicevpn123,[免费节点10] 🇺🇸 US 2027 → tg@nicevpn123,[免费节点10] 🇺🇸 US 2028 → tg@nicevpn123...+2 | err=-
[WARN] batch start failed | size=5 {590} | split=1 {892} + 1 {893} + 1 {894} + 1 {895} + 1 {896}
[TEST] {591} tested=1/1 | kept=0 | rest=0
[DEBUG] mihomo isolate | branch={591} | size=1 | parse=0 | names=[免费节点10] 🇺🇸 US 542 → tg@nicevpn123 | err=-
[DEBUG] mihomo drop | branch={591} | size=1 | parse=0 | names=[免费节点10] 🇺🇸 US 542 → tg@nicevpn123 | err=-
[DROP] name=[免费节点10] 🇺🇸 US 542 → tg@nicevpn123 {591} | server=172.67.152.200:443 | reason=mihomo start failed
[TEST] {593} tested=1/1 | kept=0 | rest=0
[DEBUG] mihomo isolate | branch={593} | size=1 | parse=0 | names=[免费节点10] 🇺🇸 US 544 → tg@nicevpn123 | err=-
[DEBUG] mihomo drop | branch={593} | size=1 | parse=0 | names=[免费节点10] 🇺🇸 US 544 → tg@nicevpn123 | err=-
[DROP] name=[免费节点10] 🇺🇸 US 544 → tg@nicevpn123 {593} | server=104.16.42.222:2082 | reason=mihomo start failed
[TEST] {592} tested=1/1 | kept=0 | rest=0
[DEBUG] mihomo isolate | branch={592} | size=1 | parse=0 | names=[免费节点10] 🇺🇸 US 543 → tg@nicevpn123 | err=-
[DEBUG] mihomo drop | branch={592} | size=1 | parse=0 | names=[免费节点10] 🇺🇸 US 543 → tg@nicevpn123 | err=-
[DROP] name=[免费节点10] 🇺🇸 US 543 → tg@nicevpn123 {592} | server=104.19.45.56:2095 | reason=mihomo start failed
[TEST] {594} tested=1/1 | kept=0 | rest=0
[DEBUG] mihomo isolate | branch={594} | size=1 | parse=0 | names=[免费节点10] 🇺🇸 US 546 → tg@nicevpn123 | err=-
[DEBUG] mihomo drop | branch={594} | size=1 | parse=0 | names=[免费节点10] 🇺🇸 US 546 → tg@nicevpn123 | err=-
[DROP] name=[免费节点10] 🇺🇸 US 546 → tg@nicevpn123 {594} | server=104.21.232.64:80 | reason=mihomo start failed
[TEST] {576} tested=1/1 | kept=0 | rest=0
[DEBUG] mihomo isolate | branch={576} | size=1 | parse=0 | names=[Epodonios] EPODONIOS-85 | err=-
[DEBUG] mihomo drop | branch={576} | size=1 | parse=0 | names=[Epodonios] EPODONIOS-85 | err=-
[DROP] name=[Epodonios] EPODONIOS-85 {576} | server=191.44.113.150:443 | reason=mihomo start failed
[TEST] {597} tested=1/1 | kept=0 | rest=0
[DEBUG] mihomo isolate | branch={597} | size=1 | parse=0 | names=[免费节点10] 🇺🇸 US 539 → tg@nicevpn123 | err=-
[DEBUG] mihomo drop | branch={597} | size=1 | parse=0 | names=[免费节点10] 🇺🇸 US 539 → tg@nicevpn123 | err=-
[DROP] name=[免费节点10] 🇺🇸 US 539 → tg@nicevpn123 {597} | server=13.35.13.130:443 | reason=mihomo start failed
[TEST] {580} tested=1/1 | kept=0 | rest=0
[DEBUG] mihomo isolate | branch={580} | size=1 | parse=0 | names=[Epodonios] EPODONIOS-89 | err=-
[DEBUG] mihomo drop | branch={580} | size=1 | parse=0 | names=[Epodonios] EPODONIOS-89 | err=-
[DROP] name=[Epodonios] EPODONIOS-89 {580} | server=172.238.120.124:443 | reason=mihomo start failed
[TEST] {595} tested=1/1 | kept=0 | rest=0
[DEBUG] mihomo isolate | branch={595} | size=1 | parse=0 | names=[免费节点10] 🇺🇸 US 548 → tg@nicevpn123 | err=-
[DEBUG] mihomo drop | branch={595} | size=1 | parse=0 | names=[免费节点10] 🇺🇸 US 548 → tg@nicevpn123 | err=-
[DROP] name=[免费节点10] 🇺🇸 US 548 → tg@nicevpn123 {595} | server=172.67.57.252:8880 | reason=mihomo start failed
[TEST] {596} tested=1/1 | kept=0 | rest=0
[DEBUG] mihomo isolate | branch={596} | size=1 | parse=0 | names=[免费节点10] 🇺🇸 US 537 → tg@nicevpn123 | err=-
[DEBUG] mihomo drop | branch={596} | size=1 | parse=0 | names=[免费节点10] 🇺🇸 US 537 → tg@nicevpn123 | err=-
[DROP] name=[免费节点10] 🇺🇸 US 537 → tg@nicevpn123 {596} | server=205.234.232.189:50129 | reason=mihomo start failed
[TEST] {598} tested=1/1 | kept=0 | rest=0
[DEBUG] mihomo isolate | branch={598} | size=1 | parse=0 | names=[免费节点10] 🇺🇸 US 540 → tg@nicevpn123 | err=-
[DEBUG] mihomo drop | branch={598} | size=1 | parse=0 | names=[免费节点10] 🇺🇸 US 540 → tg@nicevpn123 | err=-
[DROP] name=[免费节点10] 🇺🇸 US 540 → tg@nicevpn123 {598} | server=38.75.137.42:5004 | reason=mihomo start failed
[TEST] {599} tested=1/1 | kept=0 | rest=0
[DEBUG] mihomo isolate | branch={599} | size=1 | parse=0 | names=[免费节点10] 🇺🇸 US 541 → tg@nicevpn123 | err=-
[DEBUG] mihomo drop | branch={599} | size=1 | parse=0 | names=[免费节点10] 🇺🇸 US 541 → tg@nicevpn123 | err=-
[DROP] name=[免费节点10] 🇺🇸 US 541 → tg@nicevpn123 {599} | server=38.110.1.43:9101 | reason=mihomo start failed
[TEST] {602} tested=1/1 | kept=0 | rest=0
[DEBUG] mihomo isolate | branch={602} | size=1 | parse=0 | names=[免费节点10] 🇺🇸 US 20 → tg@nicevpn123 | err=-
[DEBUG] mihomo drop | branch={602} | size=1 | parse=0 | names=[免费节点10] 🇺🇸 US 20 → tg@nicevpn123 | err=-
[DROP] name=[免费节点10] 🇺🇸 US 20 → tg@nicevpn123 {602} | server=104.16.39.52:2082 | reason=mihomo start failed
[TEST] {603} tested=1/1 | kept=0 | rest=0
[DEBUG] mihomo isolate | branch={603} | size=1 | parse=0 | names=[免费节点10] 🇺🇸 US 2000 → tg@nicevpn123 | err=-
[DEBUG] mihomo drop | branch={603} | size=1 | parse=0 | names=[免费节点10] 🇺🇸 US 2000 → tg@nicevpn123 | err=-
[DROP] name=[免费节点10] 🇺🇸 US 2000 → tg@nicevpn123 {603} | server=104.19.44.209:80 | reason=mihomo start failed
[TEST] {605} tested=1/1 | kept=0 | rest=0
[DEBUG] mihomo isolate | branch={605} | size=1 | parse=0 | names=[免费节点10] 🇺🇸 US 2002 → tg@nicevpn123 | err=-
[DEBUG] mihomo drop | branch={605} | size=1 | parse=0 | names=[免费节点10] 🇺🇸 US 2002 → tg@nicevpn123 | err=-
[DROP] name=[免费节点10] 🇺🇸 US 2002 → tg@nicevpn123 {605} | server=104.19.44.91:80 | reason=mihomo start failed
[TEST] {604} tested=1/1 | kept=0 | rest=0
[DEBUG] mihomo isolate | branch={604} | size=1 | parse=0 | names=[免费节点10] 🇺🇸 US 2001 → tg@nicevpn123 | err=-
[DEBUG] mihomo drop | branch={604} | size=1 | parse=0 | names=[免费节点10] 🇺🇸 US 2001 → tg@nicevpn123 | err=-
[DROP] name=[免费节点10] 🇺🇸 US 2001 → tg@nicevpn123 {604} | server=104.19.44.33:80 | reason=mihomo start failed
[TEST] {606} tested=1/1 | kept=0 | rest=0
[DEBUG] mihomo isolate | branch={606} | size=1 | parse=0 | names=[免费节点10] 🇺🇸 US 2003 → tg@nicevpn123 | err=-
[DEBUG] mihomo drop | branch={606} | size=1 | parse=0 | names=[免费节点10] 🇺🇸 US 2003 → tg@nicevpn123 | err=-
[DROP] name=[免费节点10] 🇺🇸 US 2003 → tg@nicevpn123 {606} | server=104.19.44.167:80 | reason=mihomo start failed
[TEST] {608} tested=1/1 | kept=0 | rest=0
[DEBUG] mihomo isolate | branch={608} | size=1 | parse=0 | names=[免费节点10] 🇺🇸 US 2005 → tg@nicevpn123 | err=-
[DEBUG] mihomo drop | branch={608} | size=1 | parse=0 | names=[免费节点10] 🇺🇸 US 2005 → tg@nicevpn123 | err=-
[DROP] name=[免费节点10] 🇺🇸 US 2005 → tg@nicevpn123 {608} | server=104.19.44.52:80 | reason=mihomo start failed
[TEST] {609} tested=1/1 | kept=0 | rest=0
[DEBUG] mihomo isolate | branch={609} | size=1 | parse=0 | names=[免费节点10] 🇺🇸 US 2006 → tg@nicevpn123 | err=-
[DEBUG] mihomo drop | branch={609} | size=1 | parse=0 | names=[免费节点10] 🇺🇸 US 2006 → tg@nicevpn123 | err=-
[DROP] name=[免费节点10] 🇺🇸 US 2006 → tg@nicevpn123 {609} | server=104.19.44.188:80 | reason=mihomo start failed
[TEST] {607} tested=1/1 | kept=0 | rest=0
[DEBUG] mihomo isolate | branch={607} | size=1 | parse=0 | names=[免费节点10] 🇺🇸 US 2004 → tg@nicevpn123 | err=-
[DEBUG] mihomo drop | branch={607} | size=1 | parse=0 | names=[免费节点10] 🇺🇸 US 2004 → tg@nicevpn123 | err=-
[DROP] name=[免费节点10] 🇺🇸 US 2004 → tg@nicevpn123 {607} | server=104.19.44.144:80 | reason=mihomo start failed
[TEST] {610} tested=1/1 | kept=0 | rest=0
[DEBUG] mihomo isolate | branch={610} | size=1 | parse=0 | names=[免费节点10] 🇺🇸 US 213 → tg@nicevpn123 | err=-
[DEBUG] mihomo drop | branch={610} | size=1 | parse=0 | names=[免费节点10] 🇺🇸 US 213 → tg@nicevpn123 | err=-
[DROP] name=[免费节点10] 🇺🇸 US 213 → tg@nicevpn123 {610} | server=103.79.79.57:31231 | reason=mihomo start failed
[TEST] {611} tested=1/1 | kept=0 | rest=0
[DEBUG] mihomo isolate | branch={611} | size=1 | parse=0 | names=[免费节点10] 🇺🇸 US 215 → tg@nicevpn123 | err=-
[DEBUG] mihomo drop | branch={611} | size=1 | parse=0 | names=[免费节点10] 🇺🇸 US 215 → tg@nicevpn123 | err=-
[DROP] name=[免费节点10] 🇺🇸 US 215 → tg@nicevpn123 {611} | server=ak1757.www.outline.network.fr8678825324247b8176d59f83c30bd94d23d2e3ac5cd4a743bkwqeikvdyufr.cyou:8080 | reason=mihomo start failed
[TEST] {614} tested=1/1 | kept=0 | rest=0
[DEBUG] mihomo isolate | branch={614} | size=1 | parse=0 | names=[免费节点10] 🇺🇸 US 22 → tg@nicevpn123 | err=-
[DEBUG] mihomo drop | branch={614} | size=1 | parse=0 | names=[免费节点10] 🇺🇸 US 22 → tg@nicevpn123 | err=-
[DROP] name=[免费节点10] 🇺🇸 US 22 → tg@nicevpn123 {614} | server=45.77.223.124:16899 | reason=mihomo start failed
[TEST] {612} tested=1/1 | kept=0 | rest=0
[DEBUG] mihomo isolate | branch={612} | size=1 | parse=0 | names=[免费节点10] 🇺🇸 US 216 → tg@nicevpn123 | err=-
[DEBUG] mihomo drop | branch={612} | size=1 | parse=0 | names=[免费节点10] 🇺🇸 US 216 → tg@nicevpn123 | err=-
[DROP] name=[免费节点10] 🇺🇸 US 216 → tg@nicevpn123 {612} | server=104.19.45.199:2095 | reason=mihomo start failed
[TEST] {613} tested=1/1 | kept=0 | rest=0
[DEBUG] mihomo isolate | branch={613} | size=1 | parse=0 | names=[免费节点10] 🇺🇸 US 219 → tg@nicevpn123 | err=-
[DEBUG] mihomo drop | branch={613} | size=1 | parse=0 | names=[免费节点10] 🇺🇸 US 219 → tg@nicevpn123 | err=-
[DROP] name=[免费节点10] 🇺🇸 US 219 → tg@nicevpn123 {613} | server=104.21.225.96:80 | reason=mihomo start failed
[TEST] {616} tested=1/1 | kept=0 | rest=0
[DEBUG] mihomo isolate | branch={616} | size=1 | parse=0 | names=[免费节点10] 🇺🇸 US 221 → tg@nicevpn123 | err=-
[DEBUG] mihomo drop | branch={616} | size=1 | parse=0 | names=[免费节点10] 🇺🇸 US 221 → tg@nicevpn123 | err=-
[DROP] name=[免费节点10] 🇺🇸 US 221 → tg@nicevpn123 {616} | server=172.232.62.234:443 | reason=mihomo start failed
[TEST] {600} tested=4/4 | kept=0 | rest=0
[DEBUG] mihomo split-small | branch={600} | size=4 | parse=0 | names=[免费节点10] 🇺🇸 US 2039 → tg@nicevpn123,[免费节点10] 🇺🇸 US 204 → tg@nicevpn123,[免费节点10] 🇺🇸 US 2040 → tg@nicevpn123...+1 | err=-
[WARN] batch start failed | size=4 {600} | split=1 {897} + 1 {898} + 1 {899} + 1 {900}
[TEST] {601} tested=5/5 | kept=0 | rest=0
[DEBUG] mihomo split-small | branch={601} | size=5 | parse=0 | names=[免费节点10] 🇺🇸 US 206 → tg@nicevpn123,[免费节点10] 🇺🇸 US 207 → tg@nicevpn123,[免费节点10] 🇺🇸 US 208 → tg@nicevpn123...+2 | err=-
[WARN] batch start failed | size=5 {601} | split=1 {901} + 1 {902} + 1 {903} + 1 {904} + 1 {905}
[TEST] {619} tested=5/5 | kept=0 | rest=0
[DEBUG] mihomo split-small | branch={619} | size=5 | parse=0 | names=[免费节点10] 🇺🇸 US 232 → tg@nicevpn123,[免费节点10] 🇺🇸 US 233 → tg@nicevpn123,[免费节点10] 🇺🇸 US 234 → tg@nicevpn123...+2 | err=-
[WARN] batch start failed | size=5 {619} | split=1 {906} + 1 {907} + 1 {908} + 1 {909} + 1 {910}
[TEST] {622} tested=1/1 | kept=0 | rest=0
[DEBUG] mihomo isolate | branch={622} | size=1 | parse=0 | names=[免费节点10] 🇺🇸 US 2009 → tg@nicevpn123 | err=-
[DEBUG] mihomo drop | branch={622} | size=1 | parse=0 | names=[免费节点10] 🇺🇸 US 2009 → tg@nicevpn123 | err=-
[DROP] name=[免费节点10] 🇺🇸 US 2009 → tg@nicevpn123 {622} | server=104.19.44.114:80 | reason=mihomo start failed
[TEST] {621} tested=1/1 | kept=0 | rest=0
[DEBUG] mihomo isolate | branch={621} | size=1 | parse=0 | names=[免费节点10] 🇺🇸 US 2008 → tg@nicevpn123 | err=-
[DEBUG] mihomo drop | branch={621} | size=1 | parse=0 | names=[免费节点10] 🇺🇸 US 2008 → tg@nicevpn123 | err=-
[DROP] name=[免费节点10] 🇺🇸 US 2008 → tg@nicevpn123 {621} | server=104.19.44.226:80 | reason=mihomo start failed
[TEST] {620} tested=1/1 | kept=0 | rest=0
[DEBUG] mihomo isolate | branch={620} | size=1 | parse=0 | names=[免费节点10] 🇺🇸 US 2007 → tg@nicevpn123 | err=-
[DEBUG] mihomo drop | branch={620} | size=1 | parse=0 | names=[免费节点10] 🇺🇸 US 2007 → tg@nicevpn123 | err=-
[DROP] name=[免费节点10] 🇺🇸 US 2007 → tg@nicevpn123 {620} | server=104.19.44.233:80 | reason=mihomo start failed
[TEST] {617} tested=1/1 | kept=0 | rest=0
[DEBUG] mihomo isolate | branch={617} | size=1 | parse=0 | names=[免费节点10] 🇺🇸 US 222 → tg@nicevpn123 | err=-
[DEBUG] mihomo drop | branch={617} | size=1 | parse=0 | names=[免费节点10] 🇺🇸 US 222 → tg@nicevpn123 | err=-
[DROP] name=[免费节点10] 🇺🇸 US 222 → tg@nicevpn123 {617} | server=38.114.114.208:6679 | reason=mihomo start failed
[TEST] {625} tested=1/1 | kept=0 | rest=0
[DEBUG] mihomo isolate | branch={625} | size=1 | parse=0 | names=[免费节点10] 🇺🇸 US 2011 → tg@nicevpn123 | err=-
[DEBUG] mihomo drop | branch={625} | size=1 | parse=0 | names=[免费节点10] 🇺🇸 US 2011 → tg@nicevpn123 | err=-
[DROP] name=[免费节点10] 🇺🇸 US 2011 → tg@nicevpn123 {625} | server=104.19.44.59:80 | reason=mihomo start failed
[TEST] {615} tested=1/1 | kept=0 | rest=0
[DEBUG] mihomo isolate | branch={615} | size=1 | parse=0 | names=[免费节点10] 🇺🇸 US 220 → tg@nicevpn123 | err=-
[DEBUG] mihomo drop | branch={615} | size=1 | parse=0 | names=[免费节点10] 🇺🇸 US 220 → tg@nicevpn123 | err=-
[DROP] name=[免费节点10] 🇺🇸 US 220 → tg@nicevpn123 {615} | server=45.79.108.12:443 | reason=mihomo start failed
[TEST] {618} tested=4/4 | kept=0 | rest=0
[DEBUG] mihomo split-small | branch={618} | size=4 | parse=0 | names=[免费节点10] 🇺🇸 US 223 → tg@nicevpn123,[免费节点10] 🇺🇸 US 227 → tg@nicevpn123,[免费节点10] 🇺🇸 US 228 → tg@nicevpn123...+1 | err=-
[WARN] batch start failed | size=4 {618} | split=1 {911} + 1 {912} + 1 {913} + 1 {914}
[TEST] {624} tested=1/1 | kept=0 | rest=0
[DEBUG] mihomo isolate | branch={624} | size=1 | parse=0 | names=[免费节点10] 🇺🇸 US 2010 → tg@nicevpn123 | err=-
[DEBUG] mihomo drop | branch={624} | size=1 | parse=0 | names=[免费节点10] 🇺🇸 US 2010 → tg@nicevpn123 | err=-
[DROP] name=[免费节点10] 🇺🇸 US 2010 → tg@nicevpn123 {624} | server=104.19.44.7:80 | reason=mihomo start failed
[TEST] {626} tested=1/1 | kept=0 | rest=0
[DEBUG] mihomo isolate | branch={626} | size=1 | parse=0 | names=[免费节点10] 🇺🇸 US 2012 → tg@nicevpn123 | err=-
[DEBUG] mihomo drop | branch={626} | size=1 | parse=0 | names=[免费节点10] 🇺🇸 US 2012 → tg@nicevpn123 | err=-
[DROP] name=[免费节点10] 🇺🇸 US 2012 → tg@nicevpn123 {626} | server=104.19.44.238:80 | reason=mihomo start failed
[TEST] {627} tested=1/1 | kept=0 | rest=0
[DEBUG] mihomo isolate | branch={627} | size=1 | parse=0 | names=[免费节点10] 🇺🇸 US 2013 → tg@nicevpn123 | err=-
[DEBUG] mihomo drop | branch={627} | size=1 | parse=0 | names=[免费节点10] 🇺🇸 US 2013 → tg@nicevpn123 | err=-
[DROP] name=[免费节点10] 🇺🇸 US 2013 → tg@nicevpn123 {627} | server=104.19.44.241:80 | reason=mihomo start failed
[TEST] {623} tested=1/1 | kept=0 | rest=0
[DEBUG] mihomo isolate | branch={623} | size=1 | parse=0 | names=[免费节点10] 🇺🇸 US 201 → tg@nicevpn123 | err=-
[DEBUG] mihomo drop | branch={623} | size=1 | parse=0 | names=[免费节点10] 🇺🇸 US 201 → tg@nicevpn123 | err=-
[DROP] name=[免费节点10] 🇺🇸 US 201 → tg@nicevpn123 {623} | server=ip0axv1bbsu02k7-jp.1ytnode.com:56341 | reason=mihomo start failed
[TEST] {631} tested=1/1 | kept=0 | rest=0
[DEBUG] mihomo isolate | branch={631} | size=1 | parse=0 | names=[免费节点10] 🇺🇸 US 238 → tg@nicevpn123 | err=-
[DEBUG] mihomo drop | branch={631} | size=1 | parse=0 | names=[免费节点10] 🇺🇸 US 238 → tg@nicevpn123 | err=-
[DROP] name=[免费节点10] 🇺🇸 US 238 → tg@nicevpn123 {631} | server=104.16.39.99:2082 | reason=mihomo start failed
[TEST] {632} tested=1/1 | kept=0 | rest=0
[DEBUG] mihomo isolate | branch={632} | size=1 | parse=0 | names=[免费节点10] 🇺🇸 US 239 → tg@nicevpn123 | err=-
[DEBUG] mihomo drop | branch={632} | size=1 | parse=0 | names=[免费节点10] 🇺🇸 US 239 → tg@nicevpn123 | err=-
[DROP] name=[免费节点10] 🇺🇸 US 239 → tg@nicevpn123 {632} | server=104.16.42.205:2082 | reason=mihomo start failed
[TEST] {633} tested=1/1 | kept=0 | rest=0
[DEBUG] mihomo isolate | branch={633} | size=1 | parse=0 | names=[免费节点10] 🇺🇸 US 24 → tg@nicevpn123 | err=-
[DEBUG] mihomo drop | branch={633} | size=1 | parse=0 | names=[免费节点10] 🇺🇸 US 24 → tg@nicevpn123 | err=-
[DROP] name=[免费节点10] 🇺🇸 US 24 → tg@nicevpn123 {633} | server=104.19.48.138:2082 | reason=mihomo start failed
[TEST] {629} tested=5/5 | kept=0 | rest=0
[DEBUG] mihomo split-small | branch={629} | size=5 | parse=0 | names=[免费节点10] 🇺🇸 US 254 → tg@nicevpn123,[免费节点10] 🇺🇸 US 255 → tg@nicevpn123,[免费节点10] 🇺🇸 US 256 → tg@nicevpn123...+2 | err=-
[WARN] batch start failed | size=5 {629} | split=1 {915} + 1 {916} + 1 {917} + 1 {918} + 1 {919}
[TEST] {628} tested=4/4 | kept=0 | rest=0
[DEBUG] mihomo split-small | branch={628} | size=4 | parse=0 | names=[免费节点10] 🇺🇸 US 247 → tg@nicevpn123,[免费节点10] 🇺🇸 US 250 → tg@nicevpn123,[免费节点10] 🇺🇸 US 251 → tg@nicevpn123...+1 | err=-
[WARN] batch start failed | size=4 {628} | split=1 {920} + 1 {921} + 1 {922} + 1 {923}
[TEST] {630} tested=1/1 | kept=0 | rest=0
[DEBUG] mihomo isolate | branch={630} | size=1 | parse=0 | names=[免费节点10] 🇺🇸 US 237 → tg@nicevpn123 | err=-
[DEBUG] mihomo drop | branch={630} | size=1 | parse=0 | names=[免费节点10] 🇺🇸 US 237 → tg@nicevpn123 | err=-
[DROP] name=[免费节点10] 🇺🇸 US 237 → tg@nicevpn123 {630} | server=143.198.18.35:8881 | reason=mihomo start failed
[TEST] {636} tested=1/1 | kept=0 | rest=0
[DEBUG] mihomo isolate | branch={636} | size=1 | parse=0 | names=[免费节点10] 🇺🇸 US 243 → tg@nicevpn123 | err=-
[DEBUG] mihomo drop | branch={636} | size=1 | parse=0 | names=[免费节点10] 🇺🇸 US 243 → tg@nicevpn123 | err=-
[DROP] name=[免费节点10] 🇺🇸 US 243 → tg@nicevpn123 {636} | server=auth.speedtest.net:443 | reason=mihomo start failed
[TEST] {635} tested=1/1 | kept=0 | rest=0
[DEBUG] mihomo isolate | branch={635} | size=1 | parse=0 | names=[免费节点10] 🇺🇸 US 242 → tg@nicevpn123 | err=-
[DEBUG] mihomo drop | branch={635} | size=1 | parse=0 | names=[免费节点10] 🇺🇸 US 242 → tg@nicevpn123 | err=-
[DROP] name=[免费节点10] 🇺🇸 US 242 → tg@nicevpn123 {635} | server=38.75.136.33:7306 | reason=mihomo start failed
[TEST] {916} tested=1/1 | kept=0 | rest=0
[DEBUG] mihomo isolate | branch={916} | size=1 | parse=0 | names=[免费节点10] 🇺🇸 US 255 → tg@nicevpn123 | err=-
[DEBUG] mihomo drop | branch={916} | size=1 | parse=0 | names=[免费节点10] 🇺🇸 US 255 → tg@nicevpn123 | err=-
[DROP] name=[免费节点10] 🇺🇸 US 255 → tg@nicevpn123 {916} | server=15.204.87.225:8090 | reason=mihomo start failed
[TEST] {637} tested=1/1 | kept=0 | rest=0
[DEBUG] mihomo isolate | branch={637} | size=1 | parse=0 | names=[免费节点10] 🇺🇸 US 246 → tg@nicevpn123 | err=-
[DEBUG] mihomo drop | branch={637} | size=1 | parse=0 | names=[免费节点10] 🇺🇸 US 246 → tg@nicevpn123 | err=-
[DROP] name=[免费节点10] 🇺🇸 US 246 → tg@nicevpn123 {637} | server=zula.ir:443 | reason=mihomo start failed
[TEST] {641} tested=1/1 | kept=0 | rest=0
[DEBUG] mihomo isolate | branch={641} | size=1 | parse=0 | names=[免费节点10] 🇺🇸 US 26 → tg@nicevpn123 | err=-
[DEBUG] mihomo drop | branch={641} | size=1 | parse=0 | names=[免费节点10] 🇺🇸 US 26 → tg@nicevpn123 | err=-
[DROP] name=[免费节点10] 🇺🇸 US 26 → tg@nicevpn123 {641} | server=104.19.45.97:2082 | reason=mihomo start failed
[TEST] {638} tested=4/4 | kept=0 | rest=0
[DEBUG] mihomo split-small | branch={638} | size=4 | parse=0 | names=[免费节点10] 🇺🇸 US 266 → tg@nicevpn123,[免费节点10] 🇺🇸 US 268 → tg@nicevpn123,[免费节点10] 🇺🇸 US 269 → tg@nicevpn123...+1 | err=-
[WARN] batch start failed | size=4 {638} | split=1 {924} + 1 {925} + 1 {926} + 1 {927}
[TEST] {643} tested=1/1 | kept=0 | rest=0
[DEBUG] mihomo isolate | branch={643} | size=1 | parse=0 | names=[免费节点10] 🇺🇸 US 261 → tg@nicevpn123 | err=-
[DEBUG] mihomo drop | branch={643} | size=1 | parse=0 | names=[免费节点10] 🇺🇸 US 261 → tg@nicevpn123 | err=-
[DROP] name=[免费节点10] 🇺🇸 US 261 → tg@nicevpn123 {643} | server=104.19.45.180:2095 | reason=mihomo start failed
[TEST] {645} tested=1/1 | kept=0 | rest=0
[DEBUG] mihomo isolate | branch={645} | size=1 | parse=0 | names=[免费节点10] 🇺🇸 US 263 → tg@nicevpn123 | err=-
[DEBUG] mihomo drop | branch={645} | size=1 | parse=0 | names=[免费节点10] 🇺🇸 US 263 → tg@nicevpn123 | err=-
[DROP] name=[免费节点10] 🇺🇸 US 263 → tg@nicevpn123 {645} | server=104.21.237.57:2052 | reason=mihomo start failed
[TEST] {639} tested=5/5 | kept=0 | rest=0
[DEBUG] mihomo split-small | branch={639} | size=5 | parse=0 | names=[免费节点10] 🇺🇸 US 270 → tg@nicevpn123,[免费节点10] 🇺🇸 US 271 → tg@nicevpn123,[免费节点10] 🇺🇸 US 272 → tg@nicevpn123...+2 | err=-
[WARN] batch start failed | size=5 {639} | split=1 {928} + 1 {929} + 1 {930} + 1 {931} + 1 {932}
[TEST] {647} tested=1/1 | kept=0 | rest=0
[DEBUG] mihomo isolate | branch={647} | size=1 | parse=0 | names=[免费节点10] 🇺🇸 US 265 → tg@nicevpn123 | err=-
[DEBUG] mihomo drop | branch={647} | size=1 | parse=0 | names=[免费节点10] 🇺🇸 US 265 → tg@nicevpn123 | err=-
[DROP] name=[免费节点10] 🇺🇸 US 265 → tg@nicevpn123 {647} | server=172.67.229.35:2086 | reason=mihomo start failed
[TEST] {644} tested=1/1 | kept=0 | rest=0
[DEBUG] mihomo isolate | branch={644} | size=1 | parse=0 | names=[免费节点10] 🇺🇸 US 262 → tg@nicevpn123 | err=-
[DEBUG] mihomo drop | branch={644} | size=1 | parse=0 | names=[免费节点10] 🇺🇸 US 262 → tg@nicevpn123 | err=-
[DROP] name=[免费节点10] 🇺🇸 US 262 → tg@nicevpn123 {644} | server=172.67.185.79:8080 | reason=mihomo start failed
[TEST] {640} tested=1/1 | kept=0 | rest=0
[DEBUG] mihomo isolate | branch={640} | size=1 | parse=0 | names=[免费节点10] 🇺🇸 US 259 → tg@nicevpn123 | err=-
[DEBUG] mihomo drop | branch={640} | size=1 | parse=0 | names=[免费节点10] 🇺🇸 US 259 → tg@nicevpn123 | err=-
[DROP] name=[免费节点10] 🇺🇸 US 259 → tg@nicevpn123 {640} | server=198.244.252.93:443 | reason=mihomo start failed
[TEST] {642} tested=1/1 | kept=0 | rest=0
[DEBUG] mihomo isolate | branch={642} | size=1 | parse=0 | names=[免费节点10] 🇺🇸 US 260 → tg@nicevpn123 | err=-
[DEBUG] mihomo drop | branch={642} | size=1 | parse=0 | names=[免费节点10] 🇺🇸 US 260 → tg@nicevpn123 | err=-
[DROP] name=[免费节点10] 🇺🇸 US 260 → tg@nicevpn123 {642} | server=ip0axv1bbsu02k7-tw.1ytnode.com:56330 | reason=mihomo start failed
[TEST] {646} tested=1/1 | kept=0 | rest=0
[DEBUG] mihomo isolate | branch={646} | size=1 | parse=0 | names=[免费节点10] 🇺🇸 US 264 → tg@nicevpn123 | err=-
[DEBUG] mihomo drop | branch={646} | size=1 | parse=0 | names=[免费节点10] 🇺🇸 US 264 → tg@nicevpn123 | err=-
[DROP] name=[免费节点10] 🇺🇸 US 264 → tg@nicevpn123 {646} | server=149.28.120.218:24721 | reason=mihomo start failed
[TEST] {650} tested=1/1 | kept=0 | rest=0
[DEBUG] mihomo isolate | branch={650} | size=1 | parse=0 | names=[免费节点10] 🇺🇸 US 3 → tg@nicevpn123 | err=-
[DEBUG] mihomo drop | branch={650} | size=1 | parse=0 | names=[免费节点10] 🇺🇸 US 3 → tg@nicevpn123 | err=-
[DROP] name=[免费节点10] 🇺🇸 US 3 → tg@nicevpn123 {650} | server=3wihp-g01.jp05-6786-vm0.entry.fr0307a.art:46482 | reason=mihomo start failed
[TEST] {648} tested=4/4 | kept=0 | rest=0
[DEBUG] mihomo split-small | branch={648} | size=4 | parse=0 | names=[免费节点10] 🇺🇸 US 307 → tg@nicevpn123,[免费节点10] 🇺🇸 US 309 → tg@nicevpn123,[免费节点10] 🇺🇸 US 31 → tg@nicevpn123...+1 | err=-
[WARN] batch start failed | size=4 {648} | split=1 {933} + 1 {934} + 1 {935} + 1 {936}
[TEST] {656} tested=1/1 | kept=0 | rest=0
[DEBUG] mihomo isolate | branch={656} | size=1 | parse=0 | names=[免费节点10] 🇺🇸 US 305 → tg@nicevpn123 | err=-
[DEBUG] mihomo drop | branch={656} | size=1 | parse=0 | names=[免费节点10] 🇺🇸 US 305 → tg@nicevpn123 | err=-
[DROP] name=[免费节点10] 🇺🇸 US 305 → tg@nicevpn123 {656} | server=ak1661.www.outline.network.fr8678825324247b8176d59f83c30bd94d23d2e3ac5cd4a743bkwqeikvdyufr.cyou:8080 | reason=mihomo start failed
[TEST] {654} tested=1/1 | kept=0 | rest=0
[DEBUG] mihomo isolate | branch={654} | size=1 | parse=0 | names=[免费节点10] 🇺🇸 US 302 → tg@nicevpn123 | err=-
[DEBUG] mihomo drop | branch={654} | size=1 | parse=0 | names=[免费节点10] 🇺🇸 US 302 → tg@nicevpn123 | err=-
[DROP] name=[免费节点10] 🇺🇸 US 302 → tg@nicevpn123 {654} | server=104.21.229.46:80 | reason=mihomo start failed
[TEST] {652} tested=1/1 | kept=0 | rest=0
[DEBUG] mihomo isolate | branch={652} | size=1 | parse=0 | names=[免费节点10] 🇺🇸 US 300 → tg@nicevpn123 | err=-
[DEBUG] mihomo drop | branch={652} | size=1 | parse=0 | names=[免费节点10] 🇺🇸 US 300 → tg@nicevpn123 | err=-
[DROP] name=[免费节点10] 🇺🇸 US 300 → tg@nicevpn123 {652} | server=104.19.45.168:2095 | reason=mihomo start failed
[TEST] {655} tested=1/1 | kept=0 | rest=0
[DEBUG] mihomo isolate | branch={655} | size=1 | parse=0 | names=[免费节点10] 🇺🇸 US 304 → tg@nicevpn123 | err=-
[DEBUG] mihomo drop | branch={655} | size=1 | parse=0 | names=[免费节点10] 🇺🇸 US 304 → tg@nicevpn123 | err=-
[DROP] name=[免费节点10] 🇺🇸 US 304 → tg@nicevpn123 {655} | server=172.67.172.67:8080 | reason=mihomo start failed
[TEST] {649} tested=5/5 | kept=0 | rest=0
[DEBUG] mihomo split-small | branch={649} | size=5 | parse=0 | names=[免费节点10] 🇺🇸 US 313 → tg@nicevpn123,[免费节点10] 🇺🇸 US 314 → tg@nicevpn123,[免费节点10] 🇺🇸 US 315 → tg@nicevpn123...+2 | err=-
[WARN] batch start failed | size=5 {649} | split=1 {937} + 1 {938} + 1 {939} + 1 {940} + 1 {941}
[TEST] {651} tested=1/1 | kept=0 | rest=0
[DEBUG] mihomo isolate | branch={651} | size=1 | parse=0 | names=[免费节点10] 🇺🇸 US 30 → tg@nicevpn123 | err=-
[DEBUG] mihomo drop | branch={651} | size=1 | parse=0 | names=[免费节点10] 🇺🇸 US 30 → tg@nicevpn123 | err=-
[DROP] name=[免费节点10] 🇺🇸 US 30 → tg@nicevpn123 {651} | server=ip0axv1bbsu02k7-hk.1ytnode.com:56303 | reason=mihomo start failed
[TEST] {653} tested=1/1 | kept=0 | rest=0
[DEBUG] mihomo isolate | branch={653} | size=1 | parse=0 | names=[免费节点10] 🇺🇸 US 301 → tg@nicevpn123 | err=-
[DEBUG] mihomo drop | branch={653} | size=1 | parse=0 | names=[免费节点10] 🇺🇸 US 301 → tg@nicevpn123 | err=-
[DROP] name=[免费节点10] 🇺🇸 US 301 → tg@nicevpn123 {653} | server=132.145.208.20:443 | reason=mihomo start failed
[TEST] {660} tested=1/1 | kept=0 | rest=0
[DEBUG] mihomo isolate | branch={660} | size=1 | parse=0 | names=[免费节点10] 🇺🇸 US 277 → tg@nicevpn123 | err=-
[DEBUG] mihomo drop | branch={660} | size=1 | parse=0 | names=[免费节点10] 🇺🇸 US 277 → tg@nicevpn123 | err=-
[DROP] name=[免费节点10] 🇺🇸 US 277 → tg@nicevpn123 {660} | server=104.16.40.187:2082 | reason=mihomo start failed
[TEST] {658} tested=1/1 | kept=0 | rest=0
[DEBUG] mihomo isolate | branch={658} | size=1 | parse=0 | names=[免费节点10] 🇺🇸 US 275 → tg@nicevpn123 | err=-
[DEBUG] mihomo drop | branch={658} | size=1 | parse=0 | names=[免费节点10] 🇺🇸 US 275 → tg@nicevpn123 | err=-
[DROP] name=[免费节点10] 🇺🇸 US 275 → tg@nicevpn123 {658} | server=104.19.45.207:2095 | reason=mihomo start failed
[TEST] {657} tested=1/1 | kept=0 | rest=0
[DEBUG] mihomo isolate | branch={657} | size=1 | parse=0 | names=[免费节点10] 🇺🇸 US 306 → tg@nicevpn123 | err=-
[DEBUG] mihomo drop | branch={657} | size=1 | parse=0 | names=[免费节点10] 🇺🇸 US 306 → tg@nicevpn123 | err=-
[DROP] name=[免费节点10] 🇺🇸 US 306 → tg@nicevpn123 {657} | server=45.77.105.178:27287 | reason=mihomo start failed
[TEST] {664} tested=1/1 | kept=0 | rest=0
[DEBUG] mihomo isolate | branch={664} | size=1 | parse=0 | names=[免费节点10] 🇺🇸 US 281 → tg@nicevpn123 | err=-
[DEBUG] mihomo drop | branch={664} | size=1 | parse=0 | names=[免费节点10] 🇺🇸 US 281 → tg@nicevpn123 | err=-
[DROP] name=[免费节点10] 🇺🇸 US 281 → tg@nicevpn123 {664} | server=172.67.175.243:2053 | reason=mihomo start failed
[TEST] {659} tested=1/1 | kept=0 | rest=0
[DEBUG] mihomo isolate | branch={659} | size=1 | parse=0 | names=[免费节点10] 🇺🇸 US 276 → tg@nicevpn123 | err=-
[DEBUG] mihomo drop | branch={659} | size=1 | parse=0 | names=[免费节点10] 🇺🇸 US 276 → tg@nicevpn123 | err=-
[DROP] name=[免费节点10] 🇺🇸 US 276 → tg@nicevpn123 {659} | server=38.180.98.215:8080 | reason=mihomo start failed
[TEST] {661} tested=1/1 | kept=0 | rest=0
[DEBUG] mihomo isolate | branch={661} | size=1 | parse=0 | names=[免费节点10] 🇺🇸 US 278 → tg@nicevpn123 | err=-
[DEBUG] mihomo drop | branch={661} | size=1 | parse=0 | names=[免费节点10] 🇺🇸 US 278 → tg@nicevpn123 | err=-
[DROP] name=[免费节点10] 🇺🇸 US 278 → tg@nicevpn123 {661} | server=172.252.193.222:42358 | reason=mihomo start failed
[TEST] {662} tested=1/1 | kept=0 | rest=0
[DEBUG] mihomo isolate | branch={662} | size=1 | parse=0 | names=[免费节点10] 🇺🇸 US 279 → tg@nicevpn123 | err=-
[DEBUG] mihomo drop | branch={662} | size=1 | parse=0 | names=[免费节点10] 🇺🇸 US 279 → tg@nicevpn123 | err=-
[DROP] name=[免费节点10] 🇺🇸 US 279 → tg@nicevpn123 {662} | server=50.116.2.131:443 | reason=mihomo start failed
[TEST] {667} tested=5/5 | kept=0 | rest=0
[DEBUG] mihomo split-small | branch={667} | size=5 | parse=0 | names=[免费节点10] 🇺🇸 US 291 → tg@nicevpn123,[免费节点10] 🇺🇸 US 293 → tg@nicevpn123,[免费节点10] 🇺🇸 US 296 → tg@nicevpn123...+2 | err=-
[WARN] batch start failed | size=5 {667} | split=1 {942} + 1 {943} + 1 {944} + 1 {945} + 1 {946}
[TEST] {663} tested=1/1 | kept=0 | rest=0
[DEBUG] mihomo isolate | branch={663} | size=1 | parse=0 | names=[免费节点10] 🇺🇸 US 28 → tg@nicevpn123 | err=-
[DEBUG] mihomo drop | branch={663} | size=1 | parse=0 | names=[免费节点10] 🇺🇸 US 28 → tg@nicevpn123 | err=-
[DROP] name=[免费节点10] 🇺🇸 US 28 → tg@nicevpn123 {663} | server=3.14.180.101:22222 | reason=mihomo start failed
[TEST] {668} tested=1/1 | kept=0 | rest=0
[DEBUG] mihomo isolate | branch={668} | size=1 | parse=0 | names=[Free-clash-v2ray] 🇫🇷FR_9|438KB/s 01 | err=-
[DEBUG] mihomo drop | branch={668} | size=1 | parse=0 | names=[Free-clash-v2ray] 🇫🇷FR_9|438KB/s 01 | err=-
[DROP] name=[Free-clash-v2ray] 🇫🇷FR_9|438KB/s 01 {668} | server=62.210.24.143:32202 | reason=mihomo start failed
[TEST] {669} tested=1/1 | kept=1 | rest=0
[DEBUG] mihomo start-fail | branch={671} | size=1 | parse=1 | rc=1 | names=[Free-clash-v2ray] hysteria | err=rc=1 Mihomo exited before controller became ready time="2026-09-28T12:42:45.253556913Z" level=info msg="Start initial configuration in progress" time="2026-09-28T12:42:45.253616122Z" level=fatal msg="Parse config error: proxy 0: '' has u...
[DEBUG] mihomo isolate | branch={671} | size=1 | parse=1 | names=[Free-clash-v2ray] hysteria | err=Mihomo exited before controller became ready time="2026-09-28T12:42:45.253556913Z" level=info msg="Start initial configuration in progress" time="2026-09-28T12:42:45.253616122Z" level=fatal msg="Parse config error: proxy 0: '' has unset ...
[REPAIR] name=[Free-clash-v2ray] hysteria {671} | fields=up,down
[TEST] {671} tested=1/1 | kept=0 | rest=0
[TEST] {672} tested=1/1 | kept=1 | rest=0
[TEST] {665} tested=1/1 | kept=0 | rest=0
[DEBUG] mihomo isolate | branch={665} | size=1 | parse=0 | names=[免费节点10] 🇺🇸 US 282 → tg@nicevpn123 | err=-
[DEBUG] mihomo drop | branch={665} | size=1 | parse=0 | names=[免费节点10] 🇺🇸 US 282 → tg@nicevpn123 | err=-
[DROP] name=[免费节点10] 🇺🇸 US 282 → tg@nicevpn123 {665} | server=ip0axv1bbsu02k7-sg.1ytnode.com:56331 | reason=mihomo start failed
[TEST] {674} tested=1/1 | kept=0 | rest=0
[DEBUG] mihomo isolate | branch={674} | size=1 | parse=0 | names=[Free-clash-v2ray] socks5 | err=-
[DEBUG] mihomo drop | branch={674} | size=1 | parse=0 | names=[Free-clash-v2ray] socks5 | err=-
[DROP] name=[Free-clash-v2ray] socks5 {674} | server=128.140.46.169:13482 | reason=mihomo start failed
[TEST] {666} tested=4/4 | kept=0 | rest=0
[DEBUG] mihomo split-small | branch={666} | size=4 | parse=0 | names=[免费节点10] 🇺🇸 US 283 → tg@nicevpn123,[免费节点10] 🇺🇸 US 284 → tg@nicevpn123,[免费节点10] 🇺🇸 US 285 → tg@nicevpn123...+1 | err=-
[WARN] batch start failed | size=4 {666} | split=1 {947} + 1 {948} + 1 {949} + 1 {950}
[TEST] {673} tested=1/1 | kept=0 | rest=0
[DEBUG] mihomo isolate | branch={673} | size=1 | parse=0 | names=[Free-clash-v2ray] 🇫🇷FR_1864|491KB/s|T00 | err=-
[DEBUG] mihomo drop | branch={673} | size=1 | parse=0 | names=[Free-clash-v2ray] 🇫🇷FR_1864|491KB/s|T00 | err=-
[DROP] name=[Free-clash-v2ray] 🇫🇷FR_1864|491KB/s|T001-260618 01 {673} | server=104.21.70.21:443 | reason=mihomo start failed
[TEST] {678} tested=1/1 | kept=0 | rest=0
[DEBUG] mihomo isolate | branch={678} | size=1 | parse=0 | names=[Epodonios] EPODONIOS-48 | err=-
[DEBUG] mihomo drop | branch={678} | size=1 | parse=0 | names=[Epodonios] EPODONIOS-48 | err=-
[DROP] name=[Epodonios] EPODONIOS-48 {678} | server=zula.ir:443 | reason=mihomo start failed
[TEST] {670} tested=1/1 | kept=0 | rest=0
[DEBUG] mihomo isolate | branch={670} | size=1 | parse=0 | names=[Free-clash-v2ray] 🇷🇴RO_3|2.2MB/s|X001-2 | err=-
[DEBUG] mihomo drop | branch={670} | size=1 | parse=0 | names=[Free-clash-v2ray] 🇷🇴RO_3|2.2MB/s|X001-2 | err=-
[DROP] name=[Free-clash-v2ray] 🇷🇴RO_3|2.2MB/s|X001-260618 01 {670} | server=hy2-new.aspidnet.xyz:443 | reason=mihomo start failed
[TEST] {675} tested=1/1 | kept=0 | rest=0
[DEBUG] mihomo isolate | branch={675} | size=1 | parse=0 | names=[Free-clash-v2ray] 香港 16 | err=-
[DEBUG] mihomo drop | branch={675} | size=1 | parse=0 | names=[Free-clash-v2ray] 香港 16 | err=-
[DROP] name=[Free-clash-v2ray] 香港 16 {675} | server=nas.aizhzo.com:5010 | reason=mihomo start failed
[TEST] {680} tested=1/1 | kept=0 | rest=0
[DEBUG] mihomo isolate | branch={680} | size=1 | parse=0 | names=[Epodonios] EPODONIOS-50 | err=-
[DEBUG] mihomo drop | branch={680} | size=1 | parse=0 | names=[Epodonios] EPODONIOS-50 | err=-
[DROP] name=[Epodonios] EPODONIOS-50 {680} | server=190.93.244.202:443 | reason=mihomo start failed
[TEST] {676} tested=1/1 | kept=0 | rest=0
[DEBUG] mihomo isolate | branch={676} | size=1 | parse=0 | names=[Free-clash-v2ray] 香港 54 | err=-
[DEBUG] mihomo drop | branch={676} | size=1 | parse=0 | names=[Free-clash-v2ray] 香港 54 | err=-
[DROP] name=[Free-clash-v2ray] 香港 54 {676} | server=185.227.154.226:443 | reason=mihomo start failed
[TEST] {682} tested=1/1 | kept=0 | rest=0
[DEBUG] mihomo isolate | branch={682} | size=1 | parse=0 | names=[Epodonios] EPODONIOS-52 | err=-
[DEBUG] mihomo drop | branch={682} | size=1 | parse=0 | names=[Epodonios] EPODONIOS-52 | err=-
[DROP] name=[Epodonios] EPODONIOS-52 {682} | server=89.116.46.68:443 | reason=mihomo start failed
[TEST] {681} tested=1/1 | kept=0 | rest=0
[DEBUG] mihomo isolate | branch={681} | size=1 | parse=0 | names=[Epodonios] EPODONIOS-51 | err=-
[DEBUG] mihomo drop | branch={681} | size=1 | parse=0 | names=[Epodonios] EPODONIOS-51 | err=-
[DROP] name=[Epodonios] EPODONIOS-51 {681} | server=87.121.218.169:443 | reason=mihomo start failed
[TEST] {677} tested=1/1 | kept=0 | rest=0
[DEBUG] mihomo isolate | branch={677} | size=1 | parse=0 | names=[Epodonios] EPODONIOS-47 | err=-
[DEBUG] mihomo drop | branch={677} | size=1 | parse=0 | names=[Epodonios] EPODONIOS-47 | err=-
[DROP] name=[Epodonios] EPODONIOS-47 {677} | server=iranserver.com:8443 | reason=mihomo start failed
[TEST] {679} tested=1/1 | kept=0 | rest=0
[DEBUG] mihomo isolate | branch={679} | size=1 | parse=0 | names=[Epodonios] EPODONIOS-49 | err=-
[DEBUG] mihomo drop | branch={679} | size=1 | parse=0 | names=[Epodonios] EPODONIOS-49 | err=-
[DROP] name=[Epodonios] EPODONIOS-49 {679} | server=172.235.63.252:443 | reason=mihomo start failed
[TEST] {688} tested=1/1 | kept=0 | rest=0
[DEBUG] mihomo isolate | branch={688} | size=1 | parse=0 | names=[免费节点10] 🇺🇸 US 330 → tg@nicevpn123 | err=-
[DEBUG] mihomo drop | branch={688} | size=1 | parse=0 | names=[免费节点10] 🇺🇸 US 330 → tg@nicevpn123 | err=-
[DROP] name=[免费节点10] 🇺🇸 US 330 → tg@nicevpn123 {688} | server=104.26.0.95:443 | reason=mihomo start failed
[TEST] {686} tested=1/1 | kept=0 | rest=0
[DEBUG] mihomo isolate | branch={686} | size=1 | parse=0 | names=[免费节点10] 🇺🇸 US 329 → tg@nicevpn123 | err=-
[DEBUG] mihomo drop | branch={686} | size=1 | parse=0 | names=[免费节点10] 🇺🇸 US 329 → tg@nicevpn123 | err=-
[DROP] name=[免费节点10] 🇺🇸 US 329 → tg@nicevpn123 {686} | server=cdncdncdncdn.784654.xyz:2052 | reason=mihomo start failed
[TEST] {683} tested=1/1 | kept=0 | rest=0
[DEBUG] mihomo isolate | branch={683} | size=1 | parse=0 | names=[Epodonios] EPODONIOS-53 | err=-
[DEBUG] mihomo drop | branch={683} | size=1 | parse=0 | names=[Epodonios] EPODONIOS-53 | err=-
[DROP] name=[Epodonios] EPODONIOS-53 {683} | server=185.137.157.138:443 | reason=mihomo start failed
[TEST] {684} tested=1/1 | kept=0 | rest=0
[DEBUG] mihomo isolate | branch={684} | size=1 | parse=0 | names=[Epodonios] EPODONIOS-54 | err=-
[DEBUG] mihomo drop | branch={684} | size=1 | parse=0 | names=[Epodonios] EPODONIOS-54 | err=-
[DROP] name=[Epodonios] EPODONIOS-54 {684} | server=185.137.157.145:443 | reason=mihomo start failed
[TEST] {691} tested=1/1 | kept=0 | rest=0
[DEBUG] mihomo isolate | branch={691} | size=1 | parse=0 | names=[免费节点10] 🇺🇸 US 334 → tg@nicevpn123 | err=-
[DEBUG] mihomo drop | branch={691} | size=1 | parse=0 | names=[免费节点10] 🇺🇸 US 334 → tg@nicevpn123 | err=-
[DROP] name=[免费节点10] 🇺🇸 US 334 → tg@nicevpn123 {691} | server=104.16.43.187:2082 | reason=mihomo start failed
[TEST] {689} tested=1/1 | kept=0 | rest=0
[DEBUG] mihomo isolate | branch={689} | size=1 | parse=0 | names=[免费节点10] 🇺🇸 US 331 → tg@nicevpn123 | err=-
[DEBUG] mihomo drop | branch={689} | size=1 | parse=0 | names=[免费节点10] 🇺🇸 US 331 → tg@nicevpn123 | err=-
[DROP] name=[免费节点10] 🇺🇸 US 331 → tg@nicevpn123 {689} | server=104.17.205.10:8880 | reason=mihomo start failed
[TEST] {692} tested=1/1 | kept=0 | rest=0
[DEBUG] mihomo isolate | branch={692} | size=1 | parse=0 | names=[免费节点10] 🇺🇸 US 337 → tg@nicevpn123 | err=-
[DEBUG] mihomo drop | branch={692} | size=1 | parse=0 | names=[免费节点10] 🇺🇸 US 337 → tg@nicevpn123 | err=-
[DROP] name=[免费节点10] 🇺🇸 US 337 → tg@nicevpn123 {692} | server=104.16.42.29:2082 | reason=mihomo start failed
[TEST] {685} tested=1/1 | kept=0 | rest=0
[DEBUG] mihomo isolate | branch={685} | size=1 | parse=0 | names=[Epodonios] EPODONIOS-55 | err=-
[DEBUG] mihomo drop | branch={685} | size=1 | parse=0 | names=[Epodonios] EPODONIOS-55 | err=-
[DROP] name=[Epodonios] EPODONIOS-55 {685} | server=18.199.218.181:16154 | reason=mihomo start failed
[TEST] {693} tested=1/1 | kept=0 | rest=0
[DEBUG] mihomo isolate | branch={693} | size=1 | parse=0 | names=[免费节点10] 🇺🇸 US 339 → tg@nicevpn123 | err=-
[DEBUG] mihomo drop | branch={693} | size=1 | parse=0 | names=[免费节点10] 🇺🇸 US 339 → tg@nicevpn123 | err=-
[DROP] name=[免费节点10] 🇺🇸 US 339 → tg@nicevpn123 {693} | server=104.16.127.195:2052 | reason=mihomo start failed
[TEST] {694} tested=1/1 | kept=0 | rest=0
[DEBUG] mihomo isolate | branch={694} | size=1 | parse=0 | names=[免费节点10] 🇺🇸 US 32 → tg@nicevpn123 | err=-
[DEBUG] mihomo drop | branch={694} | size=1 | parse=0 | names=[免费节点10] 🇺🇸 US 32 → tg@nicevpn123 | err=-
[DROP] name=[免费节点10] 🇺🇸 US 32 → tg@nicevpn123 {694} | server=185.218.126.248:80 | reason=mihomo start failed
[TEST] {696} tested=1/1 | kept=0 | rest=0
[DEBUG] mihomo isolate | branch={696} | size=1 | parse=0 | names=[免费节点10] 🇺🇸 US 322 → tg@nicevpn123 | err=-
[DEBUG] mihomo drop | branch={696} | size=1 | parse=0 | names=[免费节点10] 🇺🇸 US 322 → tg@nicevpn123 | err=-
[DROP] name=[免费节点10] 🇺🇸 US 322 → tg@nicevpn123 {696} | server=38.68.134.9:5601 | reason=mihomo start failed
[TEST] {687} tested=1/1 | kept=0 | rest=0
[DEBUG] mihomo isolate | branch={687} | size=1 | parse=0 | names=[免费节点10] 🇺🇸 US 33 → tg@nicevpn123 | err=-
[DEBUG] mihomo drop | branch={687} | size=1 | parse=0 | names=[免费节点10] 🇺🇸 US 33 → tg@nicevpn123 | err=-
[DROP] name=[免费节点10] 🇺🇸 US 33 → tg@nicevpn123 {687} | server=shct.pkyun.xyz:51706 | reason=mihomo start failed
[TEST] {697} tested=1/1 | kept=0 | rest=0
[DEBUG] mihomo isolate | branch={697} | size=1 | parse=0 | names=[免费节点10] 🇺🇸 US 323 → tg@nicevpn123 | err=-
[DEBUG] mihomo drop | branch={697} | size=1 | parse=0 | names=[免费节点10] 🇺🇸 US 323 → tg@nicevpn123 | err=-
[DROP] name=[免费节点10] 🇺🇸 US 323 → tg@nicevpn123 {697} | server=zula.ir:443 | reason=mihomo start failed
[TEST] {699} tested=1/1 | kept=0 | rest=0
[DEBUG] mihomo isolate | branch={699} | size=1 | parse=0 | names=[免费节点10] 🇺🇸 US 325 → tg@nicevpn123 | err=-
[DEBUG] mihomo drop | branch={699} | size=1 | parse=0 | names=[免费节点10] 🇺🇸 US 325 → tg@nicevpn123 | err=-
[DROP] name=[免费节点10] 🇺🇸 US 325 → tg@nicevpn123 {699} | server=104.19.45.70:2095 | reason=mihomo start failed
[TEST] {700} tested=1/1 | kept=0 | rest=0
[DEBUG] mihomo isolate | branch={700} | size=1 | parse=0 | names=[免费节点10] 🇺🇸 US 326 → tg@nicevpn123 | err=-
[DEBUG] mihomo drop | branch={700} | size=1 | parse=0 | names=[免费节点10] 🇺🇸 US 326 → tg@nicevpn123 | err=-
[DROP] name=[免费节点10] 🇺🇸 US 326 → tg@nicevpn123 {700} | server=104.16.214.251:80 | reason=mihomo start failed
[TEST] {690} tested=1/1 | kept=0 | rest=0
[DEBUG] mihomo isolate | branch={690} | size=1 | parse=0 | names=[免费节点10] 🇺🇸 US 333 → tg@nicevpn123 | err=-
[DEBUG] mihomo drop | branch={690} | size=1 | parse=0 | names=[免费节点10] 🇺🇸 US 333 → tg@nicevpn123 | err=-
[DROP] name=[免费节点10] 🇺🇸 US 333 → tg@nicevpn123 {690} | server=38.114.114.208:5000 | reason=mihomo start failed
[TEST] {695} tested=1/1 | kept=0 | rest=0
[DEBUG] mihomo isolate | branch={695} | size=1 | parse=0 | names=[免费节点10] 🇺🇸 US 320 → tg@nicevpn123 | err=-
[DEBUG] mihomo drop | branch={695} | size=1 | parse=0 | names=[免费节点10] 🇺🇸 US 320 → tg@nicevpn123 | err=-
[DROP] name=[免费节点10] 🇺🇸 US 320 → tg@nicevpn123 {695} | server=137.175.12.69:37002 | reason=mihomo start failed
[TEST] {698} tested=1/1 | kept=0 | rest=0
[DEBUG] mihomo isolate | branch={698} | size=1 | parse=0 | names=[免费节点10] 🇺🇸 US 324 → tg@nicevpn123 | err=-
[DEBUG] mihomo drop | branch={698} | size=1 | parse=0 | names=[免费节点10] 🇺🇸 US 324 → tg@nicevpn123 | err=-
[DROP] name=[免费节点10] 🇺🇸 US 324 → tg@nicevpn123 {698} | server=54.187.81.197:443 | reason=mihomo start failed
[TEST] {701} tested=1/1 | kept=0 | rest=0
[DEBUG] mihomo isolate | branch={701} | size=1 | parse=0 | names=[免费节点10] 🇺🇸 US 328 → tg@nicevpn123 | err=-
[DEBUG] mihomo drop | branch={701} | size=1 | parse=0 | names=[免费节点10] 🇺🇸 US 328 → tg@nicevpn123 | err=-
[DROP] name=[免费节点10] 🇺🇸 US 328 → tg@nicevpn123 {701} | server=35.77.89.124:443 | reason=mihomo start failed
[TEST] {705} tested=1/1 | kept=0 | rest=0
[DEBUG] mihomo isolate | branch={705} | size=1 | parse=0 | names=[免费节点10] 🇺🇸 US 341 → tg@nicevpn123 | err=-
[DEBUG] mihomo drop | branch={705} | size=1 | parse=0 | names=[免费节点10] 🇺🇸 US 341 → tg@nicevpn123 | err=-
[DROP] name=[免费节点10] 🇺🇸 US 341 → tg@nicevpn123 {705} | server=104.19.43.180:80 | reason=mihomo start failed
[TEST] {702} tested=4/4 | kept=0 | rest=0
[DEBUG] mihomo split-small | branch={702} | size=4 | parse=0 | names=[免费节点10] 🇺🇸 US 35 → tg@nicevpn123,[免费节点10] 🇺🇸 US 350 → tg@nicevpn123,[免费节点10] 🇺🇸 US 351 → tg@nicevpn123...+1 | err=-
[WARN] batch start failed | size=4 {702} | split=1 {951} + 1 {952} + 1 {953} + 1 {954}
[TEST] {708} tested=1/1 | kept=0 | rest=0
[DEBUG] mihomo isolate | branch={708} | size=1 | parse=0 | names=[免费节点10] 🇺🇸 US 344 → tg@nicevpn123 | err=-
[DEBUG] mihomo drop | branch={708} | size=1 | parse=0 | names=[免费节点10] 🇺🇸 US 344 → tg@nicevpn123 | err=-
[DROP] name=[免费节点10] 🇺🇸 US 344 → tg@nicevpn123 {708} | server=172.67.146.22:443 | reason=mihomo start failed
[TEST] {707} tested=1/1 | kept=0 | rest=0
[DEBUG] mihomo isolate | branch={707} | size=1 | parse=0 | names=[免费节点10] 🇺🇸 US 343 → tg@nicevpn123 | err=-
[DEBUG] mihomo drop | branch={707} | size=1 | parse=0 | names=[免费节点10] 🇺🇸 US 343 → tg@nicevpn123 | err=-
[DROP] name=[免费节点10] 🇺🇸 US 343 → tg@nicevpn123 {707} | server=172.67.169.245:80 | reason=mihomo start failed
[TEST] {703} tested=5/5 | kept=0 | rest=0
[DEBUG] mihomo split-small | branch={703} | size=5 | parse=0 | names=[免费节点10] 🇺🇸 US 354 → tg@nicevpn123,[免费节点10] 🇺🇸 US 355 → tg@nicevpn123,[免费节点10] 🇺🇸 US 356 → tg@nicevpn123...+2 | err=-
[WARN] batch start failed | size=5 {703} | split=1 {955} + 1 {956} + 1 {957} + 1 {958} + 1 {959}
[TEST] {709} tested=1/1 | kept=0 | rest=0
[DEBUG] mihomo isolate | branch={709} | size=1 | parse=0 | names=[免费节点10] 🇺🇸 US 347 → tg@nicevpn123 | err=-
[DEBUG] mihomo drop | branch={709} | size=1 | parse=0 | names=[免费节点10] 🇺🇸 US 347 → tg@nicevpn123 | err=-
[DROP] name=[免费节点10] 🇺🇸 US 347 → tg@nicevpn123 {709} | server=23.94.104.164:60222 | reason=mihomo start failed
[TEST] {711} tested=1/1 | kept=0 | rest=0
[DEBUG] mihomo isolate | branch={711} | size=1 | parse=0 | names=[免费节点10] 🇺🇸 US 349 → tg@nicevpn123 | err=-
[DEBUG] mihomo drop | branch={711} | size=1 | parse=0 | names=[免费节点10] 🇺🇸 US 349 → tg@nicevpn123 | err=-
[DROP] name=[免费节点10] 🇺🇸 US 349 → tg@nicevpn123 {711} | server=104.16.39.127:2082 | reason=mihomo start failed
[TEST] {704} tested=1/1 | kept=0 | rest=0
[DEBUG] mihomo isolate | branch={704} | size=1 | parse=0 | names=[免费节点10] 🇺🇸 US 34 → tg@nicevpn123 | err=-
[DEBUG] mihomo drop | branch={704} | size=1 | parse=0 | names=[免费节点10] 🇺🇸 US 34 → tg@nicevpn123 | err=-
[DROP] name=[免费节点10] 🇺🇸 US 34 → tg@nicevpn123 {704} | server=18.118.163.183:17400 | reason=mihomo start failed
[TEST] {713} tested=1/1 | kept=0 | rest=0
[DEBUG] mihomo isolate | branch={713} | size=1 | parse=0 | names=[免费节点10] 🇺🇸 US 384 → tg@nicevpn123 | err=-
[DEBUG] mihomo drop | branch={713} | size=1 | parse=0 | names=[免费节点10] 🇺🇸 US 384 → tg@nicevpn123 | err=-
[DROP] name=[免费节点10] 🇺🇸 US 384 → tg@nicevpn123 {713} | server=104.19.45.170:2095 | reason=mihomo start failed
[TEST] {714} tested=1/1 | kept=0 | rest=0
[DEBUG] mihomo isolate | branch={714} | size=1 | parse=0 | names=[免费节点10] 🇺🇸 US 385 → tg@nicevpn123 | err=-
[DEBUG] mihomo drop | branch={714} | size=1 | parse=0 | names=[免费节点10] 🇺🇸 US 385 → tg@nicevpn123 | err=-
[DROP] name=[免费节点10] 🇺🇸 US 385 → tg@nicevpn123 {714} | server=104.19.45.106:2095 | reason=mihomo start failed
[TEST] {716} tested=1/1 | kept=0 | rest=0
[DEBUG] mihomo isolate | branch={716} | size=1 | parse=0 | names=[免费节点10] 🇺🇸 US 387 → tg@nicevpn123 | err=-
[DEBUG] mihomo drop | branch={716} | size=1 | parse=0 | names=[免费节点10] 🇺🇸 US 387 → tg@nicevpn123 | err=-
[DROP] name=[免费节点10] 🇺🇸 US 387 → tg@nicevpn123 {716} | server=38.110.1.105:5004 | reason=mihomo start failed
[TEST] {706} tested=1/1 | kept=0 | rest=0
[DEBUG] mihomo isolate | branch={706} | size=1 | parse=0 | names=[免费节点10] 🇺🇸 US 342 → tg@nicevpn123 | err=-
[DEBUG] mihomo drop | branch={706} | size=1 | parse=0 | names=[免费节点10] 🇺🇸 US 342 → tg@nicevpn123 | err=-
[DROP] name=[免费节点10] 🇺🇸 US 342 → tg@nicevpn123 {706} | server=75.102.51.45:16899 | reason=mihomo start failed
[TEST] {717} tested=1/1 | kept=0 | rest=0
[DEBUG] mihomo isolate | branch={717} | size=1 | parse=0 | names=[免费节点10] 🇺🇸 US 388 → tg@nicevpn123 | err=-
[DEBUG] mihomo drop | branch={717} | size=1 | parse=0 | names=[免费节点10] 🇺🇸 US 388 → tg@nicevpn123 | err=-
[DROP] name=[免费节点10] 🇺🇸 US 388 → tg@nicevpn123 {717} | server=104.16.196.41:443 | reason=mihomo start failed
[TEST] {715} tested=1/1 | kept=0 | rest=0
[DEBUG] mihomo isolate | branch={715} | size=1 | parse=0 | names=[免费节点10] 🇺🇸 US 386 → tg@nicevpn123 | err=-
[DEBUG] mihomo drop | branch={715} | size=1 | parse=0 | names=[免费节点10] 🇺🇸 US 386 → tg@nicevpn123 | err=-
[DROP] name=[免费节点10] 🇺🇸 US 386 → tg@nicevpn123 {715} | server=104.16.96.41:443 | reason=mihomo start failed
[TEST] {710} tested=1/1 | kept=0 | rest=0
[DEBUG] mihomo isolate | branch={710} | size=1 | parse=0 | names=[免费节点10] 🇺🇸 US 348 → tg@nicevpn123 | err=-
[DEBUG] mihomo drop | branch={710} | size=1 | parse=0 | names=[免费节点10] 🇺🇸 US 348 → tg@nicevpn123 | err=-
[DROP] name=[免费节点10] 🇺🇸 US 348 → tg@nicevpn123 {710} | server=38.54.185.111:30000 | reason=mihomo start failed
[TEST] {712} tested=1/1 | kept=0 | rest=0
[DEBUG] mihomo isolate | branch={712} | size=1 | parse=0 | names=[免费节点10] 🇺🇸 US 383 → tg@nicevpn123 | err=-
[DEBUG] mihomo drop | branch={712} | size=1 | parse=0 | names=[免费节点10] 🇺🇸 US 383 → tg@nicevpn123 | err=-
[DROP] name=[免费节点10] 🇺🇸 US 383 → tg@nicevpn123 {712} | server=162.19.25.207:34232 | reason=mihomo start failed
[TEST] {718} tested=1/1 | kept=0 | rest=0
[DEBUG] mihomo isolate | branch={718} | size=1 | parse=0 | names=[免费节点10] 🇺🇸 US 389 → tg@nicevpn123 | err=-
[DEBUG] mihomo drop | branch={718} | size=1 | parse=0 | names=[免费节点10] 🇺🇸 US 389 → tg@nicevpn123 | err=-
[DROP] name=[免费节点10] 🇺🇸 US 389 → tg@nicevpn123 {718} | server=158.101.217.208:443 | reason=mihomo start failed
[TEST] {719} tested=1/1 | kept=0 | rest=0
[DEBUG] mihomo isolate | branch={719} | size=1 | parse=0 | names=[免费节点10] 🇺🇸 US 39 → tg@nicevpn123 | err=-
[DEBUG] mihomo drop | branch={719} | size=1 | parse=0 | names=[免费节点10] 🇺🇸 US 39 → tg@nicevpn123 | err=-
[DROP] name=[免费节点10] 🇺🇸 US 39 → tg@nicevpn123 {719} | server=38.75.136.33:9102 | reason=mihomo start failed
[TEST] {724} tested=1/1 | kept=0 | rest=0
[DEBUG] mihomo isolate | branch={724} | size=1 | parse=0 | names=[免费节点10] 🇺🇸 US 360 → tg@nicevpn123 | err=-
[DEBUG] mihomo drop | branch={724} | size=1 | parse=0 | names=[免费节点10] 🇺🇸 US 360 → tg@nicevpn123 | err=-
[DROP] name=[免费节点10] 🇺🇸 US 360 → tg@nicevpn123 {724} | server=104.16.42.181:2082 | reason=mihomo start failed
[TEST] {721} tested=5/5 | kept=0 | rest=0
[DEBUG] mihomo split-small | branch={721} | size=5 | parse=0 | names=[免费节点10] 🇺🇸 US 394 → tg@nicevpn123,[免费节点10] 🇺🇸 US 395 → tg@nicevpn123,[免费节点10] 🇺🇸 US 397 → tg@nicevpn123...+2 | err=-
[WARN] batch start failed | size=5 {721} | split=1 {960} + 1 {961} + 1 {962} + 1 {963} + 1 {964}
[TEST] {726} tested=1/1 | kept=0 | rest=0
[DEBUG] mihomo isolate | branch={726} | size=1 | parse=0 | names=[免费节点10] 🇺🇸 US 363 → tg@nicevpn123 | err=-
[DEBUG] mihomo drop | branch={726} | size=1 | parse=0 | names=[免费节点10] 🇺🇸 US 363 → tg@nicevpn123 | err=-
[DROP] name=[免费节点10] 🇺🇸 US 363 → tg@nicevpn123 {726} | server=104.16.42.223:2082 | reason=mihomo start failed
[TEST] {725} tested=1/1 | kept=0 | rest=0
[DEBUG] mihomo isolate | branch={725} | size=1 | parse=0 | names=[免费节点10] 🇺🇸 US 361 → tg@nicevpn123 | err=-
[DEBUG] mihomo drop | branch={725} | size=1 | parse=0 | names=[免费节点10] 🇺🇸 US 361 → tg@nicevpn123 | err=-
[DROP] name=[免费节点10] 🇺🇸 US 361 → tg@nicevpn123 {725} | server=104.19.45.93:2095 | reason=mihomo start failed
[TEST] {720} tested=4/4 | kept=0 | rest=0
[DEBUG] mihomo split-small | branch={720} | size=4 | parse=0 | names=[免费节点10] 🇺🇸 US 390 → tg@nicevpn123,[免费节点10] 🇺🇸 US 391 → tg@nicevpn123,[免费节点10] 🇺🇸 US 392 → tg@nicevpn123...+1 | err=-
[WARN] batch start failed | size=4 {720} | split=1 {965} + 1 {966} + 1 {967} + 1 {968}
[TEST] {727} tested=1/1 | kept=0 | rest=0
[DEBUG] mihomo isolate | branch={727} | size=1 | parse=0 | names=[免费节点10] 🇺🇸 US 364 → tg@nicevpn123 | err=-
[DEBUG] mihomo drop | branch={727} | size=1 | parse=0 | names=[免费节点10] 🇺🇸 US 364 → tg@nicevpn123 | err=-
[DROP] name=[免费节点10] 🇺🇸 US 364 → tg@nicevpn123 {727} | server=104.21.225.2:80 | reason=mihomo start failed
[TEST] {729} tested=1/1 | kept=0 | rest=0
[DEBUG] mihomo isolate | branch={729} | size=1 | parse=0 | names=[免费节点10] 🇺🇸 US 367 → tg@nicevpn123 | err=-
[DEBUG] mihomo drop | branch={729} | size=1 | parse=0 | names=[免费节点10] 🇺🇸 US 367 → tg@nicevpn123 | err=-
[DROP] name=[免费节点10] 🇺🇸 US 367 → tg@nicevpn123 {729} | server=104.16.39.179:2082 | reason=mihomo start failed
[TEST] {728} tested=1/1 | kept=0 | rest=0
[DEBUG] mihomo isolate | branch={728} | size=1 | parse=0 | names=[免费节点10] 🇺🇸 US 365 → tg@nicevpn123 | err=-
[DEBUG] mihomo drop | branch={728} | size=1 | parse=0 | names=[免费节点10] 🇺🇸 US 365 → tg@nicevpn123 | err=-
[DROP] name=[免费节点10] 🇺🇸 US 365 → tg@nicevpn123 {728} | server=18.183.146.49:443 | reason=mihomo start failed
[TEST] {730} tested=4/4 | kept=0 | rest=0
[DEBUG] mihomo split-small | branch={730} | size=4 | parse=0 | names=[免费节点10] 🇺🇸 US 369 → tg@nicevpn123,[免费节点10] 🇺🇸 US 372 → tg@nicevpn123,[免费节点10] 🇺🇸 US 374 → tg@nicevpn123...+1 | err=-
[WARN] batch start failed | size=4 {730} | split=1 {969} + 1 {970} + 1 {971} + 1 {972}
[TEST] {732} tested=4/4 | kept=0 | rest=0
[DEBUG] mihomo split-small | branch={732} | size=4 | parse=0 | names=[免费节点10] 🇺🇸 US 429 → tg@nicevpn123,[免费节点10] 🇺🇸 US 430 → tg@nicevpn123,[免费节点10] 🇺🇸 US 431 → tg@nicevpn123...+1 | err=-
[WARN] batch start failed | size=4 {732} | split=1 {973} + 1 {974} + 1 {975} + 1 {976}
[TEST] {722} tested=1/1 | kept=0 | rest=0
[DEBUG] mihomo isolate | branch={722} | size=1 | parse=0 | names=[免费节点10] 🇺🇸 US 359 → tg@nicevpn123 | err=-
[DEBUG] mihomo drop | branch={722} | size=1 | parse=0 | names=[免费节点10] 🇺🇸 US 359 → tg@nicevpn123 | err=-
[DROP] name=[免费节点10] 🇺🇸 US 359 → tg@nicevpn123 {722} | server=94.131.14.177:80 | reason=mihomo start failed
[TEST] {735} tested=1/1 | kept=0 | rest=0
[DEBUG] mihomo isolate | branch={735} | size=1 | parse=0 | names=[免费节点10] 🇺🇸 US 463 → tg@nicevpn123 | err=-
[DEBUG] mihomo drop | branch={735} | size=1 | parse=0 | names=[免费节点10] 🇺🇸 US 463 → tg@nicevpn123 | err=-
[DROP] name=[免费节点10] 🇺🇸 US 463 → tg@nicevpn123 {735} | server=104.19.45.115:2095 | reason=mihomo start failed
[TEST] {723} tested=1/1 | kept=0 | rest=0
[DEBUG] mihomo isolate | branch={723} | size=1 | parse=0 | names=[免费节点10] 🇺🇸 US 36 → tg@nicevpn123 | err=-
[DEBUG] mihomo drop | branch={723} | size=1 | parse=0 | names=[免费节点10] 🇺🇸 US 36 → tg@nicevpn123 | err=-
[DROP] name=[免费节点10] 🇺🇸 US 36 → tg@nicevpn123 {723} | server=167.88.61.159:9101 | reason=mihomo start failed
[TEST] {736} tested=1/1 | kept=0 | rest=0
[DEBUG] mihomo isolate | branch={736} | size=1 | parse=0 | names=[免费节点10] 🇺🇸 US 464 → tg@nicevpn123 | err=-
[DEBUG] mihomo drop | branch={736} | size=1 | parse=0 | names=[免费节点10] 🇺🇸 US 464 → tg@nicevpn123 | err=-
[DROP] name=[免费节点10] 🇺🇸 US 464 → tg@nicevpn123 {736} | server=www.speedtest.net:80 | reason=mihomo start failed
[TEST] {734} tested=1/1 | kept=0 | rest=0
[DEBUG] mihomo isolate | branch={734} | size=1 | parse=0 | names=[免费节点10] 🇺🇸 US 462 → tg@nicevpn123 | err=-
[DEBUG] mihomo drop | branch={734} | size=1 | parse=0 | names=[免费节点10] 🇺🇸 US 462 → tg@nicevpn123 | err=-
[DROP] name=[免费节点10] 🇺🇸 US 462 → tg@nicevpn123 {734} | server=uk2-full.privateip.net:443 | reason=mihomo start failed
[TEST] {737} tested=1/1 | kept=0 | rest=0
[DEBUG] mihomo isolate | branch={737} | size=1 | parse=0 | names=[免费节点10] 🇺🇸 US 466 → tg@nicevpn123 | err=-
[DEBUG] mihomo drop | branch={737} | size=1 | parse=0 | names=[免费节点10] 🇺🇸 US 466 → tg@nicevpn123 | err=-
[DROP] name=[免费节点10] 🇺🇸 US 466 → tg@nicevpn123 {737} | server=104.21.225.158:80 | reason=mihomo start failed
[TEST] {740} tested=1/1 | kept=0 | rest=0
[DEBUG] mihomo isolate | branch={740} | size=1 | parse=0 | names=[免费节点10] 🇺🇸 US 47 → tg@nicevpn123 | err=-
[DEBUG] mihomo drop | branch={740} | size=1 | parse=0 | names=[免费节点10] 🇺🇸 US 47 → tg@nicevpn123 | err=-
[DROP] name=[免费节点10] 🇺🇸 US 47 → tg@nicevpn123 {740} | server=104.21.238.93:80 | reason=mihomo start failed
[TEST] {738} tested=1/1 | kept=0 | rest=0
[DEBUG] mihomo isolate | branch={738} | size=1 | parse=0 | names=[免费节点10] 🇺🇸 US 467 → tg@nicevpn123 | err=-
[DEBUG] mihomo drop | branch={738} | size=1 | parse=0 | names=[免费节点10] 🇺🇸 US 467 → tg@nicevpn123 | err=-
[DROP] name=[免费节点10] 🇺🇸 US 467 → tg@nicevpn123 {738} | server=104.19.159.14:443 | reason=mihomo start failed
[TEST] {739} tested=1/1 | kept=0 | rest=0
[DEBUG] mihomo isolate | branch={739} | size=1 | parse=0 | names=[免费节点10] 🇺🇸 US 469 → tg@nicevpn123 | err=-
[DEBUG] mihomo drop | branch={739} | size=1 | parse=0 | names=[免费节点10] 🇺🇸 US 469 → tg@nicevpn123 | err=-
[DROP] name=[免费节点10] 🇺🇸 US 469 → tg@nicevpn123 {739} | server=104.16.40.52:2082 | reason=mihomo start failed
[TEST] {741} tested=1/1 | kept=0 | rest=0
[DEBUG] mihomo isolate | branch={741} | size=1 | parse=0 | names=[免费节点10] 🇺🇸 US 471 → tg@nicevpn123 | err=-
[DEBUG] mihomo drop | branch={741} | size=1 | parse=0 | names=[免费节点10] 🇺🇸 US 471 → tg@nicevpn123 | err=-
[DROP] name=[免费节点10] 🇺🇸 US 471 → tg@nicevpn123 {741} | server=104.16.42.195:2082 | reason=mihomo start failed
[TEST] {742} tested=1/1 | kept=0 | rest=0
[DEBUG] mihomo isolate | branch={742} | size=1 | parse=0 | names=[免费节点10] 🇺🇸 US 418 → tg@nicevpn123 | err=-
[DEBUG] mihomo drop | branch={742} | size=1 | parse=0 | names=[免费节点10] 🇺🇸 US 418 → tg@nicevpn123 | err=-
[DROP] name=[免费节点10] 🇺🇸 US 418 → tg@nicevpn123 {742} | server=152.42.218.53:80 | reason=mihomo start failed
[TEST] {747} tested=1/1 | kept=0 | rest=0
[DEBUG] mihomo isolate | branch={747} | size=1 | parse=0 | names=[免费节点10] 🇺🇸 US 424 → tg@nicevpn123 | err=-
[DEBUG] mihomo drop | branch={747} | size=1 | parse=0 | names=[免费节点10] 🇺🇸 US 424 → tg@nicevpn123 | err=-
[DROP] name=[免费节点10] 🇺🇸 US 424 → tg@nicevpn123 {747} | server=104.19.45.75:2095 | reason=mihomo start failed
[TEST] {746} tested=1/1 | kept=0 | rest=0
[DEBUG] mihomo isolate | branch={746} | size=1 | parse=0 | names=[免费节点10] 🇺🇸 US 423 → tg@nicevpn123 | err=-
[DEBUG] mihomo drop | branch={746} | size=1 | parse=0 | names=[免费节点10] 🇺🇸 US 423 → tg@nicevpn123 | err=-
[DROP] name=[免费节点10] 🇺🇸 US 423 → tg@nicevpn123 {746} | server=13.35.13.138:443 | reason=mihomo start failed
[TEST] {744} tested=1/1 | kept=0 | rest=0
[DEBUG] mihomo isolate | branch={744} | size=1 | parse=0 | names=[免费节点10] 🇺🇸 US 421 → tg@nicevpn123 | err=-
[DEBUG] mihomo drop | branch={744} | size=1 | parse=0 | names=[免费节点10] 🇺🇸 US 421 → tg@nicevpn123 | err=-
[DROP] name=[免费节点10] 🇺🇸 US 421 → tg@nicevpn123 {744} | server=us2-full.privateip.net:443 | reason=mihomo start failed
[TEST] {745} tested=1/1 | kept=0 | rest=0
[DEBUG] mihomo isolate | branch={745} | size=1 | parse=0 | names=[免费节点10] 🇺🇸 US 422 → tg@nicevpn123 | err=-
[DEBUG] mihomo drop | branch={745} | size=1 | parse=0 | names=[免费节点10] 🇺🇸 US 422 → tg@nicevpn123 | err=-
[DROP] name=[免费节点10] 🇺🇸 US 422 → tg@nicevpn123 {745} | server=v2line.telegram.channel.1390.fr8678825324247b8176d59f83c30bd94d23d2e3ac5cd4a743bkwqeikvdyufr.cyou:80 | reason=mihomo start failed
[TEST] {748} tested=1/1 | kept=0 | rest=0
[DEBUG] mihomo isolate | branch={748} | size=1 | parse=0 | names=[免费节点10] 🇺🇸 US 425 → tg@nicevpn123 | err=-
[DEBUG] mihomo drop | branch={748} | size=1 | parse=0 | names=[免费节点10] 🇺🇸 US 425 → tg@nicevpn123 | err=-
[DROP] name=[免费节点10] 🇺🇸 US 425 → tg@nicevpn123 {748} | server=01eb6-g01.jp03-7d22-vm0.entry.fr0307a.art:21581 | reason=mihomo start failed
[TEST] {731} tested=5/5 | kept=0 | rest=0
[DEBUG] mihomo split-small | branch={731} | size=5 | parse=0 | names=[免费节点10] 🇺🇸 US 376 → tg@nicevpn123,[免费节点10] 🇺🇸 US 378 → tg@nicevpn123,[免费节点10] 🇺🇸 US 38 → tg@nicevpn123...+2 | err=-
[WARN] batch start failed | size=5 {731} | split=1 {977} + 1 {978} + 1 {979} + 1 {980} + 1 {981}
[TEST] {733} tested=5/5 | kept=0 | rest=0
[DEBUG] mihomo split-small | branch={733} | size=5 | parse=0 | names=[免费节点10] 🇺🇸 US 433 → tg@nicevpn123,[免费节点10] 🇺🇸 US 434 → tg@nicevpn123,[免费节点10] 🇺🇸 US 435 → tg@nicevpn123...+2 | err=-
[WARN] batch start failed | size=5 {733} | split=1 {982} + 1 {983} + 1 {984} + 1 {985} + 1 {986}
[TEST] {743} tested=1/1 | kept=0 | rest=0
[DEBUG] mihomo isolate | branch={743} | size=1 | parse=0 | names=[免费节点10] 🇺🇸 US 42 → tg@nicevpn123 | err=-
[DEBUG] mihomo drop | branch={743} | size=1 | parse=0 | names=[免费节点10] 🇺🇸 US 42 → tg@nicevpn123 | err=-
[DROP] name=[免费节点10] 🇺🇸 US 42 → tg@nicevpn123 {743} | server=38.75.137.105:8881 | reason=mihomo start failed
[TEST] {752} tested=1/1 | kept=0 | rest=0
[DEBUG] mihomo isolate | branch={752} | size=1 | parse=0 | names=[免费节点10] 🇺🇸 US 439 → tg@nicevpn123 | err=-
[DEBUG] mihomo drop | branch={752} | size=1 | parse=0 | names=[免费节点10] 🇺🇸 US 439 → tg@nicevpn123 | err=-
[DROP] name=[免费节点10] 🇺🇸 US 439 → tg@nicevpn123 {752} | server=172.67.201.200:443 | reason=mihomo start failed
[TEST] {753} tested=1/1 | kept=0 | rest=0
[DEBUG] mihomo isolate | branch={753} | size=1 | parse=0 | names=[免费节点10] 🇺🇸 US 441 → tg@nicevpn123 | err=-
[DEBUG] mihomo drop | branch={753} | size=1 | parse=0 | names=[免费节点10] 🇺🇸 US 441 → tg@nicevpn123 | err=-
[DROP] name=[免费节点10] 🇺🇸 US 441 → tg@nicevpn123 {753} | server=104.16.61.8:80 | reason=mihomo start failed
[TEST] {754} tested=1/1 | kept=0 | rest=0
[DEBUG] mihomo isolate | branch={754} | size=1 | parse=0 | names=[免费节点10] 🇺🇸 US 443 → tg@nicevpn123 | err=-
[DEBUG] mihomo drop | branch={754} | size=1 | parse=0 | names=[免费节点10] 🇺🇸 US 443 → tg@nicevpn123 | err=-
[DROP] name=[免费节点10] 🇺🇸 US 443 → tg@nicevpn123 {754} | server=104.21.225.122:80 | reason=mihomo start failed
[TEST] {755} tested=1/1 | kept=0 | rest=0
[DEBUG] mihomo isolate | branch={755} | size=1 | parse=0 | names=[免费节点10] 🇺🇸 US 445 → tg@nicevpn123 | err=-
[DEBUG] mihomo drop | branch={755} | size=1 | parse=0 | names=[免费节点10] 🇺🇸 US 445 → tg@nicevpn123 | err=-
[DROP] name=[免费节点10] 🇺🇸 US 445 → tg@nicevpn123 {755} | server=104.21.225.64:80 | reason=mihomo start failed
[TEST] {749} tested=1/1 | kept=0 | rest=0
[DEBUG] mihomo isolate | branch={749} | size=1 | parse=0 | names=[免费节点10] 🇺🇸 US 427 → tg@nicevpn123 | err=-
[DEBUG] mihomo drop | branch={749} | size=1 | parse=0 | names=[免费节点10] 🇺🇸 US 427 → tg@nicevpn123 | err=-
[DROP] name=[免费节点10] 🇺🇸 US 427 → tg@nicevpn123 {749} | server=35.87.1.148:443 | reason=mihomo start failed
[TEST] {756} tested=1/1 | kept=0 | rest=0
[DEBUG] mihomo isolate | branch={756} | size=1 | parse=0 | names=[免费节点10] 🇺🇸 US 446 → tg@nicevpn123 | err=-
[DEBUG] mihomo drop | branch={756} | size=1 | parse=0 | names=[免费节点10] 🇺🇸 US 446 → tg@nicevpn123 | err=-
[DROP] name=[免费节点10] 🇺🇸 US 446 → tg@nicevpn123 {756} | server=104.16.40.219:2082 | reason=mihomo start failed
[TEST] {750} tested=4/4 | kept=0 | rest=0
[DEBUG] mihomo split-small | branch={750} | size=4 | parse=0 | names=[免费节点10] 🇺🇸 US 450 → tg@nicevpn123,[免费节点10] 🇺🇸 US 451 → tg@nicevpn123,[免费节点10] 🇺🇸 US 452 → tg@nicevpn123...+1 | err=-
[WARN] batch start failed | size=4 {750} | split=1 {987} + 1 {988} + 1 {989} + 1 {990}
[TEST] {751} tested=5/5 | kept=0 | rest=0
[DEBUG] mihomo split-small | branch={751} | size=5 | parse=0 | names=[免费节点10] 🇺🇸 US 454 → tg@nicevpn123,[免费节点10] 🇺🇸 US 455 → tg@nicevpn123,[免费节点10] 🇺🇸 US 457 → tg@nicevpn123...+2 | err=-
[WARN] batch start failed | size=5 {751} | split=1 {991} + 1 {992} + 1 {993} + 1 {994} + 1 {995}
[TEST] {757} tested=1/1 | kept=0 | rest=0
[DEBUG] mihomo isolate | branch={757} | size=1 | parse=0 | names=[免费节点10] 🇺🇸 US 447 → tg@nicevpn123 | err=-
[DEBUG] mihomo drop | branch={757} | size=1 | parse=0 | names=[免费节点10] 🇺🇸 US 447 → tg@nicevpn123 | err=-
[DROP] name=[免费节点10] 🇺🇸 US 447 → tg@nicevpn123 {757} | server=3.34.95.205:443 | reason=mihomo start failed
[TEST] {758} tested=1/1 | kept=0 | rest=0
[DEBUG] mihomo isolate | branch={758} | size=1 | parse=0 | names=[免费节点10] 🇺🇸 US 448 → tg@nicevpn123 | err=-
[DEBUG] mihomo drop | branch={758} | size=1 | parse=0 | names=[免费节点10] 🇺🇸 US 448 → tg@nicevpn123 | err=-
[DROP] name=[免费节点10] 🇺🇸 US 448 → tg@nicevpn123 {758} | server=38.110.1.67:8888 | reason=mihomo start failed
[TEST] {759} tested=1/1 | kept=0 | rest=0
[DEBUG] mihomo isolate | branch={759} | size=1 | parse=0 | names=[免费节点10] 🇺🇸 US 449 → tg@nicevpn123 | err=-
[DEBUG] mihomo drop | branch={759} | size=1 | parse=0 | names=[免费节点10] 🇺🇸 US 449 → tg@nicevpn123 | err=-
[DROP] name=[免费节点10] 🇺🇸 US 449 → tg@nicevpn123 {759} | server=38.68.135.112:5500 | reason=mihomo start failed
[TEST] {764} tested=1/1 | kept=0 | rest=0
[DEBUG] mihomo isolate | branch={764} | size=1 | parse=0 | names=[免费节点10] 🇺🇸 US 41 → tg@nicevpn123 | err=-
[DEBUG] mihomo drop | branch={764} | size=1 | parse=0 | names=[免费节点10] 🇺🇸 US 41 → tg@nicevpn123 | err=-
[DROP] name=[免费节点10] 🇺🇸 US 41 → tg@nicevpn123 {764} | server=104.16.39.255:2082 | reason=mihomo start failed
[TEST] {762} tested=1/1 | kept=0 | rest=0
[DEBUG] mihomo isolate | branch={762} | size=1 | parse=0 | names=[免费节点10] 🇺🇸 US 408 → tg@nicevpn123 | err=-
[DEBUG] mihomo drop | branch={762} | size=1 | parse=0 | names=[免费节点10] 🇺🇸 US 408 → tg@nicevpn123 | err=-
[DROP] name=[免费节点10] 🇺🇸 US 408 → tg@nicevpn123 {762} | server=104.16.39.151:2082 | reason=mihomo start failed
[TEST] {760} tested=4/4 | kept=0 | rest=0
[DEBUG] mihomo split-small | branch={760} | size=4 | parse=0 | names=[免费节点10] 🇺🇸 US 473 → tg@nicevpn123,[免费节点10] 🇺🇸 US 477 → tg@nicevpn123,[免费节点10] 🇺🇸 US 478 → tg@nicevpn123...+1 | err=-
[WARN] batch start failed | size=4 {760} | split=1 {996} + 1 {997} + 1 {998} + 1 {999}
[TEST] {766} tested=1/1 | kept=0 | rest=0
[DEBUG] mihomo isolate | branch={766} | size=1 | parse=0 | names=[免费节点10] 🇺🇸 US 411 → tg@nicevpn123 | err=-
[DEBUG] mihomo drop | branch={766} | size=1 | parse=0 | names=[免费节点10] 🇺🇸 US 411 → tg@nicevpn123 | err=-
[DROP] name=[免费节点10] 🇺🇸 US 411 → tg@nicevpn123 {766} | server=account-mec.emofid.co:443 | reason=mihomo start failed
[TEST] {761} tested=5/5 | kept=0 | rest=0
[DEBUG] mihomo split-small | branch={761} | size=5 | parse=0 | names=[免费节点10] 🇺🇸 US 480 → tg@nicevpn123,[免费节点10] 🇺🇸 US 483 → tg@nicevpn123,[免费节点10] 🇺🇸 US 486 → tg@nicevpn123...+2 | err=-
[WARN] batch start failed | size=5 {761} | split=1 {1000} + 1 {1001} + 1 {1002} + 1 {1003} + 1 {1004}
[TEST] {763} tested=1/1 | kept=0 | rest=0
[DEBUG] mihomo isolate | branch={763} | size=1 | parse=0 | names=[免费节点10] 🇺🇸 US 409 → tg@nicevpn123 | err=-
[DEBUG] mihomo drop | branch={763} | size=1 | parse=0 | names=[免费节点10] 🇺🇸 US 409 → tg@nicevpn123 | err=-
[DROP] name=[免费节点10] 🇺🇸 US 409 → tg@nicevpn123 {763} | server=ip0axv1bbsu02k7-sg.1ytnode.com:56339 | reason=mihomo start failed
[TEST] {770} tested=1/1 | kept=0 | rest=0
[DEBUG] mihomo isolate | branch={770} | size=1 | parse=0 | names=[免费节点10] 🇺🇸 US 417 → tg@nicevpn123 | err=-
[DEBUG] mihomo drop | branch={770} | size=1 | parse=0 | names=[免费节点10] 🇺🇸 US 417 → tg@nicevpn123 | err=-
[DROP] name=[免费节点10] 🇺🇸 US 417 → tg@nicevpn123 {770} | server=172.67.68.246:443 | reason=mihomo start failed
[TEST] {765} tested=1/1 | kept=0 | rest=0
[DEBUG] mihomo isolate | branch={765} | size=1 | parse=0 | names=[免费节点10] 🇺🇸 US 410 → tg@nicevpn123 | err=-
[DEBUG] mihomo drop | branch={765} | size=1 | parse=0 | names=[免费节点10] 🇺🇸 US 410 → tg@nicevpn123 | err=-
[DROP] name=[免费节点10] 🇺🇸 US 410 → tg@nicevpn123 {765} | server=13.214.212.171:443 | reason=mihomo start failed
[TEST] {771} tested=1/1 | kept=0 | rest=0
[DEBUG] mihomo isolate | branch={771} | size=1 | parse=0 | names=[免费节点10] 🇺🇸 US 69 → tg@nicevpn123 | err=-
[DEBUG] mihomo drop | branch={771} | size=1 | parse=0 | names=[免费节点10] 🇺🇸 US 69 → tg@nicevpn123 | err=-
[DROP] name=[免费节点10] 🇺🇸 US 69 → tg@nicevpn123 {771} | server=104.16.40.69:2082 | reason=mihomo start failed
[TEST] {768} tested=1/1 | kept=0 | rest=0
[DEBUG] mihomo isolate | branch={768} | size=1 | parse=0 | names=[免费节点10] 🇺🇸 US 413 → tg@nicevpn123 | err=-
[DEBUG] mihomo drop | branch={768} | size=1 | parse=0 | names=[免费节点10] 🇺🇸 US 413 → tg@nicevpn123 | err=-
[DROP] name=[免费节点10] 🇺🇸 US 413 → tg@nicevpn123 {768} | server=192.74.241.52:38001 | reason=mihomo start failed
[TEST] {773} tested=1/1 | kept=0 | rest=0
[DEBUG] mihomo isolate | branch={773} | size=1 | parse=0 | names=[免费节点10] 🇺🇸 US 692 → tg@nicevpn123 | err=-
[DEBUG] mihomo drop | branch={773} | size=1 | parse=0 | names=[免费节点10] 🇺🇸 US 692 → tg@nicevpn123 | err=-
[DROP] name=[免费节点10] 🇺🇸 US 692 → tg@nicevpn123 {773} | server=38.68.134.9:8881 | reason=mihomo start failed
[TEST] {774} tested=1/1 | kept=0 | rest=0
[DEBUG] mihomo isolate | branch={774} | size=1 | parse=0 | names=[免费节点10] 🇺🇸 US 694 → tg@nicevpn123 | err=-
[DEBUG] mihomo drop | branch={774} | size=1 | parse=0 | names=[免费节点10] 🇺🇸 US 694 → tg@nicevpn123 | err=-
[DROP] name=[免费节点10] 🇺🇸 US 694 → tg@nicevpn123 {774} | server=104.16.43.167:2082 | reason=mihomo start failed
[TEST] {777} tested=1/1 | kept=0 | rest=0
[DEBUG] mihomo isolate | branch={777} | size=1 | parse=0 | names=[免费节点10] 🇺🇸 US 730 → tg@nicevpn123 | err=-
[DEBUG] mihomo drop | branch={777} | size=1 | parse=0 | names=[免费节点10] 🇺🇸 US 730 → tg@nicevpn123 | err=-
[DROP] name=[免费节点10] 🇺🇸 US 730 → tg@nicevpn123 {777} | server=104.16.43.246:2082 | reason=mihomo start failed
[TEST] {776} tested=1/1 | kept=0 | rest=0
[DEBUG] mihomo isolate | branch={776} | size=1 | parse=0 | names=[免费节点10] 🇺🇸 US 728 → tg@nicevpn123 | err=-
[DEBUG] mihomo drop | branch={776} | size=1 | parse=0 | names=[免费节点10] 🇺🇸 US 728 → tg@nicevpn123 | err=-
[DROP] name=[免费节点10] 🇺🇸 US 728 → tg@nicevpn123 {776} | server=104.16.43.29:2082 | reason=mihomo start failed
[TEST] {775} tested=1/1 | kept=0 | rest=0
[DEBUG] mihomo isolate | branch={775} | size=1 | parse=0 | names=[免费节点10] 🇺🇸 US 727 → tg@nicevpn123 | err=-
[DEBUG] mihomo drop | branch={775} | size=1 | parse=0 | names=[免费节点10] 🇺🇸 US 727 → tg@nicevpn123 | err=-
[DROP] name=[免费节点10] 🇺🇸 US 727 → tg@nicevpn123 {775} | server=104.21.28.62:443 | reason=mihomo start failed
[TEST] {778} tested=1/1 | kept=0 | rest=0
[DEBUG] mihomo isolate | branch={778} | size=1 | parse=0 | names=[免费节点10] 🇺🇸 US 733 → tg@nicevpn123 | err=-
[DEBUG] mihomo drop | branch={778} | size=1 | parse=0 | names=[免费节点10] 🇺🇸 US 733 → tg@nicevpn123 | err=-
[DROP] name=[免费节点10] 🇺🇸 US 733 → tg@nicevpn123 {778} | server=104.19.42.154:2082 | reason=mihomo start failed
[TEST] {767} tested=1/1 | kept=0 | rest=0
[DEBUG] mihomo isolate | branch={767} | size=1 | parse=0 | names=[免费节点10] 🇺🇸 US 412 → tg@nicevpn123 | err=-
[DEBUG] mihomo drop | branch={767} | size=1 | parse=0 | names=[免费节点10] 🇺🇸 US 412 → tg@nicevpn123 | err=-
[DROP] name=[免费节点10] 🇺🇸 US 412 → tg@nicevpn123 {767} | server=207.148.31.167:30587 | reason=mihomo start failed
[TEST] {779} tested=1/1 | kept=0 | rest=0
[DEBUG] mihomo isolate | branch={779} | size=1 | parse=0 | names=[免费节点10] 🇺🇸 US 695 → tg@nicevpn123 | err=-
[DEBUG] mihomo drop | branch={779} | size=1 | parse=0 | names=[免费节点10] 🇺🇸 US 695 → tg@nicevpn123 | err=-
[DROP] name=[免费节点10] 🇺🇸 US 695 → tg@nicevpn123 {779} | server=104.19.45.224:2095 | reason=mihomo start failed
[TEST] {780} tested=1/1 | kept=0 | rest=0
[DEBUG] mihomo isolate | branch={780} | size=1 | parse=0 | names=[免费节点10] 🇺🇸 US 697 → tg@nicevpn123 | err=-
[DEBUG] mihomo drop | branch={780} | size=1 | parse=0 | names=[免费节点10] 🇺🇸 US 697 → tg@nicevpn123 | err=-
[DROP] name=[免费节点10] 🇺🇸 US 697 → tg@nicevpn123 {780} | server=zula.ir:443 | reason=mihomo start failed
[TEST] {782} tested=1/1 | kept=0 | rest=0
[DEBUG] mihomo isolate | branch={782} | size=1 | parse=0 | names=[免费节点10] 🇺🇸 US 7 → tg@nicevpn123 | err=-
[DEBUG] mihomo drop | branch={782} | size=1 | parse=0 | names=[免费节点10] 🇺🇸 US 7 → tg@nicevpn123 | err=-
[DROP] name=[免费节点10] 🇺🇸 US 7 → tg@nicevpn123 {782} | server=9azvt-g05.jp05-6786-vm0.entry.fr0307a.art:46486 | reason=mihomo start failed
[TEST] {783} tested=1/1 | kept=0 | rest=0
[DEBUG] mihomo isolate | branch={783} | size=1 | parse=0 | names=[免费节点10] 🇺🇸 US 70 → tg@nicevpn123 | err=-
[DEBUG] mihomo drop | branch={783} | size=1 | parse=0 | names=[免费节点10] 🇺🇸 US 70 → tg@nicevpn123 | err=-
[DROP] name=[免费节点10] 🇺🇸 US 70 → tg@nicevpn123 {783} | server=104.19.45.133:2095 | reason=mihomo start failed
[TEST] {769} tested=1/1 | kept=0 | rest=0
[DEBUG] mihomo isolate | branch={769} | size=1 | parse=0 | names=[免费节点10] 🇺🇸 US 416 → tg@nicevpn123 | err=-
[DEBUG] mihomo drop | branch={769} | size=1 | parse=0 | names=[免费节点10] 🇺🇸 US 416 → tg@nicevpn123 | err=-
[DROP] name=[免费节点10] 🇺🇸 US 416 → tg@nicevpn123 {769} | server=38.114.114.208:9101 | reason=mihomo start failed
[TEST] {786} tested=1/1 | kept=0 | rest=0
[DEBUG] mihomo isolate | branch={786} | size=1 | parse=0 | names=[免费节点10] 🇺🇸 US 739 → tg@nicevpn123 | err=-
[DEBUG] mihomo drop | branch={786} | size=1 | parse=0 | names=[免费节点10] 🇺🇸 US 739 → tg@nicevpn123 | err=-
[DROP] name=[免费节点10] 🇺🇸 US 739 → tg@nicevpn123 {786} | server=172.67.174.92:2053 | reason=mihomo start failed
[TEST] {784} tested=1/1 | kept=0 | rest=0
[DEBUG] mihomo isolate | branch={784} | size=1 | parse=0 | names=[免费节点10] 🇺🇸 US 735 → tg@nicevpn123 | err=-
[DEBUG] mihomo drop | branch={784} | size=1 | parse=0 | names=[免费节点10] 🇺🇸 US 735 → tg@nicevpn123 | err=-
[DROP] name=[免费节点10] 🇺🇸 US 735 → tg@nicevpn123 {784} | server=104.19.45.79:2095 | reason=mihomo start failed
[TEST] {785} tested=1/1 | kept=0 | rest=0
[DEBUG] mihomo isolate | branch={785} | size=1 | parse=0 | names=[免费节点10] 🇺🇸 US 737 → tg@nicevpn123 | err=-
[DEBUG] mihomo drop | branch={785} | size=1 | parse=0 | names=[免费节点10] 🇺🇸 US 737 → tg@nicevpn123 | err=-
[DROP] name=[免费节点10] 🇺🇸 US 737 → tg@nicevpn123 {785} | server=uk-full.privateip.net:443 | reason=mihomo start failed
[TEST] {787} tested=1/1 | kept=0 | rest=0
[DEBUG] mihomo isolate | branch={787} | size=1 | parse=0 | names=[免费节点10] 🇺🇸 US 74 → tg@nicevpn123 | err=-
[DEBUG] mihomo drop | branch={787} | size=1 | parse=0 | names=[免费节点10] 🇺🇸 US 74 → tg@nicevpn123 | err=-
[DROP] name=[免费节点10] 🇺🇸 US 74 → tg@nicevpn123 {787} | server=104.19.45.30:2095 | reason=mihomo start failed
[TEST] {790} tested=1/1 | kept=0 | rest=0
[DEBUG] mihomo isolate | branch={790} | size=1 | parse=0 | names=[免费节点10] 🇺🇸 US 714 → tg@nicevpn123 | err=-
[DEBUG] mihomo drop | branch={790} | size=1 | parse=0 | names=[免费节点10] 🇺🇸 US 714 → tg@nicevpn123 | err=-
[DROP] name=[免费节点10] 🇺🇸 US 714 → tg@nicevpn123 {790} | server=104.19.49.204:443 | reason=mihomo start failed
[TEST] {789} tested=1/1 | kept=0 | rest=0
[DEBUG] mihomo isolate | branch={789} | size=1 | parse=0 | names=[免费节点10] 🇺🇸 US 713 → tg@nicevpn123 | err=-
[DEBUG] mihomo drop | branch={789} | size=1 | parse=0 | names=[免费节点10] 🇺🇸 US 713 → tg@nicevpn123 | err=-
[DROP] name=[免费节点10] 🇺🇸 US 713 → tg@nicevpn123 {789} | server=104.16.40.132:2082 | reason=mihomo start failed
[TEST] {772} tested=1/1 | kept=0 | rest=0
[DEBUG] mihomo isolate | branch={772} | size=1 | parse=0 | names=[免费节点10] 🇺🇸 US 690 → tg@nicevpn123 | err=-
[DEBUG] mihomo drop | branch={772} | size=1 | parse=0 | names=[免费节点10] 🇺🇸 US 690 → tg@nicevpn123 | err=-
[DROP] name=[免费节点10] 🇺🇸 US 690 → tg@nicevpn123 {772} | server=34.217.86.31:17415 | reason=mihomo start failed
[TEST] {791} tested=1/1 | kept=0 | rest=0
[DEBUG] mihomo isolate | branch={791} | size=1 | parse=0 | names=[免费节点10] 🇺🇸 US 715 → tg@nicevpn123 | err=-
[DEBUG] mihomo drop | branch={791} | size=1 | parse=0 | names=[免费节点10] 🇺🇸 US 715 → tg@nicevpn123 | err=-
[DROP] name=[免费节点10] 🇺🇸 US 715 → tg@nicevpn123 {791} | server=104.19.48.236:2082 | reason=mihomo start failed
[TEST] {792} tested=1/1 | kept=0 | rest=0
[DEBUG] mihomo isolate | branch={792} | size=1 | parse=0 | names=[免费节点10] 🇺🇸 US 716 → tg@nicevpn123 | err=-
[DEBUG] mihomo drop | branch={792} | size=1 | parse=0 | names=[免费节点10] 🇺🇸 US 716 → tg@nicevpn123 | err=-
[DROP] name=[免费节点10] 🇺🇸 US 716 → tg@nicevpn123 {792} | server=104.16.42.28:2082 | reason=mihomo start failed
[TEST] {793} tested=1/1 | kept=0 | rest=0
[DEBUG] mihomo isolate | branch={793} | size=1 | parse=0 | names=[免费节点10] 🇺🇸 US 717 → tg@nicevpn123 | err=-
[DEBUG] mihomo drop | branch={793} | size=1 | parse=0 | names=[免费节点10] 🇺🇸 US 717 → tg@nicevpn123 | err=-
[DROP] name=[免费节点10] 🇺🇸 US 717 → tg@nicevpn123 {793} | server=104.19.45.10:2095 | reason=mihomo start failed
[TEST] {796} tested=1/1 | kept=0 | rest=0
[DEBUG] mihomo isolate | branch={796} | size=1 | parse=0 | names=[免费节点10] 🇺🇸 US 711 → tg@nicevpn123 | err=-
[DEBUG] mihomo drop | branch={796} | size=1 | parse=0 | names=[免费节点10] 🇺🇸 US 711 → tg@nicevpn123 | err=-
[DROP] name=[免费节点10] 🇺🇸 US 711 → tg@nicevpn123 {796} | server=104.19.45.44:2095 | reason=mihomo start failed
[TEST] {781} tested=1/1 | kept=0 | rest=0
[DEBUG] mihomo isolate | branch={781} | size=1 | parse=0 | names=[免费节点10] 🇺🇸 US 699 → tg@nicevpn123 | err=-
[DEBUG] mihomo drop | branch={781} | size=1 | parse=0 | names=[免费节点10] 🇺🇸 US 699 → tg@nicevpn123 | err=-
[DROP] name=[免费节点10] 🇺🇸 US 699 → tg@nicevpn123 {781} | server=13.213.18.109:443 | reason=mihomo start failed
[TEST] {788} tested=1/1 | kept=0 | rest=0
[DEBUG] mihomo isolate | branch={788} | size=1 | parse=0 | names=[免费节点10] 🇺🇸 US 740 → tg@nicevpn123 | err=-
[DEBUG] mihomo drop | branch={788} | size=1 | parse=0 | names=[免费节点10] 🇺🇸 US 740 → tg@nicevpn123 | err=-
[DROP] name=[免费节点10] 🇺🇸 US 740 → tg@nicevpn123 {788} | server=3.36.96.75:443 | reason=mihomo start failed
[TEST] {800} tested=1/1 | kept=0 | rest=0
[DEBUG] mihomo isolate | branch={800} | size=1 | parse=0 | names=[免费节点10] 🇺🇸 US 814 → tg@nicevpn123 | err=-
[DEBUG] mihomo drop | branch={800} | size=1 | parse=0 | names=[免费节点10] 🇺🇸 US 814 → tg@nicevpn123 | err=-
[DROP] name=[免费节点10] 🇺🇸 US 814 → tg@nicevpn123 {800} | server=104.16.42.12:2082 | reason=mihomo start failed
[TEST] {794} tested=1/1 | kept=0 | rest=0
[DEBUG] mihomo isolate | branch={794} | size=1 | parse=0 | names=[免费节点10] 🇺🇸 US 709 → tg@nicevpn123 | err=-
[DEBUG] mihomo drop | branch={794} | size=1 | parse=0 | names=[免费节点10] 🇺🇸 US 709 → tg@nicevpn123 | err=-
[DROP] name=[免费节点10] 🇺🇸 US 709 → tg@nicevpn123 {794} | server=52.33.243.193:443 | reason=mihomo start failed
[TEST] {799} tested=1/1 | kept=0 | rest=0
[DEBUG] mihomo isolate | branch={799} | size=1 | parse=0 | names=[免费节点10] 🇺🇸 US 813 → tg@nicevpn123 | err=-
[DEBUG] mihomo drop | branch={799} | size=1 | parse=0 | names=[免费节点10] 🇺🇸 US 813 → tg@nicevpn123 | err=-
[DROP] name=[免费节点10] 🇺🇸 US 813 → tg@nicevpn123 {799} | server=104.19.45.241:2095 | reason=mihomo start failed
[TEST] {797} tested=1/1 | kept=0 | rest=0
[DEBUG] mihomo isolate | branch={797} | size=1 | parse=0 | names=[免费节点10] 🇺🇸 US 712 → tg@nicevpn123 | err=-
[DEBUG] mihomo drop | branch={797} | size=1 | parse=0 | names=[免费节点10] 🇺🇸 US 712 → tg@nicevpn123 | err=-
[DROP] name=[免费节点10] 🇺🇸 US 712 → tg@nicevpn123 {797} | server=38.75.137.105:6697 | reason=mihomo start failed
[TEST] {801} tested=1/1 | kept=0 | rest=0
[DEBUG] mihomo isolate | branch={801} | size=1 | parse=0 | names=[免费节点10] 🇺🇸 US 815 → tg@nicevpn123 | err=-
[DEBUG] mihomo drop | branch={801} | size=1 | parse=0 | names=[免费节点10] 🇺🇸 US 815 → tg@nicevpn123 | err=-
[DROP] name=[免费节点10] 🇺🇸 US 815 → tg@nicevpn123 {801} | server=104.16.68.38:2096 | reason=mihomo start failed
[TEST] {803} tested=1/1 | kept=0 | rest=0
[DEBUG] mihomo isolate | branch={803} | size=1 | parse=0 | names=[免费节点10] 🇺🇸 US 817 → tg@nicevpn123 | err=-
[DEBUG] mihomo drop | branch={803} | size=1 | parse=0 | names=[免费节点10] 🇺🇸 US 817 → tg@nicevpn123 | err=-
[DROP] name=[免费节点10] 🇺🇸 US 817 → tg@nicevpn123 {803} | server=104.19.43.240:80 | reason=mihomo start failed
[TEST] {805} tested=1/1 | kept=0 | rest=0
[DEBUG] mihomo isolate | branch={805} | size=1 | parse=0 | names=[免费节点10] 🇺🇸 US 82 → tg@nicevpn123 | err=-
[DEBUG] mihomo drop | branch={805} | size=1 | parse=0 | names=[免费节点10] 🇺🇸 US 82 → tg@nicevpn123 | err=-
[DROP] name=[免费节点10] 🇺🇸 US 82 → tg@nicevpn123 {805} | server=www.digitalocean.com:80 | reason=mihomo start failed
[TEST] {802} tested=1/1 | kept=0 | rest=0
[DEBUG] mihomo isolate | branch={802} | size=1 | parse=0 | names=[免费节点10] 🇺🇸 US 816 → tg@nicevpn123 | err=-
[DEBUG] mihomo drop | branch={802} | size=1 | parse=0 | names=[免费节点10] 🇺🇸 US 816 → tg@nicevpn123 | err=-
[DROP] name=[免费节点10] 🇺🇸 US 816 → tg@nicevpn123 {802} | server=104.21.225.22:80 | reason=mihomo start failed
[TEST] {806} tested=1/1 | kept=0 | rest=0
[DEBUG] mihomo isolate | branch={806} | size=1 | parse=0 | names=[免费节点10] 🇺🇸 US 822 → tg@nicevpn123 | err=-
[DEBUG] mihomo drop | branch={806} | size=1 | parse=0 | names=[免费节点10] 🇺🇸 US 822 → tg@nicevpn123 | err=-
[DROP] name=[免费节点10] 🇺🇸 US 822 → tg@nicevpn123 {806} | server=165.227.65.40:8881 | reason=mihomo start failed
[TEST] {807} tested=1/1 | kept=0 | rest=0
[DEBUG] mihomo isolate | branch={807} | size=1 | parse=0 | names=[免费节点10] 🇺🇸 US 794 → tg@nicevpn123 | err=-
[DEBUG] mihomo drop | branch={807} | size=1 | parse=0 | names=[免费节点10] 🇺🇸 US 794 → tg@nicevpn123 | err=-
[DROP] name=[免费节点10] 🇺🇸 US 794 → tg@nicevpn123 {807} | server=104.16.67.38:2087 | reason=mihomo start failed
[TEST] {808} tested=1/1 | kept=0 | rest=0
[DEBUG] mihomo isolate | branch={808} | size=1 | parse=0 | names=[免费节点10] 🇺🇸 US 795 → tg@nicevpn123 | err=-
[DEBUG] mihomo drop | branch={808} | size=1 | parse=0 | names=[免费节点10] 🇺🇸 US 795 → tg@nicevpn123 | err=-
[DROP] name=[免费节点10] 🇺🇸 US 795 → tg@nicevpn123 {808} | server=104.19.45.132:2095 | reason=mihomo start failed
[TEST] {795} tested=1/1 | kept=0 | rest=0
[DEBUG] mihomo isolate | branch={795} | size=1 | parse=0 | names=[免费节点10] 🇺🇸 US 710 → tg@nicevpn123 | err=-
[DEBUG] mihomo drop | branch={795} | size=1 | parse=0 | names=[免费节点10] 🇺🇸 US 710 → tg@nicevpn123 | err=-
[DROP] name=[免费节点10] 🇺🇸 US 710 → tg@nicevpn123 {795} | server=38.38.148.238:37001 | reason=mihomo start failed
[TEST] {810} tested=1/1 | kept=0 | rest=0
[DEBUG] mihomo isolate | branch={810} | size=1 | parse=0 | names=[免费节点10] 🇺🇸 US 798 → tg@nicevpn123 | err=-
[DEBUG] mihomo drop | branch={810} | size=1 | parse=0 | names=[免费节点10] 🇺🇸 US 798 → tg@nicevpn123 | err=-
[DROP] name=[免费节点10] 🇺🇸 US 798 → tg@nicevpn123 {810} | server=104.16.192.146:443 | reason=mihomo start failed
[TEST] {811} tested=1/1 | kept=0 | rest=0
[DEBUG] mihomo isolate | branch={811} | size=1 | parse=0 | names=[免费节点10] 🇺🇸 US 799 → tg@nicevpn123 | err=-
[DEBUG] mihomo drop | branch={811} | size=1 | parse=0 | names=[免费节点10] 🇺🇸 US 799 → tg@nicevpn123 | err=-
[DROP] name=[免费节点10] 🇺🇸 US 799 → tg@nicevpn123 {811} | server=104.19.45.91:2095 | reason=mihomo start failed
[TEST] {798} tested=1/1 | kept=0 | rest=0
[DEBUG] mihomo isolate | branch={798} | size=1 | parse=0 | names=[免费节点10] 🇺🇸 US 812 → tg@nicevpn123 | err=-
[DEBUG] mihomo drop | branch={798} | size=1 | parse=0 | names=[免费节点10] 🇺🇸 US 812 → tg@nicevpn123 | err=-
[DROP] name=[免费节点10] 🇺🇸 US 812 → tg@nicevpn123 {798} | server=38.75.137.105:3389 | reason=mihomo start failed
[TEST] {813} tested=1/1 | kept=0 | rest=0
[DEBUG] mihomo isolate | branch={813} | size=1 | parse=0 | names=[免费节点10] 🇺🇸 US 80 → tg@nicevpn123 | err=-
[DEBUG] mihomo drop | branch={813} | size=1 | parse=0 | names=[免费节点10] 🇺🇸 US 80 → tg@nicevpn123 | err=-
[DROP] name=[免费节点10] 🇺🇸 US 80 → tg@nicevpn123 {813} | server=104.21.30.254:443 | reason=mihomo start failed
[TEST] {814} tested=1/1 | kept=0 | rest=0
[DEBUG] mihomo isolate | branch={814} | size=1 | parse=0 | names=[免费节点10] 🇺🇸 US 800 → tg@nicevpn123 | err=-
[DEBUG] mihomo drop | branch={814} | size=1 | parse=0 | names=[免费节点10] 🇺🇸 US 800 → tg@nicevpn123 | err=-
[DROP] name=[免费节点10] 🇺🇸 US 800 → tg@nicevpn123 {814} | server=104.19.171.7:443 | reason=mihomo start failed
[TEST] {815} tested=1/1 | kept=0 | rest=0
[DEBUG] mihomo isolate | branch={815} | size=1 | parse=0 | names=[免费节点10] 🇺🇸 US 801 → tg@nicevpn123 | err=-
[DEBUG] mihomo drop | branch={815} | size=1 | parse=0 | names=[免费节点10] 🇺🇸 US 801 → tg@nicevpn123 | err=-
[DROP] name=[免费节点10] 🇺🇸 US 801 → tg@nicevpn123 {815} | server=104.16.42.197:2082 | reason=mihomo start failed
[TEST] {804} tested=1/1 | kept=0 | rest=0
[DEBUG] mihomo isolate | branch={804} | size=1 | parse=0 | names=[免费节点10] 🇺🇸 US 818 → tg@nicevpn123 | err=-
[DEBUG] mihomo drop | branch={804} | size=1 | parse=0 | names=[免费节点10] 🇺🇸 US 818 → tg@nicevpn123 | err=-
[DROP] name=[免费节点10] 🇺🇸 US 818 → tg@nicevpn123 {804} | server=876.outline-vpn.cloud:443 | reason=mihomo start failed
[TEST] {817} tested=1/1 | kept=0 | rest=0
[DEBUG] mihomo isolate | branch={817} | size=1 | parse=0 | names=[免费节点10] 🇺🇸 US 78 → tg@nicevpn123 | err=-
[DEBUG] mihomo drop | branch={817} | size=1 | parse=0 | names=[免费节点10] 🇺🇸 US 78 → tg@nicevpn123 | err=-
[DROP] name=[免费节点10] 🇺🇸 US 78 → tg@nicevpn123 {817} | server=w3.org:443 | reason=mihomo start failed
[TEST] {818} tested=1/1 | kept=0 | rest=0
[DEBUG] mihomo isolate | branch={818} | size=1 | parse=0 | names=[免费节点10] 🇺🇸 US 781 → tg@nicevpn123 | err=-
[DEBUG] mihomo drop | branch={818} | size=1 | parse=0 | names=[免费节点10] 🇺🇸 US 781 → tg@nicevpn123 | err=-
[DROP] name=[免费节点10] 🇺🇸 US 781 → tg@nicevpn123 {818} | server=104.19.45.121:2095 | reason=mihomo start failed
[TEST] {819} tested=1/1 | kept=0 | rest=0
[DEBUG] mihomo isolate | branch={819} | size=1 | parse=0 | names=[免费节点10] 🇺🇸 US 782 → tg@nicevpn123 | err=-
[DEBUG] mihomo drop | branch={819} | size=1 | parse=0 | names=[免费节点10] 🇺🇸 US 782 → tg@nicevpn123 | err=-
[DROP] name=[免费节点10] 🇺🇸 US 782 → tg@nicevpn123 {819} | server=104.16.192.135:443 | reason=mihomo start failed
[TEST] {820} tested=1/1 | kept=0 | rest=0
[DEBUG] mihomo isolate | branch={820} | size=1 | parse=0 | names=[免费节点10] 🇺🇸 US 783 → tg@nicevpn123 | err=-
[DEBUG] mihomo drop | branch={820} | size=1 | parse=0 | names=[免费节点10] 🇺🇸 US 783 → tg@nicevpn123 | err=-
[DROP] name=[免费节点10] 🇺🇸 US 783 → tg@nicevpn123 {820} | server=104.19.45.149:2095 | reason=mihomo start failed
[TEST] {821} tested=1/1 | kept=0 | rest=0
[DEBUG] mihomo isolate | branch={821} | size=1 | parse=0 | names=[免费节点10] 🇺🇸 US 775 → tg@nicevpn123 | err=-
[DEBUG] mihomo drop | branch={821} | size=1 | parse=0 | names=[免费节点10] 🇺🇸 US 775 → tg@nicevpn123 | err=-
[DROP] name=[免费节点10] 🇺🇸 US 775 → tg@nicevpn123 {821} | server=sg4g.xn--vhq70hxyat50h6wk.com:80 | reason=mihomo start failed
[TEST] {809} tested=1/1 | kept=0 | rest=0
[DEBUG] mihomo isolate | branch={809} | size=1 | parse=0 | names=[免费节点10] 🇺🇸 US 796 → tg@nicevpn123 | err=-
[DEBUG] mihomo drop | branch={809} | size=1 | parse=0 | names=[免费节点10] 🇺🇸 US 796 → tg@nicevpn123 | err=-
[DROP] name=[免费节点10] 🇺🇸 US 796 → tg@nicevpn123 {809} | server=23.26.98.120:998 | reason=mihomo start failed
[TEST] {822} tested=1/1 | kept=0 | rest=0
[DEBUG] mihomo isolate | branch={822} | size=1 | parse=0 | names=[免费节点10] 🇺🇸 US 776 → tg@nicevpn123 | err=-
[DEBUG] mihomo drop | branch={822} | size=1 | parse=0 | names=[免费节点10] 🇺🇸 US 776 → tg@nicevpn123 | err=-
[DROP] name=[免费节点10] 🇺🇸 US 776 → tg@nicevpn123 {822} | server=38.110.1.105:8009 | reason=mihomo start failed
[TEST] {823} tested=1/1 | kept=0 | rest=0
[DEBUG] mihomo isolate | branch={823} | size=1 | parse=0 | names=[免费节点10] 🇺🇸 US 777 → tg@nicevpn123 | err=-
[DEBUG] mihomo drop | branch={823} | size=1 | parse=0 | names=[免费节点10] 🇺🇸 US 777 → tg@nicevpn123 | err=-
[DROP] name=[免费节点10] 🇺🇸 US 777 → tg@nicevpn123 {823} | server=104.16.39.217:2082 | reason=mihomo start failed
[TEST] {812} tested=1/1 | kept=0 | rest=0
[DEBUG] mihomo isolate | branch={812} | size=1 | parse=0 | names=[免费节点10] 🇺🇸 US 8 → tg@nicevpn123 | err=-
[DEBUG] mihomo drop | branch={812} | size=1 | parse=0 | names=[免费节点10] 🇺🇸 US 8 → tg@nicevpn123 | err=-
[DROP] name=[免费节点10] 🇺🇸 US 8 → tg@nicevpn123 {812} | server=18.246.240.239:443 | reason=mihomo start failed
[TEST] {826} tested=1/1 | kept=0 | rest=0
[DEBUG] mihomo isolate | branch={826} | size=1 | parse=0 | names=[免费节点10] 🇺🇸 US 756 → tg@nicevpn123 | err=-
[DEBUG] mihomo drop | branch={826} | size=1 | parse=0 | names=[免费节点10] 🇺🇸 US 756 → tg@nicevpn123 | err=-
[DROP] name=[免费节点10] 🇺🇸 US 756 → tg@nicevpn123 {826} | server=104.19.45.156:2095 | reason=mihomo start failed
[TEST] {825} tested=1/1 | kept=0 | rest=0
[DEBUG] mihomo isolate | branch={825} | size=1 | parse=0 | names=[免费节点10] 🇺🇸 US 754 → tg@nicevpn123 | err=-
[DEBUG] mihomo drop | branch={825} | size=1 | parse=0 | names=[免费节点10] 🇺🇸 US 754 → tg@nicevpn123 | err=-
[DROP] name=[免费节点10] 🇺🇸 US 754 → tg@nicevpn123 {825} | server=205.234.200.104:33164 | reason=mihomo start failed
[TEST] {827} tested=1/1 | kept=0 | rest=0
[DEBUG] mihomo isolate | branch={827} | size=1 | parse=0 | names=[免费节点10] 🇺🇸 US 757 → tg@nicevpn123 | err=-
[DEBUG] mihomo drop | branch={827} | size=1 | parse=0 | names=[免费节点10] 🇺🇸 US 757 → tg@nicevpn123 | err=-
[DROP] name=[免费节点10] 🇺🇸 US 757 → tg@nicevpn123 {827} | server=104.19.45.110:2095 | reason=mihomo start failed
[TEST] {828} tested=1/1 | kept=0 | rest=0
[DEBUG] mihomo isolate | branch={828} | size=1 | parse=0 | names=[免费节点10] 🇺🇸 US 758 → tg@nicevpn123 | err=-
[DEBUG] mihomo drop | branch={828} | size=1 | parse=0 | names=[免费节点10] 🇺🇸 US 758 → tg@nicevpn123 | err=-
[DROP] name=[免费节点10] 🇺🇸 US 758 → tg@nicevpn123 {828} | server=104.19.45.76:2095 | reason=mihomo start failed
[TEST] {829} tested=1/1 | kept=0 | rest=0
[DEBUG] mihomo isolate | branch={829} | size=1 | parse=0 | names=[免费节点10] 🇺🇸 US 759 → tg@nicevpn123 | err=-
[DEBUG] mihomo drop | branch={829} | size=1 | parse=0 | names=[免费节点10] 🇺🇸 US 759 → tg@nicevpn123 | err=-
[DROP] name=[免费节点10] 🇺🇸 US 759 → tg@nicevpn123 {829} | server=104.21.232.61:80 | reason=mihomo start failed
[TEST] {833} tested=1/1 | kept=0 | rest=0
[DEBUG] mihomo isolate | branch={833} | size=1 | parse=0 | names=[免费节点10] 🇺🇸 US 753 → tg@nicevpn123 | err=-
[DEBUG] mihomo drop | branch={833} | size=1 | parse=0 | names=[免费节点10] 🇺🇸 US 753 → tg@nicevpn123 | err=-
[DROP] name=[免费节点10] 🇺🇸 US 753 → tg@nicevpn123 {833} | server=104.16.42.202:2082 | reason=mihomo start failed
[TEST] {832} tested=1/1 | kept=0 | rest=0
[DEBUG] mihomo isolate | branch={832} | size=1 | parse=0 | names=[免费节点10] 🇺🇸 US 752 → tg@nicevpn123 | err=-
[DEBUG] mihomo drop | branch={832} | size=1 | parse=0 | names=[免费节点10] 🇺🇸 US 752 → tg@nicevpn123 | err=-
[DROP] name=[免费节点10] 🇺🇸 US 752 → tg@nicevpn123 {832} | server=104.21.4.221:443 | reason=mihomo start failed
[TEST] {831} tested=1/1 | kept=0 | rest=0
[DEBUG] mihomo isolate | branch={831} | size=1 | parse=0 | names=[免费节点10] 🇺🇸 US 751 → tg@nicevpn123 | err=-
[DEBUG] mihomo drop | branch={831} | size=1 | parse=0 | names=[免费节点10] 🇺🇸 US 751 → tg@nicevpn123 | err=-
[DROP] name=[免费节点10] 🇺🇸 US 751 → tg@nicevpn123 {831} | server=104.16.39.31:2082 | reason=mihomo start failed
[TEST] {834} tested=1/1 | kept=0 | rest=0
[DEBUG] mihomo isolate | branch={834} | size=1 | parse=0 | names=[免费节点10] 🇺🇸 US 52 → tg@nicevpn123 | err=-
[DEBUG] mihomo drop | branch={834} | size=1 | parse=0 | names=[免费节点10] 🇺🇸 US 52 → tg@nicevpn123 | err=-
[DROP] name=[免费节点10] 🇺🇸 US 52 → tg@nicevpn123 {834} | server=3.34.200.94:443 | reason=mihomo start failed
[TEST] {816} tested=1/1 | kept=0 | rest=0
[DEBUG] mihomo isolate | branch={816} | size=1 | parse=0 | names=[免费节点10] 🇺🇸 US 779 → tg@nicevpn123 | err=-
[DEBUG] mihomo drop | branch={816} | size=1 | parse=0 | names=[免费节点10] 🇺🇸 US 779 → tg@nicevpn123 | err=-
[DROP] name=[免费节点10] 🇺🇸 US 779 → tg@nicevpn123 {816} | server=38.114.114.208:8080 | reason=mihomo start failed
[TEST] {824} tested=1/1 | kept=0 | rest=0
[DEBUG] mihomo isolate | branch={824} | size=1 | parse=0 | names=[免费节点10] 🇺🇸 US 778 → tg@nicevpn123 | err=-
[DEBUG] mihomo drop | branch={824} | size=1 | parse=0 | names=[免费节点10] 🇺🇸 US 778 → tg@nicevpn123 | err=-
[DROP] name=[免费节点10] 🇺🇸 US 778 → tg@nicevpn123 {824} | server=us2.laobideng.xyz:8080 | reason=mihomo start failed
[TEST] {837} tested=1/1 | kept=0 | rest=0
[DEBUG] mihomo isolate | branch={837} | size=1 | parse=0 | names=[免费节点10] 🇺🇸 US 522 → tg@nicevpn123 | err=-
[DEBUG] mihomo drop | branch={837} | size=1 | parse=0 | names=[免费节点10] 🇺🇸 US 522 → tg@nicevpn123 | err=-
[DROP] name=[免费节点10] 🇺🇸 US 522 → tg@nicevpn123 {837} | server=172.67.229.13:2086 | reason=mihomo start failed
[TEST] {830} tested=1/1 | kept=0 | rest=0
[DEBUG] mihomo isolate | branch={830} | size=1 | parse=0 | names=[免费节点10] 🇺🇸 US 750 → tg@nicevpn123 | err=-
[DEBUG] mihomo drop | branch={830} | size=1 | parse=0 | names=[免费节点10] 🇺🇸 US 750 → tg@nicevpn123 | err=-
[DROP] name=[免费节点10] 🇺🇸 US 750 → tg@nicevpn123 {830} | server=38.110.1.241:9102 | reason=mihomo start failed
[TEST] {840} tested=1/1 | kept=0 | rest=0
[DEBUG] mihomo isolate | branch={840} | size=1 | parse=0 | names=[免费节点10] 🇺🇸 US 526 → tg@nicevpn123 | err=-
[DEBUG] mihomo drop | branch={840} | size=1 | parse=0 | names=[免费节点10] 🇺🇸 US 526 → tg@nicevpn123 | err=-
[DROP] name=[免费节点10] 🇺🇸 US 526 → tg@nicevpn123 {840} | server=104.19.45.35:2095 | reason=mihomo start failed
[TEST] {841} tested=1/1 | kept=0 | rest=0
[DEBUG] mihomo isolate | branch={841} | size=1 | parse=0 | names=[免费节点10] 🇺🇸 US 527 → tg@nicevpn123 | err=-
[DEBUG] mihomo drop | branch={841} | size=1 | parse=0 | names=[免费节点10] 🇺🇸 US 527 → tg@nicevpn123 | err=-
[DROP] name=[免费节点10] 🇺🇸 US 527 → tg@nicevpn123 {841} | server=104.16.40.154:2082 | reason=mihomo start failed
[TEST] {835} tested=1/1 | kept=0 | rest=0
[DEBUG] mihomo isolate | branch={835} | size=1 | parse=0 | names=[免费节点10] 🇺🇸 US 520 → tg@nicevpn123 | err=-
[DEBUG] mihomo drop | branch={835} | size=1 | parse=0 | names=[免费节点10] 🇺🇸 US 520 → tg@nicevpn123 | err=-
[DROP] name=[免费节点10] 🇺🇸 US 520 → tg@nicevpn123 {835} | server=38.110.1.43:6679 | reason=mihomo start failed
[TEST] {836} tested=1/1 | kept=0 | rest=0
[DEBUG] mihomo isolate | branch={836} | size=1 | parse=0 | names=[免费节点10] 🇺🇸 US 521 → tg@nicevpn123 | err=-
[DEBUG] mihomo drop | branch={836} | size=1 | parse=0 | names=[免费节点10] 🇺🇸 US 521 → tg@nicevpn123 | err=-
[DROP] name=[免费节点10] 🇺🇸 US 521 → tg@nicevpn123 {836} | server=54.71.116.112:443 | reason=mihomo start failed
[TEST] {843} tested=1/1 | kept=0 | rest=0
[DEBUG] mihomo isolate | branch={843} | size=1 | parse=0 | names=[免费节点10] 🇺🇸 US 65 → tg@nicevpn123 | err=-
[DEBUG] mihomo drop | branch={843} | size=1 | parse=0 | names=[免费节点10] 🇺🇸 US 65 → tg@nicevpn123 | err=-
[DROP] name=[免费节点10] 🇺🇸 US 65 → tg@nicevpn123 {843} | server=104.16.217.241:443 | reason=mihomo start failed
[TEST] {844} tested=1/1 | kept=0 | rest=0
[DEBUG] mihomo isolate | branch={844} | size=1 | parse=0 | names=[免费节点10] 🇺🇸 US 650 → tg@nicevpn123 | err=-
[DEBUG] mihomo drop | branch={844} | size=1 | parse=0 | names=[免费节点10] 🇺🇸 US 650 → tg@nicevpn123 | err=-
[DROP] name=[免费节点10] 🇺🇸 US 650 → tg@nicevpn123 {844} | server=104.19.45.143:2095 | reason=mihomo start failed
[TEST] {845} tested=1/1 | kept=0 | rest=0
[DEBUG] mihomo isolate | branch={845} | size=1 | parse=0 | names=[免费节点10] 🇺🇸 US 651 → tg@nicevpn123 | err=-
[DEBUG] mihomo drop | branch={845} | size=1 | parse=0 | names=[免费节点10] 🇺🇸 US 651 → tg@nicevpn123 | err=-
[DROP] name=[免费节点10] 🇺🇸 US 651 → tg@nicevpn123 {845} | server=104.16.39.38:2082 | reason=mihomo start failed
[TEST] {846} tested=1/1 | kept=0 | rest=0
[DEBUG] mihomo isolate | branch={846} | size=1 | parse=0 | names=[免费节点10] 🇺🇸 US 652 → tg@nicevpn123 | err=-
[DEBUG] mihomo drop | branch={846} | size=1 | parse=0 | names=[免费节点10] 🇺🇸 US 652 → tg@nicevpn123 | err=-
[DROP] name=[免费节点10] 🇺🇸 US 652 → tg@nicevpn123 {846} | server=172.67.229.37:2086 | reason=mihomo start failed
[TEST] {847} tested=1/1 | kept=0 | rest=0
[DEBUG] mihomo isolate | branch={847} | size=1 | parse=0 | names=[免费节点10] 🇺🇸 US 654 → tg@nicevpn123 | err=-
[DEBUG] mihomo drop | branch={847} | size=1 | parse=0 | names=[免费节点10] 🇺🇸 US 654 → tg@nicevpn123 | err=-
[DROP] name=[免费节点10] 🇺🇸 US 654 → tg@nicevpn123 {847} | server=104.16.40.79:2082 | reason=mihomo start failed
[TEST] {838} tested=1/1 | kept=0 | rest=0
[DEBUG] mihomo isolate | branch={838} | size=1 | parse=0 | names=[免费节点10] 🇺🇸 US 524 → tg@nicevpn123 | err=-
[DEBUG] mihomo drop | branch={838} | size=1 | parse=0 | names=[免费节点10] 🇺🇸 US 524 → tg@nicevpn123 | err=-
[DROP] name=[免费节点10] 🇺🇸 US 524 → tg@nicevpn123 {838} | server=35.77.92.181:443 | reason=mihomo start failed
[TEST] {848} tested=1/1 | kept=0 | rest=0
[DEBUG] mihomo isolate | branch={848} | size=1 | parse=0 | names=[免费节点10] 🇺🇸 US 655 → tg@nicevpn123 | err=-
[DEBUG] mihomo drop | branch={848} | size=1 | parse=0 | names=[免费节点10] 🇺🇸 US 655 → tg@nicevpn123 | err=-
[DROP] name=[免费节点10] 🇺🇸 US 655 → tg@nicevpn123 {848} | server=104.18.154.42:80 | reason=mihomo start failed
[TEST] {850} tested=1/1 | kept=0 | rest=0
[DEBUG] mihomo isolate | branch={850} | size=1 | parse=0 | names=[免费节点10] 🇺🇸 US 657 → tg@nicevpn123 | err=-
[DEBUG] mihomo drop | branch={850} | size=1 | parse=0 | names=[免费节点10] 🇺🇸 US 657 → tg@nicevpn123 | err=-
[DROP] name=[免费节点10] 🇺🇸 US 657 → tg@nicevpn123 {850} | server=104.21.233.68:80 | reason=mihomo start failed
[TEST] {851} tested=1/1 | kept=0 | rest=0
[DEBUG] mihomo isolate | branch={851} | size=1 | parse=0 | names=[免费节点10] 🇺🇸 US 658 → tg@nicevpn123 | err=-
[DEBUG] mihomo drop | branch={851} | size=1 | parse=0 | names=[免费节点10] 🇺🇸 US 658 → tg@nicevpn123 | err=-
[DROP] name=[免费节点10] 🇺🇸 US 658 → tg@nicevpn123 {851} | server=104.16.40.244:2082 | reason=mihomo start failed
[TEST] {849} tested=1/1 | kept=0 | rest=0
[DEBUG] mihomo isolate | branch={849} | size=1 | parse=0 | names=[免费节点10] 🇺🇸 US 656 → tg@nicevpn123 | err=-
[DEBUG] mihomo drop | branch={849} | size=1 | parse=0 | names=[免费节点10] 🇺🇸 US 656 → tg@nicevpn123 | err=-
[DROP] name=[免费节点10] 🇺🇸 US 656 → tg@nicevpn123 {849} | server=t45a7-g03.jp02-9a99-vm0.entry.fr0307a.art:11775 | reason=mihomo start failed
[TEST] {853} tested=1/1 | kept=0 | rest=0
[DEBUG] mihomo isolate | branch={853} | size=1 | parse=0 | names=[免费节点10] 🇺🇸 US 56 → tg@nicevpn123 | err=-
[DEBUG] mihomo drop | branch={853} | size=1 | parse=0 | names=[免费节点10] 🇺🇸 US 56 → tg@nicevpn123 | err=-
[DROP] name=[免费节点10] 🇺🇸 US 56 → tg@nicevpn123 {853} | server=n1709457297.aaigefm.cn:443 | reason=mihomo start failed
[TEST] {854} tested=1/1 | kept=0 | rest=0
[DEBUG] mihomo isolate | branch={854} | size=1 | parse=0 | names=[免费节点10] 🇺🇸 US 561 → tg@nicevpn123 | err=-
[DEBUG] mihomo drop | branch={854} | size=1 | parse=0 | names=[免费节点10] 🇺🇸 US 561 → tg@nicevpn123 | err=-
[DROP] name=[免费节点10] 🇺🇸 US 561 → tg@nicevpn123 {854} | server=104.19.45.73:2095 | reason=mihomo start failed
[TEST] {855} tested=1/1 | kept=0 | rest=0
[DEBUG] mihomo isolate | branch={855} | size=1 | parse=0 | names=[免费节点10] 🇺🇸 US 562 → tg@nicevpn123 | err=-
[DEBUG] mihomo drop | branch={855} | size=1 | parse=0 | names=[免费节点10] 🇺🇸 US 562 → tg@nicevpn123 | err=-
[DROP] name=[免费节点10] 🇺🇸 US 562 → tg@nicevpn123 {855} | server=104.19.45.84:2095 | reason=mihomo start failed
[TEST] {859} tested=1/1 | kept=0 | rest=0
[DEBUG] mihomo isolate | branch={859} | size=1 | parse=0 | names=[免费节点10] 🇺🇸 US 632 → tg@nicevpn123 | err=-
[DEBUG] mihomo drop | branch={859} | size=1 | parse=0 | names=[免费节点10] 🇺🇸 US 632 → tg@nicevpn123 | err=-
[DROP] name=[免费节点10] 🇺🇸 US 632 → tg@nicevpn123 {859} | server=jiasu.fanmengdas.top:40723 | reason=mihomo start failed
[TEST] {842} tested=1/1 | kept=0 | rest=0
[DEBUG] mihomo isolate | branch={842} | size=1 | parse=0 | names=[免费节点10] 🇺🇸 US 528 → tg@nicevpn123 | err=-
[DEBUG] mihomo drop | branch={842} | size=1 | parse=0 | names=[免费节点10] 🇺🇸 US 528 → tg@nicevpn123 | err=-
[DROP] name=[免费节点10] 🇺🇸 US 528 → tg@nicevpn123 {842} | server=149.28.58.129:45617 | reason=mihomo start failed
[TEST] {858} tested=1/1 | kept=0 | rest=0
[DEBUG] mihomo isolate | branch={858} | size=1 | parse=0 | names=[免费节点10] 🇺🇸 US 631 → tg@nicevpn123 | err=-
[DEBUG] mihomo drop | branch={858} | size=1 | parse=0 | names=[免费节点10] 🇺🇸 US 631 → tg@nicevpn123 | err=-
[DROP] name=[免费节点10] 🇺🇸 US 631 → tg@nicevpn123 {858} | server=hk.wish.ml:2052 | reason=mihomo start failed
[TEST] {856} tested=1/1 | kept=0 | rest=0
[DEBUG] mihomo isolate | branch={856} | size=1 | parse=0 | names=[免费节点10] 🇺🇸 US 627 → tg@nicevpn123 | err=-
[DEBUG] mihomo drop | branch={856} | size=1 | parse=0 | names=[免费节点10] 🇺🇸 US 627 → tg@nicevpn123 | err=-
[DROP] name=[免费节点10] 🇺🇸 US 627 → tg@nicevpn123 {856} | server=23.94.100.187:48889 | reason=mihomo start failed
[TEST] {857} tested=1/1 | kept=0 | rest=0
[DEBUG] mihomo isolate | branch={857} | size=1 | parse=0 | names=[免费节点10] 🇺🇸 US 629 → tg@nicevpn123 | err=-
[DEBUG] mihomo drop | branch={857} | size=1 | parse=0 | names=[免费节点10] 🇺🇸 US 629 → tg@nicevpn123 | err=-
[DROP] name=[免费节点10] 🇺🇸 US 629 → tg@nicevpn123 {857} | server=104.19.48.100:2082 | reason=mihomo start failed
[TEST] {860} tested=1/1 | kept=0 | rest=0
[DEBUG] mihomo isolate | branch={860} | size=1 | parse=0 | names=[免费节点10] 🇺🇸 US 564 → tg@nicevpn123 | err=-
[DEBUG] mihomo drop | branch={860} | size=1 | parse=0 | names=[免费节点10] 🇺🇸 US 564 → tg@nicevpn123 | err=-
[DROP] name=[免费节点10] 🇺🇸 US 564 → tg@nicevpn123 {860} | server=104.24.136.13:2083 | reason=mihomo start failed
[TEST] {839} tested=1/1 | kept=0 | rest=0
[DEBUG] mihomo isolate | branch={839} | size=1 | parse=0 | names=[免费节点10] 🇺🇸 US 525 → tg@nicevpn123 | err=-
[DEBUG] mihomo drop | branch={839} | size=1 | parse=0 | names=[免费节点10] 🇺🇸 US 525 → tg@nicevpn123 | err=-
[DROP] name=[免费节点10] 🇺🇸 US 525 → tg@nicevpn123 {839} | server=ip0axv1bbsu02k7-my.1ytnode.com:56369 | reason=mihomo start failed
[TEST] {852} tested=1/1 | kept=0 | rest=0
[DEBUG] mihomo isolate | branch={852} | size=1 | parse=0 | names=[免费节点10] 🇺🇸 US 558 → tg@nicevpn123 | err=-
[DEBUG] mihomo drop | branch={852} | size=1 | parse=0 | names=[免费节点10] 🇺🇸 US 558 → tg@nicevpn123 | err=-
[DROP] name=[免费节点10] 🇺🇸 US 558 → tg@nicevpn123 {852} | server=onea.flha.ru:2095 | reason=mihomo start failed
[TEST] {863} tested=1/1 | kept=0 | rest=0
[DEBUG] mihomo isolate | branch={863} | size=1 | parse=0 | names=[免费节点10] 🇺🇸 US 569 → tg@nicevpn123 | err=-
[DEBUG] mihomo drop | branch={863} | size=1 | parse=0 | names=[免费节点10] 🇺🇸 US 569 → tg@nicevpn123 | err=-
[DROP] name=[免费节点10] 🇺🇸 US 569 → tg@nicevpn123 {863} | server=104.18.219.67:2087 | reason=mihomo start failed
[TEST] {866} tested=1/1 | kept=0 | rest=0
[DEBUG] mihomo isolate | branch={866} | size=1 | parse=0 | names=[免费节点10] 🇺🇸 US 587 → tg@nicevpn123 | err=-
[DEBUG] mihomo drop | branch={866} | size=1 | parse=0 | names=[免费节点10] 🇺🇸 US 587 → tg@nicevpn123 | err=-
[DROP] name=[免费节点10] 🇺🇸 US 587 → tg@nicevpn123 {866} | server=ns1.v2-vip.fun:2086 | reason=mihomo start failed
[TEST] {865} tested=1/1 | kept=0 | rest=0
[DEBUG] mihomo isolate | branch={865} | size=1 | parse=0 | names=[免费节点10] 🇺🇸 US 586 → tg@nicevpn123 | err=-
[DEBUG] mihomo drop | branch={865} | size=1 | parse=0 | names=[免费节点10] 🇺🇸 US 586 → tg@nicevpn123 | err=-
[DROP] name=[免费节点10] 🇺🇸 US 586 → tg@nicevpn123 {865} | server=107.174.96.19:45979 | reason=mihomo start failed
[TEST] {867} tested=1/1 | kept=0 | rest=0
[DEBUG] mihomo isolate | branch={867} | size=1 | parse=0 | names=[免费节点10] 🇺🇸 US 59 → tg@nicevpn123 | err=-
[DEBUG] mihomo drop | branch={867} | size=1 | parse=0 | names=[免费节点10] 🇺🇸 US 59 → tg@nicevpn123 | err=-
[DROP] name=[免费节点10] 🇺🇸 US 59 → tg@nicevpn123 {867} | server=173.245.58.199:443 | reason=mihomo start failed
[TEST] {869} tested=1/1 | kept=0 | rest=0
[DEBUG] mihomo isolate | branch={869} | size=1 | parse=0 | names=[免费节点10] 🇺🇸 US 592 → tg@nicevpn123 | err=-
[DEBUG] mihomo drop | branch={869} | size=1 | parse=0 | names=[免费节点10] 🇺🇸 US 592 → tg@nicevpn123 | err=-
[DROP] name=[免费节点10] 🇺🇸 US 592 → tg@nicevpn123 {869} | server=104.19.45.11:2095 | reason=mihomo start failed
[TEST] {868} tested=1/1 | kept=0 | rest=0
[DEBUG] mihomo isolate | branch={868} | size=1 | parse=0 | names=[免费节点10] 🇺🇸 US 590 → tg@nicevpn123 | err=-
[DEBUG] mihomo drop | branch={868} | size=1 | parse=0 | names=[免费节点10] 🇺🇸 US 590 → tg@nicevpn123 | err=-
[DROP] name=[免费节点10] 🇺🇸 US 590 → tg@nicevpn123 {868} | server=104.19.45.80:2095 | reason=mihomo start failed
[TEST] {871} tested=1/1 | kept=0 | rest=0
[TEST] {861} tested=1/1 | kept=0 | rest=0
[DEBUG] mihomo isolate | branch={861} | size=1 | parse=0 | names=[免费节点10] 🇺🇸 US 565 → tg@nicevpn123 | err=-
[DEBUG] mihomo drop | branch={861} | size=1 | parse=0 | names=[免费节点10] 🇺🇸 US 565 → tg@nicevpn123 | err=-
[DROP] name=[免费节点10] 🇺🇸 US 565 → tg@nicevpn123 {861} | server=38.110.1.201:5003 | reason=mihomo start failed
[TEST] {862} tested=1/1 | kept=0 | rest=0
[DEBUG] mihomo isolate | branch={862} | size=1 | parse=0 | names=[免费节点10] 🇺🇸 US 566 → tg@nicevpn123 | err=-
[DEBUG] mihomo drop | branch={862} | size=1 | parse=0 | names=[免费节点10] 🇺🇸 US 566 → tg@nicevpn123 | err=-
[DROP] name=[免费节点10] 🇺🇸 US 566 → tg@nicevpn123 {862} | server=38.86.135.117:8118 | reason=mihomo start failed
[DEBUG] mihomo isolate | branch={871} | size=1 | parse=0 | names=[免费节点10] 🇺🇸 US 581 → tg@nicevpn123 | err=-
[DEBUG] mihomo drop | branch={871} | size=1 | parse=0 | names=[免费节点10] 🇺🇸 US 581 → tg@nicevpn123 | err=-
[DROP] name=[免费节点10] 🇺🇸 US 581 → tg@nicevpn123 {871} | server=104.19.45.225:2082 | reason=mihomo start failed
[TEST] {864} tested=1/1 | kept=0 | rest=0
[DEBUG] mihomo isolate | branch={864} | size=1 | parse=0 | names=[免费节点10] 🇺🇸 US 57 → tg@nicevpn123 | err=-
[DEBUG] mihomo drop | branch={864} | size=1 | parse=0 | names=[免费节点10] 🇺🇸 US 57 → tg@nicevpn123 | err=-
[DROP] name=[免费节点10] 🇺🇸 US 57 → tg@nicevpn123 {864} | server=15.204.87.217:5498 | reason=mihomo start failed
[TEST] {870} tested=1/1 | kept=0 | rest=0
[DEBUG] mihomo isolate | branch={870} | size=1 | parse=0 | names=[免费节点10] 🇺🇸 US 580 → tg@nicevpn123 | err=-
[DEBUG] mihomo drop | branch={870} | size=1 | parse=0 | names=[免费节点10] 🇺🇸 US 580 → tg@nicevpn123 | err=-
[DROP] name=[免费节点10] 🇺🇸 US 580 → tg@nicevpn123 {870} | server=104.19.45.43:2095 | reason=mihomo start failed
[TEST] {872} tested=1/1 | kept=0 | rest=0
[DEBUG] mihomo isolate | branch={872} | size=1 | parse=0 | names=[免费节点10] 🇺🇸 US 584 → tg@nicevpn123 | err=-
[DEBUG] mihomo drop | branch={872} | size=1 | parse=0 | names=[免费节点10] 🇺🇸 US 584 → tg@nicevpn123 | err=-
[DROP] name=[免费节点10] 🇺🇸 US 584 → tg@nicevpn123 {872} | server=172.67.222.164:443 | reason=mihomo start failed
[TEST] {873} tested=1/1 | kept=0 | rest=0
[DEBUG] mihomo isolate | branch={873} | size=1 | parse=0 | names=[免费节点10] 🇺🇸 US 585 → tg@nicevpn123 | err=-
[DEBUG] mihomo drop | branch={873} | size=1 | parse=0 | names=[免费节点10] 🇺🇸 US 585 → tg@nicevpn123 | err=-
[DROP] name=[免费节点10] 🇺🇸 US 585 → tg@nicevpn123 {873} | server=104.16.61.8:2096 | reason=mihomo start failed
[TEST] {875} tested=1/1 | kept=0 | rest=0
[DEBUG] mihomo isolate | branch={875} | size=1 | parse=0 | names=[免费节点10] 🇺🇸 US 634 → tg@nicevpn123 | err=-
[DEBUG] mihomo drop | branch={875} | size=1 | parse=0 | names=[免费节点10] 🇺🇸 US 634 → tg@nicevpn123 | err=-
[DROP] name=[免费节点10] 🇺🇸 US 634 → tg@nicevpn123 {875} | server=104.16.39.184:2082 | reason=mihomo start failed
[TEST] {877} tested=1/1 | kept=0 | rest=0
[DEBUG] mihomo isolate | branch={877} | size=1 | parse=0 | names=[免费节点10] 🇺🇸 US 637 → tg@nicevpn123 | err=-
[DEBUG] mihomo drop | branch={877} | size=1 | parse=0 | names=[免费节点10] 🇺🇸 US 637 → tg@nicevpn123 | err=-
[DROP] name=[免费节点10] 🇺🇸 US 637 → tg@nicevpn123 {877} | server=104.19.45.86:2082 | reason=mihomo start failed
[TEST] {879} tested=1/1 | kept=0 | rest=0
[DEBUG] mihomo isolate | branch={879} | size=1 | parse=0 | names=[免费节点10] 🇺🇸 US 605 → tg@nicevpn123 | err=-
[DEBUG] mihomo drop | branch={879} | size=1 | parse=0 | names=[免费节点10] 🇺🇸 US 605 → tg@nicevpn123 | err=-
[DROP] name=[免费节点10] 🇺🇸 US 605 → tg@nicevpn123 {879} | server=104.16.43.210:2082 | reason=mihomo start failed
[TEST] {880} tested=1/1 | kept=0 | rest=0
[DEBUG] mihomo isolate | branch={880} | size=1 | parse=0 | names=[免费节点10] 🇺🇸 US 607 → tg@nicevpn123 | err=-
[DEBUG] mihomo drop | branch={880} | size=1 | parse=0 | names=[免费节点10] 🇺🇸 US 607 → tg@nicevpn123 | err=-
[DROP] name=[免费节点10] 🇺🇸 US 607 → tg@nicevpn123 {880} | server=152.42.216.240:80 | reason=mihomo start failed
[TEST] {881} tested=1/1 | kept=0 | rest=0
[DEBUG] mihomo isolate | branch={881} | size=1 | parse=0 | names=[免费节点10] 🇺🇸 US 608 → tg@nicevpn123 | err=-
[DEBUG] mihomo drop | branch={881} | size=1 | parse=0 | names=[免费节点10] 🇺🇸 US 608 → tg@nicevpn123 | err=-
[DROP] name=[免费节点10] 🇺🇸 US 608 → tg@nicevpn123 {881} | server=104.19.45.32:2095 | reason=mihomo start failed
[TEST] {882} tested=1/1 | kept=0 | rest=0
[DEBUG] mihomo isolate | branch={882} | size=1 | parse=0 | names=[免费节点10] 🇺🇸 US 61 → tg@nicevpn123 | err=-
[DEBUG] mihomo drop | branch={882} | size=1 | parse=0 | names=[免费节点10] 🇺🇸 US 61 → tg@nicevpn123 | err=-
[DROP] name=[免费节点10] 🇺🇸 US 61 → tg@nicevpn123 {882} | server=104.19.45.34:2095 | reason=mihomo start failed
[TEST] {876} tested=1/1 | kept=0 | rest=0
[DEBUG] mihomo isolate | branch={876} | size=1 | parse=0 | names=[免费节点10] 🇺🇸 US 636 → tg@nicevpn123 | err=-
[DEBUG] mihomo drop | branch={876} | size=1 | parse=0 | names=[免费节点10] 🇺🇸 US 636 → tg@nicevpn123 | err=-
[DROP] name=[免费节点10] 🇺🇸 US 636 → tg@nicevpn123 {876} | server=ip0axv1bbsu02k7-kr.1ytnode.com:56361 | reason=mihomo start failed
[TEST] {874} tested=1/1 | kept=0 | rest=0
[DEBUG] mihomo isolate | branch={874} | size=1 | parse=0 | names=[免费节点10] 🇺🇸 US 633 → tg@nicevpn123 | err=-
[DEBUG] mihomo drop | branch={874} | size=1 | parse=0 | names=[免费节点10] 🇺🇸 US 633 → tg@nicevpn123 | err=-
[DROP] name=[免费节点10] 🇺🇸 US 633 → tg@nicevpn123 {874} | server=205.234.232.191:10512 | reason=mihomo start failed
[TEST] {885} tested=1/1 | kept=0 | rest=0
[DEBUG] mihomo isolate | branch={885} | size=1 | parse=0 | names=[免费节点10] 🇺🇸 US 613 → tg@nicevpn123 | err=-
[DEBUG] mihomo drop | branch={885} | size=1 | parse=0 | names=[免费节点10] 🇺🇸 US 613 → tg@nicevpn123 | err=-
[DROP] name=[免费节点10] 🇺🇸 US 613 → tg@nicevpn123 {885} | server=104.19.45.235:2095 | reason=mihomo start failed
[TEST] {878} tested=1/1 | kept=0 | rest=0
[DEBUG] mihomo isolate | branch={878} | size=1 | parse=0 | names=[免费节点10] 🇺🇸 US 638 → tg@nicevpn123 | err=-
[DEBUG] mihomo drop | branch={878} | size=1 | parse=0 | names=[免费节点10] 🇺🇸 US 638 → tg@nicevpn123 | err=-
[DROP] name=[免费节点10] 🇺🇸 US 638 → tg@nicevpn123 {878} | server=38.121.43.248:8882 | reason=mihomo start failed
[TEST] {886} tested=1/1 | kept=0 | rest=0
[DEBUG] mihomo isolate | branch={886} | size=1 | parse=0 | names=[免费节点10] 🇺🇸 US 614 → tg@nicevpn123 | err=-
[DEBUG] mihomo drop | branch={886} | size=1 | parse=0 | names=[免费节点10] 🇺🇸 US 614 → tg@nicevpn123 | err=-
[DROP] name=[免费节点10] 🇺🇸 US 614 → tg@nicevpn123 {886} | server=104.19.45.125:2095 | reason=mihomo start failed
[TEST] {888} tested=1/1 | kept=0 | rest=0
[DEBUG] mihomo isolate | branch={888} | size=1 | parse=0 | names=[免费节点10] 🇺🇸 US 2022 → tg@nicevpn123 | err=-
[DEBUG] mihomo drop | branch={888} | size=1 | parse=0 | names=[免费节点10] 🇺🇸 US 2022 → tg@nicevpn123 | err=-
[DROP] name=[免费节点10] 🇺🇸 US 2022 → tg@nicevpn123 {888} | server=104.19.44.9:80 | reason=mihomo start failed
[TEST] {890} tested=1/1 | kept=0 | rest=0
[DEBUG] mihomo isolate | branch={890} | size=1 | parse=0 | names=[免费节点10] 🇺🇸 US 2024 → tg@nicevpn123 | err=-
[DEBUG] mihomo drop | branch={890} | size=1 | parse=0 | names=[免费节点10] 🇺🇸 US 2024 → tg@nicevpn123 | err=-
[DROP] name=[免费节点10] 🇺🇸 US 2024 → tg@nicevpn123 {890} | server=104.19.44.195:80 | reason=mihomo start failed
[TEST] {889} tested=1/1 | kept=0 | rest=0
[DEBUG] mihomo isolate | branch={889} | size=1 | parse=0 | names=[免费节点10] 🇺🇸 US 2023 → tg@nicevpn123 | err=-
[DEBUG] mihomo drop | branch={889} | size=1 | parse=0 | names=[免费节点10] 🇺🇸 US 2023 → tg@nicevpn123 | err=-
[DROP] name=[免费节点10] 🇺🇸 US 2023 → tg@nicevpn123 {889} | server=104.19.44.156:80 | reason=mihomo start failed
[TEST] {891} tested=1/1 | kept=0 | rest=0
[DEBUG] mihomo isolate | branch={891} | size=1 | parse=0 | names=[免费节点10] 🇺🇸 US 2025 → tg@nicevpn123 | err=-
[DEBUG] mihomo drop | branch={891} | size=1 | parse=0 | names=[免费节点10] 🇺🇸 US 2025 → tg@nicevpn123 | err=-
[DROP] name=[免费节点10] 🇺🇸 US 2025 → tg@nicevpn123 {891} | server=104.19.44.40:80 | reason=mihomo start failed
[TEST] {892} tested=1/1 | kept=0 | rest=0
[DEBUG] mihomo isolate | branch={892} | size=1 | parse=0 | names=[免费节点10] 🇺🇸 US 2026 → tg@nicevpn123 | err=-
[DEBUG] mihomo drop | branch={892} | size=1 | parse=0 | names=[免费节点10] 🇺🇸 US 2026 → tg@nicevpn123 | err=-
[DROP] name=[免费节点10] 🇺🇸 US 2026 → tg@nicevpn123 {892} | server=104.19.44.237:80 | reason=mihomo start failed
[TEST] {884} tested=1/1 | kept=0 | rest=0
[DEBUG] mihomo isolate | branch={884} | size=1 | parse=0 | names=[免费节点10] 🇺🇸 US 612 → tg@nicevpn123 | err=-
[DEBUG] mihomo drop | branch={884} | size=1 | parse=0 | names=[免费节点10] 🇺🇸 US 612 → tg@nicevpn123 | err=-
[DROP] name=[免费节点10] 🇺🇸 US 612 → tg@nicevpn123 {884} | server=38.110.1.202:8008 | reason=mihomo start failed
[TEST] {893} tested=1/1 | kept=0 | rest=0
[DEBUG] mihomo isolate | branch={893} | size=1 | parse=0 | names=[免费节点10] 🇺🇸 US 2027 → tg@nicevpn123 | err=-
[DEBUG] mihomo drop | branch={893} | size=1 | parse=0 | names=[免费节点10] 🇺🇸 US 2027 → tg@nicevpn123 | err=-
[DROP] name=[免费节点10] 🇺🇸 US 2027 → tg@nicevpn123 {893} | server=104.19.44.205:80 | reason=mihomo start failed
[TEST] {895} tested=1/1 | kept=0 | rest=0
[DEBUG] mihomo isolate | branch={895} | size=1 | parse=0 | names=[免费节点10] 🇺🇸 US 2029 → tg@nicevpn123 | err=-
[DEBUG] mihomo drop | branch={895} | size=1 | parse=0 | names=[免费节点10] 🇺🇸 US 2029 → tg@nicevpn123 | err=-
[DROP] name=[免费节点10] 🇺🇸 US 2029 → tg@nicevpn123 {895} | server=104.19.45.45:80 | reason=mihomo start failed
[TEST] {896} tested=1/1 | kept=0 | rest=0
[DEBUG] mihomo isolate | branch={896} | size=1 | parse=0 | names=[免费节点10] 🇺🇸 US 2030 → tg@nicevpn123 | err=-
[DEBUG] mihomo drop | branch={896} | size=1 | parse=0 | names=[免费节点10] 🇺🇸 US 2030 → tg@nicevpn123 | err=-
[DROP] name=[免费节点10] 🇺🇸 US 2030 → tg@nicevpn123 {896} | server=104.19.44.129:80 | reason=mihomo start failed
[TEST] {894} tested=1/1 | kept=0 | rest=0
[DEBUG] mihomo isolate | branch={894} | size=1 | parse=0 | names=[免费节点10] 🇺🇸 US 2028 → tg@nicevpn123 | err=-
[DEBUG] mihomo drop | branch={894} | size=1 | parse=0 | names=[免费节点10] 🇺🇸 US 2028 → tg@nicevpn123 | err=-
[DROP] name=[免费节点10] 🇺🇸 US 2028 → tg@nicevpn123 {894} | server=104.19.44.18:80 | reason=mihomo start failed
[TEST] {898} tested=1/1 | kept=0 | rest=0
[DEBUG] mihomo isolate | branch={898} | size=1 | parse=0 | names=[免费节点10] 🇺🇸 US 204 → tg@nicevpn123 | err=-
[DEBUG] mihomo drop | branch={898} | size=1 | parse=0 | names=[免费节点10] 🇺🇸 US 204 → tg@nicevpn123 | err=-
[DROP] name=[免费节点10] 🇺🇸 US 204 → tg@nicevpn123 {898} | server=104.19.45.7:2095 | reason=mihomo start failed
[TEST] {899} tested=1/1 | kept=0 | rest=0
[DEBUG] mihomo isolate | branch={899} | size=1 | parse=0 | names=[免费节点10] 🇺🇸 US 2040 → tg@nicevpn123 | err=-
[DEBUG] mihomo drop | branch={899} | size=1 | parse=0 | names=[免费节点10] 🇺🇸 US 2040 → tg@nicevpn123 | err=-
[DROP] name=[免费节点10] 🇺🇸 US 2040 → tg@nicevpn123 {899} | server=104.19.45.0:80 | reason=mihomo start failed
[TEST] {897} tested=1/1 | kept=0 | rest=0
[DEBUG] mihomo isolate | branch={897} | size=1 | parse=0 | names=[免费节点10] 🇺🇸 US 2039 → tg@nicevpn123 | err=-
[DEBUG] mihomo drop | branch={897} | size=1 | parse=0 | names=[免费节点10] 🇺🇸 US 2039 → tg@nicevpn123 | err=-
[DROP] name=[免费节点10] 🇺🇸 US 2039 → tg@nicevpn123 {897} | server=104.19.45.67:80 | reason=mihomo start failed
[TEST] {883} tested=1/1 | kept=0 | rest=0
[DEBUG] mihomo isolate | branch={883} | size=1 | parse=0 | names=[免费节点10] 🇺🇸 US 611 → tg@nicevpn123 | err=-
[DEBUG] mihomo drop | branch={883} | size=1 | parse=0 | names=[免费节点10] 🇺🇸 US 611 → tg@nicevpn123 | err=-
[DROP] name=[免费节点10] 🇺🇸 US 611 → tg@nicevpn123 {883} | server=38.75.137.93:3389 | reason=mihomo start failed
[TEST] {904} tested=1/1 | kept=0 | rest=0
[DEBUG] mihomo isolate | branch={904} | size=1 | parse=0 | names=[免费节点10] 🇺🇸 US 209 → tg@nicevpn123 | err=-
[DEBUG] mihomo drop | branch={904} | size=1 | parse=0 | names=[免费节点10] 🇺🇸 US 209 → tg@nicevpn123 | err=-
[DROP] name=[免费节点10] 🇺🇸 US 209 → tg@nicevpn123 {904} | server=uk-full.privateip.net:443 | reason=mihomo start failed
[TEST] {887} tested=1/1 | kept=0 | rest=0
[DEBUG] mihomo isolate | branch={887} | size=1 | parse=0 | names=[免费节点10] 🇺🇸 US 616 → tg@nicevpn123 | err=-
[DEBUG] mihomo drop | branch={887} | size=1 | parse=0 | names=[免费节点10] 🇺🇸 US 616 → tg@nicevpn123 | err=-
[DROP] name=[免费节点10] 🇺🇸 US 616 → tg@nicevpn123 {887} | server=38.110.1.107:3306 | reason=mihomo start failed
[TEST] {902} tested=1/1 | kept=0 | rest=0
[DEBUG] mihomo isolate | branch={902} | size=1 | parse=0 | names=[免费节点10] 🇺🇸 US 207 → tg@nicevpn123 | err=-
[DEBUG] mihomo drop | branch={902} | size=1 | parse=0 | names=[免费节点10] 🇺🇸 US 207 → tg@nicevpn123 | err=-
[DROP] name=[免费节点10] 🇺🇸 US 207 → tg@nicevpn123 {902} | server=debbc.qkhbyf.tech:443 | reason=mihomo start failed
[TEST] {903} tested=1/1 | kept=0 | rest=0
[TEST] {905} tested=1/1 | kept=0 | rest=0
[DEBUG] mihomo isolate | branch={905} | size=1 | parse=0 | names=[免费节点10] 🇺🇸 US 211 → tg@nicevpn123 | err=-
[DEBUG] mihomo drop | branch={905} | size=1 | parse=0 | names=[免费节点10] 🇺🇸 US 211 → tg@nicevpn123 | err=-
[DROP] name=[免费节点10] 🇺🇸 US 211 → tg@nicevpn123 {905} | server=104.19.48.168:2082 | reason=mihomo start failed
[DEBUG] mihomo isolate | branch={903} | size=1 | parse=0 | names=[免费节点10] 🇺🇸 US 208 → tg@nicevpn123 | err=-
[DEBUG] mihomo drop | branch={903} | size=1 | parse=0 | names=[免费节点10] 🇺🇸 US 208 → tg@nicevpn123 | err=-
[DROP] name=[免费节点10] 🇺🇸 US 208 → tg@nicevpn123 {903} | server=series-a2-me.varzesh360.co:443 | reason=mihomo start failed
[TEST] {906} tested=1/1 | kept=0 | rest=0
[DEBUG] mihomo isolate | branch={906} | size=1 | parse=0 | names=[免费节点10] 🇺🇸 US 232 → tg@nicevpn123 | err=-
[DEBUG] mihomo drop | branch={906} | size=1 | parse=0 | names=[免费节点10] 🇺🇸 US 232 → tg@nicevpn123 | err=-
[DROP] name=[免费节点10] 🇺🇸 US 232 → tg@nicevpn123 {906} | server=104.19.45.14:2095 | reason=mihomo start failed
[TEST] {907} tested=1/1 | kept=0 | rest=0
[DEBUG] mihomo isolate | branch={907} | size=1 | parse=0 | names=[免费节点10] 🇺🇸 US 233 → tg@nicevpn123 | err=-
[DEBUG] mihomo drop | branch={907} | size=1 | parse=0 | names=[免费节点10] 🇺🇸 US 233 → tg@nicevpn123 | err=-
[DROP] name=[免费节点10] 🇺🇸 US 233 → tg@nicevpn123 {907} | server=104.19.45.201:2095 | reason=mihomo start failed
[TEST] {910} tested=1/1 | kept=0 | rest=0
[TEST] {908} tested=1/1 | kept=0 | rest=0
[DEBUG] mihomo isolate | branch={910} | size=1 | parse=0 | names=[免费节点10] 🇺🇸 US 236 → tg@nicevpn123 | err=-
[DEBUG] mihomo drop | branch={910} | size=1 | parse=0 | names=[免费节点10] 🇺🇸 US 236 → tg@nicevpn123 | err=-
[DROP] name=[免费节点10] 🇺🇸 US 236 → tg@nicevpn123 {910} | server=speed.cloudflare.com:80 | reason=mihomo start failed
[DEBUG] mihomo isolate | branch={908} | size=1 | parse=0 | names=[免费节点10] 🇺🇸 US 234 → tg@nicevpn123 | err=-
[DEBUG] mihomo drop | branch={908} | size=1 | parse=0 | names=[免费节点10] 🇺🇸 US 234 → tg@nicevpn123 | err=-
[DROP] name=[免费节点10] 🇺🇸 US 234 → tg@nicevpn123 {908} | server=104.17.147.11:443 | reason=mihomo start failed
[TEST] {909} tested=1/1 | kept=0 | rest=0
[DEBUG] mihomo isolate | branch={909} | size=1 | parse=0 | names=[免费节点10] 🇺🇸 US 235 → tg@nicevpn123 | err=-
[DEBUG] mihomo drop | branch={909} | size=1 | parse=0 | names=[免费节点10] 🇺🇸 US 235 → tg@nicevpn123 | err=-
[DROP] name=[免费节点10] 🇺🇸 US 235 → tg@nicevpn123 {909} | server=104.16.43.245:2082 | reason=mihomo start failed
[TEST] {913} tested=1/1 | kept=0 | rest=0
[DEBUG] mihomo isolate | branch={913} | size=1 | parse=0 | names=[免费节点10] 🇺🇸 US 228 → tg@nicevpn123 | err=-
[DEBUG] mihomo drop | branch={913} | size=1 | parse=0 | names=[免费节点10] 🇺🇸 US 228 → tg@nicevpn123 | err=-
[DROP] name=[免费节点10] 🇺🇸 US 228 → tg@nicevpn123 {913} | server=104.16.42.0:2082 | reason=mihomo start failed
[TEST] {911} tested=1/1 | kept=0 | rest=0
[DEBUG] mihomo isolate | branch={911} | size=1 | parse=0 | names=[免费节点10] 🇺🇸 US 223 → tg@nicevpn123 | err=-
[DEBUG] mihomo drop | branch={911} | size=1 | parse=0 | names=[免费节点10] 🇺🇸 US 223 → tg@nicevpn123 | err=-
[DROP] name=[免费节点10] 🇺🇸 US 223 → tg@nicevpn123 {911} | server=104.19.45.59:2095 | reason=mihomo start failed
[TEST] {914} tested=1/1 | kept=0 | rest=0
[DEBUG] mihomo isolate | branch={914} | size=1 | parse=0 | names=[免费节点10] 🇺🇸 US 23 → tg@nicevpn123 | err=-
[DEBUG] mihomo drop | branch={914} | size=1 | parse=0 | names=[免费节点10] 🇺🇸 US 23 → tg@nicevpn123 | err=-
[DROP] name=[免费节点10] 🇺🇸 US 23 → tg@nicevpn123 {914} | server=104.19.42.72:2082 | reason=mihomo start failed
[TEST] {900} tested=1/1 | kept=0 | rest=0
[DEBUG] mihomo isolate | branch={900} | size=1 | parse=0 | names=[免费节点10] 🇺🇸 US 205 → tg@nicevpn123 | err=-
[DEBUG] mihomo drop | branch={900} | size=1 | parse=0 | names=[免费节点10] 🇺🇸 US 205 → tg@nicevpn123 | err=-
[DROP] name=[免费节点10] 🇺🇸 US 205 → tg@nicevpn123 {900} | server=168.235.82.103:16123 | reason=mihomo start failed
[TEST] {918} tested=1/1 | kept=0 | rest=0
[DEBUG] mihomo isolate | branch={918} | size=1 | parse=0 | names=[免费节点10] 🇺🇸 US 257 → tg@nicevpn123 | err=-
[DEBUG] mihomo drop | branch={918} | size=1 | parse=0 | names=[免费节点10] 🇺🇸 US 257 → tg@nicevpn123 | err=-
[DROP] name=[免费节点10] 🇺🇸 US 257 → tg@nicevpn123 {918} | server=104.19.45.223:2095 | reason=mihomo start failed
[TEST] {901} tested=1/1 | kept=0 | rest=0
[DEBUG] mihomo isolate | branch={901} | size=1 | parse=0 | names=[免费节点10] 🇺🇸 US 206 → tg@nicevpn123 | err=-
[DEBUG] mihomo drop | branch={901} | size=1 | parse=0 | names=[免费节点10] 🇺🇸 US 206 → tg@nicevpn123 | err=-
[DROP] name=[免费节点10] 🇺🇸 US 206 → tg@nicevpn123 {901} | server=107.172.87.131:48959 | reason=mihomo start failed
[TEST] {917} tested=1/1 | kept=0 | rest=0
[DEBUG] mihomo isolate | branch={917} | size=1 | parse=0 | names=[免费节点10] 🇺🇸 US 256 → tg@nicevpn123 | err=-
[DEBUG] mihomo drop | branch={917} | size=1 | parse=0 | names=[免费节点10] 🇺🇸 US 256 → tg@nicevpn123 | err=-
[DROP] name=[免费节点10] 🇺🇸 US 256 → tg@nicevpn123 {917} | server=104.19.45.249:2095 | reason=mihomo start failed
[TEST] {912} tested=1/1 | kept=0 | rest=0
[DEBUG] mihomo isolate | branch={912} | size=1 | parse=0 | names=[免费节点10] 🇺🇸 US 227 → tg@nicevpn123 | err=-
[DEBUG] mihomo drop | branch={912} | size=1 | parse=0 | names=[免费节点10] 🇺🇸 US 227 → tg@nicevpn123 | err=-
[DROP] name=[免费节点10] 🇺🇸 US 227 → tg@nicevpn123 {912} | server=38.173.210.79:37001 | reason=mihomo start failed
[TEST] {634} tested=1/1 | kept=0 | rest=0
[DEBUG] mihomo isolate | branch={634} | size=1 | parse=0 | names=[免费节点10] 🇺🇸 US 240 → tg@nicevpn123 | err=-
[DEBUG] mihomo drop | branch={634} | size=1 | parse=0 | names=[免费节点10] 🇺🇸 US 240 → tg@nicevpn123 | err=-
[DROP] name=[免费节点10] 🇺🇸 US 240 → tg@nicevpn123 {634} | server=38.75.136.33:5001 | reason=mihomo start failed
[TEST] {921} tested=1/1 | kept=0 | rest=0
[TEST] {920} tested=1/1 | kept=0 | rest=0
[DEBUG] mihomo isolate | branch={920} | size=1 | parse=0 | names=[免费节点10] 🇺🇸 US 247 → tg@nicevpn123 | err=-
[DEBUG] mihomo drop | branch={920} | size=1 | parse=0 | names=[免费节点10] 🇺🇸 US 247 → tg@nicevpn123 | err=-
[DROP] name=[免费节点10] 🇺🇸 US 247 → tg@nicevpn123 {920} | server=qin17.rong1104.uk:2053 | reason=mihomo start failed
[DEBUG] mihomo isolate | branch={921} | size=1 | parse=0 | names=[免费节点10] 🇺🇸 US 250 → tg@nicevpn123 | err=-
[DEBUG] mihomo drop | branch={921} | size=1 | parse=0 | names=[免费节点10] 🇺🇸 US 250 → tg@nicevpn123 | err=-
[DROP] name=[免费节点10] 🇺🇸 US 250 → tg@nicevpn123 {921} | server=104.21.225.208:80 | reason=mihomo start failed
[TEST] {915} tested=1/1 | kept=0 | rest=0
[DEBUG] mihomo isolate | branch={915} | size=1 | parse=0 | names=[免费节点10] 🇺🇸 US 254 → tg@nicevpn123 | err=-
[DEBUG] mihomo drop | branch={915} | size=1 | parse=0 | names=[免费节点10] 🇺🇸 US 254 → tg@nicevpn123 | err=-
[DROP] name=[免费节点10] 🇺🇸 US 254 → tg@nicevpn123 {915} | server=154.62.185.162:35816 | reason=mihomo start failed
[TEST] {924} tested=1/1 | kept=0 | rest=0
[DEBUG] mihomo isolate | branch={924} | size=1 | parse=0 | names=[免费节点10] 🇺🇸 US 266 → tg@nicevpn123 | err=-
[DEBUG] mihomo drop | branch={924} | size=1 | parse=0 | names=[免费节点10] 🇺🇸 US 266 → tg@nicevpn123 | err=-
[DROP] name=[免费节点10] 🇺🇸 US 266 → tg@nicevpn123 {924} | server=104.19.45.184:2095 | reason=mihomo start failed
[TEST] {919} tested=1/1 | kept=0 | rest=0
[DEBUG] mihomo isolate | branch={919} | size=1 | parse=0 | names=[免费节点10] 🇺🇸 US 258 → tg@nicevpn123 | err=-
[DEBUG] mihomo drop | branch={919} | size=1 | parse=0 | names=[免费节点10] 🇺🇸 US 258 → tg@nicevpn123 | err=-
[DROP] name=[免费节点10] 🇺🇸 US 258 → tg@nicevpn123 {919} | server=158.101.217.208:12384 | reason=mihomo start failed
[TEST] {925} tested=1/1 | kept=0 | rest=0
[DEBUG] mihomo isolate | branch={925} | size=1 | parse=0 | names=[免费节点10] 🇺🇸 US 268 → tg@nicevpn123 | err=-
[DEBUG] mihomo drop | branch={925} | size=1 | parse=0 | names=[免费节点10] 🇺🇸 US 268 → tg@nicevpn123 | err=-
[DROP] name=[免费节点10] 🇺🇸 US 268 → tg@nicevpn123 {925} | server=104.17.147.6:443 | reason=mihomo start failed
[TEST] {927} tested=1/1 | kept=0 | rest=0
[DEBUG] mihomo isolate | branch={927} | size=1 | parse=0 | names=[免费节点10] 🇺🇸 US 27 → tg@nicevpn123 | err=-
[DEBUG] mihomo drop | branch={927} | size=1 | parse=0 | names=[免费节点10] 🇺🇸 US 27 → tg@nicevpn123 | err=-
[DROP] name=[免费节点10] 🇺🇸 US 27 → tg@nicevpn123 {927} | server=104.19.45.124:2095 | reason=mihomo start failed
[TEST] {922} tested=1/1 | kept=0 | rest=0
[TEST] {923} tested=1/1 | kept=0 | rest=0
[DEBUG] mihomo isolate | branch={922} | size=1 | parse=0 | names=[免费节点10] 🇺🇸 US 251 → tg@nicevpn123 | err=-
[DEBUG] mihomo drop | branch={922} | size=1 | parse=0 | names=[免费节点10] 🇺🇸 US 251 → tg@nicevpn123 | err=-
[DROP] name=[免费节点10] 🇺🇸 US 251 → tg@nicevpn123 {922} | server=ip0axv1bbsu02k7-us.1ytnode.com:56359 | reason=mihomo start failed
[DEBUG] mihomo isolate | branch={923} | size=1 | parse=0 | names=[免费节点10] 🇺🇸 US 253 → tg@nicevpn123 | err=-
[DEBUG] mihomo drop | branch={923} | size=1 | parse=0 | names=[免费节点10] 🇺🇸 US 253 → tg@nicevpn123 | err=-
[DROP] name=[免费节点10] 🇺🇸 US 253 → tg@nicevpn123 {923} | server=38.75.137.93:6679 | reason=mihomo start failed
[TEST] {929} tested=1/1 | kept=0 | rest=0
[DEBUG] mihomo isolate | branch={929} | size=1 | parse=0 | names=[免费节点10] 🇺🇸 US 271 → tg@nicevpn123 | err=-
[DEBUG] mihomo drop | branch={929} | size=1 | parse=0 | names=[免费节点10] 🇺🇸 US 271 → tg@nicevpn123 | err=-
[DROP] name=[免费节点10] 🇺🇸 US 271 → tg@nicevpn123 {929} | server=104.19.45.137:2095 | reason=mihomo start failed
[TEST] {930} tested=1/1 | kept=0 | rest=0
[DEBUG] mihomo isolate | branch={930} | size=1 | parse=0 | names=[免费节点10] 🇺🇸 US 272 → tg@nicevpn123 | err=-
[DEBUG] mihomo drop | branch={930} | size=1 | parse=0 | names=[免费节点10] 🇺🇸 US 272 → tg@nicevpn123 | err=-
[DROP] name=[免费节点10] 🇺🇸 US 272 → tg@nicevpn123 {930} | server=qin19.rong1104.uk:2053 | reason=mihomo start failed
[TEST] {932} tested=1/1 | kept=0 | rest=0
[DEBUG] mihomo isolate | branch={932} | size=1 | parse=0 | names=[免费节点10] 🇺🇸 US 274 → tg@nicevpn123 | err=-
[DEBUG] mihomo drop | branch={932} | size=1 | parse=0 | names=[免费节点10] 🇺🇸 US 274 → tg@nicevpn123 | err=-
[DROP] name=[免费节点10] 🇺🇸 US 274 → tg@nicevpn123 {932} | server=104.19.45.213:2095 | reason=mihomo start failed
[TEST] {926} tested=1/1 | kept=0 | rest=0
[DEBUG] mihomo isolate | branch={926} | size=1 | parse=0 | names=[免费节点10] 🇺🇸 US 269 → tg@nicevpn123 | err=-
[DEBUG] mihomo drop | branch={926} | size=1 | parse=0 | names=[免费节点10] 🇺🇸 US 269 → tg@nicevpn123 | err=-
[DROP] name=[免费节点10] 🇺🇸 US 269 → tg@nicevpn123 {926} | server=172.105.150.181:28953 | reason=mihomo start failed
[TEST] {928} tested=1/1 | kept=0 | rest=0
[DEBUG] mihomo isolate | branch={928} | size=1 | parse=0 | names=[免费节点10] 🇺🇸 US 270 → tg@nicevpn123 | err=-
[DEBUG] mihomo drop | branch={928} | size=1 | parse=0 | names=[免费节点10] 🇺🇸 US 270 → tg@nicevpn123 | err=-
[DROP] name=[免费节点10] 🇺🇸 US 270 → tg@nicevpn123 {928} | server=38.86.135.225:6697 | reason=mihomo start failed
[TEST] {934} tested=1/1 | kept=0 | rest=0
[DEBUG] mihomo isolate | branch={934} | size=1 | parse=0 | names=[免费节点10] 🇺🇸 US 309 → tg@nicevpn123 | err=-
[DEBUG] mihomo drop | branch={934} | size=1 | parse=0 | names=[免费节点10] 🇺🇸 US 309 → tg@nicevpn123 | err=-
[DROP] name=[免费节点10] 🇺🇸 US 309 → tg@nicevpn123 {934} | server=ip0axv1bbsu02k7-jp.1ytnode.com:56344 | reason=mihomo start failed
[TEST] {931} tested=1/1 | kept=0 | rest=0
[DEBUG] mihomo isolate | branch={931} | size=1 | parse=0 | names=[免费节点10] 🇺🇸 US 273 → tg@nicevpn123 | err=-
[DEBUG] mihomo drop | branch={931} | size=1 | parse=0 | names=[免费节点10] 🇺🇸 US 273 → tg@nicevpn123 | err=-
[DROP] name=[免费节点10] 🇺🇸 US 273 → tg@nicevpn123 {931} | server=45.63.87.228:57337 | reason=mihomo start failed
[TEST] {937} tested=1/1 | kept=0 | rest=0
[DEBUG] mihomo isolate | branch={937} | size=1 | parse=0 | names=[免费节点10] 🇺🇸 US 313 → tg@nicevpn123 | err=-
[DEBUG] mihomo drop | branch={937} | size=1 | parse=0 | names=[免费节点10] 🇺🇸 US 313 → tg@nicevpn123 | err=-
[DROP] name=[免费节点10] 🇺🇸 US 313 → tg@nicevpn123 {937} | server=104.21.25.98:80 | reason=mihomo start failed
[TEST] {933} tested=1/1 | kept=0 | rest=0
[DEBUG] mihomo isolate | branch={933} | size=1 | parse=0 | names=[免费节点10] 🇺🇸 US 307 → tg@nicevpn123 | err=-
[DEBUG] mihomo drop | branch={933} | size=1 | parse=0 | names=[免费节点10] 🇺🇸 US 307 → tg@nicevpn123 | err=-
[DROP] name=[免费节点10] 🇺🇸 US 307 → tg@nicevpn123 {933} | server=47.243.28.9:26927 | reason=mihomo start failed
[TEST] {935} tested=1/1 | kept=0 | rest=0
[DEBUG] mihomo isolate | branch={935} | size=1 | parse=0 | names=[免费节点10] 🇺🇸 US 31 → tg@nicevpn123 | err=-
[DEBUG] mihomo drop | branch={935} | size=1 | parse=0 | names=[免费节点10] 🇺🇸 US 31 → tg@nicevpn123 | err=-
[DROP] name=[免费节点10] 🇺🇸 US 31 → tg@nicevpn123 {935} | server=107.148.5.167:443 | reason=mihomo start failed
[TEST] {936} tested=1/1 | kept=0 | rest=0
[DEBUG] mihomo isolate | branch={936} | size=1 | parse=0 | names=[免费节点10] 🇺🇸 US 311 → tg@nicevpn123 | err=-
[DEBUG] mihomo drop | branch={936} | size=1 | parse=0 | names=[免费节点10] 🇺🇸 US 311 → tg@nicevpn123 | err=-
[DROP] name=[免费节点10] 🇺🇸 US 311 → tg@nicevpn123 {936} | server=129.151.227.223:30502 | reason=mihomo start failed
[TEST] {941} tested=1/1 | kept=0 | rest=0
[DEBUG] mihomo isolate | branch={941} | size=1 | parse=0 | names=[免费节点10] 🇺🇸 US 318 → tg@nicevpn123 | err=-
[DEBUG] mihomo drop | branch={941} | size=1 | parse=0 | names=[免费节点10] 🇺🇸 US 318 → tg@nicevpn123 | err=-
[DROP] name=[免费节点10] 🇺🇸 US 318 → tg@nicevpn123 {941} | server=104.19.42.178:2082 | reason=mihomo start failed
[TEST] {938} tested=1/1 | kept=0 | rest=0
[DEBUG] mihomo isolate | branch={938} | size=1 | parse=0 | names=[免费节点10] 🇺🇸 US 314 → tg@nicevpn123 | err=-
[DEBUG] mihomo drop | branch={938} | size=1 | parse=0 | names=[免费节点10] 🇺🇸 US 314 → tg@nicevpn123 | err=-
[DROP] name=[免费节点10] 🇺🇸 US 314 → tg@nicevpn123 {938} | server=3.38.162.154:443 | reason=mihomo start failed
[TEST] {939} tested=1/1 | kept=0 | rest=0
[DEBUG] mihomo isolate | branch={939} | size=1 | parse=0 | names=[免费节点10] 🇺🇸 US 315 → tg@nicevpn123 | err=-
[DEBUG] mihomo drop | branch={939} | size=1 | parse=0 | names=[免费节点10] 🇺🇸 US 315 → tg@nicevpn123 | err=-
[DROP] name=[免费节点10] 🇺🇸 US 315 → tg@nicevpn123 {939} | server=171.22.78.141:443 | reason=mihomo start failed
[TEST] {942} tested=1/1 | kept=0 | rest=0
[DEBUG] mihomo isolate | branch={942} | size=1 | parse=0 | names=[免费节点10] 🇺🇸 US 291 → tg@nicevpn123 | err=-
[DEBUG] mihomo drop | branch={942} | size=1 | parse=0 | names=[免费节点10] 🇺🇸 US 291 → tg@nicevpn123 | err=-
[DROP] name=[免费节点10] 🇺🇸 US 291 → tg@nicevpn123 {942} | server=104.16.43.244:2082 | reason=mihomo start failed
[TEST] {944} tested=1/1 | kept=0 | rest=0
[DEBUG] mihomo isolate | branch={944} | size=1 | parse=0 | names=[免费节点10] 🇺🇸 US 296 → tg@nicevpn123 | err=-
[DEBUG] mihomo drop | branch={944} | size=1 | parse=0 | names=[免费节点10] 🇺🇸 US 296 → tg@nicevpn123 | err=-
[DROP] name=[免费节点10] 🇺🇸 US 296 → tg@nicevpn123 {944} | server=104.18.203.232:2083 | reason=mihomo start failed
[TEST] {945} tested=1/1 | kept=0 | rest=0
[DEBUG] mihomo isolate | branch={945} | size=1 | parse=0 | names=[免费节点10] 🇺🇸 US 297 → tg@nicevpn123 | err=-
[DEBUG] mihomo drop | branch={945} | size=1 | parse=0 | names=[免费节点10] 🇺🇸 US 297 → tg@nicevpn123 | err=-
[DROP] name=[免费节点10] 🇺🇸 US 297 → tg@nicevpn123 {945} | server=104.19.45.230:2095 | reason=mihomo start failed
[TEST] {943} tested=1/1 | kept=0 | rest=0
[DEBUG] mihomo isolate | branch={943} | size=1 | parse=0 | names=[免费节点10] 🇺🇸 US 293 → tg@nicevpn123 | err=-
[DEBUG] mihomo drop | branch={943} | size=1 | parse=0 | names=[免费节点10] 🇺🇸 US 293 → tg@nicevpn123 | err=-
[DROP] name=[免费节点10] 🇺🇸 US 293 → tg@nicevpn123 {943} | server=104.19.43.217:80 | reason=mihomo start failed
[TEST] {946} tested=1/1 | kept=0 | rest=0
[DEBUG] mihomo isolate | branch={946} | size=1 | parse=0 | names=[免费节点10] 🇺🇸 US 299 → tg@nicevpn123 | err=-
[DEBUG] mihomo drop | branch={946} | size=1 | parse=0 | names=[免费节点10] 🇺🇸 US 299 → tg@nicevpn123 | err=-
[DROP] name=[免费节点10] 🇺🇸 US 299 → tg@nicevpn123 {946} | server=104.19.49.226:443 | reason=mihomo start failed
[TEST] {947} tested=1/1 | kept=0 | rest=0
[TEST] {948} tested=1/1 | kept=0 | rest=0
[DEBUG] mihomo isolate | branch={947} | size=1 | parse=0 | names=[免费节点10] 🇺🇸 US 283 → tg@nicevpn123 | err=-
[DEBUG] mihomo drop | branch={947} | size=1 | parse=0 | names=[免费节点10] 🇺🇸 US 283 → tg@nicevpn123 | err=-
[DROP] name=[免费节点10] 🇺🇸 US 283 → tg@nicevpn123 {947} | server=104.17.17.103:8080 | reason=mihomo start failed
[DEBUG] mihomo isolate | branch={948} | size=1 | parse=0 | names=[免费节点10] 🇺🇸 US 284 → tg@nicevpn123 | err=-
[DEBUG] mihomo drop | branch={948} | size=1 | parse=0 | names=[免费节点10] 🇺🇸 US 284 → tg@nicevpn123 | err=-
[DROP] name=[免费节点10] 🇺🇸 US 284 → tg@nicevpn123 {948} | server=104.17.207.13:8443 | reason=mihomo start failed
[TEST] {952} tested=1/1 | kept=0 | rest=0
[DEBUG] mihomo isolate | branch={952} | size=1 | parse=0 | names=[免费节点10] 🇺🇸 US 350 → tg@nicevpn123 | err=-
[DEBUG] mihomo drop | branch={952} | size=1 | parse=0 | names=[免费节点10] 🇺🇸 US 350 → tg@nicevpn123 | err=-
[DROP] name=[免费节点10] 🇺🇸 US 350 → tg@nicevpn123 {952} | server=172.67.172.219:8080 | reason=mihomo start failed
[TEST] {950} tested=1/1 | kept=0 | rest=0
[DEBUG] mihomo isolate | branch={950} | size=1 | parse=0 | names=[免费节点10] 🇺🇸 US 29 → tg@nicevpn123 | err=-
[DEBUG] mihomo drop | branch={950} | size=1 | parse=0 | names=[免费节点10] 🇺🇸 US 29 → tg@nicevpn123 | err=-
[DROP] name=[免费节点10] 🇺🇸 US 29 → tg@nicevpn123 {950} | server=104.19.45.127:2095 | reason=mihomo start failed
[TEST] {951} tested=1/1 | kept=0 | rest=0
[DEBUG] mihomo isolate | branch={951} | size=1 | parse=0 | names=[免费节点10] 🇺🇸 US 35 → tg@nicevpn123 | err=-
[DEBUG] mihomo drop | branch={951} | size=1 | parse=0 | names=[免费节点10] 🇺🇸 US 35 → tg@nicevpn123 | err=-
[DROP] name=[免费节点10] 🇺🇸 US 35 → tg@nicevpn123 {951} | server=104.16.39.226:2082 | reason=mihomo start failed
[TEST] {940} tested=1/1 | kept=0 | rest=0
[DEBUG] mihomo isolate | branch={940} | size=1 | parse=0 | names=[免费节点10] 🇺🇸 US 317 → tg@nicevpn123 | err=-
[DEBUG] mihomo drop | branch={940} | size=1 | parse=0 | names=[免费节点10] 🇺🇸 US 317 → tg@nicevpn123 | err=-
[DROP] name=[免费节点10] 🇺🇸 US 317 → tg@nicevpn123 {940} | server=15.204.87.217:5499 | reason=mihomo start failed
[TEST] {956} tested=1/1 | kept=0 | rest=0
[DEBUG] mihomo isolate | branch={956} | size=1 | parse=0 | names=[免费节点10] 🇺🇸 US 355 → tg@nicevpn123 | err=-
[DEBUG] mihomo drop | branch={956} | size=1 | parse=0 | names=[免费节点10] 🇺🇸 US 355 → tg@nicevpn123 | err=-
[DROP] name=[免费节点10] 🇺🇸 US 355 → tg@nicevpn123 {956} | server=104.18.214.17:8080 | reason=mihomo start failed
[TEST] {949} tested=1/1 | kept=0 | rest=0
[DEBUG] mihomo isolate | branch={949} | size=1 | parse=0 | names=[免费节点10] 🇺🇸 US 285 → tg@nicevpn123 | err=-
[DEBUG] mihomo drop | branch={949} | size=1 | parse=0 | names=[免费节点10] 🇺🇸 US 285 → tg@nicevpn123 | err=-
[DROP] name=[免费节点10] 🇺🇸 US 285 → tg@nicevpn123 {949} | server=157.254.193.251:20220 | reason=mihomo start failed
[TEST] {955} tested=1/1 | kept=0 | rest=0
[DEBUG] mihomo isolate | branch={955} | size=1 | parse=0 | names=[免费节点10] 🇺🇸 US 354 → tg@nicevpn123 | err=-
[DEBUG] mihomo drop | branch={955} | size=1 | parse=0 | names=[免费节点10] 🇺🇸 US 354 → tg@nicevpn123 | err=-
[DROP] name=[免费节点10] 🇺🇸 US 354 → tg@nicevpn123 {955} | server=104.21.237.134:80 | reason=mihomo start failed
[TEST] {953} tested=1/1 | kept=0 | rest=0
[DEBUG] mihomo isolate | branch={953} | size=1 | parse=0 | names=[免费节点10] 🇺🇸 US 351 → tg@nicevpn123 | err=-
[DEBUG] mihomo drop | branch={953} | size=1 | parse=0 | names=[免费节点10] 🇺🇸 US 351 → tg@nicevpn123 | err=-
[DROP] name=[免费节点10] 🇺🇸 US 351 → tg@nicevpn123 {953} | server=shct.pkyun.xyz:39837 | reason=mihomo start failed
[TEST] {959} tested=1/1 | kept=0 | rest=0
[DEBUG] mihomo isolate | branch={959} | size=1 | parse=0 | names=[免费节点10] 🇺🇸 US 358 → tg@nicevpn123 | err=-
[DEBUG] mihomo drop | branch={959} | size=1 | parse=0 | names=[免费节点10] 🇺🇸 US 358 → tg@nicevpn123 | err=-
[DROP] name=[免费节点10] 🇺🇸 US 358 → tg@nicevpn123 {959} | server=104.21.225.59:80 | reason=mihomo start failed
[TEST] {954} tested=1/1 | kept=0 | rest=0
[DEBUG] mihomo isolate | branch={954} | size=1 | parse=0 | names=[免费节点10] 🇺🇸 US 352 → tg@nicevpn123 | err=-
[DEBUG] mihomo drop | branch={954} | size=1 | parse=0 | names=[免费节点10] 🇺🇸 US 352 → tg@nicevpn123 | err=-
[DROP] name=[免费节点10] 🇺🇸 US 352 → tg@nicevpn123 {954} | server=107.182.189.201:55187 | reason=mihomo start failed
[TEST] {957} tested=1/1 | kept=0 | rest=0
[DEBUG] mihomo isolate | branch={957} | size=1 | parse=0 | names=[免费节点10] 🇺🇸 US 356 → tg@nicevpn123 | err=-
[DEBUG] mihomo drop | branch={957} | size=1 | parse=0 | names=[免费节点10] 🇺🇸 US 356 → tg@nicevpn123 | err=-
[DROP] name=[免费节点10] 🇺🇸 US 356 → tg@nicevpn123 {957} | server=75.102.51.26:16899 | reason=mihomo start failed
[TEST] {960} tested=1/1 | kept=0 | rest=0
[DEBUG] mihomo isolate | branch={960} | size=1 | parse=0 | names=[免费节点10] 🇺🇸 US 394 → tg@nicevpn123 | err=-
[DEBUG] mihomo drop | branch={960} | size=1 | parse=0 | names=[免费节点10] 🇺🇸 US 394 → tg@nicevpn123 | err=-
[DROP] name=[免费节点10] 🇺🇸 US 394 → tg@nicevpn123 {960} | server=104.19.42.143:2082 | reason=mihomo start failed
[TEST] {964} tested=1/1 | kept=0 | rest=0
[DEBUG] mihomo isolate | branch={964} | size=1 | parse=0 | names=[免费节点10] 🇺🇸 US 4 → tg@nicevpn123 | err=-
[DEBUG] mihomo drop | branch={964} | size=1 | parse=0 | names=[免费节点10] 🇺🇸 US 4 → tg@nicevpn123 | err=-
[DROP] name=[免费节点10] 🇺🇸 US 4 → tg@nicevpn123 {964} | server=vt50k-g01.jp05-6786-vm0.entry.fr0307a.art:46482 | reason=mihomo start failed
[TEST] {963} tested=1/1 | kept=0 | rest=0
[DEBUG] mihomo isolate | branch={963} | size=1 | parse=0 | names=[免费节点10] 🇺🇸 US 398 → tg@nicevpn123 | err=-
[DEBUG] mihomo drop | branch={963} | size=1 | parse=0 | names=[免费节点10] 🇺🇸 US 398 → tg@nicevpn123 | err=-
[DROP] name=[免费节点10] 🇺🇸 US 398 → tg@nicevpn123 {963} | server=38.110.1.105:5003 | reason=mihomo start failed
[TEST] {958} tested=1/1 | kept=0 | rest=0
[DEBUG] mihomo isolate | branch={958} | size=1 | parse=0 | names=[免费节点10] 🇺🇸 US 357 → tg@nicevpn123 | err=-
[DEBUG] mihomo drop | branch={958} | size=1 | parse=0 | names=[免费节点10] 🇺🇸 US 357 → tg@nicevpn123 | err=-
[DROP] name=[免费节点10] 🇺🇸 US 357 → tg@nicevpn123 {958} | server=38.110.1.197:5003 | reason=mihomo start failed
[TEST] {961} tested=1/1 | kept=0 | rest=0
[TEST] {965} tested=1/1 | kept=0 | rest=0
[DEBUG] mihomo isolate | branch={961} | size=1 | parse=0 | names=[免费节点10] 🇺🇸 US 395 → tg@nicevpn123 | err=-
[DEBUG] mihomo drop | branch={961} | size=1 | parse=0 | names=[免费节点10] 🇺🇸 US 395 → tg@nicevpn123 | err=-
[DROP] name=[免费节点10] 🇺🇸 US 395 → tg@nicevpn123 {961} | server=ip0axv1bbsu02k7-my.1ytnode.com:56366 | reason=mihomo start failed
[DEBUG] mihomo isolate | branch={965} | size=1 | parse=0 | names=[免费节点10] 🇺🇸 US 390 → tg@nicevpn123 | err=-
[DEBUG] mihomo drop | branch={965} | size=1 | parse=0 | names=[免费节点10] 🇺🇸 US 390 → tg@nicevpn123 | err=-
[DROP] name=[免费节点10] 🇺🇸 US 390 → tg@nicevpn123 {965} | server=104.19.45.186:2095 | reason=mihomo start failed
[TEST] {962} tested=1/1 | kept=0 | rest=0
[DEBUG] mihomo isolate | branch={962} | size=1 | parse=0 | names=[免费节点10] 🇺🇸 US 397 → tg@nicevpn123 | err=-
[DEBUG] mihomo drop | branch={962} | size=1 | parse=0 | names=[免费节点10] 🇺🇸 US 397 → tg@nicevpn123 | err=-
[DROP] name=[免费节点10] 🇺🇸 US 397 → tg@nicevpn123 {962} | server=38.75.137.93:8119 | reason=mihomo start failed
[TEST] {968} tested=1/1 | kept=0 | rest=0
[DEBUG] mihomo isolate | branch={968} | size=1 | parse=0 | names=[免费节点10] 🇺🇸 US 393 → tg@nicevpn123 | err=-
[DEBUG] mihomo drop | branch={968} | size=1 | parse=0 | names=[免费节点10] 🇺🇸 US 393 → tg@nicevpn123 | err=-
[DROP] name=[免费节点10] 🇺🇸 US 393 → tg@nicevpn123 {968} | server=104.19.45.112:2095 | reason=mihomo start failed
[TEST] {969} tested=1/1 | kept=0 | rest=0
[DEBUG] mihomo isolate | branch={969} | size=1 | parse=0 | names=[免费节点10] 🇺🇸 US 369 → tg@nicevpn123 | err=-
[DEBUG] mihomo drop | branch={969} | size=1 | parse=0 | names=[免费节点10] 🇺🇸 US 369 → tg@nicevpn123 | err=-
[DROP] name=[免费节点10] 🇺🇸 US 369 → tg@nicevpn123 {969} | server=104.16.40.23:2082 | reason=mihomo start failed
[TEST] {971} tested=1/1 | kept=0 | rest=0
[DEBUG] mihomo isolate | branch={971} | size=1 | parse=0 | names=[免费节点10] 🇺🇸 US 374 → tg@nicevpn123 | err=-
[DEBUG] mihomo drop | branch={971} | size=1 | parse=0 | names=[免费节点10] 🇺🇸 US 374 → tg@nicevpn123 | err=-
[DROP] name=[免费节点10] 🇺🇸 US 374 → tg@nicevpn123 {971} | server=38.60.204.119:56836 | reason=mihomo start failed
[TEST] {970} tested=1/1 | kept=0 | rest=0
[DEBUG] mihomo isolate | branch={970} | size=1 | parse=0 | names=[免费节点10] 🇺🇸 US 372 → tg@nicevpn123 | err=-
[DEBUG] mihomo drop | branch={970} | size=1 | parse=0 | names=[免费节点10] 🇺🇸 US 372 → tg@nicevpn123 | err=-
[DROP] name=[免费节点10] 🇺🇸 US 372 → tg@nicevpn123 {970} | server=lt2-vmess.sshmax.xyz:80 | reason=mihomo start failed
[TEST] {973} tested=1/1 | kept=0 | rest=0
[DEBUG] mihomo isolate | branch={973} | size=1 | parse=0 | names=[免费节点10] 🇺🇸 US 429 → tg@nicevpn123 | err=-
[DEBUG] mihomo drop | branch={973} | size=1 | parse=0 | names=[免费节点10] 🇺🇸 US 429 → tg@nicevpn123 | err=-
[DROP] name=[免费节点10] 🇺🇸 US 429 → tg@nicevpn123 {973} | server=172.67.175.56:443 | reason=mihomo start failed
[TEST] {975} tested=1/1 | kept=0 | rest=0
[DEBUG] mihomo isolate | branch={975} | size=1 | parse=0 | names=[免费节点10] 🇺🇸 US 431 → tg@nicevpn123 | err=-
[DEBUG] mihomo drop | branch={975} | size=1 | parse=0 | names=[免费节点10] 🇺🇸 US 431 → tg@nicevpn123 | err=-
[DROP] name=[免费节点10] 🇺🇸 US 431 → tg@nicevpn123 {975} | server=104.19.44.196:8080 | reason=mihomo start failed
[TEST] {972} tested=1/1 | kept=0 | rest=0
[DEBUG] mihomo isolate | branch={972} | size=1 | parse=0 | names=[免费节点10] 🇺🇸 US 375 → tg@nicevpn123 | err=-
[DEBUG] mihomo drop | branch={972} | size=1 | parse=0 | names=[免费节点10] 🇺🇸 US 375 → tg@nicevpn123 | err=-
[DROP] name=[免费节点10] 🇺🇸 US 375 → tg@nicevpn123 {972} | server=b834o-g01.jp03-7d22-vm0.entry.fr0307a.art:21581 | reason=mihomo start failed
[TEST] {976} tested=1/1 | kept=0 | rest=0
[DEBUG] mihomo isolate | branch={976} | size=1 | parse=0 | names=[免费节点10] 🇺🇸 US 432 → tg@nicevpn123 | err=-
[DEBUG] mihomo drop | branch={976} | size=1 | parse=0 | names=[免费节点10] 🇺🇸 US 432 → tg@nicevpn123 | err=-
[DROP] name=[免费节点10] 🇺🇸 US 432 → tg@nicevpn123 {976} | server=104.19.171.36:443 | reason=mihomo start failed
[TEST] {966} tested=1/1 | kept=0 | rest=0
[DEBUG] mihomo isolate | branch={966} | size=1 | parse=0 | names=[免费节点10] 🇺🇸 US 391 → tg@nicevpn123 | err=-
[DEBUG] mihomo drop | branch={966} | size=1 | parse=0 | names=[免费节点10] 🇺🇸 US 391 → tg@nicevpn123 | err=-
[DROP] name=[免费节点10] 🇺🇸 US 391 → tg@nicevpn123 {966} | server=52.32.221.7:443 | reason=mihomo start failed
[TEST] {978} tested=1/1 | kept=0 | rest=0
[DEBUG] mihomo isolate | branch={978} | size=1 | parse=0 | names=[免费节点10] 🇺🇸 US 378 → tg@nicevpn123 | err=-
[DEBUG] mihomo drop | branch={978} | size=1 | parse=0 | names=[免费节点10] 🇺🇸 US 378 → tg@nicevpn123 | err=-
[DROP] name=[免费节点10] 🇺🇸 US 378 → tg@nicevpn123 {978} | server=104.16.153.209:80 | reason=mihomo start failed
[TEST] {974} tested=1/1 | kept=0 | rest=0
[DEBUG] mihomo isolate | branch={974} | size=1 | parse=0 | names=[免费节点10] 🇺🇸 US 430 → tg@nicevpn123 | err=-
[DEBUG] mihomo drop | branch={974} | size=1 | parse=0 | names=[免费节点10] 🇺🇸 US 430 → tg@nicevpn123 | err=-
[DROP] name=[免费节点10] 🇺🇸 US 430 → tg@nicevpn123 {974} | server=slime-rhinestone-spy.glitch.me:80 | reason=mihomo start failed
[TEST] {981} tested=1/1 | kept=0 | rest=0
[DEBUG] mihomo isolate | branch={981} | size=1 | parse=0 | names=[免费节点10] 🇺🇸 US 381 → tg@nicevpn123 | err=-
[DEBUG] mihomo drop | branch={981} | size=1 | parse=0 | names=[免费节点10] 🇺🇸 US 381 → tg@nicevpn123 | err=-
[DROP] name=[免费节点10] 🇺🇸 US 381 → tg@nicevpn123 {981} | server=104.16.40.112:2082 | reason=mihomo start failed
[TEST] {977} tested=1/1 | kept=0 | rest=0
[DEBUG] mihomo isolate | branch={977} | size=1 | parse=0 | names=[免费节点10] 🇺🇸 US 376 → tg@nicevpn123 | err=-
[DEBUG] mihomo drop | branch={977} | size=1 | parse=0 | names=[免费节点10] 🇺🇸 US 376 → tg@nicevpn123 | err=-
[DROP] name=[免费节点10] 🇺🇸 US 376 → tg@nicevpn123 {977} | server=104.19.159.10:443 | reason=mihomo start failed
[TEST] {967} tested=1/1 | kept=0 | rest=0
[DEBUG] mihomo isolate | branch={967} | size=1 | parse=0 | names=[免费节点10] 🇺🇸 US 392 → tg@nicevpn123 | err=-
[DEBUG] mihomo drop | branch={967} | size=1 | parse=0 | names=[免费节点10] 🇺🇸 US 392 → tg@nicevpn123 | err=-
[DROP] name=[免费节点10] 🇺🇸 US 392 → tg@nicevpn123 {967} | server=157.245.148.244:443 | reason=mihomo start failed
[TEST] {982} tested=1/1 | kept=0 | rest=0
[DEBUG] mihomo isolate | branch={982} | size=1 | parse=0 | names=[免费节点10] 🇺🇸 US 433 → tg@nicevpn123 | err=-
[DEBUG] mihomo drop | branch={982} | size=1 | parse=0 | names=[免费节点10] 🇺🇸 US 433 → tg@nicevpn123 | err=-
[DROP] name=[免费节点10] 🇺🇸 US 433 → tg@nicevpn123 {982} | server=172.67.133.78:2053 | reason=mihomo start failed
[TEST] {984} tested=1/1 | kept=0 | rest=0
[DEBUG] mihomo isolate | branch={984} | size=1 | parse=0 | names=[免费节点10] 🇺🇸 US 435 → tg@nicevpn123 | err=-
[DEBUG] mihomo drop | branch={984} | size=1 | parse=0 | names=[免费节点10] 🇺🇸 US 435 → tg@nicevpn123 | err=-
[DROP] name=[免费节点10] 🇺🇸 US 435 → tg@nicevpn123 {984} | server=104.17.215.6:443 | reason=mihomo start failed
[TEST] {980} tested=1/1 | kept=0 | rest=0
[DEBUG] mihomo isolate | branch={980} | size=1 | parse=0 | names=[免费节点10] 🇺🇸 US 380 → tg@nicevpn123 | err=-
[DEBUG] mihomo drop | branch={980} | size=1 | parse=0 | names=[免费节点10] 🇺🇸 US 380 → tg@nicevpn123 | err=-
[DROP] name=[免费节点10] 🇺🇸 US 380 → tg@nicevpn123 {980} | server=45.77.220.169:41207 | reason=mihomo start failed
[TEST] {979} tested=1/1 | kept=0 | rest=0
[DEBUG] mihomo isolate | branch={979} | size=1 | parse=0 | names=[免费节点10] 🇺🇸 US 38 → tg@nicevpn123 | err=-
[DEBUG] mihomo drop | branch={979} | size=1 | parse=0 | names=[免费节点10] 🇺🇸 US 38 → tg@nicevpn123 | err=-
[DROP] name=[免费节点10] 🇺🇸 US 38 → tg@nicevpn123 {979} | server=38.110.1.43:8009 | reason=mihomo start failed
[TEST] {986} tested=1/1 | kept=0 | rest=0
[DEBUG] mihomo isolate | branch={986} | size=1 | parse=0 | names=[免费节点10] 🇺🇸 US 438 → tg@nicevpn123 | err=-
[DEBUG] mihomo drop | branch={986} | size=1 | parse=0 | names=[免费节点10] 🇺🇸 US 438 → tg@nicevpn123 | err=-
[DROP] name=[免费节点10] 🇺🇸 US 438 → tg@nicevpn123 {986} | server=104.19.45.152:2095 | reason=mihomo start failed
[TEST] {987} tested=1/1 | kept=0 | rest=0
[DEBUG] mihomo isolate | branch={987} | size=1 | parse=0 | names=[免费节点10] 🇺🇸 US 450 → tg@nicevpn123 | err=-
[DEBUG] mihomo drop | branch={987} | size=1 | parse=0 | names=[免费节点10] 🇺🇸 US 450 → tg@nicevpn123 | err=-
[DROP] name=[免费节点10] 🇺🇸 US 450 → tg@nicevpn123 {987} | server=104.21.235.170:80 | reason=mihomo start failed
[TEST] {983} tested=1/1 | kept=0 | rest=0
[DEBUG] mihomo isolate | branch={983} | size=1 | parse=0 | names=[免费节点10] 🇺🇸 US 434 → tg@nicevpn123 | err=-
[DEBUG] mihomo drop | branch={983} | size=1 | parse=0 | names=[免费节点10] 🇺🇸 US 434 → tg@nicevpn123 | err=-
[DROP] name=[免费节点10] 🇺🇸 US 434 → tg@nicevpn123 {983} | server=ip0axv1bbsu02k7-hk.1ytnode.com:56316 | reason=mihomo start failed
[TEST] {988} tested=1/1 | kept=0 | rest=0
[DEBUG] mihomo isolate | branch={988} | size=1 | parse=0 | names=[免费节点10] 🇺🇸 US 451 → tg@nicevpn123 | err=-
[DEBUG] mihomo drop | branch={988} | size=1 | parse=0 | names=[免费节点10] 🇺🇸 US 451 → tg@nicevpn123 | err=-
[DROP] name=[免费节点10] 🇺🇸 US 451 → tg@nicevpn123 {988} | server=38.68.134.9:8882 | reason=mihomo start failed
[TEST] {991} tested=1/1 | kept=0 | rest=0
[DEBUG] mihomo isolate | branch={991} | size=1 | parse=0 | names=[免费节点10] 🇺🇸 US 454 → tg@nicevpn123 | err=-
[DEBUG] mihomo drop | branch={991} | size=1 | parse=0 | names=[免费节点10] 🇺🇸 US 454 → tg@nicevpn123 | err=-
[DROP] name=[免费节点10] 🇺🇸 US 454 → tg@nicevpn123 {991} | server=104.19.45.57:2095 | reason=mihomo start failed
[TEST] {992} tested=1/1 | kept=0 | rest=0
[DEBUG] mihomo isolate | branch={992} | size=1 | parse=0 | names=[免费节点10] 🇺🇸 US 455 → tg@nicevpn123 | err=-
[DEBUG] mihomo drop | branch={992} | size=1 | parse=0 | names=[免费节点10] 🇺🇸 US 455 → tg@nicevpn123 | err=-
[DROP] name=[免费节点10] 🇺🇸 US 455 → tg@nicevpn123 {992} | server=104.19.44.192:8080 | reason=mihomo start failed
[TEST] {985} tested=1/1 | kept=0 | rest=0
[DEBUG] mihomo isolate | branch={985} | size=1 | parse=0 | names=[免费节点10] 🇺🇸 US 436 → tg@nicevpn123 | err=-
[DEBUG] mihomo drop | branch={985} | size=1 | parse=0 | names=[免费节点10] 🇺🇸 US 436 → tg@nicevpn123 | err=-
[DROP] name=[免费节点10] 🇺🇸 US 436 → tg@nicevpn123 {985} | server=23.94.76.55:51981 | reason=mihomo start failed
[TEST] {994} tested=1/1 | kept=0 | rest=0
[DEBUG] mihomo isolate | branch={994} | size=1 | parse=0 | names=[免费节点10] 🇺🇸 US 46 → tg@nicevpn123 | err=-
[DEBUG] mihomo drop | branch={994} | size=1 | parse=0 | names=[免费节点10] 🇺🇸 US 46 → tg@nicevpn123 | err=-
[DROP] name=[免费节点10] 🇺🇸 US 46 → tg@nicevpn123 {994} | server=104.16.40.109:2082 | reason=mihomo start failed
[TEST] {989} tested=1/1 | kept=0 | rest=0
[DEBUG] mihomo isolate | branch={989} | size=1 | parse=0 | names=[免费节点10] 🇺🇸 US 452 → tg@nicevpn123 | err=-
[DEBUG] mihomo drop | branch={989} | size=1 | parse=0 | names=[免费节点10] 🇺🇸 US 452 → tg@nicevpn123 | err=-
[DROP] name=[免费节点10] 🇺🇸 US 452 → tg@nicevpn123 {989} | server=172.245.205.50:30129 | reason=mihomo start failed
[TEST] {990} tested=1/1 | kept=0 | rest=0
[DEBUG] mihomo isolate | branch={990} | size=1 | parse=0 | names=[免费节点10] 🇺🇸 US 453 → tg@nicevpn123 | err=-
[DEBUG] mihomo drop | branch={990} | size=1 | parse=0 | names=[免费节点10] 🇺🇸 US 453 → tg@nicevpn123 | err=-
[DROP] name=[免费节点10] 🇺🇸 US 453 → tg@nicevpn123 {990} | server=167.88.61.235:6679 | reason=mihomo start failed
[TEST] {997} tested=1/1 | kept=0 | rest=0
[DEBUG] mihomo isolate | branch={997} | size=1 | parse=0 | names=[免费节点10] 🇺🇸 US 477 → tg@nicevpn123 | err=-
[DEBUG] mihomo drop | branch={997} | size=1 | parse=0 | names=[免费节点10] 🇺🇸 US 477 → tg@nicevpn123 | err=-
[DROP] name=[免费节点10] 🇺🇸 US 477 → tg@nicevpn123 {997} | server=104.16.42.227:2082 | reason=mihomo start failed
[TEST] {998} tested=1/1 | kept=0 | rest=0
[DEBUG] mihomo isolate | branch={998} | size=1 | parse=0 | names=[免费节点10] 🇺🇸 US 478 → tg@nicevpn123 | err=-
[DEBUG] mihomo drop | branch={998} | size=1 | parse=0 | names=[免费节点10] 🇺🇸 US 478 → tg@nicevpn123 | err=-
[DROP] name=[免费节点10] 🇺🇸 US 478 → tg@nicevpn123 {998} | server=172.67.174.42:443 | reason=mihomo start failed
[TEST] {993} tested=1/1 | kept=0 | rest=0
[DEBUG] mihomo isolate | branch={993} | size=1 | parse=0 | names=[免费节点10] 🇺🇸 US 457 → tg@nicevpn123 | err=-
[DEBUG] mihomo drop | branch={993} | size=1 | parse=0 | names=[免费节点10] 🇺🇸 US 457 → tg@nicevpn123 | err=-
[DROP] name=[免费节点10] 🇺🇸 US 457 → tg@nicevpn123 {993} | server=13.51.181.143:22222 | reason=mihomo start failed
[TEST] {1000} tested=1/1 | kept=0 | rest=0
[DEBUG] mihomo isolate | branch={1000} | size=1 | parse=0 | names=[免费节点10] 🇺🇸 US 480 → tg@nicevpn123 | err=-
[DEBUG] mihomo drop | branch={1000} | size=1 | parse=0 | names=[免费节点10] 🇺🇸 US 480 → tg@nicevpn123 | err=-
[DROP] name=[免费节点10] 🇺🇸 US 480 → tg@nicevpn123 {1000} | server=104.21.28.62:443 | reason=mihomo start failed
[TEST] {1001} tested=1/1 | kept=0 | rest=0
[DEBUG] mihomo isolate | branch={1001} | size=1 | parse=0 | names=[免费节点10] 🇺🇸 US 483 → tg@nicevpn123 | err=-
[DEBUG] mihomo drop | branch={1001} | size=1 | parse=0 | names=[免费节点10] 🇺🇸 US 483 → tg@nicevpn123 | err=-
[DROP] name=[免费节点10] 🇺🇸 US 483 → tg@nicevpn123 {1001} | server=104.19.45.151:2095 | reason=mihomo start failed
[TEST] {995} tested=1/1 | kept=0 | rest=0
[DEBUG] mihomo isolate | branch={995} | size=1 | parse=0 | names=[免费节点10] 🇺🇸 US 461 → tg@nicevpn123 | err=-
[DEBUG] mihomo drop | branch={995} | size=1 | parse=0 | names=[免费节点10] 🇺🇸 US 461 → tg@nicevpn123 | err=-
[DROP] name=[免费节点10] 🇺🇸 US 461 → tg@nicevpn123 {995} | server=ip0axv1bbsu02k7-my.1ytnode.com:56370 | reason=mihomo start failed
[TEST] {1002} tested=1/1 | kept=0 | rest=0
[DEBUG] mihomo isolate | branch={1002} | size=1 | parse=0 | names=[免费节点10] 🇺🇸 US 486 → tg@nicevpn123 | err=-
[DEBUG] mihomo drop | branch={1002} | size=1 | parse=0 | names=[免费节点10] 🇺🇸 US 486 → tg@nicevpn123 | err=-
[DROP] name=[免费节点10] 🇺🇸 US 486 → tg@nicevpn123 {1002} | server=fr01.freeflyingcloud.xyz:30502 | reason=mihomo start failed
[TEST] {1004} tested=1/1 | kept=0 | rest=0
[DEBUG] mihomo isolate | branch={1004} | size=1 | parse=0 | names=[免费节点10] 🇺🇸 US 489 → tg@nicevpn123 | err=-
[DEBUG] mihomo drop | branch={1004} | size=1 | parse=0 | names=[免费节点10] 🇺🇸 US 489 → tg@nicevpn123 | err=-
[DROP] name=[免费节点10] 🇺🇸 US 489 → tg@nicevpn123 {1004} | server=54.245.12.173:17398 | reason=mihomo start failed
[TEST] {996} tested=1/1 | kept=0 | rest=0
[DEBUG] mihomo isolate | branch={996} | size=1 | parse=0 | names=[免费节点10] 🇺🇸 US 473 → tg@nicevpn123 | err=-
[DEBUG] mihomo drop | branch={996} | size=1 | parse=0 | names=[免费节点10] 🇺🇸 US 473 → tg@nicevpn123 | err=-
[DROP] name=[免费节点10] 🇺🇸 US 473 → tg@nicevpn123 {996} | server=34.222.20.208:443 | reason=mihomo start failed
[TEST] {999} tested=1/1 | kept=0 | rest=0
[DEBUG] mihomo isolate | branch={999} | size=1 | parse=0 | names=[免费节点10] 🇺🇸 US 48 → tg@nicevpn123 | err=-
[DEBUG] mihomo drop | branch={999} | size=1 | parse=0 | names=[免费节点10] 🇺🇸 US 48 → tg@nicevpn123 | err=-
[DROP] name=[免费节点10] 🇺🇸 US 48 → tg@nicevpn123 {999} | server=168.119.160.232:80 | reason=mihomo start failed
[TEST] {1003} tested=1/1 | kept=0 | rest=0
[DEBUG] mihomo isolate | branch={1003} | size=1 | parse=0 | names=[免费节点10] 🇺🇸 US 487 → tg@nicevpn123 | err=-
[DEBUG] mihomo drop | branch={1003} | size=1 | parse=0 | names=[免费节点10] 🇺🇸 US 487 → tg@nicevpn123 | err=-
[DROP] name=[免费节点10] 🇺🇸 US 487 → tg@nicevpn123 {1003} | server=94.131.117.240:443 | reason=mihomo start failed
[DROP] name=[Pawdroid-SS-APK] United+Kingdom-4 {core} | server=82.38.31.189:8080 | reason=duplicate core
[INFO] dropped=685 | [ChromeGO-Toolkit] × 1 | [ChromeGO-Merge] × 49 | [ChromeGO-ShiteThings] × 2 | [Epodonios] × 62 | [免费节点10] × 540 | [Pawdroid-SS-APK] × 25 | [Free-clash-v2ray] × 6
============================================================
[INFO] cap live | source=[大FQ运动] | from=173 | to=50
[INFO] cap live | source=[免费节点8] | from=61 | to=50
[INFO] cap live | source=[免费节点10] | from=52 | to=50
[INFO] cap live | source=[Pawdroid-SR-APK] | from=347 | to=50
[INFO] cap live | source=[Epodonios] | from=69 | to=50
[INFO] cap live | source=[Free-clash-v2ray] | from=470 | to=50
[INFO] cap live | source=[V2rayclashfree-RSS] | from=147 | to=50
[INFO] cap live total | from=561 | to=400 | floor=5 | by=health_score
[INFO] cap live | reserved=101 | pool=460 | taken=299
[INFO] cap live | source=[NekoWarp] | from=10 | to=9
[INFO] cap live | source=[免费节点1] | from=8 | to=5
[INFO] cap live | source=[免费节点3] | from=13 | to=9
[INFO] cap live | source=[免费节点6] | from=27 | to=14
[INFO] cap live | source=[免费节点7] | from=29 | to=21
[INFO] cap live | source=[免费节点8] | from=50 | to=46
[INFO] cap live | source=[免费节点10] | from=50 | to=13
[INFO] cap live | source=[免费节点11] | from=22 | to=14
[INFO] cap live | source=[ChromeGO-ShiteThings] | from=7 | to=5
[INFO] cap live | source=[Pawdroid-SS-APK] | from=42 | to=14
[INFO] cap live | source=[Clashfree] | from=26 | to=5
[INFO] cap live | source=[1VPN-CRX] | from=11 | to=9
[INFO] cap live | source=[Epodonios] | from=50 | to=20
[INFO] geo tally | live=400 | HK=24 | JP=38 | KR=23 | TW=8 | SG=51 | US=105 | GB=20 | FR=39 | DE=12 | NL=19 | CA=10 | other=51
[INFO] score summary | n=400 | max=208.3528 | p90=104.9603 | p50=24.7897 | avg=38.3994 | min=0.9576 | geo_avg=18.6922 | adj_avg=+3.1679
============================================================
+------------------------------+--------+--------+------+--------+
| source                       |    raw | unique | live | capped |
+------------------------------+--------+--------+------+--------+
| [大FQ运动]                   |   1404 |   1401 |  173 |     50 |
+------------------------------+--------+--------+------+--------+
| [Pawdroid]                   |     22 |      4 |    2 |      2 |
+------------------------------+--------+--------+------+--------+
| [FreeV2-Base64]              |      3 |      3 |    3 |      3 |
+------------------------------+--------+--------+------+--------+
| [Bocchi2b-Base64]            |     35 |     35 |    0 |      0 |
+------------------------------+--------+--------+------+--------+
| [Freesocks]                  |      4 |      4 |    3 |      3 |
+------------------------------+--------+--------+------+--------+
| [NekoWarp]                   |     10 |     10 |   10 |      9 |
+------------------------------+--------+--------+------+--------+
| [OpenRunner-RSS]             |     11 |      0 |    0 |      0 |
+------------------------------+--------+--------+------+--------+
| [V2Rayshare-RSS]             |     22 |     20 |    1 |      1 |
+------------------------------+--------+--------+------+--------+
| [Mibei77-RSS]                |    159 |     76 |    0 |      0 |
+------------------------------+--------+--------+------+--------+
| [Yoyapai-RSS]                |    230 |    183 |    2 |      2 |
+------------------------------+--------+--------+------+--------+
| [免费节点1]                  |    288 |    177 |    8 |      5 |
+------------------------------+--------+--------+------+--------+
| [免费节点2]                  |    346 |      0 |    0 |      0 |
+------------------------------+--------+--------+------+--------+
| [免费节点3]                  |     48 |     20 |   13 |      9 |
+------------------------------+--------+--------+------+--------+
| [免费节点4]                  |    838 |      0 |    0 |      0 |
+------------------------------+--------+--------+------+--------+
| [免费节点5]                  |     29 |     28 |    0 |      0 |
+------------------------------+--------+--------+------+--------+
| [免费节点6]                  |   1635 |   1580 |   27 |     14 |
+------------------------------+--------+--------+------+--------+
| [免费节点7]                  |     65 |     49 |   29 |     21 |
+------------------------------+--------+--------+------+--------+
| [免费节点8]                  |   4171 |   3242 |   61 |     46 |
+------------------------------+--------+--------+------+--------+
| [免费节点9]                  |    615 |    439 |    0 |      0 |
+------------------------------+--------+--------+------+--------+
| [免费节点10]                 |   5514 |   3147 |   52 |     13 |
+------------------------------+--------+--------+------+--------+
| [免费节点11]                 |    443 |     77 |   22 |     14 |
+------------------------------+--------+--------+------+--------+
| [ChromeGO-Toolkit]           |     20 |     20 |    4 |      4 |
+------------------------------+--------+--------+------+--------+
| [ChromeGO-ShiteThings]       |     31 |     25 |    7 |      5 |
+------------------------------+--------+--------+------+--------+
| [ChromeGO-Merge]             |    119 |     74 |    1 |      1 |
+------------------------------+--------+--------+------+--------+
| [Pawdroid-SR-APK]            |    904 |    575 |  347 |     50 |
+------------------------------+--------+--------+------+--------+
| [Pawdroid-SS-APK]            |   1507 |    983 |   42 |     14 |
+------------------------------+--------+--------+------+--------+
| [1VPN-CRX]                   |     17 |     17 |   11 |      9 |
+------------------------------+--------+--------+------+--------+
| [Clashfree]                  |    200 |     71 |   26 |      5 |
+------------------------------+--------+--------+------+--------+
| [Epodonios]                  |   4301 |   2641 |   69 |     20 |
+------------------------------+--------+--------+------+--------+
| [Free-clash-v2ray]           |   3521 |   2024 |  470 |     50 |
+------------------------------+--------+--------+------+--------+
| [V2rayclashfree-RSS]         |   2242 |    358 |  147 |     50 |
+------------------------------+--------+--------+------+--------+
============================================================
[INFO] clash history written | path=/home/runner/work/Free-node-autotest/Free-node-autotest/history/797390718766-clash-1233-20260928.yaml
[SUMMARY] total_nodes=28754
[SUMMARY] legal_candidates=17283
[SUMMARY] passed_latency_test=400
[SUMMARY] region_HK=24 | region_JP=38 | region_US=114
[SUMMARY] avg_latency_ms=430.66
[SUMMARY] output=/home/runner/work/Free-node-autotest/Free-node-autotest/output/clash.yaml
============================================================
[INFO] raw backup written | path=/home/runner/work/Free-node-autotest/Free-node-autotest/output/raw.yaml | history=797390718766-raw-1233-20260928.yaml | proxies=28756
[INFO] debug history written | path=/home/runner/work/Free-node-autotest/Free-node-autotest/history/797390718766-debug-1233-20260928.log | proxies=28756
