============================================================
[INFO] sublink try page | url=https://end-gfw.com
[OK] proxies=6 | new=6 | url=https://raw.githubusercontent.com/hello-world-1989/cn-news/main/end-gfw-free
[OK] proxies=6 | new=0 | url=https://raw.githubusercontent.com/hello-world-1989/cn-news/main/clash-free.yaml
[INFO] sublink file_nodes=6 | bare links=112
[OK] proxies=830 | new=830 | url=https://raw.githubusercontent.com/mfuu/FreeProxies/master/sub
[OK] proxies=1 | new=1 | url=https://ios.wwkejishe.top/
[OK] proxies=1 | new=0 | url=https://ccbaohe.com/appleID/
[OK] proxies=1 | new=0 | url=https://stash.wiki/
[OK] proxies=38 | new=38 | url=https://raw.githubusercontent.com/yaney01/Yaney01/main/temporary
[OK] proxies=200 | new=183 | url=https://raw.githubusercontent.com/ts-sf/fly/main/clash
[OK] proxies=61 | new=61 | url=https://raw.githubusercontent.com/mahdibland/ShadowsocksAggregator/master/EternityAir
[OK] proxies=274 | new=267 | url=https://jiang.netlify.app
[OK] proxies=98 | new=29 | url=https://tt.vg/freeclash
[OK] proxies=195 | new=151 | url=https://raw.githubusercontent.com/mahdibland/ShadowsocksAggregator/master/Eternity
[OK] proxies=1 | new=0 | url=https://c.xiyou666.xyz/
[OK] proxies=1 | new=0 | url=https://www.112112789.xyz/
[OK] proxies=1 | new=0 | url=https://www.futizi.net/
[OK] proxies=1 | new=0 | url=https://c.kilxs.cn/
[OK] proxies=1 | new=0 | url=https://manual.getsurfboard.com/
[OK] proxies=1 | new=0 | url=http://wgjsq.net/#/login
[OK] proxies=346 | new=291 | url=https://www.ermao.net/sub/{reachable|unreachable|untested}/clash/ermao.net
[OK] proxies=346 | new=0 | url=https://www.ermao.net/sub/{clash|v2ray}/ermao.net
[OK] proxies=2 | new=1 | url=https://apps.apple.com/{us|app}/{app|fair-vpn|streisand}/{id1443988620|id1533873488|id6450534064|id932747118|id1442620678}
[OK] proxies=1 | new=0 | url=https://{apps.apple.com|itunes.apple.com}/us/app/{kitsunebi-proxy-utility|psiphon|shadowrocket|quantumult-x|potatso-lite}/{id1446584073|id1276263909|id932747118|id1443988620|id1239860606}
[INFO] source try link | url=https://end-gfw.com/ss-key
[OK] proxies=4 | new=4 | url=https://end-gfw.com/ss-key
[INFO] sublink try repo | url=https://github.com/hello-world-1989/cn-news
[INFO] sublink try page | url=https://raw.githubusercontent.com/hello-world-1989/cn-news/main/README.md
[OK] proxies=6 | new=6 | url=https://raw.githubusercontent.com/hello-world-1989/v2-sub/main/end-gfw-together-af3e13
[OK] proxies=2 | new=2 | url=https://raw.githubusercontent.com/hello-world-1989/cn-news/main/end-gfw-together
[OK] proxies=2 | new=0 | url=https://raw.githubusercontent.com/hello-world-1989/cn-news/refs/heads/main/clash.yaml
[OK] proxies=1870 | source=[大FQ运动] | url=https://raw.githubusercontent.com/hello-world-1989/cn-news/main/README.md
============================================================
[INFO] sublink try repo | url=https://github.com/Pawdroid/Free-servers
[INFO] sublink try page | url=https://raw.githubusercontent.com/Pawdroid/Free-servers/main/README.md
[OK] proxies=1 | new=1 | url=http://www.surflare.com
[OK] proxies=20 | new=20 | url=https://raw.githubusercontent.com/Pawdroid/Free-servers/main/README.md
[OK] proxies=20 | new=0 | url=https://raw.githubusercontent.com/Pawdroid/Free-servers/main/sub
[OK] proxies=1 | new=1 | url=https://apps.apple.com/cn/app/shadowshare/id1612647259
[OK] proxies=22 | source=[Pawdroid] | url=https://raw.githubusercontent.com/Pawdroid/Free-servers/main/README.md
============================================================
[INFO] source try link | url=https://xmxosfepggzm.503403.xyz
[OK] proxies=3 | new=3 | url=https://xmxosfepggzm.503403.xyz
[OK] proxies=3 | source=[FreeV2-Base64] | url=https://xmxosfepggzm.503403.xyz
============================================================
[INFO] source try link | url=https://links.bocchi2b.top/clash
[OK] proxies=35 | new=35 | url=https://links.bocchi2b.top/clash
[OK] proxies=35 | source=[Bocchi2b-Base64] | url=https://links.bocchi2b.top/clash
============================================================
[INFO] source try link | url=https://freesocks.org/api/v1/sub/02b897e8e77f19176b0b9f2c75864b00
[OK] proxies=1 | new=1 | url=https://freesocks.org/api/v1/sub/02b897e8e77f19176b0b9f2c75864b00
[INFO] source try link | url=https://freesocks.org/api/v1/sub/4cae35810e6f5c4d92e28e32104e0080
[OK] proxies=3 | new=3 | url=https://freesocks.org/api/v1/sub/4cae35810e6f5c4d92e28e32104e0080
[OK] proxies=4 | source=[Freesocks] | url=https://freesocks.org/api/v1/sub/4cae35810e6f5c4d92e28e32104e0080
============================================================
[INFO] source try link | url=https://neko-warp.nloli.xyz/neko_warp.yaml
[OK] proxies=10 | new=10 | url=https://neko-warp.nloli.xyz/neko_warp.yaml
[OK] proxies=10 | source=[NekoWarp] | url=https://neko-warp.nloli.xyz/neko_warp.yaml
============================================================
[INFO] article try feed | url=https://free.datiya.com/index.xml
[INFO] sublink try page | url=https://free.datiya.com/post/20260928/
[OK] proxies=11 | new=11 | url=https://free.datiya.com/uploads/20260928-clash.yaml
[OK] proxies=11 | source=[OpenRunner-RSS] | url=https://free.datiya.com/post/20260928/
============================================================
[INFO] article try feed | url=https://v2rayshare.com/feed
[INFO] sublink try page | url=https://v2rayshare.com/p/4097.html
[INFO] sublink try repo | url=https://github.com/firefoxmmx2/v2rayshare_subcription
[INFO] sublink try page | url=https://raw.githubusercontent.com/firefoxmmx2/v2rayshare_subcription/main/README.md
[OK] proxies=22 | new=22 | url=https://{raw.githubusercontent.com|cdn.jsdelivr.net}/firefoxmmx2/v2rayshare_subcription/main/subscription/vray_sub.txt
[OK] proxies=21 | new=0 | url=https://{raw.githubusercontent.com|cdn.jsdelivr.net}/firefoxmmx2/v2rayshare_subcription/main/subscription/clash_sub.yaml
[OK] proxies=22 | new=0 | url=https://{raw.githubusercontent.com|cdn.jsdelivr.net}/firefoxmmx2/v2rayshare_subcription/main/subscription/mihomo_sub.yaml
[OK] proxies=22 | source=[V2Rayshare-RSS] | url=https://raw.githubusercontent.com/firefoxmmx2/v2rayshare_subcription/main/README.md
============================================================
[INFO] article try feed | url=https://www.mibei77.com/feed
[INFO] sublink try page | url=https://www.mibei77.com/703.html
[OK] proxies=157 | new=157 | url=https://mm.mibei77.com/202609/0928Clashizx.yaml
[OK] proxies=159 | new=2 | url=https://mm.mibei77.com/202609/09.2864baczx.txt
[OK] proxies=159 | source=[Mibei77-RSS] | url=https://www.mibei77.com/703.html
============================================================
[INFO] article try feed | url=https://yoyapai.com/feed
[INFO] sublink try page | url=https://yoyapai.com/739
[OK] proxies=1 | new=1 | url=https://yoyapai.com/739
[OK] proxies=229 | new=229 | url=https://freenode.yoyapai.com/2026/09/28-yoyapai.com-clashvpnmianfeijiedian.yaml
[OK] proxies=229 | new=0 | url=https://freenode.yoyapai.com/2026/09/28-yoyapai.com-ssrv2rayvpnmianfeijiedian.txt
[OK] proxies=230 | source=[Yoyapai-RSS] | url=https://yoyapai.com/739
============================================================
[INFO] sublink try repo | url=https://github.com/free18/v2ray
[INFO] sublink try page | url=https://raw.githubusercontent.com/free18/v2ray/main/README.md
[OK] proxies=3 | new=3 | url=https://raw.githubusercontent.com/free18/v2ray/main/README.md
[OK] proxies=285 | new=285 | url=https://ghfast.top/https://raw.githubusercontent.com/free18/v2ray/refs/heads/main/v.txt
[OK] proxies=285 | new=0 | url=https://ghfast.top/https://raw.githubusercontent.com/free18/v2ray/refs/heads/main/c.yaml
[OK] proxies=288 | source=[免费节点1] | url=https://raw.githubusercontent.com/free18/v2ray/main/README.md
============================================================
[INFO] sublink try repo | url=https://github.com/ermaozi/get_subscribe
[INFO] sublink try page | url=https://raw.githubusercontent.com/ermaozi/get_subscribe/main/README.md
[INFO] sublink file_nodes=0 | bare links=9
[OK] proxies=346 | new=346 | url=https://www.ermao.net/sub/{reachable|unreachable|untested}/clash/ermao.net
[OK] proxies=346 | new=0 | url=https://www.ermao.net/sub/{clash|v2ray}/ermao.net
[OK] proxies=346 | source=[免费节点2] | url=https://raw.githubusercontent.com/ermaozi/get_subscribe/main/README.md
============================================================
[INFO] sublink try repo | url=https://github.com/sunmiao4458/free-proxy-airport
[INFO] sublink try page | url=https://raw.githubusercontent.com/sunmiao4458/free-proxy-airport/main/README.md
[OK] proxies=48 | new=48 | url=https://sunmiao4458.github.io/free-proxy-airport/clash.yaml
[OK] proxies=48 | source=[免费节点3] | url=https://raw.githubusercontent.com/sunmiao4458/free-proxy-airport/main/README.md
============================================================
[INFO] sublink try repo | url=https://github.com/mfuu/FreeProxies
[INFO] sublink try page | url=https://raw.githubusercontent.com/mfuu/FreeProxies/master/README.md
[OK] proxies=835 | new=835 | url=https://raw.githubusercontent.com/mfuu/FreeProxies/master/sub.yaml
[OK] proxies=835 | source=[免费节点4] | url=https://raw.githubusercontent.com/mfuu/FreeProxies/master/README.md
============================================================
[INFO] sublink try repo | url=https://github.com/vxiaov/free_proxies
[INFO] sublink try page | url=https://raw.githubusercontent.com/vxiaov/free_proxies/main/README.md
[OK] proxies=28 | new=28 | url=https://{cdn.jsdelivr.net|raw.githubusercontent.com}/vxiaov/free_proxies/main/clash/clash.provider.yaml
[OK] proxies=1 | new=1 | url=https://raw.githubusercontent.com/vxiaov/free_proxies/main/README.md
[OK] proxies=29 | source=[免费节点5] | url=https://raw.githubusercontent.com/vxiaov/free_proxies/main/README.md
============================================================
[INFO] sublink try repo | url=https://github.com/anaer/Sub
[INFO] sublink try page | url=https://raw.githubusercontent.com/anaer/Sub/main/README.MD
[OK] proxies=1635 | new=1635 | url=https://raw.githubusercontent.com/anaer/Sub/main/clash.yaml
[OK] proxies=1635 | new=0 | url=https://anaer.github.io/Sub/clash.yaml
[OK] proxies=1635 | source=[免费节点6] | url=https://raw.githubusercontent.com/anaer/Sub/main/README.MD
============================================================
[INFO] sublink try repo | url=https://github.com/snakem982/proxypool
[INFO] sublink try page | url=https://raw.githubusercontent.com/snakem982/proxypool/main/README.md
[OK] proxies=63 | new=63 | url=https://raw.githubusercontent.com/snakem982/proxypool/main/source/v2ray-2.txt
[OK] proxies=64 | new=1 | url=https://raw.githubusercontent.com/snakem982/proxypool/main/source/clash-meta-2.yaml
[OK] proxies=61 | new=0 | url=https://raw.githubusercontent.com/snakem982/proxypool/main/source/sing-box-2.json
[OK] proxies=64 | source=[免费节点7] | url=https://raw.githubusercontent.com/snakem982/proxypool/main/README.md
============================================================
[INFO] sublink try repo | url=https://github.com/mahdibland/V2RayAggregator
[INFO] sublink try page | url=https://raw.githubusercontent.com/mahdibland/V2RayAggregator/master/README.md
[OK] proxies=1 | new=1 | url=https://cdn.jsdelivr.net/gh/mahdibland/V2RayAggregator@master/update/provider/provider-others.yml
[OK] proxies=466 | new=466 | url=https://raw.githubusercontent.com/mahdibland/ShadowsocksAggregator/master/sub/splitted/trojan.txt
[OK] proxies=1 | new=0 | url=https://github.com/mahdibland/SSAggregator/actions/workflows/Airport_Collector.yml
[OK] proxies=1 | new=0 | url=https://cdn.jsdelivr.net/gh/mahdibland/V2RayAggregator@master/update/provider/provider-meta-cn.yml
[OK] proxies=61 | new=61 | url=https://raw.githubusercontent.com/mahdibland/SSAggregator/master/sub/airport_sub_merge.txt
[OK] proxies=3807 | new=3341 | url=https://raw.githubusercontent.com/mahdibland/SSAggregator/master/sub/sub_merge_base64.txt
[OK] proxies=1 | new=0 | url=https://cdn.jsdelivr.net/gh/mahdibland/V2RayAggregator@master/update/provider/provider.yml
[OK] proxies=1449 | new=0 | url=https://raw.githubusercontent.com/mahdibland/ShadowsocksAggregator/master/sub/splitted/vmess.txt
[OK] proxies=1 | new=0 | url=https://cdn.jsdelivr.net/gh/mahdibland/V2RayAggregator@master/update/provider/provider-meta-others.yml
[OK] proxies=196 | new=0 | url=https://raw.githubusercontent.com/mahdibland/ShadowsocksAggregator/master/Eternity.yml
[OK] proxies=61 | new=0 | url=https://raw.githubusercontent.com/mahdibland/ShadowsocksAggregator/master/EternityAir.txt
[OK] proxies=1 | new=0 | url=https://cdn.jsdelivr.net/gh/mahdibland/V2RayAggregator@master/update/provider/provider-meta.yml
[OK] proxies=3992 | new=208 | url=https://raw.githubusercontent.com/mahdibland/SSAggregator/master/sub/sub_merge_yaml.yml
[OK] proxies=61 | new=0 | url=https://raw.githubusercontent.com/mahdibland/SSAggregator/master/sub/airport_merge_base64.txt
[OK] proxies=378 | new=94 | url=https://raw.githubusercontent.com/mahdibland/V2RayAggregator/master/README.md
[OK] proxies=195 | new=0 | url=https://raw.githubusercontent.com/mahdibland/ShadowsocksAggregator/master/Eternity.txt
[OK] proxies=1838 | new=0 | url=https://raw.githubusercontent.com/mahdibland/ShadowsocksAggregator/master/sub/splitted/ss.txt
[OK] proxies=54 | new=0 | url=https://raw.githubusercontent.com/mahdibland/ShadowsocksAggregator/master/sub/splitted/ssr.txt
[OK] proxies=1 | new=0 | url=https://cdn.jsdelivr.net/gh/mahdibland/V2RayAggregator@master/update/provider/provider-cn.yml
[OK] proxies=1 | new=0 | url=https://github.com/mahdibland/SSAggregator/actions/workflows/Collector.yml
[OK] proxies=3807 | new=0 | url=https://raw.githubusercontent.com/mahdibland/{SSAggregator|ShadowsocksAggregator}/master/sub/sub_merge.txt
[OK] proxies=4171 | source=[免费节点8] | url=https://raw.githubusercontent.com/mahdibland/V2RayAggregator/master/README.md
============================================================
[INFO] sublink try repo | url=https://github.com/w1770946466/Auto_proxy
[INFO] sublink try page | url=https://raw.githubusercontent.com/w1770946466/Auto_proxy/main/README.md
[OK] proxies=1 | new=1 | url=https://github.com/w1770946466/Auto_proxy/actions/workflows/main.yml
[OK] proxies=245 | new=245 | url=https://raw.githubusercontent.com/w1770946466/Auto_proxy/main/{Long_term_subscription2.yaml|Long_term_subscription1.yaml|Long_term_subscription3.yaml}
[OK] proxies=489 | new=369 | url=https://raw.githubusercontent.com/w1770946466/Auto_proxy/main/Long_term_subscription_num
[OK] proxies=489 | new=0 | url=https://raw.githubusercontent.com/w1770946466/Auto_proxy/main/{Long_term_subscription1|Long_term_subscription2|Long_term_subscription3|Long_term_subscription4|Long_term_subscription5|Long_term_subscription6|Long_term_subscription7|Long_term_subscription8}
[OK] proxies=615 | source=[免费节点9] | url=https://raw.githubusercontent.com/w1770946466/Auto_proxy/main/README.md
============================================================
[INFO] sublink try repo | url=https://github.com/PuddinCat/BestClash
[INFO] sublink try page | url=https://raw.githubusercontent.com/PuddinCat/BestClash/main/README.md
[OK] proxies=24 | new=24 | url=https://freenode.openrunner.net/uploads/20240807-clash.yaml
[OK] proxies=28 | new=28 | url=https://cdn.jsdelivr.net/gh/vxiaov/free_proxies@main/clash/clash.provider.yaml
[OK] proxies=16 | new=16 | url=https://raw.githubusercontent.com/PuddinCat/BestClash/main/proxies.yaml
[OK] proxies=28 | new=27 | url=https://raw.githubusercontent.com/Misaka-blog/chromego_merge/main/sub/merged_proxies_new.yaml
[OK] proxies=144 | new=144 | url=https://raw.githubusercontent.com/zhangkaiitugithub/passcro/main/speednodes.yaml
[OK] proxies=196 | new=195 | url=https://raw.githubusercontent.com/mahdibland/ShadowsocksAggregator/master/Eternity.yml
[OK] proxies=33 | new=20 | url=https://raw.githubusercontent.com/{chengaopan|peasoft}/{AutoMergePublicNodes|NoMoreWalls}/master/list.yml
[OK] proxies=346 | new=178 | url=https://raw.githubusercontent.com/{ermaozi|ermaozi01}/{get_subscribe|free_clash_vpn}/main/subscribe/clash.yml
[OK] proxies=165 | new=165 | url=https://raw.githubusercontent.com/ronghuaxueleng/get_v2/main/pub/combine.yaml
[OK] proxies=4782 | new=4720 | url=https://raw.githubusercontent.com/{NiceVPN123|anaer}/{NiceVPN|Sub}/main/{Clash.yaml|clash.yaml}
[OK] proxies=5517 | source=[免费节点10] | url=https://raw.githubusercontent.com/PuddinCat/BestClash/main/README.md
============================================================
[INFO] sublink try repo | url=https://github.com/kooker/FreeSubsCheck
[INFO] sublink try page | url=https://raw.githubusercontent.com/kooker/FreeSubsCheck/main/README.md
[OK] proxies=7 | new=7 | url=https://raw.githubusercontent.com/kooker/FreeSubsCheck/main/base64.txt
[OK] proxies=2 | new=2 | url=https://raw.githubusercontent.com/kooker/FreeSubsCheck/main/byxiaoxi.txt
[OK] proxies=11 | new=4 | url=https://raw.githubusercontent.com/kooker/FreeSubsCheck/main/all.yaml
[OK] proxies=11 | new=0 | url=https://raw.githubusercontent.com/kooker/FreeSubsCheck/main/mihomo.yaml
[OK] proxies=433 | new=431 | url=https://raw.githubusercontent.com/kooker/FreeSubsCheck/main/kooker.jp.txt
[OK] proxies=444 | source=[免费节点11] | url=https://raw.githubusercontent.com/kooker/FreeSubsCheck/main/README.md
============================================================
[INFO] toolkit try repo | url=https://github.com/bannedbook/fanqiang
[INFO] toolkit try release | url=https://github.com/bannedbook/fanqiang/releases
[INFO] toolkit try release | url=https://github.com/bannedbook/fanqiang/releases/expanded_assets/ChromeGo-latest
[INFO] toolkit try download | url=https://github.com/bannedbook/fanqiang/releases/download/ChromeGo-latest/ChromeGo.7z
[OK] toolkit downloaded | file=ChromeGo.7z | size=96.2MB
[OK] toolkit extracted | archive=ChromeGo.7z | tool=7z | files=222 | dirs=45
[OK] toolkit discovered | subs=107 | embedded=46 | archive=ChromeGo.7z
[INFO] toolkit try repo | url=https://github.com/bannedbook/fanqiang
[INFO] toolkit try release | url=https://github.com/bannedbook/fanqiang/releases
[INFO] toolkit try release | url=https://github.com/bannedbook/fanqiang/releases/expanded_assets/ChromeGo-latest
[INFO] toolkit try download | url=https://github.com/bannedbook/fanqiang/releases/download/ChromeGo-latest/ChromeGo.7z
[OK] toolkit downloaded | file=ChromeGo.7z | size=96.2MB
[OK] toolkit extracted | archive=ChromeGo.7z | tool=7z | files=222 | dirs=45
[OK] toolkit discovered | subs=107 | embedded=46 | archive=ChromeGo.7z
[OK] proxies=12 | new=12 | embedded=archive-config
[OK] proxies=3 | new=3 | url=https://gitlab.com/free9999/ipupdate/master/backup/img/1/2/{ipp|ip}/clash.meta2/{5|6|3|1|4|2}/config.yaml
[OK] proxies=3 | new=0 | url=https://www.67867867.xyz/Alvin9999/PAC/refs/heads/master/backup/img/1/2/{ipp|ip}/clash.meta2/{5|6|3|1|4|2}/config.yaml
[OK] proxies=7 | new=5 | url=https://www.67867867.xyz/Alvin9999/PAC/refs/heads/master/backup/img/1/2/{ipp|ip}/{hysteria2|singbox|naiveproxy|hysteria|xray}/{3|1|4|2}/config.json
[OK] proxies=7 | new=0 | url=https://gitlab.com/free9999/ipupdate/master/backup/img/1/2/{ipp|ip}/{hysteria2|singbox|naiveproxy|hysteria|xray}/{3|1|4|2}/config.json
[OK] proxies=20 | source=[ChromeGO-Toolkit] | url=https://github.com/bannedbook/fanqiang/releases/download/ChromeGo-latest/ChromeGo.7z
============================================================
[INFO] sublink try repo | url=https://github.com/ShiteThings/extractNodes
[INFO] sublink try page | url=https://raw.githubusercontent.com/ShiteThings/extractNodes/main/README.md
[OK] proxies=26 | new=26 | url=https://chg26.makou.cc.cd/sb
[OK] proxies=31 | new=5 | url=https://{chg26.makou.cc.cd|chg64.makou.cc.cd}
[OK] proxies=31 | source=[ChromeGO-ShiteThings] | url=https://raw.githubusercontent.com/ShiteThings/extractNodes/main/README.md
============================================================
[INFO] sublink try repo | url=https://github.com/shangui999/chromego_merge
[INFO] sublink try page | url=https://raw.githubusercontent.com/shangui999/chromego_merge/master/ReadMe.md
[OK] proxies=11 | new=11 | url=https://freedman.netlify.app/sub/merged_warp_proxies_new.yaml
[OK] proxies=16 | new=16 | url=https://freedman.netlify.app/sub/sb.json
[OK] proxies=11 | new=6 | url=https://freedman.netlify.app/sub/shadowrocket_base64.txt
[OK] proxies=10 | new=0 | url=https://freedman.netlify.app/sub/merged_proxies_new.yaml
[INFO] sublink try repo | url=https://github.com/yaney01/chromego
[INFO] sublink try page | url=https://raw.githubusercontent.com/yaney01/chromego/main/ReadMe.md
[OK] proxies=51 | new=46 | url=https://raw.githubusercontent.com/yaney01/chromego/main/sub/merged_warp_proxies_new.yaml
[OK] proxies=13 | new=2 | url=https://raw.githubusercontent.com/yaney01/chromego/main/sub/sb.json
[OK] proxies=50 | new=0 | url=https://raw.githubusercontent.com/yaney01/chromego/main/sub/merged_proxies_new.yaml
[OK] proxies=13 | new=5 | url=https://raw.githubusercontent.com/yaney01/chromego/main/sub/shadowrocket_base64.txt
[INFO] sublink try repo | url=https://github.com/Misaka-blog/chromego_merge
[INFO] sublink try page | url=https://raw.githubusercontent.com/Misaka-blog/chromego_merge/main/README.md
[OK] proxies=28 | new=28 | url=https://chromego-sub.netlify.app/sub/merged_proxies_new.yaml
[OK] proxies=114 | source=[ChromeGO-Merge] | url=https://raw.githubusercontent.com/Misaka-blog/chromego_merge/main/README.md
============================================================
[INFO] toolkit try repo | url=https://github.com/Pawdroid/shadowrocket_for_android
[INFO] toolkit try release | url=https://github.com/Pawdroid/shadowrocket_for_android/releases
[INFO] toolkit try release | url=https://github.com/Pawdroid/shadowrocket_for_android/releases/expanded_assets/10.10.55
[INFO] toolkit try download | url=https://github.com/Pawdroid/shadowrocket_for_android/releases/download/10.10.55/Shadowrocket_10.10.55_shadowrocketStandard_arm64-v8a.apk
[OK] toolkit downloaded | file=Shadowrocket_10.10.55_shadowrocketStandard_arm64-v8a.apk | size=39.5MB
[OK] toolkit extracted | archive=Shadowrocket_10.10.55_shadowrocketStandard_arm64-v8a.apk | tool=zipfile | files=1179 | dirs=44
[OK] toolkit sr-apk scanned | prefixes=38 | files=6 | keys=2 | archive=Shadowrocket_10.10.55_shadowrocketStandard_arm64-v8a.apk
[OK] proxies=747 | new=747 | url=https://{cdn.jsdelivr.net|raw.githubusercontent.com}/pixelor/ecfg/main/data/ecfg6_zh
[OK] proxies=719 | new=119 | url=https://{raw.githubusercontent.com|cdn.jsdelivr.net}/pixelor/ecfg/main/data/ecfg6_en
[OK] proxies=177 | new=62 | url=https://{raw.githubusercontent.com|cdn.jsdelivr.net}/pixelor/ecfg/main/data/ecfg6
[OK] proxies=148 | new=0 | url=https://{files.shadowrockets.app|cdn.shadowrockets.app}/ecfg/data/ecfg6
[OK] proxies=552 | new=0 | url=https://{files.shadowrockets.app|cdn.shadowrockets.app}/ecfg/data/ecfg6_en
[OK] proxies=552 | new=0 | url=https://{files.shadowrockets.app|cdn.shadowrockets.app}/ecfg/data/ecfg6_zh
[INFO] toolkit try repo | url=https://github.com/Pawdroid/shadowrocket_for_android
[INFO] toolkit try release | url=https://github.com/Pawdroid/shadowrocket_for_android/releases
[INFO] toolkit try release | url=https://github.com/Pawdroid/shadowrocket_for_android/releases/expanded_assets/10.10.55
[INFO] toolkit try download | url=https://github.com/Pawdroid/shadowrocket_for_android/releases/download/10.10.55/Shadowrocket_10.10.55_shadowrocketStandard_arm64-v8a.apk
[OK] toolkit downloaded | file=Shadowrocket_10.10.55_shadowrocketStandard_arm64-v8a.apk | size=39.5MB
[OK] toolkit extracted | archive=Shadowrocket_10.10.55_shadowrocketStandard_arm64-v8a.apk | tool=zipfile | files=1179 | dirs=44
[OK] toolkit sr-apk scanned | prefixes=38 | files=6 | keys=2 | archive=Shadowrocket_10.10.55_shadowrocketStandard_arm64-v8a.apk
[OK] proxies=747 | new=747 | url=https://{cdn.jsdelivr.net|raw.githubusercontent.com}/pixelor/ecfg/main/data/ecfg6_zh
[OK] proxies=719 | new=119 | url=https://{raw.githubusercontent.com|cdn.jsdelivr.net}/pixelor/ecfg/main/data/ecfg6_en
[OK] proxies=177 | new=62 | url=https://{raw.githubusercontent.com|cdn.jsdelivr.net}/pixelor/ecfg/main/data/ecfg6
[OK] proxies=148 | new=0 | url=https://{files.shadowrockets.app|cdn.shadowrockets.app}/ecfg/data/ecfg6
[OK] proxies=552 | new=0 | url=https://{files.shadowrockets.app|cdn.shadowrockets.app}/ecfg/data/ecfg6_en
[OK] proxies=552 | new=0 | url=https://{files.shadowrockets.app|cdn.shadowrockets.app}/ecfg/data/ecfg6_zh
[OK] proxies=928 | source=[Pawdroid-SR-APK] | url=https://github.com/Pawdroid/shadowrocket_for_android/releases/download/10.10.55/Shadowrocket_10.10.55_shadowrocketStandard_arm64-v8a.apk
============================================================
[INFO] toolkit try page | url=https://shadowshare.v2cross.com
[INFO] toolkit try download | url=https://shadowshare.v2cross.com/shadowshare.apk
[OK] toolkit downloaded | file=shadowshare.apk | size=60MB
[OK] toolkit extracted | archive=shadowshare.apk | tool=zipfile | files=612 | dirs=39
[OK] toolkit ss-apk scanned | prefixes=10 | files=3 | keys=1 | archive=shadowshare.apk
[OK] proxies=239 | new=239 | url=https://{raw.githubusercontent.com|jsd.onmicrosoft.cn}/hideme9527/ecsfg/main/data/sareserver
[OK] proxies=1386 | new=1279 | url=https://{raw.githubusercontent.com|jsd.onmicrosoft.cn}/hideme9527/ecsfg/main/data/sareserver_en
[OK] proxies=146 | new=0 | url=https://{shadowsharing.com|sare.159236.xyz}/data/sareserver
[OK] proxies=1386 | new=0 | url=https://{shadowsharing.com|sare.159236.xyz}/data/sareserver_en
[OK] proxies=146 | new=0 | url=https://gitee.com/api/v5/repos/{elvenapp|zhiminghao|guoyoucai1}/ecsfg/raw/data/sareserver
[OK] proxies=1386 | new=0 | url=https://gitee.com/api/v5/repos/{elvenapp|zhiminghao|guoyoucai1}/ecsfg/raw/data/sareserver_en
[INFO] toolkit try page | url=https://shadowshare.v2cross.com
[INFO] toolkit try download | url=https://shadowshare.v2cross.com/shadowshare.apk
[OK] toolkit downloaded | file=shadowshare.apk | size=60MB
[OK] toolkit extracted | archive=shadowshare.apk | tool=zipfile | files=612 | dirs=39
[OK] toolkit ss-apk scanned | prefixes=10 | files=3 | keys=1 | archive=shadowshare.apk
[OK] proxies=239 | new=239 | url=https://{raw.githubusercontent.com|jsd.onmicrosoft.cn}/hideme9527/ecsfg/main/data/sareserver
[OK] proxies=1386 | new=1279 | url=https://{raw.githubusercontent.com|jsd.onmicrosoft.cn}/hideme9527/ecsfg/main/data/sareserver_en
[OK] proxies=146 | new=0 | url=https://{shadowsharing.com|sare.159236.xyz}/data/sareserver
[OK] proxies=1386 | new=0 | url=https://{shadowsharing.com|sare.159236.xyz}/data/sareserver_en
[OK] proxies=146 | new=0 | url=https://gitee.com/api/v5/repos/{elvenapp|zhiminghao|guoyoucai1}/ecsfg/raw/data/sareserver
[OK] proxies=1386 | new=0 | url=https://gitee.com/api/v5/repos/{elvenapp|zhiminghao|guoyoucai1}/ecsfg/raw/data/sareserver_en
[OK] proxies=1518 | source=[Pawdroid-SS-APK] | url=https://shadowshare.v2cross.com/shadowshare.apk
============================================================
[INFO] toolkit try chrome | url=https://chromewebstore.google.com/detail/free-vpn-proxy-1vpn/akcocjjpkmlniicdeemdceeajlmoabhg
[INFO] toolkit try download | url=https://clients2.google.com/service/update2/crx?response=redirect&prodversion=131.0.6778.0&acceptformat=crx2,crx3&x=id%3dakcocjjpkmlniicdeemdceeajlmoabhg%26uc
[OK] toolkit downloaded | file=free-vpn-proxy-1vpn.crx | size=1.6MB
[OK] toolkit extracted | archive=free-vpn-proxy-1vpn.crx | tool=zipfile | files=68 | dirs=57
[OK] toolkit 1vpn-crx scanned | hosts=17 | keys=1 | archive=free-vpn-proxy-1vpn.crx
[INFO] toolkit try chrome | url=https://chromewebstore.google.com/detail/free-vpn-proxy-1vpn/akcocjjpkmlniicdeemdceeajlmoabhg
[INFO] toolkit try download | url=https://clients2.google.com/service/update2/crx?response=redirect&prodversion=131.0.6778.0&acceptformat=crx2,crx3&x=id%3dakcocjjpkmlniicdeemdceeajlmoabhg%26uc
[OK] toolkit downloaded | file=free-vpn-proxy-1vpn.crx | size=1.6MB
[OK] toolkit extracted | archive=free-vpn-proxy-1vpn.crx | tool=zipfile | files=68 | dirs=57
[OK] toolkit 1vpn-crx scanned | hosts=17 | keys=1 | archive=free-vpn-proxy-1vpn.crx
[OK] proxies=17 | source=[1VPN-CRX] | url=https://clients2.google.com/service/update2/crx?response=redirect&prodversion=131.0.6778.0&acceptformat=crx2,crx3&x=id%3dakcocjjpkmlniicdeemdceeajlmoabhg%26uc
============================================================
[INFO] sublink try repo | url=https://github.com/free-nodes/clashfree
[INFO] sublink try page | url=https://raw.githubusercontent.com/free-nodes/clashfree/main/README.md
[OK] proxies=1 | new=1 | url=https://github.com/free-nodes/clashfree/blob/main/clash20260928.yml
[OK] proxies=199 | new=199 | url=https://raw.githubusercontent.com/free-nodes/clashfree/main/README.md
[OK] proxies=199 | new=0 | url=https://raw.githubusercontent.com/free-nodes/clashfree/main/clash20260928.yml
[OK] proxies=200 | source=[Clashfree] | url=https://raw.githubusercontent.com/free-nodes/clashfree/main/README.md
============================================================
[INFO] sublink try repo | url=https://github.com/Epodonios/v2ray-configs
[INFO] sublink try page | url=https://raw.githubusercontent.com/Epodonios/v2ray-configs/main/README.md
[OK] proxies=184 | new=184 | url=https://github.com/Epodonios/v2ray-configs/raw/main/Splitted-By-Protocol/vmess.txt
[OK] proxies=162 | new=162 | url=https://github.com/Epodonios/v2ray-configs/raw/main/Splitted-By-Protocol/trojan.txt
[OK] proxies=3355 | new=3355 | url=https://github.com/Epodonios/v2ray-configs/raw/main/Splitted-By-Protocol/vless.txt
[OK] proxies=4118 | new=417 | url=https://github.com/Epodonios/v2ray-configs/raw/main/All_Configs_base64_Sub.txt
[OK] proxies=1 | new=1 | url=https://github.com/Epodonios/V2ray-Configs/actions/workflows/main.yml
[OK] proxies=4118 | new=0 | url=https://github.com/Epodonios/v2ray-configs/raw/main/All_Configs_Sub.txt
[OK] proxies=381 | new=0 | url=https://github.com/Epodonios/v2ray-configs/raw/main/Splitted-By-Protocol/ss.txt
[OK] proxies=4118 | new=0 | url=https://raw.githubusercontent.com/Epodonios/v2ray-configs/main/{Sub1.txt|Sub2.txt|Sub3.txt|Sub4.txt|Sub5.txt|Sub6.txt|Sub7.txt|Sub8.txt}
[OK] proxies=4119 | source=[Epodonios] | url=https://raw.githubusercontent.com/Epodonios/v2ray-configs/main/README.md
============================================================
[INFO] sublink try repo | url=https://github.com/free-clash-v2ray/free-clash-v2ray.github.io
[INFO] sublink try page | url=https://raw.githubusercontent.com/free-clash-v2ray/free-clash-v2ray.github.io/main/README.md
[OK] proxies=2984 | new=2984 | url=https://free-clash-v2ray.github.io/uploads/2026/09/{0-20260927.yaml|1-20260927.yaml|2-20260927.yaml|3-20260927.yaml}
[OK] proxies=3129 | new=537 | url=https://free-clash-v2ray.github.io/uploads/2026/09/{0-20260927.txt|1-20260927.txt|2-20260927.txt|3-20260927.txt|4-20260927.txt}
[OK] proxies=3521 | source=[Free-clash-v2ray] | url=https://raw.githubusercontent.com/free-clash-v2ray/free-clash-v2ray.github.io/main/README.md
============================================================
[INFO] article try page | url=https://v2rayclashfree.com
[INFO] sublink try page | url=https://v2rayclashfree.com/fn/20260928.html
[OK] proxies=1648 | new=1648 | url=https://v2rayclashfree.com/sub/20260928-clash.yaml
[OK] proxies=1775 | new=594 | url=https://v2rayclashfree.com/sub/20260928-v2ray.txt
[OK] proxies=2242 | source=[V2rayclashfree-RSS] | url=https://v2rayclashfree.com/fn/20260928.html
============================================================
[INFO] toolkit try repo | url=https://github.com/MetaCubeX/meta-rules-dat
[INFO] toolkit try release | url=https://github.com/MetaCubeX/meta-rules-dat/releases
[INFO] toolkit try release | url=https://github.com/MetaCubeX/meta-rules-dat/releases/expanded_assets/latest
[INFO] toolkit try download | url=https://github.com/MetaCubeX/meta-rules-dat/releases/download/latest/country.mmdb
[OK] toolkit downloaded | file=country.mmdb | size=7.3MB
[INFO] toolkit try repo | url=https://github.com/mledoze/countries
[INFO] toolkit try release | url=https://github.com/mledoze/countries/releases
[INFO] toolkit try release | url=https://github.com/mledoze/countries/releases/expanded_assets/v1.8.0
[INFO] toolkit try download | url=https://github.com/mledoze/countries/archive/refs/tags/v1.8.0.zip
[OK] toolkit downloaded | file=countries-1.8.0.zip | size=4.8MB
[OK] toolkit extracted | archive=countries-1.8.0.zip | tool=zipfile | files=528 | dirs=8
[OK] toolkit found | file=countries.json | from=countries-1.8.0.zip
[OK] geo score ready | files=country.mmdb, countries.json | centroids=247
============================================================
[INFO] toolkit try repo | url=https://github.com/MetaCubeX/mihomo
[INFO] toolkit try release | url=https://github.com/MetaCubeX/mihomo/releases
[INFO] toolkit try release | url=https://github.com/MetaCubeX/mihomo/releases/expanded_assets/v1.19.31
[INFO] toolkit try download | url=https://github.com/MetaCubeX/mihomo/releases/download/v1.19.31/mihomo-linux-amd64-compatible-v1.19.31.gz
[OK] toolkit downloaded | file=mihomo-linux-amd64-compatible-v1.19.31.gz | size=21.8MB
[OK] toolkit hash verified | file=mihomo-linux-amd64-compatible-v1.19.31.gz | sha256=04cf9f09671704f839ddbee2e93069dc831a4123a75281e725d1d96ab9ac1afc
[OK] proxy engine ready, starting latency test | package=mihomo-linux-amd64-compatible-v1.19.31.gz
============================================================
[WARN] batch start failed | size=17351 {1} | split=8675 {2} + 8676 {3}
[WARN] batch start failed | size=8676 {3} | split=4338 {4} + 4338 {5}
[WARN] batch start failed | size=4338 {4} | split=2169 {6} + 2169 {7}
[WARN] batch start failed | size=4338 {5} | split=2169 {8} + 2169 {9}
[WARN] batch start failed | size=2169 {7} | split=1084 {10} + 1085 {11}
[WARN] batch start failed | size=2169 {6} | split=1084 {12} + 1085 {13}
[WARN] batch start failed | size=2169 {9} | split=1084 {14} + 1085 {15}
[TEST] {2} tested=100/8675 | kept=7 | rest=17251
[WARN] batch start failed | size=2169 {8} | split=1084 {16} + 1085 {17}
[WARN] batch start failed | size=1085 {13} | split=542 {18} + 543 {19}
[WARN] batch start failed | size=1084 {10} | split=542 {20} + 542 {21}
[WARN] batch start failed | size=1085 {17} | split=542 {22} + 543 {23}
[WARN] batch start failed | size=1085 {15} | split=542 {24} + 543 {25}
[WARN] batch start failed | size=1085 {11} | split=542 {26} + 543 {27}
[TEST] {2} tested=200/8675 | kept=7 | rest=17151
[TEST] {2} tested=300/8675 | kept=9 | rest=17051
[TEST] {12} tested=100/1084 | kept=1 | rest=16874
[TEST] {14} tested=100/1084 | kept=60 | rest=16677
[TEST] {14} tested=200/1084 | kept=114 | rest=16577
[TEST] {14} tested=300/1084 | kept=176 | rest=16477
[TEST] {14} tested=400/1084 | kept=232 | rest=16377
[TEST] {14} tested=500/1084 | kept=297 | rest=16277
[TEST] {14} tested=600/1084 | kept=358 | rest=16171
[TEST] {12} tested=200/1084 | kept=4 | rest=16166
[TEST] {14} tested=700/1084 | kept=417 | rest=16056
[TEST] {16} tested=100/1084 | kept=3 | rest=15885
[TEST] {14} tested=800/1084 | kept=488 | rest=15822
[TEST] {14} tested=900/1084 | kept=539 | rest=15685
[TEST] {14} tested=1000/1084 | kept=617 | rest=15580
[TEST] {16} tested=200/1084 | kept=10 | rest=15500
[TEST] {2} tested=400/8675 | kept=10 | rest=15336
[TEST] {12} tested=300/1084 | kept=5 | rest=15330
[TEST] {16} tested=300/1084 | kept=14 | rest=15216
[TEST] {2} tested=500/8675 | kept=39 | rest=15123
[TEST] {12} tested=400/1084 | kept=5 | rest=15045
[TEST] {14} tested=1084/1084 | kept=650 | rest=14874
[TEST] {16} tested=400/1084 | kept=15 | rest=14787
[TEST] {12} tested=500/1084 | kept=5 | rest=14785
[TEST] {16} tested=500/1084 | kept=17 | rest=14685
[TEST] {16} tested=600/1084 | kept=18 | rest=14534
[TEST] {16} tested=700/1084 | kept=21 | rest=14434
[TEST] {12} tested=600/1084 | kept=5 | rest=14320
[TEST] {2} tested=600/8675 | kept=44 | rest=14312
[WARN] batch start failed | size=543 {19} | split=271 {28} + 272 {29}
[TEST] {16} tested=800/1084 | kept=21 | rest=14183
[TEST] {18} tested=100/542 | kept=0 | rest=13962
[TEST] {16} tested=900/1084 | kept=22 | rest=13842
[TEST] {12} tested=700/1084 | kept=5 | rest=13768
[TEST] {2} tested=700/8675 | kept=46 | rest=13753
[TEST] {18} tested=200/542 | kept=0 | rest=13683
[TEST] {12} tested=800/1084 | kept=5 | rest=13432
[TEST] {2} tested=800/8675 | kept=46 | rest=13376
[TEST] {16} tested=1000/1084 | kept=23 | rest=13367
[TEST] {18} tested=300/542 | kept=0 | rest=13218
[TEST] {12} tested=900/1084 | kept=5 | rest=13068
[TEST] {2} tested=900/8675 | kept=48 | rest=13047
[TEST] {16} tested=1084/1084 | kept=25 | rest=12876
[TEST] {18} tested=400/542 | kept=0 | rest=12871
[TEST] {12} tested=1000/1084 | kept=5 | rest=12817
[TEST] {18} tested=500/542 | kept=0 | rest=12625
[TEST] {2} tested=1000/8675 | kept=50 | rest=12611
[TEST] {2} tested=1100/8675 | kept=50 | rest=12511
[TEST] {2} tested=1200/8675 | kept=50 | rest=12406
[TEST] {12} tested=1084/1084 | kept=5 | rest=12344
[TEST] {18} tested=542/542 | kept=0 | rest=12261
[WARN] batch start failed | size=542 {21} | split=271 {30} + 271 {31}
[TEST] {2} tested=1300/8675 | kept=56 | rest=12257
[WARN] batch start failed | size=542 {18} | split=271 {32} + 271 {33}
[TEST] {2} tested=1400/8675 | kept=109 | rest=12157
[TEST] {2} tested=1500/8675 | kept=127 | rest=12057
[TEST] {2} tested=1600/8675 | kept=203 | rest=11957
[TEST] {32} tested=100/271 | kept=0 | rest=11781
[TEST] {32} tested=200/271 | kept=0 | rest=11681
[TEST] {22} tested=100/542 | kept=8 | rest=11569
[TEST] {22} tested=200/542 | kept=8 | rest=11469
[TEST] {20} tested=100/542 | kept=69 | rest=11321
[TEST] {20} tested=200/542 | kept=127 | rest=11221
[TEST] {20} tested=300/542 | kept=198 | rest=11121
[TEST] {20} tested=400/542 | kept=262 | rest=11002
[TEST] {22} tested=300/542 | kept=9 | rest=10889
[TEST] {22} tested=400/542 | kept=11 | rest=10748
[TEST] {20} tested=500/542 | kept=314 | rest=10718
[TEST] {2} tested=1700/8675 | kept=225 | rest=10709
[TEST] {2} tested=1800/8675 | kept=234 | rest=10496
[TEST] {32} tested=271/271 | kept=0 | rest=10431
[WARN] batch start failed | size=271 {32} | split=135 {34} + 136 {35}
[TEST] {22} tested=500/542 | kept=14 | rest=10399
[TEST] {24} tested=100/542 | kept=29 | rest=10296
[TEST] {24} tested=200/542 | kept=65 | rest=10195
[TEST] {20} tested=542/542 | kept=317 | rest=10127
[TEST] {24} tested=300/542 | kept=125 | rest=10074
[TEST] {24} tested=400/542 | kept=191 | rest=9972
[WARN] batch start failed | size=543 {25} | split=271 {36} + 272 {37}
[TEST] {26} tested=100/542 | kept=9 | rest=9766
[TEST] {2} tested=1900/8675 | kept=255 | rest=9697
[TEST] {22} tested=542/542 | kept=14 | rest=9685
[WARN] batch start failed | size=543 {27} | split=271 {38} + 272 {39}
[WARN] batch start failed | size=272 {29} | split=136 {40} + 136 {41}
[TEST] {2} tested=2000/8675 | kept=256 | rest=9594
[TEST] {28} tested=100/271 | kept=0 | rest=9482
[TEST] {24} tested=500/542 | kept=234 | rest=9324
[TEST] {28} tested=200/271 | kept=5 | rest=9313
[TEST] {24} tested=542/542 | kept=234 | rest=9248
[TEST] {26} tested=200/542 | kept=10 | rest=9162
[TEST] {31} tested=100/271 | kept=22 | rest=9053
[TEST] {31} tested=200/271 | kept=50 | rest=8899
[TEST] {2} tested=2100/8675 | kept=262 | rest=8887
[TEST] {28} tested=271/271 | kept=10 | rest=8728
[WARN] batch start failed | size=271 {30} | split=135 {42} + 136 {43}
[TEST] {2} tested=2200/8675 | kept=270 | rest=8720
[WARN] batch start failed | size=543 {23} | split=271 {44} + 272 {45}
[TEST] {33} tested=100/271 | kept=0 | rest=8604
[TEST] {26} tested=300/542 | kept=21 | rest=8473
[TEST] {31} tested=271/271 | kept=52 | rest=8327
[TEST] {26} tested=400/542 | kept=40 | rest=8306
[TEST] {34} tested=100/135 | kept=0 | rest=8175
[TEST] {2} tested=2300/8675 | kept=277 | rest=8018
[TEST] {33} tested=200/271 | kept=0 | rest=7947
[TEST] {33} tested=271/271 | kept=0 | rest=7835
[WARN] batch start failed | size=271 {33} | split=135 {46} + 136 {47}
[TEST] {2} tested=2400/8675 | kept=294 | rest=7830
[TEST] {26} tested=500/542 | kept=72 | rest=7707
[TEST] {34} tested=135/135 | kept=0 | rest=7655
[WARN] batch start failed | size=135 {34} | split=67 {48} + 68 {49}
[TEST] {26} tested=542/542 | kept=72 | rest=7651
[WARN] batch start failed | size=271 {36} | split=135 {50} + 136 {51}
[WARN] batch start failed | size=271 {38} | split=135 {52} + 136 {53}
[TEST] {37} tested=100/272 | kept=60 | rest=7451
[TEST] {39} tested=100/272 | kept=1 | rest=7376
[TEST] {2} tested=2500/8675 | kept=295 | rest=7313
[TEST] {37} tested=200/272 | kept=122 | rest=7137
[TEST] {39} tested=200/272 | kept=3 | rest=7122
[TEST] {2} tested=2600/8675 | kept=295 | rest=7061
[TEST] {35} tested=100/136 | kept=0 | rest=7006
[TEST] {35} tested=136/136 | kept=0 | rest=6940
[WARN] batch start failed | size=136 {35} | split=68 {54} + 68 {55}
[TEST] {2} tested=2700/8675 | kept=295 | rest=6904
[WARN] batch start failed | size=136 {41} | split=68 {56} + 68 {57}
[WARN] batch start failed | size=136 {40} | split=68 {58} + 68 {59}
[TEST] {43} tested=100/136 | kept=26 | rest=6756
[TEST] {2} tested=2800/8675 | kept=295 | rest=6619
[TEST] {37} tested=272/272 | kept=151 | rest=6526
[WARN] batch start failed | size=135 {42} | split=67 {60} + 68 {61}
[TEST] {39} tested=272/272 | kept=3 | rest=6512
[WARN] batch start failed | size=271 {44} | split=135 {62} + 136 {63}
[TEST] {45} tested=100/272 | kept=69 | rest=6383
[TEST] {45} tested=200/272 | kept=138 | rest=6272
[TEST] {47} tested=100/136 | kept=0 | rest=6115
[TEST] {2} tested=2900/8675 | kept=295 | rest=6110
[TEST] {43} tested=136/136 | kept=39 | rest=6094
[TEST] {2} tested=3000/8675 | kept=302 | rest=5923
[TEST] {45} tested=272/272 | kept=180 | rest=5840
[TEST] {2} tested=3100/8675 | kept=305 | rest=5720
[TEST] {47} tested=136/136 | kept=0 | rest=5683
[WARN] batch start failed | size=136 {47} | split=68 {64} + 68 {65}
[TEST] {46} tested=100/135 | kept=0 | rest=5517
[TEST] {46} tested=135/135 | kept=0 | rest=5481
[WARN] batch start failed | size=135 {46} | split=67 {66} + 68 {67}
[TEST] {2} tested=3200/8675 | kept=307 | rest=5480
[WARN] batch start failed | size=135 {50} | split=67 {68} + 68 {69}
[TEST] {51} tested=100/136 | kept=39 | rest=5356
[TEST] {2} tested=3300/8675 | kept=309 | rest=5267
[TEST] {48} tested=67/67 | kept=0 | rest=5172
[WARN] batch start failed | size=67 {48} | split=33 {70} + 34 {71}
[TEST] {2} tested=3400/8675 | kept=310 | rest=5163
[TEST] {49} tested=68/68 | kept=0 | rest=5034
[WARN] batch start failed | size=68 {49} | split=34 {72} + 34 {73}
[WARN] batch start failed | size=135 {52} | split=67 {74} + 68 {75}
[TEST] {2} tested=3500/8675 | kept=310 | rest=4959
[TEST] {51} tested=136/136 | kept=56 | rest=4828
[TEST] {2} tested=3600/8675 | kept=311 | rest=4757
[TEST] {2} tested=3700/8675 | kept=311 | rest=4654
[TEST] {53} tested=100/136 | kept=1 | rest=4644
[TEST] {53} tested=136/136 | kept=1 | rest=4586
[WARN] batch start failed | size=68 {56} | split=34 {76} + 34 {77}
[TEST] {54} tested=68/68 | kept=0 | rest=4543
[WARN] batch start failed | size=68 {54} | split=34 {78} + 34 {79}
[TEST] {55} tested=68/68 | kept=0 | rest=4406
[WARN] batch start failed | size=68 {55} | split=34 {80} + 34 {81}
[WARN] batch start failed | size=68 {59} | split=34 {82} + 34 {83}
[WARN] batch start failed | size=68 {61} | split=34 {84} + 34 {85}
[TEST] {2} tested=3800/8675 | kept=313 | rest=4318
[TEST] {57} tested=68/68 | kept=60 | rest=4210
[TEST] {2} tested=3900/8675 | kept=319 | rest=4209
[TEST] {58} tested=68/68 | kept=20 | rest=4131
[WARN] batch start failed | size=136 {63} | split=68 {86} + 68 {87}
[TEST] {62} tested=100/135 | kept=13 | rest=4036
[TEST] {60} tested=67/67 | kept=5 | rest=3977
[TEST] {2} tested=4000/8675 | kept=319 | rest=3857
[TEST] {62} tested=135/135 | kept=16 | rest=3816
[TEST] {65} tested=68/68 | kept=0 | rest=3755
[WARN] batch start failed | size=68 {65} | split=34 {88} + 34 {89}
[TEST] {64} tested=68/68 | kept=0 | rest=3656
[WARN] batch start failed | size=68 {64} | split=34 {90} + 34 {91}
[WARN] batch start failed | size=67 {68} | split=33 {92} + 34 {93}
[TEST] {2} tested=4100/8675 | kept=319 | rest=3565
[TEST] {67} tested=68/68 | kept=0 | rest=3464
[WARN] batch start failed | size=68 {67} | split=34 {94} + 34 {95}
[TEST] {66} tested=67/67 | kept=0 | rest=3398
[WARN] batch start failed | size=67 {66} | split=33 {96} + 34 {97}
[TEST] {71} tested=34/34 | kept=0 | rest=3361
[WARN] batch start failed | size=34 {71} | split=17 {98} + 17 {99}
[TEST] {72} tested=34/34 | kept=0 | rest=3319
[WARN] batch start failed | size=34 {72} | split=17 {100} + 17 {101}
[TEST] {2} tested=4200/8675 | kept=319 | rest=3278
[TEST] {69} tested=68/68 | kept=39 | rest=3249
[TEST] {2} tested=4300/8675 | kept=319 | rest=3112
[TEST] {70} tested=33/33 | kept=0 | rest=3105
[WARN] batch start failed | size=33 {70} | split=16 {102} + 17 {103}
[WARN] batch start failed | size=68 {75} | split=34 {104} + 34 {105}
[WARN] batch start failed | size=34 {76} | split=17 {106} + 17 {107}
[WARN] batch start failed | size=34 {77} | split=17 {108} + 17 {109}
[TEST] {73} tested=34/34 | kept=0 | rest=3060
[WARN] batch start failed | size=34 {73} | split=17 {110} + 17 {111}
[TEST] {74} tested=67/67 | kept=0 | rest=2984
[WARN] batch start failed | size=67 {74} | split=33 {112} + 34 {113}
[TEST] {2} tested=4400/8675 | kept=319 | rest=2927
[TEST] {78} tested=34/34 | kept=0 | rest=2828
[WARN] batch start failed | size=34 {78} | split=17 {114} + 17 {115}
[TEST] {2} tested=4500/8675 | kept=319 | rest=2791
[TEST] {79} tested=34/34 | kept=0 | rest=2780
[WARN] batch start failed | size=34 {79} | split=17 {116} + 17 {117}
[TEST] {80} tested=34/34 | kept=0 | rest=2732
[WARN] batch start failed | size=34 {80} | split=17 {118} + 17 {119}
[WARN] batch start failed | size=34 {83} | split=17 {120} + 17 {121}
[TEST] {2} tested=4600/8675 | kept=320 | rest=2637
[TEST] {81} tested=34/34 | kept=0 | rest=2565
[WARN] batch start failed | size=34 {81} | split=17 {122} + 17 {123}
[WARN] batch start failed | size=34 {84} | split=17 {124} + 17 {125}
[TEST] {2} tested=4700/8675 | kept=320 | rest=2465
[TEST] {85} tested=34/34 | kept=4 | rest=2461
[WARN] batch start failed | size=68 {87} | split=34 {126} + 34 {127}
[TEST] {82} tested=34/34 | kept=5 | rest=2362
[TEST] {86} tested=68/68 | kept=0 | rest=2270
[WARN] batch start failed | size=68 {86} | split=34 {128} + 34 {129}
[TEST] {2} tested=4800/8675 | kept=320 | rest=2253
[TEST] {89} tested=34/34 | kept=0 | rest=2178
[WARN] batch start failed | size=34 {89} | split=17 {130} + 17 {131}
[TEST] {2} tested=4900/8675 | kept=320 | rest=2106
[TEST] {88} tested=34/34 | kept=0 | rest=2072
[WARN] batch start failed | size=34 {88} | split=17 {132} + 17 {133}
[WARN] batch start failed | size=33 {92} | split=16 {134} + 17 {135}
[TEST] {91} tested=34/34 | kept=0 | rest=2031
[WARN] batch start failed | size=34 {91} | split=17 {136} + 17 {137}
[TEST] {90} tested=34/34 | kept=0 | rest=1939
[WARN] batch start failed | size=34 {90} | split=17 {138} + 17 {139}
[TEST] {2} tested=5000/8675 | kept=320 | rest=1915
[TEST] {93} tested=34/34 | kept=24 | rest=1832
[TEST] {2} tested=5100/8675 | kept=320 | rest=1785
[TEST] {94} tested=34/34 | kept=0 | rest=1764
[WARN] batch start failed | size=34 {94} | split=17 {140} + 17 {141}
[TEST] {95} tested=34/34 | kept=0 | rest=1665
[WARN] batch start failed | size=34 {95} | split=17 {142} + 17 {143}
[TEST] {99} tested=17/17 | kept=0 | rest=1641
[WARN] batch start failed | size=17 {99} | split=8 {144} + 9 {145}
[TEST] {98} tested=17/17 | kept=0 | rest=1620
[WARN] batch start failed | size=17 {98} | split=8 {146} + 9 {147}
[TEST] {100} tested=17/17 | kept=0 | rest=1588
[WARN] batch start failed | size=17 {100} | split=8 {148} + 9 {149}
[TEST] {2} tested=5200/8675 | kept=320 | rest=1586
[TEST] {96} tested=33/33 | kept=0 | rest=1546
[WARN] batch start failed | size=33 {96} | split=16 {150} + 17 {151}
[TEST] {102} tested=16/16 | kept=0 | rest=1530
[WARN] batch start failed | size=16 {102} | split=8 {152} + 8 {153}
[TEST] {97} tested=34/34 | kept=0 | rest=1480
[WARN] batch start failed | size=34 {97} | split=17 {154} + 17 {155}
[WARN] batch start failed | size=34 {104} | split=17 {156} + 17 {157}
[TEST] {101} tested=17/17 | kept=0 | rest=1394
[WARN] batch start failed | size=17 {101} | split=8 {158} + 9 {159}
[WARN] batch start failed | size=17 {106} | split=8 {160} + 9 {161}
[WARN] batch start failed | size=17 {107} | split=8 {162} + 9 {163}
[TEST] {2} tested=5300/8675 | kept=320 | rest=1387
[TEST] {103} tested=17/17 | kept=0 | rest=1333
[WARN] batch start failed | size=17 {103} | split=8 {164} + 9 {165}
[WARN] batch start failed | size=17 {109} | split=8 {166} + 9 {167}
[TEST] {110} tested=17/17 | kept=0 | rest=1314
[WARN] batch start failed | size=17 {110} | split=8 {168} + 9 {169}
[TEST] {105} tested=34/34 | kept=0 | rest=1263
[WARN] batch start failed | size=34 {105} | split=17 {170} + 17 {171}
[TEST] {2} tested=5400/8675 | kept=320 | rest=1205
[TEST] {108} tested=17/17 | kept=0 | rest=1187
[WARN] batch start failed | size=17 {108} | split=8 {172} + 9 {173}
[TEST] {111} tested=17/17 | kept=0 | rest=1113
[WARN] batch start failed | size=17 {111} | split=8 {174} + 9 {175}
[TEST] {112} tested=33/33 | kept=0 | rest=1058
[WARN] batch start failed | size=33 {112} | split=16 {176} + 17 {177}
[TEST] {2} tested=5500/8675 | kept=320 | rest=1057
[TEST] {113} tested=34/34 | kept=0 | rest=989
[WARN] batch start failed | size=34 {113} | split=17 {178} + 17 {179}
[TEST] {114} tested=17/17 | kept=0 | rest=925
[WARN] batch start failed | size=17 {114} | split=8 {180} + 9 {181}
[TEST] {2} tested=5600/8675 | kept=320 | rest=923
[TEST] {115} tested=17/17 | kept=0 | rest=881
[WARN] batch start failed | size=17 {115} | split=8 {182} + 9 {183}
[TEST] {116} tested=17/17 | kept=0 | rest=813
[WARN] batch start failed | size=17 {116} | split=8 {184} + 9 {185}
[TEST] {2} tested=5700/8675 | kept=320 | rest=780
[TEST] {117} tested=17/17 | kept=0 | rest=752
[WARN] batch start failed | size=17 {117} | split=8 {186} + 9 {187}
[TEST] {118} tested=17/17 | kept=0 | rest=701
[WARN] batch start failed | size=17 {118} | split=8 {188} + 9 {189}
[WARN] batch start failed | size=17 {121} | split=8 {190} + 9 {191}
[TEST] {2} tested=5800/8675 | kept=320 | rest=636
[TEST] {119} tested=17/17 | kept=0 | rest=622
[WARN] batch start failed | size=17 {119} | split=8 {192} + 9 {193}
[TEST] {120} tested=17/17 | kept=6 | rest=576
[WARN] batch start failed | size=17 {125} | split=8 {194} + 9 {195}
[TEST] {123} tested=17/17 | kept=0 | rest=532
[WARN] batch start failed | size=17 {123} | split=8 {196} + 9 {197}
[WARN] batch start failed | size=34 {127} | split=17 {198} + 17 {199}
[TEST] {2} tested=5900/8675 | kept=320 | rest=496
[TEST] {122} tested=17/17 | kept=0 | rest=447
[WARN] batch start failed | size=17 {122} | split=8 {200} + 9 {201}
[TEST] {124} tested=17/17 | kept=1 | rest=390
[TEST] {2} tested=6000/8675 | kept=320 | rest=340
[TEST] {126} tested=34/34 | kept=2 | rest=330
[TEST] {128} tested=34/34 | kept=0 | rest=245
[WARN] batch start failed | size=34 {128} | split=17 {202} + 17 {203}
[TEST] {129} tested=34/34 | kept=0 | rest=167
[WARN] batch start failed | size=34 {129} | split=17 {204} + 17 {205}
[TEST] {2} tested=6100/8675 | kept=320 | rest=148
[TEST] {130} tested=17/17 | kept=0 | rest=120
[WARN] batch start failed | size=17 {130} | split=8 {206} + 9 {207}
[TEST] {131} tested=17/17 | kept=0 | rest=53
[WARN] batch start failed | size=17 {131} | split=8 {208} + 9 {209}
[WARN] batch start failed | size=16 {134} | split=8 {210} + 8 {211}
[TEST] {2} tested=6200/8675 | kept=320 | rest=18
[TEST] {132} tested=17/17 | kept=0 | rest=0
[WARN] batch start failed | size=17 {132} | split=8 {212} + 9 {213}
[TEST] {133} tested=17/17 | kept=0 | rest=0
[WARN] batch start failed | size=17 {133} | split=8 {214} + 9 {215}
[TEST] {2} tested=6300/8675 | kept=320 | rest=0
[TEST] {135} tested=17/17 | kept=5 | rest=0
[TEST] {2} tested=6400/8675 | kept=320 | rest=0
[TEST] {136} tested=17/17 | kept=0 | rest=0
[WARN] batch start failed | size=17 {136} | split=8 {216} + 9 {217}
[TEST] {137} tested=17/17 | kept=0 | rest=0
[WARN] batch start failed | size=17 {137} | split=8 {218} + 9 {219}
[TEST] {2} tested=6500/8675 | kept=320 | rest=0
[TEST] {2} tested=6600/8675 | kept=320 | rest=0
[TEST] {139} tested=17/17 | kept=0 | rest=0
[WARN] batch start failed | size=17 {139} | split=8 {220} + 9 {221}
[TEST] {2} tested=6700/8675 | kept=320 | rest=0
[TEST] {2} tested=6800/8675 | kept=320 | rest=0
[TEST] {138} tested=17/17 | kept=0 | rest=0
[WARN] batch start failed | size=17 {138} | split=8 {222} + 9 {223}
[TEST] {141} tested=17/17 | kept=0 | rest=0
[WARN] batch start failed | size=17 {141} | split=8 {224} + 9 {225}
[TEST] {2} tested=6900/8675 | kept=321 | rest=0
[TEST] {140} tested=17/17 | kept=0 | rest=0
[WARN] batch start failed | size=17 {140} | split=8 {226} + 9 {227}
[TEST] {144} tested=8/8 | kept=0 | rest=0
[WARN] batch start failed | size=8 {144} | split=1 {228} + 1 {229} + 1 {230} + 1 {231} + 1 {232} + 1 {233} + 1 {234} + 1 {235}
[TEST] {145} tested=9/9 | kept=0 | rest=0
[WARN] batch start failed | size=9 {145} | split=4 {236} + 5 {237}
[TEST] {146} tested=8/8 | kept=0 | rest=0
[WARN] batch start failed | size=8 {146} | split=1 {238} + 1 {239} + 1 {240} + 1 {241} + 1 {242} + 1 {243} + 1 {244} + 1 {245}
[TEST] {147} tested=9/9 | kept=0 | rest=0
[WARN] batch start failed | size=9 {147} | split=4 {246} + 5 {247}
[TEST] {148} tested=8/8 | kept=0 | rest=0
[WARN] batch start failed | size=8 {148} | split=1 {248} + 1 {249} + 1 {250} + 1 {251} + 1 {252} + 1 {253} + 1 {254} + 1 {255}
[TEST] {149} tested=9/9 | kept=0 | rest=0
[WARN] batch start failed | size=9 {149} | split=4 {256} + 5 {257}
[TEST] {2} tested=7000/8675 | kept=321 | rest=0
[TEST] {2} tested=7100/8675 | kept=321 | rest=0
[TEST] {142} tested=17/17 | kept=0 | rest=0
[WARN] batch start failed | size=17 {142} | split=8 {258} + 9 {259}
[TEST] {143} tested=17/17 | kept=0 | rest=0
[WARN] batch start failed | size=17 {143} | split=8 {260} + 9 {261}
[TEST] {152} tested=8/8 | kept=0 | rest=0
[WARN] batch start failed | size=8 {152} | split=1 {262} + 1 {263} + 1 {264} + 1 {265} + 1 {266} + 1 {267} + 1 {268} + 1 {269}
[TEST] {153} tested=8/8 | kept=0 | rest=0
[WARN] batch start failed | size=8 {153} | split=1 {270} + 1 {271} + 1 {272} + 1 {273} + 1 {274} + 1 {275} + 1 {276} + 1 {277}
[TEST] {2} tested=7200/8675 | kept=321 | rest=0
[TEST] {2} tested=7300/8675 | kept=321 | rest=0
[TEST] {150} tested=16/16 | kept=0 | rest=0
[WARN] batch start failed | size=16 {150} | split=8 {278} + 8 {279}
[TEST] {151} tested=17/17 | kept=0 | rest=0
[WARN] batch start failed | size=17 {151} | split=8 {280} + 9 {281}
[TEST] {2} tested=7400/8675 | kept=327 | rest=0
[TEST] {155} tested=17/17 | kept=0 | rest=0
[WARN] batch start failed | size=17 {155} | split=8 {282} + 9 {283}
[WARN] batch start failed | size=17 {157} | split=8 {284} + 9 {285}
[TEST] {154} tested=17/17 | kept=0 | rest=0
[WARN] batch start failed | size=17 {154} | split=8 {286} + 9 {287}
[TEST] {158} tested=8/8 | kept=0 | rest=0
[WARN] batch start failed | size=8 {158} | split=1 {288} + 1 {289} + 1 {290} + 1 {291} + 1 {292} + 1 {293} + 1 {294} + 1 {295}
[TEST] {2} tested=7500/8675 | kept=330 | rest=0
[TEST] {156} tested=17/17 | kept=0 | rest=0
[WARN] batch start failed | size=17 {156} | split=8 {296} + 9 {297}
[WARN] batch start failed | size=9 {161} | split=4 {298} + 5 {299}
[WARN] batch start failed | size=8 {162} | split=1 {300} + 1 {301} + 1 {302} + 1 {303} + 1 {304} + 1 {305} + 1 {306} + 1 {307}
[TEST] {2} tested=7600/8675 | kept=332 | rest=0
[TEST] {159} tested=9/9 | kept=0 | rest=0
[WARN] batch start failed | size=9 {159} | split=4 {308} + 5 {309}
[TEST] {164} tested=8/8 | kept=0 | rest=0
[WARN] batch start failed | size=8 {164} | split=1 {310} + 1 {311} + 1 {312} + 1 {313} + 1 {314} + 1 {315} + 1 {316} + 1 {317}
[TEST] {160} tested=8/8 | kept=0 | rest=0
[WARN] batch start failed | size=8 {160} | split=1 {318} + 1 {319} + 1 {320} + 1 {321} + 1 {322} + 1 {323} + 1 {324} + 1 {325}
[TEST] {2} tested=7700/8675 | kept=333 | rest=0
[WARN] batch start failed | size=8 {166} | split=1 {326} + 1 {327} + 1 {328} + 1 {329} + 1 {330} + 1 {331} + 1 {332} + 1 {333}
[WARN] batch start failed | size=9 {167} | split=4 {334} + 5 {335}
[TEST] {169} tested=9/9 | kept=0 | rest=0
[WARN] batch start failed | size=9 {169} | split=4 {336} + 5 {337}
[TEST] {168} tested=8/8 | kept=0 | rest=0
[WARN] batch start failed | size=8 {168} | split=1 {338} + 1 {339} + 1 {340} + 1 {341} + 1 {342} + 1 {343} + 1 {344} + 1 {345}
[TEST] {163} tested=9/9 | kept=0 | rest=0
[WARN] batch start failed | size=9 {163} | split=4 {346} + 5 {347}
[TEST] {165} tested=9/9 | kept=0 | rest=0
[WARN] batch start failed | size=9 {165} | split=4 {348} + 5 {349}
[TEST] {172} tested=8/8 | kept=0 | rest=0
[WARN] batch start failed | size=8 {172} | split=1 {350} + 1 {351} + 1 {352} + 1 {353} + 1 {354} + 1 {355} + 1 {356} + 1 {357}
[TEST] {2} tested=7800/8675 | kept=333 | rest=0
[TEST] {171} tested=17/17 | kept=0 | rest=0
[WARN] batch start failed | size=17 {171} | split=8 {358} + 9 {359}
[TEST] {174} tested=8/8 | kept=0 | rest=0
[WARN] batch start failed | size=8 {174} | split=1 {360} + 1 {361} + 1 {362} + 1 {363} + 1 {364} + 1 {365} + 1 {366} + 1 {367}
[TEST] {170} tested=17/17 | kept=0 | rest=0
[WARN] batch start failed | size=17 {170} | split=8 {368} + 9 {369}
[TEST] {2} tested=7900/8675 | kept=334 | rest=0
[TEST] {2} tested=8000/8675 | kept=334 | rest=0
[TEST] {173} tested=9/9 | kept=0 | rest=0
[WARN] batch start failed | size=9 {173} | split=4 {370} + 5 {371}
[TEST] {2} tested=8100/8675 | kept=334 | rest=0
[TEST] {175} tested=9/9 | kept=0 | rest=0
[WARN] batch start failed | size=9 {175} | split=4 {372} + 5 {373}
[TEST] {176} tested=16/16 | kept=0 | rest=0
[WARN] batch start failed | size=16 {176} | split=8 {374} + 8 {375}
[TEST] {2} tested=8200/8675 | kept=334 | rest=0
[TEST] {177} tested=17/17 | kept=0 | rest=0
[WARN] batch start failed | size=17 {177} | split=8 {376} + 9 {377}
[TEST] {2} tested=8300/8675 | kept=334 | rest=0
[TEST] {178} tested=17/17 | kept=0 | rest=0
[WARN] batch start failed | size=17 {178} | split=8 {378} + 9 {379}
[TEST] {179} tested=17/17 | kept=0 | rest=0
[WARN] batch start failed | size=17 {179} | split=8 {380} + 9 {381}
[TEST] {2} tested=8400/8675 | kept=334 | rest=0
[TEST] {180} tested=8/8 | kept=0 | rest=0
[WARN] batch start failed | size=8 {180} | split=1 {382} + 1 {383} + 1 {384} + 1 {385} + 1 {386} + 1 {387} + 1 {388} + 1 {389}
[TEST] {2} tested=8500/8675 | kept=334 | rest=0
[TEST] {181} tested=9/9 | kept=0 | rest=0
[WARN] batch start failed | size=9 {181} | split=4 {390} + 5 {391}
[TEST] {182} tested=8/8 | kept=0 | rest=0
[WARN] batch start failed | size=8 {182} | split=1 {392} + 1 {393} + 1 {394} + 1 {395} + 1 {396} + 1 {397} + 1 {398} + 1 {399}
[TEST] {2} tested=8600/8675 | kept=335 | rest=0
[TEST] {183} tested=9/9 | kept=0 | rest=0
[WARN] batch start failed | size=9 {183} | split=4 {400} + 5 {401}
[TEST] {184} tested=8/8 | kept=0 | rest=0
[WARN] batch start failed | size=8 {184} | split=1 {402} + 1 {403} + 1 {404} + 1 {405} + 1 {406} + 1 {407} + 1 {408} + 1 {409}
[TEST] {185} tested=9/9 | kept=0 | rest=0
[WARN] batch start failed | size=9 {185} | split=4 {410} + 5 {411}
[TEST] {2} tested=8675/8675 | kept=335 | rest=0
[TEST] {186} tested=8/8 | kept=0 | rest=0
[WARN] batch start failed | size=8 {186} | split=1 {412} + 1 {413} + 1 {414} + 1 {415} + 1 {416} + 1 {417} + 1 {418} + 1 {419}
[WARN] batch start failed | size=8 {190} | split=1 {420} + 1 {421} + 1 {422} + 1 {423} + 1 {424} + 1 {425} + 1 {426} + 1 {427}
[TEST] {187} tested=9/9 | kept=0 | rest=0
[WARN] batch start failed | size=9 {187} | split=4 {428} + 5 {429}
[TEST] {188} tested=8/8 | kept=0 | rest=0
[WARN] batch start failed | size=8 {188} | split=1 {430} + 1 {431} + 1 {432} + 1 {433} + 1 {434} + 1 {435} + 1 {436} + 1 {437}
[TEST] {189} tested=9/9 | kept=0 | rest=0
[WARN] batch start failed | size=9 {189} | split=4 {438} + 5 {439}
[WARN] batch start failed | size=9 {195} | split=4 {440} + 5 {441}
[TEST] {191} tested=9/9 | kept=0 | rest=0
[WARN] batch start failed | size=9 {191} | split=4 {442} + 5 {443}
[TEST] {192} tested=8/8 | kept=0 | rest=0
[WARN] batch start failed | size=8 {192} | split=1 {444} + 1 {445} + 1 {446} + 1 {447} + 1 {448} + 1 {449} + 1 {450} + 1 {451}
[TEST] {193} tested=9/9 | kept=0 | rest=0
[WARN] batch start failed | size=9 {193} | split=4 {452} + 5 {453}
[TEST] {194} tested=8/8 | kept=0 | rest=0
[WARN] batch start failed | size=8 {194} | split=1 {454} + 1 {455} + 1 {456} + 1 {457} + 1 {458} + 1 {459} + 1 {460} + 1 {461}
[WARN] batch start failed | size=17 {198} | split=8 {462} + 9 {463}
[TEST] {196} tested=8/8 | kept=0 | rest=0
[WARN] batch start failed | size=8 {196} | split=1 {464} + 1 {465} + 1 {466} + 1 {467} + 1 {468} + 1 {469} + 1 {470} + 1 {471}
[TEST] {197} tested=9/9 | kept=0 | rest=0
[WARN] batch start failed | size=9 {197} | split=4 {472} + 5 {473}
[TEST] {199} tested=17/17 | kept=1 | rest=0
[TEST] {200} tested=8/8 | kept=0 | rest=0
[WARN] batch start failed | size=8 {200} | split=1 {474} + 1 {475} + 1 {476} + 1 {477} + 1 {478} + 1 {479} + 1 {480} + 1 {481}
[TEST] {201} tested=9/9 | kept=0 | rest=0
[WARN] batch start failed | size=9 {201} | split=4 {482} + 5 {483}
[TEST] {202} tested=17/17 | kept=0 | rest=0
[WARN] batch start failed | size=17 {202} | split=8 {484} + 9 {485}
[TEST] {203} tested=17/17 | kept=0 | rest=0
[WARN] batch start failed | size=17 {203} | split=8 {486} + 9 {487}
[TEST] {204} tested=17/17 | kept=0 | rest=0
[WARN] batch start failed | size=17 {204} | split=8 {488} + 9 {489}
[TEST] {205} tested=17/17 | kept=0 | rest=0
[WARN] batch start failed | size=17 {205} | split=8 {490} + 9 {491}
[TEST] {206} tested=8/8 | kept=0 | rest=0
[WARN] batch start failed | size=8 {206} | split=1 {492} + 1 {493} + 1 {494} + 1 {495} + 1 {496} + 1 {497} + 1 {498} + 1 {499}
[TEST] {207} tested=9/9 | kept=0 | rest=0
[WARN] batch start failed | size=9 {207} | split=4 {500} + 5 {501}
[WARN] batch start failed | size=8 {211} | split=1 {502} + 1 {503} + 1 {504} + 1 {505} + 1 {506} + 1 {507} + 1 {508} + 1 {509}
[TEST] {208} tested=8/8 | kept=0 | rest=0
[WARN] batch start failed | size=8 {208} | split=1 {510} + 1 {511} + 1 {512} + 1 {513} + 1 {514} + 1 {515} + 1 {516} + 1 {517}
[TEST] {209} tested=9/9 | kept=0 | rest=0
[WARN] batch start failed | size=9 {209} | split=4 {518} + 5 {519}
[TEST] {210} tested=8/8 | kept=2 | rest=0
[TEST] {213} tested=9/9 | kept=0 | rest=0
[WARN] batch start failed | size=9 {213} | split=4 {520} + 5 {521}
[TEST] {212} tested=8/8 | kept=0 | rest=0
[WARN] batch start failed | size=8 {212} | split=1 {522} + 1 {523} + 1 {524} + 1 {525} + 1 {526} + 1 {527} + 1 {528} + 1 {529}
[TEST] {214} tested=8/8 | kept=0 | rest=0
[WARN] batch start failed | size=8 {214} | split=1 {530} + 1 {531} + 1 {532} + 1 {533} + 1 {534} + 1 {535} + 1 {536} + 1 {537}
[TEST] {215} tested=9/9 | kept=0 | rest=0
[WARN] batch start failed | size=9 {215} | split=4 {538} + 5 {539}
[TEST] {216} tested=8/8 | kept=0 | rest=0
[WARN] batch start failed | size=8 {216} | split=1 {540} + 1 {541} + 1 {542} + 1 {543} + 1 {544} + 1 {545} + 1 {546} + 1 {547}
[TEST] {217} tested=9/9 | kept=0 | rest=0
[WARN] batch start failed | size=9 {217} | split=4 {548} + 5 {549}
[TEST] {221} tested=9/9 | kept=0 | rest=0
[WARN] batch start failed | size=9 {221} | split=4 {550} + 5 {551}
[TEST] {218} tested=8/8 | kept=0 | rest=0
[WARN] batch start failed | size=8 {218} | split=1 {552} + 1 {553} + 1 {554} + 1 {555} + 1 {556} + 1 {557} + 1 {558} + 1 {559}
[TEST] {219} tested=9/9 | kept=0 | rest=0
[WARN] batch start failed | size=9 {219} | split=4 {560} + 5 {561}
[TEST] {220} tested=8/8 | kept=0 | rest=0
[WARN] batch start failed | size=8 {220} | split=1 {562} + 1 {563} + 1 {564} + 1 {565} + 1 {566} + 1 {567} + 1 {568} + 1 {569}
[TEST] {222} tested=8/8 | kept=0 | rest=0
[WARN] batch start failed | size=8 {222} | split=1 {570} + 1 {571} + 1 {572} + 1 {573} + 1 {574} + 1 {575} + 1 {576} + 1 {577}
[TEST] {223} tested=9/9 | kept=0 | rest=0
[WARN] batch start failed | size=9 {223} | split=4 {578} + 5 {579}
[TEST] {226} tested=8/8 | kept=0 | rest=0
[WARN] batch start failed | size=8 {226} | split=1 {580} + 1 {581} + 1 {582} + 1 {583} + 1 {584} + 1 {585} + 1 {586} + 1 {587}
[TEST] {228} tested=1/1 | kept=0 | rest=0
[DROP] name=[免费节点10] 🇺🇸 US 1967 → tg@nicevpn123 {228} | server=104.19.44.199:80 | reason=mihomo start failed
[TEST] {229} tested=1/1 | kept=0 | rest=0
[DROP] name=[免费节点10] 🇺🇸 US 1968 → tg@nicevpn123 {229} | server=104.19.44.50:80 | reason=mihomo start failed
[TEST] {230} tested=1/1 | kept=0 | rest=0
[DROP] name=[免费节点10] 🇺🇸 US 1969 → tg@nicevpn123 {230} | server=104.19.44.232:80 | reason=mihomo start failed
[TEST] {231} tested=1/1 | kept=0 | rest=0
[DROP] name=[免费节点10] 🇺🇸 US 197 → tg@nicevpn123 {231} | server=104.16.40.208:2082 | reason=mihomo start failed
[TEST] {232} tested=1/1 | kept=0 | rest=0
[DROP] name=[免费节点10] 🇺🇸 US 1970 → tg@nicevpn123 {232} | server=104.19.44.35:80 | reason=mihomo start failed
[TEST] {233} tested=1/1 | kept=0 | rest=0
[DROP] name=[免费节点10] 🇺🇸 US 1971 → tg@nicevpn123 {233} | server=104.19.44.12:80 | reason=mihomo start failed
[TEST] {235} tested=1/1 | kept=0 | rest=0
[DROP] name=[免费节点10] 🇺🇸 US 1973 → tg@nicevpn123 {235} | server=104.19.44.25:80 | reason=mihomo start failed
[TEST] {234} tested=1/1 | kept=0 | rest=0
[DROP] name=[免费节点10] 🇺🇸 US 1972 → tg@nicevpn123 {234} | server=104.19.44.24:80 | reason=mihomo start failed
[TEST] {236} tested=4/4 | kept=0 | rest=0
[WARN] batch start failed | size=4 {236} | split=1 {588} + 1 {589} + 1 {590} + 1 {591}
[TEST] {237} tested=5/5 | kept=0 | rest=0
[WARN] batch start failed | size=5 {237} | split=1 {592} + 1 {593} + 1 {594} + 1 {595} + 1 {596}
[TEST] {238} tested=1/1 | kept=0 | rest=0
[DROP] name=[免费节点10] 🇺🇸 US 1950 → tg@nicevpn123 {238} | server=104.19.44.102:80 | reason=mihomo start failed
[TEST] {239} tested=1/1 | kept=0 | rest=0
[DROP] name=[免费节点10] 🇺🇸 US 1951 → tg@nicevpn123 {239} | server=104.19.44.29:80 | reason=mihomo start failed
[TEST] {240} tested=1/1 | kept=0 | rest=0
[DROP] name=[免费节点10] 🇺🇸 US 1952 → tg@nicevpn123 {240} | server=104.19.44.98:80 | reason=mihomo start failed
[TEST] {241} tested=1/1 | kept=0 | rest=0
[DROP] name=[免费节点10] 🇺🇸 US 1953 → tg@nicevpn123 {241} | server=104.19.44.228:80 | reason=mihomo start failed
[TEST] {243} tested=1/1 | kept=0 | rest=0
[DROP] name=[免费节点10] 🇺🇸 US 1955 → tg@nicevpn123 {243} | server=104.19.44.246:80 | reason=mihomo start failed
[TEST] {242} tested=1/1 | kept=0 | rest=0
[DROP] name=[免费节点10] 🇺🇸 US 1954 → tg@nicevpn123 {242} | server=104.19.44.223:80 | reason=mihomo start failed
[TEST] {244} tested=1/1 | kept=0 | rest=0
[DROP] name=[免费节点10] 🇺🇸 US 1956 → tg@nicevpn123 {244} | server=104.19.44.157:80 | reason=mihomo start failed
[TEST] {224} tested=8/8 | kept=0 | rest=0
[WARN] batch start failed | size=8 {224} | split=1 {597} + 1 {598} + 1 {599} + 1 {600} + 1 {601} + 1 {602} + 1 {603} + 1 {604}
[TEST] {245} tested=1/1 | kept=0 | rest=0
[DROP] name=[免费节点10] 🇺🇸 US 1957 → tg@nicevpn123 {245} | server=104.19.44.213:80 | reason=mihomo start failed
[TEST] {247} tested=5/5 | kept=0 | rest=0
[WARN] batch start failed | size=5 {247} | split=1 {605} + 1 {606} + 1 {607} + 1 {608} + 1 {609}
[TEST] {246} tested=4/4 | kept=0 | rest=0
[WARN] batch start failed | size=4 {246} | split=1 {610} + 1 {611} + 1 {612} + 1 {613}
[TEST] {249} tested=1/1 | kept=0 | rest=0
[DROP] name=[免费节点10] 🇺🇸 US 1983 → tg@nicevpn123 {249} | server=104.19.44.214:80 | reason=mihomo start failed
[TEST] {248} tested=1/1 | kept=0 | rest=0
[DROP] name=[免费节点10] 🇺🇸 US 1982 → tg@nicevpn123 {248} | server=104.19.44.187:80 | reason=mihomo start failed
[TEST] {250} tested=1/1 | kept=0 | rest=0
[DROP] name=[免费节点10] 🇺🇸 US 1984 → tg@nicevpn123 {250} | server=104.19.44.194:80 | reason=mihomo start failed
[TEST] {252} tested=1/1 | kept=0 | rest=0
[DROP] name=[免费节点10] 🇺🇸 US 1986 → tg@nicevpn123 {252} | server=104.19.44.158:80 | reason=mihomo start failed
[TEST] {251} tested=1/1 | kept=0 | rest=0
[DROP] name=[免费节点10] 🇺🇸 US 1985 → tg@nicevpn123 {251} | server=104.19.44.131:80 | reason=mihomo start failed
[TEST] {253} tested=1/1 | kept=0 | rest=0
[DROP] name=[免费节点10] 🇺🇸 US 1987 → tg@nicevpn123 {253} | server=104.19.44.150:80 | reason=mihomo start failed
[TEST] {254} tested=1/1 | kept=0 | rest=0
[DROP] name=[免费节点10] 🇺🇸 US 1988 → tg@nicevpn123 {254} | server=104.19.44.239:80 | reason=mihomo start failed
[TEST] {255} tested=1/1 | kept=0 | rest=0
[DROP] name=[免费节点10] 🇺🇸 US 1989 → tg@nicevpn123 {255} | server=104.19.44.90:80 | reason=mihomo start failed
[TEST] {256} tested=4/4 | kept=0 | rest=0
[WARN] batch start failed | size=4 {256} | split=1 {614} + 1 {615} + 1 {616} + 1 {617}
[TEST] {225} tested=9/9 | kept=0 | rest=0
[WARN] batch start failed | size=9 {225} | split=4 {618} + 5 {619}
[TEST] {257} tested=5/5 | kept=0 | rest=0
[WARN] batch start failed | size=5 {257} | split=1 {620} + 1 {621} + 1 {622} + 1 {623} + 1 {624}
[TEST] {227} tested=9/9 | kept=0 | rest=0
[WARN] batch start failed | size=9 {227} | split=4 {625} + 5 {626}
[TEST] {258} tested=8/8 | kept=0 | rest=0
[WARN] batch start failed | size=8 {258} | split=1 {627} + 1 {628} + 1 {629} + 1 {630} + 1 {631} + 1 {632} + 1 {633} + 1 {634}
[TEST] {259} tested=9/9 | kept=0 | rest=0
[WARN] batch start failed | size=9 {259} | split=4 {635} + 5 {636}
[TEST] {261} tested=9/9 | kept=0 | rest=0
[WARN] batch start failed | size=9 {261} | split=4 {637} + 5 {638}
[TEST] {262} tested=1/1 | kept=0 | rest=0
[DROP] name=[免费节点10] 🇺🇸 US 1920 → tg@nicevpn123 {262} | server=104.19.44.5:80 | reason=mihomo start failed
[TEST] {263} tested=1/1 | kept=0 | rest=0
[DROP] name=[免费节点10] 🇺🇸 US 1921 → tg@nicevpn123 {263} | server=104.19.44.45:80 | reason=mihomo start failed
[TEST] {264} tested=1/1 | kept=0 | rest=0
[DROP] name=[免费节点10] 🇺🇸 US 1922 → tg@nicevpn123 {264} | server=104.19.44.160:80 | reason=mihomo start failed
[TEST] {265} tested=1/1 | kept=0 | rest=0
[DROP] name=[免费节点10] 🇺🇸 US 1923 → tg@nicevpn123 {265} | server=104.19.44.149:80 | reason=mihomo start failed
[TEST] {267} tested=1/1 | kept=0 | rest=0
[DROP] name=[免费节点10] 🇺🇸 US 1925 → tg@nicevpn123 {267} | server=104.19.44.108:80 | reason=mihomo start failed
[TEST] {266} tested=1/1 | kept=0 | rest=0
[DROP] name=[免费节点10] 🇺🇸 US 1924 → tg@nicevpn123 {266} | server=104.19.44.124:80 | reason=mihomo start failed
[TEST] {269} tested=1/1 | kept=0 | rest=0
[DROP] name=[免费节点10] 🇺🇸 US 1927 → tg@nicevpn123 {269} | server=104.19.44.248:80 | reason=mihomo start failed
[TEST] {268} tested=1/1 | kept=0 | rest=0
[DROP] name=[免费节点10] 🇺🇸 US 1926 → tg@nicevpn123 {268} | server=104.19.44.185:80 | reason=mihomo start failed
[TEST] {270} tested=1/1 | kept=0 | rest=0
[DROP] name=[免费节点10] 🇺🇸 US 1928 → tg@nicevpn123 {270} | server=104.19.44.236:80 | reason=mihomo start failed
[TEST] {273} tested=1/1 | kept=0 | rest=0
[DROP] name=[免费节点10] 🇺🇸 US 1930 → tg@nicevpn123 {273} | server=104.19.44.133:80 | reason=mihomo start failed
[TEST] {271} tested=1/1 | kept=0 | rest=0
[DROP] name=[免费节点10] 🇺🇸 US 1929 → tg@nicevpn123 {271} | server=104.19.44.106:80 | reason=mihomo start failed
[TEST] {272} tested=1/1 | kept=0 | rest=0
[DROP] name=[免费节点10] 🇺🇸 US 193 → tg@nicevpn123 {272} | server=104.19.45.12:2095 | reason=mihomo start failed
[TEST] {274} tested=1/1 | kept=0 | rest=0
[DROP] name=[免费节点10] 🇺🇸 US 1931 → tg@nicevpn123 {274} | server=104.19.44.200:80 | reason=mihomo start failed
[TEST] {276} tested=1/1 | kept=0 | rest=0
[DROP] name=[免费节点10] 🇺🇸 US 1933 → tg@nicevpn123 {276} | server=104.19.44.2:80 | reason=mihomo start failed
[TEST] {275} tested=1/1 | kept=0 | rest=0
[DROP] name=[免费节点10] 🇺🇸 US 1932 → tg@nicevpn123 {275} | server=104.19.44.198:80 | reason=mihomo start failed
[TEST] {277} tested=1/1 | kept=0 | rest=0
[DROP] name=[免费节点10] 🇺🇸 US 1934 → tg@nicevpn123 {277} | server=104.19.44.70:80 | reason=mihomo start failed
[TEST] {260} tested=8/8 | kept=0 | rest=0
[WARN] batch start failed | size=8 {260} | split=1 {639} + 1 {640} + 1 {641} + 1 {642} + 1 {643} + 1 {644} + 1 {645} + 1 {646}
[TEST] {278} tested=8/8 | kept=0 | rest=0
[WARN] batch start failed | size=8 {278} | split=1 {647} + 1 {648} + 1 {649} + 1 {650} + 1 {651} + 1 {652} + 1 {653} + 1 {654}
[TEST] {279} tested=8/8 | kept=0 | rest=0
[WARN] batch start failed | size=8 {279} | split=1 {655} + 1 {656} + 1 {657} + 1 {658} + 1 {659} + 1 {660} + 1 {661} + 1 {662}
[TEST] {280} tested=8/8 | kept=0 | rest=0
[WARN] batch start failed | size=8 {280} | split=1 {663} + 1 {664} + 1 {665} + 1 {666} + 1 {667} + 1 {668} + 1 {669} + 1 {670}
[WARN] batch start failed | size=8 {284} | split=1 {671} + 1 {672} + 1 {673} + 1 {674} + 1 {675} + 1 {676} + 1 {677} + 1 {678}
[TEST] {281} tested=9/9 | kept=0 | rest=0
[WARN] batch start failed | size=9 {281} | split=4 {679} + 5 {680}
[TEST] {285} tested=9/9 | kept=1 | rest=0
[TEST] {283} tested=9/9 | kept=0 | rest=0
[WARN] batch start failed | size=9 {283} | split=4 {681} + 5 {682}
[TEST] {290} tested=1/1 | kept=0 | rest=0
[DROP] name=[免费节点10] 🇺🇸 US 2000 → tg@nicevpn123 {290} | server=104.19.44.209:80 | reason=mihomo start failed
[TEST] {282} tested=8/8 | kept=0 | rest=0
[WARN] batch start failed | size=8 {282} | split=1 {683} + 1 {684} + 1 {685} + 1 {686} + 1 {687} + 1 {688} + 1 {689} + 1 {690}
[TEST] {289} tested=1/1 | kept=0 | rest=0
[DROP] name=[免费节点10] 🇺🇸 US 20 → tg@nicevpn123 {289} | server=104.16.39.52:2082 | reason=mihomo start failed
[TEST] {291} tested=1/1 | kept=0 | rest=0
[TEST] {286} tested=8/8 | kept=0 | rest=0
[DROP] name=[免费节点10] 🇺🇸 US 2001 → tg@nicevpn123 {291} | server=104.19.44.33:80 | reason=mihomo start failed
[WARN] batch start failed | size=8 {286} | split=1 {691} + 1 {692} + 1 {693} + 1 {694} + 1 {695} + 1 {696} + 1 {697} + 1 {698}
[TEST] {288} tested=1/1 | kept=0 | rest=0
[DROP] name=[免费节点10] 🇺🇸 US 1999 → tg@nicevpn123 {288} | server=104.19.44.34:80 | reason=mihomo start failed
[TEST] {292} tested=1/1 | kept=0 | rest=0
[DROP] name=[免费节点10] 🇺🇸 US 2002 → tg@nicevpn123 {292} | server=104.19.44.91:80 | reason=mihomo start failed
[TEST] {293} tested=1/1 | kept=0 | rest=0
[DROP] name=[免费节点10] 🇺🇸 US 2003 → tg@nicevpn123 {293} | server=104.19.44.167:80 | reason=mihomo start failed
[TEST] {294} tested=1/1 | kept=0 | rest=0
[DROP] name=[免费节点10] 🇺🇸 US 2004 → tg@nicevpn123 {294} | server=104.19.44.144:80 | reason=mihomo start failed
[TEST] {295} tested=1/1 | kept=0 | rest=0
[DROP] name=[免费节点10] 🇺🇸 US 2005 → tg@nicevpn123 {295} | server=104.19.44.52:80 | reason=mihomo start failed
[TEST] {296} tested=8/8 | kept=0 | rest=0
[WARN] batch start failed | size=8 {296} | split=1 {699} + 1 {700} + 1 {701} + 1 {702} + 1 {703} + 1 {704} + 1 {705} + 1 {706}
[WARN] batch start failed | size=5 {299} | split=1 {707} + 1 {708} + 1 {709} + 1 {710} + 1 {711}
[REPAIR] name=[ChromeGO-Merge] United-2 {300} | fields=up,down
[TEST] {287} tested=9/9 | kept=0 | rest=0
[WARN] batch start failed | size=9 {287} | split=4 {712} + 5 {713}
[TEST] {304} tested=1/1 | kept=0 | rest=0
[DROP] name=[ChromeGO-Merge] Canada vmess 04 {304} | server=23.227.38.11:8080 | reason=mihomo start failed
[TEST] {303} tested=1/1 | kept=0 | rest=0
[DROP] name=[ChromeGO-Merge] None_vless_3 {303} | server=yh7.dtku41.xyz:443 | reason=mihomo start failed
[TEST] {302} tested=1/1 | kept=0 | rest=0
[DROP] name=[ChromeGO-Merge] None_vless_2 {302} | server=yh9.dtku41.xyz:443 | reason=mihomo start failed
[TEST] {305} tested=1/1 | kept=0 | rest=0
[DROP] name=[ChromeGO-Merge] None vmess 05 {305} | server=162.159.153.11:8080 | reason=mihomo start failed
[TEST] {301} tested=1/1 | kept=0 | rest=0
[DROP] name=[ChromeGO-Merge] United-3 {301} | server=yh6.dtku41.xyz:443 | reason=mihomo start failed
[TEST] {306} tested=1/1 | kept=0 | rest=0
[DROP] name=[ChromeGO-Merge] None vmess 07 {306} | server=162.159.137.31:8080 | reason=mihomo start failed
[TEST] {308} tested=4/4 | kept=0 | rest=0
[WARN] batch start failed | size=4 {308} | split=1 {714} + 1 {715} + 1 {716} + 1 {717}
[TEST] {297} tested=9/9 | kept=0 | rest=0
[WARN] batch start failed | size=9 {297} | split=4 {718} + 5 {719}
[TEST] {298} tested=4/4 | kept=0 | rest=0
[WARN] batch start failed | size=4 {298} | split=1 {720} + 1 {721} + 1 {722} + 1 {723}
[TEST] {310} tested=1/1 | kept=0 | rest=0
[DROP] name=[免费节点10] 🇺🇸 US 1935 → tg@nicevpn123 {310} | server=104.19.44.68:80 | reason=mihomo start failed
[TEST] {311} tested=1/1 | kept=0 | rest=0
[DROP] name=[免费节点10] 🇺🇸 US 1936 → tg@nicevpn123 {311} | server=104.19.44.27:80 | reason=mihomo start failed
[TEST] {313} tested=1/1 | kept=0 | rest=0
[DROP] name=[免费节点10] 🇺🇸 US 1938 → tg@nicevpn123 {313} | server=104.19.44.245:80 | reason=mihomo start failed
[TEST] {312} tested=1/1 | kept=0 | rest=0
[DROP] name=[免费节点10] 🇺🇸 US 1937 → tg@nicevpn123 {312} | server=104.19.44.143:80 | reason=mihomo start failed
[TEST] {317} tested=1/1 | kept=0 | rest=0
[DROP] name=[免费节点10] 🇺🇸 US 1941 → tg@nicevpn123 {317} | server=104.19.44.49:80 | reason=mihomo start failed
[TEST] {300} tested=1/1 | kept=0 | rest=0
[TEST] {314} tested=1/1 | kept=0 | rest=0
[TEST] {316} tested=1/1 | kept=0 | rest=0
[DROP] name=[免费节点10] 🇺🇸 US 1940 → tg@nicevpn123 {316} | server=104.19.44.204:80 | reason=mihomo start failed
[DROP] name=[免费节点10] 🇺🇸 US 1939 → tg@nicevpn123 {314} | server=104.19.44.147:80 | reason=mihomo start failed
[TEST] {315} tested=1/1 | kept=0 | rest=0
[DROP] name=[免费节点10] 🇺🇸 US 194 → tg@nicevpn123 {315} | server=104.19.45.188:2095 | reason=mihomo start failed
[TEST] {307} tested=1/1 | kept=0 | rest=0
[DROP] name=[ChromeGO-Merge] None vmess 010 {307} | server=yh1.dtku41.xyz:8080 | reason=mihomo start failed
[TEST] {309} tested=5/5 | kept=0 | rest=0
[WARN] batch start failed | size=5 {309} | split=1 {724} + 1 {725} + 1 {726} + 1 {727} + 1 {728}
[TEST] {320} tested=1/1 | kept=0 | rest=0
[DROP] name=[ChromeGO-Merge] 🇹🇼 Taiwan_hy_6 {320} | server=www2.dtku48.xyz:22334 | reason=mihomo start failed
[TEST] {318} tested=1/1 | kept=0 | rest=0
[DROP] name=[ChromeGO-Merge] 🇺🇸 United States_tuic_1 {318} | server=109.104.152.4:443 | reason=mihomo start failed
[TEST] {323} tested=1/1 | kept=0 | rest=0
[DROP] name=[ChromeGO-Merge] 🇹🇼 Taiwan_hy_9 {323} | server=www.dtku50.xyz:18470 | reason=mihomo start failed
[TEST] {319} tested=1/1 | kept=0 | rest=0
[DROP] name=[ChromeGO-Merge] 🇳🇱 Netherlands_tuic_2 {319} | server=109.104.153.17:22334 | reason=mihomo start failed
[TEST] {321} tested=1/1 | kept=0 | rest=0
[DROP] name=[ChromeGO-Merge] 🇫🇷 France_hy2_7 {321} | server=51.158.54.46:44550 | reason=mihomo start failed
[TEST] {322} tested=1/1 | kept=0 | rest=0
[DROP] name=[ChromeGO-Merge] 🇺🇸 United States_hy2_8 {322} | server=45.150.165.84:8881 | reason=mihomo start failed
[TEST] {327} tested=1/1 | kept=0 | rest=0
[DROP] name=[ChromeGO-Merge] Taiwan hysteria 2 {327} | server=www.dtku40.xyz:18490 | reason=mihomo start failed
[TEST] {324} tested=1/1 | kept=0 | rest=0
[DROP] name=[ChromeGO-Merge] 🇫🇷 France_hysteria_0 {324} | server=51.158.54.46:55396 | reason=mihomo start failed
[TEST] {325} tested=1/1 | kept=0 | rest=0
[DROP] name=[ChromeGO-Merge] 🇺🇸 United States_hysteria_1 {325} | server=173.234.25.52:30072 | reason=mihomo start failed
[TEST] {330} tested=1/1 | kept=0 | rest=0
[DROP] name=[ChromeGO-Merge] 🇺🇸 United States vless 1 {330} | server=yh1.dtku41.xyz:443 | reason=mihomo start failed
[TEST] {331} tested=1/1 | kept=0 | rest=0
[DROP] name=[ChromeGO-Merge] None vless 3 {331} | server=fbi.gov:443 | reason=mihomo start failed
[REPAIR] name=[ChromeGO-Merge] Taiwan {332} | fields=up,down
[REPAIR] name=[ChromeGO-Merge] France {333} | fields=up,down
[TEST] {332} tested=1/1 | kept=0 | rest=0
[TEST] {326} tested=1/1 | kept=0 | rest=0
[DROP] name=[ChromeGO-Merge] United States hysteria 1 {326} | server=173.234.25.52:48919 | reason=mihomo start failed
[WARN] batch start failed | size=4 {334} | split=1 {729} + 1 {730} + 1 {731} + 1 {732}
[TEST] {336} tested=4/4 | kept=0 | rest=0
[WARN] batch start failed | size=4 {336} | split=1 {733} + 1 {734} + 1 {735} + 1 {736}
[TEST] {337} tested=5/5 | kept=0 | rest=0
[WARN] batch start failed | size=5 {337} | split=1 {737} + 1 {738} + 1 {739} + 1 {740} + 1 {741}
[TEST] {338} tested=1/1 | kept=0 | rest=0
[DROP] name=[免费节点10] 🇺🇸 US 2014 → tg@nicevpn123 {338} | server=104.19.44.219:80 | reason=mihomo start failed
[TEST] {339} tested=1/1 | kept=0 | rest=0
[DROP] name=[免费节点10] 🇺🇸 US 2015 → tg@nicevpn123 {339} | server=104.19.44.75:80 | reason=mihomo start failed
[TEST] {340} tested=1/1 | kept=0 | rest=0
[DROP] name=[免费节点10] 🇺🇸 US 2016 → tg@nicevpn123 {340} | server=104.19.44.85:80 | reason=mihomo start failed
[TEST] {328} tested=1/1 | kept=0 | rest=0
[DROP] name=[ChromeGO-Merge] France hysteria2 0 {328} | server=62.210.103.0:22483 | reason=mihomo start failed
[TEST] {342} tested=1/1 | kept=0 | rest=0
[DROP] name=[免费节点10] 🇺🇸 US 2018 → tg@nicevpn123 {342} | server=104.19.44.10:80 | reason=mihomo start failed
[TEST] {341} tested=1/1 | kept=0 | rest=0
[DROP] name=[免费节点10] 🇺🇸 US 2017 → tg@nicevpn123 {341} | server=104.19.44.11:80 | reason=mihomo start failed
[TEST] {343} tested=1/1 | kept=0 | rest=0
[DROP] name=[免费节点10] 🇺🇸 US 2019 → tg@nicevpn123 {343} | server=104.19.44.207:80 | reason=mihomo start failed
[TEST] {345} tested=1/1 | kept=0 | rest=0
[DROP] name=[免费节点10] 🇺🇸 US 2021 → tg@nicevpn123 {345} | server=104.19.44.103:80 | reason=mihomo start failed
[TEST] {344} tested=1/1 | kept=0 | rest=0
[DROP] name=[免费节点10] 🇺🇸 US 2020 → tg@nicevpn123 {344} | server=104.19.44.107:80 | reason=mihomo start failed
[TEST] {335} tested=5/5 | kept=5 | rest=0
[TEST] {329} tested=1/1 | kept=0 | rest=0
[DROP] name=[ChromeGO-Merge] France hysteria2 3 {329} | server=51.159.77.198:53967 | reason=mihomo start failed
[TEST] {348} tested=4/4 | kept=0 | rest=0
[WARN] batch start failed | size=4 {348} | split=1 {742} + 1 {743} + 1 {744} + 1 {745}
[TEST] {350} tested=1/1 | kept=0 | rest=0
[DROP] name=[ChromeGO-Merge] United States vmess 23 {350} | server=yh1.freeh1.xyz:8080 | reason=mihomo start failed
[TEST] {351} tested=1/1 | kept=0 | rest=0
[DROP] name=[ChromeGO-Merge] None vmess 24 {351} | server=yh1.freeh1.xyz:8080 | reason=mihomo start failed
[TEST] {352} tested=1/1 | kept=0 | rest=0
[DROP] name=[ChromeGO-Merge] None vmess 25 {352} | server=yh2.freeh1.xyz:8080 | reason=mihomo start failed
[TEST] {353} tested=1/1 | kept=0 | rest=0
[DROP] name=[ChromeGO-Merge] United States vmess 26 {353} | server=yh2.freeh1.xyz:8080 | reason=mihomo start failed
[TEST] {354} tested=1/1 | kept=0 | rest=0
[DROP] name=[ChromeGO-Merge] None vmess 29 {354} | server=yh3.freeh1.xyz:8080 | reason=mihomo start failed
[TEST] {355} tested=1/1 | kept=0 | rest=0
[DROP] name=[ChromeGO-Merge] United States vmess 210 {355} | server=yh3.freeh1.xyz:8080 | reason=mihomo start failed
[TEST] {357} tested=1/1 | kept=0 | rest=0
[DROP] name=[ChromeGO-Merge] United States vmess 31 {357} | server=yh1.freeh1.xyz:8080 | reason=mihomo start failed
[TEST] {333} tested=1/1 | kept=0 | rest=0
[TEST] {356} tested=1/1 | kept=0 | rest=0
[DROP] name=[ChromeGO-Merge] United States vmess 211 {356} | server=yh3.freeh1.xyz:8080 | reason=mihomo start failed
[TEST] {347} tested=5/5 | kept=0 | rest=0
[WARN] batch start failed | size=5 {347} | split=1 {746} + 1 {747} + 1 {748} + 1 {749} + 1 {750}
[TEST] {346} tested=4/4 | kept=0 | rest=0
[WARN] batch start failed | size=4 {346} | split=1 {751} + 1 {752} + 1 {753} + 1 {754}
[TEST] {360} tested=1/1 | kept=0 | rest=0
[DROP] name=[免费节点10] 🇺🇸 US 2031 → tg@nicevpn123 {360} | server=104.19.44.142:80 | reason=mihomo start failed
[TEST] {362} tested=1/1 | kept=0 | rest=0
[DROP] name=[免费节点10] 🇺🇸 US 2033 → tg@nicevpn123 {362} | server=104.19.45.219:2095 | reason=mihomo start failed
[TEST] {361} tested=1/1 | kept=0 | rest=0
[DROP] name=[免费节点10] 🇺🇸 US 2032 → tg@nicevpn123 {361} | server=104.19.44.186:80 | reason=mihomo start failed
[TEST] {349} tested=5/5 | kept=0 | rest=0
[WARN] batch start failed | size=5 {349} | split=1 {755} + 1 {756} + 1 {757} + 1 {758} + 1 {759}
[TEST] {363} tested=1/1 | kept=0 | rest=0
[DROP] name=[免费节点10] 🇺🇸 US 2034 → tg@nicevpn123 {363} | server=104.19.44.182:80 | reason=mihomo start failed
[TEST] {364} tested=1/1 | kept=0 | rest=0
[DROP] name=[免费节点10] 🇺🇸 US 2035 → tg@nicevpn123 {364} | server=104.19.44.240:80 | reason=mihomo start failed
[TEST] {366} tested=1/1 | kept=0 | rest=0
[DROP] name=[免费节点10] 🇺🇸 US 2037 → tg@nicevpn123 {366} | server=104.19.45.46:80 | reason=mihomo start failed
[TEST] {365} tested=1/1 | kept=0 | rest=0
[DROP] name=[免费节点10] 🇺🇸 US 2036 → tg@nicevpn123 {365} | server=104.19.44.13:80 | reason=mihomo start failed
[TEST] {367} tested=1/1 | kept=0 | rest=0
[DROP] name=[免费节点10] 🇺🇸 US 2038 → tg@nicevpn123 {367} | server=104.19.44.74:80 | reason=mihomo start failed
[TEST] {358} tested=8/8 | kept=0 | rest=0
[WARN] batch start failed | size=8 {358} | split=1 {760} + 1 {761} + 1 {762} + 1 {763} + 1 {764} + 1 {765} + 1 {766} + 1 {767}
[TEST] {359} tested=9/9 | kept=0 | rest=0
[WARN] batch start failed | size=9 {359} | split=4 {768} + 5 {769}
[TEST] {370} tested=4/4 | kept=0 | rest=0
[WARN] batch start failed | size=4 {370} | split=1 {770} + 1 {771} + 1 {772} + 1 {773}
[TEST] {368} tested=8/8 | kept=0 | rest=0
[WARN] batch start failed | size=8 {368} | split=1 {774} + 1 {775} + 1 {776} + 1 {777} + 1 {778} + 1 {779} + 1 {780} + 1 {781}
[TEST] {369} tested=9/9 | kept=0 | rest=0
[WARN] batch start failed | size=9 {369} | split=4 {782} + 5 {783}
[TEST] {371} tested=5/5 | kept=0 | rest=0
[WARN] batch start failed | size=5 {371} | split=1 {784} + 1 {785} + 1 {786} + 1 {787} + 1 {788}
[TEST] {372} tested=4/4 | kept=0 | rest=0
[WARN] batch start failed | size=4 {372} | split=1 {789} + 1 {790} + 1 {791} + 1 {792}
[TEST] {376} tested=8/8 | kept=0 | rest=0
[WARN] batch start failed | size=8 {376} | split=1 {793} + 1 {794} + 1 {795} + 1 {796} + 1 {797} + 1 {798} + 1 {799} + 1 {800}
[TEST] {373} tested=5/5 | kept=0 | rest=0
[WARN] batch start failed | size=5 {373} | split=1 {801} + 1 {802} + 1 {803} + 1 {804} + 1 {805}
[TEST] {374} tested=8/8 | kept=0 | rest=0
[WARN] batch start failed | size=8 {374} | split=1 {806} + 1 {807} + 1 {808} + 1 {809} + 1 {810} + 1 {811} + 1 {812} + 1 {813}
[TEST] {375} tested=8/8 | kept=0 | rest=0
[WARN] batch start failed | size=8 {375} | split=1 {814} + 1 {815} + 1 {816} + 1 {817} + 1 {818} + 1 {819} + 1 {820} + 1 {821}
[TEST] {377} tested=9/9 | kept=0 | rest=0
[WARN] batch start failed | size=9 {377} | split=4 {822} + 5 {823}
[TEST] {378} tested=8/8 | kept=0 | rest=0
[WARN] batch start failed | size=8 {378} | split=1 {824} + 1 {825} + 1 {826} + 1 {827} + 1 {828} + 1 {829} + 1 {830} + 1 {831}
[TEST] {379} tested=9/9 | kept=0 | rest=0
[WARN] batch start failed | size=9 {379} | split=4 {832} + 5 {833}
[TEST] {382} tested=1/1 | kept=0 | rest=0
[DROP] name=[免费节点10] 🇺🇸 US 213 → tg@nicevpn123 {382} | server=103.79.79.57:31231 | reason=mihomo start failed
[TEST] {384} tested=1/1 | kept=0 | rest=0
[DROP] name=[免费节点10] 🇺🇸 US 216 → tg@nicevpn123 {384} | server=104.19.45.199:2095 | reason=mihomo start failed
[TEST] {383} tested=1/1 | kept=0 | rest=0
[DROP] name=[免费节点10] 🇺🇸 US 215 → tg@nicevpn123 {383} | server=ak1757.www.outline.network.fr8678825324247b8176d59f83c30bd94d23d2e3ac5cd4a743bkwqeikvdyufr.cyou:8080 | reason=mihomo start failed
[TEST] {386} tested=1/1 | kept=0 | rest=0
[DROP] name=[免费节点10] 🇺🇸 US 22 → tg@nicevpn123 {386} | server=45.77.223.124:16899 | reason=mihomo start failed
[TEST] {388} tested=1/1 | kept=0 | rest=0
[DROP] name=[免费节点10] 🇺🇸 US 221 → tg@nicevpn123 {388} | server=172.232.62.234:443 | reason=mihomo start failed
[TEST] {385} tested=1/1 | kept=0 | rest=0
[DROP] name=[免费节点10] 🇺🇸 US 219 → tg@nicevpn123 {385} | server=104.21.225.96:80 | reason=mihomo start failed
[TEST] {380} tested=8/8 | kept=0 | rest=0
[WARN] batch start failed | size=8 {380} | split=1 {834} + 1 {835} + 1 {836} + 1 {837} + 1 {838} + 1 {839} + 1 {840} + 1 {841}
[TEST] {381} tested=9/9 | kept=0 | rest=0
[WARN] batch start failed | size=9 {381} | split=4 {842} + 5 {843}
[TEST] {391} tested=5/5 | kept=0 | rest=0
[WARN] batch start failed | size=5 {391} | split=1 {844} + 1 {845} + 1 {846} + 1 {847} + 1 {848}
[TEST] {393} tested=1/1 | kept=0 | rest=0
[DROP] name=[免费节点10] 🇺🇸 US 238 → tg@nicevpn123 {393} | server=104.16.39.99:2082 | reason=mihomo start failed
[TEST] {387} tested=1/1 | kept=0 | rest=0
[DROP] name=[免费节点10] 🇺🇸 US 220 → tg@nicevpn123 {387} | server=45.79.108.12:443 | reason=mihomo start failed
[TEST] {394} tested=1/1 | kept=0 | rest=0
[DROP] name=[免费节点10] 🇺🇸 US 239 → tg@nicevpn123 {394} | server=104.16.42.205:2082 | reason=mihomo start failed
[TEST] {389} tested=1/1 | kept=0 | rest=0
[DROP] name=[免费节点10] 🇺🇸 US 222 → tg@nicevpn123 {389} | server=38.114.114.208:6679 | reason=mihomo start failed
[TEST] {395} tested=1/1 | kept=0 | rest=0
[DROP] name=[免费节点10] 🇺🇸 US 24 → tg@nicevpn123 {395} | server=104.19.48.138:2082 | reason=mihomo start failed
[TEST] {399} tested=1/1 | kept=0 | rest=0
[DROP] name=[免费节点10] 🇺🇸 US 246 → tg@nicevpn123 {399} | server=zula.ir:443 | reason=mihomo start failed
[TEST] {390} tested=4/4 | kept=0 | rest=0
[WARN] batch start failed | size=4 {390} | split=1 {849} + 1 {850} + 1 {851} + 1 {852}
[TEST] {398} tested=1/1 | kept=0 | rest=0
[DROP] name=[免费节点10] 🇺🇸 US 243 → tg@nicevpn123 {398} | server=auth.speedtest.net:443 | reason=mihomo start failed
[TEST] {392} tested=1/1 | kept=0 | rest=0
[DROP] name=[免费节点10] 🇺🇸 US 237 → tg@nicevpn123 {392} | server=143.198.18.35:8881 | reason=mihomo start failed
[TEST] {396} tested=1/1 | kept=0 | rest=0
[DROP] name=[免费节点10] 🇺🇸 US 240 → tg@nicevpn123 {396} | server=38.75.136.33:5001 | reason=mihomo start failed
[TEST] {397} tested=1/1 | kept=0 | rest=0
[DROP] name=[免费节点10] 🇺🇸 US 242 → tg@nicevpn123 {397} | server=38.75.136.33:7306 | reason=mihomo start failed
[TEST] {403} tested=1/1 | kept=0 | rest=0
[DROP] name=[免费节点10] 🇺🇸 US 26 → tg@nicevpn123 {403} | server=104.19.45.97:2082 | reason=mihomo start failed
[TEST] {405} tested=1/1 | kept=0 | rest=0
[DROP] name=[免费节点10] 🇺🇸 US 261 → tg@nicevpn123 {405} | server=104.19.45.180:2095 | reason=mihomo start failed
[TEST] {401} tested=5/5 | kept=0 | rest=0
[WARN] batch start failed | size=5 {401} | split=1 {853} + 1 {854} + 1 {855} + 1 {856} + 1 {857}
[TEST] {406} tested=1/1 | kept=0 | rest=0
[DROP] name=[免费节点10] 🇺🇸 US 262 → tg@nicevpn123 {406} | server=172.67.185.79:8080 | reason=mihomo start failed
[TEST] {407} tested=1/1 | kept=0 | rest=0
[DROP] name=[免费节点10] 🇺🇸 US 263 → tg@nicevpn123 {407} | server=104.21.237.57:2052 | reason=mihomo start failed
[TEST] {409} tested=1/1 | kept=0 | rest=0
[DROP] name=[免费节点10] 🇺🇸 US 265 → tg@nicevpn123 {409} | server=172.67.229.35:2086 | reason=mihomo start failed
[TEST] {400} tested=4/4 | kept=0 | rest=0
[WARN] batch start failed | size=4 {400} | split=1 {858} + 1 {859} + 1 {860} + 1 {861}
[TEST] {402} tested=1/1 | kept=0 | rest=0
[DROP] name=[免费节点10] 🇺🇸 US 259 → tg@nicevpn123 {402} | server=198.244.252.93:443 | reason=mihomo start failed
[TEST] {404} tested=1/1 | kept=0 | rest=0
[DROP] name=[免费节点10] 🇺🇸 US 260 → tg@nicevpn123 {404} | server=ip0axv1bbsu02k7-tw.1ytnode.com:56330 | reason=mihomo start failed
[TEST] {412} tested=1/1 | kept=0 | rest=0
[DROP] name=[免费节点10] 🇺🇸 US 275 → tg@nicevpn123 {412} | server=104.19.45.207:2095 | reason=mihomo start failed
[TEST] {408} tested=1/1 | kept=0 | rest=0
[DROP] name=[免费节点10] 🇺🇸 US 264 → tg@nicevpn123 {408} | server=149.28.120.218:24721 | reason=mihomo start failed
[TEST] {414} tested=1/1 | kept=0 | rest=0
[DROP] name=[免费节点10] 🇺🇸 US 277 → tg@nicevpn123 {414} | server=104.16.40.187:2082 | reason=mihomo start failed
[TEST] {411} tested=5/5 | kept=0 | rest=0
[WARN] batch start failed | size=5 {411} | split=1 {862} + 1 {863} + 1 {864} + 1 {865} + 1 {866}
[TEST] {410} tested=4/4 | kept=0 | rest=0
[WARN] batch start failed | size=4 {410} | split=1 {867} + 1 {868} + 1 {869} + 1 {870}
[TEST] {418} tested=1/1 | kept=0 | rest=0
[DROP] name=[免费节点10] 🇺🇸 US 281 → tg@nicevpn123 {418} | server=172.67.175.243:2053 | reason=mihomo start failed
[TEST] {413} tested=1/1 | kept=0 | rest=0
[DROP] name=[免费节点10] 🇺🇸 US 276 → tg@nicevpn123 {413} | server=38.180.98.215:8080 | reason=mihomo start failed
[TEST] {416} tested=1/1 | kept=0 | rest=0
[DROP] name=[免费节点10] 🇺🇸 US 279 → tg@nicevpn123 {416} | server=50.116.2.131:443 | reason=mihomo start failed
[REPAIR] name=[ChromeGO-ShiteThings] hysteria {420} | fields=up,down
[REPAIR] name=[ChromeGO-ShiteThings] hysteria-2 {421} | fields=up,down
[REPAIR] name=[ChromeGO-ShiteThings] hysteria-3 {422} | fields=up,down
[REPAIR] name=[ChromeGO-ShiteThings] hysteria-4 {423} | fields=up,down
[TEST] {421} tested=1/1 | kept=0 | rest=0
[TEST] {420} tested=1/1 | kept=0 | rest=0
[REPAIR] name=[ChromeGO-ShiteThings] hysteria-5 {424} | fields=up,down
[REPAIR] name=[ChromeGO-Merge] WARP {425} | fields=dialer-proxy
[TEST] {422} tested=1/1 | kept=0 | rest=0
[TEST] {427} tested=1/1 | kept=0 | rest=0
[DROP] name=[ChromeGO-Merge] United States_vless_21 {427} | server=109.104.152.101:13982 | reason=mihomo start failed
[TEST] {423} tested=1/1 | kept=0 | rest=0
[TEST] {425} tested=1/1 | kept=1 | rest=0
[TEST] {415} tested=1/1 | kept=0 | rest=0
[DROP] name=[免费节点10] 🇺🇸 US 278 → tg@nicevpn123 {415} | server=172.252.193.222:42358 | reason=mihomo start failed
[TEST] {419} tested=1/1 | kept=0 | rest=0
[DROP] name=[免费节点10] 🇺🇸 US 282 → tg@nicevpn123 {419} | server=ip0axv1bbsu02k7-sg.1ytnode.com:56331 | reason=mihomo start failed
[TEST] {429} tested=5/5 | kept=0 | rest=0
[WARN] batch start failed | size=5 {429} | split=1 {871} + 1 {872} + 1 {873} + 1 {874} + 1 {875}
[TEST] {430} tested=1/1 | kept=0 | rest=0
[DROP] name=[免费节点10] 🇺🇸 US 3 → tg@nicevpn123 {430} | server=3wihp-g01.jp05-6786-vm0.entry.fr0307a.art:46482 | reason=mihomo start failed
[TEST] {417} tested=1/1 | kept=0 | rest=0
[DROP] name=[免费节点10] 🇺🇸 US 28 → tg@nicevpn123 {417} | server=3.14.180.101:22222 | reason=mihomo start failed
[TEST] {432} tested=1/1 | kept=0 | rest=0
[DROP] name=[免费节点10] 🇺🇸 US 300 → tg@nicevpn123 {432} | server=104.19.45.168:2095 | reason=mihomo start failed
[TEST] {424} tested=1/1 | kept=0 | rest=0
[TEST] {426} tested=1/1 | kept=0 | rest=0
[DROP] name=[ChromeGO-Merge] United States_hysteria2_01 {426} | server=74.63.233.74:33445 | reason=mihomo start failed
[TEST] {434} tested=1/1 | kept=0 | rest=0
[DROP] name=[免费节点10] 🇺🇸 US 302 → tg@nicevpn123 {434} | server=104.21.229.46:80 | reason=mihomo start failed
[TEST] {428} tested=4/4 | kept=0 | rest=0
[WARN] batch start failed | size=4 {428} | split=1 {876} + 1 {877} + 1 {878} + 1 {879}
[TEST] {435} tested=1/1 | kept=0 | rest=0
[DROP] name=[免费节点10] 🇺🇸 US 304 → tg@nicevpn123 {435} | server=172.67.172.67:8080 | reason=mihomo start failed
[TEST] {436} tested=1/1 | kept=0 | rest=0
[DROP] name=[免费节点10] 🇺🇸 US 305 → tg@nicevpn123 {436} | server=ak1661.www.outline.network.fr8678825324247b8176d59f83c30bd94d23d2e3ac5cd4a743bkwqeikvdyufr.cyou:8080 | reason=mihomo start failed
[TEST] {431} tested=1/1 | kept=0 | rest=0
[DROP] name=[免费节点10] 🇺🇸 US 30 → tg@nicevpn123 {431} | server=ip0axv1bbsu02k7-hk.1ytnode.com:56303 | reason=mihomo start failed
[TEST] {433} tested=1/1 | kept=0 | rest=0
[DROP] name=[免费节点10] 🇺🇸 US 301 → tg@nicevpn123 {433} | server=132.145.208.20:443 | reason=mihomo start failed
[TEST] {437} tested=1/1 | kept=0 | rest=0
[DROP] name=[免费节点10] 🇺🇸 US 306 → tg@nicevpn123 {437} | server=45.77.105.178:27287 | reason=mihomo start failed
[WARN] batch start failed | size=5 {441} | split=1 {880} + 1 {881} + 1 {882} + 1 {883} + 1 {884}
[TEST] {438} tested=4/4 | kept=0 | rest=0
[WARN] batch start failed | size=4 {438} | split=1 {885} + 1 {886} + 1 {887} + 1 {888}
[TEST] {439} tested=5/5 | kept=0 | rest=0
[WARN] batch start failed | size=5 {439} | split=1 {889} + 1 {890} + 1 {891} + 1 {892} + 1 {893}
[TEST] {444} tested=1/1 | kept=0 | rest=0
[DROP] name=[免费节点10] 🇺🇸 US 32 → tg@nicevpn123 {444} | server=185.218.126.248:80 | reason=mihomo start failed
[TEST] {446} tested=1/1 | kept=0 | rest=0
[DROP] name=[免费节点10] 🇺🇸 US 322 → tg@nicevpn123 {446} | server=38.68.134.9:5601 | reason=mihomo start failed
[TEST] {440} tested=4/4 | kept=1 | rest=0
[TEST] {443} tested=5/5 | kept=0 | rest=0
[WARN] batch start failed | size=5 {443} | split=1 {894} + 1 {895} + 1 {896} + 1 {897} + 1 {898}
[TEST] {442} tested=4/4 | kept=0 | rest=0
[WARN] batch start failed | size=4 {442} | split=1 {899} + 1 {900} + 1 {901} + 1 {902}
[TEST] {449} tested=1/1 | kept=0 | rest=0
[DROP] name=[免费节点10] 🇺🇸 US 325 → tg@nicevpn123 {449} | server=104.19.45.70:2095 | reason=mihomo start failed
[TEST] {450} tested=1/1 | kept=0 | rest=0
[DROP] name=[免费节点10] 🇺🇸 US 326 → tg@nicevpn123 {450} | server=104.16.214.251:80 | reason=mihomo start failed
[TEST] {447} tested=1/1 | kept=0 | rest=0
[DROP] name=[免费节点10] 🇺🇸 US 323 → tg@nicevpn123 {447} | server=zula.ir:443 | reason=mihomo start failed
[TEST] {445} tested=1/1 | kept=0 | rest=0
[DROP] name=[免费节点10] 🇺🇸 US 320 → tg@nicevpn123 {445} | server=137.175.12.69:37002 | reason=mihomo start failed
[TEST] {448} tested=1/1 | kept=0 | rest=0
[DROP] name=[免费节点10] 🇺🇸 US 324 → tg@nicevpn123 {448} | server=54.187.81.197:443 | reason=mihomo start failed
[TEST] {454} tested=1/1 | kept=0 | rest=0
[DROP] name=[Pawdroid-SS-APK] Singapore-4 {454} | server=194.233.94.119:80 | reason=mihomo start failed
[TEST] {456} tested=1/1 | kept=0 | rest=0
[DROP] name=[Pawdroid-SS-APK] Germany {456} | server=62.146.171.57:80 | reason=mihomo start failed
[TEST] {458} tested=1/1 | kept=0 | rest=0
[DROP] name=[Pawdroid-SS-APK] United+States-8 {458} | server=154.12.242.150:443 | reason=mihomo start failed
[TEST] {455} tested=1/1 | kept=0 | rest=0
[DROP] name=[Pawdroid-SS-APK] United+States-7 {455} | server=154.53.63.33:80 | reason=mihomo start failed
[TEST] {459} tested=1/1 | kept=0 | rest=0
[DROP] name=[Pawdroid-SS-APK] Singapore-5 {459} | server=194.233.94.119:443 | reason=mihomo start failed
[TEST] {451} tested=1/1 | kept=0 | rest=0
[DROP] name=[免费节点10] 🇺🇸 US 328 → tg@nicevpn123 {451} | server=35.77.89.124:443 | reason=mihomo start failed
[TEST] {460} tested=1/1 | kept=0 | rest=0
[DROP] name=[Pawdroid-SS-APK] United+States-9 {460} | server=154.12.242.150:80 | reason=mihomo start failed
[TEST] {453} tested=5/5 | kept=0 | rest=0
[WARN] batch start failed | size=5 {453} | split=1 {903} + 1 {904} + 1 {905} + 1 {906} + 1 {907}
[TEST] {461} tested=1/1 | kept=0 | rest=0
[DROP] name=[Pawdroid-SS-APK] Germany-2 {461} | server=62.146.171.57:443 | reason=mihomo start failed
[WARN] batch start failed | size=9 {463} | split=4 {908} + 5 {909}
[TEST] {452} tested=4/4 | kept=0 | rest=0
[WARN] batch start failed | size=4 {452} | split=1 {910} + 1 {911} + 1 {912} + 1 {913}
[TEST] {466} tested=1/1 | kept=0 | rest=0
[DROP] name=[免费节点10] 🇺🇸 US 361 → tg@nicevpn123 {466} | server=104.19.45.93:2095 | reason=mihomo start failed
[TEST] {465} tested=1/1 | kept=0 | rest=0
[DROP] name=[免费节点10] 🇺🇸 US 360 → tg@nicevpn123 {465} | server=104.16.42.181:2082 | reason=mihomo start failed
[TEST] {467} tested=1/1 | kept=0 | rest=0
[DROP] name=[免费节点10] 🇺🇸 US 363 → tg@nicevpn123 {467} | server=104.16.42.223:2082 | reason=mihomo start failed
[TEST] {468} tested=1/1 | kept=0 | rest=0
[DROP] name=[免费节点10] 🇺🇸 US 364 → tg@nicevpn123 {468} | server=104.21.225.2:80 | reason=mihomo start failed
[TEST] {469} tested=1/1 | kept=0 | rest=0
[DROP] name=[免费节点10] 🇺🇸 US 365 → tg@nicevpn123 {469} | server=18.183.146.49:443 | reason=mihomo start failed
[TEST] {471} tested=1/1 | kept=0 | rest=0
[DROP] name=[免费节点10] 🇺🇸 US 369 → tg@nicevpn123 {471} | server=104.16.40.23:2082 | reason=mihomo start failed
[TEST] {470} tested=1/1 | kept=0 | rest=0
[DROP] name=[免费节点10] 🇺🇸 US 367 → tg@nicevpn123 {470} | server=104.16.39.179:2082 | reason=mihomo start failed
[TEST] {472} tested=4/4 | kept=0 | rest=0
[WARN] batch start failed | size=4 {472} | split=1 {914} + 1 {915} + 1 {916} + 1 {917}
[TEST] {457} tested=1/1 | kept=0 | rest=0
[DROP] name=[Pawdroid-SS-APK] Canada-2 {457} | server=ca225.vpnbook.com:443 | reason=mihomo start failed
[TEST] {462} tested=8/8 | kept=0 | rest=0
[WARN] batch start failed | size=8 {462} | split=1 {918} + 1 {919} + 1 {920} + 1 {921} + 1 {922} + 1 {923} + 1 {924} + 1 {925}
[TEST] {474} tested=1/1 | kept=0 | rest=0
[DROP] name=[免费节点10] 🇺🇸 US 341 → tg@nicevpn123 {474} | server=104.19.43.180:80 | reason=mihomo start failed
[TEST] {464} tested=1/1 | kept=0 | rest=0
[DROP] name=[免费节点10] 🇺🇸 US 36 → tg@nicevpn123 {464} | server=167.88.61.159:9101 | reason=mihomo start failed
[TEST] {476} tested=1/1 | kept=0 | rest=0
[DROP] name=[免费节点10] 🇺🇸 US 343 → tg@nicevpn123 {476} | server=172.67.169.245:80 | reason=mihomo start failed
[TEST] {477} tested=1/1 | kept=0 | rest=0
[DROP] name=[免费节点10] 🇺🇸 US 344 → tg@nicevpn123 {477} | server=172.67.146.22:443 | reason=mihomo start failed
[TEST] {478} tested=1/1 | kept=0 | rest=0
[DROP] name=[免费节点10] 🇺🇸 US 347 → tg@nicevpn123 {478} | server=23.94.104.164:60222 | reason=mihomo start failed
[TEST] {480} tested=1/1 | kept=0 | rest=0
[DROP] name=[免费节点10] 🇺🇸 US 349 → tg@nicevpn123 {480} | server=104.16.39.127:2082 | reason=mihomo start failed
[TEST] {481} tested=1/1 | kept=0 | rest=0
[DROP] name=[免费节点10] 🇺🇸 US 35 → tg@nicevpn123 {481} | server=104.16.39.226:2082 | reason=mihomo start failed
[TEST] {473} tested=5/5 | kept=0 | rest=0
[WARN] batch start failed | size=5 {473} | split=1 {926} + 1 {927} + 1 {928} + 1 {929} + 1 {930}
[TEST] {475} tested=1/1 | kept=0 | rest=0
[DROP] name=[免费节点10] 🇺🇸 US 342 → tg@nicevpn123 {475} | server=75.102.51.45:16899 | reason=mihomo start failed
[TEST] {479} tested=1/1 | kept=0 | rest=0
[DROP] name=[免费节点10] 🇺🇸 US 348 → tg@nicevpn123 {479} | server=38.54.185.111:30000 | reason=mihomo start failed
[TEST] {484} tested=8/8 | kept=0 | rest=0
[WARN] batch start failed | size=8 {484} | split=1 {931} + 1 {932} + 1 {933} + 1 {934} + 1 {935} + 1 {936} + 1 {937} + 1 {938}
[TEST] {483} tested=5/5 | kept=0 | rest=0
[WARN] batch start failed | size=5 {483} | split=1 {939} + 1 {940} + 1 {941} + 1 {942} + 1 {943}
[TEST] {482} tested=4/4 | kept=0 | rest=0
[WARN] batch start failed | size=4 {482} | split=1 {944} + 1 {945} + 1 {946} + 1 {947}
[TEST] {485} tested=9/9 | kept=0 | rest=0
[WARN] batch start failed | size=9 {485} | split=4 {948} + 5 {949}
[TEST] {487} tested=9/9 | kept=0 | rest=0
[WARN] batch start failed | size=9 {487} | split=4 {950} + 5 {951}
[TEST] {486} tested=8/8 | kept=0 | rest=0
[WARN] batch start failed | size=8 {486} | split=1 {952} + 1 {953} + 1 {954} + 1 {955} + 1 {956} + 1 {957} + 1 {958} + 1 {959}
[TEST] {489} tested=9/9 | kept=0 | rest=0
[WARN] batch start failed | size=9 {489} | split=4 {960} + 5 {961}
[TEST] {488} tested=8/8 | kept=0 | rest=0
[WARN] batch start failed | size=8 {488} | split=1 {962} + 1 {963} + 1 {964} + 1 {965} + 1 {966} + 1 {967} + 1 {968} + 1 {969}
[TEST] {493} tested=1/1 | kept=0 | rest=0
[DROP] name=[免费节点10] 🇺🇸 US 686 → tg@nicevpn123 {493} | server=hk.wish.ml:2052 | reason=mihomo start failed
[TEST] {494} tested=1/1 | kept=0 | rest=0
[DROP] name=[免费节点10] 🇺🇸 US 687 → tg@nicevpn123 {494} | server=104.21.80.53:2053 | reason=mihomo start failed
[TEST] {495} tested=1/1 | kept=0 | rest=0
[DROP] name=[免费节点10] 🇺🇸 US 688 → tg@nicevpn123 {495} | server=104.19.45.70:2082 | reason=mihomo start failed
[TEST] {497} tested=1/1 | kept=0 | rest=0
[DROP] name=[免费节点10] 🇺🇸 US 69 → tg@nicevpn123 {497} | server=104.16.40.69:2082 | reason=mihomo start failed
[TEST] {490} tested=8/8 | kept=0 | rest=0
[WARN] batch start failed | size=8 {490} | split=1 {970} + 1 {971} + 1 {972} + 1 {973} + 1 {974} + 1 {975} + 1 {976} + 1 {977}
[TEST] {491} tested=9/9 | kept=0 | rest=0
[WARN] batch start failed | size=9 {491} | split=4 {978} + 5 {979}
[TEST] {499} tested=1/1 | kept=0 | rest=0
[DROP] name=[免费节点10] 🇺🇸 US 692 → tg@nicevpn123 {499} | server=38.68.134.9:8881 | reason=mihomo start failed
[TEST] {492} tested=1/1 | kept=0 | rest=0
[DROP] name=[免费节点10] 🇺🇸 US 685 → tg@nicevpn123 {492} | server=fcdn.flha.ru:2095 | reason=mihomo start failed
[TEST] {498} tested=1/1 | kept=0 | rest=0
[DROP] name=[免费节点10] 🇺🇸 US 690 → tg@nicevpn123 {498} | server=34.217.86.31:17415 | reason=mihomo start failed
[TEST] {496} tested=1/1 | kept=0 | rest=0
[DROP] name=[免费节点10] 🇺🇸 US 689 → tg@nicevpn123 {496} | server=38.110.1.202:8090 | reason=mihomo start failed
[TEST] {502} tested=1/1 | kept=0 | rest=0
[DROP] name=[Free-clash-v2ray] socks5 {502} | server=128.140.46.169:13482 | reason=mihomo start failed
[TEST] {500} tested=4/4 | kept=0 | rest=0
[WARN] batch start failed | size=4 {500} | split=1 {980} + 1 {981} + 1 {982} + 1 {983}
[TEST] {501} tested=5/5 | kept=0 | rest=0
[WARN] batch start failed | size=5 {501} | split=1 {984} + 1 {985} + 1 {986} + 1 {987} + 1 {988}
[TEST] {506} tested=1/1 | kept=1 | rest=0
[TEST] {505} tested=1/1 | kept=0 | rest=0
[DROP] name=[Free-clash-v2ray] 🇫🇷FR_9|438KB/s 01 {505} | server=62.210.24.143:32202 | reason=mihomo start failed
[REPAIR] name=[Free-clash-v2ray] hysteria {508} | fields=up,down
[TEST] {508} tested=1/1 | kept=0 | rest=0
[TEST] {509} tested=1/1 | kept=1 | rest=0
[TEST] {510} tested=1/1 | kept=0 | rest=0
[DROP] name=[免费节点10] 🇺🇸 US 703 → tg@nicevpn123 {510} | server=104.19.45.136:2095 | reason=mihomo start failed
[TEST] {511} tested=1/1 | kept=0 | rest=0
[DROP] name=[免费节点10] 🇺🇸 US 704 → tg@nicevpn123 {511} | server=104.19.45.25:2095 | reason=mihomo start failed
[TEST] {503} tested=1/1 | kept=0 | rest=0
[DROP] name=[Free-clash-v2ray] 香港 16 {503} | server=nas.aizhzo.com:5010 | reason=mihomo start failed
[TEST] {514} tested=1/1 | kept=0 | rest=0
[DROP] name=[免费节点10] 🇺🇸 US 707 → tg@nicevpn123 {514} | server=series-a2-mec.samanehha.co:443 | reason=mihomo start failed
[TEST] {512} tested=1/1 | kept=0 | rest=0
[DROP] name=[免费节点10] 🇺🇸 US 705 → tg@nicevpn123 {512} | server=38.110.1.105:9090 | reason=mihomo start failed
[TEST] {513} tested=1/1 | kept=0 | rest=0
[DROP] name=[免费节点10] 🇺🇸 US 706 → tg@nicevpn123 {513} | server=104.19.42.171:2082 | reason=mihomo start failed
[TEST] {504} tested=1/1 | kept=0 | rest=0
[DROP] name=[Free-clash-v2ray] 香港 54 {504} | server=185.227.154.226:443 | reason=mihomo start failed
[TEST] {517} tested=1/1 | kept=0 | rest=0
[DROP] name=[免费节点10] 🇺🇸 US 711 → tg@nicevpn123 {517} | server=104.19.45.44:2095 | reason=mihomo start failed
[TEST] {507} tested=1/1 | kept=0 | rest=0
[DROP] name=[Free-clash-v2ray] 🇷🇴RO_3|2.2MB/s|X001-260618 01 {507} | server=hy2-new.aspidnet.xyz:443 | reason=mihomo start failed
[TEST] {515} tested=1/1 | kept=0 | rest=0
[DROP] name=[免费节点10] 🇺🇸 US 709 → tg@nicevpn123 {515} | server=52.33.243.193:443 | reason=mihomo start failed
[TEST] {516} tested=1/1 | kept=0 | rest=0
[DROP] name=[免费节点10] 🇺🇸 US 710 → tg@nicevpn123 {516} | server=38.38.148.238:37001 | reason=mihomo start failed
[TEST] {520} tested=4/4 | kept=0 | rest=0
[WARN] batch start failed | size=4 {520} | split=1 {989} + 1 {990} + 1 {991} + 1 {992}
[TEST] {522} tested=1/1 | kept=0 | rest=0
[DROP] name=[免费节点10] 🇺🇸 US 642 → tg@nicevpn123 {522} | server=99.84.50.218:443 | reason=mihomo start failed
[TEST] {525} tested=1/1 | kept=0 | rest=0
[DROP] name=[免费节点10] 🇺🇸 US 646 → tg@nicevpn123 {525} | server=172.245.180.193:16899 | reason=mihomo start failed
[TEST] {523} tested=1/1 | kept=0 | rest=0
[DROP] name=[免费节点10] 🇺🇸 US 644 → tg@nicevpn123 {523} | server=172.67.158.153:443 | reason=mihomo start failed
[TEST] {524} tested=1/1 | kept=0 | rest=0
[DROP] name=[免费节点10] 🇺🇸 US 645 → tg@nicevpn123 {524} | server=104.19.45.50:2095 | reason=mihomo start failed
[TEST] {527} tested=1/1 | kept=0 | rest=0
[DROP] name=[免费节点10] 🇺🇸 US 648 → tg@nicevpn123 {527} | server=104.19.45.99:2095 | reason=mihomo start failed
[TEST] {518} tested=4/4 | kept=0 | rest=0
[WARN] batch start failed | size=4 {518} | split=1 {993} + 1 {994} + 1 {995} + 1 {996}
[TEST] {519} tested=5/5 | kept=0 | rest=0
[WARN] batch start failed | size=5 {519} | split=1 {997} + 1 {998} + 1 {999} + 1 {1000} + 1 {1001}
[TEST] {528} tested=1/1 | kept=0 | rest=0
[DROP] name=[免费节点10] 🇺🇸 US 65 → tg@nicevpn123 {528} | server=104.16.217.241:443 | reason=mihomo start failed
[TEST] {529} tested=1/1 | kept=0 | rest=0
[DROP] name=[免费节点10] 🇺🇸 US 650 → tg@nicevpn123 {529} | server=104.19.45.143:2095 | reason=mihomo start failed
[TEST] {530} tested=1/1 | kept=0 | rest=0
[DROP] name=[免费节点10] 🇺🇸 US 665 → tg@nicevpn123 {530} | server=104.16.39.199:2082 | reason=mihomo start failed
[TEST] {532} tested=1/1 | kept=0 | rest=0
[DROP] name=[免费节点10] 🇺🇸 US 667 → tg@nicevpn123 {532} | server=104.21.83.208:443 | reason=mihomo start failed
[TEST] {533} tested=1/1 | kept=0 | rest=0
[DROP] name=[免费节点10] 🇺🇸 US 67 → tg@nicevpn123 {533} | server=104.17.61.9:443 | reason=mihomo start failed
[TEST] {531} tested=1/1 | kept=0 | rest=0
[DROP] name=[免费节点10] 🇺🇸 US 666 → tg@nicevpn123 {531} | server=104.19.45.6:2095 | reason=mihomo start failed
[TEST] {534} tested=1/1 | kept=0 | rest=0
[DROP] name=[免费节点10] 🇺🇸 US 670 → tg@nicevpn123 {534} | server=104.19.212.140:2082 | reason=mihomo start failed
[TEST] {536} tested=1/1 | kept=0 | rest=0
[DROP] name=[免费节点10] 🇺🇸 US 672 → tg@nicevpn123 {536} | server=13.35.13.137:443 | reason=mihomo start failed
[TEST] {537} tested=1/1 | kept=0 | rest=0
[DROP] name=[免费节点10] 🇺🇸 US 673 → tg@nicevpn123 {537} | server=104.17.81.63:8443 | reason=mihomo start failed
[TEST] {538} tested=4/4 | kept=0 | rest=0
[WARN] batch start failed | size=4 {538} | split=1 {1002} + 1 {1003} + 1 {1004} + 1 {1005}
[TEST] {521} tested=5/5 | kept=0 | rest=0
[WARN] batch start failed | size=5 {521} | split=1 {1006} + 1 {1007} + 1 {1008} + 1 {1009} + 1 {1010}
[TEST] {540} tested=1/1 | kept=0 | rest=0
[DROP] name=[免费节点10] 🇺🇸 US 598 → tg@nicevpn123 {540} | server=104.16.40.247:2082 | reason=mihomo start failed
[TEST] {542} tested=1/1 | kept=0 | rest=0
[DROP] name=[免费节点10] 🇺🇸 US 600 → tg@nicevpn123 {542} | server=104.19.42.243:2082 | reason=mihomo start failed
[TEST] {541} tested=1/1 | kept=0 | rest=0
[DROP] name=[免费节点10] 🇺🇸 US 6 → tg@nicevpn123 {541} | server=oe6wc-g01.jp05-6786-vm0.entry.fr0307a.art:46482 | reason=mihomo start failed
[TEST] {526} tested=1/1 | kept=0 | rest=0
[DROP] name=[免费节点10] 🇺🇸 US 647 → tg@nicevpn123 {526} | server=66.42.84.121:443 | reason=mihomo start failed
[TEST] {535} tested=1/1 | kept=0 | rest=0
[DROP] name=[免费节点10] 🇺🇸 US 671 → tg@nicevpn123 {535} | server=64.23.190.208:59703 | reason=mihomo start failed
[TEST] {546} tested=1/1 | kept=0 | rest=0
[DROP] name=[免费节点10] 🇺🇸 US 605 → tg@nicevpn123 {546} | server=104.16.43.210:2082 | reason=mihomo start failed
[TEST] {545} tested=1/1 | kept=0 | rest=0
[DROP] name=[免费节点10] 🇺🇸 US 604 → tg@nicevpn123 {545} | server=173.245.58.11:443 | reason=mihomo start failed
[TEST] {547} tested=1/1 | kept=0 | rest=0
[DROP] name=[免费节点10] 🇺🇸 US 607 → tg@nicevpn123 {547} | server=152.42.216.240:80 | reason=mihomo start failed
[TEST] {539} tested=5/5 | kept=0 | rest=0
[WARN] batch start failed | size=5 {539} | split=1 {1011} + 1 {1012} + 1 {1013} + 1 {1014} + 1 {1015}
[TEST] {543} tested=1/1 | kept=0 | rest=0
[DROP] name=[免费节点10] 🇺🇸 US 601 → tg@nicevpn123 {543} | server=66.225.246.221:30129 | reason=mihomo start failed
[TEST] {551} tested=5/5 | kept=0 | rest=0
[WARN] batch start failed | size=5 {551} | split=1 {1016} + 1 {1017} + 1 {1018} + 1 {1019} + 1 {1020}
[TEST] {550} tested=4/4 | kept=0 | rest=0
[WARN] batch start failed | size=4 {550} | split=1 {1021} + 1 {1022} + 1 {1023} + 1 {1024}
[TEST] {552} tested=1/1 | kept=0 | rest=0
[DROP] name=[免费节点10] 🇺🇸 US 620 → tg@nicevpn123 {552} | server=104.21.40.162:80 | reason=mihomo start failed
[TEST] {544} tested=1/1 | kept=0 | rest=0
[DROP] name=[免费节点10] 🇺🇸 US 602 → tg@nicevpn123 {544} | server=38.75.137.42:8080 | reason=mihomo start failed
[TEST] {555} tested=1/1 | kept=0 | rest=0
[DROP] name=[免费节点10] 🇺🇸 US 624 → tg@nicevpn123 {555} | server=104.16.42.81:2082 | reason=mihomo start failed
[TEST] {548} tested=4/4 | kept=0 | rest=0
[WARN] batch start failed | size=4 {548} | split=1 {1025} + 1 {1026} + 1 {1027} + 1 {1028}
[TEST] {557} tested=1/1 | kept=0 | rest=0
[DROP] name=[免费节点10] 🇺🇸 US 626 → tg@nicevpn123 {557} | server=172.67.220.64:443 | reason=mihomo start failed
[TEST] {558} tested=1/1 | kept=0 | rest=0
[DROP] name=[免费节点10] 🇺🇸 US 627 → tg@nicevpn123 {558} | server=23.94.100.187:48889 | reason=mihomo start failed
[TEST] {549} tested=5/5 | kept=0 | rest=0
[WARN] batch start failed | size=5 {549} | split=1 {1029} + 1 {1030} + 1 {1031} + 1 {1032} + 1 {1033}
[TEST] {559} tested=1/1 | kept=0 | rest=0
[DROP] name=[免费节点10] 🇺🇸 US 629 → tg@nicevpn123 {559} | server=104.19.48.100:2082 | reason=mihomo start failed
[TEST] {556} tested=1/1 | kept=0 | rest=0
[DROP] name=[免费节点10] 🇺🇸 US 625 → tg@nicevpn123 {556} | server=au-full.privateip.net:443 | reason=mihomo start failed
[TEST] {554} tested=1/1 | kept=0 | rest=0
[DROP] name=[免费节点10] 🇺🇸 US 623 → tg@nicevpn123 {554} | server=ip0axv1bbsu02k7-jp.1ytnode.com:56342 | reason=mihomo start failed
[TEST] {553} tested=1/1 | kept=0 | rest=0
[DROP] name=[免费节点10] 🇺🇸 US 621 → tg@nicevpn123 {553} | server=13.37.183.9:22222 | reason=mihomo start failed
[TEST] {563} tested=1/1 | kept=0 | rest=0
[DROP] name=[免费节点10] 🇺🇸 US 575 → tg@nicevpn123 {563} | server=bolder-metal-comma.glitch.me:443 | reason=mihomo start failed
[TEST] {560} tested=4/4 | kept=0 | rest=0
[WARN] batch start failed | size=4 {560} | split=1 {1034} + 1 {1035} + 1 {1036} + 1 {1037}
[TEST] {561} tested=5/5 | kept=0 | rest=0
[WARN] batch start failed | size=5 {561} | split=1 {1038} + 1 {1039} + 1 {1040} + 1 {1041} + 1 {1042}
[TEST] {564} tested=1/1 | kept=0 | rest=0
[DROP] name=[免费节点10] 🇺🇸 US 576 → tg@nicevpn123 {564} | server=104.19.45.239:2082 | reason=mihomo start failed
[TEST] {566} tested=1/1 | kept=0 | rest=0
[DROP] name=[免费节点10] 🇺🇸 US 578 → tg@nicevpn123 {566} | server=104.16.40.136:2082 | reason=mihomo start failed
[TEST] {567} tested=1/1 | kept=0 | rest=0
[DROP] name=[免费节点10] 🇺🇸 US 58 → tg@nicevpn123 {567} | server=104.21.227.36:80 | reason=mihomo start failed
[TEST] {568} tested=1/1 | kept=0 | rest=0
[DROP] name=[免费节点10] 🇺🇸 US 580 → tg@nicevpn123 {568} | server=104.19.45.43:2095 | reason=mihomo start failed
[TEST] {569} tested=1/1 | kept=0 | rest=0
[DROP] name=[免费节点10] 🇺🇸 US 581 → tg@nicevpn123 {569} | server=104.19.45.225:2082 | reason=mihomo start failed
[TEST] {571} tested=1/1 | kept=0 | rest=0
[DROP] name=[免费节点10] 🇺🇸 US 552 → tg@nicevpn123 {571} | server=104.16.39.94:2082 | reason=mihomo start failed
[TEST] {572} tested=1/1 | kept=0 | rest=0
[DROP] name=[免费节点10] 🇺🇸 US 553 → tg@nicevpn123 {572} | server=104.19.45.78:2095 | reason=mihomo start failed
[TEST] {573} tested=1/1 | kept=0 | rest=0
[DROP] name=[免费节点10] 🇺🇸 US 554 → tg@nicevpn123 {573} | server=104.18.29.250:2052 | reason=mihomo start failed
[TEST] {562} tested=1/1 | kept=0 | rest=0
[DROP] name=[免费节点10] 🇺🇸 US 574 → tg@nicevpn123 {562} | server=34.221.163.96:443 | reason=mihomo start failed
[TEST] {565} tested=1/1 | kept=0 | rest=0
[DROP] name=[免费节点10] 🇺🇸 US 577 → tg@nicevpn123 {565} | server=165.22.47.62:8881 | reason=mihomo start failed
[TEST] {570} tested=1/1 | kept=0 | rest=0
[DROP] name=[免费节点10] 🇺🇸 US 551 → tg@nicevpn123 {570} | server=38.114.114.208:443 | reason=mihomo start failed
[TEST] {574} tested=1/1 | kept=0 | rest=0
[DROP] name=[免费节点10] 🇺🇸 US 555 → tg@nicevpn123 {574} | server=38.75.137.105:6379 | reason=mihomo start failed
[TEST] {577} tested=1/1 | kept=0 | rest=0
[DROP] name=[免费节点10] 🇺🇸 US 56 → tg@nicevpn123 {577} | server=n1709457297.aaigefm.cn:443 | reason=mihomo start failed
[TEST] {575} tested=1/1 | kept=0 | rest=0
[DROP] name=[免费节点10] 🇺🇸 US 556 → tg@nicevpn123 {575} | server=38.114.114.208:7002 | reason=mihomo start failed
[TEST] {581} tested=1/1 | kept=0 | rest=0
[DROP] name=[免费节点10] 🇺🇸 US 463 → tg@nicevpn123 {581} | server=104.19.45.115:2095 | reason=mihomo start failed
[TEST] {576} tested=1/1 | kept=0 | rest=0
[DROP] name=[免费节点10] 🇺🇸 US 558 → tg@nicevpn123 {576} | server=onea.flha.ru:2095 | reason=mihomo start failed
[TEST] {582} tested=1/1 | kept=0 | rest=0
[DROP] name=[免费节点10] 🇺🇸 US 464 → tg@nicevpn123 {582} | server=www.speedtest.net:80 | reason=mihomo start failed
[TEST] {580} tested=1/1 | kept=0 | rest=0
[DROP] name=[免费节点10] 🇺🇸 US 462 → tg@nicevpn123 {580} | server=uk2-full.privateip.net:443 | reason=mihomo start failed
[TEST] {583} tested=1/1 | kept=0 | rest=0
[DROP] name=[免费节点10] 🇺🇸 US 466 → tg@nicevpn123 {583} | server=104.21.225.158:80 | reason=mihomo start failed
[TEST] {586} tested=1/1 | kept=0 | rest=0
[TEST] {584} tested=1/1 | kept=0 | rest=0
[DROP] name=[免费节点10] 🇺🇸 US 47 → tg@nicevpn123 {586} | server=104.21.238.93:80 | reason=mihomo start failed
[DROP] name=[免费节点10] 🇺🇸 US 467 → tg@nicevpn123 {584} | server=104.19.159.14:443 | reason=mihomo start failed
[TEST] {585} tested=1/1 | kept=0 | rest=0
[TEST] {587} tested=1/1 | kept=0 | rest=0
[DROP] name=[免费节点10] 🇺🇸 US 469 → tg@nicevpn123 {585} | server=104.16.40.52:2082 | reason=mihomo start failed
[DROP] name=[免费节点10] 🇺🇸 US 471 → tg@nicevpn123 {587} | server=104.16.42.195:2082 | reason=mihomo start failed
[TEST] {588} tested=1/1 | kept=0 | rest=0
[TEST] {590} tested=1/1 | kept=0 | rest=0
[DROP] name=[免费节点10] 🇺🇸 US 1974 → tg@nicevpn123 {588} | server=104.19.44.206:80 | reason=mihomo start failed
[DROP] name=[免费节点10] 🇺🇸 US 1976 → tg@nicevpn123 {590} | server=104.19.44.62:80 | reason=mihomo start failed
[TEST] {589} tested=1/1 | kept=0 | rest=0
[TEST] {591} tested=1/1 | kept=0 | rest=0
[DROP] name=[免费节点10] 🇺🇸 US 1977 → tg@nicevpn123 {591} | server=104.19.44.224:80 | reason=mihomo start failed
[DROP] name=[免费节点10] 🇺🇸 US 1975 → tg@nicevpn123 {589} | server=104.19.44.105:80 | reason=mihomo start failed
[TEST] {592} tested=1/1 | kept=0 | rest=0
[DROP] name=[免费节点10] 🇺🇸 US 1978 → tg@nicevpn123 {592} | server=104.19.44.173:80 | reason=mihomo start failed
[TEST] {593} tested=1/1 | kept=0 | rest=0
[DROP] name=[免费节点10] 🇺🇸 US 1979 → tg@nicevpn123 {593} | server=104.19.44.164:80 | reason=mihomo start failed
[TEST] {594} tested=1/1 | kept=0 | rest=0
[DROP] name=[免费节点10] 🇺🇸 US 198 → tg@nicevpn123 {594} | server=104.19.45.147:2095 | reason=mihomo start failed
[TEST] {596} tested=1/1 | kept=0 | rest=0
[DROP] name=[免费节点10] 🇺🇸 US 1981 → tg@nicevpn123 {596} | server=104.19.44.221:80 | reason=mihomo start failed
[TEST] {595} tested=1/1 | kept=0 | rest=0
[DROP] name=[免费节点10] 🇺🇸 US 1980 → tg@nicevpn123 {595} | server=104.19.44.21:80 | reason=mihomo start failed
[TEST] {579} tested=5/5 | kept=0 | rest=0
[WARN] batch start failed | size=5 {579} | split=1 {1043} + 1 {1044} + 1 {1045} + 1 {1046} + 1 {1047}
[TEST] {578} tested=4/4 | kept=0 | rest=0
[WARN] batch start failed | size=4 {578} | split=1 {1048} + 1 {1049} + 1 {1050} + 1 {1051}
[TEST] {600} tested=1/1 | kept=0 | rest=0
[DROP] name=[免费节点10] 🇺🇸 US 494 → tg@nicevpn123 {600} | server=104.19.43.248:80 | reason=mihomo start failed
[TEST] {601} tested=1/1 | kept=0 | rest=0
[DROP] name=[免费节点10] 🇺🇸 US 495 → tg@nicevpn123 {601} | server=172.67.184.53:8443 | reason=mihomo start failed
[TEST] {597} tested=1/1 | kept=0 | rest=0
[DROP] name=[免费节点10] 🇺🇸 US 490 → tg@nicevpn123 {597} | server=94.131.8.32:80 | reason=mihomo start failed
[TEST] {598} tested=1/1 | kept=0 | rest=0
[DROP] name=[免费节点10] 🇺🇸 US 491 → tg@nicevpn123 {598} | server=167.172.19.102:8880 | reason=mihomo start failed
[TEST] {604} tested=1/1 | kept=0 | rest=0
[DROP] name=[免费节点10] 🇺🇸 US 499 → tg@nicevpn123 {604} | server=104.21.68.203:8443 | reason=mihomo start failed
[TEST] {605} tested=1/1 | kept=0 | rest=0
[DROP] name=[免费节点10] 🇺🇸 US 1962 → tg@nicevpn123 {605} | server=104.19.44.26:80 | reason=mihomo start failed
[TEST] {606} tested=1/1 | kept=0 | rest=0
[DROP] name=[免费节点10] 🇺🇸 US 1963 → tg@nicevpn123 {606} | server=104.19.44.78:80 | reason=mihomo start failed
[TEST] {608} tested=1/1 | kept=0 | rest=0
[DROP] name=[免费节点10] 🇺🇸 US 1965 → tg@nicevpn123 {608} | server=104.19.44.48:80 | reason=mihomo start failed
[TEST] {607} tested=1/1 | kept=0 | rest=0
[DROP] name=[免费节点10] 🇺🇸 US 1964 → tg@nicevpn123 {607} | server=104.19.44.161:80 | reason=mihomo start failed
[TEST] {609} tested=1/1 | kept=0 | rest=0
[DROP] name=[免费节点10] 🇺🇸 US 1966 → tg@nicevpn123 {609} | server=104.19.44.141:80 | reason=mihomo start failed
[TEST] {610} tested=1/1 | kept=0 | rest=0
[DROP] name=[免费节点10] 🇺🇸 US 1958 → tg@nicevpn123 {610} | server=104.19.44.119:80 | reason=mihomo start failed
[TEST] {611} tested=1/1 | kept=0 | rest=0
[DROP] name=[免费节点10] 🇺🇸 US 1959 → tg@nicevpn123 {611} | server=104.19.44.58:80 | reason=mihomo start failed
[TEST] {599} tested=1/1 | kept=0 | rest=0
[DROP] name=[免费节点10] 🇺🇸 US 492 → tg@nicevpn123 {599} | server=ip0axv1bbsu02k7-jp.1ytnode.com:56350 | reason=mihomo start failed
[TEST] {612} tested=1/1 | kept=0 | rest=0
[DROP] name=[免费节点10] 🇺🇸 US 1960 → tg@nicevpn123 {612} | server=104.19.44.93:80 | reason=mihomo start failed
[TEST] {613} tested=1/1 | kept=0 | rest=0
[DROP] name=[免费节点10] 🇺🇸 US 1961 → tg@nicevpn123 {613} | server=104.19.44.179:80 | reason=mihomo start failed
[TEST] {614} tested=1/1 | kept=0 | rest=0
[DROP] name=[免费节点10] 🇺🇸 US 1990 → tg@nicevpn123 {614} | server=104.19.44.249:80 | reason=mihomo start failed
[TEST] {615} tested=1/1 | kept=0 | rest=0
[DROP] name=[免费节点10] 🇺🇸 US 1991 → tg@nicevpn123 {615} | server=104.19.44.181:80 | reason=mihomo start failed
[TEST] {602} tested=1/1 | kept=0 | rest=0
[DROP] name=[免费节点10] 🇺🇸 US 497 → tg@nicevpn123 {602} | server=54.245.36.10:443 | reason=mihomo start failed
[TEST] {617} tested=1/1 | kept=0 | rest=0
[DROP] name=[免费节点10] 🇺🇸 US 1993 → tg@nicevpn123 {617} | server=104.19.44.162:80 | reason=mihomo start failed
[TEST] {616} tested=1/1 | kept=0 | rest=0
[DROP] name=[免费节点10] 🇺🇸 US 1992 → tg@nicevpn123 {616} | server=104.19.44.104:80 | reason=mihomo start failed
[TEST] {619} tested=5/5 | kept=0 | rest=0
[WARN] batch start failed | size=5 {619} | split=1 {1052} + 1 {1053} + 1 {1054} + 1 {1055} + 1 {1056}
[TEST] {620} tested=1/1 | kept=0 | rest=0
[DROP] name=[免费节点10] 🇺🇸 US 1994 → tg@nicevpn123 {620} | server=104.19.44.184:80 | reason=mihomo start failed
[TEST] {621} tested=1/1 | kept=0 | rest=0
[DROP] name=[免费节点10] 🇺🇸 US 1995 → tg@nicevpn123 {621} | server=104.19.44.121:80 | reason=mihomo start failed
[TEST] {624} tested=1/1 | kept=0 | rest=0
[DROP] name=[免费节点10] 🇺🇸 US 1998 → tg@nicevpn123 {624} | server=104.19.44.89:80 | reason=mihomo start failed
[TEST] {622} tested=1/1 | kept=0 | rest=0
[DROP] name=[免费节点10] 🇺🇸 US 1996 → tg@nicevpn123 {622} | server=104.19.44.76:80 | reason=mihomo start failed
[TEST] {623} tested=1/1 | kept=0 | rest=0
[DROP] name=[免费节点10] 🇺🇸 US 1997 → tg@nicevpn123 {623} | server=104.19.44.97:80 | reason=mihomo start failed
[TEST] {603} tested=1/1 | kept=0 | rest=0
[DROP] name=[免费节点10] 🇺🇸 US 498 → tg@nicevpn123 {603} | server=docs.digitalocean.com:2096 | reason=mihomo start failed
[TEST] {627} tested=1/1 | kept=0 | rest=0
[DROP] name=[免费节点10] 🇺🇸 US 511 → tg@nicevpn123 {627} | server=104.19.43.10:80 | reason=mihomo start failed
[TEST] {629} tested=1/1 | kept=0 | rest=0
[DROP] name=[免费节点10] 🇺🇸 US 513 → tg@nicevpn123 {629} | server=104.19.45.130:2095 | reason=mihomo start failed
[TEST] {618} tested=4/4 | kept=0 | rest=0
[WARN] batch start failed | size=4 {618} | split=1 {1057} + 1 {1058} + 1 {1059} + 1 {1060}
[TEST] {625} tested=4/4 | kept=0 | rest=0
[WARN] batch start failed | size=4 {625} | split=1 {1061} + 1 {1062} + 1 {1063} + 1 {1064}
[TEST] {626} tested=5/5 | kept=0 | rest=0
[WARN] batch start failed | size=5 {626} | split=1 {1065} + 1 {1066} + 1 {1067} + 1 {1068} + 1 {1069}
[TEST] {632} tested=1/1 | kept=0 | rest=0
[DROP] name=[免费节点10] 🇺🇸 US 518 → tg@nicevpn123 {632} | server=38.68.134.9:6679 | reason=mihomo start failed
[TEST] {630} tested=1/1 | kept=0 | rest=0
[DROP] name=[免费节点10] 🇺🇸 US 514 → tg@nicevpn123 {630} | server=zula.ir:443 | reason=mihomo start failed
[TEST] {634} tested=1/1 | kept=0 | rest=0
[DROP] name=[免费节点10] 🇺🇸 US 52 → tg@nicevpn123 {634} | server=3.34.200.94:443 | reason=mihomo start failed
[TEST] {628} tested=1/1 | kept=0 | rest=0
[DROP] name=[免费节点10] 🇺🇸 US 512 → tg@nicevpn123 {628} | server=15.204.87.225:5003 | reason=mihomo start failed
[TEST] {631} tested=1/1 | kept=0 | rest=0
[DROP] name=[免费节点10] 🇺🇸 US 517 → tg@nicevpn123 {631} | server=503.outline-vpn.cloud:443 | reason=mihomo start failed
[TEST] {633} tested=1/1 | kept=0 | rest=0
[DROP] name=[免费节点10] 🇺🇸 US 519 → tg@nicevpn123 {633} | server=13.37.6.138:22222 | reason=mihomo start failed
[TEST] {635} tested=4/4 | kept=0 | rest=0
[WARN] batch start failed | size=4 {635} | split=1 {1070} + 1 {1071} + 1 {1072} + 1 {1073}
[TEST] {636} tested=5/5 | kept=0 | rest=0
[WARN] batch start failed | size=5 {636} | split=1 {1074} + 1 {1075} + 1 {1076} + 1 {1077} + 1 {1078}
[TEST] {641} tested=1/1 | kept=0 | rest=0
[DROP] name=[免费节点10] 🇺🇸 US 532 → tg@nicevpn123 {641} | server=104.19.128.214:2086 | reason=mihomo start failed
[TEST] {640} tested=1/1 | kept=0 | rest=0
[DROP] name=[免费节点10] 🇺🇸 US 531 → tg@nicevpn123 {640} | server=104.21.44.64:443 | reason=mihomo start failed
[TEST] {642} tested=1/1 | kept=0 | rest=0
[DROP] name=[免费节点10] 🇺🇸 US 534 → tg@nicevpn123 {642} | server=au01.freeflyingcloud.xyz:42002 | reason=mihomo start failed
[TEST] {644} tested=1/1 | kept=0 | rest=0
[DROP] name=[免费节点10] 🇺🇸 US 536 → tg@nicevpn123 {644} | server=104.21.238.66:80 | reason=mihomo start failed
[TEST] {638} tested=5/5 | kept=0 | rest=0
[WARN] batch start failed | size=5 {638} | split=1 {1079} + 1 {1080} + 1 {1081} + 1 {1082} + 1 {1083}
[TEST] {637} tested=4/4 | kept=0 | rest=0
[WARN] batch start failed | size=4 {637} | split=1 {1084} + 1 {1085} + 1 {1086} + 1 {1087}
[TEST] {639} tested=1/1 | kept=0 | rest=0
[DROP] name=[免费节点10] 🇺🇸 US 530 → tg@nicevpn123 {639} | server=216.246.66.205:57616 | reason=mihomo start failed
[TEST] {647} tested=1/1 | kept=0 | rest=0
[DROP] name=[免费节点10] 🇺🇸 US 384 → tg@nicevpn123 {647} | server=104.19.45.170:2095 | reason=mihomo start failed
[TEST] {648} tested=1/1 | kept=0 | rest=0
[DROP] name=[免费节点10] 🇺🇸 US 385 → tg@nicevpn123 {648} | server=104.19.45.106:2095 | reason=mihomo start failed
[TEST] {649} tested=1/1 | kept=0 | rest=0
[DROP] name=[免费节点10] 🇺🇸 US 386 → tg@nicevpn123 {649} | server=104.16.96.41:443 | reason=mihomo start failed
[TEST] {646} tested=1/1 | kept=0 | rest=0
[DROP] name=[免费节点10] 🇺🇸 US 539 → tg@nicevpn123 {646} | server=13.35.13.130:443 | reason=mihomo start failed
[TEST] {650} tested=1/1 | kept=0 | rest=0
[DROP] name=[免费节点10] 🇺🇸 US 387 → tg@nicevpn123 {650} | server=38.110.1.105:5004 | reason=mihomo start failed
[TEST] {651} tested=1/1 | kept=0 | rest=0
[DROP] name=[免费节点10] 🇺🇸 US 388 → tg@nicevpn123 {651} | server=104.16.196.41:443 | reason=mihomo start failed
[TEST] {654} tested=1/1 | kept=0 | rest=0
[DROP] name=[免费节点10] 🇺🇸 US 390 → tg@nicevpn123 {654} | server=104.19.45.186:2095 | reason=mihomo start failed
[TEST] {643} tested=1/1 | kept=0 | rest=0
[DROP] name=[免费节点10] 🇺🇸 US 535 → tg@nicevpn123 {643} | server=104.207.133.131:39729 | reason=mihomo start failed
[TEST] {645} tested=1/1 | kept=0 | rest=0
[DROP] name=[免费节点10] 🇺🇸 US 537 → tg@nicevpn123 {645} | server=205.234.232.189:50129 | reason=mihomo start failed
[TEST] {653} tested=1/1 | kept=0 | rest=0
[DROP] name=[免费节点10] 🇺🇸 US 39 → tg@nicevpn123 {653} | server=38.75.136.33:9102 | reason=mihomo start failed
[TEST] {652} tested=1/1 | kept=0 | rest=0
[DROP] name=[免费节点10] 🇺🇸 US 389 → tg@nicevpn123 {652} | server=158.101.217.208:443 | reason=mihomo start failed
[TEST] {657} tested=1/1 | kept=0 | rest=0
[DROP] name=[免费节点10] 🇺🇸 US 393 → tg@nicevpn123 {657} | server=104.19.45.112:2095 | reason=mihomo start failed
[TEST] {658} tested=1/1 | kept=0 | rest=0
[DROP] name=[免费节点10] 🇺🇸 US 394 → tg@nicevpn123 {658} | server=104.19.42.143:2082 | reason=mihomo start failed
[TEST] {655} tested=1/1 | kept=0 | rest=0
[DROP] name=[免费节点10] 🇺🇸 US 391 → tg@nicevpn123 {655} | server=52.32.221.7:443 | reason=mihomo start failed
[TEST] {661} tested=1/1 | kept=0 | rest=0
[DROP] name=[免费节点10] 🇺🇸 US 398 → tg@nicevpn123 {661} | server=38.110.1.105:5003 | reason=mihomo start failed
[TEST] {662} tested=1/1 | kept=0 | rest=0
[DROP] name=[免费节点10] 🇺🇸 US 4 → tg@nicevpn123 {662} | server=vt50k-g01.jp05-6786-vm0.entry.fr0307a.art:46482 | reason=mihomo start failed
[TEST] {656} tested=1/1 | kept=0 | rest=0
[DROP] name=[免费节点10] 🇺🇸 US 392 → tg@nicevpn123 {656} | server=157.245.148.244:443 | reason=mihomo start failed
[TEST] {659} tested=1/1 | kept=0 | rest=0
[DROP] name=[免费节点10] 🇺🇸 US 395 → tg@nicevpn123 {659} | server=ip0axv1bbsu02k7-my.1ytnode.com:56366 | reason=mihomo start failed
[TEST] {660} tested=1/1 | kept=0 | rest=0
[DROP] name=[免费节点10] 🇺🇸 US 397 → tg@nicevpn123 {660} | server=38.75.137.93:8119 | reason=mihomo start failed
[TEST] {667} tested=1/1 | kept=0 | rest=0
[DROP] name=[免费节点10] 🇺🇸 US 404 → tg@nicevpn123 {667} | server=104.16.57.148:8080 | reason=mihomo start failed
[TEST] {663} tested=1/1 | kept=0 | rest=0
[DROP] name=[免费节点10] 🇺🇸 US 400 → tg@nicevpn123 {663} | server=2.58.87.221:46628 | reason=mihomo start failed
[TEST] {666} tested=1/1 | kept=0 | rest=0
[DROP] name=[免费节点10] 🇺🇸 US 403 → tg@nicevpn123 {666} | server=104.19.250.15:2052 | reason=mihomo start failed
[TEST] {669} tested=1/1 | kept=0 | rest=0
[DROP] name=[免费节点10] 🇺🇸 US 406 → tg@nicevpn123 {669} | server=172.67.184.53:8443 | reason=mihomo start failed
[TEST] {664} tested=1/1 | kept=0 | rest=0
[DROP] name=[免费节点10] 🇺🇸 US 401 → tg@nicevpn123 {664} | server=beeconf.xyz:8080 | reason=mihomo start failed
[DROP] name=[Epodonios] EPODONIOS-123 {671} | server=194.93.61.120:443 | reason=Parse config error: proxy 0: 'reality-opts' has unset fields: public-key
[TEST] {665} tested=1/1 | kept=0 | rest=0
[DROP] name=[免费节点10] 🇺🇸 US 402 → tg@nicevpn123 {665} | server=ip0axv1bbsu02k7-us.1ytnode.com:56357 | reason=mihomo start failed
[TEST] {672} tested=1/1 | kept=0 | rest=0
[DROP] name=[Epodonios] EPODONIOS-124 {672} | server=139.59.238.97:50573 | reason=mihomo start failed
[TEST] {668} tested=1/1 | kept=0 | rest=0
[DROP] name=[免费节点10] 🇺🇸 US 405 → tg@nicevpn123 {668} | server=38.46.1.235:49828 | reason=mihomo start failed
[TEST] {674} tested=1/1 | kept=0 | rest=0
[DROP] name=[Epodonios] EPODONIOS-126 {674} | server=172.236.220.10:443 | reason=mihomo start failed
[TEST] {670} tested=1/1 | kept=0 | rest=0
[DROP] name=[免费节点10] 🇺🇸 US 407 → tg@nicevpn123 {670} | server=38.110.1.88:5600 | reason=mihomo start failed
[TEST] {677} tested=1/1 | kept=0 | rest=0
[DROP] name=[Epodonios] EPODONIOS-129 {677} | server=179.237.75.190:41464 | reason=mihomo start failed
[TEST] {678} tested=1/1 | kept=0 | rest=0
[DROP] name=[Epodonios] EPODONIOS-130 {678} | server=6r6e6e6ryrfyfyydur6r6f6r6r6r6d6d6e6s6d6s6d7d7d7e6s.poki-pakipon.ir:41464 | reason=mihomo start failed
[TEST] {673} tested=1/1 | kept=0 | rest=0
[DROP] name=[Epodonios] EPODONIOS-125 {673} | server=172.238.120.124:443 | reason=mihomo start failed
[TEST] {675} tested=1/1 | kept=0 | rest=0
[DROP] name=[Epodonios] EPODONIOS-127 {675} | server=15.223.8.8:22222 | reason=mihomo start failed
[TEST] {676} tested=1/1 | kept=0 | rest=0
[DROP] name=[Epodonios] EPODONIOS-128 {676} | server=13.37.180.245:22222 | reason=mihomo start failed
[TEST] {679} tested=4/4 | kept=0 | rest=0
[WARN] batch start failed | size=4 {679} | split=1 {1088} + 1 {1089} + 1 {1090} + 1 {1091}
[TEST] {683} tested=1/1 | kept=0 | rest=0
[DROP] name=[免费节点10] 🇺🇸 US 439 → tg@nicevpn123 {683} | server=172.67.201.200:443 | reason=mihomo start failed
[TEST] {685} tested=1/1 | kept=0 | rest=0
[DROP] name=[免费节点10] 🇺🇸 US 443 → tg@nicevpn123 {685} | server=104.21.225.122:80 | reason=mihomo start failed
[TEST] {684} tested=1/1 | kept=0 | rest=0
[DROP] name=[免费节点10] 🇺🇸 US 441 → tg@nicevpn123 {684} | server=104.16.61.8:80 | reason=mihomo start failed
[TEST] {680} tested=5/5 | kept=0 | rest=0
[WARN] batch start failed | size=5 {680} | split=1 {1092} + 1 {1093} + 1 {1094} + 1 {1095} + 1 {1096}
[TEST] {682} tested=5/5 | kept=0 | rest=0
[WARN] batch start failed | size=5 {682} | split=1 {1097} + 1 {1098} + 1 {1099} + 1 {1100} + 1 {1101}
[TEST] {686} tested=1/1 | kept=0 | rest=0
[DROP] name=[免费节点10] 🇺🇸 US 445 → tg@nicevpn123 {686} | server=104.21.225.64:80 | reason=mihomo start failed
[TEST] {687} tested=1/1 | kept=0 | rest=0
[DROP] name=[免费节点10] 🇺🇸 US 446 → tg@nicevpn123 {687} | server=104.16.40.219:2082 | reason=mihomo start failed
[TEST] {681} tested=4/4 | kept=0 | rest=0
[WARN] batch start failed | size=4 {681} | split=1 {1102} + 1 {1103} + 1 {1104} + 1 {1105}
[TEST] {691} tested=1/1 | kept=0 | rest=0
[DROP] name=[免费节点10] 🇺🇸 US 418 → tg@nicevpn123 {691} | server=152.42.218.53:80 | reason=mihomo start failed
[TEST] {688} tested=1/1 | kept=0 | rest=0
[DROP] name=[免费节点10] 🇺🇸 US 447 → tg@nicevpn123 {688} | server=3.34.95.205:443 | reason=mihomo start failed
[TEST] {689} tested=1/1 | kept=0 | rest=0
[DROP] name=[免费节点10] 🇺🇸 US 448 → tg@nicevpn123 {689} | server=38.110.1.67:8888 | reason=mihomo start failed
[TEST] {690} tested=1/1 | kept=0 | rest=0
[DROP] name=[免费节点10] 🇺🇸 US 449 → tg@nicevpn123 {690} | server=38.68.135.112:5500 | reason=mihomo start failed
[TEST] {693} tested=1/1 | kept=0 | rest=0
[DROP] name=[免费节点10] 🇺🇸 US 421 → tg@nicevpn123 {693} | server=us2-full.privateip.net:443 | reason=mihomo start failed
[TEST] {696} tested=1/1 | kept=0 | rest=0
[DROP] name=[免费节点10] 🇺🇸 US 424 → tg@nicevpn123 {696} | server=104.19.45.75:2095 | reason=mihomo start failed
[TEST] {694} tested=1/1 | kept=0 | rest=0
[DROP] name=[免费节点10] 🇺🇸 US 422 → tg@nicevpn123 {694} | server=v2line.telegram.channel.1390.fr8678825324247b8176d59f83c30bd94d23d2e3ac5cd4a743bkwqeikvdyufr.cyou:80 | reason=mihomo start failed
[TEST] {695} tested=1/1 | kept=0 | rest=0
[DROP] name=[免费节点10] 🇺🇸 US 423 → tg@nicevpn123 {695} | server=13.35.13.138:443 | reason=mihomo start failed
[TEST] {697} tested=1/1 | kept=0 | rest=0
[DROP] name=[免费节点10] 🇺🇸 US 425 → tg@nicevpn123 {697} | server=01eb6-g01.jp03-7d22-vm0.entry.fr0307a.art:21581 | reason=mihomo start failed
[TEST] {699} tested=1/1 | kept=0 | rest=0
[DROP] name=[Epodonios] EPODONIOS-106 {699} | server=104.16.72.70:443 | reason=mihomo start failed
[TEST] {700} tested=1/1 | kept=0 | rest=0
[DROP] name=[Epodonios] EPODONIOS-107 {700} | server=151.101.56.56:443 | reason=mihomo start failed
[TEST] {701} tested=1/1 | kept=0 | rest=0
[DROP] name=[Epodonios] EPODONIOS-108 {701} | server=151.101.56.6:443 | reason=mihomo start failed
[TEST] {703} tested=1/1 | kept=0 | rest=0
[DROP] name=[Epodonios] EPODONIOS-110 {703} | server=167.82.76.27:443 | reason=mihomo start failed
[TEST] {704} tested=1/1 | kept=0 | rest=0
[DROP] name=[Epodonios] EPODONIOS-111 {704} | server=167.82.76.7:443 | reason=mihomo start failed
[TEST] {702} tested=1/1 | kept=0 | rest=0
[DROP] name=[Epodonios] EPODONIOS-109 {702} | server=151.101.56.7:443 | reason=mihomo start failed
[TEST] {705} tested=1/1 | kept=0 | rest=0
[DROP] name=[Epodonios] EPODONIOS-112 {705} | server=199.232.78.101:443 | reason=mihomo start failed
[TEST] {706} tested=1/1 | kept=0 | rest=0
[DROP] name=[Epodonios] EPODONIOS-113 {706} | server=199.232.78.160:443 | reason=mihomo start failed
[TEST] {692} tested=1/1 | kept=0 | rest=0
[DROP] name=[免费节点10] 🇺🇸 US 42 → tg@nicevpn123 {692} | server=38.75.137.105:8881 | reason=mihomo start failed
[TEST] {698} tested=1/1 | kept=0 | rest=0
[DROP] name=[免费节点10] 🇺🇸 US 427 → tg@nicevpn123 {698} | server=35.87.1.148:443 | reason=mihomo start failed
[REPAIR] name=[ChromeGO-Merge] France_hysteria_1 {711} | fields=up,down
[REPAIR] name=[ChromeGO-Merge] United {710} | fields=up,down
[TEST] {708} tested=1/1 | kept=0 | rest=0
[DROP] name=[ChromeGO-Merge] 🇺🇸 United States_hysteria2_3 {708} | server=108.181.24.77:43656 | reason=mihomo start failed
[TEST] {707} tested=1/1 | kept=0 | rest=0
[DROP] name=[ChromeGO-Merge] 🇫🇷 France_hysteria2_2 {707} | server=62.210.103.0:52465 | reason=mihomo start failed
[TEST] {709} tested=1/1 | kept=0 | rest=0
[DROP] name=[ChromeGO-Merge] 🇺🇸 United States_vless_1 {709} | server=108.181.22.213:28945 | reason=mihomo start failed
[TEST] {714} tested=1/1 | kept=0 | rest=0
[DROP] name=[免费节点10] 🇺🇸 US 2006 → tg@nicevpn123 {714} | server=104.19.44.188:80 | reason=mihomo start failed
[TEST] {712} tested=4/4 | kept=0 | rest=0
[WARN] batch start failed | size=4 {712} | split=1 {1106} + 1 {1107} + 1 {1108} + 1 {1109}
[TEST] {715} tested=1/1 | kept=0 | rest=0
[DROP] name=[免费节点10] 🇺🇸 US 2007 → tg@nicevpn123 {715} | server=104.19.44.233:80 | reason=mihomo start failed
[TEST] {716} tested=1/1 | kept=0 | rest=0
[DROP] name=[免费节点10] 🇺🇸 US 2008 → tg@nicevpn123 {716} | server=104.19.44.226:80 | reason=mihomo start failed
[TEST] {717} tested=1/1 | kept=0 | rest=0
[DROP] name=[免费节点10] 🇺🇸 US 2009 → tg@nicevpn123 {717} | server=104.19.44.114:80 | reason=mihomo start failed
[TEST] {711} tested=1/1 | kept=0 | rest=0
[TEST] {710} tested=1/1 | kept=0 | rest=0
[TEST] {713} tested=5/5 | kept=0 | rest=0
[WARN] batch start failed | size=5 {713} | split=1 {1110} + 1 {1111} + 1 {1112} + 1 {1113} + 1 {1114}
[TEST] {718} tested=4/4 | kept=0 | rest=0
[WARN] batch start failed | size=4 {718} | split=1 {1115} + 1 {1116} + 1 {1117} + 1 {1118}
[TEST] {719} tested=5/5 | kept=0 | rest=0
[WARN] batch start failed | size=5 {719} | split=1 {1119} + 1 {1120} + 1 {1121} + 1 {1122} + 1 {1123}
[TEST] {720} tested=1/1 | kept=0 | rest=0
[DROP] name=[ChromeGO-Merge] 🇺🇸 United States_hysteria_2 {720} | server=108.181.22.239:39967 | reason=mihomo start failed
[TEST] {725} tested=1/1 | kept=0 | rest=0
[DROP] name=[免费节点10] 🇺🇸 US 2010 → tg@nicevpn123 {725} | server=104.19.44.7:80 | reason=mihomo start failed
[TEST] {721} tested=1/1 | kept=0 | rest=0
[DROP] name=[ChromeGO-Merge] 🇺🇸 United States_hysteria_3 {721} | server=167.160.91.115:41189 | reason=mihomo start failed
[TEST] {726} tested=1/1 | kept=0 | rest=0
[DROP] name=[免费节点10] 🇺🇸 US 2011 → tg@nicevpn123 {726} | server=104.19.44.59:80 | reason=mihomo start failed
[TEST] {728} tested=1/1 | kept=0 | rest=0
[DROP] name=[免费节点10] 🇺🇸 US 2013 → tg@nicevpn123 {728} | server=104.19.44.241:80 | reason=mihomo start failed
[TEST] {727} tested=1/1 | kept=0 | rest=0
[DROP] name=[免费节点10] 🇺🇸 US 2012 → tg@nicevpn123 {727} | server=104.19.44.238:80 | reason=mihomo start failed
[REPAIR] name=[ChromeGO-Merge] United-4 {729} | fields=up,down
[REPAIR] name=[ChromeGO-Merge] Taiwan-2 {730} | fields=up,down
[REPAIR] name=[ChromeGO-Merge] United-5 {731} | fields=up,down
[TEST] {730} tested=1/1 | kept=0 | rest=0
[TEST] {732} tested=1/1 | kept=1 | rest=0
[TEST] {733} tested=1/1 | kept=0 | rest=0
[DROP] name=[免费节点10] 🇺🇸 US 2022 → tg@nicevpn123 {733} | server=104.19.44.9:80 | reason=mihomo start failed
[TEST] {722} tested=1/1 | kept=0 | rest=0
[DROP] name=[ChromeGO-Merge] 🇫🇷 France_hysteria2_0 {722} | server=62.210.101.0:52465 | reason=mihomo start failed
[TEST] {723} tested=1/1 | kept=0 | rest=0
[DROP] name=[ChromeGO-Merge] 🇺🇸 United States_hysteria2_1 {723} | server=64.110.25.11:33337 | reason=mihomo start failed
[TEST] {734} tested=1/1 | kept=0 | rest=0
[DROP] name=[免费节点10] 🇺🇸 US 2023 → tg@nicevpn123 {734} | server=104.19.44.156:80 | reason=mihomo start failed
[TEST] {735} tested=1/1 | kept=0 | rest=0
[DROP] name=[免费节点10] 🇺🇸 US 2024 → tg@nicevpn123 {735} | server=104.19.44.195:80 | reason=mihomo start failed
[TEST] {736} tested=1/1 | kept=0 | rest=0
[DROP] name=[免费节点10] 🇺🇸 US 2025 → tg@nicevpn123 {736} | server=104.19.44.40:80 | reason=mihomo start failed
[TEST] {724} tested=1/1 | kept=0 | rest=0
[DROP] name=[免费节点10] 🇺🇸 US 201 → tg@nicevpn123 {724} | server=ip0axv1bbsu02k7-jp.1ytnode.com:56341 | reason=mihomo start failed
[TEST] {738} tested=1/1 | kept=0 | rest=0
[DROP] name=[免费节点10] 🇺🇸 US 2027 → tg@nicevpn123 {738} | server=104.19.44.205:80 | reason=mihomo start failed
[TEST] {739} tested=1/1 | kept=0 | rest=0
[DROP] name=[免费节点10] 🇺🇸 US 2028 → tg@nicevpn123 {739} | server=104.19.44.18:80 | reason=mihomo start failed
[TEST] {740} tested=1/1 | kept=0 | rest=0
[DROP] name=[免费节点10] 🇺🇸 US 2029 → tg@nicevpn123 {740} | server=104.19.45.45:80 | reason=mihomo start failed
[TEST] {737} tested=1/1 | kept=0 | rest=0
[DROP] name=[免费节点10] 🇺🇸 US 2026 → tg@nicevpn123 {737} | server=104.19.44.237:80 | reason=mihomo start failed
[TEST] {741} tested=1/1 | kept=0 | rest=0
[DROP] name=[免费节点10] 🇺🇸 US 2030 → tg@nicevpn123 {741} | server=104.19.44.129:80 | reason=mihomo start failed
[TEST] {742} tested=1/1 | kept=0 | rest=0
[DROP] name=[免费节点10] 🇺🇸 US 1942 → tg@nicevpn123 {742} | server=104.19.44.126:80 | reason=mihomo start failed
[TEST] {744} tested=1/1 | kept=0 | rest=0
[DROP] name=[免费节点10] 🇺🇸 US 1944 → tg@nicevpn123 {744} | server=104.19.44.60:80 | reason=mihomo start failed
[TEST] {745} tested=1/1 | kept=0 | rest=0
[DROP] name=[免费节点10] 🇺🇸 US 1945 → tg@nicevpn123 {745} | server=104.19.44.180:80 | reason=mihomo start failed
[TEST] {743} tested=1/1 | kept=0 | rest=0
[DROP] name=[免费节点10] 🇺🇸 US 1943 → tg@nicevpn123 {743} | server=104.19.44.44:80 | reason=mihomo start failed
[TEST] {750} tested=1/1 | kept=0 | rest=0
[DROP] name=[ChromeGO-Merge] United States vmess 21 {750} | server=yh1.freeh1.xyz:8080 | reason=mihomo start failed
[TEST] {747} tested=1/1 | kept=0 | rest=0
[DROP] name=[ChromeGO-Merge] None vmess 11 {747} | server=fbi.gov:8080 | reason=mihomo start failed
[TEST] {749} tested=1/1 | kept=0 | rest=0
[DROP] name=[ChromeGO-Merge] None vmess 14 {749} | server=fbi.gov:8080 | reason=mihomo start failed
[TEST] {748} tested=1/1 | kept=0 | rest=0
[DROP] name=[ChromeGO-Merge] None vmess 13 {748} | server=fbi.gov:8080 | reason=mihomo start failed
[TEST] {729} tested=1/1 | kept=0 | rest=0
[TEST] {731} tested=1/1 | kept=0 | rest=0
[TEST] {746} tested=1/1 | kept=0 | rest=0
[DROP] name=[ChromeGO-Merge] None vmess 016 {746} | server=yh2.dtku41.xyz:8080 | reason=mihomo start failed
[TEST] {752} tested=1/1 | kept=0 | rest=0
[DROP] name=[ChromeGO-Merge] None vmess 012 {752} | server=yh1.dtku41.xyz:8080 | reason=mihomo start failed
[TEST] {756} tested=1/1 | kept=0 | rest=0
[DROP] name=[免费节点10] 🇺🇸 US 1947 → tg@nicevpn123 {756} | server=104.19.44.43:80 | reason=mihomo start failed
[TEST] {751} tested=1/1 | kept=0 | rest=0
[DROP] name=[ChromeGO-Merge] None vmess 011 {751} | server=yh1.dtku41.xyz:8080 | reason=mihomo start failed
[TEST] {754} tested=1/1 | kept=0 | rest=0
[DROP] name=[ChromeGO-Merge] None vmess 014 {754} | server=yh2.dtku41.xyz:8080 | reason=mihomo start failed
[TEST] {755} tested=1/1 | kept=0 | rest=0
[DROP] name=[免费节点10] 🇺🇸 US 1946 → tg@nicevpn123 {755} | server=104.19.44.212:80 | reason=mihomo start failed
[TEST] {758} tested=1/1 | kept=0 | rest=0
[DROP] name=[免费节点10] 🇺🇸 US 1949 → tg@nicevpn123 {758} | server=104.19.44.220:80 | reason=mihomo start failed
[TEST] {759} tested=1/1 | kept=0 | rest=0
[DROP] name=[免费节点10] 🇺🇸 US 195 → tg@nicevpn123 {759} | server=104.19.45.82:2095 | reason=mihomo start failed
[TEST] {760} tested=1/1 | kept=0 | rest=0
[DROP] name=[Epodonios] EPODONIOS-155 {760} | server=tmesubgift.up.railway.app:443 | reason=mihomo start failed
[TEST] {761} tested=1/1 | kept=0 | rest=0
[DROP] name=[Epodonios] EPODONIOS-156 {761} | server=188.225.57.78:443 | reason=mihomo start failed
[TEST] {763} tested=1/1 | kept=0 | rest=0
[TEST] {762} tested=1/1 | kept=0 | rest=0
[DROP] name=[Epodonios] EPODONIOS-158 {763} | server=84.32.177.74:443 | reason=mihomo start failed
[DROP] name=[Epodonios] EPODONIOS-157 {762} | server=188.225.77.241:443 | reason=mihomo start failed
[TEST] {766} tested=1/1 | kept=0 | rest=0
[DROP] name=[Epodonios] EPODONIOS-161 {766} | server=nid3ch.betust.net:443 | reason=mihomo start failed
[TEST] {765} tested=1/1 | kept=0 | rest=0
[DROP] name=[Epodonios] EPODONIOS-160 {765} | server=t1dn.blazenetwork.ir:443 | reason=mihomo start failed
[TEST] {767} tested=1/1 | kept=0 | rest=0
[DROP] name=[Epodonios] EPODONIOS-162 {767} | server=yoshidoshi.shadoww345.ir:8080 | reason=mihomo start failed
[TEST] {753} tested=1/1 | kept=0 | rest=0
[DROP] name=[ChromeGO-Merge] None vmess 013 {753} | server=yh2.dtku41.xyz:8080 | reason=mihomo start failed
[TEST] {757} tested=1/1 | kept=0 | rest=0
[DROP] name=[免费节点10] 🇺🇸 US 1948 → tg@nicevpn123 {757} | server=169.197.142.216:2376 | reason=mihomo start failed
[TEST] {770} tested=1/1 | kept=0 | rest=0
[DROP] name=[ChromeGO-Merge] None vmess 32 {770} | server=yh1.freeh1.xyz:8080 | reason=mihomo start failed
[TEST] {771} tested=1/1 | kept=0 | rest=0
[DROP] name=[ChromeGO-Merge] United States vmess 33 {771} | server=yh1.freeh1.xyz:8080 | reason=mihomo start failed
[TEST] {772} tested=1/1 | kept=0 | rest=0
[DROP] name=[ChromeGO-Merge] None vmess 34 {772} | server=yh1.freeh1.xyz:8080 | reason=mihomo start failed
[TEST] {773} tested=1/1 | kept=0 | rest=0
[DROP] name=[ChromeGO-Merge] Canada vmess 41 {773} | server=23.227.39.12:8080 | reason=mihomo start failed
[TEST] {774} tested=1/1 | kept=0 | rest=0
[DROP] name=[Epodonios] EPODONIOS-139 {774} | server=edge.aiteamplus.ir:10007 | reason=mihomo start failed
[TEST] {764} tested=1/1 | kept=0 | rest=0
[DROP] name=[Epodonios] EPODONIOS-159 {764} | server=app16.betust.net:443 | reason=mihomo start failed
[TEST] {776} tested=1/1 | kept=0 | rest=0
[DROP] name=[Epodonios] vless {776} | server=www.hxino.com:443 | reason=mihomo start failed
[TEST] {775} tested=1/1 | kept=0 | rest=0
[DROP] name=[Epodonios] EPODONIOS-140 {775} | server=lovesykun.cn:443 | reason=mihomo start failed
[TEST] {769} tested=5/5 | kept=0 | rest=0
[WARN] batch start failed | size=5 {769} | split=1 {1124} + 1 {1125} + 1 {1126} + 1 {1127} + 1 {1128}
[TEST] {777} tested=1/1 | kept=0 | rest=0
[DROP] name=[Epodonios] EPODONIOS-141 {777} | server=85.208.85.246:25565 | reason=mihomo start failed
[TEST] {780} tested=1/1 | kept=0 | rest=0
[DROP] name=[Epodonios] EPODONIOS-144 {780} | server=195.189.97.12:443 | reason=mihomo start failed
[TEST] {781} tested=1/1 | kept=0 | rest=0
[DROP] name=[Epodonios] EPODONIOS-145 {781} | server=84.32.177.74:443 | reason=mihomo start failed
[TEST] {768} tested=4/4 | kept=0 | rest=0
[WARN] batch start failed | size=4 {768} | split=1 {1129} + 1 {1130} + 1 {1131} + 1 {1132}
[TEST] {779} tested=1/1 | kept=0 | rest=0
[DROP] name=[Epodonios] EPODONIOS-143 {779} | server=91.234.39.183:8080 | reason=mihomo start failed
[TEST] {778} tested=1/1 | kept=0 | rest=0
[DROP] name=[Epodonios] EPODONIOS-142 {778} | server=85.208.85.246:443 | reason=mihomo start failed
[TEST] {784} tested=1/1 | kept=0 | rest=0
[DROP] name=[ChromeGO-Merge] Canada vmess 43 {784} | server=23.227.39.23:8080 | reason=mihomo start failed
[TEST] {785} tested=1/1 | kept=0 | rest=0
[DROP] name=[ChromeGO-Merge] Canada vmess 44 {785} | server=23.227.39.45:8080 | reason=mihomo start failed
[TEST] {787} tested=1/1 | kept=0 | rest=0
[DROP] name=[ChromeGO-Merge] United States ss 81 {787} | server=62.204.54.81:44550 | reason=mihomo start failed
[TEST] {788} tested=1/1 | kept=0 | rest=0
[DROP] name=[ChromeGO-Merge] Taiwan hysteria 91 {788} | server=www.dtku50.xyz:18470 | reason=mihomo start failed
[TEST] {789} tested=1/1 | kept=0 | rest=0
[DROP] name=[免费节点10] 🇺🇸 US 2039 → tg@nicevpn123 {789} | server=104.19.45.67:80 | reason=mihomo start failed
[TEST] {790} tested=1/1 | kept=0 | rest=0
[DROP] name=[免费节点10] 🇺🇸 US 204 → tg@nicevpn123 {790} | server=104.19.45.7:2095 | reason=mihomo start failed
[TEST] {782} tested=4/4 | kept=0 | rest=0
[WARN] batch start failed | size=4 {782} | split=1 {1133} + 1 {1134} + 1 {1135} + 1 {1136}
[TEST] {791} tested=1/1 | kept=0 | rest=0
[DROP] name=[免费节点10] 🇺🇸 US 2040 → tg@nicevpn123 {791} | server=104.19.45.0:80 | reason=mihomo start failed
[TEST] {795} tested=1/1 | kept=0 | rest=0
[DROP] name=[Epodonios] EPODONIOS-58 {795} | server=151.101.56.7:443 | reason=mihomo start failed
[TEST] {794} tested=1/1 | kept=0 | rest=0
[DROP] name=[Epodonios] EPODONIOS-57 {794} | server=199.232.78.160:443 | reason=mihomo start failed
[TEST] {796} tested=1/1 | kept=0 | rest=0
[DROP] name=[Epodonios] EPODONIOS-59 {796} | server=151.101.56.90:443 | reason=mihomo start failed
[TEST] {783} tested=5/5 | kept=0 | rest=0
[WARN] batch start failed | size=5 {783} | split=1 {1137} + 1 {1138} + 1 {1139} + 1 {1140} + 1 {1141}
[TEST] {797} tested=1/1 | kept=0 | rest=0
[DROP] name=[Epodonios] EPODONIOS-60 {797} | server=167.82.76.7:443 | reason=mihomo start failed
[TEST] {798} tested=1/1 | kept=0 | rest=0
[DROP] name=[Epodonios] EPODONIOS-61 {798} | server=199.232.78.101:443 | reason=mihomo start failed
[TEST] {793} tested=1/1 | kept=0 | rest=0
[DROP] name=[Epodonios] EPODONIOS-56 {793} | server=167.82.76.7:443 | reason=mihomo start failed
[TEST] {799} tested=1/1 | kept=0 | rest=0
[DROP] name=[Epodonios] EPODONIOS-62 {799} | server=199.232.78.160:443 | reason=mihomo start failed
[TEST] {800} tested=1/1 | kept=0 | rest=0
[DROP] name=[Epodonios] EPODONIOS-63 {800} | server=151.101.56.7:443 | reason=mihomo start failed
[TEST] {802} tested=1/1 | kept=0 | rest=0
[DROP] name=[免费节点10] 🇺🇸 US 207 → tg@nicevpn123 {802} | server=debbc.qkhbyf.tech:443 | reason=mihomo start failed
[TEST] {804} tested=1/1 | kept=0 | rest=0
[DROP] name=[免费节点10] 🇺🇸 US 209 → tg@nicevpn123 {804} | server=uk-full.privateip.net:443 | reason=mihomo start failed
[TEST] {803} tested=1/1 | kept=0 | rest=0
[DROP] name=[免费节点10] 🇺🇸 US 208 → tg@nicevpn123 {803} | server=series-a2-me.varzesh360.co:443 | reason=mihomo start failed
[TEST] {805} tested=1/1 | kept=0 | rest=0
[DROP] name=[免费节点10] 🇺🇸 US 211 → tg@nicevpn123 {805} | server=104.19.48.168:2082 | reason=mihomo start failed
[TEST] {806} tested=1/1 | kept=0 | rest=0
[DROP] name=[Epodonios] EPODONIOS-41 {806} | server=104.16.72.101:443 | reason=mihomo start failed
[TEST] {786} tested=1/1 | kept=0 | rest=0
[DROP] name=[ChromeGO-Merge] France hysteria2 71 {786} | server=51.159.77.153:33390 | reason=mihomo start failed
[TEST] {792} tested=1/1 | kept=0 | rest=0
[DROP] name=[免费节点10] 🇺🇸 US 205 → tg@nicevpn123 {792} | server=168.235.82.103:16123 | reason=mihomo start failed
[TEST] {809} tested=1/1 | kept=0 | rest=0
[DROP] name=[Epodonios] EPODONIOS-44 {809} | server=69.46.46.148:443 | reason=mihomo start failed
[TEST] {801} tested=1/1 | kept=0 | rest=0
[DROP] name=[免费节点10] 🇺🇸 US 206 → tg@nicevpn123 {801} | server=107.172.87.131:48959 | reason=mihomo start failed
[TEST] {811} tested=1/1 | kept=0 | rest=0
[DROP] name=[Epodonios] EPODONIOS-46 {811} | server=193.124.46.65:443 | reason=mihomo start failed
[TEST] {810} tested=1/1 | kept=0 | rest=0
[DROP] name=[Epodonios] EPODONIOS-45 {810} | server=13.250.28.5:44370 | reason=mihomo start failed
[TEST] {813} tested=1/1 | kept=0 | rest=0
[DROP] name=[Epodonios] trojan-3 {813} | server=api.ohbah.com:3004 | reason=mihomo start failed
[TEST] {808} tested=1/1 | kept=0 | rest=0
[DROP] name=[Epodonios] EPODONIOS-43 {808} | server=95.40.43.135:50887 | reason=mihomo start failed
[TEST] {815} tested=1/1 | kept=0 | rest=0
[DROP] name=[Epodonios] EPODONIOS-49 {815} | server=5.75.171.12:1080 | reason=mihomo start failed
[TEST] {816} tested=1/1 | kept=0 | rest=0
[DROP] name=[Epodonios] EPODONIOS-50 {816} | server=jgzt1997.qivfelo.ir:1080 | reason=mihomo start failed
[TEST] {807} tested=1/1 | kept=0 | rest=0
[DROP] name=[Epodonios] EPODONIOS-42 {807} | server=95.40.110.184:50887 | reason=mihomo start failed
[TEST] {812} tested=1/1 | kept=0 | rest=0
[DROP] name=[Epodonios] EPODONIOS-47 {812} | server=3.10.143.243:16151 | reason=mihomo start failed
[TEST] {814} tested=1/1 | kept=0 | rest=0
[DROP] name=[Epodonios] EPODONIOS-48 {814} | server=91.107.174.133:14639 | reason=mihomo start failed
[TEST] {819} tested=1/1 | kept=0 | rest=0
[DROP] name=[Epodonios] EPODONIOS-53 {819} | server=43.198.13.210:41973 | reason=mihomo start failed
[TEST] {820} tested=1/1 | kept=0 | rest=0
[DROP] name=[Epodonios] EPODONIOS-54 {820} | server=91.233.8.25:443 | reason=mihomo start failed
[TEST] {817} tested=1/1 | kept=0 | rest=0
[DROP] name=[Epodonios] EPODONIOS-51 {817} | server=xn--memeshupshop-vl56koa410enom.rekmiva.ir:1080 | reason=mihomo start failed
[TEST] {823} tested=5/5 | kept=0 | rest=0
[WARN] batch start failed | size=5 {823} | split=1 {1142} + 1 {1143} + 1 {1144} + 1 {1145} + 1 {1146}
[TEST] {824} tested=1/1 | kept=0 | rest=0
[DROP] name=[Epodonios] EPODONIOS-73 {824} | server=151.101.56.230:443 | reason=mihomo start failed
[TEST] {818} tested=1/1 | kept=0 | rest=0
[DROP] name=[Epodonios] EPODONIOS-52 {818} | server=16.163.102.116:52951 | reason=mihomo start failed
[TEST] {825} tested=1/1 | kept=0 | rest=0
[DROP] name=[Epodonios] EPODONIOS-74 {825} | server=167.82.76.7:443 | reason=mihomo start failed
[TEST] {826} tested=1/1 | kept=0 | rest=0
[DROP] name=[Epodonios] EPODONIOS-75 {826} | server=199.232.78.101:443 | reason=mihomo start failed
[TEST] {828} tested=1/1 | kept=0 | rest=0
[DROP] name=[Epodonios] EPODONIOS-77 {828} | server=151.101.0.0:80 | reason=mihomo start failed
[TEST] {827} tested=1/1 | kept=0 | rest=0
[DROP] name=[Epodonios] EPODONIOS-76 {827} | server=199.232.78.160:443 | reason=mihomo start failed
[TEST] {821} tested=1/1 | kept=0 | rest=0
[DROP] name=[Epodonios] EPODONIOS-55 {821} | server=65.109.215.50:54673 | reason=mihomo start failed
[TEST] {831} tested=1/1 | kept=0 | rest=0
[DROP] name=[Epodonios] Telegram---PLANB_NET---PLANB_NET---PLANB_NET---PLANB_NET?ed&security=tls&alpn=http/1.1&insecure=0&host=f2au50vwmige9oftda.netizo14.workers.dev&fp=chrome&type=ws&allowInsecure=0&sni=f2au50VWMige9OFTDA.NeTizo14.wOrKErS.dEV#EPODONIOS {831} | server=www.speedtest.net:443 | reason=mihomo start failed
[TEST] {822} tested=4/4 | kept=0 | rest=0
[WARN] batch start failed | size=4 {822} | split=1 {1147} + 1 {1148} + 1 {1149} + 1 {1150}
[TEST] {830} tested=1/1 | kept=0 | rest=0
[DROP] name=[Epodonios] EPODONIOS-79 {830} | server=188.114.97.3:443 | reason=mihomo start failed
[TEST] {829} tested=1/1 | kept=0 | rest=0
[DROP] name=[Epodonios] EPODONIOS-78 {829} | server=13.192.168.51:443 | reason=mihomo start failed
[TEST] {834} tested=1/1 | kept=0 | rest=0
[DROP] name=[Epodonios] EPODONIOS-89 {834} | server=89.116.46.68:443 | reason=mihomo start failed
[TEST] {832} tested=4/4 | kept=0 | rest=0
[WARN] batch start failed | size=4 {832} | split=1 {1151} + 1 {1152} + 1 {1153} + 1 {1154}
[TEST] {833} tested=5/5 | kept=0 | rest=0
[WARN] batch start failed | size=5 {833} | split=1 {1155} + 1 {1156} + 1 {1157} + 1 {1158} + 1 {1159}
[TEST] {835} tested=1/1 | kept=0 | rest=0
[DROP] name=[Epodonios] EPODONIOS-90 {835} | server=185.137.157.138:443 | reason=mihomo start failed
[TEST] {836} tested=1/1 | kept=0 | rest=0
[DROP] name=[Epodonios] EPODONIOS-91 {836} | server=185.137.157.145:443 | reason=mihomo start failed
[TEST] {839} tested=1/1 | kept=0 | rest=0
[DROP] name=[Epodonios] EPODONIOS-94 {839} | server=xhop-production.up.railway.app:443 | reason=mihomo start failed
[TEST] {840} tested=1/1 | kept=1 | rest=0
[TEST] {841} tested=1/1 | kept=0 | rest=0
[DROP] name=[Epodonios] EPODONIOS-96 {841} | server=162.159.38.119:443 | reason=mihomo start failed
[TEST] {838} tested=1/1 | kept=0 | rest=0
[DROP] name=[Epodonios] EPODONIOS-93 {838} | server=18.226.163.196:15349 | reason=mihomo start failed
[TEST] {845} tested=1/1 | kept=0 | rest=0
[DROP] name=[免费节点10] 🇺🇸 US 233 → tg@nicevpn123 {845} | server=104.19.45.201:2095 | reason=mihomo start failed
[TEST] {846} tested=1/1 | kept=0 | rest=0
[DROP] name=[免费节点10] 🇺🇸 US 234 → tg@nicevpn123 {846} | server=104.17.147.11:443 | reason=mihomo start failed
[TEST] {837} tested=1/1 | kept=0 | rest=0
[DROP] name=[Epodonios] EPODONIOS-92 {837} | server=18.199.218.181:16154 | reason=mihomo start failed
[TEST] {844} tested=1/1 | kept=0 | rest=0
[DROP] name=[免费节点10] 🇺🇸 US 232 → tg@nicevpn123 {844} | server=104.19.45.14:2095 | reason=mihomo start failed
[TEST] {847} tested=1/1 | kept=0 | rest=0
[DROP] name=[免费节点10] 🇺🇸 US 235 → tg@nicevpn123 {847} | server=104.16.43.245:2082 | reason=mihomo start failed
[TEST] {848} tested=1/1 | kept=0 | rest=0
[DROP] name=[免费节点10] 🇺🇸 US 236 → tg@nicevpn123 {848} | server=speed.cloudflare.com:80 | reason=mihomo start failed
[TEST] {849} tested=1/1 | kept=0 | rest=0
[DROP] name=[免费节点10] 🇺🇸 US 223 → tg@nicevpn123 {849} | server=104.19.45.59:2095 | reason=mihomo start failed
[TEST] {852} tested=1/1 | kept=0 | rest=0
[DROP] name=[免费节点10] 🇺🇸 US 23 → tg@nicevpn123 {852} | server=104.19.42.72:2082 | reason=mihomo start failed
[TEST] {851} tested=1/1 | kept=0 | rest=0
[DROP] name=[免费节点10] 🇺🇸 US 228 → tg@nicevpn123 {851} | server=104.16.42.0:2082 | reason=mihomo start failed
[TEST] {842} tested=4/4 | kept=0 | rest=0
[WARN] batch start failed | size=4 {842} | split=1 {1160} + 1 {1161} + 1 {1162} + 1 {1163}
[TEST] {855} tested=1/1 | kept=0 | rest=0
[DROP] name=[免费节点10] 🇺🇸 US 256 → tg@nicevpn123 {855} | server=104.19.45.249:2095 | reason=mihomo start failed
[TEST] {856} tested=1/1 | kept=0 | rest=0
[DROP] name=[免费节点10] 🇺🇸 US 257 → tg@nicevpn123 {856} | server=104.19.45.223:2095 | reason=mihomo start failed
[TEST] {843} tested=5/5 | kept=0 | rest=0
[WARN] batch start failed | size=5 {843} | split=1 {1164} + 1 {1165} + 1 {1166} + 1 {1167} + 1 {1168}
[TEST] {850} tested=1/1 | kept=0 | rest=0
[DROP] name=[免费节点10] 🇺🇸 US 227 → tg@nicevpn123 {850} | server=38.173.210.79:37001 | reason=mihomo start failed
[TEST] {858} tested=1/1 | kept=0 | rest=0
[DROP] name=[免费节点10] 🇺🇸 US 247 → tg@nicevpn123 {858} | server=qin17.rong1104.uk:2053 | reason=mihomo start failed
[TEST] {859} tested=1/1 | kept=0 | rest=0
[DROP] name=[免费节点10] 🇺🇸 US 250 → tg@nicevpn123 {859} | server=104.21.225.208:80 | reason=mihomo start failed
[TEST] {853} tested=1/1 | kept=0 | rest=0
[DROP] name=[免费节点10] 🇺🇸 US 254 → tg@nicevpn123 {853} | server=154.62.185.162:35816 | reason=mihomo start failed
[TEST] {857} tested=1/1 | kept=0 | rest=0
[DROP] name=[免费节点10] 🇺🇸 US 258 → tg@nicevpn123 {857} | server=158.101.217.208:12384 | reason=mihomo start failed
[TEST] {854} tested=1/1 | kept=0 | rest=0
[DROP] name=[免费节点10] 🇺🇸 US 255 → tg@nicevpn123 {854} | server=15.204.87.225:8090 | reason=mihomo start failed
[TEST] {863} tested=1/1 | kept=0 | rest=0
[DROP] name=[免费节点10] 🇺🇸 US 271 → tg@nicevpn123 {863} | server=104.19.45.137:2095 | reason=mihomo start failed
[TEST] {860} tested=1/1 | kept=0 | rest=0
[DROP] name=[免费节点10] 🇺🇸 US 251 → tg@nicevpn123 {860} | server=ip0axv1bbsu02k7-us.1ytnode.com:56359 | reason=mihomo start failed
[TEST] {861} tested=1/1 | kept=0 | rest=0
[DROP] name=[免费节点10] 🇺🇸 US 253 → tg@nicevpn123 {861} | server=38.75.137.93:6679 | reason=mihomo start failed
[TEST] {864} tested=1/1 | kept=0 | rest=0
[DROP] name=[免费节点10] 🇺🇸 US 272 → tg@nicevpn123 {864} | server=qin19.rong1104.uk:2053 | reason=mihomo start failed
[TEST] {866} tested=1/1 | kept=0 | rest=0
[DROP] name=[免费节点10] 🇺🇸 US 274 → tg@nicevpn123 {866} | server=104.19.45.213:2095 | reason=mihomo start failed
[TEST] {867} tested=1/1 | kept=0 | rest=0
[DROP] name=[免费节点10] 🇺🇸 US 266 → tg@nicevpn123 {867} | server=104.19.45.184:2095 | reason=mihomo start failed
[TEST] {868} tested=1/1 | kept=0 | rest=0
[DROP] name=[免费节点10] 🇺🇸 US 268 → tg@nicevpn123 {868} | server=104.17.147.6:443 | reason=mihomo start failed
[TEST] {870} tested=1/1 | kept=0 | rest=0
[DROP] name=[免费节点10] 🇺🇸 US 27 → tg@nicevpn123 {870} | server=104.19.45.124:2095 | reason=mihomo start failed
[TEST] {872} tested=1/1 | kept=0 | rest=0
[DROP] name=[免费节点10] 🇺🇸 US 293 → tg@nicevpn123 {872} | server=104.19.43.217:80 | reason=mihomo start failed
[TEST] {871} tested=1/1 | kept=0 | rest=0
[DROP] name=[免费节点10] 🇺🇸 US 291 → tg@nicevpn123 {871} | server=104.16.43.244:2082 | reason=mihomo start failed
[TEST] {873} tested=1/1 | kept=0 | rest=0
[DROP] name=[免费节点10] 🇺🇸 US 296 → tg@nicevpn123 {873} | server=104.18.203.232:2083 | reason=mihomo start failed
[TEST] {874} tested=1/1 | kept=0 | rest=0
[DROP] name=[免费节点10] 🇺🇸 US 297 → tg@nicevpn123 {874} | server=104.19.45.230:2095 | reason=mihomo start failed
[TEST] {875} tested=1/1 | kept=0 | rest=0
[DROP] name=[免费节点10] 🇺🇸 US 299 → tg@nicevpn123 {875} | server=104.19.49.226:443 | reason=mihomo start failed
[TEST] {876} tested=1/1 | kept=0 | rest=0
[DROP] name=[免费节点10] 🇺🇸 US 283 → tg@nicevpn123 {876} | server=104.17.17.103:8080 | reason=mihomo start failed
[TEST] {862} tested=1/1 | kept=0 | rest=0
[DROP] name=[免费节点10] 🇺🇸 US 270 → tg@nicevpn123 {862} | server=38.86.135.225:6697 | reason=mihomo start failed
[TEST] {877} tested=1/1 | kept=0 | rest=0
[DROP] name=[免费节点10] 🇺🇸 US 284 → tg@nicevpn123 {877} | server=104.17.207.13:8443 | reason=mihomo start failed
[TEST] {865} tested=1/1 | kept=0 | rest=0
[DROP] name=[免费节点10] 🇺🇸 US 273 → tg@nicevpn123 {865} | server=45.63.87.228:57337 | reason=mihomo start failed
[TEST] {879} tested=1/1 | kept=0 | rest=0
[DROP] name=[免费节点10] 🇺🇸 US 29 → tg@nicevpn123 {879} | server=104.19.45.127:2095 | reason=mihomo start failed
[TEST] {882} tested=1/1 | kept=0 | rest=0
[DROP] name=[Pawdroid-SS-APK] United+Kingdom-5 {882} | server=149.102.152.25:80 | reason=mihomo start failed
[REPAIR] name=[Pawdroid-SS-APK] United+Kingdom-4 {881} | fields=cipher
[TEST] {880} tested=1/1 | kept=1 | rest=0
[TEST] {869} tested=1/1 | kept=0 | rest=0
[DROP] name=[免费节点10] 🇺🇸 US 269 → tg@nicevpn123 {869} | server=172.105.150.181:28953 | reason=mihomo start failed
[TEST] {878} tested=1/1 | kept=0 | rest=0
[DROP] name=[免费节点10] 🇺🇸 US 285 → tg@nicevpn123 {878} | server=157.254.193.251:20220 | reason=mihomo start failed
[TEST] {883} tested=1/1 | kept=0 | rest=0
[TEST] {881} tested=1/1 | kept=0 | rest=0
[DROP] name=[Pawdroid-SS-APK] United+Kingdom-6 {883} | server=82.38.31.17:443 | reason=mihomo start failed
[TEST] {884} tested=1/1 | kept=0 | rest=0
[DROP] name=[Pawdroid-SS-APK] The+Netherlands {884} | server=193.29.139.249:8080 | reason=mihomo start failed
[TEST] {885} tested=1/1 | kept=0 | rest=0
[DROP] name=[免费节点10] 🇺🇸 US 307 → tg@nicevpn123 {885} | server=47.243.28.9:26927 | reason=mihomo start failed
[TEST] {889} tested=1/1 | kept=0 | rest=0
[DROP] name=[免费节点10] 🇺🇸 US 313 → tg@nicevpn123 {889} | server=104.21.25.98:80 | reason=mihomo start failed
[TEST] {887} tested=1/1 | kept=0 | rest=0
[DROP] name=[免费节点10] 🇺🇸 US 31 → tg@nicevpn123 {887} | server=107.148.5.167:443 | reason=mihomo start failed
[TEST] {886} tested=1/1 | kept=0 | rest=0
[DROP] name=[免费节点10] 🇺🇸 US 309 → tg@nicevpn123 {886} | server=ip0axv1bbsu02k7-jp.1ytnode.com:56344 | reason=mihomo start failed
[TEST] {888} tested=1/1 | kept=0 | rest=0
[DROP] name=[免费节点10] 🇺🇸 US 311 → tg@nicevpn123 {888} | server=129.151.227.223:30502 | reason=mihomo start failed
[TEST] {893} tested=1/1 | kept=0 | rest=0
[DROP] name=[免费节点10] 🇺🇸 US 318 → tg@nicevpn123 {893} | server=104.19.42.178:2082 | reason=mihomo start failed
[TEST] {891} tested=1/1 | kept=0 | rest=0
[DROP] name=[免费节点10] 🇺🇸 US 315 → tg@nicevpn123 {891} | server=171.22.78.141:443 | reason=mihomo start failed
[TEST] {892} tested=1/1 | kept=0 | rest=0
[DROP] name=[免费节点10] 🇺🇸 US 317 → tg@nicevpn123 {892} | server=15.204.87.217:5499 | reason=mihomo start failed
[TEST] {890} tested=1/1 | kept=0 | rest=0
[DROP] name=[免费节点10] 🇺🇸 US 314 → tg@nicevpn123 {890} | server=3.38.162.154:443 | reason=mihomo start failed
[TEST] {894} tested=1/1 | kept=0 | rest=0
[DROP] name=[ChromeGO-Merge] France_hy_1 {894} | server=62.210.243.131:18702 | reason=mihomo start failed
[TEST] {895} tested=1/1 | kept=0 | rest=0
[DROP] name=[ChromeGO-Merge] United States_hy_3 {895} | server=109.104.152.194:58510 | reason=mihomo start failed
[TEST] {896} tested=1/1 | kept=0 | rest=0
[DROP] name=[ChromeGO-Merge] United States_hy2_0 {896} | server=104.192.224.141:40391 | reason=mihomo start failed
[TEST] {897} tested=1/1 | kept=0 | rest=0
[DROP] name=[ChromeGO-Merge] United States_hy2_1 {897} | server=104.192.224.140:40391 | reason=mihomo start failed
[TEST] {898} tested=1/1 | kept=0 | rest=0
[DROP] name=[ChromeGO-Merge] 🇫🇷 France_tuic_0 {898} | server=62.210.103.14:44556 | reason=mihomo start failed
[TEST] {901} tested=1/1 | kept=0 | rest=0
[DROP] name=[ChromeGO-Merge] United States_shadowtls_1 {901} | server=109.104.152.186:443 | reason=mihomo start failed
[TEST] {899} tested=1/1 | kept=0 | rest=0
[DROP] name=[ChromeGO-Merge] United States_ss_61 {899} | server=109.104.152.186:11223 | reason=mihomo start failed
[TEST] {904} tested=1/1 | kept=0 | rest=0
[DROP] name=[免费节点10] 🇺🇸 US 334 → tg@nicevpn123 {904} | server=104.16.43.187:2082 | reason=mihomo start failed
[TEST] {905} tested=1/1 | kept=0 | rest=0
[DROP] name=[免费节点10] 🇺🇸 US 337 → tg@nicevpn123 {905} | server=104.16.42.29:2082 | reason=mihomo start failed
[TEST] {906} tested=1/1 | kept=0 | rest=0
[DROP] name=[免费节点10] 🇺🇸 US 339 → tg@nicevpn123 {906} | server=104.16.127.195:2052 | reason=mihomo start failed
[TEST] {900} tested=1/1 | kept=0 | rest=0
[DROP] name=[ChromeGO-Merge] United States_hysteria2_71 {900} | server=109.104.152.89:22441 | reason=mihomo start failed
[TEST] {902} tested=1/1 | kept=0 | rest=0
[DROP] name=[ChromeGO-Merge] United States_hy_0 {902} | server=108.181.5.133:26022 | reason=mihomo start failed
[WARN] batch start failed | size=4 {908} | split=1 {1169} + 1 {1170} + 1 {1171} + 1 {1172}
[TEST] {903} tested=1/1 | kept=0 | rest=0
[DROP] name=[免费节点10] 🇺🇸 US 333 → tg@nicevpn123 {903} | server=38.114.114.208:5000 | reason=mihomo start failed
[TEST] {910} tested=1/1 | kept=0 | rest=0
[DROP] name=[免费节点10] 🇺🇸 US 329 → tg@nicevpn123 {910} | server=cdncdncdncdn.784654.xyz:2052 | reason=mihomo start failed
[TEST] {913} tested=1/1 | kept=0 | rest=0
[DROP] name=[免费节点10] 🇺🇸 US 331 → tg@nicevpn123 {913} | server=104.17.205.10:8880 | reason=mihomo start failed
[TEST] {912} tested=1/1 | kept=0 | rest=0
[DROP] name=[免费节点10] 🇺🇸 US 330 → tg@nicevpn123 {912} | server=104.26.0.95:443 | reason=mihomo start failed
[TEST] {914} tested=1/1 | kept=0 | rest=0
[DROP] name=[免费节点10] 🇺🇸 US 372 → tg@nicevpn123 {914} | server=lt2-vmess.sshmax.xyz:80 | reason=mihomo start failed
[TEST] {915} tested=1/1 | kept=0 | rest=0
[DROP] name=[免费节点10] 🇺🇸 US 374 → tg@nicevpn123 {915} | server=38.60.204.119:56836 | reason=mihomo start failed
[TEST] {907} tested=1/1 | kept=0 | rest=0
[DROP] name=[免费节点10] 🇺🇸 US 34 → tg@nicevpn123 {907} | server=18.118.163.183:17400 | reason=mihomo start failed
[TEST] {916} tested=1/1 | kept=0 | rest=0
[DROP] name=[免费节点10] 🇺🇸 US 375 → tg@nicevpn123 {916} | server=b834o-g01.jp03-7d22-vm0.entry.fr0307a.art:21581 | reason=mihomo start failed
[TEST] {917} tested=1/1 | kept=0 | rest=0
[DROP] name=[免费节点10] 🇺🇸 US 376 → tg@nicevpn123 {917} | server=104.19.159.10:443 | reason=mihomo start failed
[TEST] {909} tested=5/5 | kept=0 | rest=0
[WARN] batch start failed | size=5 {909} | split=1 {1173} + 1 {1174} + 1 {1175} + 1 {1176} + 1 {1177}
[TEST] {911} tested=1/1 | kept=0 | rest=0
[DROP] name=[免费节点10] 🇺🇸 US 33 → tg@nicevpn123 {911} | server=shct.pkyun.xyz:51706 | reason=mihomo start failed
[TEST] {921} tested=1/1 | kept=0 | rest=0
[DROP] name=[Epodonios] EPODONIOS-2284 {921} | server=p1tun3.greewebservices.ir:2070 | reason=mihomo start failed
[TEST] {918} tested=1/1 | kept=0 | rest=0
[DROP] name=[Epodonios] EPODONIOS-2281 {918} | server=109.122.251.86:20700 | reason=mihomo start failed
[TEST] {919} tested=1/1 | kept=0 | rest=0
[DROP] name=[Epodonios] EPODONIOS-2282 {919} | server=p1tun1.greewebservices.ir:2050 | reason=mihomo start failed
[TEST] {920} tested=1/1 | kept=0 | rest=0
[DROP] name=[Epodonios] EPODONIOS-2283 {920} | server=p1tun2.greewebservices.ir:2060 | reason=mihomo start failed
[TEST] {924} tested=1/1 | kept=0 | rest=0
[DROP] name=[Epodonios] EPODONIOS-2287 {924} | server=178.95.176.16:1080 | reason=mihomo start failed
[TEST] {922} tested=1/1 | kept=0 | rest=0
[DROP] name=[Epodonios] EPODONIOS-2285 {922} | server=20.223.136.145:443 | reason=mihomo start failed
[TEST] {925} tested=1/1 | kept=0 | rest=0
[DROP] name=[Epodonios] EPODONIOS-2288 {925} | server=65.109.178.10:1080 | reason=mihomo start failed
[TEST] {926} tested=1/1 | kept=0 | rest=0
[DROP] name=[免费节点10] 🇺🇸 US 378 → tg@nicevpn123 {926} | server=104.16.153.209:80 | reason=mihomo start failed
[TEST] {929} tested=1/1 | kept=0 | rest=0
[DROP] name=[免费节点10] 🇺🇸 US 381 → tg@nicevpn123 {929} | server=104.16.40.112:2082 | reason=mihomo start failed
[TEST] {923} tested=1/1 | kept=0 | rest=0
[DROP] name=[Epodonios] EPODONIOS-2286 {923} | server=94.245.92.85:443 | reason=mihomo start failed
[TEST] {931} tested=1/1 | kept=0 | rest=0
[DROP] name=[Epodonios] EPODONIOS-2179 {931} | server=208.103.161.110:443 | reason=mihomo start failed
[TEST] {932} tested=1/1 | kept=0 | rest=0
[DROP] name=[Epodonios] EPODONIOS-2180 {932} | server=69.84.182.20:443 | reason=mihomo start failed
[TEST] {935} tested=1/1 | kept=0 | rest=0
[DROP] name=[Epodonios] EPODONIOS-2183 {935} | server=104.18.32.47:443 | reason=mihomo start failed
[TEST] {934} tested=1/1 | kept=0 | rest=0
[DROP] name=[Epodonios] EPODONIOS-2182 {934} | server=1password.com:443 | reason=mihomo start failed
[TEST] {936} tested=1/1 | kept=0 | rest=0
[DROP] name=[Epodonios] EPODONIOS-2184 {936} | server=194.76.18.25:443 | reason=mihomo start failed
[TEST] {927} tested=1/1 | kept=0 | rest=0
[DROP] name=[免费节点10] 🇺🇸 US 38 → tg@nicevpn123 {927} | server=38.110.1.43:8009 | reason=mihomo start failed
[TEST] {937} tested=1/1 | kept=0 | rest=0
[DROP] name=[Epodonios] EPODONIOS-2185 {937} | server=69.84.182.20:443 | reason=mihomo start failed
[TEST] {933} tested=1/1 | kept=0 | rest=0
[DROP] name=[Epodonios] EPODONIOS-2181 {933} | server=usa.visa.com:443 | reason=mihomo start failed
[TEST] {938} tested=1/1 | kept=0 | rest=0
[DROP] name=[Epodonios] EPODONIOS-2186 {938} | server=everyday-vpn.telegram-channel:443 | reason=mihomo start failed
[TEST] {939} tested=1/1 | kept=0 | rest=0
[DROP] name=[免费节点10] 🇺🇸 US 355 → tg@nicevpn123 {939} | server=104.18.214.17:8080 | reason=mihomo start failed
[TEST] {942} tested=1/1 | kept=0 | rest=0
[DROP] name=[免费节点10] 🇺🇸 US 358 → tg@nicevpn123 {942} | server=104.21.225.59:80 | reason=mihomo start failed
[TEST] {928} tested=1/1 | kept=0 | rest=0
[DROP] name=[免费节点10] 🇺🇸 US 380 → tg@nicevpn123 {928} | server=45.77.220.169:41207 | reason=mihomo start failed
[TEST] {930} tested=1/1 | kept=0 | rest=0
[DROP] name=[免费节点10] 🇺🇸 US 383 → tg@nicevpn123 {930} | server=162.19.25.207:34232 | reason=mihomo start failed
[TEST] {941} tested=1/1 | kept=0 | rest=0
[DROP] name=[免费节点10] 🇺🇸 US 357 → tg@nicevpn123 {941} | server=38.110.1.197:5003 | reason=mihomo start failed
[TEST] {944} tested=1/1 | kept=0 | rest=0
[DROP] name=[免费节点10] 🇺🇸 US 350 → tg@nicevpn123 {944} | server=172.67.172.219:8080 | reason=mihomo start failed
[TEST] {943} tested=1/1 | kept=0 | rest=0
[DROP] name=[免费节点10] 🇺🇸 US 359 → tg@nicevpn123 {943} | server=94.131.14.177:80 | reason=mihomo start failed
[TEST] {947} tested=1/1 | kept=0 | rest=0
[DROP] name=[免费节点10] 🇺🇸 US 354 → tg@nicevpn123 {947} | server=104.21.237.134:80 | reason=mihomo start failed
[TEST] {940} tested=1/1 | kept=0 | rest=0
[DROP] name=[免费节点10] 🇺🇸 US 356 → tg@nicevpn123 {940} | server=75.102.51.26:16899 | reason=mihomo start failed
[TEST] {945} tested=1/1 | kept=0 | rest=0
[DROP] name=[免费节点10] 🇺🇸 US 351 → tg@nicevpn123 {945} | server=shct.pkyun.xyz:39837 | reason=mihomo start failed
[TEST] {946} tested=1/1 | kept=0 | rest=0
[DROP] name=[免费节点10] 🇺🇸 US 352 → tg@nicevpn123 {946} | server=107.182.189.201:55187 | reason=mihomo start failed
[TEST] {948} tested=4/4 | kept=0 | rest=0
[WARN] batch start failed | size=4 {948} | split=1 {1178} + 1 {1179} + 1 {1180} + 1 {1181}
[TEST] {949} tested=5/5 | kept=0 | rest=0
[WARN] batch start failed | size=5 {949} | split=1 {1182} + 1 {1183} + 1 {1184} + 1 {1185} + 1 {1186}
[TEST] {950} tested=4/4 | kept=0 | rest=0
[WARN] batch start failed | size=4 {950} | split=1 {1187} + 1 {1188} + 1 {1189} + 1 {1190}
[TEST] {954} tested=1/1 | kept=0 | rest=0
[DROP] name=[Epodonios] EPODONIOS-2198 {954} | server=31.57.185.82:18676 | reason=mihomo start failed
[TEST] {953} tested=1/1 | kept=0 | rest=0
[DROP] name=[Epodonios] EPODONIOS-2197 {953} | server=81.12.33.223:8080 | reason=mihomo start failed
[TEST] {951} tested=5/5 | kept=0 | rest=0
[WARN] batch start failed | size=5 {951} | split=1 {1191} + 1 {1192} + 1 {1193} + 1 {1194} + 1 {1195}
[TEST] {952} tested=1/1 | kept=0 | rest=0
[DROP] name=[Epodonios] EPODONIOS-2196 {952} | server=81.12.33.220:8080 | reason=mihomo start failed
[TEST] {957} tested=1/1 | kept=0 | rest=0
[DROP] name=[Epodonios] EPODONIOS-2201 {957} | server=31.57.185.82:44211 | reason=mihomo start failed
[TEST] {958} tested=1/1 | kept=0 | rest=0
[DROP] name=[Epodonios] EPODONIOS-2202 {958} | server=31.57.185.82:44211 | reason=mihomo start failed
[TEST] {956} tested=1/1 | kept=0 | rest=0
[DROP] name=[Epodonios] EPODONIOS-2200 {956} | server=138.124.90.40:46194 | reason=mihomo start failed
[TEST] {955} tested=1/1 | kept=0 | rest=0
[DROP] name=[Epodonios] EPODONIOS-2199 {955} | server=80.91.86.179:1070 | reason=mihomo start failed
[TEST] {959} tested=1/1 | kept=0 | rest=0
[DROP] name=[Epodonios] EPODONIOS-2203 {959} | server=aaa.app9.ir:2082 | reason=mihomo start failed
[TEST] {960} tested=4/4 | kept=0 | rest=0
[WARN] batch start failed | size=4 {960} | split=1 {1196} + 1 {1197} + 1 {1198} + 1 {1199}
[TEST] {961} tested=5/5 | kept=0 | rest=0
[WARN] batch start failed | size=5 {961} | split=1 {1200} + 1 {1201} + 1 {1202} + 1 {1203} + 1 {1204}
[TEST] {962} tested=1/1 | kept=0 | rest=0
[DROP] name=[Epodonios] EPODONIOS-2213 {962} | server=94.130.68.139:2052 | reason=mihomo start failed
[TEST] {964} tested=1/1 | kept=0 | rest=0
[DROP] name=[Epodonios] EPODONIOS-2215 {964} | server=3.75.179.86:443 | reason=mihomo start failed
[TEST] {963} tested=1/1 | kept=0 | rest=0
[DROP] name=[Epodonios] EPODONIOS-2214 {963} | server=cdn-2d12.giftcardbazarbot.com:8243 | reason=mihomo start failed
[TEST] {969} tested=1/1 | kept=0 | rest=0
[DROP] name=[Epodonios] EPODONIOS-2220 {969} | server=51.89.119.213:11201 | reason=mihomo start failed
[TEST] {967} tested=1/1 | kept=0 | rest=0
[DROP] name=[Epodonios] EPODONIOS-2218 {967} | server=130.49.189.158:43558 | reason=mihomo start failed
[TEST] {966} tested=1/1 | kept=0 | rest=0
[DROP] name=[Epodonios] EPODONIOS-2217 {966} | server=104.192.227.162:443 | reason=mihomo start failed
[TEST] {965} tested=1/1 | kept=0 | rest=0
[DROP] name=[Epodonios] EPODONIOS-2216 {965} | server=54.36.174.134:443 | reason=mihomo start failed
[TEST] {973} tested=1/1 | kept=0 | rest=0
[DROP] name=[Epodonios] EPODONIOS-2233 {973} | server=batman4.kovira2.ir:25026 | reason=mihomo start failed
[TEST] {968} tested=1/1 | kept=0 | rest=0
[DROP] name=[Epodonios] EPODONIOS-2219 {968} | server=20.164.205.35:443 | reason=mihomo start failed
[TEST] {970} tested=1/1 | kept=0 | rest=0
[DROP] name=[Epodonios] EPODONIOS-2230 {970} | server=4.221.224.246:443 | reason=mihomo start failed
[TEST] {977} tested=1/1 | kept=0 | rest=0
[DROP] name=[Epodonios] EPODONIOS-2237 {977} | server=20.164.211.25:443 | reason=mihomo start failed
[TEST] {971} tested=1/1 | kept=0 | rest=0
[DROP] name=[Epodonios] EPODONIOS-2231 {971} | server=128.251.12.23:443 | reason=mihomo start failed
[TEST] {972} tested=1/1 | kept=0 | rest=0
[DROP] name=[Epodonios] EPODONIOS-2232 {972} | server=20.87.3.84:443 | reason=mihomo start failed
[TEST] {975} tested=1/1 | kept=0 | rest=0
[DROP] name=[Epodonios] EPODONIOS-2235 {975} | server=20.107.184.151:443 | reason=mihomo start failed
[TEST] {974} tested=1/1 | kept=0 | rest=0
[DROP] name=[Epodonios] EPODONIOS-2234 {974} | server=74.234.59.81:443 | reason=mihomo start failed
[TEST] {980} tested=1/1 | kept=0 | rest=0
[DROP] name=[免费节点10] 🇺🇸 US 694 → tg@nicevpn123 {980} | server=104.16.43.167:2082 | reason=mihomo start failed
[TEST] {981} tested=1/1 | kept=0 | rest=0
[DROP] name=[免费节点10] 🇺🇸 US 695 → tg@nicevpn123 {981} | server=104.19.45.224:2095 | reason=mihomo start failed
[TEST] {976} tested=1/1 | kept=0 | rest=0
[DROP] name=[Epodonios] EPODONIOS-2236 {976} | server=20.223.136.145:443 | reason=mihomo start failed
[TEST] {978} tested=4/4 | kept=0 | rest=0
[WARN] batch start failed | size=4 {978} | split=1 {1205} + 1 {1206} + 1 {1207} + 1 {1208}
[TEST] {982} tested=1/1 | kept=0 | rest=0
[DROP] name=[免费节点10] 🇺🇸 US 697 → tg@nicevpn123 {982} | server=zula.ir:443 | reason=mihomo start failed
[TEST] {984} tested=1/1 | kept=0 | rest=0
[DROP] name=[免费节点10] 🇺🇸 US 7 → tg@nicevpn123 {984} | server=9azvt-g05.jp05-6786-vm0.entry.fr0307a.art:46486 | reason=mihomo start failed
[TEST] {985} tested=1/1 | kept=0 | rest=0
[DROP] name=[免费节点10] 🇺🇸 US 70 → tg@nicevpn123 {985} | server=104.19.45.133:2095 | reason=mihomo start failed
[TEST] {987} tested=1/1 | kept=0 | rest=0
[DROP] name=[免费节点10] 🇺🇸 US 701 → tg@nicevpn123 {987} | server=104.19.49.3:443 | reason=mihomo start failed
[TEST] {988} tested=1/1 | kept=0 | rest=0
[DROP] name=[免费节点10] 🇺🇸 US 702 → tg@nicevpn123 {988} | server=104.16.60.8:2095 | reason=mihomo start failed
[TEST] {989} tested=1/1 | kept=0 | rest=0
[DROP] name=[免费节点10] 🇺🇸 US 651 → tg@nicevpn123 {989} | server=104.16.39.38:2082 | reason=mihomo start failed
[TEST] {990} tested=1/1 | kept=0 | rest=0
[DROP] name=[免费节点10] 🇺🇸 US 652 → tg@nicevpn123 {990} | server=172.67.229.37:2086 | reason=mihomo start failed
[TEST] {979} tested=5/5 | kept=0 | rest=0
[WARN] batch start failed | size=5 {979} | split=1 {1209} + 1 {1210} + 1 {1211} + 1 {1212} + 1 {1213}
[TEST] {992} tested=1/1 | kept=0 | rest=0
[DROP] name=[免费节点10] 🇺🇸 US 655 → tg@nicevpn123 {992} | server=104.18.154.42:80 | reason=mihomo start failed
[TEST] {991} tested=1/1 | kept=0 | rest=0
[DROP] name=[免费节点10] 🇺🇸 US 654 → tg@nicevpn123 {991} | server=104.16.40.79:2082 | reason=mihomo start failed
[TEST] {996} tested=1/1 | kept=0 | rest=0
[DROP] name=[免费节点10] 🇺🇸 US 715 → tg@nicevpn123 {996} | server=104.19.48.236:2082 | reason=mihomo start failed
[TEST] {994} tested=1/1 | kept=0 | rest=0
[DROP] name=[免费节点10] 🇺🇸 US 713 → tg@nicevpn123 {994} | server=104.16.40.132:2082 | reason=mihomo start failed
[TEST] {995} tested=1/1 | kept=0 | rest=0
[DROP] name=[免费节点10] 🇺🇸 US 714 → tg@nicevpn123 {995} | server=104.19.49.204:443 | reason=mihomo start failed
[TEST] {997} tested=1/1 | kept=0 | rest=0
[DROP] name=[免费节点10] 🇺🇸 US 716 → tg@nicevpn123 {997} | server=104.16.42.28:2082 | reason=mihomo start failed
[TEST] {998} tested=1/1 | kept=0 | rest=0
[DROP] name=[免费节点10] 🇺🇸 US 717 → tg@nicevpn123 {998} | server=104.19.45.10:2095 | reason=mihomo start failed
[TEST] {999} tested=1/1 | kept=0 | rest=0
[DROP] name=[免费节点10] 🇺🇸 US 718 → tg@nicevpn123 {999} | server=104.16.43.62:2082 | reason=mihomo start failed
[TEST] {983} tested=1/1 | kept=0 | rest=0
[DROP] name=[免费节点10] 🇺🇸 US 699 → tg@nicevpn123 {983} | server=13.213.18.109:443 | reason=mihomo start failed
[TEST] {1001} tested=1/1 | kept=0 | rest=0
[DROP] name=[免费节点10] 🇺🇸 US 72 → tg@nicevpn123 {1001} | server=0i4ui-g03.jp03-7d22-vm0.entry.fr0307a.art:21583 | reason=mihomo start failed
[TEST] {1003} tested=1/1 | kept=0 | rest=0
[DROP] name=[免费节点10] 🇺🇸 US 675 → tg@nicevpn123 {1003} | server=172.67.196.16:443 | reason=mihomo start failed
[TEST] {1004} tested=1/1 | kept=0 | rest=0
[DROP] name=[免费节点10] 🇺🇸 US 676 → tg@nicevpn123 {1004} | server=172.67.132.209:443 | reason=mihomo start failed
[TEST] {1002} tested=1/1 | kept=0 | rest=0
[DROP] name=[免费节点10] 🇺🇸 US 674 → tg@nicevpn123 {1002} | server=104.16.216.241:443 | reason=mihomo start failed
[TEST] {1005} tested=1/1 | kept=0 | rest=0
[DROP] name=[免费节点10] 🇺🇸 US 677 → tg@nicevpn123 {1005} | server=104.16.43.54:2082 | reason=mihomo start failed
[TEST] {1006} tested=1/1 | kept=0 | rest=0
[DROP] name=[免费节点10] 🇺🇸 US 656 → tg@nicevpn123 {1006} | server=t45a7-g03.jp02-9a99-vm0.entry.fr0307a.art:11775 | reason=mihomo start failed
[TEST] {1008} tested=1/1 | kept=0 | rest=0
[DROP] name=[免费节点10] 🇺🇸 US 658 → tg@nicevpn123 {1008} | server=104.16.40.244:2082 | reason=mihomo start failed
[TEST] {986} tested=1/1 | kept=0 | rest=0
[DROP] name=[免费节点10] 🇺🇸 US 700 → tg@nicevpn123 {986} | server=141.193.68.81:443 | reason=mihomo start failed
[TEST] {1007} tested=1/1 | kept=0 | rest=0
[DROP] name=[免费节点10] 🇺🇸 US 657 → tg@nicevpn123 {1007} | server=104.21.233.68:80 | reason=mihomo start failed
[TEST] {1009} tested=1/1 | kept=0 | rest=0
[DROP] name=[免费节点10] 🇺🇸 US 66 → tg@nicevpn123 {1009} | server=104.20.26.40:8080 | reason=mihomo start failed
[TEST] {1011} tested=1/1 | kept=0 | rest=0
[DROP] name=[免费节点10] 🇺🇸 US 678 → tg@nicevpn123 {1011} | server=167.88.61.235:443 | reason=mihomo start failed
[TEST] {993} tested=1/1 | kept=0 | rest=0
[DROP] name=[免费节点10] 🇺🇸 US 712 → tg@nicevpn123 {993} | server=38.75.137.105:6697 | reason=mihomo start failed
[TEST] {1012} tested=1/1 | kept=0 | rest=0
[DROP] name=[免费节点10] 🇺🇸 US 681 → tg@nicevpn123 {1012} | server=104.21.225.243:80 | reason=mihomo start failed
[TEST] {1000} tested=1/1 | kept=0 | rest=0
[DROP] name=[免费节点10] 🇺🇸 US 719 → tg@nicevpn123 {1000} | server=38.86.135.225:8090 | reason=mihomo start failed
[TEST] {1015} tested=1/1 | kept=0 | rest=0
[DROP] name=[免费节点10] 🇺🇸 US 684 → tg@nicevpn123 {1015} | server=172.233.164.254:16899 | reason=mihomo start failed
[TEST] {1017} tested=1/1 | kept=0 | rest=0
[DROP] name=[免费节点10] 🇺🇸 US 590 → tg@nicevpn123 {1017} | server=104.19.45.80:2095 | reason=mihomo start failed
[TEST] {1016} tested=1/1 | kept=0 | rest=0
[DROP] name=[免费节点10] 🇺🇸 US 59 → tg@nicevpn123 {1016} | server=173.245.58.199:443 | reason=mihomo start failed
[TEST] {1018} tested=1/1 | kept=0 | rest=0
[DROP] name=[免费节点10] 🇺🇸 US 592 → tg@nicevpn123 {1018} | server=104.19.45.11:2095 | reason=mihomo start failed
[TEST] {1019} tested=1/1 | kept=0 | rest=0
[DROP] name=[免费节点10] 🇺🇸 US 593 → tg@nicevpn123 {1019} | server=38.110.1.105:9102 | reason=mihomo start failed
[TEST] {1020} tested=1/1 | kept=0 | rest=0
[DROP] name=[免费节点10] 🇺🇸 US 595 → tg@nicevpn123 {1020} | server=best-charm-pediatrician.glitch.me:443 | reason=mihomo start failed
[TEST] {1021} tested=1/1 | kept=0 | rest=0
[DROP] name=[免费节点10] 🇺🇸 US 584 → tg@nicevpn123 {1021} | server=172.67.222.164:443 | reason=mihomo start failed
[TEST] {1022} tested=1/1 | kept=0 | rest=0
[DROP] name=[免费节点10] 🇺🇸 US 585 → tg@nicevpn123 {1022} | server=104.16.61.8:2096 | reason=mihomo start failed
[TEST] {1024} tested=1/1 | kept=0 | rest=0
[DROP] name=[免费节点10] 🇺🇸 US 587 → tg@nicevpn123 {1024} | server=ns1.v2-vip.fun:2086 | reason=mihomo start failed
[TEST] {1023} tested=1/1 | kept=0 | rest=0
[DROP] name=[免费节点10] 🇺🇸 US 586 → tg@nicevpn123 {1023} | server=107.174.96.19:45979 | reason=mihomo start failed
[TEST] {1025} tested=1/1 | kept=0 | rest=0
[DROP] name=[免费节点10] 🇺🇸 US 608 → tg@nicevpn123 {1025} | server=104.19.45.32:2095 | reason=mihomo start failed
[TEST] {1026} tested=1/1 | kept=0 | rest=0
[DROP] name=[免费节点10] 🇺🇸 US 61 → tg@nicevpn123 {1026} | server=104.19.45.34:2095 | reason=mihomo start failed
[TEST] {1010} tested=1/1 | kept=0 | rest=0
[DROP] name=[免费节点10] 🇺🇸 US 662 → tg@nicevpn123 {1010} | server=38.86.135.225:5601 | reason=mihomo start failed
[TEST] {1014} tested=1/1 | kept=0 | rest=0
[DROP] name=[免费节点10] 🇺🇸 US 683 → tg@nicevpn123 {1014} | server=ip0axv1bbsu02k7-hk.1ytnode.com:56315 | reason=mihomo start failed
[TEST] {1013} tested=1/1 | kept=0 | rest=0
[DROP] name=[免费节点10] 🇺🇸 US 682 → tg@nicevpn123 {1013} | server=38.75.137.42:8881 | reason=mihomo start failed
[TEST] {1029} tested=1/1 | kept=0 | rest=0
[DROP] name=[免费节点10] 🇺🇸 US 613 → tg@nicevpn123 {1029} | server=104.19.45.235:2095 | reason=mihomo start failed
[TEST] {1030} tested=1/1 | kept=0 | rest=0
[DROP] name=[免费节点10] 🇺🇸 US 614 → tg@nicevpn123 {1030} | server=104.19.45.125:2095 | reason=mihomo start failed
[TEST] {1032} tested=1/1 | kept=0 | rest=0
[DROP] name=[免费节点10] 🇺🇸 US 619 → tg@nicevpn123 {1032} | server=104.19.171.3:443 | reason=mihomo start failed
[TEST] {1033} tested=1/1 | kept=0 | rest=0
[DROP] name=[免费节点10] 🇺🇸 US 62 → tg@nicevpn123 {1033} | server=104.16.40.106:2082 | reason=mihomo start failed
[TEST] {1034} tested=1/1 | kept=0 | rest=0
[DROP] name=[免费节点10] 🇺🇸 US 631 → tg@nicevpn123 {1034} | server=hk.wish.ml:2052 | reason=mihomo start failed
[TEST] {1035} tested=1/1 | kept=0 | rest=0
[DROP] name=[免费节点10] 🇺🇸 US 632 → tg@nicevpn123 {1035} | server=jiasu.fanmengdas.top:40723 | reason=mihomo start failed
[TEST] {1027} tested=1/1 | kept=0 | rest=0
[DROP] name=[免费节点10] 🇺🇸 US 611 → tg@nicevpn123 {1027} | server=38.75.137.93:3389 | reason=mihomo start failed
[TEST] {1037} tested=1/1 | kept=0 | rest=0
[DROP] name=[免费节点10] 🇺🇸 US 634 → tg@nicevpn123 {1037} | server=104.16.39.184:2082 | reason=mihomo start failed
[TEST] {1028} tested=1/1 | kept=0 | rest=0
[DROP] name=[免费节点10] 🇺🇸 US 612 → tg@nicevpn123 {1028} | server=38.110.1.202:8008 | reason=mihomo start failed
[TEST] {1039} tested=1/1 | kept=0 | rest=0
[DROP] name=[免费节点10] 🇺🇸 US 637 → tg@nicevpn123 {1039} | server=104.19.45.86:2082 | reason=mihomo start failed
[TEST] {1041} tested=1/1 | kept=0 | rest=0
[DROP] name=[免费节点10] 🇺🇸 US 639 → tg@nicevpn123 {1041} | server=104.21.225.193:80 | reason=mihomo start failed
[TEST] {1042} tested=1/1 | kept=0 | rest=0
[DROP] name=[免费节点10] 🇺🇸 US 640 → tg@nicevpn123 {1042} | server=104.19.171.9:443 | reason=mihomo start failed
[TEST] {1031} tested=1/1 | kept=0 | rest=0
[DROP] name=[免费节点10] 🇺🇸 US 616 → tg@nicevpn123 {1031} | server=38.110.1.107:3306 | reason=mihomo start failed
[TEST] {1036} tested=1/1 | kept=0 | rest=0
[DROP] name=[免费节点10] 🇺🇸 US 633 → tg@nicevpn123 {1036} | server=205.234.232.191:10512 | reason=mihomo start failed
[TEST] {1038} tested=1/1 | kept=0 | rest=0
[DROP] name=[免费节点10] 🇺🇸 US 636 → tg@nicevpn123 {1038} | server=ip0axv1bbsu02k7-kr.1ytnode.com:56361 | reason=mihomo start failed
[TEST] {1044} tested=1/1 | kept=0 | rest=0
[DROP] name=[免费节点10] 🇺🇸 US 569 → tg@nicevpn123 {1044} | server=104.18.219.67:2087 | reason=mihomo start failed
[TEST] {1040} tested=1/1 | kept=0 | rest=0
[DROP] name=[免费节点10] 🇺🇸 US 638 → tg@nicevpn123 {1040} | server=38.121.43.248:8882 | reason=mihomo start failed
[TEST] {1046} tested=1/1 | kept=0 | rest=0
[DROP] name=[免费节点10] 🇺🇸 US 570 → tg@nicevpn123 {1046} | server=104.18.219.61:2087 | reason=mihomo start failed
[TEST] {1048} tested=1/1 | kept=0 | rest=0
[DROP] name=[免费节点10] 🇺🇸 US 561 → tg@nicevpn123 {1048} | server=104.19.45.73:2095 | reason=mihomo start failed
[TEST] {1049} tested=1/1 | kept=0 | rest=0
[DROP] name=[免费节点10] 🇺🇸 US 562 → tg@nicevpn123 {1049} | server=104.19.45.84:2095 | reason=mihomo start failed
[TEST] {1050} tested=1/1 | kept=0 | rest=0
[DROP] name=[免费节点10] 🇺🇸 US 564 → tg@nicevpn123 {1050} | server=104.24.136.13:2083 | reason=mihomo start failed
[TEST] {1043} tested=1/1 | kept=0 | rest=0
[DROP] name=[免费节点10] 🇺🇸 US 566 → tg@nicevpn123 {1043} | server=38.86.135.117:8118 | reason=mihomo start failed
[TEST] {1053} tested=1/1 | kept=0 | rest=0
[DROP] name=[免费节点10] 🇺🇸 US 508 → tg@nicevpn123 {1053} | server=104.16.39.206:2082 | reason=mihomo start failed
[TEST] {1052} tested=1/1 | kept=0 | rest=0
[DROP] name=[免费节点10] 🇺🇸 US 504 → tg@nicevpn123 {1052} | server=104.17.1.58:8443 | reason=mihomo start failed
[TEST] {1055} tested=1/1 | kept=0 | rest=0
[DROP] name=[免费节点10] 🇺🇸 US 51 → tg@nicevpn123 {1055} | server=104.19.44.200:8080 | reason=mihomo start failed
[TEST] {1056} tested=1/1 | kept=0 | rest=0
[DROP] name=[免费节点10] 🇺🇸 US 510 → tg@nicevpn123 {1056} | server=104.16.100.23:443 | reason=mihomo start failed
[TEST] {1045} tested=1/1 | kept=0 | rest=0
[DROP] name=[免费节点10] 🇺🇸 US 57 → tg@nicevpn123 {1045} | server=15.204.87.217:5498 | reason=mihomo start failed
[TEST] {1054} tested=1/1 | kept=0 | rest=0
[DROP] name=[免费节点10] 🇺🇸 US 509 → tg@nicevpn123 {1054} | server=45.77.161.86:443 | reason=mihomo start failed
[TEST] {1057} tested=1/1 | kept=0 | rest=0
[DROP] name=[免费节点10] 🇺🇸 US 5 → tg@nicevpn123 {1057} | server=en7a5-g03.jp05-6786-vm0.entry.fr0307a.art:46484 | reason=mihomo start failed
[TEST] {1060} tested=1/1 | kept=0 | rest=0
[DROP] name=[免费节点10] 🇺🇸 US 503 → tg@nicevpn123 {1060} | server=jp03-alt-vm0.entry.srthdw.art:21583 | reason=mihomo start failed
[TEST] {1047} tested=1/1 | kept=0 | rest=0
[DROP] name=[免费节点10] 🇺🇸 US 572 → tg@nicevpn123 {1047} | server=38.75.136.108:8091 | reason=mihomo start failed
[TEST] {1062} tested=1/1 | kept=0 | rest=0
[DROP] name=[免费节点10] 🇺🇸 US 477 → tg@nicevpn123 {1062} | server=104.16.42.227:2082 | reason=mihomo start failed
[TEST] {1063} tested=1/1 | kept=0 | rest=0
[DROP] name=[免费节点10] 🇺🇸 US 478 → tg@nicevpn123 {1063} | server=172.67.174.42:443 | reason=mihomo start failed
[TEST] {1051} tested=1/1 | kept=0 | rest=0
[DROP] name=[免费节点10] 🇺🇸 US 565 → tg@nicevpn123 {1051} | server=38.110.1.201:5003 | reason=mihomo start failed
[TEST] {1058} tested=1/1 | kept=0 | rest=0
[DROP] name=[免费节点10] 🇺🇸 US 50 → tg@nicevpn123 {1058} | server=shct.pkyun.xyz:30314 | reason=mihomo start failed
[TEST] {1065} tested=1/1 | kept=0 | rest=0
[DROP] name=[免费节点10] 🇺🇸 US 480 → tg@nicevpn123 {1065} | server=104.21.28.62:443 | reason=mihomo start failed
[TEST] {1066} tested=1/1 | kept=0 | rest=0
[DROP] name=[免费节点10] 🇺🇸 US 483 → tg@nicevpn123 {1066} | server=104.19.45.151:2095 | reason=mihomo start failed
[TEST] {1067} tested=1/1 | kept=0 | rest=0
[DROP] name=[免费节点10] 🇺🇸 US 486 → tg@nicevpn123 {1067} | server=fr01.freeflyingcloud.xyz:30502 | reason=mihomo start failed
[TEST] {1059} tested=1/1 | kept=0 | rest=0
[DROP] name=[免费节点10] 🇺🇸 US 501 → tg@nicevpn123 {1059} | server=38.114.114.208:9090 | reason=mihomo start failed
[TEST] {1069} tested=1/1 | kept=0 | rest=0
[DROP] name=[免费节点10] 🇺🇸 US 489 → tg@nicevpn123 {1069} | server=54.245.12.173:17398 | reason=mihomo start failed
[TEST] {1061} tested=1/1 | kept=0 | rest=0
[DROP] name=[免费节点10] 🇺🇸 US 473 → tg@nicevpn123 {1061} | server=34.222.20.208:443 | reason=mihomo start failed
[TEST] {1064} tested=1/1 | kept=0 | rest=0
[DROP] name=[免费节点10] 🇺🇸 US 48 → tg@nicevpn123 {1064} | server=168.119.160.232:80 | reason=mihomo start failed
[TEST] {1068} tested=1/1 | kept=0 | rest=0
[DROP] name=[免费节点10] 🇺🇸 US 487 → tg@nicevpn123 {1068} | server=94.131.117.240:443 | reason=mihomo start failed
[TEST] {1072} tested=1/1 | kept=0 | rest=0
[DROP] name=[免费节点10] 🇺🇸 US 522 → tg@nicevpn123 {1072} | server=172.67.229.13:2086 | reason=mihomo start failed
[TEST] {1071} tested=1/1 | kept=0 | rest=0
[DROP] name=[免费节点10] 🇺🇸 US 521 → tg@nicevpn123 {1071} | server=54.71.116.112:443 | reason=mihomo start failed
[TEST] {1075} tested=1/1 | kept=0 | rest=0
[DROP] name=[免费节点10] 🇺🇸 US 526 → tg@nicevpn123 {1075} | server=104.19.45.35:2095 | reason=mihomo start failed
[TEST] {1076} tested=1/1 | kept=0 | rest=0
[DROP] name=[免费节点10] 🇺🇸 US 527 → tg@nicevpn123 {1076} | server=104.16.40.154:2082 | reason=mihomo start failed
[TEST] {1070} tested=1/1 | kept=0 | rest=0
[DROP] name=[免费节点10] 🇺🇸 US 520 → tg@nicevpn123 {1070} | server=38.110.1.43:6679 | reason=mihomo start failed
[TEST] {1078} tested=1/1 | kept=0 | rest=0
[DROP] name=[免费节点10] 🇺🇸 US 53 → tg@nicevpn123 {1078} | server=104.16.39.228:2082 | reason=mihomo start failed
[TEST] {1079} tested=1/1 | kept=0 | rest=0
[DROP] name=[免费节点10] 🇺🇸 US 544 → tg@nicevpn123 {1079} | server=104.16.42.222:2082 | reason=mihomo start failed
[TEST] {1080} tested=1/1 | kept=0 | rest=0
[DROP] name=[免费节点10] 🇺🇸 US 546 → tg@nicevpn123 {1080} | server=104.21.232.64:80 | reason=mihomo start failed
[TEST] {1082} tested=1/1 | kept=0 | rest=0
[DROP] name=[免费节点10] 🇺🇸 US 549 → tg@nicevpn123 {1082} | server=50.114.243.61:43834 | reason=mihomo start failed
[TEST] {1073} tested=1/1 | kept=0 | rest=0
[DROP] name=[免费节点10] 🇺🇸 US 524 → tg@nicevpn123 {1073} | server=35.77.92.181:443 | reason=mihomo start failed
[TEST] {1083} tested=1/1 | kept=0 | rest=0
[DROP] name=[免费节点10] 🇺🇸 US 55 → tg@nicevpn123 {1083} | server=14.vmessprotocol.telegram-vmessprotocol-channel.space:2086 | reason=mihomo start failed
[TEST] {1074} tested=1/1 | kept=0 | rest=0
[DROP] name=[免费节点10] 🇺🇸 US 525 → tg@nicevpn123 {1074} | server=ip0axv1bbsu02k7-my.1ytnode.com:56369 | reason=mihomo start failed
[TEST] {1077} tested=1/1 | kept=0 | rest=0
[DROP] name=[免费节点10] 🇺🇸 US 528 → tg@nicevpn123 {1077} | server=149.28.58.129:45617 | reason=mihomo start failed
[TEST] {1086} tested=1/1 | kept=0 | rest=0
[DROP] name=[免费节点10] 🇺🇸 US 542 → tg@nicevpn123 {1086} | server=172.67.152.200:443 | reason=mihomo start failed
[TEST] {1087} tested=1/1 | kept=0 | rest=0
[DROP] name=[免费节点10] 🇺🇸 US 543 → tg@nicevpn123 {1087} | server=104.19.45.56:2095 | reason=mihomo start failed
[TEST] {1081} tested=1/1 | kept=0 | rest=0
[DROP] name=[免费节点10] 🇺🇸 US 548 → tg@nicevpn123 {1081} | server=172.67.57.252:8880 | reason=mihomo start failed
[TEST] {1088} tested=1/1 | kept=0 | rest=0
[DROP] name=[免费节点10] 🇺🇸 US 408 → tg@nicevpn123 {1088} | server=104.16.39.151:2082 | reason=mihomo start failed
[TEST] {1090} tested=1/1 | kept=0 | rest=0
[DROP] name=[免费节点10] 🇺🇸 US 41 → tg@nicevpn123 {1090} | server=104.16.39.255:2082 | reason=mihomo start failed
[TEST] {1084} tested=1/1 | kept=0 | rest=0
[DROP] name=[免费节点10] 🇺🇸 US 540 → tg@nicevpn123 {1084} | server=38.75.137.42:5004 | reason=mihomo start failed
[TEST] {1092} tested=1/1 | kept=0 | rest=0
[DROP] name=[免费节点10] 🇺🇸 US 411 → tg@nicevpn123 {1092} | server=account-mec.emofid.co:443 | reason=mihomo start failed
[TEST] {1085} tested=1/1 | kept=0 | rest=0
[DROP] name=[免费节点10] 🇺🇸 US 541 → tg@nicevpn123 {1085} | server=38.110.1.43:9101 | reason=mihomo start failed
[TEST] {1089} tested=1/1 | kept=0 | rest=0
[DROP] name=[免费节点10] 🇺🇸 US 409 → tg@nicevpn123 {1089} | server=ip0axv1bbsu02k7-sg.1ytnode.com:56339 | reason=mihomo start failed
[TEST] {1096} tested=1/1 | kept=0 | rest=0
[DROP] name=[免费节点10] 🇺🇸 US 417 → tg@nicevpn123 {1096} | server=172.67.68.246:443 | reason=mihomo start failed
[TEST] {1091} tested=1/1 | kept=0 | rest=0
[DROP] name=[免费节点10] 🇺🇸 US 410 → tg@nicevpn123 {1091} | server=13.214.212.171:443 | reason=mihomo start failed
[TEST] {1097} tested=1/1 | kept=0 | rest=0
[DROP] name=[免费节点10] 🇺🇸 US 454 → tg@nicevpn123 {1097} | server=104.19.45.57:2095 | reason=mihomo start failed
[TEST] {1093} tested=1/1 | kept=0 | rest=0
[DROP] name=[免费节点10] 🇺🇸 US 412 → tg@nicevpn123 {1093} | server=207.148.31.167:30587 | reason=mihomo start failed
[TEST] {1098} tested=1/1 | kept=0 | rest=0
[DROP] name=[免费节点10] 🇺🇸 US 455 → tg@nicevpn123 {1098} | server=104.19.44.192:8080 | reason=mihomo start failed
[TEST] {1100} tested=1/1 | kept=0 | rest=0
[DROP] name=[免费节点10] 🇺🇸 US 46 → tg@nicevpn123 {1100} | server=104.16.40.109:2082 | reason=mihomo start failed
[TEST] {1094} tested=1/1 | kept=0 | rest=0
[DROP] name=[免费节点10] 🇺🇸 US 413 → tg@nicevpn123 {1094} | server=192.74.241.52:38001 | reason=mihomo start failed
[TEST] {1102} tested=1/1 | kept=0 | rest=0
[DROP] name=[免费节点10] 🇺🇸 US 450 → tg@nicevpn123 {1102} | server=104.21.235.170:80 | reason=mihomo start failed
[TEST] {1103} tested=1/1 | kept=0 | rest=0
[DROP] name=[免费节点10] 🇺🇸 US 451 → tg@nicevpn123 {1103} | server=38.68.134.9:8882 | reason=mihomo start failed
[TEST] {1095} tested=1/1 | kept=0 | rest=0
[DROP] name=[免费节点10] 🇺🇸 US 416 → tg@nicevpn123 {1095} | server=38.114.114.208:9101 | reason=mihomo start failed
[TEST] {1099} tested=1/1 | kept=0 | rest=0
[DROP] name=[免费节点10] 🇺🇸 US 457 → tg@nicevpn123 {1099} | server=13.51.181.143:22222 | reason=mihomo start failed
[TEST] {1106} tested=1/1 | kept=0 | rest=0
[DROP] name=[免费节点10] 🇺🇸 US 429 → tg@nicevpn123 {1106} | server=172.67.175.56:443 | reason=mihomo start failed
[TEST] {1108} tested=1/1 | kept=0 | rest=0
[DROP] name=[免费节点10] 🇺🇸 US 431 → tg@nicevpn123 {1108} | server=104.19.44.196:8080 | reason=mihomo start failed
[TEST] {1107} tested=1/1 | kept=0 | rest=0
[DROP] name=[免费节点10] 🇺🇸 US 430 → tg@nicevpn123 {1107} | server=slime-rhinestone-spy.glitch.me:80 | reason=mihomo start failed
[TEST] {1101} tested=1/1 | kept=0 | rest=0
[DROP] name=[免费节点10] 🇺🇸 US 461 → tg@nicevpn123 {1101} | server=ip0axv1bbsu02k7-my.1ytnode.com:56370 | reason=mihomo start failed
[TEST] {1109} tested=1/1 | kept=0 | rest=0
[DROP] name=[免费节点10] 🇺🇸 US 432 → tg@nicevpn123 {1109} | server=104.19.171.36:443 | reason=mihomo start failed
[TEST] {1110} tested=1/1 | kept=0 | rest=0
[DROP] name=[免费节点10] 🇺🇸 US 433 → tg@nicevpn123 {1110} | server=172.67.133.78:2053 | reason=mihomo start failed
[TEST] {1112} tested=1/1 | kept=0 | rest=0
[DROP] name=[免费节点10] 🇺🇸 US 435 → tg@nicevpn123 {1112} | server=104.17.215.6:443 | reason=mihomo start failed
[TEST] {1114} tested=1/1 | kept=0 | rest=0
[DROP] name=[免费节点10] 🇺🇸 US 438 → tg@nicevpn123 {1114} | server=104.19.45.152:2095 | reason=mihomo start failed
[TEST] {1105} tested=1/1 | kept=0 | rest=0
[DROP] name=[免费节点10] 🇺🇸 US 453 → tg@nicevpn123 {1105} | server=167.88.61.235:6679 | reason=mihomo start failed
[TEST] {1104} tested=1/1 | kept=0 | rest=0
[DROP] name=[免费节点10] 🇺🇸 US 452 → tg@nicevpn123 {1104} | server=172.245.205.50:30129 | reason=mihomo start failed
[TEST] {1117} tested=1/1 | kept=0 | rest=0
[DROP] name=[Epodonios] EPODONIOS-116 {1117} | server=104.18.154.96:2083 | reason=mihomo start failed
[TEST] {1115} tested=1/1 | kept=0 | rest=0
[DROP] name=[Epodonios] EPODONIOS-114 {1115} | server=27.50.48.49:443 | reason=mihomo start failed
[TEST] {1118} tested=1/1 | kept=0 | rest=0
[DROP] name=[Epodonios] EPODONIOS-117 {1118} | server=188.114.96.1:2083 | reason=mihomo start failed
[TEST] {1119} tested=1/1 | kept=0 | rest=0
[DROP] name=[Epodonios] EPODONIOS-118 {1119} | server=188.114.96.4:2083 | reason=mihomo start failed
[TEST] {1120} tested=1/1 | kept=0 | rest=0
[DROP] name=[Epodonios] EPODONIOS-119 {1120} | server=188.114.96.5:2083 | reason=mihomo start failed
[TEST] {1121} tested=1/1 | kept=0 | rest=0
[DROP] name=[Epodonios] EPODONIOS-120 {1121} | server=193.233.133.152:28390 | reason=mihomo start failed
[TEST] {1111} tested=1/1 | kept=0 | rest=0
[DROP] name=[免费节点10] 🇺🇸 US 434 → tg@nicevpn123 {1111} | server=ip0axv1bbsu02k7-hk.1ytnode.com:56316 | reason=mihomo start failed
[TEST] {1123} tested=1/1 | kept=0 | rest=0
[DROP] name=[Epodonios] EPODONIOS-122 {1123} | server=191.44.113.95:443 | reason=mihomo start failed
[TEST] {1113} tested=1/1 | kept=0 | rest=0
[DROP] name=[免费节点10] 🇺🇸 US 436 → tg@nicevpn123 {1113} | server=23.94.76.55:51981 | reason=mihomo start failed
[TEST] {1124} tested=1/1 | kept=0 | rest=0
[DROP] name=[Epodonios] EPODONIOS-166 {1124} | server=31.76.246.59:443 | reason=mihomo start failed
[TEST] {1126} tested=1/1 | kept=0 | rest=0
[DROP] name=[Epodonios] EPODONIOS-168 {1126} | server=www.speedtest.net:2095 | reason=mihomo start failed
[TEST] {1127} tested=1/1 | kept=0 | rest=0
[DROP] name=[Epodonios] EPODONIOS-169 {1127} | server=104.16.80.73:443 | reason=mihomo start failed
[TEST] {1116} tested=1/1 | kept=0 | rest=0
[DROP] name=[Epodonios] EPODONIOS-115 {1116} | server=116.47.10.236:27335 | reason=mihomo start failed
[TEST] {1122} tested=1/1 | kept=0 | rest=0
[DROP] name=[Epodonios] EPODONIOS-121 {1122} | server=191.44.113.150:443 | reason=mihomo start failed
[TEST] {1125} tested=1/1 | kept=0 | rest=0
[DROP] name=[Epodonios] EPODONIOS-167 {1125} | server=91.107.133.246:443 | reason=mihomo start failed
[TEST] {1130} tested=1/1 | kept=0 | rest=0
[DROP] name=[Epodonios] vless-2 {1130} | server=k2.cloud--vpn.site:443 | reason=mihomo start failed
[TEST] {1132} tested=1/1 | kept=0 | rest=0
[DROP] name=[Epodonios] EPODONIOS-165 {1132} | server=2.27.26.140:443 | reason=mihomo start failed
[TEST] {1128} tested=1/1 | kept=0 | rest=0
[DROP] name=[Epodonios] EPODONIOS-170 {1128} | server=45.123.42.213:18082 | reason=mihomo start failed
[TEST] {1133} tested=1/1 | kept=0 | rest=0
[DROP] name=[Epodonios] EPODONIOS-146 {1133} | server=84.32.186.112:443 | reason=mihomo start failed
[TEST] {1129} tested=1/1 | kept=0 | rest=0
[DROP] name=[Epodonios] EPODONIOS-163 {1129} | server=a2.arshia-nova.ir:443 | reason=mihomo start failed
[TEST] {1135} tested=1/1 | kept=0 | rest=0
[DROP] name=[Epodonios] EPODONIOS-148 {1135} | server=cdn6.goonars.com:443 | reason=mihomo start failed
[TEST] {1134} tested=1/1 | kept=0 | rest=0
[DROP] name=[Epodonios] EPODONIOS-147 {1134} | server=api.betust.net:443 | reason=mihomo start failed
[TEST] {1139} tested=1/1 | kept=0 | rest=0
[DROP] name=[Epodonios] EPODONIOS-152 {1139} | server=sv3.tsteam99.top:60003 | reason=mihomo start failed
[TEST] {1137} tested=1/1 | kept=0 | rest=0
[DROP] name=[Epodonios] EPODONIOS-150 {1137} | server=faultpass-panel-production-2bad.up.railway.app:443 | reason=mihomo start failed
[TEST] {1140} tested=1/1 | kept=0 | rest=0
[DROP] name=[Epodonios] EPODONIOS-153 {1140} | server=fr-tx.sbrf-cdn342.ru:443 | reason=mihomo start failed
[TEST] {1141} tested=1/1 | kept=0 | rest=0
[DROP] name=[Epodonios] EPODONIOS-154 {1141} | server=tarane.2drive.sbs:80 | reason=mihomo start failed
[TEST] {1142} tested=1/1 | kept=0 | rest=0
[DROP] name=[Epodonios] EPODONIOS-68 {1142} | server=151.101.56.7:443 | reason=mihomo start failed
[TEST] {1143} tested=1/1 | kept=0 | rest=0
[DROP] name=[Epodonios] EPODONIOS-69 {1143} | server=167.82.76.7:443 | reason=mihomo start failed
[TEST] {1144} tested=1/1 | kept=0 | rest=0
[DROP] name=[Epodonios] EPODONIOS-70 {1144} | server=199.232.78.101:443 | reason=mihomo start failed
[TEST] {1146} tested=1/1 | kept=0 | rest=0
[DROP] name=[Epodonios] EPODONIOS-72 {1146} | server=140.248.185.253:443 | reason=mihomo start failed
[TEST] {1131} tested=1/1 | kept=0 | rest=0
[DROP] name=[Epodonios] EPODONIOS-164 {1131} | server=185.238.191.171:443 | reason=mihomo start failed
[TEST] {1145} tested=1/1 | kept=0 | rest=0
[DROP] name=[Epodonios] EPODONIOS-71 {1145} | server=199.232.78.160:443 | reason=mihomo start failed
[TEST] {1147} tested=1/1 | kept=0 | rest=0
[DROP] name=[Epodonios] EPODONIOS-64 {1147} | server=199.232.78.101:443 | reason=mihomo start failed
[TEST] {1148} tested=1/1 | kept=0 | rest=0
[DROP] name=[Epodonios] EPODONIOS-65 {1148} | server=199.232.78.160:443 | reason=mihomo start failed
[TEST] {1150} tested=1/1 | kept=0 | rest=0
[DROP] name=[Epodonios] EPODONIOS-67 {1150} | server=151.101.56.56:443 | reason=mihomo start failed
[TEST] {1151} tested=1/1 | kept=0 | rest=0
[DROP] name=[Epodonios] EPODONIOS-80 {1151} | server=104.17.108.189:443 | reason=mihomo start failed
[TEST] {1153} tested=1/1 | kept=0 | rest=0
[DROP] name=[Epodonios] EPODONIOS-82 {1153} | server=69.46.46.159:443 | reason=mihomo start failed
[TEST] {1152} tested=1/1 | kept=0 | rest=0
[DROP] name=[Epodonios] EPODONIOS-81 {1152} | server=66.33.22.242:30797 | reason=mihomo start failed
[TEST] {1136} tested=1/1 | kept=0 | rest=0
[DROP] name=[Epodonios] EPODONIOS-149 {1136} | server=207.56.137.51:443 | reason=mihomo start failed
[TEST] {1138} tested=1/1 | kept=0 | rest=0
[DROP] name=[Epodonios] EPODONIOS-151 {1138} | server=b---u----l.cd2-ger1.ir:2087 | reason=mihomo start failed
[TEST] {1149} tested=1/1 | kept=0 | rest=0
[DROP] name=[Epodonios] EPODONIOS-66 {1149} | server=84.234.31.249:443 | reason=mihomo start failed
[TEST] {1158} tested=1/1 | kept=0 | rest=0
[DROP] name=[Epodonios] EPODONIOS-87 {1158} | server=190.93.244.202:443 | reason=mihomo start failed
[TEST] {1156} tested=1/1 | kept=0 | rest=0
[DROP] name=[Epodonios] EPODONIOS-85 {1156} | server=zula.ir:443 | reason=mihomo start failed
[TEST] {1154} tested=1/1 | kept=0 | rest=0
[DROP] name=[Epodonios] EPODONIOS-83 {1154} | server=129.146.254.39:443 | reason=mihomo start failed
[TEST] {1159} tested=1/1 | kept=0 | rest=0
[DROP] name=[Epodonios] EPODONIOS-88 {1159} | server=87.121.218.169:443 | reason=mihomo start failed
[TEST] {1160} tested=1/1 | kept=0 | rest=0
[DROP] name=[Epodonios] EPODONIOS-97 {1160} | server=198.202.211.1:443 | reason=mihomo start failed
[TEST] {1161} tested=1/1 | kept=0 | rest=0
[DROP] name=[Epodonios] EPODONIOS-98 {1161} | server=202.37.33.80:443 | reason=mihomo start failed
[TEST] {1163} tested=1/1 | kept=0 | rest=0
[DROP] name=[Epodonios] EPODONIOS-100 {1163} | server=srv1.khatibirepair.ir:443 | reason=mihomo start failed
[TEST] {1155} tested=1/1 | kept=0 | rest=0
[DROP] name=[Epodonios] EPODONIOS-84 {1155} | server=iranserver.com:8443 | reason=mihomo start failed
[TEST] {1157} tested=1/1 | kept=0 | rest=0
[DROP] name=[Epodonios] EPODONIOS-86 {1157} | server=172.235.63.252:443 | reason=mihomo start failed
[TEST] {1167} tested=1/1 | kept=0 | rest=0
[DROP] name=[Epodonios] EPODONIOS-104 {1167} | server=6r6e6e6ryrfyfyydur6r6f6r6r6r6d6d6e6s6d6s6d7d7d7e6s.poki-pakipon.ir:16350 | reason=mihomo start failed
[TEST] {1168} tested=1/1 | kept=0 | rest=0
[DROP] name=[Epodonios] EPODONIOS-105 {1168} | server=151.101.56.90:443 | reason=mihomo start failed
[TEST] {1166} tested=1/1 | kept=0 | rest=0
[DROP] name=[Epodonios] EPODONIOS-103 {1166} | server=179.237.75.190:16350 | reason=mihomo start failed
[TEST] {1165} tested=1/1 | kept=0 | rest=0
[DROP] name=[Epodonios] EPODONIOS-102 {1165} | server=www.multiplydose.com:443 | reason=mihomo start failed
[REPAIR] name=[Epodonios] EPODONIOS-2290 {1170} | fields=cipher
[TEST] {1169} tested=1/1 | kept=1 | rest=0
[TEST] {1162} tested=1/1 | kept=0 | rest=0
[DROP] name=[Epodonios] EPODONIOS-99 {1162} | server=213.182.199.137:443 | reason=mihomo start failed
[TEST] {1164} tested=1/1 | kept=0 | rest=0
[DROP] name=[Epodonios] EPODONIOS-101 {1164} | server=www.gossipglove.com:443 | reason=mihomo start failed
[TEST] {1172} tested=1/1 | kept=0 | rest=0
[TEST] {1170} tested=1/1 | kept=0 | rest=0
[DROP] name=[Epodonios] EPODONIOS-2292 {1172} | server=103.214.111.126:10286 | reason=mihomo start failed
[TEST] {1171} tested=1/1 | kept=0 | rest=0
[DROP] name=[Epodonios] EPODONIOS-2291 {1171} | server=199.60.101.122:11626 | reason=mihomo start failed
[TEST] {1176} tested=1/1 | kept=0 | rest=0
[DROP] name=[Epodonios] EPODONIOS-2296 {1176} | server=18.189.171.163:443 | reason=mihomo start failed
[TEST] {1177} tested=1/1 | kept=0 | rest=0
[DROP] name=[Epodonios] EPODONIOS-2297 {1177} | server=104.18.26.94:80 | reason=mihomo start failed
[TEST] {1178} tested=1/1 | kept=0 | rest=0
[DROP] name=[Epodonios] EPODONIOS-2187 {1178} | server=2a01:4f8:1c1b:7df::1:443 | reason=mihomo start failed
[TEST] {1173} tested=1/1 | kept=0 | rest=0
[DROP] name=[Epodonios] EPODONIOS-2293 {1173} | server=82.47.186.18:19290 | reason=mihomo start failed
[TEST] {1174} tested=1/1 | kept=0 | rest=0
[DROP] name=[Epodonios] EPODONIOS-2294 {1174} | server=82.47.186.18:55597 | reason=mihomo start failed
[TEST] {1181} tested=1/1 | kept=0 | rest=0
[DROP] name=[Epodonios] EPODONIOS-2190 {1181} | server=31.57.185.82:36969 | reason=mihomo start failed
[TEST] {1175} tested=1/1 | kept=0 | rest=0
[DROP] name=[Epodonios] EPODONIOS-2295 {1175} | server=156.146.62.162:443 | reason=mihomo start failed
[TEST] {1183} tested=1/1 | kept=0 | rest=0
[DROP] name=[Epodonios] EPODONIOS-2192 {1183} | server=31.57.185.82:58212 | reason=mihomo start failed
[TEST] {1180} tested=1/1 | kept=0 | rest=0
[DROP] name=[Epodonios] EPODONIOS-2189 {1180} | server=185.79.96.94:1070 | reason=mihomo start failed
[TEST] {1179} tested=1/1 | kept=0 | rest=0
[DROP] name=[Epodonios] EPODONIOS-2188 {1179} | server=bwdf2fnt.xn--e1aatfr8bwa.online:30000 | reason=mihomo start failed
[TEST] {1182} tested=1/1 | kept=0 | rest=0
[DROP] name=[Epodonios] EPODONIOS-2191 {1182} | server=77.90.61.217:56670 | reason=mihomo start failed
[TEST] {1184} tested=1/1 | kept=0 | rest=0
[DROP] name=[Epodonios] EPODONIOS-2193 {1184} | server=46.38.143.236:60633 | reason=mihomo start failed
[TEST] {1185} tested=1/1 | kept=0 | rest=0
[DROP] name=[Epodonios] EPODONIOS-2194 {1185} | server=dopr.rehan-iogsar.ir:4680 | reason=mihomo start failed
[TEST] {1186} tested=1/1 | kept=0 | rest=0
[DROP] name=[Epodonios] EPODONIOS-2195 {1186} | server=85.133.250.3:8443 | reason=mihomo start failed
[TEST] {1190} tested=1/1 | kept=0 | rest=0
[DROP] name=[Epodonios] EPODONIOS-2207 {1190} | server=nao2.iorqino.ir:2087 | reason=mihomo start failed
[TEST] {1187} tested=1/1 | kept=0 | rest=0
[DROP] name=[Epodonios] EPODONIOS-2204 {1187} | server=138.124.90.40:54052 | reason=mihomo start failed
[TEST] {1192} tested=1/1 | kept=0 | rest=0
[DROP] name=[Epodonios] EPODONIOS-2209 {1192} | server=176.53.17.241:1943 | reason=mihomo start failed
[TEST] {1189} tested=1/1 | kept=0 | rest=0
[DROP] name=[Epodonios] EPODONIOS-2206 {1189} | server=172.104.129.6:2087 | reason=mihomo start failed
[TEST] {1188} tested=1/1 | kept=0 | rest=0
[DROP] name=[Epodonios] EPODONIOS-2205 {1188} | server=web.turbooserver.net.tr:2087 | reason=mihomo start failed
[TEST] {1193} tested=1/1 | kept=0 | rest=0
[DROP] name=[Epodonios] EPODONIOS-2210 {1193} | server=31.57.185.82:41770 | reason=mihomo start failed
[TEST] {1191} tested=1/1 | kept=0 | rest=0
[DROP] name=[Epodonios] EPODONIOS-2208 {1191} | server=138.124.90.40:40374 | reason=mihomo start failed
[TEST] {1195} tested=1/1 | kept=0 | rest=0
[DROP] name=[Epodonios] EPODONIOS-2212 {1195} | server=89.223.88.33:11201 | reason=mihomo start failed
[TEST] {1194} tested=1/1 | kept=0 | rest=0
[DROP] name=[Epodonios] EPODONIOS-2211 {1194} | server=p1tun2.greewebservices.ir:2060 | reason=mihomo start failed
[TEST] {1198} tested=1/1 | kept=0 | rest=0
[DROP] name=[Epodonios] EPODONIOS-2223 {1198} | server=p1tun1.greewebservices.ir:2050 | reason=mihomo start failed
[TEST] {1196} tested=1/1 | kept=0 | rest=0
[DROP] name=[Epodonios] EPODONIOS-2221 {1196} | server=45.87.175.178:8080 | reason=mihomo start failed
[TEST] {1197} tested=1/1 | kept=0 | rest=0
[DROP] name=[Epodonios] EPODONIOS-2222 {1197} | server=45.87.175.199:8080 | reason=mihomo start failed
[TEST] {1199} tested=1/1 | kept=0 | rest=0
[DROP] name=[Epodonios] EPODONIOS-2224 {1199} | server=p1tun3.greewebservices.ir:2070 | reason=mihomo start failed
[TEST] {1200} tested=1/1 | kept=0 | rest=0
[DROP] name=[Epodonios] EPODONIOS-2225 {1200} | server=p1tun4.greewebservices.ir:1080 | reason=mihomo start failed
[TEST] {1202} tested=1/1 | kept=0 | rest=0
[DROP] name=[Epodonios] EPODONIOS-2227 {1202} | server=vpnhub.armanspeed.ir:1080 | reason=mihomo start failed
[TEST] {1204} tested=1/1 | kept=0 | rest=0
[DROP] name=[Epodonios] EPODONIOS-2229 {1204} | server=p1tun2.greewebservices.ir:2060 | reason=mihomo start failed
[TEST] {1206} tested=1/1 | kept=0 | rest=0
[DROP] name=[Epodonios] EPODONIOS-2239 {1206} | server=nl1.levikogjgfdd.ir:8388 | reason=mihomo start failed
[TEST] {1201} tested=1/1 | kept=0 | rest=0
[DROP] name=[Epodonios] EPODONIOS-2226 {1201} | server=20.234.20.89:443 | reason=mihomo start failed
[TEST] {1203} tested=1/1 | kept=0 | rest=0
[DROP] name=[Epodonios] EPODONIOS-2228 {1203} | server=p1tun1.greewebservices.ir:2050 | reason=mihomo start failed
[TEST] {1205} tested=1/1 | kept=0 | rest=0
[DROP] name=[Epodonios] EPODONIOS-2238 {1205} | server=20.234.96.89:443 | reason=mihomo start failed
[TEST] {1207} tested=1/1 | kept=0 | rest=0
[DROP] name=[Epodonios] EPODONIOS-2240 {1207} | server=jgzt1997.qivfelo.ir:5050 | reason=mihomo start failed
[TEST] {1208} tested=1/1 | kept=0 | rest=0
[DROP] name=[Epodonios] EPODONIOS-2241 {1208} | server=83.245.78.172:32 | reason=mihomo start failed
[TEST] {1209} tested=1/1 | kept=0 | rest=0
[DROP] name=[Epodonios] EPODONIOS-2242 {1209} | server=tur17.velqixa.ir:8388 | reason=mihomo start failed
[TEST] {1211} tested=1/1 | kept=0 | rest=0
[DROP] name=[Epodonios] EPODONIOS-2244 {1211} | server=p1tun2.greewebservices.ir:2060 | reason=mihomo start failed
[TEST] {1212} tested=1/1 | kept=0 | rest=0
[DROP] name=[Epodonios] EPODONIOS-2245 {1212} | server=p1tun3.greewebservices.ir:2070 | reason=mihomo start failed
[TEST] {1210} tested=1/1 | kept=0 | rest=0
[DROP] name=[Epodonios] EPODONIOS-2243 {1210} | server=e3.cover20.ir:56985 | reason=mihomo start failed
[TEST] {1213} tested=1/1 | kept=0 | rest=0
[DROP] name=[Epodonios] EPODONIOS-2246 {1213} | server=p1tun4.greewebservices.ir:1080 | reason=mihomo start failed
[INFO] dropped=832 | [ChromeGO-Toolkit] × 1 | [免费节点10] × 542 | [ChromeGO-Merge] × 65 | [Pawdroid-SS-APK] × 11 | [Free-clash-v2ray] × 5 | [Epodonios] × 208
============================================================
[INFO] cap live | source=[大FQ运动] | from=235 | to=50
[INFO] cap live | source=[Pawdroid-SR-APK] | from=379 | to=50
[INFO] cap live | source=[Pawdroid-SS-APK] | from=138 | to=50
[INFO] cap live | source=[Epodonios] | from=66 | to=50
[INFO] cap live | source=[Free-clash-v2ray] | from=1140 | to=50
[INFO] cap live | source=[V2rayclashfree-RSS] | from=203 | to=50
[INFO] cap live total | from=487 | to=400 | floor=5 | by=health_score
[INFO] cap live | reserved=101 | pool=386 | taken=299
[INFO] cap live | source=[NekoWarp] | from=10 | to=8
[INFO] cap live | source=[Yoyapai-RSS] | from=6 | to=5
[INFO] cap live | source=[免费节点1] | from=7 | to=5
[INFO] cap live | source=[免费节点3] | from=17 | to=14
[INFO] cap live | source=[免费节点6] | from=30 | to=22
[INFO] cap live | source=[免费节点10] | from=19 | to=8
[INFO] cap live | source=[免费节点11] | from=30 | to=20
[INFO] cap live | source=[ChromeGO-ShiteThings] | from=7 | to=5
[INFO] cap live | source=[Clashfree] | from=29 | to=5
[INFO] cap live | source=[1VPN-CRX] | from=11 | to=5
[INFO] cap live | source=[Epodonios] | from=50 | to=32
[INFO] geo tally | live=400 | HK=30 | JP=41 | KR=15 | TW=14 | SG=28 | US=88 | GB=6 | FR=56 | DE=10 | NL=13 | CA=14 | other=85
[INFO] score summary | n=400 | max=166.7298 | p90=106.1799 | p50=56.8401 | avg=60.8244 | min=1.2205 | geo_avg=18.9424 | adj_avg=+4.9039
============================================================
+------------------------------+--------+--------+------+--------+
| source                       |    raw | unique | live | capped |
+------------------------------+--------+--------+------+--------+
| [大FQ运动]                   |   1870 |   1867 |  235 |     50 |
+------------------------------+--------+--------+------+--------+
| [Pawdroid]                   |     22 |      9 |    4 |      4 |
+------------------------------+--------+--------+------+--------+
| [FreeV2-Base64]              |      3 |      3 |    3 |      3 |
+------------------------------+--------+--------+------+--------+
| [Bocchi2b-Base64]            |     35 |     35 |    0 |      0 |
+------------------------------+--------+--------+------+--------+
| [Freesocks]                  |      4 |      4 |    3 |      3 |
+------------------------------+--------+--------+------+--------+
| [NekoWarp]                   |     10 |     10 |   10 |      8 |
+------------------------------+--------+--------+------+--------+
| [OpenRunner-RSS]             |     11 |      0 |    0 |      0 |
+------------------------------+--------+--------+------+--------+
| [V2Rayshare-RSS]             |     22 |     21 |    0 |      0 |
+------------------------------+--------+--------+------+--------+
| [Mibei77-RSS]                |    159 |     76 |    2 |      2 |
+------------------------------+--------+--------+------+--------+
| [Yoyapai-RSS]                |    230 |    179 |    6 |      5 |
+------------------------------+--------+--------+------+--------+
| [免费节点1]                  |    288 |    176 |    7 |      5 |
+------------------------------+--------+--------+------+--------+
| [免费节点2]                  |    346 |      0 |    0 |      0 |
+------------------------------+--------+--------+------+--------+
| [免费节点3]                  |     48 |     19 |   17 |     14 |
+------------------------------+--------+--------+------+--------+
| [免费节点4]                  |    835 |      0 |    0 |      0 |
+------------------------------+--------+--------+------+--------+
| [免费节点5]                  |     29 |     28 |    0 |      0 |
+------------------------------+--------+--------+------+--------+
| [免费节点6]                  |   1635 |   1526 |   30 |     22 |
+------------------------------+--------+--------+------+--------+
| [免费节点7]                  |     64 |     18 |    2 |      2 |
+------------------------------+--------+--------+------+--------+
| [免费节点8]                  |   4171 |   3039 |    2 |      2 |
+------------------------------+--------+--------+------+--------+
| [免费节点9]                  |    615 |    438 |    0 |      0 |
+------------------------------+--------+--------+------+--------+
| [免费节点10]                 |   5517 |   3092 |   19 |      8 |
+------------------------------+--------+--------+------+--------+
| [免费节点11]                 |    444 |    111 |   30 |     20 |
+------------------------------+--------+--------+------+--------+
| [ChromeGO-Toolkit]           |     20 |     20 |    4 |      4 |
+------------------------------+--------+--------+------+--------+
| [ChromeGO-ShiteThings]       |     31 |     25 |    7 |      5 |
+------------------------------+--------+--------+------+--------+
| [ChromeGO-Merge]             |    114 |     74 |    1 |      1 |
+------------------------------+--------+--------+------+--------+
| [Pawdroid-SR-APK]            |    928 |    596 |  379 |     50 |
+------------------------------+--------+--------+------+--------+
| [Pawdroid-SS-APK]            |   1518 |    972 |  138 |     50 |
+------------------------------+--------+--------+------+--------+
| [1VPN-CRX]                   |     17 |     17 |   11 |      5 |
+------------------------------+--------+--------+------+--------+
| [Clashfree]                  |    200 |     72 |   29 |      5 |
+------------------------------+--------+--------+------+--------+
| [Epodonios]                  |   4119 |   2505 |   66 |     32 |
+------------------------------+--------+--------+------+--------+
| [Free-clash-v2ray]           |   3521 |   2039 | 1140 |     50 |
+------------------------------+--------+--------+------+--------+
| [V2rayclashfree-RSS]         |   2242 |    380 |  203 |     50 |
+------------------------------+--------+--------+------+--------+
============================================================
[INFO] clash history written | path=/home/runner/work/Free-node-autotest/Free-node-autotest/history/797390719161-clash-0838-20260928.yaml
[SUMMARY] total_nodes=29068
[SUMMARY] legal_candidates=17351
[SUMMARY] passed_latency_test=400
[SUMMARY] region_HK=30 | region_JP=41 | region_US=99
[SUMMARY] avg_latency_ms=372.79
[SUMMARY] output=/home/runner/work/Free-node-autotest/Free-node-autotest/output/clash.yaml
============================================================
[INFO] raw backup written | path=/home/runner/work/Free-node-autotest/Free-node-autotest/output/raw.yaml | history=797390719161-raw-0838-20260928.yaml | proxies=29070
[INFO] debug history written | path=/home/runner/work/Free-node-autotest/Free-node-autotest/history/797390719161-debug-0838-20260928.log | proxies=29070
