============================================================
[INFO] sublink try page | url=https://end-gfw.com
[OK] proxies=6 | new=6 | url=https://raw.githubusercontent.com/hello-world-1989/cn-news/main/end-gfw-free
[OK] proxies=6 | new=0 | url=https://raw.githubusercontent.com/hello-world-1989/cn-news/main/clash-free.yaml
[INFO] sublink file_nodes=6 | bare links=116
[OK] proxies=1 | new=1 | url=https://ccbaohe.com/appleID/
[OK] proxies=833 | new=833 | url=https://raw.githubusercontent.com/mfuu/FreeProxies/master/sub
[OK] proxies=200 | new=183 | url=https://raw.githubusercontent.com/ts-sf/fly/main/clash
[OK] proxies=1 | new=0 | url=https://ios.wwkejishe.top/
[OK] proxies=38 | new=38 | url=https://raw.githubusercontent.com/yaney01/Yaney01/main/temporary
[OK] proxies=1 | new=0 | url=https://www.112112789.xyz/
[OK] proxies=1 | new=0 | url=https://stash.wiki/
[OK] proxies=1 | new=0 | url=https://c.xiyou666.xyz/
[OK] proxies=61 | new=61 | url=https://raw.githubusercontent.com/mahdibland/ShadowsocksAggregator/master/EternityAir
[OK] proxies=98 | new=29 | url=https://tt.vg/freeclash
[OK] proxies=1 | new=0 | url=https://www.futizi.net/
[OK] proxies=195 | new=159 | url=https://raw.githubusercontent.com/mahdibland/ShadowsocksAggregator/master/Eternity
[OK] proxies=274 | new=260 | url=https://jiang.netlify.app
[OK] proxies=372 | new=343 | url=https://www.ermao.net/sub/{clash|v2ray}/ermao.net
[OK] proxies=1 | new=0 | url=https://manual.getsurfboard.com/
[OK] proxies=1 | new=0 | url=https://{apps.apple.com|itunes.apple.com}/us/app/{kitsunebi-proxy-utility|psiphon|shadowrocket|quantumult-x|potatso-lite}/{id1446584073|id1276263909|id932747118|id1443988620|id1239860606}
[OK] proxies=2 | new=1 | url=https://apps.apple.com/{us|app}/{app|fair-vpn|streisand}/{id1443988620|id932747118|id1442620678|id1533873488|id6450534064}
[OK] proxies=354 | new=0 | url=https://www.ermao.net/sub/{reachable|unreachable|untested}/clash/ermao.net
[INFO] source try link | url=https://end-gfw.com/ss-key
[OK] proxies=4 | new=4 | url=https://end-gfw.com/ss-key
[INFO] sublink try repo | url=https://github.com/hello-world-1989/cn-news
[INFO] sublink try page | url=https://raw.githubusercontent.com/hello-world-1989/cn-news/main/README.md
[OK] proxies=2 | new=2 | url=https://raw.githubusercontent.com/hello-world-1989/cn-news/refs/heads/main/clash.yaml
[OK] proxies=2 | new=0 | url=https://raw.githubusercontent.com/hello-world-1989/cn-news/main/end-gfw-together
[OK] proxies=6 | new=6 | url=https://raw.githubusercontent.com/hello-world-1989/v2-sub/main/end-gfw-together-af3e13
[OK] proxies=1926 | source=[大FQ运动] | url=https://raw.githubusercontent.com/hello-world-1989/cn-news/main/README.md
============================================================
[INFO] sublink try repo | url=https://github.com/Pawdroid/Free-servers
[INFO] sublink try page | url=https://raw.githubusercontent.com/Pawdroid/Free-servers/main/README.md
[OK] proxies=20 | new=20 | url=https://raw.githubusercontent.com/Pawdroid/Free-servers/main/sub
[OK] proxies=20 | new=16 | url=https://raw.githubusercontent.com/Pawdroid/Free-servers/main/README.md
[OK] proxies=1 | new=1 | url=https://apps.apple.com/cn/app/shadowshare/id1612647259
[OK] proxies=1 | new=1 | url=http://www.surflare.com
[OK] proxies=38 | source=[Pawdroid] | url=https://raw.githubusercontent.com/Pawdroid/Free-servers/main/README.md
============================================================
[INFO] source try link | url=https://xmxosfepggzm.503403.xyz
[OK] proxies=3 | new=3 | url=https://xmxosfepggzm.503403.xyz
[OK] proxies=3 | source=[FreeV2-Base64] | url=https://xmxosfepggzm.503403.xyz
============================================================
[INFO] source try link | url=https://links.bocchi2b.top/clash
[OK] proxies=35 | new=35 | url=https://links.bocchi2b.top/clash
[OK] proxies=35 | source=[Bocchi2b-Base64] | url=https://links.bocchi2b.top/clash
============================================================
[INFO] source try link | url=https://freesocks.org/api/v1/sub/02b897e8e77f19176b0b9f2c75864b00
[OK] proxies=1 | new=1 | url=https://freesocks.org/api/v1/sub/02b897e8e77f19176b0b9f2c75864b00
[INFO] source try link | url=https://freesocks.org/api/v1/sub/4cae35810e6f5c4d92e28e32104e0080
[OK] proxies=3 | new=3 | url=https://freesocks.org/api/v1/sub/4cae35810e6f5c4d92e28e32104e0080
[OK] proxies=4 | source=[Freesocks] | url=https://freesocks.org/api/v1/sub/4cae35810e6f5c4d92e28e32104e0080
============================================================
[INFO] source try link | url=https://neko-warp.nloli.xyz/neko_warp.yaml
[OK] proxies=10 | new=10 | url=https://neko-warp.nloli.xyz/neko_warp.yaml
[OK] proxies=10 | source=[NekoWarp] | url=https://neko-warp.nloli.xyz/neko_warp.yaml
============================================================
[INFO] article try feed | url=https://free.datiya.com/index.xml
[INFO] sublink try page | url=https://free.datiya.com/post/20260928/
[OK] proxies=11 | new=11 | url=https://free.datiya.com/uploads/20260928-clash.yaml
[OK] proxies=11 | source=[OpenRunner-RSS] | url=https://free.datiya.com/post/20260928/
============================================================
[INFO] article try feed | url=https://v2rayshare.com/feed
[INFO] sublink try page | url=https://v2rayshare.com/p/4097.html
[INFO] sublink try repo | url=https://github.com/firefoxmmx2/v2rayshare_subcription
[INFO] sublink try page | url=https://raw.githubusercontent.com/firefoxmmx2/v2rayshare_subcription/main/README.md
[OK] proxies=22 | new=22 | url=https://{raw.githubusercontent.com|cdn.jsdelivr.net}/firefoxmmx2/v2rayshare_subcription/main/subscription/vray_sub.txt
[OK] proxies=21 | new=0 | url=https://{raw.githubusercontent.com|cdn.jsdelivr.net}/firefoxmmx2/v2rayshare_subcription/main/subscription/clash_sub.yaml
[OK] proxies=22 | new=0 | url=https://{raw.githubusercontent.com|cdn.jsdelivr.net}/firefoxmmx2/v2rayshare_subcription/main/subscription/mihomo_sub.yaml
[OK] proxies=22 | source=[V2Rayshare-RSS] | url=https://raw.githubusercontent.com/firefoxmmx2/v2rayshare_subcription/main/README.md
============================================================
[INFO] article try feed | url=https://www.mibei77.com/feed
[INFO] sublink try page | url=https://www.mibei77.com/703.html
[OK] proxies=159 | new=159 | url=https://mm.mibei77.com/202609/09.2864baczx.txt
[OK] proxies=157 | new=0 | url=https://mm.mibei77.com/202609/0928Clashizx.yaml
[OK] proxies=159 | source=[Mibei77-RSS] | url=https://www.mibei77.com/703.html
============================================================
[INFO] article try feed | url=https://yoyapai.com/feed
[INFO] sublink try page | url=https://yoyapai.com/739
[OK] proxies=1 | new=1 | url=https://yoyapai.com/739
[OK] proxies=229 | new=229 | url=https://freenode.yoyapai.com/2026/09/28-yoyapai.com-ssrv2rayvpnmianfeijiedian.txt
[OK] proxies=229 | new=0 | url=https://freenode.yoyapai.com/2026/09/28-yoyapai.com-clashvpnmianfeijiedian.yaml
[OK] proxies=230 | source=[Yoyapai-RSS] | url=https://yoyapai.com/739
============================================================
[INFO] sublink try repo | url=https://github.com/free18/v2ray
[INFO] sublink try page | url=https://raw.githubusercontent.com/free18/v2ray/main/README.md
[OK] proxies=285 | new=285 | url=https://ghfast.top/https://raw.githubusercontent.com/free18/v2ray/refs/heads/main/v.txt
[OK] proxies=3 | new=3 | url=https://raw.githubusercontent.com/free18/v2ray/main/README.md
[OK] proxies=285 | new=0 | url=https://ghfast.top/https://raw.githubusercontent.com/free18/v2ray/refs/heads/main/c.yaml
[OK] proxies=288 | source=[免费节点1] | url=https://raw.githubusercontent.com/free18/v2ray/main/README.md
============================================================
[INFO] sublink try repo | url=https://github.com/ermaozi/get_subscribe
[INFO] sublink try page | url=https://raw.githubusercontent.com/ermaozi/get_subscribe/main/README.md
[INFO] sublink file_nodes=0 | bare links=9
[OK] proxies=372 | new=372 | url=https://www.ermao.net/sub/{clash|v2ray}/ermao.net
[OK] proxies=354 | new=0 | url=https://www.ermao.net/sub/{reachable|unreachable|untested}/clash/ermao.net
[OK] proxies=372 | source=[免费节点2] | url=https://raw.githubusercontent.com/ermaozi/get_subscribe/main/README.md
============================================================
[INFO] sublink try repo | url=https://github.com/sunmiao4458/free-proxy-airport
[INFO] sublink try page | url=https://raw.githubusercontent.com/sunmiao4458/free-proxy-airport/main/README.md
[OK] proxies=48 | new=48 | url=https://sunmiao4458.github.io/free-proxy-airport/clash.yaml
[OK] proxies=48 | source=[免费节点3] | url=https://raw.githubusercontent.com/sunmiao4458/free-proxy-airport/main/README.md
============================================================
[INFO] sublink try repo | url=https://github.com/mfuu/FreeProxies
[INFO] sublink try page | url=https://raw.githubusercontent.com/mfuu/FreeProxies/master/README.md
[OK] proxies=838 | new=838 | url=https://raw.githubusercontent.com/mfuu/FreeProxies/master/sub.yaml
[OK] proxies=838 | source=[免费节点4] | url=https://raw.githubusercontent.com/mfuu/FreeProxies/master/README.md
============================================================
[INFO] sublink try repo | url=https://github.com/vxiaov/free_proxies
[INFO] sublink try page | url=https://raw.githubusercontent.com/vxiaov/free_proxies/main/README.md
[OK] proxies=1 | new=1 | url=https://raw.githubusercontent.com/vxiaov/free_proxies/main/README.md
[OK] proxies=28 | new=28 | url=https://{cdn.jsdelivr.net|raw.githubusercontent.com}/vxiaov/free_proxies/main/clash/clash.provider.yaml
[OK] proxies=29 | source=[免费节点5] | url=https://raw.githubusercontent.com/vxiaov/free_proxies/main/README.md
============================================================
[INFO] sublink try repo | url=https://github.com/anaer/Sub
[INFO] sublink try page | url=https://raw.githubusercontent.com/anaer/Sub/main/README.MD
[OK] proxies=1635 | new=1635 | url=https://raw.githubusercontent.com/anaer/Sub/main/clash.yaml
[OK] proxies=1635 | new=0 | url=https://anaer.github.io/Sub/clash.yaml
[OK] proxies=1635 | source=[免费节点6] | url=https://raw.githubusercontent.com/anaer/Sub/main/README.MD
============================================================
[INFO] sublink try repo | url=https://github.com/snakem982/proxypool
[INFO] sublink try page | url=https://raw.githubusercontent.com/snakem982/proxypool/main/README.md
[OK] proxies=64 | new=64 | url=https://raw.githubusercontent.com/snakem982/proxypool/main/source/clash-meta-2.yaml
[OK] proxies=62 | new=1 | url=https://raw.githubusercontent.com/snakem982/proxypool/main/source/v2ray-2.txt
[OK] proxies=62 | new=0 | url=https://raw.githubusercontent.com/snakem982/proxypool/main/source/sing-box-2.json
[OK] proxies=65 | source=[免费节点7] | url=https://raw.githubusercontent.com/snakem982/proxypool/main/README.md
============================================================
[INFO] sublink try repo | url=https://github.com/mahdibland/V2RayAggregator
[INFO] sublink try page | url=https://raw.githubusercontent.com/mahdibland/V2RayAggregator/master/README.md
[OK] proxies=61 | new=61 | url=https://raw.githubusercontent.com/mahdibland/SSAggregator/master/sub/airport_sub_merge.txt
[OK] proxies=1 | new=1 | url=https://cdn.jsdelivr.net/gh/mahdibland/V2RayAggregator@master/update/provider/provider-meta.yml
[OK] proxies=1838 | new=1838 | url=https://raw.githubusercontent.com/mahdibland/ShadowsocksAggregator/master/sub/splitted/ss.txt
[OK] proxies=378 | new=166 | url=https://raw.githubusercontent.com/mahdibland/V2RayAggregator/master/README.md
[OK] proxies=3807 | new=1897 | url=https://raw.githubusercontent.com/mahdibland/SSAggregator/master/sub/sub_merge_base64.txt
[OK] proxies=195 | new=0 | url=https://raw.githubusercontent.com/mahdibland/ShadowsocksAggregator/master/Eternity.txt
[OK] proxies=466 | new=0 | url=https://raw.githubusercontent.com/mahdibland/ShadowsocksAggregator/master/sub/splitted/trojan.txt
[OK] proxies=1 | new=0 | url=https://github.com/mahdibland/SSAggregator/actions/workflows/Airport_Collector.yml
[OK] proxies=1 | new=0 | url=https://cdn.jsdelivr.net/gh/mahdibland/V2RayAggregator@master/update/provider/provider-cn.yml
[OK] proxies=61 | new=0 | url=https://raw.githubusercontent.com/mahdibland/ShadowsocksAggregator/master/EternityAir.txt
[OK] proxies=1 | new=0 | url=https://cdn.jsdelivr.net/gh/mahdibland/V2RayAggregator@master/update/provider/provider.yml
[OK] proxies=3807 | new=0 | url=https://raw.githubusercontent.com/mahdibland/{SSAggregator|ShadowsocksAggregator}/master/sub/sub_merge.txt
[OK] proxies=1449 | new=0 | url=https://raw.githubusercontent.com/mahdibland/ShadowsocksAggregator/master/sub/splitted/vmess.txt
[OK] proxies=1 | new=0 | url=https://cdn.jsdelivr.net/gh/mahdibland/V2RayAggregator@master/update/provider/provider-meta-others.yml
[OK] proxies=54 | new=0 | url=https://raw.githubusercontent.com/mahdibland/ShadowsocksAggregator/master/sub/splitted/ssr.txt
[OK] proxies=1 | new=0 | url=https://cdn.jsdelivr.net/gh/mahdibland/V2RayAggregator@master/update/provider/provider-meta-cn.yml
[OK] proxies=1 | new=0 | url=https://github.com/mahdibland/SSAggregator/actions/workflows/Collector.yml
[OK] proxies=3992 | new=208 | url=https://raw.githubusercontent.com/mahdibland/SSAggregator/master/sub/sub_merge_yaml.yml
[OK] proxies=1 | new=0 | url=https://cdn.jsdelivr.net/gh/mahdibland/V2RayAggregator@master/update/provider/provider-others.yml
[OK] proxies=61 | new=0 | url=https://raw.githubusercontent.com/mahdibland/SSAggregator/master/sub/airport_merge_base64.txt
[OK] proxies=196 | new=0 | url=https://raw.githubusercontent.com/mahdibland/ShadowsocksAggregator/master/Eternity.yml
[OK] proxies=4171 | source=[免费节点8] | url=https://raw.githubusercontent.com/mahdibland/V2RayAggregator/master/README.md
============================================================
[INFO] sublink try repo | url=https://github.com/w1770946466/Auto_proxy
[INFO] sublink try page | url=https://raw.githubusercontent.com/w1770946466/Auto_proxy/main/README.md
[OK] proxies=1 | new=1 | url=https://github.com/w1770946466/Auto_proxy/actions/workflows/main.yml
[OK] proxies=245 | new=245 | url=https://raw.githubusercontent.com/w1770946466/Auto_proxy/main/{Long_term_subscription2.yaml|Long_term_subscription1.yaml|Long_term_subscription3.yaml}
[OK] proxies=489 | new=369 | url=https://raw.githubusercontent.com/w1770946466/Auto_proxy/main/Long_term_subscription_num
[OK] proxies=489 | new=0 | url=https://raw.githubusercontent.com/w1770946466/Auto_proxy/main/{Long_term_subscription1|Long_term_subscription2|Long_term_subscription3|Long_term_subscription4|Long_term_subscription5|Long_term_subscription6|Long_term_subscription7|Long_term_subscription8}
[OK] proxies=615 | source=[免费节点9] | url=https://raw.githubusercontent.com/w1770946466/Auto_proxy/main/README.md
============================================================
[INFO] sublink try repo | url=https://github.com/PuddinCat/BestClash
[INFO] sublink try page | url=https://raw.githubusercontent.com/PuddinCat/BestClash/main/README.md
[OK] proxies=165 | new=165 | url=https://raw.githubusercontent.com/ronghuaxueleng/get_v2/main/pub/combine.yaml
[OK] proxies=196 | new=196 | url=https://raw.githubusercontent.com/mahdibland/ShadowsocksAggregator/master/Eternity.yml
[OK] proxies=362 | new=362 | url=https://raw.githubusercontent.com/{ermaozi|ermaozi01}/{get_subscribe|free_clash_vpn}/main/subscribe/clash.yml
[OK] proxies=28 | new=28 | url=https://cdn.jsdelivr.net/gh/vxiaov/free_proxies@main/clash/clash.provider.yaml
[OK] proxies=16 | new=16 | url=https://raw.githubusercontent.com/PuddinCat/BestClash/main/proxies.yaml
[OK] proxies=33 | new=0 | url=https://raw.githubusercontent.com/Misaka-blog/chromego_merge/main/sub/merged_proxies_new.yaml
[OK] proxies=35 | new=2 | url=https://raw.githubusercontent.com/{chengaopan|peasoft}/{AutoMergePublicNodes|NoMoreWalls}/master/list.yml
[OK] proxies=24 | new=24 | url=https://freenode.openrunner.net/uploads/20240807-clash.yaml
[OK] proxies=144 | new=3 | url=https://raw.githubusercontent.com/zhangkaiitugithub/passcro/main/speednodes.yaml
[OK] proxies=4782 | new=4720 | url=https://raw.githubusercontent.com/{NiceVPN123|anaer}/{NiceVPN|Sub}/main/{Clash.yaml|clash.yaml}
[OK] proxies=5516 | source=[免费节点10] | url=https://raw.githubusercontent.com/PuddinCat/BestClash/main/README.md
============================================================
[INFO] sublink try repo | url=https://github.com/kooker/FreeSubsCheck
[INFO] sublink try page | url=https://raw.githubusercontent.com/kooker/FreeSubsCheck/main/README.md
[OK] proxies=11 | new=11 | url=https://raw.githubusercontent.com/kooker/FreeSubsCheck/main/all.yaml
[OK] proxies=11 | new=0 | url=https://raw.githubusercontent.com/kooker/FreeSubsCheck/main/mihomo.yaml
[OK] proxies=7 | new=0 | url=https://raw.githubusercontent.com/kooker/FreeSubsCheck/main/base64.txt
[OK] proxies=2 | new=2 | url=https://raw.githubusercontent.com/kooker/FreeSubsCheck/main/byxiaoxi.txt
[OK] proxies=432 | new=430 | url=https://raw.githubusercontent.com/kooker/FreeSubsCheck/main/kooker.jp.txt
[OK] proxies=443 | source=[免费节点11] | url=https://raw.githubusercontent.com/kooker/FreeSubsCheck/main/README.md
============================================================
[INFO] toolkit try repo | url=https://github.com/bannedbook/fanqiang
[INFO] toolkit try release | url=https://github.com/bannedbook/fanqiang/releases
[INFO] toolkit try release | url=https://github.com/bannedbook/fanqiang/releases/expanded_assets/ChromeGo-latest
[INFO] toolkit try download | url=https://github.com/bannedbook/fanqiang/releases/download/ChromeGo-latest/ChromeGo.7z
[OK] toolkit downloaded | file=ChromeGo.7z | size=96.2MB
[OK] toolkit extracted | archive=ChromeGo.7z | tool=7z | files=222 | dirs=45
[OK] toolkit discovered | subs=107 | embedded=46 | archive=ChromeGo.7z
[INFO] toolkit try repo | url=https://github.com/bannedbook/fanqiang
[INFO] toolkit try release | url=https://github.com/bannedbook/fanqiang/releases
[INFO] toolkit try release | url=https://github.com/bannedbook/fanqiang/releases/expanded_assets/ChromeGo-latest
[INFO] toolkit try download | url=https://github.com/bannedbook/fanqiang/releases/download/ChromeGo-latest/ChromeGo.7z
[OK] toolkit downloaded | file=ChromeGo.7z | size=96.2MB
[OK] toolkit extracted | archive=ChromeGo.7z | tool=7z | files=222 | dirs=45
[OK] toolkit discovered | subs=107 | embedded=46 | archive=ChromeGo.7z
[OK] proxies=12 | new=12 | embedded=archive-config
[OK] proxies=3 | new=3 | url=https://www.67867867.xyz/Alvin9999/PAC/refs/heads/master/backup/img/1/2/{ipp|ip}/clash.meta2/{5|6|3|1|4|2}/config.yaml
[OK] proxies=3 | new=0 | url=https://gitlab.com/free9999/ipupdate/master/backup/img/1/2/{ipp|ip}/clash.meta2/{5|6|3|1|4|2}/config.yaml
[OK] proxies=7 | new=5 | url=https://www.67867867.xyz/Alvin9999/PAC/refs/heads/master/backup/img/1/2/{ipp|ip}/{hysteria2|singbox|naiveproxy|hysteria|xray}/{3|1|4|2}/config.json
[OK] proxies=7 | new=0 | url=https://gitlab.com/free9999/ipupdate/master/backup/img/1/2/{ipp|ip}/{hysteria2|singbox|naiveproxy|hysteria|xray}/{3|1|4|2}/config.json
[OK] proxies=20 | source=[ChromeGO-Toolkit] | url=https://github.com/bannedbook/fanqiang/releases/download/ChromeGo-latest/ChromeGo.7z
============================================================
[INFO] sublink try repo | url=https://github.com/ShiteThings/extractNodes
[INFO] sublink try page | url=https://raw.githubusercontent.com/ShiteThings/extractNodes/main/README.md
[OK] proxies=26 | new=26 | url=https://chg26.makou.cc.cd/sb
[OK] proxies=31 | new=5 | url=https://{chg26.makou.cc.cd|chg64.makou.cc.cd}
[OK] proxies=31 | source=[ChromeGO-ShiteThings] | url=https://raw.githubusercontent.com/ShiteThings/extractNodes/main/README.md
============================================================
[INFO] sublink try repo | url=https://github.com/shangui999/chromego_merge
[INFO] sublink try page | url=https://raw.githubusercontent.com/shangui999/chromego_merge/master/ReadMe.md
[OK] proxies=11 | new=11 | url=https://freedman.netlify.app/sub/merged_warp_proxies_new.yaml
[OK] proxies=10 | new=0 | url=https://freedman.netlify.app/sub/merged_proxies_new.yaml
[OK] proxies=11 | new=6 | url=https://freedman.netlify.app/sub/shadowrocket_base64.txt
[OK] proxies=16 | new=16 | url=https://freedman.netlify.app/sub/sb.json
[INFO] sublink try repo | url=https://github.com/yaney01/chromego
[INFO] sublink try page | url=https://raw.githubusercontent.com/yaney01/chromego/main/ReadMe.md
[OK] proxies=51 | new=46 | url=https://raw.githubusercontent.com/yaney01/chromego/main/sub/merged_warp_proxies_new.yaml
[OK] proxies=50 | new=0 | url=https://raw.githubusercontent.com/yaney01/chromego/main/sub/merged_proxies_new.yaml
[OK] proxies=13 | new=7 | url=https://raw.githubusercontent.com/yaney01/chromego/main/sub/shadowrocket_base64.txt
[OK] proxies=13 | new=0 | url=https://raw.githubusercontent.com/yaney01/chromego/main/sub/sb.json
[INFO] sublink try repo | url=https://github.com/Misaka-blog/chromego_merge
[INFO] sublink try page | url=https://raw.githubusercontent.com/Misaka-blog/chromego_merge/main/README.md
[OK] proxies=33 | new=33 | url=https://chromego-sub.netlify.app/sub/merged_proxies_new.yaml
[OK] proxies=119 | source=[ChromeGO-Merge] | url=https://raw.githubusercontent.com/Misaka-blog/chromego_merge/main/README.md
============================================================
[INFO] toolkit try repo | url=https://github.com/Pawdroid/shadowrocket_for_android
[INFO] toolkit try release | url=https://github.com/Pawdroid/shadowrocket_for_android/releases
[INFO] toolkit try release | url=https://github.com/Pawdroid/shadowrocket_for_android/releases/expanded_assets/10.10.55
[INFO] toolkit try download | url=https://github.com/Pawdroid/shadowrocket_for_android/releases/download/10.10.55/Shadowrocket_10.10.55_shadowrocketStandard_arm64-v8a.apk
[OK] toolkit downloaded | file=Shadowrocket_10.10.55_shadowrocketStandard_arm64-v8a.apk | size=39.5MB
[OK] toolkit extracted | archive=Shadowrocket_10.10.55_shadowrocketStandard_arm64-v8a.apk | tool=zipfile | files=1179 | dirs=44
[OK] toolkit sr-apk scanned | prefixes=38 | files=6 | keys=2 | archive=Shadowrocket_10.10.55_shadowrocketStandard_arm64-v8a.apk
[OK] proxies=188 | new=188 | url=https://{raw.githubusercontent.com|cdn.jsdelivr.net}/pixelor/ecfg/main/data/ecfg6
[OK] proxies=611 | new=516 | url=https://{raw.githubusercontent.com|cdn.jsdelivr.net}/pixelor/ecfg/main/data/ecfg6_en
[OK] proxies=378 | new=0 | url=https://{raw.githubusercontent.com|cdn.jsdelivr.net}/pixelor/ecfg/main/data/ecfg6_zh
[OK] proxies=141 | new=0 | url=https://{files.shadowrockets.app|cdn.shadowrockets.app}/ecfg/data/ecfg6
[OK] proxies=378 | new=0 | url=https://{files.shadowrockets.app|cdn.shadowrockets.app}/ecfg/data/ecfg6_zh
[OK] proxies=378 | new=0 | url=https://{files.shadowrockets.app|cdn.shadowrockets.app}/ecfg/data/ecfg6_en
[INFO] toolkit try repo | url=https://github.com/Pawdroid/shadowrocket_for_android
[INFO] toolkit try release | url=https://github.com/Pawdroid/shadowrocket_for_android/releases
[INFO] toolkit try release | url=https://github.com/Pawdroid/shadowrocket_for_android/releases/expanded_assets/10.10.55
[INFO] toolkit try download | url=https://github.com/Pawdroid/shadowrocket_for_android/releases/download/10.10.55/Shadowrocket_10.10.55_shadowrocketStandard_arm64-v8a.apk
[OK] toolkit downloaded | file=Shadowrocket_10.10.55_shadowrocketStandard_arm64-v8a.apk | size=39.5MB
[OK] toolkit extracted | archive=Shadowrocket_10.10.55_shadowrocketStandard_arm64-v8a.apk | tool=zipfile | files=1179 | dirs=44
[OK] toolkit sr-apk scanned | prefixes=38 | files=6 | keys=2 | archive=Shadowrocket_10.10.55_shadowrocketStandard_arm64-v8a.apk
[OK] proxies=188 | new=188 | url=https://{raw.githubusercontent.com|cdn.jsdelivr.net}/pixelor/ecfg/main/data/ecfg6
[OK] proxies=611 | new=516 | url=https://{raw.githubusercontent.com|cdn.jsdelivr.net}/pixelor/ecfg/main/data/ecfg6_en
[OK] proxies=378 | new=0 | url=https://{raw.githubusercontent.com|cdn.jsdelivr.net}/pixelor/ecfg/main/data/ecfg6_zh
[OK] proxies=141 | new=0 | url=https://{files.shadowrockets.app|cdn.shadowrockets.app}/ecfg/data/ecfg6
[OK] proxies=378 | new=0 | url=https://{files.shadowrockets.app|cdn.shadowrockets.app}/ecfg/data/ecfg6_zh
[OK] proxies=378 | new=0 | url=https://{files.shadowrockets.app|cdn.shadowrockets.app}/ecfg/data/ecfg6_en
[OK] proxies=704 | source=[Pawdroid-SR-APK] | url=https://github.com/Pawdroid/shadowrocket_for_android/releases/download/10.10.55/Shadowrocket_10.10.55_shadowrocketStandard_arm64-v8a.apk
============================================================
[INFO] toolkit try page | url=https://shadowshare.v2cross.com
[INFO] toolkit try download | url=https://shadowshare.v2cross.com/shadowshare.apk
[OK] toolkit downloaded | file=shadowshare.apk | size=60MB
[OK] toolkit extracted | archive=shadowshare.apk | tool=zipfile | files=612 | dirs=39
[OK] toolkit ss-apk scanned | prefixes=10 | files=3 | keys=1 | archive=shadowshare.apk
[OK] proxies=227 | new=227 | url=https://{raw.githubusercontent.com|jsd.onmicrosoft.cn}/hideme9527/ecsfg/main/data/sareserver
[OK] proxies=1386 | new=1280 | url=https://{raw.githubusercontent.com|jsd.onmicrosoft.cn}/hideme9527/ecsfg/main/data/sareserver_en
[OK] proxies=132 | new=0 | url=https://{shadowsharing.com|sare.159236.xyz}/data/sareserver
[OK] proxies=1386 | new=0 | url=https://{shadowsharing.com|sare.159236.xyz}/data/sareserver_en
[OK] proxies=132 | new=0 | url=https://gitee.com/api/v5/repos/{zhiminghao|guoyoucai1|elvenapp}/ecsfg/raw/data/sareserver
[OK] proxies=1386 | new=0 | url=https://gitee.com/api/v5/repos/{elvenapp|guoyoucai1}/ecsfg/raw/data/sareserver_en
[INFO] toolkit try page | url=https://shadowshare.v2cross.com
[INFO] toolkit try download | url=https://shadowshare.v2cross.com/shadowshare.apk
[OK] toolkit downloaded | file=shadowshare.apk | size=60MB
[OK] toolkit extracted | archive=shadowshare.apk | tool=zipfile | files=612 | dirs=39
[OK] toolkit ss-apk scanned | prefixes=10 | files=3 | keys=1 | archive=shadowshare.apk
[OK] proxies=227 | new=227 | url=https://{raw.githubusercontent.com|jsd.onmicrosoft.cn}/hideme9527/ecsfg/main/data/sareserver
[OK] proxies=1386 | new=1280 | url=https://{raw.githubusercontent.com|jsd.onmicrosoft.cn}/hideme9527/ecsfg/main/data/sareserver_en
[OK] proxies=132 | new=0 | url=https://{shadowsharing.com|sare.159236.xyz}/data/sareserver
[OK] proxies=1386 | new=0 | url=https://{shadowsharing.com|sare.159236.xyz}/data/sareserver_en
[OK] proxies=132 | new=0 | url=https://gitee.com/api/v5/repos/{zhiminghao|guoyoucai1|elvenapp}/ecsfg/raw/data/sareserver
[OK] proxies=1386 | new=0 | url=https://gitee.com/api/v5/repos/{elvenapp|guoyoucai1}/ecsfg/raw/data/sareserver_en
[OK] proxies=1507 | source=[Pawdroid-SS-APK] | url=https://shadowshare.v2cross.com/shadowshare.apk
============================================================
[INFO] toolkit try chrome | url=https://chromewebstore.google.com/detail/free-vpn-proxy-1vpn/akcocjjpkmlniicdeemdceeajlmoabhg
[INFO] toolkit try download | url=https://clients2.google.com/service/update2/crx?response=redirect&prodversion=131.0.6778.0&acceptformat=crx2,crx3&x=id%3dakcocjjpkmlniicdeemdceeajlmoabhg%26uc
[OK] toolkit downloaded | file=free-vpn-proxy-1vpn.crx | size=1.6MB
[OK] toolkit extracted | archive=free-vpn-proxy-1vpn.crx | tool=zipfile | files=68 | dirs=57
[OK] toolkit 1vpn-crx scanned | hosts=17 | keys=1 | archive=free-vpn-proxy-1vpn.crx
[INFO] toolkit try chrome | url=https://chromewebstore.google.com/detail/free-vpn-proxy-1vpn/akcocjjpkmlniicdeemdceeajlmoabhg
[INFO] toolkit try download | url=https://clients2.google.com/service/update2/crx?response=redirect&prodversion=131.0.6778.0&acceptformat=crx2,crx3&x=id%3dakcocjjpkmlniicdeemdceeajlmoabhg%26uc
[OK] toolkit downloaded | file=free-vpn-proxy-1vpn.crx | size=1.6MB
[OK] toolkit extracted | archive=free-vpn-proxy-1vpn.crx | tool=zipfile | files=68 | dirs=57
[OK] toolkit 1vpn-crx scanned | hosts=17 | keys=1 | archive=free-vpn-proxy-1vpn.crx
[OK] proxies=17 | source=[1VPN-CRX] | url=https://clients2.google.com/service/update2/crx?response=redirect&prodversion=131.0.6778.0&acceptformat=crx2,crx3&x=id%3dakcocjjpkmlniicdeemdceeajlmoabhg%26uc
============================================================
[INFO] sublink try repo | url=https://github.com/free-nodes/clashfree
[INFO] sublink try page | url=https://raw.githubusercontent.com/free-nodes/clashfree/main/README.md
[OK] proxies=199 | new=199 | url=https://raw.githubusercontent.com/free-nodes/clashfree/main/README.md
[OK] proxies=1 | new=1 | url=https://github.com/free-nodes/clashfree/blob/main/clash20260928.yml
[OK] proxies=199 | new=0 | url=https://raw.githubusercontent.com/free-nodes/clashfree/main/clash20260928.yml
[OK] proxies=200 | source=[Clashfree] | url=https://raw.githubusercontent.com/free-nodes/clashfree/main/README.md
============================================================
[INFO] sublink try repo | url=https://github.com/Epodonios/v2ray-configs
[INFO] sublink try page | url=https://raw.githubusercontent.com/Epodonios/v2ray-configs/main/README.md
[OK] proxies=1 | new=1 | url=https://github.com/Epodonios/V2ray-Configs/actions/workflows/main.yml
[OK] proxies=184 | new=184 | url=https://github.com/Epodonios/v2ray-configs/raw/main/Splitted-By-Protocol/vmess.txt
[OK] proxies=4177 | new=4003 | url=https://github.com/Epodonios/v2ray-configs/raw/main/All_Configs_Sub.txt
[OK] proxies=4177 | new=0 | url=https://github.com/Epodonios/v2ray-configs/raw/main/All_Configs_base64_Sub.txt
[OK] proxies=162 | new=3 | url=https://github.com/Epodonios/v2ray-configs/raw/main/Splitted-By-Protocol/trojan.txt
[OK] proxies=381 | new=17 | url=https://github.com/Epodonios/v2ray-configs/raw/main/Splitted-By-Protocol/ss.txt
[OK] proxies=3355 | new=93 | url=https://github.com/Epodonios/v2ray-configs/raw/main/Splitted-By-Protocol/vless.txt
[OK] proxies=4177 | new=0 | url=https://raw.githubusercontent.com/Epodonios/v2ray-configs/main/{Sub1.txt|Sub2.txt|Sub3.txt|Sub4.txt|Sub5.txt|Sub6.txt|Sub7.txt|Sub8.txt}
[OK] proxies=4301 | source=[Epodonios] | url=https://raw.githubusercontent.com/Epodonios/v2ray-configs/main/README.md
============================================================
[INFO] sublink try repo | url=https://github.com/free-clash-v2ray/free-clash-v2ray.github.io
[INFO] sublink try page | url=https://raw.githubusercontent.com/free-clash-v2ray/free-clash-v2ray.github.io/main/README.md
[OK] proxies=2984 | new=2984 | url=https://free-clash-v2ray.github.io/uploads/2026/09/{0-20260927.yaml|1-20260927.yaml|2-20260927.yaml|3-20260927.yaml}
[OK] proxies=3129 | new=537 | url=https://free-clash-v2ray.github.io/uploads/2026/09/{0-20260927.txt|1-20260927.txt|2-20260927.txt|3-20260927.txt|4-20260927.txt}
[OK] proxies=3521 | source=[Free-clash-v2ray] | url=https://raw.githubusercontent.com/free-clash-v2ray/free-clash-v2ray.github.io/main/README.md
============================================================
[INFO] article try page | url=https://v2rayclashfree.com
[INFO] sublink try page | url=https://v2rayclashfree.com/fn/20260928.html
[OK] proxies=2950 | new=2950 | url=https://v2rayclashfree.com/sub/20260928-clash.yaml
[OK] proxies=3005 | new=575 | url=https://v2rayclashfree.com/sub/20260928-v2ray.txt
[OK] proxies=3525 | source=[V2rayclashfree-RSS] | url=https://v2rayclashfree.com/fn/20260928.html
============================================================
[INFO] toolkit try repo | url=https://github.com/MetaCubeX/meta-rules-dat
[INFO] toolkit try release | url=https://github.com/MetaCubeX/meta-rules-dat/releases
[INFO] toolkit try release | url=https://github.com/MetaCubeX/meta-rules-dat/releases/expanded_assets/latest
[INFO] toolkit try download | url=https://github.com/MetaCubeX/meta-rules-dat/releases/download/latest/country.mmdb
[OK] toolkit downloaded | file=country.mmdb | size=7.3MB
[INFO] toolkit try repo | url=https://github.com/mledoze/countries
[INFO] toolkit try release | url=https://github.com/mledoze/countries/releases
[INFO] toolkit try release | url=https://github.com/mledoze/countries/releases/expanded_assets/v1.8.0
[INFO] toolkit try download | url=https://github.com/mledoze/countries/archive/refs/tags/v1.8.0.zip
[OK] toolkit downloaded | file=countries-1.8.0.zip | size=4.8MB
[OK] toolkit extracted | archive=countries-1.8.0.zip | tool=zipfile | files=528 | dirs=8
[OK] toolkit found | file=countries.json | from=countries-1.8.0.zip
[OK] geo score ready | files=country.mmdb, countries.json | centroids=247
============================================================
[INFO] toolkit try repo | url=https://github.com/MetaCubeX/mihomo
[INFO] toolkit try release | url=https://github.com/MetaCubeX/mihomo/releases
[INFO] toolkit try release | url=https://github.com/MetaCubeX/mihomo/releases/expanded_assets/v1.19.31
[INFO] toolkit try download | url=https://github.com/MetaCubeX/mihomo/releases/download/v1.19.31/mihomo-linux-amd64-compatible-v1.19.31.gz
[OK] toolkit downloaded | file=mihomo-linux-amd64-compatible-v1.19.31.gz | size=21.8MB
[OK] toolkit hash verified | file=mihomo-linux-amd64-compatible-v1.19.31.gz | sha256=04cf9f09671704f839ddbee2e93069dc831a4123a75281e725d1d96ab9ac1afc
[OK] proxy engine ready, starting latency test | package=mihomo-linux-amd64-compatible-v1.19.31.gz
============================================================
[DEBUG] mihomo start-fail | branch={1} | size=17643 | parse=1 | rc=1 | names=[大FQ运动] end-gfw-kr64-VLESS,[大FQ运动] end-gfw-kr64-HY2,[大FQ运动] end-gfw-kr64-SS...+17640 | err=rc=1 Mihomo exited before controller became ready time="2026-09-28T14:04:49.238948006Z" level=info msg="Start initial configuration in progress" time="2026-09-28T14:04:49.740241579Z" level=fatal msg="Parse config error: proxy 10725: '' h...
[WARN] batch start failed | size=17643 {1} | split=8821 {2} + 8822 {3}
[DEBUG] mihomo start-fail | branch={3} | size=8822 | parse=1 | rc=1 | names=[免费节点10] 🇯🇵 JP 56 → tg@nicevpn123,[免费节点10] 🇯🇵 JP 57 → tg@nicevpn123,[免费节点10] 🇯🇵 JP 58 → tg@nicevpn123...+8819 | err=rc=1 Mihomo exited before controller became ready time="2026-09-28T14:04:55.976835910Z" level=info msg="Start initial configuration in progress" time="2026-09-28T14:04:56.133613140Z" level=fatal msg="Parse config error: proxy 1904: '' ha...
[WARN] batch start failed | size=8822 {3} | split=4411 {4} + 4411 {5}
[DEBUG] mihomo start-fail | branch={4} | size=4411 | parse=1 | rc=1 | names=[免费节点10] 🇯🇵 JP 56 → tg@nicevpn123,[免费节点10] 🇯🇵 JP 57 → tg@nicevpn123,[免费节点10] 🇯🇵 JP 58 → tg@nicevpn123...+4408 | err=rc=1 Mihomo exited before controller became ready time="2026-09-28T14:05:00.181484145Z" level=info msg="Start initial configuration in progress" time="2026-09-28T14:05:00.292203721Z" level=fatal msg="Parse config error: proxy 1904: '' ha...
[WARN] batch start failed | size=4411 {4} | split=2205 {6} + 2206 {7}
[DEBUG] mihomo start-fail | branch={5} | size=4411 | parse=1 | rc=1 | names=[Epodonios] EPODONIOS-836,[Epodonios] EPODONIOS-837,[Epodonios] EPODONIOS-838...+4408 | err=rc=1 Mihomo exited before controller became ready time="2026-09-28T14:05:00.562950014Z" level=info msg="Start initial configuration in progress" time="2026-09-28T14:05:00.791133465Z" level=fatal msg="Parse config error: proxy 3676: '' ha...
[WARN] batch start failed | size=4411 {5} | split=2205 {8} + 2206 {9}
[TEST] {2} tested=100/8821 | kept=5 | rest=17543
[DEBUG] mihomo start-fail | branch={6} | size=2205 | parse=1 | rc=1 | names=[免费节点10] 🇯🇵 JP 56 → tg@nicevpn123,[免费节点10] 🇯🇵 JP 57 → tg@nicevpn123,[免费节点10] 🇯🇵 JP 58 → tg@nicevpn123...+2202 | err=rc=1 Mihomo exited before controller became ready time="2026-09-28T14:05:03.170405511Z" level=info msg="Start initial configuration in progress" time="2026-09-28T14:05:03.283280414Z" level=fatal msg="Parse config error: proxy 1904: '' ha...
[WARN] batch start failed | size=2205 {6} | split=1102 {10} + 1103 {11}
[DEBUG] mihomo start-fail | branch={7} | size=2206 | parse=1 | rc=1 | names=[Pawdroid-SR-APK] EPODONIOS-3,[Pawdroid-SR-APK] Taiwan-2,[Pawdroid-SR-APK] trojan...+2203 | err=rc=1 Mihomo exited before controller became ready time="2026-09-28T14:05:03.353505592Z" level=info msg="Start initial configuration in progress" time="2026-09-28T14:05:03.388499121Z" level=fatal msg="Parse config error: proxy 308: ss 82....
[WARN] batch start failed | size=2206 {7} | split=1103 {12} + 1103 {13}
[DEBUG] mihomo start-fail | branch={9} | size=2206 | parse=1 | rc=1 | names=[Free-clash-v2ray] 🇻🇪VE_1|544KB/s|R002-2,[Free-clash-v2ray] 🇫🇷FR_444|353KB/s|M003,[Free-clash-v2ray] 🇧🇷BR_4|138KB/s|R002-2...+2203 | err=rc=1 Mihomo exited before controller became ready time="2026-09-28T14:05:03.755065813Z" level=info msg="Start initial configuration in progress" time="2026-09-28T14:05:03.859162526Z" level=fatal msg="Parse config error: proxy 1471: '' ha...
[WARN] batch start failed | size=2206 {9} | split=1103 {14} + 1103 {15}
[DEBUG] mihomo start-fail | branch={11} | size=1103 | parse=1 | rc=1 | names=[免费节点10] 🇺🇸 US 2008 → tg@nicevpn123,[免费节点10] 🇺🇸 US 2009 → tg@nicevpn123,[免费节点10] 🇺🇸 US 201 → tg@nicevpn123...+1100 | err=rc=1 Mihomo exited before controller became ready time="2026-09-28T14:05:04.266427536Z" level=info msg="Start initial configuration in progress" time="2026-09-28T14:05:04.322878238Z" level=fatal msg="Parse config error: proxy 802: '' has...
[WARN] batch start failed | size=1103 {11} | split=551 {16} + 552 {17}
[DEBUG] mihomo start-fail | branch={12} | size=1103 | parse=1 | rc=1 | names=[Pawdroid-SR-APK] EPODONIOS-3,[Pawdroid-SR-APK] Taiwan-2,[Pawdroid-SR-APK] trojan...+1100 | err=rc=1 Mihomo exited before controller became ready time="2026-09-28T14:05:05.911816042Z" level=info msg="Start initial configuration in progress" time="2026-09-28T14:05:05.936260994Z" level=fatal msg="Parse config error: proxy 308: ss 82....
[WARN] batch start failed | size=1103 {12} | split=551 {18} + 552 {19}
[DEBUG] mihomo start-fail | branch={13} | size=1103 | parse=1 | rc=1 | names=[Pawdroid-SS-APK] United+States-230,[Pawdroid-SS-APK] Singapore-36,[Pawdroid-SS-APK] Singapore-37...+1100 | err=rc=1 Mihomo exited before controller became ready time="2026-09-28T14:05:06.652794180Z" level=info msg="Start initial configuration in progress" time="2026-09-28T14:05:06.680853559Z" level=fatal msg="Parse config error: proxy 367: ss 78....
[WARN] batch start failed | size=1103 {13} | split=551 {20} + 552 {21}
[TEST] {2} tested=200/8821 | kept=6 | rest=17443
[TEST] {2} tested=300/8821 | kept=8 | rest=17343
[TEST] {14} tested=100/1103 | kept=13 | rest=17163
[TEST] {14} tested=200/1103 | kept=23 | rest=17063
[TEST] {14} tested=300/1103 | kept=39 | rest=16963
[TEST] {14} tested=400/1103 | kept=47 | rest=16863
[TEST] {14} tested=500/1103 | kept=58 | rest=16763
[TEST] {14} tested=600/1103 | kept=64 | rest=16663
[TEST] {14} tested=700/1103 | kept=75 | rest=16563
[TEST] {14} tested=800/1103 | kept=84 | rest=16463
[TEST] {10} tested=100/1102 | kept=1 | rest=16334
[TEST] {10} tested=200/1102 | kept=3 | rest=16234
[TEST] {8} tested=100/2205 | kept=4 | rest=16068
[TEST] {8} tested=200/2205 | kept=9 | rest=15968
[TEST] {8} tested=300/2205 | kept=14 | rest=15868
[TEST] {8} tested=400/2205 | kept=15 | rest=15729
[TEST] {14} tested=900/1103 | kept=108 | rest=15690
[TEST] {2} tested=400/8821 | kept=8 | rest=15634
[TEST] {14} tested=1000/1103 | kept=124 | rest=15541
[TEST] {10} tested=300/1102 | kept=3 | rest=15413
[TEST] {8} tested=500/2205 | kept=16 | rest=15284
[TEST] {10} tested=400/1102 | kept=3 | rest=15113
[TEST] {2} tested=500/8821 | kept=41 | rest=15061
[TEST] {8} tested=600/2205 | kept=16 | rest=15014
[TEST] {10} tested=500/1102 | kept=3 | rest=14908
[TEST] {14} tested=1100/1103 | kept=137 | rest=14809
[TEST] {14} tested=1103/1103 | kept=137 | rest=14685
[TEST] {2} tested=600/8821 | kept=42 | rest=14675
[TEST] {8} tested=700/2205 | kept=18 | rest=14628
[TEST] {10} tested=600/1102 | kept=3 | rest=14623
[TEST] {8} tested=800/2205 | kept=18 | rest=14455
[TEST] {10} tested=700/1102 | kept=3 | rest=14308
[DEBUG] mihomo start-fail | branch={15} | size=1103 | parse=1 | rc=1 | names=[Free-clash-v2ray] 🇬🇧GB_51|389KB/s|V002-,[Free-clash-v2ray] ❓Other_83|230KB/s|R00,[Free-clash-v2ray] 🇮🇹IT_44|1.7MB/s|A004-...+1100 | err=rc=1 Mihomo exited before controller became ready time="2026-09-28T14:05:22.871441273Z" level=info msg="Start initial configuration in progress" time="2026-09-28T14:05:22.910050575Z" level=fatal msg="Parse config error: proxy 368: '' has...
[WARN] batch start failed | size=1103 {15} | split=551 {22} + 552 {23}
[TEST] {8} tested=900/2205 | kept=20 | rest=14237
[DEBUG] mihomo start-fail | branch={17} | size=552 | parse=1 | rc=1 | names=[免费节点10] 🇺🇸 US 85 → tg@nicevpn123,[免费节点10] 🇺🇸 US 850 → tg@nicevpn123,[免费节点10] 🇺🇸 US 851 → tg@nicevpn123...+549 | err=rc=1 Mihomo exited before controller became ready time="2026-09-28T14:05:23.370040909Z" level=info msg="Start initial configuration in progress" time="2026-09-28T14:05:23.400135447Z" level=fatal msg="Parse config error: proxy 251: '' has...
[WARN] batch start failed | size=552 {17} | split=276 {24} + 276 {25}
[TEST] {2} tested=700/8821 | kept=46 | rest=14143
[TEST] {16} tested=100/551 | kept=0 | rest=14026
[TEST] {10} tested=800/1102 | kept=3 | rest=13881
[TEST] {8} tested=1000/2205 | kept=21 | rest=13738
[TEST] {2} tested=800/8821 | kept=49 | rest=13673
[TEST] {10} tested=900/1102 | kept=3 | rest=13643
[TEST] {10} tested=1000/1102 | kept=3 | rest=13396
[TEST] {8} tested=1100/2205 | kept=24 | rest=13348
[TEST] {16} tested=200/551 | kept=0 | rest=13233
[TEST] {2} tested=900/8821 | kept=51 | rest=13222
[TEST] {8} tested=1200/2205 | kept=31 | rest=13137
[TEST] {16} tested=300/551 | kept=0 | rest=12963
[TEST] {2} tested=1000/8821 | kept=52 | rest=12905
[TEST] {16} tested=400/551 | kept=0 | rest=12781
[TEST] {10} tested=1100/1102 | kept=3 | rest=12584
[TEST] {2} tested=1100/8821 | kept=82 | rest=12576
[TEST] {10} tested=1102/1102 | kept=3 | rest=12532
[TEST] {8} tested=1300/2205 | kept=39 | rest=12518
[TEST] {2} tested=1200/8821 | kept=120 | rest=12354
[TEST] {8} tested=1400/2205 | kept=40 | rest=12342
[TEST] {16} tested=500/551 | kept=0 | rest=12290
[TEST] {16} tested=551/551 | kept=0 | rest=12162
[TEST] {8} tested=1500/2205 | kept=42 | rest=12121
[TEST] {2} tested=1300/8821 | kept=130 | rest=12010
[WARN] batch start failed | size=551 {16} | split=275 {26} + 276 {27}
[TEST] {8} tested=1600/2205 | kept=50 | rest=11977
[DEBUG] mihomo start-fail | branch={18} | size=551 | parse=1 | rc=1 | names=[Pawdroid-SR-APK] EPODONIOS-3,[Pawdroid-SR-APK] Taiwan-2,[Pawdroid-SR-APK] trojan...+548 | err=rc=1 Mihomo exited before controller became ready time="2026-09-28T14:05:37.458666659Z" level=info msg="Start initial configuration in progress" time="2026-09-28T14:05:37.486092899Z" level=fatal msg="Parse config error: proxy 308: ss 82....
[WARN] batch start failed | size=551 {18} | split=275 {28} + 276 {29}
[DEBUG] mihomo start-fail | branch={20} | size=551 | parse=1 | rc=1 | names=[Pawdroid-SS-APK] United+States-230,[Pawdroid-SS-APK] Singapore-36,[Pawdroid-SS-APK] Singapore-37...+548 | err=rc=1 Mihomo exited before controller became ready time="2026-09-28T14:05:37.960587665Z" level=info msg="Start initial configuration in progress" time="2026-09-28T14:05:37.994713142Z" level=fatal msg="Parse config error: proxy 367: ss 78....
[WARN] batch start failed | size=551 {20} | split=275 {30} + 276 {31}
[TEST] {2} tested=1400/8821 | kept=134 | rest=11836
[TEST] {19} tested=100/552 | kept=6 | rest=11644
[TEST] {2} tested=1500/8821 | kept=135 | rest=11536
[TEST] {8} tested=1700/2205 | kept=55 | rest=11530
[TEST] {8} tested=1800/2205 | kept=63 | rest=11399
[TEST] {8} tested=1900/2205 | kept=74 | rest=11278
[TEST] {21} tested=100/552 | kept=0 | rest=11153
[TEST] {8} tested=2000/2205 | kept=97 | rest=11006
[TEST] {21} tested=200/552 | kept=0 | rest=10834
[TEST] {8} tested=2100/2205 | kept=115 | rest=10823
[TEST] {19} tested=200/552 | kept=12 | rest=10764
[TEST] {2} tested=1600/8821 | kept=173 | rest=10716
[TEST] {2} tested=1700/8821 | kept=205 | rest=10434
[TEST] {19} tested=300/552 | kept=15 | rest=10407
[TEST] {21} tested=300/552 | kept=2 | rest=10356
[TEST] {19} tested=400/552 | kept=18 | rest=10217
[TEST] {21} tested=400/552 | kept=2 | rest=10161
[TEST] {8} tested=2200/2205 | kept=162 | rest=10100
[TEST] {8} tested=2205/2205 | kept=162 | rest=10095
[TEST] {2} tested=1800/8821 | kept=220 | rest=9915
[TEST] {21} tested=500/552 | kept=8 | rest=9845
[TEST] {19} tested=500/552 | kept=23 | rest=9788
[TEST] {2} tested=1900/8821 | kept=258 | rest=9771
[DEBUG] mihomo start-fail | branch={22} | size=551 | parse=1 | rc=1 | names=[Free-clash-v2ray] 🇬🇧GB_51|389KB/s|V002-,[Free-clash-v2ray] ❓Other_83|230KB/s|R00,[Free-clash-v2ray] 🇮🇹IT_44|1.7MB/s|A004-...+548 | err=rc=1 Mihomo exited before controller became ready time="2026-09-28T14:05:50.327412722Z" level=info msg="Start initial configuration in progress" time="2026-09-28T14:05:50.360143239Z" level=fatal msg="Parse config error: proxy 368: '' has...
[WARN] batch start failed | size=551 {22} | split=275 {32} + 276 {33}
[TEST] {23} tested=100/552 | kept=16 | rest=9565
[TEST] {23} tested=200/552 | kept=27 | rest=9447
[TEST] {21} tested=552/552 | kept=8 | rest=9389
[TEST] {19} tested=552/552 | kept=24 | rest=9379
[TEST] {23} tested=300/552 | kept=54 | rest=9301
[TEST] {2} tested=2000/8821 | kept=272 | rest=9206
[TEST] {23} tested=400/552 | kept=140 | rest=9079
[TEST] {2} tested=2100/8821 | kept=272 | rest=9014
[DEBUG] mihomo start-fail | branch={24} | size=276 | parse=1 | rc=1 | names=[免费节点10] 🇺🇸 US 85 → tg@nicevpn123,[免费节点10] 🇺🇸 US 850 → tg@nicevpn123,[免费节点10] 🇺🇸 US 851 → tg@nicevpn123...+273 | err=rc=1 Mihomo exited before controller became ready time="2026-09-28T14:05:56.381824283Z" level=info msg="Start initial configuration in progress" time="2026-09-28T14:05:56.412031448Z" level=fatal msg="Parse config error: proxy 251: '' has...
[DEBUG] mihomo start-fail | branch={25} | size=276 | parse=1 | rc=1 | names=[ChromeGO-Merge] 🇹🇼 Taiwan_hy_6,[ChromeGO-Merge] 🇫🇷 France_hy2_7,[ChromeGO-Merge] 🇺🇸 United States_hy2_8...+273 | err=rc=1 Mihomo exited before controller became ready time="2026-09-28T14:05:56.359219106Z" level=info msg="Start initial configuration in progress" time="2026-09-28T14:05:56.380539041Z" level=fatal msg="Parse config error: proxy 47: '' has ...
[WARN] batch start failed | size=276 {24} | split=138 {34} + 138 {35}
[WARN] batch start failed | size=276 {25} | split=138 {36} + 138 {37}
[TEST] {23} tested=500/552 | kept=201 | rest=8925
[TEST] {2} tested=2200/8821 | kept=276 | rest=8863
[TEST] {27} tested=100/276 | kept=0 | rest=8737
[TEST] {26} tested=100/275 | kept=0 | rest=8550
[TEST] {27} tested=200/276 | kept=0 | rest=8502
[TEST] {23} tested=552/552 | kept=209 | rest=8383
[TEST] {28} tested=100/275 | kept=80 | rest=8249
[TEST] {26} tested=200/275 | kept=0 | rest=8083
[TEST] {28} tested=200/275 | kept=124 | rest=8075
[TEST] {2} tested=2300/8821 | kept=280 | rest=8058
[TEST] {27} tested=276/276 | kept=0 | rest=7966
[WARN] batch start failed | size=276 {27} | split=138 {38} + 138 {39}
[TEST] {26} tested=275/275 | kept=0 | rest=7948
[WARN] batch start failed | size=275 {26} | split=137 {40} + 138 {41}
[DEBUG] mihomo start-fail | branch={29} | size=276 | parse=1 | rc=1 | names=[Pawdroid-SS-APK] 俄罗斯+鞑靼斯坦喀山justhost,[Pawdroid-SS-APK] 挪威+V2CROSS.COM,[Pawdroid-SS-APK] 俄罗斯+鞑靼斯坦喀山justhost-2...+273 | err=rc=1 Mihomo exited before controller became ready time="2026-09-28T14:06:04.712939330Z" level=info msg="Start initial configuration in progress" time="2026-09-28T14:06:04.725703257Z" level=fatal msg="Parse config error: proxy 33: ss 82.3...
[WARN] batch start failed | size=276 {29} | split=138 {42} + 138 {43}
[DEBUG] mihomo start-fail | branch={31} | size=276 | parse=1 | rc=1 | names=[Epodonios] EPODONIOS-58,[Epodonios] EPODONIOS-59,[Epodonios] EPODONIOS-60...+273 | err=rc=1 Mihomo exited before controller became ready time="2026-09-28T14:06:04.779275636Z" level=info msg="Start initial configuration in progress" time="2026-09-28T14:06:04.783017554Z" level=fatal msg="Parse config error: proxy 92: ss 78.3...
[WARN] batch start failed | size=276 {31} | split=138 {44} + 138 {45}
[TEST] {32} tested=100/275 | kept=22 | rest=7763
[TEST] {32} tested=200/275 | kept=57 | rest=7628
[TEST] {2} tested=2400/8821 | kept=286 | rest=7528
[TEST] {30} tested=100/275 | kept=36 | rest=7425
[TEST] {28} tested=275/275 | kept=132 | rest=7367
[DEBUG] mihomo start-fail | branch={33} | size=276 | parse=1 | rc=1 | names=[Free-clash-v2ray] 🇱🇰LK_2|340KB/s|F003-2,[Free-clash-v2ray] 🇯🇵JP_61|637KB/s|M003-,[Free-clash-v2ray] 🇺🇸US_583|944KB/s|M003...+273 | err=rc=1 Mihomo exited before controller became ready time="2026-09-28T14:06:07.625172456Z" level=info msg="Start initial configuration in progress" time="2026-09-28T14:06:07.641091382Z" level=fatal msg="Parse config error: proxy 93: '' has ...
[WARN] batch start failed | size=276 {33} | split=138 {46} + 138 {47}
[TEST] {2} tested=2500/8821 | kept=297 | rest=7228
[TEST] {30} tested=200/275 | kept=63 | rest=7109
[TEST] {2} tested=2600/8821 | kept=298 | rest=7010
[TEST] {32} tested=275/275 | kept=92 | rest=6972
[DEBUG] mihomo start-fail | branch={35} | size=138 | parse=1 | rc=1 | names=[免费节点11] 🇩🇪DE_1|1.3MB/s,[免费节点11] 🇸🇪SE_1|1.3MB/s,[免费节点11] 🇭🇰HK_1|10.4MB/s...+135 | err=rc=1 Mihomo exited before controller became ready time="2026-09-28T14:06:11.041275038Z" level=info msg="Start initial configuration in progress" time="2026-09-28T14:06:11.056334655Z" level=fatal msg="Parse config error: proxy 113: '' has...
[WARN] batch start failed | size=138 {35} | split=69 {48} + 69 {49}
[TEST] {2} tested=2700/8821 | kept=298 | rest=6788
[TEST] {37} tested=100/138 | kept=91 | rest=6764
[TEST] {2} tested=2800/8821 | kept=298 | rest=6651
[TEST] {34} tested=100/138 | kept=2 | rest=6642
[TEST] {34} tested=138/138 | kept=2 | rest=6593
[DEBUG] mihomo start-fail | branch={36} | size=138 | parse=1 | rc=1 | names=[ChromeGO-Merge] 🇹🇼 Taiwan_hy_6,[ChromeGO-Merge] 🇫🇷 France_hy2_7,[ChromeGO-Merge] 🇺🇸 United States_hy2_8...+135 | err=rc=1 Mihomo exited before controller became ready time="2026-09-28T14:06:13.162362202Z" level=info msg="Start initial configuration in progress" time="2026-09-28T14:06:13.176561807Z" level=fatal msg="Parse config error: proxy 47: '' has ...
[WARN] batch start failed | size=138 {36} | split=69 {50} + 69 {51}
[TEST] {39} tested=100/138 | kept=0 | rest=6465
[TEST] {30} tested=275/275 | kept=64 | rest=6384
[TEST] {2} tested=2900/8821 | kept=298 | rest=6281
[TEST] {37} tested=138/138 | kept=122 | rest=6227
[TEST] {38} tested=100/138 | kept=0 | rest=6085
[TEST] {39} tested=138/138 | kept=0 | rest=6041
[WARN] batch start failed | size=138 {39} | split=69 {52} + 69 {53}
[TEST] {2} tested=3000/8821 | kept=298 | rest=6036
[TEST] {38} tested=138/138 | kept=0 | rest=5837
[WARN] batch start failed | size=138 {38} | split=69 {54} + 69 {55}
[DEBUG] mihomo start-fail | branch={42} | size=138 | parse=1 | rc=1 | names=[Pawdroid-SS-APK] 俄罗斯+鞑靼斯坦喀山justhost,[Pawdroid-SS-APK] 挪威+V2CROSS.COM,[Pawdroid-SS-APK] 俄罗斯+鞑靼斯坦喀山justhost-2...+135 | err=rc=1 Mihomo exited before controller became ready time="2026-09-28T14:06:20.440235394Z" level=info msg="Start initial configuration in progress" time="2026-09-28T14:06:20.452672143Z" level=fatal msg="Parse config error: proxy 33: ss 82.3...
[WARN] batch start failed | size=138 {42} | split=69 {56} + 69 {57}
[TEST] {2} tested=3100/8821 | kept=309 | rest=5812
[TEST] {43} tested=100/138 | kept=0 | rest=5689
[TEST] {40} tested=100/137 | kept=0 | rest=5599
[TEST] {40} tested=137/137 | kept=0 | rest=5560
[WARN] batch start failed | size=137 {40} | split=68 {58} + 69 {59}
[DEBUG] mihomo start-fail | branch={44} | size=138 | parse=1 | rc=1 | names=[Epodonios] EPODONIOS-58,[Epodonios] EPODONIOS-59,[Epodonios] EPODONIOS-60...+135 | err=rc=1 Mihomo exited before controller became ready time="2026-09-28T14:06:21.887279077Z" level=info msg="Start initial configuration in progress" time="2026-09-28T14:06:21.889064541Z" level=fatal msg="Parse config error: proxy 92: ss 78.3...
[WARN] batch start failed | size=138 {44} | split=69 {60} + 69 {61}
[TEST] {2} tested=3200/8821 | kept=309 | rest=5540
[DEBUG] mihomo start-fail | branch={45} | size=138 | parse=1 | rc=1 | names=[Epodonios] EPODONIOS-194,[Epodonios] EPODONIOS-195,[Epodonios] trojan-3...+135 | err=rc=1 Mihomo exited before controller became ready time="2026-09-28T14:06:22.043583627Z" level=info msg="Start initial configuration in progress" time="2026-09-28T14:06:22.048621312Z" level=fatal msg="Parse config error: proxy 83: 'realit...
[WARN] batch start failed | size=138 {45} | split=69 {62} + 69 {63}
[DEBUG] mihomo start-fail | branch={46} | size=138 | parse=1 | rc=1 | names=[Free-clash-v2ray] 🇱🇰LK_2|340KB/s|F003-2,[Free-clash-v2ray] 🇯🇵JP_61|637KB/s|M003-,[Free-clash-v2ray] 🇺🇸US_583|944KB/s|M003...+135 | err=rc=1 Mihomo exited before controller became ready time="2026-09-28T14:06:22.195956526Z" level=info msg="Start initial configuration in progress" time="2026-09-28T14:06:22.211592601Z" level=fatal msg="Parse config error: proxy 93: '' has ...
[WARN] batch start failed | size=138 {46} | split=69 {64} + 69 {65}
[TEST] {41} tested=100/138 | kept=0 | rest=5343
[TEST] {2} tested=3300/8821 | kept=309 | rest=5319
[TEST] {41} tested=138/138 | kept=0 | rest=5270
[WARN] batch start failed | size=138 {41} | split=69 {66} + 69 {67}
[DEBUG] mihomo start-fail | branch={49} | size=69 | parse=1 | rc=1 | names=[免费节点11] 🇩🇪 德国 未知 17 s,[免费节点11] 🇬🇧 英国 未知 18 s,[免费节点11] 🇩🇪 德国 未知 19 s...+66 | err=rc=1 Mihomo exited before controller became ready time="2026-09-28T14:06:24.285943754Z" level=info msg="Start initial configuration in progress" time="2026-09-28T14:06:24.300100816Z" level=fatal msg="Parse config error: proxy 44: '' has ...
[WARN] batch start failed | size=69 {49} | split=34 {68} + 35 {69}
[TEST] {2} tested=3400/8821 | kept=310 | rest=5180
[TEST] {43} tested=138/138 | kept=0 | rest=5092
[WARN] batch start failed | size=138 {43} | split=69 {70} + 69 {71}
[DEBUG] mihomo start-fail | branch={50} | size=69 | parse=1 | rc=1 | names=[ChromeGO-Merge] 🇹🇼 Taiwan_hy_6,[ChromeGO-Merge] 🇫🇷 France_hy2_7,[ChromeGO-Merge] 🇺🇸 United States_hy2_8...+66 | err=rc=1 Mihomo exited before controller became ready time="2026-09-28T14:06:26.067059957Z" level=info msg="Start initial configuration in progress" time="2026-09-28T14:06:26.081505120Z" level=fatal msg="Parse config error: proxy 47: '' has ...
[WARN] batch start failed | size=69 {50} | split=34 {72} + 35 {73}
[TEST] {2} tested=3500/8821 | kept=311 | rest=5052
[TEST] {47} tested=100/138 | kept=48 | rest=4902
[TEST] {2} tested=3600/8821 | kept=311 | rest=4848
[TEST] {47} tested=138/138 | kept=48 | rest=4822
[TEST] {48} tested=69/69 | kept=18 | rest=4663
[TEST] {2} tested=3700/8821 | kept=311 | rest=4657
[TEST] {51} tested=69/69 | kept=39 | rest=4514
[TEST] {2} tested=3800/8821 | kept=312 | rest=4462
[TEST] {52} tested=69/69 | kept=0 | rest=4426
[WARN] batch start failed | size=69 {52} | split=34 {74} + 35 {75}
[TEST] {53} tested=69/69 | kept=0 | rest=4322
[WARN] batch start failed | size=69 {53} | split=34 {76} + 35 {77}
[DEBUG] mihomo start-fail | branch={56} | size=69 | parse=1 | rc=1 | names=[Pawdroid-SS-APK] 俄罗斯+鞑靼斯坦喀山justhost,[Pawdroid-SS-APK] 挪威+V2CROSS.COM,[Pawdroid-SS-APK] 俄罗斯+鞑靼斯坦喀山justhost-2...+66 | err=rc=1 Mihomo exited before controller became ready time="2026-09-28T14:06:34.928710186Z" level=info msg="Start initial configuration in progress" time="2026-09-28T14:06:34.940501435Z" level=fatal msg="Parse config error: proxy 33: ss 82.3...
[WARN] batch start failed | size=69 {56} | split=34 {78} + 35 {79}
[TEST] {2} tested=3900/8821 | kept=312 | rest=4206
[TEST] {54} tested=69/69 | kept=0 | rest=4140
[WARN] batch start failed | size=69 {54} | split=34 {80} + 35 {81}
[TEST] {55} tested=69/69 | kept=0 | rest=4043
[WARN] batch start failed | size=69 {55} | split=34 {82} + 35 {83}
[TEST] {57} tested=69/69 | kept=2 | rest=3969
[TEST] {2} tested=4000/8821 | kept=315 | rest=3968
[TEST] {58} tested=68/68 | kept=0 | rest=3851
[WARN] batch start failed | size=68 {58} | split=34 {84} + 34 {85}
[DEBUG] mihomo start-fail | branch={61} | size=69 | parse=1 | rc=1 | names=[Epodonios] EPODONIOS-127,[Epodonios] EPODONIOS-128,[Epodonios] EPODONIOS-129...+66 | err=rc=1 Mihomo exited before controller became ready time="2026-09-28T14:06:42.139976735Z" level=info msg="Start initial configuration in progress" time="2026-09-28T14:06:42.140613939Z" level=fatal msg="Parse config error: proxy 23: ss 78.3...
[WARN] batch start failed | size=69 {61} | split=34 {86} + 35 {87}
[TEST] {2} tested=4100/8821 | kept=315 | rest=3806
[TEST] {59} tested=69/69 | kept=0 | rest=3742
[WARN] batch start failed | size=69 {59} | split=34 {88} + 35 {89}
[DEBUG] mihomo start-fail | branch={63} | size=69 | parse=1 | rc=1 | names=[Epodonios] EPODONIOS-261,[Epodonios] EPODONIOS-262,[Epodonios] EPODONIOS-263...+66 | err=rc=1 Mihomo exited before controller became ready time="2026-09-28T14:06:43.860008579Z" level=info msg="Start initial configuration in progress" time="2026-09-28T14:06:43.860611618Z" level=fatal msg="Parse config error: proxy 14: 'realit...
[WARN] batch start failed | size=69 {63} | split=34 {90} + 35 {91}
[TEST] {60} tested=69/69 | kept=3 | rest=3610
[DEBUG] mihomo start-fail | branch={65} | size=69 | parse=1 | rc=1 | names=[Free-clash-v2ray] 🇸🇬SG_69|605KB/s|A004-,[Free-clash-v2ray] 🇫🇷FR_1854|436KB/s|A00,[Free-clash-v2ray] 🇫🇷FR_1855|621KB/s|A00...+66 | err=rc=1 Mihomo exited before controller became ready time="2026-09-28T14:06:45.440740813Z" level=info msg="Start initial configuration in progress" time="2026-09-28T14:06:45.453902329Z" level=fatal msg="Parse config error: proxy 24: '' has ...
[WARN] batch start failed | size=69 {65} | split=34 {92} + 35 {93}
[TEST] {2} tested=4200/8821 | kept=315 | rest=3512
[TEST] {62} tested=69/69 | kept=0 | rest=3485
[WARN] batch start failed | size=69 {62} | split=34 {94} + 35 {95}
[TEST] {64} tested=69/69 | kept=9 | rest=3393
[TEST] {67} tested=69/69 | kept=0 | rest=3315
[WARN] batch start failed | size=69 {67} | split=34 {96} + 35 {97}
[DEBUG] mihomo start-fail | branch={69} | size=35 | parse=1 | rc=1 | names=[ChromeGO-ShiteThings] 节点19,[ChromeGO-ShiteThings] visa.com,[ChromeGO-ShiteThings] www.visa.com...+32 | err=rc=1 Mihomo exited before controller became ready time="2026-09-28T14:06:50.813471886Z" level=info msg="Start initial configuration in progress" time="2026-09-28T14:06:50.824708222Z" level=fatal msg="Parse config error: proxy 10: '' has ...
[WARN] batch start failed | size=35 {69} | split=17 {98} + 18 {99}
[TEST] {2} tested=4300/8821 | kept=315 | rest=3223
[TEST] {66} tested=69/69 | kept=0 | rest=3144
[WARN] batch start failed | size=69 {66} | split=34 {100} + 35 {101}
[TEST] {2} tested=4400/8821 | kept=315 | rest=3015
[TEST] {71} tested=69/69 | kept=0 | rest=2990
[WARN] batch start failed | size=69 {71} | split=34 {102} + 35 {103}
[DEBUG] mihomo start-fail | branch={73} | size=35 | parse=1 | rc=1 | names=[ChromeGO-Merge] None vmess 32,[ChromeGO-Merge] United States vmess 33,[ChromeGO-Merge] None vmess 34...+32 | err=rc=1 Mihomo exited before controller became ready time="2026-09-28T14:06:56.349947469Z" level=info msg="Start initial configuration in progress" time="2026-09-28T14:06:56.362088024Z" level=fatal msg="Parse config error: proxy 13: '' has ...
[WARN] batch start failed | size=35 {73} | split=17 {104} + 18 {105}
[TEST] {68} tested=34/34 | kept=5 | rest=2934
[TEST] {70} tested=69/69 | kept=0 | rest=2901
[WARN] batch start failed | size=69 {70} | split=34 {106} + 35 {107}
[TEST] {2} tested=4500/8821 | kept=315 | rest=2839
[TEST] {72} tested=34/34 | kept=0 | rest=2757
[WARN] batch start failed | size=34 {72} | split=17 {108} + 17 {109}
[TEST] {74} tested=34/34 | kept=0 | rest=2691
[WARN] batch start failed | size=34 {74} | split=17 {110} + 17 {111}
[TEST] {75} tested=35/35 | kept=0 | rest=2656
[WARN] batch start failed | size=35 {75} | split=17 {112} + 18 {113}
[TEST] {2} tested=4600/8821 | kept=315 | rest=2654
[TEST] {77} tested=35/35 | kept=0 | rest=2543
[WARN] batch start failed | size=35 {77} | split=17 {114} + 18 {115}
[DEBUG] mihomo start-fail | branch={78} | size=34 | parse=1 | rc=1 | names=[Pawdroid-SS-APK] 俄罗斯+鞑靼斯坦喀山justhost,[Pawdroid-SS-APK] 挪威+V2CROSS.COM,[Pawdroid-SS-APK] 俄罗斯+鞑靼斯坦喀山justhost-2...+31 | err=rc=1 Mihomo exited before controller became ready time="2026-09-28T14:07:06.841023792Z" level=info msg="Start initial configuration in progress" time="2026-09-28T14:07:06.854266703Z" level=fatal msg="Parse config error: proxy 33: ss 82.3...
[WARN] batch start failed | size=34 {78} | split=17 {116} + 17 {117}
[TEST] {2} tested=4700/8821 | kept=315 | rest=2533
[TEST] {76} tested=34/34 | kept=0 | rest=2483
[WARN] batch start failed | size=34 {76} | split=17 {118} + 17 {119}
[TEST] {79} tested=35/35 | kept=7 | rest=2436
[TEST] {2} tested=4800/8821 | kept=315 | rest=2335
[TEST] {81} tested=35/35 | kept=0 | rest=2297
[WARN] batch start failed | size=35 {81} | split=17 {120} + 18 {121}
[TEST] {80} tested=34/34 | kept=0 | rest=2233
[WARN] batch start failed | size=34 {80} | split=17 {122} + 17 {123}
[TEST] {82} tested=34/34 | kept=0 | rest=2185
[WARN] batch start failed | size=34 {82} | split=17 {124} + 17 {125}
[TEST] {2} tested=4900/8821 | kept=315 | rest=2112
[TEST] {83} tested=35/35 | kept=0 | rest=2056
[WARN] batch start failed | size=35 {83} | split=17 {126} + 18 {127}
[TEST] {84} tested=34/34 | kept=0 | rest=2027
[WARN] batch start failed | size=34 {84} | split=17 {128} + 17 {129}
[DEBUG] mihomo start-fail | branch={86} | size=34 | parse=1 | rc=1 | names=[Epodonios] EPODONIOS-127,[Epodonios] EPODONIOS-128,[Epodonios] EPODONIOS-129...+31 | err=rc=1 Mihomo exited before controller became ready time="2026-09-28T14:07:18.112165564Z" level=info msg="Start initial configuration in progress" time="2026-09-28T14:07:18.112692731Z" level=fatal msg="Parse config error: proxy 23: ss 78.3...
[WARN] batch start failed | size=34 {86} | split=17 {130} + 17 {131}
[TEST] {85} tested=34/34 | kept=0 | rest=1992
[WARN] batch start failed | size=34 {85} | split=17 {132} + 17 {133}
[TEST] {2} tested=5000/8821 | kept=315 | rest=1945
[TEST] {87} tested=35/35 | kept=0 | rest=1854
[WARN] batch start failed | size=35 {87} | split=17 {134} + 18 {135}
[DEBUG] mihomo start-fail | branch={90} | size=34 | parse=1 | rc=1 | names=[Epodonios] EPODONIOS-261,[Epodonios] EPODONIOS-262,[Epodonios] EPODONIOS-263...+31 | err=rc=1 Mihomo exited before controller became ready time="2026-09-28T14:07:22.526979004Z" level=info msg="Start initial configuration in progress" time="2026-09-28T14:07:22.527576702Z" level=fatal msg="Parse config error: proxy 14: 'realit...
[WARN] batch start failed | size=34 {90} | split=17 {136} + 17 {137}
[TEST] {88} tested=34/34 | kept=0 | rest=1806
[WARN] batch start failed | size=34 {88} | split=17 {138} + 17 {139}
[DEBUG] mihomo start-fail | branch={92} | size=34 | parse=1 | rc=1 | names=[Free-clash-v2ray] 🇸🇬SG_69|605KB/s|A004-,[Free-clash-v2ray] 🇫🇷FR_1854|436KB/s|A00,[Free-clash-v2ray] 🇫🇷FR_1855|621KB/s|A00...+31 | err=rc=1 Mihomo exited before controller became ready time="2026-09-28T14:07:23.425446801Z" level=info msg="Start initial configuration in progress" time="2026-09-28T14:07:23.437992613Z" level=fatal msg="Parse config error: proxy 24: '' has ...
[WARN] batch start failed | size=34 {92} | split=17 {140} + 17 {141}
[TEST] {89} tested=35/35 | kept=0 | rest=1782
[WARN] batch start failed | size=35 {89} | split=17 {142} + 18 {143}
[TEST] {2} tested=5100/8821 | kept=315 | rest=1741
[TEST] {2} tested=5200/8821 | kept=315 | rest=1616
[TEST] {91} tested=35/35 | kept=0 | rest=1603
[WARN] batch start failed | size=35 {91} | split=17 {144} + 18 {145}
[TEST] {93} tested=35/35 | kept=20 | rest=1558
[TEST] {94} tested=34/34 | kept=0 | rest=1519
[WARN] batch start failed | size=34 {94} | split=17 {146} + 17 {147}
[TEST] {2} tested=5300/8821 | kept=315 | rest=1422
[TEST] {95} tested=35/35 | kept=2 | rest=1386
[DEBUG] mihomo start-fail | branch={99} | size=18 | parse=1 | rc=1 | names=[ChromeGO-Merge] United States_vless_21,[ChromeGO-Merge] United States_ss_61,[ChromeGO-Merge] United States_hysteria2...+15 | err=rc=1 Mihomo exited before controller became ready time="2026-09-28T14:07:33.018225749Z" level=info msg="Start initial configuration in progress" time="2026-09-28T14:07:33.029797766Z" level=fatal msg="Parse config error: proxy 9: '' has u...
[WARN] batch start failed | size=18 {99} | split=9 {148} + 9 {149}
[DEBUG] mihomo start-fail | branch={98} | size=17 | parse=1 | rc=1 | names=[ChromeGO-ShiteThings] 节点19,[ChromeGO-ShiteThings] visa.com,[ChromeGO-ShiteThings] www.visa.com...+14 | err=rc=1 Mihomo exited before controller became ready time="2026-09-28T14:07:33.149353769Z" level=info msg="Start initial configuration in progress" time="2026-09-28T14:07:33.161211042Z" level=fatal msg="Parse config error: proxy 10: '' has ...
[WARN] batch start failed | size=17 {98} | split=8 {150} + 9 {151}
[TEST] {96} tested=34/34 | kept=0 | rest=1338
[WARN] batch start failed | size=34 {96} | split=17 {152} + 17 {153}
[TEST] {97} tested=35/35 | kept=0 | rest=1297
[WARN] batch start failed | size=35 {97} | split=17 {154} + 18 {155}
[TEST] {102} tested=34/34 | kept=0 | rest=1256
[WARN] batch start failed | size=34 {102} | split=17 {156} + 17 {157}
[TEST] {2} tested=5400/8821 | kept=315 | rest=1174
[TEST] {100} tested=34/34 | kept=0 | rest=1126
[WARN] batch start failed | size=34 {100} | split=17 {158} + 17 {159}
[DEBUG] mihomo start-fail | branch={104} | size=17 | parse=1 | rc=1 | names=[ChromeGO-Merge] None vmess 32,[ChromeGO-Merge] United States vmess 33,[ChromeGO-Merge] None vmess 34...+14 | err=rc=1 Mihomo exited before controller became ready time="2026-09-28T14:07:38.449749763Z" level=info msg="Start initial configuration in progress" time="2026-09-28T14:07:38.462331496Z" level=fatal msg="Parse config error: proxy 13: '' has ...
[WARN] batch start failed | size=17 {104} | split=8 {160} + 9 {161}
[DEBUG] mihomo start-fail | branch={105} | size=18 | parse=1 | rc=1 | names=[ChromeGO-Merge] United-5,[ChromeGO-Merge] None,[ChromeGO-Merge] None-2...+15 | err=rc=1 Mihomo exited before controller became ready time="2026-09-28T14:07:38.580189308Z" level=info msg="Start initial configuration in progress" time="2026-09-28T14:07:38.580283384Z" level=fatal msg="Parse config error: proxy 0: '' has u...
[WARN] batch start failed | size=18 {105} | split=9 {162} + 9 {163}
[TEST] {101} tested=35/35 | kept=0 | rest=1062
[WARN] batch start failed | size=35 {101} | split=17 {164} + 18 {165}
[TEST] {107} tested=35/35 | kept=0 | rest=1014
[WARN] batch start failed | size=35 {107} | split=17 {166} + 18 {167}
[TEST] {103} tested=35/35 | kept=0 | rest=1006
[WARN] batch start failed | size=35 {103} | split=17 {168} + 18 {169}
[TEST] {2} tested=5500/8821 | kept=315 | rest=963
[TEST] {2} tested=5600/8821 | kept=315 | rest=863
[TEST] {106} tested=34/34 | kept=0 | rest=840
[WARN] batch start failed | size=34 {106} | split=17 {170} + 17 {171}
[TEST] {108} tested=17/17 | kept=0 | rest=785
[WARN] batch start failed | size=17 {108} | split=8 {172} + 9 {173}
[TEST] {109} tested=17/17 | kept=0 | rest=761
[WARN] batch start failed | size=17 {109} | split=8 {174} + 9 {175}
[TEST] {2} tested=5700/8821 | kept=315 | rest=703
[TEST] {2} tested=5800/8821 | kept=315 | rest=602
[TEST] {111} tested=17/17 | kept=0 | rest=583
[WARN] batch start failed | size=17 {111} | split=8 {176} + 9 {177}
[TEST] {110} tested=17/17 | kept=0 | rest=544
[WARN] batch start failed | size=17 {110} | split=8 {178} + 9 {179}
[TEST] {113} tested=18/18 | kept=0 | rest=527
[WARN] batch start failed | size=18 {113} | split=9 {180} + 9 {181}
[TEST] {2} tested=5900/8821 | kept=315 | rest=450
[TEST] {112} tested=17/17 | kept=0 | rest=405
[WARN] batch start failed | size=17 {112} | split=8 {182} + 9 {183}
[TEST] {114} tested=17/17 | kept=0 | rest=375
[WARN] batch start failed | size=17 {114} | split=8 {184} + 9 {185}
[DEBUG] mihomo start-fail | branch={117} | size=17 | parse=1 | rc=1 | names=[Pawdroid-SS-APK] Canada,[Pawdroid-SS-APK] United+States-6,[Pawdroid-SS-APK] Poland-5...+14 | err=rc=1 Mihomo exited before controller became ready time="2026-09-28T14:07:55.049134570Z" level=info msg="Start initial configuration in progress" time="2026-09-28T14:07:55.049585103Z" level=fatal msg="Parse config error: proxy 16: ss 82.3...
[WARN] batch start failed | size=17 {117} | split=8 {186} + 9 {187}
[TEST] {115} tested=18/18 | kept=0 | rest=363
[WARN] batch start failed | size=18 {115} | split=9 {188} + 9 {189}
[TEST] {2} tested=6000/8821 | kept=315 | rest=305
[TEST] {2} tested=6100/8821 | kept=315 | rest=205
[TEST] {116} tested=17/17 | kept=0 | rest=179
[WARN] batch start failed | size=17 {116} | split=8 {190} + 9 {191}
[TEST] {118} tested=17/17 | kept=0 | rest=137
[WARN] batch start failed | size=17 {118} | split=8 {192} + 9 {193}
[TEST] {119} tested=17/17 | kept=0 | rest=129
[WARN] batch start failed | size=17 {119} | split=8 {194} + 9 {195}
[TEST] {2} tested=6200/8821 | kept=315 | rest=56
[TEST] {120} tested=17/17 | kept=0 | rest=0
[WARN] batch start failed | size=17 {120} | split=8 {196} + 9 {197}
[TEST] {2} tested=6300/8821 | kept=315 | rest=0
[TEST] {121} tested=18/18 | kept=0 | rest=0
[WARN] batch start failed | size=18 {121} | split=9 {198} + 9 {199}
[TEST] {122} tested=17/17 | kept=0 | rest=0
[WARN] batch start failed | size=17 {122} | split=8 {200} + 9 {201}
[TEST] {2} tested=6400/8821 | kept=315 | rest=0
[TEST] {123} tested=17/17 | kept=0 | rest=0
[WARN] batch start failed | size=17 {123} | split=8 {202} + 9 {203}
[TEST] {124} tested=17/17 | kept=0 | rest=0
[WARN] batch start failed | size=17 {124} | split=8 {204} + 9 {205}
[TEST] {125} tested=17/17 | kept=0 | rest=0
[WARN] batch start failed | size=17 {125} | split=8 {206} + 9 {207}
[TEST] {2} tested=6500/8821 | kept=315 | rest=0
[TEST] {2} tested=6600/8821 | kept=315 | rest=0
[TEST] {126} tested=17/17 | kept=0 | rest=0
[WARN] batch start failed | size=17 {126} | split=8 {208} + 9 {209}
[TEST] {129} tested=17/17 | kept=0 | rest=0
[WARN] batch start failed | size=17 {129} | split=8 {210} + 9 {211}
[TEST] {2} tested=6700/8821 | kept=315 | rest=0
[TEST] {127} tested=18/18 | kept=0 | rest=0
[WARN] batch start failed | size=18 {127} | split=9 {212} + 9 {213}
[TEST] {128} tested=17/17 | kept=0 | rest=0
[WARN] batch start failed | size=17 {128} | split=8 {214} + 9 {215}
[DEBUG] mihomo start-fail | branch={131} | size=17 | parse=1 | rc=1 | names=[Epodonios] EPODONIOS-144,[Epodonios] EPODONIOS-145,[Epodonios] EPODONIOS-146...+14 | err=rc=1 Mihomo exited before controller became ready time="2026-09-28T14:08:15.799518607Z" level=info msg="Start initial configuration in progress" time="2026-09-28T14:08:15.799912003Z" level=fatal msg="Parse config error: proxy 6: ss 78.38...
[WARN] batch start failed | size=17 {131} | split=8 {216} + 9 {217}
[TEST] {2} tested=6800/8821 | kept=315 | rest=0
[TEST] {2} tested=6900/8821 | kept=315 | rest=0
[TEST] {2} tested=7000/8821 | kept=317 | rest=0
[TEST] {2} tested=7100/8821 | kept=318 | rest=0
[TEST] {130} tested=17/17 | kept=1 | rest=0
[TEST] {2} tested=7200/8821 | kept=318 | rest=0
[TEST] {133} tested=17/17 | kept=0 | rest=0
[WARN] batch start failed | size=17 {133} | split=8 {218} + 9 {219}
[TEST] {132} tested=17/17 | kept=0 | rest=0
[WARN] batch start failed | size=17 {132} | split=8 {220} + 9 {221}
[DEBUG] mihomo start-fail | branch={136} | size=17 | parse=1 | rc=1 | names=[Epodonios] EPODONIOS-261,[Epodonios] EPODONIOS-262,[Epodonios] EPODONIOS-263...+14 | err=rc=1 Mihomo exited before controller became ready time="2026-09-28T14:08:21.084192137Z" level=info msg="Start initial configuration in progress" time="2026-09-28T14:08:21.084801768Z" level=fatal msg="Parse config error: proxy 14: 'realit...
[WARN] batch start failed | size=17 {136} | split=8 {222} + 9 {223}
[TEST] {2} tested=7300/8821 | kept=318 | rest=0
[TEST] {2} tested=7400/8821 | kept=318 | rest=0
[TEST] {134} tested=17/17 | kept=0 | rest=0
[WARN] batch start failed | size=17 {134} | split=8 {224} + 9 {225}
[TEST] {135} tested=18/18 | kept=0 | rest=0
[WARN] batch start failed | size=18 {135} | split=9 {226} + 9 {227}
[TEST] {137} tested=17/17 | kept=0 | rest=0
[WARN] batch start failed | size=17 {137} | split=8 {228} + 9 {229}
[DEBUG] mihomo start-fail | branch={141} | size=17 | parse=1 | rc=1 | names=[Free-clash-v2ray] 🇫🇷FR_1864|491KB/s|T00,[Free-clash-v2ray] socks5,[Free-clash-v2ray] 香港 16...+14 | err=rc=1 Mihomo exited before controller became ready time="2026-09-28T14:08:26.500722749Z" level=info msg="Start initial configuration in progress" time="2026-09-28T14:08:26.512154379Z" level=fatal msg="Parse config error: proxy 7: '' has u...
[WARN] batch start failed | size=17 {141} | split=8 {230} + 9 {231}
[TEST] {2} tested=7500/8821 | kept=318 | rest=0
[TEST] {2} tested=7600/8821 | kept=318 | rest=0
[TEST] {138} tested=17/17 | kept=0 | rest=0
[WARN] batch start failed | size=17 {138} | split=8 {232} + 9 {233}
[TEST] {139} tested=17/17 | kept=0 | rest=0
[WARN] batch start failed | size=17 {139} | split=8 {234} + 9 {235}
[TEST] {2} tested=7700/8821 | kept=332 | rest=0
[TEST] {140} tested=17/17 | kept=3 | rest=0
[TEST] {143} tested=18/18 | kept=0 | rest=0
[WARN] batch start failed | size=18 {143} | split=9 {236} + 9 {237}
[TEST] {2} tested=7800/8821 | kept=333 | rest=0
[TEST] {142} tested=17/17 | kept=0 | rest=0
[WARN] batch start failed | size=17 {142} | split=8 {238} + 9 {239}
[TEST] {144} tested=17/17 | kept=0 | rest=0
[WARN] batch start failed | size=17 {144} | split=8 {240} + 9 {241}
[TEST] {2} tested=7900/8821 | kept=333 | rest=0
[TEST] {145} tested=18/18 | kept=0 | rest=0
[WARN] batch start failed | size=18 {145} | split=9 {242} + 9 {243}
[DEBUG] mihomo start-fail | branch={149} | size=9 | parse=1 | rc=1 | names=[ChromeGO-Merge] United,[ChromeGO-Merge] France_hysteria_1,[ChromeGO-Merge] United-2...+6 | err=rc=1 Mihomo exited before controller became ready time="2026-09-28T14:08:40.787067739Z" level=info msg="Start initial configuration in progress" time="2026-09-28T14:08:40.787175731Z" level=fatal msg="Parse config error: proxy 0: '' has u...
[WARN] batch start failed | size=9 {149} | split=4 {244} + 5 {245}
[TEST] {2} tested=8000/8821 | kept=334 | rest=0
[TEST] {146} tested=17/17 | kept=0 | rest=0
[WARN] batch start failed | size=17 {146} | split=8 {246} + 9 {247}
[TEST] {147} tested=17/17 | kept=0 | rest=0
[WARN] batch start failed | size=17 {147} | split=8 {248} + 9 {249}
[DEBUG] mihomo start-fail | branch={151} | size=9 | parse=1 | rc=1 | names=[ChromeGO-ShiteThings] cf.tencentapp.cn,[ChromeGO-ShiteThings] cloudflare-dl.byo,[ChromeGO-ShiteThings] hysteria...+6 | err=rc=1 Mihomo exited before controller became ready time="2026-09-28T14:08:42.095168966Z" level=info msg="Start initial configuration in progress" time="2026-09-28T14:08:42.095451906Z" level=fatal msg="Parse config error: proxy 2: '' has u...
[WARN] batch start failed | size=9 {151} | split=4 {250} + 5 {251}
[TEST] {150} tested=8/8 | kept=0 | rest=0
[DEBUG] mihomo split-small | branch={150} | size=8 | parse=0 | names=[ChromeGO-ShiteThings] 节点19,[ChromeGO-ShiteThings] visa.com,[ChromeGO-ShiteThings] www.visa.com...+5 | err=-
[WARN] batch start failed | size=8 {150} | split=1 {252} + 1 {253} + 1 {254} + 1 {255} + 1 {256} + 1 {257} + 1 {258} + 1 {259}
[TEST] {2} tested=8100/8821 | kept=334 | rest=0
[TEST] {2} tested=8200/8821 | kept=334 | rest=0
[TEST] {148} tested=9/9 | kept=0 | rest=0
[WARN] batch start failed | size=9 {148} | split=4 {260} + 5 {261}
[TEST] {152} tested=17/17 | kept=0 | rest=0
[WARN] batch start failed | size=17 {152} | split=8 {262} + 9 {263}
[TEST] {153} tested=17/17 | kept=0 | rest=0
[WARN] batch start failed | size=17 {153} | split=8 {264} + 9 {265}
[TEST] {156} tested=17/17 | kept=0 | rest=0
[WARN] batch start failed | size=17 {156} | split=8 {266} + 9 {267}
[TEST] {2} tested=8300/8821 | kept=334 | rest=0
[TEST] {157} tested=17/17 | kept=0 | rest=0
[WARN] batch start failed | size=17 {157} | split=8 {268} + 9 {269}
[TEST] {2} tested=8400/8821 | kept=334 | rest=0
[TEST] {155} tested=18/18 | kept=0 | rest=0
[WARN] batch start failed | size=18 {155} | split=9 {270} + 9 {271}
[TEST] {154} tested=17/17 | kept=0 | rest=0
[WARN] batch start failed | size=17 {154} | split=8 {272} + 9 {273}
[TEST] {2} tested=8500/8821 | kept=334 | rest=0
[TEST] {158} tested=17/17 | kept=0 | rest=0
[WARN] batch start failed | size=17 {158} | split=8 {274} + 9 {275}
[DEBUG] mihomo start-fail | branch={161} | size=9 | parse=1 | rc=1 | names=[ChromeGO-Merge] Taiwan hysteria 91,[ChromeGO-Merge] United States hysteria ,[ChromeGO-Merge] Taiwan hysteria 2...+6 | err=rc=1 Mihomo exited before controller became ready time="2026-09-28T14:08:54.464344198Z" level=info msg="Start initial configuration in progress" time="2026-09-28T14:08:54.476437399Z" level=fatal msg="Parse config error: proxy 5: '' has u...
[WARN] batch start failed | size=9 {161} | split=4 {276} + 5 {277}
[TEST] {2} tested=8600/8821 | kept=334 | rest=0
[TEST] {159} tested=17/17 | kept=0 | rest=0
[WARN] batch start failed | size=17 {159} | split=8 {278} + 9 {279}
[DEBUG] mihomo start-fail | branch={162} | size=9 | parse=1 | rc=1 | names=[ChromeGO-Merge] United-5,[ChromeGO-Merge] None,[ChromeGO-Merge] None-2...+6 | err=rc=1 Mihomo exited before controller became ready time="2026-09-28T14:08:56.359991795Z" level=info msg="Start initial configuration in progress" time="2026-09-28T14:08:56.360108834Z" level=fatal msg="Parse config error: proxy 0: '' has u...
[WARN] batch start failed | size=9 {162} | split=4 {280} + 5 {281}
[TEST] {160} tested=8/8 | kept=0 | rest=0
[DEBUG] mihomo split-small | branch={160} | size=8 | parse=0 | names=[ChromeGO-Merge] None vmess 32,[ChromeGO-Merge] United States vmess 33,[ChromeGO-Merge] None vmess 34...+5 | err=-
[WARN] batch start failed | size=8 {160} | split=1 {282} + 1 {283} + 1 {284} + 1 {285} + 1 {286} + 1 {287} + 1 {288} + 1 {289}
[TEST] {163} tested=9/9 | kept=4 | rest=0
[TEST] {167} tested=18/18 | kept=0 | rest=0
[WARN] batch start failed | size=18 {167} | split=9 {290} + 9 {291}
[TEST] {2} tested=8700/8821 | kept=335 | rest=0
[TEST] {166} tested=17/17 | kept=0 | rest=0
[WARN] batch start failed | size=17 {166} | split=8 {292} + 9 {293}
[TEST] {164} tested=17/17 | kept=0 | rest=0
[WARN] batch start failed | size=17 {164} | split=8 {294} + 9 {295}
[TEST] {168} tested=17/17 | kept=0 | rest=0
[WARN] batch start failed | size=17 {168} | split=8 {296} + 9 {297}
[TEST] {165} tested=18/18 | kept=0 | rest=0
[WARN] batch start failed | size=18 {165} | split=9 {298} + 9 {299}
[TEST] {2} tested=8800/8821 | kept=335 | rest=0
[TEST] {2} tested=8821/8821 | kept=335 | rest=0
[TEST] {169} tested=18/18 | kept=0 | rest=0
[WARN] batch start failed | size=18 {169} | split=9 {300} + 9 {301}
[TEST] {170} tested=17/17 | kept=0 | rest=0
[WARN] batch start failed | size=17 {170} | split=8 {302} + 9 {303}
[TEST] {175} tested=9/9 | kept=0 | rest=0
[WARN] batch start failed | size=9 {175} | split=4 {304} + 5 {305}
[TEST] {171} tested=17/17 | kept=0 | rest=0
[WARN] batch start failed | size=17 {171} | split=8 {306} + 9 {307}
[TEST] {172} tested=8/8 | kept=0 | rest=0
[DEBUG] mihomo split-small | branch={172} | size=8 | parse=0 | names=[ChromeGO-Merge] 🇹🇼 Taiwan_hy_6,[ChromeGO-Merge] 🇫🇷 France_hy2_7,[ChromeGO-Merge] 🇺🇸 United States_hy2_8...+5 | err=-
[WARN] batch start failed | size=8 {172} | split=1 {308} + 1 {309} + 1 {310} + 1 {311} + 1 {312} + 1 {313} + 1 {314} + 1 {315}
[TEST] {173} tested=9/9 | kept=0 | rest=0
[WARN] batch start failed | size=9 {173} | split=4 {316} + 5 {317}
[TEST] {174} tested=8/8 | kept=0 | rest=0
[DEBUG] mihomo split-small | branch={174} | size=8 | parse=0 | names=[ChromeGO-Merge] None vmess 011,[ChromeGO-Merge] None vmess 012,[ChromeGO-Merge] None vmess 013...+5 | err=-
[WARN] batch start failed | size=8 {174} | split=1 {318} + 1 {319} + 1 {320} + 1 {321} + 1 {322} + 1 {323} + 1 {324} + 1 {325}
[TEST] {176} tested=8/8 | kept=0 | rest=0
[DEBUG] mihomo split-small | branch={176} | size=8 | parse=0 | names=[免费节点10] 🇺🇸 US 702 → tg@nicevpn123,[免费节点10] 🇺🇸 US 703 → tg@nicevpn123,[免费节点10] 🇺🇸 US 704 → tg@nicevpn123...+5 | err=-
[WARN] batch start failed | size=8 {176} | split=1 {326} + 1 {327} + 1 {328} + 1 {329} + 1 {330} + 1 {331} + 1 {332} + 1 {333}
[TEST] {177} tested=9/9 | kept=0 | rest=0
[WARN] batch start failed | size=9 {177} | split=4 {334} + 5 {335}
[TEST] {178} tested=8/8 | kept=0 | rest=0
[DEBUG] mihomo split-small | branch={178} | size=8 | parse=0 | names=[免费节点10] 🇺🇸 US 684 → tg@nicevpn123,[免费节点10] 🇺🇸 US 685 → tg@nicevpn123,[免费节点10] 🇺🇸 US 686 → tg@nicevpn123...+5 | err=-
[WARN] batch start failed | size=8 {178} | split=1 {336} + 1 {337} + 1 {338} + 1 {339} + 1 {340} + 1 {341} + 1 {342} + 1 {343}
[TEST] {181} tested=9/9 | kept=0 | rest=0
[WARN] batch start failed | size=9 {181} | split=4 {344} + 5 {345}
[TEST] {179} tested=9/9 | kept=0 | rest=0
[WARN] batch start failed | size=9 {179} | split=4 {346} + 5 {347}
[TEST] {180} tested=9/9 | kept=0 | rest=0
[WARN] batch start failed | size=9 {180} | split=4 {348} + 5 {349}
[TEST] {182} tested=8/8 | kept=0 | rest=0
[DEBUG] mihomo split-small | branch={182} | size=8 | parse=0 | names=[免费节点10] 🇺🇸 US 72 → tg@nicevpn123,[免费节点10] 🇺🇸 US 720 → tg@nicevpn123,[免费节点10] 🇺🇸 US 721 → tg@nicevpn123...+5 | err=-
[WARN] batch start failed | size=8 {182} | split=1 {350} + 1 {351} + 1 {352} + 1 {353} + 1 {354} + 1 {355} + 1 {356} + 1 {357}
[TEST] {183} tested=9/9 | kept=0 | rest=0
[DEBUG] mihomo start-fail | branch={187} | size=9 | parse=1 | rc=1 | names=[Pawdroid-SS-APK] Singapore-5,[Pawdroid-SS-APK] United+States-9,[Pawdroid-SS-APK] Germany-2...+6 | err=rc=1 Mihomo exited before controller became ready time="2026-09-28T14:09:20.981186855Z" level=info msg="Start initial configuration in progress" time="2026-09-28T14:09:20.981455158Z" level=fatal msg="Parse config error: proxy 8: ss 82.38...
[WARN] batch start failed | size=9 {187} | split=4 {358} + 5 {359}
[WARN] batch start failed | size=9 {183} | split=4 {360} + 5 {361}
[TEST] {184} tested=8/8 | kept=0 | rest=0
[DEBUG] mihomo split-small | branch={184} | size=8 | parse=0 | names=[免费节点10] 🇺🇸 US 806 → tg@nicevpn123,[免费节点10] 🇺🇸 US 808 → tg@nicevpn123,[免费节点10] 🇺🇸 US 809 → tg@nicevpn123...+5 | err=-
[WARN] batch start failed | size=8 {184} | split=1 {362} + 1 {363} + 1 {364} + 1 {365} + 1 {366} + 1 {367} + 1 {368} + 1 {369}
[TEST] {185} tested=9/9 | kept=0 | rest=0
[WARN] batch start failed | size=9 {185} | split=4 {370} + 5 {371}
[TEST] {189} tested=9/9 | kept=0 | rest=0
[WARN] batch start failed | size=9 {189} | split=4 {372} + 5 {373}
[TEST] {186} tested=8/8 | kept=1 | rest=0
[TEST] {188} tested=9/9 | kept=0 | rest=0
[WARN] batch start failed | size=9 {188} | split=4 {374} + 5 {375}
[TEST] {190} tested=8/8 | kept=0 | rest=0
[DEBUG] mihomo split-small | branch={190} | size=8 | parse=0 | names=[Pawdroid-SS-APK] 俄罗斯+鞑靼斯坦喀山justhost,[Pawdroid-SS-APK] 挪威+V2CROSS.COM,[Pawdroid-SS-APK] 俄罗斯+鞑靼斯坦喀山justhost-2...+5 | err=-
[WARN] batch start failed | size=8 {190} | split=1 {376} + 1 {377} + 1 {378} + 1 {379} + 1 {380} + 1 {381} + 1 {382} + 1 {383}
[TEST] {191} tested=9/9 | kept=0 | rest=0
[WARN] batch start failed | size=9 {191} | split=4 {384} + 5 {385}
[TEST] {192} tested=8/8 | kept=0 | rest=0
[DEBUG] mihomo split-small | branch={192} | size=8 | parse=0 | names=[免费节点10] 🇺🇸 US 767 → tg@nicevpn123,[免费节点10] 🇺🇸 US 768 → tg@nicevpn123,[免费节点10] 🇺🇸 US 769 → tg@nicevpn123...+5 | err=-
[WARN] batch start failed | size=8 {192} | split=1 {386} + 1 {387} + 1 {388} + 1 {389} + 1 {390} + 1 {391} + 1 {392} + 1 {393}
[TEST] {193} tested=9/9 | kept=0 | rest=0
[WARN] batch start failed | size=9 {193} | split=4 {394} + 5 {395}
[TEST] {195} tested=9/9 | kept=0 | rest=0
[WARN] batch start failed | size=9 {195} | split=4 {396} + 5 {397}
[TEST] {194} tested=8/8 | kept=0 | rest=0
[DEBUG] mihomo split-small | branch={194} | size=8 | parse=0 | names=[免费节点10] 🇺🇸 US 787 → tg@nicevpn123,[免费节点10] 🇺🇸 US 788 → tg@nicevpn123,[免费节点10] 🇺🇸 US 79 → tg@nicevpn123...+5 | err=-
[WARN] batch start failed | size=8 {194} | split=1 {398} + 1 {399} + 1 {400} + 1 {401} + 1 {402} + 1 {403} + 1 {404} + 1 {405}
[TEST] {196} tested=8/8 | kept=0 | rest=0
[DEBUG] mihomo split-small | branch={196} | size=8 | parse=0 | names=[免费节点10] 🇺🇸 US 548 → tg@nicevpn123,[免费节点10] 🇺🇸 US 549 → tg@nicevpn123,[免费节点10] 🇺🇸 US 55 → tg@nicevpn123...+5 | err=-
[WARN] batch start failed | size=8 {196} | split=1 {406} + 1 {407} + 1 {408} + 1 {409} + 1 {410} + 1 {411} + 1 {412} + 1 {413}
[TEST] {199} tested=9/9 | kept=0 | rest=0
[WARN] batch start failed | size=9 {199} | split=4 {414} + 5 {415}
[TEST] {197} tested=9/9 | kept=0 | rest=0
[WARN] batch start failed | size=9 {197} | split=4 {416} + 5 {417}
[TEST] {198} tested=9/9 | kept=0 | rest=0
[WARN] batch start failed | size=9 {198} | split=4 {418} + 5 {419}
[TEST] {200} tested=8/8 | kept=0 | rest=0
[DEBUG] mihomo split-small | branch={200} | size=8 | parse=0 | names=[免费节点10] 🇺🇸 US 509 → tg@nicevpn123,[免费节点10] 🇺🇸 US 51 → tg@nicevpn123,[免费节点10] 🇺🇸 US 510 → tg@nicevpn123...+5 | err=-
[WARN] batch start failed | size=8 {200} | split=1 {420} + 1 {421} + 1 {422} + 1 {423} + 1 {424} + 1 {425} + 1 {426} + 1 {427}
[TEST] {201} tested=9/9 | kept=0 | rest=0
[WARN] batch start failed | size=9 {201} | split=4 {428} + 5 {429}
[TEST] {203} tested=9/9 | kept=0 | rest=0
[WARN] batch start failed | size=9 {203} | split=4 {430} + 5 {431}
[TEST] {202} tested=8/8 | kept=0 | rest=0
[DEBUG] mihomo split-small | branch={202} | size=8 | parse=0 | names=[免费节点10] 🇺🇸 US 527 → tg@nicevpn123,[免费节点10] 🇺🇸 US 528 → tg@nicevpn123,[免费节点10] 🇺🇸 US 53 → tg@nicevpn123...+5 | err=-
[WARN] batch start failed | size=8 {202} | split=1 {432} + 1 {433} + 1 {434} + 1 {435} + 1 {436} + 1 {437} + 1 {438} + 1 {439}
[TEST] {204} tested=8/8 | kept=0 | rest=0
[DEBUG] mihomo split-small | branch={204} | size=8 | parse=0 | names=[免费节点10] 🇺🇸 US 593 → tg@nicevpn123,[免费节点10] 🇺🇸 US 595 → tg@nicevpn123,[免费节点10] 🇺🇸 US 598 → tg@nicevpn123...+5 | err=-
[WARN] batch start failed | size=8 {204} | split=1 {440} + 1 {441} + 1 {442} + 1 {443} + 1 {444} + 1 {445} + 1 {446} + 1 {447}
[TEST] {205} tested=9/9 | kept=0 | rest=0
[WARN] batch start failed | size=9 {205} | split=4 {448} + 5 {449}
[TEST] {209} tested=9/9 | kept=0 | rest=0
[WARN] batch start failed | size=9 {209} | split=4 {450} + 5 {451}
[TEST] {211} tested=9/9 | kept=0 | rest=0
[WARN] batch start failed | size=9 {211} | split=4 {452} + 5 {453}
[TEST] {210} tested=8/8 | kept=0 | rest=0
[DEBUG] mihomo split-small | branch={210} | size=8 | parse=0 | names=[免费节点10] 🇺🇸 US 2024 → tg@nicevpn123,[免费节点10] 🇺🇸 US 2025 → tg@nicevpn123,[免费节点10] 🇺🇸 US 2026 → tg@nicevpn123...+5 | err=-
[WARN] batch start failed | size=8 {210} | split=1 {454} + 1 {455} + 1 {456} + 1 {457} + 1 {458} + 1 {459} + 1 {460} + 1 {461}
[TEST] {206} tested=8/8 | kept=0 | rest=0
[DEBUG] mihomo split-small | branch={206} | size=8 | parse=0 | names=[免费节点10] 🇺🇸 US 619 → tg@nicevpn123,[免费节点10] 🇺🇸 US 62 → tg@nicevpn123,[免费节点10] 🇺🇸 US 620 → tg@nicevpn123...+5 | err=-
[WARN] batch start failed | size=8 {206} | split=1 {462} + 1 {463} + 1 {464} + 1 {465} + 1 {466} + 1 {467} + 1 {468} + 1 {469}
[TEST] {207} tested=9/9 | kept=0 | rest=0
[WARN] batch start failed | size=9 {207} | split=4 {470} + 5 {471}
[TEST] {208} tested=8/8 | kept=0 | rest=0
[DEBUG] mihomo split-small | branch={208} | size=8 | parse=0 | names=[免费节点10] 🇺🇸 US 639 → tg@nicevpn123,[免费节点10] 🇺🇸 US 640 → tg@nicevpn123,[免费节点10] 🇺🇸 US 642 → tg@nicevpn123...+5 | err=-
[WARN] batch start failed | size=8 {208} | split=1 {472} + 1 {473} + 1 {474} + 1 {475} + 1 {476} + 1 {477} + 1 {478} + 1 {479}
[TEST] {215} tested=9/9 | kept=0 | rest=0
[WARN] batch start failed | size=9 {215} | split=4 {480} + 5 {481}
[DEBUG] mihomo start-fail | branch={216} | size=8 | parse=1 | rc=1 | names=[Epodonios] EPODONIOS-144,[Epodonios] EPODONIOS-145,[Epodonios] EPODONIOS-146...+5 | err=rc=1 Mihomo exited before controller became ready time="2026-09-28T14:09:52.118558582Z" level=info msg="Start initial configuration in progress" time="2026-09-28T14:09:52.118737257Z" level=fatal msg="Parse config error: proxy 6: ss 78.38...
[DEBUG] mihomo split-small | branch={216} | size=8 | parse=1 | names=[Epodonios] EPODONIOS-144,[Epodonios] EPODONIOS-145,[Epodonios] EPODONIOS-146...+5 | err=Mihomo exited before controller became ready time="2026-09-28T14:09:52.118558582Z" level=info msg="Start initial configuration in progress" time="2026-09-28T14:09:52.118737257Z" level=fatal msg="Parse config error: proxy 6: ss 78.38.246....
[WARN] batch start failed | size=8 {216} | split=1 {482} + 1 {483} + 1 {484} + 1 {485} + 1 {486} + 1 {487} + 1 {488} + 1 {489}
[TEST] {212} tested=9/9 | kept=0 | rest=0
[WARN] batch start failed | size=9 {212} | split=4 {490} + 5 {491}
[TEST] {213} tested=9/9 | kept=0 | rest=0
[WARN] batch start failed | size=9 {213} | split=4 {492} + 5 {493}
[TEST] {214} tested=8/8 | kept=0 | rest=0
[DEBUG] mihomo split-small | branch={214} | size=8 | parse=0 | names=[免费节点10] 🇺🇸 US 2008 → tg@nicevpn123,[免费节点10] 🇺🇸 US 2009 → tg@nicevpn123,[免费节点10] 🇺🇸 US 201 → tg@nicevpn123...+5 | err=-
[WARN] batch start failed | size=8 {214} | split=1 {494} + 1 {495} + 1 {496} + 1 {497} + 1 {498} + 1 {499} + 1 {500} + 1 {501}
[TEST] {217} tested=9/9 | kept=1 | rest=0
[TEST] {219} tested=9/9 | kept=0 | rest=0
[WARN] batch start failed | size=9 {219} | split=4 {502} + 5 {503}
[TEST] {218} tested=8/8 | kept=0 | rest=0
[DEBUG] mihomo split-small | branch={218} | size=8 | parse=0 | names=[免费节点10] 🇺🇸 US 228 → tg@nicevpn123,[免费节点10] 🇺🇸 US 23 → tg@nicevpn123,[免费节点10] 🇺🇸 US 232 → tg@nicevpn123...+5 | err=-
[WARN] batch start failed | size=8 {218} | split=1 {504} + 1 {505} + 1 {506} + 1 {507} + 1 {508} + 1 {509} + 1 {510} + 1 {511}
[DEBUG] mihomo start-fail | branch={223} | size=9 | parse=1 | rc=1 | names=[Epodonios] EPODONIOS-269,[Epodonios] EPODONIOS-270,[Epodonios] EPODONIOS-271...+6 | err=rc=1 Mihomo exited before controller became ready time="2026-09-28T14:09:58.815909647Z" level=info msg="Start initial configuration in progress" time="2026-09-28T14:09:58.816224366Z" level=fatal msg="Parse config error: proxy 6: 'reality...
[WARN] batch start failed | size=9 {223} | split=4 {512} + 5 {513}
[TEST] {220} tested=8/8 | kept=0 | rest=0
[DEBUG] mihomo split-small | branch={220} | size=8 | parse=0 | names=[免费节点10] 🇺🇸 US 2040 → tg@nicevpn123,[免费节点10] 🇺🇸 US 205 → tg@nicevpn123,[免费节点10] 🇺🇸 US 206 → tg@nicevpn123...+5 | err=-
[WARN] batch start failed | size=8 {220} | split=1 {514} + 1 {515} + 1 {516} + 1 {517} + 1 {518} + 1 {519} + 1 {520} + 1 {521}
[TEST] {221} tested=9/9 | kept=0 | rest=0
[WARN] batch start failed | size=9 {221} | split=4 {522} + 5 {523}
[TEST] {222} tested=8/8 | kept=0 | rest=0
[DEBUG] mihomo split-small | branch={222} | size=8 | parse=0 | names=[Epodonios] EPODONIOS-261,[Epodonios] EPODONIOS-262,[Epodonios] EPODONIOS-263...+5 | err=-
[WARN] batch start failed | size=8 {222} | split=1 {524} + 1 {525} + 1 {526} + 1 {527} + 1 {528} + 1 {529} + 1 {530} + 1 {531}
[TEST] {225} tested=9/9 | kept=0 | rest=0
[WARN] batch start failed | size=9 {225} | split=4 {532} + 5 {533}
[TEST] {224} tested=8/8 | kept=0 | rest=0
[DEBUG] mihomo split-small | branch={224} | size=8 | parse=0 | names=[Epodonios] EPODONIOS-161,[Epodonios] EPODONIOS-162,[Epodonios] EPODONIOS-163...+5 | err=-
[WARN] batch start failed | size=8 {224} | split=1 {534} + 1 {535} + 1 {536} + 1 {537} + 1 {538} + 1 {539} + 1 {540} + 1 {541}
[TEST] {229} tested=9/9 | kept=0 | rest=0
[WARN] batch start failed | size=9 {229} | split=4 {542} + 5 {543}
[DEBUG] mihomo start-fail | branch={230} | size=8 | parse=1 | rc=1 | names=[Free-clash-v2ray] 🇫🇷FR_1864|491KB/s|T00,[Free-clash-v2ray] socks5,[Free-clash-v2ray] 香港 16...+5 | err=rc=1 Mihomo exited before controller became ready time="2026-09-28T14:10:06.953007625Z" level=info msg="Start initial configuration in progress" time="2026-09-28T14:10:06.964487455Z" level=fatal msg="Parse config error: proxy 7: '' has u...
[DEBUG] mihomo split-small | branch={230} | size=8 | parse=1 | names=[Free-clash-v2ray] 🇫🇷FR_1864|491KB/s|T00,[Free-clash-v2ray] socks5,[Free-clash-v2ray] 香港 16...+5 | err=Mihomo exited before controller became ready time="2026-09-28T14:10:06.953007625Z" level=info msg="Start initial configuration in progress" time="2026-09-28T14:10:06.964487455Z" level=fatal msg="Parse config error: proxy 7: '' has unset ...
[WARN] batch start failed | size=8 {230} | split=1 {544} + 1 {545} + 1 {546} + 1 {547} + 1 {548} + 1 {549} + 1 {550} + 1 {551}
[TEST] {227} tested=9/9 | kept=0 | rest=0
[WARN] batch start failed | size=9 {227} | split=4 {552} + 5 {553}
[TEST] {226} tested=9/9 | kept=0 | rest=0
[WARN] batch start failed | size=9 {226} | split=4 {554} + 5 {555}
[TEST] {231} tested=9/9 | kept=9 | rest=0
[TEST] {228} tested=8/8 | kept=0 | rest=0
[DEBUG] mihomo split-small | branch={228} | size=8 | parse=0 | names=[Epodonios] EPODONIOS-278,[Epodonios] EPODONIOS-279,[Epodonios] EPODONIOS-280...+5 | err=-
[WARN] batch start failed | size=8 {228} | split=1 {556} + 1 {557} + 1 {558} + 1 {559} + 1 {560} + 1 {561} + 1 {562} + 1 {563}
[TEST] {233} tested=9/9 | kept=0 | rest=0
[WARN] batch start failed | size=9 {233} | split=4 {564} + 5 {565}
[TEST] {232} tested=8/8 | kept=0 | rest=0
[DEBUG] mihomo split-small | branch={232} | size=8 | parse=0 | names=[免费节点10] 🇺🇸 US 251 → tg@nicevpn123,[免费节点10] 🇺🇸 US 253 → tg@nicevpn123,[免费节点10] 🇺🇸 US 254 → tg@nicevpn123...+5 | err=-
[WARN] batch start failed | size=8 {232} | split=1 {566} + 1 {567} + 1 {568} + 1 {569} + 1 {570} + 1 {571} + 1 {572} + 1 {573}
[TEST] {235} tested=9/9 | kept=0 | rest=0
[WARN] batch start failed | size=9 {235} | split=4 {574} + 5 {575}
[TEST] {234} tested=8/8 | kept=0 | rest=0
[DEBUG] mihomo split-small | branch={234} | size=8 | parse=0 | names=[免费节点10] 🇺🇸 US 269 → tg@nicevpn123,[免费节点10] 🇺🇸 US 27 → tg@nicevpn123,[免费节点10] 🇺🇸 US 270 → tg@nicevpn123...+5 | err=-
[WARN] batch start failed | size=8 {234} | split=1 {576} + 1 {577} + 1 {578} + 1 {579} + 1 {580} + 1 {581} + 1 {582} + 1 {583}
[TEST] {236} tested=9/9 | kept=0 | rest=0
[WARN] batch start failed | size=9 {236} | split=4 {584} + 5 {585}
[TEST] {237} tested=9/9 | kept=0 | rest=0
[WARN] batch start failed | size=9 {237} | split=4 {586} + 5 {587}
[TEST] {238} tested=8/8 | kept=0 | rest=0
[DEBUG] mihomo split-small | branch={238} | size=8 | parse=0 | names=[免费节点10] 🇺🇸 US 285 → tg@nicevpn123,[免费节点10] 🇺🇸 US 29 → tg@nicevpn123,[免费节点10] 🇺🇸 US 291 → tg@nicevpn123...+5 | err=-
[WARN] batch start failed | size=8 {238} | split=1 {588} + 1 {589} + 1 {590} + 1 {591} + 1 {592} + 1 {593} + 1 {594} + 1 {595}
[TEST] {239} tested=9/9 | kept=0 | rest=0
[WARN] batch start failed | size=9 {239} | split=4 {596} + 5 {597}
[TEST] {240} tested=8/8 | kept=0 | rest=0
[DEBUG] mihomo split-small | branch={240} | size=8 | parse=0 | names=[Epodonios] EPODONIOS-293,[Epodonios] EPODONIOS-294,[Epodonios] EPODONIOS-295...+5 | err=-
[WARN] batch start failed | size=8 {240} | split=1 {598} + 1 {599} + 1 {600} + 1 {601} + 1 {602} + 1 {603} + 1 {604} + 1 {605}
[DEBUG] mihomo start-fail | branch={244} | size=4 | parse=1 | rc=1 | names=[ChromeGO-Merge] United,[ChromeGO-Merge] France_hysteria_1,[ChromeGO-Merge] United-2...+1 | err=rc=1 Mihomo exited before controller became ready time="2026-09-28T14:10:23.081693831Z" level=info msg="Start initial configuration in progress" time="2026-09-28T14:10:23.081816300Z" level=fatal msg="Parse config error: proxy 0: '' has u...
[DEBUG] mihomo split-small | branch={244} | size=4 | parse=1 | names=[ChromeGO-Merge] United,[ChromeGO-Merge] France_hysteria_1,[ChromeGO-Merge] United-2...+1 | err=Mihomo exited before controller became ready time="2026-09-28T14:10:23.081693831Z" level=info msg="Start initial configuration in progress" time="2026-09-28T14:10:23.081816300Z" level=fatal msg="Parse config error: proxy 0: '' has unset ...
[WARN] batch start failed | size=4 {244} | split=1 {606} + 1 {607} + 1 {608} + 1 {609}
[TEST] {241} tested=9/9 | kept=0 | rest=0
[WARN] batch start failed | size=9 {241} | split=4 {610} + 5 {611}
[TEST] {242} tested=9/9 | kept=0 | rest=0
[WARN] batch start failed | size=9 {242} | split=4 {612} + 5 {613}
[TEST] {243} tested=9/9 | kept=0 | rest=0
[WARN] batch start failed | size=9 {243} | split=4 {614} + 5 {615}
[TEST] {245} tested=5/5 | kept=0 | rest=0
[DEBUG] mihomo split-small | branch={245} | size=5 | parse=0 | names=[ChromeGO-Merge] None_vless_2,[ChromeGO-Merge] None_vless_3,[ChromeGO-Merge] 🇫🇷 France_tuic_0...+2 | err=-
[WARN] batch start failed | size=5 {245} | split=1 {616} + 1 {617} + 1 {618} + 1 {619} + 1 {620}
[TEST] {247} tested=9/9 | kept=0 | rest=0
[WARN] batch start failed | size=9 {247} | split=4 {621} + 5 {622}
[DEBUG] mihomo start-fail | branch={250} | size=4 | parse=1 | rc=1 | names=[ChromeGO-ShiteThings] cf.tencentapp.cn,[ChromeGO-ShiteThings] cloudflare-dl.byo,[ChromeGO-ShiteThings] hysteria...+1 | err=rc=1 Mihomo exited before controller became ready time="2026-09-28T14:10:28.798271768Z" level=info msg="Start initial configuration in progress" time="2026-09-28T14:10:28.798516987Z" level=fatal msg="Parse config error: proxy 2: '' has u...
[DEBUG] mihomo split-small | branch={250} | size=4 | parse=1 | names=[ChromeGO-ShiteThings] cf.tencentapp.cn,[ChromeGO-ShiteThings] cloudflare-dl.byo,[ChromeGO-ShiteThings] hysteria...+1 | err=Mihomo exited before controller became ready time="2026-09-28T14:10:28.798271768Z" level=info msg="Start initial configuration in progress" time="2026-09-28T14:10:28.798516987Z" level=fatal msg="Parse config error: proxy 2: '' has unset ...
[WARN] batch start failed | size=4 {250} | split=1 {623} + 1 {624} + 1 {625} + 1 {626}
[DEBUG] mihomo start-fail | branch={251} | size=5 | parse=1 | rc=1 | names=[ChromeGO-ShiteThings] hysteria-3,[ChromeGO-ShiteThings] hysteria-4,[ChromeGO-ShiteThings] hysteria-5...+2 | err=rc=1 Mihomo exited before controller became ready time="2026-09-28T14:10:28.922780730Z" level=info msg="Start initial configuration in progress" time="2026-09-28T14:10:28.922896727Z" level=fatal msg="Parse config error: proxy 0: '' has u...
[DEBUG] mihomo split-small | branch={251} | size=5 | parse=1 | names=[ChromeGO-ShiteThings] hysteria-3,[ChromeGO-ShiteThings] hysteria-4,[ChromeGO-ShiteThings] hysteria-5...+2 | err=Mihomo exited before controller became ready time="2026-09-28T14:10:28.922780730Z" level=info msg="Start initial configuration in progress" time="2026-09-28T14:10:28.922896727Z" level=fatal msg="Parse config error: proxy 0: '' has unset ...
[WARN] batch start failed | size=5 {251} | split=1 {627} + 1 {628} + 1 {629} + 1 {630} + 1 {631}
[TEST] {253} tested=1/1 | kept=0 | rest=0
[DEBUG] mihomo isolate | branch={253} | size=1 | parse=0 | names=[ChromeGO-ShiteThings] visa.com | err=-
[DEBUG] mihomo drop | branch={253} | size=1 | parse=0 | names=[ChromeGO-ShiteThings] visa.com | err=-
[DROP] name=[ChromeGO-ShiteThings] visa.com {253} | server=visa.com:443 | reason=mihomo start failed
[TEST] {256} tested=1/1 | kept=0 | rest=0
[DEBUG] mihomo isolate | branch={256} | size=1 | parse=0 | names=[ChromeGO-ShiteThings] zoneabc.net | err=-
[DEBUG] mihomo drop | branch={256} | size=1 | parse=0 | names=[ChromeGO-ShiteThings] zoneabc.net | err=-
[DROP] name=[ChromeGO-ShiteThings] zoneabc.net {256} | server=zoneabc.net:443 | reason=mihomo start failed
[TEST] {252} tested=1/1 | kept=0 | rest=0
[DEBUG] mihomo isolate | branch={252} | size=1 | parse=0 | names=[ChromeGO-ShiteThings] 节点19 | err=-
[DEBUG] mihomo drop | branch={252} | size=1 | parse=0 | names=[ChromeGO-ShiteThings] 节点19 | err=-
[DROP] name=[ChromeGO-ShiteThings] 节点19 {252} | server=2001:bc8:32d7:302::17:20088 | reason=mihomo start failed
[TEST] {254} tested=1/1 | kept=0 | rest=0
[DEBUG] mihomo isolate | branch={254} | size=1 | parse=0 | names=[ChromeGO-ShiteThings] www.visa.com | err=-
[DEBUG] mihomo drop | branch={254} | size=1 | parse=0 | names=[ChromeGO-ShiteThings] www.visa.com | err=-
[DROP] name=[ChromeGO-ShiteThings] www.visa.com {254} | server=www.visa.com:443 | reason=mihomo start failed
[TEST] {246} tested=8/8 | kept=0 | rest=0
[DEBUG] mihomo split-small | branch={246} | size=8 | parse=0 | names=[Epodonios] EPODONIOS-194,[Epodonios] EPODONIOS-195,[Epodonios] trojan-3...+5 | err=-
[WARN] batch start failed | size=8 {246} | split=1 {632} + 1 {633} + 1 {634} + 1 {635} + 1 {636} + 1 {637} + 1 {638} + 1 {639}
[TEST] {249} tested=9/9 | kept=0 | rest=0
[WARN] batch start failed | size=9 {249} | split=4 {640} + 5 {641}
[TEST] {257} tested=1/1 | kept=0 | rest=0
[DEBUG] mihomo isolate | branch={257} | size=1 | parse=0 | names=[ChromeGO-ShiteThings] youxuan.cf.090227 | err=-
[DEBUG] mihomo drop | branch={257} | size=1 | parse=0 | names=[ChromeGO-ShiteThings] youxuan.cf.090227 | err=-
[DROP] name=[ChromeGO-ShiteThings] youxuan.cf.090227.xyz {257} | server=youxuan.cf.090227.xyz:443 | reason=mihomo start failed
[TEST] {258} tested=1/1 | kept=0 | rest=0
[DEBUG] mihomo isolate | branch={258} | size=1 | parse=0 | names=[ChromeGO-ShiteThings] www.shopify.com | err=-
[DEBUG] mihomo drop | branch={258} | size=1 | parse=0 | names=[ChromeGO-ShiteThings] www.shopify.com | err=-
[DROP] name=[ChromeGO-ShiteThings] www.shopify.com {258} | server=www.shopify.com:443 | reason=mihomo start failed
[TEST] {259} tested=1/1 | kept=0 | rest=0
[DEBUG] mihomo isolate | branch={259} | size=1 | parse=0 | names=[ChromeGO-ShiteThings] store.ubi.com | err=-
[DEBUG] mihomo drop | branch={259} | size=1 | parse=0 | names=[ChromeGO-ShiteThings] store.ubi.com | err=-
[DROP] name=[ChromeGO-ShiteThings] store.ubi.com {259} | server=store.ubi.com:443 | reason=mihomo start failed
[TEST] {255} tested=1/1 | kept=0 | rest=0
[DEBUG] mihomo isolate | branch={255} | size=1 | parse=0 | names=[ChromeGO-ShiteThings] www.visa.cn | err=-
[DEBUG] mihomo drop | branch={255} | size=1 | parse=0 | names=[ChromeGO-ShiteThings] www.visa.cn | err=-
[DROP] name=[ChromeGO-ShiteThings] www.visa.cn {255} | server=www.visa.cn:443 | reason=mihomo start failed
[TEST] {248} tested=8/8 | kept=0 | rest=0
[DEBUG] mihomo split-small | branch={248} | size=8 | parse=0 | names=[Epodonios] EPODONIOS-210,[Epodonios] EPODONIOS-211,[Epodonios] EPODONIOS-212...+5 | err=-
[WARN] batch start failed | size=8 {248} | split=1 {642} + 1 {643} + 1 {644} + 1 {645} + 1 {646} + 1 {647} + 1 {648} + 1 {649}
[TEST] {261} tested=5/5 | kept=0 | rest=0
[DEBUG] mihomo split-small | branch={261} | size=5 | parse=0 | names=[ChromeGO-Merge] United States_hy_0,[ChromeGO-Merge] France_hy_1,[ChromeGO-Merge] United States_hy_3...+2 | err=-
[WARN] batch start failed | size=5 {261} | split=1 {650} + 1 {651} + 1 {652} + 1 {653} + 1 {654}
[TEST] {260} tested=4/4 | kept=0 | rest=0
[DEBUG] mihomo split-small | branch={260} | size=4 | parse=0 | names=[ChromeGO-Merge] United States_vless_21,[ChromeGO-Merge] United States_ss_61,[ChromeGO-Merge] United States_hysteria2...+1 | err=-
[WARN] batch start failed | size=4 {260} | split=1 {655} + 1 {656} + 1 {657} + 1 {658}
[TEST] {263} tested=9/9 | kept=0 | rest=0
[WARN] batch start failed | size=9 {263} | split=4 {659} + 5 {660}
[TEST] {266} tested=8/8 | kept=0 | rest=0
[DEBUG] mihomo split-small | branch={266} | size=8 | parse=0 | names=[Pawdroid-SS-APK] United+States-62,[Pawdroid-SS-APK] United+States-63,[Pawdroid-SS-APK] United+States-64...+5 | err=-
[WARN] batch start failed | size=8 {266} | split=1 {661} + 1 {662} + 1 {663} + 1 {664} + 1 {665} + 1 {666} + 1 {667} + 1 {668}
[TEST] {267} tested=9/9 | kept=0 | rest=0
[WARN] batch start failed | size=9 {267} | split=4 {669} + 5 {670}
[TEST] {268} tested=8/8 | kept=0 | rest=0
[DEBUG] mihomo split-small | branch={268} | size=8 | parse=0 | names=[Pawdroid-SS-APK] United+States-68,[Pawdroid-SS-APK] vless-54,[Pawdroid-SS-APK] The+Netherlands-29...+5 | err=-
[WARN] batch start failed | size=8 {268} | split=1 {671} + 1 {672} + 1 {673} + 1 {674} + 1 {675} + 1 {676} + 1 {677} + 1 {678}
[TEST] {269} tested=9/9 | kept=0 | rest=0
[WARN] batch start failed | size=9 {269} | split=4 {679} + 5 {680}
[TEST] {262} tested=8/8 | kept=0 | rest=0
[DEBUG] mihomo split-small | branch={262} | size=8 | parse=0 | names=[免费节点10] 🇺🇸 US 412 → tg@nicevpn123,[免费节点10] 🇺🇸 US 413 → tg@nicevpn123,[免费节点10] 🇺🇸 US 416 → tg@nicevpn123...+5 | err=-
[WARN] batch start failed | size=8 {262} | split=1 {681} + 1 {682} + 1 {683} + 1 {684} + 1 {685} + 1 {686} + 1 {687} + 1 {688}
[TEST] {265} tested=9/9 | kept=0 | rest=0
[WARN] batch start failed | size=9 {265} | split=4 {689} + 5 {690}
[TEST] {264} tested=8/8 | kept=0 | rest=0
[DEBUG] mihomo split-small | branch={264} | size=8 | parse=0 | names=[免费节点10] 🇺🇸 US 434 → tg@nicevpn123,[免费节点10] 🇺🇸 US 435 → tg@nicevpn123,[免费节点10] 🇺🇸 US 436 → tg@nicevpn123...+5 | err=-
[WARN] batch start failed | size=8 {264} | split=1 {691} + 1 {692} + 1 {693} + 1 {694} + 1 {695} + 1 {696} + 1 {697} + 1 {698}
[TEST] {270} tested=9/9 | kept=0 | rest=0
[WARN] batch start failed | size=9 {270} | split=4 {699} + 5 {700}
[TEST] {271} tested=9/9 | kept=0 | rest=0
[WARN] batch start failed | size=9 {271} | split=4 {701} + 5 {702}
[TEST] {272} tested=8/8 | kept=0 | rest=0
[DEBUG] mihomo split-small | branch={272} | size=8 | parse=0 | names=[免费节点10] 🇺🇸 US 455 → tg@nicevpn123,[免费节点10] 🇺🇸 US 457 → tg@nicevpn123,[免费节点10] 🇺🇸 US 46 → tg@nicevpn123...+5 | err=-
[WARN] batch start failed | size=8 {272} | split=1 {703} + 1 {704} + 1 {705} + 1 {706} + 1 {707} + 1 {708} + 1 {709} + 1 {710}
[TEST] {273} tested=9/9 | kept=0 | rest=0
[WARN] batch start failed | size=9 {273} | split=4 {711} + 5 {712}
[DEBUG] mihomo start-fail | branch={277} | size=5 | parse=1 | rc=1 | names=[ChromeGO-Merge] France hysteria2 3,[ChromeGO-Merge] Taiwan,[ChromeGO-Merge] France...+2 | err=rc=1 Mihomo exited before controller became ready time="2026-09-28T14:10:45.444643598Z" level=info msg="Start initial configuration in progress" time="2026-09-28T14:10:45.455585294Z" level=fatal msg="Parse config error: proxy 1: '' has u...
[DEBUG] mihomo split-small | branch={277} | size=5 | parse=1 | names=[ChromeGO-Merge] France hysteria2 3,[ChromeGO-Merge] Taiwan,[ChromeGO-Merge] France...+2 | err=Mihomo exited before controller became ready time="2026-09-28T14:10:45.444643598Z" level=info msg="Start initial configuration in progress" time="2026-09-28T14:10:45.455585294Z" level=fatal msg="Parse config error: proxy 1: '' has unset ...
[WARN] batch start failed | size=5 {277} | split=1 {713} + 1 {714} + 1 {715} + 1 {716} + 1 {717}
[TEST] {279} tested=9/9 | kept=0 | rest=0
[WARN] batch start failed | size=9 {279} | split=4 {718} + 5 {719}
[TEST] {274} tested=8/8 | kept=0 | rest=0
[DEBUG] mihomo split-small | branch={274} | size=8 | parse=0 | names=[免费节点10] 🇺🇸 US 331 → tg@nicevpn123,[免费节点10] 🇺🇸 US 333 → tg@nicevpn123,[免费节点10] 🇺🇸 US 334 → tg@nicevpn123...+5 | err=-
[WARN] batch start failed | size=8 {274} | split=1 {720} + 1 {721} + 1 {722} + 1 {723} + 1 {724} + 1 {725} + 1 {726} + 1 {727}
[DEBUG] mihomo start-fail | branch={280} | size=4 | parse=1 | rc=1 | names=[ChromeGO-Merge] United-5,[ChromeGO-Merge] None,[ChromeGO-Merge] None-2...+1 | err=rc=1 Mihomo exited before controller became ready time="2026-09-28T14:10:46.839823446Z" level=info msg="Start initial configuration in progress" time="2026-09-28T14:10:46.839929635Z" level=fatal msg="Parse config error: proxy 0: '' has u...
[DEBUG] mihomo split-small | branch={280} | size=4 | parse=1 | names=[ChromeGO-Merge] United-5,[ChromeGO-Merge] None,[ChromeGO-Merge] None-2...+1 | err=Mihomo exited before controller became ready time="2026-09-28T14:10:46.839823446Z" level=info msg="Start initial configuration in progress" time="2026-09-28T14:10:46.839929635Z" level=fatal msg="Parse config error: proxy 0: '' has unset ...
[WARN] batch start failed | size=4 {280} | split=1 {728} + 1 {729} + 1 {730} + 1 {731}
[TEST] {281} tested=5/5 | kept=0 | rest=0
[DEBUG] mihomo split-small | branch={281} | size=5 | parse=0 | names=[Pawdroid-SR-APK] 立陶宛+V2CROSS.COM,[Pawdroid-SR-APK] 立陶宛+V2CROSS.COM-2,[Pawdroid-SR-APK] 立陶宛+V2CROSS.COM-3...+2 | err=-
[WARN] batch start failed | size=5 {281} | split=1 {732} + 1 {733} + 1 {734} + 1 {735} + 1 {736}
[TEST] {284} tested=1/1 | kept=0 | rest=0
[DEBUG] mihomo isolate | branch={284} | size=1 | parse=0 | names=[ChromeGO-Merge] None vmess 34 | err=-
[DEBUG] mihomo drop | branch={284} | size=1 | parse=0 | names=[ChromeGO-Merge] None vmess 34 | err=-
[DROP] name=[ChromeGO-Merge] None vmess 34 {284} | server=yh1.freeh1.xyz:8080 | reason=mihomo start failed
[TEST] {285} tested=1/1 | kept=0 | rest=0
[DEBUG] mihomo isolate | branch={285} | size=1 | parse=0 | names=[ChromeGO-Merge] Canada vmess 41 | err=-
[DEBUG] mihomo drop | branch={285} | size=1 | parse=0 | names=[ChromeGO-Merge] Canada vmess 41 | err=-
[DROP] name=[ChromeGO-Merge] Canada vmess 41 {285} | server=23.227.39.12:8080 | reason=mihomo start failed
[TEST] {286} tested=1/1 | kept=0 | rest=0
[DEBUG] mihomo isolate | branch={286} | size=1 | parse=0 | names=[ChromeGO-Merge] Canada vmess 43 | err=-
[DEBUG] mihomo drop | branch={286} | size=1 | parse=0 | names=[ChromeGO-Merge] Canada vmess 43 | err=-
[DROP] name=[ChromeGO-Merge] Canada vmess 43 {286} | server=23.227.39.23:8080 | reason=mihomo start failed
[TEST] {283} tested=1/1 | kept=0 | rest=0
[DEBUG] mihomo isolate | branch={283} | size=1 | parse=0 | names=[ChromeGO-Merge] United States vmess 33 | err=-
[DEBUG] mihomo drop | branch={283} | size=1 | parse=0 | names=[ChromeGO-Merge] United States vmess 33 | err=-
[DROP] name=[ChromeGO-Merge] United States vmess 33 {283} | server=yh1.freeh1.xyz:8080 | reason=mihomo start failed
[TEST] {282} tested=1/1 | kept=0 | rest=0
[DEBUG] mihomo isolate | branch={282} | size=1 | parse=0 | names=[ChromeGO-Merge] None vmess 32 | err=-
[DEBUG] mihomo drop | branch={282} | size=1 | parse=0 | names=[ChromeGO-Merge] None vmess 32 | err=-
[DROP] name=[ChromeGO-Merge] None vmess 32 {282} | server=yh1.freeh1.xyz:8080 | reason=mihomo start failed
[TEST] {287} tested=1/1 | kept=0 | rest=0
[DEBUG] mihomo isolate | branch={287} | size=1 | parse=0 | names=[ChromeGO-Merge] Canada vmess 44 | err=-
[DEBUG] mihomo drop | branch={287} | size=1 | parse=0 | names=[ChromeGO-Merge] Canada vmess 44 | err=-
[DROP] name=[ChromeGO-Merge] Canada vmess 44 {287} | server=23.227.39.45:8080 | reason=mihomo start failed
[TEST] {275} tested=9/9 | kept=0 | rest=0
[WARN] batch start failed | size=9 {275} | split=4 {737} + 5 {738}
[TEST] {289} tested=1/1 | kept=0 | rest=0
[DEBUG] mihomo isolate | branch={289} | size=1 | parse=0 | names=[ChromeGO-Merge] United States ss 81 | err=-
[DEBUG] mihomo drop | branch={289} | size=1 | parse=0 | names=[ChromeGO-Merge] United States ss 81 | err=-
[DROP] name=[ChromeGO-Merge] United States ss 81 {289} | server=62.204.54.81:44550 | reason=mihomo start failed
[TEST] {290} tested=9/9 | kept=0 | rest=0
[WARN] batch start failed | size=9 {290} | split=4 {739} + 5 {740}
[TEST] {291} tested=9/9 | kept=0 | rest=0
[WARN] batch start failed | size=9 {291} | split=4 {741} + 5 {742}
[TEST] {292} tested=8/8 | kept=0 | rest=0
[DEBUG] mihomo split-small | branch={292} | size=8 | parse=0 | names=[Pawdroid-SS-APK] United+Kingdom-17,[Pawdroid-SS-APK] vless-37,[Pawdroid-SS-APK] United+States-47...+5 | err=-
[WARN] batch start failed | size=8 {292} | split=1 {743} + 1 {744} + 1 {745} + 1 {746} + 1 {747} + 1 {748} + 1 {749} + 1 {750}
[TEST] {293} tested=9/9 | kept=0 | rest=0
[WARN] batch start failed | size=9 {293} | split=4 {751} + 5 {752}
[TEST] {276} tested=4/4 | kept=0 | rest=0
[DEBUG] mihomo split-small | branch={276} | size=4 | parse=0 | names=[ChromeGO-Merge] Taiwan hysteria 91,[ChromeGO-Merge] United States hysteria ,[ChromeGO-Merge] Taiwan hysteria 2...+1 | err=-
[WARN] batch start failed | size=4 {276} | split=1 {753} + 1 {754} + 1 {755} + 1 {756}
[TEST] {278} tested=8/8 | kept=0 | rest=0
[DEBUG] mihomo split-small | branch={278} | size=8 | parse=0 | names=[免费节点10] 🇺🇸 US 354 → tg@nicevpn123,[免费节点10] 🇺🇸 US 355 → tg@nicevpn123,[免费节点10] 🇺🇸 US 356 → tg@nicevpn123...+5 | err=-
[WARN] batch start failed | size=8 {278} | split=1 {757} + 1 {758} + 1 {759} + 1 {760} + 1 {761} + 1 {762} + 1 {763} + 1 {764}
[TEST] {296} tested=8/8 | kept=0 | rest=0
[DEBUG] mihomo split-small | branch={296} | size=8 | parse=0 | names=[Pawdroid-SS-APK] vless-60,[Pawdroid-SS-APK] Seychelles-4,[Pawdroid-SS-APK] vless-61...+5 | err=-
[WARN] batch start failed | size=8 {296} | split=1 {765} + 1 {766} + 1 {767} + 1 {768} + 1 {769} + 1 {770} + 1 {771} + 1 {772}
[TEST] {297} tested=9/9 | kept=0 | rest=0
[WARN] batch start failed | size=9 {297} | split=4 {773} + 5 {774}
[TEST] {288} tested=1/1 | kept=0 | rest=0
[DEBUG] mihomo isolate | branch={288} | size=1 | parse=0 | names=[ChromeGO-Merge] France hysteria2 71 | err=-
[DEBUG] mihomo drop | branch={288} | size=1 | parse=0 | names=[ChromeGO-Merge] France hysteria2 71 | err=-
[DROP] name=[ChromeGO-Merge] France hysteria2 71 {288} | server=51.159.77.153:33390 | reason=mihomo start failed
[TEST] {294} tested=8/8 | kept=0 | rest=0
[DEBUG] mihomo split-small | branch={294} | size=8 | parse=0 | names=[免费节点10] 🇺🇸 US 376 → tg@nicevpn123,[免费节点10] 🇺🇸 US 378 → tg@nicevpn123,[免费节点10] 🇺🇸 US 38 → tg@nicevpn123...+5 | err=-
[WARN] batch start failed | size=8 {294} | split=1 {775} + 1 {776} + 1 {777} + 1 {778} + 1 {779} + 1 {780} + 1 {781} + 1 {782}
[TEST] {295} tested=9/9 | kept=0 | rest=0
[WARN] batch start failed | size=9 {295} | split=4 {783} + 5 {784}
[TEST] {301} tested=9/9 | kept=0 | rest=0
[WARN] batch start failed | size=9 {301} | split=4 {785} + 5 {786}
[TEST] {298} tested=9/9 | kept=0 | rest=0
[WARN] batch start failed | size=9 {298} | split=4 {787} + 5 {788}
[TEST] {303} tested=9/9 | kept=0 | rest=0
[WARN] batch start failed | size=9 {303} | split=4 {789} + 5 {790}
[TEST] {304} tested=4/4 | kept=0 | rest=0
[DEBUG] mihomo split-small | branch={304} | size=4 | parse=0 | names=[ChromeGO-Merge] United States vmess 21,[ChromeGO-Merge] United States vmess 23,[ChromeGO-Merge] None vmess 24...+1 | err=-
[WARN] batch start failed | size=4 {304} | split=1 {791} + 1 {792} + 1 {793} + 1 {794}
[TEST] {305} tested=5/5 | kept=0 | rest=0
[DEBUG] mihomo split-small | branch={305} | size=5 | parse=0 | names=[ChromeGO-Merge] United States vmess 26,[ChromeGO-Merge] None vmess 29,[ChromeGO-Merge] United States vmess 210...+2 | err=-
[WARN] batch start failed | size=5 {305} | split=1 {795} + 1 {796} + 1 {797} + 1 {798} + 1 {799}
[TEST] {299} tested=9/9 | kept=0 | rest=0
[WARN] batch start failed | size=9 {299} | split=4 {800} + 5 {801}
[TEST] {307} tested=9/9 | kept=0 | rest=0
[WARN] batch start failed | size=9 {307} | split=4 {802} + 5 {803}
[TEST] {308} tested=1/1 | kept=0 | rest=0
[DEBUG] mihomo isolate | branch={308} | size=1 | parse=0 | names=[ChromeGO-Merge] 🇹🇼 Taiwan_hy_6 | err=-
[DEBUG] mihomo drop | branch={308} | size=1 | parse=0 | names=[ChromeGO-Merge] 🇹🇼 Taiwan_hy_6 | err=-
[DROP] name=[ChromeGO-Merge] 🇹🇼 Taiwan_hy_6 {308} | server=www2.dtku48.xyz:22334 | reason=mihomo start failed
[TEST] {300} tested=9/9 | kept=0 | rest=0
[WARN] batch start failed | size=9 {300} | split=4 {804} + 5 {805}
[TEST] {302} tested=8/8 | kept=0 | rest=0
[DEBUG] mihomo split-small | branch={302} | size=8 | parse=0 | names=[Pawdroid-SS-APK] United+States-37,[Pawdroid-SS-APK] United+States-38,[Pawdroid-SS-APK] vless-20...+5 | err=-
[WARN] batch start failed | size=8 {302} | split=1 {806} + 1 {807} + 1 {808} + 1 {809} + 1 {810} + 1 {811} + 1 {812} + 1 {813}
[TEST] {311} tested=1/1 | kept=0 | rest=0
[DEBUG] mihomo isolate | branch={311} | size=1 | parse=0 | names=[ChromeGO-Merge] 🇹🇼 Taiwan_hy_9 | err=-
[DEBUG] mihomo drop | branch={311} | size=1 | parse=0 | names=[ChromeGO-Merge] 🇹🇼 Taiwan_hy_9 | err=-
[DROP] name=[ChromeGO-Merge] 🇹🇼 Taiwan_hy_9 {311} | server=www.dtku50.xyz:18470 | reason=mihomo start failed
[TEST] {306} tested=8/8 | kept=0 | rest=0
[DEBUG] mihomo split-small | branch={306} | size=8 | parse=0 | names=[Pawdroid-SS-APK] United+States-42,[Pawdroid-SS-APK] vless-29,[Pawdroid-SS-APK] United+States-43...+5 | err=-
[WARN] batch start failed | size=8 {306} | split=1 {814} + 1 {815} + 1 {816} + 1 {817} + 1 {818} + 1 {819} + 1 {820} + 1 {821}
[TEST] {309} tested=1/1 | kept=0 | rest=0
[DEBUG] mihomo isolate | branch={309} | size=1 | parse=0 | names=[ChromeGO-Merge] 🇫🇷 France_hy2_7 | err=-
[DEBUG] mihomo drop | branch={309} | size=1 | parse=0 | names=[ChromeGO-Merge] 🇫🇷 France_hy2_7 | err=-
[DROP] name=[ChromeGO-Merge] 🇫🇷 France_hy2_7 {309} | server=51.158.54.46:44550 | reason=mihomo start failed
[TEST] {313} tested=1/1 | kept=0 | rest=0
[DEBUG] mihomo isolate | branch={313} | size=1 | parse=0 | names=[ChromeGO-Merge] 🇺🇸 United States_hyster | err=-
[DEBUG] mihomo drop | branch={313} | size=1 | parse=0 | names=[ChromeGO-Merge] 🇺🇸 United States_hyster | err=-
[DROP] name=[ChromeGO-Merge] 🇺🇸 United States_hysteria_1 {313} | server=173.234.25.52:30072 | reason=mihomo start failed
[TEST] {310} tested=1/1 | kept=0 | rest=0
[DEBUG] mihomo isolate | branch={310} | size=1 | parse=0 | names=[ChromeGO-Merge] 🇺🇸 United States_hy2_8 | err=-
[DEBUG] mihomo drop | branch={310} | size=1 | parse=0 | names=[ChromeGO-Merge] 🇺🇸 United States_hy2_8 | err=-
[DROP] name=[ChromeGO-Merge] 🇺🇸 United States_hy2_8 {310} | server=45.150.165.84:8881 | reason=mihomo start failed
[TEST] {312} tested=1/1 | kept=0 | rest=0
[DEBUG] mihomo isolate | branch={312} | size=1 | parse=0 | names=[ChromeGO-Merge] 🇫🇷 France_hysteria_0 | err=-
[DEBUG] mihomo drop | branch={312} | size=1 | parse=0 | names=[ChromeGO-Merge] 🇫🇷 France_hysteria_0 | err=-
[DROP] name=[ChromeGO-Merge] 🇫🇷 France_hysteria_0 {312} | server=51.158.54.46:55396 | reason=mihomo start failed
[TEST] {315} tested=1/1 | kept=0 | rest=0
[DEBUG] mihomo isolate | branch={315} | size=1 | parse=0 | names=[ChromeGO-Merge] 🇺🇸 United States_hyster | err=-
[DEBUG] mihomo drop | branch={315} | size=1 | parse=0 | names=[ChromeGO-Merge] 🇺🇸 United States_hyster | err=-
[DROP] name=[ChromeGO-Merge] 🇺🇸 United States_hysteria_3 {315} | server=167.160.91.115:41189 | reason=mihomo start failed
[TEST] {314} tested=1/1 | kept=0 | rest=0
[DEBUG] mihomo isolate | branch={314} | size=1 | parse=0 | names=[ChromeGO-Merge] 🇺🇸 United States_hyster | err=-
[DEBUG] mihomo drop | branch={314} | size=1 | parse=0 | names=[ChromeGO-Merge] 🇺🇸 United States_hyster | err=-
[DROP] name=[ChromeGO-Merge] 🇺🇸 United States_hysteria_2 {314} | server=108.181.22.239:39967 | reason=mihomo start failed
[TEST] {316} tested=4/4 | kept=0 | rest=0
[DEBUG] mihomo split-small | branch={316} | size=4 | parse=0 | names=[ChromeGO-Merge] 🇫🇷 France_hysteria2_0,[ChromeGO-Merge] 🇺🇸 United States_hyster,[ChromeGO-Merge] 🇫🇷 France_hysteria2_2...+1 | err=-
[WARN] batch start failed | size=4 {316} | split=1 {822} + 1 {823} + 1 {824} + 1 {825}
[TEST] {317} tested=5/5 | kept=0 | rest=0
[DEBUG] mihomo split-small | branch={317} | size=5 | parse=0 | names=[ChromeGO-Merge] 🇺🇸 United States_vless_,[ChromeGO-Merge] Canada vmess 04,[ChromeGO-Merge] None vmess 05...+2 | err=-
[WARN] batch start failed | size=5 {317} | split=1 {826} + 1 {827} + 1 {828} + 1 {829} + 1 {830}
[TEST] {318} tested=1/1 | kept=0 | rest=0
[DEBUG] mihomo isolate | branch={318} | size=1 | parse=0 | names=[ChromeGO-Merge] None vmess 011 | err=-
[DEBUG] mihomo drop | branch={318} | size=1 | parse=0 | names=[ChromeGO-Merge] None vmess 011 | err=-
[DROP] name=[ChromeGO-Merge] None vmess 011 {318} | server=yh1.dtku41.xyz:8080 | reason=mihomo start failed
[TEST] {319} tested=1/1 | kept=0 | rest=0
[DEBUG] mihomo isolate | branch={319} | size=1 | parse=0 | names=[ChromeGO-Merge] None vmess 012 | err=-
[DEBUG] mihomo drop | branch={319} | size=1 | parse=0 | names=[ChromeGO-Merge] None vmess 012 | err=-
[DROP] name=[ChromeGO-Merge] None vmess 012 {319} | server=yh1.dtku41.xyz:8080 | reason=mihomo start failed
[TEST] {323} tested=1/1 | kept=0 | rest=0
[DEBUG] mihomo isolate | branch={323} | size=1 | parse=0 | names=[ChromeGO-Merge] None vmess 11 | err=-
[DEBUG] mihomo drop | branch={323} | size=1 | parse=0 | names=[ChromeGO-Merge] None vmess 11 | err=-
[DROP] name=[ChromeGO-Merge] None vmess 11 {323} | server=fbi.gov:8080 | reason=mihomo start failed
[TEST] {324} tested=1/1 | kept=0 | rest=0
[DEBUG] mihomo isolate | branch={324} | size=1 | parse=0 | names=[ChromeGO-Merge] None vmess 13 | err=-
[DEBUG] mihomo drop | branch={324} | size=1 | parse=0 | names=[ChromeGO-Merge] None vmess 13 | err=-
[DROP] name=[ChromeGO-Merge] None vmess 13 {324} | server=fbi.gov:8080 | reason=mihomo start failed
[TEST] {325} tested=1/1 | kept=0 | rest=0
[DEBUG] mihomo isolate | branch={325} | size=1 | parse=0 | names=[ChromeGO-Merge] None vmess 14 | err=-
[DEBUG] mihomo drop | branch={325} | size=1 | parse=0 | names=[ChromeGO-Merge] None vmess 14 | err=-
[DROP] name=[ChromeGO-Merge] None vmess 14 {325} | server=fbi.gov:8080 | reason=mihomo start failed
[TEST] {328} tested=1/1 | kept=0 | rest=0
[DEBUG] mihomo isolate | branch={328} | size=1 | parse=0 | names=[免费节点10] 🇺🇸 US 704 → tg@nicevpn123 | err=-
[DEBUG] mihomo drop | branch={328} | size=1 | parse=0 | names=[免费节点10] 🇺🇸 US 704 → tg@nicevpn123 | err=-
[DROP] name=[免费节点10] 🇺🇸 US 704 → tg@nicevpn123 {328} | server=104.19.45.25:2095 | reason=mihomo start failed
[TEST] {327} tested=1/1 | kept=0 | rest=0
[DEBUG] mihomo isolate | branch={327} | size=1 | parse=0 | names=[免费节点10] 🇺🇸 US 703 → tg@nicevpn123 | err=-
[DEBUG] mihomo drop | branch={327} | size=1 | parse=0 | names=[免费节点10] 🇺🇸 US 703 → tg@nicevpn123 | err=-
[DROP] name=[免费节点10] 🇺🇸 US 703 → tg@nicevpn123 {327} | server=104.19.45.136:2095 | reason=mihomo start failed
[TEST] {320} tested=1/1 | kept=0 | rest=0
[DEBUG] mihomo isolate | branch={320} | size=1 | parse=0 | names=[ChromeGO-Merge] None vmess 013 | err=-
[DEBUG] mihomo drop | branch={320} | size=1 | parse=0 | names=[ChromeGO-Merge] None vmess 013 | err=-
[DROP] name=[ChromeGO-Merge] None vmess 013 {320} | server=yh2.dtku41.xyz:8080 | reason=mihomo start failed
[TEST] {329} tested=1/1 | kept=0 | rest=0
[DEBUG] mihomo isolate | branch={329} | size=1 | parse=0 | names=[免费节点10] 🇺🇸 US 705 → tg@nicevpn123 | err=-
[DEBUG] mihomo drop | branch={329} | size=1 | parse=0 | names=[免费节点10] 🇺🇸 US 705 → tg@nicevpn123 | err=-
[DROP] name=[免费节点10] 🇺🇸 US 705 → tg@nicevpn123 {329} | server=38.110.1.105:9090 | reason=mihomo start failed
[TEST] {326} tested=1/1 | kept=0 | rest=0
[DEBUG] mihomo isolate | branch={326} | size=1 | parse=0 | names=[免费节点10] 🇺🇸 US 702 → tg@nicevpn123 | err=-
[DEBUG] mihomo drop | branch={326} | size=1 | parse=0 | names=[免费节点10] 🇺🇸 US 702 → tg@nicevpn123 | err=-
[DROP] name=[免费节点10] 🇺🇸 US 702 → tg@nicevpn123 {326} | server=104.16.60.8:2095 | reason=mihomo start failed
[TEST] {330} tested=1/1 | kept=0 | rest=0
[DEBUG] mihomo isolate | branch={330} | size=1 | parse=0 | names=[免费节点10] 🇺🇸 US 706 → tg@nicevpn123 | err=-
[DEBUG] mihomo drop | branch={330} | size=1 | parse=0 | names=[免费节点10] 🇺🇸 US 706 → tg@nicevpn123 | err=-
[DROP] name=[免费节点10] 🇺🇸 US 706 → tg@nicevpn123 {330} | server=104.19.42.171:2082 | reason=mihomo start failed
[TEST] {331} tested=1/1 | kept=0 | rest=0
[DEBUG] mihomo isolate | branch={331} | size=1 | parse=0 | names=[免费节点10] 🇺🇸 US 707 → tg@nicevpn123 | err=-
[DEBUG] mihomo drop | branch={331} | size=1 | parse=0 | names=[免费节点10] 🇺🇸 US 707 → tg@nicevpn123 | err=-
[DROP] name=[免费节点10] 🇺🇸 US 707 → tg@nicevpn123 {331} | server=series-a2-mec.samanehha.co:443 | reason=mihomo start failed
[TEST] {321} tested=1/1 | kept=0 | rest=0
[DEBUG] mihomo isolate | branch={321} | size=1 | parse=0 | names=[ChromeGO-Merge] None vmess 014 | err=-
[DEBUG] mihomo drop | branch={321} | size=1 | parse=0 | names=[ChromeGO-Merge] None vmess 014 | err=-
[DROP] name=[ChromeGO-Merge] None vmess 014 {321} | server=yh2.dtku41.xyz:8080 | reason=mihomo start failed
[TEST] {322} tested=1/1 | kept=0 | rest=0
[DEBUG] mihomo isolate | branch={322} | size=1 | parse=0 | names=[ChromeGO-Merge] None vmess 016 | err=-
[DEBUG] mihomo drop | branch={322} | size=1 | parse=0 | names=[ChromeGO-Merge] None vmess 016 | err=-
[DROP] name=[ChromeGO-Merge] None vmess 016 {322} | server=yh2.dtku41.xyz:8080 | reason=mihomo start failed
[TEST] {332} tested=1/1 | kept=0 | rest=0
[DEBUG] mihomo isolate | branch={332} | size=1 | parse=0 | names=[免费节点10] 🇺🇸 US 709 → tg@nicevpn123 | err=-
[DEBUG] mihomo drop | branch={332} | size=1 | parse=0 | names=[免费节点10] 🇺🇸 US 709 → tg@nicevpn123 | err=-
[DROP] name=[免费节点10] 🇺🇸 US 709 → tg@nicevpn123 {332} | server=52.33.243.193:443 | reason=mihomo start failed
[TEST] {336} tested=1/1 | kept=0 | rest=0
[DEBUG] mihomo isolate | branch={336} | size=1 | parse=0 | names=[免费节点10] 🇺🇸 US 684 → tg@nicevpn123 | err=-
[DEBUG] mihomo drop | branch={336} | size=1 | parse=0 | names=[免费节点10] 🇺🇸 US 684 → tg@nicevpn123 | err=-
[DROP] name=[免费节点10] 🇺🇸 US 684 → tg@nicevpn123 {336} | server=172.233.164.254:16899 | reason=mihomo start failed
[TEST] {333} tested=1/1 | kept=0 | rest=0
[DEBUG] mihomo isolate | branch={333} | size=1 | parse=0 | names=[免费节点10] 🇺🇸 US 710 → tg@nicevpn123 | err=-
[DEBUG] mihomo drop | branch={333} | size=1 | parse=0 | names=[免费节点10] 🇺🇸 US 710 → tg@nicevpn123 | err=-
[DROP] name=[免费节点10] 🇺🇸 US 710 → tg@nicevpn123 {333} | server=38.38.148.238:37001 | reason=mihomo start failed
[TEST] {338} tested=1/1 | kept=0 | rest=0
[DEBUG] mihomo isolate | branch={338} | size=1 | parse=0 | names=[免费节点10] 🇺🇸 US 686 → tg@nicevpn123 | err=-
[DEBUG] mihomo drop | branch={338} | size=1 | parse=0 | names=[免费节点10] 🇺🇸 US 686 → tg@nicevpn123 | err=-
[DROP] name=[免费节点10] 🇺🇸 US 686 → tg@nicevpn123 {338} | server=hk.wish.ml:2052 | reason=mihomo start failed
[TEST] {340} tested=1/1 | kept=0 | rest=0
[DEBUG] mihomo isolate | branch={340} | size=1 | parse=0 | names=[免费节点10] 🇺🇸 US 688 → tg@nicevpn123 | err=-
[DEBUG] mihomo drop | branch={340} | size=1 | parse=0 | names=[免费节点10] 🇺🇸 US 688 → tg@nicevpn123 | err=-
[DROP] name=[免费节点10] 🇺🇸 US 688 → tg@nicevpn123 {340} | server=104.19.45.70:2082 | reason=mihomo start failed
[TEST] {339} tested=1/1 | kept=0 | rest=0
[DEBUG] mihomo isolate | branch={339} | size=1 | parse=0 | names=[免费节点10] 🇺🇸 US 687 → tg@nicevpn123 | err=-
[DEBUG] mihomo drop | branch={339} | size=1 | parse=0 | names=[免费节点10] 🇺🇸 US 687 → tg@nicevpn123 | err=-
[DROP] name=[免费节点10] 🇺🇸 US 687 → tg@nicevpn123 {339} | server=104.21.80.53:2053 | reason=mihomo start failed
[TEST] {334} tested=4/4 | kept=0 | rest=0
[DEBUG] mihomo split-small | branch={334} | size=4 | parse=0 | names=[免费节点10] 🇺🇸 US 711 → tg@nicevpn123,[免费节点10] 🇺🇸 US 712 → tg@nicevpn123,[免费节点10] 🇺🇸 US 713 → tg@nicevpn123...+1 | err=-
[WARN] batch start failed | size=4 {334} | split=1 {831} + 1 {832} + 1 {833} + 1 {834}
[TEST] {342} tested=1/1 | kept=0 | rest=0
[DEBUG] mihomo isolate | branch={342} | size=1 | parse=0 | names=[免费节点10] 🇺🇸 US 69 → tg@nicevpn123 | err=-
[DEBUG] mihomo drop | branch={342} | size=1 | parse=0 | names=[免费节点10] 🇺🇸 US 69 → tg@nicevpn123 | err=-
[DROP] name=[免费节点10] 🇺🇸 US 69 → tg@nicevpn123 {342} | server=104.16.40.69:2082 | reason=mihomo start failed
[TEST] {335} tested=5/5 | kept=0 | rest=0
[DEBUG] mihomo split-small | branch={335} | size=5 | parse=0 | names=[免费节点10] 🇺🇸 US 715 → tg@nicevpn123,[免费节点10] 🇺🇸 US 716 → tg@nicevpn123,[免费节点10] 🇺🇸 US 717 → tg@nicevpn123...+2 | err=-
[WARN] batch start failed | size=5 {335} | split=1 {835} + 1 {836} + 1 {837} + 1 {838} + 1 {839}
[TEST] {344} tested=4/4 | kept=0 | rest=0
[DEBUG] mihomo split-small | branch={344} | size=4 | parse=0 | names=[免费节点10] 🇺🇸 US 753 → tg@nicevpn123,[免费节点10] 🇺🇸 US 754 → tg@nicevpn123,[免费节点10] 🇺🇸 US 756 → tg@nicevpn123...+1 | err=-
[WARN] batch start failed | size=4 {344} | split=1 {840} + 1 {841} + 1 {842} + 1 {843}
[TEST] {345} tested=5/5 | kept=0 | rest=0
[DEBUG] mihomo split-small | branch={345} | size=5 | parse=0 | names=[免费节点10] 🇺🇸 US 758 → tg@nicevpn123,[免费节点10] 🇺🇸 US 759 → tg@nicevpn123,[免费节点10] 🇺🇸 US 760 → tg@nicevpn123...+2 | err=-
[WARN] batch start failed | size=5 {345} | split=1 {844} + 1 {845} + 1 {846} + 1 {847} + 1 {848}
[TEST] {337} tested=1/1 | kept=0 | rest=0
[DEBUG] mihomo isolate | branch={337} | size=1 | parse=0 | names=[免费节点10] 🇺🇸 US 685 → tg@nicevpn123 | err=-
[DEBUG] mihomo drop | branch={337} | size=1 | parse=0 | names=[免费节点10] 🇺🇸 US 685 → tg@nicevpn123 | err=-
[DROP] name=[免费节点10] 🇺🇸 US 685 → tg@nicevpn123 {337} | server=fcdn.flha.ru:2095 | reason=mihomo start failed
[TEST] {346} tested=4/4 | kept=0 | rest=0
[DEBUG] mihomo split-small | branch={346} | size=4 | parse=0 | names=[免费节点10] 🇺🇸 US 692 → tg@nicevpn123,[免费节点10] 🇺🇸 US 694 → tg@nicevpn123,[免费节点10] 🇺🇸 US 695 → tg@nicevpn123...+1 | err=-
[WARN] batch start failed | size=4 {346} | split=1 {849} + 1 {850} + 1 {851} + 1 {852}
[TEST] {341} tested=1/1 | kept=0 | rest=0
[DEBUG] mihomo isolate | branch={341} | size=1 | parse=0 | names=[免费节点10] 🇺🇸 US 689 → tg@nicevpn123 | err=-
[DEBUG] mihomo drop | branch={341} | size=1 | parse=0 | names=[免费节点10] 🇺🇸 US 689 → tg@nicevpn123 | err=-
[DROP] name=[免费节点10] 🇺🇸 US 689 → tg@nicevpn123 {341} | server=38.110.1.202:8090 | reason=mihomo start failed
[TEST] {348} tested=4/4 | kept=0 | rest=0
[DEBUG] mihomo split-small | branch={348} | size=4 | parse=0 | names=[免费节点10] 🇺🇸 US 743 → tg@nicevpn123,[免费节点10] 🇺🇸 US 744 → tg@nicevpn123,[免费节点10] 🇺🇸 US 745 → tg@nicevpn123...+1 | err=-
[WARN] batch start failed | size=4 {348} | split=1 {853} + 1 {854} + 1 {855} + 1 {856}
[TEST] {350} tested=1/1 | kept=0 | rest=0
[DEBUG] mihomo isolate | branch={350} | size=1 | parse=0 | names=[免费节点10] 🇺🇸 US 72 → tg@nicevpn123 | err=-
[DEBUG] mihomo drop | branch={350} | size=1 | parse=0 | names=[免费节点10] 🇺🇸 US 72 → tg@nicevpn123 | err=-
[DROP] name=[免费节点10] 🇺🇸 US 72 → tg@nicevpn123 {350} | server=0i4ui-g03.jp03-7d22-vm0.entry.fr0307a.art:21583 | reason=mihomo start failed
[TEST] {343} tested=1/1 | kept=0 | rest=0
[DEBUG] mihomo isolate | branch={343} | size=1 | parse=0 | names=[免费节点10] 🇺🇸 US 690 → tg@nicevpn123 | err=-
[DEBUG] mihomo drop | branch={343} | size=1 | parse=0 | names=[免费节点10] 🇺🇸 US 690 → tg@nicevpn123 | err=-
[DROP] name=[免费节点10] 🇺🇸 US 690 → tg@nicevpn123 {343} | server=34.217.86.31:17415 | reason=mihomo start failed
[TEST] {351} tested=1/1 | kept=0 | rest=0
[DEBUG] mihomo isolate | branch={351} | size=1 | parse=0 | names=[免费节点10] 🇺🇸 US 720 → tg@nicevpn123 | err=-
[DEBUG] mihomo drop | branch={351} | size=1 | parse=0 | names=[免费节点10] 🇺🇸 US 720 → tg@nicevpn123 | err=-
[DROP] name=[免费节点10] 🇺🇸 US 720 → tg@nicevpn123 {351} | server=104.21.36.26:8443 | reason=mihomo start failed
[TEST] {353} tested=1/1 | kept=0 | rest=0
[DEBUG] mihomo isolate | branch={353} | size=1 | parse=0 | names=[免费节点10] 🇺🇸 US 723 → tg@nicevpn123 | err=-
[DEBUG] mihomo drop | branch={353} | size=1 | parse=0 | names=[免费节点10] 🇺🇸 US 723 → tg@nicevpn123 | err=-
[DROP] name=[免费节点10] 🇺🇸 US 723 → tg@nicevpn123 {353} | server=172.66.213.38:443 | reason=mihomo start failed
[TEST] {354} tested=1/1 | kept=0 | rest=0
[DEBUG] mihomo isolate | branch={354} | size=1 | parse=0 | names=[免费节点10] 🇺🇸 US 725 → tg@nicevpn123 | err=-
[DEBUG] mihomo drop | branch={354} | size=1 | parse=0 | names=[免费节点10] 🇺🇸 US 725 → tg@nicevpn123 | err=-
[DROP] name=[免费节点10] 🇺🇸 US 725 → tg@nicevpn123 {354} | server=104.19.45.86:2095 | reason=mihomo start failed
[TEST] {356} tested=1/1 | kept=0 | rest=0
[DEBUG] mihomo isolate | branch={356} | size=1 | parse=0 | names=[免费节点10] 🇺🇸 US 727 → tg@nicevpn123 | err=-
[DEBUG] mihomo drop | branch={356} | size=1 | parse=0 | names=[免费节点10] 🇺🇸 US 727 → tg@nicevpn123 | err=-
[DROP] name=[免费节点10] 🇺🇸 US 727 → tg@nicevpn123 {356} | server=104.21.28.62:443 | reason=mihomo start failed
[TEST] {355} tested=1/1 | kept=0 | rest=0
[DEBUG] mihomo isolate | branch={355} | size=1 | parse=0 | names=[免费节点10] 🇺🇸 US 726 → tg@nicevpn123 | err=-
[DEBUG] mihomo drop | branch={355} | size=1 | parse=0 | names=[免费节点10] 🇺🇸 US 726 → tg@nicevpn123 | err=-
[DROP] name=[免费节点10] 🇺🇸 US 726 → tg@nicevpn123 {355} | server=192.227.206.115:16899 | reason=mihomo start failed
[TEST] {357} tested=1/1 | kept=0 | rest=0
[DEBUG] mihomo isolate | branch={357} | size=1 | parse=0 | names=[免费节点10] 🇺🇸 US 728 → tg@nicevpn123 | err=-
[DEBUG] mihomo drop | branch={357} | size=1 | parse=0 | names=[免费节点10] 🇺🇸 US 728 → tg@nicevpn123 | err=-
[DROP] name=[免费节点10] 🇺🇸 US 728 → tg@nicevpn123 {357} | server=104.16.43.29:2082 | reason=mihomo start failed
[TEST] {347} tested=5/5 | kept=0 | rest=0
[DEBUG] mihomo split-small | branch={347} | size=5 | parse=0 | names=[免费节点10] 🇺🇸 US 699 → tg@nicevpn123,[免费节点10] 🇺🇸 US 7 → tg@nicevpn123,[免费节点10] 🇺🇸 US 70 → tg@nicevpn123...+2 | err=-
[WARN] batch start failed | size=5 {347} | split=1 {857} + 1 {858} + 1 {859} + 1 {860} + 1 {861}
[DEBUG] mihomo start-fail | branch={359} | size=5 | parse=1 | rc=1 | names=[Pawdroid-SS-APK] United+Kingdom,[Pawdroid-SS-APK] United+Kingdom-2,[Pawdroid-SS-APK] United+States-10...+2 | err=rc=1 Mihomo exited before controller became ready time="2026-09-28T14:11:31.598707212Z" level=info msg="Start initial configuration in progress" time="2026-09-28T14:11:31.598867151Z" level=fatal msg="Parse config error: proxy 4: ss 82.38...
[DEBUG] mihomo split-small | branch={359} | size=5 | parse=1 | names=[Pawdroid-SS-APK] United+Kingdom,[Pawdroid-SS-APK] United+Kingdom-2,[Pawdroid-SS-APK] United+States-10...+2 | err=Mihomo exited before controller became ready time="2026-09-28T14:11:31.598707212Z" level=info msg="Start initial configuration in progress" time="2026-09-28T14:11:31.598867151Z" level=fatal msg="Parse config error: proxy 4: ss 82.38.31.1...
[WARN] batch start failed | size=5 {359} | split=1 {862} + 1 {863} + 1 {864} + 1 {865} + 1 {866}
[TEST] {349} tested=5/5 | kept=0 | rest=0
[DEBUG] mihomo split-small | branch={349} | size=5 | parse=0 | names=[免费节点10] 🇺🇸 US 748 → tg@nicevpn123,[免费节点10] 🇺🇸 US 749 → tg@nicevpn123,[免费节点10] 🇺🇸 US 750 → tg@nicevpn123...+2 | err=-
[WARN] batch start failed | size=5 {349} | split=1 {867} + 1 {868} + 1 {869} + 1 {870} + 1 {871}
[TEST] {867} tested=1/1 | kept=0 | rest=0
[DEBUG] mihomo isolate | branch={867} | size=1 | parse=0 | names=[免费节点10] 🇺🇸 US 748 → tg@nicevpn123 | err=-
[DEBUG] mihomo drop | branch={867} | size=1 | parse=0 | names=[免费节点10] 🇺🇸 US 748 → tg@nicevpn123 | err=-
[DROP] name=[免费节点10] 🇺🇸 US 748 → tg@nicevpn123 {867} | server=173.245.58.37:443 | reason=mihomo start failed
[TEST] {360} tested=4/4 | kept=0 | rest=0
[DEBUG] mihomo split-small | branch={360} | size=4 | parse=0 | names=[免费节点10] 🇺🇸 US 730 → tg@nicevpn123,[免费节点10] 🇺🇸 US 733 → tg@nicevpn123,[免费节点10] 🇺🇸 US 735 → tg@nicevpn123...+1 | err=-
[WARN] batch start failed | size=4 {360} | split=1 {872} + 1 {873} + 1 {874} + 1 {875}
[TEST] {362} tested=1/1 | kept=0 | rest=0
[DEBUG] mihomo isolate | branch={362} | size=1 | parse=0 | names=[免费节点10] 🇺🇸 US 806 → tg@nicevpn123 | err=-
[DEBUG] mihomo drop | branch={362} | size=1 | parse=0 | names=[免费节点10] 🇺🇸 US 806 → tg@nicevpn123 | err=-
[DROP] name=[免费节点10] 🇺🇸 US 806 → tg@nicevpn123 {362} | server=kr01.iepl1.me:8880 | reason=mihomo start failed
[TEST] {364} tested=1/1 | kept=0 | rest=0
[DEBUG] mihomo isolate | branch={364} | size=1 | parse=0 | names=[免费节点10] 🇺🇸 US 809 → tg@nicevpn123 | err=-
[DEBUG] mihomo drop | branch={364} | size=1 | parse=0 | names=[免费节点10] 🇺🇸 US 809 → tg@nicevpn123 | err=-
[DROP] name=[免费节点10] 🇺🇸 US 809 → tg@nicevpn123 {364} | server=speed.cloudflare.com:8880 | reason=mihomo start failed
[TEST] {352} tested=1/1 | kept=0 | rest=0
[DEBUG] mihomo isolate | branch={352} | size=1 | parse=0 | names=[免费节点10] 🇺🇸 US 721 → tg@nicevpn123 | err=-
[DEBUG] mihomo drop | branch={352} | size=1 | parse=0 | names=[免费节点10] 🇺🇸 US 721 → tg@nicevpn123 | err=-
[DROP] name=[免费节点10] 🇺🇸 US 721 → tg@nicevpn123 {352} | server=152.70.39.9:26022 | reason=mihomo start failed
[TEST] {365} tested=1/1 | kept=0 | rest=0
[DEBUG] mihomo isolate | branch={365} | size=1 | parse=0 | names=[免费节点10] 🇺🇸 US 81 → tg@nicevpn123 | err=-
[DEBUG] mihomo drop | branch={365} | size=1 | parse=0 | names=[免费节点10] 🇺🇸 US 81 → tg@nicevpn123 | err=-
[DROP] name=[免费节点10] 🇺🇸 US 81 → tg@nicevpn123 {365} | server=104.19.48.233:2082 | reason=mihomo start failed
[TEST] {366} tested=1/1 | kept=0 | rest=0
[DEBUG] mihomo isolate | branch={366} | size=1 | parse=0 | names=[免费节点10] 🇺🇸 US 811 → tg@nicevpn123 | err=-
[DEBUG] mihomo drop | branch={366} | size=1 | parse=0 | names=[免费节点10] 🇺🇸 US 811 → tg@nicevpn123 | err=-
[DROP] name=[免费节点10] 🇺🇸 US 811 → tg@nicevpn123 {366} | server=104.19.42.174:2082 | reason=mihomo start failed
[TEST] {368} tested=1/1 | kept=0 | rest=0
[DEBUG] mihomo isolate | branch={368} | size=1 | parse=0 | names=[免费节点10] 🇺🇸 US 813 → tg@nicevpn123 | err=-
[DEBUG] mihomo drop | branch={368} | size=1 | parse=0 | names=[免费节点10] 🇺🇸 US 813 → tg@nicevpn123 | err=-
[DROP] name=[免费节点10] 🇺🇸 US 813 → tg@nicevpn123 {368} | server=104.19.45.241:2095 | reason=mihomo start failed
[TEST] {369} tested=1/1 | kept=0 | rest=0
[DEBUG] mihomo isolate | branch={369} | size=1 | parse=0 | names=[免费节点10] 🇺🇸 US 814 → tg@nicevpn123 | err=-
[DEBUG] mihomo drop | branch={369} | size=1 | parse=0 | names=[免费节点10] 🇺🇸 US 814 → tg@nicevpn123 | err=-
[DROP] name=[免费节点10] 🇺🇸 US 814 → tg@nicevpn123 {369} | server=104.16.42.12:2082 | reason=mihomo start failed
[TEST] {358} tested=4/4 | kept=0 | rest=0
[DEBUG] mihomo split-small | branch={358} | size=4 | parse=0 | names=[Pawdroid-SS-APK] Singapore-5,[Pawdroid-SS-APK] United+States-9,[Pawdroid-SS-APK] Germany-2...+1 | err=-
[WARN] batch start failed | size=4 {358} | split=1 {876} + 1 {877} + 1 {878} + 1 {879}
[TEST] {371} tested=5/5 | kept=0 | rest=0
[DEBUG] mihomo split-small | branch={371} | size=5 | parse=0 | names=[免费节点10] 🇺🇸 US 82 → tg@nicevpn123,[免费节点10] 🇺🇸 US 822 → tg@nicevpn123,[免费节点10] 🇺🇸 US 824 → tg@nicevpn123...+2 | err=-
[WARN] batch start failed | size=5 {371} | split=1 {880} + 1 {881} + 1 {882} + 1 {883} + 1 {884}
[TEST] {363} tested=1/1 | kept=0 | rest=0
[DEBUG] mihomo isolate | branch={363} | size=1 | parse=0 | names=[免费节点10] 🇺🇸 US 808 → tg@nicevpn123 | err=-
[DEBUG] mihomo drop | branch={363} | size=1 | parse=0 | names=[免费节点10] 🇺🇸 US 808 → tg@nicevpn123 | err=-
[DROP] name=[免费节点10] 🇺🇸 US 808 → tg@nicevpn123 {363} | server=149.28.226.202:37985 | reason=mihomo start failed
[TEST] {367} tested=1/1 | kept=0 | rest=0
[DEBUG] mihomo isolate | branch={367} | size=1 | parse=0 | names=[免费节点10] 🇺🇸 US 812 → tg@nicevpn123 | err=-
[DEBUG] mihomo drop | branch={367} | size=1 | parse=0 | names=[免费节点10] 🇺🇸 US 812 → tg@nicevpn123 | err=-
[DROP] name=[免费节点10] 🇺🇸 US 812 → tg@nicevpn123 {367} | server=38.75.137.105:3389 | reason=mihomo start failed
[TEST] {370} tested=4/4 | kept=0 | rest=0
[DEBUG] mihomo split-small | branch={370} | size=4 | parse=0 | names=[免费节点10] 🇺🇸 US 815 → tg@nicevpn123,[免费节点10] 🇺🇸 US 816 → tg@nicevpn123,[免费节点10] 🇺🇸 US 817 → tg@nicevpn123...+1 | err=-
[WARN] batch start failed | size=4 {370} | split=1 {885} + 1 {886} + 1 {887} + 1 {888}
[TEST] {373} tested=5/5 | kept=0 | rest=0
[DEBUG] mihomo split-small | branch={373} | size=5 | parse=0 | names=[免费节点10] 🇺🇸 US 844 → tg@nicevpn123,[免费节点10] 🇺🇸 US 845 → tg@nicevpn123,[免费节点10] 🇺🇸 US 846 → tg@nicevpn123...+2 | err=-
[WARN] batch start failed | size=5 {373} | split=1 {889} + 1 {890} + 1 {891} + 1 {892} + 1 {893}
[TEST] {372} tested=4/4 | kept=0 | rest=0
[DEBUG] mihomo split-small | branch={372} | size=4 | parse=0 | names=[免费节点10] 🇺🇸 US 839 → tg@nicevpn123,[免费节点10] 🇺🇸 US 840 → tg@nicevpn123,[免费节点10] 🇺🇸 US 841 → tg@nicevpn123...+1 | err=-
[WARN] batch start failed | size=4 {372} | split=1 {894} + 1 {895} + 1 {896} + 1 {897}
[TEST] {375} tested=5/5 | kept=0 | rest=0
[DEBUG] mihomo split-small | branch={375} | size=5 | parse=0 | names=[免费节点10] 🇺🇸 US 832 → tg@nicevpn123,[免费节点10] 🇺🇸 US 834 → tg@nicevpn123,[免费节点10] 🇺🇸 US 835 → tg@nicevpn123...+2 | err=-
[WARN] batch start failed | size=5 {375} | split=1 {898} + 1 {899} + 1 {900} + 1 {901} + 1 {902}
[TEST] {377} tested=1/1 | kept=0 | rest=0
[DEBUG] mihomo isolate | branch={377} | size=1 | parse=0 | names=[Pawdroid-SS-APK] 挪威+V2CROSS.COM | err=-
[DEBUG] mihomo drop | branch={377} | size=1 | parse=0 | names=[Pawdroid-SS-APK] 挪威+V2CROSS.COM | err=-
[DROP] name=[Pawdroid-SS-APK] 挪威+V2CROSS.COM {377} | server=138.124.0.168:8080 | reason=mihomo start failed
[TEST] {374} tested=4/4 | kept=0 | rest=0
[DEBUG] mihomo split-small | branch={374} | size=4 | parse=0 | names=[免费节点10] 🇺🇸 US 827 → tg@nicevpn123,[免费节点10] 🇺🇸 US 828 → tg@nicevpn123,[免费节点10] 🇺🇸 US 829 → tg@nicevpn123...+1 | err=-
[WARN] batch start failed | size=4 {374} | split=1 {903} + 1 {904} + 1 {905} + 1 {906}
[TEST] {376} tested=1/1 | kept=0 | rest=0
[DEBUG] mihomo isolate | branch={376} | size=1 | parse=0 | names=[Pawdroid-SS-APK] 俄罗斯+鞑靼斯坦喀山justhost | err=-
[DEBUG] mihomo drop | branch={376} | size=1 | parse=0 | names=[Pawdroid-SS-APK] 俄罗斯+鞑靼斯坦喀山justhost | err=-
[DROP] name=[Pawdroid-SS-APK] 俄罗斯+鞑靼斯坦喀山justhost {376} | server=els.mangshe.xyz:2056 | reason=mihomo start failed
[TEST] {381} tested=1/1 | kept=0 | rest=0
[DEBUG] mihomo isolate | branch={381} | size=1 | parse=0 | names=[Pawdroid-SS-APK] Singapore | err=-
[DEBUG] mihomo drop | branch={381} | size=1 | parse=0 | names=[Pawdroid-SS-APK] Singapore | err=-
[DROP] name=[Pawdroid-SS-APK] Singapore {381} | server=139.180.133.90:80 | reason=mihomo start failed
[TEST] {378} tested=1/1 | kept=0 | rest=0
[DEBUG] mihomo isolate | branch={378} | size=1 | parse=0 | names=[Pawdroid-SS-APK] 俄罗斯+鞑靼斯坦喀山justhost-2 | err=-
[DEBUG] mihomo drop | branch={378} | size=1 | parse=0 | names=[Pawdroid-SS-APK] 俄罗斯+鞑靼斯坦喀山justhost-2 | err=-
[DROP] name=[Pawdroid-SS-APK] 俄罗斯+鞑靼斯坦喀山justhost-2 {378} | server=ru1.xiaoliyu.cyou:4433 | reason=mihomo start failed
[TEST] {379} tested=1/1 | kept=0 | rest=0
[DEBUG] mihomo isolate | branch={379} | size=1 | parse=0 | names=[Pawdroid-SS-APK] Poland | err=-
[DEBUG] mihomo drop | branch={379} | size=1 | parse=0 | names=[Pawdroid-SS-APK] Poland | err=-
[DROP] name=[Pawdroid-SS-APK] Poland {379} | server=95.40.120.162:8319 | reason=mihomo start failed
[TEST] {382} tested=1/1 | kept=0 | rest=0
[DEBUG] mihomo isolate | branch={382} | size=1 | parse=0 | names=[Pawdroid-SS-APK] Singapore-2 | err=-
[DEBUG] mihomo drop | branch={382} | size=1 | parse=0 | names=[Pawdroid-SS-APK] Singapore-2 | err=-
[DROP] name=[Pawdroid-SS-APK] Singapore-2 {382} | server=176.97.64.144:8388 | reason=mihomo start failed
[TEST] {384} tested=4/4 | kept=0 | rest=0
[DEBUG] mihomo split-small | branch={384} | size=4 | parse=0 | names=[Pawdroid-SS-APK] Singapore-3,[Pawdroid-SS-APK] United+States-2,[Pawdroid-SS-APK] Poland-3...+1 | err=-
[WARN] batch start failed | size=4 {384} | split=1 {907} + 1 {908} + 1 {909} + 1 {910}
[TEST] {386} tested=1/1 | kept=0 | rest=0
[DEBUG] mihomo isolate | branch={386} | size=1 | parse=0 | names=[免费节点10] 🇺🇸 US 767 → tg@nicevpn123 | err=-
[DEBUG] mihomo drop | branch={386} | size=1 | parse=0 | names=[免费节点10] 🇺🇸 US 767 → tg@nicevpn123 | err=-
[DROP] name=[免费节点10] 🇺🇸 US 767 → tg@nicevpn123 {386} | server=104.20.19.18:2087 | reason=mihomo start failed
[TEST] {387} tested=1/1 | kept=0 | rest=0
[DEBUG] mihomo isolate | branch={387} | size=1 | parse=0 | names=[免费节点10] 🇺🇸 US 768 → tg@nicevpn123 | err=-
[DEBUG] mihomo drop | branch={387} | size=1 | parse=0 | names=[免费节点10] 🇺🇸 US 768 → tg@nicevpn123 | err=-
[DROP] name=[免费节点10] 🇺🇸 US 768 → tg@nicevpn123 {387} | server=45.79.9.98:443 | reason=mihomo start failed
[TEST] {380} tested=1/1 | kept=0 | rest=0
[DEBUG] mihomo isolate | branch={380} | size=1 | parse=0 | names=[Pawdroid-SS-APK] Poland-2 | err=-
[DEBUG] mihomo drop | branch={380} | size=1 | parse=0 | names=[Pawdroid-SS-APK] Poland-2 | err=-
[DROP] name=[Pawdroid-SS-APK] Poland-2 {380} | server=95.40.120.162:8316 | reason=mihomo start failed
[TEST] {389} tested=1/1 | kept=0 | rest=0
[DEBUG] mihomo isolate | branch={389} | size=1 | parse=0 | names=[免费节点10] 🇺🇸 US 772 → tg@nicevpn123 | err=-
[DEBUG] mihomo drop | branch={389} | size=1 | parse=0 | names=[免费节点10] 🇺🇸 US 772 → tg@nicevpn123 | err=-
[DROP] name=[免费节点10] 🇺🇸 US 772 → tg@nicevpn123 {389} | server=104.21.225.176:80 | reason=mihomo start failed
[TEST] {391} tested=1/1 | kept=0 | rest=0
[DEBUG] mihomo isolate | branch={391} | size=1 | parse=0 | names=[免费节点10] 🇺🇸 US 775 → tg@nicevpn123 | err=-
[DEBUG] mihomo drop | branch={391} | size=1 | parse=0 | names=[免费节点10] 🇺🇸 US 775 → tg@nicevpn123 | err=-
[DROP] name=[免费节点10] 🇺🇸 US 775 → tg@nicevpn123 {391} | server=sg4g.xn--vhq70hxyat50h6wk.com:80 | reason=mihomo start failed
[TEST] {390} tested=1/1 | kept=0 | rest=0
[DEBUG] mihomo isolate | branch={390} | size=1 | parse=0 | names=[免费节点10] 🇺🇸 US 773 → tg@nicevpn123 | err=-
[DEBUG] mihomo drop | branch={390} | size=1 | parse=0 | names=[免费节点10] 🇺🇸 US 773 → tg@nicevpn123 | err=-
[DROP] name=[免费节点10] 🇺🇸 US 773 → tg@nicevpn123 {390} | server=sg-full.privateip.net:443 | reason=mihomo start failed
[TEST] {392} tested=1/1 | kept=0 | rest=0
[DEBUG] mihomo isolate | branch={392} | size=1 | parse=0 | names=[免费节点10] 🇺🇸 US 776 → tg@nicevpn123 | err=-
[DEBUG] mihomo drop | branch={392} | size=1 | parse=0 | names=[免费节点10] 🇺🇸 US 776 → tg@nicevpn123 | err=-
[DROP] name=[免费节点10] 🇺🇸 US 776 → tg@nicevpn123 {392} | server=38.110.1.105:8009 | reason=mihomo start failed
[TEST] {393} tested=1/1 | kept=0 | rest=0
[DEBUG] mihomo isolate | branch={393} | size=1 | parse=0 | names=[免费节点10] 🇺🇸 US 777 → tg@nicevpn123 | err=-
[DEBUG] mihomo drop | branch={393} | size=1 | parse=0 | names=[免费节点10] 🇺🇸 US 777 → tg@nicevpn123 | err=-
[DROP] name=[免费节点10] 🇺🇸 US 777 → tg@nicevpn123 {393} | server=104.16.39.217:2082 | reason=mihomo start failed
[TEST] {383} tested=1/1 | kept=0 | rest=0
[DEBUG] mihomo isolate | branch={383} | size=1 | parse=0 | names=[Pawdroid-SS-APK] United+States | err=-
[DEBUG] mihomo drop | branch={383} | size=1 | parse=0 | names=[Pawdroid-SS-APK] United+States | err=-
[DROP] name=[Pawdroid-SS-APK] United+States {383} | server=64.90.7.12:47509 | reason=mihomo start failed
[TEST] {385} tested=5/5 | kept=0 | rest=0
[DEBUG] mihomo split-small | branch={385} | size=5 | parse=0 | names=[Pawdroid-SS-APK] United+States-4,[Pawdroid-SS-APK] Poland-4,[Pawdroid-SS-APK] United+States-5...+2 | err=-
[WARN] batch start failed | size=5 {385} | split=1 {911} + 1 {912} + 1 {913} + 1 {914} + 1 {915}
[TEST] {388} tested=1/1 | kept=0 | rest=0
[DEBUG] mihomo isolate | branch={388} | size=1 | parse=0 | names=[免费节点10] 🇺🇸 US 769 → tg@nicevpn123 | err=-
[DEBUG] mihomo drop | branch={388} | size=1 | parse=0 | names=[免费节点10] 🇺🇸 US 769 → tg@nicevpn123 | err=-
[DROP] name=[免费节点10] 🇺🇸 US 769 → tg@nicevpn123 {388} | server=38.121.43.71:5001 | reason=mihomo start failed
[TEST] {394} tested=4/4 | kept=0 | rest=0
[DEBUG] mihomo split-small | branch={394} | size=4 | parse=0 | names=[免费节点10] 🇺🇸 US 778 → tg@nicevpn123,[免费节点10] 🇺🇸 US 779 → tg@nicevpn123,[免费节点10] 🇺🇸 US 78 → tg@nicevpn123...+1 | err=-
[WARN] batch start failed | size=4 {394} | split=1 {916} + 1 {917} + 1 {918} + 1 {919}
[TEST] {398} tested=1/1 | kept=0 | rest=0
[TEST] {395} tested=5/5 | kept=0 | rest=0
[DEBUG] mihomo isolate | branch={398} | size=1 | parse=0 | names=[免费节点10] 🇺🇸 US 787 → tg@nicevpn123 | err=-
[DEBUG] mihomo drop | branch={398} | size=1 | parse=0 | names=[免费节点10] 🇺🇸 US 787 → tg@nicevpn123 | err=-
[DROP] name=[免费节点10] 🇺🇸 US 787 → tg@nicevpn123 {398} | server=104.19.45.17:2095 | reason=mihomo start failed
[DEBUG] mihomo split-small | branch={395} | size=5 | parse=0 | names=[免费节点10] 🇺🇸 US 782 → tg@nicevpn123,[免费节点10] 🇺🇸 US 783 → tg@nicevpn123,[免费节点10] 🇺🇸 US 784 → tg@nicevpn123...+2 | err=-
[WARN] batch start failed | size=5 {395} | split=1 {920} + 1 {921} + 1 {922} + 1 {923} + 1 {924}
[TEST] {400} tested=1/1 | kept=0 | rest=0
[DEBUG] mihomo isolate | branch={400} | size=1 | parse=0 | names=[免费节点10] 🇺🇸 US 79 → tg@nicevpn123 | err=-
[DEBUG] mihomo drop | branch={400} | size=1 | parse=0 | names=[免费节点10] 🇺🇸 US 79 → tg@nicevpn123 | err=-
[DROP] name=[免费节点10] 🇺🇸 US 79 → tg@nicevpn123 {400} | server=104.19.45.92:2095 | reason=mihomo start failed
[TEST] {399} tested=1/1 | kept=0 | rest=0
[DEBUG] mihomo isolate | branch={399} | size=1 | parse=0 | names=[免费节点10] 🇺🇸 US 788 → tg@nicevpn123 | err=-
[DEBUG] mihomo drop | branch={399} | size=1 | parse=0 | names=[免费节点10] 🇺🇸 US 788 → tg@nicevpn123 | err=-
[DROP] name=[免费节点10] 🇺🇸 US 788 → tg@nicevpn123 {399} | server=104.21.225.92:80 | reason=mihomo start failed
[TEST] {397} tested=5/5 | kept=0 | rest=0
[DEBUG] mihomo split-small | branch={397} | size=5 | parse=0 | names=[免费节点10] 🇺🇸 US 800 → tg@nicevpn123,[免费节点10] 🇺🇸 US 801 → tg@nicevpn123,[免费节点10] 🇺🇸 US 803 → tg@nicevpn123...+2 | err=-
[WARN] batch start failed | size=5 {397} | split=1 {925} + 1 {926} + 1 {927} + 1 {928} + 1 {929}
[TEST] {401} tested=1/1 | kept=0 | rest=0
[DEBUG] mihomo isolate | branch={401} | size=1 | parse=0 | names=[免费节点10] 🇺🇸 US 790 → tg@nicevpn123 | err=-
[DEBUG] mihomo drop | branch={401} | size=1 | parse=0 | names=[免费节点10] 🇺🇸 US 790 → tg@nicevpn123 | err=-
[DROP] name=[免费节点10] 🇺🇸 US 790 → tg@nicevpn123 {401} | server=104.19.49.30:443 | reason=mihomo start failed
[TEST] {402} tested=1/1 | kept=0 | rest=0
[DEBUG] mihomo isolate | branch={402} | size=1 | parse=0 | names=[免费节点10] 🇺🇸 US 791 → tg@nicevpn123 | err=-
[DEBUG] mihomo drop | branch={402} | size=1 | parse=0 | names=[免费节点10] 🇺🇸 US 791 → tg@nicevpn123 | err=-
[DROP] name=[免费节点10] 🇺🇸 US 791 → tg@nicevpn123 {402} | server=38.110.1.105:7307 | reason=mihomo start failed
[TEST] {403} tested=1/1 | kept=0 | rest=0
[DEBUG] mihomo isolate | branch={403} | size=1 | parse=0 | names=[免费节点10] 🇺🇸 US 794 → tg@nicevpn123 | err=-
[DEBUG] mihomo drop | branch={403} | size=1 | parse=0 | names=[免费节点10] 🇺🇸 US 794 → tg@nicevpn123 | err=-
[DROP] name=[免费节点10] 🇺🇸 US 794 → tg@nicevpn123 {403} | server=104.16.67.38:2087 | reason=mihomo start failed
[TEST] {404} tested=1/1 | kept=0 | rest=0
[DEBUG] mihomo isolate | branch={404} | size=1 | parse=0 | names=[免费节点10] 🇺🇸 US 795 → tg@nicevpn123 | err=-
[DEBUG] mihomo drop | branch={404} | size=1 | parse=0 | names=[免费节点10] 🇺🇸 US 795 → tg@nicevpn123 | err=-
[DROP] name=[免费节点10] 🇺🇸 US 795 → tg@nicevpn123 {404} | server=104.19.45.132:2095 | reason=mihomo start failed
[TEST] {408} tested=1/1 | kept=0 | rest=0
[DEBUG] mihomo isolate | branch={408} | size=1 | parse=0 | names=[免费节点10] 🇺🇸 US 55 → tg@nicevpn123 | err=-
[DEBUG] mihomo drop | branch={408} | size=1 | parse=0 | names=[免费节点10] 🇺🇸 US 55 → tg@nicevpn123 | err=-
[DROP] name=[免费节点10] 🇺🇸 US 55 → tg@nicevpn123 {408} | server=14.vmessprotocol.telegram-vmessprotocol-channel.space:2086 | reason=mihomo start failed
[TEST] {407} tested=1/1 | kept=0 | rest=0
[DEBUG] mihomo isolate | branch={407} | size=1 | parse=0 | names=[免费节点10] 🇺🇸 US 549 → tg@nicevpn123 | err=-
[DEBUG] mihomo drop | branch={407} | size=1 | parse=0 | names=[免费节点10] 🇺🇸 US 549 → tg@nicevpn123 | err=-
[DROP] name=[免费节点10] 🇺🇸 US 549 → tg@nicevpn123 {407} | server=50.114.243.61:43834 | reason=mihomo start failed
[TEST] {396} tested=4/4 | kept=0 | rest=0
[DEBUG] mihomo split-small | branch={396} | size=4 | parse=0 | names=[免费节点10] 🇺🇸 US 798 → tg@nicevpn123,[免费节点10] 🇺🇸 US 799 → tg@nicevpn123,[免费节点10] 🇺🇸 US 8 → tg@nicevpn123...+1 | err=-
[WARN] batch start failed | size=4 {396} | split=1 {930} + 1 {931} + 1 {932} + 1 {933}
[TEST] {411} tested=1/1 | kept=0 | rest=0
[DEBUG] mihomo isolate | branch={411} | size=1 | parse=0 | names=[免费节点10] 🇺🇸 US 553 → tg@nicevpn123 | err=-
[DEBUG] mihomo drop | branch={411} | size=1 | parse=0 | names=[免费节点10] 🇺🇸 US 553 → tg@nicevpn123 | err=-
[DROP] name=[免费节点10] 🇺🇸 US 553 → tg@nicevpn123 {411} | server=104.19.45.78:2095 | reason=mihomo start failed
[TEST] {410} tested=1/1 | kept=0 | rest=0
[DEBUG] mihomo isolate | branch={410} | size=1 | parse=0 | names=[免费节点10] 🇺🇸 US 552 → tg@nicevpn123 | err=-
[DEBUG] mihomo drop | branch={410} | size=1 | parse=0 | names=[免费节点10] 🇺🇸 US 552 → tg@nicevpn123 | err=-
[DROP] name=[免费节点10] 🇺🇸 US 552 → tg@nicevpn123 {410} | server=104.16.39.94:2082 | reason=mihomo start failed
[TEST] {412} tested=1/1 | kept=0 | rest=0
[DEBUG] mihomo isolate | branch={412} | size=1 | parse=0 | names=[免费节点10] 🇺🇸 US 554 → tg@nicevpn123 | err=-
[DEBUG] mihomo drop | branch={412} | size=1 | parse=0 | names=[免费节点10] 🇺🇸 US 554 → tg@nicevpn123 | err=-
[DROP] name=[免费节点10] 🇺🇸 US 554 → tg@nicevpn123 {412} | server=104.18.29.250:2052 | reason=mihomo start failed
[TEST] {405} tested=1/1 | kept=0 | rest=0
[DEBUG] mihomo isolate | branch={405} | size=1 | parse=0 | names=[免费节点10] 🇺🇸 US 796 → tg@nicevpn123 | err=-
[DEBUG] mihomo drop | branch={405} | size=1 | parse=0 | names=[免费节点10] 🇺🇸 US 796 → tg@nicevpn123 | err=-
[DROP] name=[免费节点10] 🇺🇸 US 796 → tg@nicevpn123 {405} | server=23.26.98.120:998 | reason=mihomo start failed
[TEST] {406} tested=1/1 | kept=0 | rest=0
[DEBUG] mihomo isolate | branch={406} | size=1 | parse=0 | names=[免费节点10] 🇺🇸 US 548 → tg@nicevpn123 | err=-
[DEBUG] mihomo drop | branch={406} | size=1 | parse=0 | names=[免费节点10] 🇺🇸 US 548 → tg@nicevpn123 | err=-
[DROP] name=[免费节点10] 🇺🇸 US 548 → tg@nicevpn123 {406} | server=172.67.57.252:8880 | reason=mihomo start failed
[TEST] {414} tested=4/4 | kept=0 | rest=0
[DEBUG] mihomo split-small | branch={414} | size=4 | parse=0 | names=[免费节点10] 🇺🇸 US 580 → tg@nicevpn123,[免费节点10] 🇺🇸 US 581 → tg@nicevpn123,[免费节点10] 🇺🇸 US 584 → tg@nicevpn123...+1 | err=-
[WARN] batch start failed | size=4 {414} | split=1 {934} + 1 {935} + 1 {936} + 1 {937}
[TEST] {415} tested=5/5 | kept=0 | rest=0
[DEBUG] mihomo split-small | branch={415} | size=5 | parse=0 | names=[免费节点10] 🇺🇸 US 586 → tg@nicevpn123,[免费节点10] 🇺🇸 US 587 → tg@nicevpn123,[免费节点10] 🇺🇸 US 59 → tg@nicevpn123...+2 | err=-
[WARN] batch start failed | size=5 {415} | split=1 {938} + 1 {939} + 1 {940} + 1 {941} + 1 {942}
[TEST] {409} tested=1/1 | kept=0 | rest=0
[DEBUG] mihomo isolate | branch={409} | size=1 | parse=0 | names=[免费节点10] 🇺🇸 US 551 → tg@nicevpn123 | err=-
[DEBUG] mihomo drop | branch={409} | size=1 | parse=0 | names=[免费节点10] 🇺🇸 US 551 → tg@nicevpn123 | err=-
[DROP] name=[免费节点10] 🇺🇸 US 551 → tg@nicevpn123 {409} | server=38.114.114.208:443 | reason=mihomo start failed
[TEST] {413} tested=1/1 | kept=0 | rest=0
[DEBUG] mihomo isolate | branch={413} | size=1 | parse=0 | names=[免费节点10] 🇺🇸 US 555 → tg@nicevpn123 | err=-
[DEBUG] mihomo drop | branch={413} | size=1 | parse=0 | names=[免费节点10] 🇺🇸 US 555 → tg@nicevpn123 | err=-
[DROP] name=[免费节点10] 🇺🇸 US 555 → tg@nicevpn123 {413} | server=38.75.137.105:6379 | reason=mihomo start failed
[TEST] {416} tested=4/4 | kept=0 | rest=0
[DEBUG] mihomo split-small | branch={416} | size=4 | parse=0 | names=[免费节点10] 🇺🇸 US 556 → tg@nicevpn123,[免费节点10] 🇺🇸 US 558 → tg@nicevpn123,[免费节点10] 🇺🇸 US 56 → tg@nicevpn123...+1 | err=-
[WARN] batch start failed | size=4 {416} | split=1 {943} + 1 {944} + 1 {945} + 1 {946}
[TEST] {417} tested=5/5 | kept=0 | rest=0
[DEBUG] mihomo split-small | branch={417} | size=5 | parse=0 | names=[免费节点10] 🇺🇸 US 562 → tg@nicevpn123,[免费节点10] 🇺🇸 US 564 → tg@nicevpn123,[免费节点10] 🇺🇸 US 565 → tg@nicevpn123...+2 | err=-
[WARN] batch start failed | size=5 {417} | split=1 {947} + 1 {948} + 1 {949} + 1 {950} + 1 {951}
[TEST] {422} tested=1/1 | kept=0 | rest=0
[DEBUG] mihomo isolate | branch={422} | size=1 | parse=0 | names=[免费节点10] 🇺🇸 US 510 → tg@nicevpn123 | err=-
[DEBUG] mihomo drop | branch={422} | size=1 | parse=0 | names=[免费节点10] 🇺🇸 US 510 → tg@nicevpn123 | err=-
[DROP] name=[免费节点10] 🇺🇸 US 510 → tg@nicevpn123 {422} | server=104.16.100.23:443 | reason=mihomo start failed
[TEST] {420} tested=1/1 | kept=0 | rest=0
[DEBUG] mihomo isolate | branch={420} | size=1 | parse=0 | names=[免费节点10] 🇺🇸 US 509 → tg@nicevpn123 | err=-
[DEBUG] mihomo drop | branch={420} | size=1 | parse=0 | names=[免费节点10] 🇺🇸 US 509 → tg@nicevpn123 | err=-
[DROP] name=[免费节点10] 🇺🇸 US 509 → tg@nicevpn123 {420} | server=45.77.161.86:443 | reason=mihomo start failed
[TEST] {421} tested=1/1 | kept=0 | rest=0
[DEBUG] mihomo isolate | branch={421} | size=1 | parse=0 | names=[免费节点10] 🇺🇸 US 51 → tg@nicevpn123 | err=-
[DEBUG] mihomo drop | branch={421} | size=1 | parse=0 | names=[免费节点10] 🇺🇸 US 51 → tg@nicevpn123 | err=-
[DROP] name=[免费节点10] 🇺🇸 US 51 → tg@nicevpn123 {421} | server=104.19.44.200:8080 | reason=mihomo start failed
[TEST] {418} tested=4/4 | kept=0 | rest=0
[DEBUG] mihomo split-small | branch={418} | size=4 | parse=0 | names=[免费节点10] 🇺🇸 US 57 → tg@nicevpn123,[免费节点10] 🇺🇸 US 570 → tg@nicevpn123,[免费节点10] 🇺🇸 US 572 → tg@nicevpn123...+1 | err=-
[WARN] batch start failed | size=4 {418} | split=1 {952} + 1 {953} + 1 {954} + 1 {955}
[TEST] {423} tested=1/1 | kept=0 | rest=0
[DEBUG] mihomo isolate | branch={423} | size=1 | parse=0 | names=[免费节点10] 🇺🇸 US 511 → tg@nicevpn123 | err=-
[DEBUG] mihomo drop | branch={423} | size=1 | parse=0 | names=[免费节点10] 🇺🇸 US 511 → tg@nicevpn123 | err=-
[DROP] name=[免费节点10] 🇺🇸 US 511 → tg@nicevpn123 {423} | server=104.19.43.10:80 | reason=mihomo start failed
[TEST] {419} tested=5/5 | kept=0 | rest=0
[DEBUG] mihomo split-small | branch={419} | size=5 | parse=0 | names=[免费节点10] 🇺🇸 US 575 → tg@nicevpn123,[免费节点10] 🇺🇸 US 576 → tg@nicevpn123,[免费节点10] 🇺🇸 US 577 → tg@nicevpn123...+2 | err=-
[WARN] batch start failed | size=5 {419} | split=1 {956} + 1 {957} + 1 {958} + 1 {959} + 1 {960}
[TEST] {424} tested=1/1 | kept=0 | rest=0
[DEBUG] mihomo isolate | branch={424} | size=1 | parse=0 | names=[免费节点10] 🇺🇸 US 512 → tg@nicevpn123 | err=-
[DEBUG] mihomo drop | branch={424} | size=1 | parse=0 | names=[免费节点10] 🇺🇸 US 512 → tg@nicevpn123 | err=-
[DROP] name=[免费节点10] 🇺🇸 US 512 → tg@nicevpn123 {424} | server=15.204.87.225:5003 | reason=mihomo start failed
[TEST] {952} tested=1/1 | kept=0 | rest=0
[DEBUG] mihomo isolate | branch={952} | size=1 | parse=0 | names=[免费节点10] 🇺🇸 US 57 → tg@nicevpn123 | err=-
[DEBUG] mihomo drop | branch={952} | size=1 | parse=0 | names=[免费节点10] 🇺🇸 US 57 → tg@nicevpn123 | err=-
[DROP] name=[免费节点10] 🇺🇸 US 57 → tg@nicevpn123 {952} | server=15.204.87.217:5498 | reason=mihomo start failed
[TEST] {427} tested=1/1 | kept=0 | rest=0
[DEBUG] mihomo isolate | branch={427} | size=1 | parse=0 | names=[免费节点10] 🇺🇸 US 517 → tg@nicevpn123 | err=-
[DEBUG] mihomo drop | branch={427} | size=1 | parse=0 | names=[免费节点10] 🇺🇸 US 517 → tg@nicevpn123 | err=-
[DROP] name=[免费节点10] 🇺🇸 US 517 → tg@nicevpn123 {427} | server=503.outline-vpn.cloud:443 | reason=mihomo start failed
[TEST] {426} tested=1/1 | kept=0 | rest=0
[DEBUG] mihomo isolate | branch={426} | size=1 | parse=0 | names=[免费节点10] 🇺🇸 US 514 → tg@nicevpn123 | err=-
[DEBUG] mihomo drop | branch={426} | size=1 | parse=0 | names=[免费节点10] 🇺🇸 US 514 → tg@nicevpn123 | err=-
[DROP] name=[免费节点10] 🇺🇸 US 514 → tg@nicevpn123 {426} | server=zula.ir:443 | reason=mihomo start failed
[TEST] {429} tested=5/5 | kept=0 | rest=0
[DEBUG] mihomo split-small | branch={429} | size=5 | parse=0 | names=[免费节点10] 🇺🇸 US 521 → tg@nicevpn123,[免费节点10] 🇺🇸 US 522 → tg@nicevpn123,[免费节点10] 🇺🇸 US 524 → tg@nicevpn123...+2 | err=-
[WARN] batch start failed | size=5 {429} | split=1 {961} + 1 {962} + 1 {963} + 1 {964} + 1 {965}
[TEST] {428} tested=4/4 | kept=0 | rest=0
[DEBUG] mihomo split-small | branch={428} | size=4 | parse=0 | names=[免费节点10] 🇺🇸 US 518 → tg@nicevpn123,[免费节点10] 🇺🇸 US 519 → tg@nicevpn123,[免费节点10] 🇺🇸 US 52 → tg@nicevpn123...+1 | err=-
[WARN] batch start failed | size=4 {428} | split=1 {966} + 1 {967} + 1 {968} + 1 {969}
[TEST] {430} tested=4/4 | kept=0 | rest=0
[DEBUG] mihomo split-small | branch={430} | size=4 | parse=0 | names=[免费节点10] 🇺🇸 US 536 → tg@nicevpn123,[免费节点10] 🇺🇸 US 537 → tg@nicevpn123,[免费节点10] 🇺🇸 US 539 → tg@nicevpn123...+1 | err=-
[WARN] batch start failed | size=4 {430} | split=1 {970} + 1 {971} + 1 {972} + 1 {973}
[TEST] {432} tested=1/1 | kept=0 | rest=0
[DEBUG] mihomo isolate | branch={432} | size=1 | parse=0 | names=[免费节点10] 🇺🇸 US 527 → tg@nicevpn123 | err=-
[DEBUG] mihomo drop | branch={432} | size=1 | parse=0 | names=[免费节点10] 🇺🇸 US 527 → tg@nicevpn123 | err=-
[DROP] name=[免费节点10] 🇺🇸 US 527 → tg@nicevpn123 {432} | server=104.16.40.154:2082 | reason=mihomo start failed
[TEST] {434} tested=1/1 | kept=0 | rest=0
[DEBUG] mihomo isolate | branch={434} | size=1 | parse=0 | names=[免费节点10] 🇺🇸 US 53 → tg@nicevpn123 | err=-
[DEBUG] mihomo drop | branch={434} | size=1 | parse=0 | names=[免费节点10] 🇺🇸 US 53 → tg@nicevpn123 | err=-
[DROP] name=[免费节点10] 🇺🇸 US 53 → tg@nicevpn123 {434} | server=104.16.39.228:2082 | reason=mihomo start failed
[TEST] {437} tested=1/1 | kept=0 | rest=0
[DEBUG] mihomo isolate | branch={437} | size=1 | parse=0 | names=[免费节点10] 🇺🇸 US 532 → tg@nicevpn123 | err=-
[DEBUG] mihomo drop | branch={437} | size=1 | parse=0 | names=[免费节点10] 🇺🇸 US 532 → tg@nicevpn123 | err=-
[DROP] name=[免费节点10] 🇺🇸 US 532 → tg@nicevpn123 {437} | server=104.19.128.214:2086 | reason=mihomo start failed
[TEST] {436} tested=1/1 | kept=0 | rest=0
[DEBUG] mihomo isolate | branch={436} | size=1 | parse=0 | names=[免费节点10] 🇺🇸 US 531 → tg@nicevpn123 | err=-
[DEBUG] mihomo drop | branch={436} | size=1 | parse=0 | names=[免费节点10] 🇺🇸 US 531 → tg@nicevpn123 | err=-
[DROP] name=[免费节点10] 🇺🇸 US 531 → tg@nicevpn123 {436} | server=104.21.44.64:443 | reason=mihomo start failed
[TEST] {431} tested=5/5 | kept=0 | rest=0
[DEBUG] mihomo split-small | branch={431} | size=5 | parse=0 | names=[免费节点10] 🇺🇸 US 541 → tg@nicevpn123,[免费节点10] 🇺🇸 US 542 → tg@nicevpn123,[免费节点10] 🇺🇸 US 543 → tg@nicevpn123...+2 | err=-
[WARN] batch start failed | size=5 {431} | split=1 {974} + 1 {975} + 1 {976} + 1 {977} + 1 {978}
[TEST] {438} tested=1/1 | kept=0 | rest=0
[DEBUG] mihomo isolate | branch={438} | size=1 | parse=0 | names=[免费节点10] 🇺🇸 US 534 → tg@nicevpn123 | err=-
[DEBUG] mihomo drop | branch={438} | size=1 | parse=0 | names=[免费节点10] 🇺🇸 US 534 → tg@nicevpn123 | err=-
[DROP] name=[免费节点10] 🇺🇸 US 534 → tg@nicevpn123 {438} | server=au01.freeflyingcloud.xyz:42002 | reason=mihomo start failed
[TEST] {440} tested=1/1 | kept=0 | rest=0
[DEBUG] mihomo isolate | branch={440} | size=1 | parse=0 | names=[免费节点10] 🇺🇸 US 593 → tg@nicevpn123 | err=-
[DEBUG] mihomo drop | branch={440} | size=1 | parse=0 | names=[免费节点10] 🇺🇸 US 593 → tg@nicevpn123 | err=-
[DROP] name=[免费节点10] 🇺🇸 US 593 → tg@nicevpn123 {440} | server=38.110.1.105:9102 | reason=mihomo start failed
[TEST] {441} tested=1/1 | kept=0 | rest=0
[DEBUG] mihomo isolate | branch={441} | size=1 | parse=0 | names=[免费节点10] 🇺🇸 US 595 → tg@nicevpn123 | err=-
[DEBUG] mihomo drop | branch={441} | size=1 | parse=0 | names=[免费节点10] 🇺🇸 US 595 → tg@nicevpn123 | err=-
[DROP] name=[免费节点10] 🇺🇸 US 595 → tg@nicevpn123 {441} | server=best-charm-pediatrician.glitch.me:443 | reason=mihomo start failed
[TEST] {442} tested=1/1 | kept=0 | rest=0
[DEBUG] mihomo isolate | branch={442} | size=1 | parse=0 | names=[免费节点10] 🇺🇸 US 598 → tg@nicevpn123 | err=-
[DEBUG] mihomo drop | branch={442} | size=1 | parse=0 | names=[免费节点10] 🇺🇸 US 598 → tg@nicevpn123 | err=-
[DROP] name=[免费节点10] 🇺🇸 US 598 → tg@nicevpn123 {442} | server=104.16.40.247:2082 | reason=mihomo start failed
[TEST] {443} tested=1/1 | kept=0 | rest=0
[DEBUG] mihomo isolate | branch={443} | size=1 | parse=0 | names=[免费节点10] 🇺🇸 US 6 → tg@nicevpn123 | err=-
[DEBUG] mihomo drop | branch={443} | size=1 | parse=0 | names=[免费节点10] 🇺🇸 US 6 → tg@nicevpn123 | err=-
[DROP] name=[免费节点10] 🇺🇸 US 6 → tg@nicevpn123 {443} | server=oe6wc-g01.jp05-6786-vm0.entry.fr0307a.art:46482 | reason=mihomo start failed
[TEST] {444} tested=1/1 | kept=0 | rest=0
[DEBUG] mihomo isolate | branch={444} | size=1 | parse=0 | names=[免费节点10] 🇺🇸 US 600 → tg@nicevpn123 | err=-
[DEBUG] mihomo drop | branch={444} | size=1 | parse=0 | names=[免费节点10] 🇺🇸 US 600 → tg@nicevpn123 | err=-
[DROP] name=[免费节点10] 🇺🇸 US 600 → tg@nicevpn123 {444} | server=104.19.42.243:2082 | reason=mihomo start failed
[TEST] {447} tested=1/1 | kept=0 | rest=0
[DEBUG] mihomo isolate | branch={447} | size=1 | parse=0 | names=[免费节点10] 🇺🇸 US 604 → tg@nicevpn123 | err=-
[DEBUG] mihomo drop | branch={447} | size=1 | parse=0 | names=[免费节点10] 🇺🇸 US 604 → tg@nicevpn123 | err=-
[DROP] name=[免费节点10] 🇺🇸 US 604 → tg@nicevpn123 {447} | server=173.245.58.11:443 | reason=mihomo start failed
[TEST] {433} tested=1/1 | kept=0 | rest=0
[DEBUG] mihomo isolate | branch={433} | size=1 | parse=0 | names=[免费节点10] 🇺🇸 US 528 → tg@nicevpn123 | err=-
[DEBUG] mihomo drop | branch={433} | size=1 | parse=0 | names=[免费节点10] 🇺🇸 US 528 → tg@nicevpn123 | err=-
[DROP] name=[免费节点10] 🇺🇸 US 528 → tg@nicevpn123 {433} | server=149.28.58.129:45617 | reason=mihomo start failed
[TEST] {435} tested=1/1 | kept=0 | rest=0
[DEBUG] mihomo isolate | branch={435} | size=1 | parse=0 | names=[免费节点10] 🇺🇸 US 530 → tg@nicevpn123 | err=-
[DEBUG] mihomo drop | branch={435} | size=1 | parse=0 | names=[免费节点10] 🇺🇸 US 530 → tg@nicevpn123 | err=-
[DROP] name=[免费节点10] 🇺🇸 US 530 → tg@nicevpn123 {435} | server=216.246.66.205:57616 | reason=mihomo start failed
[TEST] {439} tested=1/1 | kept=0 | rest=0
[DEBUG] mihomo isolate | branch={439} | size=1 | parse=0 | names=[免费节点10] 🇺🇸 US 535 → tg@nicevpn123 | err=-
[DEBUG] mihomo drop | branch={439} | size=1 | parse=0 | names=[免费节点10] 🇺🇸 US 535 → tg@nicevpn123 | err=-
[DROP] name=[免费节点10] 🇺🇸 US 535 → tg@nicevpn123 {439} | server=104.207.133.131:39729 | reason=mihomo start failed
[TEST] {448} tested=4/4 | kept=0 | rest=0
[DEBUG] mihomo split-small | branch={448} | size=4 | parse=0 | names=[免费节点10] 🇺🇸 US 605 → tg@nicevpn123,[免费节点10] 🇺🇸 US 607 → tg@nicevpn123,[免费节点10] 🇺🇸 US 608 → tg@nicevpn123...+1 | err=-
[WARN] batch start failed | size=4 {448} | split=1 {979} + 1 {980} + 1 {981} + 1 {982}
[TEST] {450} tested=4/4 | kept=0 | rest=0
[DEBUG] mihomo split-small | branch={450} | size=4 | parse=0 | names=[免费节点10] 🇺🇸 US 65 → tg@nicevpn123,[免费节点10] 🇺🇸 US 650 → tg@nicevpn123,[免费节点10] 🇺🇸 US 651 → tg@nicevpn123...+1 | err=-
[WARN] batch start failed | size=4 {450} | split=1 {983} + 1 {984} + 1 {985} + 1 {986}
[TEST] {451} tested=5/5 | kept=0 | rest=0
[DEBUG] mihomo split-small | branch={451} | size=5 | parse=0 | names=[免费节点10] 🇺🇸 US 654 → tg@nicevpn123,[免费节点10] 🇺🇸 US 655 → tg@nicevpn123,[免费节点10] 🇺🇸 US 656 → tg@nicevpn123...+2 | err=-
[WARN] batch start failed | size=5 {451} | split=1 {987} + 1 {988} + 1 {989} + 1 {990} + 1 {991}
[TEST] {452} tested=4/4 | kept=0 | rest=0
[DEBUG] mihomo split-small | branch={452} | size=4 | parse=0 | names=[免费节点10] 🇺🇸 US 2032 → tg@nicevpn123,[免费节点10] 🇺🇸 US 2033 → tg@nicevpn123,[免费节点10] 🇺🇸 US 2034 → tg@nicevpn123...+1 | err=-
[WARN] batch start failed | size=4 {452} | split=1 {992} + 1 {993} + 1 {994} + 1 {995}
[TEST] {453} tested=5/5 | kept=0 | rest=0
[DEBUG] mihomo split-small | branch={453} | size=5 | parse=0 | names=[免费节点10] 🇺🇸 US 2036 → tg@nicevpn123,[免费节点10] 🇺🇸 US 2037 → tg@nicevpn123,[免费节点10] 🇺🇸 US 2038 → tg@nicevpn123...+2 | err=-
[WARN] batch start failed | size=5 {453} | split=1 {996} + 1 {997} + 1 {998} + 1 {999} + 1 {1000}
[TEST] {456} tested=1/1 | kept=0 | rest=0
[DEBUG] mihomo isolate | branch={456} | size=1 | parse=0 | names=[免费节点10] 🇺🇸 US 2026 → tg@nicevpn123 | err=-
[DEBUG] mihomo drop | branch={456} | size=1 | parse=0 | names=[免费节点10] 🇺🇸 US 2026 → tg@nicevpn123 | err=-
[DROP] name=[免费节点10] 🇺🇸 US 2026 → tg@nicevpn123 {456} | server=104.19.44.237:80 | reason=mihomo start failed
[TEST] {455} tested=1/1 | kept=0 | rest=0
[DEBUG] mihomo isolate | branch={455} | size=1 | parse=0 | names=[免费节点10] 🇺🇸 US 2025 → tg@nicevpn123 | err=-
[DEBUG] mihomo drop | branch={455} | size=1 | parse=0 | names=[免费节点10] 🇺🇸 US 2025 → tg@nicevpn123 | err=-
[DROP] name=[免费节点10] 🇺🇸 US 2025 → tg@nicevpn123 {455} | server=104.19.44.40:80 | reason=mihomo start failed
[TEST] {457} tested=1/1 | kept=0 | rest=0
[DEBUG] mihomo isolate | branch={457} | size=1 | parse=0 | names=[免费节点10] 🇺🇸 US 2027 → tg@nicevpn123 | err=-
[DEBUG] mihomo drop | branch={457} | size=1 | parse=0 | names=[免费节点10] 🇺🇸 US 2027 → tg@nicevpn123 | err=-
[DROP] name=[免费节点10] 🇺🇸 US 2027 → tg@nicevpn123 {457} | server=104.19.44.205:80 | reason=mihomo start failed
[TEST] {454} tested=1/1 | kept=0 | rest=0
[DEBUG] mihomo isolate | branch={454} | size=1 | parse=0 | names=[免费节点10] 🇺🇸 US 2024 → tg@nicevpn123 | err=-
[DEBUG] mihomo drop | branch={454} | size=1 | parse=0 | names=[免费节点10] 🇺🇸 US 2024 → tg@nicevpn123 | err=-
[DROP] name=[免费节点10] 🇺🇸 US 2024 → tg@nicevpn123 {454} | server=104.19.44.195:80 | reason=mihomo start failed
[TEST] {458} tested=1/1 | kept=0 | rest=0
[DEBUG] mihomo isolate | branch={458} | size=1 | parse=0 | names=[免费节点10] 🇺🇸 US 2028 → tg@nicevpn123 | err=-
[DEBUG] mihomo drop | branch={458} | size=1 | parse=0 | names=[免费节点10] 🇺🇸 US 2028 → tg@nicevpn123 | err=-
[DROP] name=[免费节点10] 🇺🇸 US 2028 → tg@nicevpn123 {458} | server=104.19.44.18:80 | reason=mihomo start failed
[TEST] {460} tested=1/1 | kept=0 | rest=0
[DEBUG] mihomo isolate | branch={460} | size=1 | parse=0 | names=[免费节点10] 🇺🇸 US 2030 → tg@nicevpn123 | err=-
[DEBUG] mihomo drop | branch={460} | size=1 | parse=0 | names=[免费节点10] 🇺🇸 US 2030 → tg@nicevpn123 | err=-
[DROP] name=[免费节点10] 🇺🇸 US 2030 → tg@nicevpn123 {460} | server=104.19.44.129:80 | reason=mihomo start failed
[TEST] {459} tested=1/1 | kept=0 | rest=0
[DEBUG] mihomo isolate | branch={459} | size=1 | parse=0 | names=[免费节点10] 🇺🇸 US 2029 → tg@nicevpn123 | err=-
[DEBUG] mihomo drop | branch={459} | size=1 | parse=0 | names=[免费节点10] 🇺🇸 US 2029 → tg@nicevpn123 | err=-
[DROP] name=[免费节点10] 🇺🇸 US 2029 → tg@nicevpn123 {459} | server=104.19.45.45:80 | reason=mihomo start failed
[TEST] {461} tested=1/1 | kept=0 | rest=0
[DEBUG] mihomo isolate | branch={461} | size=1 | parse=0 | names=[免费节点10] 🇺🇸 US 2031 → tg@nicevpn123 | err=-
[DEBUG] mihomo drop | branch={461} | size=1 | parse=0 | names=[免费节点10] 🇺🇸 US 2031 → tg@nicevpn123 | err=-
[DROP] name=[免费节点10] 🇺🇸 US 2031 → tg@nicevpn123 {461} | server=104.19.44.142:80 | reason=mihomo start failed
[TEST] {462} tested=1/1 | kept=0 | rest=0
[DEBUG] mihomo isolate | branch={462} | size=1 | parse=0 | names=[免费节点10] 🇺🇸 US 619 → tg@nicevpn123 | err=-
[DEBUG] mihomo drop | branch={462} | size=1 | parse=0 | names=[免费节点10] 🇺🇸 US 619 → tg@nicevpn123 | err=-
[DROP] name=[免费节点10] 🇺🇸 US 619 → tg@nicevpn123 {462} | server=104.19.171.3:443 | reason=mihomo start failed
[TEST] {463} tested=1/1 | kept=0 | rest=0
[DEBUG] mihomo isolate | branch={463} | size=1 | parse=0 | names=[免费节点10] 🇺🇸 US 62 → tg@nicevpn123 | err=-
[DEBUG] mihomo drop | branch={463} | size=1 | parse=0 | names=[免费节点10] 🇺🇸 US 62 → tg@nicevpn123 | err=-
[DROP] name=[免费节点10] 🇺🇸 US 62 → tg@nicevpn123 {463} | server=104.16.40.106:2082 | reason=mihomo start failed
[TEST] {464} tested=1/1 | kept=0 | rest=0
[DEBUG] mihomo isolate | branch={464} | size=1 | parse=0 | names=[免费节点10] 🇺🇸 US 620 → tg@nicevpn123 | err=-
[DEBUG] mihomo drop | branch={464} | size=1 | parse=0 | names=[免费节点10] 🇺🇸 US 620 → tg@nicevpn123 | err=-
[DROP] name=[免费节点10] 🇺🇸 US 620 → tg@nicevpn123 {464} | server=104.21.40.162:80 | reason=mihomo start failed
[TEST] {445} tested=1/1 | kept=0 | rest=0
[DEBUG] mihomo isolate | branch={445} | size=1 | parse=0 | names=[免费节点10] 🇺🇸 US 601 → tg@nicevpn123 | err=-
[DEBUG] mihomo drop | branch={445} | size=1 | parse=0 | names=[免费节点10] 🇺🇸 US 601 → tg@nicevpn123 | err=-
[DROP] name=[免费节点10] 🇺🇸 US 601 → tg@nicevpn123 {445} | server=66.225.246.221:30129 | reason=mihomo start failed
[TEST] {446} tested=1/1 | kept=0 | rest=0
[DEBUG] mihomo isolate | branch={446} | size=1 | parse=0 | names=[免费节点10] 🇺🇸 US 602 → tg@nicevpn123 | err=-
[DEBUG] mihomo drop | branch={446} | size=1 | parse=0 | names=[免费节点10] 🇺🇸 US 602 → tg@nicevpn123 | err=-
[DROP] name=[免费节点10] 🇺🇸 US 602 → tg@nicevpn123 {446} | server=38.75.137.42:8080 | reason=mihomo start failed
[TEST] {467} tested=1/1 | kept=0 | rest=0
[DEBUG] mihomo isolate | branch={467} | size=1 | parse=0 | names=[免费节点10] 🇺🇸 US 624 → tg@nicevpn123 | err=-
[DEBUG] mihomo drop | branch={467} | size=1 | parse=0 | names=[免费节点10] 🇺🇸 US 624 → tg@nicevpn123 | err=-
[DROP] name=[免费节点10] 🇺🇸 US 624 → tg@nicevpn123 {467} | server=104.16.42.81:2082 | reason=mihomo start failed
[TEST] {468} tested=1/1 | kept=0 | rest=0
[DEBUG] mihomo isolate | branch={468} | size=1 | parse=0 | names=[免费节点10] 🇺🇸 US 625 → tg@nicevpn123 | err=-
[DEBUG] mihomo drop | branch={468} | size=1 | parse=0 | names=[免费节点10] 🇺🇸 US 625 → tg@nicevpn123 | err=-
[DROP] name=[免费节点10] 🇺🇸 US 625 → tg@nicevpn123 {468} | server=au-full.privateip.net:443 | reason=mihomo start failed
[TEST] {469} tested=1/1 | kept=0 | rest=0
[DEBUG] mihomo isolate | branch={469} | size=1 | parse=0 | names=[免费节点10] 🇺🇸 US 626 → tg@nicevpn123 | err=-
[DEBUG] mihomo drop | branch={469} | size=1 | parse=0 | names=[免费节点10] 🇺🇸 US 626 → tg@nicevpn123 | err=-
[DROP] name=[免费节点10] 🇺🇸 US 626 → tg@nicevpn123 {469} | server=172.67.220.64:443 | reason=mihomo start failed
[TEST] {449} tested=5/5 | kept=0 | rest=0
[DEBUG] mihomo split-small | branch={449} | size=5 | parse=0 | names=[免费节点10] 🇺🇸 US 611 → tg@nicevpn123,[免费节点10] 🇺🇸 US 612 → tg@nicevpn123,[免费节点10] 🇺🇸 US 613 → tg@nicevpn123...+2 | err=-
[WARN] batch start failed | size=5 {449} | split=1 {1001} + 1 {1002} + 1 {1003} + 1 {1004} + 1 {1005}
[TEST] {470} tested=4/4 | kept=0 | rest=0
[DEBUG] mihomo split-small | branch={470} | size=4 | parse=0 | names=[免费节点10] 🇺🇸 US 627 → tg@nicevpn123,[免费节点10] 🇺🇸 US 629 → tg@nicevpn123,[免费节点10] 🇺🇸 US 631 → tg@nicevpn123...+1 | err=-
[WARN] batch start failed | size=4 {470} | split=1 {1006} + 1 {1007} + 1 {1008} + 1 {1009}
[TEST] {472} tested=1/1 | kept=0 | rest=0
[DEBUG] mihomo isolate | branch={472} | size=1 | parse=0 | names=[免费节点10] 🇺🇸 US 639 → tg@nicevpn123 | err=-
[DEBUG] mihomo drop | branch={472} | size=1 | parse=0 | names=[免费节点10] 🇺🇸 US 639 → tg@nicevpn123 | err=-
[DROP] name=[免费节点10] 🇺🇸 US 639 → tg@nicevpn123 {472} | server=104.21.225.193:80 | reason=mihomo start failed
[TEST] {474} tested=1/1 | kept=0 | rest=0
[DEBUG] mihomo isolate | branch={474} | size=1 | parse=0 | names=[免费节点10] 🇺🇸 US 642 → tg@nicevpn123 | err=-
[DEBUG] mihomo drop | branch={474} | size=1 | parse=0 | names=[免费节点10] 🇺🇸 US 642 → tg@nicevpn123 | err=-
[DROP] name=[免费节点10] 🇺🇸 US 642 → tg@nicevpn123 {474} | server=99.84.50.218:443 | reason=mihomo start failed
[TEST] {473} tested=1/1 | kept=0 | rest=0
[DEBUG] mihomo isolate | branch={473} | size=1 | parse=0 | names=[免费节点10] 🇺🇸 US 640 → tg@nicevpn123 | err=-
[DEBUG] mihomo drop | branch={473} | size=1 | parse=0 | names=[免费节点10] 🇺🇸 US 640 → tg@nicevpn123 | err=-
[DROP] name=[免费节点10] 🇺🇸 US 640 → tg@nicevpn123 {473} | server=104.19.171.9:443 | reason=mihomo start failed
[TEST] {475} tested=1/1 | kept=0 | rest=0
[DEBUG] mihomo isolate | branch={475} | size=1 | parse=0 | names=[免费节点10] 🇺🇸 US 644 → tg@nicevpn123 | err=-
[DEBUG] mihomo drop | branch={475} | size=1 | parse=0 | names=[免费节点10] 🇺🇸 US 644 → tg@nicevpn123 | err=-
[DROP] name=[免费节点10] 🇺🇸 US 644 → tg@nicevpn123 {475} | server=172.67.158.153:443 | reason=mihomo start failed
[TEST] {476} tested=1/1 | kept=0 | rest=0
[DEBUG] mihomo isolate | branch={476} | size=1 | parse=0 | names=[免费节点10] 🇺🇸 US 645 → tg@nicevpn123 | err=-
[DEBUG] mihomo drop | branch={476} | size=1 | parse=0 | names=[免费节点10] 🇺🇸 US 645 → tg@nicevpn123 | err=-
[DROP] name=[免费节点10] 🇺🇸 US 645 → tg@nicevpn123 {476} | server=104.19.45.50:2095 | reason=mihomo start failed
[TEST] {477} tested=1/1 | kept=0 | rest=0
[DEBUG] mihomo isolate | branch={477} | size=1 | parse=0 | names=[免费节点10] 🇺🇸 US 646 → tg@nicevpn123 | err=-
[DEBUG] mihomo drop | branch={477} | size=1 | parse=0 | names=[免费节点10] 🇺🇸 US 646 → tg@nicevpn123 | err=-
[DROP] name=[免费节点10] 🇺🇸 US 646 → tg@nicevpn123 {477} | server=172.245.180.193:16899 | reason=mihomo start failed
[TEST] {466} tested=1/1 | kept=0 | rest=0
[DEBUG] mihomo isolate | branch={466} | size=1 | parse=0 | names=[免费节点10] 🇺🇸 US 623 → tg@nicevpn123 | err=-
[DEBUG] mihomo drop | branch={466} | size=1 | parse=0 | names=[免费节点10] 🇺🇸 US 623 → tg@nicevpn123 | err=-
[DROP] name=[免费节点10] 🇺🇸 US 623 → tg@nicevpn123 {466} | server=ip0axv1bbsu02k7-jp.1ytnode.com:56342 | reason=mihomo start failed
[TEST] {479} tested=1/1 | kept=0 | rest=0
[DEBUG] mihomo isolate | branch={479} | size=1 | parse=0 | names=[免费节点10] 🇺🇸 US 648 → tg@nicevpn123 | err=-
[DEBUG] mihomo drop | branch={479} | size=1 | parse=0 | names=[免费节点10] 🇺🇸 US 648 → tg@nicevpn123 | err=-
[DROP] name=[免费节点10] 🇺🇸 US 648 → tg@nicevpn123 {479} | server=104.19.45.99:2095 | reason=mihomo start failed
[TEST] {480} tested=4/4 | kept=0 | rest=0
[DEBUG] mihomo split-small | branch={480} | size=4 | parse=0 | names=[免费节点10] 🇺🇸 US 2015 → tg@nicevpn123,[免费节点10] 🇺🇸 US 2016 → tg@nicevpn123,[免费节点10] 🇺🇸 US 2017 → tg@nicevpn123...+1 | err=-
[WARN] batch start failed | size=4 {480} | split=1 {1010} + 1 {1011} + 1 {1012} + 1 {1013}
[TEST] {481} tested=5/5 | kept=0 | rest=0
[DEBUG] mihomo split-small | branch={481} | size=5 | parse=0 | names=[免费节点10] 🇺🇸 US 2019 → tg@nicevpn123,[免费节点10] 🇺🇸 US 2020 → tg@nicevpn123,[免费节点10] 🇺🇸 US 2021 → tg@nicevpn123...+2 | err=-
[WARN] batch start failed | size=5 {481} | split=1 {1014} + 1 {1015} + 1 {1016} + 1 {1017} + 1 {1018}
[TEST] {465} tested=1/1 | kept=0 | rest=0
[DEBUG] mihomo isolate | branch={465} | size=1 | parse=0 | names=[免费节点10] 🇺🇸 US 621 → tg@nicevpn123 | err=-
[DEBUG] mihomo drop | branch={465} | size=1 | parse=0 | names=[免费节点10] 🇺🇸 US 621 → tg@nicevpn123 | err=-
[DROP] name=[免费节点10] 🇺🇸 US 621 → tg@nicevpn123 {465} | server=13.37.183.9:22222 | reason=mihomo start failed
[TEST] {471} tested=5/5 | kept=0 | rest=0
[DEBUG] mihomo split-small | branch={471} | size=5 | parse=0 | names=[免费节点10] 🇺🇸 US 633 → tg@nicevpn123,[免费节点10] 🇺🇸 US 634 → tg@nicevpn123,[免费节点10] 🇺🇸 US 636 → tg@nicevpn123...+2 | err=-
[WARN] batch start failed | size=5 {471} | split=1 {1019} + 1 {1020} + 1 {1021} + 1 {1022} + 1 {1023}
[TEST] {478} tested=1/1 | kept=0 | rest=0
[DEBUG] mihomo isolate | branch={478} | size=1 | parse=0 | names=[免费节点10] 🇺🇸 US 647 → tg@nicevpn123 | err=-
[DEBUG] mihomo drop | branch={478} | size=1 | parse=0 | names=[免费节点10] 🇺🇸 US 647 → tg@nicevpn123 | err=-
[DROP] name=[免费节点10] 🇺🇸 US 647 → tg@nicevpn123 {478} | server=66.42.84.121:443 | reason=mihomo start failed
[TEST] {487} tested=1/1 | kept=1 | rest=0
[TEST] {483} tested=1/1 | kept=0 | rest=0
[DEBUG] mihomo isolate | branch={483} | size=1 | parse=0 | names=[Epodonios] EPODONIOS-145 | err=-
[DEBUG] mihomo drop | branch={483} | size=1 | parse=0 | names=[Epodonios] EPODONIOS-145 | err=-
[DROP] name=[Epodonios] EPODONIOS-145 {483} | server=20.223.136.145:443 | reason=mihomo start failed
[TEST] {485} tested=1/1 | kept=0 | rest=0
[DEBUG] mihomo isolate | branch={485} | size=1 | parse=0 | names=[Epodonios] EPODONIOS-147 | err=-
[DEBUG] mihomo drop | branch={485} | size=1 | parse=0 | names=[Epodonios] EPODONIOS-147 | err=-
[DROP] name=[Epodonios] EPODONIOS-147 {485} | server=178.95.176.16:1080 | reason=mihomo start failed
[TEST] {482} tested=1/1 | kept=0 | rest=0
[DEBUG] mihomo isolate | branch={482} | size=1 | parse=0 | names=[Epodonios] EPODONIOS-144 | err=-
[DEBUG] mihomo drop | branch={482} | size=1 | parse=0 | names=[Epodonios] EPODONIOS-144 | err=-
[DROP] name=[Epodonios] EPODONIOS-144 {482} | server=p1tun3.greewebservices.ir:2070 | reason=mihomo start failed
[DEBUG] mihomo start-fail | branch={488} | size=1 | parse=1 | rc=1 | names=[Epodonios] EPODONIOS-150 | err=rc=1 Mihomo exited before controller became ready time="2026-09-28T14:12:39.453056225Z" level=info msg="Start initial configuration in progress" time="2026-09-28T14:12:39.453135483Z" level=fatal msg="Parse config error: proxy 0: ss 78.38...
[DEBUG] mihomo isolate | branch={488} | size=1 | parse=1 | names=[Epodonios] EPODONIOS-150 | err=Mihomo exited before controller became ready time="2026-09-28T14:12:39.453056225Z" level=info msg="Start initial configuration in progress" time="2026-09-28T14:12:39.453135483Z" level=fatal msg="Parse config error: proxy 0: ss 78.38.246....
[REPAIR] name=[Epodonios] EPODONIOS-150 {488} | fields=cipher
[TEST] {486} tested=1/1 | kept=0 | rest=0
[DEBUG] mihomo isolate | branch={486} | size=1 | parse=0 | names=[Epodonios] EPODONIOS-148 | err=-
[DEBUG] mihomo drop | branch={486} | size=1 | parse=0 | names=[Epodonios] EPODONIOS-148 | err=-
[DROP] name=[Epodonios] EPODONIOS-148 {486} | server=65.109.178.10:1080 | reason=mihomo start failed
[TEST] {484} tested=1/1 | kept=0 | rest=0
[DEBUG] mihomo isolate | branch={484} | size=1 | parse=0 | names=[Epodonios] EPODONIOS-146 | err=-
[DEBUG] mihomo drop | branch={484} | size=1 | parse=0 | names=[Epodonios] EPODONIOS-146 | err=-
[DROP] name=[Epodonios] EPODONIOS-146 {484} | server=94.245.92.85:443 | reason=mihomo start failed
[TEST] {489} tested=1/1 | kept=0 | rest=0
[DEBUG] mihomo isolate | branch={489} | size=1 | parse=0 | names=[Epodonios] EPODONIOS-151 | err=-
[DEBUG] mihomo drop | branch={489} | size=1 | parse=0 | names=[Epodonios] EPODONIOS-151 | err=-
[DROP] name=[Epodonios] EPODONIOS-151 {489} | server=14.1.31.220:17288 | reason=mihomo start failed
[TEST] {492} tested=4/4 | kept=0 | rest=0
[DEBUG] mihomo split-small | branch={492} | size=4 | parse=0 | names=[免费节点10] 🇺🇸 US 673 → tg@nicevpn123,[免费节点10] 🇺🇸 US 674 → tg@nicevpn123,[免费节点10] 🇺🇸 US 675 → tg@nicevpn123...+1 | err=-
[WARN] batch start failed | size=4 {492} | split=1 {1024} + 1 {1025} + 1 {1026} + 1 {1027}
[TEST] {494} tested=1/1 | kept=0 | rest=0
[DEBUG] mihomo isolate | branch={494} | size=1 | parse=0 | names=[免费节点10] 🇺🇸 US 2008 → tg@nicevpn123 | err=-
[DEBUG] mihomo drop | branch={494} | size=1 | parse=0 | names=[免费节点10] 🇺🇸 US 2008 → tg@nicevpn123 | err=-
[DROP] name=[免费节点10] 🇺🇸 US 2008 → tg@nicevpn123 {494} | server=104.19.44.226:80 | reason=mihomo start failed
[TEST] {495} tested=1/1 | kept=0 | rest=0
[DEBUG] mihomo isolate | branch={495} | size=1 | parse=0 | names=[免费节点10] 🇺🇸 US 2009 → tg@nicevpn123 | err=-
[DEBUG] mihomo drop | branch={495} | size=1 | parse=0 | names=[免费节点10] 🇺🇸 US 2009 → tg@nicevpn123 | err=-
[DROP] name=[免费节点10] 🇺🇸 US 2009 → tg@nicevpn123 {495} | server=104.19.44.114:80 | reason=mihomo start failed
[TEST] {497} tested=1/1 | kept=0 | rest=0
[DEBUG] mihomo isolate | branch={497} | size=1 | parse=0 | names=[免费节点10] 🇺🇸 US 2010 → tg@nicevpn123 | err=-
[DEBUG] mihomo drop | branch={497} | size=1 | parse=0 | names=[免费节点10] 🇺🇸 US 2010 → tg@nicevpn123 | err=-
[DROP] name=[免费节点10] 🇺🇸 US 2010 → tg@nicevpn123 {497} | server=104.19.44.7:80 | reason=mihomo start failed
[TEST] {488} tested=1/1 | kept=0 | rest=0
[TEST] {490} tested=4/4 | kept=0 | rest=0
[DEBUG] mihomo split-small | branch={490} | size=4 | parse=0 | names=[免费节点10] 🇺🇸 US 66 → tg@nicevpn123,[免费节点10] 🇺🇸 US 662 → tg@nicevpn123,[免费节点10] 🇺🇸 US 665 → tg@nicevpn123...+1 | err=-
[WARN] batch start failed | size=4 {490} | split=1 {1028} + 1 {1029} + 1 {1030} + 1 {1031}
[TEST] {498} tested=1/1 | kept=0 | rest=0
[DEBUG] mihomo isolate | branch={498} | size=1 | parse=0 | names=[免费节点10] 🇺🇸 US 2011 → tg@nicevpn123 | err=-
[DEBUG] mihomo drop | branch={498} | size=1 | parse=0 | names=[免费节点10] 🇺🇸 US 2011 → tg@nicevpn123 | err=-
[DROP] name=[免费节点10] 🇺🇸 US 2011 → tg@nicevpn123 {498} | server=104.19.44.59:80 | reason=mihomo start failed
[TEST] {499} tested=1/1 | kept=0 | rest=0
[DEBUG] mihomo isolate | branch={499} | size=1 | parse=0 | names=[免费节点10] 🇺🇸 US 2012 → tg@nicevpn123 | err=-
[DEBUG] mihomo drop | branch={499} | size=1 | parse=0 | names=[免费节点10] 🇺🇸 US 2012 → tg@nicevpn123 | err=-
[DROP] name=[免费节点10] 🇺🇸 US 2012 → tg@nicevpn123 {499} | server=104.19.44.238:80 | reason=mihomo start failed
[TEST] {501} tested=1/1 | kept=0 | rest=0
[DEBUG] mihomo isolate | branch={501} | size=1 | parse=0 | names=[免费节点10] 🇺🇸 US 2014 → tg@nicevpn123 | err=-
[DEBUG] mihomo drop | branch={501} | size=1 | parse=0 | names=[免费节点10] 🇺🇸 US 2014 → tg@nicevpn123 | err=-
[DROP] name=[免费节点10] 🇺🇸 US 2014 → tg@nicevpn123 {501} | server=104.19.44.219:80 | reason=mihomo start failed
[TEST] {500} tested=1/1 | kept=0 | rest=0
[DEBUG] mihomo isolate | branch={500} | size=1 | parse=0 | names=[免费节点10] 🇺🇸 US 2013 → tg@nicevpn123 | err=-
[DEBUG] mihomo drop | branch={500} | size=1 | parse=0 | names=[免费节点10] 🇺🇸 US 2013 → tg@nicevpn123 | err=-
[DROP] name=[免费节点10] 🇺🇸 US 2013 → tg@nicevpn123 {500} | server=104.19.44.241:80 | reason=mihomo start failed
[TEST] {491} tested=5/5 | kept=0 | rest=0
[DEBUG] mihomo split-small | branch={491} | size=5 | parse=0 | names=[免费节点10] 🇺🇸 US 667 → tg@nicevpn123,[免费节点10] 🇺🇸 US 67 → tg@nicevpn123,[免费节点10] 🇺🇸 US 670 → tg@nicevpn123...+2 | err=-
[WARN] batch start failed | size=5 {491} | split=1 {1032} + 1 {1033} + 1 {1034} + 1 {1035} + 1 {1036}
[TEST] {493} tested=5/5 | kept=0 | rest=0
[DEBUG] mihomo split-small | branch={493} | size=5 | parse=0 | names=[免费节点10] 🇺🇸 US 677 → tg@nicevpn123,[免费节点10] 🇺🇸 US 678 → tg@nicevpn123,[免费节点10] 🇺🇸 US 681 → tg@nicevpn123...+2 | err=-
[WARN] batch start failed | size=5 {493} | split=1 {1037} + 1 {1038} + 1 {1039} + 1 {1040} + 1 {1041}
[TEST] {504} tested=1/1 | kept=0 | rest=0
[DEBUG] mihomo isolate | branch={504} | size=1 | parse=0 | names=[免费节点10] 🇺🇸 US 228 → tg@nicevpn123 | err=-
[DEBUG] mihomo drop | branch={504} | size=1 | parse=0 | names=[免费节点10] 🇺🇸 US 228 → tg@nicevpn123 | err=-
[DROP] name=[免费节点10] 🇺🇸 US 228 → tg@nicevpn123 {504} | server=104.16.42.0:2082 | reason=mihomo start failed
[TEST] {506} tested=1/1 | kept=0 | rest=0
[DEBUG] mihomo isolate | branch={506} | size=1 | parse=0 | names=[免费节点10] 🇺🇸 US 232 → tg@nicevpn123 | err=-
[DEBUG] mihomo drop | branch={506} | size=1 | parse=0 | names=[免费节点10] 🇺🇸 US 232 → tg@nicevpn123 | err=-
[DROP] name=[免费节点10] 🇺🇸 US 232 → tg@nicevpn123 {506} | server=104.19.45.14:2095 | reason=mihomo start failed
[TEST] {505} tested=1/1 | kept=0 | rest=0
[DEBUG] mihomo isolate | branch={505} | size=1 | parse=0 | names=[免费节点10] 🇺🇸 US 23 → tg@nicevpn123 | err=-
[DEBUG] mihomo drop | branch={505} | size=1 | parse=0 | names=[免费节点10] 🇺🇸 US 23 → tg@nicevpn123 | err=-
[DROP] name=[免费节点10] 🇺🇸 US 23 → tg@nicevpn123 {505} | server=104.19.42.72:2082 | reason=mihomo start failed
[TEST] {509} tested=1/1 | kept=0 | rest=0
[DEBUG] mihomo isolate | branch={509} | size=1 | parse=0 | names=[免费节点10] 🇺🇸 US 235 → tg@nicevpn123 | err=-
[DEBUG] mihomo drop | branch={509} | size=1 | parse=0 | names=[免费节点10] 🇺🇸 US 235 → tg@nicevpn123 | err=-
[DROP] name=[免费节点10] 🇺🇸 US 235 → tg@nicevpn123 {509} | server=104.16.43.245:2082 | reason=mihomo start failed
[TEST] {507} tested=1/1 | kept=0 | rest=0
[DEBUG] mihomo isolate | branch={507} | size=1 | parse=0 | names=[免费节点10] 🇺🇸 US 233 → tg@nicevpn123 | err=-
[DEBUG] mihomo drop | branch={507} | size=1 | parse=0 | names=[免费节点10] 🇺🇸 US 233 → tg@nicevpn123 | err=-
[DROP] name=[免费节点10] 🇺🇸 US 233 → tg@nicevpn123 {507} | server=104.19.45.201:2095 | reason=mihomo start failed
[TEST] {496} tested=1/1 | kept=0 | rest=0
[DEBUG] mihomo isolate | branch={496} | size=1 | parse=0 | names=[免费节点10] 🇺🇸 US 201 → tg@nicevpn123 | err=-
[DEBUG] mihomo drop | branch={496} | size=1 | parse=0 | names=[免费节点10] 🇺🇸 US 201 → tg@nicevpn123 | err=-
[DROP] name=[免费节点10] 🇺🇸 US 201 → tg@nicevpn123 {496} | server=ip0axv1bbsu02k7-jp.1ytnode.com:56341 | reason=mihomo start failed
[TEST] {510} tested=1/1 | kept=0 | rest=0
[DEBUG] mihomo isolate | branch={510} | size=1 | parse=0 | names=[免费节点10] 🇺🇸 US 236 → tg@nicevpn123 | err=-
[DEBUG] mihomo drop | branch={510} | size=1 | parse=0 | names=[免费节点10] 🇺🇸 US 236 → tg@nicevpn123 | err=-
[DROP] name=[免费节点10] 🇺🇸 US 236 → tg@nicevpn123 {510} | server=speed.cloudflare.com:80 | reason=mihomo start failed
[TEST] {508} tested=1/1 | kept=0 | rest=0
[DEBUG] mihomo isolate | branch={508} | size=1 | parse=0 | names=[免费节点10] 🇺🇸 US 234 → tg@nicevpn123 | err=-
[DEBUG] mihomo drop | branch={508} | size=1 | parse=0 | names=[免费节点10] 🇺🇸 US 234 → tg@nicevpn123 | err=-
[DROP] name=[免费节点10] 🇺🇸 US 234 → tg@nicevpn123 {508} | server=104.17.147.11:443 | reason=mihomo start failed
[DEBUG] mihomo start-fail | branch={513} | size=5 | parse=1 | rc=1 | names=[Epodonios] EPODONIOS-273,[Epodonios] EPODONIOS-274,[Epodonios] EPODONIOS-275...+2 | err=rc=1 Mihomo exited before controller became ready time="2026-09-28T14:12:49.163072010Z" level=info msg="Start initial configuration in progress" time="2026-09-28T14:12:49.163280490Z" level=fatal msg="Parse config error: proxy 2: 'reality...
[DEBUG] mihomo split-small | branch={513} | size=5 | parse=1 | names=[Epodonios] EPODONIOS-273,[Epodonios] EPODONIOS-274,[Epodonios] EPODONIOS-275...+2 | err=Mihomo exited before controller became ready time="2026-09-28T14:12:49.163072010Z" level=info msg="Start initial configuration in progress" time="2026-09-28T14:12:49.163280490Z" level=fatal msg="Parse config error: proxy 2: 'reality-opts...
[WARN] batch start failed | size=5 {513} | split=1 {1042} + 1 {1043} + 1 {1044} + 1 {1045} + 1 {1046}
[TEST] {512} tested=4/4 | kept=0 | rest=0
[DEBUG] mihomo split-small | branch={512} | size=4 | parse=0 | names=[Epodonios] EPODONIOS-269,[Epodonios] EPODONIOS-270,[Epodonios] EPODONIOS-271...+1 | err=-
[WARN] batch start failed | size=4 {512} | split=1 {1047} + 1 {1048} + 1 {1049} + 1 {1050}
[TEST] {514} tested=1/1 | kept=0 | rest=0
[DEBUG] mihomo isolate | branch={514} | size=1 | parse=0 | names=[免费节点10] 🇺🇸 US 2040 → tg@nicevpn123 | err=-
[DEBUG] mihomo drop | branch={514} | size=1 | parse=0 | names=[免费节点10] 🇺🇸 US 2040 → tg@nicevpn123 | err=-
[DROP] name=[免费节点10] 🇺🇸 US 2040 → tg@nicevpn123 {514} | server=104.19.45.0:80 | reason=mihomo start failed
[TEST] {503} tested=5/5 | kept=0 | rest=0
[DEBUG] mihomo split-small | branch={503} | size=5 | parse=0 | names=[免费节点10] 🇺🇸 US 242 → tg@nicevpn123,[免费节点10] 🇺🇸 US 243 → tg@nicevpn123,[免费节点10] 🇺🇸 US 246 → tg@nicevpn123...+2 | err=-
[WARN] batch start failed | size=5 {503} | split=1 {1051} + 1 {1052} + 1 {1053} + 1 {1054} + 1 {1055}
[TEST] {502} tested=4/4 | kept=0 | rest=0
[DEBUG] mihomo split-small | branch={502} | size=4 | parse=0 | names=[免费节点10] 🇺🇸 US 238 → tg@nicevpn123,[免费节点10] 🇺🇸 US 239 → tg@nicevpn123,[免费节点10] 🇺🇸 US 24 → tg@nicevpn123...+1 | err=-
[WARN] batch start failed | size=4 {502} | split=1 {1056} + 1 {1057} + 1 {1058} + 1 {1059}
[TEST] {517} tested=1/1 | kept=0 | rest=0
[DEBUG] mihomo isolate | branch={517} | size=1 | parse=0 | names=[免费节点10] 🇺🇸 US 207 → tg@nicevpn123 | err=-
[DEBUG] mihomo drop | branch={517} | size=1 | parse=0 | names=[免费节点10] 🇺🇸 US 207 → tg@nicevpn123 | err=-
[DROP] name=[免费节点10] 🇺🇸 US 207 → tg@nicevpn123 {517} | server=debbc.qkhbyf.tech:443 | reason=mihomo start failed
[TEST] {519} tested=1/1 | kept=0 | rest=0
[DEBUG] mihomo isolate | branch={519} | size=1 | parse=0 | names=[免费节点10] 🇺🇸 US 209 → tg@nicevpn123 | err=-
[DEBUG] mihomo drop | branch={519} | size=1 | parse=0 | names=[免费节点10] 🇺🇸 US 209 → tg@nicevpn123 | err=-
[DROP] name=[免费节点10] 🇺🇸 US 209 → tg@nicevpn123 {519} | server=uk-full.privateip.net:443 | reason=mihomo start failed
[TEST] {520} tested=1/1 | kept=0 | rest=0
[DEBUG] mihomo isolate | branch={520} | size=1 | parse=0 | names=[免费节点10] 🇺🇸 US 211 → tg@nicevpn123 | err=-
[DEBUG] mihomo drop | branch={520} | size=1 | parse=0 | names=[免费节点10] 🇺🇸 US 211 → tg@nicevpn123 | err=-
[DROP] name=[免费节点10] 🇺🇸 US 211 → tg@nicevpn123 {520} | server=104.19.48.168:2082 | reason=mihomo start failed
[TEST] {518} tested=1/1 | kept=0 | rest=0
[DEBUG] mihomo isolate | branch={518} | size=1 | parse=0 | names=[免费节点10] 🇺🇸 US 208 → tg@nicevpn123 | err=-
[DEBUG] mihomo drop | branch={518} | size=1 | parse=0 | names=[免费节点10] 🇺🇸 US 208 → tg@nicevpn123 | err=-
[DROP] name=[免费节点10] 🇺🇸 US 208 → tg@nicevpn123 {518} | server=series-a2-me.varzesh360.co:443 | reason=mihomo start failed
[TEST] {521} tested=1/1 | kept=0 | rest=0
[DEBUG] mihomo isolate | branch={521} | size=1 | parse=0 | names=[免费节点10] 🇺🇸 US 213 → tg@nicevpn123 | err=-
[DEBUG] mihomo drop | branch={521} | size=1 | parse=0 | names=[免费节点10] 🇺🇸 US 213 → tg@nicevpn123 | err=-
[DROP] name=[免费节点10] 🇺🇸 US 213 → tg@nicevpn123 {521} | server=103.79.79.57:31231 | reason=mihomo start failed
[TEST] {522} tested=4/4 | kept=0 | rest=0
[DEBUG] mihomo split-small | branch={522} | size=4 | parse=0 | names=[免费节点10] 🇺🇸 US 215 → tg@nicevpn123,[免费节点10] 🇺🇸 US 216 → tg@nicevpn123,[免费节点10] 🇺🇸 US 219 → tg@nicevpn123...+1 | err=-
[WARN] batch start failed | size=4 {522} | split=1 {1060} + 1 {1061} + 1 {1062} + 1 {1063}
[TEST] {511} tested=1/1 | kept=0 | rest=0
[DEBUG] mihomo isolate | branch={511} | size=1 | parse=0 | names=[免费节点10] 🇺🇸 US 237 → tg@nicevpn123 | err=-
[DEBUG] mihomo drop | branch={511} | size=1 | parse=0 | names=[免费节点10] 🇺🇸 US 237 → tg@nicevpn123 | err=-
[DROP] name=[免费节点10] 🇺🇸 US 237 → tg@nicevpn123 {511} | server=143.198.18.35:8881 | reason=mihomo start failed
[TEST] {525} tested=1/1 | kept=0 | rest=0
[DEBUG] mihomo isolate | branch={525} | size=1 | parse=0 | names=[Epodonios] EPODONIOS-262 | err=-
[DEBUG] mihomo drop | branch={525} | size=1 | parse=0 | names=[Epodonios] EPODONIOS-262 | err=-
[DROP] name=[Epodonios] EPODONIOS-262 {525} | server=167.82.76.27:443 | reason=mihomo start failed
[TEST] {524} tested=1/1 | kept=0 | rest=0
[DEBUG] mihomo isolate | branch={524} | size=1 | parse=0 | names=[Epodonios] EPODONIOS-261 | err=-
[DEBUG] mihomo drop | branch={524} | size=1 | parse=0 | names=[Epodonios] EPODONIOS-261 | err=-
[DROP] name=[Epodonios] EPODONIOS-261 {524} | server=151.101.56.7:443 | reason=mihomo start failed
[TEST] {526} tested=1/1 | kept=0 | rest=0
[DEBUG] mihomo isolate | branch={526} | size=1 | parse=0 | names=[Epodonios] EPODONIOS-263 | err=-
[DEBUG] mihomo drop | branch={526} | size=1 | parse=0 | names=[Epodonios] EPODONIOS-263 | err=-
[DROP] name=[Epodonios] EPODONIOS-263 {526} | server=167.82.76.7:443 | reason=mihomo start failed
[TEST] {527} tested=1/1 | kept=0 | rest=0
[DEBUG] mihomo isolate | branch={527} | size=1 | parse=0 | names=[Epodonios] EPODONIOS-264 | err=-
[DEBUG] mihomo drop | branch={527} | size=1 | parse=0 | names=[Epodonios] EPODONIOS-264 | err=-
[DROP] name=[Epodonios] EPODONIOS-264 {527} | server=199.232.78.101:443 | reason=mihomo start failed
[TEST] {528} tested=1/1 | kept=0 | rest=0
[DEBUG] mihomo isolate | branch={528} | size=1 | parse=0 | names=[Epodonios] EPODONIOS-265 | err=-
[DEBUG] mihomo drop | branch={528} | size=1 | parse=0 | names=[Epodonios] EPODONIOS-265 | err=-
[DROP] name=[Epodonios] EPODONIOS-265 {528} | server=199.232.78.160:443 | reason=mihomo start failed
[TEST] {529} tested=1/1 | kept=0 | rest=0
[DEBUG] mihomo isolate | branch={529} | size=1 | parse=0 | names=[Epodonios] EPODONIOS-266 | err=-
[DEBUG] mihomo drop | branch={529} | size=1 | parse=0 | names=[Epodonios] EPODONIOS-266 | err=-
[DROP] name=[Epodonios] EPODONIOS-266 {529} | server=27.50.48.49:443 | reason=mihomo start failed
[TEST] {516} tested=1/1 | kept=0 | rest=0
[DEBUG] mihomo isolate | branch={516} | size=1 | parse=0 | names=[免费节点10] 🇺🇸 US 206 → tg@nicevpn123 | err=-
[DEBUG] mihomo drop | branch={516} | size=1 | parse=0 | names=[免费节点10] 🇺🇸 US 206 → tg@nicevpn123 | err=-
[DROP] name=[免费节点10] 🇺🇸 US 206 → tg@nicevpn123 {516} | server=107.172.87.131:48959 | reason=mihomo start failed
[TEST] {531} tested=1/1 | kept=0 | rest=0
[DEBUG] mihomo isolate | branch={531} | size=1 | parse=0 | names=[Epodonios] EPODONIOS-268 | err=-
[DEBUG] mihomo drop | branch={531} | size=1 | parse=0 | names=[Epodonios] EPODONIOS-268 | err=-
[DROP] name=[Epodonios] EPODONIOS-268 {531} | server=104.18.154.96:2083 | reason=mihomo start failed
[TEST] {515} tested=1/1 | kept=0 | rest=0
[DEBUG] mihomo isolate | branch={515} | size=1 | parse=0 | names=[免费节点10] 🇺🇸 US 205 → tg@nicevpn123 | err=-
[DEBUG] mihomo drop | branch={515} | size=1 | parse=0 | names=[免费节点10] 🇺🇸 US 205 → tg@nicevpn123 | err=-
[DROP] name=[免费节点10] 🇺🇸 US 205 → tg@nicevpn123 {515} | server=168.235.82.103:16123 | reason=mihomo start failed
[TEST] {523} tested=5/5 | kept=0 | rest=0
[DEBUG] mihomo split-small | branch={523} | size=5 | parse=0 | names=[免费节点10] 🇺🇸 US 220 → tg@nicevpn123,[免费节点10] 🇺🇸 US 221 → tg@nicevpn123,[免费节点10] 🇺🇸 US 222 → tg@nicevpn123...+2 | err=-
[WARN] batch start failed | size=5 {523} | split=1 {1064} + 1 {1065} + 1 {1066} + 1 {1067} + 1 {1068}
[TEST] {530} tested=1/1 | kept=0 | rest=0
[DEBUG] mihomo isolate | branch={530} | size=1 | parse=0 | names=[Epodonios] EPODONIOS-267 | err=-
[DEBUG] mihomo drop | branch={530} | size=1 | parse=0 | names=[Epodonios] EPODONIOS-267 | err=-
[DROP] name=[Epodonios] EPODONIOS-267 {530} | server=116.47.10.236:27335 | reason=mihomo start failed
[TEST] {536} tested=1/1 | kept=0 | rest=0
[DEBUG] mihomo isolate | branch={536} | size=1 | parse=0 | names=[Epodonios] EPODONIOS-163 | err=-
[DEBUG] mihomo drop | branch={536} | size=1 | parse=0 | names=[Epodonios] EPODONIOS-163 | err=-
[DROP] name=[Epodonios] EPODONIOS-163 {536} | server=212.95.34.13:443 | reason=mihomo start failed
[TEST] {532} tested=4/4 | kept=0 | rest=0
[DEBUG] mihomo split-small | branch={532} | size=4 | parse=0 | names=[Epodonios] EPODONIOS-169,[Epodonios] EPODONIOS-170,[Epodonios] EPODONIOS-171...+1 | err=-
[WARN] batch start failed | size=4 {532} | split=1 {1069} + 1 {1070} + 1 {1071} + 1 {1072}
[TEST] {538} tested=1/1 | kept=0 | rest=0
[DEBUG] mihomo isolate | branch={538} | size=1 | parse=0 | names=[Epodonios] EPODONIOS-165 | err=-
[DEBUG] mihomo drop | branch={538} | size=1 | parse=0 | names=[Epodonios] EPODONIOS-165 | err=-
[DROP] name=[Epodonios] EPODONIOS-165 {538} | server=0.0.0.0:1 | reason=mihomo start failed
[TEST] {533} tested=5/5 | kept=0 | rest=0
[DEBUG] mihomo split-small | branch={533} | size=5 | parse=0 | names=[Epodonios] EPODONIOS-173,[Epodonios] EPODONIOS-174,[Epodonios] EPODONIOS-175...+2 | err=-
[WARN] batch start failed | size=5 {533} | split=1 {1073} + 1 {1074} + 1 {1075} + 1 {1076} + 1 {1077}
[TEST] {535} tested=1/1 | kept=0 | rest=0
[DEBUG] mihomo isolate | branch={535} | size=1 | parse=0 | names=[Epodonios] EPODONIOS-162 | err=-
[DEBUG] mihomo drop | branch={535} | size=1 | parse=0 | names=[Epodonios] EPODONIOS-162 | err=-
[DROP] name=[Epodonios] EPODONIOS-162 {535} | server=65.109.241.111:44174 | reason=mihomo start failed
[TEST] {539} tested=1/1 | kept=0 | rest=0
[DEBUG] mihomo isolate | branch={539} | size=1 | parse=0 | names=[Epodonios] EPODONIOS-166 | err=-
[DEBUG] mihomo drop | branch={539} | size=1 | parse=0 | names=[Epodonios] EPODONIOS-166 | err=-
[DROP] name=[Epodonios] EPODONIOS-166 {539} | server=0.0.0.0:2 | reason=mihomo start failed
[TEST] {541} tested=1/1 | kept=0 | rest=0
[DEBUG] mihomo isolate | branch={541} | size=1 | parse=0 | names=[Epodonios] EPODONIOS-168 | err=-
[DEBUG] mihomo drop | branch={541} | size=1 | parse=0 | names=[Epodonios] EPODONIOS-168 | err=-
[DROP] name=[Epodonios] EPODONIOS-168 {541} | server=185.22.155.162:10808 | reason=mihomo start failed
[TEST] {542} tested=4/4 | kept=0 | rest=0
[DEBUG] mihomo split-small | branch={542} | size=4 | parse=0 | names=[Epodonios] EPODONIOS-286,[Epodonios] EPODONIOS-287,[Epodonios] Telegram---PLANB_NET---PLANB...+1 | err=-
[WARN] batch start failed | size=4 {542} | split=1 {1078} + 1 {1079} + 1 {1080} + 1 {1081}
[TEST] {543} tested=5/5 | kept=0 | rest=0
[DEBUG] mihomo split-small | branch={543} | size=5 | parse=0 | names=[Epodonios] EPODONIOS-289,[Epodonios] EPODONIOS-290,[Epodonios] vless...+2 | err=-
[WARN] batch start failed | size=5 {543} | split=1 {1082} + 1 {1083} + 1 {1084} + 1 {1085} + 1 {1086}
[TEST] {544} tested=1/1 | kept=0 | rest=0
[DEBUG] mihomo isolate | branch={544} | size=1 | parse=0 | names=[Free-clash-v2ray] 🇫🇷FR_1864|491KB/s|T00 | err=-
[DEBUG] mihomo drop | branch={544} | size=1 | parse=0 | names=[Free-clash-v2ray] 🇫🇷FR_1864|491KB/s|T00 | err=-
[DROP] name=[Free-clash-v2ray] 🇫🇷FR_1864|491KB/s|T001-260618 01 {544} | server=104.21.70.21:443 | reason=mihomo start failed
[TEST] {545} tested=1/1 | kept=0 | rest=0
[DEBUG] mihomo isolate | branch={545} | size=1 | parse=0 | names=[Free-clash-v2ray] socks5 | err=-
[DEBUG] mihomo drop | branch={545} | size=1 | parse=0 | names=[Free-clash-v2ray] socks5 | err=-
[DROP] name=[Free-clash-v2ray] socks5 {545} | server=128.140.46.169:13482 | reason=mihomo start failed
[TEST] {537} tested=1/1 | kept=0 | rest=0
[DEBUG] mihomo isolate | branch={537} | size=1 | parse=0 | names=[Epodonios] EPODONIOS-164 | err=-
[DEBUG] mihomo drop | branch={537} | size=1 | parse=0 | names=[Epodonios] EPODONIOS-164 | err=-
[DROP] name=[Epodonios] EPODONIOS-164 {537} | server=15.188.153.82:22224 | reason=mihomo start failed
[TEST] {534} tested=1/1 | kept=0 | rest=0
[DEBUG] mihomo isolate | branch={534} | size=1 | parse=0 | names=[Epodonios] EPODONIOS-161 | err=-
[DEBUG] mihomo drop | branch={534} | size=1 | parse=0 | names=[Epodonios] EPODONIOS-161 | err=-
[DROP] name=[Epodonios] EPODONIOS-161 {534} | server=185.234.64.97:443 | reason=mihomo start failed
[TEST] {540} tested=1/1 | kept=0 | rest=0
[DEBUG] mihomo isolate | branch={540} | size=1 | parse=0 | names=[Epodonios] EPODONIOS-167 | err=-
[DEBUG] mihomo drop | branch={540} | size=1 | parse=0 | names=[Epodonios] EPODONIOS-167 | err=-
[DROP] name=[Epodonios] EPODONIOS-167 {540} | server=45.8.158.176:10801 | reason=mihomo start failed
[TEST] {549} tested=1/1 | kept=1 | rest=0
[DEBUG] mihomo start-fail | branch={551} | size=1 | parse=1 | rc=1 | names=[Free-clash-v2ray] hysteria | err=rc=1 Mihomo exited before controller became ready time="2026-09-28T14:13:05.997788983Z" level=info msg="Start initial configuration in progress" time="2026-09-28T14:13:05.997891244Z" level=fatal msg="Parse config error: proxy 0: '' has u...
[DEBUG] mihomo isolate | branch={551} | size=1 | parse=1 | names=[Free-clash-v2ray] hysteria | err=Mihomo exited before controller became ready time="2026-09-28T14:13:05.997788983Z" level=info msg="Start initial configuration in progress" time="2026-09-28T14:13:05.997891244Z" level=fatal msg="Parse config error: proxy 0: '' has unset ...
[REPAIR] name=[Free-clash-v2ray] hysteria {551} | fields=up,down
[TEST] {551} tested=1/1 | kept=0 | rest=0
[TEST] {547} tested=1/1 | kept=0 | rest=0
[DEBUG] mihomo isolate | branch={547} | size=1 | parse=0 | names=[Free-clash-v2ray] 香港 54 | err=-
[DEBUG] mihomo drop | branch={547} | size=1 | parse=0 | names=[Free-clash-v2ray] 香港 54 | err=-
[DROP] name=[Free-clash-v2ray] 香港 54 {547} | server=185.227.154.226:443 | reason=mihomo start failed
[TEST] {546} tested=1/1 | kept=0 | rest=0
[DEBUG] mihomo isolate | branch={546} | size=1 | parse=0 | names=[Free-clash-v2ray] 香港 16 | err=-
[DEBUG] mihomo drop | branch={546} | size=1 | parse=0 | names=[Free-clash-v2ray] 香港 16 | err=-
[DROP] name=[Free-clash-v2ray] 香港 16 {546} | server=nas.aizhzo.com:5010 | reason=mihomo start failed
[TEST] {548} tested=1/1 | kept=0 | rest=0
[DEBUG] mihomo isolate | branch={548} | size=1 | parse=0 | names=[Free-clash-v2ray] 🇫🇷FR_9|438KB/s 01 | err=-
[DEBUG] mihomo drop | branch={548} | size=1 | parse=0 | names=[Free-clash-v2ray] 🇫🇷FR_9|438KB/s 01 | err=-
[DROP] name=[Free-clash-v2ray] 🇫🇷FR_9|438KB/s 01 {548} | server=62.210.24.143:32202 | reason=mihomo start failed
[TEST] {550} tested=1/1 | kept=0 | rest=0
[DEBUG] mihomo isolate | branch={550} | size=1 | parse=0 | names=[Free-clash-v2ray] 🇷🇴RO_3|2.2MB/s|X001-2 | err=-
[DEBUG] mihomo drop | branch={550} | size=1 | parse=0 | names=[Free-clash-v2ray] 🇷🇴RO_3|2.2MB/s|X001-2 | err=-
[DROP] name=[Free-clash-v2ray] 🇷🇴RO_3|2.2MB/s|X001-260618 01 {550} | server=hy2-new.aspidnet.xyz:443 | reason=mihomo start failed
[TEST] {553} tested=5/5 | kept=0 | rest=0
[DEBUG] mihomo split-small | branch={553} | size=5 | parse=0 | names=[Epodonios] EPODONIOS-189,[Epodonios] EPODONIOS-190,[Epodonios] EPODONIOS-191...+2 | err=-
[WARN] batch start failed | size=5 {553} | split=1 {1087} + 1 {1088} + 1 {1089} + 1 {1090} + 1 {1091}
[TEST] {552} tested=4/4 | kept=0 | rest=0
[DEBUG] mihomo split-small | branch={552} | size=4 | parse=0 | names=[Epodonios] EPODONIOS-185,[Epodonios] EPODONIOS-186,[Epodonios] EPODONIOS-187...+1 | err=-
[WARN] batch start failed | size=4 {552} | split=1 {1092} + 1 {1093} + 1 {1094} + 1 {1095}
[TEST] {556} tested=1/1 | kept=0 | rest=0
[DEBUG] mihomo isolate | branch={556} | size=1 | parse=0 | names=[Epodonios] EPODONIOS-278 | err=-
[DEBUG] mihomo drop | branch={556} | size=1 | parse=0 | names=[Epodonios] EPODONIOS-278 | err=-
[DROP] name=[Epodonios] EPODONIOS-278 {556} | server=172.236.220.10:443 | reason=mihomo start failed
[TEST] {554} tested=4/4 | kept=0 | rest=0
[DEBUG] mihomo split-small | branch={554} | size=4 | parse=0 | names=[Epodonios] EPODONIOS-178,[Epodonios] EPODONIOS-179,[Epodonios] EPODONIOS-180...+1 | err=-
[WARN] batch start failed | size=4 {554} | split=1 {1096} + 1 {1097} + 1 {1098} + 1 {1099}
[TEST] {559} tested=1/1 | kept=0 | rest=0
[DEBUG] mihomo isolate | branch={559} | size=1 | parse=0 | names=[Epodonios] EPODONIOS-281 | err=-
[DEBUG] mihomo drop | branch={559} | size=1 | parse=0 | names=[Epodonios] EPODONIOS-281 | err=-
[DROP] name=[Epodonios] EPODONIOS-281 {559} | server=179.237.75.190:41464 | reason=mihomo start failed
[TEST] {555} tested=5/5 | kept=1 | rest=0
[TEST] {561} tested=1/1 | kept=0 | rest=0
[DEBUG] mihomo isolate | branch={561} | size=1 | parse=0 | names=[Epodonios] EPODONIOS-283 | err=-
[DEBUG] mihomo drop | branch={561} | size=1 | parse=0 | names=[Epodonios] EPODONIOS-283 | err=-
[DROP] name=[Epodonios] EPODONIOS-283 {561} | server=discord.gg:80 | reason=mihomo start failed
[TEST] {560} tested=1/1 | kept=0 | rest=0
[DEBUG] mihomo isolate | branch={560} | size=1 | parse=0 | names=[Epodonios] EPODONIOS-282 | err=-
[DEBUG] mihomo drop | branch={560} | size=1 | parse=0 | names=[Epodonios] EPODONIOS-282 | err=-
[DROP] name=[Epodonios] EPODONIOS-282 {560} | server=6r6e6e6ryrfyfyydur6r6f6r6r6r6d6d6e6s6d6s6d7d7d7e6s.poki-pakipon.ir:41464 | reason=mihomo start failed
[TEST] {562} tested=1/1 | kept=0 | rest=0
[DEBUG] mihomo isolate | branch={562} | size=1 | parse=0 | names=[Epodonios] EPODONIOS-284 | err=-
[DEBUG] mihomo drop | branch={562} | size=1 | parse=0 | names=[Epodonios] EPODONIOS-284 | err=-
[DROP] name=[Epodonios] EPODONIOS-284 {562} | server=tg.eliv2ray.io.:80 | reason=mihomo start failed
[TEST] {563} tested=1/1 | kept=0 | rest=0
[DEBUG] mihomo isolate | branch={563} | size=1 | parse=0 | names=[Epodonios] EPODONIOS-285 | err=-
[DEBUG] mihomo drop | branch={563} | size=1 | parse=0 | names=[Epodonios] EPODONIOS-285 | err=-
[DROP] name=[Epodonios] EPODONIOS-285 {563} | server=185.146.173.59:80 | reason=mihomo start failed
[TEST] {557} tested=1/1 | kept=0 | rest=0
[DEBUG] mihomo isolate | branch={557} | size=1 | parse=0 | names=[Epodonios] EPODONIOS-279 | err=-
[DEBUG] mihomo drop | branch={557} | size=1 | parse=0 | names=[Epodonios] EPODONIOS-279 | err=-
[DROP] name=[Epodonios] EPODONIOS-279 {557} | server=15.223.8.8:22222 | reason=mihomo start failed
[TEST] {558} tested=1/1 | kept=0 | rest=0
[DEBUG] mihomo isolate | branch={558} | size=1 | parse=0 | names=[Epodonios] EPODONIOS-280 | err=-
[DEBUG] mihomo drop | branch={558} | size=1 | parse=0 | names=[Epodonios] EPODONIOS-280 | err=-
[DROP] name=[Epodonios] EPODONIOS-280 {558} | server=13.37.180.245:22222 | reason=mihomo start failed
[TEST] {564} tested=4/4 | kept=0 | rest=0
[DEBUG] mihomo split-small | branch={564} | size=4 | parse=0 | names=[免费节点10] 🇺🇸 US 26 → tg@nicevpn123,[免费节点10] 🇺🇸 US 260 → tg@nicevpn123,[免费节点10] 🇺🇸 US 261 → tg@nicevpn123...+1 | err=-
[WARN] batch start failed | size=4 {564} | split=1 {1100} + 1 {1101} + 1 {1102} + 1 {1103}
[TEST] {565} tested=5/5 | kept=0 | rest=0
[DEBUG] mihomo split-small | branch={565} | size=5 | parse=0 | names=[免费节点10] 🇺🇸 US 263 → tg@nicevpn123,[免费节点10] 🇺🇸 US 264 → tg@nicevpn123,[免费节点10] 🇺🇸 US 265 → tg@nicevpn123...+2 | err=-
[WARN] batch start failed | size=5 {565} | split=1 {1104} + 1 {1105} + 1 {1106} + 1 {1107} + 1 {1108}
[TEST] {566} tested=1/1 | kept=0 | rest=0
[DEBUG] mihomo isolate | branch={566} | size=1 | parse=0 | names=[免费节点10] 🇺🇸 US 251 → tg@nicevpn123 | err=-
[DEBUG] mihomo drop | branch={566} | size=1 | parse=0 | names=[免费节点10] 🇺🇸 US 251 → tg@nicevpn123 | err=-
[DROP] name=[免费节点10] 🇺🇸 US 251 → tg@nicevpn123 {566} | server=ip0axv1bbsu02k7-us.1ytnode.com:56359 | reason=mihomo start failed
[TEST] {571} tested=1/1 | kept=0 | rest=0
[DEBUG] mihomo isolate | branch={571} | size=1 | parse=0 | names=[免费节点10] 🇺🇸 US 257 → tg@nicevpn123 | err=-
[DEBUG] mihomo drop | branch={571} | size=1 | parse=0 | names=[免费节点10] 🇺🇸 US 257 → tg@nicevpn123 | err=-
[DROP] name=[免费节点10] 🇺🇸 US 257 → tg@nicevpn123 {571} | server=104.19.45.223:2095 | reason=mihomo start failed
[TEST] {570} tested=1/1 | kept=0 | rest=0
[DEBUG] mihomo isolate | branch={570} | size=1 | parse=0 | names=[免费节点10] 🇺🇸 US 256 → tg@nicevpn123 | err=-
[DEBUG] mihomo drop | branch={570} | size=1 | parse=0 | names=[免费节点10] 🇺🇸 US 256 → tg@nicevpn123 | err=-
[DROP] name=[免费节点10] 🇺🇸 US 256 → tg@nicevpn123 {570} | server=104.19.45.249:2095 | reason=mihomo start failed
[TEST] {568} tested=1/1 | kept=0 | rest=0
[DEBUG] mihomo isolate | branch={568} | size=1 | parse=0 | names=[免费节点10] 🇺🇸 US 254 → tg@nicevpn123 | err=-
[DEBUG] mihomo drop | branch={568} | size=1 | parse=0 | names=[免费节点10] 🇺🇸 US 254 → tg@nicevpn123 | err=-
[DROP] name=[免费节点10] 🇺🇸 US 254 → tg@nicevpn123 {568} | server=154.62.185.162:35816 | reason=mihomo start failed
[TEST] {567} tested=1/1 | kept=0 | rest=0
[DEBUG] mihomo isolate | branch={567} | size=1 | parse=0 | names=[免费节点10] 🇺🇸 US 253 → tg@nicevpn123 | err=-
[DEBUG] mihomo drop | branch={567} | size=1 | parse=0 | names=[免费节点10] 🇺🇸 US 253 → tg@nicevpn123 | err=-
[DROP] name=[免费节点10] 🇺🇸 US 253 → tg@nicevpn123 {567} | server=38.75.137.93:6679 | reason=mihomo start failed
[TEST] {569} tested=1/1 | kept=0 | rest=0
[DEBUG] mihomo isolate | branch={569} | size=1 | parse=0 | names=[免费节点10] 🇺🇸 US 255 → tg@nicevpn123 | err=-
[DEBUG] mihomo drop | branch={569} | size=1 | parse=0 | names=[免费节点10] 🇺🇸 US 255 → tg@nicevpn123 | err=-
[DROP] name=[免费节点10] 🇺🇸 US 255 → tg@nicevpn123 {569} | server=15.204.87.225:8090 | reason=mihomo start failed
[TEST] {572} tested=1/1 | kept=0 | rest=0
[DEBUG] mihomo isolate | branch={572} | size=1 | parse=0 | names=[免费节点10] 🇺🇸 US 258 → tg@nicevpn123 | err=-
[DEBUG] mihomo drop | branch={572} | size=1 | parse=0 | names=[免费节点10] 🇺🇸 US 258 → tg@nicevpn123 | err=-
[DROP] name=[免费节点10] 🇺🇸 US 258 → tg@nicevpn123 {572} | server=158.101.217.208:12384 | reason=mihomo start failed
[TEST] {573} tested=1/1 | kept=0 | rest=0
[DEBUG] mihomo isolate | branch={573} | size=1 | parse=0 | names=[免费节点10] 🇺🇸 US 259 → tg@nicevpn123 | err=-
[DEBUG] mihomo drop | branch={573} | size=1 | parse=0 | names=[免费节点10] 🇺🇸 US 259 → tg@nicevpn123 | err=-
[DROP] name=[免费节点10] 🇺🇸 US 259 → tg@nicevpn123 {573} | server=198.244.252.93:443 | reason=mihomo start failed
[TEST] {574} tested=4/4 | kept=0 | rest=0
[DEBUG] mihomo split-small | branch={574} | size=4 | parse=0 | names=[免费节点10] 🇺🇸 US 276 → tg@nicevpn123,[免费节点10] 🇺🇸 US 277 → tg@nicevpn123,[免费节点10] 🇺🇸 US 278 → tg@nicevpn123...+1 | err=-
[WARN] batch start failed | size=4 {574} | split=1 {1109} + 1 {1110} + 1 {1111} + 1 {1112}
[TEST] {575} tested=5/5 | kept=0 | rest=0
[DEBUG] mihomo split-small | branch={575} | size=5 | parse=0 | names=[免费节点10] 🇺🇸 US 28 → tg@nicevpn123,[免费节点10] 🇺🇸 US 281 → tg@nicevpn123,[免费节点10] 🇺🇸 US 282 → tg@nicevpn123...+2 | err=-
[WARN] batch start failed | size=5 {575} | split=1 {1113} + 1 {1114} + 1 {1115} + 1 {1116} + 1 {1117}
[TEST] {577} tested=1/1 | kept=0 | rest=0
[DEBUG] mihomo isolate | branch={577} | size=1 | parse=0 | names=[免费节点10] 🇺🇸 US 27 → tg@nicevpn123 | err=-
[DEBUG] mihomo drop | branch={577} | size=1 | parse=0 | names=[免费节点10] 🇺🇸 US 27 → tg@nicevpn123 | err=-
[DROP] name=[免费节点10] 🇺🇸 US 27 → tg@nicevpn123 {577} | server=104.19.45.124:2095 | reason=mihomo start failed
[TEST] {1114} tested=1/1 | kept=0 | rest=0
[DEBUG] mihomo isolate | branch={1114} | size=1 | parse=0 | names=[免费节点10] 🇺🇸 US 281 → tg@nicevpn123 | err=-
[DEBUG] mihomo drop | branch={1114} | size=1 | parse=0 | names=[免费节点10] 🇺🇸 US 281 → tg@nicevpn123 | err=-
[DROP] name=[免费节点10] 🇺🇸 US 281 → tg@nicevpn123 {1114} | server=172.67.175.243:2053 | reason=mihomo start failed
[TEST] {579} tested=1/1 | kept=0 | rest=0
[DEBUG] mihomo isolate | branch={579} | size=1 | parse=0 | names=[免费节点10] 🇺🇸 US 271 → tg@nicevpn123 | err=-
[DEBUG] mihomo drop | branch={579} | size=1 | parse=0 | names=[免费节点10] 🇺🇸 US 271 → tg@nicevpn123 | err=-
[DROP] name=[免费节点10] 🇺🇸 US 271 → tg@nicevpn123 {579} | server=104.19.45.137:2095 | reason=mihomo start failed
[TEST] {582} tested=1/1 | kept=0 | rest=0
[DEBUG] mihomo isolate | branch={582} | size=1 | parse=0 | names=[免费节点10] 🇺🇸 US 274 → tg@nicevpn123 | err=-
[DEBUG] mihomo drop | branch={582} | size=1 | parse=0 | names=[免费节点10] 🇺🇸 US 274 → tg@nicevpn123 | err=-
[DROP] name=[免费节点10] 🇺🇸 US 274 → tg@nicevpn123 {582} | server=104.19.45.213:2095 | reason=mihomo start failed
[TEST] {583} tested=1/1 | kept=0 | rest=0
[DEBUG] mihomo isolate | branch={583} | size=1 | parse=0 | names=[免费节点10] 🇺🇸 US 275 → tg@nicevpn123 | err=-
[DEBUG] mihomo drop | branch={583} | size=1 | parse=0 | names=[免费节点10] 🇺🇸 US 275 → tg@nicevpn123 | err=-
[DROP] name=[免费节点10] 🇺🇸 US 275 → tg@nicevpn123 {583} | server=104.19.45.207:2095 | reason=mihomo start failed
[TEST] {576} tested=1/1 | kept=0 | rest=0
[DEBUG] mihomo isolate | branch={576} | size=1 | parse=0 | names=[免费节点10] 🇺🇸 US 269 → tg@nicevpn123 | err=-
[DEBUG] mihomo drop | branch={576} | size=1 | parse=0 | names=[免费节点10] 🇺🇸 US 269 → tg@nicevpn123 | err=-
[DROP] name=[免费节点10] 🇺🇸 US 269 → tg@nicevpn123 {576} | server=172.105.150.181:28953 | reason=mihomo start failed
[TEST] {578} tested=1/1 | kept=0 | rest=0
[DEBUG] mihomo isolate | branch={578} | size=1 | parse=0 | names=[免费节点10] 🇺🇸 US 270 → tg@nicevpn123 | err=-
[DEBUG] mihomo drop | branch={578} | size=1 | parse=0 | names=[免费节点10] 🇺🇸 US 270 → tg@nicevpn123 | err=-
[DROP] name=[免费节点10] 🇺🇸 US 270 → tg@nicevpn123 {578} | server=38.86.135.225:6697 | reason=mihomo start failed
[TEST] {581} tested=1/1 | kept=0 | rest=0
[DEBUG] mihomo isolate | branch={581} | size=1 | parse=0 | names=[免费节点10] 🇺🇸 US 273 → tg@nicevpn123 | err=-
[DEBUG] mihomo drop | branch={581} | size=1 | parse=0 | names=[免费节点10] 🇺🇸 US 273 → tg@nicevpn123 | err=-
[DROP] name=[免费节点10] 🇺🇸 US 273 → tg@nicevpn123 {581} | server=45.63.87.228:57337 | reason=mihomo start failed
[TEST] {585} tested=5/5 | kept=0 | rest=0
[DEBUG] mihomo split-small | branch={585} | size=5 | parse=0 | names=[免费节点10] 🇺🇸 US 315 → tg@nicevpn123,[免费节点10] 🇺🇸 US 317 → tg@nicevpn123,[免费节点10] 🇺🇸 US 318 → tg@nicevpn123...+2 | err=-
[WARN] batch start failed | size=5 {585} | split=1 {1118} + 1 {1119} + 1 {1120} + 1 {1121} + 1 {1122}
[TEST] {584} tested=4/4 | kept=0 | rest=0
[DEBUG] mihomo split-small | branch={584} | size=4 | parse=0 | names=[免费节点10] 🇺🇸 US 31 → tg@nicevpn123,[免费节点10] 🇺🇸 US 311 → tg@nicevpn123,[免费节点10] 🇺🇸 US 313 → tg@nicevpn123...+1 | err=-
[WARN] batch start failed | size=4 {584} | split=1 {1123} + 1 {1124} + 1 {1125} + 1 {1126}
[TEST] {589} tested=1/1 | kept=0 | rest=0
[DEBUG] mihomo isolate | branch={589} | size=1 | parse=0 | names=[免费节点10] 🇺🇸 US 29 → tg@nicevpn123 | err=-
[DEBUG] mihomo drop | branch={589} | size=1 | parse=0 | names=[免费节点10] 🇺🇸 US 29 → tg@nicevpn123 | err=-
[DROP] name=[免费节点10] 🇺🇸 US 29 → tg@nicevpn123 {589} | server=104.19.45.127:2095 | reason=mihomo start failed
[TEST] {590} tested=1/1 | kept=0 | rest=0
[DEBUG] mihomo isolate | branch={590} | size=1 | parse=0 | names=[免费节点10] 🇺🇸 US 291 → tg@nicevpn123 | err=-
[DEBUG] mihomo drop | branch={590} | size=1 | parse=0 | names=[免费节点10] 🇺🇸 US 291 → tg@nicevpn123 | err=-
[DROP] name=[免费节点10] 🇺🇸 US 291 → tg@nicevpn123 {590} | server=104.16.43.244:2082 | reason=mihomo start failed
[TEST] {591} tested=1/1 | kept=0 | rest=0
[DEBUG] mihomo isolate | branch={591} | size=1 | parse=0 | names=[免费节点10] 🇺🇸 US 293 → tg@nicevpn123 | err=-
[DEBUG] mihomo drop | branch={591} | size=1 | parse=0 | names=[免费节点10] 🇺🇸 US 293 → tg@nicevpn123 | err=-
[DROP] name=[免费节点10] 🇺🇸 US 293 → tg@nicevpn123 {591} | server=104.19.43.217:80 | reason=mihomo start failed
[TEST] {592} tested=1/1 | kept=0 | rest=0
[DEBUG] mihomo isolate | branch={592} | size=1 | parse=0 | names=[免费节点10] 🇺🇸 US 296 → tg@nicevpn123 | err=-
[DEBUG] mihomo drop | branch={592} | size=1 | parse=0 | names=[免费节点10] 🇺🇸 US 296 → tg@nicevpn123 | err=-
[DROP] name=[免费节点10] 🇺🇸 US 296 → tg@nicevpn123 {592} | server=104.18.203.232:2083 | reason=mihomo start failed
[TEST] {586} tested=4/4 | kept=0 | rest=0
[DEBUG] mihomo split-small | branch={586} | size=4 | parse=0 | names=[免费节点10] 🇺🇸 US 322 → tg@nicevpn123,[免费节点10] 🇺🇸 US 323 → tg@nicevpn123,[免费节点10] 🇺🇸 US 324 → tg@nicevpn123...+1 | err=-
[WARN] batch start failed | size=4 {586} | split=1 {1127} + 1 {1128} + 1 {1129} + 1 {1130}
[TEST] {594} tested=1/1 | kept=0 | rest=0
[DEBUG] mihomo isolate | branch={594} | size=1 | parse=0 | names=[免费节点10] 🇺🇸 US 299 → tg@nicevpn123 | err=-
[DEBUG] mihomo drop | branch={594} | size=1 | parse=0 | names=[免费节点10] 🇺🇸 US 299 → tg@nicevpn123 | err=-
[DROP] name=[免费节点10] 🇺🇸 US 299 → tg@nicevpn123 {594} | server=104.19.49.226:443 | reason=mihomo start failed
[TEST] {593} tested=1/1 | kept=0 | rest=0
[DEBUG] mihomo isolate | branch={593} | size=1 | parse=0 | names=[免费节点10] 🇺🇸 US 297 → tg@nicevpn123 | err=-
[DEBUG] mihomo drop | branch={593} | size=1 | parse=0 | names=[免费节点10] 🇺🇸 US 297 → tg@nicevpn123 | err=-
[DROP] name=[免费节点10] 🇺🇸 US 297 → tg@nicevpn123 {593} | server=104.19.45.230:2095 | reason=mihomo start failed
[TEST] {595} tested=1/1 | kept=0 | rest=0
[DEBUG] mihomo isolate | branch={595} | size=1 | parse=0 | names=[免费节点10] 🇺🇸 US 3 → tg@nicevpn123 | err=-
[DEBUG] mihomo drop | branch={595} | size=1 | parse=0 | names=[免费节点10] 🇺🇸 US 3 → tg@nicevpn123 | err=-
[DROP] name=[免费节点10] 🇺🇸 US 3 → tg@nicevpn123 {595} | server=3wihp-g01.jp05-6786-vm0.entry.fr0307a.art:46482 | reason=mihomo start failed
[TEST] {587} tested=5/5 | kept=0 | rest=0
[DEBUG] mihomo split-small | branch={587} | size=5 | parse=0 | names=[免费节点10] 🇺🇸 US 326 → tg@nicevpn123,[免费节点10] 🇺🇸 US 328 → tg@nicevpn123,[免费节点10] 🇺🇸 US 329 → tg@nicevpn123...+2 | err=-
[WARN] batch start failed | size=5 {587} | split=1 {1131} + 1 {1132} + 1 {1133} + 1 {1134} + 1 {1135}
[TEST] {588} tested=1/1 | kept=0 | rest=0
[DEBUG] mihomo isolate | branch={588} | size=1 | parse=0 | names=[免费节点10] 🇺🇸 US 285 → tg@nicevpn123 | err=-
[DEBUG] mihomo drop | branch={588} | size=1 | parse=0 | names=[免费节点10] 🇺🇸 US 285 → tg@nicevpn123 | err=-
[DROP] name=[免费节点10] 🇺🇸 US 285 → tg@nicevpn123 {588} | server=157.254.193.251:20220 | reason=mihomo start failed
[TEST] {599} tested=1/1 | kept=0 | rest=0
[DEBUG] mihomo isolate | branch={599} | size=1 | parse=0 | names=[Epodonios] EPODONIOS-294 | err=-
[DEBUG] mihomo drop | branch={599} | size=1 | parse=0 | names=[Epodonios] EPODONIOS-294 | err=-
[DROP] name=[Epodonios] EPODONIOS-294 {599} | server=195.189.97.12:443 | reason=mihomo start failed
[TEST] {600} tested=1/1 | kept=0 | rest=0
[DEBUG] mihomo isolate | branch={600} | size=1 | parse=0 | names=[Epodonios] EPODONIOS-295 | err=-
[DEBUG] mihomo drop | branch={600} | size=1 | parse=0 | names=[Epodonios] EPODONIOS-295 | err=-
[DROP] name=[Epodonios] EPODONIOS-295 {600} | server=84.32.177.74:443 | reason=mihomo start failed
[TEST] {601} tested=1/1 | kept=0 | rest=0
[DEBUG] mihomo isolate | branch={601} | size=1 | parse=0 | names=[Epodonios] EPODONIOS-296 | err=-
[DEBUG] mihomo drop | branch={601} | size=1 | parse=0 | names=[Epodonios] EPODONIOS-296 | err=-
[DROP] name=[Epodonios] EPODONIOS-296 {601} | server=84.32.186.112:443 | reason=mihomo start failed
[TEST] {602} tested=1/1 | kept=0 | rest=0
[DEBUG] mihomo isolate | branch={602} | size=1 | parse=0 | names=[Epodonios] EPODONIOS-297 | err=-
[DEBUG] mihomo drop | branch={602} | size=1 | parse=0 | names=[Epodonios] EPODONIOS-297 | err=-
[DROP] name=[Epodonios] EPODONIOS-297 {602} | server=api.betust.net:443 | reason=mihomo start failed
[TEST] {603} tested=1/1 | kept=0 | rest=0
[DEBUG] mihomo isolate | branch={603} | size=1 | parse=0 | names=[Epodonios] EPODONIOS-298 | err=-
[DEBUG] mihomo drop | branch={603} | size=1 | parse=0 | names=[Epodonios] EPODONIOS-298 | err=-
[DROP] name=[Epodonios] EPODONIOS-298 {603} | server=cdn6.goonars.com:443 | reason=mihomo start failed
[TEST] {597} tested=5/5 | kept=0 | rest=0
[DEBUG] mihomo split-small | branch={597} | size=5 | parse=0 | names=[免费节点10] 🇺🇸 US 304 → tg@nicevpn123,[免费节点10] 🇺🇸 US 305 → tg@nicevpn123,[免费节点10] 🇺🇸 US 306 → tg@nicevpn123...+2 | err=-
[WARN] batch start failed | size=5 {597} | split=1 {1136} + 1 {1137} + 1 {1138} + 1 {1139} + 1 {1140}
[TEST] {596} tested=4/4 | kept=0 | rest=0
[DEBUG] mihomo split-small | branch={596} | size=4 | parse=0 | names=[免费节点10] 🇺🇸 US 30 → tg@nicevpn123,[免费节点10] 🇺🇸 US 300 → tg@nicevpn123,[免费节点10] 🇺🇸 US 301 → tg@nicevpn123...+1 | err=-
[WARN] batch start failed | size=4 {596} | split=1 {1141} + 1 {1142} + 1 {1143} + 1 {1144}
[TEST] {605} tested=1/1 | kept=0 | rest=0
[DEBUG] mihomo isolate | branch={605} | size=1 | parse=0 | names=[Epodonios] EPODONIOS-300 | err=-
[DEBUG] mihomo drop | branch={605} | size=1 | parse=0 | names=[Epodonios] EPODONIOS-300 | err=-
[DROP] name=[Epodonios] EPODONIOS-300 {605} | server=faultpass-panel-production-2bad.up.railway.app:443 | reason=mihomo start failed
[DEBUG] mihomo start-fail | branch={606} | size=1 | parse=1 | rc=1 | names=[ChromeGO-Merge] United | err=rc=1 Mihomo exited before controller became ready time="2026-09-28T14:13:46.293270452Z" level=info msg="Start initial configuration in progress" time="2026-09-28T14:13:46.293391068Z" level=fatal msg="Parse config error: proxy 0: '' has u...
[DEBUG] mihomo isolate | branch={606} | size=1 | parse=1 | names=[ChromeGO-Merge] United | err=Mihomo exited before controller became ready time="2026-09-28T14:13:46.293270452Z" level=info msg="Start initial configuration in progress" time="2026-09-28T14:13:46.293391068Z" level=fatal msg="Parse config error: proxy 0: '' has unset ...
[REPAIR] name=[ChromeGO-Merge] United {606} | fields=up,down
[DEBUG] mihomo start-fail | branch={607} | size=1 | parse=1 | rc=1 | names=[ChromeGO-Merge] France_hysteria_1 | err=rc=1 Mihomo exited before controller became ready time="2026-09-28T14:13:46.323248124Z" level=info msg="Start initial configuration in progress" time="2026-09-28T14:13:46.323360935Z" level=fatal msg="Parse config error: proxy 0: '' has u...
[DEBUG] mihomo isolate | branch={607} | size=1 | parse=1 | names=[ChromeGO-Merge] France_hysteria_1 | err=Mihomo exited before controller became ready time="2026-09-28T14:13:46.323248124Z" level=info msg="Start initial configuration in progress" time="2026-09-28T14:13:46.323360935Z" level=fatal msg="Parse config error: proxy 0: '' has unset ...
[REPAIR] name=[ChromeGO-Merge] France_hysteria_1 {607} | fields=up,down
[DEBUG] mihomo start-fail | branch={608} | size=1 | parse=1 | rc=1 | names=[ChromeGO-Merge] United-2 | err=rc=1 Mihomo exited before controller became ready time="2026-09-28T14:13:46.449890707Z" level=info msg="Start initial configuration in progress" time="2026-09-28T14:13:46.449989943Z" level=fatal msg="Parse config error: proxy 0: '' has u...
[DEBUG] mihomo isolate | branch={608} | size=1 | parse=1 | names=[ChromeGO-Merge] United-2 | err=Mihomo exited before controller became ready time="2026-09-28T14:13:46.449890707Z" level=info msg="Start initial configuration in progress" time="2026-09-28T14:13:46.449989943Z" level=fatal msg="Parse config error: proxy 0: '' has unset ...
[REPAIR] name=[ChromeGO-Merge] United-2 {608} | fields=up,down
[TEST] {609} tested=1/1 | kept=0 | rest=0
[DEBUG] mihomo isolate | branch={609} | size=1 | parse=0 | names=[ChromeGO-Merge] United-3 | err=-
[DEBUG] mihomo drop | branch={609} | size=1 | parse=0 | names=[ChromeGO-Merge] United-3 | err=-
[DROP] name=[ChromeGO-Merge] United-3 {609} | server=yh6.dtku41.xyz:443 | reason=mihomo start failed
[TEST] {598} tested=1/1 | kept=0 | rest=0
[DEBUG] mihomo isolate | branch={598} | size=1 | parse=0 | names=[Epodonios] EPODONIOS-293 | err=-
[DEBUG] mihomo drop | branch={598} | size=1 | parse=0 | names=[Epodonios] EPODONIOS-293 | err=-
[DROP] name=[Epodonios] EPODONIOS-293 {598} | server=91.234.39.183:8080 | reason=mihomo start failed
[TEST] {604} tested=1/1 | kept=0 | rest=0
[DEBUG] mihomo isolate | branch={604} | size=1 | parse=0 | names=[Epodonios] EPODONIOS-299 | err=-
[DEBUG] mihomo drop | branch={604} | size=1 | parse=0 | names=[Epodonios] EPODONIOS-299 | err=-
[DROP] name=[Epodonios] EPODONIOS-299 {604} | server=207.56.137.51:443 | reason=mihomo start failed
[TEST] {606} tested=1/1 | kept=0 | rest=0
[TEST] {607} tested=1/1 | kept=0 | rest=0
[TEST] {610} tested=4/4 | kept=0 | rest=0
[TEST] {608} tested=1/1 | kept=0 | rest=0
[DEBUG] mihomo split-small | branch={610} | size=4 | parse=0 | names=[Epodonios] EPODONIOS-301,[Epodonios] EPODONIOS-302,[Epodonios] EPODONIOS-303...+1 | err=-
[WARN] batch start failed | size=4 {610} | split=1 {1145} + 1 {1146} + 1 {1147} + 1 {1148}
[TEST] {612} tested=4/4 | kept=0 | rest=0
[DEBUG] mihomo split-small | branch={612} | size=4 | parse=0 | names=[Epodonios] EPODONIOS-310,[Epodonios] EPODONIOS-311,[Epodonios] EPODONIOS-312...+1 | err=-
[WARN] batch start failed | size=4 {612} | split=1 {1149} + 1 {1150} + 1 {1151} + 1 {1152}
[TEST] {611} tested=5/5 | kept=0 | rest=0
[DEBUG] mihomo split-small | branch={611} | size=5 | parse=0 | names=[Epodonios] EPODONIOS-305,[Epodonios] EPODONIOS-306,[Epodonios] EPODONIOS-307...+2 | err=-
[WARN] batch start failed | size=5 {611} | split=1 {1153} + 1 {1154} + 1 {1155} + 1 {1156} + 1 {1157}
[TEST] {616} tested=1/1 | kept=0 | rest=0
[DEBUG] mihomo isolate | branch={616} | size=1 | parse=0 | names=[ChromeGO-Merge] None_vless_2 | err=-
[DEBUG] mihomo drop | branch={616} | size=1 | parse=0 | names=[ChromeGO-Merge] None_vless_2 | err=-
[DROP] name=[ChromeGO-Merge] None_vless_2 {616} | server=yh9.dtku41.xyz:443 | reason=mihomo start failed
[TEST] {613} tested=5/5 | kept=0 | rest=0
[DEBUG] mihomo split-small | branch={613} | size=5 | parse=0 | names=[Epodonios] vless-2,[Epodonios] EPODONIOS-314,[Epodonios] EPODONIOS-315...+2 | err=-
[WARN] batch start failed | size=5 {613} | split=1 {1158} + 1 {1159} + 1 {1160} + 1 {1161} + 1 {1162}
[TEST] {617} tested=1/1 | kept=0 | rest=0
[DEBUG] mihomo isolate | branch={617} | size=1 | parse=0 | names=[ChromeGO-Merge] None_vless_3 | err=-
[DEBUG] mihomo drop | branch={617} | size=1 | parse=0 | names=[ChromeGO-Merge] None_vless_3 | err=-
[DROP] name=[ChromeGO-Merge] None_vless_3 {617} | server=yh7.dtku41.xyz:443 | reason=mihomo start failed
[TEST] {614} tested=4/4 | kept=1 | rest=0
[TEST] {615} tested=5/5 | kept=0 | rest=0
[DEBUG] mihomo split-small | branch={615} | size=5 | parse=0 | names=[Epodonios] EPODONIOS-322,[Epodonios] EPODONIOS-323,[Epodonios] EPODONIOS-324...+2 | err=-
[WARN] batch start failed | size=5 {615} | split=1 {1163} + 1 {1164} + 1 {1165} + 1 {1166} + 1 {1167}
[TEST] {622} tested=5/5 | kept=0 | rest=0
[DEBUG] mihomo split-small | branch={622} | size=5 | parse=0 | names=[Epodonios] EPODONIOS-205,[Epodonios] EPODONIOS-206,[Epodonios] EPODONIOS-207...+2 | err=-
[WARN] batch start failed | size=5 {622} | split=1 {1168} + 1 {1169} + 1 {1170} + 1 {1171} + 1 {1172}
[TEST] {618} tested=1/1 | kept=0 | rest=0
[DEBUG] mihomo isolate | branch={618} | size=1 | parse=0 | names=[ChromeGO-Merge] 🇫🇷 France_tuic_0 | err=-
[DEBUG] mihomo drop | branch={618} | size=1 | parse=0 | names=[ChromeGO-Merge] 🇫🇷 France_tuic_0 | err=-
[DROP] name=[ChromeGO-Merge] 🇫🇷 France_tuic_0 {618} | server=62.210.103.14:44556 | reason=mihomo start failed
[TEST] {619} tested=1/1 | kept=0 | rest=0
[DEBUG] mihomo isolate | branch={619} | size=1 | parse=0 | names=[ChromeGO-Merge] 🇺🇸 United States_tuic_1 | err=-
[DEBUG] mihomo drop | branch={619} | size=1 | parse=0 | names=[ChromeGO-Merge] 🇺🇸 United States_tuic_1 | err=-
[DROP] name=[ChromeGO-Merge] 🇺🇸 United States_tuic_1 {619} | server=109.104.152.4:443 | reason=mihomo start failed
[TEST] {620} tested=1/1 | kept=0 | rest=0
[DEBUG] mihomo isolate | branch={620} | size=1 | parse=0 | names=[ChromeGO-Merge] 🇳🇱 Netherlands_tuic_2 | err=-
[DEBUG] mihomo drop | branch={620} | size=1 | parse=0 | names=[ChromeGO-Merge] 🇳🇱 Netherlands_tuic_2 | err=-
[DROP] name=[ChromeGO-Merge] 🇳🇱 Netherlands_tuic_2 {620} | server=109.104.153.17:22334 | reason=mihomo start failed
[DEBUG] mihomo start-fail | branch={625} | size=1 | parse=1 | rc=1 | names=[ChromeGO-ShiteThings] hysteria | err=rc=1 Mihomo exited before controller became ready time="2026-09-28T14:14:01.978633673Z" level=info msg="Start initial configuration in progress" time="2026-09-28T14:14:01.978774857Z" level=fatal msg="Parse config error: proxy 0: '' has u...
[DEBUG] mihomo isolate | branch={625} | size=1 | parse=1 | names=[ChromeGO-ShiteThings] hysteria | err=Mihomo exited before controller became ready time="2026-09-28T14:14:01.978633673Z" level=info msg="Start initial configuration in progress" time="2026-09-28T14:14:01.978774857Z" level=fatal msg="Parse config error: proxy 0: '' has unset ...
[REPAIR] name=[ChromeGO-ShiteThings] hysteria {625} | fields=up,down
[DEBUG] mihomo start-fail | branch={626} | size=1 | parse=1 | rc=1 | names=[ChromeGO-ShiteThings] hysteria-2 | err=rc=1 Mihomo exited before controller became ready time="2026-09-28T14:14:02.102573894Z" level=info msg="Start initial configuration in progress" time="2026-09-28T14:14:02.102703676Z" level=fatal msg="Parse config error: proxy 0: '' has u...
[DEBUG] mihomo isolate | branch={626} | size=1 | parse=1 | names=[ChromeGO-ShiteThings] hysteria-2 | err=Mihomo exited before controller became ready time="2026-09-28T14:14:02.102573894Z" level=info msg="Start initial configuration in progress" time="2026-09-28T14:14:02.102703676Z" level=fatal msg="Parse config error: proxy 0: '' has unset ...
[REPAIR] name=[ChromeGO-ShiteThings] hysteria-2 {626} | fields=up,down
[DEBUG] mihomo start-fail | branch={628} | size=1 | parse=1 | rc=1 | names=[ChromeGO-ShiteThings] hysteria-4 | err=rc=1 Mihomo exited before controller became ready time="2026-09-28T14:14:02.233580426Z" level=info msg="Start initial configuration in progress" time="2026-09-28T14:14:02.233690843Z" level=fatal msg="Parse config error: proxy 0: '' has u...
[DEBUG] mihomo isolate | branch={628} | size=1 | parse=1 | names=[ChromeGO-ShiteThings] hysteria-4 | err=Mihomo exited before controller became ready time="2026-09-28T14:14:02.233580426Z" level=info msg="Start initial configuration in progress" time="2026-09-28T14:14:02.233690843Z" level=fatal msg="Parse config error: proxy 0: '' has unset ...
[REPAIR] name=[ChromeGO-ShiteThings] hysteria-4 {628} | fields=up,down
[TEST] {624} tested=1/1 | kept=0 | rest=0
[DEBUG] mihomo isolate | branch={624} | size=1 | parse=0 | names=[ChromeGO-ShiteThings] cloudflare-dl.byo | err=-
[DEBUG] mihomo drop | branch={624} | size=1 | parse=0 | names=[ChromeGO-ShiteThings] cloudflare-dl.byo | err=-
[DROP] name=[ChromeGO-ShiteThings] cloudflare-dl.byoip.top {624} | server=cloudflare-dl.byoip.top:443 | reason=mihomo start failed
[DEBUG] mihomo start-fail | branch={627} | size=1 | parse=1 | rc=1 | names=[ChromeGO-ShiteThings] hysteria-3 | err=rc=1 Mihomo exited before controller became ready time="2026-09-28T14:14:02.358077010Z" level=info msg="Start initial configuration in progress" time="2026-09-28T14:14:02.358189450Z" level=fatal msg="Parse config error: proxy 0: '' has u...
[DEBUG] mihomo isolate | branch={627} | size=1 | parse=1 | names=[ChromeGO-ShiteThings] hysteria-3 | err=Mihomo exited before controller became ready time="2026-09-28T14:14:02.358077010Z" level=info msg="Start initial configuration in progress" time="2026-09-28T14:14:02.358189450Z" level=fatal msg="Parse config error: proxy 0: '' has unset ...
[REPAIR] name=[ChromeGO-ShiteThings] hysteria-3 {627} | fields=up,down
[DEBUG] mihomo start-fail | branch={629} | size=1 | parse=1 | rc=1 | names=[ChromeGO-ShiteThings] hysteria-5 | err=rc=1 Mihomo exited before controller became ready time="2026-09-28T14:14:02.414527038Z" level=info msg="Start initial configuration in progress" time="2026-09-28T14:14:02.414623488Z" level=fatal msg="Parse config error: proxy 0: '' has u...
[DEBUG] mihomo isolate | branch={629} | size=1 | parse=1 | names=[ChromeGO-ShiteThings] hysteria-5 | err=Mihomo exited before controller became ready time="2026-09-28T14:14:02.414527038Z" level=info msg="Start initial configuration in progress" time="2026-09-28T14:14:02.414623488Z" level=fatal msg="Parse config error: proxy 0: '' has unset ...
[REPAIR] name=[ChromeGO-ShiteThings] hysteria-5 {629} | fields=up,down
[DEBUG] mihomo start-fail | branch={630} | size=1 | parse=1 | rc=1 | names=[ChromeGO-Merge] WARP | err=rc=1 Mihomo exited before controller became ready time="2026-09-28T14:14:02.485694338Z" level=info msg="Start initial configuration in progress" time="2026-09-28T14:14:02.486105007Z" level=fatal msg="Parse config error: proxy [[ChromeGO-...
[DEBUG] mihomo isolate | branch={630} | size=1 | parse=1 | names=[ChromeGO-Merge] WARP | err=Mihomo exited before controller became ready time="2026-09-28T14:14:02.485694338Z" level=info msg="Start initial configuration in progress" time="2026-09-28T14:14:02.486105007Z" level=fatal msg="Parse config error: proxy [[ChromeGO-Merge...
[REPAIR] name=[ChromeGO-Merge] WARP {630} | fields=dialer-proxy
[TEST] {621} tested=4/4 | kept=0 | rest=0
[DEBUG] mihomo split-small | branch={621} | size=4 | parse=0 | names=[Epodonios] EPODONIOS-201,[Epodonios] EPODONIOS-202,[Epodonios] EPODONIOS-203...+1 | err=-
[WARN] batch start failed | size=4 {621} | split=1 {1173} + 1 {1174} + 1 {1175} + 1 {1176}
[TEST] {625} tested=1/1 | kept=0 | rest=0
[TEST] {627} tested=1/1 | kept=0 | rest=0
[TEST] {630} tested=1/1 | kept=1 | rest=0
[TEST] {626} tested=1/1 | kept=0 | rest=0
[TEST] {628} tested=1/1 | kept=0 | rest=0
[TEST] {632} tested=1/1 | kept=0 | rest=0
[DEBUG] mihomo isolate | branch={632} | size=1 | parse=0 | names=[Epodonios] EPODONIOS-194 | err=-
[DEBUG] mihomo drop | branch={632} | size=1 | parse=0 | names=[Epodonios] EPODONIOS-194 | err=-
[DROP] name=[Epodonios] EPODONIOS-194 {632} | server=193.124.46.65:443 | reason=mihomo start failed
[TEST] {634} tested=1/1 | kept=0 | rest=0
[DEBUG] mihomo isolate | branch={634} | size=1 | parse=0 | names=[Epodonios] trojan-3 | err=-
[DEBUG] mihomo drop | branch={634} | size=1 | parse=0 | names=[Epodonios] trojan-3 | err=-
[DROP] name=[Epodonios] trojan-3 {634} | server=api.ohbah.com:3004 | reason=mihomo start failed
[TEST] {623} tested=1/1 | kept=0 | rest=0
[DEBUG] mihomo isolate | branch={623} | size=1 | parse=0 | names=[ChromeGO-ShiteThings] cf.tencentapp.cn | err=-
[DEBUG] mihomo drop | branch={623} | size=1 | parse=0 | names=[ChromeGO-ShiteThings] cf.tencentapp.cn | err=-
[DROP] name=[ChromeGO-ShiteThings] cf.tencentapp.cn {623} | server=cf.tencentapp.cn:443 | reason=mihomo start failed
[TEST] {636} tested=1/1 | kept=0 | rest=0
[DEBUG] mihomo isolate | branch={636} | size=1 | parse=0 | names=[Epodonios] EPODONIOS-197 | err=-
[DEBUG] mihomo drop | branch={636} | size=1 | parse=0 | names=[Epodonios] EPODONIOS-197 | err=-
[DROP] name=[Epodonios] EPODONIOS-197 {636} | server=5.75.171.12:1080 | reason=mihomo start failed
[TEST] {637} tested=1/1 | kept=0 | rest=0
[DEBUG] mihomo isolate | branch={637} | size=1 | parse=0 | names=[Epodonios] EPODONIOS-198 | err=-
[DEBUG] mihomo drop | branch={637} | size=1 | parse=0 | names=[Epodonios] EPODONIOS-198 | err=-
[DROP] name=[Epodonios] EPODONIOS-198 {637} | server=jgzt1997.qivfelo.ir:1080 | reason=mihomo start failed
[TEST] {631} tested=1/1 | kept=0 | rest=0
[DEBUG] mihomo isolate | branch={631} | size=1 | parse=0 | names=[ChromeGO-Merge] United States_hysteria2 | err=-
[DEBUG] mihomo drop | branch={631} | size=1 | parse=0 | names=[ChromeGO-Merge] United States_hysteria2 | err=-
[DROP] name=[ChromeGO-Merge] United States_hysteria2_01 {631} | server=74.63.233.74:33445 | reason=mihomo start failed
[TEST] {629} tested=1/1 | kept=0 | rest=0
[TEST] {633} tested=1/1 | kept=0 | rest=0
[DEBUG] mihomo isolate | branch={633} | size=1 | parse=0 | names=[Epodonios] EPODONIOS-195 | err=-
[DEBUG] mihomo drop | branch={633} | size=1 | parse=0 | names=[Epodonios] EPODONIOS-195 | err=-
[DROP] name=[Epodonios] EPODONIOS-195 {633} | server=3.10.143.243:16151 | reason=mihomo start failed
[TEST] {640} tested=4/4 | kept=0 | rest=0
[DEBUG] mihomo split-small | branch={640} | size=4 | parse=0 | names=[Epodonios] EPODONIOS-218,[Epodonios] EPODONIOS-219,[Epodonios] EPODONIOS-220...+1 | err=-
[WARN] batch start failed | size=4 {640} | split=1 {1177} + 1 {1178} + 1 {1179} + 1 {1180}
[TEST] {635} tested=1/1 | kept=0 | rest=0
[DEBUG] mihomo isolate | branch={635} | size=1 | parse=0 | names=[Epodonios] EPODONIOS-196 | err=-
[DEBUG] mihomo drop | branch={635} | size=1 | parse=0 | names=[Epodonios] EPODONIOS-196 | err=-
[DROP] name=[Epodonios] EPODONIOS-196 {635} | server=91.107.174.133:14639 | reason=mihomo start failed
[TEST] {642} tested=1/1 | kept=0 | rest=0
[DEBUG] mihomo isolate | branch={642} | size=1 | parse=0 | names=[Epodonios] EPODONIOS-210 | err=-
[DEBUG] mihomo drop | branch={642} | size=1 | parse=0 | names=[Epodonios] EPODONIOS-210 | err=-
[DROP] name=[Epodonios] EPODONIOS-210 {642} | server=199.232.78.160:443 | reason=mihomo start failed
[TEST] {645} tested=1/1 | kept=0 | rest=0
[DEBUG] mihomo isolate | branch={645} | size=1 | parse=0 | names=[Epodonios] EPODONIOS-213 | err=-
[DEBUG] mihomo drop | branch={645} | size=1 | parse=0 | names=[Epodonios] EPODONIOS-213 | err=-
[DROP] name=[Epodonios] EPODONIOS-213 {645} | server=199.232.78.160:443 | reason=mihomo start failed
[TEST] {638} tested=1/1 | kept=0 | rest=0
[DEBUG] mihomo isolate | branch={638} | size=1 | parse=0 | names=[Epodonios] EPODONIOS-199 | err=-
[DEBUG] mihomo drop | branch={638} | size=1 | parse=0 | names=[Epodonios] EPODONIOS-199 | err=-
[DROP] name=[Epodonios] EPODONIOS-199 {638} | server=xn--memeshupshop-vl56koa410enom.rekmiva.ir:1080 | reason=mihomo start failed
[TEST] {644} tested=1/1 | kept=0 | rest=0
[DEBUG] mihomo isolate | branch={644} | size=1 | parse=0 | names=[Epodonios] EPODONIOS-212 | err=-
[DEBUG] mihomo drop | branch={644} | size=1 | parse=0 | names=[Epodonios] EPODONIOS-212 | err=-
[DROP] name=[Epodonios] EPODONIOS-212 {644} | server=199.232.78.101:443 | reason=mihomo start failed
[TEST] {643} tested=1/1 | kept=0 | rest=0
[DEBUG] mihomo isolate | branch={643} | size=1 | parse=0 | names=[Epodonios] EPODONIOS-211 | err=-
[DEBUG] mihomo drop | branch={643} | size=1 | parse=0 | names=[Epodonios] EPODONIOS-211 | err=-
[DROP] name=[Epodonios] EPODONIOS-211 {643} | server=151.101.56.7:443 | reason=mihomo start failed
[TEST] {647} tested=1/1 | kept=0 | rest=0
[DEBUG] mihomo isolate | branch={647} | size=1 | parse=0 | names=[Epodonios] EPODONIOS-215 | err=-
[DEBUG] mihomo drop | branch={647} | size=1 | parse=0 | names=[Epodonios] EPODONIOS-215 | err=-
[DROP] name=[Epodonios] EPODONIOS-215 {647} | server=151.101.56.56:443 | reason=mihomo start failed
[TEST] {649} tested=1/1 | kept=0 | rest=0
[DEBUG] mihomo isolate | branch={649} | size=1 | parse=0 | names=[Epodonios] EPODONIOS-217 | err=-
[DEBUG] mihomo drop | branch={649} | size=1 | parse=0 | names=[Epodonios] EPODONIOS-217 | err=-
[DROP] name=[Epodonios] EPODONIOS-217 {649} | server=167.82.76.7:443 | reason=mihomo start failed
[TEST] {648} tested=1/1 | kept=0 | rest=0
[DEBUG] mihomo isolate | branch={648} | size=1 | parse=0 | names=[Epodonios] EPODONIOS-216 | err=-
[DEBUG] mihomo drop | branch={648} | size=1 | parse=0 | names=[Epodonios] EPODONIOS-216 | err=-
[DROP] name=[Epodonios] EPODONIOS-216 {648} | server=151.101.56.7:443 | reason=mihomo start failed
[TEST] {639} tested=1/1 | kept=0 | rest=0
[DEBUG] mihomo isolate | branch={639} | size=1 | parse=0 | names=[Epodonios] EPODONIOS-200 | err=-
[DEBUG] mihomo drop | branch={639} | size=1 | parse=0 | names=[Epodonios] EPODONIOS-200 | err=-
[DROP] name=[Epodonios] EPODONIOS-200 {639} | server=16.163.102.116:52951 | reason=mihomo start failed
[TEST] {641} tested=5/5 | kept=0 | rest=0
[DEBUG] mihomo split-small | branch={641} | size=5 | parse=0 | names=[Epodonios] EPODONIOS-222,[Epodonios] EPODONIOS-223,[Epodonios] EPODONIOS-224...+2 | err=-
[WARN] batch start failed | size=5 {641} | split=1 {1181} + 1 {1182} + 1 {1183} + 1 {1184} + 1 {1185}
[TEST] {646} tested=1/1 | kept=0 | rest=0
[DEBUG] mihomo isolate | branch={646} | size=1 | parse=0 | names=[Epodonios] EPODONIOS-214 | err=-
[DEBUG] mihomo drop | branch={646} | size=1 | parse=0 | names=[Epodonios] EPODONIOS-214 | err=-
[DROP] name=[Epodonios] EPODONIOS-214 {646} | server=84.234.31.249:443 | reason=mihomo start failed
[TEST] {650} tested=1/1 | kept=0 | rest=0
[DEBUG] mihomo isolate | branch={650} | size=1 | parse=0 | names=[ChromeGO-Merge] United States_hy_0 | err=-
[DEBUG] mihomo drop | branch={650} | size=1 | parse=0 | names=[ChromeGO-Merge] United States_hy_0 | err=-
[DROP] name=[ChromeGO-Merge] United States_hy_0 {650} | server=108.181.5.133:26022 | reason=mihomo start failed
[TEST] {651} tested=1/1 | kept=0 | rest=0
[DEBUG] mihomo isolate | branch={651} | size=1 | parse=0 | names=[ChromeGO-Merge] France_hy_1 | err=-
[DEBUG] mihomo drop | branch={651} | size=1 | parse=0 | names=[ChromeGO-Merge] France_hy_1 | err=-
[DROP] name=[ChromeGO-Merge] France_hy_1 {651} | server=62.210.243.131:18702 | reason=mihomo start failed
[TEST] {653} tested=1/1 | kept=0 | rest=0
[DEBUG] mihomo isolate | branch={653} | size=1 | parse=0 | names=[ChromeGO-Merge] United States_hy2_0 | err=-
[DEBUG] mihomo drop | branch={653} | size=1 | parse=0 | names=[ChromeGO-Merge] United States_hy2_0 | err=-
[DROP] name=[ChromeGO-Merge] United States_hy2_0 {653} | server=104.192.224.141:40391 | reason=mihomo start failed
[TEST] {655} tested=1/1 | kept=0 | rest=0
[DEBUG] mihomo isolate | branch={655} | size=1 | parse=0 | names=[ChromeGO-Merge] United States_vless_21 | err=-
[DEBUG] mihomo drop | branch={655} | size=1 | parse=0 | names=[ChromeGO-Merge] United States_vless_21 | err=-
[DROP] name=[ChromeGO-Merge] United States_vless_21 {655} | server=109.104.152.101:13982 | reason=mihomo start failed
[TEST] {652} tested=1/1 | kept=0 | rest=0
[DEBUG] mihomo isolate | branch={652} | size=1 | parse=0 | names=[ChromeGO-Merge] United States_hy_3 | err=-
[DEBUG] mihomo drop | branch={652} | size=1 | parse=0 | names=[ChromeGO-Merge] United States_hy_3 | err=-
[DROP] name=[ChromeGO-Merge] United States_hy_3 {652} | server=109.104.152.194:58510 | reason=mihomo start failed
[TEST] {654} tested=1/1 | kept=0 | rest=0
[DEBUG] mihomo isolate | branch={654} | size=1 | parse=0 | names=[ChromeGO-Merge] United States_hy2_1 | err=-
[DEBUG] mihomo drop | branch={654} | size=1 | parse=0 | names=[ChromeGO-Merge] United States_hy2_1 | err=-
[DROP] name=[ChromeGO-Merge] United States_hy2_1 {654} | server=104.192.224.140:40391 | reason=mihomo start failed
[TEST] {656} tested=1/1 | kept=0 | rest=0
[DEBUG] mihomo isolate | branch={656} | size=1 | parse=0 | names=[ChromeGO-Merge] United States_ss_61 | err=-
[DEBUG] mihomo drop | branch={656} | size=1 | parse=0 | names=[ChromeGO-Merge] United States_ss_61 | err=-
[DROP] name=[ChromeGO-Merge] United States_ss_61 {656} | server=109.104.152.186:11223 | reason=mihomo start failed
[TEST] {658} tested=1/1 | kept=0 | rest=0
[DEBUG] mihomo isolate | branch={658} | size=1 | parse=0 | names=[ChromeGO-Merge] United States_shadowtls | err=-
[DEBUG] mihomo drop | branch={658} | size=1 | parse=0 | names=[ChromeGO-Merge] United States_shadowtls | err=-
[DROP] name=[ChromeGO-Merge] United States_shadowtls_1 {658} | server=109.104.152.186:443 | reason=mihomo start failed
[TEST] {662} tested=1/1 | kept=0 | rest=0
[DEBUG] mihomo isolate | branch={662} | size=1 | parse=0 | names=[Pawdroid-SS-APK] United+States-63 | err=-
[DEBUG] mihomo drop | branch={662} | size=1 | parse=0 | names=[Pawdroid-SS-APK] United+States-63 | err=-
[DROP] name=[Pawdroid-SS-APK] United+States-63 {662} | server=time.is:2096 | reason=mihomo start failed
[TEST] {660} tested=5/5 | kept=0 | rest=0
[DEBUG] mihomo split-small | branch={660} | size=5 | parse=0 | names=[免费节点10] 🇺🇸 US 429 → tg@nicevpn123,[免费节点10] 🇺🇸 US 430 → tg@nicevpn123,[免费节点10] 🇺🇸 US 431 → tg@nicevpn123...+2 | err=-
[WARN] batch start failed | size=5 {660} | split=1 {1186} + 1 {1187} + 1 {1188} + 1 {1189} + 1 {1190}
[TEST] {661} tested=1/1 | kept=0 | rest=0
[DEBUG] mihomo isolate | branch={661} | size=1 | parse=0 | names=[Pawdroid-SS-APK] United+States-62 | err=-
[DEBUG] mihomo drop | branch={661} | size=1 | parse=0 | names=[Pawdroid-SS-APK] United+States-62 | err=-
[DROP] name=[Pawdroid-SS-APK] United+States-62 {661} | server=135.84.75.50:8880 | reason=mihomo start failed
[TEST] {663} tested=1/1 | kept=0 | rest=0
[DEBUG] mihomo isolate | branch={663} | size=1 | parse=0 | names=[Pawdroid-SS-APK] United+States-64 | err=-
[DEBUG] mihomo drop | branch={663} | size=1 | parse=0 | names=[Pawdroid-SS-APK] United+States-64 | err=-
[DROP] name=[Pawdroid-SS-APK] United+States-64 {663} | server=172.67.186.142:443 | reason=mihomo start failed
[TEST] {665} tested=1/1 | kept=0 | rest=0
[DEBUG] mihomo isolate | branch={665} | size=1 | parse=0 | names=[Pawdroid-SS-APK] Seychelles-3 | err=-
[DEBUG] mihomo drop | branch={665} | size=1 | parse=0 | names=[Pawdroid-SS-APK] Seychelles-3 | err=-
[DROP] name=[Pawdroid-SS-APK] Seychelles-3 {665} | server=45.130.125.207:443 | reason=mihomo start failed
[TEST] {664} tested=1/1 | kept=0 | rest=0
[DEBUG] mihomo isolate | branch={664} | size=1 | parse=0 | names=[Pawdroid-SS-APK] vless-48 | err=-
[DEBUG] mihomo drop | branch={664} | size=1 | parse=0 | names=[Pawdroid-SS-APK] vless-48 | err=-
[DROP] name=[Pawdroid-SS-APK] vless-48 {664} | server=104.17.147.22:80 | reason=mihomo start failed
[TEST] {667} tested=1/1 | kept=0 | rest=0
[DEBUG] mihomo isolate | branch={667} | size=1 | parse=0 | names=[Pawdroid-SS-APK] vless-49 | err=-
[DEBUG] mihomo drop | branch={667} | size=1 | parse=0 | names=[Pawdroid-SS-APK] vless-49 | err=-
[DROP] name=[Pawdroid-SS-APK] vless-49 {667} | server=time.is:2053 | reason=mihomo start failed
[TEST] {666} tested=1/1 | kept=0 | rest=0
[DEBUG] mihomo isolate | branch={666} | size=1 | parse=0 | names=[Pawdroid-SS-APK] United+Kingdom-18 | err=-
[DEBUG] mihomo drop | branch={666} | size=1 | parse=0 | names=[Pawdroid-SS-APK] United+Kingdom-18 | err=-
[DROP] name=[Pawdroid-SS-APK] United+Kingdom-18 {666} | server=91.193.58.215:2083 | reason=mihomo start failed
[TEST] {668} tested=1/1 | kept=0 | rest=0
[DEBUG] mihomo isolate | branch={668} | size=1 | parse=0 | names=[Pawdroid-SS-APK] vless-50 | err=-
[DEBUG] mihomo drop | branch={668} | size=1 | parse=0 | names=[Pawdroid-SS-APK] vless-50 | err=-
[DROP] name=[Pawdroid-SS-APK] vless-50 {668} | server=104.21.11.152:8080 | reason=mihomo start failed
[TEST] {669} tested=4/4 | kept=0 | rest=0
[DEBUG] mihomo split-small | branch={669} | size=4 | parse=0 | names=[Pawdroid-SS-APK] Cyprus,[Pawdroid-SS-APK] United+States-65,[Pawdroid-SS-APK] France-6...+1 | err=-
[WARN] batch start failed | size=4 {669} | split=1 {1191} + 1 {1192} + 1 {1193} + 1 {1194}
[TEST] {670} tested=5/5 | kept=0 | rest=0
[DEBUG] mihomo split-small | branch={670} | size=5 | parse=0 | names=[Pawdroid-SS-APK] vless-51,[Pawdroid-SS-APK] vless-52,[Pawdroid-SS-APK] United+States-66...+2 | err=-
[WARN] batch start failed | size=5 {670} | split=1 {1195} + 1 {1196} + 1 {1197} + 1 {1198} + 1 {1199}
[TEST] {671} tested=1/1 | kept=0 | rest=0
[DEBUG] mihomo isolate | branch={671} | size=1 | parse=0 | names=[Pawdroid-SS-APK] United+States-68 | err=-
[DEBUG] mihomo drop | branch={671} | size=1 | parse=0 | names=[Pawdroid-SS-APK] United+States-68 | err=-
[DROP] name=[Pawdroid-SS-APK] United+States-68 {671} | server=7x70yyvt7eqotx-iq9n3rjt1xn1jwkh9.asdfsafdsaf.workers.dev:2053 | reason=mihomo start failed
[TEST] {673} tested=1/1 | kept=0 | rest=0
[DEBUG] mihomo isolate | branch={673} | size=1 | parse=0 | names=[Pawdroid-SS-APK] The+Netherlands-29 | err=-
[DEBUG] mihomo drop | branch={673} | size=1 | parse=0 | names=[Pawdroid-SS-APK] The+Netherlands-29 | err=-
[DROP] name=[Pawdroid-SS-APK] The+Netherlands-29 {673} | server=188.114.97.110:2087 | reason=mihomo start failed
[TEST] {675} tested=1/1 | kept=0 | rest=0
[DEBUG] mihomo isolate | branch={675} | size=1 | parse=0 | names=[Pawdroid-SS-APK] vless-56 | err=-
[DEBUG] mihomo drop | branch={675} | size=1 | parse=0 | names=[Pawdroid-SS-APK] vless-56 | err=-
[DROP] name=[Pawdroid-SS-APK] vless-56 {675} | server=104.17.28.104:443 | reason=mihomo start failed
[TEST] {672} tested=1/1 | kept=0 | rest=0
[DEBUG] mihomo isolate | branch={672} | size=1 | parse=0 | names=[Pawdroid-SS-APK] vless-54 | err=-
[DEBUG] mihomo drop | branch={672} | size=1 | parse=0 | names=[Pawdroid-SS-APK] vless-54 | err=-
[DROP] name=[Pawdroid-SS-APK] vless-54 {672} | server=fans.liverpool.qzz.io:2083 | reason=mihomo start failed
[TEST] {674} tested=1/1 | kept=0 | rest=0
[DEBUG] mihomo isolate | branch={674} | size=1 | parse=0 | names=[Pawdroid-SS-APK] vless-55 | err=-
[DEBUG] mihomo drop | branch={674} | size=1 | parse=0 | names=[Pawdroid-SS-APK] vless-55 | err=-
[DROP] name=[Pawdroid-SS-APK] vless-55 {674} | server=104.21.234.13:2053 | reason=mihomo start failed
[TEST] {676} tested=1/1 | kept=0 | rest=0
[DEBUG] mihomo isolate | branch={676} | size=1 | parse=0 | names=[Pawdroid-SS-APK] United+States-69 | err=-
[DEBUG] mihomo drop | branch={676} | size=1 | parse=0 | names=[Pawdroid-SS-APK] United+States-69 | err=-
[DROP] name=[Pawdroid-SS-APK] United+States-69 {676} | server=45.40.146.30:8880 | reason=mihomo start failed
[TEST] {677} tested=1/1 | kept=0 | rest=0
[DEBUG] mihomo isolate | branch={677} | size=1 | parse=0 | names=[Pawdroid-SS-APK] vless-57 | err=-
[DEBUG] mihomo drop | branch={677} | size=1 | parse=0 | names=[Pawdroid-SS-APK] vless-57 | err=-
[DROP] name=[Pawdroid-SS-APK] vless-57 {677} | server=www.speedtest.net:8080 | reason=mihomo start failed
[TEST] {657} tested=1/1 | kept=0 | rest=0
[DEBUG] mihomo isolate | branch={657} | size=1 | parse=0 | names=[ChromeGO-Merge] United States_hysteria2 | err=-
[DEBUG] mihomo drop | branch={657} | size=1 | parse=0 | names=[ChromeGO-Merge] United States_hysteria2 | err=-
[DROP] name=[ChromeGO-Merge] United States_hysteria2_71 {657} | server=109.104.152.89:22441 | reason=mihomo start failed
[TEST] {678} tested=1/1 | kept=0 | rest=0
[DEBUG] mihomo isolate | branch={678} | size=1 | parse=0 | names=[Pawdroid-SS-APK] vless-58 | err=-
[DEBUG] mihomo drop | branch={678} | size=1 | parse=0 | names=[Pawdroid-SS-APK] vless-58 | err=-
[DROP] name=[Pawdroid-SS-APK] vless-58 {678} | server=104.21.19.226:8880 | reason=mihomo start failed
[TEST] {680} tested=5/5 | kept=0 | rest=0
[DEBUG] mihomo split-small | branch={680} | size=5 | parse=0 | names=[Pawdroid-SS-APK] United+States-74,[Pawdroid-SS-APK] United+States-75,[Pawdroid-SS-APK] vless-59...+2 | err=-
[WARN] batch start failed | size=5 {680} | split=1 {1200} + 1 {1201} + 1 {1202} + 1 {1203} + 1 {1204}
[TEST] {679} tested=4/4 | kept=0 | rest=0
[DEBUG] mihomo split-small | branch={679} | size=4 | parse=0 | names=[Pawdroid-SS-APK] United+States-70,[Pawdroid-SS-APK] United+States-71,[Pawdroid-SS-APK] United+States-72...+1 | err=-
[WARN] batch start failed | size=4 {679} | split=1 {1205} + 1 {1206} + 1 {1207} + 1 {1208}
[TEST] {659} tested=4/4 | kept=0 | rest=0
[DEBUG] mihomo split-small | branch={659} | size=4 | parse=0 | names=[免费节点10] 🇺🇸 US 423 → tg@nicevpn123,[免费节点10] 🇺🇸 US 424 → tg@nicevpn123,[免费节点10] 🇺🇸 US 425 → tg@nicevpn123...+1 | err=-
[WARN] batch start failed | size=4 {659} | split=1 {1209} + 1 {1210} + 1 {1211} + 1 {1212}
[TEST] {684} tested=1/1 | kept=0 | rest=0
[DEBUG] mihomo isolate | branch={684} | size=1 | parse=0 | names=[免费节点10] 🇺🇸 US 417 → tg@nicevpn123 | err=-
[DEBUG] mihomo drop | branch={684} | size=1 | parse=0 | names=[免费节点10] 🇺🇸 US 417 → tg@nicevpn123 | err=-
[DROP] name=[免费节点10] 🇺🇸 US 417 → tg@nicevpn123 {684} | server=172.67.68.246:443 | reason=mihomo start failed
[TEST] {685} tested=1/1 | kept=0 | rest=0
[DEBUG] mihomo isolate | branch={685} | size=1 | parse=0 | names=[免费节点10] 🇺🇸 US 418 → tg@nicevpn123 | err=-
[DEBUG] mihomo drop | branch={685} | size=1 | parse=0 | names=[免费节点10] 🇺🇸 US 418 → tg@nicevpn123 | err=-
[DROP] name=[免费节点10] 🇺🇸 US 418 → tg@nicevpn123 {685} | server=152.42.218.53:80 | reason=mihomo start failed
[TEST] {681} tested=1/1 | kept=0 | rest=0
[DEBUG] mihomo isolate | branch={681} | size=1 | parse=0 | names=[免费节点10] 🇺🇸 US 412 → tg@nicevpn123 | err=-
[DEBUG] mihomo drop | branch={681} | size=1 | parse=0 | names=[免费节点10] 🇺🇸 US 412 → tg@nicevpn123 | err=-
[DROP] name=[免费节点10] 🇺🇸 US 412 → tg@nicevpn123 {681} | server=207.148.31.167:30587 | reason=mihomo start failed
[TEST] {683} tested=1/1 | kept=0 | rest=0
[DEBUG] mihomo isolate | branch={683} | size=1 | parse=0 | names=[免费节点10] 🇺🇸 US 416 → tg@nicevpn123 | err=-
[DEBUG] mihomo drop | branch={683} | size=1 | parse=0 | names=[免费节点10] 🇺🇸 US 416 → tg@nicevpn123 | err=-
[DROP] name=[免费节点10] 🇺🇸 US 416 → tg@nicevpn123 {683} | server=38.114.114.208:9101 | reason=mihomo start failed
[TEST] {682} tested=1/1 | kept=0 | rest=0
[DEBUG] mihomo isolate | branch={682} | size=1 | parse=0 | names=[免费节点10] 🇺🇸 US 413 → tg@nicevpn123 | err=-
[DEBUG] mihomo drop | branch={682} | size=1 | parse=0 | names=[免费节点10] 🇺🇸 US 413 → tg@nicevpn123 | err=-
[DROP] name=[免费节点10] 🇺🇸 US 413 → tg@nicevpn123 {682} | server=192.74.241.52:38001 | reason=mihomo start failed
[TEST] {688} tested=1/1 | kept=0 | rest=0
[DEBUG] mihomo isolate | branch={688} | size=1 | parse=0 | names=[免费节点10] 🇺🇸 US 422 → tg@nicevpn123 | err=-
[DEBUG] mihomo drop | branch={688} | size=1 | parse=0 | names=[免费节点10] 🇺🇸 US 422 → tg@nicevpn123 | err=-
[DROP] name=[免费节点10] 🇺🇸 US 422 → tg@nicevpn123 {688} | server=v2line.telegram.channel.1390.fr8678825324247b8176d59f83c30bd94d23d2e3ac5cd4a743bkwqeikvdyufr.cyou:80 | reason=mihomo start failed
[TEST] {687} tested=1/1 | kept=0 | rest=0
[DEBUG] mihomo isolate | branch={687} | size=1 | parse=0 | names=[免费节点10] 🇺🇸 US 421 → tg@nicevpn123 | err=-
[DEBUG] mihomo drop | branch={687} | size=1 | parse=0 | names=[免费节点10] 🇺🇸 US 421 → tg@nicevpn123 | err=-
[DROP] name=[免费节点10] 🇺🇸 US 421 → tg@nicevpn123 {687} | server=us2-full.privateip.net:443 | reason=mihomo start failed
[TEST] {686} tested=1/1 | kept=0 | rest=0
[DEBUG] mihomo isolate | branch={686} | size=1 | parse=0 | names=[免费节点10] 🇺🇸 US 42 → tg@nicevpn123 | err=-
[DEBUG] mihomo drop | branch={686} | size=1 | parse=0 | names=[免费节点10] 🇺🇸 US 42 → tg@nicevpn123 | err=-
[DROP] name=[免费节点10] 🇺🇸 US 42 → tg@nicevpn123 {686} | server=38.75.137.105:8881 | reason=mihomo start failed
[TEST] {689} tested=4/4 | kept=0 | rest=0
[DEBUG] mihomo split-small | branch={689} | size=4 | parse=0 | names=[免费节点10] 🇺🇸 US 446 → tg@nicevpn123,[免费节点10] 🇺🇸 US 447 → tg@nicevpn123,[免费节点10] 🇺🇸 US 448 → tg@nicevpn123...+1 | err=-
[WARN] batch start failed | size=4 {689} | split=1 {1213} + 1 {1214} + 1 {1215} + 1 {1216}
[TEST] {690} tested=5/5 | kept=0 | rest=0
[DEBUG] mihomo split-small | branch={690} | size=5 | parse=0 | names=[免费节点10] 🇺🇸 US 450 → tg@nicevpn123,[免费节点10] 🇺🇸 US 451 → tg@nicevpn123,[免费节点10] 🇺🇸 US 452 → tg@nicevpn123...+2 | err=-
[WARN] batch start failed | size=5 {690} | split=1 {1217} + 1 {1218} + 1 {1219} + 1 {1220} + 1 {1221}
[TEST] {697} tested=1/1 | kept=0 | rest=0
[DEBUG] mihomo isolate | branch={697} | size=1 | parse=0 | names=[免费节点10] 🇺🇸 US 443 → tg@nicevpn123 | err=-
[DEBUG] mihomo drop | branch={697} | size=1 | parse=0 | names=[免费节点10] 🇺🇸 US 443 → tg@nicevpn123 | err=-
[DROP] name=[免费节点10] 🇺🇸 US 443 → tg@nicevpn123 {697} | server=104.21.225.122:80 | reason=mihomo start failed
[TEST] {694} tested=1/1 | kept=0 | rest=0
[DEBUG] mihomo isolate | branch={694} | size=1 | parse=0 | names=[免费节点10] 🇺🇸 US 438 → tg@nicevpn123 | err=-
[DEBUG] mihomo drop | branch={694} | size=1 | parse=0 | names=[免费节点10] 🇺🇸 US 438 → tg@nicevpn123 | err=-
[DROP] name=[免费节点10] 🇺🇸 US 438 → tg@nicevpn123 {694} | server=104.19.45.152:2095 | reason=mihomo start failed
[TEST] {693} tested=1/1 | kept=0 | rest=0
[DEBUG] mihomo isolate | branch={693} | size=1 | parse=0 | names=[免费节点10] 🇺🇸 US 436 → tg@nicevpn123 | err=-
[DEBUG] mihomo drop | branch={693} | size=1 | parse=0 | names=[免费节点10] 🇺🇸 US 436 → tg@nicevpn123 | err=-
[DROP] name=[免费节点10] 🇺🇸 US 436 → tg@nicevpn123 {693} | server=23.94.76.55:51981 | reason=mihomo start failed
[TEST] {695} tested=1/1 | kept=0 | rest=0
[DEBUG] mihomo isolate | branch={695} | size=1 | parse=0 | names=[免费节点10] 🇺🇸 US 439 → tg@nicevpn123 | err=-
[DEBUG] mihomo drop | branch={695} | size=1 | parse=0 | names=[免费节点10] 🇺🇸 US 439 → tg@nicevpn123 | err=-
[DROP] name=[免费节点10] 🇺🇸 US 439 → tg@nicevpn123 {695} | server=172.67.201.200:443 | reason=mihomo start failed
[TEST] {692} tested=1/1 | kept=0 | rest=0
[DEBUG] mihomo isolate | branch={692} | size=1 | parse=0 | names=[免费节点10] 🇺🇸 US 435 → tg@nicevpn123 | err=-
[DEBUG] mihomo drop | branch={692} | size=1 | parse=0 | names=[免费节点10] 🇺🇸 US 435 → tg@nicevpn123 | err=-
[DROP] name=[免费节点10] 🇺🇸 US 435 → tg@nicevpn123 {692} | server=104.17.215.6:443 | reason=mihomo start failed
[TEST] {696} tested=1/1 | kept=0 | rest=0
[DEBUG] mihomo isolate | branch={696} | size=1 | parse=0 | names=[免费节点10] 🇺🇸 US 441 → tg@nicevpn123 | err=-
[DEBUG] mihomo drop | branch={696} | size=1 | parse=0 | names=[免费节点10] 🇺🇸 US 441 → tg@nicevpn123 | err=-
[DROP] name=[免费节点10] 🇺🇸 US 441 → tg@nicevpn123 {696} | server=104.16.61.8:80 | reason=mihomo start failed
[TEST] {698} tested=1/1 | kept=0 | rest=0
[DEBUG] mihomo isolate | branch={698} | size=1 | parse=0 | names=[免费节点10] 🇺🇸 US 445 → tg@nicevpn123 | err=-
[DEBUG] mihomo drop | branch={698} | size=1 | parse=0 | names=[免费节点10] 🇺🇸 US 445 → tg@nicevpn123 | err=-
[DROP] name=[免费节点10] 🇺🇸 US 445 → tg@nicevpn123 {698} | server=104.21.225.64:80 | reason=mihomo start failed
[TEST] {691} tested=1/1 | kept=0 | rest=0
[DEBUG] mihomo isolate | branch={691} | size=1 | parse=0 | names=[免费节点10] 🇺🇸 US 434 → tg@nicevpn123 | err=-
[DEBUG] mihomo drop | branch={691} | size=1 | parse=0 | names=[免费节点10] 🇺🇸 US 434 → tg@nicevpn123 | err=-
[DROP] name=[免费节点10] 🇺🇸 US 434 → tg@nicevpn123 {691} | server=ip0axv1bbsu02k7-hk.1ytnode.com:56316 | reason=mihomo start failed
[TEST] {699} tested=4/4 | kept=0 | rest=0
[DEBUG] mihomo split-small | branch={699} | size=4 | parse=0 | names=[免费节点10] 🇺🇸 US 483 → tg@nicevpn123,[免费节点10] 🇺🇸 US 486 → tg@nicevpn123,[免费节点10] 🇺🇸 US 487 → tg@nicevpn123...+1 | err=-
[WARN] batch start failed | size=4 {699} | split=1 {1222} + 1 {1223} + 1 {1224} + 1 {1225}
[TEST] {700} tested=5/5 | kept=0 | rest=0
[DEBUG] mihomo split-small | branch={700} | size=5 | parse=0 | names=[免费节点10] 🇺🇸 US 490 → tg@nicevpn123,[免费节点10] 🇺🇸 US 491 → tg@nicevpn123,[免费节点10] 🇺🇸 US 492 → tg@nicevpn123...+2 | err=-
[WARN] batch start failed | size=5 {700} | split=1 {1226} + 1 {1227} + 1 {1228} + 1 {1229} + 1 {1230}
[TEST] {703} tested=1/1 | kept=0 | rest=0
[TEST] {701} tested=4/4 | kept=0 | rest=0
[DEBUG] mihomo isolate | branch={703} | size=1 | parse=0 | names=[免费节点10] 🇺🇸 US 455 → tg@nicevpn123 | err=-
[DEBUG] mihomo drop | branch={703} | size=1 | parse=0 | names=[免费节点10] 🇺🇸 US 455 → tg@nicevpn123 | err=-
[DROP] name=[免费节点10] 🇺🇸 US 455 → tg@nicevpn123 {703} | server=104.19.44.192:8080 | reason=mihomo start failed
[DEBUG] mihomo split-small | branch={701} | size=4 | parse=0 | names=[免费节点10] 🇺🇸 US 497 → tg@nicevpn123,[免费节点10] 🇺🇸 US 498 → tg@nicevpn123,[免费节点10] 🇺🇸 US 499 → tg@nicevpn123...+1 | err=-
[WARN] batch start failed | size=4 {701} | split=1 {1231} + 1 {1232} + 1 {1233} + 1 {1234}
[TEST] {708} tested=1/1 | kept=0 | rest=0
[DEBUG] mihomo isolate | branch={708} | size=1 | parse=0 | names=[免费节点10] 🇺🇸 US 463 → tg@nicevpn123 | err=-
[DEBUG] mihomo drop | branch={708} | size=1 | parse=0 | names=[免费节点10] 🇺🇸 US 463 → tg@nicevpn123 | err=-
[DROP] name=[免费节点10] 🇺🇸 US 463 → tg@nicevpn123 {708} | server=104.19.45.115:2095 | reason=mihomo start failed
[TEST] {702} tested=5/5 | kept=0 | rest=0
[DEBUG] mihomo split-small | branch={702} | size=5 | parse=0 | names=[免费节点10] 🇺🇸 US 50 → tg@nicevpn123,[免费节点10] 🇺🇸 US 501 → tg@nicevpn123,[免费节点10] 🇺🇸 US 503 → tg@nicevpn123...+2 | err=-
[WARN] batch start failed | size=5 {702} | split=1 {1235} + 1 {1236} + 1 {1237} + 1 {1238} + 1 {1239}
[TEST] {707} tested=1/1 | kept=0 | rest=0
[DEBUG] mihomo isolate | branch={707} | size=1 | parse=0 | names=[免费节点10] 🇺🇸 US 462 → tg@nicevpn123 | err=-
[DEBUG] mihomo drop | branch={707} | size=1 | parse=0 | names=[免费节点10] 🇺🇸 US 462 → tg@nicevpn123 | err=-
[DROP] name=[免费节点10] 🇺🇸 US 462 → tg@nicevpn123 {707} | server=uk2-full.privateip.net:443 | reason=mihomo start failed
[TEST] {709} tested=1/1 | kept=0 | rest=0
[DEBUG] mihomo isolate | branch={709} | size=1 | parse=0 | names=[免费节点10] 🇺🇸 US 464 → tg@nicevpn123 | err=-
[DEBUG] mihomo drop | branch={709} | size=1 | parse=0 | names=[免费节点10] 🇺🇸 US 464 → tg@nicevpn123 | err=-
[DROP] name=[免费节点10] 🇺🇸 US 464 → tg@nicevpn123 {709} | server=www.speedtest.net:80 | reason=mihomo start failed
[TEST] {710} tested=1/1 | kept=0 | rest=0
[DEBUG] mihomo isolate | branch={710} | size=1 | parse=0 | names=[免费节点10] 🇺🇸 US 466 → tg@nicevpn123 | err=-
[DEBUG] mihomo drop | branch={710} | size=1 | parse=0 | names=[免费节点10] 🇺🇸 US 466 → tg@nicevpn123 | err=-
[DROP] name=[免费节点10] 🇺🇸 US 466 → tg@nicevpn123 {710} | server=104.21.225.158:80 | reason=mihomo start failed
[TEST] {711} tested=4/4 | kept=0 | rest=0
[DEBUG] mihomo split-small | branch={711} | size=4 | parse=0 | names=[免费节点10] 🇺🇸 US 467 → tg@nicevpn123,[免费节点10] 🇺🇸 US 469 → tg@nicevpn123,[免费节点10] 🇺🇸 US 47 → tg@nicevpn123...+1 | err=-
[WARN] batch start failed | size=4 {711} | split=1 {1240} + 1 {1241} + 1 {1242} + 1 {1243}
[TEST] {1226} tested=1/1 | kept=0 | rest=0
[DEBUG] mihomo isolate | branch={1226} | size=1 | parse=0 | names=[免费节点10] 🇺🇸 US 490 → tg@nicevpn123 | err=-
[DEBUG] mihomo drop | branch={1226} | size=1 | parse=0 | names=[免费节点10] 🇺🇸 US 490 → tg@nicevpn123 | err=-
[DROP] name=[免费节点10] 🇺🇸 US 490 → tg@nicevpn123 {1226} | server=94.131.8.32:80 | reason=mihomo start failed
[DEBUG] mihomo start-fail | branch={715} | size=1 | parse=1 | rc=1 | names=[ChromeGO-Merge] France | err=rc=1 Mihomo exited before controller became ready time="2026-09-28T14:14:45.790779064Z" level=info msg="Start initial configuration in progress" time="2026-09-28T14:14:45.790891645Z" level=fatal msg="Parse config error: proxy 0: '' has u...
[DEBUG] mihomo isolate | branch={715} | size=1 | parse=1 | names=[ChromeGO-Merge] France | err=Mihomo exited before controller became ready time="2026-09-28T14:14:45.790779064Z" level=info msg="Start initial configuration in progress" time="2026-09-28T14:14:45.790891645Z" level=fatal msg="Parse config error: proxy 0: '' has unset ...
[REPAIR] name=[ChromeGO-Merge] France {715} | fields=up,down
[TEST] {704} tested=1/1 | kept=0 | rest=0
[DEBUG] mihomo isolate | branch={704} | size=1 | parse=0 | names=[免费节点10] 🇺🇸 US 457 → tg@nicevpn123 | err=-
[DEBUG] mihomo drop | branch={704} | size=1 | parse=0 | names=[免费节点10] 🇺🇸 US 457 → tg@nicevpn123 | err=-
[DROP] name=[免费节点10] 🇺🇸 US 457 → tg@nicevpn123 {704} | server=13.51.181.143:22222 | reason=mihomo start failed
[DEBUG] mihomo start-fail | branch={714} | size=1 | parse=1 | rc=1 | names=[ChromeGO-Merge] Taiwan | err=rc=1 Mihomo exited before controller became ready time="2026-09-28T14:14:45.924930221Z" level=info msg="Start initial configuration in progress" time="2026-09-28T14:14:45.925099988Z" level=fatal msg="Parse config error: proxy 0: '' has u...
[DEBUG] mihomo isolate | branch={714} | size=1 | parse=1 | names=[ChromeGO-Merge] Taiwan | err=Mihomo exited before controller became ready time="2026-09-28T14:14:45.924930221Z" level=info msg="Start initial configuration in progress" time="2026-09-28T14:14:45.925099988Z" level=fatal msg="Parse config error: proxy 0: '' has unset ...
[REPAIR] name=[ChromeGO-Merge] Taiwan {714} | fields=up,down
[TEST] {706} tested=1/1 | kept=0 | rest=0
[DEBUG] mihomo isolate | branch={706} | size=1 | parse=0 | names=[免费节点10] 🇺🇸 US 461 → tg@nicevpn123 | err=-
[DEBUG] mihomo drop | branch={706} | size=1 | parse=0 | names=[免费节点10] 🇺🇸 US 461 → tg@nicevpn123 | err=-
[DROP] name=[免费节点10] 🇺🇸 US 461 → tg@nicevpn123 {706} | server=ip0axv1bbsu02k7-my.1ytnode.com:56370 | reason=mihomo start failed
[DEBUG] mihomo start-fail | branch={717} | size=1 | parse=1 | rc=1 | names=[ChromeGO-Merge] Taiwan-2 | err=rc=1 Mihomo exited before controller became ready time="2026-09-28T14:14:46.047496917Z" level=info msg="Start initial configuration in progress" time="2026-09-28T14:14:46.047616020Z" level=fatal msg="Parse config error: proxy 0: '' has u...
[DEBUG] mihomo isolate | branch={717} | size=1 | parse=1 | names=[ChromeGO-Merge] Taiwan-2 | err=Mihomo exited before controller became ready time="2026-09-28T14:14:46.047496917Z" level=info msg="Start initial configuration in progress" time="2026-09-28T14:14:46.047616020Z" level=fatal msg="Parse config error: proxy 0: '' has unset ...
[REPAIR] name=[ChromeGO-Merge] Taiwan-2 {717} | fields=up,down
[DEBUG] mihomo start-fail | branch={716} | size=1 | parse=1 | rc=1 | names=[ChromeGO-Merge] United-4 | err=rc=1 Mihomo exited before controller became ready time="2026-09-28T14:14:46.059851927Z" level=info msg="Start initial configuration in progress" time="2026-09-28T14:14:46.059973024Z" level=fatal msg="Parse config error: proxy 0: '' has u...
[DEBUG] mihomo isolate | branch={716} | size=1 | parse=1 | names=[ChromeGO-Merge] United-4 | err=Mihomo exited before controller became ready time="2026-09-28T14:14:46.059851927Z" level=info msg="Start initial configuration in progress" time="2026-09-28T14:14:46.059973024Z" level=fatal msg="Parse config error: proxy 0: '' has unset ...
[REPAIR] name=[ChromeGO-Merge] United-4 {716} | fields=up,down
[TEST] {714} tested=1/1 | kept=0 | rest=0
[TEST] {717} tested=1/1 | kept=0 | rest=0
[TEST] {718} tested=4/4 | kept=0 | rest=0
[DEBUG] mihomo split-small | branch={718} | size=4 | parse=0 | names=[免费节点10] 🇺🇸 US 361 → tg@nicevpn123,[免费节点10] 🇺🇸 US 363 → tg@nicevpn123,[免费节点10] 🇺🇸 US 364 → tg@nicevpn123...+1 | err=-
[WARN] batch start failed | size=4 {718} | split=1 {1244} + 1 {1245} + 1 {1246} + 1 {1247}
[TEST] {720} tested=1/1 | kept=0 | rest=0
[DEBUG] mihomo isolate | branch={720} | size=1 | parse=0 | names=[免费节点10] 🇺🇸 US 331 → tg@nicevpn123 | err=-
[DEBUG] mihomo drop | branch={720} | size=1 | parse=0 | names=[免费节点10] 🇺🇸 US 331 → tg@nicevpn123 | err=-
[DROP] name=[免费节点10] 🇺🇸 US 331 → tg@nicevpn123 {720} | server=104.17.205.10:8880 | reason=mihomo start failed
[TEST] {719} tested=5/5 | kept=0 | rest=0
[DEBUG] mihomo split-small | branch={719} | size=5 | parse=0 | names=[免费节点10] 🇺🇸 US 367 → tg@nicevpn123,[免费节点10] 🇺🇸 US 369 → tg@nicevpn123,[免费节点10] 🇺🇸 US 372 → tg@nicevpn123...+2 | err=-
[WARN] batch start failed | size=5 {719} | split=1 {1248} + 1 {1249} + 1 {1250} + 1 {1251} + 1 {1252}
[TEST] {723} tested=1/1 | kept=0 | rest=0
[DEBUG] mihomo isolate | branch={723} | size=1 | parse=0 | names=[免费节点10] 🇺🇸 US 337 → tg@nicevpn123 | err=-
[DEBUG] mihomo drop | branch={723} | size=1 | parse=0 | names=[免费节点10] 🇺🇸 US 337 → tg@nicevpn123 | err=-
[DROP] name=[免费节点10] 🇺🇸 US 337 → tg@nicevpn123 {723} | server=104.16.42.29:2082 | reason=mihomo start failed
[TEST] {722} tested=1/1 | kept=0 | rest=0
[DEBUG] mihomo isolate | branch={722} | size=1 | parse=0 | names=[免费节点10] 🇺🇸 US 334 → tg@nicevpn123 | err=-
[DEBUG] mihomo drop | branch={722} | size=1 | parse=0 | names=[免费节点10] 🇺🇸 US 334 → tg@nicevpn123 | err=-
[DROP] name=[免费节点10] 🇺🇸 US 334 → tg@nicevpn123 {722} | server=104.16.43.187:2082 | reason=mihomo start failed
[TEST] {712} tested=5/5 | kept=0 | rest=0
[DEBUG] mihomo split-small | branch={712} | size=5 | parse=0 | names=[免费节点10] 🇺🇸 US 473 → tg@nicevpn123,[免费节点10] 🇺🇸 US 477 → tg@nicevpn123,[免费节点10] 🇺🇸 US 478 → tg@nicevpn123...+2 | err=-
[WARN] batch start failed | size=5 {712} | split=1 {1253} + 1 {1254} + 1 {1255} + 1 {1256} + 1 {1257}
[TEST] {724} tested=1/1 | kept=0 | rest=0
[DEBUG] mihomo isolate | branch={724} | size=1 | parse=0 | names=[免费节点10] 🇺🇸 US 339 → tg@nicevpn123 | err=-
[DEBUG] mihomo drop | branch={724} | size=1 | parse=0 | names=[免费节点10] 🇺🇸 US 339 → tg@nicevpn123 | err=-
[DROP] name=[免费节点10] 🇺🇸 US 339 → tg@nicevpn123 {724} | server=104.16.127.195:2052 | reason=mihomo start failed
[TEST] {726} tested=1/1 | kept=0 | rest=0
[DEBUG] mihomo isolate | branch={726} | size=1 | parse=0 | names=[免费节点10] 🇺🇸 US 341 → tg@nicevpn123 | err=-
[DEBUG] mihomo drop | branch={726} | size=1 | parse=0 | names=[免费节点10] 🇺🇸 US 341 → tg@nicevpn123 | err=-
[DROP] name=[免费节点10] 🇺🇸 US 341 → tg@nicevpn123 {726} | server=104.19.43.180:80 | reason=mihomo start failed
[TEST] {715} tested=1/1 | kept=0 | rest=0
[TEST] {713} tested=1/1 | kept=0 | rest=0
[DEBUG] mihomo isolate | branch={713} | size=1 | parse=0 | names=[ChromeGO-Merge] France hysteria2 3 | err=-
[DEBUG] mihomo drop | branch={713} | size=1 | parse=0 | names=[ChromeGO-Merge] France hysteria2 3 | err=-
[DROP] name=[ChromeGO-Merge] France hysteria2 3 {713} | server=51.159.77.198:53967 | reason=mihomo start failed
[DEBUG] mihomo start-fail | branch={728} | size=1 | parse=1 | rc=1 | names=[ChromeGO-Merge] United-5 | err=rc=1 Mihomo exited before controller became ready time="2026-09-28T14:14:51.050105522Z" level=info msg="Start initial configuration in progress" time="2026-09-28T14:14:51.050229685Z" level=fatal msg="Parse config error: proxy 0: '' has u...
[DEBUG] mihomo isolate | branch={728} | size=1 | parse=1 | names=[ChromeGO-Merge] United-5 | err=Mihomo exited before controller became ready time="2026-09-28T14:14:51.050105522Z" level=info msg="Start initial configuration in progress" time="2026-09-28T14:14:51.050229685Z" level=fatal msg="Parse config error: proxy 0: '' has unset ...
[REPAIR] name=[ChromeGO-Merge] United-5 {728} | fields=up,down
[TEST] {716} tested=1/1 | kept=0 | rest=0
[TEST] {721} tested=1/1 | kept=0 | rest=0
[DEBUG] mihomo isolate | branch={721} | size=1 | parse=0 | names=[免费节点10] 🇺🇸 US 333 → tg@nicevpn123 | err=-
[DEBUG] mihomo drop | branch={721} | size=1 | parse=0 | names=[免费节点10] 🇺🇸 US 333 → tg@nicevpn123 | err=-
[DROP] name=[免费节点10] 🇺🇸 US 333 → tg@nicevpn123 {721} | server=38.114.114.208:5000 | reason=mihomo start failed
[TEST] {730} tested=1/1 | kept=0 | rest=0
[DEBUG] mihomo isolate | branch={730} | size=1 | parse=0 | names=[ChromeGO-Merge] None-2 | err=-
[DEBUG] mihomo drop | branch={730} | size=1 | parse=0 | names=[ChromeGO-Merge] None-2 | err=-
[DROP] name=[ChromeGO-Merge] None-2 {730} | server=fbi.gov:443 | reason=mihomo start failed
[TEST] {725} tested=1/1 | kept=0 | rest=0
[DEBUG] mihomo isolate | branch={725} | size=1 | parse=0 | names=[免费节点10] 🇺🇸 US 34 → tg@nicevpn123 | err=-
[DEBUG] mihomo drop | branch={725} | size=1 | parse=0 | names=[免费节点10] 🇺🇸 US 34 → tg@nicevpn123 | err=-
[DROP] name=[免费节点10] 🇺🇸 US 34 → tg@nicevpn123 {725} | server=18.118.163.183:17400 | reason=mihomo start failed
[TEST] {727} tested=1/1 | kept=0 | rest=0
[DEBUG] mihomo isolate | branch={727} | size=1 | parse=0 | names=[免费节点10] 🇺🇸 US 342 → tg@nicevpn123 | err=-
[DEBUG] mihomo drop | branch={727} | size=1 | parse=0 | names=[免费节点10] 🇺🇸 US 342 → tg@nicevpn123 | err=-
[DROP] name=[免费节点10] 🇺🇸 US 342 → tg@nicevpn123 {727} | server=75.102.51.45:16899 | reason=mihomo start failed
[TEST] {731} tested=1/1 | kept=0 | rest=0
[DEBUG] mihomo isolate | branch={731} | size=1 | parse=0 | names=[Pawdroid-SR-APK] 德国+V2CROSS.COM | err=-
[DEBUG] mihomo drop | branch={731} | size=1 | parse=0 | names=[Pawdroid-SR-APK] 德国+V2CROSS.COM | err=-
[DROP] name=[Pawdroid-SR-APK] 德国+V2CROSS.COM {731} | server=195.63.163.21:443 | reason=mihomo start failed
[TEST] {733} tested=1/1 | kept=0 | rest=0
[DEBUG] mihomo isolate | branch={733} | size=1 | parse=0 | names=[Pawdroid-SR-APK] 立陶宛+V2CROSS.COM-2 | err=-
[DEBUG] mihomo drop | branch={733} | size=1 | parse=0 | names=[Pawdroid-SR-APK] 立陶宛+V2CROSS.COM-2 | err=-
[DROP] name=[Pawdroid-SR-APK] 立陶宛+V2CROSS.COM-2 {733} | server=tickets.betust.net:443 | reason=mihomo start failed
[TEST] {729} tested=1/1 | kept=0 | rest=0
[DEBUG] mihomo isolate | branch={729} | size=1 | parse=0 | names=[ChromeGO-Merge] None | err=-
[DEBUG] mihomo drop | branch={729} | size=1 | parse=0 | names=[ChromeGO-Merge] None | err=-
[DROP] name=[ChromeGO-Merge] None {729} | server=yh1.dtku41.xyz:443 | reason=mihomo start failed
[TEST] {734} tested=1/1 | kept=0 | rest=0
[DEBUG] mihomo isolate | branch={734} | size=1 | parse=0 | names=[Pawdroid-SR-APK] 立陶宛+V2CROSS.COM-3 | err=-
[DEBUG] mihomo drop | branch={734} | size=1 | parse=0 | names=[Pawdroid-SR-APK] 立陶宛+V2CROSS.COM-3 | err=-
[DROP] name=[Pawdroid-SR-APK] 立陶宛+V2CROSS.COM-3 {734} | server=admin.betust.net:443 | reason=mihomo start failed
[TEST] {736} tested=1/1 | kept=0 | rest=0
[DEBUG] mihomo isolate | branch={736} | size=1 | parse=0 | names=[Pawdroid-SR-APK] 西班牙+V2CROSS.COM | err=-
[DEBUG] mihomo drop | branch={736} | size=1 | parse=0 | names=[Pawdroid-SR-APK] 西班牙+V2CROSS.COM | err=-
[DROP] name=[Pawdroid-SR-APK] 西班牙+V2CROSS.COM {736} | server=150.241.105.184:443 | reason=mihomo start failed
[TEST] {732} tested=1/1 | kept=0 | rest=0
[DEBUG] mihomo isolate | branch={732} | size=1 | parse=0 | names=[Pawdroid-SR-APK] 立陶宛+V2CROSS.COM | err=-
[DEBUG] mihomo drop | branch={732} | size=1 | parse=0 | names=[Pawdroid-SR-APK] 立陶宛+V2CROSS.COM | err=-
[DROP] name=[Pawdroid-SR-APK] 立陶宛+V2CROSS.COM {732} | server=84.32.215.66:443 | reason=mihomo start failed
[TEST] {740} tested=5/5 | kept=0 | rest=0
[DEBUG] mihomo split-small | branch={740} | size=5 | parse=0 | names=[Pawdroid-SS-APK] The+Netherlands-26,[Pawdroid-SS-APK] vless-42,[Pawdroid-SS-APK] vless-43...+2 | err=-
[WARN] batch start failed | size=5 {740} | split=1 {1258} + 1 {1259} + 1 {1260} + 1 {1261} + 1 {1262}
[TEST] {735} tested=1/1 | kept=0 | rest=0
[DEBUG] mihomo isolate | branch={735} | size=1 | parse=0 | names=[Pawdroid-SR-APK] 英国+V2CROSS.COM | err=-
[DEBUG] mihomo drop | branch={735} | size=1 | parse=0 | names=[Pawdroid-SR-APK] 英国+V2CROSS.COM | err=-
[DROP] name=[Pawdroid-SR-APK] 英国+V2CROSS.COM {735} | server=31.77.59.225:443 | reason=mihomo start failed
[TEST] {739} tested=4/4 | kept=0 | rest=0
[DEBUG] mihomo split-small | branch={739} | size=4 | parse=0 | names=[Pawdroid-SS-APK] United+States-55,[Pawdroid-SS-APK] vless-41,[Pawdroid-SS-APK] Germany-3...+1 | err=-
[WARN] batch start failed | size=4 {739} | split=1 {1263} + 1 {1264} + 1 {1265} + 1 {1266}
[TEST] {742} tested=5/5 | kept=0 | rest=0
[DEBUG] mihomo split-small | branch={742} | size=5 | parse=0 | names=[Pawdroid-SS-APK] United+States-58,[Pawdroid-SS-APK] United+States-59,[Pawdroid-SS-APK] United+States-60...+2 | err=-
[WARN] batch start failed | size=5 {742} | split=1 {1267} + 1 {1268} + 1 {1269} + 1 {1270} + 1 {1271}
[TEST] {741} tested=4/4 | kept=0 | rest=0
[DEBUG] mihomo split-small | branch={741} | size=4 | parse=0 | names=[Pawdroid-SS-APK] The+Netherlands-27,[Pawdroid-SS-APK] vless-45,[Pawdroid-SS-APK] The+Netherlands-28...+1 | err=-
[WARN] batch start failed | size=4 {741} | split=1 {1272} + 1 {1273} + 1 {1274} + 1 {1275}
[TEST] {744} tested=1/1 | kept=0 | rest=0
[DEBUG] mihomo isolate | branch={744} | size=1 | parse=0 | names=[Pawdroid-SS-APK] vless-37 | err=-
[DEBUG] mihomo drop | branch={744} | size=1 | parse=0 | names=[Pawdroid-SS-APK] vless-37 | err=-
[DROP] name=[Pawdroid-SS-APK] vless-37 {744} | server=www.baipiao.eu.org:8880 | reason=mihomo start failed
[TEST] {745} tested=1/1 | kept=0 | rest=0
[DEBUG] mihomo isolate | branch={745} | size=1 | parse=0 | names=[Pawdroid-SS-APK] United+States-47 | err=-
[DEBUG] mihomo drop | branch={745} | size=1 | parse=0 | names=[Pawdroid-SS-APK] United+States-47 | err=-
[DROP] name=[Pawdroid-SS-APK] United+States-47 {745} | server=192.169.222.30:8880 | reason=mihomo start failed
[TEST] {746} tested=1/1 | kept=0 | rest=0
[DEBUG] mihomo isolate | branch={746} | size=1 | parse=0 | names=[Pawdroid-SS-APK] United+States-48 | err=-
[DEBUG] mihomo drop | branch={746} | size=1 | parse=0 | names=[Pawdroid-SS-APK] United+States-48 | err=-
[DROP] name=[Pawdroid-SS-APK] United+States-48 {746} | server=bpb-panel-4e2c.sakwra939.workers.dev:443 | reason=mihomo start failed
[TEST] {749} tested=1/1 | kept=0 | rest=0
[DEBUG] mihomo isolate | branch={749} | size=1 | parse=0 | names=[Pawdroid-SS-APK] United+States-49 | err=-
[DEBUG] mihomo drop | branch={749} | size=1 | parse=0 | names=[Pawdroid-SS-APK] United+States-49 | err=-
[DROP] name=[Pawdroid-SS-APK] United+States-49 {749} | server=172.67.173.138:443 | reason=mihomo start failed
[TEST] {747} tested=1/1 | kept=0 | rest=0
[DEBUG] mihomo isolate | branch={747} | size=1 | parse=0 | names=[Pawdroid-SS-APK] vless-38 | err=-
[DEBUG] mihomo drop | branch={747} | size=1 | parse=0 | names=[Pawdroid-SS-APK] vless-38 | err=-
[DROP] name=[Pawdroid-SS-APK] vless-38 {747} | server=icook.tw:8880 | reason=mihomo start failed
[TEST] {743} tested=1/1 | kept=0 | rest=0
[DEBUG] mihomo isolate | branch={743} | size=1 | parse=0 | names=[Pawdroid-SS-APK] United+Kingdom-17 | err=-
[DEBUG] mihomo drop | branch={743} | size=1 | parse=0 | names=[Pawdroid-SS-APK] United+Kingdom-17 | err=-
[DROP] name=[Pawdroid-SS-APK] United+Kingdom-17 {743} | server=31.76.91.138:445 | reason=mihomo start failed
[TEST] {750} tested=1/1 | kept=0 | rest=0
[DEBUG] mihomo isolate | branch={750} | size=1 | parse=0 | names=[Pawdroid-SS-APK] The+Netherlands-24 | err=-
[DEBUG] mihomo drop | branch={750} | size=1 | parse=0 | names=[Pawdroid-SS-APK] The+Netherlands-24 | err=-
[DROP] name=[Pawdroid-SS-APK] The+Netherlands-24 {750} | server=160.153.168.30:8880 | reason=mihomo start failed
[TEST] {748} tested=1/1 | kept=0 | rest=0
[DEBUG] mihomo isolate | branch={748} | size=1 | parse=0 | names=[Pawdroid-SS-APK] The+Netherlands-23 | err=-
[DEBUG] mihomo drop | branch={748} | size=1 | parse=0 | names=[Pawdroid-SS-APK] The+Netherlands-23 | err=-
[DROP] name=[Pawdroid-SS-APK] The+Netherlands-23 {748} | server=188.114.96.3:2087 | reason=mihomo start failed
[TEST] {751} tested=4/4 | kept=0 | rest=0
[DEBUG] mihomo split-small | branch={751} | size=4 | parse=0 | names=[Pawdroid-SS-APK] The+Netherlands-25,[Pawdroid-SS-APK] vless-39,[Pawdroid-SS-APK] United+States-50...+1 | err=-
[WARN] batch start failed | size=4 {751} | split=1 {1276} + 1 {1277} + 1 {1278} + 1 {1279}
[TEST] {752} tested=5/5 | kept=0 | rest=0
[DEBUG] mihomo split-small | branch={752} | size=5 | parse=0 | names=[Pawdroid-SS-APK] United+States-52,[Pawdroid-SS-APK] vless-40,[Pawdroid-SS-APK] Romania...+2 | err=-
[WARN] batch start failed | size=5 {752} | split=1 {1280} + 1 {1281} + 1 {1282} + 1 {1283} + 1 {1284}
[TEST] {753} tested=1/1 | kept=0 | rest=0
[DEBUG] mihomo isolate | branch={753} | size=1 | parse=0 | names=[ChromeGO-Merge] Taiwan hysteria 91 | err=-
[DEBUG] mihomo drop | branch={753} | size=1 | parse=0 | names=[ChromeGO-Merge] Taiwan hysteria 91 | err=-
[DROP] name=[ChromeGO-Merge] Taiwan hysteria 91 {753} | server=www.dtku50.xyz:18470 | reason=mihomo start failed
[TEST] {728} tested=1/1 | kept=0 | rest=0
[TEST] {738} tested=5/5 | kept=0 | rest=0
[DEBUG] mihomo split-small | branch={738} | size=5 | parse=0 | names=[免费节点10] 🇺🇸 US 349 → tg@nicevpn123,[免费节点10] 🇺🇸 US 35 → tg@nicevpn123,[免费节点10] 🇺🇸 US 350 → tg@nicevpn123...+2 | err=-
[WARN] batch start failed | size=5 {738} | split=1 {1285} + 1 {1286} + 1 {1287} + 1 {1288} + 1 {1289}
[TEST] {737} tested=4/4 | kept=0 | rest=0
[DEBUG] mihomo split-small | branch={737} | size=4 | parse=0 | names=[免费节点10] 🇺🇸 US 343 → tg@nicevpn123,[免费节点10] 🇺🇸 US 344 → tg@nicevpn123,[免费节点10] 🇺🇸 US 347 → tg@nicevpn123...+1 | err=-
[WARN] batch start failed | size=4 {737} | split=1 {1290} + 1 {1291} + 1 {1292} + 1 {1293}
[TEST] {755} tested=1/1 | kept=0 | rest=0
[DEBUG] mihomo isolate | branch={755} | size=1 | parse=0 | names=[ChromeGO-Merge] Taiwan hysteria 2 | err=-
[DEBUG] mihomo drop | branch={755} | size=1 | parse=0 | names=[ChromeGO-Merge] Taiwan hysteria 2 | err=-
[DROP] name=[ChromeGO-Merge] Taiwan hysteria 2 {755} | server=www.dtku40.xyz:18490 | reason=mihomo start failed
[TEST] {757} tested=1/1 | kept=0 | rest=0
[DEBUG] mihomo isolate | branch={757} | size=1 | parse=0 | names=[免费节点10] 🇺🇸 US 354 → tg@nicevpn123 | err=-
[DEBUG] mihomo drop | branch={757} | size=1 | parse=0 | names=[免费节点10] 🇺🇸 US 354 → tg@nicevpn123 | err=-
[DROP] name=[免费节点10] 🇺🇸 US 354 → tg@nicevpn123 {757} | server=104.21.237.134:80 | reason=mihomo start failed
[TEST] {758} tested=1/1 | kept=0 | rest=0
[DEBUG] mihomo isolate | branch={758} | size=1 | parse=0 | names=[免费节点10] 🇺🇸 US 355 → tg@nicevpn123 | err=-
[DEBUG] mihomo drop | branch={758} | size=1 | parse=0 | names=[免费节点10] 🇺🇸 US 355 → tg@nicevpn123 | err=-
[DROP] name=[免费节点10] 🇺🇸 US 355 → tg@nicevpn123 {758} | server=104.18.214.17:8080 | reason=mihomo start failed
[TEST] {761} tested=1/1 | kept=0 | rest=0
[DEBUG] mihomo isolate | branch={761} | size=1 | parse=0 | names=[免费节点10] 🇺🇸 US 358 → tg@nicevpn123 | err=-
[DEBUG] mihomo drop | branch={761} | size=1 | parse=0 | names=[免费节点10] 🇺🇸 US 358 → tg@nicevpn123 | err=-
[DROP] name=[免费节点10] 🇺🇸 US 358 → tg@nicevpn123 {761} | server=104.21.225.59:80 | reason=mihomo start failed
[TEST] {754} tested=1/1 | kept=0 | rest=0
[DEBUG] mihomo isolate | branch={754} | size=1 | parse=0 | names=[ChromeGO-Merge] United States hysteria  | err=-
[DEBUG] mihomo drop | branch={754} | size=1 | parse=0 | names=[ChromeGO-Merge] United States hysteria  | err=-
[DROP] name=[ChromeGO-Merge] United States hysteria 1 {754} | server=173.234.25.52:48919 | reason=mihomo start failed
[TEST] {756} tested=1/1 | kept=0 | rest=0
[DEBUG] mihomo isolate | branch={756} | size=1 | parse=0 | names=[ChromeGO-Merge] France hysteria2 0 | err=-
[DEBUG] mihomo drop | branch={756} | size=1 | parse=0 | names=[ChromeGO-Merge] France hysteria2 0 | err=-
[DROP] name=[ChromeGO-Merge] France hysteria2 0 {756} | server=62.210.103.0:22483 | reason=mihomo start failed
[TEST] {764} tested=1/1 | kept=0 | rest=0
[DEBUG] mihomo isolate | branch={764} | size=1 | parse=0 | names=[免费节点10] 🇺🇸 US 360 → tg@nicevpn123 | err=-
[DEBUG] mihomo drop | branch={764} | size=1 | parse=0 | names=[免费节点10] 🇺🇸 US 360 → tg@nicevpn123 | err=-
[DROP] name=[免费节点10] 🇺🇸 US 360 → tg@nicevpn123 {764} | server=104.16.42.181:2082 | reason=mihomo start failed
[TEST] {759} tested=1/1 | kept=0 | rest=0
[DEBUG] mihomo isolate | branch={759} | size=1 | parse=0 | names=[免费节点10] 🇺🇸 US 356 → tg@nicevpn123 | err=-
[DEBUG] mihomo drop | branch={759} | size=1 | parse=0 | names=[免费节点10] 🇺🇸 US 356 → tg@nicevpn123 | err=-
[DROP] name=[免费节点10] 🇺🇸 US 356 → tg@nicevpn123 {759} | server=75.102.51.26:16899 | reason=mihomo start failed
[TEST] {765} tested=1/1 | kept=0 | rest=0
[DEBUG] mihomo isolate | branch={765} | size=1 | parse=0 | names=[Pawdroid-SS-APK] vless-60 | err=-
[DEBUG] mihomo drop | branch={765} | size=1 | parse=0 | names=[Pawdroid-SS-APK] vless-60 | err=-
[DROP] name=[Pawdroid-SS-APK] vless-60 {765} | server=104.17.147.22:443 | reason=mihomo start failed
[TEST] {763} tested=1/1 | kept=0 | rest=0
[DEBUG] mihomo isolate | branch={763} | size=1 | parse=0 | names=[免费节点10] 🇺🇸 US 36 → tg@nicevpn123 | err=-
[DEBUG] mihomo drop | branch={763} | size=1 | parse=0 | names=[免费节点10] 🇺🇸 US 36 → tg@nicevpn123 | err=-
[DROP] name=[免费节点10] 🇺🇸 US 36 → tg@nicevpn123 {763} | server=167.88.61.159:9101 | reason=mihomo start failed
[TEST] {766} tested=1/1 | kept=0 | rest=0
[DEBUG] mihomo isolate | branch={766} | size=1 | parse=0 | names=[Pawdroid-SS-APK] Seychelles-4 | err=-
[DEBUG] mihomo drop | branch={766} | size=1 | parse=0 | names=[Pawdroid-SS-APK] Seychelles-4 | err=-
[DROP] name=[Pawdroid-SS-APK] Seychelles-4 {766} | server=154.83.2.50:8880 | reason=mihomo start failed
[TEST] {767} tested=1/1 | kept=0 | rest=0
[DEBUG] mihomo isolate | branch={767} | size=1 | parse=0 | names=[Pawdroid-SS-APK] vless-61 | err=-
[DEBUG] mihomo drop | branch={767} | size=1 | parse=0 | names=[Pawdroid-SS-APK] vless-61 | err=-
[DROP] name=[Pawdroid-SS-APK] vless-61 {767} | server=free77-sg1.node2.top:443 | reason=mihomo start failed
[TEST] {769} tested=1/1 | kept=0 | rest=0
[DEBUG] mihomo isolate | branch={769} | size=1 | parse=0 | names=[Pawdroid-SS-APK] vless-62 | err=-
[DEBUG] mihomo drop | branch={769} | size=1 | parse=0 | names=[Pawdroid-SS-APK] vless-62 | err=-
[DROP] name=[Pawdroid-SS-APK] vless-62 {769} | server=104.21.234.13:443 | reason=mihomo start failed
[TEST] {770} tested=1/1 | kept=0 | rest=0
[DEBUG] mihomo isolate | branch={770} | size=1 | parse=0 | names=[Pawdroid-SS-APK] United+States-78 | err=-
[DEBUG] mihomo drop | branch={770} | size=1 | parse=0 | names=[Pawdroid-SS-APK] United+States-78 | err=-
[DROP] name=[Pawdroid-SS-APK] United+States-78 {770} | server=free.server6peekconfig.workers.dev:443 | reason=mihomo start failed
[TEST] {771} tested=1/1 | kept=0 | rest=0
[DEBUG] mihomo isolate | branch={771} | size=1 | parse=0 | names=[Pawdroid-SS-APK] United+States-79 | err=-
[DEBUG] mihomo drop | branch={771} | size=1 | parse=0 | names=[Pawdroid-SS-APK] United+States-79 | err=-
[DROP] name=[Pawdroid-SS-APK] United+States-79 {771} | server=server3.pegibol940.workers.dev:443 | reason=mihomo start failed
[TEST] {768} tested=1/1 | kept=0 | rest=0
[DEBUG] mihomo isolate | branch={768} | size=1 | parse=0 | names=[Pawdroid-SS-APK] United+States-77 | err=-
[DEBUG] mihomo drop | branch={768} | size=1 | parse=0 | names=[Pawdroid-SS-APK] United+States-77 | err=-
[DROP] name=[Pawdroid-SS-APK] United+States-77 {768} | server=ezaccess-project-4c7950.ez-dc9bbb.workers.dev:443 | reason=mihomo start failed
[TEST] {772} tested=1/1 | kept=0 | rest=0
[DEBUG] mihomo isolate | branch={772} | size=1 | parse=0 | names=[Pawdroid-SS-APK] United+States-80 | err=-
[DEBUG] mihomo drop | branch={772} | size=1 | parse=0 | names=[Pawdroid-SS-APK] United+States-80 | err=-
[DROP] name=[Pawdroid-SS-APK] United+States-80 {772} | server=172.67.213.26:2053 | reason=mihomo start failed
[TEST] {774} tested=5/5 | kept=0 | rest=0
[DEBUG] mihomo split-small | branch={774} | size=5 | parse=0 | names=[Pawdroid-SS-APK] United+Kingdom-20,[Pawdroid-SS-APK] United+States-82,[Pawdroid-SS-APK] United+States-83...+2 | err=-
[WARN] batch start failed | size=5 {774} | split=1 {1294} + 1 {1295} + 1 {1296} + 1 {1297} + 1 {1298}
[TEST] {775} tested=1/1 | kept=0 | rest=0
[DEBUG] mihomo isolate | branch={775} | size=1 | parse=0 | names=[免费节点10] 🇺🇸 US 376 → tg@nicevpn123 | err=-
[DEBUG] mihomo drop | branch={775} | size=1 | parse=0 | names=[免费节点10] 🇺🇸 US 376 → tg@nicevpn123 | err=-
[DROP] name=[免费节点10] 🇺🇸 US 376 → tg@nicevpn123 {775} | server=104.19.159.10:443 | reason=mihomo start failed
[TEST] {762} tested=1/1 | kept=0 | rest=0
[DEBUG] mihomo isolate | branch={762} | size=1 | parse=0 | names=[免费节点10] 🇺🇸 US 359 → tg@nicevpn123 | err=-
[DEBUG] mihomo drop | branch={762} | size=1 | parse=0 | names=[免费节点10] 🇺🇸 US 359 → tg@nicevpn123 | err=-
[DROP] name=[免费节点10] 🇺🇸 US 359 → tg@nicevpn123 {762} | server=94.131.14.177:80 | reason=mihomo start failed
[TEST] {776} tested=1/1 | kept=0 | rest=0
[DEBUG] mihomo isolate | branch={776} | size=1 | parse=0 | names=[免费节点10] 🇺🇸 US 378 → tg@nicevpn123 | err=-
[DEBUG] mihomo drop | branch={776} | size=1 | parse=0 | names=[免费节点10] 🇺🇸 US 378 → tg@nicevpn123 | err=-
[DROP] name=[免费节点10] 🇺🇸 US 378 → tg@nicevpn123 {776} | server=104.16.153.209:80 | reason=mihomo start failed
[TEST] {760} tested=1/1 | kept=0 | rest=0
[DEBUG] mihomo isolate | branch={760} | size=1 | parse=0 | names=[免费节点10] 🇺🇸 US 357 → tg@nicevpn123 | err=-
[DEBUG] mihomo drop | branch={760} | size=1 | parse=0 | names=[免费节点10] 🇺🇸 US 357 → tg@nicevpn123 | err=-
[DROP] name=[免费节点10] 🇺🇸 US 357 → tg@nicevpn123 {760} | server=38.110.1.197:5003 | reason=mihomo start failed
[TEST] {779} tested=1/1 | kept=0 | rest=0
[DEBUG] mihomo isolate | branch={779} | size=1 | parse=0 | names=[免费节点10] 🇺🇸 US 381 → tg@nicevpn123 | err=-
[DEBUG] mihomo drop | branch={779} | size=1 | parse=0 | names=[免费节点10] 🇺🇸 US 381 → tg@nicevpn123 | err=-
[DROP] name=[免费节点10] 🇺🇸 US 381 → tg@nicevpn123 {779} | server=104.16.40.112:2082 | reason=mihomo start failed
[TEST] {773} tested=4/4 | kept=0 | rest=0
[DEBUG] mihomo split-small | branch={773} | size=4 | parse=0 | names=[Pawdroid-SS-APK] United+States-81,[Pawdroid-SS-APK] vless-63,[Pawdroid-SS-APK] vless-64...+1 | err=-
[WARN] batch start failed | size=4 {773} | split=1 {1299} + 1 {1300} + 1 {1301} + 1 {1302}
[TEST] {781} tested=1/1 | kept=0 | rest=0
[DEBUG] mihomo isolate | branch={781} | size=1 | parse=0 | names=[免费节点10] 🇺🇸 US 384 → tg@nicevpn123 | err=-
[DEBUG] mihomo drop | branch={781} | size=1 | parse=0 | names=[免费节点10] 🇺🇸 US 384 → tg@nicevpn123 | err=-
[DROP] name=[免费节点10] 🇺🇸 US 384 → tg@nicevpn123 {781} | server=104.19.45.170:2095 | reason=mihomo start failed
[TEST] {782} tested=1/1 | kept=0 | rest=0
[DEBUG] mihomo isolate | branch={782} | size=1 | parse=0 | names=[免费节点10] 🇺🇸 US 385 → tg@nicevpn123 | err=-
[DEBUG] mihomo drop | branch={782} | size=1 | parse=0 | names=[免费节点10] 🇺🇸 US 385 → tg@nicevpn123 | err=-
[DROP] name=[免费节点10] 🇺🇸 US 385 → tg@nicevpn123 {782} | server=104.19.45.106:2095 | reason=mihomo start failed
[TEST] {777} tested=1/1 | kept=0 | rest=0
[DEBUG] mihomo isolate | branch={777} | size=1 | parse=0 | names=[免费节点10] 🇺🇸 US 38 → tg@nicevpn123 | err=-
[DEBUG] mihomo drop | branch={777} | size=1 | parse=0 | names=[免费节点10] 🇺🇸 US 38 → tg@nicevpn123 | err=-
[DROP] name=[免费节点10] 🇺🇸 US 38 → tg@nicevpn123 {777} | server=38.110.1.43:8009 | reason=mihomo start failed
[TEST] {778} tested=1/1 | kept=0 | rest=0
[DEBUG] mihomo isolate | branch={778} | size=1 | parse=0 | names=[免费节点10] 🇺🇸 US 380 → tg@nicevpn123 | err=-
[DEBUG] mihomo drop | branch={778} | size=1 | parse=0 | names=[免费节点10] 🇺🇸 US 380 → tg@nicevpn123 | err=-
[DROP] name=[免费节点10] 🇺🇸 US 380 → tg@nicevpn123 {778} | server=45.77.220.169:41207 | reason=mihomo start failed
[TEST] {785} tested=4/4 | kept=0 | rest=0
[DEBUG] mihomo split-small | branch={785} | size=4 | parse=0 | names=[Pawdroid-SS-APK] vless-71,[Pawdroid-SS-APK] The+Netherlands-30,[Pawdroid-SS-APK] vless-72...+1 | err=-
[WARN] batch start failed | size=4 {785} | split=1 {1303} + 1 {1304} + 1 {1305} + 1 {1306}
[TEST] {780} tested=1/1 | kept=0 | rest=0
[DEBUG] mihomo isolate | branch={780} | size=1 | parse=0 | names=[免费节点10] 🇺🇸 US 383 → tg@nicevpn123 | err=-
[DEBUG] mihomo drop | branch={780} | size=1 | parse=0 | names=[免费节点10] 🇺🇸 US 383 → tg@nicevpn123 | err=-
[DROP] name=[免费节点10] 🇺🇸 US 383 → tg@nicevpn123 {780} | server=162.19.25.207:34232 | reason=mihomo start failed
[TEST] {786} tested=5/5 | kept=0 | rest=0
[DEBUG] mihomo split-small | branch={786} | size=5 | parse=0 | names=[Pawdroid-SS-APK] Germany-4,[Pawdroid-SS-APK] United+Kingdom-21,[Pawdroid-SS-APK] United+States-88...+2 | err=-
[WARN] batch start failed | size=5 {786} | split=1 {1307} + 1 {1308} + 1 {1309} + 1 {1310} + 1 {1311}
[TEST] {784} tested=5/5 | kept=0 | rest=0
[DEBUG] mihomo split-small | branch={784} | size=5 | parse=0 | names=[免费节点10] 🇺🇸 US 39 → tg@nicevpn123,[免费节点10] 🇺🇸 US 390 → tg@nicevpn123,[免费节点10] 🇺🇸 US 391 → tg@nicevpn123...+2 | err=-
[WARN] batch start failed | size=5 {784} | split=1 {1312} + 1 {1313} + 1 {1314} + 1 {1315} + 1 {1316}
[TEST] {790} tested=5/5 | kept=0 | rest=0
[DEBUG] mihomo split-small | branch={790} | size=5 | parse=0 | names=[Pawdroid-SS-APK] United+States-40,[Pawdroid-SS-APK] United+States-41,[Pawdroid-SS-APK] Australia-2...+2 | err=-
[WARN] batch start failed | size=5 {790} | split=1 {1317} + 1 {1318} + 1 {1319} + 1 {1320} + 1 {1321}
[TEST] {789} tested=4/4 | kept=0 | rest=0
[DEBUG] mihomo split-small | branch={789} | size=4 | parse=0 | names=[Pawdroid-SS-APK] vless-24,[Pawdroid-SS-APK] vless-25,[Pawdroid-SS-APK] United+States-39...+1 | err=-
[WARN] batch start failed | size=4 {789} | split=1 {1322} + 1 {1323} + 1 {1324} + 1 {1325}
[TEST] {792} tested=1/1 | kept=0 | rest=0
[DEBUG] mihomo isolate | branch={792} | size=1 | parse=0 | names=[ChromeGO-Merge] United States vmess 23 | err=-
[DEBUG] mihomo drop | branch={792} | size=1 | parse=0 | names=[ChromeGO-Merge] United States vmess 23 | err=-
[DROP] name=[ChromeGO-Merge] United States vmess 23 {792} | server=yh1.freeh1.xyz:8080 | reason=mihomo start failed
[TEST] {791} tested=1/1 | kept=0 | rest=0
[DEBUG] mihomo isolate | branch={791} | size=1 | parse=0 | names=[ChromeGO-Merge] United States vmess 21 | err=-
[DEBUG] mihomo drop | branch={791} | size=1 | parse=0 | names=[ChromeGO-Merge] United States vmess 21 | err=-
[DROP] name=[ChromeGO-Merge] United States vmess 21 {791} | server=yh1.freeh1.xyz:8080 | reason=mihomo start failed
[TEST] {793} tested=1/1 | kept=0 | rest=0
[DEBUG] mihomo isolate | branch={793} | size=1 | parse=0 | names=[ChromeGO-Merge] None vmess 24 | err=-
[DEBUG] mihomo drop | branch={793} | size=1 | parse=0 | names=[ChromeGO-Merge] None vmess 24 | err=-
[DROP] name=[ChromeGO-Merge] None vmess 24 {793} | server=yh1.freeh1.xyz:8080 | reason=mihomo start failed
[TEST] {783} tested=4/4 | kept=0 | rest=0
[DEBUG] mihomo split-small | branch={783} | size=4 | parse=0 | names=[免费节点10] 🇺🇸 US 386 → tg@nicevpn123,[免费节点10] 🇺🇸 US 387 → tg@nicevpn123,[免费节点10] 🇺🇸 US 388 → tg@nicevpn123...+1 | err=-
[WARN] batch start failed | size=4 {783} | split=1 {1326} + 1 {1327} + 1 {1328} + 1 {1329}
[TEST] {794} tested=1/1 | kept=0 | rest=0
[DEBUG] mihomo isolate | branch={794} | size=1 | parse=0 | names=[ChromeGO-Merge] None vmess 25 | err=-
[DEBUG] mihomo drop | branch={794} | size=1 | parse=0 | names=[ChromeGO-Merge] None vmess 25 | err=-
[DROP] name=[ChromeGO-Merge] None vmess 25 {794} | server=yh2.freeh1.xyz:8080 | reason=mihomo start failed
[TEST] {795} tested=1/1 | kept=0 | rest=0
[DEBUG] mihomo isolate | branch={795} | size=1 | parse=0 | names=[ChromeGO-Merge] United States vmess 26 | err=-
[DEBUG] mihomo drop | branch={795} | size=1 | parse=0 | names=[ChromeGO-Merge] United States vmess 26 | err=-
[DROP] name=[ChromeGO-Merge] United States vmess 26 {795} | server=yh2.freeh1.xyz:8080 | reason=mihomo start failed
[TEST] {796} tested=1/1 | kept=0 | rest=0
[DEBUG] mihomo isolate | branch={796} | size=1 | parse=0 | names=[ChromeGO-Merge] None vmess 29 | err=-
[DEBUG] mihomo drop | branch={796} | size=1 | parse=0 | names=[ChromeGO-Merge] None vmess 29 | err=-
[DROP] name=[ChromeGO-Merge] None vmess 29 {796} | server=yh3.freeh1.xyz:8080 | reason=mihomo start failed
[TEST] {797} tested=1/1 | kept=0 | rest=0
[DEBUG] mihomo isolate | branch={797} | size=1 | parse=0 | names=[ChromeGO-Merge] United States vmess 210 | err=-
[DEBUG] mihomo drop | branch={797} | size=1 | parse=0 | names=[ChromeGO-Merge] United States vmess 210 | err=-
[DROP] name=[ChromeGO-Merge] United States vmess 210 {797} | server=yh3.freeh1.xyz:8080 | reason=mihomo start failed
[TEST] {787} tested=4/4 | kept=0 | rest=0
[DEBUG] mihomo split-small | branch={787} | size=4 | parse=0 | names=[免费节点10] 🇺🇸 US 394 → tg@nicevpn123,[免费节点10] 🇺🇸 US 395 → tg@nicevpn123,[免费节点10] 🇺🇸 US 397 → tg@nicevpn123...+1 | err=-
[WARN] batch start failed | size=4 {787} | split=1 {1330} + 1 {1331} + 1 {1332} + 1 {1333}
[TEST] {799} tested=1/1 | kept=0 | rest=0
[DEBUG] mihomo isolate | branch={799} | size=1 | parse=0 | names=[ChromeGO-Merge] United States vmess 31 | err=-
[DEBUG] mihomo drop | branch={799} | size=1 | parse=0 | names=[ChromeGO-Merge] United States vmess 31 | err=-
[DROP] name=[ChromeGO-Merge] United States vmess 31 {799} | server=yh1.freeh1.xyz:8080 | reason=mihomo start failed
[TEST] {798} tested=1/1 | kept=0 | rest=0
[DEBUG] mihomo isolate | branch={798} | size=1 | parse=0 | names=[ChromeGO-Merge] United States vmess 211 | err=-
[DEBUG] mihomo drop | branch={798} | size=1 | parse=0 | names=[ChromeGO-Merge] United States vmess 211 | err=-
[DROP] name=[ChromeGO-Merge] United States vmess 211 {798} | server=yh3.freeh1.xyz:8080 | reason=mihomo start failed
[TEST] {803} tested=5/5 | kept=0 | rest=0
[DEBUG] mihomo split-small | branch={803} | size=5 | parse=0 | names=[Pawdroid-SS-APK] vless-33,[Pawdroid-SS-APK] vless-34,[Pawdroid-SS-APK] United+Kingdom-16...+2 | err=-
[WARN] batch start failed | size=5 {803} | split=1 {1334} + 1 {1335} + 1 {1336} + 1 {1337} + 1 {1338}
[TEST] {788} tested=5/5 | kept=0 | rest=0
[DEBUG] mihomo split-small | branch={788} | size=5 | parse=0 | names=[免费节点10] 🇺🇸 US 4 → tg@nicevpn123,[免费节点10] 🇺🇸 US 400 → tg@nicevpn123,[免费节点10] 🇺🇸 US 401 → tg@nicevpn123...+2 | err=-
[WARN] batch start failed | size=5 {788} | split=1 {1339} + 1 {1340} + 1 {1341} + 1 {1342} + 1 {1343}
[TEST] {802} tested=4/4 | kept=0 | rest=0
[DEBUG] mihomo split-small | branch={802} | size=4 | parse=0 | names=[Pawdroid-SS-APK] vless-31,[Pawdroid-SS-APK] Russia-3,[Pawdroid-SS-APK] United+States-46...+1 | err=-
[WARN] batch start failed | size=4 {802} | split=1 {1344} + 1 {1345} + 1 {1346} + 1 {1347}
[TEST] {805} tested=5/5 | kept=0 | rest=0
[DEBUG] mihomo split-small | branch={805} | size=5 | parse=0 | names=[Pawdroid-SS-APK] vless-67,[Pawdroid-SS-APK] United+States-86,[Pawdroid-SS-APK] vless-68...+2 | err=-
[WARN] batch start failed | size=5 {805} | split=1 {1348} + 1 {1349} + 1 {1350} + 1 {1351} + 1 {1352}
[TEST] {806} tested=1/1 | kept=0 | rest=0
[DEBUG] mihomo isolate | branch={806} | size=1 | parse=0 | names=[Pawdroid-SS-APK] United+States-37 | err=-
[DEBUG] mihomo drop | branch={806} | size=1 | parse=0 | names=[Pawdroid-SS-APK] United+States-37 | err=-
[DROP] name=[Pawdroid-SS-APK] United+States-37 {806} | server=172.66.170.172:80 | reason=mihomo start failed
[TEST] {807} tested=1/1 | kept=0 | rest=0
[DEBUG] mihomo isolate | branch={807} | size=1 | parse=0 | names=[Pawdroid-SS-APK] United+States-38 | err=-
[DEBUG] mihomo drop | branch={807} | size=1 | parse=0 | names=[Pawdroid-SS-APK] United+States-38 | err=-
[DROP] name=[Pawdroid-SS-APK] United+States-38 {807} | server=172.64.147.104:443 | reason=mihomo start failed
[TEST] {809} tested=1/1 | kept=0 | rest=0
[DEBUG] mihomo isolate | branch={809} | size=1 | parse=0 | names=[Pawdroid-SS-APK] vless-21 | err=-
[DEBUG] mihomo drop | branch={809} | size=1 | parse=0 | names=[Pawdroid-SS-APK] vless-21 | err=-
[DROP] name=[Pawdroid-SS-APK] vless-21 {809} | server=104.21.34.106:443 | reason=mihomo start failed
[TEST] {808} tested=1/1 | kept=0 | rest=0
[DEBUG] mihomo isolate | branch={808} | size=1 | parse=0 | names=[Pawdroid-SS-APK] vless-20 | err=-
[DEBUG] mihomo drop | branch={808} | size=1 | parse=0 | names=[Pawdroid-SS-APK] vless-20 | err=-
[DROP] name=[Pawdroid-SS-APK] vless-20 {808} | server=104.18.1.1:2083 | reason=mihomo start failed
[TEST] {810} tested=1/1 | kept=0 | rest=0
[DEBUG] mihomo isolate | branch={810} | size=1 | parse=0 | names=[Pawdroid-SS-APK] vless-22 | err=-
[DEBUG] mihomo drop | branch={810} | size=1 | parse=0 | names=[Pawdroid-SS-APK] vless-22 | err=-
[DROP] name=[Pawdroid-SS-APK] vless-22 {810} | server=104.21.19.76:2096 | reason=mihomo start failed
[TEST] {811} tested=1/1 | kept=0 | rest=0
[DEBUG] mihomo isolate | branch={811} | size=1 | parse=0 | names=[Pawdroid-SS-APK] Curaçao | err=-
[DEBUG] mihomo drop | branch={811} | size=1 | parse=0 | names=[Pawdroid-SS-APK] Curaçao | err=-
[DROP] name=[Pawdroid-SS-APK] Curaçao {811} | server=45.135.235.30:8880 | reason=mihomo start failed
[TEST] {812} tested=1/1 | kept=0 | rest=0
[DEBUG] mihomo isolate | branch={812} | size=1 | parse=0 | names=[Pawdroid-SS-APK] vless-23 | err=-
[DEBUG] mihomo drop | branch={812} | size=1 | parse=0 | names=[Pawdroid-SS-APK] vless-23 | err=-
[DROP] name=[Pawdroid-SS-APK] vless-23 {812} | server=www.speedtest.net:2086 | reason=mihomo start failed
[TEST] {801} tested=5/5 | kept=0 | rest=0
[DEBUG] mihomo split-small | branch={801} | size=5 | parse=0 | names=[免费节点10] 🇺🇸 US 408 → tg@nicevpn123,[免费节点10] 🇺🇸 US 409 → tg@nicevpn123,[免费节点10] 🇺🇸 US 41 → tg@nicevpn123...+2 | err=-
[WARN] batch start failed | size=5 {801} | split=1 {1353} + 1 {1354} + 1 {1355} + 1 {1356} + 1 {1357}
[TEST] {800} tested=4/4 | kept=0 | rest=0
[DEBUG] mihomo split-small | branch={800} | size=4 | parse=0 | names=[免费节点10] 🇺🇸 US 404 → tg@nicevpn123,[免费节点10] 🇺🇸 US 405 → tg@nicevpn123,[免费节点10] 🇺🇸 US 406 → tg@nicevpn123...+1 | err=-
[WARN] batch start failed | size=4 {800} | split=1 {1358} + 1 {1359} + 1 {1360} + 1 {1361}
[TEST] {814} tested=1/1 | kept=0 | rest=0
[DEBUG] mihomo isolate | branch={814} | size=1 | parse=0 | names=[Pawdroid-SS-APK] United+States-42 | err=-
[DEBUG] mihomo drop | branch={814} | size=1 | parse=0 | names=[Pawdroid-SS-APK] United+States-42 | err=-
[DROP] name=[Pawdroid-SS-APK] United+States-42 {814} | server=172.67.133.44:2096 | reason=mihomo start failed
[TEST] {815} tested=1/1 | kept=0 | rest=0
[DEBUG] mihomo isolate | branch={815} | size=1 | parse=0 | names=[Pawdroid-SS-APK] vless-29 | err=-
[DEBUG] mihomo drop | branch={815} | size=1 | parse=0 | names=[Pawdroid-SS-APK] vless-29 | err=-
[DROP] name=[Pawdroid-SS-APK] vless-29 {815} | server=104.21.96.56:80 | reason=mihomo start failed
[TEST] {804} tested=4/4 | kept=0 | rest=0
[DEBUG] mihomo split-small | branch={804} | size=4 | parse=0 | names=[Pawdroid-SS-APK] Latvia,[Pawdroid-SS-APK] Singapore-6,[Pawdroid-SS-APK] United+States-85...+1 | err=-
[WARN] batch start failed | size=4 {804} | split=1 {1362} + 1 {1363} + 1 {1364} + 1 {1365}
[TEST] {816} tested=1/1 | kept=0 | rest=0
[DEBUG] mihomo isolate | branch={816} | size=1 | parse=0 | names=[Pawdroid-SS-APK] United+States-43 | err=-
[DEBUG] mihomo drop | branch={816} | size=1 | parse=0 | names=[Pawdroid-SS-APK] United+States-43 | err=-
[DROP] name=[Pawdroid-SS-APK] United+States-43 {816} | server=63.141.128.22:443 | reason=mihomo start failed
[TEST] {817} tested=1/1 | kept=0 | rest=0
[DEBUG] mihomo isolate | branch={817} | size=1 | parse=0 | names=[Pawdroid-SS-APK] The+Netherlands-22 | err=-
[DEBUG] mihomo drop | branch={817} | size=1 | parse=0 | names=[Pawdroid-SS-APK] The+Netherlands-22 | err=-
[DROP] name=[Pawdroid-SS-APK] The+Netherlands-22 {817} | server=188.114.97.3:2053 | reason=mihomo start failed
[TEST] {819} tested=1/1 | kept=0 | rest=0
[DEBUG] mihomo isolate | branch={819} | size=1 | parse=0 | names=[Pawdroid-SS-APK] vless-30 | err=-
[DEBUG] mihomo drop | branch={819} | size=1 | parse=0 | names=[Pawdroid-SS-APK] vless-30 | err=-
[DROP] name=[Pawdroid-SS-APK] vless-30 {819} | server=104.16.43.192:2083 | reason=mihomo start failed
[TEST] {818} tested=1/1 | kept=0 | rest=0
[DEBUG] mihomo isolate | branch={818} | size=1 | parse=0 | names=[Pawdroid-SS-APK] United+States-44 | err=-
[DEBUG] mihomo drop | branch={818} | size=1 | parse=0 | names=[Pawdroid-SS-APK] United+States-44 | err=-
[DROP] name=[Pawdroid-SS-APK] United+States-44 {818} | server=45.40.146.50:8880 | reason=mihomo start failed
[TEST] {820} tested=1/1 | kept=0 | rest=0
[DEBUG] mihomo isolate | branch={820} | size=1 | parse=0 | names=[Pawdroid-SS-APK] Russia-2 | err=-
[DEBUG] mihomo drop | branch={820} | size=1 | parse=0 | names=[Pawdroid-SS-APK] Russia-2 | err=-
[DROP] name=[Pawdroid-SS-APK] Russia-2 {820} | server=45.142.120.40:8880 | reason=mihomo start failed
[TEST] {813} tested=1/1 | kept=0 | rest=0
[DEBUG] mihomo isolate | branch={813} | size=1 | parse=0 | names=[Pawdroid-SS-APK] Kazakhstan-2 | err=-
[DEBUG] mihomo drop | branch={813} | size=1 | parse=0 | names=[Pawdroid-SS-APK] Kazakhstan-2 | err=-
[DROP] name=[Pawdroid-SS-APK] Kazakhstan-2 {813} | server=194.59.5.46:2096 | reason=mihomo start failed
[TEST] {821} tested=1/1 | kept=0 | rest=0
[DEBUG] mihomo isolate | branch={821} | size=1 | parse=0 | names=[Pawdroid-SS-APK] United+States-45 | err=-
[DEBUG] mihomo drop | branch={821} | size=1 | parse=0 | names=[Pawdroid-SS-APK] United+States-45 | err=-
[DROP] name=[Pawdroid-SS-APK] United+States-45 {821} | server=102.177.176.30:8880 | reason=mihomo start failed
[TEST] {823} tested=1/1 | kept=0 | rest=0
[DEBUG] mihomo isolate | branch={823} | size=1 | parse=0 | names=[ChromeGO-Merge] 🇺🇸 United States_hyster | err=-
[DEBUG] mihomo drop | branch={823} | size=1 | parse=0 | names=[ChromeGO-Merge] 🇺🇸 United States_hyster | err=-
[DROP] name=[ChromeGO-Merge] 🇺🇸 United States_hysteria2_1 {823} | server=64.110.25.11:33337 | reason=mihomo start failed
[TEST] {825} tested=1/1 | kept=0 | rest=0
[DEBUG] mihomo isolate | branch={825} | size=1 | parse=0 | names=[ChromeGO-Merge] 🇺🇸 United States_hyster | err=-
[DEBUG] mihomo drop | branch={825} | size=1 | parse=0 | names=[ChromeGO-Merge] 🇺🇸 United States_hyster | err=-
[DROP] name=[ChromeGO-Merge] 🇺🇸 United States_hysteria2_3 {825} | server=108.181.24.77:43656 | reason=mihomo start failed
[TEST] {827} tested=1/1 | kept=0 | rest=0
[DEBUG] mihomo isolate | branch={827} | size=1 | parse=0 | names=[ChromeGO-Merge] Canada vmess 04 | err=-
[DEBUG] mihomo drop | branch={827} | size=1 | parse=0 | names=[ChromeGO-Merge] Canada vmess 04 | err=-
[DROP] name=[ChromeGO-Merge] Canada vmess 04 {827} | server=23.227.38.11:8080 | reason=mihomo start failed
[TEST] {829} tested=1/1 | kept=0 | rest=0
[DEBUG] mihomo isolate | branch={829} | size=1 | parse=0 | names=[ChromeGO-Merge] None vmess 07 | err=-
[DEBUG] mihomo drop | branch={829} | size=1 | parse=0 | names=[ChromeGO-Merge] None vmess 07 | err=-
[DROP] name=[ChromeGO-Merge] None vmess 07 {829} | server=162.159.137.31:8080 | reason=mihomo start failed
[TEST] {828} tested=1/1 | kept=0 | rest=0
[DEBUG] mihomo isolate | branch={828} | size=1 | parse=0 | names=[ChromeGO-Merge] None vmess 05 | err=-
[DEBUG] mihomo drop | branch={828} | size=1 | parse=0 | names=[ChromeGO-Merge] None vmess 05 | err=-
[DROP] name=[ChromeGO-Merge] None vmess 05 {828} | server=162.159.153.11:8080 | reason=mihomo start failed
[TEST] {822} tested=1/1 | kept=0 | rest=0
[DEBUG] mihomo isolate | branch={822} | size=1 | parse=0 | names=[ChromeGO-Merge] 🇫🇷 France_hysteria2_0 | err=-
[DEBUG] mihomo drop | branch={822} | size=1 | parse=0 | names=[ChromeGO-Merge] 🇫🇷 France_hysteria2_0 | err=-
[DROP] name=[ChromeGO-Merge] 🇫🇷 France_hysteria2_0 {822} | server=62.210.101.0:52465 | reason=mihomo start failed
[TEST] {824} tested=1/1 | kept=0 | rest=0
[DEBUG] mihomo isolate | branch={824} | size=1 | parse=0 | names=[ChromeGO-Merge] 🇫🇷 France_hysteria2_2 | err=-
[DEBUG] mihomo drop | branch={824} | size=1 | parse=0 | names=[ChromeGO-Merge] 🇫🇷 France_hysteria2_2 | err=-
[DROP] name=[ChromeGO-Merge] 🇫🇷 France_hysteria2_2 {824} | server=62.210.103.0:52465 | reason=mihomo start failed
[TEST] {826} tested=1/1 | kept=0 | rest=0
[DEBUG] mihomo isolate | branch={826} | size=1 | parse=0 | names=[ChromeGO-Merge] 🇺🇸 United States_vless_ | err=-
[DEBUG] mihomo drop | branch={826} | size=1 | parse=0 | names=[ChromeGO-Merge] 🇺🇸 United States_vless_ | err=-
[DROP] name=[ChromeGO-Merge] 🇺🇸 United States_vless_1 {826} | server=108.181.22.213:28945 | reason=mihomo start failed
[TEST] {831} tested=1/1 | kept=0 | rest=0
[DEBUG] mihomo isolate | branch={831} | size=1 | parse=0 | names=[免费节点10] 🇺🇸 US 711 → tg@nicevpn123 | err=-
[DEBUG] mihomo drop | branch={831} | size=1 | parse=0 | names=[免费节点10] 🇺🇸 US 711 → tg@nicevpn123 | err=-
[DROP] name=[免费节点10] 🇺🇸 US 711 → tg@nicevpn123 {831} | server=104.19.45.44:2095 | reason=mihomo start failed
[TEST] {833} tested=1/1 | kept=0 | rest=0
[DEBUG] mihomo isolate | branch={833} | size=1 | parse=0 | names=[免费节点10] 🇺🇸 US 713 → tg@nicevpn123 | err=-
[DEBUG] mihomo drop | branch={833} | size=1 | parse=0 | names=[免费节点10] 🇺🇸 US 713 → tg@nicevpn123 | err=-
[DROP] name=[免费节点10] 🇺🇸 US 713 → tg@nicevpn123 {833} | server=104.16.40.132:2082 | reason=mihomo start failed
[TEST] {834} tested=1/1 | kept=0 | rest=0
[DEBUG] mihomo isolate | branch={834} | size=1 | parse=0 | names=[免费节点10] 🇺🇸 US 714 → tg@nicevpn123 | err=-
[DEBUG] mihomo drop | branch={834} | size=1 | parse=0 | names=[免费节点10] 🇺🇸 US 714 → tg@nicevpn123 | err=-
[DROP] name=[免费节点10] 🇺🇸 US 714 → tg@nicevpn123 {834} | server=104.19.49.204:443 | reason=mihomo start failed
[TEST] {835} tested=1/1 | kept=0 | rest=0
[DEBUG] mihomo isolate | branch={835} | size=1 | parse=0 | names=[免费节点10] 🇺🇸 US 715 → tg@nicevpn123 | err=-
[DEBUG] mihomo drop | branch={835} | size=1 | parse=0 | names=[免费节点10] 🇺🇸 US 715 → tg@nicevpn123 | err=-
[DROP] name=[免费节点10] 🇺🇸 US 715 → tg@nicevpn123 {835} | server=104.19.48.236:2082 | reason=mihomo start failed
[TEST] {837} tested=1/1 | kept=0 | rest=0
[DEBUG] mihomo isolate | branch={837} | size=1 | parse=0 | names=[免费节点10] 🇺🇸 US 717 → tg@nicevpn123 | err=-
[DEBUG] mihomo drop | branch={837} | size=1 | parse=0 | names=[免费节点10] 🇺🇸 US 717 → tg@nicevpn123 | err=-
[DROP] name=[免费节点10] 🇺🇸 US 717 → tg@nicevpn123 {837} | server=104.19.45.10:2095 | reason=mihomo start failed
[TEST] {836} tested=1/1 | kept=0 | rest=0
[DEBUG] mihomo isolate | branch={836} | size=1 | parse=0 | names=[免费节点10] 🇺🇸 US 716 → tg@nicevpn123 | err=-
[DEBUG] mihomo drop | branch={836} | size=1 | parse=0 | names=[免费节点10] 🇺🇸 US 716 → tg@nicevpn123 | err=-
[DROP] name=[免费节点10] 🇺🇸 US 716 → tg@nicevpn123 {836} | server=104.16.42.28:2082 | reason=mihomo start failed
[TEST] {838} tested=1/1 | kept=0 | rest=0
[DEBUG] mihomo isolate | branch={838} | size=1 | parse=0 | names=[免费节点10] 🇺🇸 US 718 → tg@nicevpn123 | err=-
[DEBUG] mihomo drop | branch={838} | size=1 | parse=0 | names=[免费节点10] 🇺🇸 US 718 → tg@nicevpn123 | err=-
[DROP] name=[免费节点10] 🇺🇸 US 718 → tg@nicevpn123 {838} | server=104.16.43.62:2082 | reason=mihomo start failed
[TEST] {840} tested=1/1 | kept=0 | rest=0
[DEBUG] mihomo isolate | branch={840} | size=1 | parse=0 | names=[免费节点10] 🇺🇸 US 753 → tg@nicevpn123 | err=-
[DEBUG] mihomo drop | branch={840} | size=1 | parse=0 | names=[免费节点10] 🇺🇸 US 753 → tg@nicevpn123 | err=-
[DROP] name=[免费节点10] 🇺🇸 US 753 → tg@nicevpn123 {840} | server=104.16.42.202:2082 | reason=mihomo start failed
[TEST] {841} tested=1/1 | kept=0 | rest=0
[DEBUG] mihomo isolate | branch={841} | size=1 | parse=0 | names=[免费节点10] 🇺🇸 US 754 → tg@nicevpn123 | err=-
[DEBUG] mihomo drop | branch={841} | size=1 | parse=0 | names=[免费节点10] 🇺🇸 US 754 → tg@nicevpn123 | err=-
[DROP] name=[免费节点10] 🇺🇸 US 754 → tg@nicevpn123 {841} | server=205.234.200.104:33164 | reason=mihomo start failed
[TEST] {842} tested=1/1 | kept=0 | rest=0
[DEBUG] mihomo isolate | branch={842} | size=1 | parse=0 | names=[免费节点10] 🇺🇸 US 756 → tg@nicevpn123 | err=-
[DEBUG] mihomo drop | branch={842} | size=1 | parse=0 | names=[免费节点10] 🇺🇸 US 756 → tg@nicevpn123 | err=-
[DROP] name=[免费节点10] 🇺🇸 US 756 → tg@nicevpn123 {842} | server=104.19.45.156:2095 | reason=mihomo start failed
[TEST] {843} tested=1/1 | kept=0 | rest=0
[DEBUG] mihomo isolate | branch={843} | size=1 | parse=0 | names=[免费节点10] 🇺🇸 US 757 → tg@nicevpn123 | err=-
[DEBUG] mihomo drop | branch={843} | size=1 | parse=0 | names=[免费节点10] 🇺🇸 US 757 → tg@nicevpn123 | err=-
[DROP] name=[免费节点10] 🇺🇸 US 757 → tg@nicevpn123 {843} | server=104.19.45.110:2095 | reason=mihomo start failed
[TEST] {830} tested=1/1 | kept=0 | rest=0
[DEBUG] mihomo isolate | branch={830} | size=1 | parse=0 | names=[ChromeGO-Merge] None vmess 010 | err=-
[DEBUG] mihomo drop | branch={830} | size=1 | parse=0 | names=[ChromeGO-Merge] None vmess 010 | err=-
[DROP] name=[ChromeGO-Merge] None vmess 010 {830} | server=yh1.dtku41.xyz:8080 | reason=mihomo start failed
[TEST] {844} tested=1/1 | kept=0 | rest=0
[DEBUG] mihomo isolate | branch={844} | size=1 | parse=0 | names=[免费节点10] 🇺🇸 US 758 → tg@nicevpn123 | err=-
[DEBUG] mihomo drop | branch={844} | size=1 | parse=0 | names=[免费节点10] 🇺🇸 US 758 → tg@nicevpn123 | err=-
[DROP] name=[免费节点10] 🇺🇸 US 758 → tg@nicevpn123 {844} | server=104.19.45.76:2095 | reason=mihomo start failed
[TEST] {832} tested=1/1 | kept=0 | rest=0
[TEST] {846} tested=1/1 | kept=0 | rest=0
[DEBUG] mihomo isolate | branch={832} | size=1 | parse=0 | names=[免费节点10] 🇺🇸 US 712 → tg@nicevpn123 | err=-
[DEBUG] mihomo drop | branch={832} | size=1 | parse=0 | names=[免费节点10] 🇺🇸 US 712 → tg@nicevpn123 | err=-
[DROP] name=[免费节点10] 🇺🇸 US 712 → tg@nicevpn123 {832} | server=38.75.137.105:6697 | reason=mihomo start failed
[DEBUG] mihomo isolate | branch={846} | size=1 | parse=0 | names=[免费节点10] 🇺🇸 US 760 → tg@nicevpn123 | err=-
[DEBUG] mihomo drop | branch={846} | size=1 | parse=0 | names=[免费节点10] 🇺🇸 US 760 → tg@nicevpn123 | err=-
[DROP] name=[免费节点10] 🇺🇸 US 760 → tg@nicevpn123 {846} | server=104.16.40.64:2082 | reason=mihomo start failed
[TEST] {845} tested=1/1 | kept=0 | rest=0
[DEBUG] mihomo isolate | branch={845} | size=1 | parse=0 | names=[免费节点10] 🇺🇸 US 759 → tg@nicevpn123 | err=-
[DEBUG] mihomo drop | branch={845} | size=1 | parse=0 | names=[免费节点10] 🇺🇸 US 759 → tg@nicevpn123 | err=-
[DROP] name=[免费节点10] 🇺🇸 US 759 → tg@nicevpn123 {845} | server=104.21.232.61:80 | reason=mihomo start failed
[TEST] {848} tested=1/1 | kept=0 | rest=0
[DEBUG] mihomo isolate | branch={848} | size=1 | parse=0 | names=[免费节点10] 🇺🇸 US 766 → tg@nicevpn123 | err=-
[DEBUG] mihomo drop | branch={848} | size=1 | parse=0 | names=[免费节点10] 🇺🇸 US 766 → tg@nicevpn123 | err=-
[DROP] name=[免费节点10] 🇺🇸 US 766 → tg@nicevpn123 {848} | server=104.26.9.202:443 | reason=mihomo start failed
[TEST] {847} tested=1/1 | kept=0 | rest=0
[DEBUG] mihomo isolate | branch={847} | size=1 | parse=0 | names=[免费节点10] 🇺🇸 US 761 → tg@nicevpn123 | err=-
[DEBUG] mihomo drop | branch={847} | size=1 | parse=0 | names=[免费节点10] 🇺🇸 US 761 → tg@nicevpn123 | err=-
[DROP] name=[免费节点10] 🇺🇸 US 761 → tg@nicevpn123 {847} | server=104.19.49.15:443 | reason=mihomo start failed
[TEST] {850} tested=1/1 | kept=0 | rest=0
[DEBUG] mihomo isolate | branch={850} | size=1 | parse=0 | names=[免费节点10] 🇺🇸 US 694 → tg@nicevpn123 | err=-
[DEBUG] mihomo drop | branch={850} | size=1 | parse=0 | names=[免费节点10] 🇺🇸 US 694 → tg@nicevpn123 | err=-
[DROP] name=[免费节点10] 🇺🇸 US 694 → tg@nicevpn123 {850} | server=104.16.43.167:2082 | reason=mihomo start failed
[TEST] {849} tested=1/1 | kept=0 | rest=0
[DEBUG] mihomo isolate | branch={849} | size=1 | parse=0 | names=[免费节点10] 🇺🇸 US 692 → tg@nicevpn123 | err=-
[DEBUG] mihomo drop | branch={849} | size=1 | parse=0 | names=[免费节点10] 🇺🇸 US 692 → tg@nicevpn123 | err=-
[DROP] name=[免费节点10] 🇺🇸 US 692 → tg@nicevpn123 {849} | server=38.68.134.9:8881 | reason=mihomo start failed
[TEST] {851} tested=1/1 | kept=0 | rest=0
[DEBUG] mihomo isolate | branch={851} | size=1 | parse=0 | names=[免费节点10] 🇺🇸 US 695 → tg@nicevpn123 | err=-
[DEBUG] mihomo drop | branch={851} | size=1 | parse=0 | names=[免费节点10] 🇺🇸 US 695 → tg@nicevpn123 | err=-
[DROP] name=[免费节点10] 🇺🇸 US 695 → tg@nicevpn123 {851} | server=104.19.45.224:2095 | reason=mihomo start failed
[TEST] {853} tested=1/1 | kept=0 | rest=0
[DEBUG] mihomo isolate | branch={853} | size=1 | parse=0 | names=[免费节点10] 🇺🇸 US 743 → tg@nicevpn123 | err=-
[DEBUG] mihomo drop | branch={853} | size=1 | parse=0 | names=[免费节点10] 🇺🇸 US 743 → tg@nicevpn123 | err=-
[DROP] name=[免费节点10] 🇺🇸 US 743 → tg@nicevpn123 {853} | server=104.19.42.78:2082 | reason=mihomo start failed
[TEST] {856} tested=1/1 | kept=0 | rest=0
[DEBUG] mihomo isolate | branch={856} | size=1 | parse=0 | names=[免费节点10] 🇺🇸 US 746 → tg@nicevpn123 | err=-
[DEBUG] mihomo drop | branch={856} | size=1 | parse=0 | names=[免费节点10] 🇺🇸 US 746 → tg@nicevpn123 | err=-
[DROP] name=[免费节点10] 🇺🇸 US 746 → tg@nicevpn123 {856} | server=104.16.60.8:80 | reason=mihomo start failed
[TEST] {855} tested=1/1 | kept=0 | rest=0
[DEBUG] mihomo isolate | branch={855} | size=1 | parse=0 | names=[免费节点10] 🇺🇸 US 745 → tg@nicevpn123 | err=-
[DEBUG] mihomo drop | branch={855} | size=1 | parse=0 | names=[免费节点10] 🇺🇸 US 745 → tg@nicevpn123 | err=-
[DROP] name=[免费节点10] 🇺🇸 US 745 → tg@nicevpn123 {855} | server=104.19.45.232:2082 | reason=mihomo start failed
[TEST] {854} tested=1/1 | kept=0 | rest=0
[DEBUG] mihomo isolate | branch={854} | size=1 | parse=0 | names=[免费节点10] 🇺🇸 US 744 → tg@nicevpn123 | err=-
[DEBUG] mihomo drop | branch={854} | size=1 | parse=0 | names=[免费节点10] 🇺🇸 US 744 → tg@nicevpn123 | err=-
[DROP] name=[免费节点10] 🇺🇸 US 744 → tg@nicevpn123 {854} | server=104.19.49.99:443 | reason=mihomo start failed
[TEST] {852} tested=1/1 | kept=0 | rest=0
[DEBUG] mihomo isolate | branch={852} | size=1 | parse=0 | names=[免费节点10] 🇺🇸 US 697 → tg@nicevpn123 | err=-
[DEBUG] mihomo drop | branch={852} | size=1 | parse=0 | names=[免费节点10] 🇺🇸 US 697 → tg@nicevpn123 | err=-
[DROP] name=[免费节点10] 🇺🇸 US 697 → tg@nicevpn123 {852} | server=zula.ir:443 | reason=mihomo start failed
[TEST] {859} tested=1/1 | kept=0 | rest=0
[DEBUG] mihomo isolate | branch={859} | size=1 | parse=0 | names=[免费节点10] 🇺🇸 US 70 → tg@nicevpn123 | err=-
[DEBUG] mihomo drop | branch={859} | size=1 | parse=0 | names=[免费节点10] 🇺🇸 US 70 → tg@nicevpn123 | err=-
[DROP] name=[免费节点10] 🇺🇸 US 70 → tg@nicevpn123 {859} | server=104.19.45.133:2095 | reason=mihomo start failed
[TEST] {839} tested=1/1 | kept=0 | rest=0
[DEBUG] mihomo isolate | branch={839} | size=1 | parse=0 | names=[免费节点10] 🇺🇸 US 719 → tg@nicevpn123 | err=-
[DEBUG] mihomo drop | branch={839} | size=1 | parse=0 | names=[免费节点10] 🇺🇸 US 719 → tg@nicevpn123 | err=-
[DROP] name=[免费节点10] 🇺🇸 US 719 → tg@nicevpn123 {839} | server=38.86.135.225:8090 | reason=mihomo start failed
[TEST] {861} tested=1/1 | kept=0 | rest=0
[DEBUG] mihomo isolate | branch={861} | size=1 | parse=0 | names=[免费节点10] 🇺🇸 US 701 → tg@nicevpn123 | err=-
[DEBUG] mihomo drop | branch={861} | size=1 | parse=0 | names=[免费节点10] 🇺🇸 US 701 → tg@nicevpn123 | err=-
[DROP] name=[免费节点10] 🇺🇸 US 701 → tg@nicevpn123 {861} | server=104.19.49.3:443 | reason=mihomo start failed
[TEST] {862} tested=1/1 | kept=0 | rest=0
[DEBUG] mihomo isolate | branch={862} | size=1 | parse=0 | names=[Pawdroid-SS-APK] United+Kingdom | err=-
[DEBUG] mihomo drop | branch={862} | size=1 | parse=0 | names=[Pawdroid-SS-APK] United+Kingdom | err=-
[DROP] name=[Pawdroid-SS-APK] United+Kingdom {862} | server=149.102.132.180:80 | reason=mihomo start failed
[TEST] {857} tested=1/1 | kept=0 | rest=0
[DEBUG] mihomo isolate | branch={857} | size=1 | parse=0 | names=[免费节点10] 🇺🇸 US 699 → tg@nicevpn123 | err=-
[DEBUG] mihomo drop | branch={857} | size=1 | parse=0 | names=[免费节点10] 🇺🇸 US 699 → tg@nicevpn123 | err=-
[DROP] name=[免费节点10] 🇺🇸 US 699 → tg@nicevpn123 {857} | server=13.213.18.109:443 | reason=mihomo start failed
[TEST] {858} tested=1/1 | kept=0 | rest=0
[DEBUG] mihomo isolate | branch={858} | size=1 | parse=0 | names=[免费节点10] 🇺🇸 US 7 → tg@nicevpn123 | err=-
[DEBUG] mihomo drop | branch={858} | size=1 | parse=0 | names=[免费节点10] 🇺🇸 US 7 → tg@nicevpn123 | err=-
[DROP] name=[免费节点10] 🇺🇸 US 7 → tg@nicevpn123 {858} | server=9azvt-g05.jp05-6786-vm0.entry.fr0307a.art:46486 | reason=mihomo start failed
[TEST] {864} tested=1/1 | kept=0 | rest=0
[DEBUG] mihomo isolate | branch={864} | size=1 | parse=0 | names=[Pawdroid-SS-APK] United+States-10 | err=-
[DEBUG] mihomo drop | branch={864} | size=1 | parse=0 | names=[Pawdroid-SS-APK] United+States-10 | err=-
[DROP] name=[Pawdroid-SS-APK] United+States-10 {864} | server=154.53.63.33:443 | reason=mihomo start failed
[DEBUG] mihomo start-fail | branch={866} | size=1 | parse=1 | rc=1 | names=[Pawdroid-SS-APK] United+Kingdom-4 | err=rc=1 Mihomo exited before controller became ready time="2026-09-28T14:15:38.309117519Z" level=info msg="Start initial configuration in progress" time="2026-09-28T14:15:38.309197900Z" level=fatal msg="Parse config error: proxy 0: ss 82.38...
[DEBUG] mihomo isolate | branch={866} | size=1 | parse=1 | names=[Pawdroid-SS-APK] United+Kingdom-4 | err=Mihomo exited before controller became ready time="2026-09-28T14:15:38.309117519Z" level=info msg="Start initial configuration in progress" time="2026-09-28T14:15:38.309197900Z" level=fatal msg="Parse config error: proxy 0: ss 82.38.31.1...
[REPAIR] name=[Pawdroid-SS-APK] United+Kingdom-4 {866} | fields=cipher
[TEST] {361} tested=5/5 | kept=0 | rest=0
[DEBUG] mihomo split-small | branch={361} | size=5 | parse=0 | names=[免费节点10] 🇺🇸 US 739 → tg@nicevpn123,[免费节点10] 🇺🇸 US 74 → tg@nicevpn123,[免费节点10] 🇺🇸 US 740 → tg@nicevpn123...+2 | err=-
[WARN] batch start failed | size=5 {361} | split=1 {1366} + 1 {1367} + 1 {1368} + 1 {1369} + 1 {1370}
[TEST] {868} tested=1/1 | kept=0 | rest=0
[DEBUG] mihomo isolate | branch={868} | size=1 | parse=0 | names=[免费节点10] 🇺🇸 US 749 → tg@nicevpn123 | err=-
[DEBUG] mihomo drop | branch={868} | size=1 | parse=0 | names=[免费节点10] 🇺🇸 US 749 → tg@nicevpn123 | err=-
[DROP] name=[免费节点10] 🇺🇸 US 749 → tg@nicevpn123 {868} | server=104.21.237.160:80 | reason=mihomo start failed
[TEST] {870} tested=1/1 | kept=0 | rest=0
[DEBUG] mihomo isolate | branch={870} | size=1 | parse=0 | names=[免费节点10] 🇺🇸 US 751 → tg@nicevpn123 | err=-
[DEBUG] mihomo drop | branch={870} | size=1 | parse=0 | names=[免费节点10] 🇺🇸 US 751 → tg@nicevpn123 | err=-
[DROP] name=[免费节点10] 🇺🇸 US 751 → tg@nicevpn123 {870} | server=104.16.39.31:2082 | reason=mihomo start failed
[TEST] {860} tested=1/1 | kept=0 | rest=0
[DEBUG] mihomo isolate | branch={860} | size=1 | parse=0 | names=[免费节点10] 🇺🇸 US 700 → tg@nicevpn123 | err=-
[DEBUG] mihomo drop | branch={860} | size=1 | parse=0 | names=[免费节点10] 🇺🇸 US 700 → tg@nicevpn123 | err=-
[DROP] name=[免费节点10] 🇺🇸 US 700 → tg@nicevpn123 {860} | server=141.193.68.81:443 | reason=mihomo start failed
[TEST] {871} tested=1/1 | kept=0 | rest=0
[DEBUG] mihomo isolate | branch={871} | size=1 | parse=0 | names=[免费节点10] 🇺🇸 US 752 → tg@nicevpn123 | err=-
[DEBUG] mihomo drop | branch={871} | size=1 | parse=0 | names=[免费节点10] 🇺🇸 US 752 → tg@nicevpn123 | err=-
[DROP] name=[免费节点10] 🇺🇸 US 752 → tg@nicevpn123 {871} | server=104.21.4.221:443 | reason=mihomo start failed
[TEST] {872} tested=1/1 | kept=0 | rest=0
[DEBUG] mihomo isolate | branch={872} | size=1 | parse=0 | names=[免费节点10] 🇺🇸 US 730 → tg@nicevpn123 | err=-
[DEBUG] mihomo drop | branch={872} | size=1 | parse=0 | names=[免费节点10] 🇺🇸 US 730 → tg@nicevpn123 | err=-
[DROP] name=[免费节点10] 🇺🇸 US 730 → tg@nicevpn123 {872} | server=104.16.43.246:2082 | reason=mihomo start failed
[TEST] {873} tested=1/1 | kept=0 | rest=0
[DEBUG] mihomo isolate | branch={873} | size=1 | parse=0 | names=[免费节点10] 🇺🇸 US 733 → tg@nicevpn123 | err=-
[DEBUG] mihomo drop | branch={873} | size=1 | parse=0 | names=[免费节点10] 🇺🇸 US 733 → tg@nicevpn123 | err=-
[DROP] name=[免费节点10] 🇺🇸 US 733 → tg@nicevpn123 {873} | server=104.19.42.154:2082 | reason=mihomo start failed
[TEST] {875} tested=1/1 | kept=0 | rest=0
[DEBUG] mihomo isolate | branch={875} | size=1 | parse=0 | names=[免费节点10] 🇺🇸 US 737 → tg@nicevpn123 | err=-
[DEBUG] mihomo drop | branch={875} | size=1 | parse=0 | names=[免费节点10] 🇺🇸 US 737 → tg@nicevpn123 | err=-
[DROP] name=[免费节点10] 🇺🇸 US 737 → tg@nicevpn123 {875} | server=uk-full.privateip.net:443 | reason=mihomo start failed
[TEST] {874} tested=1/1 | kept=0 | rest=0
[DEBUG] mihomo isolate | branch={874} | size=1 | parse=0 | names=[免费节点10] 🇺🇸 US 735 → tg@nicevpn123 | err=-
[DEBUG] mihomo drop | branch={874} | size=1 | parse=0 | names=[免费节点10] 🇺🇸 US 735 → tg@nicevpn123 | err=-
[DROP] name=[免费节点10] 🇺🇸 US 735 → tg@nicevpn123 {874} | server=104.19.45.79:2095 | reason=mihomo start failed
[TEST] {863} tested=1/1 | kept=1 | rest=0
[TEST] {878} tested=1/1 | kept=0 | rest=0
[DEBUG] mihomo isolate | branch={878} | size=1 | parse=0 | names=[Pawdroid-SS-APK] Germany-2 | err=-
[DEBUG] mihomo drop | branch={878} | size=1 | parse=0 | names=[Pawdroid-SS-APK] Germany-2 | err=-
[DROP] name=[Pawdroid-SS-APK] Germany-2 {878} | server=62.146.171.57:443 | reason=mihomo start failed
[TEST] {876} tested=1/1 | kept=0 | rest=0
[DEBUG] mihomo isolate | branch={876} | size=1 | parse=0 | names=[Pawdroid-SS-APK] Singapore-5 | err=-
[DEBUG] mihomo drop | branch={876} | size=1 | parse=0 | names=[Pawdroid-SS-APK] Singapore-5 | err=-
[DROP] name=[Pawdroid-SS-APK] Singapore-5 {876} | server=194.233.94.119:443 | reason=mihomo start failed
[TEST] {877} tested=1/1 | kept=0 | rest=0
[DEBUG] mihomo isolate | branch={877} | size=1 | parse=0 | names=[Pawdroid-SS-APK] United+States-9 | err=-
[DEBUG] mihomo drop | branch={877} | size=1 | parse=0 | names=[Pawdroid-SS-APK] United+States-9 | err=-
[DROP] name=[Pawdroid-SS-APK] United+States-9 {877} | server=154.12.242.150:80 | reason=mihomo start failed
[TEST] {882} tested=1/1 | kept=0 | rest=0
[DEBUG] mihomo isolate | branch={882} | size=1 | parse=0 | names=[免费节点10] 🇺🇸 US 824 → tg@nicevpn123 | err=-
[DEBUG] mihomo drop | branch={882} | size=1 | parse=0 | names=[免费节点10] 🇺🇸 US 824 → tg@nicevpn123 | err=-
[DROP] name=[免费节点10] 🇺🇸 US 824 → tg@nicevpn123 {882} | server=104.19.45.140:2095 | reason=mihomo start failed
[TEST] {880} tested=1/1 | kept=0 | rest=0
[DEBUG] mihomo isolate | branch={880} | size=1 | parse=0 | names=[免费节点10] 🇺🇸 US 82 → tg@nicevpn123 | err=-
[DEBUG] mihomo drop | branch={880} | size=1 | parse=0 | names=[免费节点10] 🇺🇸 US 82 → tg@nicevpn123 | err=-
[DROP] name=[免费节点10] 🇺🇸 US 82 → tg@nicevpn123 {880} | server=www.digitalocean.com:80 | reason=mihomo start failed
[TEST] {884} tested=1/1 | kept=0 | rest=0
[DEBUG] mihomo isolate | branch={884} | size=1 | parse=0 | names=[免费节点10] 🇺🇸 US 826 → tg@nicevpn123 | err=-
[DEBUG] mihomo drop | branch={884} | size=1 | parse=0 | names=[免费节点10] 🇺🇸 US 826 → tg@nicevpn123 | err=-
[DROP] name=[免费节点10] 🇺🇸 US 826 → tg@nicevpn123 {884} | server=152.67.217.187:443 | reason=mihomo start failed
[TEST] {881} tested=1/1 | kept=0 | rest=0
[DEBUG] mihomo isolate | branch={881} | size=1 | parse=0 | names=[免费节点10] 🇺🇸 US 822 → tg@nicevpn123 | err=-
[DEBUG] mihomo drop | branch={881} | size=1 | parse=0 | names=[免费节点10] 🇺🇸 US 822 → tg@nicevpn123 | err=-
[DROP] name=[免费节点10] 🇺🇸 US 822 → tg@nicevpn123 {881} | server=165.227.65.40:8881 | reason=mihomo start failed
[TEST] {883} tested=1/1 | kept=0 | rest=0
[DEBUG] mihomo isolate | branch={883} | size=1 | parse=0 | names=[免费节点10] 🇺🇸 US 825 → tg@nicevpn123 | err=-
[DEBUG] mihomo drop | branch={883} | size=1 | parse=0 | names=[免费节点10] 🇺🇸 US 825 → tg@nicevpn123 | err=-
[DROP] name=[免费节点10] 🇺🇸 US 825 → tg@nicevpn123 {883} | server=99.84.50.159:443 | reason=mihomo start failed
[TEST] {885} tested=1/1 | kept=0 | rest=0
[DEBUG] mihomo isolate | branch={885} | size=1 | parse=0 | names=[免费节点10] 🇺🇸 US 815 → tg@nicevpn123 | err=-
[DEBUG] mihomo drop | branch={885} | size=1 | parse=0 | names=[免费节点10] 🇺🇸 US 815 → tg@nicevpn123 | err=-
[DROP] name=[免费节点10] 🇺🇸 US 815 → tg@nicevpn123 {885} | server=104.16.68.38:2096 | reason=mihomo start failed
[TEST] {886} tested=1/1 | kept=0 | rest=0
[DEBUG] mihomo isolate | branch={886} | size=1 | parse=0 | names=[免费节点10] 🇺🇸 US 816 → tg@nicevpn123 | err=-
[DEBUG] mihomo drop | branch={886} | size=1 | parse=0 | names=[免费节点10] 🇺🇸 US 816 → tg@nicevpn123 | err=-
[DROP] name=[免费节点10] 🇺🇸 US 816 → tg@nicevpn123 {886} | server=104.21.225.22:80 | reason=mihomo start failed
[TEST] {865} tested=1/1 | kept=1 | rest=0
[TEST] {887} tested=1/1 | kept=0 | rest=0
[DEBUG] mihomo isolate | branch={887} | size=1 | parse=0 | names=[免费节点10] 🇺🇸 US 817 → tg@nicevpn123 | err=-
[DEBUG] mihomo drop | branch={887} | size=1 | parse=0 | names=[免费节点10] 🇺🇸 US 817 → tg@nicevpn123 | err=-
[DROP] name=[免费节点10] 🇺🇸 US 817 → tg@nicevpn123 {887} | server=104.19.43.240:80 | reason=mihomo start failed
[TEST] {889} tested=1/1 | kept=0 | rest=0
[DEBUG] mihomo isolate | branch={889} | size=1 | parse=0 | names=[免费节点10] 🇺🇸 US 844 → tg@nicevpn123 | err=-
[DEBUG] mihomo drop | branch={889} | size=1 | parse=0 | names=[免费节点10] 🇺🇸 US 844 → tg@nicevpn123 | err=-
[DROP] name=[免费节点10] 🇺🇸 US 844 → tg@nicevpn123 {889} | server=ip.sb:2086 | reason=mihomo start failed
[TEST] {890} tested=1/1 | kept=0 | rest=0
[DEBUG] mihomo isolate | branch={890} | size=1 | parse=0 | names=[免费节点10] 🇺🇸 US 845 → tg@nicevpn123 | err=-
[DEBUG] mihomo drop | branch={890} | size=1 | parse=0 | names=[免费节点10] 🇺🇸 US 845 → tg@nicevpn123 | err=-
[DROP] name=[免费节点10] 🇺🇸 US 845 → tg@nicevpn123 {890} | server=104.16.42.68:2082 | reason=mihomo start failed
[TEST] {866} tested=1/1 | kept=1 | rest=0
[TEST] {869} tested=1/1 | kept=0 | rest=0
[DEBUG] mihomo isolate | branch={869} | size=1 | parse=0 | names=[免费节点10] 🇺🇸 US 750 → tg@nicevpn123 | err=-
[DEBUG] mihomo drop | branch={869} | size=1 | parse=0 | names=[免费节点10] 🇺🇸 US 750 → tg@nicevpn123 | err=-
[DROP] name=[免费节点10] 🇺🇸 US 750 → tg@nicevpn123 {869} | server=38.110.1.241:9102 | reason=mihomo start failed
[TEST] {892} tested=1/1 | kept=0 | rest=0
[DEBUG] mihomo isolate | branch={892} | size=1 | parse=0 | names=[免费节点10] 🇺🇸 US 847 → tg@nicevpn123 | err=-
[DEBUG] mihomo drop | branch={892} | size=1 | parse=0 | names=[免费节点10] 🇺🇸 US 847 → tg@nicevpn123 | err=-
[DROP] name=[免费节点10] 🇺🇸 US 847 → tg@nicevpn123 {892} | server=104.16.43.226:2082 | reason=mihomo start failed
[TEST] {893} tested=1/1 | kept=0 | rest=0
[DEBUG] mihomo isolate | branch={893} | size=1 | parse=0 | names=[免费节点10] 🇺🇸 US 848 → tg@nicevpn123 | err=-
[DEBUG] mihomo drop | branch={893} | size=1 | parse=0 | names=[免费节点10] 🇺🇸 US 848 → tg@nicevpn123 | err=-
[DROP] name=[免费节点10] 🇺🇸 US 848 → tg@nicevpn123 {893} | server=172.67.229.39:2086 | reason=mihomo start failed
[TEST] {879} tested=1/1 | kept=0 | rest=0
[DEBUG] mihomo isolate | branch={879} | size=1 | parse=0 | names=[Pawdroid-SS-APK] Poland-6 | err=-
[DEBUG] mihomo drop | branch={879} | size=1 | parse=0 | names=[Pawdroid-SS-APK] Poland-6 | err=-
[DROP] name=[Pawdroid-SS-APK] Poland-6 {879} | server=94.72.127.58:443 | reason=mihomo start failed
[TEST] {896} tested=1/1 | kept=0 | rest=0
[DEBUG] mihomo isolate | branch={896} | size=1 | parse=0 | names=[免费节点10] 🇺🇸 US 841 → tg@nicevpn123 | err=-
[DEBUG] mihomo drop | branch={896} | size=1 | parse=0 | names=[免费节点10] 🇺🇸 US 841 → tg@nicevpn123 | err=-
[DROP] name=[免费节点10] 🇺🇸 US 841 → tg@nicevpn123 {896} | server=172.67.229.36:2086 | reason=mihomo start failed
[TEST] {897} tested=1/1 | kept=0 | rest=0
[DEBUG] mihomo isolate | branch={897} | size=1 | parse=0 | names=[免费节点10] 🇺🇸 US 843 → tg@nicevpn123 | err=-
[DEBUG] mihomo drop | branch={897} | size=1 | parse=0 | names=[免费节点10] 🇺🇸 US 843 → tg@nicevpn123 | err=-
[DROP] name=[免费节点10] 🇺🇸 US 843 → tg@nicevpn123 {897} | server=104.16.40.120:2082 | reason=mihomo start failed
[TEST] {895} tested=1/1 | kept=0 | rest=0
[DEBUG] mihomo isolate | branch={895} | size=1 | parse=0 | names=[免费节点10] 🇺🇸 US 840 → tg@nicevpn123 | err=-
[DEBUG] mihomo drop | branch={895} | size=1 | parse=0 | names=[免费节点10] 🇺🇸 US 840 → tg@nicevpn123 | err=-
[DROP] name=[免费节点10] 🇺🇸 US 840 → tg@nicevpn123 {895} | server=104.19.45.9:2095 | reason=mihomo start failed
[TEST] {899} tested=1/1 | kept=0 | rest=0
[DEBUG] mihomo isolate | branch={899} | size=1 | parse=0 | names=[免费节点10] 🇺🇸 US 834 → tg@nicevpn123 | err=-
[DEBUG] mihomo drop | branch={899} | size=1 | parse=0 | names=[免费节点10] 🇺🇸 US 834 → tg@nicevpn123 | err=-
[DROP] name=[免费节点10] 🇺🇸 US 834 → tg@nicevpn123 {899} | server=104.19.49.33:443 | reason=mihomo start failed
[TEST] {898} tested=1/1 | kept=0 | rest=0
[DEBUG] mihomo isolate | branch={898} | size=1 | parse=0 | names=[免费节点10] 🇺🇸 US 832 → tg@nicevpn123 | err=-
[DEBUG] mihomo drop | branch={898} | size=1 | parse=0 | names=[免费节点10] 🇺🇸 US 832 → tg@nicevpn123 | err=-
[DROP] name=[免费节点10] 🇺🇸 US 832 → tg@nicevpn123 {898} | server=104.19.45.238:2082 | reason=mihomo start failed
[TEST] {888} tested=1/1 | kept=0 | rest=0
[DEBUG] mihomo isolate | branch={888} | size=1 | parse=0 | names=[免费节点10] 🇺🇸 US 818 → tg@nicevpn123 | err=-
[DEBUG] mihomo drop | branch={888} | size=1 | parse=0 | names=[免费节点10] 🇺🇸 US 818 → tg@nicevpn123 | err=-
[DROP] name=[免费节点10] 🇺🇸 US 818 → tg@nicevpn123 {888} | server=876.outline-vpn.cloud:443 | reason=mihomo start failed
[TEST] {902} tested=1/1 | kept=0 | rest=0
[DEBUG] mihomo isolate | branch={902} | size=1 | parse=0 | names=[免费节点10] 🇺🇸 US 837 → tg@nicevpn123 | err=-
[DEBUG] mihomo drop | branch={902} | size=1 | parse=0 | names=[免费节点10] 🇺🇸 US 837 → tg@nicevpn123 | err=-
[DROP] name=[免费节点10] 🇺🇸 US 837 → tg@nicevpn123 {902} | server=104.21.235.58:80 | reason=mihomo start failed
[TEST] {900} tested=1/1 | kept=0 | rest=0
[DEBUG] mihomo isolate | branch={900} | size=1 | parse=0 | names=[免费节点10] 🇺🇸 US 835 → tg@nicevpn123 | err=-
[DEBUG] mihomo drop | branch={900} | size=1 | parse=0 | names=[免费节点10] 🇺🇸 US 835 → tg@nicevpn123 | err=-
[DROP] name=[免费节点10] 🇺🇸 US 835 → tg@nicevpn123 {900} | server=104.16.42.6:2082 | reason=mihomo start failed
[TEST] {904} tested=1/1 | kept=0 | rest=0
[DEBUG] mihomo isolate | branch={904} | size=1 | parse=0 | names=[免费节点10] 🇺🇸 US 828 → tg@nicevpn123 | err=-
[DEBUG] mihomo drop | branch={904} | size=1 | parse=0 | names=[免费节点10] 🇺🇸 US 828 → tg@nicevpn123 | err=-
[DROP] name=[免费节点10] 🇺🇸 US 828 → tg@nicevpn123 {904} | server=104.21.225.223:80 | reason=mihomo start failed
[TEST] {905} tested=1/1 | kept=0 | rest=0
[DEBUG] mihomo isolate | branch={905} | size=1 | parse=0 | names=[免费节点10] 🇺🇸 US 829 → tg@nicevpn123 | err=-
[DEBUG] mihomo drop | branch={905} | size=1 | parse=0 | names=[免费节点10] 🇺🇸 US 829 → tg@nicevpn123 | err=-
[DROP] name=[免费节点10] 🇺🇸 US 829 → tg@nicevpn123 {905} | server=104.19.49.192:443 | reason=mihomo start failed
[TEST] {891} tested=1/1 | kept=0 | rest=0
[DEBUG] mihomo isolate | branch={891} | size=1 | parse=0 | names=[免费节点10] 🇺🇸 US 846 → tg@nicevpn123 | err=-
[DEBUG] mihomo drop | branch={891} | size=1 | parse=0 | names=[免费节点10] 🇺🇸 US 846 → tg@nicevpn123 | err=-
[DROP] name=[免费节点10] 🇺🇸 US 846 → tg@nicevpn123 {891} | server=185.77.217.121:443 | reason=mihomo start failed
[TEST] {906} tested=1/1 | kept=0 | rest=0
[DEBUG] mihomo isolate | branch={906} | size=1 | parse=0 | names=[免费节点10] 🇺🇸 US 831 → tg@nicevpn123 | err=-
[DEBUG] mihomo drop | branch={906} | size=1 | parse=0 | names=[免费节点10] 🇺🇸 US 831 → tg@nicevpn123 | err=-
[DROP] name=[免费节点10] 🇺🇸 US 831 → tg@nicevpn123 {906} | server=104.16.40.116:2082 | reason=mihomo start failed
[TEST] {908} tested=1/1 | kept=0 | rest=0
[DEBUG] mihomo isolate | branch={908} | size=1 | parse=0 | names=[Pawdroid-SS-APK] United+States-2 | err=-
[DEBUG] mihomo drop | branch={908} | size=1 | parse=0 | names=[Pawdroid-SS-APK] United+States-2 | err=-
[DROP] name=[Pawdroid-SS-APK] United+States-2 {908} | server=154.12.240.141:443 | reason=mihomo start failed
[TEST] {907} tested=1/1 | kept=0 | rest=0
[DEBUG] mihomo isolate | branch={907} | size=1 | parse=0 | names=[Pawdroid-SS-APK] Singapore-3 | err=-
[DEBUG] mihomo drop | branch={907} | size=1 | parse=0 | names=[Pawdroid-SS-APK] Singapore-3 | err=-
[DROP] name=[Pawdroid-SS-APK] Singapore-3 {907} | server=139.180.133.90:443 | reason=mihomo start failed
[TEST] {909} tested=1/1 | kept=0 | rest=0
[DEBUG] mihomo isolate | branch={909} | size=1 | parse=0 | names=[Pawdroid-SS-APK] Poland-3 | err=-
[DEBUG] mihomo drop | branch={909} | size=1 | parse=0 | names=[Pawdroid-SS-APK] Poland-3 | err=-
[DROP] name=[Pawdroid-SS-APK] Poland-3 {909} | server=94.72.127.55:443 | reason=mihomo start failed
[TEST] {894} tested=1/1 | kept=0 | rest=0
[DEBUG] mihomo isolate | branch={894} | size=1 | parse=0 | names=[免费节点10] 🇺🇸 US 839 → tg@nicevpn123 | err=-
[DEBUG] mihomo drop | branch={894} | size=1 | parse=0 | names=[免费节点10] 🇺🇸 US 839 → tg@nicevpn123 | err=-
[DROP] name=[免费节点10] 🇺🇸 US 839 → tg@nicevpn123 {894} | server=38.68.135.138:5004 | reason=mihomo start failed
[TEST] {910} tested=1/1 | kept=0 | rest=0
[DEBUG] mihomo isolate | branch={910} | size=1 | parse=0 | names=[Pawdroid-SS-APK] United+States-3 | err=-
[DEBUG] mihomo drop | branch={910} | size=1 | parse=0 | names=[Pawdroid-SS-APK] United+States-3 | err=-
[DROP] name=[Pawdroid-SS-APK] United+States-3 {910} | server=154.12.240.141:80 | reason=mihomo start failed
[TEST] {911} tested=1/1 | kept=0 | rest=0
[DEBUG] mihomo isolate | branch={911} | size=1 | parse=0 | names=[Pawdroid-SS-APK] United+States-4 | err=-
[DEBUG] mihomo drop | branch={911} | size=1 | parse=0 | names=[Pawdroid-SS-APK] United+States-4 | err=-
[DROP] name=[Pawdroid-SS-APK] United+States-4 {911} | server=154.53.60.212:80 | reason=mihomo start failed
[TEST] {912} tested=1/1 | kept=0 | rest=0
[DEBUG] mihomo isolate | branch={912} | size=1 | parse=0 | names=[Pawdroid-SS-APK] Poland-4 | err=-
[DEBUG] mihomo drop | branch={912} | size=1 | parse=0 | names=[Pawdroid-SS-APK] Poland-4 | err=-
[DROP] name=[Pawdroid-SS-APK] Poland-4 {912} | server=94.72.127.55:80 | reason=mihomo start failed
[TEST] {914} tested=1/1 | kept=0 | rest=0
[DEBUG] mihomo isolate | branch={914} | size=1 | parse=0 | names=[Pawdroid-SS-APK] 🇸🇬SG_20|258KB/s 01 | err=-
[DEBUG] mihomo drop | branch={914} | size=1 | parse=0 | names=[Pawdroid-SS-APK] 🇸🇬SG_20|258KB/s 01 | err=-
[DROP] name=[Pawdroid-SS-APK] 🇸🇬SG_20|258KB/s 01 {914} | server=167.150.100.115:27755 | reason=mihomo start failed
[TEST] {913} tested=1/1 | kept=0 | rest=0
[DEBUG] mihomo isolate | branch={913} | size=1 | parse=0 | names=[Pawdroid-SS-APK] United+States-5 | err=-
[DEBUG] mihomo drop | branch={913} | size=1 | parse=0 | names=[Pawdroid-SS-APK] United+States-5 | err=-
[DROP] name=[Pawdroid-SS-APK] United+States-5 {913} | server=154.53.60.212:443 | reason=mihomo start failed
[TEST] {901} tested=1/1 | kept=0 | rest=0
[DEBUG] mihomo isolate | branch={901} | size=1 | parse=0 | names=[免费节点10] 🇺🇸 US 836 → tg@nicevpn123 | err=-
[DEBUG] mihomo drop | branch={901} | size=1 | parse=0 | names=[免费节点10] 🇺🇸 US 836 → tg@nicevpn123 | err=-
[DROP] name=[免费节点10] 🇺🇸 US 836 → tg@nicevpn123 {901} | server=104.20.156.248:2087 | reason=mihomo start failed
[TEST] {903} tested=1/1 | kept=0 | rest=0
[DEBUG] mihomo isolate | branch={903} | size=1 | parse=0 | names=[免费节点10] 🇺🇸 US 827 → tg@nicevpn123 | err=-
[DEBUG] mihomo drop | branch={903} | size=1 | parse=0 | names=[免费节点10] 🇺🇸 US 827 → tg@nicevpn123 | err=-
[DROP] name=[免费节点10] 🇺🇸 US 827 → tg@nicevpn123 {903} | server=w.outline-vpn.cloud:2086 | reason=mihomo start failed
[TEST] {919} tested=1/1 | kept=0 | rest=0
[DEBUG] mihomo isolate | branch={919} | size=1 | parse=0 | names=[免费节点10] 🇺🇸 US 781 → tg@nicevpn123 | err=-
[DEBUG] mihomo drop | branch={919} | size=1 | parse=0 | names=[免费节点10] 🇺🇸 US 781 → tg@nicevpn123 | err=-
[DROP] name=[免费节点10] 🇺🇸 US 781 → tg@nicevpn123 {919} | server=104.19.45.121:2095 | reason=mihomo start failed
[TEST] {918} tested=1/1 | kept=0 | rest=0
[DEBUG] mihomo isolate | branch={918} | size=1 | parse=0 | names=[免费节点10] 🇺🇸 US 78 → tg@nicevpn123 | err=-
[DEBUG] mihomo drop | branch={918} | size=1 | parse=0 | names=[免费节点10] 🇺🇸 US 78 → tg@nicevpn123 | err=-
[DROP] name=[免费节点10] 🇺🇸 US 78 → tg@nicevpn123 {918} | server=w3.org:443 | reason=mihomo start failed
[TEST] {921} tested=1/1 | kept=0 | rest=0
[DEBUG] mihomo isolate | branch={921} | size=1 | parse=0 | names=[免费节点10] 🇺🇸 US 783 → tg@nicevpn123 | err=-
[DEBUG] mihomo drop | branch={921} | size=1 | parse=0 | names=[免费节点10] 🇺🇸 US 783 → tg@nicevpn123 | err=-
[DROP] name=[免费节点10] 🇺🇸 US 783 → tg@nicevpn123 {921} | server=104.19.45.149:2095 | reason=mihomo start failed
[TEST] {920} tested=1/1 | kept=0 | rest=0
[DEBUG] mihomo isolate | branch={920} | size=1 | parse=0 | names=[免费节点10] 🇺🇸 US 782 → tg@nicevpn123 | err=-
[DEBUG] mihomo drop | branch={920} | size=1 | parse=0 | names=[免费节点10] 🇺🇸 US 782 → tg@nicevpn123 | err=-
[DROP] name=[免费节点10] 🇺🇸 US 782 → tg@nicevpn123 {920} | server=104.16.192.135:443 | reason=mihomo start failed
[TEST] {922} tested=1/1 | kept=0 | rest=0
[DEBUG] mihomo isolate | branch={922} | size=1 | parse=0 | names=[免费节点10] 🇺🇸 US 784 → tg@nicevpn123 | err=-
[DEBUG] mihomo drop | branch={922} | size=1 | parse=0 | names=[免费节点10] 🇺🇸 US 784 → tg@nicevpn123 | err=-
[DROP] name=[免费节点10] 🇺🇸 US 784 → tg@nicevpn123 {922} | server=104.16.77.52:443 | reason=mihomo start failed
[TEST] {915} tested=1/1 | kept=0 | rest=0
[DEBUG] mihomo isolate | branch={915} | size=1 | parse=0 | names=[Pawdroid-SS-APK] Japan | err=-
[DEBUG] mihomo drop | branch={915} | size=1 | parse=0 | names=[Pawdroid-SS-APK] Japan | err=-
[DROP] name=[Pawdroid-SS-APK] Japan {915} | server=176.97.73.215:8388 | reason=mihomo start failed
[TEST] {916} tested=1/1 | kept=0 | rest=0
[DEBUG] mihomo isolate | branch={916} | size=1 | parse=0 | names=[免费节点10] 🇺🇸 US 778 → tg@nicevpn123 | err=-
[DEBUG] mihomo drop | branch={916} | size=1 | parse=0 | names=[免费节点10] 🇺🇸 US 778 → tg@nicevpn123 | err=-
[DROP] name=[免费节点10] 🇺🇸 US 778 → tg@nicevpn123 {916} | server=us2.laobideng.xyz:8080 | reason=mihomo start failed
[TEST] {926} tested=1/1 | kept=0 | rest=0
[DEBUG] mihomo isolate | branch={926} | size=1 | parse=0 | names=[免费节点10] 🇺🇸 US 801 → tg@nicevpn123 | err=-
[DEBUG] mihomo drop | branch={926} | size=1 | parse=0 | names=[免费节点10] 🇺🇸 US 801 → tg@nicevpn123 | err=-
[DROP] name=[免费节点10] 🇺🇸 US 801 → tg@nicevpn123 {926} | server=104.16.42.197:2082 | reason=mihomo start failed
[TEST] {925} tested=1/1 | kept=0 | rest=0
[DEBUG] mihomo isolate | branch={925} | size=1 | parse=0 | names=[免费节点10] 🇺🇸 US 800 → tg@nicevpn123 | err=-
[DEBUG] mihomo drop | branch={925} | size=1 | parse=0 | names=[免费节点10] 🇺🇸 US 800 → tg@nicevpn123 | err=-
[DROP] name=[免费节点10] 🇺🇸 US 800 → tg@nicevpn123 {925} | server=104.19.171.7:443 | reason=mihomo start failed
[TEST] {917} tested=1/1 | kept=0 | rest=0
[DEBUG] mihomo isolate | branch={917} | size=1 | parse=0 | names=[免费节点10] 🇺🇸 US 779 → tg@nicevpn123 | err=-
[DEBUG] mihomo drop | branch={917} | size=1 | parse=0 | names=[免费节点10] 🇺🇸 US 779 → tg@nicevpn123 | err=-
[DROP] name=[免费节点10] 🇺🇸 US 779 → tg@nicevpn123 {917} | server=38.114.114.208:8080 | reason=mihomo start failed
[TEST] {923} tested=1/1 | kept=0 | rest=0
[DEBUG] mihomo isolate | branch={923} | size=1 | parse=0 | names=[免费节点10] 🇺🇸 US 785 → tg@nicevpn123 | err=-
[DEBUG] mihomo drop | branch={923} | size=1 | parse=0 | names=[免费节点10] 🇺🇸 US 785 → tg@nicevpn123 | err=-
[DROP] name=[免费节点10] 🇺🇸 US 785 → tg@nicevpn123 {923} | server=18.237.116.67:443 | reason=mihomo start failed
[TEST] {929} tested=1/1 | kept=0 | rest=0
[DEBUG] mihomo isolate | branch={929} | size=1 | parse=0 | names=[免费节点10] 🇺🇸 US 805 → tg@nicevpn123 | err=-
[DEBUG] mihomo drop | branch={929} | size=1 | parse=0 | names=[免费节点10] 🇺🇸 US 805 → tg@nicevpn123 | err=-
[DROP] name=[免费节点10] 🇺🇸 US 805 → tg@nicevpn123 {929} | server=104.16.39.239:2082 | reason=mihomo start failed
[TEST] {930} tested=1/1 | kept=0 | rest=0
[DEBUG] mihomo isolate | branch={930} | size=1 | parse=0 | names=[免费节点10] 🇺🇸 US 798 → tg@nicevpn123 | err=-
[DEBUG] mihomo drop | branch={930} | size=1 | parse=0 | names=[免费节点10] 🇺🇸 US 798 → tg@nicevpn123 | err=-
[DROP] name=[免费节点10] 🇺🇸 US 798 → tg@nicevpn123 {930} | server=104.16.192.146:443 | reason=mihomo start failed
[TEST] {931} tested=1/1 | kept=0 | rest=0
[DEBUG] mihomo isolate | branch={931} | size=1 | parse=0 | names=[免费节点10] 🇺🇸 US 799 → tg@nicevpn123 | err=-
[DEBUG] mihomo drop | branch={931} | size=1 | parse=0 | names=[免费节点10] 🇺🇸 US 799 → tg@nicevpn123 | err=-
[DROP] name=[免费节点10] 🇺🇸 US 799 → tg@nicevpn123 {931} | server=104.19.45.91:2095 | reason=mihomo start failed
[TEST] {924} tested=1/1 | kept=0 | rest=0
[DEBUG] mihomo isolate | branch={924} | size=1 | parse=0 | names=[免费节点10] 🇺🇸 US 786 → tg@nicevpn123 | err=-
[DEBUG] mihomo drop | branch={924} | size=1 | parse=0 | names=[免费节点10] 🇺🇸 US 786 → tg@nicevpn123 | err=-
[DROP] name=[免费节点10] 🇺🇸 US 786 → tg@nicevpn123 {924} | server=38.147.160.101:41384 | reason=mihomo start failed
[TEST] {933} tested=1/1 | kept=0 | rest=0
[DEBUG] mihomo isolate | branch={933} | size=1 | parse=0 | names=[免费节点10] 🇺🇸 US 80 → tg@nicevpn123 | err=-
[DEBUG] mihomo drop | branch={933} | size=1 | parse=0 | names=[免费节点10] 🇺🇸 US 80 → tg@nicevpn123 | err=-
[DROP] name=[免费节点10] 🇺🇸 US 80 → tg@nicevpn123 {933} | server=104.21.30.254:443 | reason=mihomo start failed
[TEST] {934} tested=1/1 | kept=0 | rest=0
[DEBUG] mihomo isolate | branch={934} | size=1 | parse=0 | names=[免费节点10] 🇺🇸 US 580 → tg@nicevpn123 | err=-
[DEBUG] mihomo drop | branch={934} | size=1 | parse=0 | names=[免费节点10] 🇺🇸 US 580 → tg@nicevpn123 | err=-
[DROP] name=[免费节点10] 🇺🇸 US 580 → tg@nicevpn123 {934} | server=104.19.45.43:2095 | reason=mihomo start failed
[TEST] {927} tested=1/1 | kept=0 | rest=0
[DEBUG] mihomo isolate | branch={927} | size=1 | parse=0 | names=[免费节点10] 🇺🇸 US 803 → tg@nicevpn123 | err=-
[DEBUG] mihomo drop | branch={927} | size=1 | parse=0 | names=[免费节点10] 🇺🇸 US 803 → tg@nicevpn123 | err=-
[DROP] name=[免费节点10] 🇺🇸 US 803 → tg@nicevpn123 {927} | server=165.227.65.158:8881 | reason=mihomo start failed
[TEST] {935} tested=1/1 | kept=0 | rest=0
[DEBUG] mihomo isolate | branch={935} | size=1 | parse=0 | names=[免费节点10] 🇺🇸 US 581 → tg@nicevpn123 | err=-
[DEBUG] mihomo drop | branch={935} | size=1 | parse=0 | names=[免费节点10] 🇺🇸 US 581 → tg@nicevpn123 | err=-
[DROP] name=[免费节点10] 🇺🇸 US 581 → tg@nicevpn123 {935} | server=104.19.45.225:2082 | reason=mihomo start failed
[TEST] {936} tested=1/1 | kept=0 | rest=0
[DEBUG] mihomo isolate | branch={936} | size=1 | parse=0 | names=[免费节点10] 🇺🇸 US 584 → tg@nicevpn123 | err=-
[DEBUG] mihomo drop | branch={936} | size=1 | parse=0 | names=[免费节点10] 🇺🇸 US 584 → tg@nicevpn123 | err=-
[DROP] name=[免费节点10] 🇺🇸 US 584 → tg@nicevpn123 {936} | server=172.67.222.164:443 | reason=mihomo start failed
[TEST] {937} tested=1/1 | kept=0 | rest=0
[DEBUG] mihomo isolate | branch={937} | size=1 | parse=0 | names=[免费节点10] 🇺🇸 US 585 → tg@nicevpn123 | err=-
[DEBUG] mihomo drop | branch={937} | size=1 | parse=0 | names=[免费节点10] 🇺🇸 US 585 → tg@nicevpn123 | err=-
[DROP] name=[免费节点10] 🇺🇸 US 585 → tg@nicevpn123 {937} | server=104.16.61.8:2096 | reason=mihomo start failed
[TEST] {938} tested=1/1 | kept=0 | rest=0
[DEBUG] mihomo isolate | branch={938} | size=1 | parse=0 | names=[免费节点10] 🇺🇸 US 586 → tg@nicevpn123 | err=-
[DEBUG] mihomo drop | branch={938} | size=1 | parse=0 | names=[免费节点10] 🇺🇸 US 586 → tg@nicevpn123 | err=-
[DROP] name=[免费节点10] 🇺🇸 US 586 → tg@nicevpn123 {938} | server=107.174.96.19:45979 | reason=mihomo start failed
[TEST] {939} tested=1/1 | kept=0 | rest=0
[DEBUG] mihomo isolate | branch={939} | size=1 | parse=0 | names=[免费节点10] 🇺🇸 US 587 → tg@nicevpn123 | err=-
[DEBUG] mihomo drop | branch={939} | size=1 | parse=0 | names=[免费节点10] 🇺🇸 US 587 → tg@nicevpn123 | err=-
[DROP] name=[免费节点10] 🇺🇸 US 587 → tg@nicevpn123 {939} | server=ns1.v2-vip.fun:2086 | reason=mihomo start failed
[TEST] {940} tested=1/1 | kept=0 | rest=0
[DEBUG] mihomo isolate | branch={940} | size=1 | parse=0 | names=[免费节点10] 🇺🇸 US 59 → tg@nicevpn123 | err=-
[DEBUG] mihomo drop | branch={940} | size=1 | parse=0 | names=[免费节点10] 🇺🇸 US 59 → tg@nicevpn123 | err=-
[DROP] name=[免费节点10] 🇺🇸 US 59 → tg@nicevpn123 {940} | server=173.245.58.199:443 | reason=mihomo start failed
[TEST] {942} tested=1/1 | kept=0 | rest=0
[DEBUG] mihomo isolate | branch={942} | size=1 | parse=0 | names=[免费节点10] 🇺🇸 US 592 → tg@nicevpn123 | err=-
[DEBUG] mihomo drop | branch={942} | size=1 | parse=0 | names=[免费节点10] 🇺🇸 US 592 → tg@nicevpn123 | err=-
[DROP] name=[免费节点10] 🇺🇸 US 592 → tg@nicevpn123 {942} | server=104.19.45.11:2095 | reason=mihomo start failed
[TEST] {941} tested=1/1 | kept=0 | rest=0
[DEBUG] mihomo isolate | branch={941} | size=1 | parse=0 | names=[免费节点10] 🇺🇸 US 590 → tg@nicevpn123 | err=-
[DEBUG] mihomo drop | branch={941} | size=1 | parse=0 | names=[免费节点10] 🇺🇸 US 590 → tg@nicevpn123 | err=-
[DROP] name=[免费节点10] 🇺🇸 US 590 → tg@nicevpn123 {941} | server=104.19.45.80:2095 | reason=mihomo start failed
[TEST] {928} tested=1/1 | kept=0 | rest=0
[DEBUG] mihomo isolate | branch={928} | size=1 | parse=0 | names=[免费节点10] 🇺🇸 US 804 → tg@nicevpn123 | err=-
[DEBUG] mihomo drop | branch={928} | size=1 | parse=0 | names=[免费节点10] 🇺🇸 US 804 → tg@nicevpn123 | err=-
[DROP] name=[免费节点10] 🇺🇸 US 804 → tg@nicevpn123 {928} | server=45.63.110.20:443 | reason=mihomo start failed
[TEST] {946} tested=1/1 | kept=0 | rest=0
[DEBUG] mihomo isolate | branch={946} | size=1 | parse=0 | names=[免费节点10] 🇺🇸 US 561 → tg@nicevpn123 | err=-
[DEBUG] mihomo drop | branch={946} | size=1 | parse=0 | names=[免费节点10] 🇺🇸 US 561 → tg@nicevpn123 | err=-
[DROP] name=[免费节点10] 🇺🇸 US 561 → tg@nicevpn123 {946} | server=104.19.45.73:2095 | reason=mihomo start failed
[TEST] {945} tested=1/1 | kept=0 | rest=0
[DEBUG] mihomo isolate | branch={945} | size=1 | parse=0 | names=[免费节点10] 🇺🇸 US 56 → tg@nicevpn123 | err=-
[DEBUG] mihomo drop | branch={945} | size=1 | parse=0 | names=[免费节点10] 🇺🇸 US 56 → tg@nicevpn123 | err=-
[DROP] name=[免费节点10] 🇺🇸 US 56 → tg@nicevpn123 {945} | server=n1709457297.aaigefm.cn:443 | reason=mihomo start failed
[TEST] {947} tested=1/1 | kept=0 | rest=0
[DEBUG] mihomo isolate | branch={947} | size=1 | parse=0 | names=[免费节点10] 🇺🇸 US 562 → tg@nicevpn123 | err=-
[DEBUG] mihomo drop | branch={947} | size=1 | parse=0 | names=[免费节点10] 🇺🇸 US 562 → tg@nicevpn123 | err=-
[DROP] name=[免费节点10] 🇺🇸 US 562 → tg@nicevpn123 {947} | server=104.19.45.84:2095 | reason=mihomo start failed
[TEST] {948} tested=1/1 | kept=0 | rest=0
[DEBUG] mihomo isolate | branch={948} | size=1 | parse=0 | names=[免费节点10] 🇺🇸 US 564 → tg@nicevpn123 | err=-
[DEBUG] mihomo drop | branch={948} | size=1 | parse=0 | names=[免费节点10] 🇺🇸 US 564 → tg@nicevpn123 | err=-
[DROP] name=[免费节点10] 🇺🇸 US 564 → tg@nicevpn123 {948} | server=104.24.136.13:2083 | reason=mihomo start failed
[TEST] {932} tested=1/1 | kept=0 | rest=0
[DEBUG] mihomo isolate | branch={932} | size=1 | parse=0 | names=[免费节点10] 🇺🇸 US 8 → tg@nicevpn123 | err=-
[DEBUG] mihomo drop | branch={932} | size=1 | parse=0 | names=[免费节点10] 🇺🇸 US 8 → tg@nicevpn123 | err=-
[DROP] name=[免费节点10] 🇺🇸 US 8 → tg@nicevpn123 {932} | server=18.246.240.239:443 | reason=mihomo start failed
[TEST] {951} tested=1/1 | kept=0 | rest=0
[DEBUG] mihomo isolate | branch={951} | size=1 | parse=0 | names=[免费节点10] 🇺🇸 US 569 → tg@nicevpn123 | err=-
[DEBUG] mihomo drop | branch={951} | size=1 | parse=0 | names=[免费节点10] 🇺🇸 US 569 → tg@nicevpn123 | err=-
[DROP] name=[免费节点10] 🇺🇸 US 569 → tg@nicevpn123 {951} | server=104.18.219.67:2087 | reason=mihomo start failed
[TEST] {943} tested=1/1 | kept=0 | rest=0
[DEBUG] mihomo isolate | branch={943} | size=1 | parse=0 | names=[免费节点10] 🇺🇸 US 556 → tg@nicevpn123 | err=-
[DEBUG] mihomo drop | branch={943} | size=1 | parse=0 | names=[免费节点10] 🇺🇸 US 556 → tg@nicevpn123 | err=-
[DROP] name=[免费节点10] 🇺🇸 US 556 → tg@nicevpn123 {943} | server=38.114.114.208:7002 | reason=mihomo start failed
[TEST] {944} tested=1/1 | kept=0 | rest=0
[DEBUG] mihomo isolate | branch={944} | size=1 | parse=0 | names=[免费节点10] 🇺🇸 US 558 → tg@nicevpn123 | err=-
[DEBUG] mihomo drop | branch={944} | size=1 | parse=0 | names=[免费节点10] 🇺🇸 US 558 → tg@nicevpn123 | err=-
[DROP] name=[免费节点10] 🇺🇸 US 558 → tg@nicevpn123 {944} | server=onea.flha.ru:2095 | reason=mihomo start failed
[TEST] {425} tested=1/1 | kept=0 | rest=0
[DEBUG] mihomo isolate | branch={425} | size=1 | parse=0 | names=[免费节点10] 🇺🇸 US 513 → tg@nicevpn123 | err=-
[DEBUG] mihomo drop | branch={425} | size=1 | parse=0 | names=[免费节点10] 🇺🇸 US 513 → tg@nicevpn123 | err=-
[DROP] name=[免费节点10] 🇺🇸 US 513 → tg@nicevpn123 {425} | server=104.19.45.130:2095 | reason=mihomo start failed
[TEST] {953} tested=1/1 | kept=0 | rest=0
[DEBUG] mihomo isolate | branch={953} | size=1 | parse=0 | names=[免费节点10] 🇺🇸 US 570 → tg@nicevpn123 | err=-
[DEBUG] mihomo drop | branch={953} | size=1 | parse=0 | names=[免费节点10] 🇺🇸 US 570 → tg@nicevpn123 | err=-
[DROP] name=[免费节点10] 🇺🇸 US 570 → tg@nicevpn123 {953} | server=104.18.219.61:2087 | reason=mihomo start failed
[TEST] {950} tested=1/1 | kept=0 | rest=0
[DEBUG] mihomo isolate | branch={950} | size=1 | parse=0 | names=[免费节点10] 🇺🇸 US 566 → tg@nicevpn123 | err=-
[DEBUG] mihomo drop | branch={950} | size=1 | parse=0 | names=[免费节点10] 🇺🇸 US 566 → tg@nicevpn123 | err=-
[DROP] name=[免费节点10] 🇺🇸 US 566 → tg@nicevpn123 {950} | server=38.86.135.117:8118 | reason=mihomo start failed
[TEST] {957} tested=1/1 | kept=0 | rest=0
[DEBUG] mihomo isolate | branch={957} | size=1 | parse=0 | names=[免费节点10] 🇺🇸 US 576 → tg@nicevpn123 | err=-
[DEBUG] mihomo drop | branch={957} | size=1 | parse=0 | names=[免费节点10] 🇺🇸 US 576 → tg@nicevpn123 | err=-
[DROP] name=[免费节点10] 🇺🇸 US 576 → tg@nicevpn123 {957} | server=104.19.45.239:2082 | reason=mihomo start failed
[TEST] {956} tested=1/1 | kept=0 | rest=0
[DEBUG] mihomo isolate | branch={956} | size=1 | parse=0 | names=[免费节点10] 🇺🇸 US 575 → tg@nicevpn123 | err=-
[DEBUG] mihomo drop | branch={956} | size=1 | parse=0 | names=[免费节点10] 🇺🇸 US 575 → tg@nicevpn123 | err=-
[DROP] name=[免费节点10] 🇺🇸 US 575 → tg@nicevpn123 {956} | server=bolder-metal-comma.glitch.me:443 | reason=mihomo start failed
[TEST] {949} tested=1/1 | kept=0 | rest=0
[DEBUG] mihomo isolate | branch={949} | size=1 | parse=0 | names=[免费节点10] 🇺🇸 US 565 → tg@nicevpn123 | err=-
[DEBUG] mihomo drop | branch={949} | size=1 | parse=0 | names=[免费节点10] 🇺🇸 US 565 → tg@nicevpn123 | err=-
[DROP] name=[免费节点10] 🇺🇸 US 565 → tg@nicevpn123 {949} | server=38.110.1.201:5003 | reason=mihomo start failed
[TEST] {960} tested=1/1 | kept=0 | rest=0
[DEBUG] mihomo isolate | branch={960} | size=1 | parse=0 | names=[免费节点10] 🇺🇸 US 58 → tg@nicevpn123 | err=-
[DEBUG] mihomo drop | branch={960} | size=1 | parse=0 | names=[免费节点10] 🇺🇸 US 58 → tg@nicevpn123 | err=-
[DROP] name=[免费节点10] 🇺🇸 US 58 → tg@nicevpn123 {960} | server=104.21.227.36:80 | reason=mihomo start failed
[TEST] {959} tested=1/1 | kept=0 | rest=0
[DEBUG] mihomo isolate | branch={959} | size=1 | parse=0 | names=[免费节点10] 🇺🇸 US 578 → tg@nicevpn123 | err=-
[DEBUG] mihomo drop | branch={959} | size=1 | parse=0 | names=[免费节点10] 🇺🇸 US 578 → tg@nicevpn123 | err=-
[DROP] name=[免费节点10] 🇺🇸 US 578 → tg@nicevpn123 {959} | server=104.16.40.136:2082 | reason=mihomo start failed
[TEST] {962} tested=1/1 | kept=0 | rest=0
[DEBUG] mihomo isolate | branch={962} | size=1 | parse=0 | names=[免费节点10] 🇺🇸 US 522 → tg@nicevpn123 | err=-
[DEBUG] mihomo drop | branch={962} | size=1 | parse=0 | names=[免费节点10] 🇺🇸 US 522 → tg@nicevpn123 | err=-
[DROP] name=[免费节点10] 🇺🇸 US 522 → tg@nicevpn123 {962} | server=172.67.229.13:2086 | reason=mihomo start failed
[TEST] {954} tested=1/1 | kept=0 | rest=0
[DEBUG] mihomo isolate | branch={954} | size=1 | parse=0 | names=[免费节点10] 🇺🇸 US 572 → tg@nicevpn123 | err=-
[DEBUG] mihomo drop | branch={954} | size=1 | parse=0 | names=[免费节点10] 🇺🇸 US 572 → tg@nicevpn123 | err=-
[DROP] name=[免费节点10] 🇺🇸 US 572 → tg@nicevpn123 {954} | server=38.75.136.108:8091 | reason=mihomo start failed
[TEST] {955} tested=1/1 | kept=0 | rest=0
[DEBUG] mihomo isolate | branch={955} | size=1 | parse=0 | names=[免费节点10] 🇺🇸 US 574 → tg@nicevpn123 | err=-
[DEBUG] mihomo drop | branch={955} | size=1 | parse=0 | names=[免费节点10] 🇺🇸 US 574 → tg@nicevpn123 | err=-
[DROP] name=[免费节点10] 🇺🇸 US 574 → tg@nicevpn123 {955} | server=34.221.163.96:443 | reason=mihomo start failed
[TEST] {965} tested=1/1 | kept=0 | rest=0
[DEBUG] mihomo isolate | branch={965} | size=1 | parse=0 | names=[免费节点10] 🇺🇸 US 526 → tg@nicevpn123 | err=-
[DEBUG] mihomo drop | branch={965} | size=1 | parse=0 | names=[免费节点10] 🇺🇸 US 526 → tg@nicevpn123 | err=-
[DROP] name=[免费节点10] 🇺🇸 US 526 → tg@nicevpn123 {965} | server=104.19.45.35:2095 | reason=mihomo start failed
[TEST] {958} tested=1/1 | kept=0 | rest=0
[DEBUG] mihomo isolate | branch={958} | size=1 | parse=0 | names=[免费节点10] 🇺🇸 US 577 → tg@nicevpn123 | err=-
[DEBUG] mihomo drop | branch={958} | size=1 | parse=0 | names=[免费节点10] 🇺🇸 US 577 → tg@nicevpn123 | err=-
[DROP] name=[免费节点10] 🇺🇸 US 577 → tg@nicevpn123 {958} | server=165.22.47.62:8881 | reason=mihomo start failed
[TEST] {966} tested=1/1 | kept=0 | rest=0
[DEBUG] mihomo isolate | branch={966} | size=1 | parse=0 | names=[免费节点10] 🇺🇸 US 518 → tg@nicevpn123 | err=-
[DEBUG] mihomo drop | branch={966} | size=1 | parse=0 | names=[免费节点10] 🇺🇸 US 518 → tg@nicevpn123 | err=-
[DROP] name=[免费节点10] 🇺🇸 US 518 → tg@nicevpn123 {966} | server=38.68.134.9:6679 | reason=mihomo start failed
[TEST] {963} tested=1/1 | kept=0 | rest=0
[DEBUG] mihomo isolate | branch={963} | size=1 | parse=0 | names=[免费节点10] 🇺🇸 US 524 → tg@nicevpn123 | err=-
[DEBUG] mihomo drop | branch={963} | size=1 | parse=0 | names=[免费节点10] 🇺🇸 US 524 → tg@nicevpn123 | err=-
[DROP] name=[免费节点10] 🇺🇸 US 524 → tg@nicevpn123 {963} | server=35.77.92.181:443 | reason=mihomo start failed
[TEST] {968} tested=1/1 | kept=0 | rest=0
[DEBUG] mihomo isolate | branch={968} | size=1 | parse=0 | names=[免费节点10] 🇺🇸 US 52 → tg@nicevpn123 | err=-
[DEBUG] mihomo drop | branch={968} | size=1 | parse=0 | names=[免费节点10] 🇺🇸 US 52 → tg@nicevpn123 | err=-
[DROP] name=[免费节点10] 🇺🇸 US 52 → tg@nicevpn123 {968} | server=3.34.200.94:443 | reason=mihomo start failed
[TEST] {961} tested=1/1 | kept=0 | rest=0
[DEBUG] mihomo isolate | branch={961} | size=1 | parse=0 | names=[免费节点10] 🇺🇸 US 521 → tg@nicevpn123 | err=-
[DEBUG] mihomo drop | branch={961} | size=1 | parse=0 | names=[免费节点10] 🇺🇸 US 521 → tg@nicevpn123 | err=-
[DROP] name=[免费节点10] 🇺🇸 US 521 → tg@nicevpn123 {961} | server=54.71.116.112:443 | reason=mihomo start failed
[TEST] {964} tested=1/1 | kept=0 | rest=0
[DEBUG] mihomo isolate | branch={964} | size=1 | parse=0 | names=[免费节点10] 🇺🇸 US 525 → tg@nicevpn123 | err=-
[DEBUG] mihomo drop | branch={964} | size=1 | parse=0 | names=[免费节点10] 🇺🇸 US 525 → tg@nicevpn123 | err=-
[DROP] name=[免费节点10] 🇺🇸 US 525 → tg@nicevpn123 {964} | server=ip0axv1bbsu02k7-my.1ytnode.com:56369 | reason=mihomo start failed
[TEST] {970} tested=1/1 | kept=0 | rest=0
[DEBUG] mihomo isolate | branch={970} | size=1 | parse=0 | names=[免费节点10] 🇺🇸 US 536 → tg@nicevpn123 | err=-
[DEBUG] mihomo drop | branch={970} | size=1 | parse=0 | names=[免费节点10] 🇺🇸 US 536 → tg@nicevpn123 | err=-
[DROP] name=[免费节点10] 🇺🇸 US 536 → tg@nicevpn123 {970} | server=104.21.238.66:80 | reason=mihomo start failed
[TEST] {967} tested=1/1 | kept=0 | rest=0
[DEBUG] mihomo isolate | branch={967} | size=1 | parse=0 | names=[免费节点10] 🇺🇸 US 519 → tg@nicevpn123 | err=-
[DEBUG] mihomo drop | branch={967} | size=1 | parse=0 | names=[免费节点10] 🇺🇸 US 519 → tg@nicevpn123 | err=-
[DROP] name=[免费节点10] 🇺🇸 US 519 → tg@nicevpn123 {967} | server=13.37.6.138:22222 | reason=mihomo start failed
[TEST] {972} tested=1/1 | kept=0 | rest=0
[DEBUG] mihomo isolate | branch={972} | size=1 | parse=0 | names=[免费节点10] 🇺🇸 US 539 → tg@nicevpn123 | err=-
[DEBUG] mihomo drop | branch={972} | size=1 | parse=0 | names=[免费节点10] 🇺🇸 US 539 → tg@nicevpn123 | err=-
[DROP] name=[免费节点10] 🇺🇸 US 539 → tg@nicevpn123 {972} | server=13.35.13.130:443 | reason=mihomo start failed
[TEST] {969} tested=1/1 | kept=0 | rest=0
[DEBUG] mihomo isolate | branch={969} | size=1 | parse=0 | names=[免费节点10] 🇺🇸 US 520 → tg@nicevpn123 | err=-
[DEBUG] mihomo drop | branch={969} | size=1 | parse=0 | names=[免费节点10] 🇺🇸 US 520 → tg@nicevpn123 | err=-
[DROP] name=[免费节点10] 🇺🇸 US 520 → tg@nicevpn123 {969} | server=38.110.1.43:6679 | reason=mihomo start failed
[TEST] {975} tested=1/1 | kept=0 | rest=0
[DEBUG] mihomo isolate | branch={975} | size=1 | parse=0 | names=[免费节点10] 🇺🇸 US 542 → tg@nicevpn123 | err=-
[DEBUG] mihomo drop | branch={975} | size=1 | parse=0 | names=[免费节点10] 🇺🇸 US 542 → tg@nicevpn123 | err=-
[DROP] name=[免费节点10] 🇺🇸 US 542 → tg@nicevpn123 {975} | server=172.67.152.200:443 | reason=mihomo start failed
[TEST] {977} tested=1/1 | kept=0 | rest=0
[DEBUG] mihomo isolate | branch={977} | size=1 | parse=0 | names=[免费节点10] 🇺🇸 US 544 → tg@nicevpn123 | err=-
[DEBUG] mihomo drop | branch={977} | size=1 | parse=0 | names=[免费节点10] 🇺🇸 US 544 → tg@nicevpn123 | err=-
[DROP] name=[免费节点10] 🇺🇸 US 544 → tg@nicevpn123 {977} | server=104.16.42.222:2082 | reason=mihomo start failed
[TEST] {976} tested=1/1 | kept=0 | rest=0
[DEBUG] mihomo isolate | branch={976} | size=1 | parse=0 | names=[免费节点10] 🇺🇸 US 543 → tg@nicevpn123 | err=-
[DEBUG] mihomo drop | branch={976} | size=1 | parse=0 | names=[免费节点10] 🇺🇸 US 543 → tg@nicevpn123 | err=-
[DROP] name=[免费节点10] 🇺🇸 US 543 → tg@nicevpn123 {976} | server=104.19.45.56:2095 | reason=mihomo start failed
[TEST] {978} tested=1/1 | kept=0 | rest=0
[DEBUG] mihomo isolate | branch={978} | size=1 | parse=0 | names=[免费节点10] 🇺🇸 US 546 → tg@nicevpn123 | err=-
[DEBUG] mihomo drop | branch={978} | size=1 | parse=0 | names=[免费节点10] 🇺🇸 US 546 → tg@nicevpn123 | err=-
[DROP] name=[免费节点10] 🇺🇸 US 546 → tg@nicevpn123 {978} | server=104.21.232.64:80 | reason=mihomo start failed
[TEST] {971} tested=1/1 | kept=0 | rest=0
[DEBUG] mihomo isolate | branch={971} | size=1 | parse=0 | names=[免费节点10] 🇺🇸 US 537 → tg@nicevpn123 | err=-
[DEBUG] mihomo drop | branch={971} | size=1 | parse=0 | names=[免费节点10] 🇺🇸 US 537 → tg@nicevpn123 | err=-
[DROP] name=[免费节点10] 🇺🇸 US 537 → tg@nicevpn123 {971} | server=205.234.232.189:50129 | reason=mihomo start failed
[TEST] {980} tested=1/1 | kept=0 | rest=0
[DEBUG] mihomo isolate | branch={980} | size=1 | parse=0 | names=[免费节点10] 🇺🇸 US 607 → tg@nicevpn123 | err=-
[DEBUG] mihomo drop | branch={980} | size=1 | parse=0 | names=[免费节点10] 🇺🇸 US 607 → tg@nicevpn123 | err=-
[DROP] name=[免费节点10] 🇺🇸 US 607 → tg@nicevpn123 {980} | server=152.42.216.240:80 | reason=mihomo start failed
[TEST] {973} tested=1/1 | kept=0 | rest=0
[DEBUG] mihomo isolate | branch={973} | size=1 | parse=0 | names=[免费节点10] 🇺🇸 US 540 → tg@nicevpn123 | err=-
[DEBUG] mihomo drop | branch={973} | size=1 | parse=0 | names=[免费节点10] 🇺🇸 US 540 → tg@nicevpn123 | err=-
[DROP] name=[免费节点10] 🇺🇸 US 540 → tg@nicevpn123 {973} | server=38.75.137.42:5004 | reason=mihomo start failed
[TEST] {979} tested=1/1 | kept=0 | rest=0
[DEBUG] mihomo isolate | branch={979} | size=1 | parse=0 | names=[免费节点10] 🇺🇸 US 605 → tg@nicevpn123 | err=-
[DEBUG] mihomo drop | branch={979} | size=1 | parse=0 | names=[免费节点10] 🇺🇸 US 605 → tg@nicevpn123 | err=-
[DROP] name=[免费节点10] 🇺🇸 US 605 → tg@nicevpn123 {979} | server=104.16.43.210:2082 | reason=mihomo start failed
[TEST] {981} tested=1/1 | kept=0 | rest=0
[DEBUG] mihomo isolate | branch={981} | size=1 | parse=0 | names=[免费节点10] 🇺🇸 US 608 → tg@nicevpn123 | err=-
[DEBUG] mihomo drop | branch={981} | size=1 | parse=0 | names=[免费节点10] 🇺🇸 US 608 → tg@nicevpn123 | err=-
[DROP] name=[免费节点10] 🇺🇸 US 608 → tg@nicevpn123 {981} | server=104.19.45.32:2095 | reason=mihomo start failed
[TEST] {982} tested=1/1 | kept=0 | rest=0
[DEBUG] mihomo isolate | branch={982} | size=1 | parse=0 | names=[免费节点10] 🇺🇸 US 61 → tg@nicevpn123 | err=-
[DEBUG] mihomo drop | branch={982} | size=1 | parse=0 | names=[免费节点10] 🇺🇸 US 61 → tg@nicevpn123 | err=-
[DROP] name=[免费节点10] 🇺🇸 US 61 → tg@nicevpn123 {982} | server=104.19.45.34:2095 | reason=mihomo start failed
[TEST] {984} tested=1/1 | kept=0 | rest=0
[DEBUG] mihomo isolate | branch={984} | size=1 | parse=0 | names=[免费节点10] 🇺🇸 US 650 → tg@nicevpn123 | err=-
[DEBUG] mihomo drop | branch={984} | size=1 | parse=0 | names=[免费节点10] 🇺🇸 US 650 → tg@nicevpn123 | err=-
[DROP] name=[免费节点10] 🇺🇸 US 650 → tg@nicevpn123 {984} | server=104.19.45.143:2095 | reason=mihomo start failed
[TEST] {983} tested=1/1 | kept=0 | rest=0
[DEBUG] mihomo isolate | branch={983} | size=1 | parse=0 | names=[免费节点10] 🇺🇸 US 65 → tg@nicevpn123 | err=-
[DEBUG] mihomo drop | branch={983} | size=1 | parse=0 | names=[免费节点10] 🇺🇸 US 65 → tg@nicevpn123 | err=-
[DROP] name=[免费节点10] 🇺🇸 US 65 → tg@nicevpn123 {983} | server=104.16.217.241:443 | reason=mihomo start failed
[TEST] {985} tested=1/1 | kept=0 | rest=0
[DEBUG] mihomo isolate | branch={985} | size=1 | parse=0 | names=[免费节点10] 🇺🇸 US 651 → tg@nicevpn123 | err=-
[DEBUG] mihomo drop | branch={985} | size=1 | parse=0 | names=[免费节点10] 🇺🇸 US 651 → tg@nicevpn123 | err=-
[DROP] name=[免费节点10] 🇺🇸 US 651 → tg@nicevpn123 {985} | server=104.16.39.38:2082 | reason=mihomo start failed
[TEST] {986} tested=1/1 | kept=0 | rest=0
[DEBUG] mihomo isolate | branch={986} | size=1 | parse=0 | names=[免费节点10] 🇺🇸 US 652 → tg@nicevpn123 | err=-
[DEBUG] mihomo drop | branch={986} | size=1 | parse=0 | names=[免费节点10] 🇺🇸 US 652 → tg@nicevpn123 | err=-
[DROP] name=[免费节点10] 🇺🇸 US 652 → tg@nicevpn123 {986} | server=172.67.229.37:2086 | reason=mihomo start failed
[TEST] {988} tested=1/1 | kept=0 | rest=0
[DEBUG] mihomo isolate | branch={988} | size=1 | parse=0 | names=[免费节点10] 🇺🇸 US 655 → tg@nicevpn123 | err=-
[DEBUG] mihomo drop | branch={988} | size=1 | parse=0 | names=[免费节点10] 🇺🇸 US 655 → tg@nicevpn123 | err=-
[DROP] name=[免费节点10] 🇺🇸 US 655 → tg@nicevpn123 {988} | server=104.18.154.42:80 | reason=mihomo start failed
[TEST] {987} tested=1/1 | kept=0 | rest=0
[DEBUG] mihomo isolate | branch={987} | size=1 | parse=0 | names=[免费节点10] 🇺🇸 US 654 → tg@nicevpn123 | err=-
[DEBUG] mihomo drop | branch={987} | size=1 | parse=0 | names=[免费节点10] 🇺🇸 US 654 → tg@nicevpn123 | err=-
[DROP] name=[免费节点10] 🇺🇸 US 654 → tg@nicevpn123 {987} | server=104.16.40.79:2082 | reason=mihomo start failed
[TEST] {991} tested=1/1 | kept=0 | rest=0
[DEBUG] mihomo isolate | branch={991} | size=1 | parse=0 | names=[免费节点10] 🇺🇸 US 658 → tg@nicevpn123 | err=-
[DEBUG] mihomo drop | branch={991} | size=1 | parse=0 | names=[免费节点10] 🇺🇸 US 658 → tg@nicevpn123 | err=-
[DROP] name=[免费节点10] 🇺🇸 US 658 → tg@nicevpn123 {991} | server=104.16.40.244:2082 | reason=mihomo start failed
[TEST] {990} tested=1/1 | kept=0 | rest=0
[DEBUG] mihomo isolate | branch={990} | size=1 | parse=0 | names=[免费节点10] 🇺🇸 US 657 → tg@nicevpn123 | err=-
[DEBUG] mihomo drop | branch={990} | size=1 | parse=0 | names=[免费节点10] 🇺🇸 US 657 → tg@nicevpn123 | err=-
[DROP] name=[免费节点10] 🇺🇸 US 657 → tg@nicevpn123 {990} | server=104.21.233.68:80 | reason=mihomo start failed
[TEST] {993} tested=1/1 | kept=0 | rest=0
[DEBUG] mihomo isolate | branch={993} | size=1 | parse=0 | names=[免费节点10] 🇺🇸 US 2033 → tg@nicevpn123 | err=-
[DEBUG] mihomo drop | branch={993} | size=1 | parse=0 | names=[免费节点10] 🇺🇸 US 2033 → tg@nicevpn123 | err=-
[DROP] name=[免费节点10] 🇺🇸 US 2033 → tg@nicevpn123 {993} | server=104.19.45.219:2095 | reason=mihomo start failed
[TEST] {989} tested=1/1 | kept=0 | rest=0
[DEBUG] mihomo isolate | branch={989} | size=1 | parse=0 | names=[免费节点10] 🇺🇸 US 656 → tg@nicevpn123 | err=-
[DEBUG] mihomo drop | branch={989} | size=1 | parse=0 | names=[免费节点10] 🇺🇸 US 656 → tg@nicevpn123 | err=-
[DROP] name=[免费节点10] 🇺🇸 US 656 → tg@nicevpn123 {989} | server=t45a7-g03.jp02-9a99-vm0.entry.fr0307a.art:11775 | reason=mihomo start failed
[TEST] {992} tested=1/1 | kept=0 | rest=0
[DEBUG] mihomo isolate | branch={992} | size=1 | parse=0 | names=[免费节点10] 🇺🇸 US 2032 → tg@nicevpn123 | err=-
[DEBUG] mihomo drop | branch={992} | size=1 | parse=0 | names=[免费节点10] 🇺🇸 US 2032 → tg@nicevpn123 | err=-
[DROP] name=[免费节点10] 🇺🇸 US 2032 → tg@nicevpn123 {992} | server=104.19.44.186:80 | reason=mihomo start failed
[TEST] {994} tested=1/1 | kept=0 | rest=0
[DEBUG] mihomo isolate | branch={994} | size=1 | parse=0 | names=[免费节点10] 🇺🇸 US 2034 → tg@nicevpn123 | err=-
[DEBUG] mihomo drop | branch={994} | size=1 | parse=0 | names=[免费节点10] 🇺🇸 US 2034 → tg@nicevpn123 | err=-
[DROP] name=[免费节点10] 🇺🇸 US 2034 → tg@nicevpn123 {994} | server=104.19.44.182:80 | reason=mihomo start failed
[TEST] {995} tested=1/1 | kept=0 | rest=0
[DEBUG] mihomo isolate | branch={995} | size=1 | parse=0 | names=[免费节点10] 🇺🇸 US 2035 → tg@nicevpn123 | err=-
[DEBUG] mihomo drop | branch={995} | size=1 | parse=0 | names=[免费节点10] 🇺🇸 US 2035 → tg@nicevpn123 | err=-
[DROP] name=[免费节点10] 🇺🇸 US 2035 → tg@nicevpn123 {995} | server=104.19.44.240:80 | reason=mihomo start failed
[TEST] {997} tested=1/1 | kept=0 | rest=0
[DEBUG] mihomo isolate | branch={997} | size=1 | parse=0 | names=[免费节点10] 🇺🇸 US 2037 → tg@nicevpn123 | err=-
[DEBUG] mihomo drop | branch={997} | size=1 | parse=0 | names=[免费节点10] 🇺🇸 US 2037 → tg@nicevpn123 | err=-
[DROP] name=[免费节点10] 🇺🇸 US 2037 → tg@nicevpn123 {997} | server=104.19.45.46:80 | reason=mihomo start failed
[TEST] {996} tested=1/1 | kept=0 | rest=0
[DEBUG] mihomo isolate | branch={996} | size=1 | parse=0 | names=[免费节点10] 🇺🇸 US 2036 → tg@nicevpn123 | err=-
[DEBUG] mihomo drop | branch={996} | size=1 | parse=0 | names=[免费节点10] 🇺🇸 US 2036 → tg@nicevpn123 | err=-
[DROP] name=[免费节点10] 🇺🇸 US 2036 → tg@nicevpn123 {996} | server=104.19.44.13:80 | reason=mihomo start failed
[TEST] {999} tested=1/1 | kept=0 | rest=0
[DEBUG] mihomo isolate | branch={999} | size=1 | parse=0 | names=[免费节点10] 🇺🇸 US 2039 → tg@nicevpn123 | err=-
[DEBUG] mihomo drop | branch={999} | size=1 | parse=0 | names=[免费节点10] 🇺🇸 US 2039 → tg@nicevpn123 | err=-
[DROP] name=[免费节点10] 🇺🇸 US 2039 → tg@nicevpn123 {999} | server=104.19.45.67:80 | reason=mihomo start failed
[TEST] {998} tested=1/1 | kept=0 | rest=0
[DEBUG] mihomo isolate | branch={998} | size=1 | parse=0 | names=[免费节点10] 🇺🇸 US 2038 → tg@nicevpn123 | err=-
[DEBUG] mihomo drop | branch={998} | size=1 | parse=0 | names=[免费节点10] 🇺🇸 US 2038 → tg@nicevpn123 | err=-
[DROP] name=[免费节点10] 🇺🇸 US 2038 → tg@nicevpn123 {998} | server=104.19.44.74:80 | reason=mihomo start failed
[TEST] {1000} tested=1/1 | kept=0 | rest=0
[DEBUG] mihomo isolate | branch={1000} | size=1 | parse=0 | names=[免费节点10] 🇺🇸 US 204 → tg@nicevpn123 | err=-
[DEBUG] mihomo drop | branch={1000} | size=1 | parse=0 | names=[免费节点10] 🇺🇸 US 204 → tg@nicevpn123 | err=-
[DROP] name=[免费节点10] 🇺🇸 US 204 → tg@nicevpn123 {1000} | server=104.19.45.7:2095 | reason=mihomo start failed
[TEST] {1003} tested=1/1 | kept=0 | rest=0
[DEBUG] mihomo isolate | branch={1003} | size=1 | parse=0 | names=[免费节点10] 🇺🇸 US 613 → tg@nicevpn123 | err=-
[DEBUG] mihomo drop | branch={1003} | size=1 | parse=0 | names=[免费节点10] 🇺🇸 US 613 → tg@nicevpn123 | err=-
[DROP] name=[免费节点10] 🇺🇸 US 613 → tg@nicevpn123 {1003} | server=104.19.45.235:2095 | reason=mihomo start failed
[TEST] {1004} tested=1/1 | kept=0 | rest=0
[DEBUG] mihomo isolate | branch={1004} | size=1 | parse=0 | names=[免费节点10] 🇺🇸 US 614 → tg@nicevpn123 | err=-
[DEBUG] mihomo drop | branch={1004} | size=1 | parse=0 | names=[免费节点10] 🇺🇸 US 614 → tg@nicevpn123 | err=-
[DROP] name=[免费节点10] 🇺🇸 US 614 → tg@nicevpn123 {1004} | server=104.19.45.125:2095 | reason=mihomo start failed
[TEST] {974} tested=1/1 | kept=0 | rest=0
[DEBUG] mihomo isolate | branch={974} | size=1 | parse=0 | names=[免费节点10] 🇺🇸 US 541 → tg@nicevpn123 | err=-
[DEBUG] mihomo drop | branch={974} | size=1 | parse=0 | names=[免费节点10] 🇺🇸 US 541 → tg@nicevpn123 | err=-
[DROP] name=[免费节点10] 🇺🇸 US 541 → tg@nicevpn123 {974} | server=38.110.1.43:9101 | reason=mihomo start failed
[TEST] {1006} tested=1/1 | kept=0 | rest=0
[DEBUG] mihomo isolate | branch={1006} | size=1 | parse=0 | names=[免费节点10] 🇺🇸 US 627 → tg@nicevpn123 | err=-
[DEBUG] mihomo drop | branch={1006} | size=1 | parse=0 | names=[免费节点10] 🇺🇸 US 627 → tg@nicevpn123 | err=-
[DROP] name=[免费节点10] 🇺🇸 US 627 → tg@nicevpn123 {1006} | server=23.94.100.187:48889 | reason=mihomo start failed
[TEST] {1007} tested=1/1 | kept=0 | rest=0
[DEBUG] mihomo isolate | branch={1007} | size=1 | parse=0 | names=[免费节点10] 🇺🇸 US 629 → tg@nicevpn123 | err=-
[DEBUG] mihomo drop | branch={1007} | size=1 | parse=0 | names=[免费节点10] 🇺🇸 US 629 → tg@nicevpn123 | err=-
[DROP] name=[免费节点10] 🇺🇸 US 629 → tg@nicevpn123 {1007} | server=104.19.48.100:2082 | reason=mihomo start failed
[TEST] {1008} tested=1/1 | kept=0 | rest=0
[DEBUG] mihomo isolate | branch={1008} | size=1 | parse=0 | names=[免费节点10] 🇺🇸 US 631 → tg@nicevpn123 | err=-
[DEBUG] mihomo drop | branch={1008} | size=1 | parse=0 | names=[免费节点10] 🇺🇸 US 631 → tg@nicevpn123 | err=-
[DROP] name=[免费节点10] 🇺🇸 US 631 → tg@nicevpn123 {1008} | server=hk.wish.ml:2052 | reason=mihomo start failed
[TEST] {1009} tested=1/1 | kept=0 | rest=0
[DEBUG] mihomo isolate | branch={1009} | size=1 | parse=0 | names=[免费节点10] 🇺🇸 US 632 → tg@nicevpn123 | err=-
[DEBUG] mihomo drop | branch={1009} | size=1 | parse=0 | names=[免费节点10] 🇺🇸 US 632 → tg@nicevpn123 | err=-
[DROP] name=[免费节点10] 🇺🇸 US 632 → tg@nicevpn123 {1009} | server=jiasu.fanmengdas.top:40723 | reason=mihomo start failed
[TEST] {1010} tested=1/1 | kept=0 | rest=0
[DEBUG] mihomo isolate | branch={1010} | size=1 | parse=0 | names=[免费节点10] 🇺🇸 US 2015 → tg@nicevpn123 | err=-
[DEBUG] mihomo drop | branch={1010} | size=1 | parse=0 | names=[免费节点10] 🇺🇸 US 2015 → tg@nicevpn123 | err=-
[DROP] name=[免费节点10] 🇺🇸 US 2015 → tg@nicevpn123 {1010} | server=104.19.44.75:80 | reason=mihomo start failed
[TEST] {1012} tested=1/1 | kept=0 | rest=0
[DEBUG] mihomo isolate | branch={1012} | size=1 | parse=0 | names=[免费节点10] 🇺🇸 US 2017 → tg@nicevpn123 | err=-
[DEBUG] mihomo drop | branch={1012} | size=1 | parse=0 | names=[免费节点10] 🇺🇸 US 2017 → tg@nicevpn123 | err=-
[DROP] name=[免费节点10] 🇺🇸 US 2017 → tg@nicevpn123 {1012} | server=104.19.44.11:80 | reason=mihomo start failed
[TEST] {1011} tested=1/1 | kept=0 | rest=0
[DEBUG] mihomo isolate | branch={1011} | size=1 | parse=0 | names=[免费节点10] 🇺🇸 US 2016 → tg@nicevpn123 | err=-
[DEBUG] mihomo drop | branch={1011} | size=1 | parse=0 | names=[免费节点10] 🇺🇸 US 2016 → tg@nicevpn123 | err=-
[DROP] name=[免费节点10] 🇺🇸 US 2016 → tg@nicevpn123 {1011} | server=104.19.44.85:80 | reason=mihomo start failed
[TEST] {1013} tested=1/1 | kept=0 | rest=0
[DEBUG] mihomo isolate | branch={1013} | size=1 | parse=0 | names=[免费节点10] 🇺🇸 US 2018 → tg@nicevpn123 | err=-
[DEBUG] mihomo drop | branch={1013} | size=1 | parse=0 | names=[免费节点10] 🇺🇸 US 2018 → tg@nicevpn123 | err=-
[DROP] name=[免费节点10] 🇺🇸 US 2018 → tg@nicevpn123 {1013} | server=104.19.44.10:80 | reason=mihomo start failed
[TEST] {1014} tested=1/1 | kept=0 | rest=0
[DEBUG] mihomo isolate | branch={1014} | size=1 | parse=0 | names=[免费节点10] 🇺🇸 US 2019 → tg@nicevpn123 | err=-
[DEBUG] mihomo drop | branch={1014} | size=1 | parse=0 | names=[免费节点10] 🇺🇸 US 2019 → tg@nicevpn123 | err=-
[DROP] name=[免费节点10] 🇺🇸 US 2019 → tg@nicevpn123 {1014} | server=104.19.44.207:80 | reason=mihomo start failed
[TEST] {1018} tested=1/1 | kept=0 | rest=0
[DEBUG] mihomo isolate | branch={1018} | size=1 | parse=0 | names=[免费节点10] 🇺🇸 US 2023 → tg@nicevpn123 | err=-
[DEBUG] mihomo drop | branch={1018} | size=1 | parse=0 | names=[免费节点10] 🇺🇸 US 2023 → tg@nicevpn123 | err=-
[DROP] name=[免费节点10] 🇺🇸 US 2023 → tg@nicevpn123 {1018} | server=104.19.44.156:80 | reason=mihomo start failed
[TEST] {1017} tested=1/1 | kept=0 | rest=0
[DEBUG] mihomo isolate | branch={1017} | size=1 | parse=0 | names=[免费节点10] 🇺🇸 US 2022 → tg@nicevpn123 | err=-
[DEBUG] mihomo drop | branch={1017} | size=1 | parse=0 | names=[免费节点10] 🇺🇸 US 2022 → tg@nicevpn123 | err=-
[DROP] name=[免费节点10] 🇺🇸 US 2022 → tg@nicevpn123 {1017} | server=104.19.44.9:80 | reason=mihomo start failed
[TEST] {1016} tested=1/1 | kept=0 | rest=0
[DEBUG] mihomo isolate | branch={1016} | size=1 | parse=0 | names=[免费节点10] 🇺🇸 US 2021 → tg@nicevpn123 | err=-
[DEBUG] mihomo drop | branch={1016} | size=1 | parse=0 | names=[免费节点10] 🇺🇸 US 2021 → tg@nicevpn123 | err=-
[DROP] name=[免费节点10] 🇺🇸 US 2021 → tg@nicevpn123 {1016} | server=104.19.44.103:80 | reason=mihomo start failed
[TEST] {1015} tested=1/1 | kept=0 | rest=0
[DEBUG] mihomo isolate | branch={1015} | size=1 | parse=0 | names=[免费节点10] 🇺🇸 US 2020 → tg@nicevpn123 | err=-
[DEBUG] mihomo drop | branch={1015} | size=1 | parse=0 | names=[免费节点10] 🇺🇸 US 2020 → tg@nicevpn123 | err=-
[DROP] name=[免费节点10] 🇺🇸 US 2020 → tg@nicevpn123 {1015} | server=104.19.44.107:80 | reason=mihomo start failed
[TEST] {1002} tested=1/1 | kept=0 | rest=0
[DEBUG] mihomo isolate | branch={1002} | size=1 | parse=0 | names=[免费节点10] 🇺🇸 US 612 → tg@nicevpn123 | err=-
[DEBUG] mihomo drop | branch={1002} | size=1 | parse=0 | names=[免费节点10] 🇺🇸 US 612 → tg@nicevpn123 | err=-
[DROP] name=[免费节点10] 🇺🇸 US 612 → tg@nicevpn123 {1002} | server=38.110.1.202:8008 | reason=mihomo start failed
[TEST] {1001} tested=1/1 | kept=0 | rest=0
[DEBUG] mihomo isolate | branch={1001} | size=1 | parse=0 | names=[免费节点10] 🇺🇸 US 611 → tg@nicevpn123 | err=-
[DEBUG] mihomo drop | branch={1001} | size=1 | parse=0 | names=[免费节点10] 🇺🇸 US 611 → tg@nicevpn123 | err=-
[DROP] name=[免费节点10] 🇺🇸 US 611 → tg@nicevpn123 {1001} | server=38.75.137.93:3389 | reason=mihomo start failed
[TEST] {1020} tested=1/1 | kept=0 | rest=0
[DEBUG] mihomo isolate | branch={1020} | size=1 | parse=0 | names=[免费节点10] 🇺🇸 US 634 → tg@nicevpn123 | err=-
[DEBUG] mihomo drop | branch={1020} | size=1 | parse=0 | names=[免费节点10] 🇺🇸 US 634 → tg@nicevpn123 | err=-
[DROP] name=[免费节点10] 🇺🇸 US 634 → tg@nicevpn123 {1020} | server=104.16.39.184:2082 | reason=mihomo start failed
[TEST] {1022} tested=1/1 | kept=0 | rest=0
[DEBUG] mihomo isolate | branch={1022} | size=1 | parse=0 | names=[免费节点10] 🇺🇸 US 637 → tg@nicevpn123 | err=-
[DEBUG] mihomo drop | branch={1022} | size=1 | parse=0 | names=[免费节点10] 🇺🇸 US 637 → tg@nicevpn123 | err=-
[DROP] name=[免费节点10] 🇺🇸 US 637 → tg@nicevpn123 {1022} | server=104.19.45.86:2082 | reason=mihomo start failed
[TEST] {1005} tested=1/1 | kept=0 | rest=0
[DEBUG] mihomo isolate | branch={1005} | size=1 | parse=0 | names=[免费节点10] 🇺🇸 US 616 → tg@nicevpn123 | err=-
[DEBUG] mihomo drop | branch={1005} | size=1 | parse=0 | names=[免费节点10] 🇺🇸 US 616 → tg@nicevpn123 | err=-
[DROP] name=[免费节点10] 🇺🇸 US 616 → tg@nicevpn123 {1005} | server=38.110.1.107:3306 | reason=mihomo start failed
[TEST] {1024} tested=1/1 | kept=0 | rest=0
[DEBUG] mihomo isolate | branch={1024} | size=1 | parse=0 | names=[免费节点10] 🇺🇸 US 673 → tg@nicevpn123 | err=-
[DEBUG] mihomo drop | branch={1024} | size=1 | parse=0 | names=[免费节点10] 🇺🇸 US 673 → tg@nicevpn123 | err=-
[DROP] name=[免费节点10] 🇺🇸 US 673 → tg@nicevpn123 {1024} | server=104.17.81.63:8443 | reason=mihomo start failed
[TEST] {1025} tested=1/1 | kept=0 | rest=0
[DEBUG] mihomo isolate | branch={1025} | size=1 | parse=0 | names=[免费节点10] 🇺🇸 US 674 → tg@nicevpn123 | err=-
[DEBUG] mihomo drop | branch={1025} | size=1 | parse=0 | names=[免费节点10] 🇺🇸 US 674 → tg@nicevpn123 | err=-
[DROP] name=[免费节点10] 🇺🇸 US 674 → tg@nicevpn123 {1025} | server=104.16.216.241:443 | reason=mihomo start failed
[TEST] {1026} tested=1/1 | kept=0 | rest=0
[DEBUG] mihomo isolate | branch={1026} | size=1 | parse=0 | names=[免费节点10] 🇺🇸 US 675 → tg@nicevpn123 | err=-
[DEBUG] mihomo drop | branch={1026} | size=1 | parse=0 | names=[免费节点10] 🇺🇸 US 675 → tg@nicevpn123 | err=-
[DROP] name=[免费节点10] 🇺🇸 US 675 → tg@nicevpn123 {1026} | server=172.67.196.16:443 | reason=mihomo start failed
[TEST] {1027} tested=1/1 | kept=0 | rest=0
[DEBUG] mihomo isolate | branch={1027} | size=1 | parse=0 | names=[免费节点10] 🇺🇸 US 676 → tg@nicevpn123 | err=-
[DEBUG] mihomo drop | branch={1027} | size=1 | parse=0 | names=[免费节点10] 🇺🇸 US 676 → tg@nicevpn123 | err=-
[DROP] name=[免费节点10] 🇺🇸 US 676 → tg@nicevpn123 {1027} | server=172.67.132.209:443 | reason=mihomo start failed
[TEST] {1031} tested=1/1 | kept=0 | rest=0
[DEBUG] mihomo isolate | branch={1031} | size=1 | parse=0 | names=[免费节点10] 🇺🇸 US 666 → tg@nicevpn123 | err=-
[DEBUG] mihomo drop | branch={1031} | size=1 | parse=0 | names=[免费节点10] 🇺🇸 US 666 → tg@nicevpn123 | err=-
[DROP] name=[免费节点10] 🇺🇸 US 666 → tg@nicevpn123 {1031} | server=104.19.45.6:2095 | reason=mihomo start failed
[TEST] {1030} tested=1/1 | kept=0 | rest=0
[DEBUG] mihomo isolate | branch={1030} | size=1 | parse=0 | names=[免费节点10] 🇺🇸 US 665 → tg@nicevpn123 | err=-
[DEBUG] mihomo drop | branch={1030} | size=1 | parse=0 | names=[免费节点10] 🇺🇸 US 665 → tg@nicevpn123 | err=-
[DROP] name=[免费节点10] 🇺🇸 US 665 → tg@nicevpn123 {1030} | server=104.16.39.199:2082 | reason=mihomo start failed
[TEST] {1028} tested=1/1 | kept=0 | rest=0
[DEBUG] mihomo isolate | branch={1028} | size=1 | parse=0 | names=[免费节点10] 🇺🇸 US 66 → tg@nicevpn123 | err=-
[DEBUG] mihomo drop | branch={1028} | size=1 | parse=0 | names=[免费节点10] 🇺🇸 US 66 → tg@nicevpn123 | err=-
[DROP] name=[免费节点10] 🇺🇸 US 66 → tg@nicevpn123 {1028} | server=104.20.26.40:8080 | reason=mihomo start failed
[TEST] {1019} tested=1/1 | kept=0 | rest=0
[DEBUG] mihomo isolate | branch={1019} | size=1 | parse=0 | names=[免费节点10] 🇺🇸 US 633 → tg@nicevpn123 | err=-
[DEBUG] mihomo drop | branch={1019} | size=1 | parse=0 | names=[免费节点10] 🇺🇸 US 633 → tg@nicevpn123 | err=-
[DROP] name=[免费节点10] 🇺🇸 US 633 → tg@nicevpn123 {1019} | server=205.234.232.191:10512 | reason=mihomo start failed
[TEST] {1032} tested=1/1 | kept=0 | rest=0
[DEBUG] mihomo isolate | branch={1032} | size=1 | parse=0 | names=[免费节点10] 🇺🇸 US 667 → tg@nicevpn123 | err=-
[DEBUG] mihomo drop | branch={1032} | size=1 | parse=0 | names=[免费节点10] 🇺🇸 US 667 → tg@nicevpn123 | err=-
[DROP] name=[免费节点10] 🇺🇸 US 667 → tg@nicevpn123 {1032} | server=104.21.83.208:443 | reason=mihomo start failed
[TEST] {1033} tested=1/1 | kept=0 | rest=0
[DEBUG] mihomo isolate | branch={1033} | size=1 | parse=0 | names=[免费节点10] 🇺🇸 US 67 → tg@nicevpn123 | err=-
[DEBUG] mihomo drop | branch={1033} | size=1 | parse=0 | names=[免费节点10] 🇺🇸 US 67 → tg@nicevpn123 | err=-
[DROP] name=[免费节点10] 🇺🇸 US 67 → tg@nicevpn123 {1033} | server=104.17.61.9:443 | reason=mihomo start failed
[TEST] {1034} tested=1/1 | kept=0 | rest=0
[DEBUG] mihomo isolate | branch={1034} | size=1 | parse=0 | names=[免费节点10] 🇺🇸 US 670 → tg@nicevpn123 | err=-
[DEBUG] mihomo drop | branch={1034} | size=1 | parse=0 | names=[免费节点10] 🇺🇸 US 670 → tg@nicevpn123 | err=-
[DROP] name=[免费节点10] 🇺🇸 US 670 → tg@nicevpn123 {1034} | server=104.19.212.140:2082 | reason=mihomo start failed
[TEST] {1021} tested=1/1 | kept=0 | rest=0
[DEBUG] mihomo isolate | branch={1021} | size=1 | parse=0 | names=[免费节点10] 🇺🇸 US 636 → tg@nicevpn123 | err=-
[DEBUG] mihomo drop | branch={1021} | size=1 | parse=0 | names=[免费节点10] 🇺🇸 US 636 → tg@nicevpn123 | err=-
[DROP] name=[免费节点10] 🇺🇸 US 636 → tg@nicevpn123 {1021} | server=ip0axv1bbsu02k7-kr.1ytnode.com:56361 | reason=mihomo start failed
[TEST] {1023} tested=1/1 | kept=0 | rest=0
[DEBUG] mihomo isolate | branch={1023} | size=1 | parse=0 | names=[免费节点10] 🇺🇸 US 638 → tg@nicevpn123 | err=-
[DEBUG] mihomo drop | branch={1023} | size=1 | parse=0 | names=[免费节点10] 🇺🇸 US 638 → tg@nicevpn123 | err=-
[DROP] name=[免费节点10] 🇺🇸 US 638 → tg@nicevpn123 {1023} | server=38.121.43.248:8882 | reason=mihomo start failed
[TEST] {1037} tested=1/1 | kept=0 | rest=0
[DEBUG] mihomo isolate | branch={1037} | size=1 | parse=0 | names=[免费节点10] 🇺🇸 US 677 → tg@nicevpn123 | err=-
[DEBUG] mihomo drop | branch={1037} | size=1 | parse=0 | names=[免费节点10] 🇺🇸 US 677 → tg@nicevpn123 | err=-
[DROP] name=[免费节点10] 🇺🇸 US 677 → tg@nicevpn123 {1037} | server=104.16.43.54:2082 | reason=mihomo start failed
[TEST] {1039} tested=1/1 | kept=0 | rest=0
[DEBUG] mihomo isolate | branch={1039} | size=1 | parse=0 | names=[免费节点10] 🇺🇸 US 681 → tg@nicevpn123 | err=-
[DEBUG] mihomo drop | branch={1039} | size=1 | parse=0 | names=[免费节点10] 🇺🇸 US 681 → tg@nicevpn123 | err=-
[DROP] name=[免费节点10] 🇺🇸 US 681 → tg@nicevpn123 {1039} | server=104.21.225.243:80 | reason=mihomo start failed
[TEST] {1038} tested=1/1 | kept=0 | rest=0
[DEBUG] mihomo isolate | branch={1038} | size=1 | parse=0 | names=[免费节点10] 🇺🇸 US 678 → tg@nicevpn123 | err=-
[DEBUG] mihomo drop | branch={1038} | size=1 | parse=0 | names=[免费节点10] 🇺🇸 US 678 → tg@nicevpn123 | err=-
[DROP] name=[免费节点10] 🇺🇸 US 678 → tg@nicevpn123 {1038} | server=167.88.61.235:443 | reason=mihomo start failed
[TEST] {1036} tested=1/1 | kept=0 | rest=0
[DEBUG] mihomo isolate | branch={1036} | size=1 | parse=0 | names=[免费节点10] 🇺🇸 US 672 → tg@nicevpn123 | err=-
[DEBUG] mihomo drop | branch={1036} | size=1 | parse=0 | names=[免费节点10] 🇺🇸 US 672 → tg@nicevpn123 | err=-
[DROP] name=[免费节点10] 🇺🇸 US 672 → tg@nicevpn123 {1036} | server=13.35.13.137:443 | reason=mihomo start failed
[TEST] {1029} tested=1/1 | kept=0 | rest=0
[DEBUG] mihomo isolate | branch={1029} | size=1 | parse=0 | names=[免费节点10] 🇺🇸 US 662 → tg@nicevpn123 | err=-
[DEBUG] mihomo drop | branch={1029} | size=1 | parse=0 | names=[免费节点10] 🇺🇸 US 662 → tg@nicevpn123 | err=-
[DROP] name=[免费节点10] 🇺🇸 US 662 → tg@nicevpn123 {1029} | server=38.86.135.225:5601 | reason=mihomo start failed
[TEST] {1035} tested=1/1 | kept=0 | rest=0
[DEBUG] mihomo isolate | branch={1035} | size=1 | parse=0 | names=[免费节点10] 🇺🇸 US 671 → tg@nicevpn123 | err=-
[DEBUG] mihomo drop | branch={1035} | size=1 | parse=0 | names=[免费节点10] 🇺🇸 US 671 → tg@nicevpn123 | err=-
[DROP] name=[免费节点10] 🇺🇸 US 671 → tg@nicevpn123 {1035} | server=64.23.190.208:59703 | reason=mihomo start failed
[TEST] {1043} tested=1/1 | kept=0 | rest=0
[DEBUG] mihomo isolate | branch={1043} | size=1 | parse=0 | names=[Epodonios] EPODONIOS-274 | err=-
[DEBUG] mihomo drop | branch={1043} | size=1 | parse=0 | names=[Epodonios] EPODONIOS-274 | err=-
[DROP] name=[Epodonios] EPODONIOS-274 {1043} | server=191.44.113.95:443 | reason=mihomo start failed
[DEBUG] mihomo start-fail | branch={1044} | size=1 | parse=1 | rc=1 | names=[Epodonios] EPODONIOS-275 | err=rc=1 Mihomo exited before controller became ready time="2026-09-28T14:16:36.556733778Z" level=info msg="Start initial configuration in progress" time="2026-09-28T14:16:36.556855616Z" level=fatal msg="Parse config error: proxy 0: 'reality...
[DEBUG] mihomo isolate | branch={1044} | size=1 | parse=1 | names=[Epodonios] EPODONIOS-275 | err=Mihomo exited before controller became ready time="2026-09-28T14:16:36.556733778Z" level=info msg="Start initial configuration in progress" time="2026-09-28T14:16:36.556855616Z" level=fatal msg="Parse config error: proxy 0: 'reality-opts...
[DEBUG] mihomo drop | branch={1044} | size=1 | parse=1 | names=[Epodonios] EPODONIOS-275 | err=Mihomo exited before controller became ready time="2026-09-28T14:16:36.556733778Z" level=info msg="Start initial configuration in progress" time="2026-09-28T14:16:36.556855616Z" level=fatal msg="Parse config error: proxy 0: 'reality-opts...
[DROP] name=[Epodonios] EPODONIOS-275 {1044} | server=194.93.61.120:443 | reason=Parse config error: proxy 0: 'reality-opts' has unset fields: public-key
[TEST] {1045} tested=1/1 | kept=0 | rest=0
[DEBUG] mihomo isolate | branch={1045} | size=1 | parse=0 | names=[Epodonios] EPODONIOS-276 | err=-
[DEBUG] mihomo drop | branch={1045} | size=1 | parse=0 | names=[Epodonios] EPODONIOS-276 | err=-
[DROP] name=[Epodonios] EPODONIOS-276 {1045} | server=139.59.238.97:50573 | reason=mihomo start failed
[TEST] {1040} tested=1/1 | kept=0 | rest=0
[DEBUG] mihomo isolate | branch={1040} | size=1 | parse=0 | names=[免费节点10] 🇺🇸 US 682 → tg@nicevpn123 | err=-
[DEBUG] mihomo drop | branch={1040} | size=1 | parse=0 | names=[免费节点10] 🇺🇸 US 682 → tg@nicevpn123 | err=-
[DROP] name=[免费节点10] 🇺🇸 US 682 → tg@nicevpn123 {1040} | server=38.75.137.42:8881 | reason=mihomo start failed
[TEST] {1047} tested=1/1 | kept=0 | rest=0
[DEBUG] mihomo isolate | branch={1047} | size=1 | parse=0 | names=[Epodonios] EPODONIOS-269 | err=-
[DEBUG] mihomo drop | branch={1047} | size=1 | parse=0 | names=[Epodonios] EPODONIOS-269 | err=-
[DROP] name=[Epodonios] EPODONIOS-269 {1047} | server=188.114.96.1:2083 | reason=mihomo start failed
[TEST] {1041} tested=1/1 | kept=0 | rest=0
[DEBUG] mihomo isolate | branch={1041} | size=1 | parse=0 | names=[免费节点10] 🇺🇸 US 683 → tg@nicevpn123 | err=-
[DEBUG] mihomo drop | branch={1041} | size=1 | parse=0 | names=[免费节点10] 🇺🇸 US 683 → tg@nicevpn123 | err=-
[DROP] name=[免费节点10] 🇺🇸 US 683 → tg@nicevpn123 {1041} | server=ip0axv1bbsu02k7-hk.1ytnode.com:56315 | reason=mihomo start failed
[TEST] {1048} tested=1/1 | kept=0 | rest=0
[DEBUG] mihomo isolate | branch={1048} | size=1 | parse=0 | names=[Epodonios] EPODONIOS-270 | err=-
[DEBUG] mihomo drop | branch={1048} | size=1 | parse=0 | names=[Epodonios] EPODONIOS-270 | err=-
[DROP] name=[Epodonios] EPODONIOS-270 {1048} | server=188.114.96.4:2083 | reason=mihomo start failed
[TEST] {1049} tested=1/1 | kept=0 | rest=0
[DEBUG] mihomo isolate | branch={1049} | size=1 | parse=0 | names=[Epodonios] EPODONIOS-271 | err=-
[DEBUG] mihomo drop | branch={1049} | size=1 | parse=0 | names=[Epodonios] EPODONIOS-271 | err=-
[DROP] name=[Epodonios] EPODONIOS-271 {1049} | server=188.114.96.5:2083 | reason=mihomo start failed
[TEST] {1042} tested=1/1 | kept=0 | rest=0
[DEBUG] mihomo isolate | branch={1042} | size=1 | parse=0 | names=[Epodonios] EPODONIOS-273 | err=-
[DEBUG] mihomo drop | branch={1042} | size=1 | parse=0 | names=[Epodonios] EPODONIOS-273 | err=-
[DROP] name=[Epodonios] EPODONIOS-273 {1042} | server=191.44.113.150:443 | reason=mihomo start failed
[TEST] {1050} tested=1/1 | kept=0 | rest=0
[DEBUG] mihomo isolate | branch={1050} | size=1 | parse=0 | names=[Epodonios] EPODONIOS-272 | err=-
[DEBUG] mihomo drop | branch={1050} | size=1 | parse=0 | names=[Epodonios] EPODONIOS-272 | err=-
[DROP] name=[Epodonios] EPODONIOS-272 {1050} | server=193.233.133.152:28390 | reason=mihomo start failed
[TEST] {1052} tested=1/1 | kept=0 | rest=0
[DEBUG] mihomo isolate | branch={1052} | size=1 | parse=0 | names=[免费节点10] 🇺🇸 US 243 → tg@nicevpn123 | err=-
[DEBUG] mihomo drop | branch={1052} | size=1 | parse=0 | names=[免费节点10] 🇺🇸 US 243 → tg@nicevpn123 | err=-
[DROP] name=[免费节点10] 🇺🇸 US 243 → tg@nicevpn123 {1052} | server=auth.speedtest.net:443 | reason=mihomo start failed
[TEST] {1055} tested=1/1 | kept=0 | rest=0
[DEBUG] mihomo isolate | branch={1055} | size=1 | parse=0 | names=[免费节点10] 🇺🇸 US 250 → tg@nicevpn123 | err=-
[DEBUG] mihomo drop | branch={1055} | size=1 | parse=0 | names=[免费节点10] 🇺🇸 US 250 → tg@nicevpn123 | err=-
[DROP] name=[免费节点10] 🇺🇸 US 250 → tg@nicevpn123 {1055} | server=104.21.225.208:80 | reason=mihomo start failed
[TEST] {1054} tested=1/1 | kept=0 | rest=0
[DEBUG] mihomo isolate | branch={1054} | size=1 | parse=0 | names=[免费节点10] 🇺🇸 US 247 → tg@nicevpn123 | err=-
[DEBUG] mihomo drop | branch={1054} | size=1 | parse=0 | names=[免费节点10] 🇺🇸 US 247 → tg@nicevpn123 | err=-
[DROP] name=[免费节点10] 🇺🇸 US 247 → tg@nicevpn123 {1054} | server=qin17.rong1104.uk:2053 | reason=mihomo start failed
[TEST] {1056} tested=1/1 | kept=0 | rest=0
[DEBUG] mihomo isolate | branch={1056} | size=1 | parse=0 | names=[免费节点10] 🇺🇸 US 238 → tg@nicevpn123 | err=-
[DEBUG] mihomo drop | branch={1056} | size=1 | parse=0 | names=[免费节点10] 🇺🇸 US 238 → tg@nicevpn123 | err=-
[DROP] name=[免费节点10] 🇺🇸 US 238 → tg@nicevpn123 {1056} | server=104.16.39.99:2082 | reason=mihomo start failed
[TEST] {1057} tested=1/1 | kept=0 | rest=0
[DEBUG] mihomo isolate | branch={1057} | size=1 | parse=0 | names=[免费节点10] 🇺🇸 US 239 → tg@nicevpn123 | err=-
[DEBUG] mihomo drop | branch={1057} | size=1 | parse=0 | names=[免费节点10] 🇺🇸 US 239 → tg@nicevpn123 | err=-
[DROP] name=[免费节点10] 🇺🇸 US 239 → tg@nicevpn123 {1057} | server=104.16.42.205:2082 | reason=mihomo start failed
[TEST] {1046} tested=1/1 | kept=0 | rest=0
[DEBUG] mihomo isolate | branch={1046} | size=1 | parse=0 | names=[Epodonios] EPODONIOS-277 | err=-
[DEBUG] mihomo drop | branch={1046} | size=1 | parse=0 | names=[Epodonios] EPODONIOS-277 | err=-
[DROP] name=[Epodonios] EPODONIOS-277 {1046} | server=172.238.120.124:443 | reason=mihomo start failed
[TEST] {1058} tested=1/1 | kept=0 | rest=0
[DEBUG] mihomo isolate | branch={1058} | size=1 | parse=0 | names=[免费节点10] 🇺🇸 US 24 → tg@nicevpn123 | err=-
[DEBUG] mihomo drop | branch={1058} | size=1 | parse=0 | names=[免费节点10] 🇺🇸 US 24 → tg@nicevpn123 | err=-
[DROP] name=[免费节点10] 🇺🇸 US 24 → tg@nicevpn123 {1058} | server=104.19.48.138:2082 | reason=mihomo start failed
[TEST] {1061} tested=1/1 | kept=0 | rest=0
[DEBUG] mihomo isolate | branch={1061} | size=1 | parse=0 | names=[免费节点10] 🇺🇸 US 216 → tg@nicevpn123 | err=-
[DEBUG] mihomo drop | branch={1061} | size=1 | parse=0 | names=[免费节点10] 🇺🇸 US 216 → tg@nicevpn123 | err=-
[DROP] name=[免费节点10] 🇺🇸 US 216 → tg@nicevpn123 {1061} | server=104.19.45.199:2095 | reason=mihomo start failed
[TEST] {1060} tested=1/1 | kept=0 | rest=0
[DEBUG] mihomo isolate | branch={1060} | size=1 | parse=0 | names=[免费节点10] 🇺🇸 US 215 → tg@nicevpn123 | err=-
[DEBUG] mihomo drop | branch={1060} | size=1 | parse=0 | names=[免费节点10] 🇺🇸 US 215 → tg@nicevpn123 | err=-
[DROP] name=[免费节点10] 🇺🇸 US 215 → tg@nicevpn123 {1060} | server=ak1757.www.outline.network.fr8678825324247b8176d59f83c30bd94d23d2e3ac5cd4a743bkwqeikvdyufr.cyou:8080 | reason=mihomo start failed
[TEST] {1062} tested=1/1 | kept=0 | rest=0
[DEBUG] mihomo isolate | branch={1062} | size=1 | parse=0 | names=[免费节点10] 🇺🇸 US 219 → tg@nicevpn123 | err=-
[DEBUG] mihomo drop | branch={1062} | size=1 | parse=0 | names=[免费节点10] 🇺🇸 US 219 → tg@nicevpn123 | err=-
[DROP] name=[免费节点10] 🇺🇸 US 219 → tg@nicevpn123 {1062} | server=104.21.225.96:80 | reason=mihomo start failed
[TEST] {1063} tested=1/1 | kept=0 | rest=0
[DEBUG] mihomo isolate | branch={1063} | size=1 | parse=0 | names=[免费节点10] 🇺🇸 US 22 → tg@nicevpn123 | err=-
[DEBUG] mihomo drop | branch={1063} | size=1 | parse=0 | names=[免费节点10] 🇺🇸 US 22 → tg@nicevpn123 | err=-
[DROP] name=[免费节点10] 🇺🇸 US 22 → tg@nicevpn123 {1063} | server=45.77.223.124:16899 | reason=mihomo start failed
[TEST] {1065} tested=1/1 | kept=0 | rest=0
[DEBUG] mihomo isolate | branch={1065} | size=1 | parse=0 | names=[免费节点10] 🇺🇸 US 221 → tg@nicevpn123 | err=-
[DEBUG] mihomo drop | branch={1065} | size=1 | parse=0 | names=[免费节点10] 🇺🇸 US 221 → tg@nicevpn123 | err=-
[DROP] name=[免费节点10] 🇺🇸 US 221 → tg@nicevpn123 {1065} | server=172.232.62.234:443 | reason=mihomo start failed
[TEST] {1051} tested=1/1 | kept=0 | rest=0
[DEBUG] mihomo isolate | branch={1051} | size=1 | parse=0 | names=[免费节点10] 🇺🇸 US 242 → tg@nicevpn123 | err=-
[DEBUG] mihomo drop | branch={1051} | size=1 | parse=0 | names=[免费节点10] 🇺🇸 US 242 → tg@nicevpn123 | err=-
[DROP] name=[免费节点10] 🇺🇸 US 242 → tg@nicevpn123 {1051} | server=38.75.136.33:7306 | reason=mihomo start failed
[TEST] {1053} tested=1/1 | kept=0 | rest=0
[DEBUG] mihomo isolate | branch={1053} | size=1 | parse=0 | names=[免费节点10] 🇺🇸 US 246 → tg@nicevpn123 | err=-
[DEBUG] mihomo drop | branch={1053} | size=1 | parse=0 | names=[免费节点10] 🇺🇸 US 246 → tg@nicevpn123 | err=-
[DROP] name=[免费节点10] 🇺🇸 US 246 → tg@nicevpn123 {1053} | server=zula.ir:443 | reason=mihomo start failed
[TEST] {1067} tested=1/1 | kept=0 | rest=0
[DEBUG] mihomo isolate | branch={1067} | size=1 | parse=0 | names=[免费节点10] 🇺🇸 US 223 → tg@nicevpn123 | err=-
[DEBUG] mihomo drop | branch={1067} | size=1 | parse=0 | names=[免费节点10] 🇺🇸 US 223 → tg@nicevpn123 | err=-
[DROP] name=[免费节点10] 🇺🇸 US 223 → tg@nicevpn123 {1067} | server=104.19.45.59:2095 | reason=mihomo start failed
[TEST] {1059} tested=1/1 | kept=0 | rest=0
[DEBUG] mihomo isolate | branch={1059} | size=1 | parse=0 | names=[免费节点10] 🇺🇸 US 240 → tg@nicevpn123 | err=-
[DEBUG] mihomo drop | branch={1059} | size=1 | parse=0 | names=[免费节点10] 🇺🇸 US 240 → tg@nicevpn123 | err=-
[DROP] name=[免费节点10] 🇺🇸 US 240 → tg@nicevpn123 {1059} | server=38.75.136.33:5001 | reason=mihomo start failed
[TEST] {1064} tested=1/1 | kept=0 | rest=0
[DEBUG] mihomo isolate | branch={1064} | size=1 | parse=0 | names=[免费节点10] 🇺🇸 US 220 → tg@nicevpn123 | err=-
[DEBUG] mihomo drop | branch={1064} | size=1 | parse=0 | names=[免费节点10] 🇺🇸 US 220 → tg@nicevpn123 | err=-
[DROP] name=[免费节点10] 🇺🇸 US 220 → tg@nicevpn123 {1064} | server=45.79.108.12:443 | reason=mihomo start failed
[TEST] {1069} tested=1/1 | kept=0 | rest=0
[DEBUG] mihomo isolate | branch={1069} | size=1 | parse=0 | names=[Epodonios] EPODONIOS-169 | err=-
[DEBUG] mihomo drop | branch={1069} | size=1 | parse=0 | names=[Epodonios] EPODONIOS-169 | err=-
[DROP] name=[Epodonios] EPODONIOS-169 {1069} | server=23.157.40.120:8000 | reason=mihomo start failed
[TEST] {1072} tested=1/1 | kept=0 | rest=0
[DEBUG] mihomo isolate | branch={1072} | size=1 | parse=0 | names=[Epodonios] EPODONIOS-172 | err=-
[DEBUG] mihomo drop | branch={1072} | size=1 | parse=0 | names=[Epodonios] EPODONIOS-172 | err=-
[DROP] name=[Epodonios] EPODONIOS-172 {1072} | server=23.157.40.120:8008 | reason=mihomo start failed
[TEST] {1066} tested=1/1 | kept=0 | rest=0
[DEBUG] mihomo isolate | branch={1066} | size=1 | parse=0 | names=[免费节点10] 🇺🇸 US 222 → tg@nicevpn123 | err=-
[DEBUG] mihomo drop | branch={1066} | size=1 | parse=0 | names=[免费节点10] 🇺🇸 US 222 → tg@nicevpn123 | err=-
[DROP] name=[免费节点10] 🇺🇸 US 222 → tg@nicevpn123 {1066} | server=38.114.114.208:6679 | reason=mihomo start failed
[TEST] {1068} tested=1/1 | kept=0 | rest=0
[DEBUG] mihomo isolate | branch={1068} | size=1 | parse=0 | names=[免费节点10] 🇺🇸 US 227 → tg@nicevpn123 | err=-
[DEBUG] mihomo drop | branch={1068} | size=1 | parse=0 | names=[免费节点10] 🇺🇸 US 227 → tg@nicevpn123 | err=-
[DROP] name=[免费节点10] 🇺🇸 US 227 → tg@nicevpn123 {1068} | server=38.173.210.79:37001 | reason=mihomo start failed
[TEST] {1070} tested=1/1 | kept=0 | rest=0
[DEBUG] mihomo isolate | branch={1070} | size=1 | parse=0 | names=[Epodonios] EPODONIOS-170 | err=-
[DEBUG] mihomo drop | branch={1070} | size=1 | parse=0 | names=[Epodonios] EPODONIOS-170 | err=-
[DROP] name=[Epodonios] EPODONIOS-170 {1070} | server=23.157.40.53:8080 | reason=mihomo start failed
[TEST] {1071} tested=1/1 | kept=0 | rest=0
[DEBUG] mihomo isolate | branch={1071} | size=1 | parse=0 | names=[Epodonios] EPODONIOS-171 | err=-
[DEBUG] mihomo drop | branch={1071} | size=1 | parse=0 | names=[Epodonios] EPODONIOS-171 | err=-
[DROP] name=[Epodonios] EPODONIOS-171 {1071} | server=23.157.40.53:8090 | reason=mihomo start failed
[TEST] {1073} tested=1/1 | kept=0 | rest=0
[DEBUG] mihomo isolate | branch={1073} | size=1 | parse=0 | names=[Epodonios] EPODONIOS-173 | err=-
[DEBUG] mihomo drop | branch={1073} | size=1 | parse=0 | names=[Epodonios] EPODONIOS-173 | err=-
[DROP] name=[Epodonios] EPODONIOS-173 {1073} | server=23.157.40.10:5001 | reason=mihomo start failed
[TEST] {1074} tested=1/1 | kept=0 | rest=0
[DEBUG] mihomo isolate | branch={1074} | size=1 | parse=0 | names=[Epodonios] EPODONIOS-174 | err=-
[DEBUG] mihomo drop | branch={1074} | size=1 | parse=0 | names=[Epodonios] EPODONIOS-174 | err=-
[DROP] name=[Epodonios] EPODONIOS-174 {1074} | server=23.157.40.10:9090 | reason=mihomo start failed
[TEST] {1079} tested=1/1 | kept=0 | rest=0
[DEBUG] mihomo isolate | branch={1079} | size=1 | parse=0 | names=[Epodonios] EPODONIOS-287 | err=-
[DEBUG] mihomo drop | branch={1079} | size=1 | parse=0 | names=[Epodonios] EPODONIOS-287 | err=-
[DROP] name=[Epodonios] EPODONIOS-287 {1079} | server=104.21.18.141:443 | reason=mihomo start failed
[TEST] {1078} tested=1/1 | kept=0 | rest=0
[DEBUG] mihomo isolate | branch={1078} | size=1 | parse=0 | names=[Epodonios] EPODONIOS-286 | err=-
[DEBUG] mihomo drop | branch={1078} | size=1 | parse=0 | names=[Epodonios] EPODONIOS-286 | err=-
[DROP] name=[Epodonios] EPODONIOS-286 {1078} | server=discord.gg:80 | reason=mihomo start failed
[TEST] {1080} tested=1/1 | kept=0 | rest=0
[DEBUG] mihomo isolate | branch={1080} | size=1 | parse=0 | names=[Epodonios] Telegram---PLANB_NET---PLANB | err=-
[DEBUG] mihomo drop | branch={1080} | size=1 | parse=0 | names=[Epodonios] Telegram---PLANB_NET---PLANB | err=-
[DROP] name=[Epodonios] Telegram---PLANB_NET---PLANB_NET---PLANB_NET---PLANB_NET?ed&security=tls&alpn=http/1.1&encryption=none&insecure=0&host=f2au50vwmige9oftda.netizo14.workers.dev&fp=chrome&type=ws&allowInsecure=0&sni=F2aU50vwmIGE9oFtda.netIZO14.WOrkErs.Dev#EPODONIOS {1080} | server=172.67.182.80:443 | reason=mihomo start failed
[TEST] {1076} tested=1/1 | kept=0 | rest=0
[DEBUG] mihomo isolate | branch={1076} | size=1 | parse=0 | names=[Epodonios] EPODONIOS-176 | err=-
[DEBUG] mihomo drop | branch={1076} | size=1 | parse=0 | names=[Epodonios] EPODONIOS-176 | err=-
[DROP] name=[Epodonios] EPODONIOS-176 {1076} | server=23.157.40.10:8119 | reason=mihomo start failed
[TEST] {1081} tested=1/1 | kept=0 | rest=0
[DEBUG] mihomo isolate | branch={1081} | size=1 | parse=0 | names=[Epodonios] EPODONIOS-288 | err=-
[DEBUG] mihomo drop | branch={1081} | size=1 | parse=0 | names=[Epodonios] EPODONIOS-288 | err=-
[DROP] name=[Epodonios] EPODONIOS-288 {1081} | server=pishdad.org:8080 | reason=mihomo start failed
[TEST] {1082} tested=1/1 | kept=0 | rest=0
[DEBUG] mihomo isolate | branch={1082} | size=1 | parse=0 | names=[Epodonios] EPODONIOS-289 | err=-
[DEBUG] mihomo drop | branch={1082} | size=1 | parse=0 | names=[Epodonios] EPODONIOS-289 | err=-
[DROP] name=[Epodonios] EPODONIOS-289 {1082} | server=edge.aiteamplus.ir:10007 | reason=mihomo start failed
[TEST] {1084} tested=1/1 | kept=0 | rest=0
[DEBUG] mihomo isolate | branch={1084} | size=1 | parse=0 | names=[Epodonios] vless | err=-
[DEBUG] mihomo drop | branch={1084} | size=1 | parse=0 | names=[Epodonios] vless | err=-
[DROP] name=[Epodonios] vless {1084} | server=www.hxino.com:443 | reason=mihomo start failed
[TEST] {1085} tested=1/1 | kept=0 | rest=0
[DEBUG] mihomo isolate | branch={1085} | size=1 | parse=0 | names=[Epodonios] EPODONIOS-291 | err=-
[DEBUG] mihomo drop | branch={1085} | size=1 | parse=0 | names=[Epodonios] EPODONIOS-291 | err=-
[DROP] name=[Epodonios] EPODONIOS-291 {1085} | server=85.208.85.246:25565 | reason=mihomo start failed
[TEST] {1086} tested=1/1 | kept=0 | rest=0
[DEBUG] mihomo isolate | branch={1086} | size=1 | parse=0 | names=[Epodonios] EPODONIOS-292 | err=-
[DEBUG] mihomo drop | branch={1086} | size=1 | parse=0 | names=[Epodonios] EPODONIOS-292 | err=-
[DROP] name=[Epodonios] EPODONIOS-292 {1086} | server=85.208.85.246:443 | reason=mihomo start failed
[TEST] {1087} tested=1/1 | kept=0 | rest=0
[DEBUG] mihomo isolate | branch={1087} | size=1 | parse=0 | names=[Epodonios] EPODONIOS-189 | err=-
[DEBUG] mihomo drop | branch={1087} | size=1 | parse=0 | names=[Epodonios] EPODONIOS-189 | err=-
[DROP] name=[Epodonios] EPODONIOS-189 {1087} | server=104.16.72.101:443 | reason=mihomo start failed
[TEST] {1083} tested=1/1 | kept=0 | rest=0
[DEBUG] mihomo isolate | branch={1083} | size=1 | parse=0 | names=[Epodonios] EPODONIOS-290 | err=-
[DEBUG] mihomo drop | branch={1083} | size=1 | parse=0 | names=[Epodonios] EPODONIOS-290 | err=-
[DROP] name=[Epodonios] EPODONIOS-290 {1083} | server=lovesykun.cn:443 | reason=mihomo start failed
[TEST] {1077} tested=1/1 | kept=0 | rest=0
[DEBUG] mihomo isolate | branch={1077} | size=1 | parse=0 | names=[Epodonios] EPODONIOS-177 | err=-
[DEBUG] mihomo drop | branch={1077} | size=1 | parse=0 | names=[Epodonios] EPODONIOS-177 | err=-
[DROP] name=[Epodonios] EPODONIOS-177 {1077} | server=23.157.40.53:8118 | reason=mihomo start failed
[TEST] {1075} tested=1/1 | kept=0 | rest=0
[DEBUG] mihomo isolate | branch={1075} | size=1 | parse=0 | names=[Epodonios] EPODONIOS-175 | err=-
[DEBUG] mihomo drop | branch={1075} | size=1 | parse=0 | names=[Epodonios] EPODONIOS-175 | err=-
[DROP] name=[Epodonios] EPODONIOS-175 {1075} | server=23.157.40.53:9090 | reason=mihomo start failed
[TEST] {1090} tested=1/1 | kept=0 | rest=0
[DEBUG] mihomo isolate | branch={1090} | size=1 | parse=0 | names=[Epodonios] EPODONIOS-192 | err=-
[DEBUG] mihomo drop | branch={1090} | size=1 | parse=0 | names=[Epodonios] EPODONIOS-192 | err=-
[DROP] name=[Epodonios] EPODONIOS-192 {1090} | server=69.46.46.148:443 | reason=mihomo start failed
[TEST] {1088} tested=1/1 | kept=0 | rest=0
[DEBUG] mihomo isolate | branch={1088} | size=1 | parse=0 | names=[Epodonios] EPODONIOS-190 | err=-
[DEBUG] mihomo drop | branch={1088} | size=1 | parse=0 | names=[Epodonios] EPODONIOS-190 | err=-
[DROP] name=[Epodonios] EPODONIOS-190 {1088} | server=95.40.110.184:50887 | reason=mihomo start failed
[TEST] {1092} tested=1/1 | kept=0 | rest=0
[DEBUG] mihomo isolate | branch={1092} | size=1 | parse=0 | names=[Epodonios] EPODONIOS-185 | err=-
[DEBUG] mihomo drop | branch={1092} | size=1 | parse=0 | names=[Epodonios] EPODONIOS-185 | err=-
[DROP] name=[Epodonios] EPODONIOS-185 {1092} | server=69.46.46.163:443 | reason=mihomo start failed
[TEST] {1095} tested=1/1 | kept=0 | rest=0
[DEBUG] mihomo isolate | branch={1095} | size=1 | parse=0 | names=[Epodonios] EPODONIOS-188 | err=-
[DEBUG] mihomo drop | branch={1095} | size=1 | parse=0 | names=[Epodonios] EPODONIOS-188 | err=-
[DROP] name=[Epodonios] EPODONIOS-188 {1095} | server=104.21.8.63:443 | reason=mihomo start failed
[TEST] {1089} tested=1/1 | kept=0 | rest=0
[DEBUG] mihomo isolate | branch={1089} | size=1 | parse=0 | names=[Epodonios] EPODONIOS-191 | err=-
[DEBUG] mihomo drop | branch={1089} | size=1 | parse=0 | names=[Epodonios] EPODONIOS-191 | err=-
[DROP] name=[Epodonios] EPODONIOS-191 {1089} | server=95.40.43.135:50887 | reason=mihomo start failed
[TEST] {1096} tested=1/1 | kept=0 | rest=0
[DEBUG] mihomo isolate | branch={1096} | size=1 | parse=0 | names=[Epodonios] EPODONIOS-178 | err=-
[DEBUG] mihomo drop | branch={1096} | size=1 | parse=0 | names=[Epodonios] EPODONIOS-178 | err=-
[DROP] name=[Epodonios] EPODONIOS-178 {1096} | server=46.17.40.234:7018 | reason=mihomo start failed
[TEST] {1093} tested=1/1 | kept=0 | rest=0
[DEBUG] mihomo isolate | branch={1093} | size=1 | parse=0 | names=[Epodonios] EPODONIOS-186 | err=-
[DEBUG] mihomo drop | branch={1093} | size=1 | parse=0 | names=[Epodonios] EPODONIOS-186 | err=-
[DROP] name=[Epodonios] EPODONIOS-186 {1093} | server=172.64.152.23:443 | reason=mihomo start failed
[TEST] {1094} tested=1/1 | kept=0 | rest=0
[DEBUG] mihomo isolate | branch={1094} | size=1 | parse=0 | names=[Epodonios] EPODONIOS-187 | err=-
[DEBUG] mihomo drop | branch={1094} | size=1 | parse=0 | names=[Epodonios] EPODONIOS-187 | err=-
[DROP] name=[Epodonios] EPODONIOS-187 {1094} | server=5.34.222.4:43074 | reason=mihomo start failed
[TEST] {1097} tested=1/1 | kept=0 | rest=0
[DEBUG] mihomo isolate | branch={1097} | size=1 | parse=0 | names=[Epodonios] EPODONIOS-179 | err=-
[DEBUG] mihomo drop | branch={1097} | size=1 | parse=0 | names=[Epodonios] EPODONIOS-179 | err=-
[DROP] name=[Epodonios] EPODONIOS-179 {1097} | server=109.104.154.163:2375 | reason=mihomo start failed
[TEST] {1098} tested=1/1 | kept=0 | rest=0
[DEBUG] mihomo isolate | branch={1098} | size=1 | parse=0 | names=[Epodonios] EPODONIOS-180 | err=-
[DEBUG] mihomo drop | branch={1098} | size=1 | parse=0 | names=[Epodonios] EPODONIOS-180 | err=-
[DROP] name=[Epodonios] EPODONIOS-180 {1098} | server=23.157.88.61:2376 | reason=mihomo start failed
[TEST] {1102} tested=1/1 | kept=0 | rest=0
[DEBUG] mihomo isolate | branch={1102} | size=1 | parse=0 | names=[免费节点10] 🇺🇸 US 261 → tg@nicevpn123 | err=-
[DEBUG] mihomo drop | branch={1102} | size=1 | parse=0 | names=[免费节点10] 🇺🇸 US 261 → tg@nicevpn123 | err=-
[DROP] name=[免费节点10] 🇺🇸 US 261 → tg@nicevpn123 {1102} | server=104.19.45.180:2095 | reason=mihomo start failed
[TEST] {1100} tested=1/1 | kept=0 | rest=0
[DEBUG] mihomo isolate | branch={1100} | size=1 | parse=0 | names=[免费节点10] 🇺🇸 US 26 → tg@nicevpn123 | err=-
[DEBUG] mihomo drop | branch={1100} | size=1 | parse=0 | names=[免费节点10] 🇺🇸 US 26 → tg@nicevpn123 | err=-
[DROP] name=[免费节点10] 🇺🇸 US 26 → tg@nicevpn123 {1100} | server=104.19.45.97:2082 | reason=mihomo start failed
[TEST] {1103} tested=1/1 | kept=0 | rest=0
[DEBUG] mihomo isolate | branch={1103} | size=1 | parse=0 | names=[免费节点10] 🇺🇸 US 262 → tg@nicevpn123 | err=-
[DEBUG] mihomo drop | branch={1103} | size=1 | parse=0 | names=[免费节点10] 🇺🇸 US 262 → tg@nicevpn123 | err=-
[DROP] name=[免费节点10] 🇺🇸 US 262 → tg@nicevpn123 {1103} | server=172.67.185.79:8080 | reason=mihomo start failed
[DEBUG] mihomo start-fail | branch={1091} | size=1 | parse=0 | rc=0 | names=[Epodonios] EPODONIOS-193 | err=rc=None Mihomo controller did not become ready time="2026-09-28T14:16:59.090033346Z" level=info msg="Start initial configuration in progress" time="2026-09-28T14:16:59.090215667Z" level=info msg="Geodata Loader mode: memconservative" tim...
[DEBUG] mihomo isolate | branch={1091} | size=1 | parse=0 | names=[Epodonios] EPODONIOS-193 | err=Mihomo controller did not become ready time="2026-09-28T14:16:59.090033346Z" level=info msg="Start initial configuration in progress" time="2026-09-28T14:16:59.090215667Z" level=info msg="Geodata Loader mode: memconservative" time="2026-...
[TEST] {1104} tested=1/1 | kept=0 | rest=0
[DEBUG] mihomo isolate | branch={1104} | size=1 | parse=0 | names=[免费节点10] 🇺🇸 US 263 → tg@nicevpn123 | err=-
[DEBUG] mihomo drop | branch={1104} | size=1 | parse=0 | names=[免费节点10] 🇺🇸 US 263 → tg@nicevpn123 | err=-
[DROP] name=[免费节点10] 🇺🇸 US 263 → tg@nicevpn123 {1104} | server=104.21.237.57:2052 | reason=mihomo start failed
[TEST] {1106} tested=1/1 | kept=0 | rest=0
[DEBUG] mihomo isolate | branch={1106} | size=1 | parse=0 | names=[免费节点10] 🇺🇸 US 265 → tg@nicevpn123 | err=-
[DEBUG] mihomo drop | branch={1106} | size=1 | parse=0 | names=[免费节点10] 🇺🇸 US 265 → tg@nicevpn123 | err=-
[DROP] name=[免费节点10] 🇺🇸 US 265 → tg@nicevpn123 {1106} | server=172.67.229.35:2086 | reason=mihomo start failed
[TEST] {1107} tested=1/1 | kept=0 | rest=0
[DEBUG] mihomo isolate | branch={1107} | size=1 | parse=0 | names=[免费节点10] 🇺🇸 US 266 → tg@nicevpn123 | err=-
[DEBUG] mihomo drop | branch={1107} | size=1 | parse=0 | names=[免费节点10] 🇺🇸 US 266 → tg@nicevpn123 | err=-
[DROP] name=[免费节点10] 🇺🇸 US 266 → tg@nicevpn123 {1107} | server=104.19.45.184:2095 | reason=mihomo start failed
[TEST] {1108} tested=1/1 | kept=0 | rest=0
[DEBUG] mihomo isolate | branch={1108} | size=1 | parse=0 | names=[免费节点10] 🇺🇸 US 268 → tg@nicevpn123 | err=-
[DEBUG] mihomo drop | branch={1108} | size=1 | parse=0 | names=[免费节点10] 🇺🇸 US 268 → tg@nicevpn123 | err=-
[DROP] name=[免费节点10] 🇺🇸 US 268 → tg@nicevpn123 {1108} | server=104.17.147.6:443 | reason=mihomo start failed
[TEST] {1091} tested=1/1 | kept=0 | rest=0
[TEST] {1099} tested=1/1 | kept=0 | rest=0
[DEBUG] mihomo isolate | branch={1099} | size=1 | parse=0 | names=[Epodonios] EPODONIOS-181 | err=-
[DEBUG] mihomo drop | branch={1099} | size=1 | parse=0 | names=[Epodonios] EPODONIOS-181 | err=-
[DROP] name=[Epodonios] EPODONIOS-181 {1099} | server=23.157.40.10:8881 | reason=mihomo start failed
[TEST] {1110} tested=1/1 | kept=0 | rest=0
[DEBUG] mihomo isolate | branch={1110} | size=1 | parse=0 | names=[免费节点10] 🇺🇸 US 277 → tg@nicevpn123 | err=-
[DEBUG] mihomo drop | branch={1110} | size=1 | parse=0 | names=[免费节点10] 🇺🇸 US 277 → tg@nicevpn123 | err=-
[DROP] name=[免费节点10] 🇺🇸 US 277 → tg@nicevpn123 {1110} | server=104.16.40.187:2082 | reason=mihomo start failed
[TEST] {1101} tested=1/1 | kept=0 | rest=0
[DEBUG] mihomo isolate | branch={1101} | size=1 | parse=0 | names=[免费节点10] 🇺🇸 US 260 → tg@nicevpn123 | err=-
[DEBUG] mihomo drop | branch={1101} | size=1 | parse=0 | names=[免费节点10] 🇺🇸 US 260 → tg@nicevpn123 | err=-
[DROP] name=[免费节点10] 🇺🇸 US 260 → tg@nicevpn123 {1101} | server=ip0axv1bbsu02k7-tw.1ytnode.com:56330 | reason=mihomo start failed
[TEST] {1105} tested=1/1 | kept=0 | rest=0
[DEBUG] mihomo isolate | branch={1105} | size=1 | parse=0 | names=[免费节点10] 🇺🇸 US 264 → tg@nicevpn123 | err=-
[DEBUG] mihomo drop | branch={1105} | size=1 | parse=0 | names=[免费节点10] 🇺🇸 US 264 → tg@nicevpn123 | err=-
[DROP] name=[免费节点10] 🇺🇸 US 264 → tg@nicevpn123 {1105} | server=149.28.120.218:24721 | reason=mihomo start failed
[TEST] {580} tested=1/1 | kept=0 | rest=0
[DEBUG] mihomo isolate | branch={580} | size=1 | parse=0 | names=[免费节点10] 🇺🇸 US 272 → tg@nicevpn123 | err=-
[DEBUG] mihomo drop | branch={580} | size=1 | parse=0 | names=[免费节点10] 🇺🇸 US 272 → tg@nicevpn123 | err=-
[DROP] name=[免费节点10] 🇺🇸 US 272 → tg@nicevpn123 {580} | server=qin19.rong1104.uk:2053 | reason=mihomo start failed
[TEST] {1109} tested=1/1 | kept=0 | rest=0
[DEBUG] mihomo isolate | branch={1109} | size=1 | parse=0 | names=[免费节点10] 🇺🇸 US 276 → tg@nicevpn123 | err=-
[DEBUG] mihomo drop | branch={1109} | size=1 | parse=0 | names=[免费节点10] 🇺🇸 US 276 → tg@nicevpn123 | err=-
[DROP] name=[免费节点10] 🇺🇸 US 276 → tg@nicevpn123 {1109} | server=38.180.98.215:8080 | reason=mihomo start failed
[TEST] {1116} tested=1/1 | kept=0 | rest=0
[DEBUG] mihomo isolate | branch={1116} | size=1 | parse=0 | names=[免费节点10] 🇺🇸 US 283 → tg@nicevpn123 | err=-
[DEBUG] mihomo drop | branch={1116} | size=1 | parse=0 | names=[免费节点10] 🇺🇸 US 283 → tg@nicevpn123 | err=-
[DROP] name=[免费节点10] 🇺🇸 US 283 → tg@nicevpn123 {1116} | server=104.17.17.103:8080 | reason=mihomo start failed
[TEST] {1111} tested=1/1 | kept=0 | rest=0
[DEBUG] mihomo isolate | branch={1111} | size=1 | parse=0 | names=[免费节点10] 🇺🇸 US 278 → tg@nicevpn123 | err=-
[DEBUG] mihomo drop | branch={1111} | size=1 | parse=0 | names=[免费节点10] 🇺🇸 US 278 → tg@nicevpn123 | err=-
[DROP] name=[免费节点10] 🇺🇸 US 278 → tg@nicevpn123 {1111} | server=172.252.193.222:42358 | reason=mihomo start failed
[TEST] {1117} tested=1/1 | kept=0 | rest=0
[DEBUG] mihomo isolate | branch={1117} | size=1 | parse=0 | names=[免费节点10] 🇺🇸 US 284 → tg@nicevpn123 | err=-
[DEBUG] mihomo drop | branch={1117} | size=1 | parse=0 | names=[免费节点10] 🇺🇸 US 284 → tg@nicevpn123 | err=-
[DROP] name=[免费节点10] 🇺🇸 US 284 → tg@nicevpn123 {1117} | server=104.17.207.13:8443 | reason=mihomo start failed
[TEST] {1112} tested=1/1 | kept=0 | rest=0
[DEBUG] mihomo isolate | branch={1112} | size=1 | parse=0 | names=[免费节点10] 🇺🇸 US 279 → tg@nicevpn123 | err=-
[DEBUG] mihomo drop | branch={1112} | size=1 | parse=0 | names=[免费节点10] 🇺🇸 US 279 → tg@nicevpn123 | err=-
[DROP] name=[免费节点10] 🇺🇸 US 279 → tg@nicevpn123 {1112} | server=50.116.2.131:443 | reason=mihomo start failed
[TEST] {1113} tested=1/1 | kept=0 | rest=0
[DEBUG] mihomo isolate | branch={1113} | size=1 | parse=0 | names=[免费节点10] 🇺🇸 US 28 → tg@nicevpn123 | err=-
[DEBUG] mihomo drop | branch={1113} | size=1 | parse=0 | names=[免费节点10] 🇺🇸 US 28 → tg@nicevpn123 | err=-
[DROP] name=[免费节点10] 🇺🇸 US 28 → tg@nicevpn123 {1113} | server=3.14.180.101:22222 | reason=mihomo start failed
[TEST] {1121} tested=1/1 | kept=0 | rest=0
[DEBUG] mihomo isolate | branch={1121} | size=1 | parse=0 | names=[免费节点10] 🇺🇸 US 32 → tg@nicevpn123 | err=-
[DEBUG] mihomo drop | branch={1121} | size=1 | parse=0 | names=[免费节点10] 🇺🇸 US 32 → tg@nicevpn123 | err=-
[DROP] name=[免费节点10] 🇺🇸 US 32 → tg@nicevpn123 {1121} | server=185.218.126.248:80 | reason=mihomo start failed
[TEST] {1120} tested=1/1 | kept=0 | rest=0
[DEBUG] mihomo isolate | branch={1120} | size=1 | parse=0 | names=[免费节点10] 🇺🇸 US 318 → tg@nicevpn123 | err=-
[DEBUG] mihomo drop | branch={1120} | size=1 | parse=0 | names=[免费节点10] 🇺🇸 US 318 → tg@nicevpn123 | err=-
[DROP] name=[免费节点10] 🇺🇸 US 318 → tg@nicevpn123 {1120} | server=104.19.42.178:2082 | reason=mihomo start failed
[TEST] {1115} tested=1/1 | kept=0 | rest=0
[DEBUG] mihomo isolate | branch={1115} | size=1 | parse=0 | names=[免费节点10] 🇺🇸 US 282 → tg@nicevpn123 | err=-
[DEBUG] mihomo drop | branch={1115} | size=1 | parse=0 | names=[免费节点10] 🇺🇸 US 282 → tg@nicevpn123 | err=-
[DROP] name=[免费节点10] 🇺🇸 US 282 → tg@nicevpn123 {1115} | server=ip0axv1bbsu02k7-sg.1ytnode.com:56331 | reason=mihomo start failed
[TEST] {1118} tested=1/1 | kept=0 | rest=0
[DEBUG] mihomo isolate | branch={1118} | size=1 | parse=0 | names=[免费节点10] 🇺🇸 US 315 → tg@nicevpn123 | err=-
[DEBUG] mihomo drop | branch={1118} | size=1 | parse=0 | names=[免费节点10] 🇺🇸 US 315 → tg@nicevpn123 | err=-
[DROP] name=[免费节点10] 🇺🇸 US 315 → tg@nicevpn123 {1118} | server=171.22.78.141:443 | reason=mihomo start failed
[TEST] {1119} tested=1/1 | kept=0 | rest=0
[DEBUG] mihomo isolate | branch={1119} | size=1 | parse=0 | names=[免费节点10] 🇺🇸 US 317 → tg@nicevpn123 | err=-
[DEBUG] mihomo drop | branch={1119} | size=1 | parse=0 | names=[免费节点10] 🇺🇸 US 317 → tg@nicevpn123 | err=-
[DROP] name=[免费节点10] 🇺🇸 US 317 → tg@nicevpn123 {1119} | server=15.204.87.217:5499 | reason=mihomo start failed
[TEST] {1125} tested=1/1 | kept=0 | rest=0
[DEBUG] mihomo isolate | branch={1125} | size=1 | parse=0 | names=[免费节点10] 🇺🇸 US 313 → tg@nicevpn123 | err=-
[DEBUG] mihomo drop | branch={1125} | size=1 | parse=0 | names=[免费节点10] 🇺🇸 US 313 → tg@nicevpn123 | err=-
[DROP] name=[免费节点10] 🇺🇸 US 313 → tg@nicevpn123 {1125} | server=104.21.25.98:80 | reason=mihomo start failed
[TEST] {1122} tested=1/1 | kept=0 | rest=0
[DEBUG] mihomo isolate | branch={1122} | size=1 | parse=0 | names=[免费节点10] 🇺🇸 US 320 → tg@nicevpn123 | err=-
[DEBUG] mihomo drop | branch={1122} | size=1 | parse=0 | names=[免费节点10] 🇺🇸 US 320 → tg@nicevpn123 | err=-
[DROP] name=[免费节点10] 🇺🇸 US 320 → tg@nicevpn123 {1122} | server=137.175.12.69:37002 | reason=mihomo start failed
[TEST] {1123} tested=1/1 | kept=0 | rest=0
[DEBUG] mihomo isolate | branch={1123} | size=1 | parse=0 | names=[免费节点10] 🇺🇸 US 31 → tg@nicevpn123 | err=-
[DEBUG] mihomo drop | branch={1123} | size=1 | parse=0 | names=[免费节点10] 🇺🇸 US 31 → tg@nicevpn123 | err=-
[DROP] name=[免费节点10] 🇺🇸 US 31 → tg@nicevpn123 {1123} | server=107.148.5.167:443 | reason=mihomo start failed
[TEST] {1130} tested=1/1 | kept=0 | rest=0
[DEBUG] mihomo isolate | branch={1130} | size=1 | parse=0 | names=[免费节点10] 🇺🇸 US 325 → tg@nicevpn123 | err=-
[DEBUG] mihomo drop | branch={1130} | size=1 | parse=0 | names=[免费节点10] 🇺🇸 US 325 → tg@nicevpn123 | err=-
[DROP] name=[免费节点10] 🇺🇸 US 325 → tg@nicevpn123 {1130} | server=104.19.45.70:2095 | reason=mihomo start failed
[TEST] {1128} tested=1/1 | kept=0 | rest=0
[DEBUG] mihomo isolate | branch={1128} | size=1 | parse=0 | names=[免费节点10] 🇺🇸 US 323 → tg@nicevpn123 | err=-
[DEBUG] mihomo drop | branch={1128} | size=1 | parse=0 | names=[免费节点10] 🇺🇸 US 323 → tg@nicevpn123 | err=-
[DROP] name=[免费节点10] 🇺🇸 US 323 → tg@nicevpn123 {1128} | server=zula.ir:443 | reason=mihomo start failed
[TEST] {1127} tested=1/1 | kept=0 | rest=0
[DEBUG] mihomo isolate | branch={1127} | size=1 | parse=0 | names=[免费节点10] 🇺🇸 US 322 → tg@nicevpn123 | err=-
[DEBUG] mihomo drop | branch={1127} | size=1 | parse=0 | names=[免费节点10] 🇺🇸 US 322 → tg@nicevpn123 | err=-
[DROP] name=[免费节点10] 🇺🇸 US 322 → tg@nicevpn123 {1127} | server=38.68.134.9:5601 | reason=mihomo start failed
[TEST] {1124} tested=1/1 | kept=0 | rest=0
[DEBUG] mihomo isolate | branch={1124} | size=1 | parse=0 | names=[免费节点10] 🇺🇸 US 311 → tg@nicevpn123 | err=-
[DEBUG] mihomo drop | branch={1124} | size=1 | parse=0 | names=[免费节点10] 🇺🇸 US 311 → tg@nicevpn123 | err=-
[DROP] name=[免费节点10] 🇺🇸 US 311 → tg@nicevpn123 {1124} | server=129.151.227.223:30502 | reason=mihomo start failed
[TEST] {1131} tested=1/1 | kept=0 | rest=0
[DEBUG] mihomo isolate | branch={1131} | size=1 | parse=0 | names=[免费节点10] 🇺🇸 US 326 → tg@nicevpn123 | err=-
[DEBUG] mihomo drop | branch={1131} | size=1 | parse=0 | names=[免费节点10] 🇺🇸 US 326 → tg@nicevpn123 | err=-
[DROP] name=[免费节点10] 🇺🇸 US 326 → tg@nicevpn123 {1131} | server=104.16.214.251:80 | reason=mihomo start failed
[TEST] {1133} tested=1/1 | kept=0 | rest=0
[DEBUG] mihomo isolate | branch={1133} | size=1 | parse=0 | names=[免费节点10] 🇺🇸 US 329 → tg@nicevpn123 | err=-
[DEBUG] mihomo drop | branch={1133} | size=1 | parse=0 | names=[免费节点10] 🇺🇸 US 329 → tg@nicevpn123 | err=-
[DROP] name=[免费节点10] 🇺🇸 US 329 → tg@nicevpn123 {1133} | server=cdncdncdncdn.784654.xyz:2052 | reason=mihomo start failed
[TEST] {1126} tested=1/1 | kept=0 | rest=0
[DEBUG] mihomo isolate | branch={1126} | size=1 | parse=0 | names=[免费节点10] 🇺🇸 US 314 → tg@nicevpn123 | err=-
[DEBUG] mihomo drop | branch={1126} | size=1 | parse=0 | names=[免费节点10] 🇺🇸 US 314 → tg@nicevpn123 | err=-
[DROP] name=[免费节点10] 🇺🇸 US 314 → tg@nicevpn123 {1126} | server=3.38.162.154:443 | reason=mihomo start failed
[TEST] {1135} tested=1/1 | kept=0 | rest=0
[DEBUG] mihomo isolate | branch={1135} | size=1 | parse=0 | names=[免费节点10] 🇺🇸 US 330 → tg@nicevpn123 | err=-
[DEBUG] mihomo drop | branch={1135} | size=1 | parse=0 | names=[免费节点10] 🇺🇸 US 330 → tg@nicevpn123 | err=-
[DROP] name=[免费节点10] 🇺🇸 US 330 → tg@nicevpn123 {1135} | server=104.26.0.95:443 | reason=mihomo start failed
[TEST] {1136} tested=1/1 | kept=0 | rest=0
[DEBUG] mihomo isolate | branch={1136} | size=1 | parse=0 | names=[免费节点10] 🇺🇸 US 304 → tg@nicevpn123 | err=-
[DEBUG] mihomo drop | branch={1136} | size=1 | parse=0 | names=[免费节点10] 🇺🇸 US 304 → tg@nicevpn123 | err=-
[DROP] name=[免费节点10] 🇺🇸 US 304 → tg@nicevpn123 {1136} | server=172.67.172.67:8080 | reason=mihomo start failed
[TEST] {1137} tested=1/1 | kept=0 | rest=0
[DEBUG] mihomo isolate | branch={1137} | size=1 | parse=0 | names=[免费节点10] 🇺🇸 US 305 → tg@nicevpn123 | err=-
[DEBUG] mihomo drop | branch={1137} | size=1 | parse=0 | names=[免费节点10] 🇺🇸 US 305 → tg@nicevpn123 | err=-
[DROP] name=[免费节点10] 🇺🇸 US 305 → tg@nicevpn123 {1137} | server=ak1661.www.outline.network.fr8678825324247b8176d59f83c30bd94d23d2e3ac5cd4a743bkwqeikvdyufr.cyou:8080 | reason=mihomo start failed
[TEST] {1129} tested=1/1 | kept=0 | rest=0
[DEBUG] mihomo isolate | branch={1129} | size=1 | parse=0 | names=[免费节点10] 🇺🇸 US 324 → tg@nicevpn123 | err=-
[DEBUG] mihomo drop | branch={1129} | size=1 | parse=0 | names=[免费节点10] 🇺🇸 US 324 → tg@nicevpn123 | err=-
[DROP] name=[免费节点10] 🇺🇸 US 324 → tg@nicevpn123 {1129} | server=54.187.81.197:443 | reason=mihomo start failed
[TEST] {1132} tested=1/1 | kept=0 | rest=0
[DEBUG] mihomo isolate | branch={1132} | size=1 | parse=0 | names=[免费节点10] 🇺🇸 US 328 → tg@nicevpn123 | err=-
[DEBUG] mihomo drop | branch={1132} | size=1 | parse=0 | names=[免费节点10] 🇺🇸 US 328 → tg@nicevpn123 | err=-
[DROP] name=[免费节点10] 🇺🇸 US 328 → tg@nicevpn123 {1132} | server=35.77.89.124:443 | reason=mihomo start failed
[TEST] {1134} tested=1/1 | kept=0 | rest=0
[DEBUG] mihomo isolate | branch={1134} | size=1 | parse=0 | names=[免费节点10] 🇺🇸 US 33 → tg@nicevpn123 | err=-
[DEBUG] mihomo drop | branch={1134} | size=1 | parse=0 | names=[免费节点10] 🇺🇸 US 33 → tg@nicevpn123 | err=-
[DROP] name=[免费节点10] 🇺🇸 US 33 → tg@nicevpn123 {1134} | server=shct.pkyun.xyz:51706 | reason=mihomo start failed
[TEST] {1139} tested=1/1 | kept=0 | rest=0
[DEBUG] mihomo isolate | branch={1139} | size=1 | parse=0 | names=[免费节点10] 🇺🇸 US 307 → tg@nicevpn123 | err=-
[DEBUG] mihomo drop | branch={1139} | size=1 | parse=0 | names=[免费节点10] 🇺🇸 US 307 → tg@nicevpn123 | err=-
[DROP] name=[免费节点10] 🇺🇸 US 307 → tg@nicevpn123 {1139} | server=47.243.28.9:26927 | reason=mihomo start failed
[TEST] {1142} tested=1/1 | kept=0 | rest=0
[DEBUG] mihomo isolate | branch={1142} | size=1 | parse=0 | names=[免费节点10] 🇺🇸 US 300 → tg@nicevpn123 | err=-
[DEBUG] mihomo drop | branch={1142} | size=1 | parse=0 | names=[免费节点10] 🇺🇸 US 300 → tg@nicevpn123 | err=-
[DROP] name=[免费节点10] 🇺🇸 US 300 → tg@nicevpn123 {1142} | server=104.19.45.168:2095 | reason=mihomo start failed
[TEST] {1138} tested=1/1 | kept=0 | rest=0
[DEBUG] mihomo isolate | branch={1138} | size=1 | parse=0 | names=[免费节点10] 🇺🇸 US 306 → tg@nicevpn123 | err=-
[DEBUG] mihomo drop | branch={1138} | size=1 | parse=0 | names=[免费节点10] 🇺🇸 US 306 → tg@nicevpn123 | err=-
[DROP] name=[免费节点10] 🇺🇸 US 306 → tg@nicevpn123 {1138} | server=45.77.105.178:27287 | reason=mihomo start failed
[TEST] {1144} tested=1/1 | kept=0 | rest=0
[DEBUG] mihomo isolate | branch={1144} | size=1 | parse=0 | names=[免费节点10] 🇺🇸 US 302 → tg@nicevpn123 | err=-
[DEBUG] mihomo drop | branch={1144} | size=1 | parse=0 | names=[免费节点10] 🇺🇸 US 302 → tg@nicevpn123 | err=-
[DROP] name=[免费节点10] 🇺🇸 US 302 → tg@nicevpn123 {1144} | server=104.21.229.46:80 | reason=mihomo start failed
[TEST] {1140} tested=1/1 | kept=0 | rest=0
[DEBUG] mihomo isolate | branch={1140} | size=1 | parse=0 | names=[免费节点10] 🇺🇸 US 309 → tg@nicevpn123 | err=-
[DEBUG] mihomo drop | branch={1140} | size=1 | parse=0 | names=[免费节点10] 🇺🇸 US 309 → tg@nicevpn123 | err=-
[DROP] name=[免费节点10] 🇺🇸 US 309 → tg@nicevpn123 {1140} | server=ip0axv1bbsu02k7-jp.1ytnode.com:56344 | reason=mihomo start failed
[TEST] {1146} tested=1/1 | kept=0 | rest=0
[DEBUG] mihomo isolate | branch={1146} | size=1 | parse=0 | names=[Epodonios] EPODONIOS-302 | err=-
[DEBUG] mihomo drop | branch={1146} | size=1 | parse=0 | names=[Epodonios] EPODONIOS-302 | err=-
[DROP] name=[Epodonios] EPODONIOS-302 {1146} | server=sv3.tsteam99.top:60003 | reason=mihomo start failed
[TEST] {1141} tested=1/1 | kept=0 | rest=0
[DEBUG] mihomo isolate | branch={1141} | size=1 | parse=0 | names=[免费节点10] 🇺🇸 US 30 → tg@nicevpn123 | err=-
[DEBUG] mihomo drop | branch={1141} | size=1 | parse=0 | names=[免费节点10] 🇺🇸 US 30 → tg@nicevpn123 | err=-
[DROP] name=[免费节点10] 🇺🇸 US 30 → tg@nicevpn123 {1141} | server=ip0axv1bbsu02k7-hk.1ytnode.com:56303 | reason=mihomo start failed
[TEST] {1143} tested=1/1 | kept=0 | rest=0
[DEBUG] mihomo isolate | branch={1143} | size=1 | parse=0 | names=[免费节点10] 🇺🇸 US 301 → tg@nicevpn123 | err=-
[DEBUG] mihomo drop | branch={1143} | size=1 | parse=0 | names=[免费节点10] 🇺🇸 US 301 → tg@nicevpn123 | err=-
[DROP] name=[免费节点10] 🇺🇸 US 301 → tg@nicevpn123 {1143} | server=132.145.208.20:443 | reason=mihomo start failed
[TEST] {1148} tested=1/1 | kept=0 | rest=0
[DEBUG] mihomo isolate | branch={1148} | size=1 | parse=0 | names=[Epodonios] EPODONIOS-304 | err=-
[DEBUG] mihomo drop | branch={1148} | size=1 | parse=0 | names=[Epodonios] EPODONIOS-304 | err=-
[DROP] name=[Epodonios] EPODONIOS-304 {1148} | server=tarane.2drive.sbs:80 | reason=mihomo start failed
[TEST] {1150} tested=1/1 | kept=0 | rest=0
[DEBUG] mihomo isolate | branch={1150} | size=1 | parse=0 | names=[Epodonios] EPODONIOS-311 | err=-
[DEBUG] mihomo drop | branch={1150} | size=1 | parse=0 | names=[Epodonios] EPODONIOS-311 | err=-
[DROP] name=[Epodonios] EPODONIOS-311 {1150} | server=nid3ch.betust.net:443 | reason=mihomo start failed
[TEST] {1149} tested=1/1 | kept=0 | rest=0
[DEBUG] mihomo isolate | branch={1149} | size=1 | parse=0 | names=[Epodonios] EPODONIOS-310 | err=-
[DEBUG] mihomo drop | branch={1149} | size=1 | parse=0 | names=[Epodonios] EPODONIOS-310 | err=-
[DROP] name=[Epodonios] EPODONIOS-310 {1149} | server=t1dn.blazenetwork.ir:443 | reason=mihomo start failed
[TEST] {1145} tested=1/1 | kept=0 | rest=0
[DEBUG] mihomo isolate | branch={1145} | size=1 | parse=0 | names=[Epodonios] EPODONIOS-301 | err=-
[DEBUG] mihomo drop | branch={1145} | size=1 | parse=0 | names=[Epodonios] EPODONIOS-301 | err=-
[DROP] name=[Epodonios] EPODONIOS-301 {1145} | server=b---u----l.cd2-ger1.ir:2087 | reason=mihomo start failed
[TEST] {1151} tested=1/1 | kept=0 | rest=0
[DEBUG] mihomo isolate | branch={1151} | size=1 | parse=0 | names=[Epodonios] EPODONIOS-312 | err=-
[DEBUG] mihomo drop | branch={1151} | size=1 | parse=0 | names=[Epodonios] EPODONIOS-312 | err=-
[DROP] name=[Epodonios] EPODONIOS-312 {1151} | server=yoshidoshi.shadoww345.ir:8080 | reason=mihomo start failed
[TEST] {1153} tested=1/1 | kept=0 | rest=0
[DEBUG] mihomo isolate | branch={1153} | size=1 | parse=0 | names=[Epodonios] EPODONIOS-305 | err=-
[DEBUG] mihomo drop | branch={1153} | size=1 | parse=0 | names=[Epodonios] EPODONIOS-305 | err=-
[DROP] name=[Epodonios] EPODONIOS-305 {1153} | server=tmesubgift.up.railway.app:443 | reason=mihomo start failed
[TEST] {1154} tested=1/1 | kept=0 | rest=0
[DEBUG] mihomo isolate | branch={1154} | size=1 | parse=0 | names=[Epodonios] EPODONIOS-306 | err=-
[DEBUG] mihomo drop | branch={1154} | size=1 | parse=0 | names=[Epodonios] EPODONIOS-306 | err=-
[DROP] name=[Epodonios] EPODONIOS-306 {1154} | server=188.225.57.78:443 | reason=mihomo start failed
[TEST] {1147} tested=1/1 | kept=0 | rest=0
[DEBUG] mihomo isolate | branch={1147} | size=1 | parse=0 | names=[Epodonios] EPODONIOS-303 | err=-
[DEBUG] mihomo drop | branch={1147} | size=1 | parse=0 | names=[Epodonios] EPODONIOS-303 | err=-
[DROP] name=[Epodonios] EPODONIOS-303 {1147} | server=fr-tx.sbrf-cdn342.ru:443 | reason=mihomo start failed
[TEST] {1155} tested=1/1 | kept=0 | rest=0
[DEBUG] mihomo isolate | branch={1155} | size=1 | parse=0 | names=[Epodonios] EPODONIOS-307 | err=-
[DEBUG] mihomo drop | branch={1155} | size=1 | parse=0 | names=[Epodonios] EPODONIOS-307 | err=-
[DROP] name=[Epodonios] EPODONIOS-307 {1155} | server=188.225.77.241:443 | reason=mihomo start failed
[TEST] {1158} tested=1/1 | kept=0 | rest=0
[DEBUG] mihomo isolate | branch={1158} | size=1 | parse=0 | names=[Epodonios] vless-2 | err=-
[DEBUG] mihomo drop | branch={1158} | size=1 | parse=0 | names=[Epodonios] vless-2 | err=-
[DROP] name=[Epodonios] vless-2 {1158} | server=k2.cloud--vpn.site:443 | reason=mihomo start failed
[TEST] {1156} tested=1/1 | kept=0 | rest=0
[DEBUG] mihomo isolate | branch={1156} | size=1 | parse=0 | names=[Epodonios] EPODONIOS-308 | err=-
[DEBUG] mihomo drop | branch={1156} | size=1 | parse=0 | names=[Epodonios] EPODONIOS-308 | err=-
[DROP] name=[Epodonios] EPODONIOS-308 {1156} | server=84.32.177.74:443 | reason=mihomo start failed
[TEST] {1160} tested=1/1 | kept=0 | rest=0
[DEBUG] mihomo isolate | branch={1160} | size=1 | parse=0 | names=[Epodonios] EPODONIOS-315 | err=-
[DEBUG] mihomo drop | branch={1160} | size=1 | parse=0 | names=[Epodonios] EPODONIOS-315 | err=-
[DROP] name=[Epodonios] EPODONIOS-315 {1160} | server=2.27.26.140:443 | reason=mihomo start failed
[TEST] {1152} tested=1/1 | kept=0 | rest=0
[DEBUG] mihomo isolate | branch={1152} | size=1 | parse=0 | names=[Epodonios] EPODONIOS-313 | err=-
[DEBUG] mihomo drop | branch={1152} | size=1 | parse=0 | names=[Epodonios] EPODONIOS-313 | err=-
[DROP] name=[Epodonios] EPODONIOS-313 {1152} | server=a2.arshia-nova.ir:443 | reason=mihomo start failed
[TEST] {1161} tested=1/1 | kept=0 | rest=0
[DEBUG] mihomo isolate | branch={1161} | size=1 | parse=0 | names=[Epodonios] EPODONIOS-316 | err=-
[DEBUG] mihomo drop | branch={1161} | size=1 | parse=0 | names=[Epodonios] EPODONIOS-316 | err=-
[DROP] name=[Epodonios] EPODONIOS-316 {1161} | server=31.76.246.59:443 | reason=mihomo start failed
[TEST] {1163} tested=1/1 | kept=0 | rest=0
[DEBUG] mihomo isolate | branch={1163} | size=1 | parse=0 | names=[Epodonios] EPODONIOS-322 | err=-
[DEBUG] mihomo drop | branch={1163} | size=1 | parse=0 | names=[Epodonios] EPODONIOS-322 | err=-
[DROP] name=[Epodonios] EPODONIOS-322 {1163} | server=69.46.46.31:443 | reason=mihomo start failed
[TEST] {1157} tested=1/1 | kept=0 | rest=0
[DEBUG] mihomo isolate | branch={1157} | size=1 | parse=0 | names=[Epodonios] EPODONIOS-309 | err=-
[DEBUG] mihomo drop | branch={1157} | size=1 | parse=0 | names=[Epodonios] EPODONIOS-309 | err=-
[DROP] name=[Epodonios] EPODONIOS-309 {1157} | server=app16.betust.net:443 | reason=mihomo start failed
[TEST] {1167} tested=1/1 | kept=0 | rest=0
[DEBUG] mihomo isolate | branch={1167} | size=1 | parse=0 | names=[Epodonios] EPODONIOS-326 | err=-
[DEBUG] mihomo drop | branch={1167} | size=1 | parse=0 | names=[Epodonios] EPODONIOS-326 | err=-
[DROP] name=[Epodonios] EPODONIOS-326 {1167} | server=pl.iramnovira.com:443 | reason=mihomo start failed
[TEST] {1159} tested=1/1 | kept=0 | rest=0
[DEBUG] mihomo isolate | branch={1159} | size=1 | parse=0 | names=[Epodonios] EPODONIOS-314 | err=-
[DEBUG] mihomo drop | branch={1159} | size=1 | parse=0 | names=[Epodonios] EPODONIOS-314 | err=-
[DROP] name=[Epodonios] EPODONIOS-314 {1159} | server=185.238.191.171:443 | reason=mihomo start failed
[TEST] {1164} tested=1/1 | kept=0 | rest=0
[DEBUG] mihomo isolate | branch={1164} | size=1 | parse=0 | names=[Epodonios] EPODONIOS-323 | err=-
[DEBUG] mihomo drop | branch={1164} | size=1 | parse=0 | names=[Epodonios] EPODONIOS-323 | err=-
[DROP] name=[Epodonios] EPODONIOS-323 {1164} | server=91.196.161.218:2054 | reason=mihomo start failed
[TEST] {1168} tested=1/1 | kept=0 | rest=0
[DEBUG] mihomo isolate | branch={1168} | size=1 | parse=0 | names=[Epodonios] EPODONIOS-205 | err=-
[DEBUG] mihomo drop | branch={1168} | size=1 | parse=0 | names=[Epodonios] EPODONIOS-205 | err=-
[DROP] name=[Epodonios] EPODONIOS-205 {1168} | server=199.232.78.160:443 | reason=mihomo start failed
[TEST] {1162} tested=1/1 | kept=0 | rest=0
[DEBUG] mihomo isolate | branch={1162} | size=1 | parse=0 | names=[Epodonios] EPODONIOS-317 | err=-
[DEBUG] mihomo drop | branch={1162} | size=1 | parse=0 | names=[Epodonios] EPODONIOS-317 | err=-
[DROP] name=[Epodonios] EPODONIOS-317 {1162} | server=91.107.133.246:443 | reason=mihomo start failed
[TEST] {1169} tested=1/1 | kept=0 | rest=0
[DEBUG] mihomo isolate | branch={1169} | size=1 | parse=0 | names=[Epodonios] EPODONIOS-206 | err=-
[DEBUG] mihomo drop | branch={1169} | size=1 | parse=0 | names=[Epodonios] EPODONIOS-206 | err=-
[DROP] name=[Epodonios] EPODONIOS-206 {1169} | server=151.101.56.7:443 | reason=mihomo start failed
[TEST] {1170} tested=1/1 | kept=0 | rest=0
[DEBUG] mihomo isolate | branch={1170} | size=1 | parse=0 | names=[Epodonios] EPODONIOS-207 | err=-
[DEBUG] mihomo drop | branch={1170} | size=1 | parse=0 | names=[Epodonios] EPODONIOS-207 | err=-
[DROP] name=[Epodonios] EPODONIOS-207 {1170} | server=151.101.56.90:443 | reason=mihomo start failed
[TEST] {1166} tested=1/1 | kept=0 | rest=0
[DEBUG] mihomo isolate | branch={1166} | size=1 | parse=0 | names=[Epodonios] EPODONIOS-325 | err=-
[DEBUG] mihomo drop | branch={1166} | size=1 | parse=0 | names=[Epodonios] EPODONIOS-325 | err=-
[DROP] name=[Epodonios] EPODONIOS-325 {1166} | server=idfr.melvona-digital.ir:443 | reason=mihomo start failed
[TEST] {1171} tested=1/1 | kept=0 | rest=0
[DEBUG] mihomo isolate | branch={1171} | size=1 | parse=0 | names=[Epodonios] EPODONIOS-208 | err=-
[DEBUG] mihomo drop | branch={1171} | size=1 | parse=0 | names=[Epodonios] EPODONIOS-208 | err=-
[DROP] name=[Epodonios] EPODONIOS-208 {1171} | server=167.82.76.7:443 | reason=mihomo start failed
[TEST] {1172} tested=1/1 | kept=0 | rest=0
[DEBUG] mihomo isolate | branch={1172} | size=1 | parse=0 | names=[Epodonios] EPODONIOS-209 | err=-
[DEBUG] mihomo drop | branch={1172} | size=1 | parse=0 | names=[Epodonios] EPODONIOS-209 | err=-
[DROP] name=[Epodonios] EPODONIOS-209 {1172} | server=199.232.78.101:443 | reason=mihomo start failed
[TEST] {1176} tested=1/1 | kept=0 | rest=0
[DEBUG] mihomo isolate | branch={1176} | size=1 | parse=0 | names=[Epodonios] EPODONIOS-204 | err=-
[DEBUG] mihomo drop | branch={1176} | size=1 | parse=0 | names=[Epodonios] EPODONIOS-204 | err=-
[DROP] name=[Epodonios] EPODONIOS-204 {1176} | server=167.82.76.7:443 | reason=mihomo start failed
[TEST] {1174} tested=1/1 | kept=0 | rest=0
[DEBUG] mihomo isolate | branch={1174} | size=1 | parse=0 | names=[Epodonios] EPODONIOS-202 | err=-
[DEBUG] mihomo drop | branch={1174} | size=1 | parse=0 | names=[Epodonios] EPODONIOS-202 | err=-
[DROP] name=[Epodonios] EPODONIOS-202 {1174} | server=91.233.8.25:443 | reason=mihomo start failed
[TEST] {1178} tested=1/1 | kept=0 | rest=0
[DEBUG] mihomo isolate | branch={1178} | size=1 | parse=0 | names=[Epodonios] EPODONIOS-219 | err=-
[DEBUG] mihomo drop | branch={1178} | size=1 | parse=0 | names=[Epodonios] EPODONIOS-219 | err=-
[DROP] name=[Epodonios] EPODONIOS-219 {1178} | server=199.232.78.160:443 | reason=mihomo start failed
[TEST] {1177} tested=1/1 | kept=0 | rest=0
[DEBUG] mihomo isolate | branch={1177} | size=1 | parse=0 | names=[Epodonios] EPODONIOS-218 | err=-
[DEBUG] mihomo drop | branch={1177} | size=1 | parse=0 | names=[Epodonios] EPODONIOS-218 | err=-
[DROP] name=[Epodonios] EPODONIOS-218 {1177} | server=199.232.78.101:443 | reason=mihomo start failed
[TEST] {1180} tested=1/1 | kept=0 | rest=0
[DEBUG] mihomo isolate | branch={1180} | size=1 | parse=0 | names=[Epodonios] EPODONIOS-221 | err=-
[DEBUG] mihomo drop | branch={1180} | size=1 | parse=0 | names=[Epodonios] EPODONIOS-221 | err=-
[DROP] name=[Epodonios] EPODONIOS-221 {1180} | server=151.101.56.230:443 | reason=mihomo start failed
[TEST] {1179} tested=1/1 | kept=0 | rest=0
[DEBUG] mihomo isolate | branch={1179} | size=1 | parse=0 | names=[Epodonios] EPODONIOS-220 | err=-
[DEBUG] mihomo drop | branch={1179} | size=1 | parse=0 | names=[Epodonios] EPODONIOS-220 | err=-
[DROP] name=[Epodonios] EPODONIOS-220 {1179} | server=140.248.185.253:443 | reason=mihomo start failed
[TEST] {1181} tested=1/1 | kept=0 | rest=0
[DEBUG] mihomo isolate | branch={1181} | size=1 | parse=0 | names=[Epodonios] EPODONIOS-222 | err=-
[DEBUG] mihomo drop | branch={1181} | size=1 | parse=0 | names=[Epodonios] EPODONIOS-222 | err=-
[DROP] name=[Epodonios] EPODONIOS-222 {1181} | server=167.82.76.7:443 | reason=mihomo start failed
[TEST] {1182} tested=1/1 | kept=0 | rest=0
[DEBUG] mihomo isolate | branch={1182} | size=1 | parse=0 | names=[Epodonios] EPODONIOS-223 | err=-
[DEBUG] mihomo drop | branch={1182} | size=1 | parse=0 | names=[Epodonios] EPODONIOS-223 | err=-
[DROP] name=[Epodonios] EPODONIOS-223 {1182} | server=199.232.78.101:443 | reason=mihomo start failed
[TEST] {1183} tested=1/1 | kept=0 | rest=0
[DEBUG] mihomo isolate | branch={1183} | size=1 | parse=0 | names=[Epodonios] EPODONIOS-224 | err=-
[DEBUG] mihomo drop | branch={1183} | size=1 | parse=0 | names=[Epodonios] EPODONIOS-224 | err=-
[DROP] name=[Epodonios] EPODONIOS-224 {1183} | server=199.232.78.160:443 | reason=mihomo start failed
[TEST] {1165} tested=1/1 | kept=0 | rest=0
[DEBUG] mihomo isolate | branch={1165} | size=1 | parse=0 | names=[Epodonios] EPODONIOS-324 | err=-
[DEBUG] mihomo drop | branch={1165} | size=1 | parse=0 | names=[Epodonios] EPODONIOS-324 | err=-
[DROP] name=[Epodonios] EPODONIOS-324 {1165} | server=217.28.137.94:443 | reason=mihomo start failed
[TEST] {1184} tested=1/1 | kept=0 | rest=0
[DEBUG] mihomo isolate | branch={1184} | size=1 | parse=0 | names=[Epodonios] EPODONIOS-225 | err=-
[DEBUG] mihomo drop | branch={1184} | size=1 | parse=0 | names=[Epodonios] EPODONIOS-225 | err=-
[DROP] name=[Epodonios] EPODONIOS-225 {1184} | server=151.101.0.0:80 | reason=mihomo start failed
[TEST] {1186} tested=1/1 | kept=0 | rest=0
[DEBUG] mihomo isolate | branch={1186} | size=1 | parse=0 | names=[免费节点10] 🇺🇸 US 429 → tg@nicevpn123 | err=-
[DEBUG] mihomo drop | branch={1186} | size=1 | parse=0 | names=[免费节点10] 🇺🇸 US 429 → tg@nicevpn123 | err=-
[DROP] name=[免费节点10] 🇺🇸 US 429 → tg@nicevpn123 {1186} | server=172.67.175.56:443 | reason=mihomo start failed
[TEST] {1187} tested=1/1 | kept=0 | rest=0
[DEBUG] mihomo isolate | branch={1187} | size=1 | parse=0 | names=[免费节点10] 🇺🇸 US 430 → tg@nicevpn123 | err=-
[DEBUG] mihomo drop | branch={1187} | size=1 | parse=0 | names=[免费节点10] 🇺🇸 US 430 → tg@nicevpn123 | err=-
[DROP] name=[免费节点10] 🇺🇸 US 430 → tg@nicevpn123 {1187} | server=slime-rhinestone-spy.glitch.me:80 | reason=mihomo start failed
[TEST] {1188} tested=1/1 | kept=0 | rest=0
[DEBUG] mihomo isolate | branch={1188} | size=1 | parse=0 | names=[免费节点10] 🇺🇸 US 431 → tg@nicevpn123 | err=-
[DEBUG] mihomo drop | branch={1188} | size=1 | parse=0 | names=[免费节点10] 🇺🇸 US 431 → tg@nicevpn123 | err=-
[DROP] name=[免费节点10] 🇺🇸 US 431 → tg@nicevpn123 {1188} | server=104.19.44.196:8080 | reason=mihomo start failed
[TEST] {1189} tested=1/1 | kept=0 | rest=0
[DEBUG] mihomo isolate | branch={1189} | size=1 | parse=0 | names=[免费节点10] 🇺🇸 US 432 → tg@nicevpn123 | err=-
[DEBUG] mihomo drop | branch={1189} | size=1 | parse=0 | names=[免费节点10] 🇺🇸 US 432 → tg@nicevpn123 | err=-
[DROP] name=[免费节点10] 🇺🇸 US 432 → tg@nicevpn123 {1189} | server=104.19.171.36:443 | reason=mihomo start failed
[TEST] {1190} tested=1/1 | kept=0 | rest=0
[DEBUG] mihomo isolate | branch={1190} | size=1 | parse=0 | names=[免费节点10] 🇺🇸 US 433 → tg@nicevpn123 | err=-
[DEBUG] mihomo drop | branch={1190} | size=1 | parse=0 | names=[免费节点10] 🇺🇸 US 433 → tg@nicevpn123 | err=-
[DROP] name=[免费节点10] 🇺🇸 US 433 → tg@nicevpn123 {1190} | server=172.67.133.78:2053 | reason=mihomo start failed
[TEST] {1191} tested=1/1 | kept=0 | rest=0
[DEBUG] mihomo isolate | branch={1191} | size=1 | parse=0 | names=[Pawdroid-SS-APK] Cyprus | err=-
[DEBUG] mihomo drop | branch={1191} | size=1 | parse=0 | names=[Pawdroid-SS-APK] Cyprus | err=-
[DROP] name=[Pawdroid-SS-APK] Cyprus {1191} | server=195.85.59.30:8880 | reason=mihomo start failed
[TEST] {1193} tested=1/1 | kept=0 | rest=0
[DEBUG] mihomo isolate | branch={1193} | size=1 | parse=0 | names=[Pawdroid-SS-APK] France-6 | err=-
[DEBUG] mihomo drop | branch={1193} | size=1 | parse=0 | names=[Pawdroid-SS-APK] France-6 | err=-
[DROP] name=[Pawdroid-SS-APK] France-6 {1193} | server=173.245.49.114:2086 | reason=mihomo start failed
[TEST] {1192} tested=1/1 | kept=0 | rest=0
[DEBUG] mihomo isolate | branch={1192} | size=1 | parse=0 | names=[Pawdroid-SS-APK] United+States-65 | err=-
[DEBUG] mihomo drop | branch={1192} | size=1 | parse=0 | names=[Pawdroid-SS-APK] United+States-65 | err=-
[DROP] name=[Pawdroid-SS-APK] United+States-65 {1192} | server=89.116.180.40:8880 | reason=mihomo start failed
[TEST] {1194} tested=1/1 | kept=0 | rest=0
[DEBUG] mihomo isolate | branch={1194} | size=1 | parse=0 | names=[Pawdroid-SS-APK] Austria | err=-
[DEBUG] mihomo drop | branch={1194} | size=1 | parse=0 | names=[Pawdroid-SS-APK] Austria | err=-
[DROP] name=[Pawdroid-SS-APK] Austria {1194} | server=212.183.88.30:8880 | reason=mihomo start failed
[TEST] {1195} tested=1/1 | kept=0 | rest=0
[DEBUG] mihomo isolate | branch={1195} | size=1 | parse=0 | names=[Pawdroid-SS-APK] vless-51 | err=-
[DEBUG] mihomo drop | branch={1195} | size=1 | parse=0 | names=[Pawdroid-SS-APK] vless-51 | err=-
[DROP] name=[Pawdroid-SS-APK] vless-51 {1195} | server=104.26.13.40:8880 | reason=mihomo start failed
[TEST] {1197} tested=1/1 | kept=0 | rest=0
[DEBUG] mihomo isolate | branch={1197} | size=1 | parse=0 | names=[Pawdroid-SS-APK] United+States-66 | err=-
[DEBUG] mihomo drop | branch={1197} | size=1 | parse=0 | names=[Pawdroid-SS-APK] United+States-66 | err=-
[DROP] name=[Pawdroid-SS-APK] United+States-66 {1197} | server=172.67.153.110:443 | reason=mihomo start failed
[TEST] {1196} tested=1/1 | kept=0 | rest=0
[DEBUG] mihomo isolate | branch={1196} | size=1 | parse=0 | names=[Pawdroid-SS-APK] vless-52 | err=-
[DEBUG] mihomo drop | branch={1196} | size=1 | parse=0 | names=[Pawdroid-SS-APK] vless-52 | err=-
[DROP] name=[Pawdroid-SS-APK] vless-52 {1196} | server=104.18.12.149:443 | reason=mihomo start failed
[TEST] {1199} tested=1/1 | kept=0 | rest=0
[DEBUG] mihomo isolate | branch={1199} | size=1 | parse=0 | names=[Pawdroid-SS-APK] United+States-67 | err=-
[DEBUG] mihomo drop | branch={1199} | size=1 | parse=0 | names=[Pawdroid-SS-APK] United+States-67 | err=-
[DROP] name=[Pawdroid-SS-APK] United+States-67 {1199} | server=172.67.152.71:8880 | reason=mihomo start failed
[TEST] {1198} tested=1/1 | kept=0 | rest=0
[DEBUG] mihomo isolate | branch={1198} | size=1 | parse=0 | names=[Pawdroid-SS-APK] vless-53 | err=-
[DEBUG] mihomo drop | branch={1198} | size=1 | parse=0 | names=[Pawdroid-SS-APK] vless-53 | err=-
[DROP] name=[Pawdroid-SS-APK] vless-53 {1198} | server=104.16.72.2:443 | reason=mihomo start failed
[TEST] {1200} tested=1/1 | kept=0 | rest=0
[DEBUG] mihomo isolate | branch={1200} | size=1 | parse=0 | names=[Pawdroid-SS-APK] United+States-74 | err=-
[DEBUG] mihomo drop | branch={1200} | size=1 | parse=0 | names=[Pawdroid-SS-APK] United+States-74 | err=-
[DROP] name=[Pawdroid-SS-APK] United+States-74 {1200} | server=flat-night-edd0.hosein9saleazhuongooyeh87.workers.dev:443 | reason=mihomo start failed
[TEST] {1201} tested=1/1 | kept=0 | rest=0
[DEBUG] mihomo isolate | branch={1201} | size=1 | parse=0 | names=[Pawdroid-SS-APK] United+States-75 | err=-
[DEBUG] mihomo drop | branch={1201} | size=1 | parse=0 | names=[Pawdroid-SS-APK] United+States-75 | err=-
[DROP] name=[Pawdroid-SS-APK] United+States-75 {1201} | server=free.server11peekconfig.workers.dev:443 | reason=mihomo start failed
[TEST] {1202} tested=1/1 | kept=0 | rest=0
[DEBUG] mihomo isolate | branch={1202} | size=1 | parse=0 | names=[Pawdroid-SS-APK] vless-59 | err=-
[DEBUG] mihomo drop | branch={1202} | size=1 | parse=0 | names=[Pawdroid-SS-APK] vless-59 | err=-
[DROP] name=[Pawdroid-SS-APK] vless-59 {1202} | server=chatgpt.com:443 | reason=mihomo start failed
[TEST] {1204} tested=1/1 | kept=0 | rest=0
[DEBUG] mihomo isolate | branch={1204} | size=1 | parse=0 | names=[Pawdroid-SS-APK] United+States-76 | err=-
[DEBUG] mihomo drop | branch={1204} | size=1 | parse=0 | names=[Pawdroid-SS-APK] United+States-76 | err=-
[DROP] name=[Pawdroid-SS-APK] United+States-76 {1204} | server=002.inc-electrocell-001-002.workers.dev:443 | reason=mihomo start failed
[TEST] {1203} tested=1/1 | kept=0 | rest=0
[DEBUG] mihomo isolate | branch={1203} | size=1 | parse=0 | names=[Pawdroid-SS-APK] United+Kingdom-19 | err=-
[DEBUG] mihomo drop | branch={1203} | size=1 | parse=0 | names=[Pawdroid-SS-APK] United+Kingdom-19 | err=-
[DROP] name=[Pawdroid-SS-APK] United+Kingdom-19 {1203} | server=91.193.58.125:2053 | reason=mihomo start failed
[TEST] {1205} tested=1/1 | kept=0 | rest=0
[DEBUG] mihomo isolate | branch={1205} | size=1 | parse=0 | names=[Pawdroid-SS-APK] United+States-70 | err=-
[DEBUG] mihomo drop | branch={1205} | size=1 | parse=0 | names=[Pawdroid-SS-APK] United+States-70 | err=-
[DROP] name=[Pawdroid-SS-APK] United+States-70 {1205} | server=172.66.47.45:443 | reason=mihomo start failed
[TEST] {1206} tested=1/1 | kept=0 | rest=0
[DEBUG] mihomo isolate | branch={1206} | size=1 | parse=0 | names=[Pawdroid-SS-APK] United+States-71 | err=-
[DEBUG] mihomo drop | branch={1206} | size=1 | parse=0 | names=[Pawdroid-SS-APK] United+States-71 | err=-
[DROP] name=[Pawdroid-SS-APK] United+States-71 {1206} | server=channel.t-me-sh4dow-vpn.workers.dev:443 | reason=mihomo start failed
[TEST] {1208} tested=1/1 | kept=0 | rest=0
[DEBUG] mihomo isolate | branch={1208} | size=1 | parse=0 | names=[Pawdroid-SS-APK] United+States-73 | err=-
[DEBUG] mihomo drop | branch={1208} | size=1 | parse=0 | names=[Pawdroid-SS-APK] United+States-73 | err=-
[DROP] name=[Pawdroid-SS-APK] United+States-73 {1208} | server=192.169.220.30:8880 | reason=mihomo start failed
[TEST] {1175} tested=1/1 | kept=0 | rest=0
[DEBUG] mihomo isolate | branch={1175} | size=1 | parse=0 | names=[Epodonios] EPODONIOS-203 | err=-
[DEBUG] mihomo drop | branch={1175} | size=1 | parse=0 | names=[Epodonios] EPODONIOS-203 | err=-
[DROP] name=[Epodonios] EPODONIOS-203 {1175} | server=65.109.215.50:54673 | reason=mihomo start failed
[TEST] {1207} tested=1/1 | kept=0 | rest=0
[DEBUG] mihomo isolate | branch={1207} | size=1 | parse=0 | names=[Pawdroid-SS-APK] United+States-72 | err=-
[DEBUG] mihomo drop | branch={1207} | size=1 | parse=0 | names=[Pawdroid-SS-APK] United+States-72 | err=-
[DROP] name=[Pawdroid-SS-APK] United+States-72 {1207} | server=172.67.174.249:443 | reason=mihomo start failed
[TEST] {1210} tested=1/1 | kept=0 | rest=0
[DEBUG] mihomo isolate | branch={1210} | size=1 | parse=0 | names=[免费节点10] 🇺🇸 US 424 → tg@nicevpn123 | err=-
[DEBUG] mihomo drop | branch={1210} | size=1 | parse=0 | names=[免费节点10] 🇺🇸 US 424 → tg@nicevpn123 | err=-
[DROP] name=[免费节点10] 🇺🇸 US 424 → tg@nicevpn123 {1210} | server=104.19.45.75:2095 | reason=mihomo start failed
[TEST] {1173} tested=1/1 | kept=0 | rest=0
[DEBUG] mihomo isolate | branch={1173} | size=1 | parse=0 | names=[Epodonios] EPODONIOS-201 | err=-
[DEBUG] mihomo drop | branch={1173} | size=1 | parse=0 | names=[Epodonios] EPODONIOS-201 | err=-
[DROP] name=[Epodonios] EPODONIOS-201 {1173} | server=43.198.13.210:41973 | reason=mihomo start failed
[TEST] {1211} tested=1/1 | kept=0 | rest=0
[DEBUG] mihomo isolate | branch={1211} | size=1 | parse=0 | names=[免费节点10] 🇺🇸 US 425 → tg@nicevpn123 | err=-
[DEBUG] mihomo drop | branch={1211} | size=1 | parse=0 | names=[免费节点10] 🇺🇸 US 425 → tg@nicevpn123 | err=-
[DROP] name=[免费节点10] 🇺🇸 US 425 → tg@nicevpn123 {1211} | server=01eb6-g01.jp03-7d22-vm0.entry.fr0307a.art:21581 | reason=mihomo start failed
[TEST] {1209} tested=1/1 | kept=0 | rest=0
[DEBUG] mihomo isolate | branch={1209} | size=1 | parse=0 | names=[免费节点10] 🇺🇸 US 423 → tg@nicevpn123 | err=-
[DEBUG] mihomo drop | branch={1209} | size=1 | parse=0 | names=[免费节点10] 🇺🇸 US 423 → tg@nicevpn123 | err=-
[DROP] name=[免费节点10] 🇺🇸 US 423 → tg@nicevpn123 {1209} | server=13.35.13.138:443 | reason=mihomo start failed
[TEST] {1185} tested=1/1 | kept=0 | rest=0
[DEBUG] mihomo isolate | branch={1185} | size=1 | parse=0 | names=[Epodonios] EPODONIOS-226 | err=-
[DEBUG] mihomo drop | branch={1185} | size=1 | parse=0 | names=[Epodonios] EPODONIOS-226 | err=-
[DROP] name=[Epodonios] EPODONIOS-226 {1185} | server=13.192.168.51:443 | reason=mihomo start failed
[TEST] {1212} tested=1/1 | kept=0 | rest=0
[DEBUG] mihomo isolate | branch={1212} | size=1 | parse=0 | names=[免费节点10] 🇺🇸 US 427 → tg@nicevpn123 | err=-
[DEBUG] mihomo drop | branch={1212} | size=1 | parse=0 | names=[免费节点10] 🇺🇸 US 427 → tg@nicevpn123 | err=-
[DROP] name=[免费节点10] 🇺🇸 US 427 → tg@nicevpn123 {1212} | server=35.87.1.148:443 | reason=mihomo start failed
[TEST] {1213} tested=1/1 | kept=0 | rest=0
[DEBUG] mihomo isolate | branch={1213} | size=1 | parse=0 | names=[免费节点10] 🇺🇸 US 446 → tg@nicevpn123 | err=-
[DEBUG] mihomo drop | branch={1213} | size=1 | parse=0 | names=[免费节点10] 🇺🇸 US 446 → tg@nicevpn123 | err=-
[DROP] name=[免费节点10] 🇺🇸 US 446 → tg@nicevpn123 {1213} | server=104.16.40.219:2082 | reason=mihomo start failed
[TEST] {1217} tested=1/1 | kept=0 | rest=0
[DEBUG] mihomo isolate | branch={1217} | size=1 | parse=0 | names=[免费节点10] 🇺🇸 US 450 → tg@nicevpn123 | err=-
[DEBUG] mihomo drop | branch={1217} | size=1 | parse=0 | names=[免费节点10] 🇺🇸 US 450 → tg@nicevpn123 | err=-
[DROP] name=[免费节点10] 🇺🇸 US 450 → tg@nicevpn123 {1217} | server=104.21.235.170:80 | reason=mihomo start failed
[TEST] {1218} tested=1/1 | kept=0 | rest=0
[DEBUG] mihomo isolate | branch={1218} | size=1 | parse=0 | names=[免费节点10] 🇺🇸 US 451 → tg@nicevpn123 | err=-
[DEBUG] mihomo drop | branch={1218} | size=1 | parse=0 | names=[免费节点10] 🇺🇸 US 451 → tg@nicevpn123 | err=-
[DROP] name=[免费节点10] 🇺🇸 US 451 → tg@nicevpn123 {1218} | server=38.68.134.9:8882 | reason=mihomo start failed
[TEST] {1214} tested=1/1 | kept=0 | rest=0
[DEBUG] mihomo isolate | branch={1214} | size=1 | parse=0 | names=[免费节点10] 🇺🇸 US 447 → tg@nicevpn123 | err=-
[DEBUG] mihomo drop | branch={1214} | size=1 | parse=0 | names=[免费节点10] 🇺🇸 US 447 → tg@nicevpn123 | err=-
[DROP] name=[免费节点10] 🇺🇸 US 447 → tg@nicevpn123 {1214} | server=3.34.95.205:443 | reason=mihomo start failed
[TEST] {1216} tested=1/1 | kept=0 | rest=0
[DEBUG] mihomo isolate | branch={1216} | size=1 | parse=0 | names=[免费节点10] 🇺🇸 US 449 → tg@nicevpn123 | err=-
[DEBUG] mihomo drop | branch={1216} | size=1 | parse=0 | names=[免费节点10] 🇺🇸 US 449 → tg@nicevpn123 | err=-
[DROP] name=[免费节点10] 🇺🇸 US 449 → tg@nicevpn123 {1216} | server=38.68.135.112:5500 | reason=mihomo start failed
[TEST] {1221} tested=1/1 | kept=0 | rest=0
[DEBUG] mihomo isolate | branch={1221} | size=1 | parse=0 | names=[免费节点10] 🇺🇸 US 454 → tg@nicevpn123 | err=-
[DEBUG] mihomo drop | branch={1221} | size=1 | parse=0 | names=[免费节点10] 🇺🇸 US 454 → tg@nicevpn123 | err=-
[DROP] name=[免费节点10] 🇺🇸 US 454 → tg@nicevpn123 {1221} | server=104.19.45.57:2095 | reason=mihomo start failed
[TEST] {1215} tested=1/1 | kept=0 | rest=0
[DEBUG] mihomo isolate | branch={1215} | size=1 | parse=0 | names=[免费节点10] 🇺🇸 US 448 → tg@nicevpn123 | err=-
[DEBUG] mihomo drop | branch={1215} | size=1 | parse=0 | names=[免费节点10] 🇺🇸 US 448 → tg@nicevpn123 | err=-
[DROP] name=[免费节点10] 🇺🇸 US 448 → tg@nicevpn123 {1215} | server=38.110.1.67:8888 | reason=mihomo start failed
[TEST] {1222} tested=1/1 | kept=0 | rest=0
[DEBUG] mihomo isolate | branch={1222} | size=1 | parse=0 | names=[免费节点10] 🇺🇸 US 483 → tg@nicevpn123 | err=-
[DEBUG] mihomo drop | branch={1222} | size=1 | parse=0 | names=[免费节点10] 🇺🇸 US 483 → tg@nicevpn123 | err=-
[DROP] name=[免费节点10] 🇺🇸 US 483 → tg@nicevpn123 {1222} | server=104.19.45.151:2095 | reason=mihomo start failed
[TEST] {1225} tested=1/1 | kept=0 | rest=0
[DEBUG] mihomo isolate | branch={1225} | size=1 | parse=0 | names=[免费节点10] 🇺🇸 US 489 → tg@nicevpn123 | err=-
[DEBUG] mihomo drop | branch={1225} | size=1 | parse=0 | names=[免费节点10] 🇺🇸 US 489 → tg@nicevpn123 | err=-
[DROP] name=[免费节点10] 🇺🇸 US 489 → tg@nicevpn123 {1225} | server=54.245.12.173:17398 | reason=mihomo start failed
[TEST] {1223} tested=1/1 | kept=0 | rest=0
[DEBUG] mihomo isolate | branch={1223} | size=1 | parse=0 | names=[免费节点10] 🇺🇸 US 486 → tg@nicevpn123 | err=-
[DEBUG] mihomo drop | branch={1223} | size=1 | parse=0 | names=[免费节点10] 🇺🇸 US 486 → tg@nicevpn123 | err=-
[DROP] name=[免费节点10] 🇺🇸 US 486 → tg@nicevpn123 {1223} | server=fr01.freeflyingcloud.xyz:30502 | reason=mihomo start failed
[TEST] {705} tested=1/1 | kept=0 | rest=0
[DEBUG] mihomo isolate | branch={705} | size=1 | parse=0 | names=[免费节点10] 🇺🇸 US 46 → tg@nicevpn123 | err=-
[DEBUG] mihomo drop | branch={705} | size=1 | parse=0 | names=[免费节点10] 🇺🇸 US 46 → tg@nicevpn123 | err=-
[DROP] name=[免费节点10] 🇺🇸 US 46 → tg@nicevpn123 {705} | server=104.16.40.109:2082 | reason=mihomo start failed
[TEST] {1220} tested=1/1 | kept=0 | rest=0
[DEBUG] mihomo isolate | branch={1220} | size=1 | parse=0 | names=[免费节点10] 🇺🇸 US 453 → tg@nicevpn123 | err=-
[DEBUG] mihomo drop | branch={1220} | size=1 | parse=0 | names=[免费节点10] 🇺🇸 US 453 → tg@nicevpn123 | err=-
[DROP] name=[免费节点10] 🇺🇸 US 453 → tg@nicevpn123 {1220} | server=167.88.61.235:6679 | reason=mihomo start failed
[TEST] {1219} tested=1/1 | kept=0 | rest=0
[DEBUG] mihomo isolate | branch={1219} | size=1 | parse=0 | names=[免费节点10] 🇺🇸 US 452 → tg@nicevpn123 | err=-
[DEBUG] mihomo drop | branch={1219} | size=1 | parse=0 | names=[免费节点10] 🇺🇸 US 452 → tg@nicevpn123 | err=-
[DROP] name=[免费节点10] 🇺🇸 US 452 → tg@nicevpn123 {1219} | server=172.245.205.50:30129 | reason=mihomo start failed
[TEST] {1230} tested=1/1 | kept=0 | rest=0
[DEBUG] mihomo isolate | branch={1230} | size=1 | parse=0 | names=[免费节点10] 🇺🇸 US 495 → tg@nicevpn123 | err=-
[DEBUG] mihomo drop | branch={1230} | size=1 | parse=0 | names=[免费节点10] 🇺🇸 US 495 → tg@nicevpn123 | err=-
[DROP] name=[免费节点10] 🇺🇸 US 495 → tg@nicevpn123 {1230} | server=172.67.184.53:8443 | reason=mihomo start failed
[TEST] {1229} tested=1/1 | kept=0 | rest=0
[DEBUG] mihomo isolate | branch={1229} | size=1 | parse=0 | names=[免费节点10] 🇺🇸 US 494 → tg@nicevpn123 | err=-
[DEBUG] mihomo drop | branch={1229} | size=1 | parse=0 | names=[免费节点10] 🇺🇸 US 494 → tg@nicevpn123 | err=-
[DROP] name=[免费节点10] 🇺🇸 US 494 → tg@nicevpn123 {1229} | server=104.19.43.248:80 | reason=mihomo start failed
[TEST] {1224} tested=1/1 | kept=0 | rest=0
[DEBUG] mihomo isolate | branch={1224} | size=1 | parse=0 | names=[免费节点10] 🇺🇸 US 487 → tg@nicevpn123 | err=-
[DEBUG] mihomo drop | branch={1224} | size=1 | parse=0 | names=[免费节点10] 🇺🇸 US 487 → tg@nicevpn123 | err=-
[DROP] name=[免费节点10] 🇺🇸 US 487 → tg@nicevpn123 {1224} | server=94.131.117.240:443 | reason=mihomo start failed
[TEST] {1233} tested=1/1 | kept=0 | rest=0
[DEBUG] mihomo isolate | branch={1233} | size=1 | parse=0 | names=[免费节点10] 🇺🇸 US 499 → tg@nicevpn123 | err=-
[DEBUG] mihomo drop | branch={1233} | size=1 | parse=0 | names=[免费节点10] 🇺🇸 US 499 → tg@nicevpn123 | err=-
[DROP] name=[免费节点10] 🇺🇸 US 499 → tg@nicevpn123 {1233} | server=104.21.68.203:8443 | reason=mihomo start failed
[TEST] {1227} tested=1/1 | kept=0 | rest=0
[DEBUG] mihomo isolate | branch={1227} | size=1 | parse=0 | names=[免费节点10] 🇺🇸 US 491 → tg@nicevpn123 | err=-
[DEBUG] mihomo drop | branch={1227} | size=1 | parse=0 | names=[免费节点10] 🇺🇸 US 491 → tg@nicevpn123 | err=-
[DROP] name=[免费节点10] 🇺🇸 US 491 → tg@nicevpn123 {1227} | server=167.172.19.102:8880 | reason=mihomo start failed
[TEST] {1228} tested=1/1 | kept=0 | rest=0
[DEBUG] mihomo isolate | branch={1228} | size=1 | parse=0 | names=[免费节点10] 🇺🇸 US 492 → tg@nicevpn123 | err=-
[DEBUG] mihomo drop | branch={1228} | size=1 | parse=0 | names=[免费节点10] 🇺🇸 US 492 → tg@nicevpn123 | err=-
[DROP] name=[免费节点10] 🇺🇸 US 492 → tg@nicevpn123 {1228} | server=ip0axv1bbsu02k7-jp.1ytnode.com:56350 | reason=mihomo start failed
[TEST] {1231} tested=1/1 | kept=0 | rest=0
[DEBUG] mihomo isolate | branch={1231} | size=1 | parse=0 | names=[免费节点10] 🇺🇸 US 497 → tg@nicevpn123 | err=-
[DEBUG] mihomo drop | branch={1231} | size=1 | parse=0 | names=[免费节点10] 🇺🇸 US 497 → tg@nicevpn123 | err=-
[DROP] name=[免费节点10] 🇺🇸 US 497 → tg@nicevpn123 {1231} | server=54.245.36.10:443 | reason=mihomo start failed
[TEST] {1239} tested=1/1 | kept=0 | rest=0
[DEBUG] mihomo isolate | branch={1239} | size=1 | parse=0 | names=[免费节点10] 🇺🇸 US 508 → tg@nicevpn123 | err=-
[DEBUG] mihomo drop | branch={1239} | size=1 | parse=0 | names=[免费节点10] 🇺🇸 US 508 → tg@nicevpn123 | err=-
[DROP] name=[免费节点10] 🇺🇸 US 508 → tg@nicevpn123 {1239} | server=104.16.39.206:2082 | reason=mihomo start failed
[TEST] {1237} tested=1/1 | kept=0 | rest=0
[DEBUG] mihomo isolate | branch={1237} | size=1 | parse=0 | names=[免费节点10] 🇺🇸 US 503 → tg@nicevpn123 | err=-
[DEBUG] mihomo drop | branch={1237} | size=1 | parse=0 | names=[免费节点10] 🇺🇸 US 503 → tg@nicevpn123 | err=-
[DROP] name=[免费节点10] 🇺🇸 US 503 → tg@nicevpn123 {1237} | server=jp03-alt-vm0.entry.srthdw.art:21583 | reason=mihomo start failed
[TEST] {1232} tested=1/1 | kept=0 | rest=0
[DEBUG] mihomo isolate | branch={1232} | size=1 | parse=0 | names=[免费节点10] 🇺🇸 US 498 → tg@nicevpn123 | err=-
[DEBUG] mihomo drop | branch={1232} | size=1 | parse=0 | names=[免费节点10] 🇺🇸 US 498 → tg@nicevpn123 | err=-
[DROP] name=[免费节点10] 🇺🇸 US 498 → tg@nicevpn123 {1232} | server=docs.digitalocean.com:2096 | reason=mihomo start failed
[TEST] {1238} tested=1/1 | kept=0 | rest=0
[DEBUG] mihomo isolate | branch={1238} | size=1 | parse=0 | names=[免费节点10] 🇺🇸 US 504 → tg@nicevpn123 | err=-
[DEBUG] mihomo drop | branch={1238} | size=1 | parse=0 | names=[免费节点10] 🇺🇸 US 504 → tg@nicevpn123 | err=-
[DROP] name=[免费节点10] 🇺🇸 US 504 → tg@nicevpn123 {1238} | server=104.17.1.58:8443 | reason=mihomo start failed
[TEST] {1242} tested=1/1 | kept=0 | rest=0
[TEST] {1234} tested=1/1 | kept=0 | rest=0
[DEBUG] mihomo isolate | branch={1242} | size=1 | parse=0 | names=[免费节点10] 🇺🇸 US 47 → tg@nicevpn123 | err=-
[DEBUG] mihomo drop | branch={1242} | size=1 | parse=0 | names=[免费节点10] 🇺🇸 US 47 → tg@nicevpn123 | err=-
[DROP] name=[免费节点10] 🇺🇸 US 47 → tg@nicevpn123 {1242} | server=104.21.238.93:80 | reason=mihomo start failed
[DEBUG] mihomo isolate | branch={1234} | size=1 | parse=0 | names=[免费节点10] 🇺🇸 US 5 → tg@nicevpn123 | err=-
[DEBUG] mihomo drop | branch={1234} | size=1 | parse=0 | names=[免费节点10] 🇺🇸 US 5 → tg@nicevpn123 | err=-
[DROP] name=[免费节点10] 🇺🇸 US 5 → tg@nicevpn123 {1234} | server=en7a5-g03.jp05-6786-vm0.entry.fr0307a.art:46484 | reason=mihomo start failed
[TEST] {1241} tested=1/1 | kept=0 | rest=0
[DEBUG] mihomo isolate | branch={1241} | size=1 | parse=0 | names=[免费节点10] 🇺🇸 US 469 → tg@nicevpn123 | err=-
[DEBUG] mihomo drop | branch={1241} | size=1 | parse=0 | names=[免费节点10] 🇺🇸 US 469 → tg@nicevpn123 | err=-
[DROP] name=[免费节点10] 🇺🇸 US 469 → tg@nicevpn123 {1241} | server=104.16.40.52:2082 | reason=mihomo start failed
[TEST] {1240} tested=1/1 | kept=0 | rest=0
[DEBUG] mihomo isolate | branch={1240} | size=1 | parse=0 | names=[免费节点10] 🇺🇸 US 467 → tg@nicevpn123 | err=-
[DEBUG] mihomo drop | branch={1240} | size=1 | parse=0 | names=[免费节点10] 🇺🇸 US 467 → tg@nicevpn123 | err=-
[DROP] name=[免费节点10] 🇺🇸 US 467 → tg@nicevpn123 {1240} | server=104.19.159.14:443 | reason=mihomo start failed
[TEST] {1243} tested=1/1 | kept=0 | rest=0
[DEBUG] mihomo isolate | branch={1243} | size=1 | parse=0 | names=[免费节点10] 🇺🇸 US 471 → tg@nicevpn123 | err=-
[DEBUG] mihomo drop | branch={1243} | size=1 | parse=0 | names=[免费节点10] 🇺🇸 US 471 → tg@nicevpn123 | err=-
[DROP] name=[免费节点10] 🇺🇸 US 471 → tg@nicevpn123 {1243} | server=104.16.42.195:2082 | reason=mihomo start failed
[TEST] {1244} tested=1/1 | kept=0 | rest=0
[DEBUG] mihomo isolate | branch={1244} | size=1 | parse=0 | names=[免费节点10] 🇺🇸 US 361 → tg@nicevpn123 | err=-
[DEBUG] mihomo drop | branch={1244} | size=1 | parse=0 | names=[免费节点10] 🇺🇸 US 361 → tg@nicevpn123 | err=-
[DROP] name=[免费节点10] 🇺🇸 US 361 → tg@nicevpn123 {1244} | server=104.19.45.93:2095 | reason=mihomo start failed
[TEST] {1245} tested=1/1 | kept=0 | rest=0
[DEBUG] mihomo isolate | branch={1245} | size=1 | parse=0 | names=[免费节点10] 🇺🇸 US 363 → tg@nicevpn123 | err=-
[DEBUG] mihomo drop | branch={1245} | size=1 | parse=0 | names=[免费节点10] 🇺🇸 US 363 → tg@nicevpn123 | err=-
[DROP] name=[免费节点10] 🇺🇸 US 363 → tg@nicevpn123 {1245} | server=104.16.42.223:2082 | reason=mihomo start failed
[TEST] {1246} tested=1/1 | kept=0 | rest=0
[DEBUG] mihomo isolate | branch={1246} | size=1 | parse=0 | names=[免费节点10] 🇺🇸 US 364 → tg@nicevpn123 | err=-
[DEBUG] mihomo drop | branch={1246} | size=1 | parse=0 | names=[免费节点10] 🇺🇸 US 364 → tg@nicevpn123 | err=-
[DROP] name=[免费节点10] 🇺🇸 US 364 → tg@nicevpn123 {1246} | server=104.21.225.2:80 | reason=mihomo start failed
[TEST] {1248} tested=1/1 | kept=0 | rest=0
[DEBUG] mihomo isolate | branch={1248} | size=1 | parse=0 | names=[免费节点10] 🇺🇸 US 367 → tg@nicevpn123 | err=-
[DEBUG] mihomo drop | branch={1248} | size=1 | parse=0 | names=[免费节点10] 🇺🇸 US 367 → tg@nicevpn123 | err=-
[DROP] name=[免费节点10] 🇺🇸 US 367 → tg@nicevpn123 {1248} | server=104.16.39.179:2082 | reason=mihomo start failed
[TEST] {1247} tested=1/1 | kept=0 | rest=0
[DEBUG] mihomo isolate | branch={1247} | size=1 | parse=0 | names=[免费节点10] 🇺🇸 US 365 → tg@nicevpn123 | err=-
[DEBUG] mihomo drop | branch={1247} | size=1 | parse=0 | names=[免费节点10] 🇺🇸 US 365 → tg@nicevpn123 | err=-
[DROP] name=[免费节点10] 🇺🇸 US 365 → tg@nicevpn123 {1247} | server=18.183.146.49:443 | reason=mihomo start failed
[TEST] {1252} tested=1/1 | kept=0 | rest=0
[DEBUG] mihomo isolate | branch={1252} | size=1 | parse=0 | names=[免费节点10] 🇺🇸 US 375 → tg@nicevpn123 | err=-
[DEBUG] mihomo drop | branch={1252} | size=1 | parse=0 | names=[免费节点10] 🇺🇸 US 375 → tg@nicevpn123 | err=-
[DROP] name=[免费节点10] 🇺🇸 US 375 → tg@nicevpn123 {1252} | server=b834o-g01.jp03-7d22-vm0.entry.fr0307a.art:21581 | reason=mihomo start failed
[TEST] {1250} tested=1/1 | kept=0 | rest=0
[DEBUG] mihomo isolate | branch={1250} | size=1 | parse=0 | names=[免费节点10] 🇺🇸 US 372 → tg@nicevpn123 | err=-
[DEBUG] mihomo drop | branch={1250} | size=1 | parse=0 | names=[免费节点10] 🇺🇸 US 372 → tg@nicevpn123 | err=-
[DROP] name=[免费节点10] 🇺🇸 US 372 → tg@nicevpn123 {1250} | server=lt2-vmess.sshmax.xyz:80 | reason=mihomo start failed
[TEST] {1249} tested=1/1 | kept=0 | rest=0
[DEBUG] mihomo isolate | branch={1249} | size=1 | parse=0 | names=[免费节点10] 🇺🇸 US 369 → tg@nicevpn123 | err=-
[DEBUG] mihomo drop | branch={1249} | size=1 | parse=0 | names=[免费节点10] 🇺🇸 US 369 → tg@nicevpn123 | err=-
[DROP] name=[免费节点10] 🇺🇸 US 369 → tg@nicevpn123 {1249} | server=104.16.40.23:2082 | reason=mihomo start failed
[TEST] {1251} tested=1/1 | kept=0 | rest=0
[DEBUG] mihomo isolate | branch={1251} | size=1 | parse=0 | names=[免费节点10] 🇺🇸 US 374 → tg@nicevpn123 | err=-
[DEBUG] mihomo drop | branch={1251} | size=1 | parse=0 | names=[免费节点10] 🇺🇸 US 374 → tg@nicevpn123 | err=-
[DROP] name=[免费节点10] 🇺🇸 US 374 → tg@nicevpn123 {1251} | server=38.60.204.119:56836 | reason=mihomo start failed
[TEST] {1254} tested=1/1 | kept=0 | rest=0
[DEBUG] mihomo isolate | branch={1254} | size=1 | parse=0 | names=[免费节点10] 🇺🇸 US 477 → tg@nicevpn123 | err=-
[DEBUG] mihomo drop | branch={1254} | size=1 | parse=0 | names=[免费节点10] 🇺🇸 US 477 → tg@nicevpn123 | err=-
[DROP] name=[免费节点10] 🇺🇸 US 477 → tg@nicevpn123 {1254} | server=104.16.42.227:2082 | reason=mihomo start failed
[TEST] {1255} tested=1/1 | kept=0 | rest=0
[DEBUG] mihomo isolate | branch={1255} | size=1 | parse=0 | names=[免费节点10] 🇺🇸 US 478 → tg@nicevpn123 | err=-
[DEBUG] mihomo drop | branch={1255} | size=1 | parse=0 | names=[免费节点10] 🇺🇸 US 478 → tg@nicevpn123 | err=-
[DROP] name=[免费节点10] 🇺🇸 US 478 → tg@nicevpn123 {1255} | server=172.67.174.42:443 | reason=mihomo start failed
[TEST] {1236} tested=1/1 | kept=0 | rest=0
[DEBUG] mihomo isolate | branch={1236} | size=1 | parse=0 | names=[免费节点10] 🇺🇸 US 501 → tg@nicevpn123 | err=-
[DEBUG] mihomo drop | branch={1236} | size=1 | parse=0 | names=[免费节点10] 🇺🇸 US 501 → tg@nicevpn123 | err=-
[DROP] name=[免费节点10] 🇺🇸 US 501 → tg@nicevpn123 {1236} | server=38.114.114.208:9090 | reason=mihomo start failed
[TEST] {1257} tested=1/1 | kept=0 | rest=0
[DEBUG] mihomo isolate | branch={1257} | size=1 | parse=0 | names=[免费节点10] 🇺🇸 US 480 → tg@nicevpn123 | err=-
[DEBUG] mihomo drop | branch={1257} | size=1 | parse=0 | names=[免费节点10] 🇺🇸 US 480 → tg@nicevpn123 | err=-
[DROP] name=[免费节点10] 🇺🇸 US 480 → tg@nicevpn123 {1257} | server=104.21.28.62:443 | reason=mihomo start failed
[TEST] {1259} tested=1/1 | kept=0 | rest=0
[DEBUG] mihomo isolate | branch={1259} | size=1 | parse=0 | names=[Pawdroid-SS-APK] vless-42 | err=-
[DEBUG] mihomo drop | branch={1259} | size=1 | parse=0 | names=[Pawdroid-SS-APK] vless-42 | err=-
[DROP] name=[Pawdroid-SS-APK] vless-42 {1259} | server=104.18.40.152:2087 | reason=mihomo start failed
[TEST] {1261} tested=1/1 | kept=0 | rest=0
[DEBUG] mihomo isolate | branch={1261} | size=1 | parse=0 | names=[Pawdroid-SS-APK] United+States-57 | err=-
[DEBUG] mihomo drop | branch={1261} | size=1 | parse=0 | names=[Pawdroid-SS-APK] United+States-57 | err=-
[DROP] name=[Pawdroid-SS-APK] United+States-57 {1261} | server=172.67.174.37:8880 | reason=mihomo start failed
[TEST] {1260} tested=1/1 | kept=0 | rest=0
[DEBUG] mihomo isolate | branch={1260} | size=1 | parse=0 | names=[Pawdroid-SS-APK] vless-43 | err=-
[DEBUG] mihomo drop | branch={1260} | size=1 | parse=0 | names=[Pawdroid-SS-APK] vless-43 | err=-
[DROP] name=[Pawdroid-SS-APK] vless-43 {1260} | server=104.17.178.154:8880 | reason=mihomo start failed
[TEST] {1258} tested=1/1 | kept=0 | rest=0
[DEBUG] mihomo isolate | branch={1258} | size=1 | parse=0 | names=[Pawdroid-SS-APK] The+Netherlands-26 | err=-
[DEBUG] mihomo drop | branch={1258} | size=1 | parse=0 | names=[Pawdroid-SS-APK] The+Netherlands-26 | err=-
[DROP] name=[Pawdroid-SS-APK] The+Netherlands-26 {1258} | server=188.114.97.3:443 | reason=mihomo start failed
[TEST] {1262} tested=1/1 | kept=0 | rest=0
[DEBUG] mihomo isolate | branch={1262} | size=1 | parse=0 | names=[Pawdroid-SS-APK] vless-44 | err=-
[DEBUG] mihomo drop | branch={1262} | size=1 | parse=0 | names=[Pawdroid-SS-APK] vless-44 | err=-
[DROP] name=[Pawdroid-SS-APK] vless-44 {1262} | server=104.17.111.27:8443 | reason=mihomo start failed
[TEST] {1235} tested=1/1 | kept=0 | rest=0
[DEBUG] mihomo isolate | branch={1235} | size=1 | parse=0 | names=[免费节点10] 🇺🇸 US 50 → tg@nicevpn123 | err=-
[DEBUG] mihomo drop | branch={1235} | size=1 | parse=0 | names=[免费节点10] 🇺🇸 US 50 → tg@nicevpn123 | err=-
[DROP] name=[免费节点10] 🇺🇸 US 50 → tg@nicevpn123 {1235} | server=shct.pkyun.xyz:30314 | reason=mihomo start failed
[TEST] {1263} tested=1/1 | kept=0 | rest=0
[DEBUG] mihomo isolate | branch={1263} | size=1 | parse=0 | names=[Pawdroid-SS-APK] United+States-55 | err=-
[DEBUG] mihomo drop | branch={1263} | size=1 | parse=0 | names=[Pawdroid-SS-APK] United+States-55 | err=-
[DROP] name=[Pawdroid-SS-APK] United+States-55 {1263} | server=fans.liverpool.qzz.io:2053 | reason=mihomo start failed
[TEST] {1264} tested=1/1 | kept=0 | rest=0
[DEBUG] mihomo isolate | branch={1264} | size=1 | parse=0 | names=[Pawdroid-SS-APK] vless-41 | err=-
[DEBUG] mihomo drop | branch={1264} | size=1 | parse=0 | names=[Pawdroid-SS-APK] vless-41 | err=-
[DROP] name=[Pawdroid-SS-APK] vless-41 {1264} | server=104.21.5.75:2096 | reason=mihomo start failed
[TEST] {1265} tested=1/1 | kept=0 | rest=0
[DEBUG] mihomo isolate | branch={1265} | size=1 | parse=0 | names=[Pawdroid-SS-APK] Germany-3 | err=-
[DEBUG] mihomo drop | branch={1265} | size=1 | parse=0 | names=[Pawdroid-SS-APK] Germany-3 | err=-
[DROP] name=[Pawdroid-SS-APK] Germany-3 {1265} | server=31.185.108.50:8880 | reason=mihomo start failed
[TEST] {1266} tested=1/1 | kept=0 | rest=0
[DEBUG] mihomo isolate | branch={1266} | size=1 | parse=0 | names=[Pawdroid-SS-APK] United+States-56 | err=-
[DEBUG] mihomo drop | branch={1266} | size=1 | parse=0 | names=[Pawdroid-SS-APK] United+States-56 | err=-
[DROP] name=[Pawdroid-SS-APK] United+States-56 {1266} | server=soskeynets.hamrahfree1.workers.dev:2096 | reason=mihomo start failed
[TEST] {1267} tested=1/1 | kept=0 | rest=0
[DEBUG] mihomo isolate | branch={1267} | size=1 | parse=0 | names=[Pawdroid-SS-APK] United+States-58 | err=-
[DEBUG] mihomo drop | branch={1267} | size=1 | parse=0 | names=[Pawdroid-SS-APK] United+States-58 | err=-
[DROP] name=[Pawdroid-SS-APK] United+States-58 {1267} | server=89.116.161.50:8880 | reason=mihomo start failed
[TEST] {1268} tested=1/1 | kept=0 | rest=0
[DEBUG] mihomo isolate | branch={1268} | size=1 | parse=0 | names=[Pawdroid-SS-APK] United+States-59 | err=-
[DEBUG] mihomo drop | branch={1268} | size=1 | parse=0 | names=[Pawdroid-SS-APK] United+States-59 | err=-
[DROP] name=[Pawdroid-SS-APK] United+States-59 {1268} | server=172.66.170.53:8880 | reason=mihomo start failed
[TEST] {1269} tested=1/1 | kept=0 | rest=0
[DEBUG] mihomo isolate | branch={1269} | size=1 | parse=0 | names=[Pawdroid-SS-APK] United+States-60 | err=-
[DEBUG] mihomo drop | branch={1269} | size=1 | parse=0 | names=[Pawdroid-SS-APK] United+States-60 | err=-
[DROP] name=[Pawdroid-SS-APK] United+States-60 {1269} | server=172.64.80.1:2083 | reason=mihomo start failed
[TEST] {1270} tested=1/1 | kept=0 | rest=0
[DEBUG] mihomo isolate | branch={1270} | size=1 | parse=0 | names=[Pawdroid-SS-APK] vless-47 | err=-
[DEBUG] mihomo drop | branch={1270} | size=1 | parse=0 | names=[Pawdroid-SS-APK] vless-47 | err=-
[DROP] name=[Pawdroid-SS-APK] vless-47 {1270} | server=104.19.35.170:443 | reason=mihomo start failed
[TEST] {1271} tested=1/1 | kept=0 | rest=0
[DEBUG] mihomo isolate | branch={1271} | size=1 | parse=0 | names=[Pawdroid-SS-APK] United+States-61 | err=-
[DEBUG] mihomo drop | branch={1271} | size=1 | parse=0 | names=[Pawdroid-SS-APK] United+States-61 | err=-
[DROP] name=[Pawdroid-SS-APK] United+States-61 {1271} | server=166.62.108.30:8880 | reason=mihomo start failed
[TEST] {1273} tested=1/1 | kept=0 | rest=0
[DEBUG] mihomo isolate | branch={1273} | size=1 | parse=0 | names=[Pawdroid-SS-APK] vless-45 | err=-
[DEBUG] mihomo drop | branch={1273} | size=1 | parse=0 | names=[Pawdroid-SS-APK] vless-45 | err=-
[DROP] name=[Pawdroid-SS-APK] vless-45 {1273} | server=plain-shadow-821f.pfegehejrrjrjjrj.workers.dev:443 | reason=mihomo start failed
[TEST] {1272} tested=1/1 | kept=0 | rest=0
[DEBUG] mihomo isolate | branch={1272} | size=1 | parse=0 | names=[Pawdroid-SS-APK] The+Netherlands-27 | err=-
[DEBUG] mihomo drop | branch={1272} | size=1 | parse=0 | names=[Pawdroid-SS-APK] The+Netherlands-27 | err=-
[DROP] name=[Pawdroid-SS-APK] The+Netherlands-27 {1272} | server=188.114.97.3:2086 | reason=mihomo start failed
[TEST] {1275} tested=1/1 | kept=0 | rest=0
[TEST] {1274} tested=1/1 | kept=0 | rest=0
[DEBUG] mihomo isolate | branch={1275} | size=1 | parse=0 | names=[Pawdroid-SS-APK] vless-46 | err=-
[DEBUG] mihomo drop | branch={1275} | size=1 | parse=0 | names=[Pawdroid-SS-APK] vless-46 | err=-
[DROP] name=[Pawdroid-SS-APK] vless-46 {1275} | server=104.20.6.153:8880 | reason=mihomo start failed
[DEBUG] mihomo isolate | branch={1274} | size=1 | parse=0 | names=[Pawdroid-SS-APK] The+Netherlands-28 | err=-
[DEBUG] mihomo drop | branch={1274} | size=1 | parse=0 | names=[Pawdroid-SS-APK] The+Netherlands-28 | err=-
[DROP] name=[Pawdroid-SS-APK] The+Netherlands-28 {1274} | server=188.114.97.235:2086 | reason=mihomo start failed
[TEST] {1276} tested=1/1 | kept=0 | rest=0
[DEBUG] mihomo isolate | branch={1276} | size=1 | parse=0 | names=[Pawdroid-SS-APK] The+Netherlands-25 | err=-
[DEBUG] mihomo drop | branch={1276} | size=1 | parse=0 | names=[Pawdroid-SS-APK] The+Netherlands-25 | err=-
[DROP] name=[Pawdroid-SS-APK] The+Netherlands-25 {1276} | server=45.131.4.192:80 | reason=mihomo start failed
[TEST] {1279} tested=1/1 | kept=0 | rest=0
[DEBUG] mihomo isolate | branch={1279} | size=1 | parse=0 | names=[Pawdroid-SS-APK] United+States-51 | err=-
[DEBUG] mihomo drop | branch={1279} | size=1 | parse=0 | names=[Pawdroid-SS-APK] United+States-51 | err=-
[DROP] name=[Pawdroid-SS-APK] United+States-51 {1279} | server=172.67.173.89:443 | reason=mihomo start failed
[TEST] {1277} tested=1/1 | kept=0 | rest=0
[DEBUG] mihomo isolate | branch={1277} | size=1 | parse=0 | names=[Pawdroid-SS-APK] vless-39 | err=-
[DEBUG] mihomo drop | branch={1277} | size=1 | parse=0 | names=[Pawdroid-SS-APK] vless-39 | err=-
[DROP] name=[Pawdroid-SS-APK] vless-39 {1277} | server=104.16.107.139:8880 | reason=mihomo start failed
[TEST] {1278} tested=1/1 | kept=0 | rest=0
[DEBUG] mihomo isolate | branch={1278} | size=1 | parse=0 | names=[Pawdroid-SS-APK] United+States-50 | err=-
[DEBUG] mihomo drop | branch={1278} | size=1 | parse=0 | names=[Pawdroid-SS-APK] United+States-50 | err=-
[DROP] name=[Pawdroid-SS-APK] United+States-50 {1278} | server=time.is:2083 | reason=mihomo start failed
[TEST] {1280} tested=1/1 | kept=0 | rest=0
[DEBUG] mihomo isolate | branch={1280} | size=1 | parse=0 | names=[Pawdroid-SS-APK] United+States-52 | err=-
[DEBUG] mihomo drop | branch={1280} | size=1 | parse=0 | names=[Pawdroid-SS-APK] United+States-52 | err=-
[DROP] name=[Pawdroid-SS-APK] United+States-52 {1280} | server=167.68.11.30:8880 | reason=mihomo start failed
[TEST] {1281} tested=1/1 | kept=0 | rest=0
[DEBUG] mihomo isolate | branch={1281} | size=1 | parse=0 | names=[Pawdroid-SS-APK] vless-40 | err=-
[DEBUG] mihomo drop | branch={1281} | size=1 | parse=0 | names=[Pawdroid-SS-APK] vless-40 | err=-
[DROP] name=[Pawdroid-SS-APK] vless-40 {1281} | server=time.is:443 | reason=mihomo start failed
[TEST] {1283} tested=1/1 | kept=0 | rest=0
[DEBUG] mihomo isolate | branch={1283} | size=1 | parse=0 | names=[Pawdroid-SS-APK] United+States-53 | err=-
[DEBUG] mihomo drop | branch={1283} | size=1 | parse=0 | names=[Pawdroid-SS-APK] United+States-53 | err=-
[DROP] name=[Pawdroid-SS-APK] United+States-53 {1283} | server=172.64.144.162:2096 | reason=mihomo start failed
[TEST] {1282} tested=1/1 | kept=0 | rest=0
[DEBUG] mihomo isolate | branch={1282} | size=1 | parse=0 | names=[Pawdroid-SS-APK] Romania | err=-
[DEBUG] mihomo drop | branch={1282} | size=1 | parse=0 | names=[Pawdroid-SS-APK] Romania | err=-
[DROP] name=[Pawdroid-SS-APK] Romania {1282} | server=45.12.30.40:8880 | reason=mihomo start failed
[TEST] {1284} tested=1/1 | kept=0 | rest=0
[TEST] {1253} tested=1/1 | kept=0 | rest=0
[DEBUG] mihomo isolate | branch={1284} | size=1 | parse=0 | names=[Pawdroid-SS-APK] United+States-54 | err=-
[DEBUG] mihomo drop | branch={1284} | size=1 | parse=0 | names=[Pawdroid-SS-APK] United+States-54 | err=-
[DROP] name=[Pawdroid-SS-APK] United+States-54 {1284} | server=198.12.145.30:8880 | reason=mihomo start failed
[DEBUG] mihomo isolate | branch={1253} | size=1 | parse=0 | names=[免费节点10] 🇺🇸 US 473 → tg@nicevpn123 | err=-
[DEBUG] mihomo drop | branch={1253} | size=1 | parse=0 | names=[免费节点10] 🇺🇸 US 473 → tg@nicevpn123 | err=-
[DROP] name=[免费节点10] 🇺🇸 US 473 → tg@nicevpn123 {1253} | server=34.222.20.208:443 | reason=mihomo start failed
[TEST] {1285} tested=1/1 | kept=0 | rest=0
[DEBUG] mihomo isolate | branch={1285} | size=1 | parse=0 | names=[免费节点10] 🇺🇸 US 349 → tg@nicevpn123 | err=-
[DEBUG] mihomo drop | branch={1285} | size=1 | parse=0 | names=[免费节点10] 🇺🇸 US 349 → tg@nicevpn123 | err=-
[DROP] name=[免费节点10] 🇺🇸 US 349 → tg@nicevpn123 {1285} | server=104.16.39.127:2082 | reason=mihomo start failed
[TEST] {1256} tested=1/1 | kept=0 | rest=0
[DEBUG] mihomo isolate | branch={1256} | size=1 | parse=0 | names=[免费节点10] 🇺🇸 US 48 → tg@nicevpn123 | err=-
[DEBUG] mihomo drop | branch={1256} | size=1 | parse=0 | names=[免费节点10] 🇺🇸 US 48 → tg@nicevpn123 | err=-
[DROP] name=[免费节点10] 🇺🇸 US 48 → tg@nicevpn123 {1256} | server=168.119.160.232:80 | reason=mihomo start failed
[TEST] {1286} tested=1/1 | kept=0 | rest=0
[TEST] {1287} tested=1/1 | kept=0 | rest=0
[DEBUG] mihomo isolate | branch={1287} | size=1 | parse=0 | names=[免费节点10] 🇺🇸 US 350 → tg@nicevpn123 | err=-
[DEBUG] mihomo drop | branch={1287} | size=1 | parse=0 | names=[免费节点10] 🇺🇸 US 350 → tg@nicevpn123 | err=-
[DROP] name=[免费节点10] 🇺🇸 US 350 → tg@nicevpn123 {1287} | server=172.67.172.219:8080 | reason=mihomo start failed
[DEBUG] mihomo isolate | branch={1286} | size=1 | parse=0 | names=[免费节点10] 🇺🇸 US 35 → tg@nicevpn123 | err=-
[DEBUG] mihomo drop | branch={1286} | size=1 | parse=0 | names=[免费节点10] 🇺🇸 US 35 → tg@nicevpn123 | err=-
[DROP] name=[免费节点10] 🇺🇸 US 35 → tg@nicevpn123 {1286} | server=104.16.39.226:2082 | reason=mihomo start failed
[TEST] {1290} tested=1/1 | kept=0 | rest=0
[DEBUG] mihomo isolate | branch={1290} | size=1 | parse=0 | names=[免费节点10] 🇺🇸 US 343 → tg@nicevpn123 | err=-
[DEBUG] mihomo drop | branch={1290} | size=1 | parse=0 | names=[免费节点10] 🇺🇸 US 343 → tg@nicevpn123 | err=-
[DROP] name=[免费节点10] 🇺🇸 US 343 → tg@nicevpn123 {1290} | server=172.67.169.245:80 | reason=mihomo start failed
[TEST] {1291} tested=1/1 | kept=0 | rest=0
[DEBUG] mihomo isolate | branch={1291} | size=1 | parse=0 | names=[免费节点10] 🇺🇸 US 344 → tg@nicevpn123 | err=-
[DEBUG] mihomo drop | branch={1291} | size=1 | parse=0 | names=[免费节点10] 🇺🇸 US 344 → tg@nicevpn123 | err=-
[DROP] name=[免费节点10] 🇺🇸 US 344 → tg@nicevpn123 {1291} | server=172.67.146.22:443 | reason=mihomo start failed
[TEST] {1292} tested=1/1 | kept=0 | rest=0
[DEBUG] mihomo isolate | branch={1292} | size=1 | parse=0 | names=[免费节点10] 🇺🇸 US 347 → tg@nicevpn123 | err=-
[DEBUG] mihomo drop | branch={1292} | size=1 | parse=0 | names=[免费节点10] 🇺🇸 US 347 → tg@nicevpn123 | err=-
[DROP] name=[免费节点10] 🇺🇸 US 347 → tg@nicevpn123 {1292} | server=23.94.104.164:60222 | reason=mihomo start failed
[TEST] {1294} tested=1/1 | kept=0 | rest=0
[DEBUG] mihomo isolate | branch={1294} | size=1 | parse=0 | names=[Pawdroid-SS-APK] United+Kingdom-20 | err=-
[DEBUG] mihomo drop | branch={1294} | size=1 | parse=0 | names=[Pawdroid-SS-APK] United+Kingdom-20 | err=-
[DROP] name=[Pawdroid-SS-APK] United+Kingdom-20 {1294} | server=77.75.199.30:8880 | reason=mihomo start failed
[TEST] {1295} tested=1/1 | kept=0 | rest=0
[DEBUG] mihomo isolate | branch={1295} | size=1 | parse=0 | names=[Pawdroid-SS-APK] United+States-82 | err=-
[DEBUG] mihomo drop | branch={1295} | size=1 | parse=0 | names=[Pawdroid-SS-APK] United+States-82 | err=-
[DROP] name=[Pawdroid-SS-APK] United+States-82 {1295} | server=139.64.235.30:8880 | reason=mihomo start failed
[TEST] {1297} tested=1/1 | kept=0 | rest=0
[DEBUG] mihomo isolate | branch={1297} | size=1 | parse=0 | names=[Pawdroid-SS-APK] Seychelles-5 | err=-
[DEBUG] mihomo drop | branch={1297} | size=1 | parse=0 | names=[Pawdroid-SS-APK] Seychelles-5 | err=-
[DROP] name=[Pawdroid-SS-APK] Seychelles-5 {1297} | server=45.130.125.30:8880 | reason=mihomo start failed
[TEST] {1298} tested=1/1 | kept=0 | rest=0
[DEBUG] mihomo isolate | branch={1298} | size=1 | parse=0 | names=[Pawdroid-SS-APK] United+States-84 | err=-
[DEBUG] mihomo drop | branch={1298} | size=1 | parse=0 | names=[Pawdroid-SS-APK] United+States-84 | err=-
[DROP] name=[Pawdroid-SS-APK] United+States-84 {1298} | server=to6r63-kkchighqm2.vxz0dduq7to7su0cdqf.workers.dev:443 | reason=mihomo start failed
[TEST] {1296} tested=1/1 | kept=0 | rest=0
[DEBUG] mihomo isolate | branch={1296} | size=1 | parse=0 | names=[Pawdroid-SS-APK] United+States-83 | err=-
[DEBUG] mihomo drop | branch={1296} | size=1 | parse=0 | names=[Pawdroid-SS-APK] United+States-83 | err=-
[DROP] name=[Pawdroid-SS-APK] United+States-83 {1296} | server=172.67.195.227:2083 | reason=mihomo start failed
[TEST] {1299} tested=1/1 | kept=0 | rest=0
[DEBUG] mihomo isolate | branch={1299} | size=1 | parse=0 | names=[Pawdroid-SS-APK] United+States-81 | err=-
[DEBUG] mihomo drop | branch={1299} | size=1 | parse=0 | names=[Pawdroid-SS-APK] United+States-81 | err=-
[DROP] name=[Pawdroid-SS-APK] United+States-81 {1299} | server=172.67.143.139:8080 | reason=mihomo start failed
[TEST] {1300} tested=1/1 | kept=0 | rest=0
[DEBUG] mihomo isolate | branch={1300} | size=1 | parse=0 | names=[Pawdroid-SS-APK] vless-63 | err=-
[DEBUG] mihomo drop | branch={1300} | size=1 | parse=0 | names=[Pawdroid-SS-APK] vless-63 | err=-
[DROP] name=[Pawdroid-SS-APK] vless-63 {1300} | server=104.17.171.60:2083 | reason=mihomo start failed
[TEST] {1301} tested=1/1 | kept=0 | rest=0
[DEBUG] mihomo isolate | branch={1301} | size=1 | parse=0 | names=[Pawdroid-SS-APK] vless-64 | err=-
[DEBUG] mihomo drop | branch={1301} | size=1 | parse=0 | names=[Pawdroid-SS-APK] vless-64 | err=-
[DROP] name=[Pawdroid-SS-APK] vless-64 {1301} | server=www.5h.com:443 | reason=mihomo start failed
[TEST] {1302} tested=1/1 | kept=0 | rest=0
[DEBUG] mihomo isolate | branch={1302} | size=1 | parse=0 | names=[Pawdroid-SS-APK] vless-65 | err=-
[DEBUG] mihomo drop | branch={1302} | size=1 | parse=0 | names=[Pawdroid-SS-APK] vless-65 | err=-
[DROP] name=[Pawdroid-SS-APK] vless-65 {1302} | server=104.17.29.89:443 | reason=mihomo start failed
[TEST] {1303} tested=1/1 | kept=0 | rest=0
[DEBUG] mihomo isolate | branch={1303} | size=1 | parse=0 | names=[Pawdroid-SS-APK] vless-71 | err=-
[DEBUG] mihomo drop | branch={1303} | size=1 | parse=0 | names=[Pawdroid-SS-APK] vless-71 | err=-
[DROP] name=[Pawdroid-SS-APK] vless-71 {1303} | server=104.19.213.131:2087 | reason=mihomo start failed
[TEST] {1305} tested=1/1 | kept=0 | rest=0
[DEBUG] mihomo isolate | branch={1305} | size=1 | parse=0 | names=[Pawdroid-SS-APK] vless-72 | err=-
[DEBUG] mihomo drop | branch={1305} | size=1 | parse=0 | names=[Pawdroid-SS-APK] vless-72 | err=-
[DROP] name=[Pawdroid-SS-APK] vless-72 {1305} | server=cold-bush-a762.lidrezvpn.workers.dev:8880 | reason=mihomo start failed
[TEST] {1304} tested=1/1 | kept=0 | rest=0
[DEBUG] mihomo isolate | branch={1304} | size=1 | parse=0 | names=[Pawdroid-SS-APK] The+Netherlands-30 | err=-
[DEBUG] mihomo drop | branch={1304} | size=1 | parse=0 | names=[Pawdroid-SS-APK] The+Netherlands-30 | err=-
[DROP] name=[Pawdroid-SS-APK] The+Netherlands-30 {1304} | server=188.114.97.7:443 | reason=mihomo start failed
[TEST] {1306} tested=1/1 | kept=0 | rest=0
[DEBUG] mihomo isolate | branch={1306} | size=1 | parse=0 | names=[Pawdroid-SS-APK] United+States-87 | err=-
[DEBUG] mihomo drop | branch={1306} | size=1 | parse=0 | names=[Pawdroid-SS-APK] United+States-87 | err=-
[DROP] name=[Pawdroid-SS-APK] United+States-87 {1306} | server=172.67.176.31:8080 | reason=mihomo start failed
[TEST] {1307} tested=1/1 | kept=0 | rest=0
[DEBUG] mihomo isolate | branch={1307} | size=1 | parse=0 | names=[Pawdroid-SS-APK] Germany-4 | err=-
[DEBUG] mihomo drop | branch={1307} | size=1 | parse=0 | names=[Pawdroid-SS-APK] Germany-4 | err=-
[DROP] name=[Pawdroid-SS-APK] Germany-4 {1307} | server=89.116.46.50:8880 | reason=mihomo start failed
[TEST] {1309} tested=1/1 | kept=0 | rest=0
[DEBUG] mihomo isolate | branch={1309} | size=1 | parse=0 | names=[Pawdroid-SS-APK] United+States-88 | err=-
[DEBUG] mihomo drop | branch={1309} | size=1 | parse=0 | names=[Pawdroid-SS-APK] United+States-88 | err=-
[DROP] name=[Pawdroid-SS-APK] United+States-88 {1309} | server=openai.com:443 | reason=mihomo start failed
[TEST] {1310} tested=1/1 | kept=0 | rest=0
[DEBUG] mihomo isolate | branch={1310} | size=1 | parse=0 | names=[Pawdroid-SS-APK] vless-73 | err=-
[DEBUG] mihomo drop | branch={1310} | size=1 | parse=0 | names=[Pawdroid-SS-APK] vless-73 | err=-
[DROP] name=[Pawdroid-SS-APK] vless-73 {1310} | server=cf9.466688.xyz:8880 | reason=mihomo start failed
[TEST] {1308} tested=1/1 | kept=0 | rest=0
[DEBUG] mihomo isolate | branch={1308} | size=1 | parse=0 | names=[Pawdroid-SS-APK] United+Kingdom-21 | err=-
[DEBUG] mihomo drop | branch={1308} | size=1 | parse=0 | names=[Pawdroid-SS-APK] United+Kingdom-21 | err=-
[DROP] name=[Pawdroid-SS-APK] United+Kingdom-21 {1308} | server=46.250.250.149:2053 | reason=mihomo start failed
[TEST] {1311} tested=1/1 | kept=0 | rest=0
[DEBUG] mihomo isolate | branch={1311} | size=1 | parse=0 | names=[Pawdroid-SS-APK] The+Netherlands-31 | err=-
[DEBUG] mihomo drop | branch={1311} | size=1 | parse=0 | names=[Pawdroid-SS-APK] The+Netherlands-31 | err=-
[DROP] name=[Pawdroid-SS-APK] The+Netherlands-31 {1311} | server=45.131.4.30:8880 | reason=mihomo start failed
[TEST] {1288} tested=1/1 | kept=0 | rest=0
[DEBUG] mihomo isolate | branch={1288} | size=1 | parse=0 | names=[免费节点10] 🇺🇸 US 351 → tg@nicevpn123 | err=-
[DEBUG] mihomo drop | branch={1288} | size=1 | parse=0 | names=[免费节点10] 🇺🇸 US 351 → tg@nicevpn123 | err=-
[DROP] name=[免费节点10] 🇺🇸 US 351 → tg@nicevpn123 {1288} | server=shct.pkyun.xyz:39837 | reason=mihomo start failed
[TEST] {1289} tested=1/1 | kept=0 | rest=0
[DEBUG] mihomo isolate | branch={1289} | size=1 | parse=0 | names=[免费节点10] 🇺🇸 US 352 → tg@nicevpn123 | err=-
[DEBUG] mihomo drop | branch={1289} | size=1 | parse=0 | names=[免费节点10] 🇺🇸 US 352 → tg@nicevpn123 | err=-
[DROP] name=[免费节点10] 🇺🇸 US 352 → tg@nicevpn123 {1289} | server=107.182.189.201:55187 | reason=mihomo start failed
[TEST] {1313} tested=1/1 | kept=0 | rest=0
[DEBUG] mihomo isolate | branch={1313} | size=1 | parse=0 | names=[免费节点10] 🇺🇸 US 390 → tg@nicevpn123 | err=-
[DEBUG] mihomo drop | branch={1313} | size=1 | parse=0 | names=[免费节点10] 🇺🇸 US 390 → tg@nicevpn123 | err=-
[DROP] name=[免费节点10] 🇺🇸 US 390 → tg@nicevpn123 {1313} | server=104.19.45.186:2095 | reason=mihomo start failed
[TEST] {1293} tested=1/1 | kept=0 | rest=0
[DEBUG] mihomo isolate | branch={1293} | size=1 | parse=0 | names=[免费节点10] 🇺🇸 US 348 → tg@nicevpn123 | err=-
[DEBUG] mihomo drop | branch={1293} | size=1 | parse=0 | names=[免费节点10] 🇺🇸 US 348 → tg@nicevpn123 | err=-
[DROP] name=[免费节点10] 🇺🇸 US 348 → tg@nicevpn123 {1293} | server=38.54.185.111:30000 | reason=mihomo start failed
[TEST] {1316} tested=1/1 | kept=0 | rest=0
[DEBUG] mihomo isolate | branch={1316} | size=1 | parse=0 | names=[免费节点10] 🇺🇸 US 393 → tg@nicevpn123 | err=-
[DEBUG] mihomo drop | branch={1316} | size=1 | parse=0 | names=[免费节点10] 🇺🇸 US 393 → tg@nicevpn123 | err=-
[DROP] name=[免费节点10] 🇺🇸 US 393 → tg@nicevpn123 {1316} | server=104.19.45.112:2095 | reason=mihomo start failed
[TEST] {1317} tested=1/1 | kept=0 | rest=0
[DEBUG] mihomo isolate | branch={1317} | size=1 | parse=0 | names=[Pawdroid-SS-APK] United+States-40 | err=-
[DEBUG] mihomo drop | branch={1317} | size=1 | parse=0 | names=[Pawdroid-SS-APK] United+States-40 | err=-
[DROP] name=[Pawdroid-SS-APK] United+States-40 {1317} | server=cf5.466688.xyz:8880 | reason=mihomo start failed
[TEST] {1318} tested=1/1 | kept=0 | rest=0
[DEBUG] mihomo isolate | branch={1318} | size=1 | parse=0 | names=[Pawdroid-SS-APK] United+States-41 | err=-
[DEBUG] mihomo drop | branch={1318} | size=1 | parse=0 | names=[Pawdroid-SS-APK] United+States-41 | err=-
[DROP] name=[Pawdroid-SS-APK] United+States-41 {1318} | server=restless-base-fe24.alirezahabibi20009.workers.dev:443 | reason=mihomo start failed
[TEST] {1320} tested=1/1 | kept=0 | rest=0
[DEBUG] mihomo isolate | branch={1320} | size=1 | parse=0 | names=[Pawdroid-SS-APK] vless-27 | err=-
[DEBUG] mihomo drop | branch={1320} | size=1 | parse=0 | names=[Pawdroid-SS-APK] vless-27 | err=-
[DROP] name=[Pawdroid-SS-APK] vless-27 {1320} | server=104.18.34.21:8443 | reason=mihomo start failed
[TEST] {1319} tested=1/1 | kept=0 | rest=0
[DEBUG] mihomo isolate | branch={1319} | size=1 | parse=0 | names=[Pawdroid-SS-APK] Australia-2 | err=-
[DEBUG] mihomo drop | branch={1319} | size=1 | parse=0 | names=[Pawdroid-SS-APK] Australia-2 | err=-
[DROP] name=[Pawdroid-SS-APK] Australia-2 {1319} | server=185.207.196.30:8880 | reason=mihomo start failed
[TEST] {1321} tested=1/1 | kept=0 | rest=0
[DEBUG] mihomo isolate | branch={1321} | size=1 | parse=0 | names=[Pawdroid-SS-APK] vless-28 | err=-
[DEBUG] mihomo drop | branch={1321} | size=1 | parse=0 | names=[Pawdroid-SS-APK] vless-28 | err=-
[DROP] name=[Pawdroid-SS-APK] vless-28 {1321} | server=cf7.466688.xyz:8880 | reason=mihomo start failed
[TEST] {1322} tested=1/1 | kept=0 | rest=0
[DEBUG] mihomo isolate | branch={1322} | size=1 | parse=0 | names=[Pawdroid-SS-APK] vless-24 | err=-
[DEBUG] mihomo drop | branch={1322} | size=1 | parse=0 | names=[Pawdroid-SS-APK] vless-24 | err=-
[DROP] name=[Pawdroid-SS-APK] vless-24 {1322} | server=104.18.42.54:2087 | reason=mihomo start failed
[TEST] {1323} tested=1/1 | kept=0 | rest=0
[DEBUG] mihomo isolate | branch={1323} | size=1 | parse=0 | names=[Pawdroid-SS-APK] vless-25 | err=-
[DEBUG] mihomo drop | branch={1323} | size=1 | parse=0 | names=[Pawdroid-SS-APK] vless-25 | err=-
[DROP] name=[Pawdroid-SS-APK] vless-25 {1323} | server=104.18.93.3:80 | reason=mihomo start failed
[TEST] {1324} tested=1/1 | kept=0 | rest=0
[DEBUG] mihomo isolate | branch={1324} | size=1 | parse=0 | names=[Pawdroid-SS-APK] United+States-39 | err=-
[DEBUG] mihomo drop | branch={1324} | size=1 | parse=0 | names=[Pawdroid-SS-APK] United+States-39 | err=-
[DROP] name=[Pawdroid-SS-APK] United+States-39 {1324} | server=172.67.179.98:8880 | reason=mihomo start failed
[TEST] {1325} tested=1/1 | kept=0 | rest=0
[DEBUG] mihomo isolate | branch={1325} | size=1 | parse=0 | names=[Pawdroid-SS-APK] vless-26 | err=-
[DEBUG] mihomo drop | branch={1325} | size=1 | parse=0 | names=[Pawdroid-SS-APK] vless-26 | err=-
[DROP] name=[Pawdroid-SS-APK] vless-26 {1325} | server=7x70yyvt7eqotx-iq9n3rjt1xn1jwkh9.asdfsafdsaf.workers.dev:8080 | reason=mihomo start failed
[TEST] {1326} tested=1/1 | kept=0 | rest=0
[DEBUG] mihomo isolate | branch={1326} | size=1 | parse=0 | names=[免费节点10] 🇺🇸 US 386 → tg@nicevpn123 | err=-
[DEBUG] mihomo drop | branch={1326} | size=1 | parse=0 | names=[免费节点10] 🇺🇸 US 386 → tg@nicevpn123 | err=-
[DROP] name=[免费节点10] 🇺🇸 US 386 → tg@nicevpn123 {1326} | server=104.16.96.41:443 | reason=mihomo start failed
[TEST] {1327} tested=1/1 | kept=0 | rest=0
[DEBUG] mihomo isolate | branch={1327} | size=1 | parse=0 | names=[免费节点10] 🇺🇸 US 387 → tg@nicevpn123 | err=-
[DEBUG] mihomo drop | branch={1327} | size=1 | parse=0 | names=[免费节点10] 🇺🇸 US 387 → tg@nicevpn123 | err=-
[DROP] name=[免费节点10] 🇺🇸 US 387 → tg@nicevpn123 {1327} | server=38.110.1.105:5004 | reason=mihomo start failed
[TEST] {1312} tested=1/1 | kept=0 | rest=0
[DEBUG] mihomo isolate | branch={1312} | size=1 | parse=0 | names=[免费节点10] 🇺🇸 US 39 → tg@nicevpn123 | err=-
[DEBUG] mihomo drop | branch={1312} | size=1 | parse=0 | names=[免费节点10] 🇺🇸 US 39 → tg@nicevpn123 | err=-
[DROP] name=[免费节点10] 🇺🇸 US 39 → tg@nicevpn123 {1312} | server=38.75.136.33:9102 | reason=mihomo start failed
[TEST] {1328} tested=1/1 | kept=0 | rest=0
[DEBUG] mihomo isolate | branch={1328} | size=1 | parse=0 | names=[免费节点10] 🇺🇸 US 388 → tg@nicevpn123 | err=-
[DEBUG] mihomo drop | branch={1328} | size=1 | parse=0 | names=[免费节点10] 🇺🇸 US 388 → tg@nicevpn123 | err=-
[DROP] name=[免费节点10] 🇺🇸 US 388 → tg@nicevpn123 {1328} | server=104.16.196.41:443 | reason=mihomo start failed
[TEST] {1330} tested=1/1 | kept=0 | rest=0
[DEBUG] mihomo isolate | branch={1330} | size=1 | parse=0 | names=[免费节点10] 🇺🇸 US 394 → tg@nicevpn123 | err=-
[DEBUG] mihomo drop | branch={1330} | size=1 | parse=0 | names=[免费节点10] 🇺🇸 US 394 → tg@nicevpn123 | err=-
[DROP] name=[免费节点10] 🇺🇸 US 394 → tg@nicevpn123 {1330} | server=104.19.42.143:2082 | reason=mihomo start failed
[TEST] {1314} tested=1/1 | kept=0 | rest=0
[DEBUG] mihomo isolate | branch={1314} | size=1 | parse=0 | names=[免费节点10] 🇺🇸 US 391 → tg@nicevpn123 | err=-
[DEBUG] mihomo drop | branch={1314} | size=1 | parse=0 | names=[免费节点10] 🇺🇸 US 391 → tg@nicevpn123 | err=-
[DROP] name=[免费节点10] 🇺🇸 US 391 → tg@nicevpn123 {1314} | server=52.32.221.7:443 | reason=mihomo start failed
[TEST] {1315} tested=1/1 | kept=0 | rest=0
[DEBUG] mihomo isolate | branch={1315} | size=1 | parse=0 | names=[免费节点10] 🇺🇸 US 392 → tg@nicevpn123 | err=-
[DEBUG] mihomo drop | branch={1315} | size=1 | parse=0 | names=[免费节点10] 🇺🇸 US 392 → tg@nicevpn123 | err=-
[DROP] name=[免费节点10] 🇺🇸 US 392 → tg@nicevpn123 {1315} | server=157.245.148.244:443 | reason=mihomo start failed
[TEST] {1333} tested=1/1 | kept=0 | rest=0
[DEBUG] mihomo isolate | branch={1333} | size=1 | parse=0 | names=[免费节点10] 🇺🇸 US 398 → tg@nicevpn123 | err=-
[DEBUG] mihomo drop | branch={1333} | size=1 | parse=0 | names=[免费节点10] 🇺🇸 US 398 → tg@nicevpn123 | err=-
[DROP] name=[免费节点10] 🇺🇸 US 398 → tg@nicevpn123 {1333} | server=38.110.1.105:5003 | reason=mihomo start failed
[TEST] {1334} tested=1/1 | kept=0 | rest=0
[DEBUG] mihomo isolate | branch={1334} | size=1 | parse=0 | names=[Pawdroid-SS-APK] vless-33 | err=-
[DEBUG] mihomo drop | branch={1334} | size=1 | parse=0 | names=[Pawdroid-SS-APK] vless-33 | err=-
[DROP] name=[Pawdroid-SS-APK] vless-33 {1334} | server=104.18.1.1:443 | reason=mihomo start failed
[TEST] {1335} tested=1/1 | kept=0 | rest=0
[DEBUG] mihomo isolate | branch={1335} | size=1 | parse=0 | names=[Pawdroid-SS-APK] vless-34 | err=-
[DEBUG] mihomo drop | branch={1335} | size=1 | parse=0 | names=[Pawdroid-SS-APK] vless-34 | err=-
[DROP] name=[Pawdroid-SS-APK] vless-34 {1335} | server=104.25.118.238:80 | reason=mihomo start failed
[TEST] {1337} tested=1/1 | kept=0 | rest=0
[DEBUG] mihomo isolate | branch={1337} | size=1 | parse=0 | names=[Pawdroid-SS-APK] vless-35 | err=-
[DEBUG] mihomo drop | branch={1337} | size=1 | parse=0 | names=[Pawdroid-SS-APK] vless-35 | err=-
[DROP] name=[Pawdroid-SS-APK] vless-35 {1337} | server=104.16.72.101:8880 | reason=mihomo start failed
[TEST] {1336} tested=1/1 | kept=0 | rest=0
[DEBUG] mihomo isolate | branch={1336} | size=1 | parse=0 | names=[Pawdroid-SS-APK] United+Kingdom-16 | err=-
[DEBUG] mihomo drop | branch={1336} | size=1 | parse=0 | names=[Pawdroid-SS-APK] United+Kingdom-16 | err=-
[DROP] name=[Pawdroid-SS-APK] United+Kingdom-16 {1336} | server=91.193.59.251:2053 | reason=mihomo start failed
[TEST] {1338} tested=1/1 | kept=0 | rest=0
[DEBUG] mihomo isolate | branch={1338} | size=1 | parse=0 | names=[Pawdroid-SS-APK] vless-36 | err=-
[DEBUG] mihomo drop | branch={1338} | size=1 | parse=0 | names=[Pawdroid-SS-APK] vless-36 | err=-
[DROP] name=[Pawdroid-SS-APK] vless-36 {1338} | server=104.18.131.112:80 | reason=mihomo start failed
[TEST] {1329} tested=1/1 | kept=0 | rest=0
[DEBUG] mihomo isolate | branch={1329} | size=1 | parse=0 | names=[免费节点10] 🇺🇸 US 389 → tg@nicevpn123 | err=-
[DEBUG] mihomo drop | branch={1329} | size=1 | parse=0 | names=[免费节点10] 🇺🇸 US 389 → tg@nicevpn123 | err=-
[DROP] name=[免费节点10] 🇺🇸 US 389 → tg@nicevpn123 {1329} | server=158.101.217.208:443 | reason=mihomo start failed
[TEST] {1332} tested=1/1 | kept=0 | rest=0
[DEBUG] mihomo isolate | branch={1332} | size=1 | parse=0 | names=[免费节点10] 🇺🇸 US 397 → tg@nicevpn123 | err=-
[DEBUG] mihomo drop | branch={1332} | size=1 | parse=0 | names=[免费节点10] 🇺🇸 US 397 → tg@nicevpn123 | err=-
[DROP] name=[免费节点10] 🇺🇸 US 397 → tg@nicevpn123 {1332} | server=38.75.137.93:8119 | reason=mihomo start failed
[TEST] {1339} tested=1/1 | kept=0 | rest=0
[DEBUG] mihomo isolate | branch={1339} | size=1 | parse=0 | names=[免费节点10] 🇺🇸 US 4 → tg@nicevpn123 | err=-
[DEBUG] mihomo drop | branch={1339} | size=1 | parse=0 | names=[免费节点10] 🇺🇸 US 4 → tg@nicevpn123 | err=-
[DROP] name=[免费节点10] 🇺🇸 US 4 → tg@nicevpn123 {1339} | server=vt50k-g01.jp05-6786-vm0.entry.fr0307a.art:46482 | reason=mihomo start failed
[TEST] {1331} tested=1/1 | kept=0 | rest=0
[DEBUG] mihomo isolate | branch={1331} | size=1 | parse=0 | names=[免费节点10] 🇺🇸 US 395 → tg@nicevpn123 | err=-
[DEBUG] mihomo drop | branch={1331} | size=1 | parse=0 | names=[免费节点10] 🇺🇸 US 395 → tg@nicevpn123 | err=-
[DROP] name=[免费节点10] 🇺🇸 US 395 → tg@nicevpn123 {1331} | server=ip0axv1bbsu02k7-my.1ytnode.com:56366 | reason=mihomo start failed
[TEST] {1343} tested=1/1 | kept=0 | rest=0
[DEBUG] mihomo isolate | branch={1343} | size=1 | parse=0 | names=[免费节点10] 🇺🇸 US 403 → tg@nicevpn123 | err=-
[DEBUG] mihomo drop | branch={1343} | size=1 | parse=0 | names=[免费节点10] 🇺🇸 US 403 → tg@nicevpn123 | err=-
[DROP] name=[免费节点10] 🇺🇸 US 403 → tg@nicevpn123 {1343} | server=104.19.250.15:2052 | reason=mihomo start failed
[TEST] {1346} tested=1/1 | kept=0 | rest=0
[DEBUG] mihomo isolate | branch={1346} | size=1 | parse=0 | names=[Pawdroid-SS-APK] United+States-46 | err=-
[DEBUG] mihomo drop | branch={1346} | size=1 | parse=0 | names=[Pawdroid-SS-APK] United+States-46 | err=-
[DROP] name=[Pawdroid-SS-APK] United+States-46 {1346} | server=cf2.466688.xyz:8880 | reason=mihomo start failed
[TEST] {1344} tested=1/1 | kept=0 | rest=0
[DEBUG] mihomo isolate | branch={1344} | size=1 | parse=0 | names=[Pawdroid-SS-APK] vless-31 | err=-
[DEBUG] mihomo drop | branch={1344} | size=1 | parse=0 | names=[Pawdroid-SS-APK] vless-31 | err=-
[DROP] name=[Pawdroid-SS-APK] vless-31 {1344} | server=104.21.6.82:8080 | reason=mihomo start failed
[TEST] {1347} tested=1/1 | kept=0 | rest=0
[DEBUG] mihomo isolate | branch={1347} | size=1 | parse=0 | names=[Pawdroid-SS-APK] vless-32 | err=-
[DEBUG] mihomo drop | branch={1347} | size=1 | parse=0 | names=[Pawdroid-SS-APK] vless-32 | err=-
[DROP] name=[Pawdroid-SS-APK] vless-32 {1347} | server=104.16.0.1:443 | reason=mihomo start failed
[TEST] {1345} tested=1/1 | kept=0 | rest=0
[DEBUG] mihomo isolate | branch={1345} | size=1 | parse=0 | names=[Pawdroid-SS-APK] Russia-3 | err=-
[DEBUG] mihomo drop | branch={1345} | size=1 | parse=0 | names=[Pawdroid-SS-APK] Russia-3 | err=-
[DROP] name=[Pawdroid-SS-APK] Russia-3 {1345} | server=45.142.120.30:8880 | reason=mihomo start failed
[TEST] {1341} tested=1/1 | kept=0 | rest=0
[TEST] {1349} tested=1/1 | kept=0 | rest=0
[DEBUG] mihomo isolate | branch={1341} | size=1 | parse=0 | names=[免费节点10] 🇺🇸 US 401 → tg@nicevpn123 | err=-
[DEBUG] mihomo drop | branch={1341} | size=1 | parse=0 | names=[免费节点10] 🇺🇸 US 401 → tg@nicevpn123 | err=-
[DROP] name=[免费节点10] 🇺🇸 US 401 → tg@nicevpn123 {1341} | server=beeconf.xyz:8080 | reason=mihomo start failed
[DEBUG] mihomo isolate | branch={1349} | size=1 | parse=0 | names=[Pawdroid-SS-APK] United+States-86 | err=-
[DEBUG] mihomo drop | branch={1349} | size=1 | parse=0 | names=[Pawdroid-SS-APK] United+States-86 | err=-
[DROP] name=[Pawdroid-SS-APK] United+States-86 {1349} | server=172.64.146.66:443 | reason=mihomo start failed
[TEST] {1350} tested=1/1 | kept=0 | rest=0
[DEBUG] mihomo isolate | branch={1350} | size=1 | parse=0 | names=[Pawdroid-SS-APK] vless-68 | err=-
[DEBUG] mihomo drop | branch={1350} | size=1 | parse=0 | names=[Pawdroid-SS-APK] vless-68 | err=-
[DROP] name=[Pawdroid-SS-APK] vless-68 {1350} | server=104.16.99.215:8880 | reason=mihomo start failed
[TEST] {1348} tested=1/1 | kept=0 | rest=0
[DEBUG] mihomo isolate | branch={1348} | size=1 | parse=0 | names=[Pawdroid-SS-APK] vless-67 | err=-
[DEBUG] mihomo drop | branch={1348} | size=1 | parse=0 | names=[Pawdroid-SS-APK] vless-67 | err=-
[DROP] name=[Pawdroid-SS-APK] vless-67 {1348} | server=104.17.158.218:2087 | reason=mihomo start failed
[TEST] {1352} tested=1/1 | kept=0 | rest=0
[DEBUG] mihomo isolate | branch={1352} | size=1 | parse=0 | names=[Pawdroid-SS-APK] vless-70 | err=-
[DEBUG] mihomo drop | branch={1352} | size=1 | parse=0 | names=[Pawdroid-SS-APK] vless-70 | err=-
[DROP] name=[Pawdroid-SS-APK] vless-70 {1352} | server=104.19.164.155:2083 | reason=mihomo start failed
[TEST] {1351} tested=1/1 | kept=0 | rest=0
[DEBUG] mihomo isolate | branch={1351} | size=1 | parse=0 | names=[Pawdroid-SS-APK] vless-69 | err=-
[DEBUG] mihomo drop | branch={1351} | size=1 | parse=0 | names=[Pawdroid-SS-APK] vless-69 | err=-
[DROP] name=[Pawdroid-SS-APK] vless-69 {1351} | server=medium.com:443 | reason=mihomo start failed
[TEST] {1355} tested=1/1 | kept=0 | rest=0
[DEBUG] mihomo isolate | branch={1355} | size=1 | parse=0 | names=[免费节点10] 🇺🇸 US 41 → tg@nicevpn123 | err=-
[DEBUG] mihomo drop | branch={1355} | size=1 | parse=0 | names=[免费节点10] 🇺🇸 US 41 → tg@nicevpn123 | err=-
[DROP] name=[免费节点10] 🇺🇸 US 41 → tg@nicevpn123 {1355} | server=104.16.39.255:2082 | reason=mihomo start failed
[TEST] {1353} tested=1/1 | kept=0 | rest=0
[DEBUG] mihomo isolate | branch={1353} | size=1 | parse=0 | names=[免费节点10] 🇺🇸 US 408 → tg@nicevpn123 | err=-
[DEBUG] mihomo drop | branch={1353} | size=1 | parse=0 | names=[免费节点10] 🇺🇸 US 408 → tg@nicevpn123 | err=-
[DROP] name=[免费节点10] 🇺🇸 US 408 → tg@nicevpn123 {1353} | server=104.16.39.151:2082 | reason=mihomo start failed
[TEST] {1357} tested=1/1 | kept=0 | rest=0
[DEBUG] mihomo isolate | branch={1357} | size=1 | parse=0 | names=[免费节点10] 🇺🇸 US 411 → tg@nicevpn123 | err=-
[DEBUG] mihomo drop | branch={1357} | size=1 | parse=0 | names=[免费节点10] 🇺🇸 US 411 → tg@nicevpn123 | err=-
[DROP] name=[免费节点10] 🇺🇸 US 411 → tg@nicevpn123 {1357} | server=account-mec.emofid.co:443 | reason=mihomo start failed
[TEST] {1340} tested=1/1 | kept=0 | rest=0
[DEBUG] mihomo isolate | branch={1340} | size=1 | parse=0 | names=[免费节点10] 🇺🇸 US 400 → tg@nicevpn123 | err=-
[DEBUG] mihomo drop | branch={1340} | size=1 | parse=0 | names=[免费节点10] 🇺🇸 US 400 → tg@nicevpn123 | err=-
[DROP] name=[免费节点10] 🇺🇸 US 400 → tg@nicevpn123 {1340} | server=2.58.87.221:46628 | reason=mihomo start failed
[TEST] {1342} tested=1/1 | kept=0 | rest=0
[DEBUG] mihomo isolate | branch={1342} | size=1 | parse=0 | names=[免费节点10] 🇺🇸 US 402 → tg@nicevpn123 | err=-
[DEBUG] mihomo drop | branch={1342} | size=1 | parse=0 | names=[免费节点10] 🇺🇸 US 402 → tg@nicevpn123 | err=-
[DROP] name=[免费节点10] 🇺🇸 US 402 → tg@nicevpn123 {1342} | server=ip0axv1bbsu02k7-us.1ytnode.com:56357 | reason=mihomo start failed
[TEST] {1358} tested=1/1 | kept=0 | rest=0
[DEBUG] mihomo isolate | branch={1358} | size=1 | parse=0 | names=[免费节点10] 🇺🇸 US 404 → tg@nicevpn123 | err=-
[DEBUG] mihomo drop | branch={1358} | size=1 | parse=0 | names=[免费节点10] 🇺🇸 US 404 → tg@nicevpn123 | err=-
[DROP] name=[免费节点10] 🇺🇸 US 404 → tg@nicevpn123 {1358} | server=104.16.57.148:8080 | reason=mihomo start failed
[TEST] {1360} tested=1/1 | kept=0 | rest=0
[DEBUG] mihomo isolate | branch={1360} | size=1 | parse=0 | names=[免费节点10] 🇺🇸 US 406 → tg@nicevpn123 | err=-
[DEBUG] mihomo drop | branch={1360} | size=1 | parse=0 | names=[免费节点10] 🇺🇸 US 406 → tg@nicevpn123 | err=-
[DROP] name=[免费节点10] 🇺🇸 US 406 → tg@nicevpn123 {1360} | server=172.67.184.53:8443 | reason=mihomo start failed
[TEST] {1354} tested=1/1 | kept=0 | rest=0
[DEBUG] mihomo isolate | branch={1354} | size=1 | parse=0 | names=[免费节点10] 🇺🇸 US 409 → tg@nicevpn123 | err=-
[DEBUG] mihomo drop | branch={1354} | size=1 | parse=0 | names=[免费节点10] 🇺🇸 US 409 → tg@nicevpn123 | err=-
[DROP] name=[免费节点10] 🇺🇸 US 409 → tg@nicevpn123 {1354} | server=ip0axv1bbsu02k7-sg.1ytnode.com:56339 | reason=mihomo start failed
[TEST] {1362} tested=1/1 | kept=0 | rest=0
[DEBUG] mihomo isolate | branch={1362} | size=1 | parse=0 | names=[Pawdroid-SS-APK] Latvia | err=-
[DEBUG] mihomo drop | branch={1362} | size=1 | parse=0 | names=[Pawdroid-SS-APK] Latvia | err=-
[DROP] name=[Pawdroid-SS-APK] Latvia {1362} | server=102.177.189.30:8880 | reason=mihomo start failed
[TEST] {1356} tested=1/1 | kept=0 | rest=0
[DEBUG] mihomo isolate | branch={1356} | size=1 | parse=0 | names=[免费节点10] 🇺🇸 US 410 → tg@nicevpn123 | err=-
[DEBUG] mihomo drop | branch={1356} | size=1 | parse=0 | names=[免费节点10] 🇺🇸 US 410 → tg@nicevpn123 | err=-
[DROP] name=[免费节点10] 🇺🇸 US 410 → tg@nicevpn123 {1356} | server=13.214.212.171:443 | reason=mihomo start failed
[TEST] {1364} tested=1/1 | kept=0 | rest=0
[DEBUG] mihomo isolate | branch={1364} | size=1 | parse=0 | names=[Pawdroid-SS-APK] United+States-85 | err=-
[DEBUG] mihomo drop | branch={1364} | size=1 | parse=0 | names=[Pawdroid-SS-APK] United+States-85 | err=-
[DROP] name=[Pawdroid-SS-APK] United+States-85 {1364} | server=small-scene-f215.amiralizarefast1.workers.dev:443 | reason=mihomo start failed
[TEST] {1365} tested=1/1 | kept=0 | rest=0
[DEBUG] mihomo isolate | branch={1365} | size=1 | parse=0 | names=[Pawdroid-SS-APK] vless-66 | err=-
[DEBUG] mihomo drop | branch={1365} | size=1 | parse=0 | names=[Pawdroid-SS-APK] vless-66 | err=-
[DROP] name=[Pawdroid-SS-APK] vless-66 {1365} | server=deepl.com:8880 | reason=mihomo start failed
[TEST] {1366} tested=1/1 | kept=0 | rest=0
[DEBUG] mihomo isolate | branch={1366} | size=1 | parse=0 | names=[免费节点10] 🇺🇸 US 739 → tg@nicevpn123 | err=-
[DEBUG] mihomo drop | branch={1366} | size=1 | parse=0 | names=[免费节点10] 🇺🇸 US 739 → tg@nicevpn123 | err=-
[DROP] name=[免费节点10] 🇺🇸 US 739 → tg@nicevpn123 {1366} | server=172.67.174.92:2053 | reason=mihomo start failed
[TEST] {1367} tested=1/1 | kept=0 | rest=0
[DEBUG] mihomo isolate | branch={1367} | size=1 | parse=0 | names=[免费节点10] 🇺🇸 US 74 → tg@nicevpn123 | err=-
[DEBUG] mihomo drop | branch={1367} | size=1 | parse=0 | names=[免费节点10] 🇺🇸 US 74 → tg@nicevpn123 | err=-
[DROP] name=[免费节点10] 🇺🇸 US 74 → tg@nicevpn123 {1367} | server=104.19.45.30:2095 | reason=mihomo start failed
[TEST] {1359} tested=1/1 | kept=0 | rest=0
[DEBUG] mihomo isolate | branch={1359} | size=1 | parse=0 | names=[免费节点10] 🇺🇸 US 405 → tg@nicevpn123 | err=-
[DEBUG] mihomo drop | branch={1359} | size=1 | parse=0 | names=[免费节点10] 🇺🇸 US 405 → tg@nicevpn123 | err=-
[DROP] name=[免费节点10] 🇺🇸 US 405 → tg@nicevpn123 {1359} | server=38.46.1.235:49828 | reason=mihomo start failed
[TEST] {1361} tested=1/1 | kept=0 | rest=0
[DEBUG] mihomo isolate | branch={1361} | size=1 | parse=0 | names=[免费节点10] 🇺🇸 US 407 → tg@nicevpn123 | err=-
[DEBUG] mihomo drop | branch={1361} | size=1 | parse=0 | names=[免费节点10] 🇺🇸 US 407 → tg@nicevpn123 | err=-
[DROP] name=[免费节点10] 🇺🇸 US 407 → tg@nicevpn123 {1361} | server=38.110.1.88:5600 | reason=mihomo start failed
[TEST] {1369} tested=1/1 | kept=0 | rest=0
[DEBUG] mihomo isolate | branch={1369} | size=1 | parse=0 | names=[免费节点10] 🇺🇸 US 741 → tg@nicevpn123 | err=-
[DEBUG] mihomo drop | branch={1369} | size=1 | parse=0 | names=[免费节点10] 🇺🇸 US 741 → tg@nicevpn123 | err=-
[DROP] name=[免费节点10] 🇺🇸 US 741 → tg@nicevpn123 {1369} | server=series-a2-me.samanehha.co:443 | reason=mihomo start failed
[TEST] {1363} tested=1/1 | kept=0 | rest=0
[DEBUG] mihomo isolate | branch={1363} | size=1 | parse=0 | names=[Pawdroid-SS-APK] Singapore-6 | err=-
[DEBUG] mihomo drop | branch={1363} | size=1 | parse=0 | names=[Pawdroid-SS-APK] Singapore-6 | err=-
[DROP] name=[Pawdroid-SS-APK] Singapore-6 {1363} | server=134.122.202.244:44915 | reason=mihomo start failed
[TEST] {1368} tested=1/1 | kept=0 | rest=0
[DEBUG] mihomo isolate | branch={1368} | size=1 | parse=0 | names=[免费节点10] 🇺🇸 US 740 → tg@nicevpn123 | err=-
[DEBUG] mihomo drop | branch={1368} | size=1 | parse=0 | names=[免费节点10] 🇺🇸 US 740 → tg@nicevpn123 | err=-
[DROP] name=[免费节点10] 🇺🇸 US 740 → tg@nicevpn123 {1368} | server=3.36.96.75:443 | reason=mihomo start failed
[TEST] {1370} tested=1/1 | kept=0 | rest=0
[DEBUG] mihomo isolate | branch={1370} | size=1 | parse=0 | names=[免费节点10] 🇺🇸 US 742 → tg@nicevpn123 | err=-
[DEBUG] mihomo drop | branch={1370} | size=1 | parse=0 | names=[免费节点10] 🇺🇸 US 742 → tg@nicevpn123 | err=-
[DROP] name=[免费节点10] 🇺🇸 US 742 → tg@nicevpn123 {1370} | server=38.75.136.108:9101 | reason=mihomo start failed
[DROP] name=[Pawdroid-SS-APK] United+Kingdom-4 {core} | server=82.38.31.189:8080 | reason=duplicate core
[INFO] dropped=935 | [ChromeGO-ShiteThings] × 11 | [ChromeGO-Merge] × 65 | [免费节点10] × 551 | [Pawdroid-SS-APK] × 162 | [Epodonios] × 134 | [Free-clash-v2ray] × 6 | [Pawdroid-SR-APK] × 6
============================================================
[INFO] cap live | source=[大FQ运动] | from=255 | to=50
[INFO] cap live | source=[Pawdroid-SR-APK] | from=293 | to=50
[INFO] cap live | source=[Pawdroid-SS-APK] | from=53 | to=50
[INFO] cap live | source=[Epodonios] | from=82 | to=50
[INFO] cap live | source=[Free-clash-v2ray] | from=416 | to=50
[INFO] cap live | source=[V2rayclashfree-RSS] | from=213 | to=50
[INFO] cap live total | from=457 | to=400 | floor=5 | by=health_score
[INFO] cap live | reserved=88 | pool=369 | taken=312
[INFO] cap live | source=[NekoWarp] | from=10 | to=9
[INFO] cap live | source=[免费节点6] | from=25 | to=22
[INFO] cap live | source=[免费节点10] | from=20 | to=18
[INFO] cap live | source=[免费节点11] | from=21 | to=19
[INFO] cap live | source=[Pawdroid-SS-APK] | from=50 | to=31
[INFO] cap live | source=[1VPN-CRX] | from=10 | to=8
[INFO] cap live | source=[Clashfree] | from=38 | to=15
[INFO] cap live | source=[Epodonios] | from=50 | to=45
[INFO] geo tally | live=400 | HK=25 | JP=43 | KR=25 | TW=8 | SG=28 | US=112 | GB=11 | FR=27 | DE=14 | NL=16 | CA=10 | other=81
[INFO] score summary | n=400 | max=357.1764 | p90=109.4387 | p50=47.5640 | avg=54.5638 | min=0.8804 | geo_avg=19.5229 | adj_avg=+3.4834
============================================================
+------------------------------+--------+--------+------+--------+
| source                       |    raw | unique | live | capped |
+------------------------------+--------+--------+------+--------+
| [大FQ运动]                   |   1926 |   1922 |  255 |     50 |
+------------------------------+--------+--------+------+--------+
| [Pawdroid]                   |     38 |     14 |    2 |      2 |
+------------------------------+--------+--------+------+--------+
| [FreeV2-Base64]              |      3 |      3 |    2 |      2 |
+------------------------------+--------+--------+------+--------+
| [Bocchi2b-Base64]            |     35 |     35 |    0 |      0 |
+------------------------------+--------+--------+------+--------+
| [Freesocks]                  |      4 |      4 |    3 |      3 |
+------------------------------+--------+--------+------+--------+
| [NekoWarp]                   |     10 |     10 |   10 |      9 |
+------------------------------+--------+--------+------+--------+
| [OpenRunner-RSS]             |     11 |      8 |    0 |      0 |
+------------------------------+--------+--------+------+--------+
| [V2Rayshare-RSS]             |     22 |     21 |    0 |      0 |
+------------------------------+--------+--------+------+--------+
| [Mibei77-RSS]                |    159 |     73 |    0 |      0 |
+------------------------------+--------+--------+------+--------+
| [Yoyapai-RSS]                |    230 |    179 |    3 |      3 |
+------------------------------+--------+--------+------+--------+
| [免费节点1]                  |    288 |    174 |    5 |      5 |
+------------------------------+--------+--------+------+--------+
| [免费节点2]                  |    372 |      0 |    0 |      0 |
+------------------------------+--------+--------+------+--------+
| [免费节点3]                  |     48 |     16 |   10 |     10 |
+------------------------------+--------+--------+------+--------+
| [免费节点4]                  |    838 |      0 |    0 |      0 |
+------------------------------+--------+--------+------+--------+
| [免费节点5]                  |     29 |     28 |    0 |      0 |
+------------------------------+--------+--------+------+--------+
| [免费节点6]                  |   1635 |   1525 |   25 |     22 |
+------------------------------+--------+--------+------+--------+
| [免费节点7]                  |     65 |      0 |    0 |      0 |
+------------------------------+--------+--------+------+--------+
| [免费节点8]                  |   4171 |   3072 |    3 |      3 |
+------------------------------+--------+--------+------+--------+
| [免费节点9]                  |    615 |    438 |    0 |      0 |
+------------------------------+--------+--------+------+--------+
| [免费节点10]                 |   5516 |   3088 |   20 |     18 |
+------------------------------+--------+--------+------+--------+
| [免费节点11]                 |    443 |     75 |   21 |     19 |
+------------------------------+--------+--------+------+--------+
| [ChromeGO-Toolkit]           |     20 |     20 |    4 |      4 |
+------------------------------+--------+--------+------+--------+
| [ChromeGO-ShiteThings]       |     31 |     25 |    0 |      0 |
+------------------------------+--------+--------+------+--------+
| [ChromeGO-Merge]             |    119 |     74 |    1 |      1 |
+------------------------------+--------+--------+------+--------+
| [Pawdroid-SR-APK]            |    704 |    413 |  293 |     50 |
+------------------------------+--------+--------+------+--------+
| [Pawdroid-SS-APK]            |   1507 |   1026 |   53 |     31 |
+------------------------------+--------+--------+------+--------+
| [1VPN-CRX]                   |     17 |     17 |   10 |      8 |
+------------------------------+--------+--------+------+--------+
| [Clashfree]                  |    200 |     86 |   38 |     15 |
+------------------------------+--------+--------+------+--------+
| [Epodonios]                  |   4301 |   2662 |   82 |     45 |
+------------------------------+--------+--------+------+--------+
| [Free-clash-v2ray]           |   3521 |   2060 |  416 |     50 |
+------------------------------+--------+--------+------+--------+
| [V2rayclashfree-RSS]         |   3525 |    575 |  213 |     50 |
+------------------------------+--------+--------+------+--------+
============================================================
[INFO] clash history written | path=/home/runner/work/Free-node-autotest/Free-node-autotest/history/797390718594-clash-1405-20260928.yaml
[SUMMARY] total_nodes=30403
[SUMMARY] legal_candidates=17643
[SUMMARY] passed_latency_test=400
[SUMMARY] region_HK=25 | region_JP=43 | region_US=121
[SUMMARY] avg_latency_ms=476.67
[SUMMARY] output=/home/runner/work/Free-node-autotest/Free-node-autotest/output/clash.yaml
============================================================
[INFO] raw backup written | path=/home/runner/work/Free-node-autotest/Free-node-autotest/output/raw.yaml | history=797390718594-raw-1405-20260928.yaml | proxies=30405
[INFO] debug history written | path=/home/runner/work/Free-node-autotest/Free-node-autotest/history/797390718594-debug-1405-20260928.log | proxies=30405
