============================================================
[INFO] sublink try page | url=https://end-gfw.com
[OK] proxies=6 | new=6 | url=https://raw.githubusercontent.com/hello-world-1989/cn-news/main/end-gfw-free
[OK] proxies=6 | new=0 | url=https://raw.githubusercontent.com/hello-world-1989/cn-news/main/clash-free.yaml
[INFO] sublink file_nodes=6 | bare links=116
[OK] proxies=38 | new=38 | url=https://raw.githubusercontent.com/yaney01/Yaney01/main/temporary
[OK] proxies=1 | new=1 | url=https://ccbaohe.com/appleID/
[OK] proxies=1 | new=0 | url=https://ios.wwkejishe.top/
[OK] proxies=1 | new=0 | url=https://stash.wiki/
[OK] proxies=200 | new=200 | url=https://raw.githubusercontent.com/ts-sf/fly/main/clash
[OK] proxies=830 | new=813 | url=https://raw.githubusercontent.com/mfuu/FreeProxies/master/sub
[OK] proxies=1 | new=0 | url=https://c.kilxs.cn/
[OK] proxies=1 | new=0 | url=https://www.112112789.xyz/
[OK] proxies=98 | new=29 | url=https://tt.vg/freeclash
[OK] proxies=1 | new=0 | url=https://c.xiyou666.xyz/
[OK] proxies=61 | new=61 | url=https://raw.githubusercontent.com/mahdibland/ShadowsocksAggregator/master/EternityAir
[OK] proxies=1 | new=0 | url=https://www.futizi.net/
[OK] proxies=1 | new=0 | url=https://manual.getsurfboard.com/
[OK] proxies=274 | new=267 | url=https://jiang.netlify.app
[OK] proxies=1 | new=0 | url=https://{apps.apple.com|itunes.apple.com}/us/app/{kitsunebi-proxy-utility|psiphon|shadowrocket|quantumult-x|potatso-lite}/{id1446584073|id1276263909|id932747118|id1443988620|id1239860606}
[OK] proxies=346 | new=291 | url=https://www.ermao.net/sub/{clash|v2ray}/ermao.net
[OK] proxies=346 | new=0 | url=https://www.ermao.net/sub/{reachable|unreachable|untested}/clash/ermao.net
[OK] proxies=2 | new=1 | url=https://apps.apple.com/{us|app}/{app|fair-vpn|streisand}/{id1443988620|id932747118|id1442620678|id1533873488|id6450534064}
[OK] proxies=195 | new=151 | url=https://raw.githubusercontent.com/mahdibland/ShadowsocksAggregator/master/Eternity
[INFO] source try link | url=https://end-gfw.com/ss-key
[OK] proxies=4 | new=4 | url=https://end-gfw.com/ss-key
[INFO] sublink try repo | url=https://github.com/hello-world-1989/cn-news
[INFO] sublink try page | url=https://raw.githubusercontent.com/hello-world-1989/cn-news/main/README.md
[OK] proxies=6 | new=6 | url=https://raw.githubusercontent.com/hello-world-1989/v2-sub/main/end-gfw-together-af3e13
[OK] proxies=2 | new=2 | url=https://raw.githubusercontent.com/hello-world-1989/cn-news/refs/heads/main/clash.yaml
[OK] proxies=2 | new=0 | url=https://raw.githubusercontent.com/hello-world-1989/cn-news/main/end-gfw-together
[OK] proxies=1870 | source=[大FQ运动] | url=https://raw.githubusercontent.com/hello-world-1989/cn-news/main/README.md
============================================================
[INFO] sublink try repo | url=https://github.com/Pawdroid/Free-servers
[INFO] sublink try page | url=https://raw.githubusercontent.com/Pawdroid/Free-servers/main/README.md
[OK] proxies=1 | new=1 | url=https://apps.apple.com/cn/app/shadowshare/id1612647259
[OK] proxies=20 | new=20 | url=https://raw.githubusercontent.com/Pawdroid/Free-servers/main/README.md
[OK] proxies=20 | new=19 | url=https://raw.githubusercontent.com/Pawdroid/Free-servers/main/sub
[OK] proxies=1 | new=1 | url=http://www.surflare.com
[OK] proxies=41 | source=[Pawdroid] | url=https://raw.githubusercontent.com/Pawdroid/Free-servers/main/README.md
============================================================
[INFO] source try link | url=https://xmxosfepggzm.503403.xyz
[OK] proxies=3 | new=3 | url=https://xmxosfepggzm.503403.xyz
[OK] proxies=3 | source=[FreeV2-Base64] | url=https://xmxosfepggzm.503403.xyz
============================================================
[INFO] source try link | url=https://links.bocchi2b.top/clash
[OK] proxies=35 | new=35 | url=https://links.bocchi2b.top/clash
[OK] proxies=35 | source=[Bocchi2b-Base64] | url=https://links.bocchi2b.top/clash
============================================================
[INFO] source try link | url=https://freesocks.org/api/v1/sub/02b897e8e77f19176b0b9f2c75864b00
[OK] proxies=1 | new=1 | url=https://freesocks.org/api/v1/sub/02b897e8e77f19176b0b9f2c75864b00
[INFO] source try link | url=https://freesocks.org/api/v1/sub/4cae35810e6f5c4d92e28e32104e0080
[OK] proxies=3 | new=3 | url=https://freesocks.org/api/v1/sub/4cae35810e6f5c4d92e28e32104e0080
[OK] proxies=4 | source=[Freesocks] | url=https://freesocks.org/api/v1/sub/4cae35810e6f5c4d92e28e32104e0080
============================================================
[INFO] source try link | url=https://neko-warp.nloli.xyz/neko_warp.yaml
[OK] proxies=10 | new=10 | url=https://neko-warp.nloli.xyz/neko_warp.yaml
[OK] proxies=10 | source=[NekoWarp] | url=https://neko-warp.nloli.xyz/neko_warp.yaml
============================================================
[INFO] article try feed | url=https://free.datiya.com/index.xml
[INFO] sublink try page | url=https://free.datiya.com/post/20260928/
[OK] proxies=11 | new=11 | url=https://free.datiya.com/uploads/20260928-clash.yaml
[OK] proxies=11 | source=[OpenRunner-RSS] | url=https://free.datiya.com/post/20260928/
============================================================
[INFO] article try feed | url=https://v2rayshare.com/feed
[INFO] sublink try page | url=https://v2rayshare.com/p/4097.html
[INFO] sublink try repo | url=https://github.com/firefoxmmx2/v2rayshare_subcription
[INFO] sublink try page | url=https://raw.githubusercontent.com/firefoxmmx2/v2rayshare_subcription/main/README.md
[OK] proxies=21 | new=21 | url=https://{raw.githubusercontent.com|cdn.jsdelivr.net}/firefoxmmx2/v2rayshare_subcription/main/subscription/clash_sub.yaml
[OK] proxies=22 | new=1 | url=https://{raw.githubusercontent.com|cdn.jsdelivr.net}/firefoxmmx2/v2rayshare_subcription/main/subscription/mihomo_sub.yaml
[OK] proxies=22 | new=0 | url=https://{raw.githubusercontent.com|cdn.jsdelivr.net}/firefoxmmx2/v2rayshare_subcription/main/subscription/vray_sub.txt
[OK] proxies=22 | source=[V2Rayshare-RSS] | url=https://raw.githubusercontent.com/firefoxmmx2/v2rayshare_subcription/main/README.md
============================================================
[INFO] article try feed | url=https://www.mibei77.com/feed
[INFO] sublink try page | url=https://www.mibei77.com/703.html
[OK] proxies=157 | new=157 | url=https://mm.mibei77.com/202609/0928Clashizx.yaml
[OK] proxies=159 | new=2 | url=https://mm.mibei77.com/202609/09.2864baczx.txt
[OK] proxies=159 | source=[Mibei77-RSS] | url=https://www.mibei77.com/703.html
============================================================
[INFO] article try feed | url=https://yoyapai.com/feed
[INFO] sublink try page | url=https://yoyapai.com/739
[OK] proxies=229 | new=229 | url=https://freenode.yoyapai.com/2026/09/28-yoyapai.com-clashvpnmianfeijiedian.yaml
[OK] proxies=1 | new=1 | url=https://yoyapai.com/739
[OK] proxies=229 | new=0 | url=https://freenode.yoyapai.com/2026/09/28-yoyapai.com-ssrv2rayvpnmianfeijiedian.txt
[OK] proxies=230 | source=[Yoyapai-RSS] | url=https://yoyapai.com/739
============================================================
[INFO] sublink try repo | url=https://github.com/free18/v2ray
[INFO] sublink try page | url=https://raw.githubusercontent.com/free18/v2ray/main/README.md
[OK] proxies=285 | new=285 | url=https://ghfast.top/https://raw.githubusercontent.com/free18/v2ray/refs/heads/main/c.yaml
[OK] proxies=285 | new=0 | url=https://ghfast.top/https://raw.githubusercontent.com/free18/v2ray/refs/heads/main/v.txt
[OK] proxies=3 | new=3 | url=https://raw.githubusercontent.com/free18/v2ray/main/README.md
[OK] proxies=288 | source=[免费节点1] | url=https://raw.githubusercontent.com/free18/v2ray/main/README.md
============================================================
[INFO] sublink try repo | url=https://github.com/ermaozi/get_subscribe
[INFO] sublink try page | url=https://raw.githubusercontent.com/ermaozi/get_subscribe/main/README.md
[INFO] sublink file_nodes=0 | bare links=9
[OK] proxies=346 | new=346 | url=https://www.ermao.net/sub/{clash|v2ray}/ermao.net
[OK] proxies=346 | new=0 | url=https://www.ermao.net/sub/{reachable|unreachable|untested}/clash/ermao.net
[OK] proxies=346 | source=[免费节点2] | url=https://raw.githubusercontent.com/ermaozi/get_subscribe/main/README.md
============================================================
[INFO] sublink try repo | url=https://github.com/sunmiao4458/free-proxy-airport
[INFO] sublink try page | url=https://raw.githubusercontent.com/sunmiao4458/free-proxy-airport/main/README.md
[OK] proxies=54 | new=54 | url=https://sunmiao4458.github.io/free-proxy-airport/clash.yaml
[OK] proxies=54 | source=[免费节点3] | url=https://raw.githubusercontent.com/sunmiao4458/free-proxy-airport/main/README.md
============================================================
[INFO] sublink try repo | url=https://github.com/mfuu/FreeProxies
[INFO] sublink try page | url=https://raw.githubusercontent.com/mfuu/FreeProxies/master/README.md
[OK] proxies=835 | new=835 | url=https://raw.githubusercontent.com/mfuu/FreeProxies/master/sub.yaml
[OK] proxies=835 | source=[免费节点4] | url=https://raw.githubusercontent.com/mfuu/FreeProxies/master/README.md
============================================================
[INFO] sublink try repo | url=https://github.com/vxiaov/free_proxies
[INFO] sublink try page | url=https://raw.githubusercontent.com/vxiaov/free_proxies/main/README.md
[OK] proxies=28 | new=28 | url=https://{cdn.jsdelivr.net|raw.githubusercontent.com}/vxiaov/free_proxies/main/clash/clash.provider.yaml
[OK] proxies=1 | new=1 | url=https://raw.githubusercontent.com/vxiaov/free_proxies/main/README.md
[OK] proxies=29 | source=[免费节点5] | url=https://raw.githubusercontent.com/vxiaov/free_proxies/main/README.md
============================================================
[INFO] sublink try repo | url=https://github.com/anaer/Sub
[INFO] sublink try page | url=https://raw.githubusercontent.com/anaer/Sub/main/README.MD
[OK] proxies=1635 | new=1635 | url=https://anaer.github.io/Sub/clash.yaml
[OK] proxies=1635 | new=0 | url=https://raw.githubusercontent.com/anaer/Sub/main/clash.yaml
[OK] proxies=1635 | source=[免费节点6] | url=https://raw.githubusercontent.com/anaer/Sub/main/README.MD
============================================================
[INFO] sublink try repo | url=https://github.com/snakem982/proxypool
[INFO] sublink try page | url=https://raw.githubusercontent.com/snakem982/proxypool/main/README.md
[OK] proxies=64 | new=64 | url=https://raw.githubusercontent.com/snakem982/proxypool/main/source/clash-meta-2.yaml
[OK] proxies=63 | new=0 | url=https://raw.githubusercontent.com/snakem982/proxypool/main/source/v2ray-2.txt
[OK] proxies=61 | new=0 | url=https://raw.githubusercontent.com/snakem982/proxypool/main/source/sing-box-2.json
[OK] proxies=64 | source=[免费节点7] | url=https://raw.githubusercontent.com/snakem982/proxypool/main/README.md
============================================================
[INFO] sublink try repo | url=https://github.com/mahdibland/V2RayAggregator
[INFO] sublink try page | url=https://raw.githubusercontent.com/mahdibland/V2RayAggregator/master/README.md
[OK] proxies=1838 | new=1838 | url=https://raw.githubusercontent.com/mahdibland/ShadowsocksAggregator/master/sub/splitted/ss.txt
[OK] proxies=466 | new=466 | url=https://raw.githubusercontent.com/mahdibland/ShadowsocksAggregator/master/sub/splitted/trojan.txt
[OK] proxies=3992 | new=1709 | url=https://raw.githubusercontent.com/mahdibland/SSAggregator/master/sub/sub_merge_yaml.yml
[OK] proxies=3807 | new=2 | url=https://raw.githubusercontent.com/mahdibland/SSAggregator/master/sub/sub_merge_base64.txt
[OK] proxies=1449 | new=0 | url=https://raw.githubusercontent.com/mahdibland/ShadowsocksAggregator/master/sub/splitted/vmess.txt
[OK] proxies=195 | new=0 | url=https://raw.githubusercontent.com/mahdibland/ShadowsocksAggregator/master/Eternity.txt
[OK] proxies=61 | new=61 | url=https://raw.githubusercontent.com/mahdibland/SSAggregator/master/sub/airport_sub_merge.txt
[OK] proxies=61 | new=0 | url=https://raw.githubusercontent.com/mahdibland/SSAggregator/master/sub/airport_merge_base64.txt
[OK] proxies=1 | new=1 | url=https://github.com/mahdibland/SSAggregator/actions/workflows/Airport_Collector.yml
[OK] proxies=1 | new=0 | url=https://cdn.jsdelivr.net/gh/mahdibland/V2RayAggregator@master/update/provider/provider-cn.yml
[OK] proxies=1 | new=0 | url=https://github.com/mahdibland/SSAggregator/actions/workflows/Collector.yml
[OK] proxies=1 | new=0 | url=https://cdn.jsdelivr.net/gh/mahdibland/V2RayAggregator@master/update/provider/provider.yml
[OK] proxies=61 | new=0 | url=https://raw.githubusercontent.com/mahdibland/ShadowsocksAggregator/master/EternityAir.txt
[OK] proxies=378 | new=94 | url=https://raw.githubusercontent.com/mahdibland/V2RayAggregator/master/README.md
[OK] proxies=3807 | new=0 | url=https://raw.githubusercontent.com/mahdibland/{SSAggregator|ShadowsocksAggregator}/master/sub/sub_merge.txt
[OK] proxies=1 | new=0 | url=https://cdn.jsdelivr.net/gh/mahdibland/V2RayAggregator@master/update/provider/provider-meta-others.yml
[OK] proxies=1 | new=0 | url=https://cdn.jsdelivr.net/gh/mahdibland/V2RayAggregator@master/update/provider/provider-others.yml
[OK] proxies=1 | new=0 | url=https://cdn.jsdelivr.net/gh/mahdibland/V2RayAggregator@master/update/provider/provider-meta-cn.yml
[OK] proxies=196 | new=0 | url=https://raw.githubusercontent.com/mahdibland/ShadowsocksAggregator/master/Eternity.yml
[OK] proxies=54 | new=0 | url=https://raw.githubusercontent.com/mahdibland/ShadowsocksAggregator/master/sub/splitted/ssr.txt
[OK] proxies=1 | new=0 | url=https://cdn.jsdelivr.net/gh/mahdibland/V2RayAggregator@master/update/provider/provider-meta.yml
[OK] proxies=4171 | source=[免费节点8] | url=https://raw.githubusercontent.com/mahdibland/V2RayAggregator/master/README.md
============================================================
[INFO] sublink try repo | url=https://github.com/w1770946466/Auto_proxy
[INFO] sublink try page | url=https://raw.githubusercontent.com/w1770946466/Auto_proxy/main/README.md
[OK] proxies=1 | new=1 | url=https://github.com/w1770946466/Auto_proxy/actions/workflows/main.yml
[OK] proxies=489 | new=489 | url=https://raw.githubusercontent.com/w1770946466/Auto_proxy/main/Long_term_subscription_num
[OK] proxies=489 | new=0 | url=https://raw.githubusercontent.com/w1770946466/Auto_proxy/main/{Long_term_subscription1|Long_term_subscription2|Long_term_subscription3|Long_term_subscription4|Long_term_subscription5|Long_term_subscription6|Long_term_subscription7|Long_term_subscription8}
[OK] proxies=245 | new=125 | url=https://raw.githubusercontent.com/w1770946466/Auto_proxy/main/{Long_term_subscription2.yaml|Long_term_subscription1.yaml|Long_term_subscription3.yaml}
[OK] proxies=615 | source=[免费节点9] | url=https://raw.githubusercontent.com/w1770946466/Auto_proxy/main/README.md
============================================================
[INFO] sublink try repo | url=https://github.com/PuddinCat/BestClash
[INFO] sublink try page | url=https://raw.githubusercontent.com/PuddinCat/BestClash/main/README.md
[OK] proxies=24 | new=24 | url=https://freenode.openrunner.net/uploads/20240807-clash.yaml
[OK] proxies=196 | new=196 | url=https://raw.githubusercontent.com/mahdibland/ShadowsocksAggregator/master/Eternity.yml
[OK] proxies=144 | new=144 | url=https://raw.githubusercontent.com/zhangkaiitugithub/passcro/main/speednodes.yaml
[OK] proxies=165 | new=165 | url=https://raw.githubusercontent.com/ronghuaxueleng/get_v2/main/pub/combine.yaml
[OK] proxies=28 | new=27 | url=https://raw.githubusercontent.com/Misaka-blog/chromego_merge/main/sub/merged_proxies_new.yaml
[OK] proxies=33 | new=20 | url=https://raw.githubusercontent.com/{chengaopan|peasoft}/{AutoMergePublicNodes|NoMoreWalls}/master/list.yml
[OK] proxies=16 | new=15 | url=https://raw.githubusercontent.com/PuddinCat/BestClash/main/proxies.yaml
[OK] proxies=28 | new=28 | url=https://cdn.jsdelivr.net/gh/vxiaov/free_proxies@main/clash/clash.provider.yaml
[OK] proxies=346 | new=178 | url=https://raw.githubusercontent.com/{ermaozi|ermaozi01}/{get_subscribe|free_clash_vpn}/main/subscribe/clash.yml
[OK] proxies=4782 | new=4720 | url=https://raw.githubusercontent.com/{NiceVPN123|anaer}/{NiceVPN|Sub}/main/{Clash.yaml|clash.yaml}
[OK] proxies=5517 | source=[免费节点10] | url=https://raw.githubusercontent.com/PuddinCat/BestClash/main/README.md
============================================================
[INFO] sublink try repo | url=https://github.com/kooker/FreeSubsCheck
[INFO] sublink try page | url=https://raw.githubusercontent.com/kooker/FreeSubsCheck/main/README.md
[OK] proxies=28 | new=28 | url=https://raw.githubusercontent.com/kooker/FreeSubsCheck/main/base64.txt
[OK] proxies=41 | new=16 | url=https://raw.githubusercontent.com/kooker/FreeSubsCheck/main/all.yaml
[OK] proxies=41 | new=0 | url=https://raw.githubusercontent.com/kooker/FreeSubsCheck/main/mihomo.yaml
[OK] proxies=2 | new=2 | url=https://raw.githubusercontent.com/kooker/FreeSubsCheck/main/byxiaoxi.txt
[OK] proxies=433 | new=421 | url=https://raw.githubusercontent.com/kooker/FreeSubsCheck/main/kooker.jp.txt
[OK] proxies=467 | source=[免费节点11] | url=https://raw.githubusercontent.com/kooker/FreeSubsCheck/main/README.md
============================================================
[INFO] toolkit try repo | url=https://github.com/bannedbook/fanqiang
[INFO] toolkit try release | url=https://github.com/bannedbook/fanqiang/releases
[INFO] toolkit try release | url=https://github.com/bannedbook/fanqiang/releases/expanded_assets/ChromeGo-latest
[INFO] toolkit try download | url=https://github.com/bannedbook/fanqiang/releases/download/ChromeGo-latest/ChromeGo.7z
[OK] toolkit downloaded | file=ChromeGo.7z | size=96.2MB
[OK] toolkit extracted | archive=ChromeGo.7z | tool=7z | files=222 | dirs=45
[OK] toolkit discovered | subs=107 | embedded=46 | archive=ChromeGo.7z
[INFO] toolkit try repo | url=https://github.com/bannedbook/fanqiang
[INFO] toolkit try release | url=https://github.com/bannedbook/fanqiang/releases
[INFO] toolkit try release | url=https://github.com/bannedbook/fanqiang/releases/expanded_assets/ChromeGo-latest
[INFO] toolkit try download | url=https://github.com/bannedbook/fanqiang/releases/download/ChromeGo-latest/ChromeGo.7z
[OK] toolkit downloaded | file=ChromeGo.7z | size=96.2MB
[OK] toolkit extracted | archive=ChromeGo.7z | tool=7z | files=222 | dirs=45
[OK] toolkit discovered | subs=107 | embedded=46 | archive=ChromeGo.7z
[OK] proxies=12 | new=12 | embedded=archive-config
[OK] proxies=3 | new=3 | url=https://gitlab.com/free9999/ipupdate/master/backup/img/1/2/{ipp|ip}/clash.meta2/{5|6|3|1|4|2}/config.yaml
[OK] proxies=3 | new=0 | url=https://www.67867867.xyz/Alvin9999/PAC/refs/heads/master/backup/img/1/2/{ipp|ip}/clash.meta2/{5|6|3|1|4|2}/config.yaml
[OK] proxies=7 | new=5 | url=https://www.67867867.xyz/Alvin9999/PAC/refs/heads/master/backup/img/1/2/{ipp|ip}/{hysteria2|singbox|naiveproxy|hysteria|xray}/{3|1|4|2}/config.json
[OK] proxies=7 | new=0 | url=https://gitlab.com/free9999/ipupdate/master/backup/img/1/2/{ipp|ip}/{hysteria2|singbox|naiveproxy|hysteria|xray}/{3|1|4|2}/config.json
[OK] proxies=20 | source=[ChromeGO-Toolkit] | url=https://github.com/bannedbook/fanqiang/releases/download/ChromeGo-latest/ChromeGo.7z
============================================================
[INFO] sublink try repo | url=https://github.com/ShiteThings/extractNodes
[INFO] sublink try page | url=https://raw.githubusercontent.com/ShiteThings/extractNodes/main/README.md
[OK] proxies=26 | new=26 | url=https://chg26.makou.cc.cd/sb
[OK] proxies=31 | new=5 | url=https://{chg26.makou.cc.cd|chg64.makou.cc.cd}
[OK] proxies=31 | source=[ChromeGO-ShiteThings] | url=https://raw.githubusercontent.com/ShiteThings/extractNodes/main/README.md
============================================================
[INFO] sublink try repo | url=https://github.com/shangui999/chromego_merge
[INFO] sublink try page | url=https://raw.githubusercontent.com/shangui999/chromego_merge/master/ReadMe.md
[OK] proxies=11 | new=11 | url=https://freedman.netlify.app/sub/merged_warp_proxies_new.yaml
[OK] proxies=11 | new=6 | url=https://freedman.netlify.app/sub/shadowrocket_base64.txt
[OK] proxies=10 | new=0 | url=https://freedman.netlify.app/sub/merged_proxies_new.yaml
[OK] proxies=16 | new=16 | url=https://freedman.netlify.app/sub/sb.json
[INFO] sublink try repo | url=https://github.com/yaney01/chromego
[INFO] sublink try page | url=https://raw.githubusercontent.com/yaney01/chromego/main/ReadMe.md
[OK] proxies=13 | new=10 | url=https://raw.githubusercontent.com/yaney01/chromego/main/sub/shadowrocket_base64.txt
[OK] proxies=13 | new=2 | url=https://raw.githubusercontent.com/yaney01/chromego/main/sub/sb.json
[OK] proxies=50 | new=41 | url=https://raw.githubusercontent.com/yaney01/chromego/main/sub/merged_proxies_new.yaml
[OK] proxies=51 | new=0 | url=https://raw.githubusercontent.com/yaney01/chromego/main/sub/merged_warp_proxies_new.yaml
[INFO] sublink try repo | url=https://github.com/Misaka-blog/chromego_merge
[INFO] sublink try page | url=https://raw.githubusercontent.com/Misaka-blog/chromego_merge/main/README.md
[OK] proxies=28 | new=28 | url=https://chromego-sub.netlify.app/sub/merged_proxies_new.yaml
[OK] proxies=114 | source=[ChromeGO-Merge] | url=https://raw.githubusercontent.com/Misaka-blog/chromego_merge/main/README.md
============================================================
[INFO] toolkit try repo | url=https://github.com/Pawdroid/shadowrocket_for_android
[INFO] toolkit try release | url=https://github.com/Pawdroid/shadowrocket_for_android/releases
[INFO] toolkit try release | url=https://github.com/Pawdroid/shadowrocket_for_android/releases/expanded_assets/10.10.55
[INFO] toolkit try download | url=https://github.com/Pawdroid/shadowrocket_for_android/releases/download/10.10.55/Shadowrocket_10.10.55_shadowrocketStandard_arm64-v8a.apk
[OK] toolkit downloaded | file=Shadowrocket_10.10.55_shadowrocketStandard_arm64-v8a.apk | size=39.5MB
[OK] toolkit extracted | archive=Shadowrocket_10.10.55_shadowrocketStandard_arm64-v8a.apk | tool=zipfile | files=1179 | dirs=44
[OK] toolkit sr-apk scanned | prefixes=38 | files=6 | keys=2 | archive=Shadowrocket_10.10.55_shadowrocketStandard_arm64-v8a.apk
[OK] proxies=186 | new=186 | url=https://{cdn.jsdelivr.net|raw.githubusercontent.com}/pixelor/ecfg/main/data/ecfg6
[OK] proxies=747 | new=634 | url=https://{cdn.jsdelivr.net|raw.githubusercontent.com}/pixelor/ecfg/main/data/ecfg6_zh
[OK] proxies=639 | new=27 | url=https://{raw.githubusercontent.com|cdn.jsdelivr.net}/pixelor/ecfg/main/data/ecfg6_en
[OK] proxies=148 | new=0 | url=https://{files.shadowrockets.app|cdn.shadowrockets.app}/ecfg/data/ecfg6
[OK] proxies=552 | new=0 | url=https://{files.shadowrockets.app|cdn.shadowrockets.app}/ecfg/data/ecfg6_en
[OK] proxies=552 | new=0 | url=https://{files.shadowrockets.app|cdn.shadowrockets.app}/ecfg/data/ecfg6_zh
[INFO] toolkit try repo | url=https://github.com/Pawdroid/shadowrocket_for_android
[INFO] toolkit try release | url=https://github.com/Pawdroid/shadowrocket_for_android/releases
[INFO] toolkit try release | url=https://github.com/Pawdroid/shadowrocket_for_android/releases/expanded_assets/10.10.55
[INFO] toolkit try download | url=https://github.com/Pawdroid/shadowrocket_for_android/releases/download/10.10.55/Shadowrocket_10.10.55_shadowrocketStandard_arm64-v8a.apk
[OK] toolkit downloaded | file=Shadowrocket_10.10.55_shadowrocketStandard_arm64-v8a.apk | size=39.5MB
[OK] toolkit extracted | archive=Shadowrocket_10.10.55_shadowrocketStandard_arm64-v8a.apk | tool=zipfile | files=1179 | dirs=44
[OK] toolkit sr-apk scanned | prefixes=38 | files=6 | keys=2 | archive=Shadowrocket_10.10.55_shadowrocketStandard_arm64-v8a.apk
[OK] proxies=186 | new=186 | url=https://{cdn.jsdelivr.net|raw.githubusercontent.com}/pixelor/ecfg/main/data/ecfg6
[OK] proxies=747 | new=634 | url=https://{cdn.jsdelivr.net|raw.githubusercontent.com}/pixelor/ecfg/main/data/ecfg6_zh
[OK] proxies=639 | new=27 | url=https://{raw.githubusercontent.com|cdn.jsdelivr.net}/pixelor/ecfg/main/data/ecfg6_en
[OK] proxies=148 | new=0 | url=https://{files.shadowrockets.app|cdn.shadowrockets.app}/ecfg/data/ecfg6
[OK] proxies=552 | new=0 | url=https://{files.shadowrockets.app|cdn.shadowrockets.app}/ecfg/data/ecfg6_en
[OK] proxies=552 | new=0 | url=https://{files.shadowrockets.app|cdn.shadowrockets.app}/ecfg/data/ecfg6_zh
[OK] proxies=847 | source=[Pawdroid-SR-APK] | url=https://github.com/Pawdroid/shadowrocket_for_android/releases/download/10.10.55/Shadowrocket_10.10.55_shadowrocketStandard_arm64-v8a.apk
============================================================
[INFO] toolkit try page | url=https://shadowshare.v2cross.com
[INFO] toolkit try download | url=https://shadowshare.v2cross.com/shadowshare.apk
[OK] toolkit downloaded | file=shadowshare.apk | size=60MB
[OK] toolkit extracted | archive=shadowshare.apk | tool=zipfile | files=612 | dirs=39
[OK] toolkit ss-apk scanned | prefixes=10 | files=3 | keys=1 | archive=shadowshare.apk
[OK] proxies=239 | new=239 | url=https://{raw.githubusercontent.com|jsd.onmicrosoft.cn}/hideme9527/ecsfg/main/data/sareserver
[OK] proxies=1386 | new=1279 | url=https://{raw.githubusercontent.com|jsd.onmicrosoft.cn}/hideme9527/ecsfg/main/data/sareserver_en
[OK] proxies=146 | new=0 | url=https://{shadowsharing.com|sare.159236.xyz}/data/sareserver
[OK] proxies=1386 | new=0 | url=https://{shadowsharing.com|sare.159236.xyz}/data/sareserver_en
[OK] proxies=146 | new=0 | url=https://gitee.com/api/v5/repos/{elvenapp|zhiminghao|guoyoucai1}/ecsfg/raw/data/sareserver
[OK] proxies=1386 | new=0 | url=https://gitee.com/api/v5/repos/{guoyoucai1|elvenapp|zhiminghao}/ecsfg/raw/data/sareserver_en
[INFO] toolkit try page | url=https://shadowshare.v2cross.com
[INFO] toolkit try download | url=https://shadowshare.v2cross.com/shadowshare.apk
[OK] toolkit downloaded | file=shadowshare.apk | size=60MB
[OK] toolkit extracted | archive=shadowshare.apk | tool=zipfile | files=612 | dirs=39
[OK] toolkit ss-apk scanned | prefixes=10 | files=3 | keys=1 | archive=shadowshare.apk
[OK] proxies=239 | new=239 | url=https://{raw.githubusercontent.com|jsd.onmicrosoft.cn}/hideme9527/ecsfg/main/data/sareserver
[OK] proxies=1386 | new=1279 | url=https://{raw.githubusercontent.com|jsd.onmicrosoft.cn}/hideme9527/ecsfg/main/data/sareserver_en
[OK] proxies=146 | new=0 | url=https://{shadowsharing.com|sare.159236.xyz}/data/sareserver
[OK] proxies=1386 | new=0 | url=https://{shadowsharing.com|sare.159236.xyz}/data/sareserver_en
[OK] proxies=146 | new=0 | url=https://gitee.com/api/v5/repos/{elvenapp|zhiminghao|guoyoucai1}/ecsfg/raw/data/sareserver
[OK] proxies=1386 | new=0 | url=https://gitee.com/api/v5/repos/{guoyoucai1|elvenapp|zhiminghao}/ecsfg/raw/data/sareserver_en
[OK] proxies=1518 | source=[Pawdroid-SS-APK] | url=https://shadowshare.v2cross.com/shadowshare.apk
============================================================
[INFO] toolkit try chrome | url=https://chromewebstore.google.com/detail/free-vpn-proxy-1vpn/akcocjjpkmlniicdeemdceeajlmoabhg
[INFO] toolkit try download | url=https://clients2.google.com/service/update2/crx?response=redirect&prodversion=131.0.6778.0&acceptformat=crx2,crx3&x=id%3dakcocjjpkmlniicdeemdceeajlmoabhg%26uc
[OK] toolkit downloaded | file=free-vpn-proxy-1vpn.crx | size=1.6MB
[OK] toolkit extracted | archive=free-vpn-proxy-1vpn.crx | tool=zipfile | files=68 | dirs=57
[OK] toolkit 1vpn-crx scanned | hosts=17 | keys=1 | archive=free-vpn-proxy-1vpn.crx
[INFO] toolkit try chrome | url=https://chromewebstore.google.com/detail/free-vpn-proxy-1vpn/akcocjjpkmlniicdeemdceeajlmoabhg
[INFO] toolkit try download | url=https://clients2.google.com/service/update2/crx?response=redirect&prodversion=131.0.6778.0&acceptformat=crx2,crx3&x=id%3dakcocjjpkmlniicdeemdceeajlmoabhg%26uc
[OK] toolkit downloaded | file=free-vpn-proxy-1vpn.crx | size=1.6MB
[OK] toolkit extracted | archive=free-vpn-proxy-1vpn.crx | tool=zipfile | files=68 | dirs=57
[OK] toolkit 1vpn-crx scanned | hosts=17 | keys=1 | archive=free-vpn-proxy-1vpn.crx
[OK] proxies=17 | source=[1VPN-CRX] | url=https://clients2.google.com/service/update2/crx?response=redirect&prodversion=131.0.6778.0&acceptformat=crx2,crx3&x=id%3dakcocjjpkmlniicdeemdceeajlmoabhg%26uc
============================================================
[INFO] sublink try repo | url=https://github.com/free-nodes/clashfree
[INFO] sublink try page | url=https://raw.githubusercontent.com/free-nodes/clashfree/main/README.md
[OK] proxies=1 | new=1 | url=https://github.com/free-nodes/clashfree/blob/main/clash20260928.yml
[OK] proxies=199 | new=199 | url=https://raw.githubusercontent.com/free-nodes/clashfree/main/clash20260928.yml
[OK] proxies=199 | new=0 | url=https://raw.githubusercontent.com/free-nodes/clashfree/main/README.md
[OK] proxies=200 | source=[Clashfree] | url=https://raw.githubusercontent.com/free-nodes/clashfree/main/README.md
============================================================
[INFO] sublink try repo | url=https://github.com/Epodonios/v2ray-configs
[INFO] sublink try page | url=https://raw.githubusercontent.com/Epodonios/v2ray-configs/main/README.md
[OK] proxies=162 | new=162 | url=https://github.com/Epodonios/v2ray-configs/raw/main/Splitted-By-Protocol/trojan.txt
[OK] proxies=3355 | new=3355 | url=https://github.com/Epodonios/v2ray-configs/raw/main/Splitted-By-Protocol/vless.txt
[OK] proxies=4118 | new=601 | url=https://github.com/Epodonios/v2ray-configs/raw/main/All_Configs_Sub.txt
[OK] proxies=381 | new=0 | url=https://github.com/Epodonios/v2ray-configs/raw/main/Splitted-By-Protocol/ss.txt
[OK] proxies=1 | new=1 | url=https://github.com/Epodonios/V2ray-Configs/actions/workflows/main.yml
[OK] proxies=184 | new=0 | url=https://github.com/Epodonios/v2ray-configs/raw/main/Splitted-By-Protocol/vmess.txt
[OK] proxies=4118 | new=0 | url=https://github.com/Epodonios/v2ray-configs/raw/main/All_Configs_base64_Sub.txt
[OK] proxies=4118 | new=0 | url=https://raw.githubusercontent.com/Epodonios/v2ray-configs/main/{Sub1.txt|Sub2.txt|Sub3.txt|Sub4.txt|Sub5.txt|Sub6.txt|Sub7.txt|Sub8.txt}
[OK] proxies=4119 | source=[Epodonios] | url=https://raw.githubusercontent.com/Epodonios/v2ray-configs/main/README.md
============================================================
[INFO] sublink try repo | url=https://github.com/free-clash-v2ray/free-clash-v2ray.github.io
[INFO] sublink try page | url=https://raw.githubusercontent.com/free-clash-v2ray/free-clash-v2ray.github.io/main/README.md
[OK] proxies=3129 | new=3129 | url=https://free-clash-v2ray.github.io/uploads/2026/09/{0-20260927.txt|1-20260927.txt|2-20260927.txt|3-20260927.txt|4-20260927.txt}
[OK] proxies=2984 | new=392 | url=https://free-clash-v2ray.github.io/uploads/2026/09/{0-20260927.yaml|1-20260927.yaml|2-20260927.yaml|3-20260927.yaml}
[OK] proxies=3521 | source=[Free-clash-v2ray] | url=https://raw.githubusercontent.com/free-clash-v2ray/free-clash-v2ray.github.io/main/README.md
============================================================
[INFO] article try page | url=https://v2rayclashfree.com
[INFO] sublink try page | url=https://v2rayclashfree.com/fn/20260928.html
[OK] proxies=930 | new=930 | url=https://v2rayclashfree.com/sub/20260928-clash.yaml
[OK] proxies=959 | new=475 | url=https://v2rayclashfree.com/sub/20260928-v2ray.txt
[OK] proxies=1405 | source=[V2rayclashfree-RSS] | url=https://v2rayclashfree.com/fn/20260928.html
============================================================
[INFO] toolkit try repo | url=https://github.com/MetaCubeX/meta-rules-dat
[INFO] toolkit try release | url=https://github.com/MetaCubeX/meta-rules-dat/releases
[INFO] toolkit try release | url=https://github.com/MetaCubeX/meta-rules-dat/releases/expanded_assets/latest
[INFO] toolkit try download | url=https://github.com/MetaCubeX/meta-rules-dat/releases/download/latest/country.mmdb
[OK] toolkit downloaded | file=country.mmdb | size=7.3MB
[INFO] toolkit try repo | url=https://github.com/mledoze/countries
[INFO] toolkit try release | url=https://github.com/mledoze/countries/releases
[INFO] toolkit try release | url=https://github.com/mledoze/countries/releases/expanded_assets/v1.8.0
[INFO] toolkit try download | url=https://github.com/mledoze/countries/archive/refs/tags/v1.8.0.zip
[OK] toolkit downloaded | file=countries-1.8.0.zip | size=4.8MB
[OK] toolkit extracted | archive=countries-1.8.0.zip | tool=zipfile | files=528 | dirs=8
[OK] toolkit found | file=countries.json | from=countries-1.8.0.zip
[OK] geo score ready | files=country.mmdb, countries.json | centroids=247
============================================================
[INFO] toolkit try repo | url=https://github.com/MetaCubeX/mihomo
[INFO] toolkit try release | url=https://github.com/MetaCubeX/mihomo/releases
[INFO] toolkit try release | url=https://github.com/MetaCubeX/mihomo/releases/expanded_assets/v1.19.31
[INFO] toolkit try download | url=https://github.com/MetaCubeX/mihomo/releases/download/v1.19.31/mihomo-linux-amd64-compatible-v1.19.31.gz
[OK] toolkit downloaded | file=mihomo-linux-amd64-compatible-v1.19.31.gz | size=21.8MB
[OK] toolkit hash verified | file=mihomo-linux-amd64-compatible-v1.19.31.gz | sha256=04cf9f09671704f839ddbee2e93069dc831a4123a75281e725d1d96ab9ac1afc
[OK] proxy engine ready, starting latency test | package=mihomo-linux-amd64-compatible-v1.19.31.gz
============================================================
[WARN] batch start failed | size=17200 {1} | split=8600 {2} + 8600 {3}
[WARN] batch start failed | size=8600 {3} | split=4300 {4} + 4300 {5}
[WARN] batch start failed | size=4300 {4} | split=2150 {6} + 2150 {7}
[WARN] batch start failed | size=2150 {7} | split=1075 {8} + 1075 {9}
[WARN] batch start failed | size=2150 {6} | split=1075 {10} + 1075 {11}
[WARN] batch start failed | size=4300 {5} | split=2150 {12} + 2150 {13}
[WARN] batch start failed | size=1075 {8} | split=537 {14} + 538 {15}
[WARN] batch start failed | size=1075 {9} | split=537 {16} + 538 {17}
[WARN] batch start failed | size=1075 {11} | split=537 {18} + 538 {19}
[WARN] batch start failed | size=2150 {12} | split=1075 {20} + 1075 {21}
[TEST] {16} tested=100/537 | kept=14 | rest=17100
[TEST] {16} tested=200/537 | kept=26 | rest=17000
[TEST] {10} tested=100/1075 | kept=1 | rest=16852
[TEST] {10} tested=200/1075 | kept=4 | rest=16732
[TEST] {13} tested=100/2150 | kept=65 | rest=16532
[TEST] {13} tested=200/2150 | kept=131 | rest=16432
[TEST] {13} tested=300/2150 | kept=202 | rest=16332
[TEST] {13} tested=400/2150 | kept=267 | rest=16232
[TEST] {13} tested=500/2150 | kept=343 | rest=16132
[TEST] {13} tested=600/2150 | kept=422 | rest=16032
[TEST] {13} tested=700/2150 | kept=502 | rest=15932
[TEST] {13} tested=800/2150 | kept=573 | rest=15832
[TEST] {13} tested=900/2150 | kept=642 | rest=15732
[TEST] {13} tested=1000/2150 | kept=716 | rest=15628
[TEST] {10} tested=300/1075 | kept=4 | rest=15581
[TEST] {13} tested=1100/2150 | kept=771 | rest=15501
[TEST] {2} tested=100/8600 | kept=3 | rest=15353
[TEST] {2} tested=200/8600 | kept=4 | rest=15253
[TEST] {16} tested=300/537 | kept=46 | rest=15180
[TEST] {2} tested=300/8600 | kept=5 | rest=15128
[TEST] {13} tested=1200/2150 | kept=829 | rest=14927
[TEST] {10} tested=400/1075 | kept=6 | rest=14812
[TEST] {16} tested=400/537 | kept=63 | rest=14777
[TEST] {2} tested=400/8600 | kept=7 | rest=14723
[TEST] {10} tested=500/1075 | kept=6 | rest=14617
[TEST] {10} tested=600/1075 | kept=6 | rest=14517
[TEST] {13} tested=1300/2150 | kept=885 | rest=14290
[TEST] {16} tested=500/537 | kept=99 | rest=14266
[TEST] {16} tested=537/537 | kept=99 | rest=14208
[TEST] {13} tested=1400/2150 | kept=950 | rest=14075
[TEST] {10} tested=700/1075 | kept=6 | rest=14071
[TEST] {2} tested=500/8600 | kept=8 | rest=14027
[TEST] {2} tested=600/8600 | kept=8 | rest=13924
[TEST] {10} tested=800/1075 | kept=6 | rest=13759
[TEST] {2} tested=700/8600 | kept=22 | rest=13679
[TEST] {10} tested=900/1075 | kept=6 | rest=13602
[TEST] {13} tested=1500/2150 | kept=998 | rest=13495
[TEST] {13} tested=1600/2150 | kept=1044 | rest=13395
[TEST] {13} tested=1700/2150 | kept=1133 | rest=13295
[TEST] {13} tested=1800/2150 | kept=1219 | rest=13195
[TEST] {13} tested=1900/2150 | kept=1285 | rest=13095
[TEST] {13} tested=2000/2150 | kept=1370 | rest=12995
[WARN] batch start failed | size=538 {15} | split=269 {22} + 269 {23}
[TEST] {13} tested=2100/2150 | kept=1436 | rest=12874
[TEST] {2} tested=800/8600 | kept=37 | rest=12664
[TEST] {14} tested=100/537 | kept=55 | rest=12660
[TEST] {14} tested=200/537 | kept=140 | rest=12551
[TEST] {14} tested=300/537 | kept=217 | rest=12446
[TEST] {10} tested=1000/1075 | kept=6 | rest=12350
[TEST] {14} tested=400/537 | kept=294 | rest=12314
[TEST] {13} tested=2150/2150 | kept=1448 | rest=12096
[TEST] {2} tested=900/8600 | kept=40 | rest=12058
[TEST] {14} tested=500/537 | kept=381 | rest=12035
[TEST] {10} tested=1075/1075 | kept=6 | rest=11989
[WARN] batch start failed | size=538 {17} | split=269 {24} + 269 {25}
[WARN] batch start failed | size=538 {19} | split=269 {26} + 269 {27}
[TEST] {2} tested=1000/8600 | kept=49 | rest=11912
[TEST] {2} tested=1100/8600 | kept=52 | rest=11803
[TEST] {14} tested=537/537 | kept=393 | rest=11798
[WARN] batch start failed | size=1075 {21} | split=537 {28} + 538 {29}
[WARN] batch start failed | size=269 {22} | split=134 {30} + 135 {31}
[TEST] {2} tested=1200/8600 | kept=58 | rest=11701
[TEST] {2} tested=1300/8600 | kept=62 | rest=11601
[TEST] {20} tested=100/1075 | kept=5 | rest=11450
[TEST] {20} tested=200/1075 | kept=6 | rest=11350
[TEST] {18} tested=100/537 | kept=0 | rest=11224
[TEST] {18} tested=200/537 | kept=0 | rest=11124
[TEST] {18} tested=300/537 | kept=0 | rest=11024
[TEST] {20} tested=300/1075 | kept=9 | rest=10850
[TEST] {2} tested=1400/8600 | kept=80 | rest=10778
[TEST] {23} tested=100/269 | kept=46 | rest=10619
[TEST] {20} tested=400/1075 | kept=15 | rest=10488
[TEST] {23} tested=200/269 | kept=85 | rest=10450
[TEST] {18} tested=400/537 | kept=0 | rest=10404
[TEST] {2} tested=1500/8600 | kept=128 | rest=10276
[TEST] {20} tested=500/1075 | kept=15 | rest=10175
[TEST] {18} tested=500/537 | kept=0 | rest=10041
[TEST] {20} tested=600/1075 | kept=19 | rest=10012
[TEST] {20} tested=700/1075 | kept=22 | rest=9872
[TEST] {23} tested=269/269 | kept=97 | rest=9750
[TEST] {2} tested=1600/8600 | kept=158 | rest=9737
[TEST] {18} tested=537/537 | kept=0 | rest=9720
[TEST] {20} tested=800/1075 | kept=22 | rest=9622
[TEST] {2} tested=1700/8600 | kept=206 | rest=9579
[WARN] batch start failed | size=537 {18} | split=268 {32} + 269 {33}
[TEST] {20} tested=900/1075 | kept=22 | rest=9438
[WARN] batch start failed | size=269 {24} | split=134 {34} + 135 {35}
[TEST] {25} tested=100/269 | kept=1 | rest=9273
[TEST] {26} tested=100/269 | kept=0 | rest=9132
[TEST] {26} tested=200/269 | kept=0 | rest=8976
[TEST] {25} tested=200/269 | kept=4 | rest=8896
[TEST] {2} tested=1800/8600 | kept=246 | rest=8894
[TEST] {20} tested=1000/1075 | kept=25 | rest=8882
[TEST] {2} tested=1900/8600 | kept=263 | rest=8728
[TEST] {20} tested=1075/1075 | kept=26 | rest=8544
[TEST] {26} tested=269/269 | kept=0 | rest=8542
[WARN] batch start failed | size=269 {26} | split=134 {36} + 135 {37}
[TEST] {25} tested=269/269 | kept=4 | rest=8536
[WARN] batch start failed | size=269 {27} | split=134 {38} + 135 {39}
[WARN] batch start failed | size=134 {30} | split=67 {40} + 67 {41}
[WARN] batch start failed | size=538 {29} | split=269 {42} + 269 {43}
[TEST] {2} tested=2000/8600 | kept=274 | rest=8482
[TEST] {28} tested=100/537 | kept=4 | rest=8371
[TEST] {32} tested=100/268 | kept=0 | rest=8102
[TEST] {32} tested=200/268 | kept=0 | rest=8002
[TEST] {31} tested=100/135 | kept=41 | rest=7974
[TEST] {28} tested=200/537 | kept=11 | rest=7908
[TEST] {2} tested=2100/8600 | kept=280 | rest=7817
[TEST] {28} tested=300/537 | kept=11 | rest=7627
[TEST] {28} tested=400/537 | kept=13 | rest=7505
[TEST] {31} tested=135/135 | kept=51 | rest=7479
[TEST] {32} tested=268/268 | kept=0 | rest=7464
[WARN] batch start failed | size=268 {32} | split=134 {44} + 134 {45}
[WARN] batch start failed | size=134 {34} | split=67 {46} + 67 {47}
[TEST] {2} tested=2200/8600 | kept=290 | rest=7442
[TEST] {33} tested=100/269 | kept=0 | rest=7315
[TEST] {35} tested=100/135 | kept=2 | rest=7065
[TEST] {28} tested=500/537 | kept=15 | rest=7026
[TEST] {2} tested=2300/8600 | kept=291 | rest=6977
[TEST] {33} tested=200/269 | kept=0 | rest=6930
[TEST] {35} tested=135/135 | kept=2 | rest=6806
[TEST] {28} tested=537/537 | kept=15 | rest=6804
[TEST] {2} tested=2400/8600 | kept=297 | rest=6740
[TEST] {33} tested=269/269 | kept=0 | rest=6729
[TEST] {36} tested=100/134 | kept=0 | rest=6619
[WARN] batch start failed | size=269 {33} | split=134 {48} + 135 {49}
[WARN] batch start failed | size=134 {38} | split=67 {50} + 67 {51}
[WARN] batch start failed | size=135 {39} | split=67 {52} + 68 {53}
[TEST] {37} tested=100/135 | kept=0 | rest=6442
[TEST] {2} tested=2500/8600 | kept=299 | rest=6381
[TEST] {2} tested=2600/8600 | kept=299 | rest=6265
[TEST] {36} tested=134/134 | kept=0 | rest=6196
[WARN] batch start failed | size=134 {36} | split=67 {54} + 67 {55}
[WARN] batch start failed | size=67 {41} | split=33 {56} + 34 {57}
[TEST] {2} tested=2700/8600 | kept=299 | rest=6126
[TEST] {37} tested=135/135 | kept=0 | rest=6116
[WARN] batch start failed | size=135 {37} | split=67 {58} + 68 {59}
[WARN] batch start failed | size=269 {43} | split=134 {60} + 135 {61}
[TEST] {40} tested=67/67 | kept=15 | rest=6027
[TEST] {2} tested=2800/8600 | kept=299 | rest=6002
[TEST] {44} tested=100/134 | kept=0 | rest=5896
[TEST] {42} tested=100/269 | kept=16 | rest=5783
[TEST] {45} tested=100/134 | kept=0 | rest=5638
[TEST] {2} tested=2900/8600 | kept=299 | rest=5509
[TEST] {42} tested=200/269 | kept=28 | rest=5403
[TEST] {44} tested=134/134 | kept=0 | rest=5382
[WARN] batch start failed | size=134 {44} | split=67 {62} + 67 {63}
[WARN] batch start failed | size=67 {47} | split=33 {64} + 34 {65}
[TEST] {45} tested=134/134 | kept=0 | rest=5313
[WARN] batch start failed | size=134 {45} | split=67 {66} + 67 {67}
[TEST] {2} tested=3000/8600 | kept=308 | rest=5163
[TEST] {2} tested=3100/8600 | kept=312 | rest=5047
[TEST] {42} tested=269/269 | kept=28 | rest=4968
[TEST] {2} tested=3200/8600 | kept=313 | rest=4865
[TEST] {2} tested=3300/8600 | kept=315 | rest=4733
[TEST] {46} tested=67/67 | kept=2 | rest=4725
[TEST] {48} tested=100/134 | kept=0 | rest=4638
[TEST] {48} tested=134/134 | kept=0 | rest=4591
[WARN] batch start failed | size=134 {48} | split=67 {68} + 67 {69}
[WARN] batch start failed | size=67 {51} | split=33 {70} + 34 {71}
[TEST] {2} tested=3400/8600 | kept=320 | rest=4500
[TEST] {2} tested=3500/8600 | kept=321 | rest=4394
[TEST] {49} tested=100/135 | kept=0 | rest=4370
[TEST] {49} tested=135/135 | kept=0 | rest=4325
[WARN] batch start failed | size=135 {49} | split=67 {72} + 68 {73}
[WARN] batch start failed | size=68 {53} | split=34 {74} + 34 {75}
[WARN] batch start failed | size=34 {75} | split=17 {76} + 17 {77}
[TEST] {2} tested=3600/8600 | kept=323 | rest=4196
[TEST] {50} tested=67/67 | kept=1 | rest=4151
[WARN] batch start failed | size=34 {57} | split=17 {78} + 17 {79}
[TEST] {52} tested=67/67 | kept=18 | rest=4073
[TEST] {2} tested=3700/8600 | kept=324 | rest=3975
[TEST] {55} tested=67/67 | kept=0 | rest=3908
[WARN] batch start failed | size=67 {55} | split=33 {80} + 34 {81}
[TEST] {56} tested=33/33 | kept=1 | rest=3817
[WARN] batch start failed | size=135 {61} | split=67 {82} + 68 {83}
[WARN] batch start failed | size=134 {60} | split=67 {84} + 67 {85}
[TEST] {59} tested=68/68 | kept=0 | rest=3757
[WARN] batch start failed | size=68 {59} | split=34 {86} + 34 {87}
[TEST] {2} tested=3800/8600 | kept=325 | rest=3726
[TEST] {2} tested=3900/8600 | kept=347 | rest=3562
[TEST] {58} tested=67/67 | kept=0 | rest=3503
[WARN] batch start failed | size=67 {58} | split=33 {88} + 34 {89}
[WARN] batch start failed | size=34 {65} | split=17 {90} + 17 {91}
[TEST] {62} tested=67/67 | kept=0 | rest=3444
[WARN] batch start failed | size=67 {62} | split=33 {92} + 34 {93}
[TEST] {63} tested=67/67 | kept=0 | rest=3390
[WARN] batch start failed | size=67 {63} | split=33 {94} + 34 {95}
[TEST] {2} tested=4000/8600 | kept=350 | rest=3285
[TEST] {64} tested=33/33 | kept=1 | rest=3180
[TEST] {2} tested=4100/8600 | kept=350 | rest=3177
[TEST] {67} tested=67/67 | kept=0 | rest=3106
[WARN] batch start failed | size=67 {67} | split=33 {96} + 34 {97}
[TEST] {66} tested=67/67 | kept=0 | rest=3072
[WARN] batch start failed | size=67 {66} | split=33 {98} + 34 {99}
[TEST] {2} tested=4200/8600 | kept=350 | rest=2948
[TEST] {68} tested=67/67 | kept=0 | rest=2903
[WARN] batch start failed | size=67 {68} | split=33 {100} + 34 {101}
[WARN] batch start failed | size=33 {70} | split=16 {102} + 17 {103}
[TEST] {69} tested=67/67 | kept=0 | rest=2807
[WARN] batch start failed | size=67 {69} | split=33 {104} + 34 {105}
[TEST] {71} tested=34/34 | kept=8 | rest=2803
[TEST] {2} tested=4300/8600 | kept=350 | rest=2649
[TEST] {72} tested=67/67 | kept=0 | rest=2564
[WARN] batch start failed | size=67 {72} | split=33 {106} + 34 {107}
[WARN] batch start failed | size=34 {74} | split=17 {108} + 17 {109}
[WARN] batch start failed | size=17 {76} | split=8 {110} + 9 {111}
[WARN] batch start failed | size=17 {77} | split=8 {112} + 9 {113}
[WARN] batch start failed | size=17 {79} | split=8 {114} + 9 {115}
[TEST] {73} tested=68/68 | kept=0 | rest=2514
[WARN] batch start failed | size=68 {73} | split=34 {116} + 34 {117}
[TEST] {54} tested=67/67 | kept=0 | rest=2470
[WARN] batch start failed | size=67 {54} | split=33 {118} + 34 {119}
[TEST] {2} tested=4400/8600 | kept=350 | rest=2422
[TEST] {78} tested=17/17 | kept=2 | rest=2319
[TEST] {2} tested=4500/8600 | kept=350 | rest=2318
[WARN] batch start failed | size=67 {82} | split=33 {120} + 34 {121}
[TEST] {81} tested=34/34 | kept=0 | rest=2245
[WARN] batch start failed | size=34 {81} | split=17 {122} + 17 {123}
[WARN] batch start failed | size=67 {84} | split=33 {124} + 34 {125}
[TEST] {80} tested=33/33 | kept=0 | rest=2234
[WARN] batch start failed | size=33 {80} | split=16 {126} + 17 {127}
[TEST] {83} tested=68/68 | kept=62 | rest=2154
[TEST] {2} tested=4600/8600 | kept=350 | rest=2052
[TEST] {85} tested=67/67 | kept=6 | rest=1994
[TEST] {87} tested=34/34 | kept=0 | rest=1993
[WARN] batch start failed | size=34 {87} | split=17 {128} + 17 {129}
[TEST] {86} tested=34/34 | kept=0 | rest=1904
[WARN] batch start failed | size=34 {86} | split=17 {130} + 17 {131}
[WARN] batch start failed | size=17 {90} | split=8 {132} + 9 {133}
[TEST] {2} tested=4700/8600 | kept=350 | rest=1836
[TEST] {88} tested=33/33 | kept=0 | rest=1774
[WARN] batch start failed | size=33 {88} | split=16 {134} + 17 {135}
[TEST] {89} tested=34/34 | kept=0 | rest=1767
[WARN] batch start failed | size=34 {89} | split=17 {136} + 17 {137}
[TEST] {91} tested=17/17 | kept=0 | rest=1683
[WARN] batch start failed | size=17 {91} | split=8 {138} + 9 {139}
[TEST] {2} tested=4800/8600 | kept=350 | rest=1637
[TEST] {93} tested=34/34 | kept=0 | rest=1562
[WARN] batch start failed | size=34 {93} | split=17 {140} + 17 {141}
[TEST] {92} tested=33/33 | kept=0 | rest=1553
[WARN] batch start failed | size=33 {92} | split=16 {142} + 17 {143}
[TEST] {2} tested=4900/8600 | kept=350 | rest=1468
[TEST] {94} tested=33/33 | kept=0 | rest=1460
[WARN] batch start failed | size=33 {94} | split=16 {144} + 17 {145}
[TEST] {95} tested=34/34 | kept=0 | rest=1343
[WARN] batch start failed | size=34 {95} | split=17 {146} + 17 {147}
[TEST] {97} tested=34/34 | kept=0 | rest=1330
[WARN] batch start failed | size=34 {97} | split=17 {148} + 17 {149}
[TEST] {98} tested=33/33 | kept=0 | rest=1295
[WARN] batch start failed | size=33 {98} | split=16 {150} + 17 {151}
[TEST] {2} tested=5000/8600 | kept=350 | rest=1235
[TEST] {96} tested=33/33 | kept=0 | rest=1206
[WARN] batch start failed | size=33 {96} | split=16 {152} + 17 {153}
[TEST] {2} tested=5100/8600 | kept=350 | rest=1111
[TEST] {99} tested=34/34 | kept=0 | rest=1090
[WARN] batch start failed | size=34 {99} | split=17 {154} + 17 {155}
[WARN] batch start failed | size=16 {102} | split=8 {156} + 8 {157}
[TEST] {100} tested=33/33 | kept=0 | rest=1072
[WARN] batch start failed | size=33 {100} | split=16 {158} + 17 {159}
[TEST] {101} tested=34/34 | kept=0 | rest=997
[WARN] batch start failed | size=34 {101} | split=17 {160} + 17 {161}
[TEST] {2} tested=5200/8600 | kept=350 | rest=926
[TEST] {103} tested=17/17 | kept=4 | rest=882
[TEST] {105} tested=34/34 | kept=0 | rest=865
[WARN] batch start failed | size=34 {105} | split=17 {162} + 17 {163}
[TEST] {104} tested=33/33 | kept=0 | rest=784
[WARN] batch start failed | size=33 {104} | split=16 {164} + 17 {165}
[WARN] batch start failed | size=17 {109} | split=8 {166} + 9 {167}
[TEST] {2} tested=5300/8600 | kept=350 | rest=740
[TEST] {106} tested=33/33 | kept=0 | rest=668
[WARN] batch start failed | size=33 {106} | split=16 {168} + 17 {169}
[TEST] {107} tested=34/34 | kept=0 | rest=655
[WARN] batch start failed | size=34 {107} | split=17 {170} + 17 {171}
[WARN] batch start failed | size=8 {110} | split=1 {172} + 1 {173} + 1 {174} + 1 {175} + 1 {176} + 1 {177} + 1 {178} + 1 {179}
[WARN] batch start failed | size=8 {112} | split=1 {180} + 1 {181} + 1 {182} + 1 {183} + 1 {184} + 1 {185} + 1 {186} + 1 {187}
[WARN] batch start failed | size=9 {113} | split=4 {188} + 5 {189}
[WARN] batch start failed | size=9 {115} | split=4 {190} + 5 {191}
[TEST] {108} tested=17/17 | kept=7 | rest=623
[TEST] {2} tested=5400/8600 | kept=350 | rest=591
[TEST] {2} tested=5500/8600 | kept=350 | rest=488
[TEST] {111} tested=9/9 | kept=0 | rest=469
[WARN] batch start failed | size=9 {111} | split=4 {192} + 5 {193}
[TEST] {114} tested=8/8 | kept=2 | rest=430
[TEST] {116} tested=34/34 | kept=0 | rest=357
[WARN] batch start failed | size=34 {116} | split=17 {194} + 17 {195}
[TEST] {2} tested=5600/8600 | kept=350 | rest=287
[TEST] {117} tested=34/34 | kept=0 | rest=229
[WARN] batch start failed | size=34 {117} | split=17 {196} + 17 {197}
[TEST] {118} tested=33/33 | kept=0 | rest=187
[WARN] batch start failed | size=33 {118} | split=16 {198} + 17 {199}
[WARN] batch start failed | size=34 {121} | split=17 {200} + 17 {201}
[TEST] {119} tested=34/34 | kept=0 | rest=151
[WARN] batch start failed | size=34 {119} | split=17 {202} + 17 {203}
[TEST] {2} tested=5700/8600 | kept=350 | rest=101
[TEST] {120} tested=33/33 | kept=28 | rest=20
[TEST] {122} tested=17/17 | kept=0 | rest=0
[WARN] batch start failed | size=17 {122} | split=8 {204} + 9 {205}
[WARN] batch start failed | size=33 {124} | split=16 {206} + 17 {207}
[TEST] {2} tested=5800/8600 | kept=350 | rest=0
[TEST] {123} tested=17/17 | kept=0 | rest=0
[WARN] batch start failed | size=17 {123} | split=8 {208} + 9 {209}
[TEST] {2} tested=5900/8600 | kept=350 | rest=0
[TEST] {125} tested=34/34 | kept=2 | rest=0
[TEST] {126} tested=16/16 | kept=0 | rest=0
[WARN] batch start failed | size=16 {126} | split=8 {210} + 8 {211}
[TEST] {127} tested=17/17 | kept=0 | rest=0
[WARN] batch start failed | size=17 {127} | split=8 {212} + 9 {213}
[TEST] {2} tested=6000/8600 | kept=350 | rest=0
[TEST] {2} tested=6100/8600 | kept=350 | rest=0
[TEST] {128} tested=17/17 | kept=0 | rest=0
[WARN] batch start failed | size=17 {128} | split=8 {214} + 9 {215}
[TEST] {129} tested=17/17 | kept=0 | rest=0
[WARN] batch start failed | size=17 {129} | split=8 {216} + 9 {217}
[WARN] batch start failed | size=8 {132} | split=1 {218} + 1 {219} + 1 {220} + 1 {221} + 1 {222} + 1 {223} + 1 {224} + 1 {225}
[TEST] {130} tested=17/17 | kept=0 | rest=0
[WARN] batch start failed | size=17 {130} | split=8 {226} + 9 {227}
[TEST] {2} tested=6200/8600 | kept=351 | rest=0
[TEST] {2} tested=6300/8600 | kept=351 | rest=0
[TEST] {131} tested=17/17 | kept=0 | rest=0
[WARN] batch start failed | size=17 {131} | split=8 {228} + 9 {229}
[TEST] {133} tested=9/9 | kept=1 | rest=0
[TEST] {135} tested=17/17 | kept=0 | rest=0
[WARN] batch start failed | size=17 {135} | split=8 {230} + 9 {231}
[TEST] {2} tested=6400/8600 | kept=351 | rest=0
[TEST] {2} tested=6500/8600 | kept=351 | rest=0
[TEST] {134} tested=16/16 | kept=0 | rest=0
[WARN] batch start failed | size=16 {134} | split=8 {232} + 8 {233}
[TEST] {137} tested=17/17 | kept=0 | rest=0
[WARN] batch start failed | size=17 {137} | split=8 {234} + 9 {235}
[TEST] {138} tested=8/8 | kept=0 | rest=0
[WARN] batch start failed | size=8 {138} | split=1 {236} + 1 {237} + 1 {238} + 1 {239} + 1 {240} + 1 {241} + 1 {242} + 1 {243}
[TEST] {136} tested=17/17 | kept=0 | rest=0
[WARN] batch start failed | size=17 {136} | split=8 {244} + 9 {245}
[TEST] {2} tested=6600/8600 | kept=351 | rest=0
[TEST] {2} tested=6700/8600 | kept=351 | rest=0
[TEST] {2} tested=6800/8600 | kept=351 | rest=0
[TEST] {2} tested=6900/8600 | kept=351 | rest=0
[TEST] {139} tested=9/9 | kept=0 | rest=0
[WARN] batch start failed | size=9 {139} | split=4 {246} + 5 {247}
[TEST] {140} tested=17/17 | kept=0 | rest=0
[WARN] batch start failed | size=17 {140} | split=8 {248} + 9 {249}
[TEST] {141} tested=17/17 | kept=0 | rest=0
[WARN] batch start failed | size=17 {141} | split=8 {250} + 9 {251}
[TEST] {2} tested=7000/8600 | kept=351 | rest=0
[TEST] {2} tested=7100/8600 | kept=351 | rest=0
[TEST] {2} tested=7200/8600 | kept=351 | rest=0
[TEST] {142} tested=16/16 | kept=0 | rest=0
[WARN] batch start failed | size=16 {142} | split=8 {252} + 8 {253}
[TEST] {145} tested=17/17 | kept=0 | rest=0
[WARN] batch start failed | size=17 {145} | split=8 {254} + 9 {255}
[TEST] {143} tested=17/17 | kept=0 | rest=0
[WARN] batch start failed | size=17 {143} | split=8 {256} + 9 {257}
[TEST] {146} tested=17/17 | kept=0 | rest=0
[WARN] batch start failed | size=17 {146} | split=8 {258} + 9 {259}
[TEST] {144} tested=16/16 | kept=0 | rest=0
[WARN] batch start failed | size=16 {144} | split=8 {260} + 8 {261}
[TEST] {2} tested=7300/8600 | kept=351 | rest=0
[TEST] {2} tested=7400/8600 | kept=351 | rest=0
[TEST] {147} tested=17/17 | kept=0 | rest=0
[WARN] batch start failed | size=17 {147} | split=8 {262} + 9 {263}
[TEST] {150} tested=16/16 | kept=0 | rest=0
[WARN] batch start failed | size=16 {150} | split=8 {264} + 8 {265}
[TEST] {151} tested=17/17 | kept=0 | rest=0
[WARN] batch start failed | size=17 {151} | split=8 {266} + 9 {267}
[TEST] {149} tested=17/17 | kept=0 | rest=0
[WARN] batch start failed | size=17 {149} | split=8 {268} + 9 {269}
[TEST] {152} tested=16/16 | kept=0 | rest=0
[WARN] batch start failed | size=16 {152} | split=8 {270} + 8 {271}
[TEST] {148} tested=17/17 | kept=0 | rest=0
[WARN] batch start failed | size=17 {148} | split=8 {272} + 9 {273}
[TEST] {154} tested=17/17 | kept=0 | rest=0
[WARN] batch start failed | size=17 {154} | split=8 {274} + 9 {275}
[WARN] batch start failed | size=8 {156} | split=1 {276} + 1 {277} + 1 {278} + 1 {279} + 1 {280} + 1 {281} + 1 {282} + 1 {283}
[TEST] {2} tested=7500/8600 | kept=351 | rest=0
[TEST] {157} tested=8/8 | kept=4 | rest=0
[TEST] {2} tested=7600/8600 | kept=359 | rest=0
[TEST] {153} tested=17/17 | kept=0 | rest=0
[WARN] batch start failed | size=17 {153} | split=8 {284} + 9 {285}
[TEST] {2} tested=7700/8600 | kept=363 | rest=0
[TEST] {155} tested=17/17 | kept=0 | rest=0
[WARN] batch start failed | size=17 {155} | split=8 {286} + 9 {287}
[TEST] {158} tested=16/16 | kept=0 | rest=0
[WARN] batch start failed | size=16 {158} | split=8 {288} + 8 {289}
[TEST] {2} tested=7800/8600 | kept=363 | rest=0
[TEST] {159} tested=17/17 | kept=0 | rest=0
[WARN] batch start failed | size=17 {159} | split=8 {290} + 9 {291}
[TEST] {160} tested=17/17 | kept=0 | rest=0
[WARN] batch start failed | size=17 {160} | split=8 {292} + 9 {293}
[TEST] {2} tested=7900/8600 | kept=364 | rest=0
[TEST] {161} tested=17/17 | kept=0 | rest=0
[WARN] batch start failed | size=17 {161} | split=8 {294} + 9 {295}
[TEST] {2} tested=8000/8600 | kept=364 | rest=0
[TEST] {162} tested=17/17 | kept=0 | rest=0
[WARN] batch start failed | size=17 {162} | split=8 {296} + 9 {297}
[TEST] {163} tested=17/17 | kept=0 | rest=0
[WARN] batch start failed | size=17 {163} | split=8 {298} + 9 {299}
[WARN] batch start failed | size=8 {166} | split=1 {300} + 1 {301} + 1 {302} + 1 {303} + 1 {304} + 1 {305} + 1 {306} + 1 {307}
[WARN] batch start failed | size=9 {167} | split=4 {308} + 5 {309}
[TEST] {2} tested=8100/8600 | kept=364 | rest=0
[TEST] {165} tested=17/17 | kept=0 | rest=0
[WARN] batch start failed | size=17 {165} | split=8 {310} + 9 {311}
[TEST] {2} tested=8200/8600 | kept=364 | rest=0
[TEST] {164} tested=16/16 | kept=0 | rest=0
[WARN] batch start failed | size=16 {164} | split=8 {312} + 8 {313}
[TEST] {169} tested=17/17 | kept=0 | rest=0
[WARN] batch start failed | size=17 {169} | split=8 {314} + 9 {315}
[TEST] {2} tested=8300/8600 | kept=364 | rest=0
[TEST] {168} tested=16/16 | kept=0 | rest=0
[WARN] batch start failed | size=16 {168} | split=8 {316} + 8 {317}
[REPAIR] name=[ChromeGO-Merge] France_hysteria_1 {172} | fields=up,down
[TEST] {2} tested=8400/8600 | kept=364 | rest=0
[TEST] {174} tested=1/1 | kept=0 | rest=0
[DROP] name=[ChromeGO-Merge] United-3 {174} | server=yh6.dtku41.xyz:443 | reason=mihomo start failed
[REPAIR] name=[ChromeGO-Merge] United-2 {173} | fields=up,down
[TEST] {175} tested=1/1 | kept=0 | rest=0
[DROP] name=[ChromeGO-Merge] None_vless_2 {175} | server=yh9.dtku41.xyz:443 | reason=mihomo start failed
[TEST] {170} tested=17/17 | kept=0 | rest=0
[WARN] batch start failed | size=17 {170} | split=8 {318} + 9 {319}
[TEST] {171} tested=17/17 | kept=0 | rest=0
[WARN] batch start failed | size=17 {171} | split=8 {320} + 9 {321}
[TEST] {176} tested=1/1 | kept=0 | rest=0
[DROP] name=[ChromeGO-Merge] None_vless_3 {176} | server=yh7.dtku41.xyz:443 | reason=mihomo start failed
[TEST] {2} tested=8500/8600 | kept=364 | rest=0
[TEST] {172} tested=1/1 | kept=0 | rest=0
[TEST] {173} tested=1/1 | kept=0 | rest=0
[TEST] {177} tested=1/1 | kept=0 | rest=0
[DROP] name=[ChromeGO-Merge] 🇫🇷 France_tuic_0 {177} | server=62.210.103.14:44556 | reason=mihomo start failed
[TEST] {2} tested=8600/8600 | kept=364 | rest=0
[TEST] {178} tested=1/1 | kept=0 | rest=0
[DROP] name=[ChromeGO-Merge] 🇺🇸 United States_tuic_1 {178} | server=109.104.152.4:443 | reason=mihomo start failed
[TEST] {179} tested=1/1 | kept=0 | rest=0
[DROP] name=[ChromeGO-Merge] 🇳🇱 Netherlands_tuic_2 {179} | server=109.104.153.17:22334 | reason=mihomo start failed
[REPAIR] name=[ChromeGO-Merge] Taiwan {184} | fields=up,down
[TEST] {184} tested=1/1 | kept=0 | rest=0
[TEST] {180} tested=1/1 | kept=0 | rest=0
[DROP] name=[ChromeGO-Merge] 🇺🇸 United States_hysteria2_1 {180} | server=64.110.25.11:33337 | reason=mihomo start failed
[TEST] {181} tested=1/1 | kept=0 | rest=0
[DROP] name=[ChromeGO-Merge] 🇫🇷 France_hysteria2_2 {181} | server=62.210.103.0:52465 | reason=mihomo start failed
[TEST] {183} tested=1/1 | kept=0 | rest=0
[DROP] name=[ChromeGO-Merge] 🇺🇸 United States_vless_1 {183} | server=108.181.22.213:28945 | reason=mihomo start failed
[REPAIR] name=[ChromeGO-Merge] France-2 {186} | fields=up,down
[REPAIR] name=[ChromeGO-Merge] United-4 {187} | fields=up,down
[WARN] batch start failed | size=4 {188} | split=1 {322} + 1 {323} + 1 {324} + 1 {325}
[WARN] batch start failed | size=4 {190} | split=1 {326} + 1 {327} + 1 {328} + 1 {329}
[TEST] {182} tested=1/1 | kept=0 | rest=0
[DROP] name=[ChromeGO-Merge] 🇺🇸 United States_hysteria2_3 {182} | server=108.181.24.77:43656 | reason=mihomo start failed
[TEST] {185} tested=1/1 | kept=0 | rest=0
[DROP] name=[ChromeGO-Merge] France {185} | server=51.159.77.153:33390 | reason=mihomo start failed
[TEST] {186} tested=1/1 | kept=0 | rest=0
[TEST] {189} tested=5/5 | kept=0 | rest=0
[TEST] {187} tested=1/1 | kept=0 | rest=0
[WARN] batch start failed | size=5 {189} | split=1 {330} + 1 {331} + 1 {332} + 1 {333} + 1 {334}
[TEST] {191} tested=5/5 | kept=3 | rest=0
[TEST] {192} tested=4/4 | kept=0 | rest=0
[WARN] batch start failed | size=4 {192} | split=1 {335} + 1 {336} + 1 {337} + 1 {338}
[TEST] {193} tested=5/5 | kept=0 | rest=0
[WARN] batch start failed | size=5 {193} | split=1 {339} + 1 {340} + 1 {341} + 1 {342} + 1 {343}
[TEST] {195} tested=17/17 | kept=0 | rest=0
[WARN] batch start failed | size=17 {195} | split=8 {344} + 9 {345}
[TEST] {194} tested=17/17 | kept=0 | rest=0
[WARN] batch start failed | size=17 {194} | split=8 {346} + 9 {347}
[TEST] {196} tested=17/17 | kept=0 | rest=0
[WARN] batch start failed | size=17 {196} | split=8 {348} + 9 {349}
[TEST] {197} tested=17/17 | kept=0 | rest=0
[WARN] batch start failed | size=17 {197} | split=8 {350} + 9 {351}
[WARN] batch start failed | size=17 {201} | split=8 {352} + 9 {353}
[TEST] {198} tested=16/16 | kept=0 | rest=0
[WARN] batch start failed | size=16 {198} | split=8 {354} + 8 {355}
[TEST] {199} tested=17/17 | kept=0 | rest=0
[WARN] batch start failed | size=17 {199} | split=8 {356} + 9 {357}
[TEST] {200} tested=17/17 | kept=15 | rest=0
[TEST] {204} tested=8/8 | kept=0 | rest=0
[WARN] batch start failed | size=8 {204} | split=1 {358} + 1 {359} + 1 {360} + 1 {361} + 1 {362} + 1 {363} + 1 {364} + 1 {365}
[TEST] {203} tested=17/17 | kept=0 | rest=0
[WARN] batch start failed | size=17 {203} | split=8 {366} + 9 {367}
[WARN] batch start failed | size=17 {207} | split=8 {368} + 9 {369}
[TEST] {202} tested=17/17 | kept=0 | rest=0
[WARN] batch start failed | size=17 {202} | split=8 {370} + 9 {371}
[TEST] {205} tested=9/9 | kept=0 | rest=0
[WARN] batch start failed | size=9 {205} | split=4 {372} + 5 {373}
[TEST] {206} tested=16/16 | kept=1 | rest=0
[TEST] {208} tested=8/8 | kept=0 | rest=0
[WARN] batch start failed | size=8 {208} | split=1 {374} + 1 {375} + 1 {376} + 1 {377} + 1 {378} + 1 {379} + 1 {380} + 1 {381}
[TEST] {209} tested=9/9 | kept=0 | rest=0
[WARN] batch start failed | size=9 {209} | split=4 {382} + 5 {383}
[TEST] {210} tested=8/8 | kept=0 | rest=0
[WARN] batch start failed | size=8 {210} | split=1 {384} + 1 {385} + 1 {386} + 1 {387} + 1 {388} + 1 {389} + 1 {390} + 1 {391}
[TEST] {211} tested=8/8 | kept=0 | rest=0
[WARN] batch start failed | size=8 {211} | split=1 {392} + 1 {393} + 1 {394} + 1 {395} + 1 {396} + 1 {397} + 1 {398} + 1 {399}
[TEST] {213} tested=9/9 | kept=0 | rest=0
[WARN] batch start failed | size=9 {213} | split=4 {400} + 5 {401}
[TEST] {212} tested=8/8 | kept=0 | rest=0
[WARN] batch start failed | size=8 {212} | split=1 {402} + 1 {403} + 1 {404} + 1 {405} + 1 {406} + 1 {407} + 1 {408} + 1 {409}
[TEST] {217} tested=9/9 | kept=0 | rest=0
[WARN] batch start failed | size=9 {217} | split=4 {410} + 5 {411}
[TEST] {214} tested=8/8 | kept=0 | rest=0
[WARN] batch start failed | size=8 {214} | split=1 {412} + 1 {413} + 1 {414} + 1 {415} + 1 {416} + 1 {417} + 1 {418} + 1 {419}
[TEST] {218} tested=1/1 | kept=0 | rest=0
[DROP] name=[Epodonios] EPODONIOS-82 {218} | server=188.114.96.5:2083 | reason=mihomo start failed
[TEST] {215} tested=9/9 | kept=0 | rest=0
[WARN] batch start failed | size=9 {215} | split=4 {420} + 5 {421}
[TEST] {219} tested=1/1 | kept=0 | rest=0
[DROP] name=[Epodonios] EPODONIOS-83 {219} | server=193.233.133.152:28390 | reason=mihomo start failed
[DROP] name=[Epodonios] EPODONIOS-86 {222} | server=194.93.61.120:443 | reason=Parse config error: proxy 0: 'reality-opts' has unset fields: public-key
[TEST] {221} tested=1/1 | kept=0 | rest=0
[DROP] name=[Epodonios] EPODONIOS-85 {221} | server=191.44.113.95:443 | reason=mihomo start failed
[TEST] {223} tested=1/1 | kept=0 | rest=0
[DROP] name=[Epodonios] EPODONIOS-87 {223} | server=139.59.238.97:50573 | reason=mihomo start failed
[TEST] {216} tested=8/8 | kept=0 | rest=0
[WARN] batch start failed | size=8 {216} | split=1 {422} + 1 {423} + 1 {424} + 1 {425} + 1 {426} + 1 {427} + 1 {428} + 1 {429}
[TEST] {420} tested=4/4 | kept=0 | rest=0
[WARN] batch start failed | size=4 {420} | split=1 {430} + 1 {431} + 1 {432} + 1 {433}
[TEST] {224} tested=1/1 | kept=0 | rest=0
[DROP] name=[Epodonios] EPODONIOS-88 {224} | server=172.238.120.124:443 | reason=mihomo start failed
[TEST] {225} tested=1/1 | kept=0 | rest=0
[DROP] name=[Epodonios] EPODONIOS-89 {225} | server=172.236.220.10:443 | reason=mihomo start failed
[TEST] {227} tested=9/9 | kept=0 | rest=0
[WARN] batch start failed | size=9 {227} | split=4 {434} + 5 {435}
[TEST] {226} tested=8/8 | kept=0 | rest=0
[WARN] batch start failed | size=8 {226} | split=1 {436} + 1 {437} + 1 {438} + 1 {439} + 1 {440} + 1 {441} + 1 {442} + 1 {443}
[TEST] {228} tested=8/8 | kept=0 | rest=0
[WARN] batch start failed | size=8 {228} | split=1 {444} + 1 {445} + 1 {446} + 1 {447} + 1 {448} + 1 {449} + 1 {450} + 1 {451}
[TEST] {229} tested=9/9 | kept=0 | rest=0
[WARN] batch start failed | size=9 {229} | split=4 {452} + 5 {453}
[TEST] {230} tested=8/8 | kept=0 | rest=0
[WARN] batch start failed | size=8 {230} | split=1 {454} + 1 {455} + 1 {456} + 1 {457} + 1 {458} + 1 {459} + 1 {460} + 1 {461}
[TEST] {231} tested=9/9 | kept=0 | rest=0
[WARN] batch start failed | size=9 {231} | split=4 {462} + 5 {463}
[TEST] {232} tested=8/8 | kept=0 | rest=0
[WARN] batch start failed | size=8 {232} | split=1 {464} + 1 {465} + 1 {466} + 1 {467} + 1 {468} + 1 {469} + 1 {470} + 1 {471}
[TEST] {237} tested=1/1 | kept=0 | rest=0
[DROP] name=[Epodonios] EPODONIOS-100 {237} | server=104.21.18.141:443 | reason=mihomo start failed
[TEST] {236} tested=1/1 | kept=0 | rest=0
[DROP] name=[Epodonios] EPODONIOS-99 {236} | server=discord.gg:80 | reason=mihomo start failed
[TEST] {238} tested=1/1 | kept=0 | rest=0
[DROP] name=[Epodonios] Telegram---PLANB_NET---PLANB_NET---PLANB_NET---PLANB_NET?ed&security=tls&alpn=http/1.1&encryption=none&insecure=0&host=f2au50vwmige9oftda.netizo14.workers.dev&fp=chrome&type=ws&allowInsecure=0&sni=F2aU50vwmIGE9oFtda.netIZO14.WOrkErs.Dev#EPODONIOS {238} | server=172.67.182.80:443 | reason=mihomo start failed
[TEST] {233} tested=8/8 | kept=0 | rest=0
[WARN] batch start failed | size=8 {233} | split=1 {472} + 1 {473} + 1 {474} + 1 {475} + 1 {476} + 1 {477} + 1 {478} + 1 {479}
[TEST] {240} tested=1/1 | kept=0 | rest=0
[DROP] name=[Epodonios] EPODONIOS-102 {240} | server=edge.aiteamplus.ir:10007 | reason=mihomo start failed
[TEST] {242} tested=1/1 | kept=0 | rest=0
[DROP] name=[Epodonios] vless {242} | server=www.hxino.com:443 | reason=mihomo start failed
[TEST] {239} tested=1/1 | kept=0 | rest=0
[DROP] name=[Epodonios] EPODONIOS-101 {239} | server=pishdad.org:8080 | reason=mihomo start failed
[TEST] {241} tested=1/1 | kept=0 | rest=0
[DROP] name=[Epodonios] EPODONIOS-103 {241} | server=lovesykun.cn:443 | reason=mihomo start failed
[TEST] {243} tested=1/1 | kept=0 | rest=0
[DROP] name=[Epodonios] EPODONIOS-104 {243} | server=85.208.85.246:25565 | reason=mihomo start failed
[TEST] {234} tested=8/8 | kept=0 | rest=0
[WARN] batch start failed | size=8 {234} | split=1 {480} + 1 {481} + 1 {482} + 1 {483} + 1 {484} + 1 {485} + 1 {486} + 1 {487}
[TEST] {235} tested=9/9 | kept=0 | rest=0
[WARN] batch start failed | size=9 {235} | split=4 {488} + 5 {489}
[TEST] {244} tested=8/8 | kept=0 | rest=0
[WARN] batch start failed | size=8 {244} | split=1 {490} + 1 {491} + 1 {492} + 1 {493} + 1 {494} + 1 {495} + 1 {496} + 1 {497}
[TEST] {245} tested=9/9 | kept=0 | rest=0
[WARN] batch start failed | size=9 {245} | split=4 {498} + 5 {499}
[TEST] {248} tested=8/8 | kept=0 | rest=0
[WARN] batch start failed | size=8 {248} | split=1 {500} + 1 {501} + 1 {502} + 1 {503} + 1 {504} + 1 {505} + 1 {506} + 1 {507}
[TEST] {246} tested=4/4 | kept=0 | rest=0
[WARN] batch start failed | size=4 {246} | split=1 {508} + 1 {509} + 1 {510} + 1 {511}
[TEST] {247} tested=5/5 | kept=0 | rest=0
[WARN] batch start failed | size=5 {247} | split=1 {512} + 1 {513} + 1 {514} + 1 {515} + 1 {516}
[TEST] {249} tested=9/9 | kept=0 | rest=0
[WARN] batch start failed | size=9 {249} | split=4 {517} + 5 {518}
[TEST] {250} tested=8/8 | kept=0 | rest=0
[WARN] batch start failed | size=8 {250} | split=1 {519} + 1 {520} + 1 {521} + 1 {522} + 1 {523} + 1 {524} + 1 {525} + 1 {526}
[TEST] {254} tested=8/8 | kept=0 | rest=0
[WARN] batch start failed | size=8 {254} | split=1 {527} + 1 {528} + 1 {529} + 1 {530} + 1 {531} + 1 {532} + 1 {533} + 1 {534}
[TEST] {255} tested=9/9 | kept=0 | rest=0
[WARN] batch start failed | size=9 {255} | split=4 {535} + 5 {536}
[TEST] {251} tested=9/9 | kept=0 | rest=0
[WARN] batch start failed | size=9 {251} | split=4 {537} + 5 {538}
[TEST] {252} tested=8/8 | kept=0 | rest=0
[WARN] batch start failed | size=8 {252} | split=1 {539} + 1 {540} + 1 {541} + 1 {542} + 1 {543} + 1 {544} + 1 {545} + 1 {546}
[TEST] {258} tested=8/8 | kept=0 | rest=0
[WARN] batch start failed | size=8 {258} | split=1 {547} + 1 {548} + 1 {549} + 1 {550} + 1 {551} + 1 {552} + 1 {553} + 1 {554}
[TEST] {259} tested=9/9 | kept=0 | rest=0
[WARN] batch start failed | size=9 {259} | split=4 {555} + 5 {556}
[TEST] {253} tested=8/8 | kept=0 | rest=0
[WARN] batch start failed | size=8 {253} | split=1 {557} + 1 {558} + 1 {559} + 1 {560} + 1 {561} + 1 {562} + 1 {563} + 1 {564}
[TEST] {256} tested=8/8 | kept=0 | rest=0
[WARN] batch start failed | size=8 {256} | split=1 {565} + 1 {566} + 1 {567} + 1 {568} + 1 {569} + 1 {570} + 1 {571} + 1 {572}
[TEST] {257} tested=9/9 | kept=0 | rest=0
[WARN] batch start failed | size=9 {257} | split=4 {573} + 5 {574}
[TEST] {263} tested=9/9 | kept=0 | rest=0
[WARN] batch start failed | size=9 {263} | split=4 {575} + 5 {576}
[TEST] {265} tested=8/8 | kept=0 | rest=0
[WARN] batch start failed | size=8 {265} | split=1 {577} + 1 {578} + 1 {579} + 1 {580} + 1 {581} + 1 {582} + 1 {583} + 1 {584}
[TEST] {264} tested=8/8 | kept=0 | rest=0
[WARN] batch start failed | size=8 {264} | split=1 {585} + 1 {586} + 1 {587} + 1 {588} + 1 {589} + 1 {590} + 1 {591} + 1 {592}
[TEST] {266} tested=8/8 | kept=0 | rest=0
[WARN] batch start failed | size=8 {266} | split=1 {593} + 1 {594} + 1 {595} + 1 {596} + 1 {597} + 1 {598} + 1 {599} + 1 {600}
[TEST] {267} tested=9/9 | kept=0 | rest=0
[WARN] batch start failed | size=9 {267} | split=4 {601} + 5 {602}
[TEST] {261} tested=8/8 | kept=0 | rest=0
[WARN] batch start failed | size=8 {261} | split=1 {603} + 1 {604} + 1 {605} + 1 {606} + 1 {607} + 1 {608} + 1 {609} + 1 {610}
[TEST] {260} tested=8/8 | kept=0 | rest=0
[WARN] batch start failed | size=8 {260} | split=1 {611} + 1 {612} + 1 {613} + 1 {614} + 1 {615} + 1 {616} + 1 {617} + 1 {618}
[TEST] {270} tested=8/8 | kept=0 | rest=0
[WARN] batch start failed | size=8 {270} | split=1 {619} + 1 {620} + 1 {621} + 1 {622} + 1 {623} + 1 {624} + 1 {625} + 1 {626}
[TEST] {271} tested=8/8 | kept=0 | rest=0
[WARN] batch start failed | size=8 {271} | split=1 {627} + 1 {628} + 1 {629} + 1 {630} + 1 {631} + 1 {632} + 1 {633} + 1 {634}
[TEST] {262} tested=8/8 | kept=0 | rest=0
[WARN] batch start failed | size=8 {262} | split=1 {635} + 1 {636} + 1 {637} + 1 {638} + 1 {639} + 1 {640} + 1 {641} + 1 {642}
[TEST] {268} tested=8/8 | kept=0 | rest=0
[WARN] batch start failed | size=8 {268} | split=1 {643} + 1 {644} + 1 {645} + 1 {646} + 1 {647} + 1 {648} + 1 {649} + 1 {650}
[TEST] {275} tested=9/9 | kept=0 | rest=0
[WARN] batch start failed | size=9 {275} | split=4 {651} + 5 {652}
[TEST] {274} tested=8/8 | kept=0 | rest=0
[WARN] batch start failed | size=8 {274} | split=1 {653} + 1 {654} + 1 {655} + 1 {656} + 1 {657} + 1 {658} + 1 {659} + 1 {660}
[TEST] {269} tested=9/9 | kept=0 | rest=0
[WARN] batch start failed | size=9 {269} | split=4 {661} + 5 {662}
[TEST] {279} tested=1/1 | kept=1 | rest=0
[TEST] {272} tested=8/8 | kept=0 | rest=0
[WARN] batch start failed | size=8 {272} | split=1 {663} + 1 {664} + 1 {665} + 1 {666} + 1 {667} + 1 {668} + 1 {669} + 1 {670}
[TEST] {273} tested=9/9 | kept=0 | rest=0
[WARN] batch start failed | size=9 {273} | split=4 {671} + 5 {672}
[REPAIR] name=[免费节点11] 🇩🇪DE_2|1.2MB/s {281} | fields=up,down
[TEST] {281} tested=1/1 | kept=0 | rest=0
[TEST] {277} tested=1/1 | kept=1 | rest=0
[TEST] {276} tested=1/1 | kept=0 | rest=0
[DROP] name=[免费节点11] 🇨🇭CH_1|805KB/s {276} | server=152.67.75.161:443 | reason=mihomo start failed
[TEST] {280} tested=1/1 | kept=1 | rest=0
[REPAIR] name=[免费节点11] 🇩🇪DE_3|2.4MB/s {282} | fields=up,down
[TEST] {282} tested=1/1 | kept=0 | rest=0
[TEST] {278} tested=1/1 | kept=0 | rest=0
[DROP] name=[免费节点11] 🇰🇷KR_1|1.0MB/s {278} | server=150-230-252-217.liao.kdns.fr:50160 | reason=mihomo start failed
[TEST] {283} tested=1/1 | kept=0 | rest=0
[DROP] name=[免费节点11] 🇹🇼CN_1|6.4MB/s {283} | server=103.210.161.8:1080 | reason=mihomo start failed
[TEST] {287} tested=9/9 | kept=0 | rest=0
[WARN] batch start failed | size=9 {287} | split=4 {673} + 5 {674}
[TEST] {285} tested=9/9 | kept=0 | rest=0
[WARN] batch start failed | size=9 {285} | split=4 {675} + 5 {676}
[TEST] {284} tested=8/8 | kept=0 | rest=0
[WARN] batch start failed | size=8 {284} | split=1 {677} + 1 {678} + 1 {679} + 1 {680} + 1 {681} + 1 {682} + 1 {683} + 1 {684}
[TEST] {286} tested=8/8 | kept=0 | rest=0
[WARN] batch start failed | size=8 {286} | split=1 {685} + 1 {686} + 1 {687} + 1 {688} + 1 {689} + 1 {690} + 1 {691} + 1 {692}
[TEST] {289} tested=8/8 | kept=0 | rest=0
[WARN] batch start failed | size=8 {289} | split=1 {693} + 1 {694} + 1 {695} + 1 {696} + 1 {697} + 1 {698} + 1 {699} + 1 {700}
[TEST] {288} tested=8/8 | kept=0 | rest=0
[WARN] batch start failed | size=8 {288} | split=1 {701} + 1 {702} + 1 {703} + 1 {704} + 1 {705} + 1 {706} + 1 {707} + 1 {708}
[TEST] {290} tested=8/8 | kept=0 | rest=0
[WARN] batch start failed | size=8 {290} | split=1 {709} + 1 {710} + 1 {711} + 1 {712} + 1 {713} + 1 {714} + 1 {715} + 1 {716}
[TEST] {291} tested=9/9 | kept=0 | rest=0
[WARN] batch start failed | size=9 {291} | split=4 {717} + 5 {718}
[TEST] {293} tested=9/9 | kept=0 | rest=0
[WARN] batch start failed | size=9 {293} | split=4 {719} + 5 {720}
[TEST] {292} tested=8/8 | kept=0 | rest=0
[WARN] batch start failed | size=8 {292} | split=1 {721} + 1 {722} + 1 {723} + 1 {724} + 1 {725} + 1 {726} + 1 {727} + 1 {728}
[TEST] {294} tested=8/8 | kept=0 | rest=0
[WARN] batch start failed | size=8 {294} | split=1 {729} + 1 {730} + 1 {731} + 1 {732} + 1 {733} + 1 {734} + 1 {735} + 1 {736}
[TEST] {295} tested=9/9 | kept=0 | rest=0
[WARN] batch start failed | size=9 {295} | split=4 {737} + 5 {738}
[TEST] {297} tested=9/9 | kept=0 | rest=0
[WARN] batch start failed | size=9 {297} | split=4 {739} + 5 {740}
[TEST] {296} tested=8/8 | kept=0 | rest=0
[WARN] batch start failed | size=8 {296} | split=1 {741} + 1 {742} + 1 {743} + 1 {744} + 1 {745} + 1 {746} + 1 {747} + 1 {748}
[TEST] {299} tested=9/9 | kept=0 | rest=0
[WARN] batch start failed | size=9 {299} | split=4 {749} + 5 {750}
[REPAIR] name=[ChromeGO-ShiteThings] hysteria {302} | fields=up,down
[REPAIR] name=[ChromeGO-ShiteThings] hysteria-3 {304} | fields=up,down
[REPAIR] name=[ChromeGO-Merge] WARP {305} | fields=dialer-proxy
[REPAIR] name=[ChromeGO-ShiteThings] hysteria-2 {303} | fields=up,down
[TEST] {307} tested=1/1 | kept=0 | rest=0
[DROP] name=[ChromeGO-Merge] United States_vless_21 {307} | server=109.104.152.101:13982 | reason=mihomo start failed
[TEST] {303} tested=1/1 | kept=0 | rest=0
[TEST] {302} tested=1/1 | kept=0 | rest=0
[TEST] {301} tested=1/1 | kept=0 | rest=0
[DROP] name=[ChromeGO-ShiteThings] cloudflare-dl.byoip.top {301} | server=cloudflare-dl.byoip.top:443 | reason=mihomo start failed
[TEST] {298} tested=8/8 | kept=0 | rest=0
[WARN] batch start failed | size=8 {298} | split=1 {751} + 1 {752} + 1 {753} + 1 {754} + 1 {755} + 1 {756} + 1 {757} + 1 {758}
[WARN] batch start failed | size=5 {309} | split=1 {759} + 1 {760} + 1 {761} + 1 {762} + 1 {763}
[TEST] {300} tested=1/1 | kept=0 | rest=0
[DROP] name=[ChromeGO-ShiteThings] cf.tencentapp.cn {300} | server=cf.tencentapp.cn:443 | reason=mihomo start failed
[TEST] {304} tested=1/1 | kept=0 | rest=0
[TEST] {305} tested=1/1 | kept=0 | rest=0
[TEST] {306} tested=1/1 | kept=0 | rest=0
[DROP] name=[ChromeGO-Merge] United States_hysteria2_01 {306} | server=74.63.233.74:33445 | reason=mihomo start failed
[TEST] {308} tested=4/4 | kept=0 | rest=0
[WARN] batch start failed | size=4 {308} | split=1 {764} + 1 {765} + 1 {766} + 1 {767}
[TEST] {310} tested=8/8 | kept=0 | rest=0
[WARN] batch start failed | size=8 {310} | split=1 {768} + 1 {769} + 1 {770} + 1 {771} + 1 {772} + 1 {773} + 1 {774} + 1 {775}
[TEST] {311} tested=9/9 | kept=0 | rest=0
[WARN] batch start failed | size=9 {311} | split=4 {776} + 5 {777}
[TEST] {312} tested=8/8 | kept=0 | rest=0
[WARN] batch start failed | size=8 {312} | split=1 {778} + 1 {779} + 1 {780} + 1 {781} + 1 {782} + 1 {783} + 1 {784} + 1 {785}
[TEST] {313} tested=8/8 | kept=0 | rest=0
[WARN] batch start failed | size=8 {313} | split=1 {786} + 1 {787} + 1 {788} + 1 {789} + 1 {790} + 1 {791} + 1 {792} + 1 {793}
[TEST] {314} tested=8/8 | kept=0 | rest=0
[WARN] batch start failed | size=8 {314} | split=1 {794} + 1 {795} + 1 {796} + 1 {797} + 1 {798} + 1 {799} + 1 {800} + 1 {801}
[TEST] {315} tested=9/9 | kept=0 | rest=0
[WARN] batch start failed | size=9 {315} | split=4 {802} + 5 {803}
[TEST] {316} tested=8/8 | kept=0 | rest=0
[WARN] batch start failed | size=8 {316} | split=1 {804} + 1 {805} + 1 {806} + 1 {807} + 1 {808} + 1 {809} + 1 {810} + 1 {811}
[TEST] {317} tested=8/8 | kept=0 | rest=0
[WARN] batch start failed | size=8 {317} | split=1 {812} + 1 {813} + 1 {814} + 1 {815} + 1 {816} + 1 {817} + 1 {818} + 1 {819}
[TEST] {318} tested=8/8 | kept=0 | rest=0
[WARN] batch start failed | size=8 {318} | split=1 {820} + 1 {821} + 1 {822} + 1 {823} + 1 {824} + 1 {825} + 1 {826} + 1 {827}
[REPAIR] name=[ChromeGO-Merge] Taiwan-2 {322} | fields=up,down
[REPAIR] name=[ChromeGO-Merge] United-5 {323} | fields=up,down
[TEST] {322} tested=1/1 | kept=0 | rest=0
[TEST] {319} tested=9/9 | kept=0 | rest=0
[WARN] batch start failed | size=9 {319} | split=4 {828} + 5 {829}
[TEST] {321} tested=9/9 | kept=0 | rest=0
[WARN] batch start failed | size=9 {321} | split=4 {830} + 5 {831}
[REPAIR] name=[Pawdroid-SS-APK] United+Kingdom-5 {326} | fields=cipher
[TEST] {327} tested=1/1 | kept=0 | rest=0
[DROP] name=[Pawdroid-SS-APK] United+Kingdom-6 {327} | server=149.102.152.25:80 | reason=mihomo start failed
[TEST] {326} tested=1/1 | kept=1 | rest=0
[TEST] {320} tested=8/8 | kept=0 | rest=0
[WARN] batch start failed | size=8 {320} | split=1 {832} + 1 {833} + 1 {834} + 1 {835} + 1 {836} + 1 {837} + 1 {838} + 1 {839}
[TEST] {325} tested=1/1 | kept=0 | rest=0
[DROP] name=[ChromeGO-Merge] France-4 {325} | server=51.159.77.198:53967 | reason=mihomo start failed
[TEST] {323} tested=1/1 | kept=0 | rest=0
[TEST] {331} tested=1/1 | kept=0 | rest=0
[DROP] name=[ChromeGO-Merge] None-2 {331} | server=fbi.gov:443 | reason=mihomo start failed
[TEST] {324} tested=1/1 | kept=0 | rest=0
[DROP] name=[ChromeGO-Merge] France-3 {324} | server=62.210.103.0:22483 | reason=mihomo start failed
[TEST] {330} tested=1/1 | kept=0 | rest=0
[DROP] name=[ChromeGO-Merge] None {330} | server=yh1.dtku41.xyz:443 | reason=mihomo start failed
[TEST] {333} tested=1/1 | kept=0 | rest=0
[DROP] name=[ChromeGO-Merge] 🇹🇼 Taiwan hy 2 {333} | server=www.dtku40.xyz:18490 | reason=mihomo start failed
[TEST] {328} tested=1/1 | kept=0 | rest=0
[DROP] name=[Pawdroid-SS-APK] United+Kingdom-7 {328} | server=82.38.31.17:443 | reason=mihomo start failed
[TEST] {334} tested=1/1 | kept=0 | rest=0
[DROP] name=[ChromeGO-Merge] Canada vmess 04 {334} | server=23.227.38.11:8080 | reason=mihomo start failed
[TEST] {335} tested=1/1 | kept=0 | rest=0
[DROP] name=[ChromeGO-Merge] 🇹🇼 Taiwan_hy_6 {335} | server=www2.dtku48.xyz:22334 | reason=mihomo start failed
[TEST] {329} tested=1/1 | kept=0 | rest=0
[DROP] name=[Pawdroid-SS-APK] The+Netherlands {329} | server=193.29.139.249:8080 | reason=mihomo start failed
[TEST] {338} tested=1/1 | kept=0 | rest=0
[DROP] name=[ChromeGO-Merge] 🇹🇼 Taiwan_hy_9 {338} | server=www.dtku50.xyz:18470 | reason=mihomo start failed
[TEST] {332} tested=1/1 | kept=0 | rest=0
[DROP] name=[ChromeGO-Merge] 🇺🇸 United States hy 1 {332} | server=173.234.25.52:48919 | reason=mihomo start failed
[TEST] {336} tested=1/1 | kept=0 | rest=0
[DROP] name=[ChromeGO-Merge] 🇫🇷 France_hy2_7 {336} | server=51.158.54.46:44550 | reason=mihomo start failed
[TEST] {337} tested=1/1 | kept=0 | rest=0
[DROP] name=[ChromeGO-Merge] 🇺🇸 United States_hy2_8 {337} | server=45.150.165.84:8881 | reason=mihomo start failed
[TEST] {340} tested=1/1 | kept=0 | rest=0
[DROP] name=[ChromeGO-Merge] 🇺🇸 United States_hysteria_1 {340} | server=173.234.25.52:30072 | reason=mihomo start failed
[TEST] {339} tested=1/1 | kept=0 | rest=0
[DROP] name=[ChromeGO-Merge] 🇫🇷 France_hysteria_0 {339} | server=51.158.54.46:55396 | reason=mihomo start failed
[TEST] {343} tested=1/1 | kept=0 | rest=0
[DROP] name=[ChromeGO-Merge] 🇫🇷 France_hysteria2_0 {343} | server=62.210.101.0:52465 | reason=mihomo start failed
[TEST] {341} tested=1/1 | kept=0 | rest=0
[DROP] name=[ChromeGO-Merge] 🇺🇸 United States_hysteria_2 {341} | server=108.181.22.239:39967 | reason=mihomo start failed
[TEST] {342} tested=1/1 | kept=0 | rest=0
[DROP] name=[ChromeGO-Merge] 🇺🇸 United States_hysteria_3 {342} | server=167.160.91.115:41189 | reason=mihomo start failed
[TEST] {344} tested=8/8 | kept=0 | rest=0
[WARN] batch start failed | size=8 {344} | split=1 {840} + 1 {841} + 1 {842} + 1 {843} + 1 {844} + 1 {845} + 1 {846} + 1 {847}
[TEST] {345} tested=9/9 | kept=0 | rest=0
[WARN] batch start failed | size=9 {345} | split=4 {848} + 5 {849}
[TEST] {346} tested=8/8 | kept=0 | rest=0
[WARN] batch start failed | size=8 {346} | split=1 {850} + 1 {851} + 1 {852} + 1 {853} + 1 {854} + 1 {855} + 1 {856} + 1 {857}
[TEST] {347} tested=9/9 | kept=0 | rest=0
[WARN] batch start failed | size=9 {347} | split=4 {858} + 5 {859}
[TEST] {350} tested=8/8 | kept=0 | rest=0
[WARN] batch start failed | size=8 {350} | split=1 {860} + 1 {861} + 1 {862} + 1 {863} + 1 {864} + 1 {865} + 1 {866} + 1 {867}
[WARN] batch start failed | size=8 {352} | split=1 {868} + 1 {869} + 1 {870} + 1 {871} + 1 {872} + 1 {873} + 1 {874} + 1 {875}
[TEST] {353} tested=9/9 | kept=9 | rest=0
[TEST] {348} tested=8/8 | kept=0 | rest=0
[WARN] batch start failed | size=8 {348} | split=1 {876} + 1 {877} + 1 {878} + 1 {879} + 1 {880} + 1 {881} + 1 {882} + 1 {883}
[TEST] {349} tested=9/9 | kept=0 | rest=0
[WARN] batch start failed | size=9 {349} | split=4 {884} + 5 {885}
[TEST] {351} tested=9/9 | kept=0 | rest=0
[WARN] batch start failed | size=9 {351} | split=4 {886} + 5 {887}
[TEST] {354} tested=8/8 | kept=0 | rest=0
[WARN] batch start failed | size=8 {354} | split=1 {888} + 1 {889} + 1 {890} + 1 {891} + 1 {892} + 1 {893} + 1 {894} + 1 {895}
[TEST] {358} tested=1/1 | kept=0 | rest=0
[DROP] name=[免费节点10] 🇺🇸 US 727 → tg@nicevpn123 {358} | server=104.21.28.62:443 | reason=mihomo start failed
[TEST] {359} tested=1/1 | kept=0 | rest=0
[DROP] name=[免费节点10] 🇺🇸 US 728 → tg@nicevpn123 {359} | server=104.16.43.29:2082 | reason=mihomo start failed
[TEST] {360} tested=1/1 | kept=0 | rest=0
[DROP] name=[免费节点10] 🇺🇸 US 730 → tg@nicevpn123 {360} | server=104.16.43.246:2082 | reason=mihomo start failed
[TEST] {361} tested=1/1 | kept=0 | rest=0
[DROP] name=[免费节点10] 🇺🇸 US 733 → tg@nicevpn123 {361} | server=104.19.42.154:2082 | reason=mihomo start failed
[TEST] {362} tested=1/1 | kept=0 | rest=0
[DROP] name=[免费节点10] 🇺🇸 US 735 → tg@nicevpn123 {362} | server=104.19.45.79:2095 | reason=mihomo start failed
[TEST] {363} tested=1/1 | kept=0 | rest=0
[DROP] name=[免费节点10] 🇺🇸 US 737 → tg@nicevpn123 {363} | server=uk-full.privateip.net:443 | reason=mihomo start failed
[TEST] {364} tested=1/1 | kept=0 | rest=0
[DROP] name=[免费节点10] 🇺🇸 US 739 → tg@nicevpn123 {364} | server=172.67.174.92:2053 | reason=mihomo start failed
[TEST] {365} tested=1/1 | kept=0 | rest=0
[DROP] name=[免费节点10] 🇺🇸 US 74 → tg@nicevpn123 {365} | server=104.19.45.30:2095 | reason=mihomo start failed
[TEST] {355} tested=8/8 | kept=0 | rest=0
[WARN] batch start failed | size=8 {355} | split=1 {896} + 1 {897} + 1 {898} + 1 {899} + 1 {900} + 1 {901} + 1 {902} + 1 {903}
[TEST] {366} tested=8/8 | kept=0 | rest=0
[WARN] batch start failed | size=8 {366} | split=1 {904} + 1 {905} + 1 {906} + 1 {907} + 1 {908} + 1 {909} + 1 {910} + 1 {911}
[WARN] batch start failed | size=8 {368} | split=1 {912} + 1 {913} + 1 {914} + 1 {915} + 1 {916} + 1 {917} + 1 {918} + 1 {919}
[TEST] {357} tested=9/9 | kept=0 | rest=0
[WARN] batch start failed | size=9 {357} | split=4 {920} + 5 {921}
[TEST] {356} tested=8/8 | kept=0 | rest=0
[WARN] batch start failed | size=8 {356} | split=1 {922} + 1 {923} + 1 {924} + 1 {925} + 1 {926} + 1 {927} + 1 {928} + 1 {929}
[TEST] {370} tested=8/8 | kept=0 | rest=0
[WARN] batch start failed | size=8 {370} | split=1 {930} + 1 {931} + 1 {932} + 1 {933} + 1 {934} + 1 {935} + 1 {936} + 1 {937}
[TEST] {373} tested=5/5 | kept=0 | rest=0
[WARN] batch start failed | size=5 {373} | split=1 {938} + 1 {939} + 1 {940} + 1 {941} + 1 {942}
[TEST] {367} tested=9/9 | kept=0 | rest=0
[WARN] batch start failed | size=9 {367} | split=4 {943} + 5 {944}
[TEST] {375} tested=1/1 | kept=0 | rest=0
[DROP] name=[免费节点10] 🇺🇸 US 751 → tg@nicevpn123 {375} | server=104.16.39.31:2082 | reason=mihomo start failed
[TEST] {379} tested=1/1 | kept=0 | rest=0
[DROP] name=[免费节点10] 🇺🇸 US 756 → tg@nicevpn123 {379} | server=104.19.45.156:2095 | reason=mihomo start failed
[TEST] {376} tested=1/1 | kept=0 | rest=0
[DROP] name=[免费节点10] 🇺🇸 US 752 → tg@nicevpn123 {376} | server=104.21.4.221:443 | reason=mihomo start failed
[TEST] {369} tested=9/9 | kept=0 | rest=0
[WARN] batch start failed | size=9 {369} | split=4 {945} + 5 {946}
[TEST] {377} tested=1/1 | kept=0 | rest=0
[DROP] name=[免费节点10] 🇺🇸 US 753 → tg@nicevpn123 {377} | server=104.16.42.202:2082 | reason=mihomo start failed
[TEST] {378} tested=1/1 | kept=0 | rest=0
[DROP] name=[免费节点10] 🇺🇸 US 754 → tg@nicevpn123 {378} | server=205.234.200.104:33164 | reason=mihomo start failed
[TEST] {380} tested=1/1 | kept=0 | rest=0
[DROP] name=[免费节点10] 🇺🇸 US 757 → tg@nicevpn123 {380} | server=104.19.45.110:2095 | reason=mihomo start failed
[TEST] {381} tested=1/1 | kept=0 | rest=0
[DROP] name=[免费节点10] 🇺🇸 US 758 → tg@nicevpn123 {381} | server=104.19.45.76:2095 | reason=mihomo start failed
[TEST] {382} tested=4/4 | kept=0 | rest=0
[WARN] batch start failed | size=4 {382} | split=1 {947} + 1 {948} + 1 {949} + 1 {950}
[TEST] {371} tested=9/9 | kept=0 | rest=0
[WARN] batch start failed | size=9 {371} | split=4 {951} + 5 {952}
[TEST] {372} tested=4/4 | kept=0 | rest=0
[WARN] batch start failed | size=4 {372} | split=1 {953} + 1 {954} + 1 {955} + 1 {956}
[TEST] {386} tested=1/1 | kept=0 | rest=0
[DROP] name=[免费节点10] 🇺🇸 US 694 → tg@nicevpn123 {386} | server=104.16.43.167:2082 | reason=mihomo start failed
[TEST] {385} tested=1/1 | kept=0 | rest=0
[DROP] name=[免费节点10] 🇺🇸 US 692 → tg@nicevpn123 {385} | server=38.68.134.9:8881 | reason=mihomo start failed
[TEST] {387} tested=1/1 | kept=0 | rest=0
[DROP] name=[免费节点10] 🇺🇸 US 695 → tg@nicevpn123 {387} | server=104.19.45.224:2095 | reason=mihomo start failed
[TEST] {388} tested=1/1 | kept=0 | rest=0
[DROP] name=[免费节点10] 🇺🇸 US 697 → tg@nicevpn123 {388} | server=zula.ir:443 | reason=mihomo start failed
[TEST] {374} tested=1/1 | kept=0 | rest=0
[DROP] name=[免费节点10] 🇺🇸 US 750 → tg@nicevpn123 {374} | server=38.110.1.241:9102 | reason=mihomo start failed
[TEST] {390} tested=1/1 | kept=0 | rest=0
[DROP] name=[免费节点10] 🇺🇸 US 7 → tg@nicevpn123 {390} | server=9azvt-g05.jp05-6786-vm0.entry.fr0307a.art:46486 | reason=mihomo start failed
[TEST] {391} tested=1/1 | kept=0 | rest=0
[DROP] name=[免费节点10] 🇺🇸 US 70 → tg@nicevpn123 {391} | server=104.19.45.133:2095 | reason=mihomo start failed
[TEST] {383} tested=5/5 | kept=0 | rest=0
[WARN] batch start failed | size=5 {383} | split=1 {957} + 1 {958} + 1 {959} + 1 {960} + 1 {961}
[TEST] {393} tested=1/1 | kept=0 | rest=0
[DROP] name=[免费节点10] 🇺🇸 US 701 → tg@nicevpn123 {393} | server=104.19.49.3:443 | reason=mihomo start failed
[TEST] {394} tested=1/1 | kept=0 | rest=0
[DROP] name=[免费节点10] 🇺🇸 US 702 → tg@nicevpn123 {394} | server=104.16.60.8:2095 | reason=mihomo start failed
[TEST] {396} tested=1/1 | kept=0 | rest=0
[DROP] name=[免费节点10] 🇺🇸 US 704 → tg@nicevpn123 {396} | server=104.19.45.25:2095 | reason=mihomo start failed
[TEST] {395} tested=1/1 | kept=0 | rest=0
[DROP] name=[免费节点10] 🇺🇸 US 703 → tg@nicevpn123 {395} | server=104.19.45.136:2095 | reason=mihomo start failed
[TEST] {398} tested=1/1 | kept=0 | rest=0
[DROP] name=[免费节点10] 🇺🇸 US 706 → tg@nicevpn123 {398} | server=104.19.42.171:2082 | reason=mihomo start failed
[TEST] {399} tested=1/1 | kept=0 | rest=0
[DROP] name=[免费节点10] 🇺🇸 US 707 → tg@nicevpn123 {399} | server=series-a2-mec.samanehha.co:443 | reason=mihomo start failed
[TEST] {397} tested=1/1 | kept=0 | rest=0
[DROP] name=[免费节点10] 🇺🇸 US 705 → tg@nicevpn123 {397} | server=38.110.1.105:9090 | reason=mihomo start failed
[TEST] {384} tested=1/1 | kept=0 | rest=0
[DROP] name=[免费节点10] 🇺🇸 US 690 → tg@nicevpn123 {384} | server=34.217.86.31:17415 | reason=mihomo start failed
[TEST] {389} tested=1/1 | kept=0 | rest=0
[DROP] name=[免费节点10] 🇺🇸 US 699 → tg@nicevpn123 {389} | server=13.213.18.109:443 | reason=mihomo start failed
[TEST] {392} tested=1/1 | kept=0 | rest=0
[DROP] name=[免费节点10] 🇺🇸 US 700 → tg@nicevpn123 {392} | server=141.193.68.81:443 | reason=mihomo start failed
[TEST] {400} tested=4/4 | kept=0 | rest=0
[WARN] batch start failed | size=4 {400} | split=1 {962} + 1 {963} + 1 {964} + 1 {965}
[TEST] {404} tested=1/1 | kept=0 | rest=0
[DROP] name=[免费节点10] 🇺🇸 US 711 → tg@nicevpn123 {404} | server=104.19.45.44:2095 | reason=mihomo start failed
[TEST] {406} tested=1/1 | kept=0 | rest=0
[DROP] name=[免费节点10] 🇺🇸 US 713 → tg@nicevpn123 {406} | server=104.16.40.132:2082 | reason=mihomo start failed
[TEST] {401} tested=5/5 | kept=0 | rest=0
[WARN] batch start failed | size=5 {401} | split=1 {966} + 1 {967} + 1 {968} + 1 {969} + 1 {970}
[TEST] {407} tested=1/1 | kept=0 | rest=0
[DROP] name=[免费节点10] 🇺🇸 US 714 → tg@nicevpn123 {407} | server=104.19.49.204:443 | reason=mihomo start failed
[TEST] {408} tested=1/1 | kept=0 | rest=0
[DROP] name=[免费节点10] 🇺🇸 US 715 → tg@nicevpn123 {408} | server=104.19.48.236:2082 | reason=mihomo start failed
[TEST] {409} tested=1/1 | kept=0 | rest=0
[DROP] name=[免费节点10] 🇺🇸 US 716 → tg@nicevpn123 {409} | server=104.16.42.28:2082 | reason=mihomo start failed
[TEST] {410} tested=4/4 | kept=0 | rest=0
[WARN] batch start failed | size=4 {410} | split=1 {971} + 1 {972} + 1 {973} + 1 {974}
[TEST] {411} tested=5/5 | kept=0 | rest=0
[WARN] batch start failed | size=5 {411} | split=1 {975} + 1 {976} + 1 {977} + 1 {978} + 1 {979}
[TEST] {413} tested=1/1 | kept=0 | rest=0
[DROP] name=[免费节点10] 🇺🇸 US 893 → tg@nicevpn123 {413} | server=144.202.59.26:57061 | reason=mihomo start failed
[TEST] {403} tested=1/1 | kept=0 | rest=0
[DROP] name=[免费节点10] 🇺🇸 US 710 → tg@nicevpn123 {403} | server=38.38.148.238:37001 | reason=mihomo start failed
[TEST] {414} tested=1/1 | kept=0 | rest=0
[DROP] name=[免费节点10] 🇺🇸 US 894 → tg@nicevpn123 {414} | server=104.19.45.49:2095 | reason=mihomo start failed
[TEST] {416} tested=1/1 | kept=0 | rest=0
[DROP] name=[免费节点10] 🇺🇸 US 898 → tg@nicevpn123 {416} | server=104.16.42.187:2082 | reason=mihomo start failed
[TEST] {415} tested=1/1 | kept=0 | rest=0
[DROP] name=[免费节点10] 🇺🇸 US 896 → tg@nicevpn123 {415} | server=ying.iepl1.me:2082 | reason=mihomo start failed
[TEST] {417} tested=1/1 | kept=0 | rest=0
[DROP] name=[免费节点10] 🇺🇸 US 899 → tg@nicevpn123 {417} | server=gur.gov.ua:443 | reason=mihomo start failed
[TEST] {418} tested=1/1 | kept=0 | rest=0
[DROP] name=[免费节点10] 🇺🇸 US 9 → tg@nicevpn123 {418} | server=104.21.226.32:80 | reason=mihomo start failed
[TEST] {419} tested=1/1 | kept=0 | rest=0
[DROP] name=[免费节点10] 🇺🇸 US 900 → tg@nicevpn123 {419} | server=104.16.39.21:2082 | reason=mihomo start failed
[TEST] {402} tested=1/1 | kept=0 | rest=0
[DROP] name=[免费节点10] 🇺🇸 US 709 → tg@nicevpn123 {402} | server=52.33.243.193:443 | reason=mihomo start failed
[TEST] {405} tested=1/1 | kept=0 | rest=0
[DROP] name=[免费节点10] 🇺🇸 US 712 → tg@nicevpn123 {405} | server=38.75.137.105:6697 | reason=mihomo start failed
[TEST] {423} tested=1/1 | kept=0 | rest=0
[DROP] name=[免费节点10] 🇺🇸 US 911 → tg@nicevpn123 {423} | server=104.16.39.80:2082 | reason=mihomo start failed
[TEST] {424} tested=1/1 | kept=0 | rest=0
[DROP] name=[免费节点10] 🇺🇸 US 912 → tg@nicevpn123 {424} | server=104.16.42.189:2082 | reason=mihomo start failed
[TEST] {412} tested=1/1 | kept=0 | rest=0
[DROP] name=[免费节点10] 🇺🇸 US 892 → tg@nicevpn123 {412} | server=65.109.199.41:2791 | reason=mihomo start failed
[TEST] {425} tested=1/1 | kept=0 | rest=0
[DROP] name=[免费节点10] 🇺🇸 US 913 → tg@nicevpn123 {425} | server=1dk1l-g05.jp03-7d22-vm0.entry.fr0307a.art:21585 | reason=mihomo start failed
[TEST] {426} tested=1/1 | kept=0 | rest=0
[DROP] name=[免费节点10] 🇺🇸 US 914 → tg@nicevpn123 {426} | server=db01.iepl1.me:8880 | reason=mihomo start failed
[TEST] {220} tested=1/1 | kept=0 | rest=0
[DROP] name=[Epodonios] EPODONIOS-84 {220} | server=191.44.113.150:443 | reason=mihomo start failed
[TEST] {421} tested=5/5 | kept=0 | rest=0
[WARN] batch start failed | size=5 {421} | split=1 {980} + 1 {981} + 1 {982} + 1 {983} + 1 {984}
[TEST] {428} tested=1/1 | kept=0 | rest=0
[DROP] name=[免费节点10] 🇺🇸 US 917 → tg@nicevpn123 {428} | server=speed.cloudflare.com:443 | reason=mihomo start failed
[TEST] {430} tested=1/1 | kept=0 | rest=0
[DROP] name=[免费节点10] 🇺🇸 US 901 → tg@nicevpn123 {430} | server=104.19.49.5:443 | reason=mihomo start failed
[TEST] {422} tested=1/1 | kept=0 | rest=0
[DROP] name=[免费节点10] 🇺🇸 US 910 → tg@nicevpn123 {422} | server=506.outline-vpn.cloud:443 | reason=mihomo start failed
[TEST] {432} tested=1/1 | kept=0 | rest=0
[DROP] name=[免费节点10] 🇺🇸 US 903 → tg@nicevpn123 {432} | server=38.110.1.105:8118 | reason=mihomo start failed
[TEST] {433} tested=1/1 | kept=0 | rest=0
[DROP] name=[免费节点10] 🇺🇸 US 904 → tg@nicevpn123 {433} | server=45.56.79.156:443 | reason=mihomo start failed
[TEST] {427} tested=1/1 | kept=0 | rest=0
[DROP] name=[免费节点10] 🇺🇸 US 916 → tg@nicevpn123 {427} | server=38.75.137.93:5001 | reason=mihomo start failed
[TEST] {429} tested=1/1 | kept=0 | rest=0
[DROP] name=[免费节点10] 🇺🇸 US 918 → tg@nicevpn123 {429} | server=45.39.70.180:443 | reason=mihomo start failed
[TEST] {436} tested=1/1 | kept=0 | rest=0
[DROP] name=[免费节点10] 🇺🇸 US 852 → tg@nicevpn123 {436} | server=104.19.45.108:2095 | reason=mihomo start failed
[TEST] {431} tested=1/1 | kept=0 | rest=0
[DROP] name=[免费节点10] 🇺🇸 US 902 → tg@nicevpn123 {431} | server=65.109.199.41:3363 | reason=mihomo start failed
[TEST] {438} tested=1/1 | kept=0 | rest=0
[DROP] name=[免费节点10] 🇺🇸 US 854 → tg@nicevpn123 {438} | server=104.19.45.107:2082 | reason=mihomo start failed
[TEST] {439} tested=1/1 | kept=0 | rest=0
[DROP] name=[免费节点10] 🇺🇸 US 855 → tg@nicevpn123 {439} | server=104.16.40.158:2082 | reason=mihomo start failed
[TEST] {440} tested=1/1 | kept=0 | rest=0
[DROP] name=[免费节点10] 🇺🇸 US 856 → tg@nicevpn123 {440} | server=104.19.42.60:2082 | reason=mihomo start failed
[TEST] {435} tested=5/5 | kept=0 | rest=0
[WARN] batch start failed | size=5 {435} | split=1 {985} + 1 {986} + 1 {987} + 1 {988} + 1 {989}
[TEST] {442} tested=1/1 | kept=0 | rest=0
[DROP] name=[免费节点10] 🇺🇸 US 86 → tg@nicevpn123 {442} | server=104.19.45.174:2095 | reason=mihomo start failed
[TEST] {443} tested=1/1 | kept=0 | rest=0
[DROP] name=[免费节点10] 🇺🇸 US 860 → tg@nicevpn123 {443} | server=104.19.49.221:443 | reason=mihomo start failed
[TEST] {444} tested=1/1 | kept=0 | rest=0
[DROP] name=[免费节点10] 🇺🇸 US 871 → tg@nicevpn123 {444} | server=104.19.48.110:2082 | reason=mihomo start failed
[TEST] {445} tested=1/1 | kept=0 | rest=0
[DROP] name=[免费节点10] 🇺🇸 US 872 → tg@nicevpn123 {445} | server=104.16.60.8:2082 | reason=mihomo start failed
[TEST] {446} tested=1/1 | kept=0 | rest=0
[DROP] name=[免费节点10] 🇺🇸 US 873 → tg@nicevpn123 {446} | server=upload.ir:80 | reason=mihomo start failed
[TEST] {434} tested=4/4 | kept=0 | rest=0
[WARN] batch start failed | size=4 {434} | split=1 {990} + 1 {991} + 1 {992} + 1 {993}
[TEST] {448} tested=1/1 | kept=0 | rest=0
[DROP] name=[免费节点10] 🇺🇸 US 876 → tg@nicevpn123 {448} | server=104.19.42.166:2082 | reason=mihomo start failed
[TEST] {450} tested=1/1 | kept=0 | rest=0
[DROP] name=[免费节点10] 🇺🇸 US 878 → tg@nicevpn123 {450} | server=104.16.162.16:2053 | reason=mihomo start failed
[TEST] {449} tested=1/1 | kept=0 | rest=0
[DROP] name=[免费节点10] 🇺🇸 US 877 → tg@nicevpn123 {449} | server=cfcdn3.sanfencdn9.com:80 | reason=mihomo start failed
[TEST] {451} tested=1/1 | kept=0 | rest=0
[DROP] name=[免费节点10] 🇺🇸 US 879 → tg@nicevpn123 {451} | server=uk1.xv2ray.net:80 | reason=mihomo start failed
[TEST] {437} tested=1/1 | kept=0 | rest=0
[DROP] name=[免费节点10] 🇺🇸 US 853 → tg@nicevpn123 {437} | server=38.75.136.33:2376 | reason=mihomo start failed
[TEST] {441} tested=1/1 | kept=0 | rest=0
[DROP] name=[免费节点10] 🇺🇸 US 858 → tg@nicevpn123 {441} | server=38.11.49.56:38000 | reason=mihomo start failed
[TEST] {454} tested=1/1 | kept=0 | rest=0
[DROP] name=[免费节点10] 🇺🇸 US 791 → tg@nicevpn123 {454} | server=38.110.1.105:7307 | reason=mihomo start failed
[TEST] {455} tested=1/1 | kept=0 | rest=0
[DROP] name=[免费节点10] 🇺🇸 US 794 → tg@nicevpn123 {455} | server=104.16.67.38:2087 | reason=mihomo start failed
[TEST] {447} tested=1/1 | kept=0 | rest=0
[DROP] name=[免费节点10] 🇺🇸 US 875 → tg@nicevpn123 {447} | server=38.114.114.208:8090 | reason=mihomo start failed
[TEST] {456} tested=1/1 | kept=0 | rest=0
[DROP] name=[免费节点10] 🇺🇸 US 795 → tg@nicevpn123 {456} | server=104.19.45.132:2095 | reason=mihomo start failed
[TEST] {459} tested=1/1 | kept=0 | rest=0
[DROP] name=[免费节点10] 🇺🇸 US 799 → tg@nicevpn123 {459} | server=104.19.45.91:2095 | reason=mihomo start failed
[TEST] {458} tested=1/1 | kept=0 | rest=0
[DROP] name=[免费节点10] 🇺🇸 US 798 → tg@nicevpn123 {458} | server=104.16.192.146:443 | reason=mihomo start failed
[TEST] {452} tested=4/4 | kept=0 | rest=0
[WARN] batch start failed | size=4 {452} | split=1 {994} + 1 {995} + 1 {996} + 1 {997}
[TEST] {461} tested=1/1 | kept=0 | rest=0
[DROP] name=[免费节点10] 🇺🇸 US 80 → tg@nicevpn123 {461} | server=104.21.30.254:443 | reason=mihomo start failed
[TEST] {453} tested=5/5 | kept=0 | rest=0
[WARN] batch start failed | size=5 {453} | split=1 {998} + 1 {999} + 1 {1000} + 1 {1001} + 1 {1002}
[TEST] {457} tested=1/1 | kept=0 | rest=0
[DROP] name=[免费节点10] 🇺🇸 US 796 → tg@nicevpn123 {457} | server=23.26.98.120:998 | reason=mihomo start failed
[TEST] {464} tested=1/1 | kept=0 | rest=0
[DROP] name=[免费节点10] 🇺🇸 US 775 → tg@nicevpn123 {464} | server=sg4g.xn--vhq70hxyat50h6wk.com:80 | reason=mihomo start failed
[TEST] {466} tested=1/1 | kept=0 | rest=0
[DROP] name=[免费节点10] 🇺🇸 US 777 → tg@nicevpn123 {466} | server=104.16.39.217:2082 | reason=mihomo start failed
[TEST] {460} tested=1/1 | kept=0 | rest=0
[DROP] name=[免费节点10] 🇺🇸 US 8 → tg@nicevpn123 {460} | server=18.246.240.239:443 | reason=mihomo start failed
[TEST] {465} tested=1/1 | kept=0 | rest=0
[DROP] name=[免费节点10] 🇺🇸 US 776 → tg@nicevpn123 {465} | server=38.110.1.105:8009 | reason=mihomo start failed
[TEST] {463} tested=5/5 | kept=0 | rest=0
[WARN] batch start failed | size=5 {463} | split=1 {1003} + 1 {1004} + 1 {1005} + 1 {1006} + 1 {1007}
[TEST] {469} tested=1/1 | kept=0 | rest=0
[DROP] name=[免费节点10] 🇺🇸 US 78 → tg@nicevpn123 {469} | server=w3.org:443 | reason=mihomo start failed
[TEST] {470} tested=1/1 | kept=0 | rest=0
[DROP] name=[免费节点10] 🇺🇸 US 781 → tg@nicevpn123 {470} | server=104.19.45.121:2095 | reason=mihomo start failed
[TEST] {471} tested=1/1 | kept=0 | rest=0
[DROP] name=[免费节点10] 🇺🇸 US 782 → tg@nicevpn123 {471} | server=104.16.192.135:443 | reason=mihomo start failed
[TEST] {472} tested=1/1 | kept=0 | rest=0
[DROP] name=[免费节点10] 🇺🇸 US 783 → tg@nicevpn123 {472} | server=104.19.45.149:2095 | reason=mihomo start failed
[TEST] {473} tested=1/1 | kept=0 | rest=0
[DROP] name=[免费节点10] 🇺🇸 US 784 → tg@nicevpn123 {473} | server=104.16.77.52:443 | reason=mihomo start failed
[TEST] {462} tested=4/4 | kept=0 | rest=0
[WARN] batch start failed | size=4 {462} | split=1 {1008} + 1 {1009} + 1 {1010} + 1 {1011}
[TEST] {476} tested=1/1 | kept=0 | rest=0
[DROP] name=[免费节点10] 🇺🇸 US 787 → tg@nicevpn123 {476} | server=104.19.45.17:2095 | reason=mihomo start failed
[TEST] {467} tested=1/1 | kept=0 | rest=0
[DROP] name=[免费节点10] 🇺🇸 US 778 → tg@nicevpn123 {467} | server=us2.laobideng.xyz:8080 | reason=mihomo start failed
[TEST] {477} tested=1/1 | kept=0 | rest=0
[DROP] name=[免费节点10] 🇺🇸 US 788 → tg@nicevpn123 {477} | server=104.21.225.92:80 | reason=mihomo start failed
[TEST] {478} tested=1/1 | kept=0 | rest=0
[DROP] name=[免费节点10] 🇺🇸 US 79 → tg@nicevpn123 {478} | server=104.19.45.92:2095 | reason=mihomo start failed
[TEST] {479} tested=1/1 | kept=0 | rest=0
[DROP] name=[免费节点10] 🇺🇸 US 790 → tg@nicevpn123 {479} | server=104.19.49.30:443 | reason=mihomo start failed
[TEST] {480} tested=1/1 | kept=0 | rest=0
[DROP] name=[免费节点10] 🇺🇸 US 832 → tg@nicevpn123 {480} | server=104.19.45.238:2082 | reason=mihomo start failed
[TEST] {482} tested=1/1 | kept=0 | rest=0
[DROP] name=[免费节点10] 🇺🇸 US 835 → tg@nicevpn123 {482} | server=104.16.42.6:2082 | reason=mihomo start failed
[TEST] {481} tested=1/1 | kept=0 | rest=0
[DROP] name=[免费节点10] 🇺🇸 US 834 → tg@nicevpn123 {481} | server=104.19.49.33:443 | reason=mihomo start failed
[TEST] {468} tested=1/1 | kept=0 | rest=0
[DROP] name=[免费节点10] 🇺🇸 US 779 → tg@nicevpn123 {468} | server=38.114.114.208:8080 | reason=mihomo start failed
[TEST] {484} tested=1/1 | kept=0 | rest=0
[DROP] name=[免费节点10] 🇺🇸 US 837 → tg@nicevpn123 {484} | server=104.21.235.58:80 | reason=mihomo start failed
[TEST] {486} tested=1/1 | kept=0 | rest=0
[DROP] name=[免费节点10] 🇺🇸 US 840 → tg@nicevpn123 {486} | server=104.19.45.9:2095 | reason=mihomo start failed
[TEST] {474} tested=1/1 | kept=0 | rest=0
[DROP] name=[免费节点10] 🇺🇸 US 785 → tg@nicevpn123 {474} | server=18.237.116.67:443 | reason=mihomo start failed
[TEST] {487} tested=1/1 | kept=0 | rest=0
[DROP] name=[免费节点10] 🇺🇸 US 841 → tg@nicevpn123 {487} | server=172.67.229.36:2086 | reason=mihomo start failed
[TEST] {475} tested=1/1 | kept=0 | rest=0
[DROP] name=[免费节点10] 🇺🇸 US 786 → tg@nicevpn123 {475} | server=38.147.160.101:41384 | reason=mihomo start failed
[TEST] {483} tested=1/1 | kept=0 | rest=0
[DROP] name=[免费节点10] 🇺🇸 US 836 → tg@nicevpn123 {483} | server=104.20.156.248:2087 | reason=mihomo start failed
[TEST] {485} tested=1/1 | kept=0 | rest=0
[DROP] name=[免费节点10] 🇺🇸 US 839 → tg@nicevpn123 {485} | server=38.68.135.138:5004 | reason=mihomo start failed
[TEST] {490} tested=1/1 | kept=0 | rest=0
[DROP] name=[免费节点10] 🇺🇸 US 811 → tg@nicevpn123 {490} | server=104.19.42.174:2082 | reason=mihomo start failed
[TEST] {492} tested=1/1 | kept=0 | rest=0
[DROP] name=[免费节点10] 🇺🇸 US 813 → tg@nicevpn123 {492} | server=104.19.45.241:2095 | reason=mihomo start failed
[TEST] {494} tested=1/1 | kept=0 | rest=0
[DROP] name=[免费节点10] 🇺🇸 US 815 → tg@nicevpn123 {494} | server=104.16.68.38:2096 | reason=mihomo start failed
[TEST] {493} tested=1/1 | kept=0 | rest=0
[DROP] name=[免费节点10] 🇺🇸 US 814 → tg@nicevpn123 {493} | server=104.16.42.12:2082 | reason=mihomo start failed
[TEST] {495} tested=1/1 | kept=0 | rest=0
[DROP] name=[免费节点10] 🇺🇸 US 816 → tg@nicevpn123 {495} | server=104.21.225.22:80 | reason=mihomo start failed
[TEST] {489} tested=5/5 | kept=0 | rest=0
[WARN] batch start failed | size=5 {489} | split=1 {1012} + 1 {1013} + 1 {1014} + 1 {1015} + 1 {1016}
[TEST] {496} tested=1/1 | kept=0 | rest=0
[DROP] name=[免费节点10] 🇺🇸 US 817 → tg@nicevpn123 {496} | server=104.19.43.240:80 | reason=mihomo start failed
[TEST] {498} tested=4/4 | kept=0 | rest=0
[WARN] batch start failed | size=4 {498} | split=1 {1017} + 1 {1018} + 1 {1019} + 1 {1020}
[TEST] {488} tested=4/4 | kept=0 | rest=0
[WARN] batch start failed | size=4 {488} | split=1 {1021} + 1 {1022} + 1 {1023} + 1 {1024}
[TEST] {501} tested=1/1 | kept=0 | rest=0
[DROP] name=[免费节点10] 🇺🇸 US 1859 → tg@nicevpn123 {501} | server=yhnsb3.shabijichang.com:80 | reason=mihomo start failed
[TEST] {500} tested=1/1 | kept=0 | rest=0
[DROP] name=[免费节点10] 🇺🇸 US 1858 → tg@nicevpn123 {500} | server=104.16.42.77:2082 | reason=mihomo start failed
[TEST] {502} tested=1/1 | kept=0 | rest=0
[DROP] name=[免费节点10] 🇺🇸 US 1860 → tg@nicevpn123 {502} | server=172.67.199.211:8080 | reason=mihomo start failed
[TEST] {503} tested=1/1 | kept=0 | rest=0
[DROP] name=[免费节点10] 🇺🇸 US 1861 → tg@nicevpn123 {503} | server=104.16.159.6:443 | reason=mihomo start failed
[TEST] {505} tested=1/1 | kept=0 | rest=0
[DROP] name=[免费节点10] 🇺🇸 US 1863 → tg@nicevpn123 {505} | server=104.21.225.94:80 | reason=mihomo start failed
[TEST] {504} tested=1/1 | kept=0 | rest=0
[DROP] name=[免费节点10] 🇺🇸 US 1862 → tg@nicevpn123 {504} | server=172.67.124.123:443 | reason=mihomo start failed
[TEST] {506} tested=1/1 | kept=0 | rest=0
[DROP] name=[免费节点10] 🇺🇸 US 1865 → tg@nicevpn123 {506} | server=104.16.40.237:2082 | reason=mihomo start failed
[TEST] {507} tested=1/1 | kept=0 | rest=0
[DROP] name=[免费节点10] 🇺🇸 US 1866 → tg@nicevpn123 {507} | server=104.19.42.120:2082 | reason=mihomo start failed
[TEST] {491} tested=1/1 | kept=0 | rest=0
[DROP] name=[免费节点10] 🇺🇸 US 812 → tg@nicevpn123 {491} | server=38.75.137.105:3389 | reason=mihomo start failed
[TEST] {497} tested=1/1 | kept=0 | rest=0
[DROP] name=[免费节点10] 🇺🇸 US 818 → tg@nicevpn123 {497} | server=876.outline-vpn.cloud:443 | reason=mihomo start failed
[TEST] {510} tested=1/1 | kept=0 | rest=0
[DROP] name=[Epodonios] EPODONIOS-107 {510} | server=195.189.97.12:443 | reason=mihomo start failed
[TEST] {511} tested=1/1 | kept=0 | rest=0
[DROP] name=[Epodonios] EPODONIOS-108 {511} | server=84.32.177.74:443 | reason=mihomo start failed
[TEST] {512} tested=1/1 | kept=0 | rest=0
[DROP] name=[Epodonios] EPODONIOS-109 {512} | server=84.32.186.112:443 | reason=mihomo start failed
[TEST] {514} tested=1/1 | kept=0 | rest=0
[DROP] name=[Epodonios] EPODONIOS-111 {514} | server=cdn6.goonars.com:443 | reason=mihomo start failed
[TEST] {499} tested=5/5 | kept=0 | rest=0
[WARN] batch start failed | size=5 {499} | split=1 {1025} + 1 {1026} + 1 {1027} + 1 {1028} + 1 {1029}
[TEST] {513} tested=1/1 | kept=0 | rest=0
[DROP] name=[Epodonios] EPODONIOS-110 {513} | server=api.betust.net:443 | reason=mihomo start failed
[TEST] {516} tested=1/1 | kept=0 | rest=0
[DROP] name=[Epodonios] EPODONIOS-113 {516} | server=faultpass-panel-production-2bad.up.railway.app:443 | reason=mihomo start failed
[TEST] {508} tested=1/1 | kept=0 | rest=0
[DROP] name=[Epodonios] EPODONIOS-105 {508} | server=85.208.85.246:443 | reason=mihomo start failed
[TEST] {517} tested=4/4 | kept=0 | rest=0
[WARN] batch start failed | size=4 {517} | split=1 {1030} + 1 {1031} + 1 {1032} + 1 {1033}
[TEST] {509} tested=1/1 | kept=0 | rest=0
[DROP] name=[Epodonios] EPODONIOS-106 {509} | server=91.234.39.183:8080 | reason=mihomo start failed
[TEST] {520} tested=1/1 | kept=0 | rest=0
[DROP] name=[免费节点10] 🇺🇸 US 1879 → tg@nicevpn123 {520} | server=104.19.49.185:443 | reason=mihomo start failed
[TEST] {519} tested=1/1 | kept=0 | rest=0
[DROP] name=[免费节点10] 🇺🇸 US 1876 → tg@nicevpn123 {519} | server=172.67.229.20:2095 | reason=mihomo start failed
[TEST] {523} tested=1/1 | kept=0 | rest=0
[DROP] name=[免费节点10] 🇺🇸 US 1881 → tg@nicevpn123 {523} | server=38.110.1.105:8000 | reason=mihomo start failed
[TEST] {522} tested=1/1 | kept=0 | rest=0
[DROP] name=[免费节点10] 🇺🇸 US 1880 → tg@nicevpn123 {522} | server=99.84.50.85:443 | reason=mihomo start failed
[TEST] {524} tested=1/1 | kept=0 | rest=0
[DROP] name=[免费节点10] 🇺🇸 US 1882 → tg@nicevpn123 {524} | server=104.19.45.21:2095 | reason=mihomo start failed
[TEST] {525} tested=1/1 | kept=0 | rest=0
[DROP] name=[免费节点10] 🇺🇸 US 1884 → tg@nicevpn123 {525} | server=104.19.45.206:2095 | reason=mihomo start failed
[TEST] {526} tested=1/1 | kept=0 | rest=0
[DROP] name=[免费节点10] 🇺🇸 US 1885 → tg@nicevpn123 {526} | server=104.19.45.134:2095 | reason=mihomo start failed
[TEST] {527} tested=1/1 | kept=0 | rest=0
[DROP] name=[免费节点10] 🇺🇸 US 1914 → tg@nicevpn123 {527} | server=104.19.44.111:80 | reason=mihomo start failed
[TEST] {530} tested=1/1 | kept=0 | rest=0
[DROP] name=[免费节点10] 🇺🇸 US 1917 → tg@nicevpn123 {530} | server=104.19.44.215:80 | reason=mihomo start failed
[TEST] {528} tested=1/1 | kept=0 | rest=0
[DROP] name=[免费节点10] 🇺🇸 US 1915 → tg@nicevpn123 {528} | server=104.19.44.46:80 | reason=mihomo start failed
[TEST] {531} tested=1/1 | kept=0 | rest=0
[DROP] name=[免费节点10] 🇺🇸 US 1918 → tg@nicevpn123 {531} | server=104.19.44.31:80 | reason=mihomo start failed
[TEST] {529} tested=1/1 | kept=0 | rest=0
[DROP] name=[免费节点10] 🇺🇸 US 1916 → tg@nicevpn123 {529} | server=104.19.44.37:80 | reason=mihomo start failed
[TEST] {532} tested=1/1 | kept=0 | rest=0
[DROP] name=[免费节点10] 🇺🇸 US 1919 → tg@nicevpn123 {532} | server=104.19.44.222:80 | reason=mihomo start failed
[TEST] {534} tested=1/1 | kept=0 | rest=0
[DROP] name=[免费节点10] 🇺🇸 US 1920 → tg@nicevpn123 {534} | server=104.19.44.5:80 | reason=mihomo start failed
[TEST] {533} tested=1/1 | kept=0 | rest=0
[DROP] name=[免费节点10] 🇺🇸 US 192 → tg@nicevpn123 {533} | server=104.19.45.150:2095 | reason=mihomo start failed
[TEST] {536} tested=5/5 | kept=0 | rest=0
[WARN] batch start failed | size=5 {536} | split=1 {1034} + 1 {1035} + 1 {1036} + 1 {1037} + 1 {1038}
[TEST] {535} tested=4/4 | kept=0 | rest=0
[WARN] batch start failed | size=4 {535} | split=1 {1039} + 1 {1040} + 1 {1041} + 1 {1042}
[TEST] {515} tested=1/1 | kept=0 | rest=0
[DROP] name=[Epodonios] EPODONIOS-112 {515} | server=207.56.137.51:443 | reason=mihomo start failed
[TEST] {518} tested=5/5 | kept=0 | rest=0
[WARN] batch start failed | size=5 {518} | split=1 {1043} + 1 {1044} + 1 {1045} + 1 {1046} + 1 {1047}
[TEST] {521} tested=1/1 | kept=0 | rest=0
[DROP] name=[免费节点10] 🇺🇸 US 188 → tg@nicevpn123 {521} | server=154.21.93.94:32339 | reason=mihomo start failed
[TEST] {541} tested=1/1 | kept=0 | rest=0
[DROP] name=[免费节点10] 🇺🇸 US 1813 → tg@nicevpn123 {541} | server=www.wto.org:443 | reason=mihomo start failed
[TEST] {537} tested=4/4 | kept=0 | rest=0
[WARN] batch start failed | size=4 {537} | split=1 {1048} + 1 {1049} + 1 {1050} + 1 {1051}
[TEST] {538} tested=5/5 | kept=0 | rest=0
[WARN] batch start failed | size=5 {538} | split=1 {1052} + 1 {1053} + 1 {1054} + 1 {1055} + 1 {1056}
[TEST] {543} tested=1/1 | kept=0 | rest=0
[DROP] name=[免费节点10] 🇺🇸 US 1817 → tg@nicevpn123 {543} | server=104.19.45.98:2095 | reason=mihomo start failed
[TEST] {545} tested=1/1 | kept=0 | rest=0
[DROP] name=[免费节点10] 🇺🇸 US 1820 → tg@nicevpn123 {545} | server=104.16.39.252:2082 | reason=mihomo start failed
[TEST] {544} tested=1/1 | kept=0 | rest=0
[DROP] name=[免费节点10] 🇺🇸 US 182 → tg@nicevpn123 {544} | server=104.19.45.157:2095 | reason=mihomo start failed
[TEST] {546} tested=1/1 | kept=0 | rest=0
[DROP] name=[免费节点10] 🇺🇸 US 1821 → tg@nicevpn123 {546} | server=104.19.45.36:2095 | reason=mihomo start failed
[TEST] {547} tested=1/1 | kept=0 | rest=0
[DROP] name=[免费节点10] 🇺🇸 US 193 → tg@nicevpn123 {547} | server=104.19.45.12:2095 | reason=mihomo start failed
[TEST] {548} tested=1/1 | kept=0 | rest=0
[DROP] name=[免费节点10] 🇺🇸 US 1930 → tg@nicevpn123 {548} | server=104.19.44.133:80 | reason=mihomo start failed
[TEST] {549} tested=1/1 | kept=0 | rest=0
[DROP] name=[免费节点10] 🇺🇸 US 1931 → tg@nicevpn123 {549} | server=104.19.44.200:80 | reason=mihomo start failed
[TEST] {551} tested=1/1 | kept=0 | rest=0
[DROP] name=[免费节点10] 🇺🇸 US 1933 → tg@nicevpn123 {551} | server=104.19.44.2:80 | reason=mihomo start failed
[TEST] {552} tested=1/1 | kept=0 | rest=0
[DROP] name=[免费节点10] 🇺🇸 US 1934 → tg@nicevpn123 {552} | server=104.19.44.70:80 | reason=mihomo start failed
[TEST] {553} tested=1/1 | kept=0 | rest=0
[DROP] name=[免费节点10] 🇺🇸 US 1935 → tg@nicevpn123 {553} | server=104.19.44.68:80 | reason=mihomo start failed
[TEST] {550} tested=1/1 | kept=0 | rest=0
[DROP] name=[免费节点10] 🇺🇸 US 1932 → tg@nicevpn123 {550} | server=104.19.44.198:80 | reason=mihomo start failed
[TEST] {554} tested=1/1 | kept=0 | rest=0
[DROP] name=[免费节点10] 🇺🇸 US 1936 → tg@nicevpn123 {554} | server=104.19.44.27:80 | reason=mihomo start failed
[TEST] {540} tested=1/1 | kept=0 | rest=0
[DROP] name=[免费节点10] 🇺🇸 US 1812 → tg@nicevpn123 {540} | server=204.93.164.95:16899 | reason=mihomo start failed
[TEST] {555} tested=4/4 | kept=0 | rest=0
[WARN] batch start failed | size=4 {555} | split=1 {1057} + 1 {1058} + 1 {1059} + 1 {1060}
[TEST] {556} tested=5/5 | kept=0 | rest=0
[WARN] batch start failed | size=5 {556} | split=1 {1061} + 1 {1062} + 1 {1063} + 1 {1064} + 1 {1065}
[TEST] {558} tested=1/1 | kept=0 | rest=0
[DROP] name=[免费节点10] 🇺🇸 US 1823 → tg@nicevpn123 {558} | server=104.16.39.124:2082 | reason=mihomo start failed
[TEST] {561} tested=1/1 | kept=0 | rest=0
[DROP] name=[免费节点10] 🇺🇸 US 1829 → tg@nicevpn123 {561} | server=lol.ps:2052 | reason=mihomo start failed
[TEST] {560} tested=1/1 | kept=0 | rest=0
[DROP] name=[免费节点10] 🇺🇸 US 1826 → tg@nicevpn123 {560} | server=slime-rhinestone-spy.glitch.me:443 | reason=mihomo start failed
[TEST] {559} tested=1/1 | kept=0 | rest=0
[DROP] name=[免费节点10] 🇺🇸 US 1824 → tg@nicevpn123 {559} | server=104.19.49.36:443 | reason=mihomo start failed
[TEST] {562} tested=1/1 | kept=0 | rest=0
[DROP] name=[免费节点10] 🇺🇸 US 183 → tg@nicevpn123 {562} | server=23.94.100.187:22210 | reason=mihomo start failed
[TEST] {563} tested=1/1 | kept=0 | rest=0
[DROP] name=[免费节点10] 🇺🇸 US 1830 → tg@nicevpn123 {563} | server=104.19.43.122:80 | reason=mihomo start failed
[TEST] {539} tested=1/1 | kept=0 | rest=0
[DROP] name=[免费节点10] 🇺🇸 US 1811 → tg@nicevpn123 {539} | server=65.109.199.41:4977 | reason=mihomo start failed
[TEST] {565} tested=1/1 | kept=0 | rest=0
[DROP] name=[免费节点10] 🇺🇸 US 1834 → tg@nicevpn123 {565} | server=104.19.45.222:2095 | reason=mihomo start failed
[TEST] {542} tested=1/1 | kept=0 | rest=0
[DROP] name=[免费节点10] 🇺🇸 US 1816 → tg@nicevpn123 {542} | server=129.146.46.181:52408 | reason=mihomo start failed
[TEST] {567} tested=1/1 | kept=0 | rest=0
[DROP] name=[免费节点10] 🇺🇸 US 1838 → tg@nicevpn123 {567} | server=104.21.30.254:443 | reason=mihomo start failed
[TEST] {568} tested=1/1 | kept=0 | rest=0
[DROP] name=[免费节点10] 🇺🇸 US 1839 → tg@nicevpn123 {568} | server=172.67.131.108:443 | reason=mihomo start failed
[TEST] {557} tested=1/1 | kept=0 | rest=0
[DROP] name=[免费节点10] 🇺🇸 US 1822 → tg@nicevpn123 {557} | server=167.71.250.115:8881 | reason=mihomo start failed
[TEST] {569} tested=1/1 | kept=0 | rest=0
[DROP] name=[免费节点10] 🇺🇸 US 184 → tg@nicevpn123 {569} | server=13.35.13.105:443 | reason=mihomo start failed
[TEST] {572} tested=1/1 | kept=0 | rest=0
[DROP] name=[免费节点10] 🇺🇸 US 1845 → tg@nicevpn123 {572} | server=104.16.192.148:443 | reason=mihomo start failed
[TEST] {571} tested=1/1 | kept=0 | rest=0
[DROP] name=[免费节点10] 🇺🇸 US 1844 → tg@nicevpn123 {571} | server=172.67.133.78:2053 | reason=mihomo start failed
[TEST] {564} tested=1/1 | kept=0 | rest=0
[DROP] name=[免费节点10] 🇺🇸 US 1831 → tg@nicevpn123 {564} | server=155.138.242.207:54316 | reason=mihomo start failed
[TEST] {573} tested=4/4 | kept=0 | rest=0
[WARN] batch start failed | size=4 {573} | split=1 {1066} + 1 {1067} + 1 {1068} + 1 {1069}
[TEST] {576} tested=5/5 | kept=0 | rest=0
[WARN] batch start failed | size=5 {576} | split=1 {1070} + 1 {1071} + 1 {1072} + 1 {1073} + 1 {1074}
[TEST] {575} tested=4/4 | kept=0 | rest=0
[WARN] batch start failed | size=4 {575} | split=1 {1075} + 1 {1076} + 1 {1077} + 1 {1078}
[TEST] {577} tested=1/1 | kept=0 | rest=0
[DROP] name=[免费节点10] 🇺🇸 US 1969 → tg@nicevpn123 {577} | server=104.19.44.232:80 | reason=mihomo start failed
[TEST] {566} tested=1/1 | kept=0 | rest=0
[DROP] name=[免费节点10] 🇺🇸 US 1837 → tg@nicevpn123 {566} | server=167.88.61.235:8882 | reason=mihomo start failed
[TEST] {578} tested=1/1 | kept=0 | rest=0
[DROP] name=[免费节点10] 🇺🇸 US 197 → tg@nicevpn123 {578} | server=104.16.40.208:2082 | reason=mihomo start failed
[TEST] {580} tested=1/1 | kept=0 | rest=0
[DROP] name=[免费节点10] 🇺🇸 US 1971 → tg@nicevpn123 {580} | server=104.19.44.12:80 | reason=mihomo start failed
[TEST] {579} tested=1/1 | kept=0 | rest=0
[DROP] name=[免费节点10] 🇺🇸 US 1970 → tg@nicevpn123 {579} | server=104.19.44.35:80 | reason=mihomo start failed
[TEST] {581} tested=1/1 | kept=0 | rest=0
[DROP] name=[免费节点10] 🇺🇸 US 1972 → tg@nicevpn123 {581} | server=104.19.44.24:80 | reason=mihomo start failed
[TEST] {582} tested=1/1 | kept=0 | rest=0
[DROP] name=[免费节点10] 🇺🇸 US 1973 → tg@nicevpn123 {582} | server=104.19.44.25:80 | reason=mihomo start failed
[TEST] {583} tested=1/1 | kept=0 | rest=0
[DROP] name=[免费节点10] 🇺🇸 US 1974 → tg@nicevpn123 {583} | server=104.19.44.206:80 | reason=mihomo start failed
[TEST] {584} tested=1/1 | kept=0 | rest=0
[DROP] name=[免费节点10] 🇺🇸 US 1975 → tg@nicevpn123 {584} | server=104.19.44.105:80 | reason=mihomo start failed
[TEST] {585} tested=1/1 | kept=0 | rest=0
[DROP] name=[免费节点10] 🇺🇸 US 1961 → tg@nicevpn123 {585} | server=104.19.44.179:80 | reason=mihomo start failed
[TEST] {586} tested=1/1 | kept=0 | rest=0
[DROP] name=[免费节点10] 🇺🇸 US 1962 → tg@nicevpn123 {586} | server=104.19.44.26:80 | reason=mihomo start failed
[TEST] {587} tested=1/1 | kept=0 | rest=0
[DROP] name=[免费节点10] 🇺🇸 US 1963 → tg@nicevpn123 {587} | server=104.19.44.78:80 | reason=mihomo start failed
[TEST] {588} tested=1/1 | kept=0 | rest=0
[DROP] name=[免费节点10] 🇺🇸 US 1964 → tg@nicevpn123 {588} | server=104.19.44.161:80 | reason=mihomo start failed
[TEST] {589} tested=1/1 | kept=0 | rest=0
[DROP] name=[免费节点10] 🇺🇸 US 1965 → tg@nicevpn123 {589} | server=104.19.44.48:80 | reason=mihomo start failed
[TEST] {592} tested=1/1 | kept=0 | rest=0
[DROP] name=[免费节点10] 🇺🇸 US 1968 → tg@nicevpn123 {592} | server=104.19.44.50:80 | reason=mihomo start failed
[TEST] {590} tested=1/1 | kept=0 | rest=0
[DROP] name=[免费节点10] 🇺🇸 US 1966 → tg@nicevpn123 {590} | server=104.19.44.141:80 | reason=mihomo start failed
[TEST] {591} tested=1/1 | kept=0 | rest=0
[DROP] name=[免费节点10] 🇺🇸 US 1967 → tg@nicevpn123 {591} | server=104.19.44.199:80 | reason=mihomo start failed
[TEST] {593} tested=1/1 | kept=0 | rest=0
[DROP] name=[免费节点10] 🇺🇸 US 1976 → tg@nicevpn123 {593} | server=104.19.44.62:80 | reason=mihomo start failed
[TEST] {594} tested=1/1 | kept=0 | rest=0
[DROP] name=[免费节点10] 🇺🇸 US 1977 → tg@nicevpn123 {594} | server=104.19.44.224:80 | reason=mihomo start failed
[TEST] {597} tested=1/1 | kept=0 | rest=0
[DROP] name=[免费节点10] 🇺🇸 US 198 → tg@nicevpn123 {597} | server=104.19.45.147:2095 | reason=mihomo start failed
[TEST] {595} tested=1/1 | kept=0 | rest=0
[DROP] name=[免费节点10] 🇺🇸 US 1978 → tg@nicevpn123 {595} | server=104.19.44.173:80 | reason=mihomo start failed
[TEST] {596} tested=1/1 | kept=0 | rest=0
[DROP] name=[免费节点10] 🇺🇸 US 1979 → tg@nicevpn123 {596} | server=104.19.44.164:80 | reason=mihomo start failed
[TEST] {598} tested=1/1 | kept=0 | rest=0
[DROP] name=[免费节点10] 🇺🇸 US 1980 → tg@nicevpn123 {598} | server=104.19.44.21:80 | reason=mihomo start failed
[TEST] {599} tested=1/1 | kept=0 | rest=0
[DROP] name=[免费节点10] 🇺🇸 US 1981 → tg@nicevpn123 {599} | server=104.19.44.221:80 | reason=mihomo start failed
[TEST] {600} tested=1/1 | kept=0 | rest=0
[DROP] name=[免费节点10] 🇺🇸 US 1982 → tg@nicevpn123 {600} | server=104.19.44.187:80 | reason=mihomo start failed
[TEST] {602} tested=5/5 | kept=0 | rest=0
[WARN] batch start failed | size=5 {602} | split=1 {1079} + 1 {1080} + 1 {1081} + 1 {1082} + 1 {1083}
[TEST] {601} tested=4/4 | kept=0 | rest=0
[WARN] batch start failed | size=4 {601} | split=1 {1084} + 1 {1085} + 1 {1086} + 1 {1087}
[TEST] {603} tested=1/1 | kept=0 | rest=0
[DROP] name=[免费节点10] 🇺🇸 US 1905 → tg@nicevpn123 {603} | server=104.19.45.194:2095 | reason=mihomo start failed
[TEST] {604} tested=1/1 | kept=0 | rest=0
[DROP] name=[免费节点10] 🇺🇸 US 1906 → tg@nicevpn123 {604} | server=104.19.44.165:8080 | reason=mihomo start failed
[TEST] {607} tested=1/1 | kept=0 | rest=0
[DROP] name=[免费节点10] 🇺🇸 US 191 → tg@nicevpn123 {607} | server=13.35.13.190:443 | reason=mihomo start failed
[TEST] {606} tested=1/1 | kept=0 | rest=0
[DROP] name=[免费节点10] 🇺🇸 US 1908 → tg@nicevpn123 {606} | server=104.16.39.56:2082 | reason=mihomo start failed
[TEST] {570} tested=1/1 | kept=0 | rest=0
[DROP] name=[免费节点10] 🇺🇸 US 1842 → tg@nicevpn123 {570} | server=38.110.1.43:7001 | reason=mihomo start failed
[TEST] {609} tested=1/1 | kept=0 | rest=0
[DROP] name=[免费节点10] 🇺🇸 US 1912 → tg@nicevpn123 {609} | server=104.16.192.157:443 | reason=mihomo start failed
[TEST] {610} tested=1/1 | kept=0 | rest=0
[DROP] name=[免费节点10] 🇺🇸 US 1913 → tg@nicevpn123 {610} | server=104.17.147.1:443 | reason=mihomo start failed
[TEST] {611} tested=1/1 | kept=0 | rest=0
[DROP] name=[免费节点10] 🇺🇸 US 1896 → tg@nicevpn123 {611} | server=104.19.45.47:2095 | reason=mihomo start failed
[TEST] {574} tested=5/5 | kept=0 | rest=0
[WARN] batch start failed | size=5 {574} | split=1 {1088} + 1 {1089} + 1 {1090} + 1 {1091} + 1 {1092}
[TEST] {605} tested=1/1 | kept=0 | rest=0
[DROP] name=[免费节点10] 🇺🇸 US 1907 → tg@nicevpn123 {605} | server=154.3.8.151:30067 | reason=mihomo start failed
[TEST] {614} tested=1/1 | kept=0 | rest=0
[DROP] name=[免费节点10] 🇺🇸 US 19 → tg@nicevpn123 {614} | server=104.21.39.134:443 | reason=mihomo start failed
[TEST] {616} tested=1/1 | kept=0 | rest=0
[DROP] name=[免费节点10] 🇺🇸 US 1902 → tg@nicevpn123 {616} | server=172.67.229.38:2086 | reason=mihomo start failed
[TEST] {617} tested=1/1 | kept=0 | rest=0
[DROP] name=[免费节点10] 🇺🇸 US 1903 → tg@nicevpn123 {617} | server=104.19.45.5:2095 | reason=mihomo start failed
[TEST] {615} tested=1/1 | kept=0 | rest=0
[DROP] name=[免费节点10] 🇺🇸 US 1900 → tg@nicevpn123 {615} | server=104.19.43.229:80 | reason=mihomo start failed
[TEST] {618} tested=1/1 | kept=0 | rest=0
[DROP] name=[免费节点10] 🇺🇸 US 1904 → tg@nicevpn123 {618} | server=147.185.161.125:443 | reason=mihomo start failed
[TEST] {619} tested=1/1 | kept=0 | rest=0
[DROP] name=[免费节点10] 🇺🇸 US 2024 → tg@nicevpn123 {619} | server=104.19.44.195:80 | reason=mihomo start failed
[TEST] {620} tested=1/1 | kept=0 | rest=0
[DROP] name=[免费节点10] 🇺🇸 US 2025 → tg@nicevpn123 {620} | server=104.19.44.40:80 | reason=mihomo start failed
[TEST] {608} tested=1/1 | kept=0 | rest=0
[DROP] name=[免费节点10] 🇺🇸 US 1911 → tg@nicevpn123 {608} | server=15.204.87.217:5600 | reason=mihomo start failed
[TEST] {621} tested=1/1 | kept=0 | rest=0
[DROP] name=[免费节点10] 🇺🇸 US 2026 → tg@nicevpn123 {621} | server=104.19.44.237:80 | reason=mihomo start failed
[TEST] {622} tested=1/1 | kept=0 | rest=0
[DROP] name=[免费节点10] 🇺🇸 US 2027 → tg@nicevpn123 {622} | server=104.19.44.205:80 | reason=mihomo start failed
[TEST] {624} tested=1/1 | kept=0 | rest=0
[DROP] name=[免费节点10] 🇺🇸 US 2029 → tg@nicevpn123 {624} | server=104.19.45.45:80 | reason=mihomo start failed
[TEST] {623} tested=1/1 | kept=0 | rest=0
[DROP] name=[免费节点10] 🇺🇸 US 2028 → tg@nicevpn123 {623} | server=104.19.44.18:80 | reason=mihomo start failed
[TEST] {626} tested=1/1 | kept=0 | rest=0
[DROP] name=[免费节点10] 🇺🇸 US 2031 → tg@nicevpn123 {626} | server=104.19.44.142:80 | reason=mihomo start failed
[TEST] {625} tested=1/1 | kept=0 | rest=0
[DROP] name=[免费节点10] 🇺🇸 US 2030 → tg@nicevpn123 {625} | server=104.19.44.129:80 | reason=mihomo start failed
[TEST] {627} tested=1/1 | kept=0 | rest=0
[DROP] name=[免费节点10] 🇺🇸 US 2032 → tg@nicevpn123 {627} | server=104.19.44.186:80 | reason=mihomo start failed
[TEST] {628} tested=1/1 | kept=0 | rest=0
[DROP] name=[免费节点10] 🇺🇸 US 2033 → tg@nicevpn123 {628} | server=104.19.45.219:2095 | reason=mihomo start failed
[TEST] {613} tested=1/1 | kept=0 | rest=0
[DROP] name=[免费节点10] 🇺🇸 US 1899 → tg@nicevpn123 {613} | server=104.207.132.39:13523 | reason=mihomo start failed
[TEST] {629} tested=1/1 | kept=0 | rest=0
[DROP] name=[免费节点10] 🇺🇸 US 2034 → tg@nicevpn123 {629} | server=104.19.44.182:80 | reason=mihomo start failed
[TEST] {630} tested=1/1 | kept=0 | rest=0
[DROP] name=[免费节点10] 🇺🇸 US 2035 → tg@nicevpn123 {630} | server=104.19.44.240:80 | reason=mihomo start failed
[TEST] {631} tested=1/1 | kept=0 | rest=0
[DROP] name=[免费节点10] 🇺🇸 US 2036 → tg@nicevpn123 {631} | server=104.19.44.13:80 | reason=mihomo start failed
[TEST] {632} tested=1/1 | kept=0 | rest=0
[DROP] name=[免费节点10] 🇺🇸 US 2037 → tg@nicevpn123 {632} | server=104.19.45.46:80 | reason=mihomo start failed
[TEST] {633} tested=1/1 | kept=0 | rest=0
[DROP] name=[免费节点10] 🇺🇸 US 2038 → tg@nicevpn123 {633} | server=104.19.44.74:80 | reason=mihomo start failed
[TEST] {634} tested=1/1 | kept=0 | rest=0
[DROP] name=[免费节点10] 🇺🇸 US 2039 → tg@nicevpn123 {634} | server=104.19.45.67:80 | reason=mihomo start failed
[TEST] {635} tested=1/1 | kept=0 | rest=0
[DROP] name=[免费节点10] 🇺🇸 US 1945 → tg@nicevpn123 {635} | server=104.19.44.180:80 | reason=mihomo start failed
[TEST] {636} tested=1/1 | kept=0 | rest=0
[DROP] name=[免费节点10] 🇺🇸 US 1946 → tg@nicevpn123 {636} | server=104.19.44.212:80 | reason=mihomo start failed
[TEST] {637} tested=1/1 | kept=0 | rest=0
[DROP] name=[免费节点10] 🇺🇸 US 1947 → tg@nicevpn123 {637} | server=104.19.44.43:80 | reason=mihomo start failed
[TEST] {639} tested=1/1 | kept=0 | rest=0
[DROP] name=[免费节点10] 🇺🇸 US 1949 → tg@nicevpn123 {639} | server=104.19.44.220:80 | reason=mihomo start failed
[TEST] {640} tested=1/1 | kept=0 | rest=0
[DROP] name=[免费节点10] 🇺🇸 US 195 → tg@nicevpn123 {640} | server=104.19.45.82:2095 | reason=mihomo start failed
[TEST] {641} tested=1/1 | kept=0 | rest=0
[DROP] name=[免费节点10] 🇺🇸 US 1950 → tg@nicevpn123 {641} | server=104.19.44.102:80 | reason=mihomo start failed
[TEST] {642} tested=1/1 | kept=0 | rest=0
[DROP] name=[免费节点10] 🇺🇸 US 1951 → tg@nicevpn123 {642} | server=104.19.44.29:80 | reason=mihomo start failed
[TEST] {643} tested=1/1 | kept=0 | rest=0
[DROP] name=[免费节点10] 🇺🇸 US 250 → tg@nicevpn123 {643} | server=104.21.225.208:80 | reason=mihomo start failed
[TEST] {612} tested=1/1 | kept=0 | rest=0
[DROP] name=[免费节点10] 🇺🇸 US 1898 → tg@nicevpn123 {612} | server=38.75.137.93:5601 | reason=mihomo start failed
[TEST] {648} tested=1/1 | kept=0 | rest=0
[DROP] name=[免费节点10] 🇺🇸 US 256 → tg@nicevpn123 {648} | server=104.19.45.249:2095 | reason=mihomo start failed
[TEST] {638} tested=1/1 | kept=0 | rest=0
[DROP] name=[免费节点10] 🇺🇸 US 1948 → tg@nicevpn123 {638} | server=169.197.142.216:2376 | reason=mihomo start failed
[TEST] {647} tested=1/1 | kept=0 | rest=0
[DROP] name=[免费节点10] 🇺🇸 US 255 → tg@nicevpn123 {647} | server=15.204.87.225:8090 | reason=mihomo start failed
[TEST] {644} tested=1/1 | kept=0 | rest=0
[DROP] name=[免费节点10] 🇺🇸 US 251 → tg@nicevpn123 {644} | server=ip0axv1bbsu02k7-us.1ytnode.com:56359 | reason=mihomo start failed
[TEST] {649} tested=1/1 | kept=0 | rest=0
[DROP] name=[免费节点10] 🇺🇸 US 257 → tg@nicevpn123 {649} | server=104.19.45.223:2095 | reason=mihomo start failed
[TEST] {651} tested=4/4 | kept=0 | rest=0
[WARN] batch start failed | size=4 {651} | split=1 {1093} + 1 {1094} + 1 {1095} + 1 {1096}
[TEST] {652} tested=5/5 | kept=0 | rest=0
[WARN] batch start failed | size=5 {652} | split=1 {1097} + 1 {1098} + 1 {1099} + 1 {1100} + 1 {1101}
[TEST] {653} tested=1/1 | kept=0 | rest=0
[DROP] name=[免费节点10] 🇺🇸 US 1992 → tg@nicevpn123 {653} | server=104.19.44.104:80 | reason=mihomo start failed
[TEST] {654} tested=1/1 | kept=0 | rest=0
[DROP] name=[免费节点10] 🇺🇸 US 1993 → tg@nicevpn123 {654} | server=104.19.44.162:80 | reason=mihomo start failed
[TEST] {655} tested=1/1 | kept=0 | rest=0
[DROP] name=[免费节点10] 🇺🇸 US 1994 → tg@nicevpn123 {655} | server=104.19.44.184:80 | reason=mihomo start failed
[TEST] {656} tested=1/1 | kept=0 | rest=0
[DROP] name=[免费节点10] 🇺🇸 US 1995 → tg@nicevpn123 {656} | server=104.19.44.121:80 | reason=mihomo start failed
[TEST] {657} tested=1/1 | kept=0 | rest=0
[DROP] name=[免费节点10] 🇺🇸 US 1996 → tg@nicevpn123 {657} | server=104.19.44.76:80 | reason=mihomo start failed
[TEST] {658} tested=1/1 | kept=0 | rest=0
[DROP] name=[免费节点10] 🇺🇸 US 1997 → tg@nicevpn123 {658} | server=104.19.44.97:80 | reason=mihomo start failed
[TEST] {659} tested=1/1 | kept=0 | rest=0
[DROP] name=[免费节点10] 🇺🇸 US 1998 → tg@nicevpn123 {659} | server=104.19.44.89:80 | reason=mihomo start failed
[TEST] {660} tested=1/1 | kept=0 | rest=0
[DROP] name=[免费节点10] 🇺🇸 US 1999 → tg@nicevpn123 {660} | server=104.19.44.34:80 | reason=mihomo start failed
[TEST] {646} tested=1/1 | kept=0 | rest=0
[DROP] name=[免费节点10] 🇺🇸 US 254 → tg@nicevpn123 {646} | server=154.62.185.162:35816 | reason=mihomo start failed
[TEST] {645} tested=1/1 | kept=0 | rest=0
[DROP] name=[免费节点10] 🇺🇸 US 253 → tg@nicevpn123 {645} | server=38.75.137.93:6679 | reason=mihomo start failed
[TEST] {650} tested=1/1 | kept=0 | rest=0
[DROP] name=[免费节点10] 🇺🇸 US 258 → tg@nicevpn123 {650} | server=158.101.217.208:12384 | reason=mihomo start failed
[TEST] {664} tested=1/1 | kept=0 | rest=0
[DROP] name=[免费节点10] 🇺🇸 US 228 → tg@nicevpn123 {664} | server=104.16.42.0:2082 | reason=mihomo start failed
[TEST] {665} tested=1/1 | kept=0 | rest=0
[DROP] name=[免费节点10] 🇺🇸 US 23 → tg@nicevpn123 {665} | server=104.19.42.72:2082 | reason=mihomo start failed
[TEST] {666} tested=1/1 | kept=0 | rest=0
[DROP] name=[免费节点10] 🇺🇸 US 232 → tg@nicevpn123 {666} | server=104.19.45.14:2095 | reason=mihomo start failed
[TEST] {669} tested=1/1 | kept=0 | rest=0
[DROP] name=[免费节点10] 🇺🇸 US 235 → tg@nicevpn123 {669} | server=104.16.43.245:2082 | reason=mihomo start failed
[TEST] {667} tested=1/1 | kept=0 | rest=0
[DROP] name=[免费节点10] 🇺🇸 US 233 → tg@nicevpn123 {667} | server=104.19.45.201:2095 | reason=mihomo start failed
[TEST] {668} tested=1/1 | kept=0 | rest=0
[DROP] name=[免费节点10] 🇺🇸 US 234 → tg@nicevpn123 {668} | server=104.17.147.11:443 | reason=mihomo start failed
[TEST] {670} tested=1/1 | kept=0 | rest=0
[DROP] name=[免费节点10] 🇺🇸 US 236 → tg@nicevpn123 {670} | server=speed.cloudflare.com:80 | reason=mihomo start failed
[TEST] {661} tested=4/4 | kept=0 | rest=0
[WARN] batch start failed | size=4 {661} | split=1 {1102} + 1 {1103} + 1 {1104} + 1 {1105}
[TEST] {662} tested=5/5 | kept=0 | rest=0
[WARN] batch start failed | size=5 {662} | split=1 {1106} + 1 {1107} + 1 {1108} + 1 {1109} + 1 {1110}
[TEST] {673} tested=4/4 | kept=0 | rest=0
[WARN] batch start failed | size=4 {673} | split=1 {1111} + 1 {1112} + 1 {1113} + 1 {1114}
[TEST] {674} tested=5/5 | kept=0 | rest=0
[WARN] batch start failed | size=5 {674} | split=1 {1115} + 1 {1116} + 1 {1117} + 1 {1118} + 1 {1119}
[TEST] {675} tested=4/4 | kept=0 | rest=0
[WARN] batch start failed | size=4 {675} | split=1 {1120} + 1 {1121} + 1 {1122} + 1 {1123}
[TEST] {663} tested=1/1 | kept=0 | rest=0
[DROP] name=[免费节点10] 🇺🇸 US 227 → tg@nicevpn123 {663} | server=38.173.210.79:37001 | reason=mihomo start failed
[TEST] {678} tested=1/1 | kept=0 | rest=0
[DROP] name=[免费节点10] 🇺🇸 US 2040 → tg@nicevpn123 {678} | server=104.19.45.0:80 | reason=mihomo start failed
[TEST] {677} tested=1/1 | kept=0 | rest=0
[DROP] name=[免费节点10] 🇺🇸 US 204 → tg@nicevpn123 {677} | server=104.19.45.7:2095 | reason=mihomo start failed
[TEST] {671} tested=4/4 | kept=0 | rest=0
[WARN] batch start failed | size=4 {671} | split=1 {1124} + 1 {1125} + 1 {1126} + 1 {1127}
[TEST] {672} tested=5/5 | kept=0 | rest=0
[WARN] batch start failed | size=5 {672} | split=1 {1128} + 1 {1129} + 1 {1130} + 1 {1131} + 1 {1132}
[TEST] {681} tested=1/1 | kept=0 | rest=0
[DROP] name=[免费节点10] 🇺🇸 US 207 → tg@nicevpn123 {681} | server=debbc.qkhbyf.tech:443 | reason=mihomo start failed
[TEST] {682} tested=1/1 | kept=0 | rest=0
[DROP] name=[免费节点10] 🇺🇸 US 208 → tg@nicevpn123 {682} | server=series-a2-me.varzesh360.co:443 | reason=mihomo start failed
[TEST] {684} tested=1/1 | kept=0 | rest=0
[DROP] name=[免费节点10] 🇺🇸 US 211 → tg@nicevpn123 {684} | server=104.19.48.168:2082 | reason=mihomo start failed
[TEST] {683} tested=1/1 | kept=0 | rest=0
[DROP] name=[免费节点10] 🇺🇸 US 209 → tg@nicevpn123 {683} | server=uk-full.privateip.net:443 | reason=mihomo start failed
[TEST] {685} tested=1/1 | kept=0 | rest=0
[DROP] name=[免费节点10] 🇺🇸 US 2008 → tg@nicevpn123 {685} | server=104.19.44.226:80 | reason=mihomo start failed
[TEST] {686} tested=1/1 | kept=0 | rest=0
[DROP] name=[免费节点10] 🇺🇸 US 2009 → tg@nicevpn123 {686} | server=104.19.44.114:80 | reason=mihomo start failed
[TEST] {688} tested=1/1 | kept=0 | rest=0
[DROP] name=[免费节点10] 🇺🇸 US 2010 → tg@nicevpn123 {688} | server=104.19.44.7:80 | reason=mihomo start failed
[TEST] {676} tested=5/5 | kept=0 | rest=0
[WARN] batch start failed | size=5 {676} | split=1 {1133} + 1 {1134} + 1 {1135} + 1 {1136} + 1 {1137}
[TEST] {690} tested=1/1 | kept=0 | rest=0
[DROP] name=[免费节点10] 🇺🇸 US 2012 → tg@nicevpn123 {690} | server=104.19.44.238:80 | reason=mihomo start failed
[TEST] {689} tested=1/1 | kept=0 | rest=0
[DROP] name=[免费节点10] 🇺🇸 US 2011 → tg@nicevpn123 {689} | server=104.19.44.59:80 | reason=mihomo start failed
[TEST] {691} tested=1/1 | kept=0 | rest=0
[DROP] name=[免费节点10] 🇺🇸 US 2013 → tg@nicevpn123 {691} | server=104.19.44.241:80 | reason=mihomo start failed
[TEST] {692} tested=1/1 | kept=0 | rest=0
[DROP] name=[免费节点10] 🇺🇸 US 2014 → tg@nicevpn123 {692} | server=104.19.44.219:80 | reason=mihomo start failed
[TEST] {693} tested=1/1 | kept=0 | rest=0
[DROP] name=[免费节点10] 🇺🇸 US 275 → tg@nicevpn123 {693} | server=104.19.45.207:2095 | reason=mihomo start failed
[TEST] {679} tested=1/1 | kept=0 | rest=0
[DROP] name=[免费节点10] 🇺🇸 US 205 → tg@nicevpn123 {679} | server=168.235.82.103:16123 | reason=mihomo start failed
[TEST] {695} tested=1/1 | kept=0 | rest=0
[DROP] name=[免费节点10] 🇺🇸 US 277 → tg@nicevpn123 {695} | server=104.16.40.187:2082 | reason=mihomo start failed
[TEST] {680} tested=1/1 | kept=0 | rest=0
[DROP] name=[免费节点10] 🇺🇸 US 206 → tg@nicevpn123 {680} | server=107.172.87.131:48959 | reason=mihomo start failed
[TEST] {687} tested=1/1 | kept=0 | rest=0
[DROP] name=[免费节点10] 🇺🇸 US 201 → tg@nicevpn123 {687} | server=ip0axv1bbsu02k7-jp.1ytnode.com:56341 | reason=mihomo start failed
[TEST] {699} tested=1/1 | kept=0 | rest=0
[DROP] name=[免费节点10] 🇺🇸 US 281 → tg@nicevpn123 {699} | server=172.67.175.243:2053 | reason=mihomo start failed
[TEST] {694} tested=1/1 | kept=0 | rest=0
[DROP] name=[免费节点10] 🇺🇸 US 276 → tg@nicevpn123 {694} | server=38.180.98.215:8080 | reason=mihomo start failed
[TEST] {697} tested=1/1 | kept=0 | rest=0
[DROP] name=[免费节点10] 🇺🇸 US 279 → tg@nicevpn123 {697} | server=50.116.2.131:443 | reason=mihomo start failed
[TEST] {701} tested=1/1 | kept=0 | rest=0
[DROP] name=[免费节点10] 🇺🇸 US 268 → tg@nicevpn123 {701} | server=104.17.147.6:443 | reason=mihomo start failed
[TEST] {696} tested=1/1 | kept=0 | rest=0
[DROP] name=[免费节点10] 🇺🇸 US 278 → tg@nicevpn123 {696} | server=172.252.193.222:42358 | reason=mihomo start failed
[TEST] {700} tested=1/1 | kept=0 | rest=0
[DROP] name=[免费节点10] 🇺🇸 US 282 → tg@nicevpn123 {700} | server=ip0axv1bbsu02k7-sg.1ytnode.com:56331 | reason=mihomo start failed
[TEST] {703} tested=1/1 | kept=0 | rest=0
[DROP] name=[免费节点10] 🇺🇸 US 27 → tg@nicevpn123 {703} | server=104.19.45.124:2095 | reason=mihomo start failed
[TEST] {698} tested=1/1 | kept=0 | rest=0
[DROP] name=[免费节点10] 🇺🇸 US 28 → tg@nicevpn123 {698} | server=3.14.180.101:22222 | reason=mihomo start failed
[TEST] {706} tested=1/1 | kept=0 | rest=0
[DROP] name=[免费节点10] 🇺🇸 US 272 → tg@nicevpn123 {706} | server=qin19.rong1104.uk:2053 | reason=mihomo start failed
[TEST] {705} tested=1/1 | kept=0 | rest=0
[DROP] name=[免费节点10] 🇺🇸 US 271 → tg@nicevpn123 {705} | server=104.19.45.137:2095 | reason=mihomo start failed
[TEST] {708} tested=1/1 | kept=0 | rest=0
[DROP] name=[免费节点10] 🇺🇸 US 274 → tg@nicevpn123 {708} | server=104.19.45.213:2095 | reason=mihomo start failed
[TEST] {709} tested=1/1 | kept=0 | rest=0
[DROP] name=[免费节点10] 🇺🇸 US 283 → tg@nicevpn123 {709} | server=104.17.17.103:8080 | reason=mihomo start failed
[TEST] {710} tested=1/1 | kept=0 | rest=0
[DROP] name=[免费节点10] 🇺🇸 US 284 → tg@nicevpn123 {710} | server=104.17.207.13:8443 | reason=mihomo start failed
[TEST] {702} tested=1/1 | kept=0 | rest=0
[DROP] name=[免费节点10] 🇺🇸 US 269 → tg@nicevpn123 {702} | server=172.105.150.181:28953 | reason=mihomo start failed
[TEST] {712} tested=1/1 | kept=0 | rest=0
[DROP] name=[免费节点10] 🇺🇸 US 29 → tg@nicevpn123 {712} | server=104.19.45.127:2095 | reason=mihomo start failed
[TEST] {714} tested=1/1 | kept=0 | rest=0
[DROP] name=[免费节点10] 🇺🇸 US 293 → tg@nicevpn123 {714} | server=104.19.43.217:80 | reason=mihomo start failed
[TEST] {713} tested=1/1 | kept=0 | rest=0
[DROP] name=[免费节点10] 🇺🇸 US 291 → tg@nicevpn123 {713} | server=104.16.43.244:2082 | reason=mihomo start failed
[TEST] {716} tested=1/1 | kept=0 | rest=0
[DROP] name=[免费节点10] 🇺🇸 US 297 → tg@nicevpn123 {716} | server=104.19.45.230:2095 | reason=mihomo start failed
[TEST] {715} tested=1/1 | kept=0 | rest=0
[DROP] name=[免费节点10] 🇺🇸 US 296 → tg@nicevpn123 {715} | server=104.18.203.232:2083 | reason=mihomo start failed
[TEST] {704} tested=1/1 | kept=0 | rest=0
[DROP] name=[免费节点10] 🇺🇸 US 270 → tg@nicevpn123 {704} | server=38.86.135.225:6697 | reason=mihomo start failed
[TEST] {707} tested=1/1 | kept=0 | rest=0
[DROP] name=[免费节点10] 🇺🇸 US 273 → tg@nicevpn123 {707} | server=45.63.87.228:57337 | reason=mihomo start failed
[TEST] {711} tested=1/1 | kept=0 | rest=0
[DROP] name=[免费节点10] 🇺🇸 US 285 → tg@nicevpn123 {711} | server=157.254.193.251:20220 | reason=mihomo start failed
[TEST] {717} tested=4/4 | kept=0 | rest=0
[WARN] batch start failed | size=4 {717} | split=1 {1138} + 1 {1139} + 1 {1140} + 1 {1141}
[TEST] {718} tested=5/5 | kept=0 | rest=0
[WARN] batch start failed | size=5 {718} | split=1 {1142} + 1 {1143} + 1 {1144} + 1 {1145} + 1 {1146}
[TEST] {719} tested=4/4 | kept=0 | rest=0
[WARN] batch start failed | size=4 {719} | split=1 {1147} + 1 {1148} + 1 {1149} + 1 {1150}
[TEST] {720} tested=5/5 | kept=0 | rest=0
[WARN] batch start failed | size=5 {720} | split=1 {1151} + 1 {1152} + 1 {1153} + 1 {1154} + 1 {1155}
[TEST] {722} tested=1/1 | kept=0 | rest=0
[DROP] name=[免费节点10] 🇺🇸 US 309 → tg@nicevpn123 {722} | server=ip0axv1bbsu02k7-jp.1ytnode.com:56344 | reason=mihomo start failed
[TEST] {721} tested=1/1 | kept=0 | rest=0
[DROP] name=[免费节点10] 🇺🇸 US 307 → tg@nicevpn123 {721} | server=47.243.28.9:26927 | reason=mihomo start failed
[TEST] {726} tested=1/1 | kept=0 | rest=0
[DROP] name=[免费节点10] 🇺🇸 US 314 → tg@nicevpn123 {726} | server=3.38.162.154:443 | reason=mihomo start failed
[TEST] {723} tested=1/1 | kept=0 | rest=0
[DROP] name=[免费节点10] 🇺🇸 US 31 → tg@nicevpn123 {723} | server=107.148.5.167:443 | reason=mihomo start failed
[TEST] {725} tested=1/1 | kept=0 | rest=0
[DROP] name=[免费节点10] 🇺🇸 US 313 → tg@nicevpn123 {725} | server=104.21.25.98:80 | reason=mihomo start failed
[TEST] {729} tested=1/1 | kept=0 | rest=0
[DROP] name=[免费节点10] 🇺🇸 US 329 → tg@nicevpn123 {729} | server=cdncdncdncdn.784654.xyz:2052 | reason=mihomo start failed
[TEST] {727} tested=1/1 | kept=0 | rest=0
[DROP] name=[免费节点10] 🇺🇸 US 315 → tg@nicevpn123 {727} | server=171.22.78.141:443 | reason=mihomo start failed
[TEST] {732} tested=1/1 | kept=0 | rest=0
[DROP] name=[免费节点10] 🇺🇸 US 331 → tg@nicevpn123 {732} | server=104.17.205.10:8880 | reason=mihomo start failed
[TEST] {731} tested=1/1 | kept=0 | rest=0
[DROP] name=[免费节点10] 🇺🇸 US 330 → tg@nicevpn123 {731} | server=104.26.0.95:443 | reason=mihomo start failed
[TEST] {724} tested=1/1 | kept=0 | rest=0
[DROP] name=[免费节点10] 🇺🇸 US 311 → tg@nicevpn123 {724} | server=129.151.227.223:30502 | reason=mihomo start failed
[TEST] {734} tested=1/1 | kept=0 | rest=0
[DROP] name=[免费节点10] 🇺🇸 US 334 → tg@nicevpn123 {734} | server=104.16.43.187:2082 | reason=mihomo start failed
[TEST] {735} tested=1/1 | kept=0 | rest=0
[DROP] name=[免费节点10] 🇺🇸 US 337 → tg@nicevpn123 {735} | server=104.16.42.29:2082 | reason=mihomo start failed
[TEST] {736} tested=1/1 | kept=0 | rest=0
[DROP] name=[免费节点10] 🇺🇸 US 339 → tg@nicevpn123 {736} | server=104.16.127.195:2052 | reason=mihomo start failed
[TEST] {728} tested=1/1 | kept=0 | rest=0
[DROP] name=[免费节点10] 🇺🇸 US 317 → tg@nicevpn123 {728} | server=15.204.87.217:5499 | reason=mihomo start failed
[TEST] {730} tested=1/1 | kept=0 | rest=0
[DROP] name=[免费节点10] 🇺🇸 US 33 → tg@nicevpn123 {730} | server=shct.pkyun.xyz:51706 | reason=mihomo start failed
[TEST] {733} tested=1/1 | kept=0 | rest=0
[DROP] name=[免费节点10] 🇺🇸 US 333 → tg@nicevpn123 {733} | server=38.114.114.208:5000 | reason=mihomo start failed
[TEST] {737} tested=4/4 | kept=0 | rest=0
[WARN] batch start failed | size=4 {737} | split=1 {1156} + 1 {1157} + 1 {1158} + 1 {1159}
[TEST] {741} tested=1/1 | kept=0 | rest=0
[DROP] name=[免费节点10] 🇺🇸 US 390 → tg@nicevpn123 {741} | server=104.19.45.186:2095 | reason=mihomo start failed
[TEST] {738} tested=5/5 | kept=0 | rest=0
[WARN] batch start failed | size=5 {738} | split=1 {1160} + 1 {1161} + 1 {1162} + 1 {1163} + 1 {1164}
[TEST] {744} tested=1/1 | kept=0 | rest=0
[DROP] name=[免费节点10] 🇺🇸 US 393 → tg@nicevpn123 {744} | server=104.19.45.112:2095 | reason=mihomo start failed
[TEST] {739} tested=4/4 | kept=0 | rest=0
[WARN] batch start failed | size=4 {739} | split=1 {1165} + 1 {1166} + 1 {1167} + 1 {1168}
[TEST] {745} tested=1/1 | kept=0 | rest=0
[DROP] name=[免费节点10] 🇺🇸 US 394 → tg@nicevpn123 {745} | server=104.19.42.143:2082 | reason=mihomo start failed
[TEST] {740} tested=5/5 | kept=0 | rest=0
[WARN] batch start failed | size=5 {740} | split=1 {1169} + 1 {1170} + 1 {1171} + 1 {1172} + 1 {1173}
[TEST] {742} tested=1/1 | kept=0 | rest=0
[DROP] name=[免费节点10] 🇺🇸 US 391 → tg@nicevpn123 {742} | server=52.32.221.7:443 | reason=mihomo start failed
[TEST] {748} tested=1/1 | kept=0 | rest=0
[DROP] name=[免费节点10] 🇺🇸 US 398 → tg@nicevpn123 {748} | server=38.110.1.105:5003 | reason=mihomo start failed
[TEST] {743} tested=1/1 | kept=0 | rest=0
[DROP] name=[免费节点10] 🇺🇸 US 392 → tg@nicevpn123 {743} | server=157.245.148.244:443 | reason=mihomo start failed
[TEST] {747} tested=1/1 | kept=0 | rest=0
[DROP] name=[免费节点10] 🇺🇸 US 397 → tg@nicevpn123 {747} | server=38.75.137.93:8119 | reason=mihomo start failed
[TEST] {751} tested=1/1 | kept=0 | rest=0
[DROP] name=[免费节点10] 🇺🇸 US 408 → tg@nicevpn123 {751} | server=104.16.39.151:2082 | reason=mihomo start failed
[TEST] {753} tested=1/1 | kept=0 | rest=0
[DROP] name=[免费节点10] 🇺🇸 US 41 → tg@nicevpn123 {753} | server=104.16.39.255:2082 | reason=mihomo start failed
[TEST] {746} tested=1/1 | kept=0 | rest=0
[DROP] name=[免费节点10] 🇺🇸 US 395 → tg@nicevpn123 {746} | server=ip0axv1bbsu02k7-my.1ytnode.com:56366 | reason=mihomo start failed
[TEST] {749} tested=4/4 | kept=0 | rest=0
[WARN] batch start failed | size=4 {749} | split=1 {1174} + 1 {1175} + 1 {1176} + 1 {1177}
[TEST] {755} tested=1/1 | kept=0 | rest=0
[DROP] name=[免费节点10] 🇺🇸 US 411 → tg@nicevpn123 {755} | server=account-mec.emofid.co:443 | reason=mihomo start failed
[TEST] {750} tested=5/5 | kept=0 | rest=0
[WARN] batch start failed | size=5 {750} | split=1 {1178} + 1 {1179} + 1 {1180} + 1 {1181} + 1 {1182}
[TEST] {752} tested=1/1 | kept=0 | rest=0
[DROP] name=[免费节点10] 🇺🇸 US 409 → tg@nicevpn123 {752} | server=ip0axv1bbsu02k7-sg.1ytnode.com:56339 | reason=mihomo start failed
[TEST] {754} tested=1/1 | kept=0 | rest=0
[DROP] name=[免费节点10] 🇺🇸 US 410 → tg@nicevpn123 {754} | server=13.214.212.171:443 | reason=mihomo start failed
[TEST] {757} tested=1/1 | kept=0 | rest=0
[DROP] name=[免费节点10] 🇺🇸 US 413 → tg@nicevpn123 {757} | server=192.74.241.52:38001 | reason=mihomo start failed
[TEST] {758} tested=1/1 | kept=0 | rest=0
[DROP] name=[免费节点10] 🇺🇸 US 416 → tg@nicevpn123 {758} | server=38.114.114.208:9101 | reason=mihomo start failed
[TEST] {756} tested=1/1 | kept=0 | rest=0
[DROP] name=[免费节点10] 🇺🇸 US 412 → tg@nicevpn123 {756} | server=207.148.31.167:30587 | reason=mihomo start failed
[TEST] {759} tested=1/1 | kept=0 | rest=0
[DROP] name=[ChromeGO-Merge] France_hy_1 {759} | server=62.210.243.131:18702 | reason=mihomo start failed
[REPAIR] name=[ChromeGO-Merge] United {763} | fields=up,down
[TEST] {760} tested=1/1 | kept=0 | rest=0
[DROP] name=[ChromeGO-Merge] United States_hy_3 {760} | server=109.104.152.194:58510 | reason=mihomo start failed
[TEST] {762} tested=1/1 | kept=0 | rest=0
[DROP] name=[ChromeGO-Merge] United States_hy2_1 {762} | server=104.192.224.140:40391 | reason=mihomo start failed
[TEST] {761} tested=1/1 | kept=0 | rest=0
[DROP] name=[ChromeGO-Merge] United States_hy2_0 {761} | server=104.192.224.141:40391 | reason=mihomo start failed
[TEST] {765} tested=1/1 | kept=0 | rest=0
[TEST] {763} tested=1/1 | kept=0 | rest=0
[DROP] name=[ChromeGO-Merge] United States_hysteria2_71 {765} | server=109.104.152.89:22441 | reason=mihomo start failed
[TEST] {768} tested=1/1 | kept=0 | rest=0
[DROP] name=[免费节点10] 🇺🇸 US 369 → tg@nicevpn123 {768} | server=104.16.40.23:2082 | reason=mihomo start failed
[TEST] {769} tested=1/1 | kept=0 | rest=0
[DROP] name=[免费节点10] 🇺🇸 US 372 → tg@nicevpn123 {769} | server=lt2-vmess.sshmax.xyz:80 | reason=mihomo start failed
[TEST] {764} tested=1/1 | kept=0 | rest=0
[DROP] name=[ChromeGO-Merge] United States_ss_61 {764} | server=109.104.152.186:11223 | reason=mihomo start failed
[TEST] {773} tested=1/1 | kept=0 | rest=0
[DROP] name=[免费节点10] 🇺🇸 US 378 → tg@nicevpn123 {773} | server=104.16.153.209:80 | reason=mihomo start failed
[TEST] {771} tested=1/1 | kept=0 | rest=0
[DROP] name=[免费节点10] 🇺🇸 US 375 → tg@nicevpn123 {771} | server=b834o-g01.jp03-7d22-vm0.entry.fr0307a.art:21581 | reason=mihomo start failed
[TEST] {772} tested=1/1 | kept=0 | rest=0
[DROP] name=[免费节点10] 🇺🇸 US 376 → tg@nicevpn123 {772} | server=104.19.159.10:443 | reason=mihomo start failed
[TEST] {770} tested=1/1 | kept=0 | rest=0
[DROP] name=[免费节点10] 🇺🇸 US 374 → tg@nicevpn123 {770} | server=38.60.204.119:56836 | reason=mihomo start failed
[TEST] {767} tested=1/1 | kept=0 | rest=0
[DROP] name=[ChromeGO-Merge] United States_hy_0 {767} | server=108.181.5.133:26022 | reason=mihomo start failed
[TEST] {766} tested=1/1 | kept=0 | rest=0
[DROP] name=[ChromeGO-Merge] United States_shadowtls_1 {766} | server=109.104.152.186:443 | reason=mihomo start failed
[TEST] {774} tested=1/1 | kept=0 | rest=0
[DROP] name=[免费节点10] 🇺🇸 US 38 → tg@nicevpn123 {774} | server=38.110.1.43:8009 | reason=mihomo start failed
[TEST] {775} tested=1/1 | kept=0 | rest=0
[DROP] name=[免费节点10] 🇺🇸 US 380 → tg@nicevpn123 {775} | server=45.77.220.169:41207 | reason=mihomo start failed
[TEST] {776} tested=4/4 | kept=0 | rest=0
[WARN] batch start failed | size=4 {776} | split=1 {1183} + 1 {1184} + 1 {1185} + 1 {1186}
[TEST] {778} tested=1/1 | kept=0 | rest=0
[DROP] name=[免费节点10] 🇺🇸 US 350 → tg@nicevpn123 {778} | server=172.67.172.219:8080 | reason=mihomo start failed
[TEST] {781} tested=1/1 | kept=0 | rest=0
[DROP] name=[免费节点10] 🇺🇸 US 354 → tg@nicevpn123 {781} | server=104.21.237.134:80 | reason=mihomo start failed
[TEST] {782} tested=1/1 | kept=0 | rest=0
[DROP] name=[免费节点10] 🇺🇸 US 355 → tg@nicevpn123 {782} | server=104.18.214.17:8080 | reason=mihomo start failed
[TEST] {777} tested=5/5 | kept=0 | rest=0
[WARN] batch start failed | size=5 {777} | split=1 {1187} + 1 {1188} + 1 {1189} + 1 {1190} + 1 {1191}
[TEST] {785} tested=1/1 | kept=0 | rest=0
[DROP] name=[免费节点10] 🇺🇸 US 358 → tg@nicevpn123 {785} | server=104.21.225.59:80 | reason=mihomo start failed
[TEST] {780} tested=1/1 | kept=0 | rest=0
[DROP] name=[免费节点10] 🇺🇸 US 352 → tg@nicevpn123 {780} | server=107.182.189.201:55187 | reason=mihomo start failed
[TEST] {779} tested=1/1 | kept=0 | rest=0
[DROP] name=[免费节点10] 🇺🇸 US 351 → tg@nicevpn123 {779} | server=shct.pkyun.xyz:39837 | reason=mihomo start failed
[TEST] {783} tested=1/1 | kept=0 | rest=0
[DROP] name=[免费节点10] 🇺🇸 US 356 → tg@nicevpn123 {783} | server=75.102.51.26:16899 | reason=mihomo start failed
[TEST] {789} tested=1/1 | kept=0 | rest=0
[DROP] name=[免费节点10] 🇺🇸 US 361 → tg@nicevpn123 {789} | server=104.19.45.93:2095 | reason=mihomo start failed
[TEST] {788} tested=1/1 | kept=0 | rest=0
[DROP] name=[免费节点10] 🇺🇸 US 360 → tg@nicevpn123 {788} | server=104.16.42.181:2082 | reason=mihomo start failed
[TEST] {790} tested=1/1 | kept=0 | rest=0
[DROP] name=[免费节点10] 🇺🇸 US 363 → tg@nicevpn123 {790} | server=104.16.42.223:2082 | reason=mihomo start failed
[TEST] {791} tested=1/1 | kept=0 | rest=0
[DROP] name=[免费节点10] 🇺🇸 US 364 → tg@nicevpn123 {791} | server=104.21.225.2:80 | reason=mihomo start failed
[TEST] {793} tested=1/1 | kept=0 | rest=0
[DROP] name=[免费节点10] 🇺🇸 US 367 → tg@nicevpn123 {793} | server=104.16.39.179:2082 | reason=mihomo start failed
[TEST] {792} tested=1/1 | kept=0 | rest=0
[DROP] name=[免费节点10] 🇺🇸 US 365 → tg@nicevpn123 {792} | server=18.183.146.49:443 | reason=mihomo start failed
[TEST] {795} tested=1/1 | kept=0 | rest=0
[DROP] name=[免费节点10] 🇺🇸 US 450 → tg@nicevpn123 {795} | server=104.21.235.170:80 | reason=mihomo start failed
[TEST] {784} tested=1/1 | kept=0 | rest=0
[DROP] name=[免费节点10] 🇺🇸 US 357 → tg@nicevpn123 {784} | server=38.110.1.197:5003 | reason=mihomo start failed
[TEST] {796} tested=1/1 | kept=0 | rest=0
[DROP] name=[免费节点10] 🇺🇸 US 451 → tg@nicevpn123 {796} | server=38.68.134.9:8882 | reason=mihomo start failed
[TEST] {786} tested=1/1 | kept=0 | rest=0
[DROP] name=[免费节点10] 🇺🇸 US 359 → tg@nicevpn123 {786} | server=94.131.14.177:80 | reason=mihomo start failed
[TEST] {799} tested=1/1 | kept=0 | rest=0
[DROP] name=[免费节点10] 🇺🇸 US 454 → tg@nicevpn123 {799} | server=104.19.45.57:2095 | reason=mihomo start failed
[TEST] {787} tested=1/1 | kept=0 | rest=0
[DROP] name=[免费节点10] 🇺🇸 US 36 → tg@nicevpn123 {787} | server=167.88.61.159:9101 | reason=mihomo start failed
[TEST] {800} tested=1/1 | kept=0 | rest=0
[DROP] name=[免费节点10] 🇺🇸 US 455 → tg@nicevpn123 {800} | server=104.19.44.192:8080 | reason=mihomo start failed
[TEST] {794} tested=1/1 | kept=0 | rest=0
[DROP] name=[免费节点10] 🇺🇸 US 449 → tg@nicevpn123 {794} | server=38.68.135.112:5500 | reason=mihomo start failed
[TEST] {797} tested=1/1 | kept=0 | rest=0
[DROP] name=[免费节点10] 🇺🇸 US 452 → tg@nicevpn123 {797} | server=172.245.205.50:30129 | reason=mihomo start failed
[TEST] {803} tested=5/5 | kept=0 | rest=0
[WARN] batch start failed | size=5 {803} | split=1 {1192} + 1 {1193} + 1 {1194} + 1 {1195} + 1 {1196}
[TEST] {805} tested=1/1 | kept=0 | rest=0
[DROP] name=[免费节点10] 🇺🇸 US 430 → tg@nicevpn123 {805} | server=slime-rhinestone-spy.glitch.me:80 | reason=mihomo start failed
[TEST] {804} tested=1/1 | kept=0 | rest=0
[DROP] name=[免费节点10] 🇺🇸 US 429 → tg@nicevpn123 {804} | server=172.67.175.56:443 | reason=mihomo start failed
[TEST] {806} tested=1/1 | kept=0 | rest=0
[DROP] name=[免费节点10] 🇺🇸 US 431 → tg@nicevpn123 {806} | server=104.19.44.196:8080 | reason=mihomo start failed
[TEST] {807} tested=1/1 | kept=0 | rest=0
[DROP] name=[免费节点10] 🇺🇸 US 432 → tg@nicevpn123 {807} | server=104.19.171.36:443 | reason=mihomo start failed
[TEST] {808} tested=1/1 | kept=0 | rest=0
[DROP] name=[免费节点10] 🇺🇸 US 433 → tg@nicevpn123 {808} | server=172.67.133.78:2053 | reason=mihomo start failed
[TEST] {798} tested=1/1 | kept=0 | rest=0
[DROP] name=[免费节点10] 🇺🇸 US 453 → tg@nicevpn123 {798} | server=167.88.61.235:6679 | reason=mihomo start failed
[TEST] {810} tested=1/1 | kept=0 | rest=0
[DROP] name=[免费节点10] 🇺🇸 US 435 → tg@nicevpn123 {810} | server=104.17.215.6:443 | reason=mihomo start failed
[TEST] {801} tested=1/1 | kept=0 | rest=0
[DROP] name=[免费节点10] 🇺🇸 US 457 → tg@nicevpn123 {801} | server=13.51.181.143:22222 | reason=mihomo start failed
[TEST] {812} tested=1/1 | kept=0 | rest=0
[DROP] name=[免费节点10] 🇺🇸 US 438 → tg@nicevpn123 {812} | server=104.19.45.152:2095 | reason=mihomo start failed
[TEST] {813} tested=1/1 | kept=0 | rest=0
[DROP] name=[免费节点10] 🇺🇸 US 439 → tg@nicevpn123 {813} | server=172.67.201.200:443 | reason=mihomo start failed
[TEST] {816} tested=1/1 | kept=0 | rest=0
[DROP] name=[免费节点10] 🇺🇸 US 445 → tg@nicevpn123 {816} | server=104.21.225.64:80 | reason=mihomo start failed
[TEST] {815} tested=1/1 | kept=0 | rest=0
[DROP] name=[免费节点10] 🇺🇸 US 443 → tg@nicevpn123 {815} | server=104.21.225.122:80 | reason=mihomo start failed
[TEST] {817} tested=1/1 | kept=0 | rest=0
[DROP] name=[免费节点10] 🇺🇸 US 446 → tg@nicevpn123 {817} | server=104.16.40.219:2082 | reason=mihomo start failed
[TEST] {814} tested=1/1 | kept=0 | rest=0
[DROP] name=[免费节点10] 🇺🇸 US 441 → tg@nicevpn123 {814} | server=104.16.61.8:80 | reason=mihomo start failed
[TEST] {802} tested=4/4 | kept=0 | rest=0
[WARN] batch start failed | size=4 {802} | split=1 {1197} + 1 {1198} + 1 {1199} + 1 {1200}
[TEST] {809} tested=1/1 | kept=0 | rest=0
[DROP] name=[免费节点10] 🇺🇸 US 434 → tg@nicevpn123 {809} | server=ip0axv1bbsu02k7-hk.1ytnode.com:56316 | reason=mihomo start failed
[TEST] {820} tested=1/1 | kept=0 | rest=0
[DROP] name=[免费节点10] 🇺🇸 US 471 → tg@nicevpn123 {820} | server=104.16.42.195:2082 | reason=mihomo start failed
[TEST] {811} tested=1/1 | kept=0 | rest=0
[DROP] name=[免费节点10] 🇺🇸 US 436 → tg@nicevpn123 {811} | server=23.94.76.55:51981 | reason=mihomo start failed
[TEST] {822} tested=1/1 | kept=0 | rest=0
[DROP] name=[免费节点10] 🇺🇸 US 477 → tg@nicevpn123 {822} | server=104.16.42.227:2082 | reason=mihomo start failed
[TEST] {823} tested=1/1 | kept=0 | rest=0
[DROP] name=[免费节点10] 🇺🇸 US 478 → tg@nicevpn123 {823} | server=172.67.174.42:443 | reason=mihomo start failed
[TEST] {818} tested=1/1 | kept=0 | rest=0
[DROP] name=[免费节点10] 🇺🇸 US 447 → tg@nicevpn123 {818} | server=3.34.95.205:443 | reason=mihomo start failed
[TEST] {826} tested=1/1 | kept=0 | rest=0
[DROP] name=[免费节点10] 🇺🇸 US 483 → tg@nicevpn123 {826} | server=104.19.45.151:2095 | reason=mihomo start failed
[TEST] {827} tested=1/1 | kept=0 | rest=0
[DROP] name=[免费节点10] 🇺🇸 US 486 → tg@nicevpn123 {827} | server=fr01.freeflyingcloud.xyz:30502 | reason=mihomo start failed
[TEST] {825} tested=1/1 | kept=0 | rest=0
[DROP] name=[免费节点10] 🇺🇸 US 480 → tg@nicevpn123 {825} | server=104.21.28.62:443 | reason=mihomo start failed
[TEST] {819} tested=1/1 | kept=0 | rest=0
[DROP] name=[免费节点10] 🇺🇸 US 448 → tg@nicevpn123 {819} | server=38.110.1.67:8888 | reason=mihomo start failed
[TEST] {821} tested=1/1 | kept=0 | rest=0
[DROP] name=[免费节点10] 🇺🇸 US 473 → tg@nicevpn123 {821} | server=34.222.20.208:443 | reason=mihomo start failed
[TEST] {824} tested=1/1 | kept=0 | rest=0
[DROP] name=[免费节点10] 🇺🇸 US 48 → tg@nicevpn123 {824} | server=168.119.160.232:80 | reason=mihomo start failed
[TEST] {828} tested=4/4 | kept=0 | rest=0
[WARN] batch start failed | size=4 {828} | split=1 {1201} + 1 {1202} + 1 {1203} + 1 {1204}
[TEST] {829} tested=5/5 | kept=0 | rest=0
[WARN] batch start failed | size=5 {829} | split=1 {1205} + 1 {1206} + 1 {1207} + 1 {1208} + 1 {1209}
[TEST] {832} tested=1/1 | kept=0 | rest=0
[DROP] name=[免费节点10] 🇺🇸 US 499 → tg@nicevpn123 {832} | server=104.21.68.203:8443 | reason=mihomo start failed
[TEST] {836} tested=1/1 | kept=0 | rest=0
[DROP] name=[免费节点10] 🇺🇸 US 503 → tg@nicevpn123 {836} | server=jp03-alt-vm0.entry.srthdw.art:21583 | reason=mihomo start failed
[TEST] {833} tested=1/1 | kept=0 | rest=0
[DROP] name=[免费节点10] 🇺🇸 US 5 → tg@nicevpn123 {833} | server=en7a5-g03.jp05-6786-vm0.entry.fr0307a.art:46484 | reason=mihomo start failed
[TEST] {837} tested=1/1 | kept=0 | rest=0
[DROP] name=[免费节点10] 🇺🇸 US 504 → tg@nicevpn123 {837} | server=104.17.1.58:8443 | reason=mihomo start failed
[TEST] {839} tested=1/1 | kept=0 | rest=0
[DROP] name=[免费节点10] 🇺🇸 US 509 → tg@nicevpn123 {839} | server=45.77.161.86:443 | reason=mihomo start failed
[TEST] {830} tested=4/4 | kept=0 | rest=0
[WARN] batch start failed | size=4 {830} | split=1 {1210} + 1 {1211} + 1 {1212} + 1 {1213}
[TEST] {838} tested=1/1 | kept=0 | rest=0
[DROP] name=[免费节点10] 🇺🇸 US 508 → tg@nicevpn123 {838} | server=104.16.39.206:2082 | reason=mihomo start failed
[TEST] {840} tested=1/1 | kept=0 | rest=0
[DROP] name=[免费节点10] 🇺🇸 US 539 → tg@nicevpn123 {840} | server=13.35.13.130:443 | reason=mihomo start failed
[TEST] {831} tested=5/5 | kept=0 | rest=0
[WARN] batch start failed | size=5 {831} | split=1 {1214} + 1 {1215} + 1 {1216} + 1 {1217} + 1 {1218}
[TEST] {835} tested=1/1 | kept=0 | rest=0
[DROP] name=[免费节点10] 🇺🇸 US 501 → tg@nicevpn123 {835} | server=38.114.114.208:9090 | reason=mihomo start failed
[TEST] {843} tested=1/1 | kept=0 | rest=0
[DROP] name=[免费节点10] 🇺🇸 US 542 → tg@nicevpn123 {843} | server=172.67.152.200:443 | reason=mihomo start failed
[TEST] {844} tested=1/1 | kept=0 | rest=0
[DROP] name=[免费节点10] 🇺🇸 US 543 → tg@nicevpn123 {844} | server=104.19.45.56:2095 | reason=mihomo start failed
[TEST] {845} tested=1/1 | kept=0 | rest=0
[DROP] name=[免费节点10] 🇺🇸 US 544 → tg@nicevpn123 {845} | server=104.16.42.222:2082 | reason=mihomo start failed
[TEST] {846} tested=1/1 | kept=0 | rest=0
[DROP] name=[免费节点10] 🇺🇸 US 546 → tg@nicevpn123 {846} | server=104.21.232.64:80 | reason=mihomo start failed
[TEST] {834} tested=1/1 | kept=0 | rest=0
[DROP] name=[免费节点10] 🇺🇸 US 50 → tg@nicevpn123 {834} | server=shct.pkyun.xyz:30314 | reason=mihomo start failed
[TEST] {841} tested=1/1 | kept=0 | rest=0
[DROP] name=[免费节点10] 🇺🇸 US 540 → tg@nicevpn123 {841} | server=38.75.137.42:5004 | reason=mihomo start failed
[TEST] {842} tested=1/1 | kept=0 | rest=0
[DROP] name=[免费节点10] 🇺🇸 US 541 → tg@nicevpn123 {842} | server=38.110.1.43:9101 | reason=mihomo start failed
[TEST] {847} tested=1/1 | kept=0 | rest=0
[DROP] name=[免费节点10] 🇺🇸 US 548 → tg@nicevpn123 {847} | server=172.67.57.252:8880 | reason=mihomo start failed
[TEST] {850} tested=1/1 | kept=0 | rest=0
[DROP] name=[免费节点10] 🇺🇸 US 52 → tg@nicevpn123 {850} | server=3.34.200.94:443 | reason=mihomo start failed
[TEST] {849} tested=5/5 | kept=0 | rest=0
[WARN] batch start failed | size=5 {849} | split=1 {1219} + 1 {1220} + 1 {1221} + 1 {1222} + 1 {1223}
[TEST] {853} tested=1/1 | kept=0 | rest=0
[DROP] name=[免费节点10] 🇺🇸 US 522 → tg@nicevpn123 {853} | server=172.67.229.13:2086 | reason=mihomo start failed
[TEST] {848} tested=4/4 | kept=0 | rest=0
[WARN] batch start failed | size=4 {848} | split=1 {1224} + 1 {1225} + 1 {1226} + 1 {1227}
[TEST] {856} tested=1/1 | kept=0 | rest=0
[DROP] name=[免费节点10] 🇺🇸 US 526 → tg@nicevpn123 {856} | server=104.19.45.35:2095 | reason=mihomo start failed
[TEST] {851} tested=1/1 | kept=0 | rest=0
[DROP] name=[免费节点10] 🇺🇸 US 520 → tg@nicevpn123 {851} | server=38.110.1.43:6679 | reason=mihomo start failed
[TEST] {857} tested=1/1 | kept=0 | rest=0
[DROP] name=[免费节点10] 🇺🇸 US 527 → tg@nicevpn123 {857} | server=104.16.40.154:2082 | reason=mihomo start failed
[TEST] {852} tested=1/1 | kept=0 | rest=0
[DROP] name=[免费节点10] 🇺🇸 US 521 → tg@nicevpn123 {852} | server=54.71.116.112:443 | reason=mihomo start failed
[TEST] {855} tested=1/1 | kept=0 | rest=0
[DROP] name=[免费节点10] 🇺🇸 US 525 → tg@nicevpn123 {855} | server=ip0axv1bbsu02k7-my.1ytnode.com:56369 | reason=mihomo start failed
[TEST] {860} tested=1/1 | kept=0 | rest=0
[DROP] name=[免费节点10] 🇺🇸 US 581 → tg@nicevpn123 {860} | server=104.19.45.225:2082 | reason=mihomo start failed
[TEST] {861} tested=1/1 | kept=0 | rest=0
[DROP] name=[免费节点10] 🇺🇸 US 584 → tg@nicevpn123 {861} | server=172.67.222.164:443 | reason=mihomo start failed
[TEST] {862} tested=1/1 | kept=0 | rest=0
[DROP] name=[免费节点10] 🇺🇸 US 585 → tg@nicevpn123 {862} | server=104.16.61.8:2096 | reason=mihomo start failed
[TEST] {863} tested=1/1 | kept=0 | rest=0
[DROP] name=[免费节点10] 🇺🇸 US 586 → tg@nicevpn123 {863} | server=107.174.96.19:45979 | reason=mihomo start failed
[TEST] {865} tested=1/1 | kept=0 | rest=0
[DROP] name=[免费节点10] 🇺🇸 US 59 → tg@nicevpn123 {865} | server=173.245.58.199:443 | reason=mihomo start failed
[TEST] {864} tested=1/1 | kept=0 | rest=0
[DROP] name=[免费节点10] 🇺🇸 US 587 → tg@nicevpn123 {864} | server=ns1.v2-vip.fun:2086 | reason=mihomo start failed
[TEST] {866} tested=1/1 | kept=0 | rest=0
[DROP] name=[免费节点10] 🇺🇸 US 590 → tg@nicevpn123 {866} | server=104.19.45.80:2095 | reason=mihomo start failed
[TEST] {867} tested=1/1 | kept=0 | rest=0
[DROP] name=[免费节点10] 🇺🇸 US 592 → tg@nicevpn123 {867} | server=104.19.45.11:2095 | reason=mihomo start failed
[TEST] {868} tested=1/1 | kept=1 | rest=0
[TEST] {870} tested=1/1 | kept=0 | rest=0
[DROP] name=[Free-clash-v2ray] 🇫🇷FR_75|437KB/s|B007-260618 01 {870} | server=104.26.13.40:8880 | reason=mihomo start failed
[TEST] {869} tested=1/1 | kept=1 | rest=0
[TEST] {854} tested=1/1 | kept=0 | rest=0
[DROP] name=[免费节点10] 🇺🇸 US 524 → tg@nicevpn123 {854} | server=35.77.92.181:443 | reason=mihomo start failed
[TEST] {871} tested=1/1 | kept=1 | rest=0
[REPAIR] name=[Free-clash-v2ray] hysteria {872} | fields=up,down
[TEST] {874} tested=1/1 | kept=1 | rest=0
[TEST] {872} tested=1/1 | kept=0 | rest=0
[TEST] {875} tested=1/1 | kept=0 | rest=0
[DROP] name=[Free-clash-v2ray] vless {875} | server=91.193.58.166:80 | reason=mihomo start failed
[TEST] {876} tested=1/1 | kept=0 | rest=0
[DROP] name=[免费节点10] 🇺🇸 US 56 → tg@nicevpn123 {876} | server=n1709457297.aaigefm.cn:443 | reason=mihomo start failed
[TEST] {873} tested=1/1 | kept=1 | rest=0
[TEST] {878} tested=1/1 | kept=0 | rest=0
[DROP] name=[免费节点10] 🇺🇸 US 562 → tg@nicevpn123 {878} | server=104.19.45.84:2095 | reason=mihomo start failed
[TEST] {877} tested=1/1 | kept=0 | rest=0
[DROP] name=[免费节点10] 🇺🇸 US 561 → tg@nicevpn123 {877} | server=104.19.45.73:2095 | reason=mihomo start failed
[TEST] {858} tested=4/4 | kept=0 | rest=0
[WARN] batch start failed | size=4 {858} | split=1 {1228} + 1 {1229} + 1 {1230} + 1 {1231}
[TEST] {859} tested=5/5 | kept=0 | rest=0
[WARN] batch start failed | size=5 {859} | split=1 {1232} + 1 {1233} + 1 {1234} + 1 {1235} + 1 {1236}
[TEST] {879} tested=1/1 | kept=0 | rest=0
[DROP] name=[免费节点10] 🇺🇸 US 564 → tg@nicevpn123 {879} | server=104.24.136.13:2083 | reason=mihomo start failed
[TEST] {882} tested=1/1 | kept=0 | rest=0
[DROP] name=[免费节点10] 🇺🇸 US 569 → tg@nicevpn123 {882} | server=104.18.219.67:2087 | reason=mihomo start failed
[TEST] {880} tested=1/1 | kept=0 | rest=0
[DROP] name=[免费节点10] 🇺🇸 US 565 → tg@nicevpn123 {880} | server=38.110.1.201:5003 | reason=mihomo start failed
[TEST] {881} tested=1/1 | kept=0 | rest=0
[DROP] name=[免费节点10] 🇺🇸 US 566 → tg@nicevpn123 {881} | server=38.86.135.117:8118 | reason=mihomo start failed
[TEST] {883} tested=1/1 | kept=0 | rest=0
[DROP] name=[免费节点10] 🇺🇸 US 57 → tg@nicevpn123 {883} | server=15.204.87.217:5498 | reason=mihomo start failed
[TEST] {886} tested=4/4 | kept=0 | rest=0
[WARN] batch start failed | size=4 {886} | split=1 {1237} + 1 {1238} + 1 {1239} + 1 {1240}
[TEST] {888} tested=1/1 | kept=0 | rest=0
[DROP] name=[免费节点10] 🇺🇸 US 607 → tg@nicevpn123 {888} | server=152.42.216.240:80 | reason=mihomo start failed
[TEST] {889} tested=1/1 | kept=0 | rest=0
[DROP] name=[免费节点10] 🇺🇸 US 608 → tg@nicevpn123 {889} | server=104.19.45.32:2095 | reason=mihomo start failed
[TEST] {884} tested=4/4 | kept=0 | rest=0
[WARN] batch start failed | size=4 {884} | split=1 {1241} + 1 {1242} + 1 {1243} + 1 {1244}
[TEST] {885} tested=5/5 | kept=0 | rest=0
[WARN] batch start failed | size=5 {885} | split=1 {1245} + 1 {1246} + 1 {1247} + 1 {1248} + 1 {1249}
[TEST] {890} tested=1/1 | kept=0 | rest=0
[DROP] name=[免费节点10] 🇺🇸 US 61 → tg@nicevpn123 {890} | server=104.19.45.34:2095 | reason=mihomo start failed
[TEST] {893} tested=1/1 | kept=0 | rest=0
[DROP] name=[免费节点10] 🇺🇸 US 613 → tg@nicevpn123 {893} | server=104.19.45.235:2095 | reason=mihomo start failed
[TEST] {894} tested=1/1 | kept=0 | rest=0
[DROP] name=[免费节点10] 🇺🇸 US 614 → tg@nicevpn123 {894} | server=104.19.45.125:2095 | reason=mihomo start failed
[TEST] {887} tested=5/5 | kept=0 | rest=0
[WARN] batch start failed | size=5 {887} | split=1 {1250} + 1 {1251} + 1 {1252} + 1 {1253} + 1 {1254}
[TEST] {897} tested=1/1 | kept=0 | rest=0
[DROP] name=[免费节点10] 🇺🇸 US 62 → tg@nicevpn123 {897} | server=104.16.40.106:2082 | reason=mihomo start failed
[TEST] {891} tested=1/1 | kept=0 | rest=0
[DROP] name=[免费节点10] 🇺🇸 US 611 → tg@nicevpn123 {891} | server=38.75.137.93:3389 | reason=mihomo start failed
[TEST] {898} tested=1/1 | kept=0 | rest=0
[DROP] name=[免费节点10] 🇺🇸 US 620 → tg@nicevpn123 {898} | server=104.21.40.162:80 | reason=mihomo start failed
[TEST] {896} tested=1/1 | kept=0 | rest=0
[DROP] name=[免费节点10] 🇺🇸 US 619 → tg@nicevpn123 {896} | server=104.19.171.3:443 | reason=mihomo start failed
[TEST] {892} tested=1/1 | kept=0 | rest=0
[DROP] name=[免费节点10] 🇺🇸 US 612 → tg@nicevpn123 {892} | server=38.110.1.202:8008 | reason=mihomo start failed
[TEST] {902} tested=1/1 | kept=0 | rest=0
[DROP] name=[免费节点10] 🇺🇸 US 625 → tg@nicevpn123 {902} | server=au-full.privateip.net:443 | reason=mihomo start failed
[TEST] {901} tested=1/1 | kept=0 | rest=0
[DROP] name=[免费节点10] 🇺🇸 US 624 → tg@nicevpn123 {901} | server=104.16.42.81:2082 | reason=mihomo start failed
[TEST] {903} tested=1/1 | kept=0 | rest=0
[DROP] name=[免费节点10] 🇺🇸 US 626 → tg@nicevpn123 {903} | server=172.67.220.64:443 | reason=mihomo start failed
[TEST] {904} tested=1/1 | kept=0 | rest=0
[DROP] name=[免费节点10] 🇺🇸 US 672 → tg@nicevpn123 {904} | server=13.35.13.137:443 | reason=mihomo start failed
[TEST] {906} tested=1/1 | kept=0 | rest=0
[DROP] name=[免费节点10] 🇺🇸 US 674 → tg@nicevpn123 {906} | server=104.16.216.241:443 | reason=mihomo start failed
[TEST] {905} tested=1/1 | kept=0 | rest=0
[DROP] name=[免费节点10] 🇺🇸 US 673 → tg@nicevpn123 {905} | server=104.17.81.63:8443 | reason=mihomo start failed
[TEST] {907} tested=1/1 | kept=0 | rest=0
[DROP] name=[免费节点10] 🇺🇸 US 675 → tg@nicevpn123 {907} | server=172.67.196.16:443 | reason=mihomo start failed
[TEST] {908} tested=1/1 | kept=0 | rest=0
[DROP] name=[免费节点10] 🇺🇸 US 676 → tg@nicevpn123 {908} | server=172.67.132.209:443 | reason=mihomo start failed
[TEST] {909} tested=1/1 | kept=0 | rest=0
[DROP] name=[免费节点10] 🇺🇸 US 677 → tg@nicevpn123 {909} | server=104.16.43.54:2082 | reason=mihomo start failed
[TEST] {910} tested=1/1 | kept=0 | rest=0
[DROP] name=[免费节点10] 🇺🇸 US 678 → tg@nicevpn123 {910} | server=167.88.61.235:443 | reason=mihomo start failed
[TEST] {911} tested=1/1 | kept=0 | rest=0
[DROP] name=[免费节点10] 🇺🇸 US 681 → tg@nicevpn123 {911} | server=104.21.225.243:80 | reason=mihomo start failed
[TEST] {895} tested=1/1 | kept=0 | rest=0
[DROP] name=[免费节点10] 🇺🇸 US 616 → tg@nicevpn123 {895} | server=38.110.1.107:3306 | reason=mihomo start failed
[TEST] {899} tested=1/1 | kept=0 | rest=0
[DROP] name=[免费节点10] 🇺🇸 US 621 → tg@nicevpn123 {899} | server=13.37.183.9:22222 | reason=mihomo start failed
[REPAIR] name=[Epodonios] EPODONIOS-2254 {913} | fields=cipher
[TEST] {900} tested=1/1 | kept=0 | rest=0
[DROP] name=[免费节点10] 🇺🇸 US 623 → tg@nicevpn123 {900} | server=ip0axv1bbsu02k7-jp.1ytnode.com:56342 | reason=mihomo start failed
[TEST] {914} tested=1/1 | kept=0 | rest=0
[DROP] name=[Epodonios] EPODONIOS-2255 {914} | server=199.60.101.122:11626 | reason=mihomo start failed
[TEST] {912} tested=1/1 | kept=0 | rest=0
[DROP] name=[Epodonios] EPODONIOS-2253 {912} | server=103.36.91.32:8388 | reason=mihomo start failed
[TEST] {913} tested=1/1 | kept=0 | rest=0
[TEST] {917} tested=1/1 | kept=0 | rest=0
[DROP] name=[Epodonios] EPODONIOS-2258 {917} | server=82.47.186.18:55597 | reason=mihomo start failed
[TEST] {919} tested=1/1 | kept=0 | rest=0
[DROP] name=[Epodonios] EPODONIOS-2260 {919} | server=18.189.171.163:443 | reason=mihomo start failed
[TEST] {916} tested=1/1 | kept=0 | rest=0
[DROP] name=[Epodonios] EPODONIOS-2257 {916} | server=82.47.186.18:19290 | reason=mihomo start failed
[TEST] {918} tested=1/1 | kept=0 | rest=0
[DROP] name=[Epodonios] EPODONIOS-2259 {918} | server=156.146.62.162:443 | reason=mihomo start failed
[TEST] {922} tested=1/1 | kept=0 | rest=0
[DROP] name=[免费节点10] 🇺🇸 US 627 → tg@nicevpn123 {922} | server=23.94.100.187:48889 | reason=mihomo start failed
[TEST] {915} tested=1/1 | kept=0 | rest=0
[DROP] name=[Epodonios] EPODONIOS-2256 {915} | server=103.214.111.126:10286 | reason=mihomo start failed
[TEST] {923} tested=1/1 | kept=0 | rest=0
[DROP] name=[免费节点10] 🇺🇸 US 629 → tg@nicevpn123 {923} | server=104.19.48.100:2082 | reason=mihomo start failed
[TEST] {924} tested=1/1 | kept=0 | rest=0
[DROP] name=[免费节点10] 🇺🇸 US 631 → tg@nicevpn123 {924} | server=hk.wish.ml:2052 | reason=mihomo start failed
[TEST] {927} tested=1/1 | kept=0 | rest=0
[DROP] name=[免费节点10] 🇺🇸 US 634 → tg@nicevpn123 {927} | server=104.16.39.184:2082 | reason=mihomo start failed
[TEST] {925} tested=1/1 | kept=0 | rest=0
[DROP] name=[免费节点10] 🇺🇸 US 632 → tg@nicevpn123 {925} | server=jiasu.fanmengdas.top:40723 | reason=mihomo start failed
[TEST] {920} tested=4/4 | kept=0 | rest=0
[WARN] batch start failed | size=4 {920} | split=1 {1255} + 1 {1256} + 1 {1257} + 1 {1258}
[TEST] {929} tested=1/1 | kept=0 | rest=0
[DROP] name=[免费节点10] 🇺🇸 US 637 → tg@nicevpn123 {929} | server=104.19.45.86:2082 | reason=mihomo start failed
[TEST] {930} tested=1/1 | kept=0 | rest=0
[DROP] name=[免费节点10] 🇺🇸 US 65 → tg@nicevpn123 {930} | server=104.16.217.241:443 | reason=mihomo start failed
[TEST] {932} tested=1/1 | kept=0 | rest=0
[DROP] name=[免费节点10] 🇺🇸 US 651 → tg@nicevpn123 {932} | server=104.16.39.38:2082 | reason=mihomo start failed
[TEST] {933} tested=1/1 | kept=0 | rest=0
[DROP] name=[免费节点10] 🇺🇸 US 652 → tg@nicevpn123 {933} | server=172.67.229.37:2086 | reason=mihomo start failed
[TEST] {931} tested=1/1 | kept=0 | rest=0
[DROP] name=[免费节点10] 🇺🇸 US 650 → tg@nicevpn123 {931} | server=104.19.45.143:2095 | reason=mihomo start failed
[TEST] {934} tested=1/1 | kept=0 | rest=0
[DROP] name=[免费节点10] 🇺🇸 US 654 → tg@nicevpn123 {934} | server=104.16.40.79:2082 | reason=mihomo start failed
[TEST] {935} tested=1/1 | kept=0 | rest=0
[DROP] name=[免费节点10] 🇺🇸 US 655 → tg@nicevpn123 {935} | server=104.18.154.42:80 | reason=mihomo start failed
[TEST] {937} tested=1/1 | kept=0 | rest=0
[DROP] name=[免费节点10] 🇺🇸 US 657 → tg@nicevpn123 {937} | server=104.21.233.68:80 | reason=mihomo start failed
[TEST] {936} tested=1/1 | kept=0 | rest=0
[DROP] name=[免费节点10] 🇺🇸 US 656 → tg@nicevpn123 {936} | server=t45a7-g03.jp02-9a99-vm0.entry.fr0307a.art:11775 | reason=mihomo start failed
[TEST] {938} tested=1/1 | kept=0 | rest=0
[DROP] name=[免费节点10] 🇺🇸 US 744 → tg@nicevpn123 {938} | server=104.19.49.99:443 | reason=mihomo start failed
[TEST] {940} tested=1/1 | kept=0 | rest=0
[DROP] name=[免费节点10] 🇺🇸 US 746 → tg@nicevpn123 {940} | server=104.16.60.8:80 | reason=mihomo start failed
[TEST] {941} tested=1/1 | kept=0 | rest=0
[DROP] name=[免费节点10] 🇺🇸 US 748 → tg@nicevpn123 {941} | server=173.245.58.37:443 | reason=mihomo start failed
[TEST] {939} tested=1/1 | kept=0 | rest=0
[DROP] name=[免费节点10] 🇺🇸 US 745 → tg@nicevpn123 {939} | server=104.19.45.232:2082 | reason=mihomo start failed
[TEST] {942} tested=1/1 | kept=0 | rest=0
[DROP] name=[免费节点10] 🇺🇸 US 749 → tg@nicevpn123 {942} | server=104.21.237.160:80 | reason=mihomo start failed
[TEST] {921} tested=5/5 | kept=0 | rest=0
[WARN] batch start failed | size=5 {921} | split=1 {1259} + 1 {1260} + 1 {1261} + 1 {1262} + 1 {1263}
[TEST] {926} tested=1/1 | kept=0 | rest=0
[DROP] name=[免费节点10] 🇺🇸 US 633 → tg@nicevpn123 {926} | server=205.234.232.191:10512 | reason=mihomo start failed
[TEST] {928} tested=1/1 | kept=0 | rest=0
[DROP] name=[免费节点10] 🇺🇸 US 636 → tg@nicevpn123 {928} | server=ip0axv1bbsu02k7-kr.1ytnode.com:56361 | reason=mihomo start failed
[TEST] {943} tested=4/4 | kept=0 | rest=0
[WARN] batch start failed | size=4 {943} | split=1 {1264} + 1 {1265} + 1 {1266} + 1 {1267}
[TEST] {947} tested=1/1 | kept=0 | rest=0
[DROP] name=[免费节点10] 🇺🇸 US 759 → tg@nicevpn123 {947} | server=104.21.232.61:80 | reason=mihomo start failed
[TEST] {948} tested=1/1 | kept=0 | rest=0
[DROP] name=[免费节点10] 🇺🇸 US 760 → tg@nicevpn123 {948} | server=104.16.40.64:2082 | reason=mihomo start failed
[TEST] {944} tested=5/5 | kept=0 | rest=0
[WARN] batch start failed | size=5 {944} | split=1 {1268} + 1 {1269} + 1 {1270} + 1 {1271} + 1 {1272}
[TEST] {949} tested=1/1 | kept=0 | rest=0
[DROP] name=[免费节点10] 🇺🇸 US 761 → tg@nicevpn123 {949} | server=104.19.49.15:443 | reason=mihomo start failed
[TEST] {950} tested=1/1 | kept=0 | rest=0
[DROP] name=[免费节点10] 🇺🇸 US 766 → tg@nicevpn123 {950} | server=104.26.9.202:443 | reason=mihomo start failed
[TEST] {945} tested=4/4 | kept=0 | rest=0
[WARN] batch start failed | size=4 {945} | split=1 {1273} + 1 {1274} + 1 {1275} + 1 {1276}
[TEST] {946} tested=5/5 | kept=0 | rest=0
[WARN] batch start failed | size=5 {946} | split=1 {1277} + 1 {1278} + 1 {1279} + 1 {1280} + 1 {1281}
[TEST] {954} tested=1/1 | kept=0 | rest=0
[DROP] name=[免费节点10] 🇺🇸 US 741 → tg@nicevpn123 {954} | server=series-a2-me.samanehha.co:443 | reason=mihomo start failed
[TEST] {951} tested=4/4 | kept=0 | rest=0
[WARN] batch start failed | size=4 {951} | split=1 {1282} + 1 {1283} + 1 {1284} + 1 {1285}
[TEST] {952} tested=5/5 | kept=0 | rest=0
[WARN] batch start failed | size=5 {952} | split=1 {1286} + 1 {1287} + 1 {1288} + 1 {1289} + 1 {1290}
[TEST] {956} tested=1/1 | kept=0 | rest=0
[DROP] name=[免费节点10] 🇺🇸 US 743 → tg@nicevpn123 {956} | server=104.19.42.78:2082 | reason=mihomo start failed
[TEST] {957} tested=1/1 | kept=0 | rest=0
[DROP] name=[免费节点10] 🇺🇸 US 767 → tg@nicevpn123 {957} | server=104.20.19.18:2087 | reason=mihomo start failed
[TEST] {960} tested=1/1 | kept=0 | rest=0
[DROP] name=[免费节点10] 🇺🇸 US 772 → tg@nicevpn123 {960} | server=104.21.225.176:80 | reason=mihomo start failed
[TEST] {958} tested=1/1 | kept=0 | rest=0
[DROP] name=[免费节点10] 🇺🇸 US 768 → tg@nicevpn123 {958} | server=45.79.9.98:443 | reason=mihomo start failed
[TEST] {961} tested=1/1 | kept=0 | rest=0
[DROP] name=[免费节点10] 🇺🇸 US 773 → tg@nicevpn123 {961} | server=sg-full.privateip.net:443 | reason=mihomo start failed
[TEST] {962} tested=1/1 | kept=0 | rest=0
[DROP] name=[免费节点10] 🇺🇸 US 717 → tg@nicevpn123 {962} | server=104.19.45.10:2095 | reason=mihomo start failed
[TEST] {965} tested=1/1 | kept=0 | rest=0
[DROP] name=[免费节点10] 🇺🇸 US 72 → tg@nicevpn123 {965} | server=0i4ui-g03.jp03-7d22-vm0.entry.fr0307a.art:21583 | reason=mihomo start failed
[TEST] {953} tested=1/1 | kept=0 | rest=0
[DROP] name=[免费节点10] 🇺🇸 US 740 → tg@nicevpn123 {953} | server=3.36.96.75:443 | reason=mihomo start failed
[TEST] {955} tested=1/1 | kept=0 | rest=0
[DROP] name=[免费节点10] 🇺🇸 US 742 → tg@nicevpn123 {955} | server=38.75.136.108:9101 | reason=mihomo start failed
[TEST] {963} tested=1/1 | kept=0 | rest=0
[DROP] name=[免费节点10] 🇺🇸 US 718 → tg@nicevpn123 {963} | server=104.16.43.62:2082 | reason=mihomo start failed
[TEST] {966} tested=1/1 | kept=0 | rest=0
[DROP] name=[免费节点10] 🇺🇸 US 720 → tg@nicevpn123 {966} | server=104.21.36.26:8443 | reason=mihomo start failed
[TEST] {968} tested=1/1 | kept=0 | rest=0
[DROP] name=[免费节点10] 🇺🇸 US 723 → tg@nicevpn123 {968} | server=172.66.213.38:443 | reason=mihomo start failed
[TEST] {970} tested=1/1 | kept=0 | rest=0
[DROP] name=[免费节点10] 🇺🇸 US 726 → tg@nicevpn123 {970} | server=192.227.206.115:16899 | reason=mihomo start failed
[TEST] {969} tested=1/1 | kept=0 | rest=0
[DROP] name=[免费节点10] 🇺🇸 US 725 → tg@nicevpn123 {969} | server=104.19.45.86:2095 | reason=mihomo start failed
[TEST] {971} tested=1/1 | kept=0 | rest=0
[DROP] name=[免费节点10] 🇺🇸 US 919 → tg@nicevpn123 {971} | server=104.16.40.215:2082 | reason=mihomo start failed
[TEST] {972} tested=1/1 | kept=0 | rest=0
[DROP] name=[免费节点10] 🇺🇸 US 92 → tg@nicevpn123 {972} | server=38.91.100.122:5601 | reason=mihomo start failed
[TEST] {973} tested=1/1 | kept=0 | rest=0
[DROP] name=[免费节点10] 🇺🇸 US 920 → tg@nicevpn123 {973} | server=104.17.147.77:443 | reason=mihomo start failed
[TEST] {974} tested=1/1 | kept=0 | rest=0
[DROP] name=[免费节点10] 🇺🇸 US 921 → tg@nicevpn123 {974} | server=104.19.45.181:2095 | reason=mihomo start failed
[TEST] {975} tested=1/1 | kept=0 | rest=0
[DROP] name=[免费节点10] 🇺🇸 US 922 → tg@nicevpn123 {975} | server=104.16.60.8:2083 | reason=mihomo start failed
[TEST] {976} tested=1/1 | kept=0 | rest=0
[DROP] name=[免费节点10] 🇺🇸 US 923 → tg@nicevpn123 {976} | server=104.19.45.61:2095 | reason=mihomo start failed
[TEST] {977} tested=1/1 | kept=0 | rest=0
[DROP] name=[免费节点10] 🇺🇸 US 924 → tg@nicevpn123 {977} | server=104.19.49.237:443 | reason=mihomo start failed
[TEST] {978} tested=1/1 | kept=0 | rest=0
[DROP] name=[免费节点10] 🇺🇸 US 925 → tg@nicevpn123 {978} | server=104.19.48.27:2082 | reason=mihomo start failed
[TEST] {979} tested=1/1 | kept=0 | rest=0
[DROP] name=[免费节点10] 🇺🇸 US 926 → tg@nicevpn123 {979} | server=104.21.238.130:80 | reason=mihomo start failed
[TEST] {980} tested=1/1 | kept=0 | rest=0
[DROP] name=[免费节点10] 🇺🇸 US 905 → tg@nicevpn123 {980} | server=zula.ir:443 | reason=mihomo start failed
[TEST] {981} tested=1/1 | kept=0 | rest=0
[DROP] name=[免费节点10] 🇺🇸 US 907 → tg@nicevpn123 {981} | server=104.16.42.25:2082 | reason=mihomo start failed
[TEST] {982} tested=1/1 | kept=0 | rest=0
[DROP] name=[免费节点10] 🇺🇸 US 908 → tg@nicevpn123 {982} | server=changupmecca.com:443 | reason=mihomo start failed
[TEST] {959} tested=1/1 | kept=0 | rest=0
[DROP] name=[免费节点10] 🇺🇸 US 769 → tg@nicevpn123 {959} | server=38.121.43.71:5001 | reason=mihomo start failed
[TEST] {984} tested=1/1 | kept=0 | rest=0
[DROP] name=[免费节点10] 🇺🇸 US 91 → tg@nicevpn123 {984} | server=104.17.61.4:443 | reason=mihomo start failed
[TEST] {985} tested=1/1 | kept=0 | rest=0
[DROP] name=[免费节点10] 🇺🇸 US 865 → tg@nicevpn123 {985} | server=13.35.13.142:443 | reason=mihomo start failed
[TEST] {989} tested=1/1 | kept=0 | rest=0
[DROP] name=[免费节点10] 🇺🇸 US 870 → tg@nicevpn123 {989} | server=104.19.45.190:2095 | reason=mihomo start failed
[TEST] {964} tested=1/1 | kept=0 | rest=0
[DROP] name=[免费节点10] 🇺🇸 US 719 → tg@nicevpn123 {964} | server=38.86.135.225:8090 | reason=mihomo start failed
[TEST] {967} tested=1/1 | kept=0 | rest=0
[DROP] name=[免费节点10] 🇺🇸 US 721 → tg@nicevpn123 {967} | server=152.70.39.9:26022 | reason=mihomo start failed
[TEST] {987} tested=1/1 | kept=0 | rest=0
[DROP] name=[免费节点10] 🇺🇸 US 869 → tg@nicevpn123 {987} | server=104.19.45.238:2095 | reason=mihomo start failed
[TEST] {991} tested=1/1 | kept=0 | rest=0
[DROP] name=[免费节点10] 🇺🇸 US 862 → tg@nicevpn123 {991} | server=104.19.45.158:2095 | reason=mihomo start failed
[TEST] {983} tested=1/1 | kept=0 | rest=0
[DROP] name=[免费节点10] 🇺🇸 US 909 → tg@nicevpn123 {983} | server=before2--join.outline-vpn.cloud:443 | reason=mihomo start failed
[TEST] {988} tested=1/1 | kept=0 | rest=0
[DROP] name=[免费节点10] 🇺🇸 US 87 → tg@nicevpn123 {988} | server=35.87.25.21:443 | reason=mihomo start failed
[TEST] {986} tested=1/1 | kept=0 | rest=0
[DROP] name=[免费节点10] 🇺🇸 US 867 → tg@nicevpn123 {986} | server=38.114.114.208:8882 | reason=mihomo start failed
[TEST] {994} tested=1/1 | kept=0 | rest=0
[DROP] name=[免费节点10] 🇺🇸 US 880 → tg@nicevpn123 {994} | server=104.19.45.3:2095 | reason=mihomo start failed
[TEST] {993} tested=1/1 | kept=0 | rest=0
[DROP] name=[免费节点10] 🇺🇸 US 864 → tg@nicevpn123 {993} | server=99.84.50.140:443 | reason=mihomo start failed
[TEST] {995} tested=1/1 | kept=0 | rest=0
[DROP] name=[免费节点10] 🇺🇸 US 882 → tg@nicevpn123 {995} | server=shop-bmw.fr:443 | reason=mihomo start failed
[TEST] {997} tested=1/1 | kept=0 | rest=0
[DROP] name=[免费节点10] 🇺🇸 US 884 → tg@nicevpn123 {997} | server=104.16.43.221:2082 | reason=mihomo start failed
[TEST] {990} tested=1/1 | kept=0 | rest=0
[DROP] name=[免费节点10] 🇺🇸 US 861 → tg@nicevpn123 {990} | server=mtn-----join.outline-vpn.cloud:443 | reason=mihomo start failed
[TEST] {999} tested=1/1 | kept=0 | rest=0
[DROP] name=[免费节点10] 🇺🇸 US 887 → tg@nicevpn123 {999} | server=104.19.45.102:2082 | reason=mihomo start failed
[TEST] {992} tested=1/1 | kept=0 | rest=0
[DROP] name=[免费节点10] 🇺🇸 US 863 → tg@nicevpn123 {992} | server=162.55.12.6:8081 | reason=mihomo start failed
[TEST] {996} tested=1/1 | kept=0 | rest=0
[DROP] name=[免费节点10] 🇺🇸 US 883 → tg@nicevpn123 {996} | server=65.109.199.41:1683 | reason=mihomo start failed
[TEST] {1000} tested=1/1 | kept=0 | rest=0
[DROP] name=[免费节点10] 🇺🇸 US 888 → tg@nicevpn123 {1000} | server=104.21.4.14:2086 | reason=mihomo start failed
[TEST] {1003} tested=1/1 | kept=0 | rest=0
[DROP] name=[免费节点10] 🇺🇸 US 805 → tg@nicevpn123 {1003} | server=104.16.39.239:2082 | reason=mihomo start failed
[TEST] {1004} tested=1/1 | kept=0 | rest=0
[DROP] name=[免费节点10] 🇺🇸 US 806 → tg@nicevpn123 {1004} | server=kr01.iepl1.me:8880 | reason=mihomo start failed
[TEST] {998} tested=1/1 | kept=0 | rest=0
[DROP] name=[免费节点10] 🇺🇸 US 886 → tg@nicevpn123 {998} | server=167.172.158.100:8881 | reason=mihomo start failed
[TEST] {1006} tested=1/1 | kept=0 | rest=0
[DROP] name=[免费节点10] 🇺🇸 US 809 → tg@nicevpn123 {1006} | server=speed.cloudflare.com:8880 | reason=mihomo start failed
[TEST] {1007} tested=1/1 | kept=0 | rest=0
[DROP] name=[免费节点10] 🇺🇸 US 81 → tg@nicevpn123 {1007} | server=104.19.48.233:2082 | reason=mihomo start failed
[TEST] {1008} tested=1/1 | kept=0 | rest=0
[DROP] name=[免费节点10] 🇺🇸 US 800 → tg@nicevpn123 {1008} | server=104.19.171.7:443 | reason=mihomo start failed
[TEST] {1001} tested=1/1 | kept=0 | rest=0
[DROP] name=[免费节点10] 🇺🇸 US 889 → tg@nicevpn123 {1001} | server=38.86.135.185:443 | reason=mihomo start failed
[TEST] {1002} tested=1/1 | kept=0 | rest=0
[DROP] name=[免费节点10] 🇺🇸 US 890 → tg@nicevpn123 {1002} | server=38.114.114.208:8091 | reason=mihomo start failed
[TEST] {1009} tested=1/1 | kept=0 | rest=0
[DROP] name=[免费节点10] 🇺🇸 US 801 → tg@nicevpn123 {1009} | server=104.16.42.197:2082 | reason=mihomo start failed
[TEST] {1012} tested=1/1 | kept=0 | rest=0
[DROP] name=[免费节点10] 🇺🇸 US 847 → tg@nicevpn123 {1012} | server=104.16.43.226:2082 | reason=mihomo start failed
[TEST] {1013} tested=1/1 | kept=0 | rest=0
[DROP] name=[免费节点10] 🇺🇸 US 848 → tg@nicevpn123 {1013} | server=172.67.229.39:2086 | reason=mihomo start failed
[TEST] {1005} tested=1/1 | kept=0 | rest=0
[DROP] name=[免费节点10] 🇺🇸 US 808 → tg@nicevpn123 {1005} | server=149.28.226.202:37985 | reason=mihomo start failed
[TEST] {1015} tested=1/1 | kept=0 | rest=0
[DROP] name=[免费节点10] 🇺🇸 US 850 → tg@nicevpn123 {1015} | server=104.19.45.182:2082 | reason=mihomo start failed
[TEST] {1014} tested=1/1 | kept=0 | rest=0
[DROP] name=[免费节点10] 🇺🇸 US 85 → tg@nicevpn123 {1014} | server=104.16.43.122:2082 | reason=mihomo start failed
[TEST] {1011} tested=1/1 | kept=0 | rest=0
[DROP] name=[免费节点10] 🇺🇸 US 804 → tg@nicevpn123 {1011} | server=45.63.110.20:443 | reason=mihomo start failed
[TEST] {1017} tested=1/1 | kept=0 | rest=0
[DROP] name=[免费节点10] 🇺🇸 US 82 → tg@nicevpn123 {1017} | server=www.digitalocean.com:80 | reason=mihomo start failed
[TEST] {1019} tested=1/1 | kept=0 | rest=0
[DROP] name=[免费节点10] 🇺🇸 US 824 → tg@nicevpn123 {1019} | server=104.19.45.140:2095 | reason=mihomo start failed
[TEST] {1018} tested=1/1 | kept=0 | rest=0
[DROP] name=[免费节点10] 🇺🇸 US 822 → tg@nicevpn123 {1018} | server=165.227.65.40:8881 | reason=mihomo start failed
[TEST] {1021} tested=1/1 | kept=0 | rest=0
[DROP] name=[免费节点10] 🇺🇸 US 843 → tg@nicevpn123 {1021} | server=104.16.40.120:2082 | reason=mihomo start failed
[TEST] {1023} tested=1/1 | kept=0 | rest=0
[DROP] name=[免费节点10] 🇺🇸 US 845 → tg@nicevpn123 {1023} | server=104.16.42.68:2082 | reason=mihomo start failed
[TEST] {1020} tested=1/1 | kept=0 | rest=0
[DROP] name=[免费节点10] 🇺🇸 US 825 → tg@nicevpn123 {1020} | server=99.84.50.159:443 | reason=mihomo start failed
[TEST] {1010} tested=1/1 | kept=0 | rest=0
[DROP] name=[免费节点10] 🇺🇸 US 803 → tg@nicevpn123 {1010} | server=165.227.65.158:8881 | reason=mihomo start failed
[TEST] {1022} tested=1/1 | kept=0 | rest=0
[DROP] name=[免费节点10] 🇺🇸 US 844 → tg@nicevpn123 {1022} | server=ip.sb:2086 | reason=mihomo start failed
[TEST] {1027} tested=1/1 | kept=0 | rest=0
[DROP] name=[免费节点10] 🇺🇸 US 828 → tg@nicevpn123 {1027} | server=104.21.225.223:80 | reason=mihomo start failed
[TEST] {1025} tested=1/1 | kept=0 | rest=0
[DROP] name=[免费节点10] 🇺🇸 US 826 → tg@nicevpn123 {1025} | server=152.67.217.187:443 | reason=mihomo start failed
[TEST] {1028} tested=1/1 | kept=0 | rest=0
[DROP] name=[免费节点10] 🇺🇸 US 829 → tg@nicevpn123 {1028} | server=104.19.49.192:443 | reason=mihomo start failed
[TEST] {1029} tested=1/1 | kept=0 | rest=0
[DROP] name=[免费节点10] 🇺🇸 US 831 → tg@nicevpn123 {1029} | server=104.16.40.116:2082 | reason=mihomo start failed
[TEST] {1031} tested=1/1 | kept=0 | rest=0
[DROP] name=[免费节点10] 🇺🇸 US 1868 → tg@nicevpn123 {1031} | server=104.19.45.202:2095 | reason=mihomo start failed
[TEST] {1032} tested=1/1 | kept=0 | rest=0
[DROP] name=[免费节点10] 🇺🇸 US 1869 → tg@nicevpn123 {1032} | server=38.147.189.180:37078 | reason=mihomo start failed
[TEST] {1030} tested=1/1 | kept=0 | rest=0
[DROP] name=[免费节点10] 🇺🇸 US 1867 → tg@nicevpn123 {1030} | server=104.19.42.196:2082 | reason=mihomo start failed
[TEST] {1033} tested=1/1 | kept=0 | rest=0
[DROP] name=[免费节点10] 🇺🇸 US 187 → tg@nicevpn123 {1033} | server=104.16.40.14:2082 | reason=mihomo start failed
[TEST] {1034} tested=1/1 | kept=0 | rest=0
[DROP] name=[免费节点10] 🇺🇸 US 1925 → tg@nicevpn123 {1034} | server=104.19.44.108:80 | reason=mihomo start failed
[TEST] {1036} tested=1/1 | kept=0 | rest=0
[DROP] name=[免费节点10] 🇺🇸 US 1927 → tg@nicevpn123 {1036} | server=104.19.44.248:80 | reason=mihomo start failed
[TEST] {1035} tested=1/1 | kept=0 | rest=0
[DROP] name=[免费节点10] 🇺🇸 US 1926 → tg@nicevpn123 {1035} | server=104.19.44.185:80 | reason=mihomo start failed
[TEST] {1037} tested=1/1 | kept=0 | rest=0
[DROP] name=[免费节点10] 🇺🇸 US 1928 → tg@nicevpn123 {1037} | server=104.19.44.236:80 | reason=mihomo start failed
[TEST] {1038} tested=1/1 | kept=0 | rest=0
[DROP] name=[免费节点10] 🇺🇸 US 1929 → tg@nicevpn123 {1038} | server=104.19.44.106:80 | reason=mihomo start failed
[TEST] {1041} tested=1/1 | kept=0 | rest=0
[DROP] name=[免费节点10] 🇺🇸 US 1923 → tg@nicevpn123 {1041} | server=104.19.44.149:80 | reason=mihomo start failed
[TEST] {1016} tested=1/1 | kept=0 | rest=0
[DROP] name=[免费节点10] 🇺🇸 US 851 → tg@nicevpn123 {1016} | server=ip0axv1bbsu02k7-hk.1ytnode.com:56310 | reason=mihomo start failed
[TEST] {1039} tested=1/1 | kept=0 | rest=0
[DROP] name=[免费节点10] 🇺🇸 US 1921 → tg@nicevpn123 {1039} | server=104.19.44.45:80 | reason=mihomo start failed
[TEST] {1040} tested=1/1 | kept=0 | rest=0
[DROP] name=[免费节点10] 🇺🇸 US 1922 → tg@nicevpn123 {1040} | server=104.19.44.160:80 | reason=mihomo start failed
[TEST] {1042} tested=1/1 | kept=0 | rest=0
[DROP] name=[免费节点10] 🇺🇸 US 1924 → tg@nicevpn123 {1042} | server=104.19.44.124:80 | reason=mihomo start failed
[TEST] {1043} tested=1/1 | kept=0 | rest=0
[DROP] name=[免费节点10] 🇺🇸 US 1870 → tg@nicevpn123 {1043} | server=fr01.freeflyingcloud.xyz:30502 | reason=mihomo start failed
[TEST] {1047} tested=1/1 | kept=0 | rest=0
[DROP] name=[免费节点10] 🇺🇸 US 1875 → tg@nicevpn123 {1047} | server=104.16.39.234:2082 | reason=mihomo start failed
[TEST] {1045} tested=1/1 | kept=0 | rest=0
[DROP] name=[免费节点10] 🇺🇸 US 1872 → tg@nicevpn123 {1045} | server=172.67.158.126:443 | reason=mihomo start failed
[TEST] {1024} tested=1/1 | kept=0 | rest=0
[DROP] name=[免费节点10] 🇺🇸 US 846 → tg@nicevpn123 {1024} | server=185.77.217.121:443 | reason=mihomo start failed
[TEST] {1026} tested=1/1 | kept=0 | rest=0
[DROP] name=[免费节点10] 🇺🇸 US 827 → tg@nicevpn123 {1026} | server=w.outline-vpn.cloud:2086 | reason=mihomo start failed
[TEST] {1049} tested=1/1 | kept=0 | rest=0
[DROP] name=[免费节点10] 🇺🇸 US 1887 → tg@nicevpn123 {1049} | server=104.19.45.114:2095 | reason=mihomo start failed
[TEST] {1050} tested=1/1 | kept=0 | rest=0
[DROP] name=[免费节点10] 🇺🇸 US 1888 → tg@nicevpn123 {1050} | server=104.19.42.230:2082 | reason=mihomo start failed
[TEST] {1051} tested=1/1 | kept=0 | rest=0
[DROP] name=[免费节点10] 🇺🇸 US 1889 → tg@nicevpn123 {1051} | server=104.19.45.13:2095 | reason=mihomo start failed
[TEST] {1046} tested=1/1 | kept=0 | rest=0
[DROP] name=[免费节点10] 🇺🇸 US 1874 → tg@nicevpn123 {1046} | server=fuck6.mmmmmmmmmm.cfd:48057 | reason=mihomo start failed
[TEST] {1053} tested=1/1 | kept=0 | rest=0
[DROP] name=[免费节点10] 🇺🇸 US 1891 → tg@nicevpn123 {1053} | server=104.19.45.218:2095 | reason=mihomo start failed
[TEST] {1044} tested=1/1 | kept=0 | rest=0
[DROP] name=[免费节点10] 🇺🇸 US 1871 → tg@nicevpn123 {1044} | server=207.246.94.28:42383 | reason=mihomo start failed
[TEST] {1054} tested=1/1 | kept=0 | rest=0
[DROP] name=[免费节点10] 🇺🇸 US 1892 → tg@nicevpn123 {1054} | server=104.19.45.22:2095 | reason=mihomo start failed
[TEST] {1055} tested=1/1 | kept=0 | rest=0
[DROP] name=[免费节点10] 🇺🇸 US 1893 → tg@nicevpn123 {1055} | server=104.19.45.189:2082 | reason=mihomo start failed
[TEST] {1057} tested=1/1 | kept=0 | rest=0
[DROP] name=[免费节点10] 🇺🇸 US 1937 → tg@nicevpn123 {1057} | server=104.19.44.143:80 | reason=mihomo start failed
[TEST] {1058} tested=1/1 | kept=0 | rest=0
[DROP] name=[免费节点10] 🇺🇸 US 1938 → tg@nicevpn123 {1058} | server=104.19.44.245:80 | reason=mihomo start failed
[TEST] {1059} tested=1/1 | kept=0 | rest=0
[DROP] name=[免费节点10] 🇺🇸 US 1939 → tg@nicevpn123 {1059} | server=104.19.44.147:80 | reason=mihomo start failed
[TEST] {1060} tested=1/1 | kept=0 | rest=0
[DROP] name=[免费节点10] 🇺🇸 US 194 → tg@nicevpn123 {1060} | server=104.19.45.188:2095 | reason=mihomo start failed
[TEST] {1061} tested=1/1 | kept=0 | rest=0
[DROP] name=[免费节点10] 🇺🇸 US 1940 → tg@nicevpn123 {1061} | server=104.19.44.204:80 | reason=mihomo start failed
[TEST] {1062} tested=1/1 | kept=0 | rest=0
[DROP] name=[免费节点10] 🇺🇸 US 1941 → tg@nicevpn123 {1062} | server=104.19.44.49:80 | reason=mihomo start failed
[TEST] {1063} tested=1/1 | kept=0 | rest=0
[DROP] name=[免费节点10] 🇺🇸 US 1942 → tg@nicevpn123 {1063} | server=104.19.44.126:80 | reason=mihomo start failed
[TEST] {1064} tested=1/1 | kept=0 | rest=0
[DROP] name=[免费节点10] 🇺🇸 US 1943 → tg@nicevpn123 {1064} | server=104.19.44.44:80 | reason=mihomo start failed
[TEST] {1065} tested=1/1 | kept=0 | rest=0
[DROP] name=[免费节点10] 🇺🇸 US 1944 → tg@nicevpn123 {1065} | server=104.19.44.60:80 | reason=mihomo start failed
[TEST] {1066} tested=1/1 | kept=0 | rest=0
[DROP] name=[免费节点10] 🇺🇸 US 1846 → tg@nicevpn123 {1066} | server=172.67.198.153:443 | reason=mihomo start failed
[TEST] {1067} tested=1/1 | kept=0 | rest=0
[DROP] name=[免费节点10] 🇺🇸 US 1847 → tg@nicevpn123 {1067} | server=104.19.102.126:2086 | reason=mihomo start failed
[TEST] {1069} tested=1/1 | kept=0 | rest=0
[DROP] name=[免费节点10] 🇺🇸 US 185 → tg@nicevpn123 {1069} | server=uk2-full.privateip.net:443 | reason=mihomo start failed
[TEST] {1068} tested=1/1 | kept=0 | rest=0
[DROP] name=[免费节点10] 🇺🇸 US 1849 → tg@nicevpn123 {1068} | server=104.16.42.56:2082 | reason=mihomo start failed
[TEST] {1048} tested=1/1 | kept=0 | rest=0
[DROP] name=[免费节点10] 🇺🇸 US 1886 → tg@nicevpn123 {1048} | server=129.146.102.22:34017 | reason=mihomo start failed
[TEST] {1070} tested=1/1 | kept=0 | rest=0
[DROP] name=[免费节点10] 🇺🇸 US 1956 → tg@nicevpn123 {1070} | server=104.19.44.157:80 | reason=mihomo start failed
[TEST] {1071} tested=1/1 | kept=0 | rest=0
[DROP] name=[免费节点10] 🇺🇸 US 1957 → tg@nicevpn123 {1071} | server=104.19.44.213:80 | reason=mihomo start failed
[TEST] {1073} tested=1/1 | kept=0 | rest=0
[DROP] name=[免费节点10] 🇺🇸 US 1959 → tg@nicevpn123 {1073} | server=104.19.44.58:80 | reason=mihomo start failed
[TEST] {1072} tested=1/1 | kept=0 | rest=0
[DROP] name=[免费节点10] 🇺🇸 US 1958 → tg@nicevpn123 {1072} | server=104.19.44.119:80 | reason=mihomo start failed
[TEST] {1074} tested=1/1 | kept=0 | rest=0
[DROP] name=[免费节点10] 🇺🇸 US 1960 → tg@nicevpn123 {1074} | server=104.19.44.93:80 | reason=mihomo start failed
[TEST] {1075} tested=1/1 | kept=0 | rest=0
[DROP] name=[免费节点10] 🇺🇸 US 1952 → tg@nicevpn123 {1075} | server=104.19.44.98:80 | reason=mihomo start failed
[TEST] {1076} tested=1/1 | kept=0 | rest=0
[DROP] name=[免费节点10] 🇺🇸 US 1953 → tg@nicevpn123 {1076} | server=104.19.44.228:80 | reason=mihomo start failed
[TEST] {1077} tested=1/1 | kept=0 | rest=0
[DROP] name=[免费节点10] 🇺🇸 US 1954 → tg@nicevpn123 {1077} | server=104.19.44.223:80 | reason=mihomo start failed
[TEST] {1078} tested=1/1 | kept=0 | rest=0
[DROP] name=[免费节点10] 🇺🇸 US 1955 → tg@nicevpn123 {1078} | server=104.19.44.246:80 | reason=mihomo start failed
[TEST] {1079} tested=1/1 | kept=0 | rest=0
[DROP] name=[免费节点10] 🇺🇸 US 1987 → tg@nicevpn123 {1079} | server=104.19.44.150:80 | reason=mihomo start failed
[TEST] {1082} tested=1/1 | kept=0 | rest=0
[DROP] name=[免费节点10] 🇺🇸 US 1990 → tg@nicevpn123 {1082} | server=104.19.44.249:80 | reason=mihomo start failed
[TEST] {1080} tested=1/1 | kept=0 | rest=0
[DROP] name=[免费节点10] 🇺🇸 US 1988 → tg@nicevpn123 {1080} | server=104.19.44.239:80 | reason=mihomo start failed
[TEST] {1081} tested=1/1 | kept=0 | rest=0
[DROP] name=[免费节点10] 🇺🇸 US 1989 → tg@nicevpn123 {1081} | server=104.19.44.90:80 | reason=mihomo start failed
[TEST] {1083} tested=1/1 | kept=0 | rest=0
[DROP] name=[免费节点10] 🇺🇸 US 1991 → tg@nicevpn123 {1083} | server=104.19.44.181:80 | reason=mihomo start failed
[TEST] {1084} tested=1/1 | kept=0 | rest=0
[DROP] name=[免费节点10] 🇺🇸 US 1983 → tg@nicevpn123 {1084} | server=104.19.44.214:80 | reason=mihomo start failed
[TEST] {1087} tested=1/1 | kept=0 | rest=0
[DROP] name=[免费节点10] 🇺🇸 US 1986 → tg@nicevpn123 {1087} | server=104.19.44.158:80 | reason=mihomo start failed
[TEST] {1086} tested=1/1 | kept=0 | rest=0
[DROP] name=[免费节点10] 🇺🇸 US 1985 → tg@nicevpn123 {1086} | server=104.19.44.131:80 | reason=mihomo start failed
[TEST] {1085} tested=1/1 | kept=0 | rest=0
[DROP] name=[免费节点10] 🇺🇸 US 1984 → tg@nicevpn123 {1085} | server=104.19.44.194:80 | reason=mihomo start failed
[TEST] {1089} tested=1/1 | kept=0 | rest=0
[DROP] name=[免费节点10] 🇺🇸 US 1852 → tg@nicevpn123 {1089} | server=104.16.40.236:2082 | reason=mihomo start failed
[TEST] {1052} tested=1/1 | kept=0 | rest=0
[DROP] name=[免费节点10] 🇺🇸 US 1890 → tg@nicevpn123 {1052} | server=yh7.dtku41.xyz:8080 | reason=mihomo start failed
[TEST] {1090} tested=1/1 | kept=0 | rest=0
[DROP] name=[免费节点10] 🇺🇸 US 1854 → tg@nicevpn123 {1090} | server=143.110.242.24:51117 | reason=mihomo start failed
[TEST] {1092} tested=1/1 | kept=0 | rest=0
[DROP] name=[免费节点10] 🇺🇸 US 1857 → tg@nicevpn123 {1092} | server=104.19.171.4:443 | reason=mihomo start failed
[TEST] {1094} tested=1/1 | kept=0 | rest=0
[DROP] name=[免费节点10] 🇺🇸 US 2000 → tg@nicevpn123 {1094} | server=104.19.44.209:80 | reason=mihomo start failed
[TEST] {1093} tested=1/1 | kept=0 | rest=0
[DROP] name=[免费节点10] 🇺🇸 US 20 → tg@nicevpn123 {1093} | server=104.16.39.52:2082 | reason=mihomo start failed
[TEST] {1095} tested=1/1 | kept=0 | rest=0
[DROP] name=[免费节点10] 🇺🇸 US 2001 → tg@nicevpn123 {1095} | server=104.19.44.33:80 | reason=mihomo start failed
[TEST] {1096} tested=1/1 | kept=0 | rest=0
[DROP] name=[免费节点10] 🇺🇸 US 2002 → tg@nicevpn123 {1096} | server=104.19.44.91:80 | reason=mihomo start failed
[TEST] {1097} tested=1/1 | kept=0 | rest=0
[DROP] name=[免费节点10] 🇺🇸 US 2003 → tg@nicevpn123 {1097} | server=104.19.44.167:80 | reason=mihomo start failed
[TEST] {1098} tested=1/1 | kept=0 | rest=0
[DROP] name=[免费节点10] 🇺🇸 US 2004 → tg@nicevpn123 {1098} | server=104.19.44.144:80 | reason=mihomo start failed
[TEST] {1099} tested=1/1 | kept=0 | rest=0
[DROP] name=[免费节点10] 🇺🇸 US 2005 → tg@nicevpn123 {1099} | server=104.19.44.52:80 | reason=mihomo start failed
[TEST] {1100} tested=1/1 | kept=0 | rest=0
[DROP] name=[免费节点10] 🇺🇸 US 2006 → tg@nicevpn123 {1100} | server=104.19.44.188:80 | reason=mihomo start failed
[TEST] {1101} tested=1/1 | kept=0 | rest=0
[DROP] name=[免费节点10] 🇺🇸 US 2007 → tg@nicevpn123 {1101} | server=104.19.44.233:80 | reason=mihomo start failed
[TEST] {1056} tested=1/1 | kept=0 | rest=0
[DROP] name=[免费节点10] 🇺🇸 US 1895 → tg@nicevpn123 {1056} | server=15.204.87.225:9090 | reason=mihomo start failed
[TEST] {1103} tested=1/1 | kept=0 | rest=0
[DROP] name=[免费节点10] 🇺🇸 US 26 → tg@nicevpn123 {1103} | server=104.19.45.97:2082 | reason=mihomo start failed
[TEST] {1088} tested=1/1 | kept=0 | rest=0
[DROP] name=[免费节点10] 🇺🇸 US 1850 → tg@nicevpn123 {1088} | server=172.99.190.12:22324 | reason=mihomo start failed
[TEST] {1091} tested=1/1 | kept=0 | rest=0
[DROP] name=[免费节点10] 🇺🇸 US 1856 → tg@nicevpn123 {1091} | server=207.246.102.64:21636 | reason=mihomo start failed
[TEST] {1105} tested=1/1 | kept=0 | rest=0
[DROP] name=[免费节点10] 🇺🇸 US 261 → tg@nicevpn123 {1105} | server=104.19.45.180:2095 | reason=mihomo start failed
[TEST] {1106} tested=1/1 | kept=0 | rest=0
[DROP] name=[免费节点10] 🇺🇸 US 262 → tg@nicevpn123 {1106} | server=172.67.185.79:8080 | reason=mihomo start failed
[TEST] {1107} tested=1/1 | kept=0 | rest=0
[DROP] name=[免费节点10] 🇺🇸 US 263 → tg@nicevpn123 {1107} | server=104.21.237.57:2052 | reason=mihomo start failed
[TEST] {1109} tested=1/1 | kept=0 | rest=0
[DROP] name=[免费节点10] 🇺🇸 US 265 → tg@nicevpn123 {1109} | server=172.67.229.35:2086 | reason=mihomo start failed
[TEST] {1110} tested=1/1 | kept=0 | rest=0
[DROP] name=[免费节点10] 🇺🇸 US 266 → tg@nicevpn123 {1110} | server=104.19.45.184:2095 | reason=mihomo start failed
[TEST] {1112} tested=1/1 | kept=0 | rest=0
[DROP] name=[免费节点10] 🇺🇸 US 2016 → tg@nicevpn123 {1112} | server=104.19.44.85:80 | reason=mihomo start failed
[TEST] {1111} tested=1/1 | kept=0 | rest=0
[DROP] name=[免费节点10] 🇺🇸 US 2015 → tg@nicevpn123 {1111} | server=104.19.44.75:80 | reason=mihomo start failed
[TEST] {1114} tested=1/1 | kept=0 | rest=0
[DROP] name=[免费节点10] 🇺🇸 US 2018 → tg@nicevpn123 {1114} | server=104.19.44.10:80 | reason=mihomo start failed
[TEST] {1113} tested=1/1 | kept=0 | rest=0
[DROP] name=[免费节点10] 🇺🇸 US 2017 → tg@nicevpn123 {1113} | server=104.19.44.11:80 | reason=mihomo start failed
[TEST] {1116} tested=1/1 | kept=0 | rest=0
[DROP] name=[免费节点10] 🇺🇸 US 2020 → tg@nicevpn123 {1116} | server=104.19.44.107:80 | reason=mihomo start failed
[TEST] {1115} tested=1/1 | kept=0 | rest=0
[DROP] name=[免费节点10] 🇺🇸 US 2019 → tg@nicevpn123 {1115} | server=104.19.44.207:80 | reason=mihomo start failed
[TEST] {1117} tested=1/1 | kept=0 | rest=0
[DROP] name=[免费节点10] 🇺🇸 US 2021 → tg@nicevpn123 {1117} | server=104.19.44.103:80 | reason=mihomo start failed
[TEST] {1118} tested=1/1 | kept=0 | rest=0
[DROP] name=[免费节点10] 🇺🇸 US 2022 → tg@nicevpn123 {1118} | server=104.19.44.9:80 | reason=mihomo start failed
[TEST] {1119} tested=1/1 | kept=0 | rest=0
[DROP] name=[免费节点10] 🇺🇸 US 2023 → tg@nicevpn123 {1119} | server=104.19.44.156:80 | reason=mihomo start failed
[TEST] {1102} tested=1/1 | kept=0 | rest=0
[DROP] name=[免费节点10] 🇺🇸 US 259 → tg@nicevpn123 {1102} | server=198.244.252.93:443 | reason=mihomo start failed
[TEST] {1120} tested=1/1 | kept=0 | rest=0
[DROP] name=[免费节点10] 🇺🇸 US 213 → tg@nicevpn123 {1120} | server=103.79.79.57:31231 | reason=mihomo start failed
[TEST] {1122} tested=1/1 | kept=0 | rest=0
[DROP] name=[免费节点10] 🇺🇸 US 216 → tg@nicevpn123 {1122} | server=104.19.45.199:2095 | reason=mihomo start failed
[TEST] {1123} tested=1/1 | kept=0 | rest=0
[DROP] name=[免费节点10] 🇺🇸 US 219 → tg@nicevpn123 {1123} | server=104.21.225.96:80 | reason=mihomo start failed
[TEST] {1121} tested=1/1 | kept=0 | rest=0
[DROP] name=[免费节点10] 🇺🇸 US 215 → tg@nicevpn123 {1121} | server=ak1757.www.outline.network.fr8678825324247b8176d59f83c30bd94d23d2e3ac5cd4a743bkwqeikvdyufr.cyou:8080 | reason=mihomo start failed
[TEST] {1125} tested=1/1 | kept=0 | rest=0
[DROP] name=[免费节点10] 🇺🇸 US 238 → tg@nicevpn123 {1125} | server=104.16.39.99:2082 | reason=mihomo start failed
[TEST] {1126} tested=1/1 | kept=0 | rest=0
[DROP] name=[免费节点10] 🇺🇸 US 239 → tg@nicevpn123 {1126} | server=104.16.42.205:2082 | reason=mihomo start failed
[TEST] {1127} tested=1/1 | kept=0 | rest=0
[DROP] name=[免费节点10] 🇺🇸 US 24 → tg@nicevpn123 {1127} | server=104.19.48.138:2082 | reason=mihomo start failed
[TEST] {1104} tested=1/1 | kept=0 | rest=0
[DROP] name=[免费节点10] 🇺🇸 US 260 → tg@nicevpn123 {1104} | server=ip0axv1bbsu02k7-tw.1ytnode.com:56330 | reason=mihomo start failed
[TEST] {1108} tested=1/1 | kept=0 | rest=0
[DROP] name=[免费节点10] 🇺🇸 US 264 → tg@nicevpn123 {1108} | server=149.28.120.218:24721 | reason=mihomo start failed
[TEST] {1132} tested=1/1 | kept=0 | rest=0
[DROP] name=[免费节点10] 🇺🇸 US 247 → tg@nicevpn123 {1132} | server=qin17.rong1104.uk:2053 | reason=mihomo start failed
[TEST] {1130} tested=1/1 | kept=0 | rest=0
[DROP] name=[免费节点10] 🇺🇸 US 243 → tg@nicevpn123 {1130} | server=auth.speedtest.net:443 | reason=mihomo start failed
[TEST] {1124} tested=1/1 | kept=0 | rest=0
[DROP] name=[免费节点10] 🇺🇸 US 237 → tg@nicevpn123 {1124} | server=143.198.18.35:8881 | reason=mihomo start failed
[TEST] {1129} tested=1/1 | kept=0 | rest=0
[DROP] name=[免费节点10] 🇺🇸 US 242 → tg@nicevpn123 {1129} | server=38.75.136.33:7306 | reason=mihomo start failed
[TEST] {1133} tested=1/1 | kept=0 | rest=0
[DROP] name=[免费节点10] 🇺🇸 US 22 → tg@nicevpn123 {1133} | server=45.77.223.124:16899 | reason=mihomo start failed
[TEST] {1135} tested=1/1 | kept=0 | rest=0
[DROP] name=[免费节点10] 🇺🇸 US 221 → tg@nicevpn123 {1135} | server=172.232.62.234:443 | reason=mihomo start failed
[TEST] {1128} tested=1/1 | kept=0 | rest=0
[DROP] name=[免费节点10] 🇺🇸 US 240 → tg@nicevpn123 {1128} | server=38.75.136.33:5001 | reason=mihomo start failed
[TEST] {1137} tested=1/1 | kept=0 | rest=0
[DROP] name=[免费节点10] 🇺🇸 US 223 → tg@nicevpn123 {1137} | server=104.19.45.59:2095 | reason=mihomo start failed
[TEST] {1138} tested=1/1 | kept=0 | rest=0
[DROP] name=[免费节点10] 🇺🇸 US 299 → tg@nicevpn123 {1138} | server=104.19.49.226:443 | reason=mihomo start failed
[TEST] {1131} tested=1/1 | kept=0 | rest=0
[DROP] name=[免费节点10] 🇺🇸 US 246 → tg@nicevpn123 {1131} | server=zula.ir:443 | reason=mihomo start failed
[TEST] {1139} tested=1/1 | kept=0 | rest=0
[DROP] name=[免费节点10] 🇺🇸 US 3 → tg@nicevpn123 {1139} | server=3wihp-g01.jp05-6786-vm0.entry.fr0307a.art:46482 | reason=mihomo start failed
[TEST] {1141} tested=1/1 | kept=0 | rest=0
[DROP] name=[免费节点10] 🇺🇸 US 300 → tg@nicevpn123 {1141} | server=104.19.45.168:2095 | reason=mihomo start failed
[TEST] {1143} tested=1/1 | kept=0 | rest=0
[DROP] name=[免费节点10] 🇺🇸 US 302 → tg@nicevpn123 {1143} | server=104.21.229.46:80 | reason=mihomo start failed
[TEST] {1134} tested=1/1 | kept=0 | rest=0
[DROP] name=[免费节点10] 🇺🇸 US 220 → tg@nicevpn123 {1134} | server=45.79.108.12:443 | reason=mihomo start failed
[TEST] {1145} tested=1/1 | kept=0 | rest=0
[DROP] name=[免费节点10] 🇺🇸 US 305 → tg@nicevpn123 {1145} | server=ak1661.www.outline.network.fr8678825324247b8176d59f83c30bd94d23d2e3ac5cd4a743bkwqeikvdyufr.cyou:8080 | reason=mihomo start failed
[TEST] {1144} tested=1/1 | kept=0 | rest=0
[DROP] name=[免费节点10] 🇺🇸 US 304 → tg@nicevpn123 {1144} | server=172.67.172.67:8080 | reason=mihomo start failed
[TEST] {1136} tested=1/1 | kept=0 | rest=0
[DROP] name=[免费节点10] 🇺🇸 US 222 → tg@nicevpn123 {1136} | server=38.114.114.208:6679 | reason=mihomo start failed
[TEST] {1150} tested=1/1 | kept=0 | rest=0
[DROP] name=[免费节点10] 🇺🇸 US 322 → tg@nicevpn123 {1150} | server=38.68.134.9:5601 | reason=mihomo start failed
[TEST] {1147} tested=1/1 | kept=0 | rest=0
[DROP] name=[免费节点10] 🇺🇸 US 318 → tg@nicevpn123 {1147} | server=104.19.42.178:2082 | reason=mihomo start failed
[TEST] {1148} tested=1/1 | kept=0 | rest=0
[DROP] name=[免费节点10] 🇺🇸 US 32 → tg@nicevpn123 {1148} | server=185.218.126.248:80 | reason=mihomo start failed
[TEST] {1140} tested=1/1 | kept=0 | rest=0
[DROP] name=[免费节点10] 🇺🇸 US 30 → tg@nicevpn123 {1140} | server=ip0axv1bbsu02k7-hk.1ytnode.com:56303 | reason=mihomo start failed
[TEST] {1153} tested=1/1 | kept=0 | rest=0
[DROP] name=[免费节点10] 🇺🇸 US 325 → tg@nicevpn123 {1153} | server=104.19.45.70:2095 | reason=mihomo start failed
[TEST] {1151} tested=1/1 | kept=0 | rest=0
[DROP] name=[免费节点10] 🇺🇸 US 323 → tg@nicevpn123 {1151} | server=zula.ir:443 | reason=mihomo start failed
[TEST] {1142} tested=1/1 | kept=0 | rest=0
[DROP] name=[免费节点10] 🇺🇸 US 301 → tg@nicevpn123 {1142} | server=132.145.208.20:443 | reason=mihomo start failed
[TEST] {1154} tested=1/1 | kept=0 | rest=0
[DROP] name=[免费节点10] 🇺🇸 US 326 → tg@nicevpn123 {1154} | server=104.16.214.251:80 | reason=mihomo start failed
[TEST] {1146} tested=1/1 | kept=0 | rest=0
[DROP] name=[免费节点10] 🇺🇸 US 306 → tg@nicevpn123 {1146} | server=45.77.105.178:27287 | reason=mihomo start failed
[TEST] {1149} tested=1/1 | kept=0 | rest=0
[DROP] name=[免费节点10] 🇺🇸 US 320 → tg@nicevpn123 {1149} | server=137.175.12.69:37002 | reason=mihomo start failed
[TEST] {1159} tested=1/1 | kept=0 | rest=0
[DROP] name=[免费节点10] 🇺🇸 US 343 → tg@nicevpn123 {1159} | server=172.67.169.245:80 | reason=mihomo start failed
[TEST] {1157} tested=1/1 | kept=0 | rest=0
[DROP] name=[免费节点10] 🇺🇸 US 341 → tg@nicevpn123 {1157} | server=104.19.43.180:80 | reason=mihomo start failed
[TEST] {1152} tested=1/1 | kept=0 | rest=0
[DROP] name=[免费节点10] 🇺🇸 US 324 → tg@nicevpn123 {1152} | server=54.187.81.197:443 | reason=mihomo start failed
[TEST] {1161} tested=1/1 | kept=0 | rest=0
[DROP] name=[免费节点10] 🇺🇸 US 347 → tg@nicevpn123 {1161} | server=23.94.104.164:60222 | reason=mihomo start failed
[TEST] {1160} tested=1/1 | kept=0 | rest=0
[DROP] name=[免费节点10] 🇺🇸 US 344 → tg@nicevpn123 {1160} | server=172.67.146.22:443 | reason=mihomo start failed
[TEST] {1155} tested=1/1 | kept=0 | rest=0
[DROP] name=[免费节点10] 🇺🇸 US 328 → tg@nicevpn123 {1155} | server=35.77.89.124:443 | reason=mihomo start failed
[TEST] {1163} tested=1/1 | kept=0 | rest=0
[DROP] name=[免费节点10] 🇺🇸 US 349 → tg@nicevpn123 {1163} | server=104.16.39.127:2082 | reason=mihomo start failed
[TEST] {1164} tested=1/1 | kept=0 | rest=0
[DROP] name=[免费节点10] 🇺🇸 US 35 → tg@nicevpn123 {1164} | server=104.16.39.226:2082 | reason=mihomo start failed
[TEST] {1165} tested=1/1 | kept=0 | rest=0
[DROP] name=[免费节点10] 🇺🇸 US 4 → tg@nicevpn123 {1165} | server=vt50k-g01.jp05-6786-vm0.entry.fr0307a.art:46482 | reason=mihomo start failed
[TEST] {1156} tested=1/1 | kept=0 | rest=0
[DROP] name=[免费节点10] 🇺🇸 US 34 → tg@nicevpn123 {1156} | server=18.118.163.183:17400 | reason=mihomo start failed
[TEST] {1158} tested=1/1 | kept=0 | rest=0
[DROP] name=[免费节点10] 🇺🇸 US 342 → tg@nicevpn123 {1158} | server=75.102.51.45:16899 | reason=mihomo start failed
[TEST] {1162} tested=1/1 | kept=0 | rest=0
[DROP] name=[免费节点10] 🇺🇸 US 348 → tg@nicevpn123 {1162} | server=38.54.185.111:30000 | reason=mihomo start failed
[TEST] {1169} tested=1/1 | kept=0 | rest=0
[DROP] name=[免费节点10] 🇺🇸 US 403 → tg@nicevpn123 {1169} | server=104.19.250.15:2052 | reason=mihomo start failed
[TEST] {1167} tested=1/1 | kept=0 | rest=0
[DROP] name=[免费节点10] 🇺🇸 US 401 → tg@nicevpn123 {1167} | server=beeconf.xyz:8080 | reason=mihomo start failed
[TEST] {1170} tested=1/1 | kept=0 | rest=0
[DROP] name=[免费节点10] 🇺🇸 US 404 → tg@nicevpn123 {1170} | server=104.16.57.148:8080 | reason=mihomo start failed
[TEST] {1166} tested=1/1 | kept=0 | rest=0
[DROP] name=[免费节点10] 🇺🇸 US 400 → tg@nicevpn123 {1166} | server=2.58.87.221:46628 | reason=mihomo start failed
[TEST] {1172} tested=1/1 | kept=0 | rest=0
[DROP] name=[免费节点10] 🇺🇸 US 406 → tg@nicevpn123 {1172} | server=172.67.184.53:8443 | reason=mihomo start failed
[TEST] {1174} tested=1/1 | kept=0 | rest=0
[DROP] name=[免费节点10] 🇺🇸 US 417 → tg@nicevpn123 {1174} | server=172.67.68.246:443 | reason=mihomo start failed
[TEST] {1168} tested=1/1 | kept=0 | rest=0
[DROP] name=[免费节点10] 🇺🇸 US 402 → tg@nicevpn123 {1168} | server=ip0axv1bbsu02k7-us.1ytnode.com:56357 | reason=mihomo start failed
[TEST] {1175} tested=1/1 | kept=0 | rest=0
[DROP] name=[免费节点10] 🇺🇸 US 418 → tg@nicevpn123 {1175} | server=152.42.218.53:80 | reason=mihomo start failed
[TEST] {1177} tested=1/1 | kept=0 | rest=0
[DROP] name=[免费节点10] 🇺🇸 US 421 → tg@nicevpn123 {1177} | server=us2-full.privateip.net:443 | reason=mihomo start failed
[TEST] {1178} tested=1/1 | kept=0 | rest=0
[DROP] name=[免费节点10] 🇺🇸 US 422 → tg@nicevpn123 {1178} | server=v2line.telegram.channel.1390.fr8678825324247b8176d59f83c30bd94d23d2e3ac5cd4a743bkwqeikvdyufr.cyou:80 | reason=mihomo start failed
[TEST] {1180} tested=1/1 | kept=0 | rest=0
[DROP] name=[免费节点10] 🇺🇸 US 424 → tg@nicevpn123 {1180} | server=104.19.45.75:2095 | reason=mihomo start failed
[TEST] {1171} tested=1/1 | kept=0 | rest=0
[DROP] name=[免费节点10] 🇺🇸 US 405 → tg@nicevpn123 {1171} | server=38.46.1.235:49828 | reason=mihomo start failed
[TEST] {1179} tested=1/1 | kept=0 | rest=0
[DROP] name=[免费节点10] 🇺🇸 US 423 → tg@nicevpn123 {1179} | server=13.35.13.138:443 | reason=mihomo start failed
[TEST] {1181} tested=1/1 | kept=0 | rest=0
[DROP] name=[免费节点10] 🇺🇸 US 425 → tg@nicevpn123 {1181} | server=01eb6-g01.jp03-7d22-vm0.entry.fr0307a.art:21581 | reason=mihomo start failed
[TEST] {1183} tested=1/1 | kept=0 | rest=0
[DROP] name=[免费节点10] 🇺🇸 US 381 → tg@nicevpn123 {1183} | server=104.16.40.112:2082 | reason=mihomo start failed
[TEST] {1173} tested=1/1 | kept=0 | rest=0
[DROP] name=[免费节点10] 🇺🇸 US 407 → tg@nicevpn123 {1173} | server=38.110.1.88:5600 | reason=mihomo start failed
[TEST] {1185} tested=1/1 | kept=0 | rest=0
[DROP] name=[免费节点10] 🇺🇸 US 384 → tg@nicevpn123 {1185} | server=104.19.45.170:2095 | reason=mihomo start failed
[TEST] {1186} tested=1/1 | kept=0 | rest=0
[DROP] name=[免费节点10] 🇺🇸 US 385 → tg@nicevpn123 {1186} | server=104.19.45.106:2095 | reason=mihomo start failed
[TEST] {1187} tested=1/1 | kept=0 | rest=0
[DROP] name=[免费节点10] 🇺🇸 US 386 → tg@nicevpn123 {1187} | server=104.16.96.41:443 | reason=mihomo start failed
[TEST] {1189} tested=1/1 | kept=0 | rest=0
[DROP] name=[免费节点10] 🇺🇸 US 388 → tg@nicevpn123 {1189} | server=104.16.196.41:443 | reason=mihomo start failed
[TEST] {1176} tested=1/1 | kept=0 | rest=0
[DROP] name=[免费节点10] 🇺🇸 US 42 → tg@nicevpn123 {1176} | server=38.75.137.105:8881 | reason=mihomo start failed
[TEST] {1188} tested=1/1 | kept=0 | rest=0
[DROP] name=[免费节点10] 🇺🇸 US 387 → tg@nicevpn123 {1188} | server=38.110.1.105:5004 | reason=mihomo start failed
[TEST] {1182} tested=1/1 | kept=0 | rest=0
[DROP] name=[免费节点10] 🇺🇸 US 427 → tg@nicevpn123 {1182} | server=35.87.1.148:443 | reason=mihomo start failed
[TEST] {1192} tested=1/1 | kept=0 | rest=0
[DROP] name=[免费节点10] 🇺🇸 US 464 → tg@nicevpn123 {1192} | server=www.speedtest.net:80 | reason=mihomo start failed
[TEST] {1193} tested=1/1 | kept=0 | rest=0
[DROP] name=[免费节点10] 🇺🇸 US 466 → tg@nicevpn123 {1193} | server=104.21.225.158:80 | reason=mihomo start failed
[TEST] {1196} tested=1/1 | kept=0 | rest=0
[DROP] name=[免费节点10] 🇺🇸 US 47 → tg@nicevpn123 {1196} | server=104.21.238.93:80 | reason=mihomo start failed
[TEST] {1194} tested=1/1 | kept=0 | rest=0
[DROP] name=[免费节点10] 🇺🇸 US 467 → tg@nicevpn123 {1194} | server=104.19.159.14:443 | reason=mihomo start failed
[TEST] {1184} tested=1/1 | kept=0 | rest=0
[DROP] name=[免费节点10] 🇺🇸 US 383 → tg@nicevpn123 {1184} | server=162.19.25.207:34232 | reason=mihomo start failed
[TEST] {1195} tested=1/1 | kept=0 | rest=0
[DROP] name=[免费节点10] 🇺🇸 US 469 → tg@nicevpn123 {1195} | server=104.16.40.52:2082 | reason=mihomo start failed
[TEST] {1197} tested=1/1 | kept=0 | rest=0
[DROP] name=[免费节点10] 🇺🇸 US 46 → tg@nicevpn123 {1197} | server=104.16.40.109:2082 | reason=mihomo start failed
[TEST] {1199} tested=1/1 | kept=0 | rest=0
[DROP] name=[免费节点10] 🇺🇸 US 462 → tg@nicevpn123 {1199} | server=uk2-full.privateip.net:443 | reason=mihomo start failed
[TEST] {1200} tested=1/1 | kept=0 | rest=0
[DROP] name=[免费节点10] 🇺🇸 US 463 → tg@nicevpn123 {1200} | server=104.19.45.115:2095 | reason=mihomo start failed
[TEST] {1202} tested=1/1 | kept=0 | rest=0
[DROP] name=[免费节点10] 🇺🇸 US 489 → tg@nicevpn123 {1202} | server=54.245.12.173:17398 | reason=mihomo start failed
[TEST] {1190} tested=1/1 | kept=0 | rest=0
[DROP] name=[免费节点10] 🇺🇸 US 389 → tg@nicevpn123 {1190} | server=158.101.217.208:443 | reason=mihomo start failed
[TEST] {1191} tested=1/1 | kept=0 | rest=0
[DROP] name=[免费节点10] 🇺🇸 US 39 → tg@nicevpn123 {1191} | server=38.75.136.33:9102 | reason=mihomo start failed
[TEST] {1198} tested=1/1 | kept=0 | rest=0
[DROP] name=[免费节点10] 🇺🇸 US 461 → tg@nicevpn123 {1198} | server=ip0axv1bbsu02k7-my.1ytnode.com:56370 | reason=mihomo start failed
[TEST] {1201} tested=1/1 | kept=0 | rest=0
[DROP] name=[免费节点10] 🇺🇸 US 487 → tg@nicevpn123 {1201} | server=94.131.117.240:443 | reason=mihomo start failed
[TEST] {1206} tested=1/1 | kept=0 | rest=0
[DROP] name=[免费节点10] 🇺🇸 US 494 → tg@nicevpn123 {1206} | server=104.19.43.248:80 | reason=mihomo start failed
[TEST] {1207} tested=1/1 | kept=0 | rest=0
[DROP] name=[免费节点10] 🇺🇸 US 495 → tg@nicevpn123 {1207} | server=172.67.184.53:8443 | reason=mihomo start failed
[TEST] {1203} tested=1/1 | kept=0 | rest=0
[DROP] name=[免费节点10] 🇺🇸 US 490 → tg@nicevpn123 {1203} | server=94.131.8.32:80 | reason=mihomo start failed
[TEST] {1204} tested=1/1 | kept=0 | rest=0
[DROP] name=[免费节点10] 🇺🇸 US 491 → tg@nicevpn123 {1204} | server=167.172.19.102:8880 | reason=mihomo start failed
[TEST] {1210} tested=1/1 | kept=0 | rest=0
[DROP] name=[免费节点10] 🇺🇸 US 51 → tg@nicevpn123 {1210} | server=104.19.44.200:8080 | reason=mihomo start failed
[TEST] {1211} tested=1/1 | kept=0 | rest=0
[DROP] name=[免费节点10] 🇺🇸 US 510 → tg@nicevpn123 {1211} | server=104.16.100.23:443 | reason=mihomo start failed
[TEST] {1212} tested=1/1 | kept=0 | rest=0
[DROP] name=[免费节点10] 🇺🇸 US 511 → tg@nicevpn123 {1212} | server=104.19.43.10:80 | reason=mihomo start failed
[TEST] {1205} tested=1/1 | kept=0 | rest=0
[DROP] name=[免费节点10] 🇺🇸 US 492 → tg@nicevpn123 {1205} | server=ip0axv1bbsu02k7-jp.1ytnode.com:56350 | reason=mihomo start failed
[TEST] {1215} tested=1/1 | kept=0 | rest=0
[DROP] name=[免费节点10] 🇺🇸 US 514 → tg@nicevpn123 {1215} | server=zula.ir:443 | reason=mihomo start failed
[TEST] {1208} tested=1/1 | kept=0 | rest=0
[DROP] name=[免费节点10] 🇺🇸 US 497 → tg@nicevpn123 {1208} | server=54.245.36.10:443 | reason=mihomo start failed
[TEST] {1214} tested=1/1 | kept=0 | rest=0
[DROP] name=[免费节点10] 🇺🇸 US 513 → tg@nicevpn123 {1214} | server=104.19.45.130:2095 | reason=mihomo start failed
[TEST] {1217} tested=1/1 | kept=0 | rest=0
[DROP] name=[免费节点10] 🇺🇸 US 518 → tg@nicevpn123 {1217} | server=38.68.134.9:6679 | reason=mihomo start failed
[TEST] {1209} tested=1/1 | kept=0 | rest=0
[DROP] name=[免费节点10] 🇺🇸 US 498 → tg@nicevpn123 {1209} | server=docs.digitalocean.com:2096 | reason=mihomo start failed
[TEST] {1219} tested=1/1 | kept=0 | rest=0
[DROP] name=[免费节点10] 🇺🇸 US 553 → tg@nicevpn123 {1219} | server=104.19.45.78:2095 | reason=mihomo start failed
[TEST] {1220} tested=1/1 | kept=0 | rest=0
[DROP] name=[免费节点10] 🇺🇸 US 554 → tg@nicevpn123 {1220} | server=104.18.29.250:2052 | reason=mihomo start failed
[TEST] {1213} tested=1/1 | kept=0 | rest=0
[DROP] name=[免费节点10] 🇺🇸 US 512 → tg@nicevpn123 {1213} | server=15.204.87.225:5003 | reason=mihomo start failed
[TEST] {1216} tested=1/1 | kept=0 | rest=0
[DROP] name=[免费节点10] 🇺🇸 US 517 → tg@nicevpn123 {1216} | server=503.outline-vpn.cloud:443 | reason=mihomo start failed
[TEST] {1218} tested=1/1 | kept=0 | rest=0
[DROP] name=[免费节点10] 🇺🇸 US 519 → tg@nicevpn123 {1218} | server=13.37.6.138:22222 | reason=mihomo start failed
[TEST] {1224} tested=1/1 | kept=0 | rest=0
[DROP] name=[免费节点10] 🇺🇸 US 549 → tg@nicevpn123 {1224} | server=50.114.243.61:43834 | reason=mihomo start failed
[TEST] {1225} tested=1/1 | kept=0 | rest=0
[DROP] name=[免费节点10] 🇺🇸 US 55 → tg@nicevpn123 {1225} | server=14.vmessprotocol.telegram-vmessprotocol-channel.space:2086 | reason=mihomo start failed
[TEST] {1221} tested=1/1 | kept=0 | rest=0
[DROP] name=[免费节点10] 🇺🇸 US 555 → tg@nicevpn123 {1221} | server=38.75.137.105:6379 | reason=mihomo start failed
[TEST] {1227} tested=1/1 | kept=0 | rest=0
[DROP] name=[免费节点10] 🇺🇸 US 552 → tg@nicevpn123 {1227} | server=104.16.39.94:2082 | reason=mihomo start failed
[TEST] {1223} tested=1/1 | kept=0 | rest=0
[DROP] name=[免费节点10] 🇺🇸 US 558 → tg@nicevpn123 {1223} | server=onea.flha.ru:2095 | reason=mihomo start failed
[TEST] {1222} tested=1/1 | kept=0 | rest=0
[DROP] name=[免费节点10] 🇺🇸 US 556 → tg@nicevpn123 {1222} | server=38.114.114.208:7002 | reason=mihomo start failed
[TEST] {1231} tested=1/1 | kept=0 | rest=0
[DROP] name=[免费节点10] 🇺🇸 US 531 → tg@nicevpn123 {1231} | server=104.21.44.64:443 | reason=mihomo start failed
[TEST] {1229} tested=1/1 | kept=0 | rest=0
[DROP] name=[免费节点10] 🇺🇸 US 53 → tg@nicevpn123 {1229} | server=104.16.39.228:2082 | reason=mihomo start failed
[TEST] {1233} tested=1/1 | kept=0 | rest=0
[DROP] name=[免费节点10] 🇺🇸 US 534 → tg@nicevpn123 {1233} | server=au01.freeflyingcloud.xyz:42002 | reason=mihomo start failed
[TEST] {1232} tested=1/1 | kept=0 | rest=0
[DROP] name=[免费节点10] 🇺🇸 US 532 → tg@nicevpn123 {1232} | server=104.19.128.214:2086 | reason=mihomo start failed
[TEST] {1226} tested=1/1 | kept=0 | rest=0
[DROP] name=[免费节点10] 🇺🇸 US 551 → tg@nicevpn123 {1226} | server=38.114.114.208:443 | reason=mihomo start failed
[TEST] {1228} tested=1/1 | kept=0 | rest=0
[DROP] name=[免费节点10] 🇺🇸 US 528 → tg@nicevpn123 {1228} | server=149.28.58.129:45617 | reason=mihomo start failed
[TEST] {1230} tested=1/1 | kept=0 | rest=0
[DROP] name=[免费节点10] 🇺🇸 US 530 → tg@nicevpn123 {1230} | server=216.246.66.205:57616 | reason=mihomo start failed
[TEST] {1235} tested=1/1 | kept=0 | rest=0
[DROP] name=[免费节点10] 🇺🇸 US 536 → tg@nicevpn123 {1235} | server=104.21.238.66:80 | reason=mihomo start failed
[TEST] {1238} tested=1/1 | kept=0 | rest=0
[DROP] name=[免费节点10] 🇺🇸 US 595 → tg@nicevpn123 {1238} | server=best-charm-pediatrician.glitch.me:443 | reason=mihomo start failed
[TEST] {1237} tested=1/1 | kept=0 | rest=0
[DROP] name=[免费节点10] 🇺🇸 US 593 → tg@nicevpn123 {1237} | server=38.110.1.105:9102 | reason=mihomo start failed
[TEST] {1239} tested=1/1 | kept=0 | rest=0
[DROP] name=[免费节点10] 🇺🇸 US 598 → tg@nicevpn123 {1239} | server=104.16.40.247:2082 | reason=mihomo start failed
[TEST] {1241} tested=1/1 | kept=0 | rest=0
[DROP] name=[免费节点10] 🇺🇸 US 570 → tg@nicevpn123 {1241} | server=104.18.219.61:2087 | reason=mihomo start failed
[TEST] {1240} tested=1/1 | kept=0 | rest=0
[DROP] name=[免费节点10] 🇺🇸 US 6 → tg@nicevpn123 {1240} | server=oe6wc-g01.jp05-6786-vm0.entry.fr0307a.art:46482 | reason=mihomo start failed
[TEST] {1234} tested=1/1 | kept=0 | rest=0
[DROP] name=[免费节点10] 🇺🇸 US 535 → tg@nicevpn123 {1234} | server=104.207.133.131:39729 | reason=mihomo start failed
[TEST] {1244} tested=1/1 | kept=0 | rest=0
[DROP] name=[免费节点10] 🇺🇸 US 575 → tg@nicevpn123 {1244} | server=bolder-metal-comma.glitch.me:443 | reason=mihomo start failed
[TEST] {1236} tested=1/1 | kept=0 | rest=0
[DROP] name=[免费节点10] 🇺🇸 US 537 → tg@nicevpn123 {1236} | server=205.234.232.189:50129 | reason=mihomo start failed
[TEST] {1245} tested=1/1 | kept=0 | rest=0
[DROP] name=[免费节点10] 🇺🇸 US 576 → tg@nicevpn123 {1245} | server=104.19.45.239:2082 | reason=mihomo start failed
[TEST] {1249} tested=1/1 | kept=0 | rest=0
[DROP] name=[免费节点10] 🇺🇸 US 580 → tg@nicevpn123 {1249} | server=104.19.45.43:2095 | reason=mihomo start failed
[TEST] {1247} tested=1/1 | kept=0 | rest=0
[DROP] name=[免费节点10] 🇺🇸 US 578 → tg@nicevpn123 {1247} | server=104.16.40.136:2082 | reason=mihomo start failed
[TEST] {1248} tested=1/1 | kept=0 | rest=0
[DROP] name=[免费节点10] 🇺🇸 US 58 → tg@nicevpn123 {1248} | server=104.21.227.36:80 | reason=mihomo start failed
[TEST] {1250} tested=1/1 | kept=0 | rest=0
[DROP] name=[免费节点10] 🇺🇸 US 600 → tg@nicevpn123 {1250} | server=104.19.42.243:2082 | reason=mihomo start failed
[TEST] {1243} tested=1/1 | kept=0 | rest=0
[DROP] name=[免费节点10] 🇺🇸 US 574 → tg@nicevpn123 {1243} | server=34.221.163.96:443 | reason=mihomo start failed
[TEST] {1253} tested=1/1 | kept=0 | rest=0
[DROP] name=[免费节点10] 🇺🇸 US 604 → tg@nicevpn123 {1253} | server=173.245.58.11:443 | reason=mihomo start failed
[TEST] {1242} tested=1/1 | kept=0 | rest=0
[DROP] name=[免费节点10] 🇺🇸 US 572 → tg@nicevpn123 {1242} | server=38.75.136.108:8091 | reason=mihomo start failed
[TEST] {1254} tested=1/1 | kept=0 | rest=0
[DROP] name=[免费节点10] 🇺🇸 US 605 → tg@nicevpn123 {1254} | server=104.16.43.210:2082 | reason=mihomo start failed
[TEST] {1257} tested=1/1 | kept=0 | rest=0
[DROP] name=[免费节点10] 🇺🇸 US 640 → tg@nicevpn123 {1257} | server=104.19.171.9:443 | reason=mihomo start failed
[TEST] {1246} tested=1/1 | kept=0 | rest=0
[DROP] name=[免费节点10] 🇺🇸 US 577 → tg@nicevpn123 {1246} | server=165.22.47.62:8881 | reason=mihomo start failed
[TEST] {1256} tested=1/1 | kept=0 | rest=0
[DROP] name=[免费节点10] 🇺🇸 US 639 → tg@nicevpn123 {1256} | server=104.21.225.193:80 | reason=mihomo start failed
[TEST] {1258} tested=1/1 | kept=0 | rest=0
[DROP] name=[免费节点10] 🇺🇸 US 642 → tg@nicevpn123 {1258} | server=99.84.50.218:443 | reason=mihomo start failed
[TEST] {1251} tested=1/1 | kept=0 | rest=0
[DROP] name=[免费节点10] 🇺🇸 US 601 → tg@nicevpn123 {1251} | server=66.225.246.221:30129 | reason=mihomo start failed
[TEST] {1259} tested=1/1 | kept=0 | rest=0
[DROP] name=[免费节点10] 🇺🇸 US 644 → tg@nicevpn123 {1259} | server=172.67.158.153:443 | reason=mihomo start failed
[TEST] {1260} tested=1/1 | kept=0 | rest=0
[DROP] name=[免费节点10] 🇺🇸 US 645 → tg@nicevpn123 {1260} | server=104.19.45.50:2095 | reason=mihomo start failed
[TEST] {1261} tested=1/1 | kept=0 | rest=0
[DROP] name=[免费节点10] 🇺🇸 US 646 → tg@nicevpn123 {1261} | server=172.245.180.193:16899 | reason=mihomo start failed
[TEST] {1263} tested=1/1 | kept=0 | rest=0
[DROP] name=[免费节点10] 🇺🇸 US 648 → tg@nicevpn123 {1263} | server=104.19.45.99:2095 | reason=mihomo start failed
[TEST] {1252} tested=1/1 | kept=0 | rest=0
[DROP] name=[免费节点10] 🇺🇸 US 602 → tg@nicevpn123 {1252} | server=38.75.137.42:8080 | reason=mihomo start failed
[TEST] {1266} tested=1/1 | kept=0 | rest=0
[DROP] name=[免费节点10] 🇺🇸 US 684 → tg@nicevpn123 {1266} | server=172.233.164.254:16899 | reason=mihomo start failed
[TEST] {1255} tested=1/1 | kept=0 | rest=0
[DROP] name=[免费节点10] 🇺🇸 US 638 → tg@nicevpn123 {1255} | server=38.121.43.248:8882 | reason=mihomo start failed
[TEST] {1267} tested=1/1 | kept=0 | rest=0
[DROP] name=[免费节点10] 🇺🇸 US 685 → tg@nicevpn123 {1267} | server=fcdn.flha.ru:2095 | reason=mihomo start failed
[TEST] {1268} tested=1/1 | kept=0 | rest=0
[DROP] name=[免费节点10] 🇺🇸 US 686 → tg@nicevpn123 {1268} | server=hk.wish.ml:2052 | reason=mihomo start failed
[TEST] {1262} tested=1/1 | kept=0 | rest=0
[DROP] name=[免费节点10] 🇺🇸 US 647 → tg@nicevpn123 {1262} | server=66.42.84.121:443 | reason=mihomo start failed
[TEST] {1269} tested=1/1 | kept=0 | rest=0
[DROP] name=[免费节点10] 🇺🇸 US 687 → tg@nicevpn123 {1269} | server=104.21.80.53:2053 | reason=mihomo start failed
[TEST] {1270} tested=1/1 | kept=0 | rest=0
[DROP] name=[免费节点10] 🇺🇸 US 688 → tg@nicevpn123 {1270} | server=104.19.45.70:2082 | reason=mihomo start failed
[TEST] {1264} tested=1/1 | kept=0 | rest=0
[DROP] name=[免费节点10] 🇺🇸 US 682 → tg@nicevpn123 {1264} | server=38.75.137.42:8881 | reason=mihomo start failed
[TEST] {1272} tested=1/1 | kept=0 | rest=0
[DROP] name=[免费节点10] 🇺🇸 US 69 → tg@nicevpn123 {1272} | server=104.16.40.69:2082 | reason=mihomo start failed
[TEST] {1273} tested=1/1 | kept=0 | rest=0
[DROP] name=[Epodonios] EPODONIOS-2261 {1273} | server=104.18.26.94:80 | reason=mihomo start failed
[TEST] {1274} tested=1/1 | kept=0 | rest=0
[DROP] name=[Epodonios] EPODONIOS-2262 {1274} | server=104.21.48.1:443 | reason=mihomo start failed
[TEST] {1265} tested=1/1 | kept=0 | rest=0
[DROP] name=[免费节点10] 🇺🇸 US 683 → tg@nicevpn123 {1265} | server=ip0axv1bbsu02k7-hk.1ytnode.com:56315 | reason=mihomo start failed
[TEST] {1275} tested=1/1 | kept=0 | rest=0
[DROP] name=[Epodonios] EPODONIOS-2263 {1275} | server=163.8.195.241:2087 | reason=mihomo start failed
[TEST] {1278} tested=1/1 | kept=0 | rest=0
[DROP] name=[Epodonios] EPODONIOS-2266 {1278} | server=83.217.222.183:443 | reason=mihomo start failed
[TEST] {1279} tested=1/1 | kept=0 | rest=0
[DROP] name=[Epodonios] EPODONIOS-2267 {1279} | server=212.95.34.13:443 | reason=mihomo start failed
[TEST] {1280} tested=1/1 | kept=0 | rest=0
[DROP] name=[Epodonios] EPODONIOS-2268 {1280} | server=13.39.239.251:22224 | reason=mihomo start failed
[TEST] {1271} tested=1/1 | kept=0 | rest=0
[DROP] name=[免费节点10] 🇺🇸 US 689 → tg@nicevpn123 {1271} | server=38.110.1.202:8090 | reason=mihomo start failed
[TEST] {1283} tested=1/1 | kept=0 | rest=0
[DROP] name=[免费节点10] 🇺🇸 US 66 → tg@nicevpn123 {1283} | server=104.20.26.40:8080 | reason=mihomo start failed
[TEST] {1282} tested=1/1 | kept=0 | rest=0
[DROP] name=[免费节点10] 🇺🇸 US 658 → tg@nicevpn123 {1282} | server=104.16.40.244:2082 | reason=mihomo start failed
[TEST] {1276} tested=1/1 | kept=0 | rest=0
[DROP] name=[Epodonios] EPODONIOS-2264 {1276} | server=185.234.64.97:443 | reason=mihomo start failed
[TEST] {1285} tested=1/1 | kept=0 | rest=0
[DROP] name=[免费节点10] 🇺🇸 US 665 → tg@nicevpn123 {1285} | server=104.16.39.199:2082 | reason=mihomo start failed
[TEST] {1287} tested=1/1 | kept=0 | rest=0
[DROP] name=[免费节点10] 🇺🇸 US 667 → tg@nicevpn123 {1287} | server=104.21.83.208:443 | reason=mihomo start failed
[TEST] {1286} tested=1/1 | kept=0 | rest=0
[DROP] name=[免费节点10] 🇺🇸 US 666 → tg@nicevpn123 {1286} | server=104.19.45.6:2095 | reason=mihomo start failed
[TEST] {1288} tested=1/1 | kept=0 | rest=0
[DROP] name=[免费节点10] 🇺🇸 US 67 → tg@nicevpn123 {1288} | server=104.17.61.9:443 | reason=mihomo start failed
[TEST] {1289} tested=1/1 | kept=0 | rest=0
[DROP] name=[免费节点10] 🇺🇸 US 670 → tg@nicevpn123 {1289} | server=104.19.212.140:2082 | reason=mihomo start failed
[TEST] {1277} tested=1/1 | kept=0 | rest=0
[DROP] name=[Epodonios] EPODONIOS-2265 {1277} | server=65.109.241.111:44174 | reason=mihomo start failed
[TEST] {1281} tested=1/1 | kept=0 | rest=0
[DROP] name=[Epodonios] EPODONIOS-2269 {1281} | server=15.188.153.82:22224 | reason=mihomo start failed
[TEST] {1284} tested=1/1 | kept=0 | rest=0
[DROP] name=[免费节点10] 🇺🇸 US 662 → tg@nicevpn123 {1284} | server=38.86.135.225:5601 | reason=mihomo start failed
[TEST] {1290} tested=1/1 | kept=0 | rest=0
[DROP] name=[免费节点10] 🇺🇸 US 671 → tg@nicevpn123 {1290} | server=64.23.190.208:59703 | reason=mihomo start failed
[WARN] real latency benchmark unavailable | reason='list' object has no attribute 'proxy'
[INFO] reused previous clash | proxies=400 file=797390719364-clash-0635-20260928.yaml stamp=202609280635
[WARN] no live nodes passed; reusing previous history clash as degraded fallback
[INFO] geo tally | live=400 | HK=35 | JP=49 | KR=32 | TW=19 | SG=15 | US=114 | GB=3 | FR=16 | DE=4 | NL=8 | CA=16 | other=89
[INFO] score summary | n=400 | max=102.9596 | p90=102.8800 | p50=0.7261 | avg=30.2738 | min=-4.4211 | geo_avg=25.5122 | adj_avg=+4.2103
============================================================
+------------------------------+--------+--------+------+--------+
| source                       |    raw | unique | live | capped |
+------------------------------+--------+--------+------+--------+
| [大FQ运动]                   |   1870 |   1867 |    5 |      5 |
+------------------------------+--------+--------+------+--------+
| [Pawdroid]                   |     41 |     16 |    5 |      5 |
+------------------------------+--------+--------+------+--------+
| [FreeV2-Base64]              |      3 |      3 |    0 |      0 |
+------------------------------+--------+--------+------+--------+
| [Bocchi2b-Base64]            |     35 |     35 |    0 |      0 |
+------------------------------+--------+--------+------+--------+
| [Freesocks]                  |      4 |      4 |    3 |      3 |
+------------------------------+--------+--------+------+--------+
| [NekoWarp]                   |     10 |     10 |    6 |      6 |
+------------------------------+--------+--------+------+--------+
| [OpenRunner-RSS]             |     11 |      0 |    1 |      1 |
+------------------------------+--------+--------+------+--------+
| [V2Rayshare-RSS]             |     22 |     21 |    1 |      1 |
+------------------------------+--------+--------+------+--------+
| [Mibei77-RSS]                |    159 |     76 |    4 |      4 |
+------------------------------+--------+--------+------+--------+
| [Yoyapai-RSS]                |    230 |    179 |   12 |     12 |
+------------------------------+--------+--------+------+--------+
| [免费节点1]                  |    288 |    178 |    5 |      5 |
+------------------------------+--------+--------+------+--------+
| [免费节点2]                  |    346 |      0 |   16 |     16 |
+------------------------------+--------+--------+------+--------+
| [免费节点3]                  |     54 |      0 |    0 |      0 |
+------------------------------+--------+--------+------+--------+
| [免费节点4]                  |    835 |      0 |    5 |      5 |
+------------------------------+--------+--------+------+--------+
| [免费节点5]                  |     29 |     28 |    0 |      0 |
+------------------------------+--------+--------+------+--------+
| [免费节点6]                  |   1635 |   1524 |   33 |     33 |
+------------------------------+--------+--------+------+--------+
| [免费节点7]                  |     64 |     36 |   10 |     10 |
+------------------------------+--------+--------+------+--------+
| [免费节点8]                  |   4171 |   3039 |   24 |     24 |
+------------------------------+--------+--------+------+--------+
| [免费节点9]                  |    615 |    438 |    0 |      0 |
+------------------------------+--------+--------+------+--------+
| [免费节点10]                 |   5517 |   3092 |    5 |      5 |
+------------------------------+--------+--------+------+--------+
| [免费节点11]                 |    467 |    117 |   10 |     10 |
+------------------------------+--------+--------+------+--------+
| [ChromeGO-Toolkit]           |     20 |     18 |    4 |      4 |
+------------------------------+--------+--------+------+--------+
| [ChromeGO-ShiteThings]       |     31 |     23 |    5 |      5 |
+------------------------------+--------+--------+------+--------+
| [ChromeGO-Merge]             |    114 |     74 |    0 |      0 |
+------------------------------+--------+--------+------+--------+
| [Pawdroid-SR-APK]            |    847 |    515 |   50 |     50 |
+------------------------------+--------+--------+------+--------+
| [Pawdroid-SS-APK]            |   1518 |    996 |   50 |     50 |
+------------------------------+--------+--------+------+--------+
| [1VPN-CRX]                   |     17 |     17 |    5 |      5 |
+------------------------------+--------+--------+------+--------+
| [Clashfree]                  |    200 |     71 |    5 |      5 |
+------------------------------+--------+--------+------+--------+
| [Epodonios]                  |   4119 |   2507 |   41 |     41 |
+------------------------------+--------+--------+------+--------+
| [Free-clash-v2ray]           |   3521 |   2092 |   50 |     50 |
+------------------------------+--------+--------+------+--------+
| [V2rayclashfree-RSS]         |   1405 |    224 |   45 |     45 |
+------------------------------+--------+--------+------+--------+
============================================================
[INFO] clash history written | path=/home/runner/work/Free-node-autotest/Free-node-autotest/history/797390719294-clash-0705-20260928.yaml
[SUMMARY] total_nodes=28198
[SUMMARY] legal_candidates=17200
[SUMMARY] passed_latency_test=400
[SUMMARY] region_HK=35 | region_JP=49 | region_US=123
[SUMMARY] avg_latency_ms=5000.0
[SUMMARY] output=/home/runner/work/Free-node-autotest/Free-node-autotest/output/clash.yaml
============================================================
[INFO] raw backup written | path=/home/runner/work/Free-node-autotest/Free-node-autotest/output/raw.yaml | history=797390719294-raw-0705-20260928.yaml | proxies=28200
[INFO] debug history written | path=/home/runner/work/Free-node-autotest/Free-node-autotest/history/797390719294-debug-0705-20260928.log | proxies=28200
