============================================================
[INFO] sublink try page | url=https://end-gfw.com
[OK] proxies=6 | new=6 | url=https://raw.githubusercontent.com/hello-world-1989/cn-news/main/end-gfw-free
[OK] proxies=6 | new=0 | url=https://raw.githubusercontent.com/hello-world-1989/cn-news/main/clash-free.yaml
[INFO] sublink file_nodes=6 | bare links=112
[OK] proxies=38 | new=38 | url=https://raw.githubusercontent.com/yaney01/Yaney01/main/temporary
[OK] proxies=1 | new=1 | url=https://stash.wiki/
[OK] proxies=833 | new=833 | url=https://raw.githubusercontent.com/mfuu/FreeProxies/master/sub
[OK] proxies=1 | new=0 | url=https://ios.wwkejishe.top/
[OK] proxies=1 | new=0 | url=https://ccbaohe.com/appleID/
[OK] proxies=200 | new=183 | url=https://raw.githubusercontent.com/ts-sf/fly/main/clash
[OK] proxies=195 | new=159 | url=https://raw.githubusercontent.com/mahdibland/ShadowsocksAggregator/master/Eternity
[OK] proxies=1 | new=0 | url=https://www.112112789.xyz/
[OK] proxies=1 | new=0 | url=https://manual.getsurfboard.com/
[OK] proxies=1 | new=0 | url=https://www.futizi.net/
[OK] proxies=98 | new=29 | url=https://tt.vg/freeclash
[OK] proxies=1 | new=0 | url=https://c.kilxs.cn/
[OK] proxies=1 | new=0 | url=http://wgjsq.net/#/login
[OK] proxies=1 | new=0 | url=https://c.xiyou666.xyz/
[OK] proxies=354 | new=337 | url=https://www.ermao.net/sub/{reachable|unreachable|untested}/clash/ermao.net
[OK] proxies=2 | new=1 | url=https://apps.apple.com/{us|app}/{app|fair-vpn|streisand}/{id1443988620|id1533873488|id6450534064|id932747118|id1442620678}
[OK] proxies=372 | new=6 | url=https://www.ermao.net/sub/{clash|v2ray}/ermao.net
[OK] proxies=61 | new=61 | url=https://raw.githubusercontent.com/mahdibland/ShadowsocksAggregator/master/EternityAir
[OK] proxies=1 | new=0 | url=https://{apps.apple.com|itunes.apple.com}/us/app/{kitsunebi-proxy-utility|psiphon|shadowrocket|quantumult-x|potatso-lite}/{id1446584073|id1276263909|id932747118|id1443988620|id1239860606}
[OK] proxies=274 | new=260 | url=https://jiang.netlify.app
[INFO] source try link | url=https://end-gfw.com/ss-key
[OK] proxies=4 | new=4 | url=https://end-gfw.com/ss-key
[INFO] sublink try repo | url=https://github.com/hello-world-1989/cn-news
[INFO] sublink try page | url=https://raw.githubusercontent.com/hello-world-1989/cn-news/main/README.md
[OK] proxies=6 | new=6 | url=https://raw.githubusercontent.com/hello-world-1989/v2-sub/main/end-gfw-together-af3e13
[OK] proxies=2 | new=2 | url=https://raw.githubusercontent.com/hello-world-1989/cn-news/refs/heads/main/clash.yaml
[OK] proxies=2 | new=0 | url=https://raw.githubusercontent.com/hello-world-1989/cn-news/main/end-gfw-together
[OK] proxies=1926 | source=[大FQ运动] | url=https://raw.githubusercontent.com/hello-world-1989/cn-news/main/README.md
============================================================
[INFO] sublink try repo | url=https://github.com/Pawdroid/Free-servers
[INFO] sublink try page | url=https://raw.githubusercontent.com/Pawdroid/Free-servers/main/README.md
[OK] proxies=20 | new=20 | url=https://raw.githubusercontent.com/Pawdroid/Free-servers/main/sub
[OK] proxies=1 | new=1 | url=https://apps.apple.com/cn/app/shadowshare/id1612647259
[OK] proxies=20 | new=20 | url=https://raw.githubusercontent.com/Pawdroid/Free-servers/main/README.md
[OK] proxies=1 | new=1 | url=http://www.surflare.com
[OK] proxies=42 | source=[Pawdroid] | url=https://raw.githubusercontent.com/Pawdroid/Free-servers/main/README.md
============================================================
[INFO] source try link | url=https://xmxosfepggzm.503403.xyz
[OK] proxies=3 | new=3 | url=https://xmxosfepggzm.503403.xyz
[OK] proxies=3 | source=[FreeV2-Base64] | url=https://xmxosfepggzm.503403.xyz
============================================================
[INFO] source try link | url=https://links.bocchi2b.top/clash
[OK] proxies=35 | new=35 | url=https://links.bocchi2b.top/clash
[OK] proxies=35 | source=[Bocchi2b-Base64] | url=https://links.bocchi2b.top/clash
============================================================
[INFO] source try link | url=https://freesocks.org/api/v1/sub/02b897e8e77f19176b0b9f2c75864b00
[OK] proxies=1 | new=1 | url=https://freesocks.org/api/v1/sub/02b897e8e77f19176b0b9f2c75864b00
[INFO] source try link | url=https://freesocks.org/api/v1/sub/4cae35810e6f5c4d92e28e32104e0080
[OK] proxies=3 | new=3 | url=https://freesocks.org/api/v1/sub/4cae35810e6f5c4d92e28e32104e0080
[OK] proxies=4 | source=[Freesocks] | url=https://freesocks.org/api/v1/sub/4cae35810e6f5c4d92e28e32104e0080
============================================================
[INFO] source try link | url=https://neko-warp.nloli.xyz/neko_warp.yaml
[OK] proxies=10 | new=10 | url=https://neko-warp.nloli.xyz/neko_warp.yaml
[OK] proxies=10 | source=[NekoWarp] | url=https://neko-warp.nloli.xyz/neko_warp.yaml
============================================================
[INFO] article try feed | url=https://free.datiya.com/index.xml
[INFO] sublink try page | url=https://free.datiya.com/post/20260928/
[OK] proxies=11 | new=11 | url=https://free.datiya.com/uploads/20260928-clash.yaml
[OK] proxies=11 | source=[OpenRunner-RSS] | url=https://free.datiya.com/post/20260928/
============================================================
[WARN] article discovery failed | reason=no article links | url=https://v2rayshare.com
[INFO] sublink try repo | url=https://github.com/firefoxmmx2/v2rayshare_subcription
[INFO] sublink try page | url=https://raw.githubusercontent.com/firefoxmmx2/v2rayshare_subcription/main/README.md
[OK] proxies=22 | new=22 | url=https://{raw.githubusercontent.com|cdn.jsdelivr.net}/firefoxmmx2/v2rayshare_subcription/main/subscription/vray_sub.txt
[OK] proxies=21 | new=0 | url=https://{raw.githubusercontent.com|cdn.jsdelivr.net}/firefoxmmx2/v2rayshare_subcription/main/subscription/clash_sub.yaml
[OK] proxies=22 | new=0 | url=https://{raw.githubusercontent.com|cdn.jsdelivr.net}/firefoxmmx2/v2rayshare_subcription/main/subscription/mihomo_sub.yaml
[OK] proxies=22 | source=[V2Rayshare-RSS] | url=https://raw.githubusercontent.com/firefoxmmx2/v2rayshare_subcription/main/README.md
============================================================
[INFO] article try feed | url=https://www.mibei77.com/feed
[INFO] sublink try page | url=https://www.mibei77.com/703.html
[OK] proxies=159 | new=159 | url=https://mm.mibei77.com/202609/09.2864baczx.txt
[OK] proxies=157 | new=0 | url=https://mm.mibei77.com/202609/0928Clashizx.yaml
[OK] proxies=159 | source=[Mibei77-RSS] | url=https://www.mibei77.com/703.html
============================================================
[INFO] article try feed | url=https://yoyapai.com/feed
[INFO] sublink try page | url=https://yoyapai.com/739
[OK] proxies=229 | new=229 | url=https://freenode.yoyapai.com/2026/09/28-yoyapai.com-clashvpnmianfeijiedian.yaml
[OK] proxies=1 | new=1 | url=https://yoyapai.com/739
[OK] proxies=229 | new=0 | url=https://freenode.yoyapai.com/2026/09/28-yoyapai.com-ssrv2rayvpnmianfeijiedian.txt
[OK] proxies=230 | source=[Yoyapai-RSS] | url=https://yoyapai.com/739
============================================================
[INFO] sublink try repo | url=https://github.com/free18/v2ray
[INFO] sublink try page | url=https://raw.githubusercontent.com/free18/v2ray/main/README.md
[OK] proxies=285 | new=285 | url=https://ghfast.top/https://raw.githubusercontent.com/free18/v2ray/refs/heads/main/v.txt
[OK] proxies=285 | new=0 | url=https://ghfast.top/https://raw.githubusercontent.com/free18/v2ray/refs/heads/main/c.yaml
[OK] proxies=3 | new=3 | url=https://raw.githubusercontent.com/free18/v2ray/main/README.md
[OK] proxies=288 | source=[免费节点1] | url=https://raw.githubusercontent.com/free18/v2ray/main/README.md
============================================================
[INFO] sublink try repo | url=https://github.com/ermaozi/get_subscribe
[INFO] sublink try page | url=https://raw.githubusercontent.com/ermaozi/get_subscribe/main/README.md
[INFO] sublink file_nodes=0 | bare links=9
[OK] proxies=372 | new=372 | url=https://www.ermao.net/sub/{clash|v2ray}/ermao.net
[OK] proxies=354 | new=0 | url=https://www.ermao.net/sub/{reachable|unreachable|untested}/clash/ermao.net
[OK] proxies=372 | source=[免费节点2] | url=https://raw.githubusercontent.com/ermaozi/get_subscribe/main/README.md
============================================================
[INFO] sublink try repo | url=https://github.com/sunmiao4458/free-proxy-airport
[INFO] sublink try page | url=https://raw.githubusercontent.com/sunmiao4458/free-proxy-airport/main/README.md
[OK] proxies=48 | new=48 | url=https://sunmiao4458.github.io/free-proxy-airport/clash.yaml
[OK] proxies=48 | source=[免费节点3] | url=https://raw.githubusercontent.com/sunmiao4458/free-proxy-airport/main/README.md
============================================================
[INFO] sublink try repo | url=https://github.com/mfuu/FreeProxies
[INFO] sublink try page | url=https://raw.githubusercontent.com/mfuu/FreeProxies/master/README.md
[OK] proxies=838 | new=838 | url=https://raw.githubusercontent.com/mfuu/FreeProxies/master/sub.yaml
[OK] proxies=838 | source=[免费节点4] | url=https://raw.githubusercontent.com/mfuu/FreeProxies/master/README.md
============================================================
[INFO] sublink try repo | url=https://github.com/vxiaov/free_proxies
[INFO] sublink try page | url=https://raw.githubusercontent.com/vxiaov/free_proxies/main/README.md
[OK] proxies=1 | new=1 | url=https://raw.githubusercontent.com/vxiaov/free_proxies/main/README.md
[OK] proxies=28 | new=28 | url=https://{cdn.jsdelivr.net|raw.githubusercontent.com}/vxiaov/free_proxies/main/clash/clash.provider.yaml
[OK] proxies=29 | source=[免费节点5] | url=https://raw.githubusercontent.com/vxiaov/free_proxies/main/README.md
============================================================
[INFO] sublink try repo | url=https://github.com/anaer/Sub
[INFO] sublink try page | url=https://raw.githubusercontent.com/anaer/Sub/main/README.MD
[OK] proxies=1635 | new=1635 | url=https://anaer.github.io/Sub/clash.yaml
[OK] proxies=1635 | new=0 | url=https://raw.githubusercontent.com/anaer/Sub/main/clash.yaml
[OK] proxies=1635 | source=[免费节点6] | url=https://raw.githubusercontent.com/anaer/Sub/main/README.MD
============================================================
[INFO] sublink try repo | url=https://github.com/snakem982/proxypool
[INFO] sublink try page | url=https://raw.githubusercontent.com/snakem982/proxypool/main/README.md
[OK] proxies=64 | new=64 | url=https://raw.githubusercontent.com/snakem982/proxypool/main/source/v2ray-2.txt
[OK] proxies=64 | new=0 | url=https://raw.githubusercontent.com/snakem982/proxypool/main/source/clash-meta-2.yaml
[OK] proxies=63 | new=0 | url=https://raw.githubusercontent.com/snakem982/proxypool/main/source/sing-box-2.json
[OK] proxies=64 | source=[免费节点7] | url=https://raw.githubusercontent.com/snakem982/proxypool/main/README.md
============================================================
[INFO] sublink try repo | url=https://github.com/mahdibland/V2RayAggregator
[INFO] sublink try page | url=https://raw.githubusercontent.com/mahdibland/V2RayAggregator/master/README.md
[OK] proxies=196 | new=196 | url=https://raw.githubusercontent.com/mahdibland/ShadowsocksAggregator/master/Eternity.yml
[OK] proxies=195 | new=0 | url=https://raw.githubusercontent.com/mahdibland/ShadowsocksAggregator/master/Eternity.txt
[OK] proxies=1 | new=1 | url=https://cdn.jsdelivr.net/gh/mahdibland/V2RayAggregator@master/update/provider/provider-meta.yml
[OK] proxies=1 | new=0 | url=https://cdn.jsdelivr.net/gh/mahdibland/V2RayAggregator@master/update/provider/provider-cn.yml
[OK] proxies=1449 | new=1405 | url=https://raw.githubusercontent.com/mahdibland/ShadowsocksAggregator/master/sub/splitted/vmess.txt
[OK] proxies=3807 | new=2206 | url=https://raw.githubusercontent.com/mahdibland/SSAggregator/master/sub/sub_merge_base64.txt
[OK] proxies=3992 | new=208 | url=https://raw.githubusercontent.com/mahdibland/SSAggregator/master/sub/sub_merge_yaml.yml
[OK] proxies=1 | new=0 | url=https://cdn.jsdelivr.net/gh/mahdibland/V2RayAggregator@master/update/provider/provider.yml
[OK] proxies=466 | new=0 | url=https://raw.githubusercontent.com/mahdibland/ShadowsocksAggregator/master/sub/splitted/trojan.txt
[OK] proxies=61 | new=61 | url=https://raw.githubusercontent.com/mahdibland/SSAggregator/master/sub/airport_merge_base64.txt
[OK] proxies=378 | new=94 | url=https://raw.githubusercontent.com/mahdibland/V2RayAggregator/master/README.md
[OK] proxies=54 | new=0 | url=https://raw.githubusercontent.com/mahdibland/ShadowsocksAggregator/master/sub/splitted/ssr.txt
[OK] proxies=3807 | new=0 | url=https://raw.githubusercontent.com/mahdibland/{SSAggregator|ShadowsocksAggregator}/master/sub/sub_merge.txt
[OK] proxies=61 | new=0 | url=https://raw.githubusercontent.com/mahdibland/ShadowsocksAggregator/master/EternityAir.txt
[OK] proxies=1838 | new=0 | url=https://raw.githubusercontent.com/mahdibland/ShadowsocksAggregator/master/sub/splitted/ss.txt
[OK] proxies=1 | new=0 | url=https://cdn.jsdelivr.net/gh/mahdibland/V2RayAggregator@master/update/provider/provider-meta-others.yml
[OK] proxies=1 | new=0 | url=https://cdn.jsdelivr.net/gh/mahdibland/V2RayAggregator@master/update/provider/provider-others.yml
[OK] proxies=1 | new=0 | url=https://cdn.jsdelivr.net/gh/mahdibland/V2RayAggregator@master/update/provider/provider-meta-cn.yml
[OK] proxies=61 | new=0 | url=https://raw.githubusercontent.com/mahdibland/SSAggregator/master/sub/airport_sub_merge.txt
[OK] proxies=1 | new=0 | url=https://github.com/mahdibland/SSAggregator/actions/workflows/Collector.yml
[OK] proxies=1 | new=0 | url=https://github.com/mahdibland/SSAggregator/actions/workflows/Airport_Collector.yml
[OK] proxies=4171 | source=[免费节点8] | url=https://raw.githubusercontent.com/mahdibland/V2RayAggregator/master/README.md
============================================================
[INFO] sublink try repo | url=https://github.com/w1770946466/Auto_proxy
[INFO] sublink try page | url=https://raw.githubusercontent.com/w1770946466/Auto_proxy/main/README.md
[OK] proxies=489 | new=489 | url=https://raw.githubusercontent.com/w1770946466/Auto_proxy/main/Long_term_subscription_num
[OK] proxies=1 | new=1 | url=https://github.com/w1770946466/Auto_proxy/actions/workflows/main.yml
[OK] proxies=245 | new=125 | url=https://raw.githubusercontent.com/w1770946466/Auto_proxy/main/{Long_term_subscription2.yaml|Long_term_subscription1.yaml|Long_term_subscription3.yaml}
[OK] proxies=489 | new=0 | url=https://raw.githubusercontent.com/w1770946466/Auto_proxy/main/{Long_term_subscription1|Long_term_subscription2|Long_term_subscription3|Long_term_subscription4|Long_term_subscription5|Long_term_subscription6|Long_term_subscription7|Long_term_subscription8}
[OK] proxies=615 | source=[免费节点9] | url=https://raw.githubusercontent.com/w1770946466/Auto_proxy/main/README.md
============================================================
[INFO] sublink try repo | url=https://github.com/PuddinCat/BestClash
[INFO] sublink try page | url=https://raw.githubusercontent.com/PuddinCat/BestClash/main/README.md
[OK] proxies=33 | new=33 | url=https://raw.githubusercontent.com/Misaka-blog/chromego_merge/main/sub/merged_proxies_new.yaml
[OK] proxies=28 | new=28 | url=https://cdn.jsdelivr.net/gh/vxiaov/free_proxies@main/clash/clash.provider.yaml
[OK] proxies=26 | new=2 | url=https://raw.githubusercontent.com/{chengaopan|peasoft}/{AutoMergePublicNodes|NoMoreWalls}/master/list.yml
[OK] proxies=24 | new=24 | url=https://freenode.openrunner.net/uploads/20240807-clash.yaml
[OK] proxies=144 | new=144 | url=https://raw.githubusercontent.com/zhangkaiitugithub/passcro/main/speednodes.yaml
[OK] proxies=362 | new=188 | url=https://raw.githubusercontent.com/{ermaozi|ermaozi01}/{get_subscribe|free_clash_vpn}/main/subscribe/clash.yml
[OK] proxies=165 | new=165 | url=https://raw.githubusercontent.com/ronghuaxueleng/get_v2/main/pub/combine.yaml
[OK] proxies=196 | new=196 | url=https://raw.githubusercontent.com/mahdibland/ShadowsocksAggregator/master/Eternity.yml
[OK] proxies=16 | new=16 | url=https://raw.githubusercontent.com/PuddinCat/BestClash/main/proxies.yaml
[OK] proxies=4782 | new=4720 | url=https://raw.githubusercontent.com/{NiceVPN123|anaer}/{NiceVPN|Sub}/main/{Clash.yaml|clash.yaml}
[OK] proxies=5516 | source=[免费节点10] | url=https://raw.githubusercontent.com/PuddinCat/BestClash/main/README.md
============================================================
[INFO] sublink try repo | url=https://github.com/kooker/FreeSubsCheck
[INFO] sublink try page | url=https://raw.githubusercontent.com/kooker/FreeSubsCheck/main/README.md
[OK] proxies=11 | new=11 | url=https://raw.githubusercontent.com/kooker/FreeSubsCheck/main/all.yaml
[OK] proxies=11 | new=0 | url=https://raw.githubusercontent.com/kooker/FreeSubsCheck/main/mihomo.yaml
[OK] proxies=2 | new=2 | url=https://raw.githubusercontent.com/kooker/FreeSubsCheck/main/byxiaoxi.txt
[OK] proxies=7 | new=0 | url=https://raw.githubusercontent.com/kooker/FreeSubsCheck/main/base64.txt
[OK] proxies=432 | new=430 | url=https://raw.githubusercontent.com/kooker/FreeSubsCheck/main/kooker.jp.txt
[OK] proxies=443 | source=[免费节点11] | url=https://raw.githubusercontent.com/kooker/FreeSubsCheck/main/README.md
============================================================
[INFO] toolkit try repo | url=https://github.com/bannedbook/fanqiang
[INFO] toolkit try release | url=https://github.com/bannedbook/fanqiang/releases
[INFO] toolkit try release | url=https://github.com/bannedbook/fanqiang/releases/expanded_assets/ChromeGo-latest
[INFO] toolkit try download | url=https://github.com/bannedbook/fanqiang/releases/download/ChromeGo-latest/ChromeGo.7z
[OK] toolkit downloaded | file=ChromeGo.7z | size=96.2MB
[OK] toolkit extracted | archive=ChromeGo.7z | tool=7z | files=222 | dirs=45
[OK] toolkit discovered | subs=107 | embedded=46 | archive=ChromeGo.7z
[INFO] toolkit try repo | url=https://github.com/bannedbook/fanqiang
[INFO] toolkit try release | url=https://github.com/bannedbook/fanqiang/releases
[INFO] toolkit try release | url=https://github.com/bannedbook/fanqiang/releases/expanded_assets/ChromeGo-latest
[INFO] toolkit try download | url=https://github.com/bannedbook/fanqiang/releases/download/ChromeGo-latest/ChromeGo.7z
[OK] toolkit downloaded | file=ChromeGo.7z | size=96.2MB
[OK] toolkit extracted | archive=ChromeGo.7z | tool=7z | files=222 | dirs=45
[OK] toolkit discovered | subs=107 | embedded=46 | archive=ChromeGo.7z
[OK] proxies=12 | new=12 | embedded=archive-config
[OK] proxies=3 | new=3 | url=https://gitlab.com/free9999/ipupdate/master/backup/img/1/2/{ipp|ip}/clash.meta2/{5|6|3|1|4|2}/config.yaml
[OK] proxies=3 | new=0 | url=https://www.67867867.xyz/Alvin9999/PAC/refs/heads/master/backup/img/1/2/{ipp|ip}/clash.meta2/{5|6|3|1|4|2}/config.yaml
[OK] proxies=7 | new=5 | url=https://www.67867867.xyz/Alvin9999/PAC/refs/heads/master/backup/img/1/2/{ipp|ip}/{hysteria2|singbox|naiveproxy|hysteria|xray}/{3|1|4|2}/config.json
[OK] proxies=7 | new=0 | url=https://gitlab.com/free9999/ipupdate/master/backup/img/1/2/{ipp|ip}/{hysteria2|singbox|naiveproxy|hysteria|xray}/{3|1|4|2}/config.json
[OK] proxies=20 | source=[ChromeGO-Toolkit] | url=https://github.com/bannedbook/fanqiang/releases/download/ChromeGo-latest/ChromeGo.7z
============================================================
[INFO] sublink try repo | url=https://github.com/ShiteThings/extractNodes
[INFO] sublink try page | url=https://raw.githubusercontent.com/ShiteThings/extractNodes/main/README.md
[OK] proxies=26 | new=26 | url=https://chg26.makou.cc.cd/sb
[OK] proxies=31 | new=5 | url=https://{chg26.makou.cc.cd|chg64.makou.cc.cd}
[OK] proxies=31 | source=[ChromeGO-ShiteThings] | url=https://raw.githubusercontent.com/ShiteThings/extractNodes/main/README.md
============================================================
[INFO] sublink try repo | url=https://github.com/shangui999/chromego_merge
[INFO] sublink try page | url=https://raw.githubusercontent.com/shangui999/chromego_merge/master/ReadMe.md
[OK] proxies=10 | new=10 | url=https://freedman.netlify.app/sub/merged_proxies_new.yaml
[OK] proxies=16 | new=16 | url=https://freedman.netlify.app/sub/sb.json
[OK] proxies=11 | new=6 | url=https://freedman.netlify.app/sub/shadowrocket_base64.txt
[OK] proxies=11 | new=1 | url=https://freedman.netlify.app/sub/merged_warp_proxies_new.yaml
[INFO] sublink try repo | url=https://github.com/yaney01/chromego
[INFO] sublink try page | url=https://raw.githubusercontent.com/yaney01/chromego/main/ReadMe.md
[OK] proxies=13 | new=7 | url=https://raw.githubusercontent.com/yaney01/chromego/main/sub/sb.json
[OK] proxies=13 | new=5 | url=https://raw.githubusercontent.com/yaney01/chromego/main/sub/shadowrocket_base64.txt
[OK] proxies=50 | new=41 | url=https://raw.githubusercontent.com/yaney01/chromego/main/sub/merged_proxies_new.yaml
[OK] proxies=51 | new=0 | url=https://raw.githubusercontent.com/yaney01/chromego/main/sub/merged_warp_proxies_new.yaml
[INFO] sublink try repo | url=https://github.com/Misaka-blog/chromego_merge
[INFO] sublink try page | url=https://raw.githubusercontent.com/Misaka-blog/chromego_merge/main/README.md
[OK] proxies=33 | new=33 | url=https://chromego-sub.netlify.app/sub/merged_proxies_new.yaml
[OK] proxies=119 | source=[ChromeGO-Merge] | url=https://raw.githubusercontent.com/Misaka-blog/chromego_merge/main/README.md
============================================================
[INFO] toolkit try repo | url=https://github.com/Pawdroid/shadowrocket_for_android
[INFO] toolkit try release | url=https://github.com/Pawdroid/shadowrocket_for_android/releases
[INFO] toolkit try release | url=https://github.com/Pawdroid/shadowrocket_for_android/releases/expanded_assets/10.10.55
[INFO] toolkit try download | url=https://github.com/Pawdroid/shadowrocket_for_android/releases/download/10.10.55/Shadowrocket_10.10.55_shadowrocketStandard_arm64-v8a.apk
[OK] toolkit downloaded | file=Shadowrocket_10.10.55_shadowrocketStandard_arm64-v8a.apk | size=39.5MB
[OK] toolkit extracted | archive=Shadowrocket_10.10.55_shadowrocketStandard_arm64-v8a.apk | tool=zipfile | files=1179 | dirs=44
[OK] toolkit sr-apk scanned | prefixes=38 | files=6 | keys=2 | archive=Shadowrocket_10.10.55_shadowrocketStandard_arm64-v8a.apk
[OK] proxies=378 | new=378 | url=https://{raw.githubusercontent.com|cdn.jsdelivr.net}/pixelor/ecfg/main/data/ecfg6_zh
[OK] proxies=528 | new=150 | url=https://{raw.githubusercontent.com|cdn.jsdelivr.net}/pixelor/ecfg/main/data/ecfg6_en
[OK] proxies=188 | new=86 | url=https://{cdn.jsdelivr.net|raw.githubusercontent.com}/pixelor/ecfg/main/data/ecfg6
[OK] proxies=141 | new=0 | url=https://{files.shadowrockets.app|cdn.shadowrockets.app}/ecfg/data/ecfg6
[OK] proxies=378 | new=0 | url=https://{files.shadowrockets.app|cdn.shadowrockets.app}/ecfg/data/ecfg6_zh
[OK] proxies=378 | new=0 | url=https://cdn.shadowrockets.app/ecfg/data/ecfg6_en
[INFO] toolkit try repo | url=https://github.com/Pawdroid/shadowrocket_for_android
[INFO] toolkit try release | url=https://github.com/Pawdroid/shadowrocket_for_android/releases
[INFO] toolkit try release | url=https://github.com/Pawdroid/shadowrocket_for_android/releases/expanded_assets/10.10.55
[INFO] toolkit try download | url=https://github.com/Pawdroid/shadowrocket_for_android/releases/download/10.10.55/Shadowrocket_10.10.55_shadowrocketStandard_arm64-v8a.apk
[OK] toolkit downloaded | file=Shadowrocket_10.10.55_shadowrocketStandard_arm64-v8a.apk | size=39.5MB
[OK] toolkit extracted | archive=Shadowrocket_10.10.55_shadowrocketStandard_arm64-v8a.apk | tool=zipfile | files=1179 | dirs=44
[OK] toolkit sr-apk scanned | prefixes=38 | files=6 | keys=2 | archive=Shadowrocket_10.10.55_shadowrocketStandard_arm64-v8a.apk
[OK] proxies=378 | new=378 | url=https://{raw.githubusercontent.com|cdn.jsdelivr.net}/pixelor/ecfg/main/data/ecfg6_zh
[OK] proxies=528 | new=150 | url=https://{raw.githubusercontent.com|cdn.jsdelivr.net}/pixelor/ecfg/main/data/ecfg6_en
[OK] proxies=188 | new=86 | url=https://{cdn.jsdelivr.net|raw.githubusercontent.com}/pixelor/ecfg/main/data/ecfg6
[OK] proxies=141 | new=0 | url=https://{files.shadowrockets.app|cdn.shadowrockets.app}/ecfg/data/ecfg6
[OK] proxies=378 | new=0 | url=https://{files.shadowrockets.app|cdn.shadowrockets.app}/ecfg/data/ecfg6_zh
[OK] proxies=378 | new=0 | url=https://cdn.shadowrockets.app/ecfg/data/ecfg6_en
[OK] proxies=614 | source=[Pawdroid-SR-APK] | url=https://github.com/Pawdroid/shadowrocket_for_android/releases/download/10.10.55/Shadowrocket_10.10.55_shadowrocketStandard_arm64-v8a.apk
============================================================
[INFO] toolkit try page | url=https://shadowshare.v2cross.com
[INFO] toolkit try download | url=https://shadowshare.v2cross.com/shadowshare.apk
[OK] toolkit downloaded | file=shadowshare.apk | size=60MB
[OK] toolkit extracted | archive=shadowshare.apk | tool=zipfile | files=612 | dirs=39
[OK] toolkit ss-apk scanned | prefixes=10 | files=3 | keys=1 | archive=shadowshare.apk
[OK] proxies=227 | new=227 | url=https://{raw.githubusercontent.com|jsd.onmicrosoft.cn}/hideme9527/ecsfg/main/data/sareserver
[OK] proxies=1386 | new=1280 | url=https://{jsd.onmicrosoft.cn|raw.githubusercontent.com}/hideme9527/ecsfg/main/data/sareserver_en
[OK] proxies=132 | new=0 | url=https://{shadowsharing.com|sare.159236.xyz}/data/sareserver
[OK] proxies=1386 | new=0 | url=https://{shadowsharing.com|sare.159236.xyz}/data/sareserver_en
[OK] proxies=132 | new=0 | url=https://gitee.com/api/v5/repos/{elvenapp|guoyoucai1}/ecsfg/raw/data/sareserver
[OK] proxies=1386 | new=0 | url=https://gitee.com/api/v5/repos/{zhiminghao|elvenapp|guoyoucai1}/ecsfg/raw/data/sareserver_en
[INFO] toolkit try page | url=https://shadowshare.v2cross.com
[INFO] toolkit try download | url=https://shadowshare.v2cross.com/shadowshare.apk
[OK] toolkit downloaded | file=shadowshare.apk | size=60MB
[OK] toolkit extracted | archive=shadowshare.apk | tool=zipfile | files=612 | dirs=39
[OK] toolkit ss-apk scanned | prefixes=10 | files=3 | keys=1 | archive=shadowshare.apk
[OK] proxies=227 | new=227 | url=https://{raw.githubusercontent.com|jsd.onmicrosoft.cn}/hideme9527/ecsfg/main/data/sareserver
[OK] proxies=1386 | new=1280 | url=https://{jsd.onmicrosoft.cn|raw.githubusercontent.com}/hideme9527/ecsfg/main/data/sareserver_en
[OK] proxies=132 | new=0 | url=https://{shadowsharing.com|sare.159236.xyz}/data/sareserver
[OK] proxies=1386 | new=0 | url=https://{shadowsharing.com|sare.159236.xyz}/data/sareserver_en
[OK] proxies=132 | new=0 | url=https://gitee.com/api/v5/repos/{elvenapp|guoyoucai1}/ecsfg/raw/data/sareserver
[OK] proxies=1386 | new=0 | url=https://gitee.com/api/v5/repos/{zhiminghao|elvenapp|guoyoucai1}/ecsfg/raw/data/sareserver_en
[OK] proxies=1507 | source=[Pawdroid-SS-APK] | url=https://shadowshare.v2cross.com/shadowshare.apk
============================================================
[INFO] toolkit try chrome | url=https://chromewebstore.google.com/detail/free-vpn-proxy-1vpn/akcocjjpkmlniicdeemdceeajlmoabhg
[INFO] toolkit try download | url=https://clients2.google.com/service/update2/crx?response=redirect&prodversion=131.0.6778.0&acceptformat=crx2,crx3&x=id%3dakcocjjpkmlniicdeemdceeajlmoabhg%26uc
[OK] toolkit downloaded | file=free-vpn-proxy-1vpn.crx | size=1.6MB
[OK] toolkit extracted | archive=free-vpn-proxy-1vpn.crx | tool=zipfile | files=68 | dirs=57
[OK] toolkit 1vpn-crx scanned | hosts=17 | keys=1 | archive=free-vpn-proxy-1vpn.crx
[INFO] toolkit try chrome | url=https://chromewebstore.google.com/detail/free-vpn-proxy-1vpn/akcocjjpkmlniicdeemdceeajlmoabhg
[INFO] toolkit try download | url=https://clients2.google.com/service/update2/crx?response=redirect&prodversion=131.0.6778.0&acceptformat=crx2,crx3&x=id%3dakcocjjpkmlniicdeemdceeajlmoabhg%26uc
[OK] toolkit downloaded | file=free-vpn-proxy-1vpn.crx | size=1.6MB
[OK] toolkit extracted | archive=free-vpn-proxy-1vpn.crx | tool=zipfile | files=68 | dirs=57
[OK] toolkit 1vpn-crx scanned | hosts=17 | keys=1 | archive=free-vpn-proxy-1vpn.crx
[OK] proxies=17 | source=[1VPN-CRX] | url=https://clients2.google.com/service/update2/crx?response=redirect&prodversion=131.0.6778.0&acceptformat=crx2,crx3&x=id%3dakcocjjpkmlniicdeemdceeajlmoabhg%26uc
============================================================
[INFO] sublink try repo | url=https://github.com/free-nodes/clashfree
[INFO] sublink try page | url=https://raw.githubusercontent.com/free-nodes/clashfree/main/README.md
[OK] proxies=1 | new=1 | url=https://github.com/free-nodes/clashfree/blob/main/clash20260928.yml
[OK] proxies=199 | new=199 | url=https://raw.githubusercontent.com/free-nodes/clashfree/main/clash20260928.yml
[OK] proxies=199 | new=0 | url=https://raw.githubusercontent.com/free-nodes/clashfree/main/README.md
[OK] proxies=200 | source=[Clashfree] | url=https://raw.githubusercontent.com/free-nodes/clashfree/main/README.md
============================================================
[INFO] sublink try repo | url=https://github.com/Epodonios/v2ray-configs
[INFO] sublink try page | url=https://raw.githubusercontent.com/Epodonios/v2ray-configs/main/README.md
[OK] proxies=162 | new=162 | url=https://github.com/Epodonios/v2ray-configs/raw/main/Splitted-By-Protocol/trojan.txt
[OK] proxies=4177 | new=4018 | url=https://github.com/Epodonios/v2ray-configs/raw/main/All_Configs_base64_Sub.txt
[OK] proxies=1 | new=1 | url=https://github.com/Epodonios/V2ray-Configs/actions/workflows/main.yml
[OK] proxies=3355 | new=93 | url=https://github.com/Epodonios/v2ray-configs/raw/main/Splitted-By-Protocol/vless.txt
[OK] proxies=381 | new=17 | url=https://github.com/Epodonios/v2ray-configs/raw/main/Splitted-By-Protocol/ss.txt
[OK] proxies=4177 | new=0 | url=https://github.com/Epodonios/v2ray-configs/raw/main/All_Configs_Sub.txt
[OK] proxies=184 | new=10 | url=https://github.com/Epodonios/v2ray-configs/raw/main/Splitted-By-Protocol/vmess.txt
[OK] proxies=4177 | new=0 | url=https://raw.githubusercontent.com/Epodonios/v2ray-configs/main/{Sub1.txt|Sub2.txt|Sub3.txt|Sub4.txt|Sub5.txt|Sub6.txt|Sub7.txt|Sub8.txt}
[OK] proxies=4301 | source=[Epodonios] | url=https://raw.githubusercontent.com/Epodonios/v2ray-configs/main/README.md
============================================================
[INFO] sublink try repo | url=https://github.com/free-clash-v2ray/free-clash-v2ray.github.io
[INFO] sublink try page | url=https://raw.githubusercontent.com/free-clash-v2ray/free-clash-v2ray.github.io/main/README.md
[OK] proxies=3129 | new=3129 | url=https://free-clash-v2ray.github.io/uploads/2026/09/{0-20260927.txt|1-20260927.txt|2-20260927.txt|3-20260927.txt|4-20260927.txt}
[OK] proxies=2984 | new=392 | url=https://free-clash-v2ray.github.io/uploads/2026/09/{0-20260927.yaml|1-20260927.yaml|2-20260927.yaml|3-20260927.yaml}
[OK] proxies=3521 | source=[Free-clash-v2ray] | url=https://raw.githubusercontent.com/free-clash-v2ray/free-clash-v2ray.github.io/main/README.md
============================================================
[INFO] article try page | url=https://v2rayclashfree.com
[INFO] sublink try page | url=https://v2rayclashfree.com/fn/20260928.html
[OK] proxies=3005 | new=3005 | url=https://v2rayclashfree.com/sub/20260928-v2ray.txt
[OK] proxies=2950 | new=520 | url=https://v2rayclashfree.com/sub/20260928-clash.yaml
[OK] proxies=3525 | source=[V2rayclashfree-RSS] | url=https://v2rayclashfree.com/fn/20260928.html
============================================================
[INFO] toolkit try repo | url=https://github.com/MetaCubeX/meta-rules-dat
[INFO] toolkit try release | url=https://github.com/MetaCubeX/meta-rules-dat/releases
[INFO] toolkit try release | url=https://github.com/MetaCubeX/meta-rules-dat/releases/expanded_assets/latest
[INFO] toolkit try download | url=https://github.com/MetaCubeX/meta-rules-dat/releases/download/latest/country.mmdb
[OK] toolkit downloaded | file=country.mmdb | size=7.3MB
[INFO] toolkit try repo | url=https://github.com/mledoze/countries
[INFO] toolkit try release | url=https://github.com/mledoze/countries/releases
[INFO] toolkit try release | url=https://github.com/mledoze/countries/releases/expanded_assets/v1.8.0
[INFO] toolkit try download | url=https://github.com/mledoze/countries/archive/refs/tags/v1.8.0.zip
[OK] toolkit downloaded | file=countries-1.8.0.zip | size=4.8MB
[OK] toolkit extracted | archive=countries-1.8.0.zip | tool=zipfile | files=528 | dirs=8
[OK] toolkit found | file=countries.json | from=countries-1.8.0.zip
[OK] geo score ready | files=country.mmdb, countries.json | centroids=247
============================================================
[INFO] toolkit try repo | url=https://github.com/MetaCubeX/mihomo
[INFO] toolkit try release | url=https://github.com/MetaCubeX/mihomo/releases
[INFO] toolkit try release | url=https://github.com/MetaCubeX/mihomo/releases/expanded_assets/v1.19.31
[INFO] toolkit try download | url=https://github.com/MetaCubeX/mihomo/releases/download/v1.19.31/mihomo-linux-amd64-compatible-v1.19.31.gz
[OK] toolkit downloaded | file=mihomo-linux-amd64-compatible-v1.19.31.gz | size=21.8MB
[OK] toolkit hash verified | file=mihomo-linux-amd64-compatible-v1.19.31.gz | sha256=04cf9f09671704f839ddbee2e93069dc831a4123a75281e725d1d96ab9ac1afc
[OK] proxy engine ready, starting latency test | package=mihomo-linux-amd64-compatible-v1.19.31.gz
============================================================
[DEBUG] mihomo start-fail | branch={1} | size=17677 | parse=1 | rc=1 | names=[大FQ运动] end-gfw-kr64-VLESS,[大FQ运动] end-gfw-kr64-HY2,[大FQ运动] end-gfw-kr64-SS...+17674 | err=rc=1 Mihomo exited before controller became ready time="2026-09-28T15:05:22.032661601Z" level=info msg="Start initial configuration in progress" time="2026-09-28T15:05:22.579357918Z" level=fatal msg="Parse config error: proxy 10764: '' h...
[WARN] batch start failed | size=17677 {1} | split=8838 {2} + 8839 {3}
[DEBUG] mihomo start-fail | branch={3} | size=8839 | parse=1 | rc=1 | names=[免费节点10] 🇯🇵 JP 36 → tg@nicevpn123,[免费节点10] 🇯🇵 JP 37 → tg@nicevpn123,[免费节点10] 🇯🇵 JP 38 → tg@nicevpn123...+8836 | err=rc=1 Mihomo exited before controller became ready time="2026-09-28T15:05:30.998006623Z" level=info msg="Start initial configuration in progress" time="2026-09-28T15:05:31.138790078Z" level=fatal msg="Parse config error: proxy 1926: '' ha...
[WARN] batch start failed | size=8839 {3} | split=4419 {4} + 4420 {5}
[DEBUG] mihomo start-fail | branch={4} | size=4419 | parse=1 | rc=1 | names=[免费节点10] 🇯🇵 JP 36 → tg@nicevpn123,[免费节点10] 🇯🇵 JP 37 → tg@nicevpn123,[免费节点10] 🇯🇵 JP 38 → tg@nicevpn123...+4416 | err=rc=1 Mihomo exited before controller became ready time="2026-09-28T15:05:36.179707767Z" level=info msg="Start initial configuration in progress" time="2026-09-28T15:05:36.359614308Z" level=fatal msg="Parse config error: proxy 1926: '' ha...
[WARN] batch start failed | size=4419 {4} | split=2209 {6} + 2210 {7}
[DEBUG] mihomo start-fail | branch={5} | size=4420 | parse=1 | rc=1 | names=[Epodonios] EPODONIOS-881,[Epodonios] EPODONIOS-882,[Epodonios] EPODONIOS-883...+4417 | err=rc=1 Mihomo exited before controller became ready time="2026-09-28T15:05:36.477285936Z" level=info msg="Start initial configuration in progress" time="2026-09-28T15:05:36.615628274Z" level=fatal msg="Parse config error: proxy 1811: '' ha...
[WARN] batch start failed | size=4420 {5} | split=2210 {8} + 2210 {9}
[TEST] {2} tested=100/8838 | kept=3 | rest=17577
[DEBUG] mihomo start-fail | branch={6} | size=2209 | parse=1 | rc=1 | names=[免费节点10] 🇯🇵 JP 36 → tg@nicevpn123,[免费节点10] 🇯🇵 JP 37 → tg@nicevpn123,[免费节点10] 🇯🇵 JP 38 → tg@nicevpn123...+2206 | err=rc=1 Mihomo exited before controller became ready time="2026-09-28T15:05:40.541226419Z" level=info msg="Start initial configuration in progress" time="2026-09-28T15:05:40.674654535Z" level=fatal msg="Parse config error: proxy 1926: '' ha...
[WARN] batch start failed | size=2209 {6} | split=1104 {10} + 1105 {11}
[DEBUG] mihomo start-fail | branch={7} | size=2210 | parse=1 | rc=1 | names=[Pawdroid-SR-APK] United+States-6,[Pawdroid-SR-APK] Singapore-2,[Pawdroid-SR-APK] Norway...+2207 | err=rc=1 Mihomo exited before controller became ready time="2026-09-28T15:05:40.813839237Z" level=info msg="Start initial configuration in progress" time="2026-09-28T15:05:40.847666310Z" level=fatal msg="Parse config error: proxy 237: ss 82....
[WARN] batch start failed | size=2210 {7} | split=1105 {12} + 1105 {13}
[TEST] {2} tested=200/8838 | kept=6 | rest=17477
[DEBUG] mihomo start-fail | branch={8} | size=2210 | parse=1 | rc=1 | names=[Epodonios] EPODONIOS-881,[Epodonios] EPODONIOS-882,[Epodonios] EPODONIOS-883...+2207 | err=rc=1 Mihomo exited before controller became ready time="2026-09-28T15:05:42.991662901Z" level=info msg="Start initial configuration in progress" time="2026-09-28T15:05:43.125668391Z" level=fatal msg="Parse config error: proxy 1811: '' ha...
[WARN] batch start failed | size=2210 {8} | split=1105 {14} + 1105 {15}
[DEBUG] mihomo start-fail | branch={11} | size=1105 | parse=1 | rc=1 | names=[免费节点10] 🇺🇸 US 1989 → tg@nicevpn123,[免费节点10] 🇺🇸 US 1990 → tg@nicevpn123,[免费节点10] 🇺🇸 US 1991 → tg@nicevpn123...+1102 | err=rc=1 Mihomo exited before controller became ready time="2026-09-28T15:05:43.897784395Z" level=info msg="Start initial configuration in progress" time="2026-09-28T15:05:43.958174701Z" level=fatal msg="Parse config error: proxy 822: '' has...
[WARN] batch start failed | size=1105 {11} | split=552 {16} + 553 {17}
[TEST] {2} tested=300/8838 | kept=7 | rest=17377
[TEST] {16} tested=100/552 | kept=0 | rest=17193
[TEST] {16} tested=200/552 | kept=0 | rest=17093
[TEST] {2} tested=400/8838 | kept=8 | rest=17061
[TEST] {10} tested=100/1104 | kept=1 | rest=16941
[TEST] {9} tested=100/2210 | kept=3 | rest=16789
[TEST] {10} tested=200/1104 | kept=2 | rest=16657
[TEST] {10} tested=300/1104 | kept=3 | rest=16540
[TEST] {16} tested=300/552 | kept=0 | rest=16488
[TEST] {2} tested=500/8838 | kept=33 | rest=16268
[TEST] {9} tested=200/2210 | kept=7 | rest=16246
[TEST] {16} tested=400/552 | kept=0 | rest=16132
[TEST] {10} tested=400/1104 | kept=3 | rest=15981
[TEST] {16} tested=500/552 | kept=0 | rest=15900
[TEST] {9} tested=300/2210 | kept=11 | rest=15851
[TEST] {2} tested=600/8838 | kept=38 | rest=15820
[TEST] {2} tested=700/8838 | kept=44 | rest=15715
[TEST] {16} tested=552/552 | kept=0 | rest=15608
[TEST] {10} tested=500/1104 | kept=3 | rest=15470
[TEST] {2} tested=800/8838 | kept=45 | rest=15434
[WARN] batch start failed | size=552 {16} | split=276 {18} + 276 {19}
[TEST] {9} tested=400/2210 | kept=12 | rest=15380
[TEST] {9} tested=500/2210 | kept=12 | rest=15260
[DEBUG] mihomo start-fail | branch={12} | size=1105 | parse=1 | rc=1 | names=[Pawdroid-SR-APK] United+States-6,[Pawdroid-SR-APK] Singapore-2,[Pawdroid-SR-APK] Norway...+1102 | err=rc=1 Mihomo exited before controller became ready time="2026-09-28T15:06:07.248254241Z" level=info msg="Start initial configuration in progress" time="2026-09-28T15:06:07.284356415Z" level=fatal msg="Parse config error: proxy 237: ss 82....
[WARN] batch start failed | size=1105 {12} | split=552 {20} + 553 {21}
[TEST] {10} tested=600/1104 | kept=3 | rest=15117
[TEST] {2} tested=900/8838 | kept=46 | rest=15026
[TEST] {9} tested=600/2210 | kept=13 | rest=14879
[TEST] {10} tested=700/1104 | kept=3 | rest=14862
[TEST] {9} tested=700/2210 | kept=29 | rest=14698
[TEST] {2} tested=1000/8838 | kept=61 | rest=14602
[TEST] {2} tested=1100/8838 | kept=103 | rest=14499
[TEST] {10} tested=800/1104 | kept=3 | rest=14355
[TEST] {14} tested=100/1105 | kept=2 | rest=14301
[TEST] {9} tested=800/2210 | kept=40 | rest=14160
[TEST] {2} tested=1200/8838 | kept=130 | rest=14052
[TEST] {9} tested=900/2210 | kept=43 | rest=13958
[TEST] {10} tested=900/1104 | kept=3 | rest=13840
[TEST] {14} tested=200/1105 | kept=8 | rest=13799
[TEST] {2} tested=1300/8838 | kept=208 | rest=13696
[TEST] {9} tested=1000/2210 | kept=75 | rest=13528
[TEST] {10} tested=1000/1104 | kept=3 | rest=13526
[TEST] {14} tested=300/1105 | kept=11 | rest=13369
[TEST] {2} tested=1400/8838 | kept=227 | rest=13283
[TEST] {9} tested=1100/2210 | kept=99 | rest=13168
[TEST] {10} tested=1100/1104 | kept=3 | rest=13001
[TEST] {10} tested=1104/1104 | kept=3 | rest=12985
[TEST] {9} tested=1200/2210 | kept=120 | rest=12961
[TEST] {14} tested=400/1105 | kept=13 | rest=12953
[TEST] {2} tested=1500/8838 | kept=231 | rest=12912
[TEST] {2} tested=1600/8838 | kept=239 | rest=12812
[TEST] {2} tested=1700/8838 | kept=243 | rest=12712
[DEBUG] mihomo start-fail | branch={15} | size=1105 | parse=1 | rc=1 | names=[Epodonios] EPODONIOS-1897,[Epodonios] EPODONIOS-1898,[Epodonios] EPODONIOS-1899...+1102 | err=rc=1 Mihomo exited before controller became ready time="2026-09-28T15:06:34.825170344Z" level=info msg="Start initial configuration in progress" time="2026-09-28T15:06:34.877050214Z" level=fatal msg="Parse config error: proxy 706: '' has...
[WARN] batch start failed | size=1105 {15} | split=552 {22} + 553 {23}
[DEBUG] mihomo start-fail | branch={13} | size=1105 | parse=1 | rc=1 | names=[Pawdroid-SS-APK] Türkiye-3,[Pawdroid-SS-APK] United+States-248,[Pawdroid-SS-APK] United+States-249...+1102 | err=rc=1 Mihomo exited before controller became ready time="2026-09-28T15:06:36.600343219Z" level=info msg="Start initial configuration in progress" time="2026-09-28T15:06:36.625097339Z" level=fatal msg="Parse config error: proxy 266: 'reali...
[WARN] batch start failed | size=1105 {13} | split=552 {24} + 553 {25}
[DEBUG] mihomo start-fail | branch={17} | size=553 | parse=1 | rc=1 | names=[免费节点10] 🇺🇸 US 826 → tg@nicevpn123,[免费节点10] 🇺🇸 US 827 → tg@nicevpn123,[免费节点10] 🇺🇸 US 828 → tg@nicevpn123...+550 | err=rc=1 Mihomo exited before controller became ready time="2026-09-28T15:06:38.433266887Z" level=info msg="Start initial configuration in progress" time="2026-09-28T15:06:38.460948885Z" level=fatal msg="Parse config error: proxy 270: '' has...
[WARN] batch start failed | size=553 {17} | split=276 {26} + 277 {27}
[TEST] {14} tested=500/1105 | kept=14 | rest=12472
[TEST] {2} tested=1800/8838 | kept=244 | rest=12370
[TEST] {9} tested=1300/2210 | kept=133 | rest=12361
[TEST] {2} tested=1900/8838 | kept=265 | rest=12168
[TEST] {14} tested=600/1105 | kept=15 | rest=12139
[TEST] {9} tested=1400/2210 | kept=211 | rest=11986
[TEST] {19} tested=100/276 | kept=0 | rest=11776
[TEST] {2} tested=2000/8838 | kept=269 | rest=11767
[TEST] {14} tested=700/1105 | kept=15 | rest=11753
[TEST] {9} tested=1500/2210 | kept=302 | rest=11589
[TEST] {2} tested=2100/8838 | kept=269 | rest=11425
[TEST] {14} tested=800/1105 | kept=15 | rest=11360
[TEST] {19} tested=200/276 | kept=0 | rest=11271
[TEST] {9} tested=1600/2210 | kept=366 | rest=11208
[TEST] {14} tested=900/1105 | kept=18 | rest=11090
[TEST] {2} tested=2200/8838 | kept=271 | rest=11080
[TEST] {9} tested=1700/2210 | kept=380 | rest=10921
[TEST] {2} tested=2300/8838 | kept=273 | rest=10733
[TEST] {9} tested=1800/2210 | kept=386 | rest=10729
[TEST] {14} tested=1000/1105 | kept=25 | rest=10696
[TEST] {9} tested=1900/2210 | kept=412 | rest=10511
[TEST] {14} tested=1100/1105 | kept=29 | rest=10491
[TEST] {14} tested=1105/1105 | kept=29 | rest=10478
[TEST] {9} tested=2000/2210 | kept=459 | rest=10394
[TEST] {9} tested=2100/2210 | kept=532 | rest=10294
[TEST] {9} tested=2200/2210 | kept=598 | rest=10194
[TEST] {9} tested=2210/2210 | kept=599 | rest=10184
[TEST] {18} tested=100/276 | kept=0 | rest=10084
[TEST] {21} tested=100/553 | kept=4 | rest=9864
[TEST] {2} tested=2400/8838 | kept=279 | rest=9756
[TEST] {19} tested=276/276 | kept=0 | rest=9612
[WARN] batch start failed | size=276 {19} | split=138 {28} + 138 {29}
[DEBUG] mihomo start-fail | branch={20} | size=552 | parse=1 | rc=1 | names=[Pawdroid-SR-APK] United+States-6,[Pawdroid-SR-APK] Singapore-2,[Pawdroid-SR-APK] Norway...+549 | err=rc=1 Mihomo exited before controller became ready time="2026-09-28T15:06:45.922980991Z" level=info msg="Start initial configuration in progress" time="2026-09-28T15:06:45.944520535Z" level=fatal msg="Parse config error: proxy 237: ss 82....
[WARN] batch start failed | size=552 {20} | split=276 {30} + 276 {31}
[TEST] {2} tested=2500/8838 | kept=290 | rest=9552
[TEST] {22} tested=100/552 | kept=1 | rest=9443
[TEST] {18} tested=200/276 | kept=0 | rest=9408
[TEST] {21} tested=200/553 | kept=14 | rest=9252
[TEST] {18} tested=276/276 | kept=0 | rest=9223
[WARN] batch start failed | size=276 {18} | split=138 {32} + 138 {33}
[TEST] {21} tested=300/553 | kept=16 | rest=9083
[DEBUG] mihomo start-fail | branch={23} | size=553 | parse=1 | rc=1 | names=[Epodonios] EPODONIOS-2421,[Epodonios] EPODONIOS-2422,[Epodonios] EPODONIOS-2423...+550 | err=rc=1 Mihomo exited before controller became ready time="2026-09-28T15:06:48.344520534Z" level=info msg="Start initial configuration in progress" time="2026-09-28T15:06:48.377684367Z" level=fatal msg="Parse config error: proxy 154: '' has...
[WARN] batch start failed | size=553 {23} | split=276 {34} + 277 {35}
[TEST] {2} tested=2600/8838 | kept=290 | rest=9065
[DEBUG] mihomo start-fail | branch={24} | size=552 | parse=1 | rc=1 | names=[Pawdroid-SS-APK] Türkiye-3,[Pawdroid-SS-APK] United+States-248,[Pawdroid-SS-APK] United+States-249...+549 | err=rc=1 Mihomo exited before controller became ready time="2026-09-28T15:06:48.606740085Z" level=info msg="Start initial configuration in progress" time="2026-09-28T15:06:48.633835038Z" level=fatal msg="Parse config error: proxy 266: 'reali...
[WARN] batch start failed | size=552 {24} | split=276 {36} + 276 {37}
[TEST] {25} tested=100/553 | kept=0 | rest=8820
[TEST] {2} tested=2700/8838 | kept=290 | rest=8751
[TEST] {25} tested=200/553 | kept=2 | rest=8607
[TEST] {2} tested=2800/8838 | kept=290 | rest=8552
[TEST] {22} tested=200/552 | kept=3 | rest=8495
[TEST] {22} tested=300/552 | kept=3 | rest=8348
[TEST] {22} tested=400/552 | kept=8 | rest=8230
[TEST] {21} tested=400/553 | kept=27 | rest=8136
[TEST] {2} tested=2900/8838 | kept=290 | rest=8058
[TEST] {25} tested=300/553 | kept=4 | rest=7936
[TEST] {25} tested=400/553 | kept=7 | rest=7815
[TEST] {21} tested=500/553 | kept=33 | rest=7738
[TEST] {25} tested=500/553 | kept=11 | rest=7669
[TEST] {22} tested=500/552 | kept=16 | rest=7654
[TEST] {2} tested=3000/8838 | kept=290 | rest=7646
[TEST] {22} tested=552/552 | kept=16 | rest=7531
[DEBUG] mihomo start-fail | branch={27} | size=277 | parse=1 | rc=1 | names=[ChromeGO-Merge] United States_vless_21,[ChromeGO-Merge] United States_ss_61,[ChromeGO-Merge] United States_hysteria2...+274 | err=rc=1 Mihomo exited before controller became ready time="2026-09-28T15:06:57.729436963Z" level=info msg="Start initial configuration in progress" time="2026-09-28T15:06:57.740953702Z" level=fatal msg="Parse config error: proxy 25: '' has ...
[WARN] batch start failed | size=277 {27} | split=138 {38} + 139 {39}
[DEBUG] mihomo start-fail | branch={26} | size=276 | parse=1 | rc=1 | names=[免费节点10] 🇺🇸 US 826 → tg@nicevpn123,[免费节点10] 🇺🇸 US 827 → tg@nicevpn123,[免费节点10] 🇺🇸 US 828 → tg@nicevpn123...+273 | err=rc=1 Mihomo exited before controller became ready time="2026-09-28T15:06:57.890352344Z" level=info msg="Start initial configuration in progress" time="2026-09-28T15:06:57.914147817Z" level=fatal msg="Parse config error: proxy 270: '' has...
[WARN] batch start failed | size=276 {26} | split=138 {40} + 138 {41}
[TEST] {21} tested=553/553 | kept=33 | rest=7473
[TEST] {29} tested=100/138 | kept=0 | rest=7367
[TEST] {2} tested=3100/8838 | kept=299 | rest=7334
[TEST] {2} tested=3200/8838 | kept=301 | rest=7108
[TEST] {25} tested=553/553 | kept=11 | rest=7060
[TEST] {31} tested=100/276 | kept=1 | rest=6932
[TEST] {31} tested=200/276 | kept=2 | rest=6829
[TEST] {2} tested=3300/8838 | kept=301 | rest=6744
[TEST] {2} tested=3400/8838 | kept=301 | rest=6637
[TEST] {29} tested=138/138 | kept=0 | rest=6582
[WARN] batch start failed | size=138 {29} | split=69 {42} + 69 {43}
[DEBUG] mihomo start-fail | branch={30} | size=276 | parse=1 | rc=1 | names=[Pawdroid-SR-APK] United+States-6,[Pawdroid-SR-APK] Singapore-2,[Pawdroid-SR-APK] Norway...+273 | err=rc=1 Mihomo exited before controller became ready time="2026-09-28T15:07:03.454930579Z" level=info msg="Start initial configuration in progress" time="2026-09-28T15:07:03.478905733Z" level=fatal msg="Parse config error: proxy 237: ss 82....
[WARN] batch start failed | size=276 {30} | split=138 {44} + 138 {45}
[TEST] {28} tested=100/138 | kept=0 | rest=6565
[TEST] {28} tested=138/138 | kept=0 | rest=6506
[WARN] batch start failed | size=138 {28} | split=69 {46} + 69 {47}
[TEST] {32} tested=100/138 | kept=0 | rest=6285
[TEST] {2} tested=3500/8838 | kept=302 | rest=6282
[TEST] {2} tested=3600/8838 | kept=303 | rest=6164
[TEST] {31} tested=276/276 | kept=7 | rest=6123
[DEBUG] mihomo start-fail | branch={34} | size=276 | parse=1 | rc=1 | names=[Epodonios] EPODONIOS-2421,[Epodonios] EPODONIOS-2422,[Epodonios] EPODONIOS-2423...+273 | err=rc=1 Mihomo exited before controller became ready time="2026-09-28T15:07:06.634053188Z" level=info msg="Start initial configuration in progress" time="2026-09-28T15:07:06.655113684Z" level=fatal msg="Parse config error: proxy 154: '' has...
[WARN] batch start failed | size=276 {34} | split=138 {48} + 138 {49}
[TEST] {35} tested=100/277 | kept=6 | rest=5980
[TEST] {35} tested=200/277 | kept=18 | rest=5872
[TEST] {2} tested=3700/8838 | kept=303 | rest=5812
[TEST] {33} tested=100/138 | kept=0 | rest=5718
[TEST] {33} tested=138/138 | kept=0 | rest=5674
[WARN] batch start failed | size=138 {33} | split=69 {50} + 69 {51}
[TEST] {32} tested=138/138 | kept=0 | rest=5627
[WARN] batch start failed | size=138 {32} | split=69 {52} + 69 {53}
[DEBUG] mihomo start-fail | branch={36} | size=276 | parse=1 | rc=1 | names=[Pawdroid-SS-APK] Türkiye-3,[Pawdroid-SS-APK] United+States-248,[Pawdroid-SS-APK] United+States-249...+273 | err=rc=1 Mihomo exited before controller became ready time="2026-09-28T15:07:09.408687640Z" level=info msg="Start initial configuration in progress" time="2026-09-28T15:07:09.432204600Z" level=fatal msg="Parse config error: proxy 266: 'reali...
[WARN] batch start failed | size=276 {36} | split=138 {54} + 138 {55}
[DEBUG] mihomo start-fail | branch={37} | size=276 | parse=1 | rc=1 | names=[Epodonios] EPODONIOS-104,[Epodonios] EPODONIOS-105,[Epodonios] EPODONIOS-106...+273 | err=rc=1 Mihomo exited before controller became ready time="2026-09-28T15:07:09.466253968Z" level=info msg="Start initial configuration in progress" time="2026-09-28T15:07:09.480904201Z" level=fatal msg="Parse config error: proxy 113: ss 78....
[WARN] batch start failed | size=276 {37} | split=138 {56} + 138 {57}
[DEBUG] mihomo start-fail | branch={38} | size=138 | parse=1 | rc=1 | names=[ChromeGO-Merge] United States_vless_21,[ChromeGO-Merge] United States_ss_61,[ChromeGO-Merge] United States_hysteria2...+135 | err=rc=1 Mihomo exited before controller became ready time="2026-09-28T15:07:09.542738925Z" level=info msg="Start initial configuration in progress" time="2026-09-28T15:07:09.556871088Z" level=fatal msg="Parse config error: proxy 25: '' has ...
[WARN] batch start failed | size=138 {38} | split=69 {58} + 69 {59}
[TEST] {2} tested=3800/8838 | kept=305 | rest=5611
[TEST] {39} tested=100/139 | kept=85 | rest=5410
[TEST] {35} tested=277/277 | kept=48 | rest=5329
[DEBUG] mihomo start-fail | branch={41} | size=138 | parse=1 | rc=1 | names=[免费节点10] 🇺🇸 US 981 → tg@nicevpn123,[免费节点10] 🇺🇸 US 983 → tg@nicevpn123,[免费节点10] 🇺🇸 US 984 → tg@nicevpn123...+135 | err=rc=1 Mihomo exited before controller became ready time="2026-09-28T15:07:12.449769969Z" level=info msg="Start initial configuration in progress" time="2026-09-28T15:07:12.467551450Z" level=fatal msg="Parse config error: proxy 132: '' has...
[WARN] batch start failed | size=138 {41} | split=69 {60} + 69 {61}
[TEST] {2} tested=3900/8838 | kept=307 | rest=5211
[TEST] {40} tested=100/138 | kept=0 | rest=5156
[TEST] {39} tested=139/139 | kept=113 | rest=5114
[TEST] {40} tested=138/138 | kept=0 | rest=5087
[WARN] batch start failed | size=138 {40} | split=69 {62} + 69 {63}
[TEST] {2} tested=4000/8838 | kept=333 | rest=4928
[TEST] {44} tested=100/138 | kept=32 | rest=4861
[TEST] {2} tested=4100/8838 | kept=342 | rest=4787
[TEST] {42} tested=69/69 | kept=0 | rest=4759
[WARN] batch start failed | size=69 {42} | split=34 {64} + 35 {65}
[DEBUG] mihomo start-fail | branch={45} | size=138 | parse=1 | rc=1 | names=[Pawdroid-SS-APK] 美国+V2CROSS.COM-3,[Pawdroid-SS-APK] 美国+CloudFlare节点-12,[Pawdroid-SS-APK] 美国+CloudFlare节点-13...+135 | err=rc=1 Mihomo exited before controller became ready time="2026-09-28T15:07:17.837944201Z" level=info msg="Start initial configuration in progress" time="2026-09-28T15:07:17.852939411Z" level=fatal msg="Parse config error: proxy 99: ss 82.3...
[WARN] batch start failed | size=138 {45} | split=69 {66} + 69 {67}
[TEST] {2} tested=4200/8838 | kept=343 | rest=4616
[TEST] {43} tested=69/69 | kept=0 | rest=4595
[WARN] batch start failed | size=69 {43} | split=34 {68} + 35 {69}
[TEST] {44} tested=138/138 | kept=49 | rest=4533
[DEBUG] mihomo start-fail | branch={49} | size=138 | parse=1 | rc=1 | names=[Free-clash-v2ray] 🇫🇷FR_56|555KB/s|C002-,[Free-clash-v2ray] 🇫🇷FR_57|409KB/s|C002-,[Free-clash-v2ray] 🇫🇷FR_58|388KB/s|C002-...+135 | err=rc=1 Mihomo exited before controller became ready time="2026-09-28T15:07:20.715146621Z" level=info msg="Start initial configuration in progress" time="2026-09-28T15:07:20.729503914Z" level=fatal msg="Parse config error: proxy 16: '' has ...
[WARN] batch start failed | size=138 {49} | split=69 {70} + 69 {71}
[TEST] {48} tested=100/138 | kept=13 | rest=4357
[TEST] {2} tested=4300/8838 | kept=343 | rest=4343
[TEST] {47} tested=69/69 | kept=0 | rest=4314
[WARN] batch start failed | size=69 {47} | split=34 {72} + 35 {73}
[TEST] {2} tested=4400/8838 | kept=343 | rest=4182
[TEST] {46} tested=69/69 | kept=0 | rest=4153
[WARN] batch start failed | size=69 {46} | split=34 {74} + 35 {75}
[TEST] {48} tested=138/138 | kept=14 | rest=4004
[TEST] {2} tested=4500/8838 | kept=343 | rest=3913
[TEST] {2} tested=4600/8838 | kept=343 | rest=3812
[TEST] {2} tested=4700/8838 | kept=343 | rest=3712
[TEST] {50} tested=69/69 | kept=0 | rest=3651
[WARN] batch start failed | size=69 {50} | split=34 {76} + 35 {77}
[TEST] {51} tested=69/69 | kept=0 | rest=3563
[WARN] batch start failed | size=69 {51} | split=34 {78} + 35 {79}
[TEST] {2} tested=4800/8838 | kept=343 | rest=3499
[TEST] {52} tested=69/69 | kept=0 | rest=3492
[WARN] batch start failed | size=69 {52} | split=34 {80} + 35 {81}
[DEBUG] mihomo start-fail | branch={55} | size=138 | parse=1 | rc=1 | names=[Clashfree] 未知 VLESS-146 | free-nodes,[Clashfree] 未知 VLESS-147 | free-nodes,[Clashfree] 未知 VLESS-149 | free-nodes...+135 | err=rc=1 Mihomo exited before controller became ready time="2026-09-28T15:07:31.447673766Z" level=info msg="Start initial configuration in progress" time="2026-09-28T15:07:31.454701940Z" level=fatal msg="Parse config error: proxy 128: 'reali...
[WARN] batch start failed | size=138 {55} | split=69 {82} + 69 {83}
[DEBUG] mihomo start-fail | branch={56} | size=138 | parse=1 | rc=1 | names=[Epodonios] EPODONIOS-104,[Epodonios] EPODONIOS-105,[Epodonios] EPODONIOS-106...+135 | err=rc=1 Mihomo exited before controller became ready time="2026-09-28T15:07:31.583552212Z" level=info msg="Start initial configuration in progress" time="2026-09-28T15:07:31.598814258Z" level=fatal msg="Parse config error: proxy 113: ss 78....
[WARN] batch start failed | size=138 {56} | split=69 {84} + 69 {85}
[TEST] {57} tested=100/138 | kept=3 | rest=3296
[TEST] {76} tested=34/34 | kept=0 | rest=3274
[WARN] batch start failed | size=34 {76} | split=17 {86} + 17 {87}
[DEBUG] mihomo start-fail | branch={58} | size=69 | parse=1 | rc=1 | names=[ChromeGO-Merge] United States_vless_21,[ChromeGO-Merge] United States_ss_61,[ChromeGO-Merge] United States_hysteria2...+66 | err=rc=1 Mihomo exited before controller became ready time="2026-09-28T15:07:34.020216297Z" level=info msg="Start initial configuration in progress" time="2026-09-28T15:07:34.032515915Z" level=fatal msg="Parse config error: proxy 25: '' has ...
[WARN] batch start failed | size=69 {58} | split=34 {88} + 35 {89}
[TEST] {54} tested=100/138 | kept=47 | rest=3202
[TEST] {2} tested=4900/8838 | kept=343 | rest=3122
[TEST] {54} tested=138/138 | kept=50 | rest=3121
[DEBUG] mihomo start-fail | branch={61} | size=69 | parse=1 | rc=1 | names=[免费节点11] 挪威 01,[免费节点11] 土耳其 01,[免费节点11] 土耳其 02...+66 | err=rc=1 Mihomo exited before controller became ready time="2026-09-28T15:07:36.307903672Z" level=info msg="Start initial configuration in progress" time="2026-09-28T15:07:36.322838243Z" level=fatal msg="Parse config error: proxy 63: '' has ...
[WARN] batch start failed | size=69 {61} | split=34 {90} + 35 {91}
[TEST] {57} tested=138/138 | kept=3 | rest=3023
[TEST] {59} tested=69/69 | kept=59 | rest=2893
[TEST] {2} tested=5000/8838 | kept=343 | rest=2832
[TEST] {60} tested=69/69 | kept=17 | rest=2754
[TEST] {62} tested=69/69 | kept=0 | rest=2679
[WARN] batch start failed | size=69 {62} | split=34 {92} + 35 {93}
[TEST] {2} tested=5100/8838 | kept=343 | rest=2635
[TEST] {63} tested=69/69 | kept=0 | rest=2609
[WARN] batch start failed | size=69 {63} | split=34 {94} + 35 {95}
[TEST] {64} tested=34/34 | kept=0 | rest=2498
[WARN] batch start failed | size=34 {64} | split=17 {96} + 17 {97}
[DEBUG] mihomo start-fail | branch={67} | size=69 | parse=1 | rc=1 | names=[Pawdroid-SS-APK] Singapore,[Pawdroid-SS-APK] Singapore-2,[Pawdroid-SS-APK] United+States...+66 | err=rc=1 Mihomo exited before controller became ready time="2026-09-28T15:07:46.873856398Z" level=info msg="Start initial configuration in progress" time="2026-09-28T15:07:46.874483850Z" level=fatal msg="Parse config error: proxy 30: ss 82.3...
[WARN] batch start failed | size=69 {67} | split=34 {98} + 35 {99}
[TEST] {2} tested=5200/8838 | kept=343 | rest=2441
[TEST] {65} tested=35/35 | kept=0 | rest=2430
[WARN] batch start failed | size=35 {65} | split=17 {100} + 18 {101}
[TEST] {66} tested=69/69 | kept=1 | rest=2339
[TEST] {2} tested=5300/8838 | kept=343 | rest=2209
[TEST] {71} tested=69/69 | kept=4 | rest=2194
[DEBUG] mihomo start-fail | branch={70} | size=69 | parse=1 | rc=1 | names=[Free-clash-v2ray] 🇫🇷FR_56|555KB/s|C002-,[Free-clash-v2ray] 🇫🇷FR_57|409KB/s|C002-,[Free-clash-v2ray] 🇫🇷FR_58|388KB/s|C002-...+66 | err=rc=1 Mihomo exited before controller became ready time="2026-09-28T15:07:51.653769213Z" level=info msg="Start initial configuration in progress" time="2026-09-28T15:07:51.668771593Z" level=fatal msg="Parse config error: proxy 16: '' has ...
[WARN] batch start failed | size=69 {70} | split=34 {102} + 35 {103}
[TEST] {69} tested=35/35 | kept=0 | rest=2167
[WARN] batch start failed | size=35 {69} | split=17 {104} + 18 {105}
[TEST] {68} tested=34/34 | kept=0 | rest=2071
[WARN] batch start failed | size=34 {68} | split=17 {106} + 17 {107}
[TEST] {2} tested=5400/8838 | kept=343 | rest=2019
[TEST] {73} tested=35/35 | kept=0 | rest=1950
[WARN] batch start failed | size=35 {73} | split=17 {108} + 18 {109}
[TEST] {72} tested=34/34 | kept=0 | rest=1907
[WARN] batch start failed | size=34 {72} | split=17 {110} + 17 {111}
[TEST] {74} tested=34/34 | kept=0 | rest=1830
[WARN] batch start failed | size=34 {74} | split=17 {112} + 17 {113}
[TEST] {2} tested=5500/8838 | kept=343 | rest=1806
[TEST] {2} tested=5600/8838 | kept=343 | rest=1704
[TEST] {75} tested=35/35 | kept=0 | rest=1654
[WARN] batch start failed | size=35 {75} | split=17 {114} + 18 {115}
[TEST] {53} tested=69/69 | kept=0 | rest=1605
[WARN] batch start failed | size=69 {53} | split=34 {116} + 35 {117}
[TEST] {77} tested=35/35 | kept=0 | rest=1560
[WARN] batch start failed | size=35 {77} | split=17 {118} + 18 {119}
[TEST] {2} tested=5700/8838 | kept=343 | rest=1474
[TEST] {78} tested=34/34 | kept=0 | rest=1391
[WARN] batch start failed | size=34 {78} | split=17 {120} + 17 {121}
[TEST] {79} tested=35/35 | kept=0 | rest=1346
[WARN] batch start failed | size=35 {79} | split=17 {122} + 18 {123}
[TEST] {80} tested=34/34 | kept=0 | rest=1304
[WARN] batch start failed | size=34 {80} | split=17 {124} + 17 {125}
[DEBUG] mihomo start-fail | branch={83} | size=69 | parse=1 | rc=1 | names=[Epodonios] EPODONIOS-36,[Epodonios] EPODONIOS-37,[Epodonios] EPODONIOS-38...+66 | err=rc=1 Mihomo exited before controller became ready time="2026-09-28T15:08:08.582629435Z" level=info msg="Start initial configuration in progress" time="2026-09-28T15:08:08.584716304Z" level=fatal msg="Parse config error: proxy 59: 'realit...
[WARN] batch start failed | size=69 {83} | split=34 {126} + 35 {127}
[TEST] {2} tested=5800/8838 | kept=343 | rest=1252
[TEST] {81} tested=35/35 | kept=0 | rest=1153
[WARN] batch start failed | size=35 {81} | split=17 {128} + 18 {129}
[DEBUG] mihomo start-fail | branch={85} | size=69 | parse=1 | rc=1 | names=[Epodonios] EPODONIOS-173,[Epodonios] EPODONIOS-174,[Epodonios] EPODONIOS-175...+66 | err=rc=1 Mihomo exited before controller became ready time="2026-09-28T15:08:12.867084014Z" level=info msg="Start initial configuration in progress" time="2026-09-28T15:08:12.868089402Z" level=fatal msg="Parse config error: proxy 44: ss 78.3...
[WARN] batch start failed | size=69 {85} | split=34 {130} + 35 {131}
[TEST] {82} tested=69/69 | kept=8 | rest=1122
[TEST] {84} tested=69/69 | kept=2 | rest=1057
[DEBUG] mihomo start-fail | branch={88} | size=34 | parse=1 | rc=1 | names=[ChromeGO-Merge] United States_vless_21,[ChromeGO-Merge] United States_ss_61,[ChromeGO-Merge] United States_hysteria2...+31 | err=rc=1 Mihomo exited before controller became ready time="2026-09-28T15:08:13.937150679Z" level=info msg="Start initial configuration in progress" time="2026-09-28T15:08:13.950334091Z" level=fatal msg="Parse config error: proxy 25: '' has ...
[WARN] batch start failed | size=34 {88} | split=17 {132} + 17 {133}
[DEBUG] mihomo start-fail | branch={89} | size=35 | parse=1 | rc=1 | names=[ChromeGO-Merge] 🇹🇼 Taiwan hy 2,[ChromeGO-Merge] 🇫🇷 France hysteria2 0,[ChromeGO-Merge] 🇫🇷 France hysteria2 3...+32 | err=rc=1 Mihomo exited before controller became ready time="2026-09-28T15:08:14.068610043Z" level=info msg="Start initial configuration in progress" time="2026-09-28T15:08:14.081606378Z" level=fatal msg="Parse config error: proxy 5: '' has u...
[WARN] batch start failed | size=35 {89} | split=17 {134} + 18 {135}
[TEST] {2} tested=5900/8838 | kept=343 | rest=1049
[TEST] {2} tested=6000/8838 | kept=343 | rest=948
[TEST] {86} tested=17/17 | kept=0 | rest=920
[WARN] batch start failed | size=17 {86} | split=8 {136} + 9 {137}
[DEBUG] mihomo start-fail | branch={91} | size=35 | parse=1 | rc=1 | names=[ChromeGO-Toolkit] https://github.com/Al,[ChromeGO-Toolkit] github.com/Alvin9999-,[ChromeGO-Toolkit] github.com/Alvin9999-...+32 | err=rc=1 Mihomo exited before controller became ready time="2026-09-28T15:08:18.162541332Z" level=info msg="Start initial configuration in progress" time="2026-09-28T15:08:18.178022276Z" level=fatal msg="Parse config error: proxy 29: '' has ...
[WARN] batch start failed | size=35 {91} | split=17 {138} + 18 {139}
[TEST] {87} tested=17/17 | kept=0 | rest=914
[WARN] batch start failed | size=17 {87} | split=8 {140} + 9 {141}
[TEST] {90} tested=34/34 | kept=2 | rest=794
[TEST] {2} tested=6100/8838 | kept=343 | rest=732
[TEST] {92} tested=34/34 | kept=0 | rest=682
[WARN] batch start failed | size=34 {92} | split=17 {142} + 17 {143}
[TEST] {93} tested=35/35 | kept=0 | rest=672
[WARN] batch start failed | size=35 {93} | split=17 {144} + 18 {145}
[TEST] {94} tested=34/34 | kept=0 | rest=582
[WARN] batch start failed | size=34 {94} | split=17 {146} + 17 {147}
[TEST] {2} tested=6200/8838 | kept=343 | rest=572
[TEST] {95} tested=35/35 | kept=0 | rest=483
[WARN] batch start failed | size=35 {95} | split=17 {148} + 18 {149}
[TEST] {97} tested=17/17 | kept=0 | rest=478
[WARN] batch start failed | size=17 {97} | split=8 {150} + 9 {151}
[DEBUG] mihomo start-fail | branch={98} | size=34 | parse=1 | rc=1 | names=[Pawdroid-SS-APK] Singapore,[Pawdroid-SS-APK] Singapore-2,[Pawdroid-SS-APK] United+States...+31 | err=rc=1 Mihomo exited before controller became ready time="2026-09-28T15:08:28.684400052Z" level=info msg="Start initial configuration in progress" time="2026-09-28T15:08:28.685391114Z" level=fatal msg="Parse config error: proxy 30: ss 82.3...
[WARN] batch start failed | size=34 {98} | split=17 {152} + 17 {153}
[TEST] {2} tested=6300/8838 | kept=343 | rest=405
[TEST] {96} tested=17/17 | kept=0 | rest=391
[WARN] batch start failed | size=17 {96} | split=8 {154} + 9 {155}
[TEST] {101} tested=18/18 | kept=0 | rest=285
[TEST] {99} tested=35/35 | kept=15 | rest=284
[WARN] batch start failed | size=18 {101} | split=9 {156} + 9 {157}
[DEBUG] mihomo start-fail | branch={102} | size=34 | parse=1 | rc=1 | names=[Free-clash-v2ray] 🇫🇷FR_56|555KB/s|C002-,[Free-clash-v2ray] 🇫🇷FR_57|409KB/s|C002-,[Free-clash-v2ray] 🇫🇷FR_58|388KB/s|C002-...+31 | err=rc=1 Mihomo exited before controller became ready time="2026-09-28T15:08:34.175853932Z" level=info msg="Start initial configuration in progress" time="2026-09-28T15:08:34.198637531Z" level=fatal msg="Parse config error: proxy 16: '' has ...
[WARN] batch start failed | size=34 {102} | split=17 {158} + 17 {159}
[TEST] {2} tested=6400/8838 | kept=343 | rest=250
[TEST] {100} tested=17/17 | kept=0 | rest=199
[WARN] batch start failed | size=17 {100} | split=8 {160} + 9 {161}
[TEST] {156} tested=9/9 | kept=0 | rest=131
[WARN] batch start failed | size=9 {156} | split=4 {162} + 5 {163}
[TEST] {2} tested=6500/8838 | kept=343 | rest=130
[TEST] {104} tested=17/17 | kept=0 | rest=124
[WARN] batch start failed | size=17 {104} | split=8 {164} + 9 {165}
[TEST] {105} tested=18/18 | kept=0 | rest=22
[WARN] batch start failed | size=18 {105} | split=9 {166} + 9 {167}
[TEST] {2} tested=6600/8838 | kept=343 | rest=0
[TEST] {106} tested=17/17 | kept=0 | rest=0
[WARN] batch start failed | size=17 {106} | split=8 {168} + 9 {169}
[TEST] {107} tested=17/17 | kept=0 | rest=0
[WARN] batch start failed | size=17 {107} | split=8 {170} + 9 {171}
[TEST] {108} tested=17/17 | kept=0 | rest=0
[WARN] batch start failed | size=17 {108} | split=8 {172} + 9 {173}
[TEST] {2} tested=6700/8838 | kept=343 | rest=0
[TEST] {109} tested=18/18 | kept=0 | rest=0
[WARN] batch start failed | size=18 {109} | split=9 {174} + 9 {175}
[TEST] {110} tested=17/17 | kept=0 | rest=0
[WARN] batch start failed | size=17 {110} | split=8 {176} + 9 {177}
[TEST] {2} tested=6800/8838 | kept=343 | rest=0
[TEST] {111} tested=17/17 | kept=0 | rest=0
[WARN] batch start failed | size=17 {111} | split=8 {178} + 9 {179}
[TEST] {2} tested=6900/8838 | kept=343 | rest=0
[TEST] {112} tested=17/17 | kept=0 | rest=0
[WARN] batch start failed | size=17 {112} | split=8 {180} + 9 {181}
[TEST] {113} tested=17/17 | kept=0 | rest=0
[WARN] batch start failed | size=17 {113} | split=8 {182} + 9 {183}
[TEST] {2} tested=7000/8838 | kept=346 | rest=0
[TEST] {115} tested=18/18 | kept=0 | rest=0
[WARN] batch start failed | size=18 {115} | split=9 {184} + 9 {185}
[TEST] {2} tested=7100/8838 | kept=346 | rest=0
[TEST] {114} tested=17/17 | kept=0 | rest=0
[WARN] batch start failed | size=17 {114} | split=8 {186} + 9 {187}
[TEST] {117} tested=35/35 | kept=0 | rest=0
[WARN] batch start failed | size=35 {117} | split=17 {188} + 18 {189}
[TEST] {2} tested=7200/8838 | kept=346 | rest=0
[TEST] {2} tested=7300/8838 | kept=346 | rest=0
[TEST] {116} tested=34/34 | kept=0 | rest=0
[WARN] batch start failed | size=34 {116} | split=17 {190} + 17 {191}
[TEST] {2} tested=7400/8838 | kept=346 | rest=0
[TEST] {2} tested=7500/8838 | kept=346 | rest=0
[TEST] {119} tested=18/18 | kept=0 | rest=0
[WARN] batch start failed | size=18 {119} | split=9 {192} + 9 {193}
[TEST] {118} tested=17/17 | kept=0 | rest=0
[WARN] batch start failed | size=17 {118} | split=8 {194} + 9 {195}
[TEST] {120} tested=17/17 | kept=0 | rest=0
[WARN] batch start failed | size=17 {120} | split=8 {196} + 9 {197}
[TEST] {2} tested=7600/8838 | kept=347 | rest=0
[TEST] {2} tested=7700/8838 | kept=359 | rest=0
[TEST] {121} tested=17/17 | kept=0 | rest=0
[WARN] batch start failed | size=17 {121} | split=8 {198} + 9 {199}
[TEST] {124} tested=17/17 | kept=0 | rest=0
[WARN] batch start failed | size=17 {124} | split=8 {200} + 9 {201}
[TEST] {123} tested=18/18 | kept=0 | rest=0
[WARN] batch start failed | size=18 {123} | split=9 {202} + 9 {203}
[DEBUG] mihomo start-fail | branch={127} | size=35 | parse=1 | rc=1 | names=[Epodonios] EPODONIOS-69,[Epodonios] EPODONIOS-70,[Epodonios] EPODONIOS-71...+32 | err=rc=1 Mihomo exited before controller became ready time="2026-09-28T15:09:10.447910009Z" level=info msg="Start initial configuration in progress" time="2026-09-28T15:09:10.449035010Z" level=fatal msg="Parse config error: proxy 25: 'realit...
[WARN] batch start failed | size=35 {127} | split=17 {204} + 18 {205}
[TEST] {2} tested=7800/8838 | kept=363 | rest=0
[TEST] {122} tested=17/17 | kept=0 | rest=0
[WARN] batch start failed | size=17 {122} | split=8 {206} + 9 {207}
[TEST] {128} tested=17/17 | kept=0 | rest=0
[WARN] batch start failed | size=17 {128} | split=8 {208} + 9 {209}
[TEST] {125} tested=17/17 | kept=0 | rest=0
[WARN] batch start failed | size=17 {125} | split=8 {210} + 9 {211}
[TEST] {126} tested=34/34 | kept=4 | rest=0
[DEBUG] mihomo start-fail | branch={131} | size=35 | parse=1 | rc=1 | names=[Epodonios] EPODONIOS-207,[Epodonios] EPODONIOS-208,[Epodonios] EPODONIOS-209...+32 | err=rc=1 Mihomo exited before controller became ready time="2026-09-28T15:09:15.776059848Z" level=info msg="Start initial configuration in progress" time="2026-09-28T15:09:15.776358726Z" level=fatal msg="Parse config error: proxy 10: ss 78.3...
[WARN] batch start failed | size=35 {131} | split=17 {212} + 18 {213}
[TEST] {2} tested=7900/8838 | kept=363 | rest=0
[TEST] {129} tested=18/18 | kept=0 | rest=0
[WARN] batch start failed | size=18 {129} | split=9 {214} + 9 {215}
[DEBUG] mihomo start-fail | branch={133} | size=17 | parse=1 | rc=1 | names=[ChromeGO-Merge] 🇺🇸 United States_hyster,[ChromeGO-Merge] 🇺🇸 United States_hyster,[ChromeGO-Merge] 🇺🇸 United States_hyster...+14 | err=rc=1 Mihomo exited before controller became ready time="2026-09-28T15:09:17.937343594Z" level=info msg="Start initial configuration in progress" time="2026-09-28T15:09:17.950105905Z" level=fatal msg="Parse config error: proxy 8: '' has u...
[WARN] batch start failed | size=17 {133} | split=8 {216} + 9 {217}
[TEST] {2} tested=8000/8838 | kept=364 | rest=0
[TEST] {130} tested=34/34 | kept=3 | rest=0
[DEBUG] mihomo start-fail | branch={134} | size=17 | parse=1 | rc=1 | names=[ChromeGO-Merge] 🇹🇼 Taiwan hy 2,[ChromeGO-Merge] 🇫🇷 France hysteria2 0,[ChromeGO-Merge] 🇫🇷 France hysteria2 3...+14 | err=rc=1 Mihomo exited before controller became ready time="2026-09-28T15:09:20.758213110Z" level=info msg="Start initial configuration in progress" time="2026-09-28T15:09:20.771882060Z" level=fatal msg="Parse config error: proxy 5: '' has u...
[WARN] batch start failed | size=17 {134} | split=8 {218} + 9 {219}
[TEST] {132} tested=17/17 | kept=0 | rest=0
[WARN] batch start failed | size=17 {132} | split=8 {220} + 9 {221}
[TEST] {2} tested=8100/8838 | kept=364 | rest=0
[TEST] {135} tested=18/18 | kept=0 | rest=0
[WARN] batch start failed | size=18 {135} | split=9 {222} + 9 {223}
[TEST] {2} tested=8200/8838 | kept=364 | rest=0
[TEST] {136} tested=8/8 | kept=0 | rest=0
[DEBUG] mihomo split-small | branch={136} | size=8 | parse=0 | names=[免费节点10] 🇺🇸 US 309 → tg@nicevpn123,[免费节点10] 🇺🇸 US 31 → tg@nicevpn123,[免费节点10] 🇺🇸 US 311 → tg@nicevpn123...+5 | err=-
[WARN] batch start failed | size=8 {136} | split=1 {224} + 1 {225} + 1 {226} + 1 {227} + 1 {228} + 1 {229} + 1 {230} + 1 {231}
[DEBUG] mihomo start-fail | branch={139} | size=18 | parse=1 | rc=1 | names=[ChromeGO-ShiteThings] 节点17,[ChromeGO-ShiteThings] 节点18,[ChromeGO-ShiteThings] 节点19...+15 | err=rc=1 Mihomo exited before controller became ready time="2026-09-28T15:09:26.029483551Z" level=info msg="Start initial configuration in progress" time="2026-09-28T15:09:26.042587735Z" level=fatal msg="Parse config error: proxy 12: '' has ...
[WARN] batch start failed | size=18 {139} | split=9 {232} + 9 {233}
[TEST] {137} tested=9/9 | kept=0 | rest=0
[WARN] batch start failed | size=9 {137} | split=4 {234} + 5 {235}
[TEST] {2} tested=8300/8838 | kept=364 | rest=0
[TEST] {138} tested=17/17 | kept=4 | rest=0
[TEST] {2} tested=8400/8838 | kept=364 | rest=0
[TEST] {140} tested=8/8 | kept=0 | rest=0
[DEBUG] mihomo split-small | branch={140} | size=8 | parse=0 | names=[免费节点10] 🇺🇸 US 33 → tg@nicevpn123,[免费节点10] 🇺🇸 US 330 → tg@nicevpn123,[免费节点10] 🇺🇸 US 331 → tg@nicevpn123...+5 | err=-
[WARN] batch start failed | size=8 {140} | split=1 {236} + 1 {237} + 1 {238} + 1 {239} + 1 {240} + 1 {241} + 1 {242} + 1 {243}
[TEST] {2} tested=8500/8838 | kept=364 | rest=0
[TEST] {141} tested=9/9 | kept=0 | rest=0
[WARN] batch start failed | size=9 {141} | split=4 {244} + 5 {245}
[TEST] {2} tested=8600/8838 | kept=364 | rest=0
[TEST] {142} tested=17/17 | kept=0 | rest=0
[WARN] batch start failed | size=17 {142} | split=8 {246} + 9 {247}
[TEST] {143} tested=17/17 | kept=0 | rest=0
[WARN] batch start failed | size=17 {143} | split=8 {248} + 9 {249}
[TEST] {144} tested=17/17 | kept=0 | rest=0
[WARN] batch start failed | size=17 {144} | split=8 {250} + 9 {251}
[TEST] {2} tested=8700/8838 | kept=365 | rest=0
[TEST] {145} tested=18/18 | kept=0 | rest=0
[WARN] batch start failed | size=18 {145} | split=9 {252} + 9 {253}
[TEST] {2} tested=8800/8838 | kept=365 | rest=0
[TEST] {146} tested=17/17 | kept=0 | rest=0
[WARN] batch start failed | size=17 {146} | split=8 {254} + 9 {255}
[TEST] {147} tested=17/17 | kept=0 | rest=0
[WARN] batch start failed | size=17 {147} | split=8 {256} + 9 {257}
[TEST] {2} tested=8838/8838 | kept=365 | rest=0
[TEST] {148} tested=17/17 | kept=0 | rest=0
[WARN] batch start failed | size=17 {148} | split=8 {258} + 9 {259}
[TEST] {149} tested=18/18 | kept=0 | rest=0
[WARN] batch start failed | size=18 {149} | split=9 {260} + 9 {261}
[DEBUG] mihomo start-fail | branch={153} | size=17 | parse=1 | rc=1 | names=[Pawdroid-SS-APK] Germany,[Pawdroid-SS-APK] Canada-2,[Pawdroid-SS-APK] United+States-8...+14 | err=rc=1 Mihomo exited before controller became ready time="2026-09-28T15:09:46.804088657Z" level=info msg="Start initial configuration in progress" time="2026-09-28T15:09:46.804842927Z" level=fatal msg="Parse config error: proxy 13: ss 82.3...
[WARN] batch start failed | size=17 {153} | split=8 {262} + 9 {263}
[TEST] {152} tested=17/17 | kept=1 | rest=0
[TEST] {150} tested=8/8 | kept=0 | rest=0
[DEBUG] mihomo split-small | branch={150} | size=8 | parse=0 | names=[免费节点10] 🇺🇸 US 682 → tg@nicevpn123,[免费节点10] 🇺🇸 US 683 → tg@nicevpn123,[免费节点10] 🇺🇸 US 684 → tg@nicevpn123...+5 | err=-
[WARN] batch start failed | size=8 {150} | split=1 {264} + 1 {265} + 1 {266} + 1 {267} + 1 {268} + 1 {269} + 1 {270} + 1 {271}
[TEST] {151} tested=9/9 | kept=0 | rest=0
[WARN] batch start failed | size=9 {151} | split=4 {272} + 5 {273}
[TEST] {103} tested=35/35 | kept=2 | rest=0
[TEST] {159} tested=17/17 | kept=1 | rest=0
[DEBUG] mihomo start-fail | branch={158} | size=17 | parse=1 | rc=1 | names=[Free-clash-v2ray] 🇫🇷FR_56|555KB/s|C002-,[Free-clash-v2ray] 🇫🇷FR_57|409KB/s|C002-,[Free-clash-v2ray] 🇫🇷FR_58|388KB/s|C002-...+14 | err=rc=1 Mihomo exited before controller became ready time="2026-09-28T15:09:50.180848764Z" level=info msg="Start initial configuration in progress" time="2026-09-28T15:09:50.194153020Z" level=fatal msg="Parse config error: proxy 16: '' has ...
[WARN] batch start failed | size=17 {158} | split=8 {274} + 9 {275}
[TEST] {154} tested=8/8 | kept=0 | rest=0
[DEBUG] mihomo split-small | branch={154} | size=8 | parse=0 | names=[免费节点10] 🇺🇸 US 658 → tg@nicevpn123,[免费节点10] 🇺🇸 US 66 → tg@nicevpn123,[免费节点10] 🇺🇸 US 662 → tg@nicevpn123...+5 | err=-
[WARN] batch start failed | size=8 {154} | split=1 {276} + 1 {277} + 1 {278} + 1 {279} + 1 {280} + 1 {281} + 1 {282} + 1 {283}
[TEST] {155} tested=9/9 | kept=0 | rest=0
[WARN] batch start failed | size=9 {155} | split=4 {284} + 5 {285}
[TEST] {157} tested=9/9 | kept=0 | rest=0
[WARN] batch start failed | size=9 {157} | split=4 {286} + 5 {287}
[TEST] {161} tested=9/9 | kept=0 | rest=0
[WARN] batch start failed | size=9 {161} | split=4 {288} + 5 {289}
[TEST] {160} tested=8/8 | kept=0 | rest=0
[DEBUG] mihomo split-small | branch={160} | size=8 | parse=0 | names=[免费节点10] 🇺🇸 US 700 → tg@nicevpn123,[免费节点10] 🇺🇸 US 701 → tg@nicevpn123,[免费节点10] 🇺🇸 US 702 → tg@nicevpn123...+5 | err=-
[WARN] batch start failed | size=8 {160} | split=1 {290} + 1 {291} + 1 {292} + 1 {293} + 1 {294} + 1 {295} + 1 {296} + 1 {297}
[TEST] {162} tested=4/4 | kept=0 | rest=0
[DEBUG] mihomo split-small | branch={162} | size=4 | parse=0 | names=[免费节点10] 🇺🇸 US 718 → tg@nicevpn123,[免费节点10] 🇺🇸 US 719 → tg@nicevpn123,[免费节点10] 🇺🇸 US 72 → tg@nicevpn123...+1 | err=-
[WARN] batch start failed | size=4 {162} | split=1 {298} + 1 {299} + 1 {300} + 1 {301}
[TEST] {163} tested=5/5 | kept=0 | rest=0
[DEBUG] mihomo split-small | branch={163} | size=5 | parse=0 | names=[免费节点10] 🇺🇸 US 721 → tg@nicevpn123,[免费节点10] 🇺🇸 US 723 → tg@nicevpn123,[免费节点10] 🇺🇸 US 725 → tg@nicevpn123...+2 | err=-
[WARN] batch start failed | size=5 {163} | split=1 {302} + 1 {303} + 1 {304} + 1 {305} + 1 {306}
[TEST] {164} tested=8/8 | kept=0 | rest=0
[DEBUG] mihomo split-small | branch={164} | size=8 | parse=0 | names=[免费节点10] 🇺🇸 US 785 → tg@nicevpn123,[免费节点10] 🇺🇸 US 786 → tg@nicevpn123,[免费节点10] 🇺🇸 US 787 → tg@nicevpn123...+5 | err=-
[WARN] batch start failed | size=8 {164} | split=1 {307} + 1 {308} + 1 {309} + 1 {310} + 1 {311} + 1 {312} + 1 {313} + 1 {314}
[TEST] {169} tested=9/9 | kept=0 | rest=0
[WARN] batch start failed | size=9 {169} | split=4 {315} + 5 {316}
[TEST] {165} tested=9/9 | kept=0 | rest=0
[WARN] batch start failed | size=9 {165} | split=4 {317} + 5 {318}
[TEST] {166} tested=9/9 | kept=0 | rest=0
[WARN] batch start failed | size=9 {166} | split=4 {319} + 5 {320}
[TEST] {167} tested=9/9 | kept=0 | rest=0
[WARN] batch start failed | size=9 {167} | split=4 {321} + 5 {322}
[TEST] {168} tested=8/8 | kept=0 | rest=0
[DEBUG] mihomo split-small | branch={168} | size=8 | parse=0 | names=[免费节点10] 🇺🇸 US 742 → tg@nicevpn123,[免费节点10] 🇺🇸 US 743 → tg@nicevpn123,[免费节点10] 🇺🇸 US 744 → tg@nicevpn123...+5 | err=-
[WARN] batch start failed | size=8 {168} | split=1 {323} + 1 {324} + 1 {325} + 1 {326} + 1 {327} + 1 {328} + 1 {329} + 1 {330}
[TEST] {171} tested=9/9 | kept=0 | rest=0
[WARN] batch start failed | size=9 {171} | split=4 {331} + 5 {332}
[TEST] {170} tested=8/8 | kept=0 | rest=0
[DEBUG] mihomo split-small | branch={170} | size=8 | parse=0 | names=[免费节点10] 🇺🇸 US 761 → tg@nicevpn123,[免费节点10] 🇺🇸 US 766 → tg@nicevpn123,[免费节点10] 🇺🇸 US 767 → tg@nicevpn123...+5 | err=-
[WARN] batch start failed | size=8 {170} | split=1 {333} + 1 {334} + 1 {335} + 1 {336} + 1 {337} + 1 {338} + 1 {339} + 1 {340}
[TEST] {175} tested=9/9 | kept=0 | rest=0
[WARN] batch start failed | size=9 {175} | split=4 {341} + 5 {342}
[TEST] {172} tested=8/8 | kept=0 | rest=0
[DEBUG] mihomo split-small | branch={172} | size=8 | parse=0 | names=[免费节点10] 🇺🇸 US 614 → tg@nicevpn123,[免费节点10] 🇺🇸 US 616 → tg@nicevpn123,[免费节点10] 🇺🇸 US 619 → tg@nicevpn123...+5 | err=-
[WARN] batch start failed | size=8 {172} | split=1 {343} + 1 {344} + 1 {345} + 1 {346} + 1 {347} + 1 {348} + 1 {349} + 1 {350}
[TEST] {177} tested=9/9 | kept=0 | rest=0
[WARN] batch start failed | size=9 {177} | split=4 {351} + 5 {352}
[TEST] {173} tested=9/9 | kept=0 | rest=0
[WARN] batch start failed | size=9 {173} | split=4 {353} + 5 {354}
[TEST] {174} tested=9/9 | kept=0 | rest=0
[WARN] batch start failed | size=9 {174} | split=4 {355} + 5 {356}
[TEST] {176} tested=8/8 | kept=0 | rest=0
[DEBUG] mihomo split-small | branch={176} | size=8 | parse=0 | names=[免费节点10] 🇺🇸 US 569 → tg@nicevpn123,[免费节点10] 🇺🇸 US 57 → tg@nicevpn123,[免费节点10] 🇺🇸 US 570 → tg@nicevpn123...+5 | err=-
[WARN] batch start failed | size=8 {176} | split=1 {357} + 1 {358} + 1 {359} + 1 {360} + 1 {361} + 1 {362} + 1 {363} + 1 {364}
[TEST] {179} tested=9/9 | kept=0 | rest=0
[WARN] batch start failed | size=9 {179} | split=4 {365} + 5 {366}
[TEST] {178} tested=8/8 | kept=0 | rest=0
[DEBUG] mihomo split-small | branch={178} | size=8 | parse=0 | names=[免费节点10] 🇺🇸 US 590 → tg@nicevpn123,[免费节点10] 🇺🇸 US 592 → tg@nicevpn123,[免费节点10] 🇺🇸 US 593 → tg@nicevpn123...+5 | err=-
[WARN] batch start failed | size=8 {178} | split=1 {367} + 1 {368} + 1 {369} + 1 {370} + 1 {371} + 1 {372} + 1 {373} + 1 {374}
[TEST] {180} tested=8/8 | kept=0 | rest=0
[DEBUG] mihomo split-small | branch={180} | size=8 | parse=0 | names=[免费节点10] 🇺🇸 US 480 → tg@nicevpn123,[免费节点10] 🇺🇸 US 483 → tg@nicevpn123,[免费节点10] 🇺🇸 US 486 → tg@nicevpn123...+5 | err=-
[WARN] batch start failed | size=8 {180} | split=1 {375} + 1 {376} + 1 {377} + 1 {378} + 1 {379} + 1 {380} + 1 {381} + 1 {382}
[TEST] {181} tested=9/9 | kept=0 | rest=0
[WARN] batch start failed | size=9 {181} | split=4 {383} + 5 {384}
[TEST] {182} tested=8/8 | kept=0 | rest=0
[DEBUG] mihomo split-small | branch={182} | size=8 | parse=0 | names=[免费节点10] 🇺🇸 US 504 → tg@nicevpn123,[免费节点10] 🇺🇸 US 508 → tg@nicevpn123,[免费节点10] 🇺🇸 US 509 → tg@nicevpn123...+5 | err=-
[WARN] batch start failed | size=8 {182} | split=1 {385} + 1 {386} + 1 {387} + 1 {388} + 1 {389} + 1 {390} + 1 {391} + 1 {392}
[TEST] {183} tested=9/9 | kept=0 | rest=0
[WARN] batch start failed | size=9 {183} | split=4 {393} + 5 {394}
[TEST] {185} tested=9/9 | kept=0 | rest=0
[WARN] batch start failed | size=9 {185} | split=4 {395} + 5 {396}
[TEST] {184} tested=9/9 | kept=0 | rest=0
[WARN] batch start failed | size=9 {184} | split=4 {397} + 5 {398}
[TEST] {186} tested=8/8 | kept=0 | rest=0
[DEBUG] mihomo split-small | branch={186} | size=8 | parse=0 | names=[免费节点10] 🇺🇸 US 525 → tg@nicevpn123,[免费节点10] 🇺🇸 US 526 → tg@nicevpn123,[免费节点10] 🇺🇸 US 527 → tg@nicevpn123...+5 | err=-
[WARN] batch start failed | size=8 {186} | split=1 {399} + 1 {400} + 1 {401} + 1 {402} + 1 {403} + 1 {404} + 1 {405} + 1 {406}
[TEST] {187} tested=9/9 | kept=0 | rest=0
[WARN] batch start failed | size=9 {187} | split=4 {407} + 5 {408}
[TEST] {188} tested=17/17 | kept=0 | rest=0
[WARN] batch start failed | size=17 {188} | split=8 {409} + 9 {410}
[TEST] {189} tested=18/18 | kept=0 | rest=0
[WARN] batch start failed | size=18 {189} | split=9 {411} + 9 {412}
[TEST] {190} tested=17/17 | kept=0 | rest=0
[WARN] batch start failed | size=17 {190} | split=8 {413} + 9 {414}
[TEST] {191} tested=17/17 | kept=0 | rest=0
[WARN] batch start failed | size=17 {191} | split=8 {415} + 9 {416}
[TEST] {193} tested=9/9 | kept=0 | rest=0
[WARN] batch start failed | size=9 {193} | split=4 {417} + 5 {418}
[TEST] {192} tested=9/9 | kept=0 | rest=0
[WARN] batch start failed | size=9 {192} | split=4 {419} + 5 {420}
[TEST] {194} tested=8/8 | kept=0 | rest=0
[DEBUG] mihomo split-small | branch={194} | size=8 | parse=0 | names=[免费节点10] 🇺🇸 US 351 → tg@nicevpn123,[免费节点10] 🇺🇸 US 352 → tg@nicevpn123,[免费节点10] 🇺🇸 US 354 → tg@nicevpn123...+5 | err=-
[WARN] batch start failed | size=8 {194} | split=1 {421} + 1 {422} + 1 {423} + 1 {424} + 1 {425} + 1 {426} + 1 {427} + 1 {428}
[TEST] {195} tested=9/9 | kept=0 | rest=0
[WARN] batch start failed | size=9 {195} | split=4 {429} + 5 {430}
[TEST] {197} tested=9/9 | kept=0 | rest=0
[WARN] batch start failed | size=9 {197} | split=4 {431} + 5 {432}
[TEST] {200} tested=8/8 | kept=0 | rest=0
[DEBUG] mihomo split-small | branch={200} | size=8 | parse=0 | names=[免费节点10] 🇺🇸 US 1989 → tg@nicevpn123,[免费节点10] 🇺🇸 US 1990 → tg@nicevpn123,[免费节点10] 🇺🇸 US 1991 → tg@nicevpn123...+5 | err=-
[WARN] batch start failed | size=8 {200} | split=1 {433} + 1 {434} + 1 {435} + 1 {436} + 1 {437} + 1 {438} + 1 {439} + 1 {440}
[TEST] {201} tested=9/9 | kept=0 | rest=0
[WARN] batch start failed | size=9 {201} | split=4 {441} + 5 {442}
[TEST] {196} tested=8/8 | kept=0 | rest=0
[DEBUG] mihomo split-small | branch={196} | size=8 | parse=0 | names=[免费节点10] 🇺🇸 US 393 → tg@nicevpn123,[免费节点10] 🇺🇸 US 394 → tg@nicevpn123,[免费节点10] 🇺🇸 US 395 → tg@nicevpn123...+5 | err=-
[WARN] batch start failed | size=8 {196} | split=1 {443} + 1 {444} + 1 {445} + 1 {446} + 1 {447} + 1 {448} + 1 {449} + 1 {450}
[TEST] {198} tested=8/8 | kept=0 | rest=0
[DEBUG] mihomo split-small | branch={198} | size=8 | parse=0 | names=[免费节点10] 🇺🇸 US 410 → tg@nicevpn123,[免费节点10] 🇺🇸 US 411 → tg@nicevpn123,[免费节点10] 🇺🇸 US 412 → tg@nicevpn123...+5 | err=-
[WARN] batch start failed | size=8 {198} | split=1 {451} + 1 {452} + 1 {453} + 1 {454} + 1 {455} + 1 {456} + 1 {457} + 1 {458}
[TEST] {199} tested=9/9 | kept=0 | rest=0
[WARN] batch start failed | size=9 {199} | split=4 {459} + 5 {460}
[DEBUG] mihomo start-fail | branch={205} | size=18 | parse=1 | rc=1 | names=[Epodonios] EPODONIOS-86,[Epodonios] EPODONIOS-87,[Epodonios] EPODONIOS-88...+15 | err=rc=1 Mihomo exited before controller became ready time="2026-09-28T15:10:41.888827609Z" level=info msg="Start initial configuration in progress" time="2026-09-28T15:10:41.889267341Z" level=fatal msg="Parse config error: proxy 8: 'reality...
[WARN] batch start failed | size=18 {205} | split=9 {461} + 9 {462}
[TEST] {202} tested=9/9 | kept=0 | rest=0
[WARN] batch start failed | size=9 {202} | split=4 {463} + 5 {464}
[TEST] {203} tested=9/9 | kept=0 | rest=0
[WARN] batch start failed | size=9 {203} | split=4 {465} + 5 {466}
[TEST] {208} tested=8/8 | kept=0 | rest=0
[DEBUG] mihomo split-small | branch={208} | size=8 | parse=0 | names=[免费节点10] 🇺🇸 US 2021 → tg@nicevpn123,[免费节点10] 🇺🇸 US 2022 → tg@nicevpn123,[免费节点10] 🇺🇸 US 2023 → tg@nicevpn123...+5 | err=-
[WARN] batch start failed | size=8 {208} | split=1 {467} + 1 {468} + 1 {469} + 1 {470} + 1 {471} + 1 {472} + 1 {473} + 1 {474}
[TEST] {209} tested=9/9 | kept=0 | rest=0
[WARN] batch start failed | size=9 {209} | split=4 {475} + 5 {476}
[TEST] {204} tested=17/17 | kept=0 | rest=0
[WARN] batch start failed | size=17 {204} | split=8 {477} + 9 {478}
[TEST] {211} tested=9/9 | kept=0 | rest=0
[WARN] batch start failed | size=9 {211} | split=4 {479} + 5 {480}
[DEBUG] mihomo start-fail | branch={212} | size=17 | parse=1 | rc=1 | names=[Epodonios] EPODONIOS-207,[Epodonios] EPODONIOS-208,[Epodonios] EPODONIOS-209...+14 | err=rc=1 Mihomo exited before controller became ready time="2026-09-28T15:10:45.910368375Z" level=info msg="Start initial configuration in progress" time="2026-09-28T15:10:45.910685989Z" level=fatal msg="Parse config error: proxy 10: ss 78.3...
[WARN] batch start failed | size=17 {212} | split=8 {481} + 9 {482}
[TEST] {206} tested=8/8 | kept=0 | rest=0
[DEBUG] mihomo split-small | branch={206} | size=8 | parse=0 | names=[免费节点10] 🇺🇸 US 432 → tg@nicevpn123,[免费节点10] 🇺🇸 US 433 → tg@nicevpn123,[免费节点10] 🇺🇸 US 434 → tg@nicevpn123...+5 | err=-
[WARN] batch start failed | size=8 {206} | split=1 {483} + 1 {484} + 1 {485} + 1 {486} + 1 {487} + 1 {488} + 1 {489} + 1 {490}
[TEST] {207} tested=9/9 | kept=0 | rest=0
[WARN] batch start failed | size=9 {207} | split=4 {491} + 5 {492}
[TEST] {210} tested=8/8 | kept=0 | rest=0
[DEBUG] mihomo split-small | branch={210} | size=8 | parse=0 | names=[免费节点10] 🇺🇸 US 2005 → tg@nicevpn123,[免费节点10] 🇺🇸 US 2006 → tg@nicevpn123,[免费节点10] 🇺🇸 US 2007 → tg@nicevpn123...+5 | err=-
[WARN] batch start failed | size=8 {210} | split=1 {493} + 1 {494} + 1 {495} + 1 {496} + 1 {497} + 1 {498} + 1 {499} + 1 {500}
[TEST] {213} tested=18/18 | kept=2 | rest=0
[DEBUG] mihomo start-fail | branch={217} | size=9 | parse=1 | rc=1 | names=[ChromeGO-Merge] United,[ChromeGO-Merge] France_hysteria_1,[ChromeGO-Merge] United-2...+6 | err=rc=1 Mihomo exited before controller became ready time="2026-09-28T15:10:51.188982778Z" level=info msg="Start initial configuration in progress" time="2026-09-28T15:10:51.189099747Z" level=fatal msg="Parse config error: proxy 0: '' has u...
[WARN] batch start failed | size=9 {217} | split=4 {501} + 5 {502}
[DEBUG] mihomo start-fail | branch={218} | size=8 | parse=1 | rc=1 | names=[ChromeGO-Merge] 🇹🇼 Taiwan hy 2,[ChromeGO-Merge] 🇫🇷 France hysteria2 0,[ChromeGO-Merge] 🇫🇷 France hysteria2 3...+5 | err=rc=1 Mihomo exited before controller became ready time="2026-09-28T15:10:51.314885614Z" level=info msg="Start initial configuration in progress" time="2026-09-28T15:10:51.327245833Z" level=fatal msg="Parse config error: proxy 5: '' has u...
[DEBUG] mihomo split-small | branch={218} | size=8 | parse=1 | names=[ChromeGO-Merge] 🇹🇼 Taiwan hy 2,[ChromeGO-Merge] 🇫🇷 France hysteria2 0,[ChromeGO-Merge] 🇫🇷 France hysteria2 3...+5 | err=Mihomo exited before controller became ready time="2026-09-28T15:10:51.314885614Z" level=info msg="Start initial configuration in progress" time="2026-09-28T15:10:51.327245833Z" level=fatal msg="Parse config error: proxy 5: '' has unset ...
[WARN] batch start failed | size=8 {218} | split=1 {503} + 1 {504} + 1 {505} + 1 {506} + 1 {507} + 1 {508} + 1 {509} + 1 {510}
[DEBUG] mihomo start-fail | branch={219} | size=9 | parse=1 | rc=1 | names=[ChromeGO-Merge] Taiwan-2,[ChromeGO-Merge] United-5,[ChromeGO-Merge] Canada vmess 04...+6 | err=rc=1 Mihomo exited before controller became ready time="2026-09-28T15:10:51.443214065Z" level=info msg="Start initial configuration in progress" time="2026-09-28T15:10:51.443316897Z" level=fatal msg="Parse config error: proxy 0: '' has u...
[WARN] batch start failed | size=9 {219} | split=4 {511} + 5 {512}
[TEST] {214} tested=9/9 | kept=0 | rest=0
[WARN] batch start failed | size=9 {214} | split=4 {513} + 5 {514}
[TEST] {215} tested=9/9 | kept=0 | rest=0
[WARN] batch start failed | size=9 {215} | split=4 {515} + 5 {516}
[TEST] {216} tested=8/8 | kept=0 | rest=0
[DEBUG] mihomo split-small | branch={216} | size=8 | parse=0 | names=[ChromeGO-Merge] 🇺🇸 United States_hyster,[ChromeGO-Merge] 🇺🇸 United States_hyster,[ChromeGO-Merge] 🇺🇸 United States_hyster...+5 | err=-
[WARN] batch start failed | size=8 {216} | split=1 {517} + 1 {518} + 1 {519} + 1 {520} + 1 {521} + 1 {522} + 1 {523} + 1 {524}
[TEST] {223} tested=9/9 | kept=0 | rest=0
[WARN] batch start failed | size=9 {223} | split=4 {525} + 5 {526}
[TEST] {220} tested=8/8 | kept=0 | rest=0
[DEBUG] mihomo split-small | branch={220} | size=8 | parse=0 | names=[ChromeGO-Merge] United States_vless_21,[ChromeGO-Merge] United States_ss_61,[ChromeGO-Merge] United States_hysteria2...+5 | err=-
[WARN] batch start failed | size=8 {220} | split=1 {527} + 1 {528} + 1 {529} + 1 {530} + 1 {531} + 1 {532} + 1 {533} + 1 {534}
[TEST] {221} tested=9/9 | kept=0 | rest=0
[WARN] batch start failed | size=9 {221} | split=4 {535} + 5 {536}
[TEST] {224} tested=1/1 | kept=0 | rest=0
[DEBUG] mihomo isolate | branch={224} | size=1 | parse=0 | names=[免费节点10] 🇺🇸 US 309 → tg@nicevpn123 | err=-
[DEBUG] mihomo drop | branch={224} | size=1 | parse=0 | names=[免费节点10] 🇺🇸 US 309 → tg@nicevpn123 | err=-
[DROP] name=[免费节点10] 🇺🇸 US 309 → tg@nicevpn123 {224} | server=ip0axv1bbsu02k7-jp.1ytnode.com:56344 | reason=mihomo start failed
[TEST] {222} tested=9/9 | kept=0 | rest=0
[WARN] batch start failed | size=9 {222} | split=4 {537} + 5 {538}
[TEST] {227} tested=1/1 | kept=0 | rest=0
[DEBUG] mihomo isolate | branch={227} | size=1 | parse=0 | names=[免费节点10] 🇺🇸 US 313 → tg@nicevpn123 | err=-
[DEBUG] mihomo drop | branch={227} | size=1 | parse=0 | names=[免费节点10] 🇺🇸 US 313 → tg@nicevpn123 | err=-
[DROP] name=[免费节点10] 🇺🇸 US 313 → tg@nicevpn123 {227} | server=104.21.25.98:80 | reason=mihomo start failed
[TEST] {225} tested=1/1 | kept=0 | rest=0
[DEBUG] mihomo isolate | branch={225} | size=1 | parse=0 | names=[免费节点10] 🇺🇸 US 31 → tg@nicevpn123 | err=-
[DEBUG] mihomo drop | branch={225} | size=1 | parse=0 | names=[免费节点10] 🇺🇸 US 31 → tg@nicevpn123 | err=-
[DROP] name=[免费节点10] 🇺🇸 US 31 → tg@nicevpn123 {225} | server=107.148.5.167:443 | reason=mihomo start failed
[TEST] {226} tested=1/1 | kept=0 | rest=0
[DEBUG] mihomo isolate | branch={226} | size=1 | parse=0 | names=[免费节点10] 🇺🇸 US 311 → tg@nicevpn123 | err=-
[DEBUG] mihomo drop | branch={226} | size=1 | parse=0 | names=[免费节点10] 🇺🇸 US 311 → tg@nicevpn123 | err=-
[DROP] name=[免费节点10] 🇺🇸 US 311 → tg@nicevpn123 {226} | server=129.151.227.223:30502 | reason=mihomo start failed
[TEST] {231} tested=1/1 | kept=0 | rest=0
[DEBUG] mihomo isolate | branch={231} | size=1 | parse=0 | names=[免费节点10] 🇺🇸 US 318 → tg@nicevpn123 | err=-
[DEBUG] mihomo drop | branch={231} | size=1 | parse=0 | names=[免费节点10] 🇺🇸 US 318 → tg@nicevpn123 | err=-
[DROP] name=[免费节点10] 🇺🇸 US 318 → tg@nicevpn123 {231} | server=104.19.42.178:2082 | reason=mihomo start failed
[TEST] {228} tested=1/1 | kept=0 | rest=0
[DEBUG] mihomo isolate | branch={228} | size=1 | parse=0 | names=[免费节点10] 🇺🇸 US 314 → tg@nicevpn123 | err=-
[DEBUG] mihomo drop | branch={228} | size=1 | parse=0 | names=[免费节点10] 🇺🇸 US 314 → tg@nicevpn123 | err=-
[DROP] name=[免费节点10] 🇺🇸 US 314 → tg@nicevpn123 {228} | server=3.38.162.154:443 | reason=mihomo start failed
[DEBUG] mihomo start-fail | branch={233} | size=9 | parse=1 | rc=1 | names=[ChromeGO-ShiteThings] store.ubi.com,[ChromeGO-ShiteThings] cf.tencentapp.cn,[ChromeGO-ShiteThings] cloudflare-dl.byo...+6 | err=rc=1 Mihomo exited before controller became ready time="2026-09-28T15:11:04.085579022Z" level=info msg="Start initial configuration in progress" time="2026-09-28T15:11:04.085904450Z" level=fatal msg="Parse config error: proxy 3: '' has u...
[WARN] batch start failed | size=9 {233} | split=4 {539} + 5 {540}
[TEST] {232} tested=9/9 | kept=0 | rest=0
[WARN] batch start failed | size=9 {232} | split=4 {541} + 5 {542}
[TEST] {230} tested=1/1 | kept=0 | rest=0
[DEBUG] mihomo isolate | branch={230} | size=1 | parse=0 | names=[免费节点10] 🇺🇸 US 317 → tg@nicevpn123 | err=-
[DEBUG] mihomo drop | branch={230} | size=1 | parse=0 | names=[免费节点10] 🇺🇸 US 317 → tg@nicevpn123 | err=-
[DROP] name=[免费节点10] 🇺🇸 US 317 → tg@nicevpn123 {230} | server=15.204.87.217:5499 | reason=mihomo start failed
[TEST] {229} tested=1/1 | kept=0 | rest=0
[DEBUG] mihomo isolate | branch={229} | size=1 | parse=0 | names=[免费节点10] 🇺🇸 US 315 → tg@nicevpn123 | err=-
[DEBUG] mihomo drop | branch={229} | size=1 | parse=0 | names=[免费节点10] 🇺🇸 US 315 → tg@nicevpn123 | err=-
[DROP] name=[免费节点10] 🇺🇸 US 315 → tg@nicevpn123 {229} | server=171.22.78.141:443 | reason=mihomo start failed
[TEST] {238} tested=1/1 | kept=0 | rest=0
[DEBUG] mihomo isolate | branch={238} | size=1 | parse=0 | names=[免费节点10] 🇺🇸 US 331 → tg@nicevpn123 | err=-
[DEBUG] mihomo drop | branch={238} | size=1 | parse=0 | names=[免费节点10] 🇺🇸 US 331 → tg@nicevpn123 | err=-
[DROP] name=[免费节点10] 🇺🇸 US 331 → tg@nicevpn123 {238} | server=104.17.205.10:8880 | reason=mihomo start failed
[TEST] {237} tested=1/1 | kept=0 | rest=0
[DEBUG] mihomo isolate | branch={237} | size=1 | parse=0 | names=[免费节点10] 🇺🇸 US 330 → tg@nicevpn123 | err=-
[DEBUG] mihomo drop | branch={237} | size=1 | parse=0 | names=[免费节点10] 🇺🇸 US 330 → tg@nicevpn123 | err=-
[DROP] name=[免费节点10] 🇺🇸 US 330 → tg@nicevpn123 {237} | server=104.26.0.95:443 | reason=mihomo start failed
[TEST] {234} tested=4/4 | kept=0 | rest=0
[DEBUG] mihomo split-small | branch={234} | size=4 | parse=0 | names=[免费节点10] 🇺🇸 US 32 → tg@nicevpn123,[免费节点10] 🇺🇸 US 320 → tg@nicevpn123,[免费节点10] 🇺🇸 US 322 → tg@nicevpn123...+1 | err=-
[WARN] batch start failed | size=4 {234} | split=1 {543} + 1 {544} + 1 {545} + 1 {546}
[TEST] {235} tested=5/5 | kept=0 | rest=0
[DEBUG] mihomo split-small | branch={235} | size=5 | parse=0 | names=[免费节点10] 🇺🇸 US 324 → tg@nicevpn123,[免费节点10] 🇺🇸 US 325 → tg@nicevpn123,[免费节点10] 🇺🇸 US 326 → tg@nicevpn123...+2 | err=-
[WARN] batch start failed | size=5 {235} | split=1 {547} + 1 {548} + 1 {549} + 1 {550} + 1 {551}
[TEST] {241} tested=1/1 | kept=0 | rest=0
[DEBUG] mihomo isolate | branch={241} | size=1 | parse=0 | names=[免费节点10] 🇺🇸 US 337 → tg@nicevpn123 | err=-
[DEBUG] mihomo drop | branch={241} | size=1 | parse=0 | names=[免费节点10] 🇺🇸 US 337 → tg@nicevpn123 | err=-
[DROP] name=[免费节点10] 🇺🇸 US 337 → tg@nicevpn123 {241} | server=104.16.42.29:2082 | reason=mihomo start failed
[TEST] {240} tested=1/1 | kept=0 | rest=0
[DEBUG] mihomo isolate | branch={240} | size=1 | parse=0 | names=[免费节点10] 🇺🇸 US 334 → tg@nicevpn123 | err=-
[DEBUG] mihomo drop | branch={240} | size=1 | parse=0 | names=[免费节点10] 🇺🇸 US 334 → tg@nicevpn123 | err=-
[DROP] name=[免费节点10] 🇺🇸 US 334 → tg@nicevpn123 {240} | server=104.16.43.187:2082 | reason=mihomo start failed
[TEST] {236} tested=1/1 | kept=0 | rest=0
[DEBUG] mihomo isolate | branch={236} | size=1 | parse=0 | names=[免费节点10] 🇺🇸 US 33 → tg@nicevpn123 | err=-
[DEBUG] mihomo drop | branch={236} | size=1 | parse=0 | names=[免费节点10] 🇺🇸 US 33 → tg@nicevpn123 | err=-
[DROP] name=[免费节点10] 🇺🇸 US 33 → tg@nicevpn123 {236} | server=shct.pkyun.xyz:51706 | reason=mihomo start failed
[TEST] {242} tested=1/1 | kept=0 | rest=0
[DEBUG] mihomo isolate | branch={242} | size=1 | parse=0 | names=[免费节点10] 🇺🇸 US 339 → tg@nicevpn123 | err=-
[DEBUG] mihomo drop | branch={242} | size=1 | parse=0 | names=[免费节点10] 🇺🇸 US 339 → tg@nicevpn123 | err=-
[DROP] name=[免费节点10] 🇺🇸 US 339 → tg@nicevpn123 {242} | server=104.16.127.195:2052 | reason=mihomo start failed
[TEST] {239} tested=1/1 | kept=0 | rest=0
[DEBUG] mihomo isolate | branch={239} | size=1 | parse=0 | names=[免费节点10] 🇺🇸 US 333 → tg@nicevpn123 | err=-
[DEBUG] mihomo drop | branch={239} | size=1 | parse=0 | names=[免费节点10] 🇺🇸 US 333 → tg@nicevpn123 | err=-
[DROP] name=[免费节点10] 🇺🇸 US 333 → tg@nicevpn123 {239} | server=38.114.114.208:5000 | reason=mihomo start failed
[TEST] {243} tested=1/1 | kept=0 | rest=0
[DEBUG] mihomo isolate | branch={243} | size=1 | parse=0 | names=[免费节点10] 🇺🇸 US 34 → tg@nicevpn123 | err=-
[DEBUG] mihomo drop | branch={243} | size=1 | parse=0 | names=[免费节点10] 🇺🇸 US 34 → tg@nicevpn123 | err=-
[DROP] name=[免费节点10] 🇺🇸 US 34 → tg@nicevpn123 {243} | server=18.118.163.183:17400 | reason=mihomo start failed
[TEST] {244} tested=4/4 | kept=0 | rest=0
[DEBUG] mihomo split-small | branch={244} | size=4 | parse=0 | names=[免费节点10] 🇺🇸 US 341 → tg@nicevpn123,[免费节点10] 🇺🇸 US 342 → tg@nicevpn123,[免费节点10] 🇺🇸 US 343 → tg@nicevpn123...+1 | err=-
[WARN] batch start failed | size=4 {244} | split=1 {552} + 1 {553} + 1 {554} + 1 {555}
[TEST] {245} tested=5/5 | kept=0 | rest=0
[DEBUG] mihomo split-small | branch={245} | size=5 | parse=0 | names=[免费节点10] 🇺🇸 US 347 → tg@nicevpn123,[免费节点10] 🇺🇸 US 348 → tg@nicevpn123,[免费节点10] 🇺🇸 US 349 → tg@nicevpn123...+2 | err=-
[WARN] batch start failed | size=5 {245} | split=1 {556} + 1 {557} + 1 {558} + 1 {559} + 1 {560}
[TEST] {247} tested=9/9 | kept=0 | rest=0
[WARN] batch start failed | size=9 {247} | split=4 {561} + 5 {562}
[TEST] {246} tested=8/8 | kept=0 | rest=0
[DEBUG] mihomo split-small | branch={246} | size=8 | parse=0 | names=[免费节点10] 🇺🇸 US 826 → tg@nicevpn123,[免费节点10] 🇺🇸 US 827 → tg@nicevpn123,[免费节点10] 🇺🇸 US 828 → tg@nicevpn123...+5 | err=-
[WARN] batch start failed | size=8 {246} | split=1 {563} + 1 {564} + 1 {565} + 1 {566} + 1 {567} + 1 {568} + 1 {569} + 1 {570}
[TEST] {248} tested=8/8 | kept=0 | rest=0
[DEBUG] mihomo split-small | branch={248} | size=8 | parse=0 | names=[免费节点10] 🇺🇸 US 847 → tg@nicevpn123,[免费节点10] 🇺🇸 US 848 → tg@nicevpn123,[免费节点10] 🇺🇸 US 85 → tg@nicevpn123...+5 | err=-
[WARN] batch start failed | size=8 {248} | split=1 {571} + 1 {572} + 1 {573} + 1 {574} + 1 {575} + 1 {576} + 1 {577} + 1 {578}
[TEST] {249} tested=9/9 | kept=0 | rest=0
[WARN] batch start failed | size=9 {249} | split=4 {579} + 5 {580}
[TEST] {251} tested=9/9 | kept=0 | rest=0
[WARN] batch start failed | size=9 {251} | split=4 {581} + 5 {582}
[TEST] {250} tested=8/8 | kept=0 | rest=0
[DEBUG] mihomo split-small | branch={250} | size=8 | parse=0 | names=[免费节点10] 🇺🇸 US 865 → tg@nicevpn123,[免费节点10] 🇺🇸 US 867 → tg@nicevpn123,[免费节点10] 🇺🇸 US 869 → tg@nicevpn123...+5 | err=-
[WARN] batch start failed | size=8 {250} | split=1 {583} + 1 {584} + 1 {585} + 1 {586} + 1 {587} + 1 {588} + 1 {589} + 1 {590}
[TEST] {253} tested=9/9 | kept=0 | rest=0
[WARN] batch start failed | size=9 {253} | split=4 {591} + 5 {592}
[TEST] {252} tested=9/9 | kept=0 | rest=0
[WARN] batch start failed | size=9 {252} | split=4 {593} + 5 {594}
[TEST] {255} tested=9/9 | kept=0 | rest=0
[WARN] batch start failed | size=9 {255} | split=4 {595} + 5 {596}
[TEST] {254} tested=8/8 | kept=0 | rest=0
[DEBUG] mihomo split-small | branch={254} | size=8 | parse=0 | names=[免费节点10] 🇺🇸 US 907 → tg@nicevpn123,[免费节点10] 🇺🇸 US 908 → tg@nicevpn123,[免费节点10] 🇺🇸 US 909 → tg@nicevpn123...+5 | err=-
[WARN] batch start failed | size=8 {254} | split=1 {597} + 1 {598} + 1 {599} + 1 {600} + 1 {601} + 1 {602} + 1 {603} + 1 {604}
[TEST] {256} tested=8/8 | kept=0 | rest=0
[DEBUG] mihomo split-small | branch={256} | size=8 | parse=0 | names=[免费节点10] 🇺🇸 US 923 → tg@nicevpn123,[免费节点10] 🇺🇸 US 924 → tg@nicevpn123,[免费节点10] 🇺🇸 US 925 → tg@nicevpn123...+5 | err=-
[WARN] batch start failed | size=8 {256} | split=1 {605} + 1 {606} + 1 {607} + 1 {608} + 1 {609} + 1 {610} + 1 {611} + 1 {612}
[TEST] {257} tested=9/9 | kept=0 | rest=0
[WARN] batch start failed | size=9 {257} | split=4 {613} + 5 {614}
[TEST] {258} tested=8/8 | kept=0 | rest=0
[DEBUG] mihomo split-small | branch={258} | size=8 | parse=0 | names=[免费节点10] 🇺🇸 US 943 → tg@nicevpn123,[免费节点10] 🇺🇸 US 944 → tg@nicevpn123,[免费节点10] 🇺🇸 US 946 → tg@nicevpn123...+5 | err=-
[WARN] batch start failed | size=8 {258} | split=1 {615} + 1 {616} + 1 {617} + 1 {618} + 1 {619} + 1 {620} + 1 {621} + 1 {622}
[TEST] {259} tested=9/9 | kept=0 | rest=0
[WARN] batch start failed | size=9 {259} | split=4 {623} + 5 {624}
[DEBUG] mihomo start-fail | branch={263} | size=9 | parse=1 | rc=1 | names=[Pawdroid-SS-APK] United+Kingdom,[Pawdroid-SS-APK] United+Kingdom-2,[Pawdroid-SS-APK] United+States-11...+6 | err=rc=1 Mihomo exited before controller became ready time="2026-09-28T15:11:35.182672877Z" level=info msg="Start initial configuration in progress" time="2026-09-28T15:11:35.182878833Z" level=fatal msg="Parse config error: proxy 5: ss 82.38...
[WARN] batch start failed | size=9 {263} | split=4 {625} + 5 {626}
[TEST] {261} tested=9/9 | kept=0 | rest=0
[WARN] batch start failed | size=9 {261} | split=4 {627} + 5 {628}
[TEST] {260} tested=9/9 | kept=0 | rest=0
[WARN] batch start failed | size=9 {260} | split=4 {629} + 5 {630}
[TEST] {266} tested=1/1 | kept=0 | rest=0
[DEBUG] mihomo isolate | branch={266} | size=1 | parse=0 | names=[免费节点10] 🇺🇸 US 684 → tg@nicevpn123 | err=-
[DEBUG] mihomo drop | branch={266} | size=1 | parse=0 | names=[免费节点10] 🇺🇸 US 684 → tg@nicevpn123 | err=-
[DROP] name=[免费节点10] 🇺🇸 US 684 → tg@nicevpn123 {266} | server=172.233.164.254:16899 | reason=mihomo start failed
[TEST] {267} tested=1/1 | kept=0 | rest=0
[DEBUG] mihomo isolate | branch={267} | size=1 | parse=0 | names=[免费节点10] 🇺🇸 US 685 → tg@nicevpn123 | err=-
[DEBUG] mihomo drop | branch={267} | size=1 | parse=0 | names=[免费节点10] 🇺🇸 US 685 → tg@nicevpn123 | err=-
[DROP] name=[免费节点10] 🇺🇸 US 685 → tg@nicevpn123 {267} | server=fcdn.flha.ru:2095 | reason=mihomo start failed
[TEST] {269} tested=1/1 | kept=0 | rest=0
[DEBUG] mihomo isolate | branch={269} | size=1 | parse=0 | names=[免费节点10] 🇺🇸 US 687 → tg@nicevpn123 | err=-
[DEBUG] mihomo drop | branch={269} | size=1 | parse=0 | names=[免费节点10] 🇺🇸 US 687 → tg@nicevpn123 | err=-
[DROP] name=[免费节点10] 🇺🇸 US 687 → tg@nicevpn123 {269} | server=104.21.80.53:2053 | reason=mihomo start failed
[TEST] {268} tested=1/1 | kept=0 | rest=0
[DEBUG] mihomo isolate | branch={268} | size=1 | parse=0 | names=[免费节点10] 🇺🇸 US 686 → tg@nicevpn123 | err=-
[DEBUG] mihomo drop | branch={268} | size=1 | parse=0 | names=[免费节点10] 🇺🇸 US 686 → tg@nicevpn123 | err=-
[DROP] name=[免费节点10] 🇺🇸 US 686 → tg@nicevpn123 {268} | server=hk.wish.ml:2052 | reason=mihomo start failed
[TEST] {270} tested=1/1 | kept=0 | rest=0
[DEBUG] mihomo isolate | branch={270} | size=1 | parse=0 | names=[免费节点10] 🇺🇸 US 688 → tg@nicevpn123 | err=-
[DEBUG] mihomo drop | branch={270} | size=1 | parse=0 | names=[免费节点10] 🇺🇸 US 688 → tg@nicevpn123 | err=-
[DROP] name=[免费节点10] 🇺🇸 US 688 → tg@nicevpn123 {270} | server=104.19.45.70:2082 | reason=mihomo start failed
[TEST] {262} tested=8/8 | kept=1 | rest=0
[TEST] {265} tested=1/1 | kept=0 | rest=0
[DEBUG] mihomo isolate | branch={265} | size=1 | parse=0 | names=[免费节点10] 🇺🇸 US 683 → tg@nicevpn123 | err=-
[DEBUG] mihomo drop | branch={265} | size=1 | parse=0 | names=[免费节点10] 🇺🇸 US 683 → tg@nicevpn123 | err=-
[DROP] name=[免费节点10] 🇺🇸 US 683 → tg@nicevpn123 {265} | server=ip0axv1bbsu02k7-hk.1ytnode.com:56315 | reason=mihomo start failed
[TEST] {264} tested=1/1 | kept=0 | rest=0
[DEBUG] mihomo isolate | branch={264} | size=1 | parse=0 | names=[免费节点10] 🇺🇸 US 682 → tg@nicevpn123 | err=-
[DEBUG] mihomo drop | branch={264} | size=1 | parse=0 | names=[免费节点10] 🇺🇸 US 682 → tg@nicevpn123 | err=-
[DROP] name=[免费节点10] 🇺🇸 US 682 → tg@nicevpn123 {264} | server=38.75.137.42:8881 | reason=mihomo start failed
[TEST] {271} tested=1/1 | kept=0 | rest=0
[DEBUG] mihomo isolate | branch={271} | size=1 | parse=0 | names=[免费节点10] 🇺🇸 US 689 → tg@nicevpn123 | err=-
[DEBUG] mihomo drop | branch={271} | size=1 | parse=0 | names=[免费节点10] 🇺🇸 US 689 → tg@nicevpn123 | err=-
[DROP] name=[免费节点10] 🇺🇸 US 689 → tg@nicevpn123 {271} | server=38.110.1.202:8090 | reason=mihomo start failed
[DEBUG] mihomo start-fail | branch={275} | size=9 | parse=1 | rc=1 | names=[Free-clash-v2ray] 🇫🇷FR_65|419KB/s|X001-,[Free-clash-v2ray] 🇫🇷FR_67|453KB/s|B007-,[Free-clash-v2ray] 🇫🇷FR_69|699KB/s|C002-...+6 | err=rc=1 Mihomo exited before controller became ready time="2026-09-28T15:11:42.364399010Z" level=info msg="Start initial configuration in progress" time="2026-09-28T15:11:42.365018899Z" level=fatal msg="Parse config error: proxy 8: '' has u...
[WARN] batch start failed | size=9 {275} | split=4 {631} + 5 {632}
[TEST] {276} tested=1/1 | kept=0 | rest=0
[DEBUG] mihomo isolate | branch={276} | size=1 | parse=0 | names=[免费节点10] 🇺🇸 US 658 → tg@nicevpn123 | err=-
[DEBUG] mihomo drop | branch={276} | size=1 | parse=0 | names=[免费节点10] 🇺🇸 US 658 → tg@nicevpn123 | err=-
[DROP] name=[免费节点10] 🇺🇸 US 658 → tg@nicevpn123 {276} | server=104.16.40.244:2082 | reason=mihomo start failed
[TEST] {277} tested=1/1 | kept=0 | rest=0
[DEBUG] mihomo isolate | branch={277} | size=1 | parse=0 | names=[免费节点10] 🇺🇸 US 66 → tg@nicevpn123 | err=-
[DEBUG] mihomo drop | branch={277} | size=1 | parse=0 | names=[免费节点10] 🇺🇸 US 66 → tg@nicevpn123 | err=-
[DROP] name=[免费节点10] 🇺🇸 US 66 → tg@nicevpn123 {277} | server=104.20.26.40:8080 | reason=mihomo start failed
[TEST] {273} tested=5/5 | kept=0 | rest=0
[DEBUG] mihomo split-small | branch={273} | size=5 | parse=0 | names=[免费节点10] 🇺🇸 US 695 → tg@nicevpn123,[免费节点10] 🇺🇸 US 697 → tg@nicevpn123,[免费节点10] 🇺🇸 US 699 → tg@nicevpn123...+2 | err=-
[WARN] batch start failed | size=5 {273} | split=1 {633} + 1 {634} + 1 {635} + 1 {636} + 1 {637}
[TEST] {279} tested=1/1 | kept=0 | rest=0
[DEBUG] mihomo isolate | branch={279} | size=1 | parse=0 | names=[免费节点10] 🇺🇸 US 665 → tg@nicevpn123 | err=-
[DEBUG] mihomo drop | branch={279} | size=1 | parse=0 | names=[免费节点10] 🇺🇸 US 665 → tg@nicevpn123 | err=-
[DROP] name=[免费节点10] 🇺🇸 US 665 → tg@nicevpn123 {279} | server=104.16.39.199:2082 | reason=mihomo start failed
[TEST] {280} tested=1/1 | kept=0 | rest=0
[DEBUG] mihomo isolate | branch={280} | size=1 | parse=0 | names=[免费节点10] 🇺🇸 US 666 → tg@nicevpn123 | err=-
[DEBUG] mihomo drop | branch={280} | size=1 | parse=0 | names=[免费节点10] 🇺🇸 US 666 → tg@nicevpn123 | err=-
[DROP] name=[免费节点10] 🇺🇸 US 666 → tg@nicevpn123 {280} | server=104.19.45.6:2095 | reason=mihomo start failed
[TEST] {281} tested=1/1 | kept=0 | rest=0
[DEBUG] mihomo isolate | branch={281} | size=1 | parse=0 | names=[免费节点10] 🇺🇸 US 667 → tg@nicevpn123 | err=-
[DEBUG] mihomo drop | branch={281} | size=1 | parse=0 | names=[免费节点10] 🇺🇸 US 667 → tg@nicevpn123 | err=-
[DROP] name=[免费节点10] 🇺🇸 US 667 → tg@nicevpn123 {281} | server=104.21.83.208:443 | reason=mihomo start failed
[TEST] {282} tested=1/1 | kept=0 | rest=0
[DEBUG] mihomo isolate | branch={282} | size=1 | parse=0 | names=[免费节点10] 🇺🇸 US 67 → tg@nicevpn123 | err=-
[DEBUG] mihomo drop | branch={282} | size=1 | parse=0 | names=[免费节点10] 🇺🇸 US 67 → tg@nicevpn123 | err=-
[DROP] name=[免费节点10] 🇺🇸 US 67 → tg@nicevpn123 {282} | server=104.17.61.9:443 | reason=mihomo start failed
[TEST] {283} tested=1/1 | kept=0 | rest=0
[DEBUG] mihomo isolate | branch={283} | size=1 | parse=0 | names=[免费节点10] 🇺🇸 US 670 → tg@nicevpn123 | err=-
[DEBUG] mihomo drop | branch={283} | size=1 | parse=0 | names=[免费节点10] 🇺🇸 US 670 → tg@nicevpn123 | err=-
[DROP] name=[免费节点10] 🇺🇸 US 670 → tg@nicevpn123 {283} | server=104.19.212.140:2082 | reason=mihomo start failed
[TEST] {272} tested=4/4 | kept=0 | rest=0
[DEBUG] mihomo split-small | branch={272} | size=4 | parse=0 | names=[免费节点10] 🇺🇸 US 69 → tg@nicevpn123,[免费节点10] 🇺🇸 US 690 → tg@nicevpn123,[免费节点10] 🇺🇸 US 692 → tg@nicevpn123...+1 | err=-
[WARN] batch start failed | size=4 {272} | split=1 {638} + 1 {639} + 1 {640} + 1 {641}
[TEST] {274} tested=8/8 | kept=0 | rest=0
[DEBUG] mihomo split-small | branch={274} | size=8 | parse=0 | names=[Free-clash-v2ray] 🇫🇷FR_56|555KB/s|C002-,[Free-clash-v2ray] 🇫🇷FR_57|409KB/s|C002-,[Free-clash-v2ray] 🇫🇷FR_58|388KB/s|C002-...+5 | err=-
[WARN] batch start failed | size=8 {274} | split=1 {642} + 1 {643} + 1 {644} + 1 {645} + 1 {646} + 1 {647} + 1 {648} + 1 {649}
[TEST] {285} tested=5/5 | kept=0 | rest=0
[DEBUG] mihomo split-small | branch={285} | size=5 | parse=0 | names=[免费节点10] 🇺🇸 US 675 → tg@nicevpn123,[免费节点10] 🇺🇸 US 676 → tg@nicevpn123,[免费节点10] 🇺🇸 US 677 → tg@nicevpn123...+2 | err=-
[WARN] batch start failed | size=5 {285} | split=1 {650} + 1 {651} + 1 {652} + 1 {653} + 1 {654}
[TEST] {286} tested=4/4 | kept=0 | rest=0
[DEBUG] mihomo split-small | branch={286} | size=4 | parse=0 | names=[免费节点10] 🇺🇸 US 728 → tg@nicevpn123,[免费节点10] 🇺🇸 US 730 → tg@nicevpn123,[免费节点10] 🇺🇸 US 733 → tg@nicevpn123...+1 | err=-
[WARN] batch start failed | size=4 {286} | split=1 {655} + 1 {656} + 1 {657} + 1 {658}
[TEST] {278} tested=1/1 | kept=0 | rest=0
[DEBUG] mihomo isolate | branch={278} | size=1 | parse=0 | names=[免费节点10] 🇺🇸 US 662 → tg@nicevpn123 | err=-
[DEBUG] mihomo drop | branch={278} | size=1 | parse=0 | names=[免费节点10] 🇺🇸 US 662 → tg@nicevpn123 | err=-
[DROP] name=[免费节点10] 🇺🇸 US 662 → tg@nicevpn123 {278} | server=38.86.135.225:5601 | reason=mihomo start failed
[TEST] {289} tested=5/5 | kept=0 | rest=0
[DEBUG] mihomo split-small | branch={289} | size=5 | parse=0 | names=[免费节点10] 🇺🇸 US 713 → tg@nicevpn123,[免费节点10] 🇺🇸 US 714 → tg@nicevpn123,[免费节点10] 🇺🇸 US 715 → tg@nicevpn123...+2 | err=-
[WARN] batch start failed | size=5 {289} | split=1 {659} + 1 {660} + 1 {661} + 1 {662} + 1 {663}
[TEST] {284} tested=4/4 | kept=0 | rest=0
[DEBUG] mihomo split-small | branch={284} | size=4 | parse=0 | names=[免费节点10] 🇺🇸 US 671 → tg@nicevpn123,[免费节点10] 🇺🇸 US 672 → tg@nicevpn123,[免费节点10] 🇺🇸 US 673 → tg@nicevpn123...+1 | err=-
[WARN] batch start failed | size=4 {284} | split=1 {664} + 1 {665} + 1 {666} + 1 {667}
[TEST] {293} tested=1/1 | kept=0 | rest=0
[DEBUG] mihomo isolate | branch={293} | size=1 | parse=0 | names=[免费节点10] 🇺🇸 US 703 → tg@nicevpn123 | err=-
[DEBUG] mihomo drop | branch={293} | size=1 | parse=0 | names=[免费节点10] 🇺🇸 US 703 → tg@nicevpn123 | err=-
[DROP] name=[免费节点10] 🇺🇸 US 703 → tg@nicevpn123 {293} | server=104.19.45.136:2095 | reason=mihomo start failed
[TEST] {295} tested=1/1 | kept=0 | rest=0
[DEBUG] mihomo isolate | branch={295} | size=1 | parse=0 | names=[免费节点10] 🇺🇸 US 705 → tg@nicevpn123 | err=-
[DEBUG] mihomo drop | branch={295} | size=1 | parse=0 | names=[免费节点10] 🇺🇸 US 705 → tg@nicevpn123 | err=-
[DROP] name=[免费节点10] 🇺🇸 US 705 → tg@nicevpn123 {295} | server=38.110.1.105:9090 | reason=mihomo start failed
[TEST] {292} tested=1/1 | kept=0 | rest=0
[DEBUG] mihomo isolate | branch={292} | size=1 | parse=0 | names=[免费节点10] 🇺🇸 US 702 → tg@nicevpn123 | err=-
[DEBUG] mihomo drop | branch={292} | size=1 | parse=0 | names=[免费节点10] 🇺🇸 US 702 → tg@nicevpn123 | err=-
[DROP] name=[免费节点10] 🇺🇸 US 702 → tg@nicevpn123 {292} | server=104.16.60.8:2095 | reason=mihomo start failed
[TEST] {296} tested=1/1 | kept=0 | rest=0
[DEBUG] mihomo isolate | branch={296} | size=1 | parse=0 | names=[免费节点10] 🇺🇸 US 706 → tg@nicevpn123 | err=-
[DEBUG] mihomo drop | branch={296} | size=1 | parse=0 | names=[免费节点10] 🇺🇸 US 706 → tg@nicevpn123 | err=-
[DROP] name=[免费节点10] 🇺🇸 US 706 → tg@nicevpn123 {296} | server=104.19.42.171:2082 | reason=mihomo start failed
[TEST] {294} tested=1/1 | kept=0 | rest=0
[DEBUG] mihomo isolate | branch={294} | size=1 | parse=0 | names=[免费节点10] 🇺🇸 US 704 → tg@nicevpn123 | err=-
[DEBUG] mihomo drop | branch={294} | size=1 | parse=0 | names=[免费节点10] 🇺🇸 US 704 → tg@nicevpn123 | err=-
[DROP] name=[免费节点10] 🇺🇸 US 704 → tg@nicevpn123 {294} | server=104.19.45.25:2095 | reason=mihomo start failed
[TEST] {291} tested=1/1 | kept=0 | rest=0
[DEBUG] mihomo isolate | branch={291} | size=1 | parse=0 | names=[免费节点10] 🇺🇸 US 701 → tg@nicevpn123 | err=-
[DEBUG] mihomo drop | branch={291} | size=1 | parse=0 | names=[免费节点10] 🇺🇸 US 701 → tg@nicevpn123 | err=-
[DROP] name=[免费节点10] 🇺🇸 US 701 → tg@nicevpn123 {291} | server=104.19.49.3:443 | reason=mihomo start failed
[TEST] {297} tested=1/1 | kept=0 | rest=0
[DEBUG] mihomo isolate | branch={297} | size=1 | parse=0 | names=[免费节点10] 🇺🇸 US 707 → tg@nicevpn123 | err=-
[DEBUG] mihomo drop | branch={297} | size=1 | parse=0 | names=[免费节点10] 🇺🇸 US 707 → tg@nicevpn123 | err=-
[DROP] name=[免费节点10] 🇺🇸 US 707 → tg@nicevpn123 {297} | server=series-a2-mec.samanehha.co:443 | reason=mihomo start failed
[TEST] {287} tested=5/5 | kept=0 | rest=0
[DEBUG] mihomo split-small | branch={287} | size=5 | parse=0 | names=[免费节点10] 🇺🇸 US 737 → tg@nicevpn123,[免费节点10] 🇺🇸 US 739 → tg@nicevpn123,[免费节点10] 🇺🇸 US 74 → tg@nicevpn123...+2 | err=-
[WARN] batch start failed | size=5 {287} | split=1 {668} + 1 {669} + 1 {670} + 1 {671} + 1 {672}
[TEST] {298} tested=1/1 | kept=0 | rest=0
[DEBUG] mihomo isolate | branch={298} | size=1 | parse=0 | names=[免费节点10] 🇺🇸 US 718 → tg@nicevpn123 | err=-
[DEBUG] mihomo drop | branch={298} | size=1 | parse=0 | names=[免费节点10] 🇺🇸 US 718 → tg@nicevpn123 | err=-
[DROP] name=[免费节点10] 🇺🇸 US 718 → tg@nicevpn123 {298} | server=104.16.43.62:2082 | reason=mihomo start failed
[TEST] {288} tested=4/4 | kept=0 | rest=0
[DEBUG] mihomo split-small | branch={288} | size=4 | parse=0 | names=[免费节点10] 🇺🇸 US 709 → tg@nicevpn123,[免费节点10] 🇺🇸 US 710 → tg@nicevpn123,[免费节点10] 🇺🇸 US 711 → tg@nicevpn123...+1 | err=-
[WARN] batch start failed | size=4 {288} | split=1 {673} + 1 {674} + 1 {675} + 1 {676}
[TEST] {301} tested=1/1 | kept=0 | rest=0
[DEBUG] mihomo isolate | branch={301} | size=1 | parse=0 | names=[免费节点10] 🇺🇸 US 720 → tg@nicevpn123 | err=-
[DEBUG] mihomo drop | branch={301} | size=1 | parse=0 | names=[免费节点10] 🇺🇸 US 720 → tg@nicevpn123 | err=-
[DROP] name=[免费节点10] 🇺🇸 US 720 → tg@nicevpn123 {301} | server=104.21.36.26:8443 | reason=mihomo start failed
[TEST] {300} tested=1/1 | kept=0 | rest=0
[DEBUG] mihomo isolate | branch={300} | size=1 | parse=0 | names=[免费节点10] 🇺🇸 US 72 → tg@nicevpn123 | err=-
[DEBUG] mihomo drop | branch={300} | size=1 | parse=0 | names=[免费节点10] 🇺🇸 US 72 → tg@nicevpn123 | err=-
[DROP] name=[免费节点10] 🇺🇸 US 72 → tg@nicevpn123 {300} | server=0i4ui-g03.jp03-7d22-vm0.entry.fr0307a.art:21583 | reason=mihomo start failed
[TEST] {303} tested=1/1 | kept=0 | rest=0
[DEBUG] mihomo isolate | branch={303} | size=1 | parse=0 | names=[免费节点10] 🇺🇸 US 723 → tg@nicevpn123 | err=-
[DEBUG] mihomo drop | branch={303} | size=1 | parse=0 | names=[免费节点10] 🇺🇸 US 723 → tg@nicevpn123 | err=-
[DROP] name=[免费节点10] 🇺🇸 US 723 → tg@nicevpn123 {303} | server=172.66.213.38:443 | reason=mihomo start failed
[TEST] {305} tested=1/1 | kept=0 | rest=0
[DEBUG] mihomo isolate | branch={305} | size=1 | parse=0 | names=[免费节点10] 🇺🇸 US 726 → tg@nicevpn123 | err=-
[DEBUG] mihomo drop | branch={305} | size=1 | parse=0 | names=[免费节点10] 🇺🇸 US 726 → tg@nicevpn123 | err=-
[DROP] name=[免费节点10] 🇺🇸 US 726 → tg@nicevpn123 {305} | server=192.227.206.115:16899 | reason=mihomo start failed
[TEST] {304} tested=1/1 | kept=0 | rest=0
[DEBUG] mihomo isolate | branch={304} | size=1 | parse=0 | names=[免费节点10] 🇺🇸 US 725 → tg@nicevpn123 | err=-
[DEBUG] mihomo drop | branch={304} | size=1 | parse=0 | names=[免费节点10] 🇺🇸 US 725 → tg@nicevpn123 | err=-
[DROP] name=[免费节点10] 🇺🇸 US 725 → tg@nicevpn123 {304} | server=104.19.45.86:2095 | reason=mihomo start failed
[TEST] {306} tested=1/1 | kept=0 | rest=0
[DEBUG] mihomo isolate | branch={306} | size=1 | parse=0 | names=[免费节点10] 🇺🇸 US 727 → tg@nicevpn123 | err=-
[DEBUG] mihomo drop | branch={306} | size=1 | parse=0 | names=[免费节点10] 🇺🇸 US 727 → tg@nicevpn123 | err=-
[DROP] name=[免费节点10] 🇺🇸 US 727 → tg@nicevpn123 {306} | server=104.21.28.62:443 | reason=mihomo start failed
[TEST] {290} tested=1/1 | kept=0 | rest=0
[DEBUG] mihomo isolate | branch={290} | size=1 | parse=0 | names=[免费节点10] 🇺🇸 US 700 → tg@nicevpn123 | err=-
[DEBUG] mihomo drop | branch={290} | size=1 | parse=0 | names=[免费节点10] 🇺🇸 US 700 → tg@nicevpn123 | err=-
[DROP] name=[免费节点10] 🇺🇸 US 700 → tg@nicevpn123 {290} | server=141.193.68.81:443 | reason=mihomo start failed
[TEST] {309} tested=1/1 | kept=0 | rest=0
[DEBUG] mihomo isolate | branch={309} | size=1 | parse=0 | names=[免费节点10] 🇺🇸 US 787 → tg@nicevpn123 | err=-
[DEBUG] mihomo drop | branch={309} | size=1 | parse=0 | names=[免费节点10] 🇺🇸 US 787 → tg@nicevpn123 | err=-
[DROP] name=[免费节点10] 🇺🇸 US 787 → tg@nicevpn123 {309} | server=104.19.45.17:2095 | reason=mihomo start failed
[TEST] {299} tested=1/1 | kept=0 | rest=0
[DEBUG] mihomo isolate | branch={299} | size=1 | parse=0 | names=[免费节点10] 🇺🇸 US 719 → tg@nicevpn123 | err=-
[DEBUG] mihomo drop | branch={299} | size=1 | parse=0 | names=[免费节点10] 🇺🇸 US 719 → tg@nicevpn123 | err=-
[DROP] name=[免费节点10] 🇺🇸 US 719 → tg@nicevpn123 {299} | server=38.86.135.225:8090 | reason=mihomo start failed
[TEST] {311} tested=1/1 | kept=0 | rest=0
[DEBUG] mihomo isolate | branch={311} | size=1 | parse=0 | names=[免费节点10] 🇺🇸 US 79 → tg@nicevpn123 | err=-
[DEBUG] mihomo drop | branch={311} | size=1 | parse=0 | names=[免费节点10] 🇺🇸 US 79 → tg@nicevpn123 | err=-
[DROP] name=[免费节点10] 🇺🇸 US 79 → tg@nicevpn123 {311} | server=104.19.45.92:2095 | reason=mihomo start failed
[TEST] {310} tested=1/1 | kept=0 | rest=0
[DEBUG] mihomo isolate | branch={310} | size=1 | parse=0 | names=[免费节点10] 🇺🇸 US 788 → tg@nicevpn123 | err=-
[DEBUG] mihomo drop | branch={310} | size=1 | parse=0 | names=[免费节点10] 🇺🇸 US 788 → tg@nicevpn123 | err=-
[DROP] name=[免费节点10] 🇺🇸 US 788 → tg@nicevpn123 {310} | server=104.21.225.92:80 | reason=mihomo start failed
[TEST] {312} tested=1/1 | kept=0 | rest=0
[DEBUG] mihomo isolate | branch={312} | size=1 | parse=0 | names=[免费节点10] 🇺🇸 US 790 → tg@nicevpn123 | err=-
[DEBUG] mihomo drop | branch={312} | size=1 | parse=0 | names=[免费节点10] 🇺🇸 US 790 → tg@nicevpn123 | err=-
[DROP] name=[免费节点10] 🇺🇸 US 790 → tg@nicevpn123 {312} | server=104.19.49.30:443 | reason=mihomo start failed
[TEST] {313} tested=1/1 | kept=0 | rest=0
[DEBUG] mihomo isolate | branch={313} | size=1 | parse=0 | names=[免费节点10] 🇺🇸 US 791 → tg@nicevpn123 | err=-
[DEBUG] mihomo drop | branch={313} | size=1 | parse=0 | names=[免费节点10] 🇺🇸 US 791 → tg@nicevpn123 | err=-
[DROP] name=[免费节点10] 🇺🇸 US 791 → tg@nicevpn123 {313} | server=38.110.1.105:7307 | reason=mihomo start failed
[TEST] {314} tested=1/1 | kept=0 | rest=0
[DEBUG] mihomo isolate | branch={314} | size=1 | parse=0 | names=[免费节点10] 🇺🇸 US 794 → tg@nicevpn123 | err=-
[DEBUG] mihomo drop | branch={314} | size=1 | parse=0 | names=[免费节点10] 🇺🇸 US 794 → tg@nicevpn123 | err=-
[DROP] name=[免费节点10] 🇺🇸 US 794 → tg@nicevpn123 {314} | server=104.16.67.38:2087 | reason=mihomo start failed
[TEST] {315} tested=4/4 | kept=0 | rest=0
[DEBUG] mihomo split-small | branch={315} | size=4 | parse=0 | names=[免费节点10] 🇺🇸 US 751 → tg@nicevpn123,[免费节点10] 🇺🇸 US 752 → tg@nicevpn123,[免费节点10] 🇺🇸 US 753 → tg@nicevpn123...+1 | err=-
[WARN] batch start failed | size=4 {315} | split=1 {677} + 1 {678} + 1 {679} + 1 {680}
[TEST] {316} tested=5/5 | kept=0 | rest=0
[DEBUG] mihomo split-small | branch={316} | size=5 | parse=0 | names=[免费节点10] 🇺🇸 US 756 → tg@nicevpn123,[免费节点10] 🇺🇸 US 757 → tg@nicevpn123,[免费节点10] 🇺🇸 US 758 → tg@nicevpn123...+2 | err=-
[WARN] batch start failed | size=5 {316} | split=1 {681} + 1 {682} + 1 {683} + 1 {684} + 1 {685}
[TEST] {302} tested=1/1 | kept=0 | rest=0
[DEBUG] mihomo isolate | branch={302} | size=1 | parse=0 | names=[免费节点10] 🇺🇸 US 721 → tg@nicevpn123 | err=-
[DEBUG] mihomo drop | branch={302} | size=1 | parse=0 | names=[免费节点10] 🇺🇸 US 721 → tg@nicevpn123 | err=-
[DROP] name=[免费节点10] 🇺🇸 US 721 → tg@nicevpn123 {302} | server=152.70.39.9:26022 | reason=mihomo start failed
[TEST] {307} tested=1/1 | kept=0 | rest=0
[DEBUG] mihomo isolate | branch={307} | size=1 | parse=0 | names=[免费节点10] 🇺🇸 US 785 → tg@nicevpn123 | err=-
[DEBUG] mihomo drop | branch={307} | size=1 | parse=0 | names=[免费节点10] 🇺🇸 US 785 → tg@nicevpn123 | err=-
[DROP] name=[免费节点10] 🇺🇸 US 785 → tg@nicevpn123 {307} | server=18.237.116.67:443 | reason=mihomo start failed
[TEST] {308} tested=1/1 | kept=0 | rest=0
[DEBUG] mihomo isolate | branch={308} | size=1 | parse=0 | names=[免费节点10] 🇺🇸 US 786 → tg@nicevpn123 | err=-
[DEBUG] mihomo drop | branch={308} | size=1 | parse=0 | names=[免费节点10] 🇺🇸 US 786 → tg@nicevpn123 | err=-
[DROP] name=[免费节点10] 🇺🇸 US 786 → tg@nicevpn123 {308} | server=38.147.160.101:41384 | reason=mihomo start failed
[TEST] {317} tested=4/4 | kept=0 | rest=0
[DEBUG] mihomo split-small | branch={317} | size=4 | parse=0 | names=[免费节点10] 🇺🇸 US 795 → tg@nicevpn123,[免费节点10] 🇺🇸 US 796 → tg@nicevpn123,[免费节点10] 🇺🇸 US 798 → tg@nicevpn123...+1 | err=-
[WARN] batch start failed | size=4 {317} | split=1 {686} + 1 {687} + 1 {688} + 1 {689}
[TEST] {318} tested=5/5 | kept=0 | rest=0
[DEBUG] mihomo split-small | branch={318} | size=5 | parse=0 | names=[免费节点10] 🇺🇸 US 8 → tg@nicevpn123,[免费节点10] 🇺🇸 US 80 → tg@nicevpn123,[免费节点10] 🇺🇸 US 800 → tg@nicevpn123...+2 | err=-
[WARN] batch start failed | size=5 {318} | split=1 {690} + 1 {691} + 1 {692} + 1 {693} + 1 {694}
[TEST] {321} tested=4/4 | kept=0 | rest=0
[DEBUG] mihomo split-small | branch={321} | size=4 | parse=0 | names=[免费节点10] 🇺🇸 US 814 → tg@nicevpn123,[免费节点10] 🇺🇸 US 815 → tg@nicevpn123,[免费节点10] 🇺🇸 US 816 → tg@nicevpn123...+1 | err=-
[WARN] batch start failed | size=4 {321} | split=1 {695} + 1 {696} + 1 {697} + 1 {698}
[TEST] {325} tested=1/1 | kept=0 | rest=0
[DEBUG] mihomo isolate | branch={325} | size=1 | parse=0 | names=[免费节点10] 🇺🇸 US 744 → tg@nicevpn123 | err=-
[DEBUG] mihomo drop | branch={325} | size=1 | parse=0 | names=[免费节点10] 🇺🇸 US 744 → tg@nicevpn123 | err=-
[DROP] name=[免费节点10] 🇺🇸 US 744 → tg@nicevpn123 {325} | server=104.19.49.99:443 | reason=mihomo start failed
[TEST] {327} tested=1/1 | kept=0 | rest=0
[DEBUG] mihomo isolate | branch={327} | size=1 | parse=0 | names=[免费节点10] 🇺🇸 US 746 → tg@nicevpn123 | err=-
[DEBUG] mihomo drop | branch={327} | size=1 | parse=0 | names=[免费节点10] 🇺🇸 US 746 → tg@nicevpn123 | err=-
[DROP] name=[免费节点10] 🇺🇸 US 746 → tg@nicevpn123 {327} | server=104.16.60.8:80 | reason=mihomo start failed
[TEST] {319} tested=4/4 | kept=0 | rest=0
[DEBUG] mihomo split-small | branch={319} | size=4 | parse=0 | names=[免费节点10] 🇺🇸 US 804 → tg@nicevpn123,[免费节点10] 🇺🇸 US 805 → tg@nicevpn123,[免费节点10] 🇺🇸 US 806 → tg@nicevpn123...+1 | err=-
[WARN] batch start failed | size=4 {319} | split=1 {699} + 1 {700} + 1 {701} + 1 {702}
[TEST] {324} tested=1/1 | kept=0 | rest=0
[DEBUG] mihomo isolate | branch={324} | size=1 | parse=0 | names=[免费节点10] 🇺🇸 US 743 → tg@nicevpn123 | err=-
[DEBUG] mihomo drop | branch={324} | size=1 | parse=0 | names=[免费节点10] 🇺🇸 US 743 → tg@nicevpn123 | err=-
[DROP] name=[免费节点10] 🇺🇸 US 743 → tg@nicevpn123 {324} | server=104.19.42.78:2082 | reason=mihomo start failed
[TEST] {328} tested=1/1 | kept=0 | rest=0
[DEBUG] mihomo isolate | branch={328} | size=1 | parse=0 | names=[免费节点10] 🇺🇸 US 748 → tg@nicevpn123 | err=-
[DEBUG] mihomo drop | branch={328} | size=1 | parse=0 | names=[免费节点10] 🇺🇸 US 748 → tg@nicevpn123 | err=-
[DROP] name=[免费节点10] 🇺🇸 US 748 → tg@nicevpn123 {328} | server=173.245.58.37:443 | reason=mihomo start failed
[TEST] {320} tested=5/5 | kept=0 | rest=0
[DEBUG] mihomo split-small | branch={320} | size=5 | parse=0 | names=[免费节点10] 🇺🇸 US 809 → tg@nicevpn123,[免费节点10] 🇺🇸 US 81 → tg@nicevpn123,[免费节点10] 🇺🇸 US 811 → tg@nicevpn123...+2 | err=-
[WARN] batch start failed | size=5 {320} | split=1 {703} + 1 {704} + 1 {705} + 1 {706} + 1 {707}
[TEST] {329} tested=1/1 | kept=0 | rest=0
[DEBUG] mihomo isolate | branch={329} | size=1 | parse=0 | names=[免费节点10] 🇺🇸 US 749 → tg@nicevpn123 | err=-
[DEBUG] mihomo drop | branch={329} | size=1 | parse=0 | names=[免费节点10] 🇺🇸 US 749 → tg@nicevpn123 | err=-
[DROP] name=[免费节点10] 🇺🇸 US 749 → tg@nicevpn123 {329} | server=104.21.237.160:80 | reason=mihomo start failed
[TEST] {326} tested=1/1 | kept=0 | rest=0
[DEBUG] mihomo isolate | branch={326} | size=1 | parse=0 | names=[免费节点10] 🇺🇸 US 745 → tg@nicevpn123 | err=-
[DEBUG] mihomo drop | branch={326} | size=1 | parse=0 | names=[免费节点10] 🇺🇸 US 745 → tg@nicevpn123 | err=-
[DROP] name=[免费节点10] 🇺🇸 US 745 → tg@nicevpn123 {326} | server=104.19.45.232:2082 | reason=mihomo start failed
[TEST] {332} tested=5/5 | kept=0 | rest=0
[DEBUG] mihomo split-small | branch={332} | size=5 | parse=0 | names=[免费节点10] 🇺🇸 US 78 → tg@nicevpn123,[免费节点10] 🇺🇸 US 781 → tg@nicevpn123,[免费节点10] 🇺🇸 US 782 → tg@nicevpn123...+2 | err=-
[WARN] batch start failed | size=5 {332} | split=1 {708} + 1 {709} + 1 {710} + 1 {711} + 1 {712}
[TEST] {322} tested=5/5 | kept=0 | rest=0
[DEBUG] mihomo split-small | branch={322} | size=5 | parse=0 | names=[免费节点10] 🇺🇸 US 818 → tg@nicevpn123,[免费节点10] 🇺🇸 US 82 → tg@nicevpn123,[免费节点10] 🇺🇸 US 822 → tg@nicevpn123...+2 | err=-
[WARN] batch start failed | size=5 {322} | split=1 {713} + 1 {714} + 1 {715} + 1 {716} + 1 {717}
[TEST] {333} tested=1/1 | kept=0 | rest=0
[DEBUG] mihomo isolate | branch={333} | size=1 | parse=0 | names=[免费节点10] 🇺🇸 US 761 → tg@nicevpn123 | err=-
[DEBUG] mihomo drop | branch={333} | size=1 | parse=0 | names=[免费节点10] 🇺🇸 US 761 → tg@nicevpn123 | err=-
[DROP] name=[免费节点10] 🇺🇸 US 761 → tg@nicevpn123 {333} | server=104.19.49.15:443 | reason=mihomo start failed
[TEST] {335} tested=1/1 | kept=0 | rest=0
[DEBUG] mihomo isolate | branch={335} | size=1 | parse=0 | names=[免费节点10] 🇺🇸 US 767 → tg@nicevpn123 | err=-
[DEBUG] mihomo drop | branch={335} | size=1 | parse=0 | names=[免费节点10] 🇺🇸 US 767 → tg@nicevpn123 | err=-
[DROP] name=[免费节点10] 🇺🇸 US 767 → tg@nicevpn123 {335} | server=104.20.19.18:2087 | reason=mihomo start failed
[TEST] {334} tested=1/1 | kept=0 | rest=0
[DEBUG] mihomo isolate | branch={334} | size=1 | parse=0 | names=[免费节点10] 🇺🇸 US 766 → tg@nicevpn123 | err=-
[DEBUG] mihomo drop | branch={334} | size=1 | parse=0 | names=[免费节点10] 🇺🇸 US 766 → tg@nicevpn123 | err=-
[DROP] name=[免费节点10] 🇺🇸 US 766 → tg@nicevpn123 {334} | server=104.26.9.202:443 | reason=mihomo start failed
[TEST] {323} tested=1/1 | kept=0 | rest=0
[DEBUG] mihomo isolate | branch={323} | size=1 | parse=0 | names=[免费节点10] 🇺🇸 US 742 → tg@nicevpn123 | err=-
[DEBUG] mihomo drop | branch={323} | size=1 | parse=0 | names=[免费节点10] 🇺🇸 US 742 → tg@nicevpn123 | err=-
[DROP] name=[免费节点10] 🇺🇸 US 742 → tg@nicevpn123 {323} | server=38.75.136.108:9101 | reason=mihomo start failed
[TEST] {336} tested=1/1 | kept=0 | rest=0
[DEBUG] mihomo isolate | branch={336} | size=1 | parse=0 | names=[免费节点10] 🇺🇸 US 768 → tg@nicevpn123 | err=-
[DEBUG] mihomo drop | branch={336} | size=1 | parse=0 | names=[免费节点10] 🇺🇸 US 768 → tg@nicevpn123 | err=-
[DROP] name=[免费节点10] 🇺🇸 US 768 → tg@nicevpn123 {336} | server=45.79.9.98:443 | reason=mihomo start failed
[TEST] {339} tested=1/1 | kept=0 | rest=0
[DEBUG] mihomo isolate | branch={339} | size=1 | parse=0 | names=[免费节点10] 🇺🇸 US 773 → tg@nicevpn123 | err=-
[DEBUG] mihomo drop | branch={339} | size=1 | parse=0 | names=[免费节点10] 🇺🇸 US 773 → tg@nicevpn123 | err=-
[DROP] name=[免费节点10] 🇺🇸 US 773 → tg@nicevpn123 {339} | server=sg-full.privateip.net:443 | reason=mihomo start failed
[TEST] {338} tested=1/1 | kept=0 | rest=0
[DEBUG] mihomo isolate | branch={338} | size=1 | parse=0 | names=[免费节点10] 🇺🇸 US 772 → tg@nicevpn123 | err=-
[DEBUG] mihomo drop | branch={338} | size=1 | parse=0 | names=[免费节点10] 🇺🇸 US 772 → tg@nicevpn123 | err=-
[DROP] name=[免费节点10] 🇺🇸 US 772 → tg@nicevpn123 {338} | server=104.21.225.176:80 | reason=mihomo start failed
[TEST] {340} tested=1/1 | kept=0 | rest=0
[DEBUG] mihomo isolate | branch={340} | size=1 | parse=0 | names=[免费节点10] 🇺🇸 US 775 → tg@nicevpn123 | err=-
[DEBUG] mihomo drop | branch={340} | size=1 | parse=0 | names=[免费节点10] 🇺🇸 US 775 → tg@nicevpn123 | err=-
[DROP] name=[免费节点10] 🇺🇸 US 775 → tg@nicevpn123 {340} | server=sg4g.xn--vhq70hxyat50h6wk.com:80 | reason=mihomo start failed
[TEST] {341} tested=4/4 | kept=0 | rest=0
[DEBUG] mihomo split-small | branch={341} | size=4 | parse=0 | names=[免费节点10] 🇺🇸 US 648 → tg@nicevpn123,[免费节点10] 🇺🇸 US 65 → tg@nicevpn123,[免费节点10] 🇺🇸 US 650 → tg@nicevpn123...+1 | err=-
[WARN] batch start failed | size=4 {341} | split=1 {718} + 1 {719} + 1 {720} + 1 {721}
[TEST] {330} tested=1/1 | kept=0 | rest=0
[DEBUG] mihomo isolate | branch={330} | size=1 | parse=0 | names=[免费节点10] 🇺🇸 US 750 → tg@nicevpn123 | err=-
[DEBUG] mihomo drop | branch={330} | size=1 | parse=0 | names=[免费节点10] 🇺🇸 US 750 → tg@nicevpn123 | err=-
[DROP] name=[免费节点10] 🇺🇸 US 750 → tg@nicevpn123 {330} | server=38.110.1.241:9102 | reason=mihomo start failed
[TEST] {342} tested=5/5 | kept=0 | rest=0
[DEBUG] mihomo split-small | branch={342} | size=5 | parse=0 | names=[免费节点10] 🇺🇸 US 652 → tg@nicevpn123,[免费节点10] 🇺🇸 US 654 → tg@nicevpn123,[免费节点10] 🇺🇸 US 655 → tg@nicevpn123...+2 | err=-
[WARN] batch start failed | size=5 {342} | split=1 {722} + 1 {723} + 1 {724} + 1 {725} + 1 {726}
[TEST] {343} tested=1/1 | kept=0 | rest=0
[DEBUG] mihomo isolate | branch={343} | size=1 | parse=0 | names=[免费节点10] 🇺🇸 US 614 → tg@nicevpn123 | err=-
[DEBUG] mihomo drop | branch={343} | size=1 | parse=0 | names=[免费节点10] 🇺🇸 US 614 → tg@nicevpn123 | err=-
[DROP] name=[免费节点10] 🇺🇸 US 614 → tg@nicevpn123 {343} | server=104.19.45.125:2095 | reason=mihomo start failed
[TEST] {345} tested=1/1 | kept=0 | rest=0
[DEBUG] mihomo isolate | branch={345} | size=1 | parse=0 | names=[免费节点10] 🇺🇸 US 619 → tg@nicevpn123 | err=-
[DEBUG] mihomo drop | branch={345} | size=1 | parse=0 | names=[免费节点10] 🇺🇸 US 619 → tg@nicevpn123 | err=-
[DROP] name=[免费节点10] 🇺🇸 US 619 → tg@nicevpn123 {345} | server=104.19.171.3:443 | reason=mihomo start failed
[TEST] {347} tested=1/1 | kept=0 | rest=0
[DEBUG] mihomo isolate | branch={347} | size=1 | parse=0 | names=[免费节点10] 🇺🇸 US 620 → tg@nicevpn123 | err=-
[DEBUG] mihomo drop | branch={347} | size=1 | parse=0 | names=[免费节点10] 🇺🇸 US 620 → tg@nicevpn123 | err=-
[DROP] name=[免费节点10] 🇺🇸 US 620 → tg@nicevpn123 {347} | server=104.21.40.162:80 | reason=mihomo start failed
[TEST] {331} tested=4/4 | kept=0 | rest=0
[DEBUG] mihomo split-small | branch={331} | size=4 | parse=0 | names=[免费节点10] 🇺🇸 US 776 → tg@nicevpn123,[免费节点10] 🇺🇸 US 777 → tg@nicevpn123,[免费节点10] 🇺🇸 US 778 → tg@nicevpn123...+1 | err=-
[WARN] batch start failed | size=4 {331} | split=1 {727} + 1 {728} + 1 {729} + 1 {730}
[TEST] {350} tested=1/1 | kept=0 | rest=0
[DEBUG] mihomo isolate | branch={350} | size=1 | parse=0 | names=[免费节点10] 🇺🇸 US 624 → tg@nicevpn123 | err=-
[DEBUG] mihomo drop | branch={350} | size=1 | parse=0 | names=[免费节点10] 🇺🇸 US 624 → tg@nicevpn123 | err=-
[DROP] name=[免费节点10] 🇺🇸 US 624 → tg@nicevpn123 {350} | server=104.16.42.81:2082 | reason=mihomo start failed
[TEST] {346} tested=1/1 | kept=0 | rest=0
[DEBUG] mihomo isolate | branch={346} | size=1 | parse=0 | names=[免费节点10] 🇺🇸 US 62 → tg@nicevpn123 | err=-
[DEBUG] mihomo drop | branch={346} | size=1 | parse=0 | names=[免费节点10] 🇺🇸 US 62 → tg@nicevpn123 | err=-
[DROP] name=[免费节点10] 🇺🇸 US 62 → tg@nicevpn123 {346} | server=104.16.40.106:2082 | reason=mihomo start failed
[TEST] {337} tested=1/1 | kept=0 | rest=0
[DEBUG] mihomo isolate | branch={337} | size=1 | parse=0 | names=[免费节点10] 🇺🇸 US 769 → tg@nicevpn123 | err=-
[DEBUG] mihomo drop | branch={337} | size=1 | parse=0 | names=[免费节点10] 🇺🇸 US 769 → tg@nicevpn123 | err=-
[DROP] name=[免费节点10] 🇺🇸 US 769 → tg@nicevpn123 {337} | server=38.121.43.71:5001 | reason=mihomo start failed
[TEST] {351} tested=4/4 | kept=0 | rest=0
[DEBUG] mihomo split-small | branch={351} | size=4 | parse=0 | names=[免费节点10] 🇺🇸 US 578 → tg@nicevpn123,[免费节点10] 🇺🇸 US 58 → tg@nicevpn123,[免费节点10] 🇺🇸 US 580 → tg@nicevpn123...+1 | err=-
[WARN] batch start failed | size=4 {351} | split=1 {731} + 1 {732} + 1 {733} + 1 {734}
[TEST] {352} tested=5/5 | kept=0 | rest=0
[DEBUG] mihomo split-small | branch={352} | size=5 | parse=0 | names=[免费节点10] 🇺🇸 US 584 → tg@nicevpn123,[免费节点10] 🇺🇸 US 585 → tg@nicevpn123,[免费节点10] 🇺🇸 US 586 → tg@nicevpn123...+2 | err=-
[WARN] batch start failed | size=5 {352} | split=1 {735} + 1 {736} + 1 {737} + 1 {738} + 1 {739}
[TEST] {344} tested=1/1 | kept=0 | rest=0
[DEBUG] mihomo isolate | branch={344} | size=1 | parse=0 | names=[免费节点10] 🇺🇸 US 616 → tg@nicevpn123 | err=-
[DEBUG] mihomo drop | branch={344} | size=1 | parse=0 | names=[免费节点10] 🇺🇸 US 616 → tg@nicevpn123 | err=-
[DROP] name=[免费节点10] 🇺🇸 US 616 → tg@nicevpn123 {344} | server=38.110.1.107:3306 | reason=mihomo start failed
[TEST] {353} tested=4/4 | kept=0 | rest=0
[DEBUG] mihomo split-small | branch={353} | size=4 | parse=0 | names=[免费节点10] 🇺🇸 US 625 → tg@nicevpn123,[免费节点10] 🇺🇸 US 626 → tg@nicevpn123,[免费节点10] 🇺🇸 US 627 → tg@nicevpn123...+1 | err=-
[WARN] batch start failed | size=4 {353} | split=1 {740} + 1 {741} + 1 {742} + 1 {743}
[TEST] {349} tested=1/1 | kept=0 | rest=0
[DEBUG] mihomo isolate | branch={349} | size=1 | parse=0 | names=[免费节点10] 🇺🇸 US 623 → tg@nicevpn123 | err=-
[DEBUG] mihomo drop | branch={349} | size=1 | parse=0 | names=[免费节点10] 🇺🇸 US 623 → tg@nicevpn123 | err=-
[DROP] name=[免费节点10] 🇺🇸 US 623 → tg@nicevpn123 {349} | server=ip0axv1bbsu02k7-jp.1ytnode.com:56342 | reason=mihomo start failed
[TEST] {348} tested=1/1 | kept=0 | rest=0
[DEBUG] mihomo isolate | branch={348} | size=1 | parse=0 | names=[免费节点10] 🇺🇸 US 621 → tg@nicevpn123 | err=-
[DEBUG] mihomo drop | branch={348} | size=1 | parse=0 | names=[免费节点10] 🇺🇸 US 621 → tg@nicevpn123 | err=-
[DROP] name=[免费节点10] 🇺🇸 US 621 → tg@nicevpn123 {348} | server=13.37.183.9:22222 | reason=mihomo start failed
[TEST] {357} tested=1/1 | kept=0 | rest=0
[DEBUG] mihomo isolate | branch={357} | size=1 | parse=0 | names=[免费节点10] 🇺🇸 US 569 → tg@nicevpn123 | err=-
[DEBUG] mihomo drop | branch={357} | size=1 | parse=0 | names=[免费节点10] 🇺🇸 US 569 → tg@nicevpn123 | err=-
[DROP] name=[免费节点10] 🇺🇸 US 569 → tg@nicevpn123 {357} | server=104.18.219.67:2087 | reason=mihomo start failed
[TEST] {354} tested=5/5 | kept=0 | rest=0
[DEBUG] mihomo split-small | branch={354} | size=5 | parse=0 | names=[免费节点10] 🇺🇸 US 631 → tg@nicevpn123,[免费节点10] 🇺🇸 US 632 → tg@nicevpn123,[免费节点10] 🇺🇸 US 633 → tg@nicevpn123...+2 | err=-
[WARN] batch start failed | size=5 {354} | split=1 {744} + 1 {745} + 1 {746} + 1 {747} + 1 {748}
[TEST] {355} tested=4/4 | kept=0 | rest=0
[DEBUG] mihomo split-small | branch={355} | size=4 | parse=0 | names=[免费节点10] 🇺🇸 US 637 → tg@nicevpn123,[免费节点10] 🇺🇸 US 638 → tg@nicevpn123,[免费节点10] 🇺🇸 US 639 → tg@nicevpn123...+1 | err=-
[WARN] batch start failed | size=4 {355} | split=1 {749} + 1 {750} + 1 {751} + 1 {752}
[TEST] {356} tested=5/5 | kept=0 | rest=0
[DEBUG] mihomo split-small | branch={356} | size=5 | parse=0 | names=[免费节点10] 🇺🇸 US 642 → tg@nicevpn123,[免费节点10] 🇺🇸 US 644 → tg@nicevpn123,[免费节点10] 🇺🇸 US 645 → tg@nicevpn123...+2 | err=-
[WARN] batch start failed | size=5 {356} | split=1 {753} + 1 {754} + 1 {755} + 1 {756} + 1 {757}
[TEST] {359} tested=1/1 | kept=0 | rest=0
[DEBUG] mihomo isolate | branch={359} | size=1 | parse=0 | names=[免费节点10] 🇺🇸 US 570 → tg@nicevpn123 | err=-
[DEBUG] mihomo drop | branch={359} | size=1 | parse=0 | names=[免费节点10] 🇺🇸 US 570 → tg@nicevpn123 | err=-
[DROP] name=[免费节点10] 🇺🇸 US 570 → tg@nicevpn123 {359} | server=104.18.219.61:2087 | reason=mihomo start failed
[TEST] {363} tested=1/1 | kept=0 | rest=0
[DEBUG] mihomo isolate | branch={363} | size=1 | parse=0 | names=[免费节点10] 🇺🇸 US 576 → tg@nicevpn123 | err=-
[DEBUG] mihomo drop | branch={363} | size=1 | parse=0 | names=[免费节点10] 🇺🇸 US 576 → tg@nicevpn123 | err=-
[DROP] name=[免费节点10] 🇺🇸 US 576 → tg@nicevpn123 {363} | server=104.19.45.239:2082 | reason=mihomo start failed
[TEST] {362} tested=1/1 | kept=0 | rest=0
[DEBUG] mihomo isolate | branch={362} | size=1 | parse=0 | names=[免费节点10] 🇺🇸 US 575 → tg@nicevpn123 | err=-
[DEBUG] mihomo drop | branch={362} | size=1 | parse=0 | names=[免费节点10] 🇺🇸 US 575 → tg@nicevpn123 | err=-
[DROP] name=[免费节点10] 🇺🇸 US 575 → tg@nicevpn123 {362} | server=bolder-metal-comma.glitch.me:443 | reason=mihomo start failed
[TEST] {358} tested=1/1 | kept=0 | rest=0
[DEBUG] mihomo isolate | branch={358} | size=1 | parse=0 | names=[免费节点10] 🇺🇸 US 57 → tg@nicevpn123 | err=-
[DEBUG] mihomo drop | branch={358} | size=1 | parse=0 | names=[免费节点10] 🇺🇸 US 57 → tg@nicevpn123 | err=-
[DROP] name=[免费节点10] 🇺🇸 US 57 → tg@nicevpn123 {358} | server=15.204.87.217:5498 | reason=mihomo start failed
[TEST] {361} tested=1/1 | kept=0 | rest=0
[DEBUG] mihomo isolate | branch={361} | size=1 | parse=0 | names=[免费节点10] 🇺🇸 US 574 → tg@nicevpn123 | err=-
[DEBUG] mihomo drop | branch={361} | size=1 | parse=0 | names=[免费节点10] 🇺🇸 US 574 → tg@nicevpn123 | err=-
[DROP] name=[免费节点10] 🇺🇸 US 574 → tg@nicevpn123 {361} | server=34.221.163.96:443 | reason=mihomo start failed
[TEST] {360} tested=1/1 | kept=0 | rest=0
[DEBUG] mihomo isolate | branch={360} | size=1 | parse=0 | names=[免费节点10] 🇺🇸 US 572 → tg@nicevpn123 | err=-
[DEBUG] mihomo drop | branch={360} | size=1 | parse=0 | names=[免费节点10] 🇺🇸 US 572 → tg@nicevpn123 | err=-
[DROP] name=[免费节点10] 🇺🇸 US 572 → tg@nicevpn123 {360} | server=38.75.136.108:8091 | reason=mihomo start failed
[TEST] {367} tested=1/1 | kept=0 | rest=0
[DEBUG] mihomo isolate | branch={367} | size=1 | parse=0 | names=[免费节点10] 🇺🇸 US 590 → tg@nicevpn123 | err=-
[DEBUG] mihomo drop | branch={367} | size=1 | parse=0 | names=[免费节点10] 🇺🇸 US 590 → tg@nicevpn123 | err=-
[DROP] name=[免费节点10] 🇺🇸 US 590 → tg@nicevpn123 {367} | server=104.19.45.80:2095 | reason=mihomo start failed
[TEST] {368} tested=1/1 | kept=0 | rest=0
[DEBUG] mihomo isolate | branch={368} | size=1 | parse=0 | names=[免费节点10] 🇺🇸 US 592 → tg@nicevpn123 | err=-
[DEBUG] mihomo drop | branch={368} | size=1 | parse=0 | names=[免费节点10] 🇺🇸 US 592 → tg@nicevpn123 | err=-
[DROP] name=[免费节点10] 🇺🇸 US 592 → tg@nicevpn123 {368} | server=104.19.45.11:2095 | reason=mihomo start failed
[TEST] {370} tested=1/1 | kept=0 | rest=0
[DEBUG] mihomo isolate | branch={370} | size=1 | parse=0 | names=[免费节点10] 🇺🇸 US 595 → tg@nicevpn123 | err=-
[DEBUG] mihomo drop | branch={370} | size=1 | parse=0 | names=[免费节点10] 🇺🇸 US 595 → tg@nicevpn123 | err=-
[DROP] name=[免费节点10] 🇺🇸 US 595 → tg@nicevpn123 {370} | server=best-charm-pediatrician.glitch.me:443 | reason=mihomo start failed
[TEST] {369} tested=1/1 | kept=0 | rest=0
[DEBUG] mihomo isolate | branch={369} | size=1 | parse=0 | names=[免费节点10] 🇺🇸 US 593 → tg@nicevpn123 | err=-
[DEBUG] mihomo drop | branch={369} | size=1 | parse=0 | names=[免费节点10] 🇺🇸 US 593 → tg@nicevpn123 | err=-
[DROP] name=[免费节点10] 🇺🇸 US 593 → tg@nicevpn123 {369} | server=38.110.1.105:9102 | reason=mihomo start failed
[TEST] {371} tested=1/1 | kept=0 | rest=0
[DEBUG] mihomo isolate | branch={371} | size=1 | parse=0 | names=[免费节点10] 🇺🇸 US 598 → tg@nicevpn123 | err=-
[DEBUG] mihomo drop | branch={371} | size=1 | parse=0 | names=[免费节点10] 🇺🇸 US 598 → tg@nicevpn123 | err=-
[DROP] name=[免费节点10] 🇺🇸 US 598 → tg@nicevpn123 {371} | server=104.16.40.247:2082 | reason=mihomo start failed
[TEST] {364} tested=1/1 | kept=0 | rest=0
[DEBUG] mihomo isolate | branch={364} | size=1 | parse=0 | names=[免费节点10] 🇺🇸 US 577 → tg@nicevpn123 | err=-
[DEBUG] mihomo drop | branch={364} | size=1 | parse=0 | names=[免费节点10] 🇺🇸 US 577 → tg@nicevpn123 | err=-
[DROP] name=[免费节点10] 🇺🇸 US 577 → tg@nicevpn123 {364} | server=165.22.47.62:8881 | reason=mihomo start failed
[TEST] {365} tested=4/4 | kept=0 | rest=0
[DEBUG] mihomo split-small | branch={365} | size=4 | parse=0 | names=[免费节点10] 🇺🇸 US 602 → tg@nicevpn123,[免费节点10] 🇺🇸 US 604 → tg@nicevpn123,[免费节点10] 🇺🇸 US 605 → tg@nicevpn123...+1 | err=-
[WARN] batch start failed | size=4 {365} | split=1 {758} + 1 {759} + 1 {760} + 1 {761}
[TEST] {372} tested=1/1 | kept=0 | rest=0
[DEBUG] mihomo isolate | branch={372} | size=1 | parse=0 | names=[免费节点10] 🇺🇸 US 6 → tg@nicevpn123 | err=-
[DEBUG] mihomo drop | branch={372} | size=1 | parse=0 | names=[免费节点10] 🇺🇸 US 6 → tg@nicevpn123 | err=-
[DROP] name=[免费节点10] 🇺🇸 US 6 → tg@nicevpn123 {372} | server=oe6wc-g01.jp05-6786-vm0.entry.fr0307a.art:46482 | reason=mihomo start failed
[TEST] {373} tested=1/1 | kept=0 | rest=0
[DEBUG] mihomo isolate | branch={373} | size=1 | parse=0 | names=[免费节点10] 🇺🇸 US 600 → tg@nicevpn123 | err=-
[DEBUG] mihomo drop | branch={373} | size=1 | parse=0 | names=[免费节点10] 🇺🇸 US 600 → tg@nicevpn123 | err=-
[DROP] name=[免费节点10] 🇺🇸 US 600 → tg@nicevpn123 {373} | server=104.19.42.243:2082 | reason=mihomo start failed
[TEST] {375} tested=1/1 | kept=0 | rest=0
[DEBUG] mihomo isolate | branch={375} | size=1 | parse=0 | names=[免费节点10] 🇺🇸 US 480 → tg@nicevpn123 | err=-
[DEBUG] mihomo drop | branch={375} | size=1 | parse=0 | names=[免费节点10] 🇺🇸 US 480 → tg@nicevpn123 | err=-
[DROP] name=[免费节点10] 🇺🇸 US 480 → tg@nicevpn123 {375} | server=104.21.28.62:443 | reason=mihomo start failed
[TEST] {376} tested=1/1 | kept=0 | rest=0
[DEBUG] mihomo isolate | branch={376} | size=1 | parse=0 | names=[免费节点10] 🇺🇸 US 483 → tg@nicevpn123 | err=-
[DEBUG] mihomo drop | branch={376} | size=1 | parse=0 | names=[免费节点10] 🇺🇸 US 483 → tg@nicevpn123 | err=-
[DROP] name=[免费节点10] 🇺🇸 US 483 → tg@nicevpn123 {376} | server=104.19.45.151:2095 | reason=mihomo start failed
[TEST] {377} tested=1/1 | kept=0 | rest=0
[DEBUG] mihomo isolate | branch={377} | size=1 | parse=0 | names=[免费节点10] 🇺🇸 US 486 → tg@nicevpn123 | err=-
[DEBUG] mihomo drop | branch={377} | size=1 | parse=0 | names=[免费节点10] 🇺🇸 US 486 → tg@nicevpn123 | err=-
[DROP] name=[免费节点10] 🇺🇸 US 486 → tg@nicevpn123 {377} | server=fr01.freeflyingcloud.xyz:30502 | reason=mihomo start failed
[TEST] {379} tested=1/1 | kept=0 | rest=0
[DEBUG] mihomo isolate | branch={379} | size=1 | parse=0 | names=[免费节点10] 🇺🇸 US 489 → tg@nicevpn123 | err=-
[DEBUG] mihomo drop | branch={379} | size=1 | parse=0 | names=[免费节点10] 🇺🇸 US 489 → tg@nicevpn123 | err=-
[DROP] name=[免费节点10] 🇺🇸 US 489 → tg@nicevpn123 {379} | server=54.245.12.173:17398 | reason=mihomo start failed
[TEST] {366} tested=5/5 | kept=0 | rest=0
[DEBUG] mihomo split-small | branch={366} | size=5 | parse=0 | names=[免费节点10] 🇺🇸 US 608 → tg@nicevpn123,[免费节点10] 🇺🇸 US 61 → tg@nicevpn123,[免费节点10] 🇺🇸 US 611 → tg@nicevpn123...+2 | err=-
[WARN] batch start failed | size=5 {366} | split=1 {762} + 1 {763} + 1 {764} + 1 {765} + 1 {766}
[TEST] {374} tested=1/1 | kept=0 | rest=0
[DEBUG] mihomo isolate | branch={374} | size=1 | parse=0 | names=[免费节点10] 🇺🇸 US 601 → tg@nicevpn123 | err=-
[DEBUG] mihomo drop | branch={374} | size=1 | parse=0 | names=[免费节点10] 🇺🇸 US 601 → tg@nicevpn123 | err=-
[DROP] name=[免费节点10] 🇺🇸 US 601 → tg@nicevpn123 {374} | server=66.225.246.221:30129 | reason=mihomo start failed
[TEST] {378} tested=1/1 | kept=0 | rest=0
[DEBUG] mihomo isolate | branch={378} | size=1 | parse=0 | names=[免费节点10] 🇺🇸 US 487 → tg@nicevpn123 | err=-
[DEBUG] mihomo drop | branch={378} | size=1 | parse=0 | names=[免费节点10] 🇺🇸 US 487 → tg@nicevpn123 | err=-
[DROP] name=[免费节点10] 🇺🇸 US 487 → tg@nicevpn123 {378} | server=94.131.117.240:443 | reason=mihomo start failed
[TEST] {380} tested=1/1 | kept=0 | rest=0
[DEBUG] mihomo isolate | branch={380} | size=1 | parse=0 | names=[免费节点10] 🇺🇸 US 490 → tg@nicevpn123 | err=-
[DEBUG] mihomo drop | branch={380} | size=1 | parse=0 | names=[免费节点10] 🇺🇸 US 490 → tg@nicevpn123 | err=-
[DROP] name=[免费节点10] 🇺🇸 US 490 → tg@nicevpn123 {380} | server=94.131.8.32:80 | reason=mihomo start failed
[TEST] {381} tested=1/1 | kept=0 | rest=0
[DEBUG] mihomo isolate | branch={381} | size=1 | parse=0 | names=[免费节点10] 🇺🇸 US 491 → tg@nicevpn123 | err=-
[DEBUG] mihomo drop | branch={381} | size=1 | parse=0 | names=[免费节点10] 🇺🇸 US 491 → tg@nicevpn123 | err=-
[DROP] name=[免费节点10] 🇺🇸 US 491 → tg@nicevpn123 {381} | server=167.172.19.102:8880 | reason=mihomo start failed
[TEST] {385} tested=1/1 | kept=0 | rest=0
[DEBUG] mihomo isolate | branch={385} | size=1 | parse=0 | names=[免费节点10] 🇺🇸 US 504 → tg@nicevpn123 | err=-
[DEBUG] mihomo drop | branch={385} | size=1 | parse=0 | names=[免费节点10] 🇺🇸 US 504 → tg@nicevpn123 | err=-
[DROP] name=[免费节点10] 🇺🇸 US 504 → tg@nicevpn123 {385} | server=104.17.1.58:8443 | reason=mihomo start failed
[TEST] {386} tested=1/1 | kept=0 | rest=0
[DEBUG] mihomo isolate | branch={386} | size=1 | parse=0 | names=[免费节点10] 🇺🇸 US 508 → tg@nicevpn123 | err=-
[DEBUG] mihomo drop | branch={386} | size=1 | parse=0 | names=[免费节点10] 🇺🇸 US 508 → tg@nicevpn123 | err=-
[DROP] name=[免费节点10] 🇺🇸 US 508 → tg@nicevpn123 {386} | server=104.16.39.206:2082 | reason=mihomo start failed
[TEST] {387} tested=1/1 | kept=0 | rest=0
[DEBUG] mihomo isolate | branch={387} | size=1 | parse=0 | names=[免费节点10] 🇺🇸 US 509 → tg@nicevpn123 | err=-
[DEBUG] mihomo drop | branch={387} | size=1 | parse=0 | names=[免费节点10] 🇺🇸 US 509 → tg@nicevpn123 | err=-
[DROP] name=[免费节点10] 🇺🇸 US 509 → tg@nicevpn123 {387} | server=45.77.161.86:443 | reason=mihomo start failed
[TEST] {388} tested=1/1 | kept=0 | rest=0
[DEBUG] mihomo isolate | branch={388} | size=1 | parse=0 | names=[免费节点10] 🇺🇸 US 51 → tg@nicevpn123 | err=-
[DEBUG] mihomo drop | branch={388} | size=1 | parse=0 | names=[免费节点10] 🇺🇸 US 51 → tg@nicevpn123 | err=-
[DROP] name=[免费节点10] 🇺🇸 US 51 → tg@nicevpn123 {388} | server=104.19.44.200:8080 | reason=mihomo start failed
[TEST] {389} tested=1/1 | kept=0 | rest=0
[DEBUG] mihomo isolate | branch={389} | size=1 | parse=0 | names=[免费节点10] 🇺🇸 US 510 → tg@nicevpn123 | err=-
[DEBUG] mihomo drop | branch={389} | size=1 | parse=0 | names=[免费节点10] 🇺🇸 US 510 → tg@nicevpn123 | err=-
[DROP] name=[免费节点10] 🇺🇸 US 510 → tg@nicevpn123 {389} | server=104.16.100.23:443 | reason=mihomo start failed
[TEST] {390} tested=1/1 | kept=0 | rest=0
[DEBUG] mihomo isolate | branch={390} | size=1 | parse=0 | names=[免费节点10] 🇺🇸 US 511 → tg@nicevpn123 | err=-
[DEBUG] mihomo drop | branch={390} | size=1 | parse=0 | names=[免费节点10] 🇺🇸 US 511 → tg@nicevpn123 | err=-
[DROP] name=[免费节点10] 🇺🇸 US 511 → tg@nicevpn123 {390} | server=104.19.43.10:80 | reason=mihomo start failed
[TEST] {382} tested=1/1 | kept=0 | rest=0
[DEBUG] mihomo isolate | branch={382} | size=1 | parse=0 | names=[免费节点10] 🇺🇸 US 492 → tg@nicevpn123 | err=-
[DEBUG] mihomo drop | branch={382} | size=1 | parse=0 | names=[免费节点10] 🇺🇸 US 492 → tg@nicevpn123 | err=-
[DROP] name=[免费节点10] 🇺🇸 US 492 → tg@nicevpn123 {382} | server=ip0axv1bbsu02k7-jp.1ytnode.com:56350 | reason=mihomo start failed
[TEST] {392} tested=1/1 | kept=0 | rest=0
[DEBUG] mihomo isolate | branch={392} | size=1 | parse=0 | names=[免费节点10] 🇺🇸 US 513 → tg@nicevpn123 | err=-
[DEBUG] mihomo drop | branch={392} | size=1 | parse=0 | names=[免费节点10] 🇺🇸 US 513 → tg@nicevpn123 | err=-
[DROP] name=[免费节点10] 🇺🇸 US 513 → tg@nicevpn123 {392} | server=104.19.45.130:2095 | reason=mihomo start failed
[TEST] {384} tested=5/5 | kept=0 | rest=0
[DEBUG] mihomo split-small | branch={384} | size=5 | parse=0 | names=[免费节点10] 🇺🇸 US 499 → tg@nicevpn123,[免费节点10] 🇺🇸 US 5 → tg@nicevpn123,[免费节点10] 🇺🇸 US 50 → tg@nicevpn123...+2 | err=-
[WARN] batch start failed | size=5 {384} | split=1 {767} + 1 {768} + 1 {769} + 1 {770} + 1 {771}
[TEST] {383} tested=4/4 | kept=0 | rest=0
[DEBUG] mihomo split-small | branch={383} | size=4 | parse=0 | names=[免费节点10] 🇺🇸 US 494 → tg@nicevpn123,[免费节点10] 🇺🇸 US 495 → tg@nicevpn123,[免费节点10] 🇺🇸 US 497 → tg@nicevpn123...+1 | err=-
[WARN] batch start failed | size=4 {383} | split=1 {772} + 1 {773} + 1 {774} + 1 {775}
[TEST] {391} tested=1/1 | kept=0 | rest=0
[DEBUG] mihomo isolate | branch={391} | size=1 | parse=0 | names=[免费节点10] 🇺🇸 US 512 → tg@nicevpn123 | err=-
[DEBUG] mihomo drop | branch={391} | size=1 | parse=0 | names=[免费节点10] 🇺🇸 US 512 → tg@nicevpn123 | err=-
[DROP] name=[免费节点10] 🇺🇸 US 512 → tg@nicevpn123 {391} | server=15.204.87.225:5003 | reason=mihomo start failed
[TEST] {394} tested=5/5 | kept=0 | rest=0
[DEBUG] mihomo split-small | branch={394} | size=5 | parse=0 | names=[免费节点10] 🇺🇸 US 52 → tg@nicevpn123,[免费节点10] 🇺🇸 US 520 → tg@nicevpn123,[免费节点10] 🇺🇸 US 521 → tg@nicevpn123...+2 | err=-
[WARN] batch start failed | size=5 {394} | split=1 {776} + 1 {777} + 1 {778} + 1 {779} + 1 {780}
[TEST] {393} tested=4/4 | kept=0 | rest=0
[DEBUG] mihomo split-small | branch={393} | size=4 | parse=0 | names=[免费节点10] 🇺🇸 US 514 → tg@nicevpn123,[免费节点10] 🇺🇸 US 517 → tg@nicevpn123,[免费节点10] 🇺🇸 US 518 → tg@nicevpn123...+1 | err=-
[WARN] batch start failed | size=4 {393} | split=1 {781} + 1 {782} + 1 {783} + 1 {784}
[TEST] {395} tested=4/4 | kept=0 | rest=0
[DEBUG] mihomo split-small | branch={395} | size=4 | parse=0 | names=[免费节点10] 🇺🇸 US 555 → tg@nicevpn123,[免费节点10] 🇺🇸 US 556 → tg@nicevpn123,[免费节点10] 🇺🇸 US 558 → tg@nicevpn123...+1 | err=-
[WARN] batch start failed | size=4 {395} | split=1 {785} + 1 {786} + 1 {787} + 1 {788}
[TEST] {400} tested=1/1 | kept=0 | rest=0
[DEBUG] mihomo isolate | branch={400} | size=1 | parse=0 | names=[免费节点10] 🇺🇸 US 526 → tg@nicevpn123 | err=-
[DEBUG] mihomo drop | branch={400} | size=1 | parse=0 | names=[免费节点10] 🇺🇸 US 526 → tg@nicevpn123 | err=-
[DROP] name=[免费节点10] 🇺🇸 US 526 → tg@nicevpn123 {400} | server=104.19.45.35:2095 | reason=mihomo start failed
[TEST] {396} tested=5/5 | kept=0 | rest=0
[DEBUG] mihomo split-small | branch={396} | size=5 | parse=0 | names=[免费节点10] 🇺🇸 US 561 → tg@nicevpn123,[免费节点10] 🇺🇸 US 562 → tg@nicevpn123,[免费节点10] 🇺🇸 US 564 → tg@nicevpn123...+2 | err=-
[WARN] batch start failed | size=5 {396} | split=1 {789} + 1 {790} + 1 {791} + 1 {792} + 1 {793}
[TEST] {397} tested=4/4 | kept=0 | rest=0
[DEBUG] mihomo split-small | branch={397} | size=4 | parse=0 | names=[免费节点10] 🇺🇸 US 544 → tg@nicevpn123,[免费节点10] 🇺🇸 US 546 → tg@nicevpn123,[免费节点10] 🇺🇸 US 548 → tg@nicevpn123...+1 | err=-
[WARN] batch start failed | size=4 {397} | split=1 {794} + 1 {795} + 1 {796} + 1 {797}
[TEST] {401} tested=1/1 | kept=0 | rest=0
[DEBUG] mihomo isolate | branch={401} | size=1 | parse=0 | names=[免费节点10] 🇺🇸 US 527 → tg@nicevpn123 | err=-
[DEBUG] mihomo drop | branch={401} | size=1 | parse=0 | names=[免费节点10] 🇺🇸 US 527 → tg@nicevpn123 | err=-
[DROP] name=[免费节点10] 🇺🇸 US 527 → tg@nicevpn123 {401} | server=104.16.40.154:2082 | reason=mihomo start failed
[TEST] {398} tested=5/5 | kept=0 | rest=0
[DEBUG] mihomo split-small | branch={398} | size=5 | parse=0 | names=[免费节点10] 🇺🇸 US 55 → tg@nicevpn123,[免费节点10] 🇺🇸 US 551 → tg@nicevpn123,[免费节点10] 🇺🇸 US 552 → tg@nicevpn123...+2 | err=-
[WARN] batch start failed | size=5 {398} | split=1 {798} + 1 {799} + 1 {800} + 1 {801} + 1 {802}
[TEST] {403} tested=1/1 | kept=0 | rest=0
[DEBUG] mihomo isolate | branch={403} | size=1 | parse=0 | names=[免费节点10] 🇺🇸 US 53 → tg@nicevpn123 | err=-
[DEBUG] mihomo drop | branch={403} | size=1 | parse=0 | names=[免费节点10] 🇺🇸 US 53 → tg@nicevpn123 | err=-
[DROP] name=[免费节点10] 🇺🇸 US 53 → tg@nicevpn123 {403} | server=104.16.39.228:2082 | reason=mihomo start failed
[TEST] {405} tested=1/1 | kept=0 | rest=0
[TEST] {399} tested=1/1 | kept=0 | rest=0
[DEBUG] mihomo isolate | branch={405} | size=1 | parse=0 | names=[免费节点10] 🇺🇸 US 531 → tg@nicevpn123 | err=-
[DEBUG] mihomo drop | branch={405} | size=1 | parse=0 | names=[免费节点10] 🇺🇸 US 531 → tg@nicevpn123 | err=-
[DROP] name=[免费节点10] 🇺🇸 US 531 → tg@nicevpn123 {405} | server=104.21.44.64:443 | reason=mihomo start failed
[DEBUG] mihomo isolate | branch={399} | size=1 | parse=0 | names=[免费节点10] 🇺🇸 US 525 → tg@nicevpn123 | err=-
[DEBUG] mihomo drop | branch={399} | size=1 | parse=0 | names=[免费节点10] 🇺🇸 US 525 → tg@nicevpn123 | err=-
[DROP] name=[免费节点10] 🇺🇸 US 525 → tg@nicevpn123 {399} | server=ip0axv1bbsu02k7-my.1ytnode.com:56369 | reason=mihomo start failed
[TEST] {406} tested=1/1 | kept=0 | rest=0
[DEBUG] mihomo isolate | branch={406} | size=1 | parse=0 | names=[免费节点10] 🇺🇸 US 532 → tg@nicevpn123 | err=-
[DEBUG] mihomo drop | branch={406} | size=1 | parse=0 | names=[免费节点10] 🇺🇸 US 532 → tg@nicevpn123 | err=-
[DROP] name=[免费节点10] 🇺🇸 US 532 → tg@nicevpn123 {406} | server=104.19.128.214:2086 | reason=mihomo start failed
[TEST] {402} tested=1/1 | kept=0 | rest=0
[DEBUG] mihomo isolate | branch={402} | size=1 | parse=0 | names=[免费节点10] 🇺🇸 US 528 → tg@nicevpn123 | err=-
[DEBUG] mihomo drop | branch={402} | size=1 | parse=0 | names=[免费节点10] 🇺🇸 US 528 → tg@nicevpn123 | err=-
[DROP] name=[免费节点10] 🇺🇸 US 528 → tg@nicevpn123 {402} | server=149.28.58.129:45617 | reason=mihomo start failed
[TEST] {404} tested=1/1 | kept=0 | rest=0
[DEBUG] mihomo isolate | branch={404} | size=1 | parse=0 | names=[免费节点10] 🇺🇸 US 530 → tg@nicevpn123 | err=-
[DEBUG] mihomo drop | branch={404} | size=1 | parse=0 | names=[免费节点10] 🇺🇸 US 530 → tg@nicevpn123 | err=-
[DROP] name=[免费节点10] 🇺🇸 US 530 → tg@nicevpn123 {404} | server=216.246.66.205:57616 | reason=mihomo start failed
[TEST] {407} tested=4/4 | kept=0 | rest=0
[DEBUG] mihomo split-small | branch={407} | size=4 | parse=0 | names=[免费节点10] 🇺🇸 US 534 → tg@nicevpn123,[免费节点10] 🇺🇸 US 535 → tg@nicevpn123,[免费节点10] 🇺🇸 US 536 → tg@nicevpn123...+1 | err=-
[WARN] batch start failed | size=4 {407} | split=1 {803} + 1 {804} + 1 {805} + 1 {806}
[TEST] {408} tested=5/5 | kept=0 | rest=0
[DEBUG] mihomo split-small | branch={408} | size=5 | parse=0 | names=[免费节点10] 🇺🇸 US 539 → tg@nicevpn123,[免费节点10] 🇺🇸 US 540 → tg@nicevpn123,[免费节点10] 🇺🇸 US 541 → tg@nicevpn123...+2 | err=-
[WARN] batch start failed | size=5 {408} | split=1 {807} + 1 {808} + 1 {809} + 1 {810} + 1 {811}
[TEST] {409} tested=8/8 | kept=0 | rest=0
[DEBUG] mihomo split-small | branch={409} | size=8 | parse=0 | names=[免费节点10] 🇺🇸 US 266 → tg@nicevpn123,[免费节点10] 🇺🇸 US 268 → tg@nicevpn123,[免费节点10] 🇺🇸 US 269 → tg@nicevpn123...+5 | err=-
[WARN] batch start failed | size=8 {409} | split=1 {812} + 1 {813} + 1 {814} + 1 {815} + 1 {816} + 1 {817} + 1 {818} + 1 {819}
[TEST] {410} tested=9/9 | kept=0 | rest=0
[WARN] batch start failed | size=9 {410} | split=4 {820} + 5 {821}
[TEST] {411} tested=9/9 | kept=0 | rest=0
[WARN] batch start failed | size=9 {411} | split=4 {822} + 5 {823}
[TEST] {412} tested=9/9 | kept=0 | rest=0
[WARN] batch start failed | size=9 {412} | split=4 {824} + 5 {825}
[TEST] {413} tested=8/8 | kept=0 | rest=0
[DEBUG] mihomo split-small | branch={413} | size=8 | parse=0 | names=[免费节点10] 🇺🇸 US 223 → tg@nicevpn123,[免费节点10] 🇺🇸 US 227 → tg@nicevpn123,[免费节点10] 🇺🇸 US 228 → tg@nicevpn123...+5 | err=-
[WARN] batch start failed | size=8 {413} | split=1 {826} + 1 {827} + 1 {828} + 1 {829} + 1 {830} + 1 {831} + 1 {832} + 1 {833}
[TEST] {417} tested=4/4 | kept=0 | rest=0
[DEBUG] mihomo split-small | branch={417} | size=4 | parse=0 | names=[免费节点10] 🇺🇸 US 385 → tg@nicevpn123,[免费节点10] 🇺🇸 US 386 → tg@nicevpn123,[免费节点10] 🇺🇸 US 387 → tg@nicevpn123...+1 | err=-
[WARN] batch start failed | size=4 {417} | split=1 {834} + 1 {835} + 1 {836} + 1 {837}
[TEST] {414} tested=9/9 | kept=0 | rest=0
[WARN] batch start failed | size=9 {414} | split=4 {838} + 5 {839}
[TEST] {419} tested=4/4 | kept=0 | rest=0
[DEBUG] mihomo split-small | branch={419} | size=4 | parse=0 | names=[免费节点10] 🇺🇸 US 374 → tg@nicevpn123,[免费节点10] 🇺🇸 US 375 → tg@nicevpn123,[免费节点10] 🇺🇸 US 376 → tg@nicevpn123...+1 | err=-
[WARN] batch start failed | size=4 {419} | split=1 {840} + 1 {841} + 1 {842} + 1 {843}
[TEST] {415} tested=8/8 | kept=0 | rest=0
[DEBUG] mihomo split-small | branch={415} | size=8 | parse=0 | names=[免费节点10] 🇺🇸 US 247 → tg@nicevpn123,[免费节点10] 🇺🇸 US 250 → tg@nicevpn123,[免费节点10] 🇺🇸 US 251 → tg@nicevpn123...+5 | err=-
[WARN] batch start failed | size=8 {415} | split=1 {844} + 1 {845} + 1 {846} + 1 {847} + 1 {848} + 1 {849} + 1 {850} + 1 {851}
[TEST] {416} tested=9/9 | kept=0 | rest=0
[WARN] batch start failed | size=9 {416} | split=4 {852} + 5 {853}
[TEST] {418} tested=5/5 | kept=0 | rest=0
[DEBUG] mihomo split-small | branch={418} | size=5 | parse=0 | names=[免费节点10] 🇺🇸 US 389 → tg@nicevpn123,[免费节点10] 🇺🇸 US 39 → tg@nicevpn123,[免费节点10] 🇺🇸 US 390 → tg@nicevpn123...+2 | err=-
[WARN] batch start failed | size=5 {418} | split=1 {854} + 1 {855} + 1 {856} + 1 {857} + 1 {858}
[TEST] {423} tested=1/1 | kept=0 | rest=0
[DEBUG] mihomo isolate | branch={423} | size=1 | parse=0 | names=[免费节点10] 🇺🇸 US 354 → tg@nicevpn123 | err=-
[DEBUG] mihomo drop | branch={423} | size=1 | parse=0 | names=[免费节点10] 🇺🇸 US 354 → tg@nicevpn123 | err=-
[DROP] name=[免费节点10] 🇺🇸 US 354 → tg@nicevpn123 {423} | server=104.21.237.134:80 | reason=mihomo start failed
[TEST] {424} tested=1/1 | kept=0 | rest=0
[DEBUG] mihomo isolate | branch={424} | size=1 | parse=0 | names=[免费节点10] 🇺🇸 US 355 → tg@nicevpn123 | err=-
[DEBUG] mihomo drop | branch={424} | size=1 | parse=0 | names=[免费节点10] 🇺🇸 US 355 → tg@nicevpn123 | err=-
[DROP] name=[免费节点10] 🇺🇸 US 355 → tg@nicevpn123 {424} | server=104.18.214.17:8080 | reason=mihomo start failed
[TEST] {427} tested=1/1 | kept=0 | rest=0
[DEBUG] mihomo isolate | branch={427} | size=1 | parse=0 | names=[免费节点10] 🇺🇸 US 358 → tg@nicevpn123 | err=-
[DEBUG] mihomo drop | branch={427} | size=1 | parse=0 | names=[免费节点10] 🇺🇸 US 358 → tg@nicevpn123 | err=-
[DROP] name=[免费节点10] 🇺🇸 US 358 → tg@nicevpn123 {427} | server=104.21.225.59:80 | reason=mihomo start failed
[TEST] {420} tested=5/5 | kept=0 | rest=0
[DEBUG] mihomo split-small | branch={420} | size=5 | parse=0 | names=[免费节点10] 🇺🇸 US 38 → tg@nicevpn123,[免费节点10] 🇺🇸 US 380 → tg@nicevpn123,[免费节点10] 🇺🇸 US 381 → tg@nicevpn123...+2 | err=-
[WARN] batch start failed | size=5 {420} | split=1 {859} + 1 {860} + 1 {861} + 1 {862} + 1 {863}
[TEST] {421} tested=1/1 | kept=0 | rest=0
[DEBUG] mihomo isolate | branch={421} | size=1 | parse=0 | names=[免费节点10] 🇺🇸 US 351 → tg@nicevpn123 | err=-
[DEBUG] mihomo drop | branch={421} | size=1 | parse=0 | names=[免费节点10] 🇺🇸 US 351 → tg@nicevpn123 | err=-
[DROP] name=[免费节点10] 🇺🇸 US 351 → tg@nicevpn123 {421} | server=shct.pkyun.xyz:39837 | reason=mihomo start failed
[TEST] {422} tested=1/1 | kept=0 | rest=0
[DEBUG] mihomo isolate | branch={422} | size=1 | parse=0 | names=[免费节点10] 🇺🇸 US 352 → tg@nicevpn123 | err=-
[DEBUG] mihomo drop | branch={422} | size=1 | parse=0 | names=[免费节点10] 🇺🇸 US 352 → tg@nicevpn123 | err=-
[DROP] name=[免费节点10] 🇺🇸 US 352 → tg@nicevpn123 {422} | server=107.182.189.201:55187 | reason=mihomo start failed
[TEST] {430} tested=5/5 | kept=0 | rest=0
[DEBUG] mihomo split-small | branch={430} | size=5 | parse=0 | names=[免费节点10] 🇺🇸 US 364 → tg@nicevpn123,[免费节点10] 🇺🇸 US 365 → tg@nicevpn123,[免费节点10] 🇺🇸 US 367 → tg@nicevpn123...+2 | err=-
[WARN] batch start failed | size=5 {430} | split=1 {864} + 1 {865} + 1 {866} + 1 {867} + 1 {868}
[TEST] {425} tested=1/1 | kept=0 | rest=0
[DEBUG] mihomo isolate | branch={425} | size=1 | parse=0 | names=[免费节点10] 🇺🇸 US 356 → tg@nicevpn123 | err=-
[DEBUG] mihomo drop | branch={425} | size=1 | parse=0 | names=[免费节点10] 🇺🇸 US 356 → tg@nicevpn123 | err=-
[DROP] name=[免费节点10] 🇺🇸 US 356 → tg@nicevpn123 {425} | server=75.102.51.26:16899 | reason=mihomo start failed
[TEST] {426} tested=1/1 | kept=0 | rest=0
[DEBUG] mihomo isolate | branch={426} | size=1 | parse=0 | names=[免费节点10] 🇺🇸 US 357 → tg@nicevpn123 | err=-
[DEBUG] mihomo drop | branch={426} | size=1 | parse=0 | names=[免费节点10] 🇺🇸 US 357 → tg@nicevpn123 | err=-
[DROP] name=[免费节点10] 🇺🇸 US 357 → tg@nicevpn123 {426} | server=38.110.1.197:5003 | reason=mihomo start failed
[TEST] {428} tested=1/1 | kept=0 | rest=0
[DEBUG] mihomo isolate | branch={428} | size=1 | parse=0 | names=[免费节点10] 🇺🇸 US 359 → tg@nicevpn123 | err=-
[DEBUG] mihomo drop | branch={428} | size=1 | parse=0 | names=[免费节点10] 🇺🇸 US 359 → tg@nicevpn123 | err=-
[DROP] name=[免费节点10] 🇺🇸 US 359 → tg@nicevpn123 {428} | server=94.131.14.177:80 | reason=mihomo start failed
[TEST] {433} tested=1/1 | kept=0 | rest=0
[DEBUG] mihomo isolate | branch={433} | size=1 | parse=0 | names=[免费节点10] 🇺🇸 US 1989 → tg@nicevpn123 | err=-
[DEBUG] mihomo drop | branch={433} | size=1 | parse=0 | names=[免费节点10] 🇺🇸 US 1989 → tg@nicevpn123 | err=-
[DROP] name=[免费节点10] 🇺🇸 US 1989 → tg@nicevpn123 {433} | server=104.19.44.90:80 | reason=mihomo start failed
[TEST] {434} tested=1/1 | kept=0 | rest=0
[DEBUG] mihomo isolate | branch={434} | size=1 | parse=0 | names=[免费节点10] 🇺🇸 US 1990 → tg@nicevpn123 | err=-
[DEBUG] mihomo drop | branch={434} | size=1 | parse=0 | names=[免费节点10] 🇺🇸 US 1990 → tg@nicevpn123 | err=-
[DROP] name=[免费节点10] 🇺🇸 US 1990 → tg@nicevpn123 {434} | server=104.19.44.249:80 | reason=mihomo start failed
[TEST] {436} tested=1/1 | kept=0 | rest=0
[DEBUG] mihomo isolate | branch={436} | size=1 | parse=0 | names=[免费节点10] 🇺🇸 US 1992 → tg@nicevpn123 | err=-
[DEBUG] mihomo drop | branch={436} | size=1 | parse=0 | names=[免费节点10] 🇺🇸 US 1992 → tg@nicevpn123 | err=-
[DROP] name=[免费节点10] 🇺🇸 US 1992 → tg@nicevpn123 {436} | server=104.19.44.104:80 | reason=mihomo start failed
[TEST] {435} tested=1/1 | kept=0 | rest=0
[DEBUG] mihomo isolate | branch={435} | size=1 | parse=0 | names=[免费节点10] 🇺🇸 US 1991 → tg@nicevpn123 | err=-
[DEBUG] mihomo drop | branch={435} | size=1 | parse=0 | names=[免费节点10] 🇺🇸 US 1991 → tg@nicevpn123 | err=-
[DROP] name=[免费节点10] 🇺🇸 US 1991 → tg@nicevpn123 {435} | server=104.19.44.181:80 | reason=mihomo start failed
[TEST] {429} tested=4/4 | kept=0 | rest=0
[DEBUG] mihomo split-small | branch={429} | size=4 | parse=0 | names=[免费节点10] 🇺🇸 US 36 → tg@nicevpn123,[免费节点10] 🇺🇸 US 360 → tg@nicevpn123,[免费节点10] 🇺🇸 US 361 → tg@nicevpn123...+1 | err=-
[WARN] batch start failed | size=4 {429} | split=1 {869} + 1 {870} + 1 {871} + 1 {872}
[TEST] {438} tested=1/1 | kept=0 | rest=0
[DEBUG] mihomo isolate | branch={438} | size=1 | parse=0 | names=[免费节点10] 🇺🇸 US 1994 → tg@nicevpn123 | err=-
[DEBUG] mihomo drop | branch={438} | size=1 | parse=0 | names=[免费节点10] 🇺🇸 US 1994 → tg@nicevpn123 | err=-
[DROP] name=[免费节点10] 🇺🇸 US 1994 → tg@nicevpn123 {438} | server=104.19.44.184:80 | reason=mihomo start failed
[TEST] {439} tested=1/1 | kept=0 | rest=0
[DEBUG] mihomo isolate | branch={439} | size=1 | parse=0 | names=[免费节点10] 🇺🇸 US 1995 → tg@nicevpn123 | err=-
[DEBUG] mihomo drop | branch={439} | size=1 | parse=0 | names=[免费节点10] 🇺🇸 US 1995 → tg@nicevpn123 | err=-
[DROP] name=[免费节点10] 🇺🇸 US 1995 → tg@nicevpn123 {439} | server=104.19.44.121:80 | reason=mihomo start failed
[TEST] {437} tested=1/1 | kept=0 | rest=0
[DEBUG] mihomo isolate | branch={437} | size=1 | parse=0 | names=[免费节点10] 🇺🇸 US 1993 → tg@nicevpn123 | err=-
[DEBUG] mihomo drop | branch={437} | size=1 | parse=0 | names=[免费节点10] 🇺🇸 US 1993 → tg@nicevpn123 | err=-
[DROP] name=[免费节点10] 🇺🇸 US 1993 → tg@nicevpn123 {437} | server=104.19.44.162:80 | reason=mihomo start failed
[TEST] {440} tested=1/1 | kept=0 | rest=0
[DEBUG] mihomo isolate | branch={440} | size=1 | parse=0 | names=[免费节点10] 🇺🇸 US 1996 → tg@nicevpn123 | err=-
[DEBUG] mihomo drop | branch={440} | size=1 | parse=0 | names=[免费节点10] 🇺🇸 US 1996 → tg@nicevpn123 | err=-
[DROP] name=[免费节点10] 🇺🇸 US 1996 → tg@nicevpn123 {440} | server=104.19.44.76:80 | reason=mihomo start failed
[TEST] {441} tested=4/4 | kept=0 | rest=0
[DEBUG] mihomo split-small | branch={441} | size=4 | parse=0 | names=[免费节点10] 🇺🇸 US 1997 → tg@nicevpn123,[免费节点10] 🇺🇸 US 1998 → tg@nicevpn123,[免费节点10] 🇺🇸 US 1999 → tg@nicevpn123...+1 | err=-
[WARN] batch start failed | size=4 {441} | split=1 {873} + 1 {874} + 1 {875} + 1 {876}
[TEST] {442} tested=5/5 | kept=0 | rest=0
[DEBUG] mihomo split-small | branch={442} | size=5 | parse=0 | names=[免费节点10] 🇺🇸 US 2000 → tg@nicevpn123,[免费节点10] 🇺🇸 US 2001 → tg@nicevpn123,[免费节点10] 🇺🇸 US 2002 → tg@nicevpn123...+2 | err=-
[WARN] batch start failed | size=5 {442} | split=1 {877} + 1 {878} + 1 {879} + 1 {880} + 1 {881}
[TEST] {443} tested=1/1 | kept=0 | rest=0
[DEBUG] mihomo isolate | branch={443} | size=1 | parse=0 | names=[免费节点10] 🇺🇸 US 393 → tg@nicevpn123 | err=-
[DEBUG] mihomo drop | branch={443} | size=1 | parse=0 | names=[免费节点10] 🇺🇸 US 393 → tg@nicevpn123 | err=-
[DROP] name=[免费节点10] 🇺🇸 US 393 → tg@nicevpn123 {443} | server=104.19.45.112:2095 | reason=mihomo start failed
[TEST] {447} tested=1/1 | kept=0 | rest=0
[DEBUG] mihomo isolate | branch={447} | size=1 | parse=0 | names=[免费节点10] 🇺🇸 US 398 → tg@nicevpn123 | err=-
[DEBUG] mihomo drop | branch={447} | size=1 | parse=0 | names=[免费节点10] 🇺🇸 US 398 → tg@nicevpn123 | err=-
[DROP] name=[免费节点10] 🇺🇸 US 398 → tg@nicevpn123 {447} | server=38.110.1.105:5003 | reason=mihomo start failed
[TEST] {444} tested=1/1 | kept=0 | rest=0
[DEBUG] mihomo isolate | branch={444} | size=1 | parse=0 | names=[免费节点10] 🇺🇸 US 394 → tg@nicevpn123 | err=-
[DEBUG] mihomo drop | branch={444} | size=1 | parse=0 | names=[免费节点10] 🇺🇸 US 394 → tg@nicevpn123 | err=-
[DROP] name=[免费节点10] 🇺🇸 US 394 → tg@nicevpn123 {444} | server=104.19.42.143:2082 | reason=mihomo start failed
[TEST] {431} tested=4/4 | kept=0 | rest=0
[DEBUG] mihomo split-small | branch={431} | size=4 | parse=0 | names=[免费节点10] 🇺🇸 US 402 → tg@nicevpn123,[免费节点10] 🇺🇸 US 403 → tg@nicevpn123,[免费节点10] 🇺🇸 US 404 → tg@nicevpn123...+1 | err=-
[WARN] batch start failed | size=4 {431} | split=1 {882} + 1 {883} + 1 {884} + 1 {885}
[TEST] {432} tested=5/5 | kept=0 | rest=0
[DEBUG] mihomo split-small | branch={432} | size=5 | parse=0 | names=[免费节点10] 🇺🇸 US 406 → tg@nicevpn123,[免费节点10] 🇺🇸 US 407 → tg@nicevpn123,[免费节点10] 🇺🇸 US 408 → tg@nicevpn123...+2 | err=-
[WARN] batch start failed | size=5 {432} | split=1 {886} + 1 {887} + 1 {888} + 1 {889} + 1 {890}
[TEST] {448} tested=1/1 | kept=0 | rest=0
[DEBUG] mihomo isolate | branch={448} | size=1 | parse=0 | names=[免费节点10] 🇺🇸 US 4 → tg@nicevpn123 | err=-
[DEBUG] mihomo drop | branch={448} | size=1 | parse=0 | names=[免费节点10] 🇺🇸 US 4 → tg@nicevpn123 | err=-
[DROP] name=[免费节点10] 🇺🇸 US 4 → tg@nicevpn123 {448} | server=vt50k-g01.jp05-6786-vm0.entry.fr0307a.art:46482 | reason=mihomo start failed
[TEST] {445} tested=1/1 | kept=0 | rest=0
[DEBUG] mihomo isolate | branch={445} | size=1 | parse=0 | names=[免费节点10] 🇺🇸 US 395 → tg@nicevpn123 | err=-
[DEBUG] mihomo drop | branch={445} | size=1 | parse=0 | names=[免费节点10] 🇺🇸 US 395 → tg@nicevpn123 | err=-
[DROP] name=[免费节点10] 🇺🇸 US 395 → tg@nicevpn123 {445} | server=ip0axv1bbsu02k7-my.1ytnode.com:56366 | reason=mihomo start failed
[TEST] {446} tested=1/1 | kept=0 | rest=0
[DEBUG] mihomo isolate | branch={446} | size=1 | parse=0 | names=[免费节点10] 🇺🇸 US 397 → tg@nicevpn123 | err=-
[DEBUG] mihomo drop | branch={446} | size=1 | parse=0 | names=[免费节点10] 🇺🇸 US 397 → tg@nicevpn123 | err=-
[DROP] name=[免费节点10] 🇺🇸 US 397 → tg@nicevpn123 {446} | server=38.75.137.93:8119 | reason=mihomo start failed
[TEST] {452} tested=1/1 | kept=0 | rest=0
[DEBUG] mihomo isolate | branch={452} | size=1 | parse=0 | names=[免费节点10] 🇺🇸 US 411 → tg@nicevpn123 | err=-
[DEBUG] mihomo drop | branch={452} | size=1 | parse=0 | names=[免费节点10] 🇺🇸 US 411 → tg@nicevpn123 | err=-
[DROP] name=[免费节点10] 🇺🇸 US 411 → tg@nicevpn123 {452} | server=account-mec.emofid.co:443 | reason=mihomo start failed
[TEST] {449} tested=1/1 | kept=0 | rest=0
[DEBUG] mihomo isolate | branch={449} | size=1 | parse=0 | names=[免费节点10] 🇺🇸 US 400 → tg@nicevpn123 | err=-
[DEBUG] mihomo drop | branch={449} | size=1 | parse=0 | names=[免费节点10] 🇺🇸 US 400 → tg@nicevpn123 | err=-
[DROP] name=[免费节点10] 🇺🇸 US 400 → tg@nicevpn123 {449} | server=2.58.87.221:46628 | reason=mihomo start failed
[TEST] {456} tested=1/1 | kept=0 | rest=0
[DEBUG] mihomo isolate | branch={456} | size=1 | parse=0 | names=[免费节点10] 🇺🇸 US 417 → tg@nicevpn123 | err=-
[DEBUG] mihomo drop | branch={456} | size=1 | parse=0 | names=[免费节点10] 🇺🇸 US 417 → tg@nicevpn123 | err=-
[DROP] name=[免费节点10] 🇺🇸 US 417 → tg@nicevpn123 {456} | server=172.67.68.246:443 | reason=mihomo start failed
[TEST] {450} tested=1/1 | kept=0 | rest=0
[DEBUG] mihomo isolate | branch={450} | size=1 | parse=0 | names=[免费节点10] 🇺🇸 US 401 → tg@nicevpn123 | err=-
[DEBUG] mihomo drop | branch={450} | size=1 | parse=0 | names=[免费节点10] 🇺🇸 US 401 → tg@nicevpn123 | err=-
[DROP] name=[免费节点10] 🇺🇸 US 401 → tg@nicevpn123 {450} | server=beeconf.xyz:8080 | reason=mihomo start failed
[TEST] {451} tested=1/1 | kept=0 | rest=0
[DEBUG] mihomo isolate | branch={451} | size=1 | parse=0 | names=[免费节点10] 🇺🇸 US 410 → tg@nicevpn123 | err=-
[DEBUG] mihomo drop | branch={451} | size=1 | parse=0 | names=[免费节点10] 🇺🇸 US 410 → tg@nicevpn123 | err=-
[DROP] name=[免费节点10] 🇺🇸 US 410 → tg@nicevpn123 {451} | server=13.214.212.171:443 | reason=mihomo start failed
[TEST] {453} tested=1/1 | kept=0 | rest=0
[DEBUG] mihomo isolate | branch={453} | size=1 | parse=0 | names=[免费节点10] 🇺🇸 US 412 → tg@nicevpn123 | err=-
[DEBUG] mihomo drop | branch={453} | size=1 | parse=0 | names=[免费节点10] 🇺🇸 US 412 → tg@nicevpn123 | err=-
[DROP] name=[免费节点10] 🇺🇸 US 412 → tg@nicevpn123 {453} | server=207.148.31.167:30587 | reason=mihomo start failed
[TEST] {457} tested=1/1 | kept=0 | rest=0
[DEBUG] mihomo isolate | branch={457} | size=1 | parse=0 | names=[免费节点10] 🇺🇸 US 418 → tg@nicevpn123 | err=-
[DEBUG] mihomo drop | branch={457} | size=1 | parse=0 | names=[免费节点10] 🇺🇸 US 418 → tg@nicevpn123 | err=-
[DROP] name=[免费节点10] 🇺🇸 US 418 → tg@nicevpn123 {457} | server=152.42.218.53:80 | reason=mihomo start failed
[TEST] {459} tested=4/4 | kept=0 | rest=0
[DEBUG] mihomo split-small | branch={459} | size=4 | parse=0 | names=[免费节点10] 🇺🇸 US 421 → tg@nicevpn123,[免费节点10] 🇺🇸 US 422 → tg@nicevpn123,[免费节点10] 🇺🇸 US 423 → tg@nicevpn123...+1 | err=-
[WARN] batch start failed | size=4 {459} | split=1 {891} + 1 {892} + 1 {893} + 1 {894}
[TEST] {455} tested=1/1 | kept=0 | rest=0
[DEBUG] mihomo isolate | branch={455} | size=1 | parse=0 | names=[免费节点10] 🇺🇸 US 416 → tg@nicevpn123 | err=-
[DEBUG] mihomo drop | branch={455} | size=1 | parse=0 | names=[免费节点10] 🇺🇸 US 416 → tg@nicevpn123 | err=-
[DROP] name=[免费节点10] 🇺🇸 US 416 → tg@nicevpn123 {455} | server=38.114.114.208:9101 | reason=mihomo start failed
[DEBUG] mihomo start-fail | branch={461} | size=9 | parse=1 | rc=1 | names=[Epodonios] EPODONIOS-86,[Epodonios] EPODONIOS-87,[Epodonios] EPODONIOS-88...+6 | err=rc=1 Mihomo exited before controller became ready time="2026-09-28T15:13:26.309246077Z" level=info msg="Start initial configuration in progress" time="2026-09-28T15:13:26.309790715Z" level=fatal msg="Parse config error: proxy 8: 'reality...
[WARN] batch start failed | size=9 {461} | split=4 {895} + 5 {896}
[TEST] {454} tested=1/1 | kept=0 | rest=0
[DEBUG] mihomo isolate | branch={454} | size=1 | parse=0 | names=[免费节点10] 🇺🇸 US 413 → tg@nicevpn123 | err=-
[DEBUG] mihomo drop | branch={454} | size=1 | parse=0 | names=[免费节点10] 🇺🇸 US 413 → tg@nicevpn123 | err=-
[DROP] name=[免费节点10] 🇺🇸 US 413 → tg@nicevpn123 {454} | server=192.74.241.52:38001 | reason=mihomo start failed
[TEST] {458} tested=1/1 | kept=0 | rest=0
[DEBUG] mihomo isolate | branch={458} | size=1 | parse=0 | names=[免费节点10] 🇺🇸 US 42 → tg@nicevpn123 | err=-
[DEBUG] mihomo drop | branch={458} | size=1 | parse=0 | names=[免费节点10] 🇺🇸 US 42 → tg@nicevpn123 | err=-
[DROP] name=[免费节点10] 🇺🇸 US 42 → tg@nicevpn123 {458} | server=38.75.137.105:8881 | reason=mihomo start failed
[TEST] {460} tested=5/5 | kept=0 | rest=0
[DEBUG] mihomo split-small | branch={460} | size=5 | parse=0 | names=[免费节点10] 🇺🇸 US 425 → tg@nicevpn123,[免费节点10] 🇺🇸 US 427 → tg@nicevpn123,[免费节点10] 🇺🇸 US 429 → tg@nicevpn123...+2 | err=-
[WARN] batch start failed | size=5 {460} | split=1 {897} + 1 {898} + 1 {899} + 1 {900} + 1 {901}
[TEST] {465} tested=4/4 | kept=0 | rest=0
[DEBUG] mihomo split-small | branch={465} | size=4 | parse=0 | names=[免费节点10] 🇺🇸 US 466 → tg@nicevpn123,[免费节点10] 🇺🇸 US 467 → tg@nicevpn123,[免费节点10] 🇺🇸 US 469 → tg@nicevpn123...+1 | err=-
[WARN] batch start failed | size=4 {465} | split=1 {902} + 1 {903} + 1 {904} + 1 {905}
[TEST] {462} tested=9/9 | kept=0 | rest=0
[WARN] batch start failed | size=9 {462} | split=4 {906} + 5 {907}
[TEST] {467} tested=1/1 | kept=0 | rest=0
[DEBUG] mihomo isolate | branch={467} | size=1 | parse=0 | names=[免费节点10] 🇺🇸 US 2021 → tg@nicevpn123 | err=-
[DEBUG] mihomo drop | branch={467} | size=1 | parse=0 | names=[免费节点10] 🇺🇸 US 2021 → tg@nicevpn123 | err=-
[DROP] name=[免费节点10] 🇺🇸 US 2021 → tg@nicevpn123 {467} | server=104.19.44.103:80 | reason=mihomo start failed
[TEST] {471} tested=1/1 | kept=0 | rest=0
[DEBUG] mihomo isolate | branch={471} | size=1 | parse=0 | names=[免费节点10] 🇺🇸 US 2025 → tg@nicevpn123 | err=-
[DEBUG] mihomo drop | branch={471} | size=1 | parse=0 | names=[免费节点10] 🇺🇸 US 2025 → tg@nicevpn123 | err=-
[DROP] name=[免费节点10] 🇺🇸 US 2025 → tg@nicevpn123 {471} | server=104.19.44.40:80 | reason=mihomo start failed
[TEST] {468} tested=1/1 | kept=0 | rest=0
[DEBUG] mihomo isolate | branch={468} | size=1 | parse=0 | names=[免费节点10] 🇺🇸 US 2022 → tg@nicevpn123 | err=-
[DEBUG] mihomo drop | branch={468} | size=1 | parse=0 | names=[免费节点10] 🇺🇸 US 2022 → tg@nicevpn123 | err=-
[DROP] name=[免费节点10] 🇺🇸 US 2022 → tg@nicevpn123 {468} | server=104.19.44.9:80 | reason=mihomo start failed
[TEST] {469} tested=1/1 | kept=0 | rest=0
[DEBUG] mihomo isolate | branch={469} | size=1 | parse=0 | names=[免费节点10] 🇺🇸 US 2023 → tg@nicevpn123 | err=-
[DEBUG] mihomo drop | branch={469} | size=1 | parse=0 | names=[免费节点10] 🇺🇸 US 2023 → tg@nicevpn123 | err=-
[DROP] name=[免费节点10] 🇺🇸 US 2023 → tg@nicevpn123 {469} | server=104.19.44.156:80 | reason=mihomo start failed
[TEST] {470} tested=1/1 | kept=0 | rest=0
[DEBUG] mihomo isolate | branch={470} | size=1 | parse=0 | names=[免费节点10] 🇺🇸 US 2024 → tg@nicevpn123 | err=-
[DEBUG] mihomo drop | branch={470} | size=1 | parse=0 | names=[免费节点10] 🇺🇸 US 2024 → tg@nicevpn123 | err=-
[DROP] name=[免费节点10] 🇺🇸 US 2024 → tg@nicevpn123 {470} | server=104.19.44.195:80 | reason=mihomo start failed
[TEST] {473} tested=1/1 | kept=0 | rest=0
[DEBUG] mihomo isolate | branch={473} | size=1 | parse=0 | names=[免费节点10] 🇺🇸 US 2027 → tg@nicevpn123 | err=-
[DEBUG] mihomo drop | branch={473} | size=1 | parse=0 | names=[免费节点10] 🇺🇸 US 2027 → tg@nicevpn123 | err=-
[DROP] name=[免费节点10] 🇺🇸 US 2027 → tg@nicevpn123 {473} | server=104.19.44.205:80 | reason=mihomo start failed
[TEST] {472} tested=1/1 | kept=0 | rest=0
[DEBUG] mihomo isolate | branch={472} | size=1 | parse=0 | names=[免费节点10] 🇺🇸 US 2026 → tg@nicevpn123 | err=-
[DEBUG] mihomo drop | branch={472} | size=1 | parse=0 | names=[免费节点10] 🇺🇸 US 2026 → tg@nicevpn123 | err=-
[DROP] name=[免费节点10] 🇺🇸 US 2026 → tg@nicevpn123 {472} | server=104.19.44.237:80 | reason=mihomo start failed
[TEST] {474} tested=1/1 | kept=0 | rest=0
[DEBUG] mihomo isolate | branch={474} | size=1 | parse=0 | names=[免费节点10] 🇺🇸 US 2028 → tg@nicevpn123 | err=-
[DEBUG] mihomo drop | branch={474} | size=1 | parse=0 | names=[免费节点10] 🇺🇸 US 2028 → tg@nicevpn123 | err=-
[DROP] name=[免费节点10] 🇺🇸 US 2028 → tg@nicevpn123 {474} | server=104.19.44.18:80 | reason=mihomo start failed
[TEST] {475} tested=4/4 | kept=0 | rest=0
[DEBUG] mihomo split-small | branch={475} | size=4 | parse=0 | names=[免费节点10] 🇺🇸 US 2029 → tg@nicevpn123,[免费节点10] 🇺🇸 US 2030 → tg@nicevpn123,[免费节点10] 🇺🇸 US 2031 → tg@nicevpn123...+1 | err=-
[WARN] batch start failed | size=4 {475} | split=1 {908} + 1 {909} + 1 {910} + 1 {911}
[TEST] {463} tested=4/4 | kept=0 | rest=0
[DEBUG] mihomo split-small | branch={463} | size=4 | parse=0 | names=[免费节点10] 🇺🇸 US 453 → tg@nicevpn123,[免费节点10] 🇺🇸 US 454 → tg@nicevpn123,[免费节点10] 🇺🇸 US 455 → tg@nicevpn123...+1 | err=-
[WARN] batch start failed | size=4 {463} | split=1 {912} + 1 {913} + 1 {914} + 1 {915}
[TEST] {476} tested=5/5 | kept=0 | rest=0
[DEBUG] mihomo split-small | branch={476} | size=5 | parse=0 | names=[免费节点10] 🇺🇸 US 2033 → tg@nicevpn123,[免费节点10] 🇺🇸 US 2034 → tg@nicevpn123,[免费节点10] 🇺🇸 US 2035 → tg@nicevpn123...+2 | err=-
[WARN] batch start failed | size=5 {476} | split=1 {916} + 1 {917} + 1 {918} + 1 {919} + 1 {920}
[TEST] {478} tested=9/9 | kept=0 | rest=0
[WARN] batch start failed | size=9 {478} | split=4 {921} + 5 {922}
[TEST] {479} tested=4/4 | kept=0 | rest=0
[DEBUG] mihomo split-small | branch={479} | size=4 | parse=0 | names=[免费节点10] 🇺🇸 US 2012 → tg@nicevpn123,[免费节点10] 🇺🇸 US 2013 → tg@nicevpn123,[免费节点10] 🇺🇸 US 2014 → tg@nicevpn123...+1 | err=-
[WARN] batch start failed | size=4 {479} | split=1 {923} + 1 {924} + 1 {925} + 1 {926}
[TEST] {480} tested=5/5 | kept=0 | rest=0
[DEBUG] mihomo split-small | branch={480} | size=5 | parse=0 | names=[免费节点10] 🇺🇸 US 2016 → tg@nicevpn123,[免费节点10] 🇺🇸 US 2017 → tg@nicevpn123,[免费节点10] 🇺🇸 US 2018 → tg@nicevpn123...+2 | err=-
[WARN] batch start failed | size=5 {480} | split=1 {927} + 1 {928} + 1 {929} + 1 {930} + 1 {931}
[TEST] {464} tested=5/5 | kept=0 | rest=0
[DEBUG] mihomo split-small | branch={464} | size=5 | parse=0 | names=[免费节点10] 🇺🇸 US 46 → tg@nicevpn123,[免费节点10] 🇺🇸 US 461 → tg@nicevpn123,[免费节点10] 🇺🇸 US 462 → tg@nicevpn123...+2 | err=-
[WARN] batch start failed | size=5 {464} | split=1 {932} + 1 {933} + 1 {934} + 1 {935} + 1 {936}
[DEBUG] mihomo start-fail | branch={482} | size=9 | parse=1 | rc=1 | names=[Epodonios] EPODONIOS-215,[Epodonios] EPODONIOS-216,[Epodonios] EPODONIOS-217...+6 | err=rc=1 Mihomo exited before controller became ready time="2026-09-28T15:13:34.049400203Z" level=info msg="Start initial configuration in progress" time="2026-09-28T15:13:34.049538983Z" level=fatal msg="Parse config error: proxy 2: ss 78.38...
[WARN] batch start failed | size=9 {482} | split=4 {937} + 5 {938}
[TEST] {466} tested=5/5 | kept=0 | rest=0
[DEBUG] mihomo split-small | branch={466} | size=5 | parse=0 | names=[免费节点10] 🇺🇸 US 471 → tg@nicevpn123,[免费节点10] 🇺🇸 US 473 → tg@nicevpn123,[免费节点10] 🇺🇸 US 477 → tg@nicevpn123...+2 | err=-
[WARN] batch start failed | size=5 {466} | split=1 {939} + 1 {940} + 1 {941} + 1 {942} + 1 {943}
[TEST] {483} tested=1/1 | kept=0 | rest=0
[DEBUG] mihomo isolate | branch={483} | size=1 | parse=0 | names=[免费节点10] 🇺🇸 US 432 → tg@nicevpn123 | err=-
[DEBUG] mihomo drop | branch={483} | size=1 | parse=0 | names=[免费节点10] 🇺🇸 US 432 → tg@nicevpn123 | err=-
[DROP] name=[免费节点10] 🇺🇸 US 432 → tg@nicevpn123 {483} | server=104.19.171.36:443 | reason=mihomo start failed
[TEST] {484} tested=1/1 | kept=0 | rest=0
[DEBUG] mihomo isolate | branch={484} | size=1 | parse=0 | names=[免费节点10] 🇺🇸 US 433 → tg@nicevpn123 | err=-
[DEBUG] mihomo drop | branch={484} | size=1 | parse=0 | names=[免费节点10] 🇺🇸 US 433 → tg@nicevpn123 | err=-
[DROP] name=[免费节点10] 🇺🇸 US 433 → tg@nicevpn123 {484} | server=172.67.133.78:2053 | reason=mihomo start failed
[TEST] {477} tested=8/8 | kept=2 | rest=0
[TEST] {486} tested=1/1 | kept=0 | rest=0
[DEBUG] mihomo isolate | branch={486} | size=1 | parse=0 | names=[免费节点10] 🇺🇸 US 435 → tg@nicevpn123 | err=-
[DEBUG] mihomo drop | branch={486} | size=1 | parse=0 | names=[免费节点10] 🇺🇸 US 435 → tg@nicevpn123 | err=-
[DROP] name=[免费节点10] 🇺🇸 US 435 → tg@nicevpn123 {486} | server=104.17.215.6:443 | reason=mihomo start failed
[TEST] {488} tested=1/1 | kept=0 | rest=0
[DEBUG] mihomo isolate | branch={488} | size=1 | parse=0 | names=[免费节点10] 🇺🇸 US 438 → tg@nicevpn123 | err=-
[DEBUG] mihomo drop | branch={488} | size=1 | parse=0 | names=[免费节点10] 🇺🇸 US 438 → tg@nicevpn123 | err=-
[DROP] name=[免费节点10] 🇺🇸 US 438 → tg@nicevpn123 {488} | server=104.19.45.152:2095 | reason=mihomo start failed
[TEST] {481} tested=8/8 | kept=0 | rest=0
[DEBUG] mihomo split-small | branch={481} | size=8 | parse=0 | names=[Epodonios] EPODONIOS-207,[Epodonios] EPODONIOS-208,[Epodonios] EPODONIOS-209...+5 | err=-
[WARN] batch start failed | size=8 {481} | split=1 {944} + 1 {945} + 1 {946} + 1 {947} + 1 {948} + 1 {949} + 1 {950} + 1 {951}
[TEST] {489} tested=1/1 | kept=0 | rest=0
[DEBUG] mihomo isolate | branch={489} | size=1 | parse=0 | names=[免费节点10] 🇺🇸 US 439 → tg@nicevpn123 | err=-
[DEBUG] mihomo drop | branch={489} | size=1 | parse=0 | names=[免费节点10] 🇺🇸 US 439 → tg@nicevpn123 | err=-
[DROP] name=[免费节点10] 🇺🇸 US 439 → tg@nicevpn123 {489} | server=172.67.201.200:443 | reason=mihomo start failed
[TEST] {490} tested=1/1 | kept=0 | rest=0
[DEBUG] mihomo isolate | branch={490} | size=1 | parse=0 | names=[免费节点10] 🇺🇸 US 441 → tg@nicevpn123 | err=-
[DEBUG] mihomo drop | branch={490} | size=1 | parse=0 | names=[免费节点10] 🇺🇸 US 441 → tg@nicevpn123 | err=-
[DROP] name=[免费节点10] 🇺🇸 US 441 → tg@nicevpn123 {490} | server=104.16.61.8:80 | reason=mihomo start failed
[TEST] {485} tested=1/1 | kept=0 | rest=0
[DEBUG] mihomo isolate | branch={485} | size=1 | parse=0 | names=[免费节点10] 🇺🇸 US 434 → tg@nicevpn123 | err=-
[DEBUG] mihomo drop | branch={485} | size=1 | parse=0 | names=[免费节点10] 🇺🇸 US 434 → tg@nicevpn123 | err=-
[DROP] name=[免费节点10] 🇺🇸 US 434 → tg@nicevpn123 {485} | server=ip0axv1bbsu02k7-hk.1ytnode.com:56316 | reason=mihomo start failed
[TEST] {493} tested=1/1 | kept=0 | rest=0
[DEBUG] mihomo isolate | branch={493} | size=1 | parse=0 | names=[免费节点10] 🇺🇸 US 2005 → tg@nicevpn123 | err=-
[DEBUG] mihomo drop | branch={493} | size=1 | parse=0 | names=[免费节点10] 🇺🇸 US 2005 → tg@nicevpn123 | err=-
[DROP] name=[免费节点10] 🇺🇸 US 2005 → tg@nicevpn123 {493} | server=104.19.44.52:80 | reason=mihomo start failed
[TEST] {494} tested=1/1 | kept=0 | rest=0
[DEBUG] mihomo isolate | branch={494} | size=1 | parse=0 | names=[免费节点10] 🇺🇸 US 2006 → tg@nicevpn123 | err=-
[DEBUG] mihomo drop | branch={494} | size=1 | parse=0 | names=[免费节点10] 🇺🇸 US 2006 → tg@nicevpn123 | err=-
[DROP] name=[免费节点10] 🇺🇸 US 2006 → tg@nicevpn123 {494} | server=104.19.44.188:80 | reason=mihomo start failed
[TEST] {495} tested=1/1 | kept=0 | rest=0
[DEBUG] mihomo isolate | branch={495} | size=1 | parse=0 | names=[免费节点10] 🇺🇸 US 2007 → tg@nicevpn123 | err=-
[DEBUG] mihomo drop | branch={495} | size=1 | parse=0 | names=[免费节点10] 🇺🇸 US 2007 → tg@nicevpn123 | err=-
[DROP] name=[免费节点10] 🇺🇸 US 2007 → tg@nicevpn123 {495} | server=104.19.44.233:80 | reason=mihomo start failed
[TEST] {496} tested=1/1 | kept=0 | rest=0
[DEBUG] mihomo isolate | branch={496} | size=1 | parse=0 | names=[免费节点10] 🇺🇸 US 2008 → tg@nicevpn123 | err=-
[DEBUG] mihomo drop | branch={496} | size=1 | parse=0 | names=[免费节点10] 🇺🇸 US 2008 → tg@nicevpn123 | err=-
[DROP] name=[免费节点10] 🇺🇸 US 2008 → tg@nicevpn123 {496} | server=104.19.44.226:80 | reason=mihomo start failed
[TEST] {497} tested=1/1 | kept=0 | rest=0
[DEBUG] mihomo isolate | branch={497} | size=1 | parse=0 | names=[免费节点10] 🇺🇸 US 2009 → tg@nicevpn123 | err=-
[DEBUG] mihomo drop | branch={497} | size=1 | parse=0 | names=[免费节点10] 🇺🇸 US 2009 → tg@nicevpn123 | err=-
[DROP] name=[免费节点10] 🇺🇸 US 2009 → tg@nicevpn123 {497} | server=104.19.44.114:80 | reason=mihomo start failed
[TEST] {500} tested=1/1 | kept=0 | rest=0
[DEBUG] mihomo isolate | branch={500} | size=1 | parse=0 | names=[免费节点10] 🇺🇸 US 2011 → tg@nicevpn123 | err=-
[DEBUG] mihomo drop | branch={500} | size=1 | parse=0 | names=[免费节点10] 🇺🇸 US 2011 → tg@nicevpn123 | err=-
[DROP] name=[免费节点10] 🇺🇸 US 2011 → tg@nicevpn123 {500} | server=104.19.44.59:80 | reason=mihomo start failed
[TEST] {487} tested=1/1 | kept=0 | rest=0
[DEBUG] mihomo isolate | branch={487} | size=1 | parse=0 | names=[免费节点10] 🇺🇸 US 436 → tg@nicevpn123 | err=-
[DEBUG] mihomo drop | branch={487} | size=1 | parse=0 | names=[免费节点10] 🇺🇸 US 436 → tg@nicevpn123 | err=-
[DROP] name=[免费节点10] 🇺🇸 US 436 → tg@nicevpn123 {487} | server=23.94.76.55:51981 | reason=mihomo start failed
[TEST] {499} tested=1/1 | kept=0 | rest=0
[DEBUG] mihomo isolate | branch={499} | size=1 | parse=0 | names=[免费节点10] 🇺🇸 US 2010 → tg@nicevpn123 | err=-
[DEBUG] mihomo drop | branch={499} | size=1 | parse=0 | names=[免费节点10] 🇺🇸 US 2010 → tg@nicevpn123 | err=-
[DROP] name=[免费节点10] 🇺🇸 US 2010 → tg@nicevpn123 {499} | server=104.19.44.7:80 | reason=mihomo start failed
[DEBUG] mihomo start-fail | branch={501} | size=4 | parse=1 | rc=1 | names=[ChromeGO-Merge] United,[ChromeGO-Merge] France_hysteria_1,[ChromeGO-Merge] United-2...+1 | err=rc=1 Mihomo exited before controller became ready time="2026-09-28T15:13:40.625700127Z" level=info msg="Start initial configuration in progress" time="2026-09-28T15:13:40.625817988Z" level=fatal msg="Parse config error: proxy 0: '' has u...
[DEBUG] mihomo split-small | branch={501} | size=4 | parse=1 | names=[ChromeGO-Merge] United,[ChromeGO-Merge] France_hysteria_1,[ChromeGO-Merge] United-2...+1 | err=Mihomo exited before controller became ready time="2026-09-28T15:13:40.625700127Z" level=info msg="Start initial configuration in progress" time="2026-09-28T15:13:40.625817988Z" level=fatal msg="Parse config error: proxy 0: '' has unset ...
[WARN] batch start failed | size=4 {501} | split=1 {952} + 1 {953} + 1 {954} + 1 {955}
[DEBUG] mihomo start-fail | branch={502} | size=5 | parse=1 | rc=1 | names=[ChromeGO-Merge] None_vless_2,[ChromeGO-Merge] None_vless_3,[ChromeGO-Merge] WARP...+2 | err=rc=1 Mihomo exited before controller became ready time="2026-09-28T15:13:40.751982245Z" level=info msg="Start initial configuration in progress" time="2026-09-28T15:13:40.766813836Z" level=fatal msg="Parse config error: proxy [[ChromeGO-...
[DEBUG] mihomo split-small | branch={502} | size=5 | parse=1 | names=[ChromeGO-Merge] None_vless_2,[ChromeGO-Merge] None_vless_3,[ChromeGO-Merge] WARP...+2 | err=Mihomo exited before controller became ready time="2026-09-28T15:13:40.751982245Z" level=info msg="Start initial configuration in progress" time="2026-09-28T15:13:40.766813836Z" level=fatal msg="Parse config error: proxy [[ChromeGO-Merge...
[WARN] batch start failed | size=5 {502} | split=1 {956} + 1 {957} + 1 {958} + 1 {959} + 1 {960}
[TEST] {491} tested=4/4 | kept=0 | rest=0
[DEBUG] mihomo split-small | branch={491} | size=4 | parse=0 | names=[免费节点10] 🇺🇸 US 443 → tg@nicevpn123,[免费节点10] 🇺🇸 US 445 → tg@nicevpn123,[免费节点10] 🇺🇸 US 446 → tg@nicevpn123...+1 | err=-
[WARN] batch start failed | size=4 {491} | split=1 {961} + 1 {962} + 1 {963} + 1 {964}
[TEST] {492} tested=5/5 | kept=0 | rest=0
[DEBUG] mihomo split-small | branch={492} | size=5 | parse=0 | names=[免费节点10] 🇺🇸 US 448 → tg@nicevpn123,[免费节点10] 🇺🇸 US 449 → tg@nicevpn123,[免费节点10] 🇺🇸 US 450 → tg@nicevpn123...+2 | err=-
[WARN] batch start failed | size=5 {492} | split=1 {965} + 1 {966} + 1 {967} + 1 {968} + 1 {969}
[TEST] {503} tested=1/1 | kept=0 | rest=0
[DEBUG] mihomo isolate | branch={503} | size=1 | parse=0 | names=[ChromeGO-Merge] 🇹🇼 Taiwan hy 2 | err=-
[DEBUG] mihomo drop | branch={503} | size=1 | parse=0 | names=[ChromeGO-Merge] 🇹🇼 Taiwan hy 2 | err=-
[DROP] name=[ChromeGO-Merge] 🇹🇼 Taiwan hy 2 {503} | server=www.dtku40.xyz:18490 | reason=mihomo start failed
[TEST] {507} tested=1/1 | kept=0 | rest=0
[DEBUG] mihomo isolate | branch={507} | size=1 | parse=0 | names=[ChromeGO-Merge] None vless 3 | err=-
[DEBUG] mihomo drop | branch={507} | size=1 | parse=0 | names=[ChromeGO-Merge] None vless 3 | err=-
[DROP] name=[ChromeGO-Merge] None vless 3 {507} | server=fbi.gov:443 | reason=mihomo start failed
[DEBUG] mihomo start-fail | branch={508} | size=1 | parse=1 | rc=1 | names=[ChromeGO-Merge] Taiwan | err=rc=1 Mihomo exited before controller became ready time="2026-09-28T15:13:44.147816454Z" level=info msg="Start initial configuration in progress" time="2026-09-28T15:13:44.147915198Z" level=fatal msg="Parse config error: proxy 0: '' has u...
[DEBUG] mihomo isolate | branch={508} | size=1 | parse=1 | names=[ChromeGO-Merge] Taiwan | err=Mihomo exited before controller became ready time="2026-09-28T15:13:44.147816454Z" level=info msg="Start initial configuration in progress" time="2026-09-28T15:13:44.147915198Z" level=fatal msg="Parse config error: proxy 0: '' has unset ...
[REPAIR] name=[ChromeGO-Merge] Taiwan {508} | fields=up,down
[TEST] {508} tested=1/1 | kept=0 | rest=0
[TEST] {498} tested=1/1 | kept=0 | rest=0
[DEBUG] mihomo isolate | branch={498} | size=1 | parse=0 | names=[免费节点10] 🇺🇸 US 201 → tg@nicevpn123 | err=-
[DEBUG] mihomo drop | branch={498} | size=1 | parse=0 | names=[免费节点10] 🇺🇸 US 201 → tg@nicevpn123 | err=-
[DROP] name=[免费节点10] 🇺🇸 US 201 → tg@nicevpn123 {498} | server=ip0axv1bbsu02k7-jp.1ytnode.com:56341 | reason=mihomo start failed
[DEBUG] mihomo start-fail | branch={509} | size=1 | parse=1 | rc=1 | names=[ChromeGO-Merge] France | err=rc=1 Mihomo exited before controller became ready time="2026-09-28T15:13:45.274181150Z" level=info msg="Start initial configuration in progress" time="2026-09-28T15:13:45.274319839Z" level=fatal msg="Parse config error: proxy 0: '' has u...
[DEBUG] mihomo isolate | branch={509} | size=1 | parse=1 | names=[ChromeGO-Merge] France | err=Mihomo exited before controller became ready time="2026-09-28T15:13:45.274181150Z" level=info msg="Start initial configuration in progress" time="2026-09-28T15:13:45.274319839Z" level=fatal msg="Parse config error: proxy 0: '' has unset ...
[REPAIR] name=[ChromeGO-Merge] France {509} | fields=up,down
[DEBUG] mihomo start-fail | branch={510} | size=1 | parse=1 | rc=1 | names=[ChromeGO-Merge] United-4 | err=rc=1 Mihomo exited before controller became ready time="2026-09-28T15:13:45.398977901Z" level=info msg="Start initial configuration in progress" time="2026-09-28T15:13:45.399124799Z" level=fatal msg="Parse config error: proxy 0: '' has u...
[DEBUG] mihomo isolate | branch={510} | size=1 | parse=1 | names=[ChromeGO-Merge] United-4 | err=Mihomo exited before controller became ready time="2026-09-28T15:13:45.398977901Z" level=info msg="Start initial configuration in progress" time="2026-09-28T15:13:45.399124799Z" level=fatal msg="Parse config error: proxy 0: '' has unset ...
[REPAIR] name=[ChromeGO-Merge] United-4 {510} | fields=up,down
[DEBUG] mihomo start-fail | branch={511} | size=4 | parse=1 | rc=1 | names=[ChromeGO-Merge] Taiwan-2,[ChromeGO-Merge] United-5,[ChromeGO-Merge] Canada vmess 04...+1 | err=rc=1 Mihomo exited before controller became ready time="2026-09-28T15:13:45.528869079Z" level=info msg="Start initial configuration in progress" time="2026-09-28T15:13:45.528952916Z" level=fatal msg="Parse config error: proxy 0: '' has u...
[DEBUG] mihomo split-small | branch={511} | size=4 | parse=1 | names=[ChromeGO-Merge] Taiwan-2,[ChromeGO-Merge] United-5,[ChromeGO-Merge] Canada vmess 04...+1 | err=Mihomo exited before controller became ready time="2026-09-28T15:13:45.528869079Z" level=info msg="Start initial configuration in progress" time="2026-09-28T15:13:45.528952916Z" level=fatal msg="Parse config error: proxy 0: '' has unset ...
[WARN] batch start failed | size=4 {511} | split=1 {970} + 1 {971} + 1 {972} + 1 {973}
[TEST] {504} tested=1/1 | kept=0 | rest=0
[DEBUG] mihomo isolate | branch={504} | size=1 | parse=0 | names=[ChromeGO-Merge] 🇫🇷 France hysteria2 0 | err=-
[DEBUG] mihomo drop | branch={504} | size=1 | parse=0 | names=[ChromeGO-Merge] 🇫🇷 France hysteria2 0 | err=-
[DROP] name=[ChromeGO-Merge] 🇫🇷 France hysteria2 0 {504} | server=62.210.103.0:22483 | reason=mihomo start failed
[TEST] {513} tested=4/4 | kept=0 | rest=0
[DEBUG] mihomo split-small | branch={513} | size=4 | parse=0 | names=[免费节点10] 🇺🇸 US 2038 → tg@nicevpn123,[免费节点10] 🇺🇸 US 2039 → tg@nicevpn123,[免费节点10] 🇺🇸 US 204 → tg@nicevpn123...+1 | err=-
[WARN] batch start failed | size=4 {513} | split=1 {974} + 1 {975} + 1 {976} + 1 {977}
[TEST] {506} tested=1/1 | kept=0 | rest=0
[DEBUG] mihomo isolate | branch={506} | size=1 | parse=0 | names=[ChromeGO-Merge] 🇺🇸 United States vless  | err=-
[DEBUG] mihomo drop | branch={506} | size=1 | parse=0 | names=[ChromeGO-Merge] 🇺🇸 United States vless  | err=-
[DROP] name=[ChromeGO-Merge] 🇺🇸 United States vless 1 {506} | server=yh1.dtku41.xyz:443 | reason=mihomo start failed
[TEST] {515} tested=4/4 | kept=0 | rest=0
[DEBUG] mihomo split-small | branch={515} | size=4 | parse=0 | names=[免费节点10] 🇺🇸 US 211 → tg@nicevpn123,[免费节点10] 🇺🇸 US 213 → tg@nicevpn123,[免费节点10] 🇺🇸 US 215 → tg@nicevpn123...+1 | err=-
[WARN] batch start failed | size=4 {515} | split=1 {978} + 1 {979} + 1 {980} + 1 {981}
[TEST] {505} tested=1/1 | kept=0 | rest=0
[DEBUG] mihomo isolate | branch={505} | size=1 | parse=0 | names=[ChromeGO-Merge] 🇫🇷 France hysteria2 3 | err=-
[DEBUG] mihomo drop | branch={505} | size=1 | parse=0 | names=[ChromeGO-Merge] 🇫🇷 France hysteria2 3 | err=-
[DROP] name=[ChromeGO-Merge] 🇫🇷 France hysteria2 3 {505} | server=51.159.77.198:53967 | reason=mihomo start failed
[TEST] {509} tested=1/1 | kept=0 | rest=0
[TEST] {510} tested=1/1 | kept=0 | rest=0
[TEST] {512} tested=5/5 | kept=0 | rest=0
[DEBUG] mihomo split-small | branch={512} | size=5 | parse=0 | names=[ChromeGO-Merge] None vmess 07,[ChromeGO-Merge] None vmess 010,[ChromeGO-Merge] None vmess 011...+2 | err=-
[WARN] batch start failed | size=5 {512} | split=1 {982} + 1 {983} + 1 {984} + 1 {985} + 1 {986}
[TEST] {514} tested=5/5 | kept=0 | rest=0
[DEBUG] mihomo split-small | branch={514} | size=5 | parse=0 | names=[免费节点10] 🇺🇸 US 205 → tg@nicevpn123,[免费节点10] 🇺🇸 US 206 → tg@nicevpn123,[免费节点10] 🇺🇸 US 207 → tg@nicevpn123...+2 | err=-
[WARN] batch start failed | size=5 {514} | split=1 {987} + 1 {988} + 1 {989} + 1 {990} + 1 {991}
[TEST] {516} tested=5/5 | kept=0 | rest=0
[DEBUG] mihomo split-small | branch={516} | size=5 | parse=0 | names=[免费节点10] 🇺🇸 US 219 → tg@nicevpn123,[免费节点10] 🇺🇸 US 22 → tg@nicevpn123,[免费节点10] 🇺🇸 US 220 → tg@nicevpn123...+2 | err=-
[WARN] batch start failed | size=5 {516} | split=1 {992} + 1 {993} + 1 {994} + 1 {995} + 1 {996}
[TEST] {517} tested=1/1 | kept=0 | rest=0
[DEBUG] mihomo isolate | branch={517} | size=1 | parse=0 | names=[ChromeGO-Merge] 🇺🇸 United States_hyster | err=-
[DEBUG] mihomo drop | branch={517} | size=1 | parse=0 | names=[ChromeGO-Merge] 🇺🇸 United States_hyster | err=-
[DROP] name=[ChromeGO-Merge] 🇺🇸 United States_hysteria_1 {517} | server=173.234.25.52:30072 | reason=mihomo start failed
[TEST] {518} tested=1/1 | kept=0 | rest=0
[DEBUG] mihomo isolate | branch={518} | size=1 | parse=0 | names=[ChromeGO-Merge] 🇺🇸 United States_hyster | err=-
[DEBUG] mihomo drop | branch={518} | size=1 | parse=0 | names=[ChromeGO-Merge] 🇺🇸 United States_hyster | err=-
[DROP] name=[ChromeGO-Merge] 🇺🇸 United States_hysteria_2 {518} | server=108.181.22.239:39967 | reason=mihomo start failed
[TEST] {520} tested=1/1 | kept=0 | rest=0
[DEBUG] mihomo isolate | branch={520} | size=1 | parse=0 | names=[ChromeGO-Merge] 🇫🇷 France_hysteria2_0 | err=-
[DEBUG] mihomo drop | branch={520} | size=1 | parse=0 | names=[ChromeGO-Merge] 🇫🇷 France_hysteria2_0 | err=-
[DROP] name=[ChromeGO-Merge] 🇫🇷 France_hysteria2_0 {520} | server=62.210.101.0:52465 | reason=mihomo start failed
[TEST] {519} tested=1/1 | kept=0 | rest=0
[DEBUG] mihomo isolate | branch={519} | size=1 | parse=0 | names=[ChromeGO-Merge] 🇺🇸 United States_hyster | err=-
[DEBUG] mihomo drop | branch={519} | size=1 | parse=0 | names=[ChromeGO-Merge] 🇺🇸 United States_hyster | err=-
[DROP] name=[ChromeGO-Merge] 🇺🇸 United States_hysteria_3 {519} | server=167.160.91.115:41189 | reason=mihomo start failed
[TEST] {521} tested=1/1 | kept=0 | rest=0
[DEBUG] mihomo isolate | branch={521} | size=1 | parse=0 | names=[ChromeGO-Merge] 🇺🇸 United States_hyster | err=-
[DEBUG] mihomo drop | branch={521} | size=1 | parse=0 | names=[ChromeGO-Merge] 🇺🇸 United States_hyster | err=-
[DROP] name=[ChromeGO-Merge] 🇺🇸 United States_hysteria2_1 {521} | server=64.110.25.11:33337 | reason=mihomo start failed
[TEST] {526} tested=5/5 | kept=0 | rest=0
[DEBUG] mihomo split-small | branch={526} | size=5 | parse=0 | names=[ChromeGO-Merge] United States vmess 31,[ChromeGO-Merge] None vmess 32,[ChromeGO-Merge] United States vmess 33...+2 | err=-
[WARN] batch start failed | size=5 {526} | split=1 {997} + 1 {998} + 1 {999} + 1 {1000} + 1 {1001}
[TEST] {525} tested=4/4 | kept=0 | rest=0
[DEBUG] mihomo split-small | branch={525} | size=4 | parse=0 | names=[ChromeGO-Merge] United States vmess 26,[ChromeGO-Merge] None vmess 29,[ChromeGO-Merge] United States vmess 210...+1 | err=-
[WARN] batch start failed | size=4 {525} | split=1 {1002} + 1 {1003} + 1 {1004} + 1 {1005}
[TEST] {527} tested=1/1 | kept=0 | rest=0
[DEBUG] mihomo isolate | branch={527} | size=1 | parse=0 | names=[ChromeGO-Merge] United States_vless_21 | err=-
[DEBUG] mihomo drop | branch={527} | size=1 | parse=0 | names=[ChromeGO-Merge] United States_vless_21 | err=-
[DROP] name=[ChromeGO-Merge] United States_vless_21 {527} | server=109.104.152.101:13982 | reason=mihomo start failed
[TEST] {523} tested=1/1 | kept=0 | rest=0
[DEBUG] mihomo isolate | branch={523} | size=1 | parse=0 | names=[ChromeGO-Merge] 🇺🇸 United States_hyster | err=-
[DEBUG] mihomo drop | branch={523} | size=1 | parse=0 | names=[ChromeGO-Merge] 🇺🇸 United States_hyster | err=-
[DROP] name=[ChromeGO-Merge] 🇺🇸 United States_hysteria2_3 {523} | server=108.181.24.77:43656 | reason=mihomo start failed
[TEST] {522} tested=1/1 | kept=0 | rest=0
[DEBUG] mihomo isolate | branch={522} | size=1 | parse=0 | names=[ChromeGO-Merge] 🇫🇷 France_hysteria2_2 | err=-
[DEBUG] mihomo drop | branch={522} | size=1 | parse=0 | names=[ChromeGO-Merge] 🇫🇷 France_hysteria2_2 | err=-
[DROP] name=[ChromeGO-Merge] 🇫🇷 France_hysteria2_2 {522} | server=62.210.103.0:52465 | reason=mihomo start failed
[TEST] {524} tested=1/1 | kept=0 | rest=0
[DEBUG] mihomo isolate | branch={524} | size=1 | parse=0 | names=[ChromeGO-Merge] 🇺🇸 United States_vless_ | err=-
[DEBUG] mihomo drop | branch={524} | size=1 | parse=0 | names=[ChromeGO-Merge] 🇺🇸 United States_vless_ | err=-
[DROP] name=[ChromeGO-Merge] 🇺🇸 United States_vless_1 {524} | server=108.181.22.213:28945 | reason=mihomo start failed
[TEST] {528} tested=1/1 | kept=0 | rest=0
[DEBUG] mihomo isolate | branch={528} | size=1 | parse=0 | names=[ChromeGO-Merge] United States_ss_61 | err=-
[DEBUG] mihomo drop | branch={528} | size=1 | parse=0 | names=[ChromeGO-Merge] United States_ss_61 | err=-
[DROP] name=[ChromeGO-Merge] United States_ss_61 {528} | server=109.104.152.186:11223 | reason=mihomo start failed
[TEST] {529} tested=1/1 | kept=0 | rest=0
[DEBUG] mihomo isolate | branch={529} | size=1 | parse=0 | names=[ChromeGO-Merge] United States_hysteria2 | err=-
[DEBUG] mihomo drop | branch={529} | size=1 | parse=0 | names=[ChromeGO-Merge] United States_hysteria2 | err=-
[DROP] name=[ChromeGO-Merge] United States_hysteria2_71 {529} | server=109.104.152.89:22441 | reason=mihomo start failed
[TEST] {530} tested=1/1 | kept=0 | rest=0
[DEBUG] mihomo isolate | branch={530} | size=1 | parse=0 | names=[ChromeGO-Merge] United States_shadowtls | err=-
[DEBUG] mihomo drop | branch={530} | size=1 | parse=0 | names=[ChromeGO-Merge] United States_shadowtls | err=-
[DROP] name=[ChromeGO-Merge] United States_shadowtls_1 {530} | server=109.104.152.186:443 | reason=mihomo start failed
[TEST] {531} tested=1/1 | kept=0 | rest=0
[DEBUG] mihomo isolate | branch={531} | size=1 | parse=0 | names=[ChromeGO-Merge] United States_hy_0 | err=-
[DEBUG] mihomo drop | branch={531} | size=1 | parse=0 | names=[ChromeGO-Merge] United States_hy_0 | err=-
[DROP] name=[ChromeGO-Merge] United States_hy_0 {531} | server=108.181.5.133:26022 | reason=mihomo start failed
[TEST] {532} tested=1/1 | kept=0 | rest=0
[DEBUG] mihomo isolate | branch={532} | size=1 | parse=0 | names=[ChromeGO-Merge] France_hy_1 | err=-
[DEBUG] mihomo drop | branch={532} | size=1 | parse=0 | names=[ChromeGO-Merge] France_hy_1 | err=-
[DROP] name=[ChromeGO-Merge] France_hy_1 {532} | server=62.210.243.131:18702 | reason=mihomo start failed
[TEST] {534} tested=1/1 | kept=0 | rest=0
[DEBUG] mihomo isolate | branch={534} | size=1 | parse=0 | names=[ChromeGO-Merge] United States_hy2_0 | err=-
[DEBUG] mihomo drop | branch={534} | size=1 | parse=0 | names=[ChromeGO-Merge] United States_hy2_0 | err=-
[DROP] name=[ChromeGO-Merge] United States_hy2_0 {534} | server=104.192.224.141:40391 | reason=mihomo start failed
[TEST] {533} tested=1/1 | kept=0 | rest=0
[DEBUG] mihomo isolate | branch={533} | size=1 | parse=0 | names=[ChromeGO-Merge] United States_hy_3 | err=-
[DEBUG] mihomo drop | branch={533} | size=1 | parse=0 | names=[ChromeGO-Merge] United States_hy_3 | err=-
[DROP] name=[ChromeGO-Merge] United States_hy_3 {533} | server=109.104.152.194:58510 | reason=mihomo start failed
[TEST] {538} tested=5/5 | kept=0 | rest=0
[DEBUG] mihomo split-small | branch={538} | size=5 | parse=0 | names=[ChromeGO-Merge] None vmess 14,[ChromeGO-Merge] United States vmess 21,[ChromeGO-Merge] United States vmess 23...+2 | err=-
[WARN] batch start failed | size=5 {538} | split=1 {1006} + 1 {1007} + 1 {1008} + 1 {1009} + 1 {1010}
[DEBUG] mihomo start-fail | branch={539} | size=4 | parse=1 | rc=1 | names=[ChromeGO-ShiteThings] store.ubi.com,[ChromeGO-ShiteThings] cf.tencentapp.cn,[ChromeGO-ShiteThings] cloudflare-dl.byo...+1 | err=rc=1 Mihomo exited before controller became ready time="2026-09-28T15:14:12.190201569Z" level=info msg="Start initial configuration in progress" time="2026-09-28T15:14:12.190585487Z" level=fatal msg="Parse config error: proxy 3: '' has u...
[DEBUG] mihomo split-small | branch={539} | size=4 | parse=1 | names=[ChromeGO-ShiteThings] store.ubi.com,[ChromeGO-ShiteThings] cf.tencentapp.cn,[ChromeGO-ShiteThings] cloudflare-dl.byo...+1 | err=Mihomo exited before controller became ready time="2026-09-28T15:14:12.190201569Z" level=info msg="Start initial configuration in progress" time="2026-09-28T15:14:12.190585487Z" level=fatal msg="Parse config error: proxy 3: '' has unset ...
[WARN] batch start failed | size=4 {539} | split=1 {1011} + 1 {1012} + 1 {1013} + 1 {1014}
[DEBUG] mihomo start-fail | branch={540} | size=5 | parse=1 | rc=1 | names=[ChromeGO-ShiteThings] hysteria-2,[ChromeGO-ShiteThings] hysteria-3,[ChromeGO-ShiteThings] hysteria-4...+2 | err=rc=1 Mihomo exited before controller became ready time="2026-09-28T15:14:12.316477348Z" level=info msg="Start initial configuration in progress" time="2026-09-28T15:14:12.316589488Z" level=fatal msg="Parse config error: proxy 0: '' has u...
[DEBUG] mihomo split-small | branch={540} | size=5 | parse=1 | names=[ChromeGO-ShiteThings] hysteria-2,[ChromeGO-ShiteThings] hysteria-3,[ChromeGO-ShiteThings] hysteria-4...+2 | err=Mihomo exited before controller became ready time="2026-09-28T15:14:12.316477348Z" level=info msg="Start initial configuration in progress" time="2026-09-28T15:14:12.316589488Z" level=fatal msg="Parse config error: proxy 0: '' has unset ...
[WARN] batch start failed | size=5 {540} | split=1 {1015} + 1 {1016} + 1 {1017} + 1 {1018} + 1 {1019}
[TEST] {535} tested=4/4 | kept=0 | rest=0
[DEBUG] mihomo split-small | branch={535} | size=4 | parse=0 | names=[ChromeGO-Merge] United States_hy2_1,[ChromeGO-Merge] 🇫🇷 France_tuic_0,[ChromeGO-Merge] 🇺🇸 United States_tuic_1...+1 | err=-
[WARN] batch start failed | size=4 {535} | split=1 {1020} + 1 {1021} + 1 {1022} + 1 {1023}
[TEST] {541} tested=4/4 | kept=0 | rest=0
[DEBUG] mihomo split-small | branch={541} | size=4 | parse=0 | names=[ChromeGO-ShiteThings] 节点17,[ChromeGO-ShiteThings] 节点18,[ChromeGO-ShiteThings] 节点19...+1 | err=-
[WARN] batch start failed | size=4 {541} | split=1 {1024} + 1 {1025} + 1 {1026} + 1 {1027}
[TEST] {536} tested=5/5 | kept=0 | rest=0
[DEBUG] mihomo split-small | branch={536} | size=5 | parse=0 | names=[ChromeGO-Merge] 🇹🇼 Taiwan_hy_6,[ChromeGO-Merge] 🇫🇷 France_hy2_7,[ChromeGO-Merge] 🇺🇸 United States_hy2_8...+2 | err=-
[WARN] batch start failed | size=5 {536} | split=1 {1028} + 1 {1029} + 1 {1030} + 1 {1031} + 1 {1032}
[TEST] {545} tested=1/1 | kept=0 | rest=0
[DEBUG] mihomo isolate | branch={545} | size=1 | parse=0 | names=[免费节点10] 🇺🇸 US 322 → tg@nicevpn123 | err=-
[DEBUG] mihomo drop | branch={545} | size=1 | parse=0 | names=[免费节点10] 🇺🇸 US 322 → tg@nicevpn123 | err=-
[DROP] name=[免费节点10] 🇺🇸 US 322 → tg@nicevpn123 {545} | server=38.68.134.9:5601 | reason=mihomo start failed
[TEST] {542} tested=5/5 | kept=0 | rest=0
[DEBUG] mihomo split-small | branch={542} | size=5 | parse=0 | names=[ChromeGO-ShiteThings] www.visa.com,[ChromeGO-ShiteThings] www.visa.cn,[ChromeGO-ShiteThings] zoneabc.net...+2 | err=-
[WARN] batch start failed | size=5 {542} | split=1 {1033} + 1 {1034} + 1 {1035} + 1 {1036} + 1 {1037}
[TEST] {543} tested=1/1 | kept=0 | rest=0
[DEBUG] mihomo isolate | branch={543} | size=1 | parse=0 | names=[免费节点10] 🇺🇸 US 32 → tg@nicevpn123 | err=-
[DEBUG] mihomo drop | branch={543} | size=1 | parse=0 | names=[免费节点10] 🇺🇸 US 32 → tg@nicevpn123 | err=-
[DROP] name=[免费节点10] 🇺🇸 US 32 → tg@nicevpn123 {543} | server=185.218.126.248:80 | reason=mihomo start failed
[TEST] {546} tested=1/1 | kept=0 | rest=0
[DEBUG] mihomo isolate | branch={546} | size=1 | parse=0 | names=[免费节点10] 🇺🇸 US 323 → tg@nicevpn123 | err=-
[DEBUG] mihomo drop | branch={546} | size=1 | parse=0 | names=[免费节点10] 🇺🇸 US 323 → tg@nicevpn123 | err=-
[DROP] name=[免费节点10] 🇺🇸 US 323 → tg@nicevpn123 {546} | server=zula.ir:443 | reason=mihomo start failed
[TEST] {537} tested=4/4 | kept=0 | rest=0
[DEBUG] mihomo split-small | branch={537} | size=4 | parse=0 | names=[ChromeGO-Merge] None vmess 014,[ChromeGO-Merge] None vmess 016,[ChromeGO-Merge] None vmess 11...+1 | err=-
[WARN] batch start failed | size=4 {537} | split=1 {1038} + 1 {1039} + 1 {1040} + 1 {1041}
[TEST] {548} tested=1/1 | kept=0 | rest=0
[DEBUG] mihomo isolate | branch={548} | size=1 | parse=0 | names=[免费节点10] 🇺🇸 US 325 → tg@nicevpn123 | err=-
[DEBUG] mihomo drop | branch={548} | size=1 | parse=0 | names=[免费节点10] 🇺🇸 US 325 → tg@nicevpn123 | err=-
[DROP] name=[免费节点10] 🇺🇸 US 325 → tg@nicevpn123 {548} | server=104.19.45.70:2095 | reason=mihomo start failed
[TEST] {549} tested=1/1 | kept=0 | rest=0
[DEBUG] mihomo isolate | branch={549} | size=1 | parse=0 | names=[免费节点10] 🇺🇸 US 326 → tg@nicevpn123 | err=-
[DEBUG] mihomo drop | branch={549} | size=1 | parse=0 | names=[免费节点10] 🇺🇸 US 326 → tg@nicevpn123 | err=-
[DROP] name=[免费节点10] 🇺🇸 US 326 → tg@nicevpn123 {549} | server=104.16.214.251:80 | reason=mihomo start failed
[TEST] {551} tested=1/1 | kept=0 | rest=0
[DEBUG] mihomo isolate | branch={551} | size=1 | parse=0 | names=[免费节点10] 🇺🇸 US 329 → tg@nicevpn123 | err=-
[DEBUG] mihomo drop | branch={551} | size=1 | parse=0 | names=[免费节点10] 🇺🇸 US 329 → tg@nicevpn123 | err=-
[DROP] name=[免费节点10] 🇺🇸 US 329 → tg@nicevpn123 {551} | server=cdncdncdncdn.784654.xyz:2052 | reason=mihomo start failed
[TEST] {552} tested=1/1 | kept=0 | rest=0
[DEBUG] mihomo isolate | branch={552} | size=1 | parse=0 | names=[免费节点10] 🇺🇸 US 341 → tg@nicevpn123 | err=-
[DEBUG] mihomo drop | branch={552} | size=1 | parse=0 | names=[免费节点10] 🇺🇸 US 341 → tg@nicevpn123 | err=-
[DROP] name=[免费节点10] 🇺🇸 US 341 → tg@nicevpn123 {552} | server=104.19.43.180:80 | reason=mihomo start failed
[TEST] {544} tested=1/1 | kept=0 | rest=0
[DEBUG] mihomo isolate | branch={544} | size=1 | parse=0 | names=[免费节点10] 🇺🇸 US 320 → tg@nicevpn123 | err=-
[DEBUG] mihomo drop | branch={544} | size=1 | parse=0 | names=[免费节点10] 🇺🇸 US 320 → tg@nicevpn123 | err=-
[DROP] name=[免费节点10] 🇺🇸 US 320 → tg@nicevpn123 {544} | server=137.175.12.69:37002 | reason=mihomo start failed
[TEST] {554} tested=1/1 | kept=0 | rest=0
[DEBUG] mihomo isolate | branch={554} | size=1 | parse=0 | names=[免费节点10] 🇺🇸 US 343 → tg@nicevpn123 | err=-
[DEBUG] mihomo drop | branch={554} | size=1 | parse=0 | names=[免费节点10] 🇺🇸 US 343 → tg@nicevpn123 | err=-
[DROP] name=[免费节点10] 🇺🇸 US 343 → tg@nicevpn123 {554} | server=172.67.169.245:80 | reason=mihomo start failed
[TEST] {555} tested=1/1 | kept=0 | rest=0
[DEBUG] mihomo isolate | branch={555} | size=1 | parse=0 | names=[免费节点10] 🇺🇸 US 344 → tg@nicevpn123 | err=-
[DEBUG] mihomo drop | branch={555} | size=1 | parse=0 | names=[免费节点10] 🇺🇸 US 344 → tg@nicevpn123 | err=-
[DROP] name=[免费节点10] 🇺🇸 US 344 → tg@nicevpn123 {555} | server=172.67.146.22:443 | reason=mihomo start failed
[TEST] {547} tested=1/1 | kept=0 | rest=0
[DEBUG] mihomo isolate | branch={547} | size=1 | parse=0 | names=[免费节点10] 🇺🇸 US 324 → tg@nicevpn123 | err=-
[DEBUG] mihomo drop | branch={547} | size=1 | parse=0 | names=[免费节点10] 🇺🇸 US 324 → tg@nicevpn123 | err=-
[DROP] name=[免费节点10] 🇺🇸 US 324 → tg@nicevpn123 {547} | server=54.187.81.197:443 | reason=mihomo start failed
[TEST] {558} tested=1/1 | kept=0 | rest=0
[DEBUG] mihomo isolate | branch={558} | size=1 | parse=0 | names=[免费节点10] 🇺🇸 US 349 → tg@nicevpn123 | err=-
[DEBUG] mihomo drop | branch={558} | size=1 | parse=0 | names=[免费节点10] 🇺🇸 US 349 → tg@nicevpn123 | err=-
[DROP] name=[免费节点10] 🇺🇸 US 349 → tg@nicevpn123 {558} | server=104.16.39.127:2082 | reason=mihomo start failed
[TEST] {556} tested=1/1 | kept=0 | rest=0
[DEBUG] mihomo isolate | branch={556} | size=1 | parse=0 | names=[免费节点10] 🇺🇸 US 347 → tg@nicevpn123 | err=-
[DEBUG] mihomo drop | branch={556} | size=1 | parse=0 | names=[免费节点10] 🇺🇸 US 347 → tg@nicevpn123 | err=-
[DROP] name=[免费节点10] 🇺🇸 US 347 → tg@nicevpn123 {556} | server=23.94.104.164:60222 | reason=mihomo start failed
[TEST] {559} tested=1/1 | kept=0 | rest=0
[DEBUG] mihomo isolate | branch={559} | size=1 | parse=0 | names=[免费节点10] 🇺🇸 US 35 → tg@nicevpn123 | err=-
[DEBUG] mihomo drop | branch={559} | size=1 | parse=0 | names=[免费节点10] 🇺🇸 US 35 → tg@nicevpn123 | err=-
[DROP] name=[免费节点10] 🇺🇸 US 35 → tg@nicevpn123 {559} | server=104.16.39.226:2082 | reason=mihomo start failed
[TEST] {560} tested=1/1 | kept=0 | rest=0
[DEBUG] mihomo isolate | branch={560} | size=1 | parse=0 | names=[免费节点10] 🇺🇸 US 350 → tg@nicevpn123 | err=-
[DEBUG] mihomo drop | branch={560} | size=1 | parse=0 | names=[免费节点10] 🇺🇸 US 350 → tg@nicevpn123 | err=-
[DROP] name=[免费节点10] 🇺🇸 US 350 → tg@nicevpn123 {560} | server=172.67.172.219:8080 | reason=mihomo start failed
[TEST] {550} tested=1/1 | kept=0 | rest=0
[DEBUG] mihomo isolate | branch={550} | size=1 | parse=0 | names=[免费节点10] 🇺🇸 US 328 → tg@nicevpn123 | err=-
[DEBUG] mihomo drop | branch={550} | size=1 | parse=0 | names=[免费节点10] 🇺🇸 US 328 → tg@nicevpn123 | err=-
[DROP] name=[免费节点10] 🇺🇸 US 328 → tg@nicevpn123 {550} | server=35.77.89.124:443 | reason=mihomo start failed
[TEST] {553} tested=1/1 | kept=0 | rest=0
[DEBUG] mihomo isolate | branch={553} | size=1 | parse=0 | names=[免费节点10] 🇺🇸 US 342 → tg@nicevpn123 | err=-
[DEBUG] mihomo drop | branch={553} | size=1 | parse=0 | names=[免费节点10] 🇺🇸 US 342 → tg@nicevpn123 | err=-
[DROP] name=[免费节点10] 🇺🇸 US 342 → tg@nicevpn123 {553} | server=75.102.51.45:16899 | reason=mihomo start failed
[TEST] {563} tested=1/1 | kept=0 | rest=0
[DEBUG] mihomo isolate | branch={563} | size=1 | parse=0 | names=[免费节点10] 🇺🇸 US 826 → tg@nicevpn123 | err=-
[DEBUG] mihomo drop | branch={563} | size=1 | parse=0 | names=[免费节点10] 🇺🇸 US 826 → tg@nicevpn123 | err=-
[DROP] name=[免费节点10] 🇺🇸 US 826 → tg@nicevpn123 {563} | server=152.67.217.187:443 | reason=mihomo start failed
[TEST] {557} tested=1/1 | kept=0 | rest=0
[DEBUG] mihomo isolate | branch={557} | size=1 | parse=0 | names=[免费节点10] 🇺🇸 US 348 → tg@nicevpn123 | err=-
[DEBUG] mihomo drop | branch={557} | size=1 | parse=0 | names=[免费节点10] 🇺🇸 US 348 → tg@nicevpn123 | err=-
[DROP] name=[免费节点10] 🇺🇸 US 348 → tg@nicevpn123 {557} | server=38.54.185.111:30000 | reason=mihomo start failed
[TEST] {565} tested=1/1 | kept=0 | rest=0
[DEBUG] mihomo isolate | branch={565} | size=1 | parse=0 | names=[免费节点10] 🇺🇸 US 828 → tg@nicevpn123 | err=-
[DEBUG] mihomo drop | branch={565} | size=1 | parse=0 | names=[免费节点10] 🇺🇸 US 828 → tg@nicevpn123 | err=-
[DROP] name=[免费节点10] 🇺🇸 US 828 → tg@nicevpn123 {565} | server=104.21.225.223:80 | reason=mihomo start failed
[TEST] {566} tested=1/1 | kept=0 | rest=0
[DEBUG] mihomo isolate | branch={566} | size=1 | parse=0 | names=[免费节点10] 🇺🇸 US 829 → tg@nicevpn123 | err=-
[DEBUG] mihomo drop | branch={566} | size=1 | parse=0 | names=[免费节点10] 🇺🇸 US 829 → tg@nicevpn123 | err=-
[DROP] name=[免费节点10] 🇺🇸 US 829 → tg@nicevpn123 {566} | server=104.19.49.192:443 | reason=mihomo start failed
[TEST] {567} tested=1/1 | kept=0 | rest=0
[DEBUG] mihomo isolate | branch={567} | size=1 | parse=0 | names=[免费节点10] 🇺🇸 US 831 → tg@nicevpn123 | err=-
[DEBUG] mihomo drop | branch={567} | size=1 | parse=0 | names=[免费节点10] 🇺🇸 US 831 → tg@nicevpn123 | err=-
[DROP] name=[免费节点10] 🇺🇸 US 831 → tg@nicevpn123 {567} | server=104.16.40.116:2082 | reason=mihomo start failed
[TEST] {568} tested=1/1 | kept=0 | rest=0
[DEBUG] mihomo isolate | branch={568} | size=1 | parse=0 | names=[免费节点10] 🇺🇸 US 832 → tg@nicevpn123 | err=-
[DEBUG] mihomo drop | branch={568} | size=1 | parse=0 | names=[免费节点10] 🇺🇸 US 832 → tg@nicevpn123 | err=-
[DROP] name=[免费节点10] 🇺🇸 US 832 → tg@nicevpn123 {568} | server=104.19.45.238:2082 | reason=mihomo start failed
[TEST] {569} tested=1/1 | kept=0 | rest=0
[DEBUG] mihomo isolate | branch={569} | size=1 | parse=0 | names=[免费节点10] 🇺🇸 US 834 → tg@nicevpn123 | err=-
[DEBUG] mihomo drop | branch={569} | size=1 | parse=0 | names=[免费节点10] 🇺🇸 US 834 → tg@nicevpn123 | err=-
[DROP] name=[免费节点10] 🇺🇸 US 834 → tg@nicevpn123 {569} | server=104.19.49.33:443 | reason=mihomo start failed
[TEST] {570} tested=1/1 | kept=0 | rest=0
[DEBUG] mihomo isolate | branch={570} | size=1 | parse=0 | names=[免费节点10] 🇺🇸 US 835 → tg@nicevpn123 | err=-
[DEBUG] mihomo drop | branch={570} | size=1 | parse=0 | names=[免费节点10] 🇺🇸 US 835 → tg@nicevpn123 | err=-
[DROP] name=[免费节点10] 🇺🇸 US 835 → tg@nicevpn123 {570} | server=104.16.42.6:2082 | reason=mihomo start failed
[TEST] {571} tested=1/1 | kept=0 | rest=0
[DEBUG] mihomo isolate | branch={571} | size=1 | parse=0 | names=[免费节点10] 🇺🇸 US 847 → tg@nicevpn123 | err=-
[DEBUG] mihomo drop | branch={571} | size=1 | parse=0 | names=[免费节点10] 🇺🇸 US 847 → tg@nicevpn123 | err=-
[DROP] name=[免费节点10] 🇺🇸 US 847 → tg@nicevpn123 {571} | server=104.16.43.226:2082 | reason=mihomo start failed
[TEST] {573} tested=1/1 | kept=0 | rest=0
[DEBUG] mihomo isolate | branch={573} | size=1 | parse=0 | names=[免费节点10] 🇺🇸 US 85 → tg@nicevpn123 | err=-
[DEBUG] mihomo drop | branch={573} | size=1 | parse=0 | names=[免费节点10] 🇺🇸 US 85 → tg@nicevpn123 | err=-
[DROP] name=[免费节点10] 🇺🇸 US 85 → tg@nicevpn123 {573} | server=104.16.43.122:2082 | reason=mihomo start failed
[TEST] {572} tested=1/1 | kept=0 | rest=0
[DEBUG] mihomo isolate | branch={572} | size=1 | parse=0 | names=[免费节点10] 🇺🇸 US 848 → tg@nicevpn123 | err=-
[DEBUG] mihomo drop | branch={572} | size=1 | parse=0 | names=[免费节点10] 🇺🇸 US 848 → tg@nicevpn123 | err=-
[DROP] name=[免费节点10] 🇺🇸 US 848 → tg@nicevpn123 {572} | server=172.67.229.39:2086 | reason=mihomo start failed
[TEST] {574} tested=1/1 | kept=0 | rest=0
[DEBUG] mihomo isolate | branch={574} | size=1 | parse=0 | names=[免费节点10] 🇺🇸 US 850 → tg@nicevpn123 | err=-
[DEBUG] mihomo drop | branch={574} | size=1 | parse=0 | names=[免费节点10] 🇺🇸 US 850 → tg@nicevpn123 | err=-
[DROP] name=[免费节点10] 🇺🇸 US 850 → tg@nicevpn123 {574} | server=104.19.45.182:2082 | reason=mihomo start failed
[TEST] {576} tested=1/1 | kept=0 | rest=0
[DEBUG] mihomo isolate | branch={576} | size=1 | parse=0 | names=[免费节点10] 🇺🇸 US 852 → tg@nicevpn123 | err=-
[DEBUG] mihomo drop | branch={576} | size=1 | parse=0 | names=[免费节点10] 🇺🇸 US 852 → tg@nicevpn123 | err=-
[DROP] name=[免费节点10] 🇺🇸 US 852 → tg@nicevpn123 {576} | server=104.19.45.108:2095 | reason=mihomo start failed
[TEST] {562} tested=5/5 | kept=0 | rest=0
[DEBUG] mihomo split-small | branch={562} | size=5 | parse=0 | names=[免费节点10] 🇺🇸 US 841 → tg@nicevpn123,[免费节点10] 🇺🇸 US 843 → tg@nicevpn123,[免费节点10] 🇺🇸 US 844 → tg@nicevpn123...+2 | err=-
[WARN] batch start failed | size=5 {562} | split=1 {1042} + 1 {1043} + 1 {1044} + 1 {1045} + 1 {1046}
[TEST] {561} tested=4/4 | kept=0 | rest=0
[DEBUG] mihomo split-small | branch={561} | size=4 | parse=0 | names=[免费节点10] 🇺🇸 US 836 → tg@nicevpn123,[免费节点10] 🇺🇸 US 837 → tg@nicevpn123,[免费节点10] 🇺🇸 US 839 → tg@nicevpn123...+1 | err=-
[WARN] batch start failed | size=4 {561} | split=1 {1047} + 1 {1048} + 1 {1049} + 1 {1050}
[TEST] {578} tested=1/1 | kept=0 | rest=0
[DEBUG] mihomo isolate | branch={578} | size=1 | parse=0 | names=[免费节点10] 🇺🇸 US 854 → tg@nicevpn123 | err=-
[DEBUG] mihomo drop | branch={578} | size=1 | parse=0 | names=[免费节点10] 🇺🇸 US 854 → tg@nicevpn123 | err=-
[DROP] name=[免费节点10] 🇺🇸 US 854 → tg@nicevpn123 {578} | server=104.19.45.107:2082 | reason=mihomo start failed
[TEST] {564} tested=1/1 | kept=0 | rest=0
[DEBUG] mihomo isolate | branch={564} | size=1 | parse=0 | names=[免费节点10] 🇺🇸 US 827 → tg@nicevpn123 | err=-
[DEBUG] mihomo drop | branch={564} | size=1 | parse=0 | names=[免费节点10] 🇺🇸 US 827 → tg@nicevpn123 | err=-
[DROP] name=[免费节点10] 🇺🇸 US 827 → tg@nicevpn123 {564} | server=w.outline-vpn.cloud:2086 | reason=mihomo start failed
[TEST] {575} tested=1/1 | kept=0 | rest=0
[DEBUG] mihomo isolate | branch={575} | size=1 | parse=0 | names=[免费节点10] 🇺🇸 US 851 → tg@nicevpn123 | err=-
[DEBUG] mihomo drop | branch={575} | size=1 | parse=0 | names=[免费节点10] 🇺🇸 US 851 → tg@nicevpn123 | err=-
[DROP] name=[免费节点10] 🇺🇸 US 851 → tg@nicevpn123 {575} | server=ip0axv1bbsu02k7-hk.1ytnode.com:56310 | reason=mihomo start failed
[TEST] {577} tested=1/1 | kept=0 | rest=0
[DEBUG] mihomo isolate | branch={577} | size=1 | parse=0 | names=[免费节点10] 🇺🇸 US 853 → tg@nicevpn123 | err=-
[DEBUG] mihomo drop | branch={577} | size=1 | parse=0 | names=[免费节点10] 🇺🇸 US 853 → tg@nicevpn123 | err=-
[DROP] name=[免费节点10] 🇺🇸 US 853 → tg@nicevpn123 {577} | server=38.75.136.33:2376 | reason=mihomo start failed
[TEST] {579} tested=4/4 | kept=0 | rest=0
[DEBUG] mihomo split-small | branch={579} | size=4 | parse=0 | names=[免费节点10] 🇺🇸 US 855 → tg@nicevpn123,[免费节点10] 🇺🇸 US 856 → tg@nicevpn123,[免费节点10] 🇺🇸 US 858 → tg@nicevpn123...+1 | err=-
[WARN] batch start failed | size=4 {579} | split=1 {1051} + 1 {1052} + 1 {1053} + 1 {1054}
[TEST] {583} tested=1/1 | kept=0 | rest=0
[DEBUG] mihomo isolate | branch={583} | size=1 | parse=0 | names=[免费节点10] 🇺🇸 US 865 → tg@nicevpn123 | err=-
[DEBUG] mihomo drop | branch={583} | size=1 | parse=0 | names=[免费节点10] 🇺🇸 US 865 → tg@nicevpn123 | err=-
[DROP] name=[免费节点10] 🇺🇸 US 865 → tg@nicevpn123 {583} | server=13.35.13.142:443 | reason=mihomo start failed
[TEST] {580} tested=5/5 | kept=0 | rest=0
[DEBUG] mihomo split-small | branch={580} | size=5 | parse=0 | names=[免费节点10] 🇺🇸 US 860 → tg@nicevpn123,[免费节点10] 🇺🇸 US 861 → tg@nicevpn123,[免费节点10] 🇺🇸 US 862 → tg@nicevpn123...+2 | err=-
[WARN] batch start failed | size=5 {580} | split=1 {1055} + 1 {1056} + 1 {1057} + 1 {1058} + 1 {1059}
[TEST] {582} tested=5/5 | kept=0 | rest=0
[DEBUG] mihomo split-small | branch={582} | size=5 | parse=0 | names=[免费节点10] 🇺🇸 US 879 → tg@nicevpn123,[免费节点10] 🇺🇸 US 880 → tg@nicevpn123,[免费节点10] 🇺🇸 US 882 → tg@nicevpn123...+2 | err=-
[WARN] batch start failed | size=5 {582} | split=1 {1060} + 1 {1061} + 1 {1062} + 1 {1063} + 1 {1064}
[TEST] {585} tested=1/1 | kept=0 | rest=0
[DEBUG] mihomo isolate | branch={585} | size=1 | parse=0 | names=[免费节点10] 🇺🇸 US 869 → tg@nicevpn123 | err=-
[DEBUG] mihomo drop | branch={585} | size=1 | parse=0 | names=[免费节点10] 🇺🇸 US 869 → tg@nicevpn123 | err=-
[DROP] name=[免费节点10] 🇺🇸 US 869 → tg@nicevpn123 {585} | server=104.19.45.238:2095 | reason=mihomo start failed
[TEST] {587} tested=1/1 | kept=0 | rest=0
[DEBUG] mihomo isolate | branch={587} | size=1 | parse=0 | names=[免费节点10] 🇺🇸 US 870 → tg@nicevpn123 | err=-
[DEBUG] mihomo drop | branch={587} | size=1 | parse=0 | names=[免费节点10] 🇺🇸 US 870 → tg@nicevpn123 | err=-
[DROP] name=[免费节点10] 🇺🇸 US 870 → tg@nicevpn123 {587} | server=104.19.45.190:2095 | reason=mihomo start failed
[TEST] {588} tested=1/1 | kept=0 | rest=0
[DEBUG] mihomo isolate | branch={588} | size=1 | parse=0 | names=[免费节点10] 🇺🇸 US 871 → tg@nicevpn123 | err=-
[DEBUG] mihomo drop | branch={588} | size=1 | parse=0 | names=[免费节点10] 🇺🇸 US 871 → tg@nicevpn123 | err=-
[DROP] name=[免费节点10] 🇺🇸 US 871 → tg@nicevpn123 {588} | server=104.19.48.110:2082 | reason=mihomo start failed
[TEST] {589} tested=1/1 | kept=0 | rest=0
[DEBUG] mihomo isolate | branch={589} | size=1 | parse=0 | names=[免费节点10] 🇺🇸 US 872 → tg@nicevpn123 | err=-
[DEBUG] mihomo drop | branch={589} | size=1 | parse=0 | names=[免费节点10] 🇺🇸 US 872 → tg@nicevpn123 | err=-
[DROP] name=[免费节点10] 🇺🇸 US 872 → tg@nicevpn123 {589} | server=104.16.60.8:2082 | reason=mihomo start failed
[TEST] {590} tested=1/1 | kept=0 | rest=0
[DEBUG] mihomo isolate | branch={590} | size=1 | parse=0 | names=[免费节点10] 🇺🇸 US 873 → tg@nicevpn123 | err=-
[DEBUG] mihomo drop | branch={590} | size=1 | parse=0 | names=[免费节点10] 🇺🇸 US 873 → tg@nicevpn123 | err=-
[DROP] name=[免费节点10] 🇺🇸 US 873 → tg@nicevpn123 {590} | server=upload.ir:80 | reason=mihomo start failed
[TEST] {591} tested=4/4 | kept=0 | rest=0
[DEBUG] mihomo split-small | branch={591} | size=4 | parse=0 | names=[免费节点10] 🇺🇸 US 898 → tg@nicevpn123,[免费节点10] 🇺🇸 US 899 → tg@nicevpn123,[免费节点10] 🇺🇸 US 9 → tg@nicevpn123...+1 | err=-
[WARN] batch start failed | size=4 {591} | split=1 {1065} + 1 {1066} + 1 {1067} + 1 {1068}
[TEST] {581} tested=4/4 | kept=0 | rest=0
[DEBUG] mihomo split-small | branch={581} | size=4 | parse=0 | names=[免费节点10] 🇺🇸 US 875 → tg@nicevpn123,[免费节点10] 🇺🇸 US 876 → tg@nicevpn123,[免费节点10] 🇺🇸 US 877 → tg@nicevpn123...+1 | err=-
[WARN] batch start failed | size=4 {581} | split=1 {1069} + 1 {1070} + 1 {1071} + 1 {1072}
[TEST] {584} tested=1/1 | kept=0 | rest=0
[DEBUG] mihomo isolate | branch={584} | size=1 | parse=0 | names=[免费节点10] 🇺🇸 US 867 → tg@nicevpn123 | err=-
[DEBUG] mihomo drop | branch={584} | size=1 | parse=0 | names=[免费节点10] 🇺🇸 US 867 → tg@nicevpn123 | err=-
[DROP] name=[免费节点10] 🇺🇸 US 867 → tg@nicevpn123 {584} | server=38.114.114.208:8882 | reason=mihomo start failed
[TEST] {586} tested=1/1 | kept=0 | rest=0
[DEBUG] mihomo isolate | branch={586} | size=1 | parse=0 | names=[免费节点10] 🇺🇸 US 87 → tg@nicevpn123 | err=-
[DEBUG] mihomo drop | branch={586} | size=1 | parse=0 | names=[免费节点10] 🇺🇸 US 87 → tg@nicevpn123 | err=-
[DROP] name=[免费节点10] 🇺🇸 US 87 → tg@nicevpn123 {586} | server=35.87.25.21:443 | reason=mihomo start failed
[TEST] {592} tested=5/5 | kept=0 | rest=0
[DEBUG] mihomo split-small | branch={592} | size=5 | parse=0 | names=[免费节点10] 🇺🇸 US 901 → tg@nicevpn123,[免费节点10] 🇺🇸 US 902 → tg@nicevpn123,[免费节点10] 🇺🇸 US 903 → tg@nicevpn123...+2 | err=-
[WARN] batch start failed | size=5 {592} | split=1 {1073} + 1 {1074} + 1 {1075} + 1 {1076} + 1 {1077}
[TEST] {596} tested=5/5 | kept=0 | rest=0
[DEBUG] mihomo split-small | branch={596} | size=5 | parse=0 | names=[免费节点10] 🇺🇸 US 919 → tg@nicevpn123,[免费节点10] 🇺🇸 US 92 → tg@nicevpn123,[免费节点10] 🇺🇸 US 920 → tg@nicevpn123...+2 | err=-
[WARN] batch start failed | size=5 {596} | split=1 {1078} + 1 {1079} + 1 {1080} + 1 {1081} + 1 {1082}
[TEST] {597} tested=1/1 | kept=0 | rest=0
[DEBUG] mihomo isolate | branch={597} | size=1 | parse=0 | names=[免费节点10] 🇺🇸 US 907 → tg@nicevpn123 | err=-
[DEBUG] mihomo drop | branch={597} | size=1 | parse=0 | names=[免费节点10] 🇺🇸 US 907 → tg@nicevpn123 | err=-
[DROP] name=[免费节点10] 🇺🇸 US 907 → tg@nicevpn123 {597} | server=104.16.42.25:2082 | reason=mihomo start failed
[TEST] {593} tested=4/4 | kept=0 | rest=0
[DEBUG] mihomo split-small | branch={593} | size=4 | parse=0 | names=[免费节点10] 🇺🇸 US 886 → tg@nicevpn123,[免费节点10] 🇺🇸 US 887 → tg@nicevpn123,[免费节点10] 🇺🇸 US 888 → tg@nicevpn123...+1 | err=-
[WARN] batch start failed | size=4 {593} | split=1 {1083} + 1 {1084} + 1 {1085} + 1 {1086}
[TEST] {600} tested=1/1 | kept=0 | rest=0
[DEBUG] mihomo isolate | branch={600} | size=1 | parse=0 | names=[免费节点10] 🇺🇸 US 91 → tg@nicevpn123 | err=-
[DEBUG] mihomo drop | branch={600} | size=1 | parse=0 | names=[免费节点10] 🇺🇸 US 91 → tg@nicevpn123 | err=-
[DROP] name=[免费节点10] 🇺🇸 US 91 → tg@nicevpn123 {600} | server=104.17.61.4:443 | reason=mihomo start failed
[TEST] {598} tested=1/1 | kept=0 | rest=0
[DEBUG] mihomo isolate | branch={598} | size=1 | parse=0 | names=[免费节点10] 🇺🇸 US 908 → tg@nicevpn123 | err=-
[DEBUG] mihomo drop | branch={598} | size=1 | parse=0 | names=[免费节点10] 🇺🇸 US 908 → tg@nicevpn123 | err=-
[DROP] name=[免费节点10] 🇺🇸 US 908 → tg@nicevpn123 {598} | server=changupmecca.com:443 | reason=mihomo start failed
[TEST] {602} tested=1/1 | kept=0 | rest=0
[DEBUG] mihomo isolate | branch={602} | size=1 | parse=0 | names=[免费节点10] 🇺🇸 US 911 → tg@nicevpn123 | err=-
[DEBUG] mihomo drop | branch={602} | size=1 | parse=0 | names=[免费节点10] 🇺🇸 US 911 → tg@nicevpn123 | err=-
[DROP] name=[免费节点10] 🇺🇸 US 911 → tg@nicevpn123 {602} | server=104.16.39.80:2082 | reason=mihomo start failed
[TEST] {594} tested=5/5 | kept=0 | rest=0
[DEBUG] mihomo split-small | branch={594} | size=5 | parse=0 | names=[免费节点10] 🇺🇸 US 890 → tg@nicevpn123,[免费节点10] 🇺🇸 US 892 → tg@nicevpn123,[免费节点10] 🇺🇸 US 893 → tg@nicevpn123...+2 | err=-
[WARN] batch start failed | size=5 {594} | split=1 {1087} + 1 {1088} + 1 {1089} + 1 {1090} + 1 {1091}
[TEST] {603} tested=1/1 | kept=0 | rest=0
[DEBUG] mihomo isolate | branch={603} | size=1 | parse=0 | names=[免费节点10] 🇺🇸 US 912 → tg@nicevpn123 | err=-
[DEBUG] mihomo drop | branch={603} | size=1 | parse=0 | names=[免费节点10] 🇺🇸 US 912 → tg@nicevpn123 | err=-
[DROP] name=[免费节点10] 🇺🇸 US 912 → tg@nicevpn123 {603} | server=104.16.42.189:2082 | reason=mihomo start failed
[TEST] {595} tested=4/4 | kept=0 | rest=0
[DEBUG] mihomo split-small | branch={595} | size=4 | parse=0 | names=[免费节点10] 🇺🇸 US 914 → tg@nicevpn123,[免费节点10] 🇺🇸 US 916 → tg@nicevpn123,[免费节点10] 🇺🇸 US 917 → tg@nicevpn123...+1 | err=-
[WARN] batch start failed | size=4 {595} | split=1 {1092} + 1 {1093} + 1 {1094} + 1 {1095}
[TEST] {606} tested=1/1 | kept=0 | rest=0
[DEBUG] mihomo isolate | branch={606} | size=1 | parse=0 | names=[免费节点10] 🇺🇸 US 924 → tg@nicevpn123 | err=-
[DEBUG] mihomo drop | branch={606} | size=1 | parse=0 | names=[免费节点10] 🇺🇸 US 924 → tg@nicevpn123 | err=-
[DROP] name=[免费节点10] 🇺🇸 US 924 → tg@nicevpn123 {606} | server=104.19.49.237:443 | reason=mihomo start failed
[TEST] {605} tested=1/1 | kept=0 | rest=0
[DEBUG] mihomo isolate | branch={605} | size=1 | parse=0 | names=[免费节点10] 🇺🇸 US 923 → tg@nicevpn123 | err=-
[DEBUG] mihomo drop | branch={605} | size=1 | parse=0 | names=[免费节点10] 🇺🇸 US 923 → tg@nicevpn123 | err=-
[DROP] name=[免费节点10] 🇺🇸 US 923 → tg@nicevpn123 {605} | server=104.19.45.61:2095 | reason=mihomo start failed
[TEST] {607} tested=1/1 | kept=0 | rest=0
[DEBUG] mihomo isolate | branch={607} | size=1 | parse=0 | names=[免费节点10] 🇺🇸 US 925 → tg@nicevpn123 | err=-
[DEBUG] mihomo drop | branch={607} | size=1 | parse=0 | names=[免费节点10] 🇺🇸 US 925 → tg@nicevpn123 | err=-
[DROP] name=[免费节点10] 🇺🇸 US 925 → tg@nicevpn123 {607} | server=104.19.48.27:2082 | reason=mihomo start failed
[TEST] {604} tested=1/1 | kept=0 | rest=0
[DEBUG] mihomo isolate | branch={604} | size=1 | parse=0 | names=[免费节点10] 🇺🇸 US 913 → tg@nicevpn123 | err=-
[DEBUG] mihomo drop | branch={604} | size=1 | parse=0 | names=[免费节点10] 🇺🇸 US 913 → tg@nicevpn123 | err=-
[DROP] name=[免费节点10] 🇺🇸 US 913 → tg@nicevpn123 {604} | server=1dk1l-g05.jp03-7d22-vm0.entry.fr0307a.art:21585 | reason=mihomo start failed
[TEST] {608} tested=1/1 | kept=0 | rest=0
[DEBUG] mihomo isolate | branch={608} | size=1 | parse=0 | names=[免费节点10] 🇺🇸 US 926 → tg@nicevpn123 | err=-
[DEBUG] mihomo drop | branch={608} | size=1 | parse=0 | names=[免费节点10] 🇺🇸 US 926 → tg@nicevpn123 | err=-
[DROP] name=[免费节点10] 🇺🇸 US 926 → tg@nicevpn123 {608} | server=104.21.238.130:80 | reason=mihomo start failed
[TEST] {609} tested=1/1 | kept=0 | rest=0
[DEBUG] mihomo isolate | branch={609} | size=1 | parse=0 | names=[免费节点10] 🇺🇸 US 927 → tg@nicevpn123 | err=-
[DEBUG] mihomo drop | branch={609} | size=1 | parse=0 | names=[免费节点10] 🇺🇸 US 927 → tg@nicevpn123 | err=-
[DROP] name=[免费节点10] 🇺🇸 US 927 → tg@nicevpn123 {609} | server=104.19.45.162:2095 | reason=mihomo start failed
[TEST] {610} tested=1/1 | kept=0 | rest=0
[DEBUG] mihomo isolate | branch={610} | size=1 | parse=0 | names=[免费节点10] 🇺🇸 US 928 → tg@nicevpn123 | err=-
[DEBUG] mihomo drop | branch={610} | size=1 | parse=0 | names=[免费节点10] 🇺🇸 US 928 → tg@nicevpn123 | err=-
[DROP] name=[免费节点10] 🇺🇸 US 928 → tg@nicevpn123 {610} | server=104.19.45.60:2082 | reason=mihomo start failed
[TEST] {612} tested=1/1 | kept=0 | rest=0
[DEBUG] mihomo isolate | branch={612} | size=1 | parse=0 | names=[免费节点10] 🇺🇸 US 93 → tg@nicevpn123 | err=-
[DEBUG] mihomo drop | branch={612} | size=1 | parse=0 | names=[免费节点10] 🇺🇸 US 93 → tg@nicevpn123 | err=-
[DROP] name=[免费节点10] 🇺🇸 US 93 → tg@nicevpn123 {612} | server=104.16.42.21:2082 | reason=mihomo start failed
[TEST] {599} tested=1/1 | kept=0 | rest=0
[DEBUG] mihomo isolate | branch={599} | size=1 | parse=0 | names=[免费节点10] 🇺🇸 US 909 → tg@nicevpn123 | err=-
[DEBUG] mihomo drop | branch={599} | size=1 | parse=0 | names=[免费节点10] 🇺🇸 US 909 → tg@nicevpn123 | err=-
[DROP] name=[免费节点10] 🇺🇸 US 909 → tg@nicevpn123 {599} | server=before2--join.outline-vpn.cloud:443 | reason=mihomo start failed
[TEST] {601} tested=1/1 | kept=0 | rest=0
[DEBUG] mihomo isolate | branch={601} | size=1 | parse=0 | names=[免费节点10] 🇺🇸 US 910 → tg@nicevpn123 | err=-
[DEBUG] mihomo drop | branch={601} | size=1 | parse=0 | names=[免费节点10] 🇺🇸 US 910 → tg@nicevpn123 | err=-
[DROP] name=[免费节点10] 🇺🇸 US 910 → tg@nicevpn123 {601} | server=506.outline-vpn.cloud:443 | reason=mihomo start failed
[TEST] {615} tested=1/1 | kept=0 | rest=0
[DEBUG] mihomo isolate | branch={615} | size=1 | parse=0 | names=[免费节点10] 🇺🇸 US 943 → tg@nicevpn123 | err=-
[DEBUG] mihomo drop | branch={615} | size=1 | parse=0 | names=[免费节点10] 🇺🇸 US 943 → tg@nicevpn123 | err=-
[DROP] name=[免费节点10] 🇺🇸 US 943 → tg@nicevpn123 {615} | server=38.68.134.9:9101 | reason=mihomo start failed
[TEST] {611} tested=1/1 | kept=0 | rest=0
[DEBUG] mihomo isolate | branch={611} | size=1 | parse=0 | names=[免费节点10] 🇺🇸 US 929 → tg@nicevpn123 | err=-
[DEBUG] mihomo drop | branch={611} | size=1 | parse=0 | names=[免费节点10] 🇺🇸 US 929 → tg@nicevpn123 | err=-
[DROP] name=[免费节点10] 🇺🇸 US 929 → tg@nicevpn123 {611} | server=146.190.84.34:47390 | reason=mihomo start failed
[TEST] {613} tested=4/4 | kept=0 | rest=0
[DEBUG] mihomo split-small | branch={613} | size=4 | parse=0 | names=[免费节点10] 🇺🇸 US 930 → tg@nicevpn123,[免费节点10] 🇺🇸 US 931 → tg@nicevpn123,[免费节点10] 🇺🇸 US 935 → tg@nicevpn123...+1 | err=-
[WARN] batch start failed | size=4 {613} | split=1 {1096} + 1 {1097} + 1 {1098} + 1 {1099}
[TEST] {614} tested=5/5 | kept=0 | rest=0
[DEBUG] mihomo split-small | branch={614} | size=5 | parse=0 | names=[免费节点10] 🇺🇸 US 937 → tg@nicevpn123,[免费节点10] 🇺🇸 US 938 → tg@nicevpn123,[免费节点10] 🇺🇸 US 94 → tg@nicevpn123...+2 | err=-
[WARN] batch start failed | size=5 {614} | split=1 {1100} + 1 {1101} + 1 {1102} + 1 {1103} + 1 {1104}
[TEST] {616} tested=1/1 | kept=0 | rest=0
[DEBUG] mihomo isolate | branch={616} | size=1 | parse=0 | names=[免费节点10] 🇺🇸 US 944 → tg@nicevpn123 | err=-
[DEBUG] mihomo drop | branch={616} | size=1 | parse=0 | names=[免费节点10] 🇺🇸 US 944 → tg@nicevpn123 | err=-
[DROP] name=[免费节点10] 🇺🇸 US 944 → tg@nicevpn123 {616} | server=38.110.1.88:2376 | reason=mihomo start failed
[TEST] {620} tested=1/1 | kept=0 | rest=0
[DEBUG] mihomo isolate | branch={620} | size=1 | parse=0 | names=[免费节点10] 🇺🇸 US 95 → tg@nicevpn123 | err=-
[DEBUG] mihomo drop | branch={620} | size=1 | parse=0 | names=[免费节点10] 🇺🇸 US 95 → tg@nicevpn123 | err=-
[DROP] name=[免费节点10] 🇺🇸 US 95 → tg@nicevpn123 {620} | server=changupmecca.com:443 | reason=mihomo start failed
[TEST] {619} tested=1/1 | kept=0 | rest=0
[DEBUG] mihomo isolate | branch={619} | size=1 | parse=0 | names=[免费节点10] 🇺🇸 US 949 → tg@nicevpn123 | err=-
[DEBUG] mihomo drop | branch={619} | size=1 | parse=0 | names=[免费节点10] 🇺🇸 US 949 → tg@nicevpn123 | err=-
[DROP] name=[免费节点10] 🇺🇸 US 949 → tg@nicevpn123 {619} | server=104.19.45.176:2095 | reason=mihomo start failed
[TEST] {622} tested=1/1 | kept=0 | rest=0
[DEBUG] mihomo isolate | branch={622} | size=1 | parse=0 | names=[免费节点10] 🇺🇸 US 952 → tg@nicevpn123 | err=-
[DEBUG] mihomo drop | branch={622} | size=1 | parse=0 | names=[免费节点10] 🇺🇸 US 952 → tg@nicevpn123 | err=-
[DROP] name=[免费节点10] 🇺🇸 US 952 → tg@nicevpn123 {622} | server=104.16.43.235:2082 | reason=mihomo start failed
[TEST] {617} tested=1/1 | kept=0 | rest=0
[DEBUG] mihomo isolate | branch={617} | size=1 | parse=0 | names=[免费节点10] 🇺🇸 US 946 → tg@nicevpn123 | err=-
[DEBUG] mihomo drop | branch={617} | size=1 | parse=0 | names=[免费节点10] 🇺🇸 US 946 → tg@nicevpn123 | err=-
[DROP] name=[免费节点10] 🇺🇸 US 946 → tg@nicevpn123 {617} | server=38.75.137.42:7002 | reason=mihomo start failed
[TEST] {618} tested=1/1 | kept=0 | rest=0
[DEBUG] mihomo isolate | branch={618} | size=1 | parse=0 | names=[免费节点10] 🇺🇸 US 948 → tg@nicevpn123 | err=-
[DEBUG] mihomo drop | branch={618} | size=1 | parse=0 | names=[免费节点10] 🇺🇸 US 948 → tg@nicevpn123 | err=-
[DROP] name=[免费节点10] 🇺🇸 US 948 → tg@nicevpn123 {618} | server=38.86.135.225:8080 | reason=mihomo start failed
[TEST] {621} tested=1/1 | kept=0 | rest=0
[DEBUG] mihomo isolate | branch={621} | size=1 | parse=0 | names=[免费节点10] 🇺🇸 US 950 → tg@nicevpn123 | err=-
[DEBUG] mihomo drop | branch={621} | size=1 | parse=0 | names=[免费节点10] 🇺🇸 US 950 → tg@nicevpn123 | err=-
[DROP] name=[免费节点10] 🇺🇸 US 950 → tg@nicevpn123 {621} | server=zula.ir:2052 | reason=mihomo start failed
[DEBUG] mihomo start-fail | branch={626} | size=5 | parse=1 | rc=1 | names=[Pawdroid-SS-APK] United+Kingdom-4,[Pawdroid-SS-APK] United+Kingdom-5,[Pawdroid-SS-APK] United+Kingdom-6...+2 | err=rc=1 Mihomo exited before controller became ready time="2026-09-28T15:14:56.769174689Z" level=info msg="Start initial configuration in progress" time="2026-09-28T15:14:56.769296146Z" level=fatal msg="Parse config error: proxy 1: ss 82.38...
[DEBUG] mihomo split-small | branch={626} | size=5 | parse=1 | names=[Pawdroid-SS-APK] United+Kingdom-4,[Pawdroid-SS-APK] United+Kingdom-5,[Pawdroid-SS-APK] United+Kingdom-6...+2 | err=Mihomo exited before controller became ready time="2026-09-28T15:14:56.769174689Z" level=info msg="Start initial configuration in progress" time="2026-09-28T15:14:56.769296146Z" level=fatal msg="Parse config error: proxy 1: ss 82.38.31.1...
[WARN] batch start failed | size=5 {626} | split=1 {1105} + 1 {1106} + 1 {1107} + 1 {1108} + 1 {1109}
[TEST] {627} tested=4/4 | kept=0 | rest=0
[DEBUG] mihomo split-small | branch={627} | size=4 | parse=0 | names=[免费节点10] 🇺🇸 US 973 → tg@nicevpn123,[免费节点10] 🇺🇸 US 974 → tg@nicevpn123,[免费节点10] 🇺🇸 US 975 → tg@nicevpn123...+1 | err=-
[WARN] batch start failed | size=4 {627} | split=1 {1110} + 1 {1111} + 1 {1112} + 1 {1113}
[TEST] {623} tested=4/4 | kept=0 | rest=0
[DEBUG] mihomo split-small | branch={623} | size=4 | parse=0 | names=[免费节点10] 🇺🇸 US 953 → tg@nicevpn123,[免费节点10] 🇺🇸 US 954 → tg@nicevpn123,[免费节点10] 🇺🇸 US 955 → tg@nicevpn123...+1 | err=-
[WARN] batch start failed | size=4 {623} | split=1 {1114} + 1 {1115} + 1 {1116} + 1 {1117}
[TEST] {629} tested=4/4 | kept=0 | rest=0
[DEBUG] mihomo split-small | branch={629} | size=4 | parse=0 | names=[免费节点10] 🇺🇸 US 963 → tg@nicevpn123,[免费节点10] 🇺🇸 US 964 → tg@nicevpn123,[免费节点10] 🇺🇸 US 966 → tg@nicevpn123...+1 | err=-
[WARN] batch start failed | size=4 {629} | split=1 {1118} + 1 {1119} + 1 {1120} + 1 {1121}
[TEST] {624} tested=5/5 | kept=0 | rest=0
[DEBUG] mihomo split-small | branch={624} | size=5 | parse=0 | names=[免费节点10] 🇺🇸 US 957 → tg@nicevpn123,[免费节点10] 🇺🇸 US 958 → tg@nicevpn123,[免费节点10] 🇺🇸 US 96 → tg@nicevpn123...+2 | err=-
[WARN] batch start failed | size=5 {624} | split=1 {1122} + 1 {1123} + 1 {1124} + 1 {1125} + 1 {1126}
[DEBUG] mihomo start-fail | branch={632} | size=5 | parse=1 | rc=1 | names=[Free-clash-v2ray] 🇫🇷FR_73|1.3MB/s|C002-,[Free-clash-v2ray] 🇪🇸ES_3|343KB/s|S001-2,[Free-clash-v2ray] 🇫🇷FR_75|437KB/s|B007-...+2 | err=rc=1 Mihomo exited before controller became ready time="2026-09-28T15:14:59.302820933Z" level=info msg="Start initial configuration in progress" time="2026-09-28T15:14:59.303240598Z" level=fatal msg="Parse config error: proxy 4: '' has u...
[DEBUG] mihomo split-small | branch={632} | size=5 | parse=1 | names=[Free-clash-v2ray] 🇫🇷FR_73|1.3MB/s|C002-,[Free-clash-v2ray] 🇪🇸ES_3|343KB/s|S001-2,[Free-clash-v2ray] 🇫🇷FR_75|437KB/s|B007-...+2 | err=Mihomo exited before controller became ready time="2026-09-28T15:14:59.302820933Z" level=info msg="Start initial configuration in progress" time="2026-09-28T15:14:59.303240598Z" level=fatal msg="Parse config error: proxy 4: '' has unset ...
[WARN] batch start failed | size=5 {632} | split=1 {1127} + 1 {1128} + 1 {1129} + 1 {1130} + 1 {1131}
[TEST] {625} tested=4/4 | kept=1 | rest=0
[TEST] {631} tested=4/4 | kept=0 | rest=0
[DEBUG] mihomo split-small | branch={631} | size=4 | parse=0 | names=[Free-clash-v2ray] 🇫🇷FR_65|419KB/s|X001-,[Free-clash-v2ray] 🇫🇷FR_67|453KB/s|B007-,[Free-clash-v2ray] 🇫🇷FR_69|699KB/s|C002-...+1 | err=-
[WARN] batch start failed | size=4 {631} | split=1 {1132} + 1 {1133} + 1 {1134} + 1 {1135}
[TEST] {634} tested=1/1 | kept=0 | rest=0
[DEBUG] mihomo isolate | branch={634} | size=1 | parse=0 | names=[免费节点10] 🇺🇸 US 697 → tg@nicevpn123 | err=-
[DEBUG] mihomo drop | branch={634} | size=1 | parse=0 | names=[免费节点10] 🇺🇸 US 697 → tg@nicevpn123 | err=-
[DROP] name=[免费节点10] 🇺🇸 US 697 → tg@nicevpn123 {634} | server=zula.ir:443 | reason=mihomo start failed
[TEST] {633} tested=1/1 | kept=0 | rest=0
[DEBUG] mihomo isolate | branch={633} | size=1 | parse=0 | names=[免费节点10] 🇺🇸 US 695 → tg@nicevpn123 | err=-
[DEBUG] mihomo drop | branch={633} | size=1 | parse=0 | names=[免费节点10] 🇺🇸 US 695 → tg@nicevpn123 | err=-
[DROP] name=[免费节点10] 🇺🇸 US 695 → tg@nicevpn123 {633} | server=104.19.45.224:2095 | reason=mihomo start failed
[TEST] {636} tested=1/1 | kept=0 | rest=0
[DEBUG] mihomo isolate | branch={636} | size=1 | parse=0 | names=[免费节点10] 🇺🇸 US 7 → tg@nicevpn123 | err=-
[DEBUG] mihomo drop | branch={636} | size=1 | parse=0 | names=[免费节点10] 🇺🇸 US 7 → tg@nicevpn123 | err=-
[DROP] name=[免费节点10] 🇺🇸 US 7 → tg@nicevpn123 {636} | server=9azvt-g05.jp05-6786-vm0.entry.fr0307a.art:46486 | reason=mihomo start failed
[TEST] {637} tested=1/1 | kept=0 | rest=0
[DEBUG] mihomo isolate | branch={637} | size=1 | parse=0 | names=[免费节点10] 🇺🇸 US 70 → tg@nicevpn123 | err=-
[DEBUG] mihomo drop | branch={637} | size=1 | parse=0 | names=[免费节点10] 🇺🇸 US 70 → tg@nicevpn123 | err=-
[DROP] name=[免费节点10] 🇺🇸 US 70 → tg@nicevpn123 {637} | server=104.19.45.133:2095 | reason=mihomo start failed
[TEST] {638} tested=1/1 | kept=0 | rest=0
[DEBUG] mihomo isolate | branch={638} | size=1 | parse=0 | names=[免费节点10] 🇺🇸 US 69 → tg@nicevpn123 | err=-
[DEBUG] mihomo drop | branch={638} | size=1 | parse=0 | names=[免费节点10] 🇺🇸 US 69 → tg@nicevpn123 | err=-
[DROP] name=[免费节点10] 🇺🇸 US 69 → tg@nicevpn123 {638} | server=104.16.40.69:2082 | reason=mihomo start failed
[TEST] {628} tested=5/5 | kept=0 | rest=0
[DEBUG] mihomo split-small | branch={628} | size=5 | parse=0 | names=[免费节点10] 🇺🇸 US 977 → tg@nicevpn123,[免费节点10] 🇺🇸 US 978 → tg@nicevpn123,[免费节点10] 🇺🇸 US 979 → tg@nicevpn123...+2 | err=-
[WARN] batch start failed | size=5 {628} | split=1 {1136} + 1 {1137} + 1 {1138} + 1 {1139} + 1 {1140}
[TEST] {640} tested=1/1 | kept=0 | rest=0
[DEBUG] mihomo isolate | branch={640} | size=1 | parse=0 | names=[免费节点10] 🇺🇸 US 692 → tg@nicevpn123 | err=-
[DEBUG] mihomo drop | branch={640} | size=1 | parse=0 | names=[免费节点10] 🇺🇸 US 692 → tg@nicevpn123 | err=-
[DROP] name=[免费节点10] 🇺🇸 US 692 → tg@nicevpn123 {640} | server=38.68.134.9:8881 | reason=mihomo start failed
[TEST] {641} tested=1/1 | kept=0 | rest=0
[DEBUG] mihomo isolate | branch={641} | size=1 | parse=0 | names=[免费节点10] 🇺🇸 US 694 → tg@nicevpn123 | err=-
[DEBUG] mihomo drop | branch={641} | size=1 | parse=0 | names=[免费节点10] 🇺🇸 US 694 → tg@nicevpn123 | err=-
[DROP] name=[免费节点10] 🇺🇸 US 694 → tg@nicevpn123 {641} | server=104.16.43.167:2082 | reason=mihomo start failed
[TEST] {642} tested=1/1 | kept=0 | rest=0
[DEBUG] mihomo isolate | branch={642} | size=1 | parse=0 | names=[Free-clash-v2ray] 🇫🇷FR_56|555KB/s|C002- | err=-
[DEBUG] mihomo drop | branch={642} | size=1 | parse=0 | names=[Free-clash-v2ray] 🇫🇷FR_56|555KB/s|C002- | err=-
[DROP] name=[Free-clash-v2ray] 🇫🇷FR_56|555KB/s|C002-260622 01 {642} | server=172.66.170.53:8880 | reason=mihomo start failed
[TEST] {643} tested=1/1 | kept=0 | rest=0
[DEBUG] mihomo isolate | branch={643} | size=1 | parse=0 | names=[Free-clash-v2ray] 🇫🇷FR_57|409KB/s|C002- | err=-
[DEBUG] mihomo drop | branch={643} | size=1 | parse=0 | names=[Free-clash-v2ray] 🇫🇷FR_57|409KB/s|C002- | err=-
[DROP] name=[Free-clash-v2ray] 🇫🇷FR_57|409KB/s|C002-260622 01 {643} | server=www.gov.ua:8880 | reason=mihomo start failed
[TEST] {645} tested=1/1 | kept=0 | rest=0
[DEBUG] mihomo isolate | branch={645} | size=1 | parse=0 | names=[Free-clash-v2ray] 🇫🇷FR_59|687KB/s|C002- | err=-
[DEBUG] mihomo drop | branch={645} | size=1 | parse=0 | names=[Free-clash-v2ray] 🇫🇷FR_59|687KB/s|C002- | err=-
[DROP] name=[Free-clash-v2ray] 🇫🇷FR_59|687KB/s|C002-260622 01 {645} | server=www.gov.ua:8880 | reason=mihomo start failed
[TEST] {646} tested=1/1 | kept=0 | rest=0
[DEBUG] mihomo isolate | branch={646} | size=1 | parse=0 | names=[Free-clash-v2ray] 🇫🇷FR_63|373KB/s|C002- | err=-
[DEBUG] mihomo drop | branch={646} | size=1 | parse=0 | names=[Free-clash-v2ray] 🇫🇷FR_63|373KB/s|C002- | err=-
[DROP] name=[Free-clash-v2ray] 🇫🇷FR_63|373KB/s|C002-260622 01 {646} | server=162.159.140.78:8880 | reason=mihomo start failed
[TEST] {644} tested=1/1 | kept=0 | rest=0
[DEBUG] mihomo isolate | branch={644} | size=1 | parse=0 | names=[Free-clash-v2ray] 🇫🇷FR_58|388KB/s|C002- | err=-
[DEBUG] mihomo drop | branch={644} | size=1 | parse=0 | names=[Free-clash-v2ray] 🇫🇷FR_58|388KB/s|C002- | err=-
[DROP] name=[Free-clash-v2ray] 🇫🇷FR_58|388KB/s|C002-260622 01 {644} | server=www.baipiao.eu.org:8880 | reason=mihomo start failed
[TEST] {648} tested=1/1 | kept=0 | rest=0
[DEBUG] mihomo isolate | branch={648} | size=1 | parse=0 | names=[Free-clash-v2ray] ❓Other_6|145KB/s|T001 | err=-
[DEBUG] mihomo drop | branch={648} | size=1 | parse=0 | names=[Free-clash-v2ray] ❓Other_6|145KB/s|T001 | err=-
[DROP] name=[Free-clash-v2ray] ❓Other_6|145KB/s|T001-260618 01 {648} | server=www.zsu.gov.ua:8880 | reason=mihomo start failed
[TEST] {647} tested=1/1 | kept=0 | rest=0
[DEBUG] mihomo isolate | branch={647} | size=1 | parse=0 | names=[Free-clash-v2ray] 🇫🇷FR_64|464KB/s|C002- | err=-
[DEBUG] mihomo drop | branch={647} | size=1 | parse=0 | names=[Free-clash-v2ray] 🇫🇷FR_64|464KB/s|C002- | err=-
[DROP] name=[Free-clash-v2ray] 🇫🇷FR_64|464KB/s|C002-260622 01 {647} | server=162.159.140.78:8880 | reason=mihomo start failed
[TEST] {630} tested=5/5 | kept=0 | rest=0
[DEBUG] mihomo split-small | branch={630} | size=5 | parse=0 | names=[免费节点10] 🇺🇸 US 968 → tg@nicevpn123,[免费节点10] 🇺🇸 US 969 → tg@nicevpn123,[免费节点10] 🇺🇸 US 97 → tg@nicevpn123...+2 | err=-
[WARN] batch start failed | size=5 {630} | split=1 {1141} + 1 {1142} + 1 {1143} + 1 {1144} + 1 {1145}
[TEST] {651} tested=1/1 | kept=0 | rest=0
[DEBUG] mihomo isolate | branch={651} | size=1 | parse=0 | names=[免费节点10] 🇺🇸 US 676 → tg@nicevpn123 | err=-
[DEBUG] mihomo drop | branch={651} | size=1 | parse=0 | names=[免费节点10] 🇺🇸 US 676 → tg@nicevpn123 | err=-
[DROP] name=[免费节点10] 🇺🇸 US 676 → tg@nicevpn123 {651} | server=172.67.132.209:443 | reason=mihomo start failed
[TEST] {635} tested=1/1 | kept=0 | rest=0
[DEBUG] mihomo isolate | branch={635} | size=1 | parse=0 | names=[免费节点10] 🇺🇸 US 699 → tg@nicevpn123 | err=-
[DEBUG] mihomo drop | branch={635} | size=1 | parse=0 | names=[免费节点10] 🇺🇸 US 699 → tg@nicevpn123 | err=-
[DROP] name=[免费节点10] 🇺🇸 US 699 → tg@nicevpn123 {635} | server=13.213.18.109:443 | reason=mihomo start failed
[TEST] {650} tested=1/1 | kept=0 | rest=0
[DEBUG] mihomo isolate | branch={650} | size=1 | parse=0 | names=[免费节点10] 🇺🇸 US 675 → tg@nicevpn123 | err=-
[DEBUG] mihomo drop | branch={650} | size=1 | parse=0 | names=[免费节点10] 🇺🇸 US 675 → tg@nicevpn123 | err=-
[DROP] name=[免费节点10] 🇺🇸 US 675 → tg@nicevpn123 {650} | server=172.67.196.16:443 | reason=mihomo start failed
[TEST] {652} tested=1/1 | kept=0 | rest=0
[DEBUG] mihomo isolate | branch={652} | size=1 | parse=0 | names=[免费节点10] 🇺🇸 US 677 → tg@nicevpn123 | err=-
[DEBUG] mihomo drop | branch={652} | size=1 | parse=0 | names=[免费节点10] 🇺🇸 US 677 → tg@nicevpn123 | err=-
[DROP] name=[免费节点10] 🇺🇸 US 677 → tg@nicevpn123 {652} | server=104.16.43.54:2082 | reason=mihomo start failed
[TEST] {654} tested=1/1 | kept=0 | rest=0
[TEST] {653} tested=1/1 | kept=0 | rest=0
[DEBUG] mihomo isolate | branch={654} | size=1 | parse=0 | names=[免费节点10] 🇺🇸 US 681 → tg@nicevpn123 | err=-
[DEBUG] mihomo drop | branch={654} | size=1 | parse=0 | names=[免费节点10] 🇺🇸 US 681 → tg@nicevpn123 | err=-
[DROP] name=[免费节点10] 🇺🇸 US 681 → tg@nicevpn123 {654} | server=104.21.225.243:80 | reason=mihomo start failed
[DEBUG] mihomo isolate | branch={653} | size=1 | parse=0 | names=[免费节点10] 🇺🇸 US 678 → tg@nicevpn123 | err=-
[DEBUG] mihomo drop | branch={653} | size=1 | parse=0 | names=[免费节点10] 🇺🇸 US 678 → tg@nicevpn123 | err=-
[DROP] name=[免费节点10] 🇺🇸 US 678 → tg@nicevpn123 {653} | server=167.88.61.235:443 | reason=mihomo start failed
[TEST] {655} tested=1/1 | kept=0 | rest=0
[TEST] {656} tested=1/1 | kept=0 | rest=0
[DEBUG] mihomo isolate | branch={655} | size=1 | parse=0 | names=[免费节点10] 🇺🇸 US 728 → tg@nicevpn123 | err=-
[DEBUG] mihomo drop | branch={655} | size=1 | parse=0 | names=[免费节点10] 🇺🇸 US 728 → tg@nicevpn123 | err=-
[DROP] name=[免费节点10] 🇺🇸 US 728 → tg@nicevpn123 {655} | server=104.16.43.29:2082 | reason=mihomo start failed
[DEBUG] mihomo isolate | branch={656} | size=1 | parse=0 | names=[免费节点10] 🇺🇸 US 730 → tg@nicevpn123 | err=-
[DEBUG] mihomo drop | branch={656} | size=1 | parse=0 | names=[免费节点10] 🇺🇸 US 730 → tg@nicevpn123 | err=-
[DROP] name=[免费节点10] 🇺🇸 US 730 → tg@nicevpn123 {656} | server=104.16.43.246:2082 | reason=mihomo start failed
[TEST] {657} tested=1/1 | kept=0 | rest=0
[TEST] {658} tested=1/1 | kept=0 | rest=0
[DEBUG] mihomo isolate | branch={657} | size=1 | parse=0 | names=[免费节点10] 🇺🇸 US 733 → tg@nicevpn123 | err=-
[DEBUG] mihomo drop | branch={657} | size=1 | parse=0 | names=[免费节点10] 🇺🇸 US 733 → tg@nicevpn123 | err=-
[DROP] name=[免费节点10] 🇺🇸 US 733 → tg@nicevpn123 {657} | server=104.19.42.154:2082 | reason=mihomo start failed
[DEBUG] mihomo isolate | branch={658} | size=1 | parse=0 | names=[免费节点10] 🇺🇸 US 735 → tg@nicevpn123 | err=-
[DEBUG] mihomo drop | branch={658} | size=1 | parse=0 | names=[免费节点10] 🇺🇸 US 735 → tg@nicevpn123 | err=-
[DROP] name=[免费节点10] 🇺🇸 US 735 → tg@nicevpn123 {658} | server=104.19.45.79:2095 | reason=mihomo start failed
[TEST] {659} tested=1/1 | kept=0 | rest=0
[DEBUG] mihomo isolate | branch={659} | size=1 | parse=0 | names=[免费节点10] 🇺🇸 US 713 → tg@nicevpn123 | err=-
[DEBUG] mihomo drop | branch={659} | size=1 | parse=0 | names=[免费节点10] 🇺🇸 US 713 → tg@nicevpn123 | err=-
[DROP] name=[免费节点10] 🇺🇸 US 713 → tg@nicevpn123 {659} | server=104.16.40.132:2082 | reason=mihomo start failed
[TEST] {660} tested=1/1 | kept=0 | rest=0
[DEBUG] mihomo isolate | branch={660} | size=1 | parse=0 | names=[免费节点10] 🇺🇸 US 714 → tg@nicevpn123 | err=-
[DEBUG] mihomo drop | branch={660} | size=1 | parse=0 | names=[免费节点10] 🇺🇸 US 714 → tg@nicevpn123 | err=-
[DROP] name=[免费节点10] 🇺🇸 US 714 → tg@nicevpn123 {660} | server=104.19.49.204:443 | reason=mihomo start failed
[TEST] {661} tested=1/1 | kept=0 | rest=0
[DEBUG] mihomo isolate | branch={661} | size=1 | parse=0 | names=[免费节点10] 🇺🇸 US 715 → tg@nicevpn123 | err=-
[DEBUG] mihomo drop | branch={661} | size=1 | parse=0 | names=[免费节点10] 🇺🇸 US 715 → tg@nicevpn123 | err=-
[DROP] name=[免费节点10] 🇺🇸 US 715 → tg@nicevpn123 {661} | server=104.19.48.236:2082 | reason=mihomo start failed
[TEST] {662} tested=1/1 | kept=0 | rest=0
[DEBUG] mihomo isolate | branch={662} | size=1 | parse=0 | names=[免费节点10] 🇺🇸 US 716 → tg@nicevpn123 | err=-
[DEBUG] mihomo drop | branch={662} | size=1 | parse=0 | names=[免费节点10] 🇺🇸 US 716 → tg@nicevpn123 | err=-
[DROP] name=[免费节点10] 🇺🇸 US 716 → tg@nicevpn123 {662} | server=104.16.42.28:2082 | reason=mihomo start failed
[TEST] {663} tested=1/1 | kept=0 | rest=0
[DEBUG] mihomo isolate | branch={663} | size=1 | parse=0 | names=[免费节点10] 🇺🇸 US 717 → tg@nicevpn123 | err=-
[DEBUG] mihomo drop | branch={663} | size=1 | parse=0 | names=[免费节点10] 🇺🇸 US 717 → tg@nicevpn123 | err=-
[DROP] name=[免费节点10] 🇺🇸 US 717 → tg@nicevpn123 {663} | server=104.19.45.10:2095 | reason=mihomo start failed
[TEST] {639} tested=1/1 | kept=0 | rest=0
[DEBUG] mihomo isolate | branch={639} | size=1 | parse=0 | names=[免费节点10] 🇺🇸 US 690 → tg@nicevpn123 | err=-
[DEBUG] mihomo drop | branch={639} | size=1 | parse=0 | names=[免费节点10] 🇺🇸 US 690 → tg@nicevpn123 | err=-
[DROP] name=[免费节点10] 🇺🇸 US 690 → tg@nicevpn123 {639} | server=34.217.86.31:17415 | reason=mihomo start failed
[TEST] {665} tested=1/1 | kept=0 | rest=0
[DEBUG] mihomo isolate | branch={665} | size=1 | parse=0 | names=[免费节点10] 🇺🇸 US 672 → tg@nicevpn123 | err=-
[DEBUG] mihomo drop | branch={665} | size=1 | parse=0 | names=[免费节点10] 🇺🇸 US 672 → tg@nicevpn123 | err=-
[DROP] name=[免费节点10] 🇺🇸 US 672 → tg@nicevpn123 {665} | server=13.35.13.137:443 | reason=mihomo start failed
[TEST] {667} tested=1/1 | kept=0 | rest=0
[DEBUG] mihomo isolate | branch={667} | size=1 | parse=0 | names=[免费节点10] 🇺🇸 US 674 → tg@nicevpn123 | err=-
[DEBUG] mihomo drop | branch={667} | size=1 | parse=0 | names=[免费节点10] 🇺🇸 US 674 → tg@nicevpn123 | err=-
[DROP] name=[免费节点10] 🇺🇸 US 674 → tg@nicevpn123 {667} | server=104.16.216.241:443 | reason=mihomo start failed
[TEST] {666} tested=1/1 | kept=0 | rest=0
[DEBUG] mihomo isolate | branch={666} | size=1 | parse=0 | names=[免费节点10] 🇺🇸 US 673 → tg@nicevpn123 | err=-
[DEBUG] mihomo drop | branch={666} | size=1 | parse=0 | names=[免费节点10] 🇺🇸 US 673 → tg@nicevpn123 | err=-
[DROP] name=[免费节点10] 🇺🇸 US 673 → tg@nicevpn123 {666} | server=104.17.81.63:8443 | reason=mihomo start failed
[TEST] {668} tested=1/1 | kept=0 | rest=0
[DEBUG] mihomo isolate | branch={668} | size=1 | parse=0 | names=[免费节点10] 🇺🇸 US 737 → tg@nicevpn123 | err=-
[DEBUG] mihomo drop | branch={668} | size=1 | parse=0 | names=[免费节点10] 🇺🇸 US 737 → tg@nicevpn123 | err=-
[DROP] name=[免费节点10] 🇺🇸 US 737 → tg@nicevpn123 {668} | server=uk-full.privateip.net:443 | reason=mihomo start failed
[TEST] {669} tested=1/1 | kept=0 | rest=0
[DEBUG] mihomo isolate | branch={669} | size=1 | parse=0 | names=[免费节点10] 🇺🇸 US 739 → tg@nicevpn123 | err=-
[DEBUG] mihomo drop | branch={669} | size=1 | parse=0 | names=[免费节点10] 🇺🇸 US 739 → tg@nicevpn123 | err=-
[DROP] name=[免费节点10] 🇺🇸 US 739 → tg@nicevpn123 {669} | server=172.67.174.92:2053 | reason=mihomo start failed
[TEST] {670} tested=1/1 | kept=0 | rest=0
[DEBUG] mihomo isolate | branch={670} | size=1 | parse=0 | names=[免费节点10] 🇺🇸 US 74 → tg@nicevpn123 | err=-
[DEBUG] mihomo drop | branch={670} | size=1 | parse=0 | names=[免费节点10] 🇺🇸 US 74 → tg@nicevpn123 | err=-
[DROP] name=[免费节点10] 🇺🇸 US 74 → tg@nicevpn123 {670} | server=104.19.45.30:2095 | reason=mihomo start failed
[TEST] {672} tested=1/1 | kept=0 | rest=0
[DEBUG] mihomo isolate | branch={672} | size=1 | parse=0 | names=[免费节点10] 🇺🇸 US 741 → tg@nicevpn123 | err=-
[DEBUG] mihomo drop | branch={672} | size=1 | parse=0 | names=[免费节点10] 🇺🇸 US 741 → tg@nicevpn123 | err=-
[DROP] name=[免费节点10] 🇺🇸 US 741 → tg@nicevpn123 {672} | server=series-a2-me.samanehha.co:443 | reason=mihomo start failed
[TEST] {649} tested=1/1 | kept=0 | rest=0
[DEBUG] mihomo isolate | branch={649} | size=1 | parse=0 | names=[Free-clash-v2ray] 🇷🇴RO_3|2.2MB/s|X001-2 | err=-
[DEBUG] mihomo drop | branch={649} | size=1 | parse=0 | names=[Free-clash-v2ray] 🇷🇴RO_3|2.2MB/s|X001-2 | err=-
[DROP] name=[Free-clash-v2ray] 🇷🇴RO_3|2.2MB/s|X001-260618 01 {649} | server=hy2-new.aspidnet.xyz:443 | reason=mihomo start failed
[TEST] {664} tested=1/1 | kept=0 | rest=0
[DEBUG] mihomo isolate | branch={664} | size=1 | parse=0 | names=[免费节点10] 🇺🇸 US 671 → tg@nicevpn123 | err=-
[DEBUG] mihomo drop | branch={664} | size=1 | parse=0 | names=[免费节点10] 🇺🇸 US 671 → tg@nicevpn123 | err=-
[DROP] name=[免费节点10] 🇺🇸 US 671 → tg@nicevpn123 {664} | server=64.23.190.208:59703 | reason=mihomo start failed
[TEST] {675} tested=1/1 | kept=0 | rest=0
[DEBUG] mihomo isolate | branch={675} | size=1 | parse=0 | names=[免费节点10] 🇺🇸 US 711 → tg@nicevpn123 | err=-
[DEBUG] mihomo drop | branch={675} | size=1 | parse=0 | names=[免费节点10] 🇺🇸 US 711 → tg@nicevpn123 | err=-
[DROP] name=[免费节点10] 🇺🇸 US 711 → tg@nicevpn123 {675} | server=104.19.45.44:2095 | reason=mihomo start failed
[TEST] {671} tested=1/1 | kept=0 | rest=0
[DEBUG] mihomo isolate | branch={671} | size=1 | parse=0 | names=[免费节点10] 🇺🇸 US 740 → tg@nicevpn123 | err=-
[DEBUG] mihomo drop | branch={671} | size=1 | parse=0 | names=[免费节点10] 🇺🇸 US 740 → tg@nicevpn123 | err=-
[DROP] name=[免费节点10] 🇺🇸 US 740 → tg@nicevpn123 {671} | server=3.36.96.75:443 | reason=mihomo start failed
[TEST] {678} tested=1/1 | kept=0 | rest=0
[DEBUG] mihomo isolate | branch={678} | size=1 | parse=0 | names=[免费节点10] 🇺🇸 US 752 → tg@nicevpn123 | err=-
[DEBUG] mihomo drop | branch={678} | size=1 | parse=0 | names=[免费节点10] 🇺🇸 US 752 → tg@nicevpn123 | err=-
[DROP] name=[免费节点10] 🇺🇸 US 752 → tg@nicevpn123 {678} | server=104.21.4.221:443 | reason=mihomo start failed
[TEST] {677} tested=1/1 | kept=0 | rest=0
[DEBUG] mihomo isolate | branch={677} | size=1 | parse=0 | names=[免费节点10] 🇺🇸 US 751 → tg@nicevpn123 | err=-
[DEBUG] mihomo drop | branch={677} | size=1 | parse=0 | names=[免费节点10] 🇺🇸 US 751 → tg@nicevpn123 | err=-
[DROP] name=[免费节点10] 🇺🇸 US 751 → tg@nicevpn123 {677} | server=104.16.39.31:2082 | reason=mihomo start failed
[TEST] {679} tested=1/1 | kept=0 | rest=0
[DEBUG] mihomo isolate | branch={679} | size=1 | parse=0 | names=[免费节点10] 🇺🇸 US 753 → tg@nicevpn123 | err=-
[DEBUG] mihomo drop | branch={679} | size=1 | parse=0 | names=[免费节点10] 🇺🇸 US 753 → tg@nicevpn123 | err=-
[DROP] name=[免费节点10] 🇺🇸 US 753 → tg@nicevpn123 {679} | server=104.16.42.202:2082 | reason=mihomo start failed
[TEST] {673} tested=1/1 | kept=0 | rest=0
[DEBUG] mihomo isolate | branch={673} | size=1 | parse=0 | names=[免费节点10] 🇺🇸 US 709 → tg@nicevpn123 | err=-
[DEBUG] mihomo drop | branch={673} | size=1 | parse=0 | names=[免费节点10] 🇺🇸 US 709 → tg@nicevpn123 | err=-
[DROP] name=[免费节点10] 🇺🇸 US 709 → tg@nicevpn123 {673} | server=52.33.243.193:443 | reason=mihomo start failed
[TEST] {680} tested=1/1 | kept=0 | rest=0
[DEBUG] mihomo isolate | branch={680} | size=1 | parse=0 | names=[免费节点10] 🇺🇸 US 754 → tg@nicevpn123 | err=-
[DEBUG] mihomo drop | branch={680} | size=1 | parse=0 | names=[免费节点10] 🇺🇸 US 754 → tg@nicevpn123 | err=-
[DROP] name=[免费节点10] 🇺🇸 US 754 → tg@nicevpn123 {680} | server=205.234.200.104:33164 | reason=mihomo start failed
[TEST] {681} tested=1/1 | kept=0 | rest=0
[DEBUG] mihomo isolate | branch={681} | size=1 | parse=0 | names=[免费节点10] 🇺🇸 US 756 → tg@nicevpn123 | err=-
[DEBUG] mihomo drop | branch={681} | size=1 | parse=0 | names=[免费节点10] 🇺🇸 US 756 → tg@nicevpn123 | err=-
[DROP] name=[免费节点10] 🇺🇸 US 756 → tg@nicevpn123 {681} | server=104.19.45.156:2095 | reason=mihomo start failed
[TEST] {683} tested=1/1 | kept=0 | rest=0
[DEBUG] mihomo isolate | branch={683} | size=1 | parse=0 | names=[免费节点10] 🇺🇸 US 758 → tg@nicevpn123 | err=-
[DEBUG] mihomo drop | branch={683} | size=1 | parse=0 | names=[免费节点10] 🇺🇸 US 758 → tg@nicevpn123 | err=-
[DROP] name=[免费节点10] 🇺🇸 US 758 → tg@nicevpn123 {683} | server=104.19.45.76:2095 | reason=mihomo start failed
[TEST] {682} tested=1/1 | kept=0 | rest=0
[DEBUG] mihomo isolate | branch={682} | size=1 | parse=0 | names=[免费节点10] 🇺🇸 US 757 → tg@nicevpn123 | err=-
[DEBUG] mihomo drop | branch={682} | size=1 | parse=0 | names=[免费节点10] 🇺🇸 US 757 → tg@nicevpn123 | err=-
[DROP] name=[免费节点10] 🇺🇸 US 757 → tg@nicevpn123 {682} | server=104.19.45.110:2095 | reason=mihomo start failed
[TEST] {684} tested=1/1 | kept=0 | rest=0
[DEBUG] mihomo isolate | branch={684} | size=1 | parse=0 | names=[免费节点10] 🇺🇸 US 759 → tg@nicevpn123 | err=-
[DEBUG] mihomo drop | branch={684} | size=1 | parse=0 | names=[免费节点10] 🇺🇸 US 759 → tg@nicevpn123 | err=-
[DROP] name=[免费节点10] 🇺🇸 US 759 → tg@nicevpn123 {684} | server=104.21.232.61:80 | reason=mihomo start failed
[TEST] {685} tested=1/1 | kept=0 | rest=0
[DEBUG] mihomo isolate | branch={685} | size=1 | parse=0 | names=[免费节点10] 🇺🇸 US 760 → tg@nicevpn123 | err=-
[DEBUG] mihomo drop | branch={685} | size=1 | parse=0 | names=[免费节点10] 🇺🇸 US 760 → tg@nicevpn123 | err=-
[DROP] name=[免费节点10] 🇺🇸 US 760 → tg@nicevpn123 {685} | server=104.16.40.64:2082 | reason=mihomo start failed
[TEST] {686} tested=1/1 | kept=0 | rest=0
[DEBUG] mihomo isolate | branch={686} | size=1 | parse=0 | names=[免费节点10] 🇺🇸 US 795 → tg@nicevpn123 | err=-
[DEBUG] mihomo drop | branch={686} | size=1 | parse=0 | names=[免费节点10] 🇺🇸 US 795 → tg@nicevpn123 | err=-
[DROP] name=[免费节点10] 🇺🇸 US 795 → tg@nicevpn123 {686} | server=104.19.45.132:2095 | reason=mihomo start failed
[TEST] {688} tested=1/1 | kept=0 | rest=0
[DEBUG] mihomo isolate | branch={688} | size=1 | parse=0 | names=[免费节点10] 🇺🇸 US 798 → tg@nicevpn123 | err=-
[DEBUG] mihomo drop | branch={688} | size=1 | parse=0 | names=[免费节点10] 🇺🇸 US 798 → tg@nicevpn123 | err=-
[DROP] name=[免费节点10] 🇺🇸 US 798 → tg@nicevpn123 {688} | server=104.16.192.146:443 | reason=mihomo start failed
[TEST] {689} tested=1/1 | kept=0 | rest=0
[DEBUG] mihomo isolate | branch={689} | size=1 | parse=0 | names=[免费节点10] 🇺🇸 US 799 → tg@nicevpn123 | err=-
[DEBUG] mihomo drop | branch={689} | size=1 | parse=0 | names=[免费节点10] 🇺🇸 US 799 → tg@nicevpn123 | err=-
[DROP] name=[免费节点10] 🇺🇸 US 799 → tg@nicevpn123 {689} | server=104.19.45.91:2095 | reason=mihomo start failed
[TEST] {674} tested=1/1 | kept=0 | rest=0
[DEBUG] mihomo isolate | branch={674} | size=1 | parse=0 | names=[免费节点10] 🇺🇸 US 710 → tg@nicevpn123 | err=-
[DEBUG] mihomo drop | branch={674} | size=1 | parse=0 | names=[免费节点10] 🇺🇸 US 710 → tg@nicevpn123 | err=-
[DROP] name=[免费节点10] 🇺🇸 US 710 → tg@nicevpn123 {674} | server=38.38.148.238:37001 | reason=mihomo start failed
[TEST] {692} tested=1/1 | kept=0 | rest=0
[DEBUG] mihomo isolate | branch={692} | size=1 | parse=0 | names=[免费节点10] 🇺🇸 US 800 → tg@nicevpn123 | err=-
[DEBUG] mihomo drop | branch={692} | size=1 | parse=0 | names=[免费节点10] 🇺🇸 US 800 → tg@nicevpn123 | err=-
[DROP] name=[免费节点10] 🇺🇸 US 800 → tg@nicevpn123 {692} | server=104.19.171.7:443 | reason=mihomo start failed
[TEST] {691} tested=1/1 | kept=0 | rest=0
[DEBUG] mihomo isolate | branch={691} | size=1 | parse=0 | names=[免费节点10] 🇺🇸 US 80 → tg@nicevpn123 | err=-
[DEBUG] mihomo drop | branch={691} | size=1 | parse=0 | names=[免费节点10] 🇺🇸 US 80 → tg@nicevpn123 | err=-
[DROP] name=[免费节点10] 🇺🇸 US 80 → tg@nicevpn123 {691} | server=104.21.30.254:443 | reason=mihomo start failed
[TEST] {693} tested=1/1 | kept=0 | rest=0
[DEBUG] mihomo isolate | branch={693} | size=1 | parse=0 | names=[免费节点10] 🇺🇸 US 801 → tg@nicevpn123 | err=-
[DEBUG] mihomo drop | branch={693} | size=1 | parse=0 | names=[免费节点10] 🇺🇸 US 801 → tg@nicevpn123 | err=-
[DROP] name=[免费节点10] 🇺🇸 US 801 → tg@nicevpn123 {693} | server=104.16.42.197:2082 | reason=mihomo start failed
[TEST] {676} tested=1/1 | kept=0 | rest=0
[DEBUG] mihomo isolate | branch={676} | size=1 | parse=0 | names=[免费节点10] 🇺🇸 US 712 → tg@nicevpn123 | err=-
[DEBUG] mihomo drop | branch={676} | size=1 | parse=0 | names=[免费节点10] 🇺🇸 US 712 → tg@nicevpn123 | err=-
[DROP] name=[免费节点10] 🇺🇸 US 712 → tg@nicevpn123 {676} | server=38.75.137.105:6697 | reason=mihomo start failed
[TEST] {695} tested=1/1 | kept=0 | rest=0
[DEBUG] mihomo isolate | branch={695} | size=1 | parse=0 | names=[免费节点10] 🇺🇸 US 814 → tg@nicevpn123 | err=-
[DEBUG] mihomo drop | branch={695} | size=1 | parse=0 | names=[免费节点10] 🇺🇸 US 814 → tg@nicevpn123 | err=-
[DROP] name=[免费节点10] 🇺🇸 US 814 → tg@nicevpn123 {695} | server=104.16.42.12:2082 | reason=mihomo start failed
[TEST] {696} tested=1/1 | kept=0 | rest=0
[DEBUG] mihomo isolate | branch={696} | size=1 | parse=0 | names=[免费节点10] 🇺🇸 US 815 → tg@nicevpn123 | err=-
[DEBUG] mihomo drop | branch={696} | size=1 | parse=0 | names=[免费节点10] 🇺🇸 US 815 → tg@nicevpn123 | err=-
[DROP] name=[免费节点10] 🇺🇸 US 815 → tg@nicevpn123 {696} | server=104.16.68.38:2096 | reason=mihomo start failed
[TEST] {697} tested=1/1 | kept=0 | rest=0
[DEBUG] mihomo isolate | branch={697} | size=1 | parse=0 | names=[免费节点10] 🇺🇸 US 816 → tg@nicevpn123 | err=-
[DEBUG] mihomo drop | branch={697} | size=1 | parse=0 | names=[免费节点10] 🇺🇸 US 816 → tg@nicevpn123 | err=-
[DROP] name=[免费节点10] 🇺🇸 US 816 → tg@nicevpn123 {697} | server=104.21.225.22:80 | reason=mihomo start failed
[TEST] {698} tested=1/1 | kept=0 | rest=0
[DEBUG] mihomo isolate | branch={698} | size=1 | parse=0 | names=[免费节点10] 🇺🇸 US 817 → tg@nicevpn123 | err=-
[DEBUG] mihomo drop | branch={698} | size=1 | parse=0 | names=[免费节点10] 🇺🇸 US 817 → tg@nicevpn123 | err=-
[DROP] name=[免费节点10] 🇺🇸 US 817 → tg@nicevpn123 {698} | server=104.19.43.240:80 | reason=mihomo start failed
[TEST] {700} tested=1/1 | kept=0 | rest=0
[DEBUG] mihomo isolate | branch={700} | size=1 | parse=0 | names=[免费节点10] 🇺🇸 US 805 → tg@nicevpn123 | err=-
[DEBUG] mihomo drop | branch={700} | size=1 | parse=0 | names=[免费节点10] 🇺🇸 US 805 → tg@nicevpn123 | err=-
[DROP] name=[免费节点10] 🇺🇸 US 805 → tg@nicevpn123 {700} | server=104.16.39.239:2082 | reason=mihomo start failed
[TEST] {687} tested=1/1 | kept=0 | rest=0
[DEBUG] mihomo isolate | branch={687} | size=1 | parse=0 | names=[免费节点10] 🇺🇸 US 796 → tg@nicevpn123 | err=-
[DEBUG] mihomo drop | branch={687} | size=1 | parse=0 | names=[免费节点10] 🇺🇸 US 796 → tg@nicevpn123 | err=-
[DROP] name=[免费节点10] 🇺🇸 US 796 → tg@nicevpn123 {687} | server=23.26.98.120:998 | reason=mihomo start failed
[TEST] {690} tested=1/1 | kept=0 | rest=0
[DEBUG] mihomo isolate | branch={690} | size=1 | parse=0 | names=[免费节点10] 🇺🇸 US 8 → tg@nicevpn123 | err=-
[DEBUG] mihomo drop | branch={690} | size=1 | parse=0 | names=[免费节点10] 🇺🇸 US 8 → tg@nicevpn123 | err=-
[DROP] name=[免费节点10] 🇺🇸 US 8 → tg@nicevpn123 {690} | server=18.246.240.239:443 | reason=mihomo start failed
[TEST] {701} tested=1/1 | kept=0 | rest=0
[DEBUG] mihomo isolate | branch={701} | size=1 | parse=0 | names=[免费节点10] 🇺🇸 US 806 → tg@nicevpn123 | err=-
[DEBUG] mihomo drop | branch={701} | size=1 | parse=0 | names=[免费节点10] 🇺🇸 US 806 → tg@nicevpn123 | err=-
[DROP] name=[免费节点10] 🇺🇸 US 806 → tg@nicevpn123 {701} | server=kr01.iepl1.me:8880 | reason=mihomo start failed
[TEST] {703} tested=1/1 | kept=0 | rest=0
[DEBUG] mihomo isolate | branch={703} | size=1 | parse=0 | names=[免费节点10] 🇺🇸 US 809 → tg@nicevpn123 | err=-
[DEBUG] mihomo drop | branch={703} | size=1 | parse=0 | names=[免费节点10] 🇺🇸 US 809 → tg@nicevpn123 | err=-
[DROP] name=[免费节点10] 🇺🇸 US 809 → tg@nicevpn123 {703} | server=speed.cloudflare.com:8880 | reason=mihomo start failed
[TEST] {704} tested=1/1 | kept=0 | rest=0
[DEBUG] mihomo isolate | branch={704} | size=1 | parse=0 | names=[免费节点10] 🇺🇸 US 81 → tg@nicevpn123 | err=-
[DEBUG] mihomo drop | branch={704} | size=1 | parse=0 | names=[免费节点10] 🇺🇸 US 81 → tg@nicevpn123 | err=-
[DROP] name=[免费节点10] 🇺🇸 US 81 → tg@nicevpn123 {704} | server=104.19.48.233:2082 | reason=mihomo start failed
[TEST] {694} tested=1/1 | kept=0 | rest=0
[DEBUG] mihomo isolate | branch={694} | size=1 | parse=0 | names=[免费节点10] 🇺🇸 US 803 → tg@nicevpn123 | err=-
[DEBUG] mihomo drop | branch={694} | size=1 | parse=0 | names=[免费节点10] 🇺🇸 US 803 → tg@nicevpn123 | err=-
[DROP] name=[免费节点10] 🇺🇸 US 803 → tg@nicevpn123 {694} | server=165.227.65.158:8881 | reason=mihomo start failed
[TEST] {705} tested=1/1 | kept=0 | rest=0
[DEBUG] mihomo isolate | branch={705} | size=1 | parse=0 | names=[免费节点10] 🇺🇸 US 811 → tg@nicevpn123 | err=-
[DEBUG] mihomo drop | branch={705} | size=1 | parse=0 | names=[免费节点10] 🇺🇸 US 811 → tg@nicevpn123 | err=-
[DROP] name=[免费节点10] 🇺🇸 US 811 → tg@nicevpn123 {705} | server=104.19.42.174:2082 | reason=mihomo start failed
[TEST] {707} tested=1/1 | kept=0 | rest=0
[DEBUG] mihomo isolate | branch={707} | size=1 | parse=0 | names=[免费节点10] 🇺🇸 US 813 → tg@nicevpn123 | err=-
[DEBUG] mihomo drop | branch={707} | size=1 | parse=0 | names=[免费节点10] 🇺🇸 US 813 → tg@nicevpn123 | err=-
[DROP] name=[免费节点10] 🇺🇸 US 813 → tg@nicevpn123 {707} | server=104.19.45.241:2095 | reason=mihomo start failed
[TEST] {708} tested=1/1 | kept=0 | rest=0
[DEBUG] mihomo isolate | branch={708} | size=1 | parse=0 | names=[免费节点10] 🇺🇸 US 78 → tg@nicevpn123 | err=-
[DEBUG] mihomo drop | branch={708} | size=1 | parse=0 | names=[免费节点10] 🇺🇸 US 78 → tg@nicevpn123 | err=-
[DROP] name=[免费节点10] 🇺🇸 US 78 → tg@nicevpn123 {708} | server=w3.org:443 | reason=mihomo start failed
[TEST] {709} tested=1/1 | kept=0 | rest=0
[DEBUG] mihomo isolate | branch={709} | size=1 | parse=0 | names=[免费节点10] 🇺🇸 US 781 → tg@nicevpn123 | err=-
[DEBUG] mihomo drop | branch={709} | size=1 | parse=0 | names=[免费节点10] 🇺🇸 US 781 → tg@nicevpn123 | err=-
[DROP] name=[免费节点10] 🇺🇸 US 781 → tg@nicevpn123 {709} | server=104.19.45.121:2095 | reason=mihomo start failed
[TEST] {711} tested=1/1 | kept=0 | rest=0
[DEBUG] mihomo isolate | branch={711} | size=1 | parse=0 | names=[免费节点10] 🇺🇸 US 783 → tg@nicevpn123 | err=-
[DEBUG] mihomo drop | branch={711} | size=1 | parse=0 | names=[免费节点10] 🇺🇸 US 783 → tg@nicevpn123 | err=-
[DROP] name=[免费节点10] 🇺🇸 US 783 → tg@nicevpn123 {711} | server=104.19.45.149:2095 | reason=mihomo start failed
[TEST] {712} tested=1/1 | kept=0 | rest=0
[DEBUG] mihomo isolate | branch={712} | size=1 | parse=0 | names=[免费节点10] 🇺🇸 US 784 → tg@nicevpn123 | err=-
[DEBUG] mihomo drop | branch={712} | size=1 | parse=0 | names=[免费节点10] 🇺🇸 US 784 → tg@nicevpn123 | err=-
[DROP] name=[免费节点10] 🇺🇸 US 784 → tg@nicevpn123 {712} | server=104.16.77.52:443 | reason=mihomo start failed
[TEST] {710} tested=1/1 | kept=0 | rest=0
[DEBUG] mihomo isolate | branch={710} | size=1 | parse=0 | names=[免费节点10] 🇺🇸 US 782 → tg@nicevpn123 | err=-
[DEBUG] mihomo drop | branch={710} | size=1 | parse=0 | names=[免费节点10] 🇺🇸 US 782 → tg@nicevpn123 | err=-
[DROP] name=[免费节点10] 🇺🇸 US 782 → tg@nicevpn123 {710} | server=104.16.192.135:443 | reason=mihomo start failed
[TEST] {699} tested=1/1 | kept=0 | rest=0
[DEBUG] mihomo isolate | branch={699} | size=1 | parse=0 | names=[免费节点10] 🇺🇸 US 804 → tg@nicevpn123 | err=-
[DEBUG] mihomo drop | branch={699} | size=1 | parse=0 | names=[免费节点10] 🇺🇸 US 804 → tg@nicevpn123 | err=-
[DROP] name=[免费节点10] 🇺🇸 US 804 → tg@nicevpn123 {699} | server=45.63.110.20:443 | reason=mihomo start failed
[TEST] {716} tested=1/1 | kept=0 | rest=0
[DEBUG] mihomo isolate | branch={716} | size=1 | parse=0 | names=[免费节点10] 🇺🇸 US 824 → tg@nicevpn123 | err=-
[DEBUG] mihomo drop | branch={716} | size=1 | parse=0 | names=[免费节点10] 🇺🇸 US 824 → tg@nicevpn123 | err=-
[DROP] name=[免费节点10] 🇺🇸 US 824 → tg@nicevpn123 {716} | server=104.19.45.140:2095 | reason=mihomo start failed
[TEST] {714} tested=1/1 | kept=0 | rest=0
[DEBUG] mihomo isolate | branch={714} | size=1 | parse=0 | names=[免费节点10] 🇺🇸 US 82 → tg@nicevpn123 | err=-
[DEBUG] mihomo drop | branch={714} | size=1 | parse=0 | names=[免费节点10] 🇺🇸 US 82 → tg@nicevpn123 | err=-
[DROP] name=[免费节点10] 🇺🇸 US 82 → tg@nicevpn123 {714} | server=www.digitalocean.com:80 | reason=mihomo start failed
[TEST] {715} tested=1/1 | kept=0 | rest=0
[DEBUG] mihomo isolate | branch={715} | size=1 | parse=0 | names=[免费节点10] 🇺🇸 US 822 → tg@nicevpn123 | err=-
[DEBUG] mihomo drop | branch={715} | size=1 | parse=0 | names=[免费节点10] 🇺🇸 US 822 → tg@nicevpn123 | err=-
[DROP] name=[免费节点10] 🇺🇸 US 822 → tg@nicevpn123 {715} | server=165.227.65.40:8881 | reason=mihomo start failed
[TEST] {717} tested=1/1 | kept=0 | rest=0
[DEBUG] mihomo isolate | branch={717} | size=1 | parse=0 | names=[免费节点10] 🇺🇸 US 825 → tg@nicevpn123 | err=-
[DEBUG] mihomo drop | branch={717} | size=1 | parse=0 | names=[免费节点10] 🇺🇸 US 825 → tg@nicevpn123 | err=-
[DROP] name=[免费节点10] 🇺🇸 US 825 → tg@nicevpn123 {717} | server=99.84.50.159:443 | reason=mihomo start failed
[TEST] {719} tested=1/1 | kept=0 | rest=0
[DEBUG] mihomo isolate | branch={719} | size=1 | parse=0 | names=[免费节点10] 🇺🇸 US 65 → tg@nicevpn123 | err=-
[DEBUG] mihomo drop | branch={719} | size=1 | parse=0 | names=[免费节点10] 🇺🇸 US 65 → tg@nicevpn123 | err=-
[DROP] name=[免费节点10] 🇺🇸 US 65 → tg@nicevpn123 {719} | server=104.16.217.241:443 | reason=mihomo start failed
[TEST] {702} tested=1/1 | kept=0 | rest=0
[DEBUG] mihomo isolate | branch={702} | size=1 | parse=0 | names=[免费节点10] 🇺🇸 US 808 → tg@nicevpn123 | err=-
[DEBUG] mihomo drop | branch={702} | size=1 | parse=0 | names=[免费节点10] 🇺🇸 US 808 → tg@nicevpn123 | err=-
[DROP] name=[免费节点10] 🇺🇸 US 808 → tg@nicevpn123 {702} | server=149.28.226.202:37985 | reason=mihomo start failed
[TEST] {718} tested=1/1 | kept=0 | rest=0
[DEBUG] mihomo isolate | branch={718} | size=1 | parse=0 | names=[免费节点10] 🇺🇸 US 648 → tg@nicevpn123 | err=-
[DEBUG] mihomo drop | branch={718} | size=1 | parse=0 | names=[免费节点10] 🇺🇸 US 648 → tg@nicevpn123 | err=-
[DROP] name=[免费节点10] 🇺🇸 US 648 → tg@nicevpn123 {718} | server=104.19.45.99:2095 | reason=mihomo start failed
[TEST] {720} tested=1/1 | kept=0 | rest=0
[DEBUG] mihomo isolate | branch={720} | size=1 | parse=0 | names=[免费节点10] 🇺🇸 US 650 → tg@nicevpn123 | err=-
[DEBUG] mihomo drop | branch={720} | size=1 | parse=0 | names=[免费节点10] 🇺🇸 US 650 → tg@nicevpn123 | err=-
[DROP] name=[免费节点10] 🇺🇸 US 650 → tg@nicevpn123 {720} | server=104.19.45.143:2095 | reason=mihomo start failed
[TEST] {721} tested=1/1 | kept=0 | rest=0
[TEST] {722} tested=1/1 | kept=0 | rest=0
[DEBUG] mihomo isolate | branch={721} | size=1 | parse=0 | names=[免费节点10] 🇺🇸 US 651 → tg@nicevpn123 | err=-
[DEBUG] mihomo drop | branch={721} | size=1 | parse=0 | names=[免费节点10] 🇺🇸 US 651 → tg@nicevpn123 | err=-
[DROP] name=[免费节点10] 🇺🇸 US 651 → tg@nicevpn123 {721} | server=104.16.39.38:2082 | reason=mihomo start failed
[DEBUG] mihomo isolate | branch={722} | size=1 | parse=0 | names=[免费节点10] 🇺🇸 US 652 → tg@nicevpn123 | err=-
[DEBUG] mihomo drop | branch={722} | size=1 | parse=0 | names=[免费节点10] 🇺🇸 US 652 → tg@nicevpn123 | err=-
[DROP] name=[免费节点10] 🇺🇸 US 652 → tg@nicevpn123 {722} | server=172.67.229.37:2086 | reason=mihomo start failed
[TEST] {723} tested=1/1 | kept=0 | rest=0
[TEST] {724} tested=1/1 | kept=0 | rest=0
[DEBUG] mihomo isolate | branch={724} | size=1 | parse=0 | names=[免费节点10] 🇺🇸 US 655 → tg@nicevpn123 | err=-
[DEBUG] mihomo drop | branch={724} | size=1 | parse=0 | names=[免费节点10] 🇺🇸 US 655 → tg@nicevpn123 | err=-
[DROP] name=[免费节点10] 🇺🇸 US 655 → tg@nicevpn123 {724} | server=104.18.154.42:80 | reason=mihomo start failed
[DEBUG] mihomo isolate | branch={723} | size=1 | parse=0 | names=[免费节点10] 🇺🇸 US 654 → tg@nicevpn123 | err=-
[DEBUG] mihomo drop | branch={723} | size=1 | parse=0 | names=[免费节点10] 🇺🇸 US 654 → tg@nicevpn123 | err=-
[DROP] name=[免费节点10] 🇺🇸 US 654 → tg@nicevpn123 {723} | server=104.16.40.79:2082 | reason=mihomo start failed
[TEST] {726} tested=1/1 | kept=0 | rest=0
[DEBUG] mihomo isolate | branch={726} | size=1 | parse=0 | names=[免费节点10] 🇺🇸 US 657 → tg@nicevpn123 | err=-
[DEBUG] mihomo drop | branch={726} | size=1 | parse=0 | names=[免费节点10] 🇺🇸 US 657 → tg@nicevpn123 | err=-
[DROP] name=[免费节点10] 🇺🇸 US 657 → tg@nicevpn123 {726} | server=104.21.233.68:80 | reason=mihomo start failed
[TEST] {727} tested=1/1 | kept=0 | rest=0
[DEBUG] mihomo isolate | branch={727} | size=1 | parse=0 | names=[免费节点10] 🇺🇸 US 776 → tg@nicevpn123 | err=-
[DEBUG] mihomo drop | branch={727} | size=1 | parse=0 | names=[免费节点10] 🇺🇸 US 776 → tg@nicevpn123 | err=-
[DROP] name=[免费节点10] 🇺🇸 US 776 → tg@nicevpn123 {727} | server=38.110.1.105:8009 | reason=mihomo start failed
[TEST] {706} tested=1/1 | kept=0 | rest=0
[DEBUG] mihomo isolate | branch={706} | size=1 | parse=0 | names=[免费节点10] 🇺🇸 US 812 → tg@nicevpn123 | err=-
[DEBUG] mihomo drop | branch={706} | size=1 | parse=0 | names=[免费节点10] 🇺🇸 US 812 → tg@nicevpn123 | err=-
[DROP] name=[免费节点10] 🇺🇸 US 812 → tg@nicevpn123 {706} | server=38.75.137.105:3389 | reason=mihomo start failed
[TEST] {728} tested=1/1 | kept=0 | rest=0
[DEBUG] mihomo isolate | branch={728} | size=1 | parse=0 | names=[免费节点10] 🇺🇸 US 777 → tg@nicevpn123 | err=-
[DEBUG] mihomo drop | branch={728} | size=1 | parse=0 | names=[免费节点10] 🇺🇸 US 777 → tg@nicevpn123 | err=-
[DROP] name=[免费节点10] 🇺🇸 US 777 → tg@nicevpn123 {728} | server=104.16.39.217:2082 | reason=mihomo start failed
[TEST] {725} tested=1/1 | kept=0 | rest=0
[DEBUG] mihomo isolate | branch={725} | size=1 | parse=0 | names=[免费节点10] 🇺🇸 US 656 → tg@nicevpn123 | err=-
[DEBUG] mihomo drop | branch={725} | size=1 | parse=0 | names=[免费节点10] 🇺🇸 US 656 → tg@nicevpn123 | err=-
[DROP] name=[免费节点10] 🇺🇸 US 656 → tg@nicevpn123 {725} | server=t45a7-g03.jp02-9a99-vm0.entry.fr0307a.art:11775 | reason=mihomo start failed
[TEST] {732} tested=1/1 | kept=0 | rest=0
[DEBUG] mihomo isolate | branch={732} | size=1 | parse=0 | names=[免费节点10] 🇺🇸 US 58 → tg@nicevpn123 | err=-
[DEBUG] mihomo drop | branch={732} | size=1 | parse=0 | names=[免费节点10] 🇺🇸 US 58 → tg@nicevpn123 | err=-
[DROP] name=[免费节点10] 🇺🇸 US 58 → tg@nicevpn123 {732} | server=104.21.227.36:80 | reason=mihomo start failed
[TEST] {731} tested=1/1 | kept=0 | rest=0
[DEBUG] mihomo isolate | branch={731} | size=1 | parse=0 | names=[免费节点10] 🇺🇸 US 578 → tg@nicevpn123 | err=-
[DEBUG] mihomo drop | branch={731} | size=1 | parse=0 | names=[免费节点10] 🇺🇸 US 578 → tg@nicevpn123 | err=-
[DROP] name=[免费节点10] 🇺🇸 US 578 → tg@nicevpn123 {731} | server=104.16.40.136:2082 | reason=mihomo start failed
[TEST] {734} tested=1/1 | kept=0 | rest=0
[DEBUG] mihomo isolate | branch={734} | size=1 | parse=0 | names=[免费节点10] 🇺🇸 US 581 → tg@nicevpn123 | err=-
[DEBUG] mihomo drop | branch={734} | size=1 | parse=0 | names=[免费节点10] 🇺🇸 US 581 → tg@nicevpn123 | err=-
[DROP] name=[免费节点10] 🇺🇸 US 581 → tg@nicevpn123 {734} | server=104.19.45.225:2082 | reason=mihomo start failed
[TEST] {733} tested=1/1 | kept=0 | rest=0
[DEBUG] mihomo isolate | branch={733} | size=1 | parse=0 | names=[免费节点10] 🇺🇸 US 580 → tg@nicevpn123 | err=-
[DEBUG] mihomo drop | branch={733} | size=1 | parse=0 | names=[免费节点10] 🇺🇸 US 580 → tg@nicevpn123 | err=-
[DROP] name=[免费节点10] 🇺🇸 US 580 → tg@nicevpn123 {733} | server=104.19.45.43:2095 | reason=mihomo start failed
[TEST] {736} tested=1/1 | kept=0 | rest=0
[DEBUG] mihomo isolate | branch={736} | size=1 | parse=0 | names=[免费节点10] 🇺🇸 US 585 → tg@nicevpn123 | err=-
[DEBUG] mihomo drop | branch={736} | size=1 | parse=0 | names=[免费节点10] 🇺🇸 US 585 → tg@nicevpn123 | err=-
[DROP] name=[免费节点10] 🇺🇸 US 585 → tg@nicevpn123 {736} | server=104.16.61.8:2096 | reason=mihomo start failed
[TEST] {735} tested=1/1 | kept=0 | rest=0
[DEBUG] mihomo isolate | branch={735} | size=1 | parse=0 | names=[免费节点10] 🇺🇸 US 584 → tg@nicevpn123 | err=-
[DEBUG] mihomo drop | branch={735} | size=1 | parse=0 | names=[免费节点10] 🇺🇸 US 584 → tg@nicevpn123 | err=-
[DROP] name=[免费节点10] 🇺🇸 US 584 → tg@nicevpn123 {735} | server=172.67.222.164:443 | reason=mihomo start failed
[TEST] {737} tested=1/1 | kept=0 | rest=0
[DEBUG] mihomo isolate | branch={737} | size=1 | parse=0 | names=[免费节点10] 🇺🇸 US 586 → tg@nicevpn123 | err=-
[DEBUG] mihomo drop | branch={737} | size=1 | parse=0 | names=[免费节点10] 🇺🇸 US 586 → tg@nicevpn123 | err=-
[DROP] name=[免费节点10] 🇺🇸 US 586 → tg@nicevpn123 {737} | server=107.174.96.19:45979 | reason=mihomo start failed
[TEST] {738} tested=1/1 | kept=0 | rest=0
[DEBUG] mihomo isolate | branch={738} | size=1 | parse=0 | names=[免费节点10] 🇺🇸 US 587 → tg@nicevpn123 | err=-
[DEBUG] mihomo drop | branch={738} | size=1 | parse=0 | names=[免费节点10] 🇺🇸 US 587 → tg@nicevpn123 | err=-
[DROP] name=[免费节点10] 🇺🇸 US 587 → tg@nicevpn123 {738} | server=ns1.v2-vip.fun:2086 | reason=mihomo start failed
[TEST] {739} tested=1/1 | kept=0 | rest=0
[DEBUG] mihomo isolate | branch={739} | size=1 | parse=0 | names=[免费节点10] 🇺🇸 US 59 → tg@nicevpn123 | err=-
[DEBUG] mihomo drop | branch={739} | size=1 | parse=0 | names=[免费节点10] 🇺🇸 US 59 → tg@nicevpn123 | err=-
[DROP] name=[免费节点10] 🇺🇸 US 59 → tg@nicevpn123 {739} | server=173.245.58.199:443 | reason=mihomo start failed
[TEST] {740} tested=1/1 | kept=0 | rest=0
[DEBUG] mihomo isolate | branch={740} | size=1 | parse=0 | names=[免费节点10] 🇺🇸 US 625 → tg@nicevpn123 | err=-
[DEBUG] mihomo drop | branch={740} | size=1 | parse=0 | names=[免费节点10] 🇺🇸 US 625 → tg@nicevpn123 | err=-
[DROP] name=[免费节点10] 🇺🇸 US 625 → tg@nicevpn123 {740} | server=au-full.privateip.net:443 | reason=mihomo start failed
[TEST] {713} tested=1/1 | kept=0 | rest=0
[DEBUG] mihomo isolate | branch={713} | size=1 | parse=0 | names=[免费节点10] 🇺🇸 US 818 → tg@nicevpn123 | err=-
[DEBUG] mihomo drop | branch={713} | size=1 | parse=0 | names=[免费节点10] 🇺🇸 US 818 → tg@nicevpn123 | err=-
[DROP] name=[免费节点10] 🇺🇸 US 818 → tg@nicevpn123 {713} | server=876.outline-vpn.cloud:443 | reason=mihomo start failed
[TEST] {742} tested=1/1 | kept=0 | rest=0
[DEBUG] mihomo isolate | branch={742} | size=1 | parse=0 | names=[免费节点10] 🇺🇸 US 627 → tg@nicevpn123 | err=-
[DEBUG] mihomo drop | branch={742} | size=1 | parse=0 | names=[免费节点10] 🇺🇸 US 627 → tg@nicevpn123 | err=-
[DROP] name=[免费节点10] 🇺🇸 US 627 → tg@nicevpn123 {742} | server=23.94.100.187:48889 | reason=mihomo start failed
[TEST] {743} tested=1/1 | kept=0 | rest=0
[DEBUG] mihomo isolate | branch={743} | size=1 | parse=0 | names=[免费节点10] 🇺🇸 US 629 → tg@nicevpn123 | err=-
[DEBUG] mihomo drop | branch={743} | size=1 | parse=0 | names=[免费节点10] 🇺🇸 US 629 → tg@nicevpn123 | err=-
[DROP] name=[免费节点10] 🇺🇸 US 629 → tg@nicevpn123 {743} | server=104.19.48.100:2082 | reason=mihomo start failed
[TEST] {741} tested=1/1 | kept=0 | rest=0
[DEBUG] mihomo isolate | branch={741} | size=1 | parse=0 | names=[免费节点10] 🇺🇸 US 626 → tg@nicevpn123 | err=-
[DEBUG] mihomo drop | branch={741} | size=1 | parse=0 | names=[免费节点10] 🇺🇸 US 626 → tg@nicevpn123 | err=-
[DROP] name=[免费节点10] 🇺🇸 US 626 → tg@nicevpn123 {741} | server=172.67.220.64:443 | reason=mihomo start failed
[TEST] {745} tested=1/1 | kept=0 | rest=0
[DEBUG] mihomo isolate | branch={745} | size=1 | parse=0 | names=[免费节点10] 🇺🇸 US 632 → tg@nicevpn123 | err=-
[DEBUG] mihomo drop | branch={745} | size=1 | parse=0 | names=[免费节点10] 🇺🇸 US 632 → tg@nicevpn123 | err=-
[DROP] name=[免费节点10] 🇺🇸 US 632 → tg@nicevpn123 {745} | server=jiasu.fanmengdas.top:40723 | reason=mihomo start failed
[TEST] {744} tested=1/1 | kept=0 | rest=0
[DEBUG] mihomo isolate | branch={744} | size=1 | parse=0 | names=[免费节点10] 🇺🇸 US 631 → tg@nicevpn123 | err=-
[DEBUG] mihomo drop | branch={744} | size=1 | parse=0 | names=[免费节点10] 🇺🇸 US 631 → tg@nicevpn123 | err=-
[DROP] name=[免费节点10] 🇺🇸 US 631 → tg@nicevpn123 {744} | server=hk.wish.ml:2052 | reason=mihomo start failed
[TEST] {747} tested=1/1 | kept=0 | rest=0
[DEBUG] mihomo isolate | branch={747} | size=1 | parse=0 | names=[免费节点10] 🇺🇸 US 634 → tg@nicevpn123 | err=-
[DEBUG] mihomo drop | branch={747} | size=1 | parse=0 | names=[免费节点10] 🇺🇸 US 634 → tg@nicevpn123 | err=-
[DROP] name=[免费节点10] 🇺🇸 US 634 → tg@nicevpn123 {747} | server=104.16.39.184:2082 | reason=mihomo start failed
[TEST] {729} tested=1/1 | kept=0 | rest=0
[DEBUG] mihomo isolate | branch={729} | size=1 | parse=0 | names=[免费节点10] 🇺🇸 US 778 → tg@nicevpn123 | err=-
[DEBUG] mihomo drop | branch={729} | size=1 | parse=0 | names=[免费节点10] 🇺🇸 US 778 → tg@nicevpn123 | err=-
[DROP] name=[免费节点10] 🇺🇸 US 778 → tg@nicevpn123 {729} | server=us2.laobideng.xyz:8080 | reason=mihomo start failed
[TEST] {730} tested=1/1 | kept=0 | rest=0
[DEBUG] mihomo isolate | branch={730} | size=1 | parse=0 | names=[免费节点10] 🇺🇸 US 779 → tg@nicevpn123 | err=-
[DEBUG] mihomo drop | branch={730} | size=1 | parse=0 | names=[免费节点10] 🇺🇸 US 779 → tg@nicevpn123 | err=-
[DROP] name=[免费节点10] 🇺🇸 US 779 → tg@nicevpn123 {730} | server=38.114.114.208:8080 | reason=mihomo start failed
[TEST] {749} tested=1/1 | kept=0 | rest=0
[DEBUG] mihomo isolate | branch={749} | size=1 | parse=0 | names=[免费节点10] 🇺🇸 US 637 → tg@nicevpn123 | err=-
[DEBUG] mihomo drop | branch={749} | size=1 | parse=0 | names=[免费节点10] 🇺🇸 US 637 → tg@nicevpn123 | err=-
[DROP] name=[免费节点10] 🇺🇸 US 637 → tg@nicevpn123 {749} | server=104.19.45.86:2082 | reason=mihomo start failed
[TEST] {751} tested=1/1 | kept=0 | rest=0
[DEBUG] mihomo isolate | branch={751} | size=1 | parse=0 | names=[免费节点10] 🇺🇸 US 639 → tg@nicevpn123 | err=-
[DEBUG] mihomo drop | branch={751} | size=1 | parse=0 | names=[免费节点10] 🇺🇸 US 639 → tg@nicevpn123 | err=-
[DROP] name=[免费节点10] 🇺🇸 US 639 → tg@nicevpn123 {751} | server=104.21.225.193:80 | reason=mihomo start failed
[TEST] {752} tested=1/1 | kept=0 | rest=0
[DEBUG] mihomo isolate | branch={752} | size=1 | parse=0 | names=[免费节点10] 🇺🇸 US 640 → tg@nicevpn123 | err=-
[DEBUG] mihomo drop | branch={752} | size=1 | parse=0 | names=[免费节点10] 🇺🇸 US 640 → tg@nicevpn123 | err=-
[DROP] name=[免费节点10] 🇺🇸 US 640 → tg@nicevpn123 {752} | server=104.19.171.9:443 | reason=mihomo start failed
[TEST] {754} tested=1/1 | kept=0 | rest=0
[DEBUG] mihomo isolate | branch={754} | size=1 | parse=0 | names=[免费节点10] 🇺🇸 US 644 → tg@nicevpn123 | err=-
[DEBUG] mihomo drop | branch={754} | size=1 | parse=0 | names=[免费节点10] 🇺🇸 US 644 → tg@nicevpn123 | err=-
[DROP] name=[免费节点10] 🇺🇸 US 644 → tg@nicevpn123 {754} | server=172.67.158.153:443 | reason=mihomo start failed
[TEST] {755} tested=1/1 | kept=0 | rest=0
[DEBUG] mihomo isolate | branch={755} | size=1 | parse=0 | names=[免费节点10] 🇺🇸 US 645 → tg@nicevpn123 | err=-
[DEBUG] mihomo drop | branch={755} | size=1 | parse=0 | names=[免费节点10] 🇺🇸 US 645 → tg@nicevpn123 | err=-
[DROP] name=[免费节点10] 🇺🇸 US 645 → tg@nicevpn123 {755} | server=104.19.45.50:2095 | reason=mihomo start failed
[TEST] {753} tested=1/1 | kept=0 | rest=0
[DEBUG] mihomo isolate | branch={753} | size=1 | parse=0 | names=[免费节点10] 🇺🇸 US 642 → tg@nicevpn123 | err=-
[DEBUG] mihomo drop | branch={753} | size=1 | parse=0 | names=[免费节点10] 🇺🇸 US 642 → tg@nicevpn123 | err=-
[DROP] name=[免费节点10] 🇺🇸 US 642 → tg@nicevpn123 {753} | server=99.84.50.218:443 | reason=mihomo start failed
[TEST] {746} tested=1/1 | kept=0 | rest=0
[DEBUG] mihomo isolate | branch={746} | size=1 | parse=0 | names=[免费节点10] 🇺🇸 US 633 → tg@nicevpn123 | err=-
[DEBUG] mihomo drop | branch={746} | size=1 | parse=0 | names=[免费节点10] 🇺🇸 US 633 → tg@nicevpn123 | err=-
[DROP] name=[免费节点10] 🇺🇸 US 633 → tg@nicevpn123 {746} | server=205.234.232.191:10512 | reason=mihomo start failed
[TEST] {756} tested=1/1 | kept=0 | rest=0
[DEBUG] mihomo isolate | branch={756} | size=1 | parse=0 | names=[免费节点10] 🇺🇸 US 646 → tg@nicevpn123 | err=-
[DEBUG] mihomo drop | branch={756} | size=1 | parse=0 | names=[免费节点10] 🇺🇸 US 646 → tg@nicevpn123 | err=-
[DROP] name=[免费节点10] 🇺🇸 US 646 → tg@nicevpn123 {756} | server=172.245.180.193:16899 | reason=mihomo start failed
[TEST] {748} tested=1/1 | kept=0 | rest=0
[DEBUG] mihomo isolate | branch={748} | size=1 | parse=0 | names=[免费节点10] 🇺🇸 US 636 → tg@nicevpn123 | err=-
[DEBUG] mihomo drop | branch={748} | size=1 | parse=0 | names=[免费节点10] 🇺🇸 US 636 → tg@nicevpn123 | err=-
[DROP] name=[免费节点10] 🇺🇸 US 636 → tg@nicevpn123 {748} | server=ip0axv1bbsu02k7-kr.1ytnode.com:56361 | reason=mihomo start failed
[TEST] {759} tested=1/1 | kept=0 | rest=0
[DEBUG] mihomo isolate | branch={759} | size=1 | parse=0 | names=[免费节点10] 🇺🇸 US 604 → tg@nicevpn123 | err=-
[DEBUG] mihomo drop | branch={759} | size=1 | parse=0 | names=[免费节点10] 🇺🇸 US 604 → tg@nicevpn123 | err=-
[DROP] name=[免费节点10] 🇺🇸 US 604 → tg@nicevpn123 {759} | server=173.245.58.11:443 | reason=mihomo start failed
[TEST] {760} tested=1/1 | kept=0 | rest=0
[DEBUG] mihomo isolate | branch={760} | size=1 | parse=0 | names=[免费节点10] 🇺🇸 US 605 → tg@nicevpn123 | err=-
[DEBUG] mihomo drop | branch={760} | size=1 | parse=0 | names=[免费节点10] 🇺🇸 US 605 → tg@nicevpn123 | err=-
[DROP] name=[免费节点10] 🇺🇸 US 605 → tg@nicevpn123 {760} | server=104.16.43.210:2082 | reason=mihomo start failed
[TEST] {761} tested=1/1 | kept=0 | rest=0
[DEBUG] mihomo isolate | branch={761} | size=1 | parse=0 | names=[免费节点10] 🇺🇸 US 607 → tg@nicevpn123 | err=-
[DEBUG] mihomo drop | branch={761} | size=1 | parse=0 | names=[免费节点10] 🇺🇸 US 607 → tg@nicevpn123 | err=-
[DROP] name=[免费节点10] 🇺🇸 US 607 → tg@nicevpn123 {761} | server=152.42.216.240:80 | reason=mihomo start failed
[TEST] {763} tested=1/1 | kept=0 | rest=0
[DEBUG] mihomo isolate | branch={763} | size=1 | parse=0 | names=[免费节点10] 🇺🇸 US 61 → tg@nicevpn123 | err=-
[DEBUG] mihomo drop | branch={763} | size=1 | parse=0 | names=[免费节点10] 🇺🇸 US 61 → tg@nicevpn123 | err=-
[DROP] name=[免费节点10] 🇺🇸 US 61 → tg@nicevpn123 {763} | server=104.19.45.34:2095 | reason=mihomo start failed
[TEST] {750} tested=1/1 | kept=0 | rest=0
[DEBUG] mihomo isolate | branch={750} | size=1 | parse=0 | names=[免费节点10] 🇺🇸 US 638 → tg@nicevpn123 | err=-
[DEBUG] mihomo drop | branch={750} | size=1 | parse=0 | names=[免费节点10] 🇺🇸 US 638 → tg@nicevpn123 | err=-
[DROP] name=[免费节点10] 🇺🇸 US 638 → tg@nicevpn123 {750} | server=38.121.43.248:8882 | reason=mihomo start failed
[TEST] {762} tested=1/1 | kept=0 | rest=0
[DEBUG] mihomo isolate | branch={762} | size=1 | parse=0 | names=[免费节点10] 🇺🇸 US 608 → tg@nicevpn123 | err=-
[DEBUG] mihomo drop | branch={762} | size=1 | parse=0 | names=[免费节点10] 🇺🇸 US 608 → tg@nicevpn123 | err=-
[DROP] name=[免费节点10] 🇺🇸 US 608 → tg@nicevpn123 {762} | server=104.19.45.32:2095 | reason=mihomo start failed
[TEST] {757} tested=1/1 | kept=0 | rest=0
[DEBUG] mihomo isolate | branch={757} | size=1 | parse=0 | names=[免费节点10] 🇺🇸 US 647 → tg@nicevpn123 | err=-
[DEBUG] mihomo drop | branch={757} | size=1 | parse=0 | names=[免费节点10] 🇺🇸 US 647 → tg@nicevpn123 | err=-
[DROP] name=[免费节点10] 🇺🇸 US 647 → tg@nicevpn123 {757} | server=66.42.84.121:443 | reason=mihomo start failed
[TEST] {766} tested=1/1 | kept=0 | rest=0
[DEBUG] mihomo isolate | branch={766} | size=1 | parse=0 | names=[免费节点10] 🇺🇸 US 613 → tg@nicevpn123 | err=-
[DEBUG] mihomo drop | branch={766} | size=1 | parse=0 | names=[免费节点10] 🇺🇸 US 613 → tg@nicevpn123 | err=-
[DROP] name=[免费节点10] 🇺🇸 US 613 → tg@nicevpn123 {766} | server=104.19.45.235:2095 | reason=mihomo start failed
[TEST] {767} tested=1/1 | kept=0 | rest=0
[DEBUG] mihomo isolate | branch={767} | size=1 | parse=0 | names=[免费节点10] 🇺🇸 US 499 → tg@nicevpn123 | err=-
[DEBUG] mihomo drop | branch={767} | size=1 | parse=0 | names=[免费节点10] 🇺🇸 US 499 → tg@nicevpn123 | err=-
[DROP] name=[免费节点10] 🇺🇸 US 499 → tg@nicevpn123 {767} | server=104.21.68.203:8443 | reason=mihomo start failed
[TEST] {768} tested=1/1 | kept=0 | rest=0
[DEBUG] mihomo isolate | branch={768} | size=1 | parse=0 | names=[免费节点10] 🇺🇸 US 5 → tg@nicevpn123 | err=-
[DEBUG] mihomo drop | branch={768} | size=1 | parse=0 | names=[免费节点10] 🇺🇸 US 5 → tg@nicevpn123 | err=-
[DROP] name=[免费节点10] 🇺🇸 US 5 → tg@nicevpn123 {768} | server=en7a5-g03.jp05-6786-vm0.entry.fr0307a.art:46484 | reason=mihomo start failed
[TEST] {758} tested=1/1 | kept=0 | rest=0
[DEBUG] mihomo isolate | branch={758} | size=1 | parse=0 | names=[免费节点10] 🇺🇸 US 602 → tg@nicevpn123 | err=-
[DEBUG] mihomo drop | branch={758} | size=1 | parse=0 | names=[免费节点10] 🇺🇸 US 602 → tg@nicevpn123 | err=-
[DROP] name=[免费节点10] 🇺🇸 US 602 → tg@nicevpn123 {758} | server=38.75.137.42:8080 | reason=mihomo start failed
[TEST] {764} tested=1/1 | kept=0 | rest=0
[DEBUG] mihomo isolate | branch={764} | size=1 | parse=0 | names=[免费节点10] 🇺🇸 US 611 → tg@nicevpn123 | err=-
[DEBUG] mihomo drop | branch={764} | size=1 | parse=0 | names=[免费节点10] 🇺🇸 US 611 → tg@nicevpn123 | err=-
[DROP] name=[免费节点10] 🇺🇸 US 611 → tg@nicevpn123 {764} | server=38.75.137.93:3389 | reason=mihomo start failed
[TEST] {771} tested=1/1 | kept=0 | rest=0
[DEBUG] mihomo isolate | branch={771} | size=1 | parse=0 | names=[免费节点10] 🇺🇸 US 503 → tg@nicevpn123 | err=-
[DEBUG] mihomo drop | branch={771} | size=1 | parse=0 | names=[免费节点10] 🇺🇸 US 503 → tg@nicevpn123 | err=-
[DROP] name=[免费节点10] 🇺🇸 US 503 → tg@nicevpn123 {771} | server=jp03-alt-vm0.entry.srthdw.art:21583 | reason=mihomo start failed
[TEST] {772} tested=1/1 | kept=0 | rest=0
[DEBUG] mihomo isolate | branch={772} | size=1 | parse=0 | names=[免费节点10] 🇺🇸 US 494 → tg@nicevpn123 | err=-
[DEBUG] mihomo drop | branch={772} | size=1 | parse=0 | names=[免费节点10] 🇺🇸 US 494 → tg@nicevpn123 | err=-
[DROP] name=[免费节点10] 🇺🇸 US 494 → tg@nicevpn123 {772} | server=104.19.43.248:80 | reason=mihomo start failed
[TEST] {773} tested=1/1 | kept=0 | rest=0
[DEBUG] mihomo isolate | branch={773} | size=1 | parse=0 | names=[免费节点10] 🇺🇸 US 495 → tg@nicevpn123 | err=-
[DEBUG] mihomo drop | branch={773} | size=1 | parse=0 | names=[免费节点10] 🇺🇸 US 495 → tg@nicevpn123 | err=-
[DROP] name=[免费节点10] 🇺🇸 US 495 → tg@nicevpn123 {773} | server=172.67.184.53:8443 | reason=mihomo start failed
[TEST] {765} tested=1/1 | kept=0 | rest=0
[DEBUG] mihomo isolate | branch={765} | size=1 | parse=0 | names=[免费节点10] 🇺🇸 US 612 → tg@nicevpn123 | err=-
[DEBUG] mihomo drop | branch={765} | size=1 | parse=0 | names=[免费节点10] 🇺🇸 US 612 → tg@nicevpn123 | err=-
[DROP] name=[免费节点10] 🇺🇸 US 612 → tg@nicevpn123 {765} | server=38.110.1.202:8008 | reason=mihomo start failed
[TEST] {769} tested=1/1 | kept=0 | rest=0
[DEBUG] mihomo isolate | branch={769} | size=1 | parse=0 | names=[免费节点10] 🇺🇸 US 50 → tg@nicevpn123 | err=-
[DEBUG] mihomo drop | branch={769} | size=1 | parse=0 | names=[免费节点10] 🇺🇸 US 50 → tg@nicevpn123 | err=-
[DROP] name=[免费节点10] 🇺🇸 US 50 → tg@nicevpn123 {769} | server=shct.pkyun.xyz:30314 | reason=mihomo start failed
[TEST] {770} tested=1/1 | kept=0 | rest=0
[DEBUG] mihomo isolate | branch={770} | size=1 | parse=0 | names=[免费节点10] 🇺🇸 US 501 → tg@nicevpn123 | err=-
[DEBUG] mihomo drop | branch={770} | size=1 | parse=0 | names=[免费节点10] 🇺🇸 US 501 → tg@nicevpn123 | err=-
[DROP] name=[免费节点10] 🇺🇸 US 501 → tg@nicevpn123 {770} | server=38.114.114.208:9090 | reason=mihomo start failed
[TEST] {776} tested=1/1 | kept=0 | rest=0
[DEBUG] mihomo isolate | branch={776} | size=1 | parse=0 | names=[免费节点10] 🇺🇸 US 52 → tg@nicevpn123 | err=-
[DEBUG] mihomo drop | branch={776} | size=1 | parse=0 | names=[免费节点10] 🇺🇸 US 52 → tg@nicevpn123 | err=-
[DROP] name=[免费节点10] 🇺🇸 US 52 → tg@nicevpn123 {776} | server=3.34.200.94:443 | reason=mihomo start failed
[TEST] {774} tested=1/1 | kept=0 | rest=0
[DEBUG] mihomo isolate | branch={774} | size=1 | parse=0 | names=[免费节点10] 🇺🇸 US 497 → tg@nicevpn123 | err=-
[DEBUG] mihomo drop | branch={774} | size=1 | parse=0 | names=[免费节点10] 🇺🇸 US 497 → tg@nicevpn123 | err=-
[DROP] name=[免费节点10] 🇺🇸 US 497 → tg@nicevpn123 {774} | server=54.245.36.10:443 | reason=mihomo start failed
[TEST] {779} tested=1/1 | kept=0 | rest=0
[DEBUG] mihomo isolate | branch={779} | size=1 | parse=0 | names=[免费节点10] 🇺🇸 US 522 → tg@nicevpn123 | err=-
[DEBUG] mihomo drop | branch={779} | size=1 | parse=0 | names=[免费节点10] 🇺🇸 US 522 → tg@nicevpn123 | err=-
[DROP] name=[免费节点10] 🇺🇸 US 522 → tg@nicevpn123 {779} | server=172.67.229.13:2086 | reason=mihomo start failed
[TEST] {775} tested=1/1 | kept=0 | rest=0
[DEBUG] mihomo isolate | branch={775} | size=1 | parse=0 | names=[免费节点10] 🇺🇸 US 498 → tg@nicevpn123 | err=-
[DEBUG] mihomo drop | branch={775} | size=1 | parse=0 | names=[免费节点10] 🇺🇸 US 498 → tg@nicevpn123 | err=-
[DROP] name=[免费节点10] 🇺🇸 US 498 → tg@nicevpn123 {775} | server=docs.digitalocean.com:2096 | reason=mihomo start failed
[TEST] {777} tested=1/1 | kept=0 | rest=0
[DEBUG] mihomo isolate | branch={777} | size=1 | parse=0 | names=[免费节点10] 🇺🇸 US 520 → tg@nicevpn123 | err=-
[DEBUG] mihomo drop | branch={777} | size=1 | parse=0 | names=[免费节点10] 🇺🇸 US 520 → tg@nicevpn123 | err=-
[DROP] name=[免费节点10] 🇺🇸 US 520 → tg@nicevpn123 {777} | server=38.110.1.43:6679 | reason=mihomo start failed
[TEST] {778} tested=1/1 | kept=0 | rest=0
[DEBUG] mihomo isolate | branch={778} | size=1 | parse=0 | names=[免费节点10] 🇺🇸 US 521 → tg@nicevpn123 | err=-
[DEBUG] mihomo drop | branch={778} | size=1 | parse=0 | names=[免费节点10] 🇺🇸 US 521 → tg@nicevpn123 | err=-
[DROP] name=[免费节点10] 🇺🇸 US 521 → tg@nicevpn123 {778} | server=54.71.116.112:443 | reason=mihomo start failed
[TEST] {783} tested=1/1 | kept=0 | rest=0
[DEBUG] mihomo isolate | branch={783} | size=1 | parse=0 | names=[免费节点10] 🇺🇸 US 518 → tg@nicevpn123 | err=-
[DEBUG] mihomo drop | branch={783} | size=1 | parse=0 | names=[免费节点10] 🇺🇸 US 518 → tg@nicevpn123 | err=-
[DROP] name=[免费节点10] 🇺🇸 US 518 → tg@nicevpn123 {783} | server=38.68.134.9:6679 | reason=mihomo start failed
[TEST] {780} tested=1/1 | kept=0 | rest=0
[DEBUG] mihomo isolate | branch={780} | size=1 | parse=0 | names=[免费节点10] 🇺🇸 US 524 → tg@nicevpn123 | err=-
[DEBUG] mihomo drop | branch={780} | size=1 | parse=0 | names=[免费节点10] 🇺🇸 US 524 → tg@nicevpn123 | err=-
[DROP] name=[免费节点10] 🇺🇸 US 524 → tg@nicevpn123 {780} | server=35.77.92.181:443 | reason=mihomo start failed
[TEST] {781} tested=1/1 | kept=0 | rest=0
[DEBUG] mihomo isolate | branch={781} | size=1 | parse=0 | names=[免费节点10] 🇺🇸 US 514 → tg@nicevpn123 | err=-
[DEBUG] mihomo drop | branch={781} | size=1 | parse=0 | names=[免费节点10] 🇺🇸 US 514 → tg@nicevpn123 | err=-
[DROP] name=[免费节点10] 🇺🇸 US 514 → tg@nicevpn123 {781} | server=zula.ir:443 | reason=mihomo start failed
[TEST] {782} tested=1/1 | kept=0 | rest=0
[DEBUG] mihomo isolate | branch={782} | size=1 | parse=0 | names=[免费节点10] 🇺🇸 US 517 → tg@nicevpn123 | err=-
[DEBUG] mihomo drop | branch={782} | size=1 | parse=0 | names=[免费节点10] 🇺🇸 US 517 → tg@nicevpn123 | err=-
[DROP] name=[免费节点10] 🇺🇸 US 517 → tg@nicevpn123 {782} | server=503.outline-vpn.cloud:443 | reason=mihomo start failed
[TEST] {784} tested=1/1 | kept=0 | rest=0
[DEBUG] mihomo isolate | branch={784} | size=1 | parse=0 | names=[免费节点10] 🇺🇸 US 519 → tg@nicevpn123 | err=-
[DEBUG] mihomo drop | branch={784} | size=1 | parse=0 | names=[免费节点10] 🇺🇸 US 519 → tg@nicevpn123 | err=-
[DROP] name=[免费节点10] 🇺🇸 US 519 → tg@nicevpn123 {784} | server=13.37.6.138:22222 | reason=mihomo start failed
[TEST] {788} tested=1/1 | kept=0 | rest=0
[DEBUG] mihomo isolate | branch={788} | size=1 | parse=0 | names=[免费节点10] 🇺🇸 US 56 → tg@nicevpn123 | err=-
[DEBUG] mihomo drop | branch={788} | size=1 | parse=0 | names=[免费节点10] 🇺🇸 US 56 → tg@nicevpn123 | err=-
[DROP] name=[免费节点10] 🇺🇸 US 56 → tg@nicevpn123 {788} | server=n1709457297.aaigefm.cn:443 | reason=mihomo start failed
[TEST] {789} tested=1/1 | kept=0 | rest=0
[DEBUG] mihomo isolate | branch={789} | size=1 | parse=0 | names=[免费节点10] 🇺🇸 US 561 → tg@nicevpn123 | err=-
[DEBUG] mihomo drop | branch={789} | size=1 | parse=0 | names=[免费节点10] 🇺🇸 US 561 → tg@nicevpn123 | err=-
[DROP] name=[免费节点10] 🇺🇸 US 561 → tg@nicevpn123 {789} | server=104.19.45.73:2095 | reason=mihomo start failed
[TEST] {790} tested=1/1 | kept=0 | rest=0
[DEBUG] mihomo isolate | branch={790} | size=1 | parse=0 | names=[免费节点10] 🇺🇸 US 562 → tg@nicevpn123 | err=-
[DEBUG] mihomo drop | branch={790} | size=1 | parse=0 | names=[免费节点10] 🇺🇸 US 562 → tg@nicevpn123 | err=-
[DROP] name=[免费节点10] 🇺🇸 US 562 → tg@nicevpn123 {790} | server=104.19.45.84:2095 | reason=mihomo start failed
[TEST] {791} tested=1/1 | kept=0 | rest=0
[DEBUG] mihomo isolate | branch={791} | size=1 | parse=0 | names=[免费节点10] 🇺🇸 US 564 → tg@nicevpn123 | err=-
[DEBUG] mihomo drop | branch={791} | size=1 | parse=0 | names=[免费节点10] 🇺🇸 US 564 → tg@nicevpn123 | err=-
[DROP] name=[免费节点10] 🇺🇸 US 564 → tg@nicevpn123 {791} | server=104.24.136.13:2083 | reason=mihomo start failed
[TEST] {786} tested=1/1 | kept=0 | rest=0
[DEBUG] mihomo isolate | branch={786} | size=1 | parse=0 | names=[免费节点10] 🇺🇸 US 556 → tg@nicevpn123 | err=-
[DEBUG] mihomo drop | branch={786} | size=1 | parse=0 | names=[免费节点10] 🇺🇸 US 556 → tg@nicevpn123 | err=-
[DROP] name=[免费节点10] 🇺🇸 US 556 → tg@nicevpn123 {786} | server=38.114.114.208:7002 | reason=mihomo start failed
[TEST] {785} tested=1/1 | kept=0 | rest=0
[DEBUG] mihomo isolate | branch={785} | size=1 | parse=0 | names=[免费节点10] 🇺🇸 US 555 → tg@nicevpn123 | err=-
[DEBUG] mihomo drop | branch={785} | size=1 | parse=0 | names=[免费节点10] 🇺🇸 US 555 → tg@nicevpn123 | err=-
[DROP] name=[免费节点10] 🇺🇸 US 555 → tg@nicevpn123 {785} | server=38.75.137.105:6379 | reason=mihomo start failed
[TEST] {795} tested=1/1 | kept=0 | rest=0
[DEBUG] mihomo isolate | branch={795} | size=1 | parse=0 | names=[免费节点10] 🇺🇸 US 546 → tg@nicevpn123 | err=-
[DEBUG] mihomo drop | branch={795} | size=1 | parse=0 | names=[免费节点10] 🇺🇸 US 546 → tg@nicevpn123 | err=-
[DROP] name=[免费节点10] 🇺🇸 US 546 → tg@nicevpn123 {795} | server=104.21.232.64:80 | reason=mihomo start failed
[TEST] {797} tested=1/1 | kept=0 | rest=0
[DEBUG] mihomo isolate | branch={797} | size=1 | parse=0 | names=[免费节点10] 🇺🇸 US 549 → tg@nicevpn123 | err=-
[DEBUG] mihomo drop | branch={797} | size=1 | parse=0 | names=[免费节点10] 🇺🇸 US 549 → tg@nicevpn123 | err=-
[DROP] name=[免费节点10] 🇺🇸 US 549 → tg@nicevpn123 {797} | server=50.114.243.61:43834 | reason=mihomo start failed
[TEST] {787} tested=1/1 | kept=0 | rest=0
[DEBUG] mihomo isolate | branch={787} | size=1 | parse=0 | names=[免费节点10] 🇺🇸 US 558 → tg@nicevpn123 | err=-
[DEBUG] mihomo drop | branch={787} | size=1 | parse=0 | names=[免费节点10] 🇺🇸 US 558 → tg@nicevpn123 | err=-
[DROP] name=[免费节点10] 🇺🇸 US 558 → tg@nicevpn123 {787} | server=onea.flha.ru:2095 | reason=mihomo start failed
[TEST] {794} tested=1/1 | kept=0 | rest=0
[DEBUG] mihomo isolate | branch={794} | size=1 | parse=0 | names=[免费节点10] 🇺🇸 US 544 → tg@nicevpn123 | err=-
[DEBUG] mihomo drop | branch={794} | size=1 | parse=0 | names=[免费节点10] 🇺🇸 US 544 → tg@nicevpn123 | err=-
[DROP] name=[免费节点10] 🇺🇸 US 544 → tg@nicevpn123 {794} | server=104.16.42.222:2082 | reason=mihomo start failed
[TEST] {798} tested=1/1 | kept=0 | rest=0
[DEBUG] mihomo isolate | branch={798} | size=1 | parse=0 | names=[免费节点10] 🇺🇸 US 55 → tg@nicevpn123 | err=-
[DEBUG] mihomo drop | branch={798} | size=1 | parse=0 | names=[免费节点10] 🇺🇸 US 55 → tg@nicevpn123 | err=-
[DROP] name=[免费节点10] 🇺🇸 US 55 → tg@nicevpn123 {798} | server=14.vmessprotocol.telegram-vmessprotocol-channel.space:2086 | reason=mihomo start failed
[TEST] {792} tested=1/1 | kept=0 | rest=0
[DEBUG] mihomo isolate | branch={792} | size=1 | parse=0 | names=[免费节点10] 🇺🇸 US 565 → tg@nicevpn123 | err=-
[DEBUG] mihomo drop | branch={792} | size=1 | parse=0 | names=[免费节点10] 🇺🇸 US 565 → tg@nicevpn123 | err=-
[DROP] name=[免费节点10] 🇺🇸 US 565 → tg@nicevpn123 {792} | server=38.110.1.201:5003 | reason=mihomo start failed
[TEST] {800} tested=1/1 | kept=0 | rest=0
[DEBUG] mihomo isolate | branch={800} | size=1 | parse=0 | names=[免费节点10] 🇺🇸 US 552 → tg@nicevpn123 | err=-
[DEBUG] mihomo drop | branch={800} | size=1 | parse=0 | names=[免费节点10] 🇺🇸 US 552 → tg@nicevpn123 | err=-
[DROP] name=[免费节点10] 🇺🇸 US 552 → tg@nicevpn123 {800} | server=104.16.39.94:2082 | reason=mihomo start failed
[TEST] {801} tested=1/1 | kept=0 | rest=0
[DEBUG] mihomo isolate | branch={801} | size=1 | parse=0 | names=[免费节点10] 🇺🇸 US 553 → tg@nicevpn123 | err=-
[DEBUG] mihomo drop | branch={801} | size=1 | parse=0 | names=[免费节点10] 🇺🇸 US 553 → tg@nicevpn123 | err=-
[DROP] name=[免费节点10] 🇺🇸 US 553 → tg@nicevpn123 {801} | server=104.19.45.78:2095 | reason=mihomo start failed
[TEST] {802} tested=1/1 | kept=0 | rest=0
[DEBUG] mihomo isolate | branch={802} | size=1 | parse=0 | names=[免费节点10] 🇺🇸 US 554 → tg@nicevpn123 | err=-
[DEBUG] mihomo drop | branch={802} | size=1 | parse=0 | names=[免费节点10] 🇺🇸 US 554 → tg@nicevpn123 | err=-
[DROP] name=[免费节点10] 🇺🇸 US 554 → tg@nicevpn123 {802} | server=104.18.29.250:2052 | reason=mihomo start failed
[TEST] {793} tested=1/1 | kept=0 | rest=0
[DEBUG] mihomo isolate | branch={793} | size=1 | parse=0 | names=[免费节点10] 🇺🇸 US 566 → tg@nicevpn123 | err=-
[DEBUG] mihomo drop | branch={793} | size=1 | parse=0 | names=[免费节点10] 🇺🇸 US 566 → tg@nicevpn123 | err=-
[DROP] name=[免费节点10] 🇺🇸 US 566 → tg@nicevpn123 {793} | server=38.86.135.117:8118 | reason=mihomo start failed
[TEST] {805} tested=1/1 | kept=0 | rest=0
[DEBUG] mihomo isolate | branch={805} | size=1 | parse=0 | names=[免费节点10] 🇺🇸 US 536 → tg@nicevpn123 | err=-
[DEBUG] mihomo drop | branch={805} | size=1 | parse=0 | names=[免费节点10] 🇺🇸 US 536 → tg@nicevpn123 | err=-
[DROP] name=[免费节点10] 🇺🇸 US 536 → tg@nicevpn123 {805} | server=104.21.238.66:80 | reason=mihomo start failed
[TEST] {803} tested=1/1 | kept=0 | rest=0
[DEBUG] mihomo isolate | branch={803} | size=1 | parse=0 | names=[免费节点10] 🇺🇸 US 534 → tg@nicevpn123 | err=-
[DEBUG] mihomo drop | branch={803} | size=1 | parse=0 | names=[免费节点10] 🇺🇸 US 534 → tg@nicevpn123 | err=-
[DROP] name=[免费节点10] 🇺🇸 US 534 → tg@nicevpn123 {803} | server=au01.freeflyingcloud.xyz:42002 | reason=mihomo start failed
[TEST] {796} tested=1/1 | kept=0 | rest=0
[DEBUG] mihomo isolate | branch={796} | size=1 | parse=0 | names=[免费节点10] 🇺🇸 US 548 → tg@nicevpn123 | err=-
[DEBUG] mihomo drop | branch={796} | size=1 | parse=0 | names=[免费节点10] 🇺🇸 US 548 → tg@nicevpn123 | err=-
[DROP] name=[免费节点10] 🇺🇸 US 548 → tg@nicevpn123 {796} | server=172.67.57.252:8880 | reason=mihomo start failed
[TEST] {799} tested=1/1 | kept=0 | rest=0
[DEBUG] mihomo isolate | branch={799} | size=1 | parse=0 | names=[免费节点10] 🇺🇸 US 551 → tg@nicevpn123 | err=-
[DEBUG] mihomo drop | branch={799} | size=1 | parse=0 | names=[免费节点10] 🇺🇸 US 551 → tg@nicevpn123 | err=-
[DROP] name=[免费节点10] 🇺🇸 US 551 → tg@nicevpn123 {799} | server=38.114.114.208:443 | reason=mihomo start failed
[TEST] {807} tested=1/1 | kept=0 | rest=0
[DEBUG] mihomo isolate | branch={807} | size=1 | parse=0 | names=[免费节点10] 🇺🇸 US 539 → tg@nicevpn123 | err=-
[DEBUG] mihomo drop | branch={807} | size=1 | parse=0 | names=[免费节点10] 🇺🇸 US 539 → tg@nicevpn123 | err=-
[DROP] name=[免费节点10] 🇺🇸 US 539 → tg@nicevpn123 {807} | server=13.35.13.130:443 | reason=mihomo start failed
[TEST] {804} tested=1/1 | kept=0 | rest=0
[DEBUG] mihomo isolate | branch={804} | size=1 | parse=0 | names=[免费节点10] 🇺🇸 US 535 → tg@nicevpn123 | err=-
[DEBUG] mihomo drop | branch={804} | size=1 | parse=0 | names=[免费节点10] 🇺🇸 US 535 → tg@nicevpn123 | err=-
[DROP] name=[免费节点10] 🇺🇸 US 535 → tg@nicevpn123 {804} | server=104.207.133.131:39729 | reason=mihomo start failed
[TEST] {810} tested=1/1 | kept=0 | rest=0
[DEBUG] mihomo isolate | branch={810} | size=1 | parse=0 | names=[免费节点10] 🇺🇸 US 542 → tg@nicevpn123 | err=-
[DEBUG] mihomo drop | branch={810} | size=1 | parse=0 | names=[免费节点10] 🇺🇸 US 542 → tg@nicevpn123 | err=-
[DROP] name=[免费节点10] 🇺🇸 US 542 → tg@nicevpn123 {810} | server=172.67.152.200:443 | reason=mihomo start failed
[TEST] {811} tested=1/1 | kept=0 | rest=0
[DEBUG] mihomo isolate | branch={811} | size=1 | parse=0 | names=[免费节点10] 🇺🇸 US 543 → tg@nicevpn123 | err=-
[DEBUG] mihomo drop | branch={811} | size=1 | parse=0 | names=[免费节点10] 🇺🇸 US 543 → tg@nicevpn123 | err=-
[DROP] name=[免费节点10] 🇺🇸 US 543 → tg@nicevpn123 {811} | server=104.19.45.56:2095 | reason=mihomo start failed
[TEST] {812} tested=1/1 | kept=0 | rest=0
[DEBUG] mihomo isolate | branch={812} | size=1 | parse=0 | names=[免费节点10] 🇺🇸 US 266 → tg@nicevpn123 | err=-
[DEBUG] mihomo drop | branch={812} | size=1 | parse=0 | names=[免费节点10] 🇺🇸 US 266 → tg@nicevpn123 | err=-
[DROP] name=[免费节点10] 🇺🇸 US 266 → tg@nicevpn123 {812} | server=104.19.45.184:2095 | reason=mihomo start failed
[TEST] {806} tested=1/1 | kept=0 | rest=0
[DEBUG] mihomo isolate | branch={806} | size=1 | parse=0 | names=[免费节点10] 🇺🇸 US 537 → tg@nicevpn123 | err=-
[DEBUG] mihomo drop | branch={806} | size=1 | parse=0 | names=[免费节点10] 🇺🇸 US 537 → tg@nicevpn123 | err=-
[DROP] name=[免费节点10] 🇺🇸 US 537 → tg@nicevpn123 {806} | server=205.234.232.189:50129 | reason=mihomo start failed
[TEST] {813} tested=1/1 | kept=0 | rest=0
[DEBUG] mihomo isolate | branch={813} | size=1 | parse=0 | names=[免费节点10] 🇺🇸 US 268 → tg@nicevpn123 | err=-
[DEBUG] mihomo drop | branch={813} | size=1 | parse=0 | names=[免费节点10] 🇺🇸 US 268 → tg@nicevpn123 | err=-
[DROP] name=[免费节点10] 🇺🇸 US 268 → tg@nicevpn123 {813} | server=104.17.147.6:443 | reason=mihomo start failed
[TEST] {808} tested=1/1 | kept=0 | rest=0
[DEBUG] mihomo isolate | branch={808} | size=1 | parse=0 | names=[免费节点10] 🇺🇸 US 540 → tg@nicevpn123 | err=-
[DEBUG] mihomo drop | branch={808} | size=1 | parse=0 | names=[免费节点10] 🇺🇸 US 540 → tg@nicevpn123 | err=-
[DROP] name=[免费节点10] 🇺🇸 US 540 → tg@nicevpn123 {808} | server=38.75.137.42:5004 | reason=mihomo start failed
[TEST] {809} tested=1/1 | kept=0 | rest=0
[DEBUG] mihomo isolate | branch={809} | size=1 | parse=0 | names=[免费节点10] 🇺🇸 US 541 → tg@nicevpn123 | err=-
[DEBUG] mihomo drop | branch={809} | size=1 | parse=0 | names=[免费节点10] 🇺🇸 US 541 → tg@nicevpn123 | err=-
[DROP] name=[免费节点10] 🇺🇸 US 541 → tg@nicevpn123 {809} | server=38.110.1.43:9101 | reason=mihomo start failed
[TEST] {815} tested=1/1 | kept=0 | rest=0
[DEBUG] mihomo isolate | branch={815} | size=1 | parse=0 | names=[免费节点10] 🇺🇸 US 27 → tg@nicevpn123 | err=-
[DEBUG] mihomo drop | branch={815} | size=1 | parse=0 | names=[免费节点10] 🇺🇸 US 27 → tg@nicevpn123 | err=-
[DROP] name=[免费节点10] 🇺🇸 US 27 → tg@nicevpn123 {815} | server=104.19.45.124:2095 | reason=mihomo start failed
[TEST] {818} tested=1/1 | kept=0 | rest=0
[DEBUG] mihomo isolate | branch={818} | size=1 | parse=0 | names=[免费节点10] 🇺🇸 US 272 → tg@nicevpn123 | err=-
[DEBUG] mihomo drop | branch={818} | size=1 | parse=0 | names=[免费节点10] 🇺🇸 US 272 → tg@nicevpn123 | err=-
[DROP] name=[免费节点10] 🇺🇸 US 272 → tg@nicevpn123 {818} | server=qin19.rong1104.uk:2053 | reason=mihomo start failed
[TEST] {817} tested=1/1 | kept=0 | rest=0
[DEBUG] mihomo isolate | branch={817} | size=1 | parse=0 | names=[免费节点10] 🇺🇸 US 271 → tg@nicevpn123 | err=-
[DEBUG] mihomo drop | branch={817} | size=1 | parse=0 | names=[免费节点10] 🇺🇸 US 271 → tg@nicevpn123 | err=-
[DROP] name=[免费节点10] 🇺🇸 US 271 → tg@nicevpn123 {817} | server=104.19.45.137:2095 | reason=mihomo start failed
[TEST] {814} tested=1/1 | kept=0 | rest=0
[DEBUG] mihomo isolate | branch={814} | size=1 | parse=0 | names=[免费节点10] 🇺🇸 US 269 → tg@nicevpn123 | err=-
[DEBUG] mihomo drop | branch={814} | size=1 | parse=0 | names=[免费节点10] 🇺🇸 US 269 → tg@nicevpn123 | err=-
[DROP] name=[免费节点10] 🇺🇸 US 269 → tg@nicevpn123 {814} | server=172.105.150.181:28953 | reason=mihomo start failed
[TEST] {816} tested=1/1 | kept=0 | rest=0
[DEBUG] mihomo isolate | branch={816} | size=1 | parse=0 | names=[免费节点10] 🇺🇸 US 270 → tg@nicevpn123 | err=-
[DEBUG] mihomo drop | branch={816} | size=1 | parse=0 | names=[免费节点10] 🇺🇸 US 270 → tg@nicevpn123 | err=-
[DROP] name=[免费节点10] 🇺🇸 US 270 → tg@nicevpn123 {816} | server=38.86.135.225:6697 | reason=mihomo start failed
[TEST] {819} tested=1/1 | kept=0 | rest=0
[DEBUG] mihomo isolate | branch={819} | size=1 | parse=0 | names=[免费节点10] 🇺🇸 US 273 → tg@nicevpn123 | err=-
[DEBUG] mihomo drop | branch={819} | size=1 | parse=0 | names=[免费节点10] 🇺🇸 US 273 → tg@nicevpn123 | err=-
[DROP] name=[免费节点10] 🇺🇸 US 273 → tg@nicevpn123 {819} | server=45.63.87.228:57337 | reason=mihomo start failed
[TEST] {823} tested=5/5 | kept=0 | rest=0
[DEBUG] mihomo split-small | branch={823} | size=5 | parse=0 | names=[免费节点10] 🇺🇸 US 291 → tg@nicevpn123,[免费节点10] 🇺🇸 US 293 → tg@nicevpn123,[免费节点10] 🇺🇸 US 296 → tg@nicevpn123...+2 | err=-
[WARN] batch start failed | size=5 {823} | split=1 {1146} + 1 {1147} + 1 {1148} + 1 {1149} + 1 {1150}
[TEST] {821} tested=5/5 | kept=0 | rest=0
[DEBUG] mihomo split-small | branch={821} | size=5 | parse=0 | names=[免费节点10] 🇺🇸 US 278 → tg@nicevpn123,[免费节点10] 🇺🇸 US 279 → tg@nicevpn123,[免费节点10] 🇺🇸 US 28 → tg@nicevpn123...+2 | err=-
[WARN] batch start failed | size=5 {821} | split=1 {1151} + 1 {1152} + 1 {1153} + 1 {1154} + 1 {1155}
[TEST] {820} tested=4/4 | kept=0 | rest=0
[DEBUG] mihomo split-small | branch={820} | size=4 | parse=0 | names=[免费节点10] 🇺🇸 US 274 → tg@nicevpn123,[免费节点10] 🇺🇸 US 275 → tg@nicevpn123,[免费节点10] 🇺🇸 US 276 → tg@nicevpn123...+1 | err=-
[WARN] batch start failed | size=4 {820} | split=1 {1156} + 1 {1157} + 1 {1158} + 1 {1159}
[TEST] {822} tested=4/4 | kept=0 | rest=0
[DEBUG] mihomo split-small | branch={822} | size=4 | parse=0 | names=[免费节点10] 🇺🇸 US 283 → tg@nicevpn123,[免费节点10] 🇺🇸 US 284 → tg@nicevpn123,[免费节点10] 🇺🇸 US 285 → tg@nicevpn123...+1 | err=-
[WARN] batch start failed | size=4 {822} | split=1 {1160} + 1 {1161} + 1 {1162} + 1 {1163}
[TEST] {826} tested=1/1 | kept=0 | rest=0
[DEBUG] mihomo isolate | branch={826} | size=1 | parse=0 | names=[免费节点10] 🇺🇸 US 223 → tg@nicevpn123 | err=-
[DEBUG] mihomo drop | branch={826} | size=1 | parse=0 | names=[免费节点10] 🇺🇸 US 223 → tg@nicevpn123 | err=-
[DROP] name=[免费节点10] 🇺🇸 US 223 → tg@nicevpn123 {826} | server=104.19.45.59:2095 | reason=mihomo start failed
[TEST] {828} tested=1/1 | kept=0 | rest=0
[DEBUG] mihomo isolate | branch={828} | size=1 | parse=0 | names=[免费节点10] 🇺🇸 US 228 → tg@nicevpn123 | err=-
[DEBUG] mihomo drop | branch={828} | size=1 | parse=0 | names=[免费节点10] 🇺🇸 US 228 → tg@nicevpn123 | err=-
[DROP] name=[免费节点10] 🇺🇸 US 228 → tg@nicevpn123 {828} | server=104.16.42.0:2082 | reason=mihomo start failed
[TEST] {829} tested=1/1 | kept=0 | rest=0
[DEBUG] mihomo isolate | branch={829} | size=1 | parse=0 | names=[免费节点10] 🇺🇸 US 23 → tg@nicevpn123 | err=-
[DEBUG] mihomo drop | branch={829} | size=1 | parse=0 | names=[免费节点10] 🇺🇸 US 23 → tg@nicevpn123 | err=-
[DROP] name=[免费节点10] 🇺🇸 US 23 → tg@nicevpn123 {829} | server=104.19.42.72:2082 | reason=mihomo start failed
[TEST] {831} tested=1/1 | kept=0 | rest=0
[DEBUG] mihomo isolate | branch={831} | size=1 | parse=0 | names=[免费节点10] 🇺🇸 US 233 → tg@nicevpn123 | err=-
[DEBUG] mihomo drop | branch={831} | size=1 | parse=0 | names=[免费节点10] 🇺🇸 US 233 → tg@nicevpn123 | err=-
[DROP] name=[免费节点10] 🇺🇸 US 233 → tg@nicevpn123 {831} | server=104.19.45.201:2095 | reason=mihomo start failed
[TEST] {830} tested=1/1 | kept=0 | rest=0
[DEBUG] mihomo isolate | branch={830} | size=1 | parse=0 | names=[免费节点10] 🇺🇸 US 232 → tg@nicevpn123 | err=-
[DEBUG] mihomo drop | branch={830} | size=1 | parse=0 | names=[免费节点10] 🇺🇸 US 232 → tg@nicevpn123 | err=-
[DROP] name=[免费节点10] 🇺🇸 US 232 → tg@nicevpn123 {830} | server=104.19.45.14:2095 | reason=mihomo start failed
[TEST] {833} tested=1/1 | kept=0 | rest=0
[DEBUG] mihomo isolate | branch={833} | size=1 | parse=0 | names=[免费节点10] 🇺🇸 US 235 → tg@nicevpn123 | err=-
[DEBUG] mihomo drop | branch={833} | size=1 | parse=0 | names=[免费节点10] 🇺🇸 US 235 → tg@nicevpn123 | err=-
[DROP] name=[免费节点10] 🇺🇸 US 235 → tg@nicevpn123 {833} | server=104.16.43.245:2082 | reason=mihomo start failed
[TEST] {832} tested=1/1 | kept=0 | rest=0
[DEBUG] mihomo isolate | branch={832} | size=1 | parse=0 | names=[免费节点10] 🇺🇸 US 234 → tg@nicevpn123 | err=-
[DEBUG] mihomo drop | branch={832} | size=1 | parse=0 | names=[免费节点10] 🇺🇸 US 234 → tg@nicevpn123 | err=-
[DROP] name=[免费节点10] 🇺🇸 US 234 → tg@nicevpn123 {832} | server=104.17.147.11:443 | reason=mihomo start failed
[TEST] {834} tested=1/1 | kept=0 | rest=0
[DEBUG] mihomo isolate | branch={834} | size=1 | parse=0 | names=[免费节点10] 🇺🇸 US 385 → tg@nicevpn123 | err=-
[DEBUG] mihomo drop | branch={834} | size=1 | parse=0 | names=[免费节点10] 🇺🇸 US 385 → tg@nicevpn123 | err=-
[DROP] name=[免费节点10] 🇺🇸 US 385 → tg@nicevpn123 {834} | server=104.19.45.106:2095 | reason=mihomo start failed
[TEST] {835} tested=1/1 | kept=0 | rest=0
[DEBUG] mihomo isolate | branch={835} | size=1 | parse=0 | names=[免费节点10] 🇺🇸 US 386 → tg@nicevpn123 | err=-
[DEBUG] mihomo drop | branch={835} | size=1 | parse=0 | names=[免费节点10] 🇺🇸 US 386 → tg@nicevpn123 | err=-
[DROP] name=[免费节点10] 🇺🇸 US 386 → tg@nicevpn123 {835} | server=104.16.96.41:443 | reason=mihomo start failed
[TEST] {836} tested=1/1 | kept=0 | rest=0
[DEBUG] mihomo isolate | branch={836} | size=1 | parse=0 | names=[免费节点10] 🇺🇸 US 387 → tg@nicevpn123 | err=-
[DEBUG] mihomo drop | branch={836} | size=1 | parse=0 | names=[免费节点10] 🇺🇸 US 387 → tg@nicevpn123 | err=-
[DROP] name=[免费节点10] 🇺🇸 US 387 → tg@nicevpn123 {836} | server=38.110.1.105:5004 | reason=mihomo start failed
[TEST] {837} tested=1/1 | kept=0 | rest=0
[DEBUG] mihomo isolate | branch={837} | size=1 | parse=0 | names=[免费节点10] 🇺🇸 US 388 → tg@nicevpn123 | err=-
[DEBUG] mihomo drop | branch={837} | size=1 | parse=0 | names=[免费节点10] 🇺🇸 US 388 → tg@nicevpn123 | err=-
[DROP] name=[免费节点10] 🇺🇸 US 388 → tg@nicevpn123 {837} | server=104.16.196.41:443 | reason=mihomo start failed
[TEST] {825} tested=5/5 | kept=0 | rest=0
[DEBUG] mihomo split-small | branch={825} | size=5 | parse=0 | names=[免费节点10] 🇺🇸 US 302 → tg@nicevpn123,[免费节点10] 🇺🇸 US 304 → tg@nicevpn123,[免费节点10] 🇺🇸 US 305 → tg@nicevpn123...+2 | err=-
[WARN] batch start failed | size=5 {825} | split=1 {1164} + 1 {1165} + 1 {1166} + 1 {1167} + 1 {1168}
[TEST] {824} tested=4/4 | kept=0 | rest=0
[DEBUG] mihomo split-small | branch={824} | size=4 | parse=0 | names=[免费节点10] 🇺🇸 US 3 → tg@nicevpn123,[免费节点10] 🇺🇸 US 30 → tg@nicevpn123,[免费节点10] 🇺🇸 US 300 → tg@nicevpn123...+1 | err=-
[WARN] batch start failed | size=4 {824} | split=1 {1169} + 1 {1170} + 1 {1171} + 1 {1172}
[TEST] {840} tested=1/1 | kept=0 | rest=0
[DEBUG] mihomo isolate | branch={840} | size=1 | parse=0 | names=[免费节点10] 🇺🇸 US 374 → tg@nicevpn123 | err=-
[DEBUG] mihomo drop | branch={840} | size=1 | parse=0 | names=[免费节点10] 🇺🇸 US 374 → tg@nicevpn123 | err=-
[DROP] name=[免费节点10] 🇺🇸 US 374 → tg@nicevpn123 {840} | server=38.60.204.119:56836 | reason=mihomo start failed
[TEST] {842} tested=1/1 | kept=0 | rest=0
[DEBUG] mihomo isolate | branch={842} | size=1 | parse=0 | names=[免费节点10] 🇺🇸 US 376 → tg@nicevpn123 | err=-
[DEBUG] mihomo drop | branch={842} | size=1 | parse=0 | names=[免费节点10] 🇺🇸 US 376 → tg@nicevpn123 | err=-
[DROP] name=[免费节点10] 🇺🇸 US 376 → tg@nicevpn123 {842} | server=104.19.159.10:443 | reason=mihomo start failed
[TEST] {827} tested=1/1 | kept=0 | rest=0
[DEBUG] mihomo isolate | branch={827} | size=1 | parse=0 | names=[免费节点10] 🇺🇸 US 227 → tg@nicevpn123 | err=-
[DEBUG] mihomo drop | branch={827} | size=1 | parse=0 | names=[免费节点10] 🇺🇸 US 227 → tg@nicevpn123 | err=-
[DROP] name=[免费节点10] 🇺🇸 US 227 → tg@nicevpn123 {827} | server=38.173.210.79:37001 | reason=mihomo start failed
[TEST] {843} tested=1/1 | kept=0 | rest=0
[DEBUG] mihomo isolate | branch={843} | size=1 | parse=0 | names=[免费节点10] 🇺🇸 US 378 → tg@nicevpn123 | err=-
[DEBUG] mihomo drop | branch={843} | size=1 | parse=0 | names=[免费节点10] 🇺🇸 US 378 → tg@nicevpn123 | err=-
[DROP] name=[免费节点10] 🇺🇸 US 378 → tg@nicevpn123 {843} | server=104.16.153.209:80 | reason=mihomo start failed
[TEST] {841} tested=1/1 | kept=0 | rest=0
[DEBUG] mihomo isolate | branch={841} | size=1 | parse=0 | names=[免费节点10] 🇺🇸 US 375 → tg@nicevpn123 | err=-
[DEBUG] mihomo drop | branch={841} | size=1 | parse=0 | names=[免费节点10] 🇺🇸 US 375 → tg@nicevpn123 | err=-
[DROP] name=[免费节点10] 🇺🇸 US 375 → tg@nicevpn123 {841} | server=b834o-g01.jp03-7d22-vm0.entry.fr0307a.art:21581 | reason=mihomo start failed
[TEST] {844} tested=1/1 | kept=0 | rest=0
[DEBUG] mihomo isolate | branch={844} | size=1 | parse=0 | names=[免费节点10] 🇺🇸 US 247 → tg@nicevpn123 | err=-
[DEBUG] mihomo drop | branch={844} | size=1 | parse=0 | names=[免费节点10] 🇺🇸 US 247 → tg@nicevpn123 | err=-
[DROP] name=[免费节点10] 🇺🇸 US 247 → tg@nicevpn123 {844} | server=qin17.rong1104.uk:2053 | reason=mihomo start failed
[TEST] {839} tested=5/5 | kept=0 | rest=0
[DEBUG] mihomo split-small | branch={839} | size=5 | parse=0 | names=[免费节点10] 🇺🇸 US 24 → tg@nicevpn123,[免费节点10] 🇺🇸 US 240 → tg@nicevpn123,[免费节点10] 🇺🇸 US 242 → tg@nicevpn123...+2 | err=-
[WARN] batch start failed | size=5 {839} | split=1 {1173} + 1 {1174} + 1 {1175} + 1 {1176} + 1 {1177}
[TEST] {838} tested=4/4 | kept=0 | rest=0
[DEBUG] mihomo split-small | branch={838} | size=4 | parse=0 | names=[免费节点10] 🇺🇸 US 236 → tg@nicevpn123,[免费节点10] 🇺🇸 US 237 → tg@nicevpn123,[免费节点10] 🇺🇸 US 238 → tg@nicevpn123...+1 | err=-
[WARN] batch start failed | size=4 {838} | split=1 {1178} + 1 {1179} + 1 {1180} + 1 {1181}
[TEST] {845} tested=1/1 | kept=0 | rest=0
[DEBUG] mihomo isolate | branch={845} | size=1 | parse=0 | names=[免费节点10] 🇺🇸 US 250 → tg@nicevpn123 | err=-
[DEBUG] mihomo drop | branch={845} | size=1 | parse=0 | names=[免费节点10] 🇺🇸 US 250 → tg@nicevpn123 | err=-
[DROP] name=[免费节点10] 🇺🇸 US 250 → tg@nicevpn123 {845} | server=104.21.225.208:80 | reason=mihomo start failed
[TEST] {846} tested=1/1 | kept=0 | rest=0
[DEBUG] mihomo isolate | branch={846} | size=1 | parse=0 | names=[免费节点10] 🇺🇸 US 251 → tg@nicevpn123 | err=-
[DEBUG] mihomo drop | branch={846} | size=1 | parse=0 | names=[免费节点10] 🇺🇸 US 251 → tg@nicevpn123 | err=-
[DROP] name=[免费节点10] 🇺🇸 US 251 → tg@nicevpn123 {846} | server=ip0axv1bbsu02k7-us.1ytnode.com:56359 | reason=mihomo start failed
[TEST] {847} tested=1/1 | kept=0 | rest=0
[DEBUG] mihomo isolate | branch={847} | size=1 | parse=0 | names=[免费节点10] 🇺🇸 US 253 → tg@nicevpn123 | err=-
[DEBUG] mihomo drop | branch={847} | size=1 | parse=0 | names=[免费节点10] 🇺🇸 US 253 → tg@nicevpn123 | err=-
[DROP] name=[免费节点10] 🇺🇸 US 253 → tg@nicevpn123 {847} | server=38.75.137.93:6679 | reason=mihomo start failed
[TEST] {851} tested=1/1 | kept=0 | rest=0
[DEBUG] mihomo isolate | branch={851} | size=1 | parse=0 | names=[免费节点10] 🇺🇸 US 257 → tg@nicevpn123 | err=-
[DEBUG] mihomo drop | branch={851} | size=1 | parse=0 | names=[免费节点10] 🇺🇸 US 257 → tg@nicevpn123 | err=-
[DROP] name=[免费节点10] 🇺🇸 US 257 → tg@nicevpn123 {851} | server=104.19.45.223:2095 | reason=mihomo start failed
[TEST] {850} tested=1/1 | kept=0 | rest=0
[DEBUG] mihomo isolate | branch={850} | size=1 | parse=0 | names=[免费节点10] 🇺🇸 US 256 → tg@nicevpn123 | err=-
[DEBUG] mihomo drop | branch={850} | size=1 | parse=0 | names=[免费节点10] 🇺🇸 US 256 → tg@nicevpn123 | err=-
[DROP] name=[免费节点10] 🇺🇸 US 256 → tg@nicevpn123 {850} | server=104.19.45.249:2095 | reason=mihomo start failed
[TEST] {848} tested=1/1 | kept=0 | rest=0
[DEBUG] mihomo isolate | branch={848} | size=1 | parse=0 | names=[免费节点10] 🇺🇸 US 254 → tg@nicevpn123 | err=-
[DEBUG] mihomo drop | branch={848} | size=1 | parse=0 | names=[免费节点10] 🇺🇸 US 254 → tg@nicevpn123 | err=-
[DROP] name=[免费节点10] 🇺🇸 US 254 → tg@nicevpn123 {848} | server=154.62.185.162:35816 | reason=mihomo start failed
[TEST] {849} tested=1/1 | kept=0 | rest=0
[DEBUG] mihomo isolate | branch={849} | size=1 | parse=0 | names=[免费节点10] 🇺🇸 US 255 → tg@nicevpn123 | err=-
[DEBUG] mihomo drop | branch={849} | size=1 | parse=0 | names=[免费节点10] 🇺🇸 US 255 → tg@nicevpn123 | err=-
[DROP] name=[免费节点10] 🇺🇸 US 255 → tg@nicevpn123 {849} | server=15.204.87.225:8090 | reason=mihomo start failed
[TEST] {852} tested=4/4 | kept=0 | rest=0
[DEBUG] mihomo split-small | branch={852} | size=4 | parse=0 | names=[免费节点10] 🇺🇸 US 258 → tg@nicevpn123,[免费节点10] 🇺🇸 US 259 → tg@nicevpn123,[免费节点10] 🇺🇸 US 26 → tg@nicevpn123...+1 | err=-
[WARN] batch start failed | size=4 {852} | split=1 {1182} + 1 {1183} + 1 {1184} + 1 {1185}
[TEST] {853} tested=5/5 | kept=0 | rest=0
[DEBUG] mihomo split-small | branch={853} | size=5 | parse=0 | names=[免费节点10] 🇺🇸 US 261 → tg@nicevpn123,[免费节点10] 🇺🇸 US 262 → tg@nicevpn123,[免费节点10] 🇺🇸 US 263 → tg@nicevpn123...+2 | err=-
[WARN] batch start failed | size=5 {853} | split=1 {1186} + 1 {1187} + 1 {1188} + 1 {1189} + 1 {1190}
[TEST] {854} tested=1/1 | kept=0 | rest=0
[DEBUG] mihomo isolate | branch={854} | size=1 | parse=0 | names=[免费节点10] 🇺🇸 US 389 → tg@nicevpn123 | err=-
[DEBUG] mihomo drop | branch={854} | size=1 | parse=0 | names=[免费节点10] 🇺🇸 US 389 → tg@nicevpn123 | err=-
[DROP] name=[免费节点10] 🇺🇸 US 389 → tg@nicevpn123 {854} | server=158.101.217.208:443 | reason=mihomo start failed
[TEST] {855} tested=1/1 | kept=0 | rest=0
[DEBUG] mihomo isolate | branch={855} | size=1 | parse=0 | names=[免费节点10] 🇺🇸 US 39 → tg@nicevpn123 | err=-
[DEBUG] mihomo drop | branch={855} | size=1 | parse=0 | names=[免费节点10] 🇺🇸 US 39 → tg@nicevpn123 | err=-
[DROP] name=[免费节点10] 🇺🇸 US 39 → tg@nicevpn123 {855} | server=38.75.136.33:9102 | reason=mihomo start failed
[TEST] {856} tested=1/1 | kept=0 | rest=0
[DEBUG] mihomo isolate | branch={856} | size=1 | parse=0 | names=[免费节点10] 🇺🇸 US 390 → tg@nicevpn123 | err=-
[DEBUG] mihomo drop | branch={856} | size=1 | parse=0 | names=[免费节点10] 🇺🇸 US 390 → tg@nicevpn123 | err=-
[DROP] name=[免费节点10] 🇺🇸 US 390 → tg@nicevpn123 {856} | server=104.19.45.186:2095 | reason=mihomo start failed
[TEST] {857} tested=1/1 | kept=0 | rest=0
[DEBUG] mihomo isolate | branch={857} | size=1 | parse=0 | names=[免费节点10] 🇺🇸 US 391 → tg@nicevpn123 | err=-
[DEBUG] mihomo drop | branch={857} | size=1 | parse=0 | names=[免费节点10] 🇺🇸 US 391 → tg@nicevpn123 | err=-
[DROP] name=[免费节点10] 🇺🇸 US 391 → tg@nicevpn123 {857} | server=52.32.221.7:443 | reason=mihomo start failed
[TEST] {858} tested=1/1 | kept=0 | rest=0
[DEBUG] mihomo isolate | branch={858} | size=1 | parse=0 | names=[免费节点10] 🇺🇸 US 392 → tg@nicevpn123 | err=-
[DEBUG] mihomo drop | branch={858} | size=1 | parse=0 | names=[免费节点10] 🇺🇸 US 392 → tg@nicevpn123 | err=-
[DROP] name=[免费节点10] 🇺🇸 US 392 → tg@nicevpn123 {858} | server=157.245.148.244:443 | reason=mihomo start failed
[TEST] {861} tested=1/1 | kept=0 | rest=0
[DEBUG] mihomo isolate | branch={861} | size=1 | parse=0 | names=[免费节点10] 🇺🇸 US 381 → tg@nicevpn123 | err=-
[DEBUG] mihomo drop | branch={861} | size=1 | parse=0 | names=[免费节点10] 🇺🇸 US 381 → tg@nicevpn123 | err=-
[DROP] name=[免费节点10] 🇺🇸 US 381 → tg@nicevpn123 {861} | server=104.16.40.112:2082 | reason=mihomo start failed
[TEST] {863} tested=1/1 | kept=0 | rest=0
[DEBUG] mihomo isolate | branch={863} | size=1 | parse=0 | names=[免费节点10] 🇺🇸 US 384 → tg@nicevpn123 | err=-
[DEBUG] mihomo drop | branch={863} | size=1 | parse=0 | names=[免费节点10] 🇺🇸 US 384 → tg@nicevpn123 | err=-
[DROP] name=[免费节点10] 🇺🇸 US 384 → tg@nicevpn123 {863} | server=104.19.45.170:2095 | reason=mihomo start failed
[TEST] {865} tested=1/1 | kept=0 | rest=0
[DEBUG] mihomo isolate | branch={865} | size=1 | parse=0 | names=[免费节点10] 🇺🇸 US 365 → tg@nicevpn123 | err=-
[DEBUG] mihomo drop | branch={865} | size=1 | parse=0 | names=[免费节点10] 🇺🇸 US 365 → tg@nicevpn123 | err=-
[DROP] name=[免费节点10] 🇺🇸 US 365 → tg@nicevpn123 {865} | server=18.183.146.49:443 | reason=mihomo start failed
[TEST] {867} tested=1/1 | kept=0 | rest=0
[DEBUG] mihomo isolate | branch={867} | size=1 | parse=0 | names=[免费节点10] 🇺🇸 US 369 → tg@nicevpn123 | err=-
[DEBUG] mihomo drop | branch={867} | size=1 | parse=0 | names=[免费节点10] 🇺🇸 US 369 → tg@nicevpn123 | err=-
[DROP] name=[免费节点10] 🇺🇸 US 369 → tg@nicevpn123 {867} | server=104.16.40.23:2082 | reason=mihomo start failed
[TEST] {866} tested=1/1 | kept=0 | rest=0
[DEBUG] mihomo isolate | branch={866} | size=1 | parse=0 | names=[免费节点10] 🇺🇸 US 367 → tg@nicevpn123 | err=-
[DEBUG] mihomo drop | branch={866} | size=1 | parse=0 | names=[免费节点10] 🇺🇸 US 367 → tg@nicevpn123 | err=-
[DROP] name=[免费节点10] 🇺🇸 US 367 → tg@nicevpn123 {866} | server=104.16.39.179:2082 | reason=mihomo start failed
[TEST] {860} tested=1/1 | kept=0 | rest=0
[DEBUG] mihomo isolate | branch={860} | size=1 | parse=0 | names=[免费节点10] 🇺🇸 US 380 → tg@nicevpn123 | err=-
[DEBUG] mihomo drop | branch={860} | size=1 | parse=0 | names=[免费节点10] 🇺🇸 US 380 → tg@nicevpn123 | err=-
[DROP] name=[免费节点10] 🇺🇸 US 380 → tg@nicevpn123 {860} | server=45.77.220.169:41207 | reason=mihomo start failed
[TEST] {859} tested=1/1 | kept=0 | rest=0
[DEBUG] mihomo isolate | branch={859} | size=1 | parse=0 | names=[免费节点10] 🇺🇸 US 38 → tg@nicevpn123 | err=-
[DEBUG] mihomo drop | branch={859} | size=1 | parse=0 | names=[免费节点10] 🇺🇸 US 38 → tg@nicevpn123 | err=-
[DROP] name=[免费节点10] 🇺🇸 US 38 → tg@nicevpn123 {859} | server=38.110.1.43:8009 | reason=mihomo start failed
[TEST] {864} tested=1/1 | kept=0 | rest=0
[DEBUG] mihomo isolate | branch={864} | size=1 | parse=0 | names=[免费节点10] 🇺🇸 US 364 → tg@nicevpn123 | err=-
[DEBUG] mihomo drop | branch={864} | size=1 | parse=0 | names=[免费节点10] 🇺🇸 US 364 → tg@nicevpn123 | err=-
[DROP] name=[免费节点10] 🇺🇸 US 364 → tg@nicevpn123 {864} | server=104.21.225.2:80 | reason=mihomo start failed
[TEST] {868} tested=1/1 | kept=0 | rest=0
[DEBUG] mihomo isolate | branch={868} | size=1 | parse=0 | names=[免费节点10] 🇺🇸 US 372 → tg@nicevpn123 | err=-
[DEBUG] mihomo drop | branch={868} | size=1 | parse=0 | names=[免费节点10] 🇺🇸 US 372 → tg@nicevpn123 | err=-
[DROP] name=[免费节点10] 🇺🇸 US 372 → tg@nicevpn123 {868} | server=lt2-vmess.sshmax.xyz:80 | reason=mihomo start failed
[TEST] {870} tested=1/1 | kept=0 | rest=0
[DEBUG] mihomo isolate | branch={870} | size=1 | parse=0 | names=[免费节点10] 🇺🇸 US 360 → tg@nicevpn123 | err=-
[DEBUG] mihomo drop | branch={870} | size=1 | parse=0 | names=[免费节点10] 🇺🇸 US 360 → tg@nicevpn123 | err=-
[DROP] name=[免费节点10] 🇺🇸 US 360 → tg@nicevpn123 {870} | server=104.16.42.181:2082 | reason=mihomo start failed
[TEST] {872} tested=1/1 | kept=0 | rest=0
[DEBUG] mihomo isolate | branch={872} | size=1 | parse=0 | names=[免费节点10] 🇺🇸 US 363 → tg@nicevpn123 | err=-
[DEBUG] mihomo drop | branch={872} | size=1 | parse=0 | names=[免费节点10] 🇺🇸 US 363 → tg@nicevpn123 | err=-
[DROP] name=[免费节点10] 🇺🇸 US 363 → tg@nicevpn123 {872} | server=104.16.42.223:2082 | reason=mihomo start failed
[TEST] {871} tested=1/1 | kept=0 | rest=0
[DEBUG] mihomo isolate | branch={871} | size=1 | parse=0 | names=[免费节点10] 🇺🇸 US 361 → tg@nicevpn123 | err=-
[DEBUG] mihomo drop | branch={871} | size=1 | parse=0 | names=[免费节点10] 🇺🇸 US 361 → tg@nicevpn123 | err=-
[DROP] name=[免费节点10] 🇺🇸 US 361 → tg@nicevpn123 {871} | server=104.19.45.93:2095 | reason=mihomo start failed
[TEST] {873} tested=1/1 | kept=0 | rest=0
[TEST] {874} tested=1/1 | kept=0 | rest=0
[DEBUG] mihomo isolate | branch={873} | size=1 | parse=0 | names=[免费节点10] 🇺🇸 US 1997 → tg@nicevpn123 | err=-
[DEBUG] mihomo drop | branch={873} | size=1 | parse=0 | names=[免费节点10] 🇺🇸 US 1997 → tg@nicevpn123 | err=-
[DROP] name=[免费节点10] 🇺🇸 US 1997 → tg@nicevpn123 {873} | server=104.19.44.97:80 | reason=mihomo start failed
[DEBUG] mihomo isolate | branch={874} | size=1 | parse=0 | names=[免费节点10] 🇺🇸 US 1998 → tg@nicevpn123 | err=-
[DEBUG] mihomo drop | branch={874} | size=1 | parse=0 | names=[免费节点10] 🇺🇸 US 1998 → tg@nicevpn123 | err=-
[DROP] name=[免费节点10] 🇺🇸 US 1998 → tg@nicevpn123 {874} | server=104.19.44.89:80 | reason=mihomo start failed
[TEST] {876} tested=1/1 | kept=0 | rest=0
[TEST] {875} tested=1/1 | kept=0 | rest=0
[DEBUG] mihomo isolate | branch={875} | size=1 | parse=0 | names=[免费节点10] 🇺🇸 US 1999 → tg@nicevpn123 | err=-
[DEBUG] mihomo drop | branch={875} | size=1 | parse=0 | names=[免费节点10] 🇺🇸 US 1999 → tg@nicevpn123 | err=-
[DROP] name=[免费节点10] 🇺🇸 US 1999 → tg@nicevpn123 {875} | server=104.19.44.34:80 | reason=mihomo start failed
[DEBUG] mihomo isolate | branch={876} | size=1 | parse=0 | names=[免费节点10] 🇺🇸 US 20 → tg@nicevpn123 | err=-
[DEBUG] mihomo drop | branch={876} | size=1 | parse=0 | names=[免费节点10] 🇺🇸 US 20 → tg@nicevpn123 | err=-
[DROP] name=[免费节点10] 🇺🇸 US 20 → tg@nicevpn123 {876} | server=104.16.39.52:2082 | reason=mihomo start failed
[TEST] {879} tested=1/1 | kept=0 | rest=0
[TEST] {877} tested=1/1 | kept=0 | rest=0
[DEBUG] mihomo isolate | branch={877} | size=1 | parse=0 | names=[免费节点10] 🇺🇸 US 2000 → tg@nicevpn123 | err=-
[DEBUG] mihomo drop | branch={877} | size=1 | parse=0 | names=[免费节点10] 🇺🇸 US 2000 → tg@nicevpn123 | err=-
[DROP] name=[免费节点10] 🇺🇸 US 2000 → tg@nicevpn123 {877} | server=104.19.44.209:80 | reason=mihomo start failed
[DEBUG] mihomo isolate | branch={879} | size=1 | parse=0 | names=[免费节点10] 🇺🇸 US 2002 → tg@nicevpn123 | err=-
[DEBUG] mihomo drop | branch={879} | size=1 | parse=0 | names=[免费节点10] 🇺🇸 US 2002 → tg@nicevpn123 | err=-
[DROP] name=[免费节点10] 🇺🇸 US 2002 → tg@nicevpn123 {879} | server=104.19.44.91:80 | reason=mihomo start failed
[TEST] {878} tested=1/1 | kept=0 | rest=0
[TEST] {880} tested=1/1 | kept=0 | rest=0
[DEBUG] mihomo isolate | branch={878} | size=1 | parse=0 | names=[免费节点10] 🇺🇸 US 2001 → tg@nicevpn123 | err=-
[DEBUG] mihomo drop | branch={878} | size=1 | parse=0 | names=[免费节点10] 🇺🇸 US 2001 → tg@nicevpn123 | err=-
[DROP] name=[免费节点10] 🇺🇸 US 2001 → tg@nicevpn123 {878} | server=104.19.44.33:80 | reason=mihomo start failed
[DEBUG] mihomo isolate | branch={880} | size=1 | parse=0 | names=[免费节点10] 🇺🇸 US 2003 → tg@nicevpn123 | err=-
[DEBUG] mihomo drop | branch={880} | size=1 | parse=0 | names=[免费节点10] 🇺🇸 US 2003 → tg@nicevpn123 | err=-
[DROP] name=[免费节点10] 🇺🇸 US 2003 → tg@nicevpn123 {880} | server=104.19.44.167:80 | reason=mihomo start failed
[TEST] {881} tested=1/1 | kept=0 | rest=0
[TEST] {883} tested=1/1 | kept=0 | rest=0
[DEBUG] mihomo isolate | branch={883} | size=1 | parse=0 | names=[免费节点10] 🇺🇸 US 403 → tg@nicevpn123 | err=-
[DEBUG] mihomo drop | branch={883} | size=1 | parse=0 | names=[免费节点10] 🇺🇸 US 403 → tg@nicevpn123 | err=-
[DROP] name=[免费节点10] 🇺🇸 US 403 → tg@nicevpn123 {883} | server=104.19.250.15:2052 | reason=mihomo start failed
[DEBUG] mihomo isolate | branch={881} | size=1 | parse=0 | names=[免费节点10] 🇺🇸 US 2004 → tg@nicevpn123 | err=-
[DEBUG] mihomo drop | branch={881} | size=1 | parse=0 | names=[免费节点10] 🇺🇸 US 2004 → tg@nicevpn123 | err=-
[DROP] name=[免费节点10] 🇺🇸 US 2004 → tg@nicevpn123 {881} | server=104.19.44.144:80 | reason=mihomo start failed
[TEST] {884} tested=1/1 | kept=0 | rest=0
[DEBUG] mihomo isolate | branch={884} | size=1 | parse=0 | names=[免费节点10] 🇺🇸 US 404 → tg@nicevpn123 | err=-
[DEBUG] mihomo drop | branch={884} | size=1 | parse=0 | names=[免费节点10] 🇺🇸 US 404 → tg@nicevpn123 | err=-
[DROP] name=[免费节点10] 🇺🇸 US 404 → tg@nicevpn123 {884} | server=104.16.57.148:8080 | reason=mihomo start failed
[TEST] {862} tested=1/1 | kept=0 | rest=0
[DEBUG] mihomo isolate | branch={862} | size=1 | parse=0 | names=[免费节点10] 🇺🇸 US 383 → tg@nicevpn123 | err=-
[DEBUG] mihomo drop | branch={862} | size=1 | parse=0 | names=[免费节点10] 🇺🇸 US 383 → tg@nicevpn123 | err=-
[DROP] name=[免费节点10] 🇺🇸 US 383 → tg@nicevpn123 {862} | server=162.19.25.207:34232 | reason=mihomo start failed
[TEST] {869} tested=1/1 | kept=0 | rest=0
[DEBUG] mihomo isolate | branch={869} | size=1 | parse=0 | names=[免费节点10] 🇺🇸 US 36 → tg@nicevpn123 | err=-
[DEBUG] mihomo drop | branch={869} | size=1 | parse=0 | names=[免费节点10] 🇺🇸 US 36 → tg@nicevpn123 | err=-
[DROP] name=[免费节点10] 🇺🇸 US 36 → tg@nicevpn123 {869} | server=167.88.61.159:9101 | reason=mihomo start failed
[TEST] {888} tested=1/1 | kept=0 | rest=0
[DEBUG] mihomo isolate | branch={888} | size=1 | parse=0 | names=[免费节点10] 🇺🇸 US 408 → tg@nicevpn123 | err=-
[DEBUG] mihomo drop | branch={888} | size=1 | parse=0 | names=[免费节点10] 🇺🇸 US 408 → tg@nicevpn123 | err=-
[DROP] name=[免费节点10] 🇺🇸 US 408 → tg@nicevpn123 {888} | server=104.16.39.151:2082 | reason=mihomo start failed
[TEST] {886} tested=1/1 | kept=0 | rest=0
[DEBUG] mihomo isolate | branch={886} | size=1 | parse=0 | names=[免费节点10] 🇺🇸 US 406 → tg@nicevpn123 | err=-
[DEBUG] mihomo drop | branch={886} | size=1 | parse=0 | names=[免费节点10] 🇺🇸 US 406 → tg@nicevpn123 | err=-
[DROP] name=[免费节点10] 🇺🇸 US 406 → tg@nicevpn123 {886} | server=172.67.184.53:8443 | reason=mihomo start failed
[TEST] {882} tested=1/1 | kept=0 | rest=0
[DEBUG] mihomo isolate | branch={882} | size=1 | parse=0 | names=[免费节点10] 🇺🇸 US 402 → tg@nicevpn123 | err=-
[DEBUG] mihomo drop | branch={882} | size=1 | parse=0 | names=[免费节点10] 🇺🇸 US 402 → tg@nicevpn123 | err=-
[DROP] name=[免费节点10] 🇺🇸 US 402 → tg@nicevpn123 {882} | server=ip0axv1bbsu02k7-us.1ytnode.com:56357 | reason=mihomo start failed
[TEST] {890} tested=1/1 | kept=0 | rest=0
[TEST] {885} tested=1/1 | kept=0 | rest=0
[DEBUG] mihomo isolate | branch={890} | size=1 | parse=0 | names=[免费节点10] 🇺🇸 US 41 → tg@nicevpn123 | err=-
[DEBUG] mihomo drop | branch={890} | size=1 | parse=0 | names=[免费节点10] 🇺🇸 US 41 → tg@nicevpn123 | err=-
[DROP] name=[免费节点10] 🇺🇸 US 41 → tg@nicevpn123 {890} | server=104.16.39.255:2082 | reason=mihomo start failed
[DEBUG] mihomo isolate | branch={885} | size=1 | parse=0 | names=[免费节点10] 🇺🇸 US 405 → tg@nicevpn123 | err=-
[DEBUG] mihomo drop | branch={885} | size=1 | parse=0 | names=[免费节点10] 🇺🇸 US 405 → tg@nicevpn123 | err=-
[DROP] name=[免费节点10] 🇺🇸 US 405 → tg@nicevpn123 {885} | server=38.46.1.235:49828 | reason=mihomo start failed
[TEST] {892} tested=1/1 | kept=0 | rest=0
[DEBUG] mihomo isolate | branch={892} | size=1 | parse=0 | names=[免费节点10] 🇺🇸 US 422 → tg@nicevpn123 | err=-
[DEBUG] mihomo drop | branch={892} | size=1 | parse=0 | names=[免费节点10] 🇺🇸 US 422 → tg@nicevpn123 | err=-
[DROP] name=[免费节点10] 🇺🇸 US 422 → tg@nicevpn123 {892} | server=v2line.telegram.channel.1390.fr8678825324247b8176d59f83c30bd94d23d2e3ac5cd4a743bkwqeikvdyufr.cyou:80 | reason=mihomo start failed
[TEST] {891} tested=1/1 | kept=0 | rest=0
[DEBUG] mihomo isolate | branch={891} | size=1 | parse=0 | names=[免费节点10] 🇺🇸 US 421 → tg@nicevpn123 | err=-
[DEBUG] mihomo drop | branch={891} | size=1 | parse=0 | names=[免费节点10] 🇺🇸 US 421 → tg@nicevpn123 | err=-
[DROP] name=[免费节点10] 🇺🇸 US 421 → tg@nicevpn123 {891} | server=us2-full.privateip.net:443 | reason=mihomo start failed
[TEST] {894} tested=1/1 | kept=0 | rest=0
[DEBUG] mihomo isolate | branch={894} | size=1 | parse=0 | names=[免费节点10] 🇺🇸 US 424 → tg@nicevpn123 | err=-
[DEBUG] mihomo drop | branch={894} | size=1 | parse=0 | names=[免费节点10] 🇺🇸 US 424 → tg@nicevpn123 | err=-
[DROP] name=[免费节点10] 🇺🇸 US 424 → tg@nicevpn123 {894} | server=104.19.45.75:2095 | reason=mihomo start failed
[TEST] {893} tested=1/1 | kept=0 | rest=0
[DEBUG] mihomo isolate | branch={893} | size=1 | parse=0 | names=[免费节点10] 🇺🇸 US 423 → tg@nicevpn123 | err=-
[DEBUG] mihomo drop | branch={893} | size=1 | parse=0 | names=[免费节点10] 🇺🇸 US 423 → tg@nicevpn123 | err=-
[DROP] name=[免费节点10] 🇺🇸 US 423 → tg@nicevpn123 {893} | server=13.35.13.138:443 | reason=mihomo start failed
[DEBUG] mihomo start-fail | branch={896} | size=5 | parse=1 | rc=1 | names=[Epodonios] EPODONIOS-90,[Epodonios] EPODONIOS-91,[Epodonios] EPODONIOS-92...+2 | err=rc=1 Mihomo exited before controller became ready time="2026-09-28T15:16:44.305319156Z" level=info msg="Start initial configuration in progress" time="2026-09-28T15:16:44.305698916Z" level=fatal msg="Parse config error: proxy 4: 'reality...
[DEBUG] mihomo split-small | branch={896} | size=5 | parse=1 | names=[Epodonios] EPODONIOS-90,[Epodonios] EPODONIOS-91,[Epodonios] EPODONIOS-92...+2 | err=Mihomo exited before controller became ready time="2026-09-28T15:16:44.305319156Z" level=info msg="Start initial configuration in progress" time="2026-09-28T15:16:44.305698916Z" level=fatal msg="Parse config error: proxy 4: 'reality-opts...
[WARN] batch start failed | size=5 {896} | split=1 {1191} + 1 {1192} + 1 {1193} + 1 {1194} + 1 {1195}
[TEST] {897} tested=1/1 | kept=0 | rest=0
[DEBUG] mihomo isolate | branch={897} | size=1 | parse=0 | names=[免费节点10] 🇺🇸 US 425 → tg@nicevpn123 | err=-
[DEBUG] mihomo drop | branch={897} | size=1 | parse=0 | names=[免费节点10] 🇺🇸 US 425 → tg@nicevpn123 | err=-
[DROP] name=[免费节点10] 🇺🇸 US 425 → tg@nicevpn123 {897} | server=01eb6-g01.jp03-7d22-vm0.entry.fr0307a.art:21581 | reason=mihomo start failed
[TEST] {899} tested=1/1 | kept=0 | rest=0
[DEBUG] mihomo isolate | branch={899} | size=1 | parse=0 | names=[免费节点10] 🇺🇸 US 429 → tg@nicevpn123 | err=-
[DEBUG] mihomo drop | branch={899} | size=1 | parse=0 | names=[免费节点10] 🇺🇸 US 429 → tg@nicevpn123 | err=-
[DROP] name=[免费节点10] 🇺🇸 US 429 → tg@nicevpn123 {899} | server=172.67.175.56:443 | reason=mihomo start failed
[TEST] {900} tested=1/1 | kept=0 | rest=0
[DEBUG] mihomo isolate | branch={900} | size=1 | parse=0 | names=[免费节点10] 🇺🇸 US 430 → tg@nicevpn123 | err=-
[DEBUG] mihomo drop | branch={900} | size=1 | parse=0 | names=[免费节点10] 🇺🇸 US 430 → tg@nicevpn123 | err=-
[DROP] name=[免费节点10] 🇺🇸 US 430 → tg@nicevpn123 {900} | server=slime-rhinestone-spy.glitch.me:80 | reason=mihomo start failed
[TEST] {887} tested=1/1 | kept=0 | rest=0
[DEBUG] mihomo isolate | branch={887} | size=1 | parse=0 | names=[免费节点10] 🇺🇸 US 407 → tg@nicevpn123 | err=-
[DEBUG] mihomo drop | branch={887} | size=1 | parse=0 | names=[免费节点10] 🇺🇸 US 407 → tg@nicevpn123 | err=-
[DROP] name=[免费节点10] 🇺🇸 US 407 → tg@nicevpn123 {887} | server=38.110.1.88:5600 | reason=mihomo start failed
[TEST] {901} tested=1/1 | kept=0 | rest=0
[DEBUG] mihomo isolate | branch={901} | size=1 | parse=0 | names=[免费节点10] 🇺🇸 US 431 → tg@nicevpn123 | err=-
[DEBUG] mihomo drop | branch={901} | size=1 | parse=0 | names=[免费节点10] 🇺🇸 US 431 → tg@nicevpn123 | err=-
[DROP] name=[免费节点10] 🇺🇸 US 431 → tg@nicevpn123 {901} | server=104.19.44.196:8080 | reason=mihomo start failed
[TEST] {902} tested=1/1 | kept=0 | rest=0
[DEBUG] mihomo isolate | branch={902} | size=1 | parse=0 | names=[免费节点10] 🇺🇸 US 466 → tg@nicevpn123 | err=-
[DEBUG] mihomo drop | branch={902} | size=1 | parse=0 | names=[免费节点10] 🇺🇸 US 466 → tg@nicevpn123 | err=-
[DROP] name=[免费节点10] 🇺🇸 US 466 → tg@nicevpn123 {902} | server=104.21.225.158:80 | reason=mihomo start failed
[TEST] {904} tested=1/1 | kept=0 | rest=0
[DEBUG] mihomo isolate | branch={904} | size=1 | parse=0 | names=[免费节点10] 🇺🇸 US 469 → tg@nicevpn123 | err=-
[DEBUG] mihomo drop | branch={904} | size=1 | parse=0 | names=[免费节点10] 🇺🇸 US 469 → tg@nicevpn123 | err=-
[DROP] name=[免费节点10] 🇺🇸 US 469 → tg@nicevpn123 {904} | server=104.16.40.52:2082 | reason=mihomo start failed
[TEST] {903} tested=1/1 | kept=0 | rest=0
[DEBUG] mihomo isolate | branch={903} | size=1 | parse=0 | names=[免费节点10] 🇺🇸 US 467 → tg@nicevpn123 | err=-
[DEBUG] mihomo drop | branch={903} | size=1 | parse=0 | names=[免费节点10] 🇺🇸 US 467 → tg@nicevpn123 | err=-
[DROP] name=[免费节点10] 🇺🇸 US 467 → tg@nicevpn123 {903} | server=104.19.159.14:443 | reason=mihomo start failed
[TEST] {905} tested=1/1 | kept=0 | rest=0
[DEBUG] mihomo isolate | branch={905} | size=1 | parse=0 | names=[免费节点10] 🇺🇸 US 47 → tg@nicevpn123 | err=-
[DEBUG] mihomo drop | branch={905} | size=1 | parse=0 | names=[免费节点10] 🇺🇸 US 47 → tg@nicevpn123 | err=-
[DROP] name=[免费节点10] 🇺🇸 US 47 → tg@nicevpn123 {905} | server=104.21.238.93:80 | reason=mihomo start failed
[TEST] {889} tested=1/1 | kept=0 | rest=0
[DEBUG] mihomo isolate | branch={889} | size=1 | parse=0 | names=[免费节点10] 🇺🇸 US 409 → tg@nicevpn123 | err=-
[DEBUG] mihomo drop | branch={889} | size=1 | parse=0 | names=[免费节点10] 🇺🇸 US 409 → tg@nicevpn123 | err=-
[DROP] name=[免费节点10] 🇺🇸 US 409 → tg@nicevpn123 {889} | server=ip0axv1bbsu02k7-sg.1ytnode.com:56339 | reason=mihomo start failed
[TEST] {895} tested=4/4 | kept=0 | rest=0
[DEBUG] mihomo split-small | branch={895} | size=4 | parse=0 | names=[Epodonios] EPODONIOS-86,[Epodonios] EPODONIOS-87,[Epodonios] EPODONIOS-88...+1 | err=-
[WARN] batch start failed | size=4 {895} | split=1 {1196} + 1 {1197} + 1 {1198} + 1 {1199}
[TEST] {909} tested=1/1 | kept=0 | rest=0
[DEBUG] mihomo isolate | branch={909} | size=1 | parse=0 | names=[免费节点10] 🇺🇸 US 2030 → tg@nicevpn123 | err=-
[DEBUG] mihomo drop | branch={909} | size=1 | parse=0 | names=[免费节点10] 🇺🇸 US 2030 → tg@nicevpn123 | err=-
[DROP] name=[免费节点10] 🇺🇸 US 2030 → tg@nicevpn123 {909} | server=104.19.44.129:80 | reason=mihomo start failed
[TEST] {911} tested=1/1 | kept=0 | rest=0
[DEBUG] mihomo isolate | branch={911} | size=1 | parse=0 | names=[免费节点10] 🇺🇸 US 2032 → tg@nicevpn123 | err=-
[DEBUG] mihomo drop | branch={911} | size=1 | parse=0 | names=[免费节点10] 🇺🇸 US 2032 → tg@nicevpn123 | err=-
[DROP] name=[免费节点10] 🇺🇸 US 2032 → tg@nicevpn123 {911} | server=104.19.44.186:80 | reason=mihomo start failed
[TEST] {908} tested=1/1 | kept=0 | rest=0
[DEBUG] mihomo isolate | branch={908} | size=1 | parse=0 | names=[免费节点10] 🇺🇸 US 2029 → tg@nicevpn123 | err=-
[DEBUG] mihomo drop | branch={908} | size=1 | parse=0 | names=[免费节点10] 🇺🇸 US 2029 → tg@nicevpn123 | err=-
[DROP] name=[免费节点10] 🇺🇸 US 2029 → tg@nicevpn123 {908} | server=104.19.45.45:80 | reason=mihomo start failed
[TEST] {910} tested=1/1 | kept=0 | rest=0
[DEBUG] mihomo isolate | branch={910} | size=1 | parse=0 | names=[免费节点10] 🇺🇸 US 2031 → tg@nicevpn123 | err=-
[DEBUG] mihomo drop | branch={910} | size=1 | parse=0 | names=[免费节点10] 🇺🇸 US 2031 → tg@nicevpn123 | err=-
[DROP] name=[免费节点10] 🇺🇸 US 2031 → tg@nicevpn123 {910} | server=104.19.44.142:80 | reason=mihomo start failed
[TEST] {914} tested=1/1 | kept=0 | rest=0
[DEBUG] mihomo isolate | branch={914} | size=1 | parse=0 | names=[免费节点10] 🇺🇸 US 455 → tg@nicevpn123 | err=-
[DEBUG] mihomo drop | branch={914} | size=1 | parse=0 | names=[免费节点10] 🇺🇸 US 455 → tg@nicevpn123 | err=-
[DROP] name=[免费节点10] 🇺🇸 US 455 → tg@nicevpn123 {914} | server=104.19.44.192:8080 | reason=mihomo start failed
[TEST] {913} tested=1/1 | kept=0 | rest=0
[DEBUG] mihomo isolate | branch={913} | size=1 | parse=0 | names=[免费节点10] 🇺🇸 US 454 → tg@nicevpn123 | err=-
[DEBUG] mihomo drop | branch={913} | size=1 | parse=0 | names=[免费节点10] 🇺🇸 US 454 → tg@nicevpn123 | err=-
[DROP] name=[免费节点10] 🇺🇸 US 454 → tg@nicevpn123 {913} | server=104.19.45.57:2095 | reason=mihomo start failed
[TEST] {898} tested=1/1 | kept=0 | rest=0
[DEBUG] mihomo isolate | branch={898} | size=1 | parse=0 | names=[免费节点10] 🇺🇸 US 427 → tg@nicevpn123 | err=-
[DEBUG] mihomo drop | branch={898} | size=1 | parse=0 | names=[免费节点10] 🇺🇸 US 427 → tg@nicevpn123 | err=-
[DROP] name=[免费节点10] 🇺🇸 US 427 → tg@nicevpn123 {898} | server=35.87.1.148:443 | reason=mihomo start failed
[TEST] {906} tested=4/4 | kept=0 | rest=0
[DEBUG] mihomo split-small | branch={906} | size=4 | parse=0 | names=[Epodonios] EPODONIOS-95,[Epodonios] EPODONIOS-96,[Epodonios] EPODONIOS-97...+1 | err=-
[WARN] batch start failed | size=4 {906} | split=1 {1200} + 1 {1201} + 1 {1202} + 1 {1203}
[TEST] {916} tested=1/1 | kept=0 | rest=0
[DEBUG] mihomo isolate | branch={916} | size=1 | parse=0 | names=[免费节点10] 🇺🇸 US 2033 → tg@nicevpn123 | err=-
[DEBUG] mihomo drop | branch={916} | size=1 | parse=0 | names=[免费节点10] 🇺🇸 US 2033 → tg@nicevpn123 | err=-
[DROP] name=[免费节点10] 🇺🇸 US 2033 → tg@nicevpn123 {916} | server=104.19.45.219:2095 | reason=mihomo start failed
[TEST] {917} tested=1/1 | kept=0 | rest=0
[DEBUG] mihomo isolate | branch={917} | size=1 | parse=0 | names=[免费节点10] 🇺🇸 US 2034 → tg@nicevpn123 | err=-
[DEBUG] mihomo drop | branch={917} | size=1 | parse=0 | names=[免费节点10] 🇺🇸 US 2034 → tg@nicevpn123 | err=-
[DROP] name=[免费节点10] 🇺🇸 US 2034 → tg@nicevpn123 {917} | server=104.19.44.182:80 | reason=mihomo start failed
[TEST] {918} tested=1/1 | kept=0 | rest=0
[DEBUG] mihomo isolate | branch={918} | size=1 | parse=0 | names=[免费节点10] 🇺🇸 US 2035 → tg@nicevpn123 | err=-
[DEBUG] mihomo drop | branch={918} | size=1 | parse=0 | names=[免费节点10] 🇺🇸 US 2035 → tg@nicevpn123 | err=-
[DROP] name=[免费节点10] 🇺🇸 US 2035 → tg@nicevpn123 {918} | server=104.19.44.240:80 | reason=mihomo start failed
[TEST] {919} tested=1/1 | kept=0 | rest=0
[DEBUG] mihomo isolate | branch={919} | size=1 | parse=0 | names=[免费节点10] 🇺🇸 US 2036 → tg@nicevpn123 | err=-
[DEBUG] mihomo drop | branch={919} | size=1 | parse=0 | names=[免费节点10] 🇺🇸 US 2036 → tg@nicevpn123 | err=-
[DROP] name=[免费节点10] 🇺🇸 US 2036 → tg@nicevpn123 {919} | server=104.19.44.13:80 | reason=mihomo start failed
[TEST] {907} tested=5/5 | kept=0 | rest=0
[DEBUG] mihomo split-small | branch={907} | size=5 | parse=0 | names=[Epodonios] EPODONIOS-99,[Epodonios] EPODONIOS-100,[Epodonios] EPODONIOS-101...+2 | err=-
[WARN] batch start failed | size=5 {907} | split=1 {1204} + 1 {1205} + 1 {1206} + 1 {1207} + 1 {1208}
[TEST] {920} tested=1/1 | kept=0 | rest=0
[DEBUG] mihomo isolate | branch={920} | size=1 | parse=0 | names=[免费节点10] 🇺🇸 US 2037 → tg@nicevpn123 | err=-
[DEBUG] mihomo drop | branch={920} | size=1 | parse=0 | names=[免费节点10] 🇺🇸 US 2037 → tg@nicevpn123 | err=-
[DROP] name=[免费节点10] 🇺🇸 US 2037 → tg@nicevpn123 {920} | server=104.19.45.46:80 | reason=mihomo start failed
[TEST] {921} tested=4/4 | kept=0 | rest=0
[DEBUG] mihomo split-small | branch={921} | size=4 | parse=0 | names=[Epodonios] EPODONIOS-77,[Epodonios] EPODONIOS-78,[Epodonios] EPODONIOS-79...+1 | err=-
[WARN] batch start failed | size=4 {921} | split=1 {1209} + 1 {1210} + 1 {1211} + 1 {1212}
[TEST] {922} tested=5/5 | kept=0 | rest=0
[DEBUG] mihomo split-small | branch={922} | size=5 | parse=0 | names=[Epodonios] EPODONIOS-81,[Epodonios] EPODONIOS-82,[Epodonios] EPODONIOS-83...+2 | err=-
[WARN] batch start failed | size=5 {922} | split=1 {1213} + 1 {1214} + 1 {1215} + 1 {1216} + 1 {1217}
[TEST] {923} tested=1/1 | kept=0 | rest=0
[DEBUG] mihomo isolate | branch={923} | size=1 | parse=0 | names=[免费节点10] 🇺🇸 US 2012 → tg@nicevpn123 | err=-
[DEBUG] mihomo drop | branch={923} | size=1 | parse=0 | names=[免费节点10] 🇺🇸 US 2012 → tg@nicevpn123 | err=-
[DROP] name=[免费节点10] 🇺🇸 US 2012 → tg@nicevpn123 {923} | server=104.19.44.238:80 | reason=mihomo start failed
[TEST] {925} tested=1/1 | kept=0 | rest=0
[DEBUG] mihomo isolate | branch={925} | size=1 | parse=0 | names=[免费节点10] 🇺🇸 US 2014 → tg@nicevpn123 | err=-
[DEBUG] mihomo drop | branch={925} | size=1 | parse=0 | names=[免费节点10] 🇺🇸 US 2014 → tg@nicevpn123 | err=-
[DROP] name=[免费节点10] 🇺🇸 US 2014 → tg@nicevpn123 {925} | server=104.19.44.219:80 | reason=mihomo start failed
[TEST] {926} tested=1/1 | kept=0 | rest=0
[DEBUG] mihomo isolate | branch={926} | size=1 | parse=0 | names=[免费节点10] 🇺🇸 US 2015 → tg@nicevpn123 | err=-
[DEBUG] mihomo drop | branch={926} | size=1 | parse=0 | names=[免费节点10] 🇺🇸 US 2015 → tg@nicevpn123 | err=-
[DROP] name=[免费节点10] 🇺🇸 US 2015 → tg@nicevpn123 {926} | server=104.19.44.75:80 | reason=mihomo start failed
[TEST] {924} tested=1/1 | kept=0 | rest=0
[DEBUG] mihomo isolate | branch={924} | size=1 | parse=0 | names=[免费节点10] 🇺🇸 US 2013 → tg@nicevpn123 | err=-
[DEBUG] mihomo drop | branch={924} | size=1 | parse=0 | names=[免费节点10] 🇺🇸 US 2013 → tg@nicevpn123 | err=-
[DROP] name=[免费节点10] 🇺🇸 US 2013 → tg@nicevpn123 {924} | server=104.19.44.241:80 | reason=mihomo start failed
[TEST] {928} tested=1/1 | kept=0 | rest=0
[DEBUG] mihomo isolate | branch={928} | size=1 | parse=0 | names=[免费节点10] 🇺🇸 US 2017 → tg@nicevpn123 | err=-
[DEBUG] mihomo drop | branch={928} | size=1 | parse=0 | names=[免费节点10] 🇺🇸 US 2017 → tg@nicevpn123 | err=-
[DROP] name=[免费节点10] 🇺🇸 US 2017 → tg@nicevpn123 {928} | server=104.19.44.11:80 | reason=mihomo start failed
[TEST] {929} tested=1/1 | kept=0 | rest=0
[DEBUG] mihomo isolate | branch={929} | size=1 | parse=0 | names=[免费节点10] 🇺🇸 US 2018 → tg@nicevpn123 | err=-
[DEBUG] mihomo drop | branch={929} | size=1 | parse=0 | names=[免费节点10] 🇺🇸 US 2018 → tg@nicevpn123 | err=-
[DROP] name=[免费节点10] 🇺🇸 US 2018 → tg@nicevpn123 {929} | server=104.19.44.10:80 | reason=mihomo start failed
[TEST] {927} tested=1/1 | kept=0 | rest=0
[DEBUG] mihomo isolate | branch={927} | size=1 | parse=0 | names=[免费节点10] 🇺🇸 US 2016 → tg@nicevpn123 | err=-
[DEBUG] mihomo drop | branch={927} | size=1 | parse=0 | names=[免费节点10] 🇺🇸 US 2016 → tg@nicevpn123 | err=-
[DROP] name=[免费节点10] 🇺🇸 US 2016 → tg@nicevpn123 {927} | server=104.19.44.85:80 | reason=mihomo start failed
[TEST] {930} tested=1/1 | kept=0 | rest=0
[DEBUG] mihomo isolate | branch={930} | size=1 | parse=0 | names=[免费节点10] 🇺🇸 US 2019 → tg@nicevpn123 | err=-
[DEBUG] mihomo drop | branch={930} | size=1 | parse=0 | names=[免费节点10] 🇺🇸 US 2019 → tg@nicevpn123 | err=-
[DROP] name=[免费节点10] 🇺🇸 US 2019 → tg@nicevpn123 {930} | server=104.19.44.207:80 | reason=mihomo start failed
[TEST] {931} tested=1/1 | kept=0 | rest=0
[DEBUG] mihomo isolate | branch={931} | size=1 | parse=0 | names=[免费节点10] 🇺🇸 US 2020 → tg@nicevpn123 | err=-
[DEBUG] mihomo drop | branch={931} | size=1 | parse=0 | names=[免费节点10] 🇺🇸 US 2020 → tg@nicevpn123 | err=-
[DROP] name=[免费节点10] 🇺🇸 US 2020 → tg@nicevpn123 {931} | server=104.19.44.107:80 | reason=mihomo start failed
[TEST] {932} tested=1/1 | kept=0 | rest=0
[DEBUG] mihomo isolate | branch={932} | size=1 | parse=0 | names=[免费节点10] 🇺🇸 US 46 → tg@nicevpn123 | err=-
[DEBUG] mihomo drop | branch={932} | size=1 | parse=0 | names=[免费节点10] 🇺🇸 US 46 → tg@nicevpn123 | err=-
[DROP] name=[免费节点10] 🇺🇸 US 46 → tg@nicevpn123 {932} | server=104.16.40.109:2082 | reason=mihomo start failed
[TEST] {934} tested=1/1 | kept=0 | rest=0
[DEBUG] mihomo isolate | branch={934} | size=1 | parse=0 | names=[免费节点10] 🇺🇸 US 462 → tg@nicevpn123 | err=-
[DEBUG] mihomo drop | branch={934} | size=1 | parse=0 | names=[免费节点10] 🇺🇸 US 462 → tg@nicevpn123 | err=-
[DROP] name=[免费节点10] 🇺🇸 US 462 → tg@nicevpn123 {934} | server=uk2-full.privateip.net:443 | reason=mihomo start failed
[TEST] {935} tested=1/1 | kept=0 | rest=0
[DEBUG] mihomo isolate | branch={935} | size=1 | parse=0 | names=[免费节点10] 🇺🇸 US 463 → tg@nicevpn123 | err=-
[DEBUG] mihomo drop | branch={935} | size=1 | parse=0 | names=[免费节点10] 🇺🇸 US 463 → tg@nicevpn123 | err=-
[DROP] name=[免费节点10] 🇺🇸 US 463 → tg@nicevpn123 {935} | server=104.19.45.115:2095 | reason=mihomo start failed
[TEST] {936} tested=1/1 | kept=0 | rest=0
[DEBUG] mihomo isolate | branch={936} | size=1 | parse=0 | names=[免费节点10] 🇺🇸 US 464 → tg@nicevpn123 | err=-
[DEBUG] mihomo drop | branch={936} | size=1 | parse=0 | names=[免费节点10] 🇺🇸 US 464 → tg@nicevpn123 | err=-
[DROP] name=[免费节点10] 🇺🇸 US 464 → tg@nicevpn123 {936} | server=www.speedtest.net:80 | reason=mihomo start failed
[DEBUG] mihomo start-fail | branch={937} | size=4 | parse=1 | rc=1 | names=[Epodonios] EPODONIOS-215,[Epodonios] EPODONIOS-216,[Epodonios] EPODONIOS-217...+1 | err=rc=1 Mihomo exited before controller became ready time="2026-09-28T15:16:53.683581574Z" level=info msg="Start initial configuration in progress" time="2026-09-28T15:16:53.683749518Z" level=fatal msg="Parse config error: proxy 2: ss 78.38...
[DEBUG] mihomo split-small | branch={937} | size=4 | parse=1 | names=[Epodonios] EPODONIOS-215,[Epodonios] EPODONIOS-216,[Epodonios] EPODONIOS-217...+1 | err=Mihomo exited before controller became ready time="2026-09-28T15:16:53.683581574Z" level=info msg="Start initial configuration in progress" time="2026-09-28T15:16:53.683749518Z" level=fatal msg="Parse config error: proxy 2: ss 78.38.246....
[WARN] batch start failed | size=4 {937} | split=1 {1218} + 1 {1219} + 1 {1220} + 1 {1221}
[TEST] {912} tested=1/1 | kept=0 | rest=0
[DEBUG] mihomo isolate | branch={912} | size=1 | parse=0 | names=[免费节点10] 🇺🇸 US 453 → tg@nicevpn123 | err=-
[DEBUG] mihomo drop | branch={912} | size=1 | parse=0 | names=[免费节点10] 🇺🇸 US 453 → tg@nicevpn123 | err=-
[DROP] name=[免费节点10] 🇺🇸 US 453 → tg@nicevpn123 {912} | server=167.88.61.235:6679 | reason=mihomo start failed
[TEST] {939} tested=1/1 | kept=0 | rest=0
[DEBUG] mihomo isolate | branch={939} | size=1 | parse=0 | names=[免费节点10] 🇺🇸 US 471 → tg@nicevpn123 | err=-
[DEBUG] mihomo drop | branch={939} | size=1 | parse=0 | names=[免费节点10] 🇺🇸 US 471 → tg@nicevpn123 | err=-
[DROP] name=[免费节点10] 🇺🇸 US 471 → tg@nicevpn123 {939} | server=104.16.42.195:2082 | reason=mihomo start failed
[TEST] {915} tested=1/1 | kept=0 | rest=0
[DEBUG] mihomo isolate | branch={915} | size=1 | parse=0 | names=[免费节点10] 🇺🇸 US 457 → tg@nicevpn123 | err=-
[DEBUG] mihomo drop | branch={915} | size=1 | parse=0 | names=[免费节点10] 🇺🇸 US 457 → tg@nicevpn123 | err=-
[DROP] name=[免费节点10] 🇺🇸 US 457 → tg@nicevpn123 {915} | server=13.51.181.143:22222 | reason=mihomo start failed
[TEST] {941} tested=1/1 | kept=0 | rest=0
[DEBUG] mihomo isolate | branch={941} | size=1 | parse=0 | names=[免费节点10] 🇺🇸 US 477 → tg@nicevpn123 | err=-
[DEBUG] mihomo drop | branch={941} | size=1 | parse=0 | names=[免费节点10] 🇺🇸 US 477 → tg@nicevpn123 | err=-
[DROP] name=[免费节点10] 🇺🇸 US 477 → tg@nicevpn123 {941} | server=104.16.42.227:2082 | reason=mihomo start failed
[TEST] {933} tested=1/1 | kept=0 | rest=0
[DEBUG] mihomo isolate | branch={933} | size=1 | parse=0 | names=[免费节点10] 🇺🇸 US 461 → tg@nicevpn123 | err=-
[DEBUG] mihomo drop | branch={933} | size=1 | parse=0 | names=[免费节点10] 🇺🇸 US 461 → tg@nicevpn123 | err=-
[DROP] name=[免费节点10] 🇺🇸 US 461 → tg@nicevpn123 {933} | server=ip0axv1bbsu02k7-my.1ytnode.com:56370 | reason=mihomo start failed
[TEST] {942} tested=1/1 | kept=0 | rest=0
[DEBUG] mihomo isolate | branch={942} | size=1 | parse=0 | names=[免费节点10] 🇺🇸 US 478 → tg@nicevpn123 | err=-
[DEBUG] mihomo drop | branch={942} | size=1 | parse=0 | names=[免费节点10] 🇺🇸 US 478 → tg@nicevpn123 | err=-
[DROP] name=[免费节点10] 🇺🇸 US 478 → tg@nicevpn123 {942} | server=172.67.174.42:443 | reason=mihomo start failed
[TEST] {938} tested=5/5 | kept=0 | rest=0
[DEBUG] mihomo split-small | branch={938} | size=5 | parse=0 | names=[Epodonios] EPODONIOS-219,[Epodonios] EPODONIOS-220,[Epodonios] EPODONIOS-221...+2 | err=-
[WARN] batch start failed | size=5 {938} | split=1 {1222} + 1 {1223} + 1 {1224} + 1 {1225} + 1 {1226}
[TEST] {940} tested=1/1 | kept=0 | rest=0
[DEBUG] mihomo isolate | branch={940} | size=1 | parse=0 | names=[免费节点10] 🇺🇸 US 473 → tg@nicevpn123 | err=-
[DEBUG] mihomo drop | branch={940} | size=1 | parse=0 | names=[免费节点10] 🇺🇸 US 473 → tg@nicevpn123 | err=-
[DROP] name=[免费节点10] 🇺🇸 US 473 → tg@nicevpn123 {940} | server=34.222.20.208:443 | reason=mihomo start failed
[TEST] {943} tested=1/1 | kept=0 | rest=0
[DEBUG] mihomo isolate | branch={943} | size=1 | parse=0 | names=[免费节点10] 🇺🇸 US 48 → tg@nicevpn123 | err=-
[DEBUG] mihomo drop | branch={943} | size=1 | parse=0 | names=[免费节点10] 🇺🇸 US 48 → tg@nicevpn123 | err=-
[DROP] name=[免费节点10] 🇺🇸 US 48 → tg@nicevpn123 {943} | server=168.119.160.232:80 | reason=mihomo start failed
[TEST] {944} tested=1/1 | kept=0 | rest=0
[DEBUG] mihomo isolate | branch={944} | size=1 | parse=0 | names=[Epodonios] EPODONIOS-207 | err=-
[DEBUG] mihomo drop | branch={944} | size=1 | parse=0 | names=[Epodonios] EPODONIOS-207 | err=-
[DROP] name=[Epodonios] EPODONIOS-207 {944} | server=151.236.4.154:8443 | reason=mihomo start failed
[TEST] {945} tested=1/1 | kept=0 | rest=0
[DEBUG] mihomo isolate | branch={945} | size=1 | parse=0 | names=[Epodonios] EPODONIOS-208 | err=-
[DEBUG] mihomo drop | branch={945} | size=1 | parse=0 | names=[Epodonios] EPODONIOS-208 | err=-
[DROP] name=[Epodonios] EPODONIOS-208 {945} | server=109.122.251.86:20700 | reason=mihomo start failed
[TEST] {946} tested=1/1 | kept=0 | rest=0
[DEBUG] mihomo isolate | branch={946} | size=1 | parse=0 | names=[Epodonios] EPODONIOS-209 | err=-
[DEBUG] mihomo drop | branch={946} | size=1 | parse=0 | names=[Epodonios] EPODONIOS-209 | err=-
[DROP] name=[Epodonios] EPODONIOS-209 {946} | server=p1tun1.greewebservices.ir:2050 | reason=mihomo start failed
[TEST] {947} tested=1/1 | kept=0 | rest=0
[DEBUG] mihomo isolate | branch={947} | size=1 | parse=0 | names=[Epodonios] EPODONIOS-210 | err=-
[DEBUG] mihomo drop | branch={947} | size=1 | parse=0 | names=[Epodonios] EPODONIOS-210 | err=-
[DROP] name=[Epodonios] EPODONIOS-210 {947} | server=p1tun2.greewebservices.ir:2060 | reason=mihomo start failed
[TEST] {951} tested=1/1 | kept=0 | rest=0
[DEBUG] mihomo isolate | branch={951} | size=1 | parse=0 | names=[Epodonios] EPODONIOS-214 | err=-
[DEBUG] mihomo drop | branch={951} | size=1 | parse=0 | names=[Epodonios] EPODONIOS-214 | err=-
[DROP] name=[Epodonios] EPODONIOS-214 {951} | server=178.95.176.16:1080 | reason=mihomo start failed
[DEBUG] mihomo start-fail | branch={952} | size=1 | parse=1 | rc=1 | names=[ChromeGO-Merge] United | err=rc=1 Mihomo exited before controller became ready time="2026-09-28T15:17:06.438476222Z" level=info msg="Start initial configuration in progress" time="2026-09-28T15:17:06.438595646Z" level=fatal msg="Parse config error: proxy 0: '' has u...
[DEBUG] mihomo isolate | branch={952} | size=1 | parse=1 | names=[ChromeGO-Merge] United | err=Mihomo exited before controller became ready time="2026-09-28T15:17:06.438476222Z" level=info msg="Start initial configuration in progress" time="2026-09-28T15:17:06.438595646Z" level=fatal msg="Parse config error: proxy 0: '' has unset ...
[REPAIR] name=[ChromeGO-Merge] United {952} | fields=up,down
[DEBUG] mihomo start-fail | branch={953} | size=1 | parse=1 | rc=1 | names=[ChromeGO-Merge] France_hysteria_1 | err=rc=1 Mihomo exited before controller became ready time="2026-09-28T15:17:06.563161994Z" level=info msg="Start initial configuration in progress" time="2026-09-28T15:17:06.563322945Z" level=fatal msg="Parse config error: proxy 0: '' has u...
[DEBUG] mihomo isolate | branch={953} | size=1 | parse=1 | names=[ChromeGO-Merge] France_hysteria_1 | err=Mihomo exited before controller became ready time="2026-09-28T15:17:06.563161994Z" level=info msg="Start initial configuration in progress" time="2026-09-28T15:17:06.563322945Z" level=fatal msg="Parse config error: proxy 0: '' has unset ...
[REPAIR] name=[ChromeGO-Merge] France_hysteria_1 {953} | fields=up,down
[DEBUG] mihomo start-fail | branch={954} | size=1 | parse=1 | rc=1 | names=[ChromeGO-Merge] United-2 | err=rc=1 Mihomo exited before controller became ready time="2026-09-28T15:17:06.693275407Z" level=info msg="Start initial configuration in progress" time="2026-09-28T15:17:06.693419967Z" level=fatal msg="Parse config error: proxy 0: '' has u...
[DEBUG] mihomo isolate | branch={954} | size=1 | parse=1 | names=[ChromeGO-Merge] United-2 | err=Mihomo exited before controller became ready time="2026-09-28T15:17:06.693275407Z" level=info msg="Start initial configuration in progress" time="2026-09-28T15:17:06.693419967Z" level=fatal msg="Parse config error: proxy 0: '' has unset ...
[REPAIR] name=[ChromeGO-Merge] United-2 {954} | fields=up,down
[TEST] {955} tested=1/1 | kept=0 | rest=0
[DEBUG] mihomo isolate | branch={955} | size=1 | parse=0 | names=[ChromeGO-Merge] United-3 | err=-
[DEBUG] mihomo drop | branch={955} | size=1 | parse=0 | names=[ChromeGO-Merge] United-3 | err=-
[DROP] name=[ChromeGO-Merge] United-3 {955} | server=yh6.dtku41.xyz:443 | reason=mihomo start failed
[TEST] {949} tested=1/1 | kept=0 | rest=0
[DEBUG] mihomo isolate | branch={949} | size=1 | parse=0 | names=[Epodonios] EPODONIOS-212 | err=-
[DEBUG] mihomo drop | branch={949} | size=1 | parse=0 | names=[Epodonios] EPODONIOS-212 | err=-
[DROP] name=[Epodonios] EPODONIOS-212 {949} | server=20.223.136.145:443 | reason=mihomo start failed
[DEBUG] mihomo start-fail | branch={958} | size=1 | parse=1 | rc=1 | names=[ChromeGO-Merge] WARP | err=rc=1 Mihomo exited before controller became ready time="2026-09-28T15:17:08.974152990Z" level=info msg="Start initial configuration in progress" time="2026-09-28T15:17:08.974568757Z" level=fatal msg="Parse config error: proxy [[ChromeGO-...
[DEBUG] mihomo isolate | branch={958} | size=1 | parse=1 | names=[ChromeGO-Merge] WARP | err=Mihomo exited before controller became ready time="2026-09-28T15:17:08.974152990Z" level=info msg="Start initial configuration in progress" time="2026-09-28T15:17:08.974568757Z" level=fatal msg="Parse config error: proxy [[ChromeGO-Merge...
[REPAIR] name=[ChromeGO-Merge] WARP {958} | fields=dialer-proxy
[TEST] {956} tested=1/1 | kept=0 | rest=0
[DEBUG] mihomo isolate | branch={956} | size=1 | parse=0 | names=[ChromeGO-Merge] None_vless_2 | err=-
[DEBUG] mihomo drop | branch={956} | size=1 | parse=0 | names=[ChromeGO-Merge] None_vless_2 | err=-
[DROP] name=[ChromeGO-Merge] None_vless_2 {956} | server=yh9.dtku41.xyz:443 | reason=mihomo start failed
[TEST] {948} tested=1/1 | kept=0 | rest=0
[DEBUG] mihomo isolate | branch={948} | size=1 | parse=0 | names=[Epodonios] EPODONIOS-211 | err=-
[DEBUG] mihomo drop | branch={948} | size=1 | parse=0 | names=[Epodonios] EPODONIOS-211 | err=-
[DROP] name=[Epodonios] EPODONIOS-211 {948} | server=p1tun3.greewebservices.ir:2070 | reason=mihomo start failed
[TEST] {958} tested=1/1 | kept=1 | rest=0
[TEST] {957} tested=1/1 | kept=0 | rest=0
[DEBUG] mihomo isolate | branch={957} | size=1 | parse=0 | names=[ChromeGO-Merge] None_vless_3 | err=-
[DEBUG] mihomo drop | branch={957} | size=1 | parse=0 | names=[ChromeGO-Merge] None_vless_3 | err=-
[DROP] name=[ChromeGO-Merge] None_vless_3 {957} | server=yh7.dtku41.xyz:443 | reason=mihomo start failed
[TEST] {961} tested=1/1 | kept=0 | rest=0
[DEBUG] mihomo isolate | branch={961} | size=1 | parse=0 | names=[免费节点10] 🇺🇸 US 443 → tg@nicevpn123 | err=-
[DEBUG] mihomo drop | branch={961} | size=1 | parse=0 | names=[免费节点10] 🇺🇸 US 443 → tg@nicevpn123 | err=-
[DROP] name=[免费节点10] 🇺🇸 US 443 → tg@nicevpn123 {961} | server=104.21.225.122:80 | reason=mihomo start failed
[TEST] {962} tested=1/1 | kept=0 | rest=0
[DEBUG] mihomo isolate | branch={962} | size=1 | parse=0 | names=[免费节点10] 🇺🇸 US 445 → tg@nicevpn123 | err=-
[DEBUG] mihomo drop | branch={962} | size=1 | parse=0 | names=[免费节点10] 🇺🇸 US 445 → tg@nicevpn123 | err=-
[DROP] name=[免费节点10] 🇺🇸 US 445 → tg@nicevpn123 {962} | server=104.21.225.64:80 | reason=mihomo start failed
[TEST] {950} tested=1/1 | kept=0 | rest=0
[DEBUG] mihomo isolate | branch={950} | size=1 | parse=0 | names=[Epodonios] EPODONIOS-213 | err=-
[DEBUG] mihomo drop | branch={950} | size=1 | parse=0 | names=[Epodonios] EPODONIOS-213 | err=-
[DROP] name=[Epodonios] EPODONIOS-213 {950} | server=94.245.92.85:443 | reason=mihomo start failed
[TEST] {963} tested=1/1 | kept=0 | rest=0
[DEBUG] mihomo isolate | branch={963} | size=1 | parse=0 | names=[免费节点10] 🇺🇸 US 446 → tg@nicevpn123 | err=-
[DEBUG] mihomo drop | branch={963} | size=1 | parse=0 | names=[免费节点10] 🇺🇸 US 446 → tg@nicevpn123 | err=-
[DROP] name=[免费节点10] 🇺🇸 US 446 → tg@nicevpn123 {963} | server=104.16.40.219:2082 | reason=mihomo start failed
[TEST] {952} tested=1/1 | kept=0 | rest=0
[TEST] {953} tested=1/1 | kept=0 | rest=0
[TEST] {954} tested=1/1 | kept=0 | rest=0
[TEST] {959} tested=1/1 | kept=0 | rest=0
[DEBUG] mihomo isolate | branch={959} | size=1 | parse=0 | names=[ChromeGO-Merge] 🇫🇷 France hysteria2 7 | err=-
[DEBUG] mihomo drop | branch={959} | size=1 | parse=0 | names=[ChromeGO-Merge] 🇫🇷 France hysteria2 7 | err=-
[DROP] name=[ChromeGO-Merge] 🇫🇷 France hysteria2 7 {959} | server=51.159.77.153:33390 | reason=mihomo start failed
[TEST] {960} tested=1/1 | kept=0 | rest=0
[DEBUG] mihomo isolate | branch={960} | size=1 | parse=0 | names=[ChromeGO-Merge] 🇺🇸 United States hy 1 | err=-
[DEBUG] mihomo drop | branch={960} | size=1 | parse=0 | names=[ChromeGO-Merge] 🇺🇸 United States hy 1 | err=-
[DROP] name=[ChromeGO-Merge] 🇺🇸 United States hy 1 {960} | server=173.234.25.52:48919 | reason=mihomo start failed
[TEST] {967} tested=1/1 | kept=0 | rest=0
[DEBUG] mihomo isolate | branch={967} | size=1 | parse=0 | names=[免费节点10] 🇺🇸 US 450 → tg@nicevpn123 | err=-
[DEBUG] mihomo drop | branch={967} | size=1 | parse=0 | names=[免费节点10] 🇺🇸 US 450 → tg@nicevpn123 | err=-
[DROP] name=[免费节点10] 🇺🇸 US 450 → tg@nicevpn123 {967} | server=104.21.235.170:80 | reason=mihomo start failed
[TEST] {968} tested=1/1 | kept=0 | rest=0
[DEBUG] mihomo isolate | branch={968} | size=1 | parse=0 | names=[免费节点10] 🇺🇸 US 451 → tg@nicevpn123 | err=-
[DEBUG] mihomo drop | branch={968} | size=1 | parse=0 | names=[免费节点10] 🇺🇸 US 451 → tg@nicevpn123 | err=-
[DROP] name=[免费节点10] 🇺🇸 US 451 → tg@nicevpn123 {968} | server=38.68.134.9:8882 | reason=mihomo start failed
[TEST] {964} tested=1/1 | kept=0 | rest=0
[DEBUG] mihomo isolate | branch={964} | size=1 | parse=0 | names=[免费节点10] 🇺🇸 US 447 → tg@nicevpn123 | err=-
[DEBUG] mihomo drop | branch={964} | size=1 | parse=0 | names=[免费节点10] 🇺🇸 US 447 → tg@nicevpn123 | err=-
[DROP] name=[免费节点10] 🇺🇸 US 447 → tg@nicevpn123 {964} | server=3.34.95.205:443 | reason=mihomo start failed
[TEST] {966} tested=1/1 | kept=0 | rest=0
[DEBUG] mihomo isolate | branch={966} | size=1 | parse=0 | names=[免费节点10] 🇺🇸 US 449 → tg@nicevpn123 | err=-
[DEBUG] mihomo drop | branch={966} | size=1 | parse=0 | names=[免费节点10] 🇺🇸 US 449 → tg@nicevpn123 | err=-
[DROP] name=[免费节点10] 🇺🇸 US 449 → tg@nicevpn123 {966} | server=38.68.135.112:5500 | reason=mihomo start failed
[DEBUG] mihomo start-fail | branch={971} | size=1 | parse=1 | rc=1 | names=[ChromeGO-Merge] United-5 | err=rc=1 Mihomo exited before controller became ready time="2026-09-28T15:17:15.404309760Z" level=info msg="Start initial configuration in progress" time="2026-09-28T15:17:15.404418544Z" level=fatal msg="Parse config error: proxy 0: '' has u...
[DEBUG] mihomo isolate | branch={971} | size=1 | parse=1 | names=[ChromeGO-Merge] United-5 | err=Mihomo exited before controller became ready time="2026-09-28T15:17:15.404309760Z" level=info msg="Start initial configuration in progress" time="2026-09-28T15:17:15.404418544Z" level=fatal msg="Parse config error: proxy 0: '' has unset ...
[REPAIR] name=[ChromeGO-Merge] United-5 {971} | fields=up,down
[DEBUG] mihomo start-fail | branch={970} | size=1 | parse=1 | rc=1 | names=[ChromeGO-Merge] Taiwan-2 | err=rc=1 Mihomo exited before controller became ready time="2026-09-28T15:17:15.529086675Z" level=info msg="Start initial configuration in progress" time="2026-09-28T15:17:15.529257895Z" level=fatal msg="Parse config error: proxy 0: '' has u...
[DEBUG] mihomo isolate | branch={970} | size=1 | parse=1 | names=[ChromeGO-Merge] Taiwan-2 | err=Mihomo exited before controller became ready time="2026-09-28T15:17:15.529086675Z" level=info msg="Start initial configuration in progress" time="2026-09-28T15:17:15.529257895Z" level=fatal msg="Parse config error: proxy 0: '' has unset ...
[REPAIR] name=[ChromeGO-Merge] Taiwan-2 {970} | fields=up,down
[TEST] {970} tested=1/1 | kept=0 | rest=0
[TEST] {973} tested=1/1 | kept=0 | rest=0
[DEBUG] mihomo isolate | branch={973} | size=1 | parse=0 | names=[ChromeGO-Merge] None vmess 05 | err=-
[DEBUG] mihomo drop | branch={973} | size=1 | parse=0 | names=[ChromeGO-Merge] None vmess 05 | err=-
[DROP] name=[ChromeGO-Merge] None vmess 05 {973} | server=162.159.153.11:8080 | reason=mihomo start failed
[TEST] {972} tested=1/1 | kept=0 | rest=0
[DEBUG] mihomo isolate | branch={972} | size=1 | parse=0 | names=[ChromeGO-Merge] Canada vmess 04 | err=-
[DEBUG] mihomo drop | branch={972} | size=1 | parse=0 | names=[ChromeGO-Merge] Canada vmess 04 | err=-
[DROP] name=[ChromeGO-Merge] Canada vmess 04 {972} | server=23.227.38.11:8080 | reason=mihomo start failed
[TEST] {974} tested=1/1 | kept=0 | rest=0
[DEBUG] mihomo isolate | branch={974} | size=1 | parse=0 | names=[免费节点10] 🇺🇸 US 2038 → tg@nicevpn123 | err=-
[DEBUG] mihomo drop | branch={974} | size=1 | parse=0 | names=[免费节点10] 🇺🇸 US 2038 → tg@nicevpn123 | err=-
[DROP] name=[免费节点10] 🇺🇸 US 2038 → tg@nicevpn123 {974} | server=104.19.44.74:80 | reason=mihomo start failed
[TEST] {976} tested=1/1 | kept=0 | rest=0
[DEBUG] mihomo isolate | branch={976} | size=1 | parse=0 | names=[免费节点10] 🇺🇸 US 204 → tg@nicevpn123 | err=-
[DEBUG] mihomo drop | branch={976} | size=1 | parse=0 | names=[免费节点10] 🇺🇸 US 204 → tg@nicevpn123 | err=-
[DROP] name=[免费节点10] 🇺🇸 US 204 → tg@nicevpn123 {976} | server=104.19.45.7:2095 | reason=mihomo start failed
[TEST] {977} tested=1/1 | kept=0 | rest=0
[DEBUG] mihomo isolate | branch={977} | size=1 | parse=0 | names=[免费节点10] 🇺🇸 US 2040 → tg@nicevpn123 | err=-
[DEBUG] mihomo drop | branch={977} | size=1 | parse=0 | names=[免费节点10] 🇺🇸 US 2040 → tg@nicevpn123 | err=-
[DROP] name=[免费节点10] 🇺🇸 US 2040 → tg@nicevpn123 {977} | server=104.19.45.0:80 | reason=mihomo start failed
[TEST] {975} tested=1/1 | kept=0 | rest=0
[DEBUG] mihomo isolate | branch={975} | size=1 | parse=0 | names=[免费节点10] 🇺🇸 US 2039 → tg@nicevpn123 | err=-
[DEBUG] mihomo drop | branch={975} | size=1 | parse=0 | names=[免费节点10] 🇺🇸 US 2039 → tg@nicevpn123 | err=-
[DROP] name=[免费节点10] 🇺🇸 US 2039 → tg@nicevpn123 {975} | server=104.19.45.67:80 | reason=mihomo start failed
[TEST] {978} tested=1/1 | kept=0 | rest=0
[DEBUG] mihomo isolate | branch={978} | size=1 | parse=0 | names=[免费节点10] 🇺🇸 US 211 → tg@nicevpn123 | err=-
[DEBUG] mihomo drop | branch={978} | size=1 | parse=0 | names=[免费节点10] 🇺🇸 US 211 → tg@nicevpn123 | err=-
[DROP] name=[免费节点10] 🇺🇸 US 211 → tg@nicevpn123 {978} | server=104.19.48.168:2082 | reason=mihomo start failed
[TEST] {979} tested=1/1 | kept=0 | rest=0
[DEBUG] mihomo isolate | branch={979} | size=1 | parse=0 | names=[免费节点10] 🇺🇸 US 213 → tg@nicevpn123 | err=-
[DEBUG] mihomo drop | branch={979} | size=1 | parse=0 | names=[免费节点10] 🇺🇸 US 213 → tg@nicevpn123 | err=-
[DROP] name=[免费节点10] 🇺🇸 US 213 → tg@nicevpn123 {979} | server=103.79.79.57:31231 | reason=mihomo start failed
[TEST] {981} tested=1/1 | kept=0 | rest=0
[DEBUG] mihomo isolate | branch={981} | size=1 | parse=0 | names=[免费节点10] 🇺🇸 US 216 → tg@nicevpn123 | err=-
[DEBUG] mihomo drop | branch={981} | size=1 | parse=0 | names=[免费节点10] 🇺🇸 US 216 → tg@nicevpn123 | err=-
[DROP] name=[免费节点10] 🇺🇸 US 216 → tg@nicevpn123 {981} | server=104.19.45.199:2095 | reason=mihomo start failed
[TEST] {980} tested=1/1 | kept=0 | rest=0
[DEBUG] mihomo isolate | branch={980} | size=1 | parse=0 | names=[免费节点10] 🇺🇸 US 215 → tg@nicevpn123 | err=-
[DEBUG] mihomo drop | branch={980} | size=1 | parse=0 | names=[免费节点10] 🇺🇸 US 215 → tg@nicevpn123 | err=-
[DROP] name=[免费节点10] 🇺🇸 US 215 → tg@nicevpn123 {980} | server=ak1757.www.outline.network.fr8678825324247b8176d59f83c30bd94d23d2e3ac5cd4a743bkwqeikvdyufr.cyou:8080 | reason=mihomo start failed
[TEST] {982} tested=1/1 | kept=0 | rest=0
[DEBUG] mihomo isolate | branch={982} | size=1 | parse=0 | names=[ChromeGO-Merge] None vmess 07 | err=-
[DEBUG] mihomo drop | branch={982} | size=1 | parse=0 | names=[ChromeGO-Merge] None vmess 07 | err=-
[DROP] name=[ChromeGO-Merge] None vmess 07 {982} | server=162.159.137.31:8080 | reason=mihomo start failed
[TEST] {965} tested=1/1 | kept=0 | rest=0
[DEBUG] mihomo isolate | branch={965} | size=1 | parse=0 | names=[免费节点10] 🇺🇸 US 448 → tg@nicevpn123 | err=-
[DEBUG] mihomo drop | branch={965} | size=1 | parse=0 | names=[免费节点10] 🇺🇸 US 448 → tg@nicevpn123 | err=-
[DROP] name=[免费节点10] 🇺🇸 US 448 → tg@nicevpn123 {965} | server=38.110.1.67:8888 | reason=mihomo start failed
[TEST] {969} tested=1/1 | kept=0 | rest=0
[DEBUG] mihomo isolate | branch={969} | size=1 | parse=0 | names=[免费节点10] 🇺🇸 US 452 → tg@nicevpn123 | err=-
[DEBUG] mihomo drop | branch={969} | size=1 | parse=0 | names=[免费节点10] 🇺🇸 US 452 → tg@nicevpn123 | err=-
[DROP] name=[免费节点10] 🇺🇸 US 452 → tg@nicevpn123 {969} | server=172.245.205.50:30129 | reason=mihomo start failed
[TEST] {971} tested=1/1 | kept=0 | rest=0
[TEST] {983} tested=1/1 | kept=0 | rest=0
[DEBUG] mihomo isolate | branch={983} | size=1 | parse=0 | names=[ChromeGO-Merge] None vmess 010 | err=-
[DEBUG] mihomo drop | branch={983} | size=1 | parse=0 | names=[ChromeGO-Merge] None vmess 010 | err=-
[DROP] name=[ChromeGO-Merge] None vmess 010 {983} | server=yh1.dtku41.xyz:8080 | reason=mihomo start failed
[TEST] {989} tested=1/1 | kept=0 | rest=0
[DEBUG] mihomo isolate | branch={989} | size=1 | parse=0 | names=[免费节点10] 🇺🇸 US 207 → tg@nicevpn123 | err=-
[DEBUG] mihomo drop | branch={989} | size=1 | parse=0 | names=[免费节点10] 🇺🇸 US 207 → tg@nicevpn123 | err=-
[DROP] name=[免费节点10] 🇺🇸 US 207 → tg@nicevpn123 {989} | server=debbc.qkhbyf.tech:443 | reason=mihomo start failed
[TEST] {984} tested=1/1 | kept=0 | rest=0
[DEBUG] mihomo isolate | branch={984} | size=1 | parse=0 | names=[ChromeGO-Merge] None vmess 011 | err=-
[DEBUG] mihomo drop | branch={984} | size=1 | parse=0 | names=[ChromeGO-Merge] None vmess 011 | err=-
[DROP] name=[ChromeGO-Merge] None vmess 011 {984} | server=yh1.dtku41.xyz:8080 | reason=mihomo start failed
[TEST] {985} tested=1/1 | kept=0 | rest=0
[DEBUG] mihomo isolate | branch={985} | size=1 | parse=0 | names=[ChromeGO-Merge] None vmess 012 | err=-
[DEBUG] mihomo drop | branch={985} | size=1 | parse=0 | names=[ChromeGO-Merge] None vmess 012 | err=-
[DROP] name=[ChromeGO-Merge] None vmess 012 {985} | server=yh1.dtku41.xyz:8080 | reason=mihomo start failed
[TEST] {990} tested=1/1 | kept=0 | rest=0
[DEBUG] mihomo isolate | branch={990} | size=1 | parse=0 | names=[免费节点10] 🇺🇸 US 208 → tg@nicevpn123 | err=-
[DEBUG] mihomo drop | branch={990} | size=1 | parse=0 | names=[免费节点10] 🇺🇸 US 208 → tg@nicevpn123 | err=-
[DROP] name=[免费节点10] 🇺🇸 US 208 → tg@nicevpn123 {990} | server=series-a2-me.varzesh360.co:443 | reason=mihomo start failed
[TEST] {986} tested=1/1 | kept=0 | rest=0
[TEST] {991} tested=1/1 | kept=0 | rest=0
[DEBUG] mihomo isolate | branch={986} | size=1 | parse=0 | names=[ChromeGO-Merge] None vmess 013 | err=-
[DEBUG] mihomo drop | branch={986} | size=1 | parse=0 | names=[ChromeGO-Merge] None vmess 013 | err=-
[DROP] name=[ChromeGO-Merge] None vmess 013 {986} | server=yh2.dtku41.xyz:8080 | reason=mihomo start failed
[DEBUG] mihomo isolate | branch={991} | size=1 | parse=0 | names=[免费节点10] 🇺🇸 US 209 → tg@nicevpn123 | err=-
[DEBUG] mihomo drop | branch={991} | size=1 | parse=0 | names=[免费节点10] 🇺🇸 US 209 → tg@nicevpn123 | err=-
[DROP] name=[免费节点10] 🇺🇸 US 209 → tg@nicevpn123 {991} | server=uk-full.privateip.net:443 | reason=mihomo start failed
[TEST] {992} tested=1/1 | kept=0 | rest=0
[DEBUG] mihomo isolate | branch={992} | size=1 | parse=0 | names=[免费节点10] 🇺🇸 US 219 → tg@nicevpn123 | err=-
[DEBUG] mihomo drop | branch={992} | size=1 | parse=0 | names=[免费节点10] 🇺🇸 US 219 → tg@nicevpn123 | err=-
[DROP] name=[免费节点10] 🇺🇸 US 219 → tg@nicevpn123 {992} | server=104.21.225.96:80 | reason=mihomo start failed
[TEST] {993} tested=1/1 | kept=0 | rest=0
[DEBUG] mihomo isolate | branch={993} | size=1 | parse=0 | names=[免费节点10] 🇺🇸 US 22 → tg@nicevpn123 | err=-
[DEBUG] mihomo drop | branch={993} | size=1 | parse=0 | names=[免费节点10] 🇺🇸 US 22 → tg@nicevpn123 | err=-
[DROP] name=[免费节点10] 🇺🇸 US 22 → tg@nicevpn123 {993} | server=45.77.223.124:16899 | reason=mihomo start failed
[TEST] {995} tested=1/1 | kept=0 | rest=0
[DEBUG] mihomo isolate | branch={995} | size=1 | parse=0 | names=[免费节点10] 🇺🇸 US 221 → tg@nicevpn123 | err=-
[DEBUG] mihomo drop | branch={995} | size=1 | parse=0 | names=[免费节点10] 🇺🇸 US 221 → tg@nicevpn123 | err=-
[DROP] name=[免费节点10] 🇺🇸 US 221 → tg@nicevpn123 {995} | server=172.232.62.234:443 | reason=mihomo start failed
[TEST] {987} tested=1/1 | kept=0 | rest=0
[DEBUG] mihomo isolate | branch={987} | size=1 | parse=0 | names=[免费节点10] 🇺🇸 US 205 → tg@nicevpn123 | err=-
[DEBUG] mihomo drop | branch={987} | size=1 | parse=0 | names=[免费节点10] 🇺🇸 US 205 → tg@nicevpn123 | err=-
[DROP] name=[免费节点10] 🇺🇸 US 205 → tg@nicevpn123 {987} | server=168.235.82.103:16123 | reason=mihomo start failed
[TEST] {998} tested=1/1 | kept=0 | rest=0
[DEBUG] mihomo isolate | branch={998} | size=1 | parse=0 | names=[ChromeGO-Merge] None vmess 32 | err=-
[DEBUG] mihomo drop | branch={998} | size=1 | parse=0 | names=[ChromeGO-Merge] None vmess 32 | err=-
[DROP] name=[ChromeGO-Merge] None vmess 32 {998} | server=yh1.freeh1.xyz:8080 | reason=mihomo start failed
[TEST] {988} tested=1/1 | kept=0 | rest=0
[DEBUG] mihomo isolate | branch={988} | size=1 | parse=0 | names=[免费节点10] 🇺🇸 US 206 → tg@nicevpn123 | err=-
[DEBUG] mihomo drop | branch={988} | size=1 | parse=0 | names=[免费节点10] 🇺🇸 US 206 → tg@nicevpn123 | err=-
[DROP] name=[免费节点10] 🇺🇸 US 206 → tg@nicevpn123 {988} | server=107.172.87.131:48959 | reason=mihomo start failed
[TEST] {999} tested=1/1 | kept=0 | rest=0
[DEBUG] mihomo isolate | branch={999} | size=1 | parse=0 | names=[ChromeGO-Merge] United States vmess 33 | err=-
[DEBUG] mihomo drop | branch={999} | size=1 | parse=0 | names=[ChromeGO-Merge] United States vmess 33 | err=-
[DROP] name=[ChromeGO-Merge] United States vmess 33 {999} | server=yh1.freeh1.xyz:8080 | reason=mihomo start failed
[TEST] {997} tested=1/1 | kept=0 | rest=0
[DEBUG] mihomo isolate | branch={997} | size=1 | parse=0 | names=[ChromeGO-Merge] United States vmess 31 | err=-
[DEBUG] mihomo drop | branch={997} | size=1 | parse=0 | names=[ChromeGO-Merge] United States vmess 31 | err=-
[DROP] name=[ChromeGO-Merge] United States vmess 31 {997} | server=yh1.freeh1.xyz:8080 | reason=mihomo start failed
[TEST] {1000} tested=1/1 | kept=0 | rest=0
[DEBUG] mihomo isolate | branch={1000} | size=1 | parse=0 | names=[ChromeGO-Merge] None vmess 34 | err=-
[DEBUG] mihomo drop | branch={1000} | size=1 | parse=0 | names=[ChromeGO-Merge] None vmess 34 | err=-
[DROP] name=[ChromeGO-Merge] None vmess 34 {1000} | server=yh1.freeh1.xyz:8080 | reason=mihomo start failed
[TEST] {1002} tested=1/1 | kept=0 | rest=0
[DEBUG] mihomo isolate | branch={1002} | size=1 | parse=0 | names=[ChromeGO-Merge] United States vmess 26 | err=-
[DEBUG] mihomo drop | branch={1002} | size=1 | parse=0 | names=[ChromeGO-Merge] United States vmess 26 | err=-
[DROP] name=[ChromeGO-Merge] United States vmess 26 {1002} | server=yh2.freeh1.xyz:8080 | reason=mihomo start failed
[TEST] {1001} tested=1/1 | kept=0 | rest=0
[DEBUG] mihomo isolate | branch={1001} | size=1 | parse=0 | names=[ChromeGO-Merge] Canada vmess 41 | err=-
[DEBUG] mihomo drop | branch={1001} | size=1 | parse=0 | names=[ChromeGO-Merge] Canada vmess 41 | err=-
[DROP] name=[ChromeGO-Merge] Canada vmess 41 {1001} | server=23.227.39.12:8080 | reason=mihomo start failed
[TEST] {1003} tested=1/1 | kept=0 | rest=0
[DEBUG] mihomo isolate | branch={1003} | size=1 | parse=0 | names=[ChromeGO-Merge] None vmess 29 | err=-
[DEBUG] mihomo drop | branch={1003} | size=1 | parse=0 | names=[ChromeGO-Merge] None vmess 29 | err=-
[DROP] name=[ChromeGO-Merge] None vmess 29 {1003} | server=yh3.freeh1.xyz:8080 | reason=mihomo start failed
[TEST] {1004} tested=1/1 | kept=0 | rest=0
[DEBUG] mihomo isolate | branch={1004} | size=1 | parse=0 | names=[ChromeGO-Merge] United States vmess 210 | err=-
[DEBUG] mihomo drop | branch={1004} | size=1 | parse=0 | names=[ChromeGO-Merge] United States vmess 210 | err=-
[DROP] name=[ChromeGO-Merge] United States vmess 210 {1004} | server=yh3.freeh1.xyz:8080 | reason=mihomo start failed
[TEST] {1005} tested=1/1 | kept=0 | rest=0
[DEBUG] mihomo isolate | branch={1005} | size=1 | parse=0 | names=[ChromeGO-Merge] United States vmess 211 | err=-
[DEBUG] mihomo drop | branch={1005} | size=1 | parse=0 | names=[ChromeGO-Merge] United States vmess 211 | err=-
[DROP] name=[ChromeGO-Merge] United States vmess 211 {1005} | server=yh3.freeh1.xyz:8080 | reason=mihomo start failed
[TEST] {1007} tested=1/1 | kept=0 | rest=0
[DEBUG] mihomo isolate | branch={1007} | size=1 | parse=0 | names=[ChromeGO-Merge] United States vmess 21 | err=-
[DEBUG] mihomo drop | branch={1007} | size=1 | parse=0 | names=[ChromeGO-Merge] United States vmess 21 | err=-
[DROP] name=[ChromeGO-Merge] United States vmess 21 {1007} | server=yh1.freeh1.xyz:8080 | reason=mihomo start failed
[TEST] {1008} tested=1/1 | kept=0 | rest=0
[DEBUG] mihomo isolate | branch={1008} | size=1 | parse=0 | names=[ChromeGO-Merge] United States vmess 23 | err=-
[DEBUG] mihomo drop | branch={1008} | size=1 | parse=0 | names=[ChromeGO-Merge] United States vmess 23 | err=-
[DROP] name=[ChromeGO-Merge] United States vmess 23 {1008} | server=yh1.freeh1.xyz:8080 | reason=mihomo start failed
[TEST] {1010} tested=1/1 | kept=0 | rest=0
[DEBUG] mihomo isolate | branch={1010} | size=1 | parse=0 | names=[ChromeGO-Merge] None vmess 25 | err=-
[DEBUG] mihomo drop | branch={1010} | size=1 | parse=0 | names=[ChromeGO-Merge] None vmess 25 | err=-
[DROP] name=[ChromeGO-Merge] None vmess 25 {1010} | server=yh2.freeh1.xyz:8080 | reason=mihomo start failed
[TEST] {1006} tested=1/1 | kept=0 | rest=0
[DEBUG] mihomo isolate | branch={1006} | size=1 | parse=0 | names=[ChromeGO-Merge] None vmess 14 | err=-
[DEBUG] mihomo drop | branch={1006} | size=1 | parse=0 | names=[ChromeGO-Merge] None vmess 14 | err=-
[DROP] name=[ChromeGO-Merge] None vmess 14 {1006} | server=fbi.gov:8080 | reason=mihomo start failed
[TEST] {1009} tested=1/1 | kept=0 | rest=0
[DEBUG] mihomo isolate | branch={1009} | size=1 | parse=0 | names=[ChromeGO-Merge] None vmess 24 | err=-
[DEBUG] mihomo drop | branch={1009} | size=1 | parse=0 | names=[ChromeGO-Merge] None vmess 24 | err=-
[DROP] name=[ChromeGO-Merge] None vmess 24 {1009} | server=yh1.freeh1.xyz:8080 | reason=mihomo start failed
[TEST] {1011} tested=1/1 | kept=0 | rest=0
[DEBUG] mihomo isolate | branch={1011} | size=1 | parse=0 | names=[ChromeGO-ShiteThings] store.ubi.com | err=-
[DEBUG] mihomo drop | branch={1011} | size=1 | parse=0 | names=[ChromeGO-ShiteThings] store.ubi.com | err=-
[DROP] name=[ChromeGO-ShiteThings] store.ubi.com {1011} | server=store.ubi.com:443 | reason=mihomo start failed
[DEBUG] mihomo start-fail | branch={1014} | size=1 | parse=1 | rc=1 | names=[ChromeGO-ShiteThings] hysteria | err=rc=1 Mihomo exited before controller became ready time="2026-09-28T15:17:28.751421108Z" level=info msg="Start initial configuration in progress" time="2026-09-28T15:17:28.751519843Z" level=fatal msg="Parse config error: proxy 0: '' has u...
[DEBUG] mihomo isolate | branch={1014} | size=1 | parse=1 | names=[ChromeGO-ShiteThings] hysteria | err=Mihomo exited before controller became ready time="2026-09-28T15:17:28.751421108Z" level=info msg="Start initial configuration in progress" time="2026-09-28T15:17:28.751519843Z" level=fatal msg="Parse config error: proxy 0: '' has unset ...
[REPAIR] name=[ChromeGO-ShiteThings] hysteria {1014} | fields=up,down
[TEST] {1014} tested=1/1 | kept=0 | rest=0
[TEST] {1013} tested=1/1 | kept=0 | rest=0
[DEBUG] mihomo isolate | branch={1013} | size=1 | parse=0 | names=[ChromeGO-ShiteThings] cloudflare-dl.byo | err=-
[DEBUG] mihomo drop | branch={1013} | size=1 | parse=0 | names=[ChromeGO-ShiteThings] cloudflare-dl.byo | err=-
[DROP] name=[ChromeGO-ShiteThings] cloudflare-dl.byoip.top {1013} | server=cloudflare-dl.byoip.top:443 | reason=mihomo start failed
[DEBUG] mihomo start-fail | branch={1015} | size=1 | parse=1 | rc=1 | names=[ChromeGO-ShiteThings] hysteria-2 | err=rc=1 Mihomo exited before controller became ready time="2026-09-28T15:17:29.808359515Z" level=info msg="Start initial configuration in progress" time="2026-09-28T15:17:29.808473468Z" level=fatal msg="Parse config error: proxy 0: '' has u...
[DEBUG] mihomo isolate | branch={1015} | size=1 | parse=1 | names=[ChromeGO-ShiteThings] hysteria-2 | err=Mihomo exited before controller became ready time="2026-09-28T15:17:29.808359515Z" level=info msg="Start initial configuration in progress" time="2026-09-28T15:17:29.808473468Z" level=fatal msg="Parse config error: proxy 0: '' has unset ...
[REPAIR] name=[ChromeGO-ShiteThings] hysteria-2 {1015} | fields=up,down
[DEBUG] mihomo start-fail | branch={1016} | size=1 | parse=1 | rc=1 | names=[ChromeGO-ShiteThings] hysteria-3 | err=rc=1 Mihomo exited before controller became ready time="2026-09-28T15:17:29.934192301Z" level=info msg="Start initial configuration in progress" time="2026-09-28T15:17:29.934323496Z" level=fatal msg="Parse config error: proxy 0: '' has u...
[DEBUG] mihomo isolate | branch={1016} | size=1 | parse=1 | names=[ChromeGO-ShiteThings] hysteria-3 | err=Mihomo exited before controller became ready time="2026-09-28T15:17:29.934192301Z" level=info msg="Start initial configuration in progress" time="2026-09-28T15:17:29.934323496Z" level=fatal msg="Parse config error: proxy 0: '' has unset ...
[REPAIR] name=[ChromeGO-ShiteThings] hysteria-3 {1016} | fields=up,down
[TEST] {994} tested=1/1 | kept=0 | rest=0
[DEBUG] mihomo isolate | branch={994} | size=1 | parse=0 | names=[免费节点10] 🇺🇸 US 220 → tg@nicevpn123 | err=-
[DEBUG] mihomo drop | branch={994} | size=1 | parse=0 | names=[免费节点10] 🇺🇸 US 220 → tg@nicevpn123 | err=-
[DROP] name=[免费节点10] 🇺🇸 US 220 → tg@nicevpn123 {994} | server=45.79.108.12:443 | reason=mihomo start failed
[DEBUG] mihomo start-fail | branch={1018} | size=1 | parse=1 | rc=1 | names=[ChromeGO-ShiteThings] hysteria-5 | err=rc=1 Mihomo exited before controller became ready time="2026-09-28T15:17:30.065399609Z" level=info msg="Start initial configuration in progress" time="2026-09-28T15:17:30.065561211Z" level=fatal msg="Parse config error: proxy 0: '' has u...
[DEBUG] mihomo isolate | branch={1018} | size=1 | parse=1 | names=[ChromeGO-ShiteThings] hysteria-5 | err=Mihomo exited before controller became ready time="2026-09-28T15:17:30.065399609Z" level=info msg="Start initial configuration in progress" time="2026-09-28T15:17:30.065561211Z" level=fatal msg="Parse config error: proxy 0: '' has unset ...
[REPAIR] name=[ChromeGO-ShiteThings] hysteria-5 {1018} | fields=up,down
[DEBUG] mihomo start-fail | branch={1017} | size=1 | parse=1 | rc=1 | names=[ChromeGO-ShiteThings] hysteria-4 | err=rc=1 Mihomo exited before controller became ready time="2026-09-28T15:17:30.189494198Z" level=info msg="Start initial configuration in progress" time="2026-09-28T15:17:30.189693160Z" level=fatal msg="Parse config error: proxy 0: '' has u...
[DEBUG] mihomo isolate | branch={1017} | size=1 | parse=1 | names=[ChromeGO-ShiteThings] hysteria-4 | err=Mihomo exited before controller became ready time="2026-09-28T15:17:30.189494198Z" level=info msg="Start initial configuration in progress" time="2026-09-28T15:17:30.189693160Z" level=fatal msg="Parse config error: proxy 0: '' has unset ...
[REPAIR] name=[ChromeGO-ShiteThings] hysteria-4 {1017} | fields=up,down
[TEST] {1015} tested=1/1 | kept=0 | rest=0
[TEST] {996} tested=1/1 | kept=0 | rest=0
[DEBUG] mihomo isolate | branch={996} | size=1 | parse=0 | names=[免费节点10] 🇺🇸 US 222 → tg@nicevpn123 | err=-
[DEBUG] mihomo drop | branch={996} | size=1 | parse=0 | names=[免费节点10] 🇺🇸 US 222 → tg@nicevpn123 | err=-
[DROP] name=[免费节点10] 🇺🇸 US 222 → tg@nicevpn123 {996} | server=38.114.114.208:6679 | reason=mihomo start failed
[TEST] {1016} tested=1/1 | kept=0 | rest=0
[TEST] {1017} tested=1/1 | kept=0 | rest=0
[TEST] {1012} tested=1/1 | kept=0 | rest=0
[DEBUG] mihomo isolate | branch={1012} | size=1 | parse=0 | names=[ChromeGO-ShiteThings] cf.tencentapp.cn | err=-
[DEBUG] mihomo drop | branch={1012} | size=1 | parse=0 | names=[ChromeGO-ShiteThings] cf.tencentapp.cn | err=-
[DROP] name=[ChromeGO-ShiteThings] cf.tencentapp.cn {1012} | server=cf.tencentapp.cn:443 | reason=mihomo start failed
[TEST] {1019} tested=1/1 | kept=0 | rest=0
[TEST] {1018} tested=1/1 | kept=0 | rest=0
[DEBUG] mihomo isolate | branch={1019} | size=1 | parse=0 | names=[ChromeGO-Merge] United States_hysteria2 | err=-
[DEBUG] mihomo drop | branch={1019} | size=1 | parse=0 | names=[ChromeGO-Merge] United States_hysteria2 | err=-
[DROP] name=[ChromeGO-Merge] United States_hysteria2_01 {1019} | server=74.63.233.74:33445 | reason=mihomo start failed
[TEST] {1020} tested=1/1 | kept=0 | rest=0
[DEBUG] mihomo isolate | branch={1020} | size=1 | parse=0 | names=[ChromeGO-Merge] United States_hy2_1 | err=-
[DEBUG] mihomo drop | branch={1020} | size=1 | parse=0 | names=[ChromeGO-Merge] United States_hy2_1 | err=-
[DROP] name=[ChromeGO-Merge] United States_hy2_1 {1020} | server=104.192.224.140:40391 | reason=mihomo start failed
[TEST] {1021} tested=1/1 | kept=0 | rest=0
[DEBUG] mihomo isolate | branch={1021} | size=1 | parse=0 | names=[ChromeGO-Merge] 🇫🇷 France_tuic_0 | err=-
[DEBUG] mihomo drop | branch={1021} | size=1 | parse=0 | names=[ChromeGO-Merge] 🇫🇷 France_tuic_0 | err=-
[DROP] name=[ChromeGO-Merge] 🇫🇷 France_tuic_0 {1021} | server=62.210.103.14:44556 | reason=mihomo start failed
[TEST] {1025} tested=1/1 | kept=0 | rest=0
[DEBUG] mihomo isolate | branch={1025} | size=1 | parse=0 | names=[ChromeGO-ShiteThings] 节点18 | err=-
[DEBUG] mihomo drop | branch={1025} | size=1 | parse=0 | names=[ChromeGO-ShiteThings] 节点18 | err=-
[DROP] name=[ChromeGO-ShiteThings] 节点18 {1025} | server=2001:bc8:32d7:302::17:20088 | reason=mihomo start failed
[TEST] {1026} tested=1/1 | kept=0 | rest=0
[TEST] {1024} tested=1/1 | kept=0 | rest=0
[DEBUG] mihomo isolate | branch={1024} | size=1 | parse=0 | names=[ChromeGO-ShiteThings] 节点17 | err=-
[DEBUG] mihomo drop | branch={1024} | size=1 | parse=0 | names=[ChromeGO-ShiteThings] 节点17 | err=-
[DROP] name=[ChromeGO-ShiteThings] 节点17 {1024} | server=2001:bc8:32d7:17b::2:11000 | reason=mihomo start failed
[DEBUG] mihomo isolate | branch={1026} | size=1 | parse=0 | names=[ChromeGO-ShiteThings] 节点19 | err=-
[DEBUG] mihomo drop | branch={1026} | size=1 | parse=0 | names=[ChromeGO-ShiteThings] 节点19 | err=-
[DROP] name=[ChromeGO-ShiteThings] 节点19 {1026} | server=2001:bc8:32d7:302::16:34997 | reason=mihomo start failed
[TEST] {1028} tested=1/1 | kept=0 | rest=0
[DEBUG] mihomo isolate | branch={1028} | size=1 | parse=0 | names=[ChromeGO-Merge] 🇹🇼 Taiwan_hy_6 | err=-
[DEBUG] mihomo drop | branch={1028} | size=1 | parse=0 | names=[ChromeGO-Merge] 🇹🇼 Taiwan_hy_6 | err=-
[DROP] name=[ChromeGO-Merge] 🇹🇼 Taiwan_hy_6 {1028} | server=www2.dtku48.xyz:22334 | reason=mihomo start failed
[TEST] {1027} tested=1/1 | kept=0 | rest=0
[DEBUG] mihomo isolate | branch={1027} | size=1 | parse=0 | names=[ChromeGO-ShiteThings] visa.com | err=-
[DEBUG] mihomo drop | branch={1027} | size=1 | parse=0 | names=[ChromeGO-ShiteThings] visa.com | err=-
[DROP] name=[ChromeGO-ShiteThings] visa.com {1027} | server=visa.com:443 | reason=mihomo start failed
[TEST] {1022} tested=1/1 | kept=0 | rest=0
[DEBUG] mihomo isolate | branch={1022} | size=1 | parse=0 | names=[ChromeGO-Merge] 🇺🇸 United States_tuic_1 | err=-
[DEBUG] mihomo drop | branch={1022} | size=1 | parse=0 | names=[ChromeGO-Merge] 🇺🇸 United States_tuic_1 | err=-
[DROP] name=[ChromeGO-Merge] 🇺🇸 United States_tuic_1 {1022} | server=109.104.152.4:443 | reason=mihomo start failed
[TEST] {1031} tested=1/1 | kept=0 | rest=0
[DEBUG] mihomo isolate | branch={1031} | size=1 | parse=0 | names=[ChromeGO-Merge] 🇹🇼 Taiwan_hy_9 | err=-
[DEBUG] mihomo drop | branch={1031} | size=1 | parse=0 | names=[ChromeGO-Merge] 🇹🇼 Taiwan_hy_9 | err=-
[DROP] name=[ChromeGO-Merge] 🇹🇼 Taiwan_hy_9 {1031} | server=www.dtku50.xyz:18470 | reason=mihomo start failed
[TEST] {1023} tested=1/1 | kept=0 | rest=0
[DEBUG] mihomo isolate | branch={1023} | size=1 | parse=0 | names=[ChromeGO-Merge] 🇳🇱 Netherlands_tuic_2 | err=-
[DEBUG] mihomo drop | branch={1023} | size=1 | parse=0 | names=[ChromeGO-Merge] 🇳🇱 Netherlands_tuic_2 | err=-
[DROP] name=[ChromeGO-Merge] 🇳🇱 Netherlands_tuic_2 {1023} | server=109.104.153.17:22334 | reason=mihomo start failed
[TEST] {1033} tested=1/1 | kept=0 | rest=0
[DEBUG] mihomo isolate | branch={1033} | size=1 | parse=0 | names=[ChromeGO-ShiteThings] www.visa.com | err=-
[DEBUG] mihomo drop | branch={1033} | size=1 | parse=0 | names=[ChromeGO-ShiteThings] www.visa.com | err=-
[DROP] name=[ChromeGO-ShiteThings] www.visa.com {1033} | server=www.visa.com:443 | reason=mihomo start failed
[TEST] {1035} tested=1/1 | kept=0 | rest=0
[DEBUG] mihomo isolate | branch={1035} | size=1 | parse=0 | names=[ChromeGO-ShiteThings] zoneabc.net | err=-
[DEBUG] mihomo drop | branch={1035} | size=1 | parse=0 | names=[ChromeGO-ShiteThings] zoneabc.net | err=-
[DROP] name=[ChromeGO-ShiteThings] zoneabc.net {1035} | server=zoneabc.net:443 | reason=mihomo start failed
[TEST] {1029} tested=1/1 | kept=0 | rest=0
[DEBUG] mihomo isolate | branch={1029} | size=1 | parse=0 | names=[ChromeGO-Merge] 🇫🇷 France_hy2_7 | err=-
[DEBUG] mihomo drop | branch={1029} | size=1 | parse=0 | names=[ChromeGO-Merge] 🇫🇷 France_hy2_7 | err=-
[DROP] name=[ChromeGO-Merge] 🇫🇷 France_hy2_7 {1029} | server=51.158.54.46:44550 | reason=mihomo start failed
[TEST] {1030} tested=1/1 | kept=0 | rest=0
[DEBUG] mihomo isolate | branch={1030} | size=1 | parse=0 | names=[ChromeGO-Merge] 🇺🇸 United States_hy2_8 | err=-
[DEBUG] mihomo drop | branch={1030} | size=1 | parse=0 | names=[ChromeGO-Merge] 🇺🇸 United States_hy2_8 | err=-
[DROP] name=[ChromeGO-Merge] 🇺🇸 United States_hy2_8 {1030} | server=45.150.165.84:8881 | reason=mihomo start failed
[TEST] {1037} tested=1/1 | kept=0 | rest=0
[DEBUG] mihomo isolate | branch={1037} | size=1 | parse=0 | names=[ChromeGO-ShiteThings] www.shopify.com | err=-
[DEBUG] mihomo drop | branch={1037} | size=1 | parse=0 | names=[ChromeGO-ShiteThings] www.shopify.com | err=-
[DROP] name=[ChromeGO-ShiteThings] www.shopify.com {1037} | server=www.shopify.com:443 | reason=mihomo start failed
[TEST] {1036} tested=1/1 | kept=0 | rest=0
[DEBUG] mihomo isolate | branch={1036} | size=1 | parse=0 | names=[ChromeGO-ShiteThings] youxuan.cf.090227 | err=-
[DEBUG] mihomo drop | branch={1036} | size=1 | parse=0 | names=[ChromeGO-ShiteThings] youxuan.cf.090227 | err=-
[DROP] name=[ChromeGO-ShiteThings] youxuan.cf.090227.xyz {1036} | server=youxuan.cf.090227.xyz:443 | reason=mihomo start failed
[TEST] {1040} tested=1/1 | kept=0 | rest=0
[DEBUG] mihomo isolate | branch={1040} | size=1 | parse=0 | names=[ChromeGO-Merge] None vmess 11 | err=-
[DEBUG] mihomo drop | branch={1040} | size=1 | parse=0 | names=[ChromeGO-Merge] None vmess 11 | err=-
[DROP] name=[ChromeGO-Merge] None vmess 11 {1040} | server=fbi.gov:8080 | reason=mihomo start failed
[TEST] {1041} tested=1/1 | kept=0 | rest=0
[DEBUG] mihomo isolate | branch={1041} | size=1 | parse=0 | names=[ChromeGO-Merge] None vmess 13 | err=-
[DEBUG] mihomo drop | branch={1041} | size=1 | parse=0 | names=[ChromeGO-Merge] None vmess 13 | err=-
[DROP] name=[ChromeGO-Merge] None vmess 13 {1041} | server=fbi.gov:8080 | reason=mihomo start failed
[TEST] {1034} tested=1/1 | kept=0 | rest=0
[DEBUG] mihomo isolate | branch={1034} | size=1 | parse=0 | names=[ChromeGO-ShiteThings] www.visa.cn | err=-
[DEBUG] mihomo drop | branch={1034} | size=1 | parse=0 | names=[ChromeGO-ShiteThings] www.visa.cn | err=-
[DROP] name=[ChromeGO-ShiteThings] www.visa.cn {1034} | server=www.visa.cn:443 | reason=mihomo start failed
[TEST] {1043} tested=1/1 | kept=0 | rest=0
[DEBUG] mihomo isolate | branch={1043} | size=1 | parse=0 | names=[免费节点10] 🇺🇸 US 843 → tg@nicevpn123 | err=-
[DEBUG] mihomo drop | branch={1043} | size=1 | parse=0 | names=[免费节点10] 🇺🇸 US 843 → tg@nicevpn123 | err=-
[DROP] name=[免费节点10] 🇺🇸 US 843 → tg@nicevpn123 {1043} | server=104.16.40.120:2082 | reason=mihomo start failed
[TEST] {1042} tested=1/1 | kept=0 | rest=0
[DEBUG] mihomo isolate | branch={1042} | size=1 | parse=0 | names=[免费节点10] 🇺🇸 US 841 → tg@nicevpn123 | err=-
[DEBUG] mihomo drop | branch={1042} | size=1 | parse=0 | names=[免费节点10] 🇺🇸 US 841 → tg@nicevpn123 | err=-
[DROP] name=[免费节点10] 🇺🇸 US 841 → tg@nicevpn123 {1042} | server=172.67.229.36:2086 | reason=mihomo start failed
[TEST] {1032} tested=1/1 | kept=0 | rest=0
[DEBUG] mihomo isolate | branch={1032} | size=1 | parse=0 | names=[ChromeGO-Merge] 🇫🇷 France_hysteria_0 | err=-
[DEBUG] mihomo drop | branch={1032} | size=1 | parse=0 | names=[ChromeGO-Merge] 🇫🇷 France_hysteria_0 | err=-
[DROP] name=[ChromeGO-Merge] 🇫🇷 France_hysteria_0 {1032} | server=51.158.54.46:55396 | reason=mihomo start failed
[TEST] {1045} tested=1/1 | kept=0 | rest=0
[DEBUG] mihomo isolate | branch={1045} | size=1 | parse=0 | names=[免费节点10] 🇺🇸 US 845 → tg@nicevpn123 | err=-
[DEBUG] mihomo drop | branch={1045} | size=1 | parse=0 | names=[免费节点10] 🇺🇸 US 845 → tg@nicevpn123 | err=-
[DROP] name=[免费节点10] 🇺🇸 US 845 → tg@nicevpn123 {1045} | server=104.16.42.68:2082 | reason=mihomo start failed
[TEST] {1044} tested=1/1 | kept=0 | rest=0
[DEBUG] mihomo isolate | branch={1044} | size=1 | parse=0 | names=[免费节点10] 🇺🇸 US 844 → tg@nicevpn123 | err=-
[DEBUG] mihomo drop | branch={1044} | size=1 | parse=0 | names=[免费节点10] 🇺🇸 US 844 → tg@nicevpn123 | err=-
[DROP] name=[免费节点10] 🇺🇸 US 844 → tg@nicevpn123 {1044} | server=ip.sb:2086 | reason=mihomo start failed
[TEST] {1038} tested=1/1 | kept=0 | rest=0
[DEBUG] mihomo isolate | branch={1038} | size=1 | parse=0 | names=[ChromeGO-Merge] None vmess 014 | err=-
[DEBUG] mihomo drop | branch={1038} | size=1 | parse=0 | names=[ChromeGO-Merge] None vmess 014 | err=-
[DROP] name=[ChromeGO-Merge] None vmess 014 {1038} | server=yh2.dtku41.xyz:8080 | reason=mihomo start failed
[TEST] {1039} tested=1/1 | kept=0 | rest=0
[DEBUG] mihomo isolate | branch={1039} | size=1 | parse=0 | names=[ChromeGO-Merge] None vmess 016 | err=-
[DEBUG] mihomo drop | branch={1039} | size=1 | parse=0 | names=[ChromeGO-Merge] None vmess 016 | err=-
[DROP] name=[ChromeGO-Merge] None vmess 016 {1039} | server=yh2.dtku41.xyz:8080 | reason=mihomo start failed
[TEST] {1048} tested=1/1 | kept=0 | rest=0
[DEBUG] mihomo isolate | branch={1048} | size=1 | parse=0 | names=[免费节点10] 🇺🇸 US 837 → tg@nicevpn123 | err=-
[DEBUG] mihomo drop | branch={1048} | size=1 | parse=0 | names=[免费节点10] 🇺🇸 US 837 → tg@nicevpn123 | err=-
[DROP] name=[免费节点10] 🇺🇸 US 837 → tg@nicevpn123 {1048} | server=104.21.235.58:80 | reason=mihomo start failed
[TEST] {1050} tested=1/1 | kept=0 | rest=0
[DEBUG] mihomo isolate | branch={1050} | size=1 | parse=0 | names=[免费节点10] 🇺🇸 US 840 → tg@nicevpn123 | err=-
[DEBUG] mihomo drop | branch={1050} | size=1 | parse=0 | names=[免费节点10] 🇺🇸 US 840 → tg@nicevpn123 | err=-
[DROP] name=[免费节点10] 🇺🇸 US 840 → tg@nicevpn123 {1050} | server=104.19.45.9:2095 | reason=mihomo start failed
[TEST] {1052} tested=1/1 | kept=0 | rest=0
[DEBUG] mihomo isolate | branch={1052} | size=1 | parse=0 | names=[免费节点10] 🇺🇸 US 856 → tg@nicevpn123 | err=-
[DEBUG] mihomo drop | branch={1052} | size=1 | parse=0 | names=[免费节点10] 🇺🇸 US 856 → tg@nicevpn123 | err=-
[DROP] name=[免费节点10] 🇺🇸 US 856 → tg@nicevpn123 {1052} | server=104.19.42.60:2082 | reason=mihomo start failed
[TEST] {1051} tested=1/1 | kept=0 | rest=0
[DEBUG] mihomo isolate | branch={1051} | size=1 | parse=0 | names=[免费节点10] 🇺🇸 US 855 → tg@nicevpn123 | err=-
[DEBUG] mihomo drop | branch={1051} | size=1 | parse=0 | names=[免费节点10] 🇺🇸 US 855 → tg@nicevpn123 | err=-
[DROP] name=[免费节点10] 🇺🇸 US 855 → tg@nicevpn123 {1051} | server=104.16.40.158:2082 | reason=mihomo start failed
[TEST] {1054} tested=1/1 | kept=0 | rest=0
[DEBUG] mihomo isolate | branch={1054} | size=1 | parse=0 | names=[免费节点10] 🇺🇸 US 86 → tg@nicevpn123 | err=-
[DEBUG] mihomo drop | branch={1054} | size=1 | parse=0 | names=[免费节点10] 🇺🇸 US 86 → tg@nicevpn123 | err=-
[DROP] name=[免费节点10] 🇺🇸 US 86 → tg@nicevpn123 {1054} | server=104.19.45.174:2095 | reason=mihomo start failed
[TEST] {1046} tested=1/1 | kept=0 | rest=0
[DEBUG] mihomo isolate | branch={1046} | size=1 | parse=0 | names=[免费节点10] 🇺🇸 US 846 → tg@nicevpn123 | err=-
[DEBUG] mihomo drop | branch={1046} | size=1 | parse=0 | names=[免费节点10] 🇺🇸 US 846 → tg@nicevpn123 | err=-
[DROP] name=[免费节点10] 🇺🇸 US 846 → tg@nicevpn123 {1046} | server=185.77.217.121:443 | reason=mihomo start failed
[TEST] {1055} tested=1/1 | kept=0 | rest=0
[DEBUG] mihomo isolate | branch={1055} | size=1 | parse=0 | names=[免费节点10] 🇺🇸 US 860 → tg@nicevpn123 | err=-
[DEBUG] mihomo drop | branch={1055} | size=1 | parse=0 | names=[免费节点10] 🇺🇸 US 860 → tg@nicevpn123 | err=-
[DROP] name=[免费节点10] 🇺🇸 US 860 → tg@nicevpn123 {1055} | server=104.19.49.221:443 | reason=mihomo start failed
[TEST] {1049} tested=1/1 | kept=0 | rest=0
[DEBUG] mihomo isolate | branch={1049} | size=1 | parse=0 | names=[免费节点10] 🇺🇸 US 839 → tg@nicevpn123 | err=-
[DEBUG] mihomo drop | branch={1049} | size=1 | parse=0 | names=[免费节点10] 🇺🇸 US 839 → tg@nicevpn123 | err=-
[DROP] name=[免费节点10] 🇺🇸 US 839 → tg@nicevpn123 {1049} | server=38.68.135.138:5004 | reason=mihomo start failed
[TEST] {1057} tested=1/1 | kept=0 | rest=0
[DEBUG] mihomo isolate | branch={1057} | size=1 | parse=0 | names=[免费节点10] 🇺🇸 US 862 → tg@nicevpn123 | err=-
[DEBUG] mihomo drop | branch={1057} | size=1 | parse=0 | names=[免费节点10] 🇺🇸 US 862 → tg@nicevpn123 | err=-
[DROP] name=[免费节点10] 🇺🇸 US 862 → tg@nicevpn123 {1057} | server=104.19.45.158:2095 | reason=mihomo start failed
[TEST] {1047} tested=1/1 | kept=0 | rest=0
[DEBUG] mihomo isolate | branch={1047} | size=1 | parse=0 | names=[免费节点10] 🇺🇸 US 836 → tg@nicevpn123 | err=-
[DEBUG] mihomo drop | branch={1047} | size=1 | parse=0 | names=[免费节点10] 🇺🇸 US 836 → tg@nicevpn123 | err=-
[DROP] name=[免费节点10] 🇺🇸 US 836 → tg@nicevpn123 {1047} | server=104.20.156.248:2087 | reason=mihomo start failed
[TEST] {1059} tested=1/1 | kept=0 | rest=0
[DEBUG] mihomo isolate | branch={1059} | size=1 | parse=0 | names=[免费节点10] 🇺🇸 US 864 → tg@nicevpn123 | err=-
[DEBUG] mihomo drop | branch={1059} | size=1 | parse=0 | names=[免费节点10] 🇺🇸 US 864 → tg@nicevpn123 | err=-
[DROP] name=[免费节点10] 🇺🇸 US 864 → tg@nicevpn123 {1059} | server=99.84.50.140:443 | reason=mihomo start failed
[TEST] {1062} tested=1/1 | kept=0 | rest=0
[DEBUG] mihomo isolate | branch={1062} | size=1 | parse=0 | names=[免费节点10] 🇺🇸 US 882 → tg@nicevpn123 | err=-
[DEBUG] mihomo drop | branch={1062} | size=1 | parse=0 | names=[免费节点10] 🇺🇸 US 882 → tg@nicevpn123 | err=-
[DROP] name=[免费节点10] 🇺🇸 US 882 → tg@nicevpn123 {1062} | server=shop-bmw.fr:443 | reason=mihomo start failed
[TEST] {1061} tested=1/1 | kept=0 | rest=0
[DEBUG] mihomo isolate | branch={1061} | size=1 | parse=0 | names=[免费节点10] 🇺🇸 US 880 → tg@nicevpn123 | err=-
[DEBUG] mihomo drop | branch={1061} | size=1 | parse=0 | names=[免费节点10] 🇺🇸 US 880 → tg@nicevpn123 | err=-
[DROP] name=[免费节点10] 🇺🇸 US 880 → tg@nicevpn123 {1061} | server=104.19.45.3:2095 | reason=mihomo start failed
[TEST] {1060} tested=1/1 | kept=0 | rest=0
[DEBUG] mihomo isolate | branch={1060} | size=1 | parse=0 | names=[免费节点10] 🇺🇸 US 879 → tg@nicevpn123 | err=-
[DEBUG] mihomo drop | branch={1060} | size=1 | parse=0 | names=[免费节点10] 🇺🇸 US 879 → tg@nicevpn123 | err=-
[DROP] name=[免费节点10] 🇺🇸 US 879 → tg@nicevpn123 {1060} | server=uk1.xv2ray.net:80 | reason=mihomo start failed
[TEST] {1053} tested=1/1 | kept=0 | rest=0
[DEBUG] mihomo isolate | branch={1053} | size=1 | parse=0 | names=[免费节点10] 🇺🇸 US 858 → tg@nicevpn123 | err=-
[DEBUG] mihomo drop | branch={1053} | size=1 | parse=0 | names=[免费节点10] 🇺🇸 US 858 → tg@nicevpn123 | err=-
[DROP] name=[免费节点10] 🇺🇸 US 858 → tg@nicevpn123 {1053} | server=38.11.49.56:38000 | reason=mihomo start failed
[TEST] {1064} tested=1/1 | kept=0 | rest=0
[DEBUG] mihomo isolate | branch={1064} | size=1 | parse=0 | names=[免费节点10] 🇺🇸 US 884 → tg@nicevpn123 | err=-
[DEBUG] mihomo drop | branch={1064} | size=1 | parse=0 | names=[免费节点10] 🇺🇸 US 884 → tg@nicevpn123 | err=-
[DROP] name=[免费节点10] 🇺🇸 US 884 → tg@nicevpn123 {1064} | server=104.16.43.221:2082 | reason=mihomo start failed
[TEST] {1065} tested=1/1 | kept=0 | rest=0
[DEBUG] mihomo isolate | branch={1065} | size=1 | parse=0 | names=[免费节点10] 🇺🇸 US 898 → tg@nicevpn123 | err=-
[DEBUG] mihomo drop | branch={1065} | size=1 | parse=0 | names=[免费节点10] 🇺🇸 US 898 → tg@nicevpn123 | err=-
[DROP] name=[免费节点10] 🇺🇸 US 898 → tg@nicevpn123 {1065} | server=104.16.42.187:2082 | reason=mihomo start failed
[TEST] {1066} tested=1/1 | kept=0 | rest=0
[DEBUG] mihomo isolate | branch={1066} | size=1 | parse=0 | names=[免费节点10] 🇺🇸 US 899 → tg@nicevpn123 | err=-
[DEBUG] mihomo drop | branch={1066} | size=1 | parse=0 | names=[免费节点10] 🇺🇸 US 899 → tg@nicevpn123 | err=-
[DROP] name=[免费节点10] 🇺🇸 US 899 → tg@nicevpn123 {1066} | server=gur.gov.ua:443 | reason=mihomo start failed
[TEST] {1067} tested=1/1 | kept=0 | rest=0
[DEBUG] mihomo isolate | branch={1067} | size=1 | parse=0 | names=[免费节点10] 🇺🇸 US 9 → tg@nicevpn123 | err=-
[DEBUG] mihomo drop | branch={1067} | size=1 | parse=0 | names=[免费节点10] 🇺🇸 US 9 → tg@nicevpn123 | err=-
[DROP] name=[免费节点10] 🇺🇸 US 9 → tg@nicevpn123 {1067} | server=104.21.226.32:80 | reason=mihomo start failed
[TEST] {1068} tested=1/1 | kept=0 | rest=0
[DEBUG] mihomo isolate | branch={1068} | size=1 | parse=0 | names=[免费节点10] 🇺🇸 US 900 → tg@nicevpn123 | err=-
[DEBUG] mihomo drop | branch={1068} | size=1 | parse=0 | names=[免费节点10] 🇺🇸 US 900 → tg@nicevpn123 | err=-
[DROP] name=[免费节点10] 🇺🇸 US 900 → tg@nicevpn123 {1068} | server=104.16.39.21:2082 | reason=mihomo start failed
[TEST] {1070} tested=1/1 | kept=0 | rest=0
[DEBUG] mihomo isolate | branch={1070} | size=1 | parse=0 | names=[免费节点10] 🇺🇸 US 876 → tg@nicevpn123 | err=-
[DEBUG] mihomo drop | branch={1070} | size=1 | parse=0 | names=[免费节点10] 🇺🇸 US 876 → tg@nicevpn123 | err=-
[DROP] name=[免费节点10] 🇺🇸 US 876 → tg@nicevpn123 {1070} | server=104.19.42.166:2082 | reason=mihomo start failed
[TEST] {1056} tested=1/1 | kept=0 | rest=0
[DEBUG] mihomo isolate | branch={1056} | size=1 | parse=0 | names=[免费节点10] 🇺🇸 US 861 → tg@nicevpn123 | err=-
[DEBUG] mihomo drop | branch={1056} | size=1 | parse=0 | names=[免费节点10] 🇺🇸 US 861 → tg@nicevpn123 | err=-
[DROP] name=[免费节点10] 🇺🇸 US 861 → tg@nicevpn123 {1056} | server=mtn-----join.outline-vpn.cloud:443 | reason=mihomo start failed
[TEST] {1071} tested=1/1 | kept=0 | rest=0
[DEBUG] mihomo isolate | branch={1071} | size=1 | parse=0 | names=[免费节点10] 🇺🇸 US 877 → tg@nicevpn123 | err=-
[DEBUG] mihomo drop | branch={1071} | size=1 | parse=0 | names=[免费节点10] 🇺🇸 US 877 → tg@nicevpn123 | err=-
[DROP] name=[免费节点10] 🇺🇸 US 877 → tg@nicevpn123 {1071} | server=cfcdn3.sanfencdn9.com:80 | reason=mihomo start failed
[TEST] {1058} tested=1/1 | kept=0 | rest=0
[DEBUG] mihomo isolate | branch={1058} | size=1 | parse=0 | names=[免费节点10] 🇺🇸 US 863 → tg@nicevpn123 | err=-
[DEBUG] mihomo drop | branch={1058} | size=1 | parse=0 | names=[免费节点10] 🇺🇸 US 863 → tg@nicevpn123 | err=-
[DROP] name=[免费节点10] 🇺🇸 US 863 → tg@nicevpn123 {1058} | server=162.55.12.6:8081 | reason=mihomo start failed
[TEST] {1072} tested=1/1 | kept=0 | rest=0
[DEBUG] mihomo isolate | branch={1072} | size=1 | parse=0 | names=[免费节点10] 🇺🇸 US 878 → tg@nicevpn123 | err=-
[DEBUG] mihomo drop | branch={1072} | size=1 | parse=0 | names=[免费节点10] 🇺🇸 US 878 → tg@nicevpn123 | err=-
[DROP] name=[免费节点10] 🇺🇸 US 878 → tg@nicevpn123 {1072} | server=104.16.162.16:2053 | reason=mihomo start failed
[TEST] {1073} tested=1/1 | kept=0 | rest=0
[DEBUG] mihomo isolate | branch={1073} | size=1 | parse=0 | names=[免费节点10] 🇺🇸 US 901 → tg@nicevpn123 | err=-
[DEBUG] mihomo drop | branch={1073} | size=1 | parse=0 | names=[免费节点10] 🇺🇸 US 901 → tg@nicevpn123 | err=-
[DROP] name=[免费节点10] 🇺🇸 US 901 → tg@nicevpn123 {1073} | server=104.19.49.5:443 | reason=mihomo start failed
[TEST] {1075} tested=1/1 | kept=0 | rest=0
[DEBUG] mihomo isolate | branch={1075} | size=1 | parse=0 | names=[免费节点10] 🇺🇸 US 903 → tg@nicevpn123 | err=-
[DEBUG] mihomo drop | branch={1075} | size=1 | parse=0 | names=[免费节点10] 🇺🇸 US 903 → tg@nicevpn123 | err=-
[DROP] name=[免费节点10] 🇺🇸 US 903 → tg@nicevpn123 {1075} | server=38.110.1.105:8118 | reason=mihomo start failed
[TEST] {1076} tested=1/1 | kept=0 | rest=0
[DEBUG] mihomo isolate | branch={1076} | size=1 | parse=0 | names=[免费节点10] 🇺🇸 US 904 → tg@nicevpn123 | err=-
[DEBUG] mihomo drop | branch={1076} | size=1 | parse=0 | names=[免费节点10] 🇺🇸 US 904 → tg@nicevpn123 | err=-
[DROP] name=[免费节点10] 🇺🇸 US 904 → tg@nicevpn123 {1076} | server=45.56.79.156:443 | reason=mihomo start failed
[TEST] {1077} tested=1/1 | kept=0 | rest=0
[DEBUG] mihomo isolate | branch={1077} | size=1 | parse=0 | names=[免费节点10] 🇺🇸 US 905 → tg@nicevpn123 | err=-
[DEBUG] mihomo drop | branch={1077} | size=1 | parse=0 | names=[免费节点10] 🇺🇸 US 905 → tg@nicevpn123 | err=-
[DROP] name=[免费节点10] 🇺🇸 US 905 → tg@nicevpn123 {1077} | server=zula.ir:443 | reason=mihomo start failed
[TEST] {1078} tested=1/1 | kept=0 | rest=0
[DEBUG] mihomo isolate | branch={1078} | size=1 | parse=0 | names=[免费节点10] 🇺🇸 US 919 → tg@nicevpn123 | err=-
[DEBUG] mihomo drop | branch={1078} | size=1 | parse=0 | names=[免费节点10] 🇺🇸 US 919 → tg@nicevpn123 | err=-
[DROP] name=[免费节点10] 🇺🇸 US 919 → tg@nicevpn123 {1078} | server=104.16.40.215:2082 | reason=mihomo start failed
[TEST] {1080} tested=1/1 | kept=0 | rest=0
[DEBUG] mihomo isolate | branch={1080} | size=1 | parse=0 | names=[免费节点10] 🇺🇸 US 920 → tg@nicevpn123 | err=-
[DEBUG] mihomo drop | branch={1080} | size=1 | parse=0 | names=[免费节点10] 🇺🇸 US 920 → tg@nicevpn123 | err=-
[DROP] name=[免费节点10] 🇺🇸 US 920 → tg@nicevpn123 {1080} | server=104.17.147.77:443 | reason=mihomo start failed
[TEST] {1079} tested=1/1 | kept=0 | rest=0
[DEBUG] mihomo isolate | branch={1079} | size=1 | parse=0 | names=[免费节点10] 🇺🇸 US 92 → tg@nicevpn123 | err=-
[DEBUG] mihomo drop | branch={1079} | size=1 | parse=0 | names=[免费节点10] 🇺🇸 US 92 → tg@nicevpn123 | err=-
[DROP] name=[免费节点10] 🇺🇸 US 92 → tg@nicevpn123 {1079} | server=38.91.100.122:5601 | reason=mihomo start failed
[TEST] {1082} tested=1/1 | kept=0 | rest=0
[DEBUG] mihomo isolate | branch={1082} | size=1 | parse=0 | names=[免费节点10] 🇺🇸 US 922 → tg@nicevpn123 | err=-
[DEBUG] mihomo drop | branch={1082} | size=1 | parse=0 | names=[免费节点10] 🇺🇸 US 922 → tg@nicevpn123 | err=-
[DROP] name=[免费节点10] 🇺🇸 US 922 → tg@nicevpn123 {1082} | server=104.16.60.8:2083 | reason=mihomo start failed
[TEST] {1081} tested=1/1 | kept=0 | rest=0
[DEBUG] mihomo isolate | branch={1081} | size=1 | parse=0 | names=[免费节点10] 🇺🇸 US 921 → tg@nicevpn123 | err=-
[DEBUG] mihomo drop | branch={1081} | size=1 | parse=0 | names=[免费节点10] 🇺🇸 US 921 → tg@nicevpn123 | err=-
[DROP] name=[免费节点10] 🇺🇸 US 921 → tg@nicevpn123 {1081} | server=104.19.45.181:2095 | reason=mihomo start failed
[TEST] {1063} tested=1/1 | kept=0 | rest=0
[DEBUG] mihomo isolate | branch={1063} | size=1 | parse=0 | names=[免费节点10] 🇺🇸 US 883 → tg@nicevpn123 | err=-
[DEBUG] mihomo drop | branch={1063} | size=1 | parse=0 | names=[免费节点10] 🇺🇸 US 883 → tg@nicevpn123 | err=-
[DROP] name=[免费节点10] 🇺🇸 US 883 → tg@nicevpn123 {1063} | server=65.109.199.41:1683 | reason=mihomo start failed
[TEST] {1084} tested=1/1 | kept=0 | rest=0
[DEBUG] mihomo isolate | branch={1084} | size=1 | parse=0 | names=[免费节点10] 🇺🇸 US 887 → tg@nicevpn123 | err=-
[DEBUG] mihomo drop | branch={1084} | size=1 | parse=0 | names=[免费节点10] 🇺🇸 US 887 → tg@nicevpn123 | err=-
[DROP] name=[免费节点10] 🇺🇸 US 887 → tg@nicevpn123 {1084} | server=104.19.45.102:2082 | reason=mihomo start failed
[TEST] {1069} tested=1/1 | kept=0 | rest=0
[DEBUG] mihomo isolate | branch={1069} | size=1 | parse=0 | names=[免费节点10] 🇺🇸 US 875 → tg@nicevpn123 | err=-
[DEBUG] mihomo drop | branch={1069} | size=1 | parse=0 | names=[免费节点10] 🇺🇸 US 875 → tg@nicevpn123 | err=-
[DROP] name=[免费节点10] 🇺🇸 US 875 → tg@nicevpn123 {1069} | server=38.114.114.208:8090 | reason=mihomo start failed
[TEST] {1085} tested=1/1 | kept=0 | rest=0
[DEBUG] mihomo isolate | branch={1085} | size=1 | parse=0 | names=[免费节点10] 🇺🇸 US 888 → tg@nicevpn123 | err=-
[DEBUG] mihomo drop | branch={1085} | size=1 | parse=0 | names=[免费节点10] 🇺🇸 US 888 → tg@nicevpn123 | err=-
[DROP] name=[免费节点10] 🇺🇸 US 888 → tg@nicevpn123 {1085} | server=104.21.4.14:2086 | reason=mihomo start failed
[TEST] {1074} tested=1/1 | kept=0 | rest=0
[DEBUG] mihomo isolate | branch={1074} | size=1 | parse=0 | names=[免费节点10] 🇺🇸 US 902 → tg@nicevpn123 | err=-
[DEBUG] mihomo drop | branch={1074} | size=1 | parse=0 | names=[免费节点10] 🇺🇸 US 902 → tg@nicevpn123 | err=-
[DROP] name=[免费节点10] 🇺🇸 US 902 → tg@nicevpn123 {1074} | server=65.109.199.41:3363 | reason=mihomo start failed
[TEST] {1083} tested=1/1 | kept=0 | rest=0
[DEBUG] mihomo isolate | branch={1083} | size=1 | parse=0 | names=[免费节点10] 🇺🇸 US 886 → tg@nicevpn123 | err=-
[DEBUG] mihomo drop | branch={1083} | size=1 | parse=0 | names=[免费节点10] 🇺🇸 US 886 → tg@nicevpn123 | err=-
[DROP] name=[免费节点10] 🇺🇸 US 886 → tg@nicevpn123 {1083} | server=167.172.158.100:8881 | reason=mihomo start failed
[TEST] {1089} tested=1/1 | kept=0 | rest=0
[DEBUG] mihomo isolate | branch={1089} | size=1 | parse=0 | names=[免费节点10] 🇺🇸 US 893 → tg@nicevpn123 | err=-
[DEBUG] mihomo drop | branch={1089} | size=1 | parse=0 | names=[免费节点10] 🇺🇸 US 893 → tg@nicevpn123 | err=-
[DROP] name=[免费节点10] 🇺🇸 US 893 → tg@nicevpn123 {1089} | server=144.202.59.26:57061 | reason=mihomo start failed
[TEST] {1091} tested=1/1 | kept=0 | rest=0
[DEBUG] mihomo isolate | branch={1091} | size=1 | parse=0 | names=[免费节点10] 🇺🇸 US 896 → tg@nicevpn123 | err=-
[DEBUG] mihomo drop | branch={1091} | size=1 | parse=0 | names=[免费节点10] 🇺🇸 US 896 → tg@nicevpn123 | err=-
[DROP] name=[免费节点10] 🇺🇸 US 896 → tg@nicevpn123 {1091} | server=ying.iepl1.me:2082 | reason=mihomo start failed
[TEST] {1090} tested=1/1 | kept=0 | rest=0
[DEBUG] mihomo isolate | branch={1090} | size=1 | parse=0 | names=[免费节点10] 🇺🇸 US 894 → tg@nicevpn123 | err=-
[DEBUG] mihomo drop | branch={1090} | size=1 | parse=0 | names=[免费节点10] 🇺🇸 US 894 → tg@nicevpn123 | err=-
[DROP] name=[免费节点10] 🇺🇸 US 894 → tg@nicevpn123 {1090} | server=104.19.45.49:2095 | reason=mihomo start failed
[TEST] {1086} tested=1/1 | kept=0 | rest=0
[DEBUG] mihomo isolate | branch={1086} | size=1 | parse=0 | names=[免费节点10] 🇺🇸 US 889 → tg@nicevpn123 | err=-
[DEBUG] mihomo drop | branch={1086} | size=1 | parse=0 | names=[免费节点10] 🇺🇸 US 889 → tg@nicevpn123 | err=-
[DROP] name=[免费节点10] 🇺🇸 US 889 → tg@nicevpn123 {1086} | server=38.86.135.185:443 | reason=mihomo start failed
[TEST] {1092} tested=1/1 | kept=0 | rest=0
[DEBUG] mihomo isolate | branch={1092} | size=1 | parse=0 | names=[免费节点10] 🇺🇸 US 914 → tg@nicevpn123 | err=-
[DEBUG] mihomo drop | branch={1092} | size=1 | parse=0 | names=[免费节点10] 🇺🇸 US 914 → tg@nicevpn123 | err=-
[DROP] name=[免费节点10] 🇺🇸 US 914 → tg@nicevpn123 {1092} | server=db01.iepl1.me:8880 | reason=mihomo start failed
[TEST] {1094} tested=1/1 | kept=0 | rest=0
[DEBUG] mihomo isolate | branch={1094} | size=1 | parse=0 | names=[免费节点10] 🇺🇸 US 917 → tg@nicevpn123 | err=-
[DEBUG] mihomo drop | branch={1094} | size=1 | parse=0 | names=[免费节点10] 🇺🇸 US 917 → tg@nicevpn123 | err=-
[DROP] name=[免费节点10] 🇺🇸 US 917 → tg@nicevpn123 {1094} | server=speed.cloudflare.com:443 | reason=mihomo start failed
[TEST] {1088} tested=1/1 | kept=0 | rest=0
[DEBUG] mihomo isolate | branch={1088} | size=1 | parse=0 | names=[免费节点10] 🇺🇸 US 892 → tg@nicevpn123 | err=-
[DEBUG] mihomo drop | branch={1088} | size=1 | parse=0 | names=[免费节点10] 🇺🇸 US 892 → tg@nicevpn123 | err=-
[DROP] name=[免费节点10] 🇺🇸 US 892 → tg@nicevpn123 {1088} | server=65.109.199.41:2791 | reason=mihomo start failed
[TEST] {1087} tested=1/1 | kept=0 | rest=0
[DEBUG] mihomo isolate | branch={1087} | size=1 | parse=0 | names=[免费节点10] 🇺🇸 US 890 → tg@nicevpn123 | err=-
[DEBUG] mihomo drop | branch={1087} | size=1 | parse=0 | names=[免费节点10] 🇺🇸 US 890 → tg@nicevpn123 | err=-
[DROP] name=[免费节点10] 🇺🇸 US 890 → tg@nicevpn123 {1087} | server=38.114.114.208:8091 | reason=mihomo start failed
[TEST] {1097} tested=1/1 | kept=0 | rest=0
[DEBUG] mihomo isolate | branch={1097} | size=1 | parse=0 | names=[免费节点10] 🇺🇸 US 931 → tg@nicevpn123 | err=-
[DEBUG] mihomo drop | branch={1097} | size=1 | parse=0 | names=[免费节点10] 🇺🇸 US 931 → tg@nicevpn123 | err=-
[DROP] name=[免费节点10] 🇺🇸 US 931 → tg@nicevpn123 {1097} | server=104.19.45.117:2095 | reason=mihomo start failed
[TEST] {1098} tested=1/1 | kept=0 | rest=0
[DEBUG] mihomo isolate | branch={1098} | size=1 | parse=0 | names=[免费节点10] 🇺🇸 US 935 → tg@nicevpn123 | err=-
[DEBUG] mihomo drop | branch={1098} | size=1 | parse=0 | names=[免费节点10] 🇺🇸 US 935 → tg@nicevpn123 | err=-
[DROP] name=[免费节点10] 🇺🇸 US 935 → tg@nicevpn123 {1098} | server=104.18.36.119:2052 | reason=mihomo start failed
[TEST] {1099} tested=1/1 | kept=0 | rest=0
[DEBUG] mihomo isolate | branch={1099} | size=1 | parse=0 | names=[免费节点10] 🇺🇸 US 936 → tg@nicevpn123 | err=-
[DEBUG] mihomo drop | branch={1099} | size=1 | parse=0 | names=[免费节点10] 🇺🇸 US 936 → tg@nicevpn123 | err=-
[DROP] name=[免费节点10] 🇺🇸 US 936 → tg@nicevpn123 {1099} | server=104.19.42.106:2082 | reason=mihomo start failed
[TEST] {1093} tested=1/1 | kept=0 | rest=0
[DEBUG] mihomo isolate | branch={1093} | size=1 | parse=0 | names=[免费节点10] 🇺🇸 US 916 → tg@nicevpn123 | err=-
[DEBUG] mihomo drop | branch={1093} | size=1 | parse=0 | names=[免费节点10] 🇺🇸 US 916 → tg@nicevpn123 | err=-
[DROP] name=[免费节点10] 🇺🇸 US 916 → tg@nicevpn123 {1093} | server=38.75.137.93:5001 | reason=mihomo start failed
[TEST] {1102} tested=1/1 | kept=0 | rest=0
[DEBUG] mihomo isolate | branch={1102} | size=1 | parse=0 | names=[免费节点10] 🇺🇸 US 94 → tg@nicevpn123 | err=-
[DEBUG] mihomo drop | branch={1102} | size=1 | parse=0 | names=[免费节点10] 🇺🇸 US 94 → tg@nicevpn123 | err=-
[DROP] name=[免费节点10] 🇺🇸 US 94 → tg@nicevpn123 {1102} | server=104.19.43.94:80 | reason=mihomo start failed
[TEST] {1095} tested=1/1 | kept=0 | rest=0
[DEBUG] mihomo isolate | branch={1095} | size=1 | parse=0 | names=[免费节点10] 🇺🇸 US 918 → tg@nicevpn123 | err=-
[DEBUG] mihomo drop | branch={1095} | size=1 | parse=0 | names=[免费节点10] 🇺🇸 US 918 → tg@nicevpn123 | err=-
[DROP] name=[免费节点10] 🇺🇸 US 918 → tg@nicevpn123 {1095} | server=45.39.70.180:443 | reason=mihomo start failed
[TEST] {1103} tested=1/1 | kept=0 | rest=0
[DEBUG] mihomo isolate | branch={1103} | size=1 | parse=0 | names=[免费节点10] 🇺🇸 US 940 → tg@nicevpn123 | err=-
[DEBUG] mihomo drop | branch={1103} | size=1 | parse=0 | names=[免费节点10] 🇺🇸 US 940 → tg@nicevpn123 | err=-
[DROP] name=[免费节点10] 🇺🇸 US 940 → tg@nicevpn123 {1103} | server=104.21.228.21:80 | reason=mihomo start failed
[TEST] {1104} tested=1/1 | kept=0 | rest=0
[DEBUG] mihomo isolate | branch={1104} | size=1 | parse=0 | names=[免费节点10] 🇺🇸 US 941 → tg@nicevpn123 | err=-
[DEBUG] mihomo drop | branch={1104} | size=1 | parse=0 | names=[免费节点10] 🇺🇸 US 941 → tg@nicevpn123 | err=-
[DROP] name=[免费节点10] 🇺🇸 US 941 → tg@nicevpn123 {1104} | server=104.16.42.196:2082 | reason=mihomo start failed
[TEST] {1105} tested=1/1 | kept=1 | rest=0
[TEST] {1107} tested=1/1 | kept=0 | rest=0
[DEBUG] mihomo isolate | branch={1107} | size=1 | parse=0 | names=[Pawdroid-SS-APK] United+Kingdom-6 | err=-
[DEBUG] mihomo drop | branch={1107} | size=1 | parse=0 | names=[Pawdroid-SS-APK] United+Kingdom-6 | err=-
[DROP] name=[Pawdroid-SS-APK] United+Kingdom-6 {1107} | server=149.102.152.25:80 | reason=mihomo start failed
[TEST] {1096} tested=1/1 | kept=0 | rest=0
[DEBUG] mihomo isolate | branch={1096} | size=1 | parse=0 | names=[免费节点10] 🇺🇸 US 930 → tg@nicevpn123 | err=-
[DEBUG] mihomo drop | branch={1096} | size=1 | parse=0 | names=[免费节点10] 🇺🇸 US 930 → tg@nicevpn123 | err=-
[DROP] name=[免费节点10] 🇺🇸 US 930 → tg@nicevpn123 {1096} | server=45.77.167.12:443 | reason=mihomo start failed
[DEBUG] mihomo start-fail | branch={1106} | size=1 | parse=1 | rc=1 | names=[Pawdroid-SS-APK] United+Kingdom-5 | err=rc=1 Mihomo exited before controller became ready time="2026-09-28T15:18:09.468818698Z" level=info msg="Start initial configuration in progress" time="2026-09-28T15:18:09.468908426Z" level=fatal msg="Parse config error: proxy 0: ss 82.38...
[DEBUG] mihomo isolate | branch={1106} | size=1 | parse=1 | names=[Pawdroid-SS-APK] United+Kingdom-5 | err=Mihomo exited before controller became ready time="2026-09-28T15:18:09.468818698Z" level=info msg="Start initial configuration in progress" time="2026-09-28T15:18:09.468908426Z" level=fatal msg="Parse config error: proxy 0: ss 82.38.31.1...
[REPAIR] name=[Pawdroid-SS-APK] United+Kingdom-5 {1106} | fields=cipher
[TEST] {1101} tested=1/1 | kept=0 | rest=0
[DEBUG] mihomo isolate | branch={1101} | size=1 | parse=0 | names=[免费节点10] 🇺🇸 US 938 → tg@nicevpn123 | err=-
[DEBUG] mihomo drop | branch={1101} | size=1 | parse=0 | names=[免费节点10] 🇺🇸 US 938 → tg@nicevpn123 | err=-
[DROP] name=[免费节点10] 🇺🇸 US 938 → tg@nicevpn123 {1101} | server=ip0axv1bbsu02k7-jp.1ytnode.com:56349 | reason=mihomo start failed
[TEST] {1110} tested=1/1 | kept=0 | rest=0
[DEBUG] mihomo isolate | branch={1110} | size=1 | parse=0 | names=[免费节点10] 🇺🇸 US 973 → tg@nicevpn123 | err=-
[DEBUG] mihomo drop | branch={1110} | size=1 | parse=0 | names=[免费节点10] 🇺🇸 US 973 → tg@nicevpn123 | err=-
[DROP] name=[免费节点10] 🇺🇸 US 973 → tg@nicevpn123 {1110} | server=104.19.45.226:2095 | reason=mihomo start failed
[TEST] {1111} tested=1/1 | kept=0 | rest=0
[DEBUG] mihomo isolate | branch={1111} | size=1 | parse=0 | names=[免费节点10] 🇺🇸 US 974 → tg@nicevpn123 | err=-
[DEBUG] mihomo drop | branch={1111} | size=1 | parse=0 | names=[免费节点10] 🇺🇸 US 974 → tg@nicevpn123 | err=-
[DROP] name=[免费节点10] 🇺🇸 US 974 → tg@nicevpn123 {1111} | server=172.67.229.25:2086 | reason=mihomo start failed
[TEST] {1112} tested=1/1 | kept=0 | rest=0
[DEBUG] mihomo isolate | branch={1112} | size=1 | parse=0 | names=[免费节点10] 🇺🇸 US 975 → tg@nicevpn123 | err=-
[DEBUG] mihomo drop | branch={1112} | size=1 | parse=0 | names=[免费节点10] 🇺🇸 US 975 → tg@nicevpn123 | err=-
[DROP] name=[免费节点10] 🇺🇸 US 975 → tg@nicevpn123 {1112} | server=uk-full.privateip.net:443 | reason=mihomo start failed
[TEST] {1113} tested=1/1 | kept=0 | rest=0
[DEBUG] mihomo isolate | branch={1113} | size=1 | parse=0 | names=[免费节点10] 🇺🇸 US 976 → tg@nicevpn123 | err=-
[DEBUG] mihomo drop | branch={1113} | size=1 | parse=0 | names=[免费节点10] 🇺🇸 US 976 → tg@nicevpn123 | err=-
[DROP] name=[免费节点10] 🇺🇸 US 976 → tg@nicevpn123 {1113} | server=104.19.45.228:2095 | reason=mihomo start failed
[TEST] {1106} tested=1/1 | kept=1 | rest=0
[TEST] {1100} tested=1/1 | kept=0 | rest=0
[DEBUG] mihomo isolate | branch={1100} | size=1 | parse=0 | names=[免费节点10] 🇺🇸 US 937 → tg@nicevpn123 | err=-
[DEBUG] mihomo drop | branch={1100} | size=1 | parse=0 | names=[免费节点10] 🇺🇸 US 937 → tg@nicevpn123 | err=-
[DROP] name=[免费节点10] 🇺🇸 US 937 → tg@nicevpn123 {1100} | server=65.20.78.250:37262 | reason=mihomo start failed
[TEST] {1108} tested=1/1 | kept=0 | rest=0
[DEBUG] mihomo isolate | branch={1108} | size=1 | parse=0 | names=[Pawdroid-SS-APK] United+Kingdom-7 | err=-
[DEBUG] mihomo drop | branch={1108} | size=1 | parse=0 | names=[Pawdroid-SS-APK] United+Kingdom-7 | err=-
[DROP] name=[Pawdroid-SS-APK] United+Kingdom-7 {1108} | server=82.38.31.17:443 | reason=mihomo start failed
[TEST] {1109} tested=1/1 | kept=0 | rest=0
[DEBUG] mihomo isolate | branch={1109} | size=1 | parse=0 | names=[Pawdroid-SS-APK] The+Netherlands | err=-
[DEBUG] mihomo drop | branch={1109} | size=1 | parse=0 | names=[Pawdroid-SS-APK] The+Netherlands | err=-
[DROP] name=[Pawdroid-SS-APK] The+Netherlands {1109} | server=193.29.139.249:8080 | reason=mihomo start failed
[TEST] {1115} tested=1/1 | kept=0 | rest=0
[DEBUG] mihomo isolate | branch={1115} | size=1 | parse=0 | names=[免费节点10] 🇺🇸 US 954 → tg@nicevpn123 | err=-
[DEBUG] mihomo drop | branch={1115} | size=1 | parse=0 | names=[免费节点10] 🇺🇸 US 954 → tg@nicevpn123 | err=-
[DROP] name=[免费节点10] 🇺🇸 US 954 → tg@nicevpn123 {1115} | server=104.19.45.48:2095 | reason=mihomo start failed
[TEST] {1118} tested=1/1 | kept=0 | rest=0
[DEBUG] mihomo isolate | branch={1118} | size=1 | parse=0 | names=[免费节点10] 🇺🇸 US 963 → tg@nicevpn123 | err=-
[DEBUG] mihomo drop | branch={1118} | size=1 | parse=0 | names=[免费节点10] 🇺🇸 US 963 → tg@nicevpn123 | err=-
[DROP] name=[免费节点10] 🇺🇸 US 963 → tg@nicevpn123 {1118} | server=104.19.49.91:443 | reason=mihomo start failed
[TEST] {1121} tested=1/1 | kept=0 | rest=0
[DEBUG] mihomo isolate | branch={1121} | size=1 | parse=0 | names=[免费节点10] 🇺🇸 US 967 → tg@nicevpn123 | err=-
[DEBUG] mihomo drop | branch={1121} | size=1 | parse=0 | names=[免费节点10] 🇺🇸 US 967 → tg@nicevpn123 | err=-
[DROP] name=[免费节点10] 🇺🇸 US 967 → tg@nicevpn123 {1121} | server=209.182.232.30:51348 | reason=mihomo start failed
[TEST] {1119} tested=1/1 | kept=0 | rest=0
[DEBUG] mihomo isolate | branch={1119} | size=1 | parse=0 | names=[免费节点10] 🇺🇸 US 964 → tg@nicevpn123 | err=-
[DEBUG] mihomo drop | branch={1119} | size=1 | parse=0 | names=[免费节点10] 🇺🇸 US 964 → tg@nicevpn123 | err=-
[DROP] name=[免费节点10] 🇺🇸 US 964 → tg@nicevpn123 {1119} | server=104.21.237.68:80 | reason=mihomo start failed
[TEST] {1120} tested=1/1 | kept=0 | rest=0
[DEBUG] mihomo isolate | branch={1120} | size=1 | parse=0 | names=[免费节点10] 🇺🇸 US 966 → tg@nicevpn123 | err=-
[DEBUG] mihomo drop | branch={1120} | size=1 | parse=0 | names=[免费节点10] 🇺🇸 US 966 → tg@nicevpn123 | err=-
[DROP] name=[免费节点10] 🇺🇸 US 966 → tg@nicevpn123 {1120} | server=104.16.42.78:2082 | reason=mihomo start failed
[TEST] {1114} tested=1/1 | kept=0 | rest=0
[DEBUG] mihomo isolate | branch={1114} | size=1 | parse=0 | names=[免费节点10] 🇺🇸 US 953 → tg@nicevpn123 | err=-
[DEBUG] mihomo drop | branch={1114} | size=1 | parse=0 | names=[免费节点10] 🇺🇸 US 953 → tg@nicevpn123 | err=-
[DROP] name=[免费节点10] 🇺🇸 US 953 → tg@nicevpn123 {1114} | server=ip0axv1bbsu02k7-uk.1ytnode.com:56374 | reason=mihomo start failed
[TEST] {1117} tested=1/1 | kept=0 | rest=0
[DEBUG] mihomo isolate | branch={1117} | size=1 | parse=0 | names=[免费节点10] 🇺🇸 US 956 → tg@nicevpn123 | err=-
[DEBUG] mihomo drop | branch={1117} | size=1 | parse=0 | names=[免费节点10] 🇺🇸 US 956 → tg@nicevpn123 | err=-
[DROP] name=[免费节点10] 🇺🇸 US 956 → tg@nicevpn123 {1117} | server=157.245.4.170:8881 | reason=mihomo start failed
[TEST] {1123} tested=1/1 | kept=0 | rest=0
[DEBUG] mihomo isolate | branch={1123} | size=1 | parse=0 | names=[免费节点10] 🇺🇸 US 958 → tg@nicevpn123 | err=-
[DEBUG] mihomo drop | branch={1123} | size=1 | parse=0 | names=[免费节点10] 🇺🇸 US 958 → tg@nicevpn123 | err=-
[DROP] name=[免费节点10] 🇺🇸 US 958 → tg@nicevpn123 {1123} | server=104.16.192.145:443 | reason=mihomo start failed
[TEST] {1116} tested=1/1 | kept=0 | rest=0
[DEBUG] mihomo isolate | branch={1116} | size=1 | parse=0 | names=[免费节点10] 🇺🇸 US 955 → tg@nicevpn123 | err=-
[DEBUG] mihomo drop | branch={1116} | size=1 | parse=0 | names=[免费节点10] 🇺🇸 US 955 → tg@nicevpn123 | err=-
[DROP] name=[免费节点10] 🇺🇸 US 955 → tg@nicevpn123 {1116} | server=18.183.101.186:443 | reason=mihomo start failed
[TEST] {1122} tested=1/1 | kept=0 | rest=0
[DEBUG] mihomo isolate | branch={1122} | size=1 | parse=0 | names=[免费节点10] 🇺🇸 US 957 → tg@nicevpn123 | err=-
[DEBUG] mihomo drop | branch={1122} | size=1 | parse=0 | names=[免费节点10] 🇺🇸 US 957 → tg@nicevpn123 | err=-
[DROP] name=[免费节点10] 🇺🇸 US 957 → tg@nicevpn123 {1122} | server=38.110.1.3:7002 | reason=mihomo start failed
[TEST] {1127} tested=1/1 | kept=0 | rest=0
[DEBUG] mihomo isolate | branch={1127} | size=1 | parse=0 | names=[Free-clash-v2ray] 🇫🇷FR_73|1.3MB/s|C002- | err=-
[DEBUG] mihomo drop | branch={1127} | size=1 | parse=0 | names=[Free-clash-v2ray] 🇫🇷FR_73|1.3MB/s|C002- | err=-
[DROP] name=[Free-clash-v2ray] 🇫🇷FR_73|1.3MB/s|C002-260622 01 {1127} | server=172.64.88.168:8880 | reason=mihomo start failed
[TEST] {1128} tested=1/1 | kept=0 | rest=0
[DEBUG] mihomo isolate | branch={1128} | size=1 | parse=0 | names=[Free-clash-v2ray] 🇪🇸ES_3|343KB/s|S001-2 | err=-
[DEBUG] mihomo drop | branch={1128} | size=1 | parse=0 | names=[Free-clash-v2ray] 🇪🇸ES_3|343KB/s|S001-2 | err=-
[DROP] name=[Free-clash-v2ray] 🇪🇸ES_3|343KB/s|S001-260618 01 {1128} | server=172.65.90.53:8880 | reason=mihomo start failed
[TEST] {1129} tested=1/1 | kept=0 | rest=0
[DEBUG] mihomo isolate | branch={1129} | size=1 | parse=0 | names=[Free-clash-v2ray] 🇫🇷FR_75|437KB/s|B007- | err=-
[DEBUG] mihomo drop | branch={1129} | size=1 | parse=0 | names=[Free-clash-v2ray] 🇫🇷FR_75|437KB/s|B007- | err=-
[DROP] name=[Free-clash-v2ray] 🇫🇷FR_75|437KB/s|B007-260618 01 {1129} | server=104.26.13.40:8880 | reason=mihomo start failed
[TEST] {1130} tested=1/1 | kept=0 | rest=0
[DEBUG] mihomo isolate | branch={1130} | size=1 | parse=0 | names=[Free-clash-v2ray] 🇫🇷FR_76|515KB/s|X001- | err=-
[DEBUG] mihomo drop | branch={1130} | size=1 | parse=0 | names=[Free-clash-v2ray] 🇫🇷FR_76|515KB/s|X001- | err=-
[DROP] name=[Free-clash-v2ray] 🇫🇷FR_76|515KB/s|X001-260618 01 {1130} | server=www.gov.ua:8880 | reason=mihomo start failed
[DEBUG] mihomo start-fail | branch={1131} | size=1 | parse=1 | rc=1 | names=[Free-clash-v2ray] hysteria | err=rc=1 Mihomo exited before controller became ready time="2026-09-28T15:18:21.397956818Z" level=info msg="Start initial configuration in progress" time="2026-09-28T15:18:21.398085318Z" level=fatal msg="Parse config error: proxy 0: '' has u...
[DEBUG] mihomo isolate | branch={1131} | size=1 | parse=1 | names=[Free-clash-v2ray] hysteria | err=Mihomo exited before controller became ready time="2026-09-28T15:18:21.397956818Z" level=info msg="Start initial configuration in progress" time="2026-09-28T15:18:21.398085318Z" level=fatal msg="Parse config error: proxy 0: '' has unset ...
[REPAIR] name=[Free-clash-v2ray] hysteria {1131} | fields=up,down
[TEST] {1132} tested=1/1 | kept=0 | rest=0
[DEBUG] mihomo isolate | branch={1132} | size=1 | parse=0 | names=[Free-clash-v2ray] 🇫🇷FR_65|419KB/s|X001- | err=-
[DEBUG] mihomo drop | branch={1132} | size=1 | parse=0 | names=[Free-clash-v2ray] 🇫🇷FR_65|419KB/s|X001- | err=-
[DROP] name=[Free-clash-v2ray] 🇫🇷FR_65|419KB/s|X001-260618 01 {1132} | server=www.ipget.net:8880 | reason=mihomo start failed
[TEST] {1131} tested=1/1 | kept=0 | rest=0
[TEST] {1124} tested=1/1 | kept=0 | rest=0
[DEBUG] mihomo isolate | branch={1124} | size=1 | parse=0 | names=[免费节点10] 🇺🇸 US 96 → tg@nicevpn123 | err=-
[DEBUG] mihomo drop | branch={1124} | size=1 | parse=0 | names=[免费节点10] 🇺🇸 US 96 → tg@nicevpn123 | err=-
[DROP] name=[免费节点10] 🇺🇸 US 96 → tg@nicevpn123 {1124} | server=155.138.242.207:80 | reason=mihomo start failed
[TEST] {1133} tested=1/1 | kept=0 | rest=0
[DEBUG] mihomo isolate | branch={1133} | size=1 | parse=0 | names=[Free-clash-v2ray] 🇫🇷FR_67|453KB/s|B007- | err=-
[DEBUG] mihomo drop | branch={1133} | size=1 | parse=0 | names=[Free-clash-v2ray] 🇫🇷FR_67|453KB/s|B007- | err=-
[DROP] name=[Free-clash-v2ray] 🇫🇷FR_67|453KB/s|B007-260618 01 {1133} | server=104.17.58.113:8880 | reason=mihomo start failed
[TEST] {1135} tested=1/1 | kept=0 | rest=0
[DEBUG] mihomo isolate | branch={1135} | size=1 | parse=0 | names=[Free-clash-v2ray] 🇫🇷FR_71|420KB/s|C002- | err=-
[DEBUG] mihomo drop | branch={1135} | size=1 | parse=0 | names=[Free-clash-v2ray] 🇫🇷FR_71|420KB/s|C002- | err=-
[DROP] name=[Free-clash-v2ray] 🇫🇷FR_71|420KB/s|C002-260622 01 {1135} | server=www.gov.ua:8880 | reason=mihomo start failed
[TEST] {1134} tested=1/1 | kept=0 | rest=0
[DEBUG] mihomo isolate | branch={1134} | size=1 | parse=0 | names=[Free-clash-v2ray] 🇫🇷FR_69|699KB/s|C002- | err=-
[DEBUG] mihomo drop | branch={1134} | size=1 | parse=0 | names=[Free-clash-v2ray] 🇫🇷FR_69|699KB/s|C002- | err=-
[DROP] name=[Free-clash-v2ray] 🇫🇷FR_69|699KB/s|C002-260622 01 {1134} | server=www.gov.ua:8880 | reason=mihomo start failed
[TEST] {1136} tested=1/1 | kept=0 | rest=0
[DEBUG] mihomo isolate | branch={1136} | size=1 | parse=0 | names=[免费节点10] 🇺🇸 US 977 → tg@nicevpn123 | err=-
[DEBUG] mihomo drop | branch={1136} | size=1 | parse=0 | names=[免费节点10] 🇺🇸 US 977 → tg@nicevpn123 | err=-
[DROP] name=[免费节点10] 🇺🇸 US 977 → tg@nicevpn123 {1136} | server=104.19.45.138:2095 | reason=mihomo start failed
[TEST] {1138} tested=1/1 | kept=0 | rest=0
[DEBUG] mihomo isolate | branch={1138} | size=1 | parse=0 | names=[免费节点10] 🇺🇸 US 979 → tg@nicevpn123 | err=-
[DEBUG] mihomo drop | branch={1138} | size=1 | parse=0 | names=[免费节点10] 🇺🇸 US 979 → tg@nicevpn123 | err=-
[DROP] name=[免费节点10] 🇺🇸 US 979 → tg@nicevpn123 {1138} | server=104.19.44.198:8080 | reason=mihomo start failed
[TEST] {1125} tested=1/1 | kept=0 | rest=0
[DEBUG] mihomo isolate | branch={1125} | size=1 | parse=0 | names=[免费节点10] 🇺🇸 US 960 → tg@nicevpn123 | err=-
[DEBUG] mihomo drop | branch={1125} | size=1 | parse=0 | names=[免费节点10] 🇺🇸 US 960 → tg@nicevpn123 | err=-
[DROP] name=[免费节点10] 🇺🇸 US 960 → tg@nicevpn123 {1125} | server=159.203.114.222:8881 | reason=mihomo start failed
[TEST] {1140} tested=1/1 | kept=0 | rest=0
[DEBUG] mihomo isolate | branch={1140} | size=1 | parse=0 | names=[免费节点10] 🇺🇸 US 980 → tg@nicevpn123 | err=-
[DEBUG] mihomo drop | branch={1140} | size=1 | parse=0 | names=[免费节点10] 🇺🇸 US 980 → tg@nicevpn123 | err=-
[DROP] name=[免费节点10] 🇺🇸 US 980 → tg@nicevpn123 {1140} | server=172.67.229.14:80 | reason=mihomo start failed
[TEST] {1141} tested=1/1 | kept=0 | rest=0
[DEBUG] mihomo isolate | branch={1141} | size=1 | parse=0 | names=[免费节点10] 🇺🇸 US 968 → tg@nicevpn123 | err=-
[DEBUG] mihomo drop | branch={1141} | size=1 | parse=0 | names=[免费节点10] 🇺🇸 US 968 → tg@nicevpn123 | err=-
[DROP] name=[免费节点10] 🇺🇸 US 968 → tg@nicevpn123 {1141} | server=99.84.50.208:443 | reason=mihomo start failed
[TEST] {1126} tested=1/1 | kept=0 | rest=0
[DEBUG] mihomo isolate | branch={1126} | size=1 | parse=0 | names=[免费节点10] 🇺🇸 US 961 → tg@nicevpn123 | err=-
[DEBUG] mihomo drop | branch={1126} | size=1 | parse=0 | names=[免费节点10] 🇺🇸 US 961 → tg@nicevpn123 | err=-
[DROP] name=[免费节点10] 🇺🇸 US 961 → tg@nicevpn123 {1126} | server=3.69.235.63:22222 | reason=mihomo start failed
[TEST] {1143} tested=1/1 | kept=0 | rest=0
[DEBUG] mihomo isolate | branch={1143} | size=1 | parse=0 | names=[免费节点10] 🇺🇸 US 97 → tg@nicevpn123 | err=-
[DEBUG] mihomo drop | branch={1143} | size=1 | parse=0 | names=[免费节点10] 🇺🇸 US 97 → tg@nicevpn123 | err=-
[DROP] name=[免费节点10] 🇺🇸 US 97 → tg@nicevpn123 {1143} | server=104.19.45.118:2095 | reason=mihomo start failed
[TEST] {1145} tested=1/1 | kept=0 | rest=0
[DEBUG] mihomo isolate | branch={1145} | size=1 | parse=0 | names=[免费节点10] 🇺🇸 US 972 → tg@nicevpn123 | err=-
[DEBUG] mihomo drop | branch={1145} | size=1 | parse=0 | names=[免费节点10] 🇺🇸 US 972 → tg@nicevpn123 | err=-
[DROP] name=[免费节点10] 🇺🇸 US 972 → tg@nicevpn123 {1145} | server=104.18.202.232:2083 | reason=mihomo start failed
[TEST] {1144} tested=1/1 | kept=0 | rest=0
[DEBUG] mihomo isolate | branch={1144} | size=1 | parse=0 | names=[免费节点10] 🇺🇸 US 971 → tg@nicevpn123 | err=-
[DEBUG] mihomo drop | branch={1144} | size=1 | parse=0 | names=[免费节点10] 🇺🇸 US 971 → tg@nicevpn123 | err=-
[DROP] name=[免费节点10] 🇺🇸 US 971 → tg@nicevpn123 {1144} | server=38.68.134.9:3306 | reason=mihomo start failed
[TEST] {1147} tested=1/1 | kept=0 | rest=0
[DEBUG] mihomo isolate | branch={1147} | size=1 | parse=0 | names=[免费节点10] 🇺🇸 US 293 → tg@nicevpn123 | err=-
[DEBUG] mihomo drop | branch={1147} | size=1 | parse=0 | names=[免费节点10] 🇺🇸 US 293 → tg@nicevpn123 | err=-
[DROP] name=[免费节点10] 🇺🇸 US 293 → tg@nicevpn123 {1147} | server=104.19.43.217:80 | reason=mihomo start failed
[TEST] {1146} tested=1/1 | kept=0 | rest=0
[DEBUG] mihomo isolate | branch={1146} | size=1 | parse=0 | names=[免费节点10] 🇺🇸 US 291 → tg@nicevpn123 | err=-
[DEBUG] mihomo drop | branch={1146} | size=1 | parse=0 | names=[免费节点10] 🇺🇸 US 291 → tg@nicevpn123 | err=-
[DROP] name=[免费节点10] 🇺🇸 US 291 → tg@nicevpn123 {1146} | server=104.16.43.244:2082 | reason=mihomo start failed
[TEST] {1148} tested=1/1 | kept=0 | rest=0
[DEBUG] mihomo isolate | branch={1148} | size=1 | parse=0 | names=[免费节点10] 🇺🇸 US 296 → tg@nicevpn123 | err=-
[DEBUG] mihomo drop | branch={1148} | size=1 | parse=0 | names=[免费节点10] 🇺🇸 US 296 → tg@nicevpn123 | err=-
[DROP] name=[免费节点10] 🇺🇸 US 296 → tg@nicevpn123 {1148} | server=104.18.203.232:2083 | reason=mihomo start failed
[TEST] {1149} tested=1/1 | kept=0 | rest=0
[DEBUG] mihomo isolate | branch={1149} | size=1 | parse=0 | names=[免费节点10] 🇺🇸 US 297 → tg@nicevpn123 | err=-
[DEBUG] mihomo drop | branch={1149} | size=1 | parse=0 | names=[免费节点10] 🇺🇸 US 297 → tg@nicevpn123 | err=-
[DROP] name=[免费节点10] 🇺🇸 US 297 → tg@nicevpn123 {1149} | server=104.19.45.230:2095 | reason=mihomo start failed
[TEST] {1150} tested=1/1 | kept=0 | rest=0
[DEBUG] mihomo isolate | branch={1150} | size=1 | parse=0 | names=[免费节点10] 🇺🇸 US 299 → tg@nicevpn123 | err=-
[DEBUG] mihomo drop | branch={1150} | size=1 | parse=0 | names=[免费节点10] 🇺🇸 US 299 → tg@nicevpn123 | err=-
[DROP] name=[免费节点10] 🇺🇸 US 299 → tg@nicevpn123 {1150} | server=104.19.49.226:443 | reason=mihomo start failed
[TEST] {1137} tested=1/1 | kept=0 | rest=0
[DEBUG] mihomo isolate | branch={1137} | size=1 | parse=0 | names=[免费节点10] 🇺🇸 US 978 → tg@nicevpn123 | err=-
[DEBUG] mihomo drop | branch={1137} | size=1 | parse=0 | names=[免费节点10] 🇺🇸 US 978 → tg@nicevpn123 | err=-
[DROP] name=[免费节点10] 🇺🇸 US 978 → tg@nicevpn123 {1137} | server=38.110.1.43:7307 | reason=mihomo start failed
[TEST] {1139} tested=1/1 | kept=0 | rest=0
[DEBUG] mihomo isolate | branch={1139} | size=1 | parse=0 | names=[免费节点10] 🇺🇸 US 98 → tg@nicevpn123 | err=-
[DEBUG] mihomo drop | branch={1139} | size=1 | parse=0 | names=[免费节点10] 🇺🇸 US 98 → tg@nicevpn123 | err=-
[DROP] name=[免费节点10] 🇺🇸 US 98 → tg@nicevpn123 {1139} | server=504.outline-vpn.cloud:443 | reason=mihomo start failed
[TEST] {1142} tested=1/1 | kept=0 | rest=0
[DEBUG] mihomo isolate | branch={1142} | size=1 | parse=0 | names=[免费节点10] 🇺🇸 US 969 → tg@nicevpn123 | err=-
[DEBUG] mihomo drop | branch={1142} | size=1 | parse=0 | names=[免费节点10] 🇺🇸 US 969 → tg@nicevpn123 | err=-
[DROP] name=[免费节点10] 🇺🇸 US 969 → tg@nicevpn123 {1142} | server=ip0axv1bbsu02k7-sg.1ytnode.com:56333 | reason=mihomo start failed
[TEST] {1151} tested=1/1 | kept=0 | rest=0
[DEBUG] mihomo isolate | branch={1151} | size=1 | parse=0 | names=[免费节点10] 🇺🇸 US 278 → tg@nicevpn123 | err=-
[DEBUG] mihomo drop | branch={1151} | size=1 | parse=0 | names=[免费节点10] 🇺🇸 US 278 → tg@nicevpn123 | err=-
[DROP] name=[免费节点10] 🇺🇸 US 278 → tg@nicevpn123 {1151} | server=172.252.193.222:42358 | reason=mihomo start failed
[TEST] {1154} tested=1/1 | kept=0 | rest=0
[DEBUG] mihomo isolate | branch={1154} | size=1 | parse=0 | names=[免费节点10] 🇺🇸 US 281 → tg@nicevpn123 | err=-
[DEBUG] mihomo drop | branch={1154} | size=1 | parse=0 | names=[免费节点10] 🇺🇸 US 281 → tg@nicevpn123 | err=-
[DROP] name=[免费节点10] 🇺🇸 US 281 → tg@nicevpn123 {1154} | server=172.67.175.243:2053 | reason=mihomo start failed
[TEST] {1156} tested=1/1 | kept=0 | rest=0
[DEBUG] mihomo isolate | branch={1156} | size=1 | parse=0 | names=[免费节点10] 🇺🇸 US 274 → tg@nicevpn123 | err=-
[DEBUG] mihomo drop | branch={1156} | size=1 | parse=0 | names=[免费节点10] 🇺🇸 US 274 → tg@nicevpn123 | err=-
[DROP] name=[免费节点10] 🇺🇸 US 274 → tg@nicevpn123 {1156} | server=104.19.45.213:2095 | reason=mihomo start failed
[TEST] {1152} tested=1/1 | kept=0 | rest=0
[DEBUG] mihomo isolate | branch={1152} | size=1 | parse=0 | names=[免费节点10] 🇺🇸 US 279 → tg@nicevpn123 | err=-
[DEBUG] mihomo drop | branch={1152} | size=1 | parse=0 | names=[免费节点10] 🇺🇸 US 279 → tg@nicevpn123 | err=-
[DROP] name=[免费节点10] 🇺🇸 US 279 → tg@nicevpn123 {1152} | server=50.116.2.131:443 | reason=mihomo start failed
[TEST] {1157} tested=1/1 | kept=0 | rest=0
[DEBUG] mihomo isolate | branch={1157} | size=1 | parse=0 | names=[免费节点10] 🇺🇸 US 275 → tg@nicevpn123 | err=-
[DEBUG] mihomo drop | branch={1157} | size=1 | parse=0 | names=[免费节点10] 🇺🇸 US 275 → tg@nicevpn123 | err=-
[DROP] name=[免费节点10] 🇺🇸 US 275 → tg@nicevpn123 {1157} | server=104.19.45.207:2095 | reason=mihomo start failed
[TEST] {1153} tested=1/1 | kept=0 | rest=0
[TEST] {1159} tested=1/1 | kept=0 | rest=0
[DEBUG] mihomo isolate | branch={1159} | size=1 | parse=0 | names=[免费节点10] 🇺🇸 US 277 → tg@nicevpn123 | err=-
[DEBUG] mihomo drop | branch={1159} | size=1 | parse=0 | names=[免费节点10] 🇺🇸 US 277 → tg@nicevpn123 | err=-
[DROP] name=[免费节点10] 🇺🇸 US 277 → tg@nicevpn123 {1159} | server=104.16.40.187:2082 | reason=mihomo start failed
[DEBUG] mihomo isolate | branch={1153} | size=1 | parse=0 | names=[免费节点10] 🇺🇸 US 28 → tg@nicevpn123 | err=-
[DEBUG] mihomo drop | branch={1153} | size=1 | parse=0 | names=[免费节点10] 🇺🇸 US 28 → tg@nicevpn123 | err=-
[DROP] name=[免费节点10] 🇺🇸 US 28 → tg@nicevpn123 {1153} | server=3.14.180.101:22222 | reason=mihomo start failed
[TEST] {1161} tested=1/1 | kept=0 | rest=0
[TEST] {1160} tested=1/1 | kept=0 | rest=0
[DEBUG] mihomo isolate | branch={1160} | size=1 | parse=0 | names=[免费节点10] 🇺🇸 US 283 → tg@nicevpn123 | err=-
[DEBUG] mihomo drop | branch={1160} | size=1 | parse=0 | names=[免费节点10] 🇺🇸 US 283 → tg@nicevpn123 | err=-
[DROP] name=[免费节点10] 🇺🇸 US 283 → tg@nicevpn123 {1160} | server=104.17.17.103:8080 | reason=mihomo start failed
[DEBUG] mihomo isolate | branch={1161} | size=1 | parse=0 | names=[免费节点10] 🇺🇸 US 284 → tg@nicevpn123 | err=-
[DEBUG] mihomo drop | branch={1161} | size=1 | parse=0 | names=[免费节点10] 🇺🇸 US 284 → tg@nicevpn123 | err=-
[DROP] name=[免费节点10] 🇺🇸 US 284 → tg@nicevpn123 {1161} | server=104.17.207.13:8443 | reason=mihomo start failed
[TEST] {1163} tested=1/1 | kept=0 | rest=0
[DEBUG] mihomo isolate | branch={1163} | size=1 | parse=0 | names=[免费节点10] 🇺🇸 US 29 → tg@nicevpn123 | err=-
[DEBUG] mihomo drop | branch={1163} | size=1 | parse=0 | names=[免费节点10] 🇺🇸 US 29 → tg@nicevpn123 | err=-
[DROP] name=[免费节点10] 🇺🇸 US 29 → tg@nicevpn123 {1163} | server=104.19.45.127:2095 | reason=mihomo start failed
[TEST] {1164} tested=1/1 | kept=0 | rest=0
[DEBUG] mihomo isolate | branch={1164} | size=1 | parse=0 | names=[免费节点10] 🇺🇸 US 302 → tg@nicevpn123 | err=-
[DEBUG] mihomo drop | branch={1164} | size=1 | parse=0 | names=[免费节点10] 🇺🇸 US 302 → tg@nicevpn123 | err=-
[DROP] name=[免费节点10] 🇺🇸 US 302 → tg@nicevpn123 {1164} | server=104.21.229.46:80 | reason=mihomo start failed
[TEST] {1165} tested=1/1 | kept=0 | rest=0
[DEBUG] mihomo isolate | branch={1165} | size=1 | parse=0 | names=[免费节点10] 🇺🇸 US 304 → tg@nicevpn123 | err=-
[DEBUG] mihomo drop | branch={1165} | size=1 | parse=0 | names=[免费节点10] 🇺🇸 US 304 → tg@nicevpn123 | err=-
[DROP] name=[免费节点10] 🇺🇸 US 304 → tg@nicevpn123 {1165} | server=172.67.172.67:8080 | reason=mihomo start failed
[TEST] {1155} tested=1/1 | kept=0 | rest=0
[DEBUG] mihomo isolate | branch={1155} | size=1 | parse=0 | names=[免费节点10] 🇺🇸 US 282 → tg@nicevpn123 | err=-
[DEBUG] mihomo drop | branch={1155} | size=1 | parse=0 | names=[免费节点10] 🇺🇸 US 282 → tg@nicevpn123 | err=-
[DROP] name=[免费节点10] 🇺🇸 US 282 → tg@nicevpn123 {1155} | server=ip0axv1bbsu02k7-sg.1ytnode.com:56331 | reason=mihomo start failed
[TEST] {1158} tested=1/1 | kept=0 | rest=0
[DEBUG] mihomo isolate | branch={1158} | size=1 | parse=0 | names=[免费节点10] 🇺🇸 US 276 → tg@nicevpn123 | err=-
[DEBUG] mihomo drop | branch={1158} | size=1 | parse=0 | names=[免费节点10] 🇺🇸 US 276 → tg@nicevpn123 | err=-
[DROP] name=[免费节点10] 🇺🇸 US 276 → tg@nicevpn123 {1158} | server=38.180.98.215:8080 | reason=mihomo start failed
[TEST] {1166} tested=1/1 | kept=0 | rest=0
[DEBUG] mihomo isolate | branch={1166} | size=1 | parse=0 | names=[免费节点10] 🇺🇸 US 305 → tg@nicevpn123 | err=-
[DEBUG] mihomo drop | branch={1166} | size=1 | parse=0 | names=[免费节点10] 🇺🇸 US 305 → tg@nicevpn123 | err=-
[DROP] name=[免费节点10] 🇺🇸 US 305 → tg@nicevpn123 {1166} | server=ak1661.www.outline.network.fr8678825324247b8176d59f83c30bd94d23d2e3ac5cd4a743bkwqeikvdyufr.cyou:8080 | reason=mihomo start failed
[TEST] {1169} tested=1/1 | kept=0 | rest=0
[DEBUG] mihomo isolate | branch={1169} | size=1 | parse=0 | names=[免费节点10] 🇺🇸 US 3 → tg@nicevpn123 | err=-
[DEBUG] mihomo drop | branch={1169} | size=1 | parse=0 | names=[免费节点10] 🇺🇸 US 3 → tg@nicevpn123 | err=-
[DROP] name=[免费节点10] 🇺🇸 US 3 → tg@nicevpn123 {1169} | server=3wihp-g01.jp05-6786-vm0.entry.fr0307a.art:46482 | reason=mihomo start failed
[TEST] {1171} tested=1/1 | kept=0 | rest=0
[DEBUG] mihomo isolate | branch={1171} | size=1 | parse=0 | names=[免费节点10] 🇺🇸 US 300 → tg@nicevpn123 | err=-
[DEBUG] mihomo drop | branch={1171} | size=1 | parse=0 | names=[免费节点10] 🇺🇸 US 300 → tg@nicevpn123 | err=-
[DROP] name=[免费节点10] 🇺🇸 US 300 → tg@nicevpn123 {1171} | server=104.19.45.168:2095 | reason=mihomo start failed
[TEST] {1162} tested=1/1 | kept=0 | rest=0
[DEBUG] mihomo isolate | branch={1162} | size=1 | parse=0 | names=[免费节点10] 🇺🇸 US 285 → tg@nicevpn123 | err=-
[DEBUG] mihomo drop | branch={1162} | size=1 | parse=0 | names=[免费节点10] 🇺🇸 US 285 → tg@nicevpn123 | err=-
[DROP] name=[免费节点10] 🇺🇸 US 285 → tg@nicevpn123 {1162} | server=157.254.193.251:20220 | reason=mihomo start failed
[TEST] {1168} tested=1/1 | kept=0 | rest=0
[DEBUG] mihomo isolate | branch={1168} | size=1 | parse=0 | names=[免费节点10] 🇺🇸 US 307 → tg@nicevpn123 | err=-
[DEBUG] mihomo drop | branch={1168} | size=1 | parse=0 | names=[免费节点10] 🇺🇸 US 307 → tg@nicevpn123 | err=-
[DROP] name=[免费节点10] 🇺🇸 US 307 → tg@nicevpn123 {1168} | server=47.243.28.9:26927 | reason=mihomo start failed
[TEST] {1173} tested=1/1 | kept=0 | rest=0
[DEBUG] mihomo isolate | branch={1173} | size=1 | parse=0 | names=[免费节点10] 🇺🇸 US 24 → tg@nicevpn123 | err=-
[DEBUG] mihomo drop | branch={1173} | size=1 | parse=0 | names=[免费节点10] 🇺🇸 US 24 → tg@nicevpn123 | err=-
[DROP] name=[免费节点10] 🇺🇸 US 24 → tg@nicevpn123 {1173} | server=104.19.48.138:2082 | reason=mihomo start failed
[TEST] {1176} tested=1/1 | kept=0 | rest=0
[DEBUG] mihomo isolate | branch={1176} | size=1 | parse=0 | names=[免费节点10] 🇺🇸 US 243 → tg@nicevpn123 | err=-
[DEBUG] mihomo drop | branch={1176} | size=1 | parse=0 | names=[免费节点10] 🇺🇸 US 243 → tg@nicevpn123 | err=-
[DROP] name=[免费节点10] 🇺🇸 US 243 → tg@nicevpn123 {1176} | server=auth.speedtest.net:443 | reason=mihomo start failed
[TEST] {1167} tested=1/1 | kept=0 | rest=0
[DEBUG] mihomo isolate | branch={1167} | size=1 | parse=0 | names=[免费节点10] 🇺🇸 US 306 → tg@nicevpn123 | err=-
[DEBUG] mihomo drop | branch={1167} | size=1 | parse=0 | names=[免费节点10] 🇺🇸 US 306 → tg@nicevpn123 | err=-
[DROP] name=[免费节点10] 🇺🇸 US 306 → tg@nicevpn123 {1167} | server=45.77.105.178:27287 | reason=mihomo start failed
[TEST] {1172} tested=1/1 | kept=0 | rest=0
[DEBUG] mihomo isolate | branch={1172} | size=1 | parse=0 | names=[免费节点10] 🇺🇸 US 301 → tg@nicevpn123 | err=-
[DEBUG] mihomo drop | branch={1172} | size=1 | parse=0 | names=[免费节点10] 🇺🇸 US 301 → tg@nicevpn123 | err=-
[DROP] name=[免费节点10] 🇺🇸 US 301 → tg@nicevpn123 {1172} | server=132.145.208.20:443 | reason=mihomo start failed
[TEST] {1170} tested=1/1 | kept=0 | rest=0
[DEBUG] mihomo isolate | branch={1170} | size=1 | parse=0 | names=[免费节点10] 🇺🇸 US 30 → tg@nicevpn123 | err=-
[DEBUG] mihomo drop | branch={1170} | size=1 | parse=0 | names=[免费节点10] 🇺🇸 US 30 → tg@nicevpn123 | err=-
[DROP] name=[免费节点10] 🇺🇸 US 30 → tg@nicevpn123 {1170} | server=ip0axv1bbsu02k7-hk.1ytnode.com:56303 | reason=mihomo start failed
[TEST] {1178} tested=1/1 | kept=0 | rest=0
[DEBUG] mihomo isolate | branch={1178} | size=1 | parse=0 | names=[免费节点10] 🇺🇸 US 236 → tg@nicevpn123 | err=-
[DEBUG] mihomo drop | branch={1178} | size=1 | parse=0 | names=[免费节点10] 🇺🇸 US 236 → tg@nicevpn123 | err=-
[DROP] name=[免费节点10] 🇺🇸 US 236 → tg@nicevpn123 {1178} | server=speed.cloudflare.com:80 | reason=mihomo start failed
[TEST] {1174} tested=1/1 | kept=0 | rest=0
[DEBUG] mihomo isolate | branch={1174} | size=1 | parse=0 | names=[免费节点10] 🇺🇸 US 240 → tg@nicevpn123 | err=-
[DEBUG] mihomo drop | branch={1174} | size=1 | parse=0 | names=[免费节点10] 🇺🇸 US 240 → tg@nicevpn123 | err=-
[DROP] name=[免费节点10] 🇺🇸 US 240 → tg@nicevpn123 {1174} | server=38.75.136.33:5001 | reason=mihomo start failed
[TEST] {1180} tested=1/1 | kept=0 | rest=0
[DEBUG] mihomo isolate | branch={1180} | size=1 | parse=0 | names=[免费节点10] 🇺🇸 US 238 → tg@nicevpn123 | err=-
[DEBUG] mihomo drop | branch={1180} | size=1 | parse=0 | names=[免费节点10] 🇺🇸 US 238 → tg@nicevpn123 | err=-
[DROP] name=[免费节点10] 🇺🇸 US 238 → tg@nicevpn123 {1180} | server=104.16.39.99:2082 | reason=mihomo start failed
[TEST] {1181} tested=1/1 | kept=0 | rest=0
[DEBUG] mihomo isolate | branch={1181} | size=1 | parse=0 | names=[免费节点10] 🇺🇸 US 239 → tg@nicevpn123 | err=-
[DEBUG] mihomo drop | branch={1181} | size=1 | parse=0 | names=[免费节点10] 🇺🇸 US 239 → tg@nicevpn123 | err=-
[DROP] name=[免费节点10] 🇺🇸 US 239 → tg@nicevpn123 {1181} | server=104.16.42.205:2082 | reason=mihomo start failed
[TEST] {1177} tested=1/1 | kept=0 | rest=0
[DEBUG] mihomo isolate | branch={1177} | size=1 | parse=0 | names=[免费节点10] 🇺🇸 US 246 → tg@nicevpn123 | err=-
[DEBUG] mihomo drop | branch={1177} | size=1 | parse=0 | names=[免费节点10] 🇺🇸 US 246 → tg@nicevpn123 | err=-
[DROP] name=[免费节点10] 🇺🇸 US 246 → tg@nicevpn123 {1177} | server=zula.ir:443 | reason=mihomo start failed
[TEST] {1175} tested=1/1 | kept=0 | rest=0
[DEBUG] mihomo isolate | branch={1175} | size=1 | parse=0 | names=[免费节点10] 🇺🇸 US 242 → tg@nicevpn123 | err=-
[DEBUG] mihomo drop | branch={1175} | size=1 | parse=0 | names=[免费节点10] 🇺🇸 US 242 → tg@nicevpn123 | err=-
[DROP] name=[免费节点10] 🇺🇸 US 242 → tg@nicevpn123 {1175} | server=38.75.136.33:7306 | reason=mihomo start failed
[TEST] {1184} tested=1/1 | kept=0 | rest=0
[DEBUG] mihomo isolate | branch={1184} | size=1 | parse=0 | names=[免费节点10] 🇺🇸 US 26 → tg@nicevpn123 | err=-
[DEBUG] mihomo drop | branch={1184} | size=1 | parse=0 | names=[免费节点10] 🇺🇸 US 26 → tg@nicevpn123 | err=-
[DROP] name=[免费节点10] 🇺🇸 US 26 → tg@nicevpn123 {1184} | server=104.19.45.97:2082 | reason=mihomo start failed
[TEST] {1179} tested=1/1 | kept=0 | rest=0
[DEBUG] mihomo isolate | branch={1179} | size=1 | parse=0 | names=[免费节点10] 🇺🇸 US 237 → tg@nicevpn123 | err=-
[DEBUG] mihomo drop | branch={1179} | size=1 | parse=0 | names=[免费节点10] 🇺🇸 US 237 → tg@nicevpn123 | err=-
[DROP] name=[免费节点10] 🇺🇸 US 237 → tg@nicevpn123 {1179} | server=143.198.18.35:8881 | reason=mihomo start failed
[TEST] {1186} tested=1/1 | kept=0 | rest=0
[DEBUG] mihomo isolate | branch={1186} | size=1 | parse=0 | names=[免费节点10] 🇺🇸 US 261 → tg@nicevpn123 | err=-
[DEBUG] mihomo drop | branch={1186} | size=1 | parse=0 | names=[免费节点10] 🇺🇸 US 261 → tg@nicevpn123 | err=-
[DROP] name=[免费节点10] 🇺🇸 US 261 → tg@nicevpn123 {1186} | server=104.19.45.180:2095 | reason=mihomo start failed
[TEST] {1187} tested=1/1 | kept=0 | rest=0
[DEBUG] mihomo isolate | branch={1187} | size=1 | parse=0 | names=[免费节点10] 🇺🇸 US 262 → tg@nicevpn123 | err=-
[DEBUG] mihomo drop | branch={1187} | size=1 | parse=0 | names=[免费节点10] 🇺🇸 US 262 → tg@nicevpn123 | err=-
[DROP] name=[免费节点10] 🇺🇸 US 262 → tg@nicevpn123 {1187} | server=172.67.185.79:8080 | reason=mihomo start failed
[TEST] {1188} tested=1/1 | kept=0 | rest=0
[DEBUG] mihomo isolate | branch={1188} | size=1 | parse=0 | names=[免费节点10] 🇺🇸 US 263 → tg@nicevpn123 | err=-
[DEBUG] mihomo drop | branch={1188} | size=1 | parse=0 | names=[免费节点10] 🇺🇸 US 263 → tg@nicevpn123 | err=-
[DROP] name=[免费节点10] 🇺🇸 US 263 → tg@nicevpn123 {1188} | server=104.21.237.57:2052 | reason=mihomo start failed
[TEST] {1182} tested=1/1 | kept=0 | rest=0
[DEBUG] mihomo isolate | branch={1182} | size=1 | parse=0 | names=[免费节点10] 🇺🇸 US 258 → tg@nicevpn123 | err=-
[DEBUG] mihomo drop | branch={1182} | size=1 | parse=0 | names=[免费节点10] 🇺🇸 US 258 → tg@nicevpn123 | err=-
[DROP] name=[免费节点10] 🇺🇸 US 258 → tg@nicevpn123 {1182} | server=158.101.217.208:12384 | reason=mihomo start failed
[TEST] {1190} tested=1/1 | kept=0 | rest=0
[DEBUG] mihomo isolate | branch={1190} | size=1 | parse=0 | names=[免费节点10] 🇺🇸 US 265 → tg@nicevpn123 | err=-
[DEBUG] mihomo drop | branch={1190} | size=1 | parse=0 | names=[免费节点10] 🇺🇸 US 265 → tg@nicevpn123 | err=-
[DROP] name=[免费节点10] 🇺🇸 US 265 → tg@nicevpn123 {1190} | server=172.67.229.35:2086 | reason=mihomo start failed
[TEST] {1183} tested=1/1 | kept=0 | rest=0
[DEBUG] mihomo isolate | branch={1183} | size=1 | parse=0 | names=[免费节点10] 🇺🇸 US 259 → tg@nicevpn123 | err=-
[DEBUG] mihomo drop | branch={1183} | size=1 | parse=0 | names=[免费节点10] 🇺🇸 US 259 → tg@nicevpn123 | err=-
[DROP] name=[免费节点10] 🇺🇸 US 259 → tg@nicevpn123 {1183} | server=198.244.252.93:443 | reason=mihomo start failed
[TEST] {1191} tested=1/1 | kept=0 | rest=0
[DEBUG] mihomo isolate | branch={1191} | size=1 | parse=0 | names=[Epodonios] EPODONIOS-90 | err=-
[DEBUG] mihomo drop | branch={1191} | size=1 | parse=0 | names=[Epodonios] EPODONIOS-90 | err=-
[DROP] name=[Epodonios] EPODONIOS-90 {1191} | server=188.114.96.5:2083 | reason=mihomo start failed
[TEST] {1192} tested=1/1 | kept=0 | rest=0
[DEBUG] mihomo isolate | branch={1192} | size=1 | parse=0 | names=[Epodonios] EPODONIOS-91 | err=-
[DEBUG] mihomo drop | branch={1192} | size=1 | parse=0 | names=[Epodonios] EPODONIOS-91 | err=-
[DROP] name=[Epodonios] EPODONIOS-91 {1192} | server=193.233.133.152:28390 | reason=mihomo start failed
[DEBUG] mihomo start-fail | branch={1195} | size=1 | parse=1 | rc=1 | names=[Epodonios] EPODONIOS-94 | err=rc=1 Mihomo exited before controller became ready time="2026-09-28T15:18:49.799497034Z" level=info msg="Start initial configuration in progress" time="2026-09-28T15:18:49.799613481Z" level=fatal msg="Parse config error: proxy 0: 'reality...
[DEBUG] mihomo isolate | branch={1195} | size=1 | parse=1 | names=[Epodonios] EPODONIOS-94 | err=Mihomo exited before controller became ready time="2026-09-28T15:18:49.799497034Z" level=info msg="Start initial configuration in progress" time="2026-09-28T15:18:49.799613481Z" level=fatal msg="Parse config error: proxy 0: 'reality-opts...
[DEBUG] mihomo drop | branch={1195} | size=1 | parse=1 | names=[Epodonios] EPODONIOS-94 | err=Mihomo exited before controller became ready time="2026-09-28T15:18:49.799497034Z" level=info msg="Start initial configuration in progress" time="2026-09-28T15:18:49.799613481Z" level=fatal msg="Parse config error: proxy 0: 'reality-opts...
[DROP] name=[Epodonios] EPODONIOS-94 {1195} | server=194.93.61.120:443 | reason=Parse config error: proxy 0: 'reality-opts' has unset fields: public-key
[TEST] {1194} tested=1/1 | kept=0 | rest=0
[DEBUG] mihomo isolate | branch={1194} | size=1 | parse=0 | names=[Epodonios] EPODONIOS-93 | err=-
[DEBUG] mihomo drop | branch={1194} | size=1 | parse=0 | names=[Epodonios] EPODONIOS-93 | err=-
[DROP] name=[Epodonios] EPODONIOS-93 {1194} | server=191.44.113.95:443 | reason=mihomo start failed
[TEST] {1197} tested=1/1 | kept=0 | rest=0
[DEBUG] mihomo isolate | branch={1197} | size=1 | parse=0 | names=[Epodonios] EPODONIOS-87 | err=-
[DEBUG] mihomo drop | branch={1197} | size=1 | parse=0 | names=[Epodonios] EPODONIOS-87 | err=-
[DROP] name=[Epodonios] EPODONIOS-87 {1197} | server=104.18.154.96:2083 | reason=mihomo start failed
[TEST] {1185} tested=1/1 | kept=0 | rest=0
[DEBUG] mihomo isolate | branch={1185} | size=1 | parse=0 | names=[免费节点10] 🇺🇸 US 260 → tg@nicevpn123 | err=-
[DEBUG] mihomo drop | branch={1185} | size=1 | parse=0 | names=[免费节点10] 🇺🇸 US 260 → tg@nicevpn123 | err=-
[DROP] name=[免费节点10] 🇺🇸 US 260 → tg@nicevpn123 {1185} | server=ip0axv1bbsu02k7-tw.1ytnode.com:56330 | reason=mihomo start failed
[TEST] {1198} tested=1/1 | kept=0 | rest=0
[DEBUG] mihomo isolate | branch={1198} | size=1 | parse=0 | names=[Epodonios] EPODONIOS-88 | err=-
[DEBUG] mihomo drop | branch={1198} | size=1 | parse=0 | names=[Epodonios] EPODONIOS-88 | err=-
[DROP] name=[Epodonios] EPODONIOS-88 {1198} | server=188.114.96.1:2083 | reason=mihomo start failed
[TEST] {1199} tested=1/1 | kept=0 | rest=0
[DEBUG] mihomo isolate | branch={1199} | size=1 | parse=0 | names=[Epodonios] EPODONIOS-89 | err=-
[DEBUG] mihomo drop | branch={1199} | size=1 | parse=0 | names=[Epodonios] EPODONIOS-89 | err=-
[DROP] name=[Epodonios] EPODONIOS-89 {1199} | server=188.114.96.4:2083 | reason=mihomo start failed
[TEST] {1189} tested=1/1 | kept=0 | rest=0
[DEBUG] mihomo isolate | branch={1189} | size=1 | parse=0 | names=[免费节点10] 🇺🇸 US 264 → tg@nicevpn123 | err=-
[DEBUG] mihomo drop | branch={1189} | size=1 | parse=0 | names=[免费节点10] 🇺🇸 US 264 → tg@nicevpn123 | err=-
[DROP] name=[免费节点10] 🇺🇸 US 264 → tg@nicevpn123 {1189} | server=149.28.120.218:24721 | reason=mihomo start failed
[TEST] {1202} tested=1/1 | kept=0 | rest=0
[DEBUG] mihomo isolate | branch={1202} | size=1 | parse=0 | names=[Epodonios] EPODONIOS-97 | err=-
[DEBUG] mihomo drop | branch={1202} | size=1 | parse=0 | names=[Epodonios] EPODONIOS-97 | err=-
[DROP] name=[Epodonios] EPODONIOS-97 {1202} | server=172.236.220.10:443 | reason=mihomo start failed
[TEST] {1200} tested=1/1 | kept=0 | rest=0
[DEBUG] mihomo isolate | branch={1200} | size=1 | parse=0 | names=[Epodonios] EPODONIOS-95 | err=-
[DEBUG] mihomo drop | branch={1200} | size=1 | parse=0 | names=[Epodonios] EPODONIOS-95 | err=-
[DROP] name=[Epodonios] EPODONIOS-95 {1200} | server=139.59.238.97:50573 | reason=mihomo start failed
[TEST] {1193} tested=1/1 | kept=0 | rest=0
[DEBUG] mihomo isolate | branch={1193} | size=1 | parse=0 | names=[Epodonios] EPODONIOS-92 | err=-
[DEBUG] mihomo drop | branch={1193} | size=1 | parse=0 | names=[Epodonios] EPODONIOS-92 | err=-
[DROP] name=[Epodonios] EPODONIOS-92 {1193} | server=191.44.113.150:443 | reason=mihomo start failed
[TEST] {1196} tested=1/1 | kept=0 | rest=0
[DEBUG] mihomo isolate | branch={1196} | size=1 | parse=0 | names=[Epodonios] EPODONIOS-86 | err=-
[DEBUG] mihomo drop | branch={1196} | size=1 | parse=0 | names=[Epodonios] EPODONIOS-86 | err=-
[DROP] name=[Epodonios] EPODONIOS-86 {1196} | server=116.47.10.236:27335 | reason=mihomo start failed
[TEST] {1205} tested=1/1 | kept=0 | rest=0
[DEBUG] mihomo isolate | branch={1205} | size=1 | parse=0 | names=[Epodonios] EPODONIOS-100 | err=-
[DEBUG] mihomo drop | branch={1205} | size=1 | parse=0 | names=[Epodonios] EPODONIOS-100 | err=-
[DROP] name=[Epodonios] EPODONIOS-100 {1205} | server=179.237.75.190:41464 | reason=mihomo start failed
[TEST] {1208} tested=1/1 | kept=0 | rest=0
[DEBUG] mihomo isolate | branch={1208} | size=1 | parse=0 | names=[Epodonios] EPODONIOS-103 | err=-
[DEBUG] mihomo drop | branch={1208} | size=1 | parse=0 | names=[Epodonios] EPODONIOS-103 | err=-
[DROP] name=[Epodonios] EPODONIOS-103 {1208} | server=nl-xh02.tcp-reset-club.net:8443 | reason=mihomo start failed
[TEST] {1207} tested=1/1 | kept=0 | rest=0
[DEBUG] mihomo isolate | branch={1207} | size=1 | parse=0 | names=[Epodonios] EPODONIOS-102 | err=-
[DEBUG] mihomo drop | branch={1207} | size=1 | parse=0 | names=[Epodonios] EPODONIOS-102 | err=-
[DROP] name=[Epodonios] EPODONIOS-102 {1207} | server=waysi.waysi6688.workers.dev:2087 | reason=mihomo start failed
[TEST] {1206} tested=1/1 | kept=0 | rest=0
[DEBUG] mihomo isolate | branch={1206} | size=1 | parse=0 | names=[Epodonios] EPODONIOS-101 | err=-
[DEBUG] mihomo drop | branch={1206} | size=1 | parse=0 | names=[Epodonios] EPODONIOS-101 | err=-
[DROP] name=[Epodonios] EPODONIOS-101 {1206} | server=6r6e6e6ryrfyfyydur6r6f6r6r6r6d6d6e6s6d6s6d7d7d7e6s.poki-pakipon.ir:41464 | reason=mihomo start failed
[TEST] {1209} tested=1/1 | kept=0 | rest=0
[DEBUG] mihomo isolate | branch={1209} | size=1 | parse=0 | names=[Epodonios] EPODONIOS-77 | err=-
[DEBUG] mihomo drop | branch={1209} | size=1 | parse=0 | names=[Epodonios] EPODONIOS-77 | err=-
[DROP] name=[Epodonios] EPODONIOS-77 {1209} | server=104.16.72.70:443 | reason=mihomo start failed
[TEST] {1210} tested=1/1 | kept=0 | rest=0
[DEBUG] mihomo isolate | branch={1210} | size=1 | parse=0 | names=[Epodonios] EPODONIOS-78 | err=-
[DEBUG] mihomo drop | branch={1210} | size=1 | parse=0 | names=[Epodonios] EPODONIOS-78 | err=-
[DROP] name=[Epodonios] EPODONIOS-78 {1210} | server=151.101.56.56:443 | reason=mihomo start failed
[TEST] {1211} tested=1/1 | kept=0 | rest=0
[DEBUG] mihomo isolate | branch={1211} | size=1 | parse=0 | names=[Epodonios] EPODONIOS-79 | err=-
[DEBUG] mihomo drop | branch={1211} | size=1 | parse=0 | names=[Epodonios] EPODONIOS-79 | err=-
[DROP] name=[Epodonios] EPODONIOS-79 {1211} | server=151.101.56.6:443 | reason=mihomo start failed
[TEST] {1212} tested=1/1 | kept=0 | rest=0
[DEBUG] mihomo isolate | branch={1212} | size=1 | parse=0 | names=[Epodonios] EPODONIOS-80 | err=-
[DEBUG] mihomo drop | branch={1212} | size=1 | parse=0 | names=[Epodonios] EPODONIOS-80 | err=-
[DROP] name=[Epodonios] EPODONIOS-80 {1212} | server=151.101.56.7:443 | reason=mihomo start failed
[TEST] {1213} tested=1/1 | kept=0 | rest=0
[DEBUG] mihomo isolate | branch={1213} | size=1 | parse=0 | names=[Epodonios] EPODONIOS-81 | err=-
[DEBUG] mihomo drop | branch={1213} | size=1 | parse=0 | names=[Epodonios] EPODONIOS-81 | err=-
[DROP] name=[Epodonios] EPODONIOS-81 {1213} | server=167.82.76.27:443 | reason=mihomo start failed
[TEST] {1214} tested=1/1 | kept=0 | rest=0
[DEBUG] mihomo isolate | branch={1214} | size=1 | parse=0 | names=[Epodonios] EPODONIOS-82 | err=-
[DEBUG] mihomo drop | branch={1214} | size=1 | parse=0 | names=[Epodonios] EPODONIOS-82 | err=-
[DROP] name=[Epodonios] EPODONIOS-82 {1214} | server=167.82.76.7:443 | reason=mihomo start failed
[TEST] {1215} tested=1/1 | kept=0 | rest=0
[DEBUG] mihomo isolate | branch={1215} | size=1 | parse=0 | names=[Epodonios] EPODONIOS-83 | err=-
[DEBUG] mihomo drop | branch={1215} | size=1 | parse=0 | names=[Epodonios] EPODONIOS-83 | err=-
[DROP] name=[Epodonios] EPODONIOS-83 {1215} | server=199.232.78.101:443 | reason=mihomo start failed
[TEST] {1217} tested=1/1 | kept=0 | rest=0
[DEBUG] mihomo isolate | branch={1217} | size=1 | parse=0 | names=[Epodonios] EPODONIOS-85 | err=-
[DEBUG] mihomo drop | branch={1217} | size=1 | parse=0 | names=[Epodonios] EPODONIOS-85 | err=-
[DROP] name=[Epodonios] EPODONIOS-85 {1217} | server=27.50.48.49:443 | reason=mihomo start failed
[TEST] {1216} tested=1/1 | kept=0 | rest=0
[DEBUG] mihomo isolate | branch={1216} | size=1 | parse=0 | names=[Epodonios] EPODONIOS-84 | err=-
[DEBUG] mihomo drop | branch={1216} | size=1 | parse=0 | names=[Epodonios] EPODONIOS-84 | err=-
[DROP] name=[Epodonios] EPODONIOS-84 {1216} | server=199.232.78.160:443 | reason=mihomo start failed
[TEST] {1201} tested=1/1 | kept=0 | rest=0
[DEBUG] mihomo isolate | branch={1201} | size=1 | parse=0 | names=[Epodonios] EPODONIOS-96 | err=-
[DEBUG] mihomo drop | branch={1201} | size=1 | parse=0 | names=[Epodonios] EPODONIOS-96 | err=-
[DROP] name=[Epodonios] EPODONIOS-96 {1201} | server=172.238.120.124:443 | reason=mihomo start failed
[TEST] {1203} tested=1/1 | kept=0 | rest=0
[DEBUG] mihomo isolate | branch={1203} | size=1 | parse=0 | names=[Epodonios] EPODONIOS-98 | err=-
[DEBUG] mihomo drop | branch={1203} | size=1 | parse=0 | names=[Epodonios] EPODONIOS-98 | err=-
[DROP] name=[Epodonios] EPODONIOS-98 {1203} | server=15.223.8.8:22222 | reason=mihomo start failed
[TEST] {1204} tested=1/1 | kept=0 | rest=0
[DEBUG] mihomo isolate | branch={1204} | size=1 | parse=0 | names=[Epodonios] EPODONIOS-99 | err=-
[DEBUG] mihomo drop | branch={1204} | size=1 | parse=0 | names=[Epodonios] EPODONIOS-99 | err=-
[DROP] name=[Epodonios] EPODONIOS-99 {1204} | server=13.37.180.245:22222 | reason=mihomo start failed
[DEBUG] mihomo start-fail | branch={1220} | size=1 | parse=1 | rc=1 | names=[Epodonios] EPODONIOS-217 | err=rc=1 Mihomo exited before controller became ready time="2026-09-28T15:18:59.900426160Z" level=info msg="Start initial configuration in progress" time="2026-09-28T15:18:59.900500559Z" level=fatal msg="Parse config error: proxy 0: ss 78.38...
[DEBUG] mihomo isolate | branch={1220} | size=1 | parse=1 | names=[Epodonios] EPODONIOS-217 | err=Mihomo exited before controller became ready time="2026-09-28T15:18:59.900426160Z" level=info msg="Start initial configuration in progress" time="2026-09-28T15:18:59.900500559Z" level=fatal msg="Parse config error: proxy 0: ss 78.38.246....
[REPAIR] name=[Epodonios] EPODONIOS-217 {1220} | fields=cipher
[TEST] {1219} tested=1/1 | kept=0 | rest=0
[DEBUG] mihomo isolate | branch={1219} | size=1 | parse=0 | names=[Epodonios] EPODONIOS-216 | err=-
[DEBUG] mihomo drop | branch={1219} | size=1 | parse=0 | names=[Epodonios] EPODONIOS-216 | err=-
[DROP] name=[Epodonios] EPODONIOS-216 {1219} | server=103.36.91.32:8388 | reason=mihomo start failed
[TEST] {1218} tested=1/1 | kept=0 | rest=0
[DEBUG] mihomo isolate | branch={1218} | size=1 | parse=0 | names=[Epodonios] EPODONIOS-215 | err=-
[DEBUG] mihomo drop | branch={1218} | size=1 | parse=0 | names=[Epodonios] EPODONIOS-215 | err=-
[DROP] name=[Epodonios] EPODONIOS-215 {1218} | server=65.109.178.10:1080 | reason=mihomo start failed
[TEST] {1221} tested=1/1 | kept=0 | rest=0
[DEBUG] mihomo isolate | branch={1221} | size=1 | parse=0 | names=[Epodonios] EPODONIOS-218 | err=-
[DEBUG] mihomo drop | branch={1221} | size=1 | parse=0 | names=[Epodonios] EPODONIOS-218 | err=-
[DROP] name=[Epodonios] EPODONIOS-218 {1221} | server=14.1.31.220:17288 | reason=mihomo start failed
[TEST] {1220} tested=1/1 | kept=0 | rest=0
[TEST] {1222} tested=1/1 | kept=0 | rest=0
[DEBUG] mihomo isolate | branch={1222} | size=1 | parse=0 | names=[Epodonios] EPODONIOS-219 | err=-
[DEBUG] mihomo drop | branch={1222} | size=1 | parse=0 | names=[Epodonios] EPODONIOS-219 | err=-
[DROP] name=[Epodonios] EPODONIOS-219 {1222} | server=199.60.101.122:11626 | reason=mihomo start failed
[TEST] {1224} tested=1/1 | kept=0 | rest=0
[DEBUG] mihomo isolate | branch={1224} | size=1 | parse=0 | names=[Epodonios] EPODONIOS-221 | err=-
[DEBUG] mihomo drop | branch={1224} | size=1 | parse=0 | names=[Epodonios] EPODONIOS-221 | err=-
[DROP] name=[Epodonios] EPODONIOS-221 {1224} | server=82.47.186.18:55597 | reason=mihomo start failed
[TEST] {1223} tested=1/1 | kept=0 | rest=0
[DEBUG] mihomo isolate | branch={1223} | size=1 | parse=0 | names=[Epodonios] EPODONIOS-220 | err=-
[DEBUG] mihomo drop | branch={1223} | size=1 | parse=0 | names=[Epodonios] EPODONIOS-220 | err=-
[DROP] name=[Epodonios] EPODONIOS-220 {1223} | server=82.47.186.18:19290 | reason=mihomo start failed
[TEST] {1226} tested=1/1 | kept=0 | rest=0
[DEBUG] mihomo isolate | branch={1226} | size=1 | parse=0 | names=[Epodonios] EPODONIOS-223 | err=-
[DEBUG] mihomo drop | branch={1226} | size=1 | parse=0 | names=[Epodonios] EPODONIOS-223 | err=-
[DROP] name=[Epodonios] EPODONIOS-223 {1226} | server=18.207.155.184:443 | reason=mihomo start failed
[TEST] {1225} tested=1/1 | kept=0 | rest=0
[DEBUG] mihomo isolate | branch={1225} | size=1 | parse=0 | names=[Epodonios] EPODONIOS-222 | err=-
[DEBUG] mihomo drop | branch={1225} | size=1 | parse=0 | names=[Epodonios] EPODONIOS-222 | err=-
[DROP] name=[Epodonios] EPODONIOS-222 {1225} | server=156.146.62.162:443 | reason=mihomo start failed
[DROP] name=[大FQ运动] 未知 SS-401 | free-nodes {core} | server=82.38.31.189:8080 | reason=duplicate core
[INFO] dropped=826 | [免费节点10] × 690 | [ChromeGO-Merge] × 61 | [Free-clash-v2ray] × 16 | [Epodonios] × 43 | [ChromeGO-ShiteThings] × 12 | [Pawdroid-SS-APK] × 3 | [大FQ运动] × 1
============================================================
[INFO] cap live | source=[大FQ运动] | from=246 | to=50
[INFO] cap live | source=[Pawdroid-SS-APK] | from=73 | to=50
[INFO] cap live | source=[Pawdroid-SR-APK] | from=219 | to=50
[INFO] cap live | source=[Epodonios] | from=81 | to=50
[INFO] cap live | source=[Free-clash-v2ray] | from=451 | to=50
[INFO] cap live | source=[V2rayclashfree-RSS] | from=208 | to=50
[INFO] cap live total | from=493 | to=400 | floor=5 | by=health_score
[INFO] cap live | reserved=92 | pool=401 | taken=308
[INFO] cap live | source=[Pawdroid-SS-APK] | from=50 | to=41
[INFO] cap live | source=[Pawdroid] | from=7 | to=6
[INFO] cap live | source=[NekoWarp] | from=10 | to=8
[INFO] cap live | source=[免费节点6] | from=26 | to=17
[INFO] cap live | source=[免费节点7] | from=35 | to=24
[INFO] cap live | source=[免费节点10] | from=22 | to=13
[INFO] cap live | source=[免费节点11] | from=19 | to=12
[INFO] cap live | source=[Clashfree] | from=34 | to=8
[INFO] cap live | source=[1VPN-CRX] | from=14 | to=5
[INFO] cap live | source=[Epodonios] | from=50 | to=40
[INFO] geo tally | live=400 | HK=23 | JP=42 | KR=32 | TW=8 | SG=38 | US=93 | GB=17 | FR=25 | DE=25 | NL=17 | CA=23 | other=57
[INFO] score summary | n=400 | max=277.8948 | p90=105.9841 | p50=35.5724 | avg=50.6324 | min=-0.6090 | geo_avg=20.8365 | adj_avg=+2.4140
============================================================
+------------------------------+--------+--------+------+--------+
| source                       |    raw | unique | live | capped |
+------------------------------+--------+--------+------+--------+
| [大FQ运动]                   |   1926 |   1922 |  246 |     50 |
+------------------------------+--------+--------+------+--------+
| [Pawdroid]                   |     42 |     13 |    7 |      6 |
+------------------------------+--------+--------+------+--------+
| [FreeV2-Base64]              |      3 |      3 |    2 |      2 |
+------------------------------+--------+--------+------+--------+
| [Bocchi2b-Base64]            |     35 |     35 |    0 |      0 |
+------------------------------+--------+--------+------+--------+
| [Freesocks]                  |      4 |      4 |    3 |      3 |
+------------------------------+--------+--------+------+--------+
| [NekoWarp]                   |     10 |     10 |   10 |      8 |
+------------------------------+--------+--------+------+--------+
| [OpenRunner-RSS]             |     11 |      8 |    0 |      0 |
+------------------------------+--------+--------+------+--------+
| [V2Rayshare-RSS]             |     22 |     21 |    0 |      0 |
+------------------------------+--------+--------+------+--------+
| [Mibei77-RSS]                |    159 |     73 |    0 |      0 |
+------------------------------+--------+--------+------+--------+
| [Yoyapai-RSS]                |    230 |    179 |    4 |      4 |
+------------------------------+--------+--------+------+--------+
| [免费节点1]                  |    288 |    171 |    0 |      0 |
+------------------------------+--------+--------+------+--------+
| [免费节点2]                  |    372 |      0 |    0 |      0 |
+------------------------------+--------+--------+------+--------+
| [免费节点3]                  |     48 |     17 |    9 |      9 |
+------------------------------+--------+--------+------+--------+
| [免费节点4]                  |    838 |      0 |    0 |      0 |
+------------------------------+--------+--------+------+--------+
| [免费节点5]                  |     29 |     28 |    0 |      0 |
+------------------------------+--------+--------+------+--------+
| [免费节点6]                  |   1635 |   1525 |   26 |     17 |
+------------------------------+--------+--------+------+--------+
| [免费节点7]                  |     64 |     43 |   35 |     24 |
+------------------------------+--------+--------+------+--------+
| [免费节点8]                  |   4171 |   3072 |    3 |      3 |
+------------------------------+--------+--------+------+--------+
| [免费节点9]                  |    615 |    438 |    0 |      0 |
+------------------------------+--------+--------+------+--------+
| [免费节点10]                 |   5516 |   3087 |   22 |     13 |
+------------------------------+--------+--------+------+--------+
| [免费节点11]                 |    443 |     75 |   19 |     12 |
+------------------------------+--------+--------+------+--------+
| [ChromeGO-Toolkit]           |     20 |     20 |    3 |      3 |
+------------------------------+--------+--------+------+--------+
| [ChromeGO-ShiteThings]       |     31 |     25 |    1 |      1 |
+------------------------------+--------+--------+------+--------+
| [ChromeGO-Merge]             |    119 |     74 |    1 |      1 |
+------------------------------+--------+--------+------+--------+
| [Pawdroid-SR-APK]            |    614 |    322 |  219 |     50 |
+------------------------------+--------+--------+------+--------+
| [Pawdroid-SS-APK]            |   1507 |   1051 |   73 |     41 |
+------------------------------+--------+--------+------+--------+
| [1VPN-CRX]                   |     17 |     17 |   14 |      5 |
+------------------------------+--------+--------+------+--------+
| [Clashfree]                  |    200 |     88 |   34 |      8 |
+------------------------------+--------+--------+------+--------+
| [Epodonios]                  |   4301 |   2663 |   81 |     40 |
+------------------------------+--------+--------+------+--------+
| [Free-clash-v2ray]           |   3521 |   2121 |  451 |     50 |
+------------------------------+--------+--------+------+--------+
| [V2rayclashfree-RSS]         |   3525 |    572 |  208 |     50 |
+------------------------------+--------+--------+------+--------+
============================================================
[INFO] clash history written | path=/home/runner/work/Free-node-autotest/Free-node-autotest/history/797390718493-clash-1506-20260928.yaml
[SUMMARY] total_nodes=30316
[SUMMARY] legal_candidates=17677
[SUMMARY] passed_latency_test=400
[SUMMARY] region_HK=23 | region_JP=42 | region_US=107
[SUMMARY] avg_latency_ms=533.68
[SUMMARY] output=/home/runner/work/Free-node-autotest/Free-node-autotest/output/clash.yaml
============================================================
[INFO] raw backup written | path=/home/runner/work/Free-node-autotest/Free-node-autotest/output/raw.yaml | history=797390718493-raw-1506-20260928.yaml | proxies=30318
[INFO] debug history written | path=/home/runner/work/Free-node-autotest/Free-node-autotest/history/797390718493-debug-1506-20260928.log | proxies=30318
