============================================================
[INFO] sublink try page | url=https://end-gfw.com
[OK] proxies=6 | new=6 | url=https://raw.githubusercontent.com/hello-world-1989/cn-news/main/end-gfw-free
[OK] proxies=6 | new=0 | url=https://raw.githubusercontent.com/hello-world-1989/cn-news/main/clash-free.yaml
[INFO] sublink file_nodes=6 | bare links=112
[OK] proxies=1 | new=1 | url=https://ccbaohe.com/appleID/
[OK] proxies=1 | new=0 | url=https://ios.wwkejishe.top/
[OK] proxies=833 | new=833 | url=https://raw.githubusercontent.com/mfuu/FreeProxies/master/sub
[OK] proxies=1 | new=0 | url=https://s11.flagcounter.com/count2/pIZl/bg_FFFFFF/txt_000000/border_CCCCCC/columns_2/maxflags_10/viewers_0/labels_1/pageviews_1/flags_0/percent_0/
[OK] proxies=61 | new=61 | url=https://raw.githubusercontent.com/mahdibland/ShadowsocksAggregator/master/EternityAir
[OK] proxies=195 | new=160 | url=https://raw.githubusercontent.com/mahdibland/ShadowsocksAggregator/master/Eternity
[OK] proxies=200 | new=182 | url=https://raw.githubusercontent.com/ts-sf/fly/main/clash
[OK] proxies=1 | new=0 | url=https://manual.getsurfboard.com/
[OK] proxies=1 | new=0 | url=https://www.112112789.xyz/
[OK] proxies=1 | new=0 | url=https://c.xiyou666.xyz/
[OK] proxies=1 | new=0 | url=https://c.kilxs.cn/
[OK] proxies=274 | new=260 | url=https://jiang.netlify.app
[OK] proxies=38 | new=38 | url=https://raw.githubusercontent.com/yaney01/Yaney01/main/temporary
[OK] proxies=1 | new=0 | url=https://stash.wiki/
[OK] proxies=346 | new=307 | url=https://www.ermao.net/sub/{reachable|unreachable|untested}/clash/ermao.net
[OK] proxies=2 | new=1 | url=https://apps.apple.com/{us|app}/{app|fair-vpn|streisand}/{id1443988620|id1533873488|id6450534064|id932747118|id1442620678}
[OK] proxies=346 | new=0 | url=https://www.ermao.net/sub/{clash|v2ray}/ermao.net
[OK] proxies=1 | new=0 | url=https://www.futizi.net/
[OK] proxies=1 | new=0 | url=https://{apps.apple.com|itunes.apple.com}/us/app/{kitsunebi-proxy-utility|psiphon|shadowrocket|quantumult-x|potatso-lite}/{id1446584073|id1276263909|id932747118|id1443988620|id1239860606}
[OK] proxies=98 | new=21 | url=https://tt.vg/freeclash
[INFO] source try link | url=https://end-gfw.com/ss-key
[OK] proxies=4 | new=4 | url=https://end-gfw.com/ss-key
[INFO] sublink try repo | url=https://github.com/hello-world-1989/cn-news
[INFO] sublink try page | url=https://raw.githubusercontent.com/hello-world-1989/cn-news/main/README.md
[OK] proxies=6 | new=6 | url=https://raw.githubusercontent.com/hello-world-1989/v2-sub/main/end-gfw-together-af3e13
[OK] proxies=2 | new=2 | url=https://raw.githubusercontent.com/hello-world-1989/cn-news/refs/heads/main/clash.yaml
[OK] proxies=2 | new=0 | url=https://raw.githubusercontent.com/hello-world-1989/cn-news/main/end-gfw-together
[OK] proxies=1882 | source=[大FQ运动] | url=https://raw.githubusercontent.com/hello-world-1989/cn-news/main/README.md
============================================================
[INFO] sublink try repo | url=https://github.com/Pawdroid/Free-servers
[INFO] sublink try page | url=https://raw.githubusercontent.com/Pawdroid/Free-servers/main/README.md
[OK] proxies=20 | new=20 | url=https://raw.githubusercontent.com/Pawdroid/Free-servers/main/sub
[OK] proxies=1 | new=1 | url=http://www.surflare.com
[OK] proxies=20 | new=0 | url=https://raw.githubusercontent.com/Pawdroid/Free-servers/main/README.md
[OK] proxies=1 | new=1 | url=https://apps.apple.com/cn/app/shadowshare/id1612647259
[OK] proxies=22 | source=[Pawdroid] | url=https://raw.githubusercontent.com/Pawdroid/Free-servers/main/README.md
============================================================
[INFO] source try link | url=https://xmxosfepggzm.503403.xyz
[OK] proxies=3 | new=3 | url=https://xmxosfepggzm.503403.xyz
[OK] proxies=3 | source=[FreeV2-Base64] | url=https://xmxosfepggzm.503403.xyz
============================================================
[INFO] source try link | url=https://links.bocchi2b.top/clash
[OK] proxies=35 | new=35 | url=https://links.bocchi2b.top/clash
[OK] proxies=35 | source=[Bocchi2b-Base64] | url=https://links.bocchi2b.top/clash
============================================================
[INFO] source try link | url=https://freesocks.org/api/v1/sub/02b897e8e77f19176b0b9f2c75864b00
[OK] proxies=1 | new=1 | url=https://freesocks.org/api/v1/sub/02b897e8e77f19176b0b9f2c75864b00
[INFO] source try link | url=https://freesocks.org/api/v1/sub/4cae35810e6f5c4d92e28e32104e0080
[OK] proxies=3 | new=3 | url=https://freesocks.org/api/v1/sub/4cae35810e6f5c4d92e28e32104e0080
[OK] proxies=4 | source=[Freesocks] | url=https://freesocks.org/api/v1/sub/4cae35810e6f5c4d92e28e32104e0080
============================================================
[INFO] source try link | url=https://neko-warp.nloli.xyz/neko_warp.yaml
[OK] proxies=10 | new=10 | url=https://neko-warp.nloli.xyz/neko_warp.yaml
[OK] proxies=10 | source=[NekoWarp] | url=https://neko-warp.nloli.xyz/neko_warp.yaml
============================================================
[INFO] article try feed | url=https://free.datiya.com/index.xml
[INFO] sublink try page | url=https://free.datiya.com/post/20260928/
[OK] proxies=11 | new=11 | url=https://free.datiya.com/uploads/20260928-clash.yaml
[OK] proxies=11 | source=[OpenRunner-RSS] | url=https://free.datiya.com/post/20260928/
============================================================
[INFO] article try feed | url=https://v2rayshare.com/feed
[INFO] sublink try page | url=https://v2rayshare.com/p/4097.html
[INFO] sublink try repo | url=https://github.com/firefoxmmx2/v2rayshare_subcription
[INFO] sublink try page | url=https://raw.githubusercontent.com/firefoxmmx2/v2rayshare_subcription/main/README.md
[OK] proxies=22 | new=22 | url=https://{raw.githubusercontent.com|cdn.jsdelivr.net}/firefoxmmx2/v2rayshare_subcription/main/subscription/mihomo_sub.yaml
[OK] proxies=21 | new=0 | url=https://{raw.githubusercontent.com|cdn.jsdelivr.net}/firefoxmmx2/v2rayshare_subcription/main/subscription/clash_sub.yaml
[OK] proxies=22 | new=0 | url=https://{raw.githubusercontent.com|cdn.jsdelivr.net}/firefoxmmx2/v2rayshare_subcription/main/subscription/vray_sub.txt
[OK] proxies=22 | source=[V2Rayshare-RSS] | url=https://raw.githubusercontent.com/firefoxmmx2/v2rayshare_subcription/main/README.md
============================================================
[INFO] article try feed | url=https://www.mibei77.com/feed
[INFO] sublink try page | url=https://www.mibei77.com/703.html
[OK] proxies=157 | new=157 | url=https://mm.mibei77.com/202609/0928Clashizx.yaml
[OK] proxies=159 | new=2 | url=https://mm.mibei77.com/202609/09.2864baczx.txt
[OK] proxies=159 | source=[Mibei77-RSS] | url=https://www.mibei77.com/703.html
============================================================
[INFO] article try feed | url=https://yoyapai.com/feed
[INFO] sublink try page | url=https://yoyapai.com/739
[OK] proxies=229 | new=229 | url=https://freenode.yoyapai.com/2026/09/28-yoyapai.com-ssrv2rayvpnmianfeijiedian.txt
[OK] proxies=1 | new=1 | url=https://yoyapai.com/739
[OK] proxies=229 | new=0 | url=https://freenode.yoyapai.com/2026/09/28-yoyapai.com-clashvpnmianfeijiedian.yaml
[OK] proxies=230 | source=[Yoyapai-RSS] | url=https://yoyapai.com/739
============================================================
[INFO] sublink try repo | url=https://github.com/free18/v2ray
[INFO] sublink try page | url=https://raw.githubusercontent.com/free18/v2ray/main/README.md
[OK] proxies=285 | new=285 | url=https://ghfast.top/https://raw.githubusercontent.com/free18/v2ray/refs/heads/main/v.txt
[OK] proxies=3 | new=3 | url=https://raw.githubusercontent.com/free18/v2ray/main/README.md
[OK] proxies=285 | new=0 | url=https://ghfast.top/https://raw.githubusercontent.com/free18/v2ray/refs/heads/main/c.yaml
[OK] proxies=288 | source=[免费节点1] | url=https://raw.githubusercontent.com/free18/v2ray/main/README.md
============================================================
[INFO] sublink try repo | url=https://github.com/ermaozi/get_subscribe
[INFO] sublink try page | url=https://raw.githubusercontent.com/ermaozi/get_subscribe/main/README.md
[INFO] sublink file_nodes=0 | bare links=9
[OK] proxies=346 | new=346 | url=https://www.ermao.net/sub/{clash|v2ray}/ermao.net
[OK] proxies=346 | new=0 | url=https://www.ermao.net/sub/{reachable|unreachable|untested}/clash/ermao.net
[OK] proxies=346 | source=[免费节点2] | url=https://raw.githubusercontent.com/ermaozi/get_subscribe/main/README.md
============================================================
[INFO] sublink try repo | url=https://github.com/sunmiao4458/free-proxy-airport
[INFO] sublink try page | url=https://raw.githubusercontent.com/sunmiao4458/free-proxy-airport/main/README.md
[OK] proxies=48 | new=48 | url=https://sunmiao4458.github.io/free-proxy-airport/clash.yaml
[OK] proxies=48 | source=[免费节点3] | url=https://raw.githubusercontent.com/sunmiao4458/free-proxy-airport/main/README.md
============================================================
[INFO] sublink try repo | url=https://github.com/mfuu/FreeProxies
[INFO] sublink try page | url=https://raw.githubusercontent.com/mfuu/FreeProxies/master/README.md
[OK] proxies=838 | new=838 | url=https://raw.githubusercontent.com/mfuu/FreeProxies/master/sub.yaml
[OK] proxies=838 | source=[免费节点4] | url=https://raw.githubusercontent.com/mfuu/FreeProxies/master/README.md
============================================================
[INFO] sublink try repo | url=https://github.com/vxiaov/free_proxies
[INFO] sublink try page | url=https://raw.githubusercontent.com/vxiaov/free_proxies/main/README.md
[OK] proxies=28 | new=28 | url=https://{cdn.jsdelivr.net|raw.githubusercontent.com}/vxiaov/free_proxies/main/clash/clash.provider.yaml
[OK] proxies=1 | new=1 | url=https://raw.githubusercontent.com/vxiaov/free_proxies/main/README.md
[OK] proxies=29 | source=[免费节点5] | url=https://raw.githubusercontent.com/vxiaov/free_proxies/main/README.md
============================================================
[INFO] sublink try repo | url=https://github.com/anaer/Sub
[INFO] sublink try page | url=https://raw.githubusercontent.com/anaer/Sub/main/README.MD
[OK] proxies=1635 | new=1635 | url=https://raw.githubusercontent.com/anaer/Sub/main/clash.yaml
[OK] proxies=1635 | new=0 | url=https://anaer.github.io/Sub/clash.yaml
[OK] proxies=1635 | source=[免费节点6] | url=https://raw.githubusercontent.com/anaer/Sub/main/README.MD
============================================================
[INFO] sublink try repo | url=https://github.com/snakem982/proxypool
[INFO] sublink try page | url=https://raw.githubusercontent.com/snakem982/proxypool/main/README.md
[OK] proxies=62 | new=62 | url=https://raw.githubusercontent.com/snakem982/proxypool/main/source/v2ray-2.txt
[OK] proxies=64 | new=3 | url=https://raw.githubusercontent.com/snakem982/proxypool/main/source/clash-meta-2.yaml
[OK] proxies=62 | new=0 | url=https://raw.githubusercontent.com/snakem982/proxypool/main/source/sing-box-2.json
[OK] proxies=65 | source=[免费节点7] | url=https://raw.githubusercontent.com/snakem982/proxypool/main/README.md
============================================================
[INFO] sublink try repo | url=https://github.com/mahdibland/V2RayAggregator
[INFO] sublink try page | url=https://raw.githubusercontent.com/mahdibland/V2RayAggregator/master/README.md
[OK] proxies=1 | new=1 | url=https://cdn.jsdelivr.net/gh/mahdibland/V2RayAggregator@master/update/provider/provider-meta.yml
[OK] proxies=196 | new=196 | url=https://raw.githubusercontent.com/mahdibland/ShadowsocksAggregator/master/Eternity.yml
[OK] proxies=1838 | new=1695 | url=https://raw.githubusercontent.com/mahdibland/ShadowsocksAggregator/master/sub/splitted/ss.txt
[OK] proxies=1449 | new=1405 | url=https://raw.githubusercontent.com/mahdibland/ShadowsocksAggregator/master/sub/splitted/vmess.txt
[OK] proxies=3992 | new=702 | url=https://raw.githubusercontent.com/mahdibland/SSAggregator/master/sub/sub_merge_yaml.yml
[OK] proxies=195 | new=0 | url=https://raw.githubusercontent.com/mahdibland/ShadowsocksAggregator/master/Eternity.txt
[OK] proxies=1 | new=0 | url=https://github.com/mahdibland/SSAggregator/actions/workflows/Airport_Collector.yml
[OK] proxies=61 | new=61 | url=https://raw.githubusercontent.com/mahdibland/SSAggregator/master/sub/airport_sub_merge.txt
[OK] proxies=54 | new=0 | url=https://raw.githubusercontent.com/mahdibland/ShadowsocksAggregator/master/sub/splitted/ssr.txt
[OK] proxies=1 | new=0 | url=https://cdn.jsdelivr.net/gh/mahdibland/V2RayAggregator@master/update/provider/provider-others.yml
[OK] proxies=61 | new=0 | url=https://raw.githubusercontent.com/mahdibland/SSAggregator/master/sub/airport_merge_base64.txt
[OK] proxies=1 | new=0 | url=https://cdn.jsdelivr.net/gh/mahdibland/V2RayAggregator@master/update/provider/provider-meta-others.yml
[OK] proxies=1 | new=0 | url=https://github.com/mahdibland/SSAggregator/actions/workflows/Collector.yml
[OK] proxies=1 | new=0 | url=https://cdn.jsdelivr.net/gh/mahdibland/V2RayAggregator@master/update/provider/provider-meta-cn.yml
[OK] proxies=466 | new=17 | url=https://raw.githubusercontent.com/mahdibland/ShadowsocksAggregator/master/sub/splitted/trojan.txt
[OK] proxies=378 | new=94 | url=https://raw.githubusercontent.com/mahdibland/V2RayAggregator/master/README.md
[OK] proxies=3807 | new=0 | url=https://raw.githubusercontent.com/mahdibland/{SSAggregator|ShadowsocksAggregator}/master/sub/sub_merge.txt
[OK] proxies=1 | new=0 | url=https://cdn.jsdelivr.net/gh/mahdibland/V2RayAggregator@master/update/provider/provider-cn.yml
[OK] proxies=1 | new=0 | url=https://cdn.jsdelivr.net/gh/mahdibland/V2RayAggregator@master/update/provider/provider.yml
[OK] proxies=3807 | new=0 | url=https://raw.githubusercontent.com/mahdibland/SSAggregator/master/sub/sub_merge_base64.txt
[OK] proxies=61 | new=0 | url=https://raw.githubusercontent.com/mahdibland/ShadowsocksAggregator/master/EternityAir.txt
[OK] proxies=4171 | source=[免费节点8] | url=https://raw.githubusercontent.com/mahdibland/V2RayAggregator/master/README.md
============================================================
[INFO] sublink try repo | url=https://github.com/w1770946466/Auto_proxy
[INFO] sublink try page | url=https://raw.githubusercontent.com/w1770946466/Auto_proxy/main/README.md
[OK] proxies=1 | new=1 | url=https://github.com/w1770946466/Auto_proxy/actions/workflows/main.yml
[OK] proxies=489 | new=489 | url=https://raw.githubusercontent.com/w1770946466/Auto_proxy/main/{Long_term_subscription1|Long_term_subscription2|Long_term_subscription3|Long_term_subscription4|Long_term_subscription5|Long_term_subscription6|Long_term_subscription7|Long_term_subscription8}
[OK] proxies=489 | new=0 | url=https://raw.githubusercontent.com/w1770946466/Auto_proxy/main/Long_term_subscription_num
[OK] proxies=245 | new=125 | url=https://raw.githubusercontent.com/w1770946466/Auto_proxy/main/{Long_term_subscription2.yaml|Long_term_subscription1.yaml|Long_term_subscription3.yaml}
[OK] proxies=615 | source=[免费节点9] | url=https://raw.githubusercontent.com/w1770946466/Auto_proxy/main/README.md
============================================================
[INFO] sublink try repo | url=https://github.com/PuddinCat/BestClash
[INFO] sublink try page | url=https://raw.githubusercontent.com/PuddinCat/BestClash/main/README.md
[OK] proxies=144 | new=144 | url=https://raw.githubusercontent.com/zhangkaiitugithub/passcro/main/speednodes.yaml
[OK] proxies=196 | new=196 | url=https://raw.githubusercontent.com/mahdibland/ShadowsocksAggregator/master/Eternity.yml
[OK] proxies=346 | new=204 | url=https://raw.githubusercontent.com/{ermaozi|ermaozi01}/{get_subscribe|free_clash_vpn}/main/subscribe/clash.yml
[OK] proxies=28 | new=3 | url=https://raw.githubusercontent.com/Misaka-blog/chromego_merge/main/sub/merged_proxies_new.yaml
[OK] proxies=28 | new=28 | url=https://cdn.jsdelivr.net/gh/vxiaov/free_proxies@main/clash/clash.provider.yaml
[OK] proxies=33 | new=20 | url=https://raw.githubusercontent.com/{chengaopan|peasoft}/{AutoMergePublicNodes|NoMoreWalls}/master/list.yml
[OK] proxies=165 | new=165 | url=https://raw.githubusercontent.com/ronghuaxueleng/get_v2/main/pub/combine.yaml
[OK] proxies=24 | new=24 | url=https://freenode.openrunner.net/uploads/20240807-clash.yaml
[OK] proxies=16 | new=15 | url=https://raw.githubusercontent.com/PuddinCat/BestClash/main/proxies.yaml
[OK] proxies=4782 | new=4720 | url=https://raw.githubusercontent.com/{NiceVPN123|anaer}/{NiceVPN|Sub}/main/{Clash.yaml|clash.yaml}
[OK] proxies=5519 | source=[免费节点10] | url=https://raw.githubusercontent.com/PuddinCat/BestClash/main/README.md
============================================================
[INFO] sublink try repo | url=https://github.com/kooker/FreeSubsCheck
[INFO] sublink try page | url=https://raw.githubusercontent.com/kooker/FreeSubsCheck/main/README.md
[OK] proxies=11 | new=11 | url=https://raw.githubusercontent.com/kooker/FreeSubsCheck/main/mihomo.yaml
[OK] proxies=7 | new=0 | url=https://raw.githubusercontent.com/kooker/FreeSubsCheck/main/base64.txt
[OK] proxies=11 | new=0 | url=https://raw.githubusercontent.com/kooker/FreeSubsCheck/main/all.yaml
[OK] proxies=2 | new=2 | url=https://raw.githubusercontent.com/kooker/FreeSubsCheck/main/byxiaoxi.txt
[OK] proxies=432 | new=430 | url=https://raw.githubusercontent.com/kooker/FreeSubsCheck/main/kooker.jp.txt
[OK] proxies=443 | source=[免费节点11] | url=https://raw.githubusercontent.com/kooker/FreeSubsCheck/main/README.md
============================================================
[INFO] toolkit try repo | url=https://github.com/bannedbook/fanqiang
[INFO] toolkit try release | url=https://github.com/bannedbook/fanqiang/releases
[INFO] toolkit try release | url=https://github.com/bannedbook/fanqiang/releases/expanded_assets/ChromeGo-latest
[INFO] toolkit try download | url=https://github.com/bannedbook/fanqiang/releases/download/ChromeGo-latest/ChromeGo.7z
[OK] toolkit downloaded | file=ChromeGo.7z | size=96.2MB
[OK] toolkit extracted | archive=ChromeGo.7z | tool=7z | files=222 | dirs=45
[OK] toolkit discovered | subs=107 | embedded=46 | archive=ChromeGo.7z
[INFO] toolkit try repo | url=https://github.com/bannedbook/fanqiang
[INFO] toolkit try release | url=https://github.com/bannedbook/fanqiang/releases
[INFO] toolkit try release | url=https://github.com/bannedbook/fanqiang/releases/expanded_assets/ChromeGo-latest
[INFO] toolkit try download | url=https://github.com/bannedbook/fanqiang/releases/download/ChromeGo-latest/ChromeGo.7z
[OK] toolkit downloaded | file=ChromeGo.7z | size=96.2MB
[OK] toolkit extracted | archive=ChromeGo.7z | tool=7z | files=222 | dirs=45
[OK] toolkit discovered | subs=107 | embedded=46 | archive=ChromeGo.7z
[OK] proxies=12 | new=12 | embedded=archive-config
[OK] proxies=3 | new=3 | url=https://www.67867867.xyz/Alvin9999/PAC/refs/heads/master/backup/img/1/2/{ipp|ip}/clash.meta2/{5|6|3|1|4|2}/config.yaml
[OK] proxies=3 | new=0 | url=https://gitlab.com/free9999/ipupdate/master/backup/img/1/2/{ipp|ip}/clash.meta2/{5|6|3|1|4|2}/config.yaml
[OK] proxies=7 | new=5 | url=https://www.67867867.xyz/Alvin9999/PAC/refs/heads/master/backup/img/1/2/{ipp|ip}/{hysteria2|singbox|naiveproxy|hysteria|xray}/{3|1|4|2}/config.json
[OK] proxies=7 | new=0 | url=https://gitlab.com/free9999/ipupdate/master/backup/img/1/2/{ipp|ip}/{hysteria2|singbox|naiveproxy|hysteria|xray}/{3|1|4|2}/config.json
[OK] proxies=20 | source=[ChromeGO-Toolkit] | url=https://github.com/bannedbook/fanqiang/releases/download/ChromeGo-latest/ChromeGo.7z
============================================================
[INFO] sublink try repo | url=https://github.com/ShiteThings/extractNodes
[INFO] sublink try page | url=https://raw.githubusercontent.com/ShiteThings/extractNodes/main/README.md
[OK] proxies=26 | new=26 | url=https://chg26.makou.cc.cd/sb
[OK] proxies=31 | new=5 | url=https://{chg26.makou.cc.cd|chg64.makou.cc.cd}
[OK] proxies=31 | source=[ChromeGO-ShiteThings] | url=https://raw.githubusercontent.com/ShiteThings/extractNodes/main/README.md
============================================================
[INFO] sublink try repo | url=https://github.com/shangui999/chromego_merge
[INFO] sublink try page | url=https://raw.githubusercontent.com/shangui999/chromego_merge/master/ReadMe.md
[OK] proxies=11 | new=11 | url=https://freedman.netlify.app/sub/merged_warp_proxies_new.yaml
[OK] proxies=10 | new=0 | url=https://freedman.netlify.app/sub/merged_proxies_new.yaml
[OK] proxies=11 | new=6 | url=https://freedman.netlify.app/sub/shadowrocket_base64.txt
[OK] proxies=16 | new=16 | url=https://freedman.netlify.app/sub/sb.json
[INFO] sublink try repo | url=https://github.com/yaney01/chromego
[INFO] sublink try page | url=https://raw.githubusercontent.com/yaney01/chromego/main/ReadMe.md
[OK] proxies=51 | new=46 | url=https://raw.githubusercontent.com/yaney01/chromego/main/sub/merged_warp_proxies_new.yaml
[OK] proxies=50 | new=0 | url=https://raw.githubusercontent.com/yaney01/chromego/main/sub/merged_proxies_new.yaml
[OK] proxies=13 | new=7 | url=https://raw.githubusercontent.com/yaney01/chromego/main/sub/shadowrocket_base64.txt
[OK] proxies=13 | new=0 | url=https://raw.githubusercontent.com/yaney01/chromego/main/sub/sb.json
[INFO] sublink try repo | url=https://github.com/Misaka-blog/chromego_merge
[INFO] sublink try page | url=https://raw.githubusercontent.com/Misaka-blog/chromego_merge/main/README.md
[OK] proxies=28 | new=28 | url=https://chromego-sub.netlify.app/sub/merged_proxies_new.yaml
[OK] proxies=114 | source=[ChromeGO-Merge] | url=https://raw.githubusercontent.com/Misaka-blog/chromego_merge/main/README.md
============================================================
[INFO] toolkit try repo | url=https://github.com/Pawdroid/shadowrocket_for_android
[INFO] toolkit try release | url=https://github.com/Pawdroid/shadowrocket_for_android/releases
[INFO] toolkit try release | url=https://github.com/Pawdroid/shadowrocket_for_android/releases/expanded_assets/10.10.55
[INFO] toolkit try download | url=https://github.com/Pawdroid/shadowrocket_for_android/releases/download/10.10.55/Shadowrocket_10.10.55_shadowrocketStandard_arm64-v8a.apk
[OK] toolkit downloaded | file=Shadowrocket_10.10.55_shadowrocketStandard_arm64-v8a.apk | size=39.5MB
[OK] toolkit extracted | archive=Shadowrocket_10.10.55_shadowrocketStandard_arm64-v8a.apk | tool=zipfile | files=1179 | dirs=44
[OK] toolkit sr-apk scanned | prefixes=38 | files=6 | keys=2 | archive=Shadowrocket_10.10.55_shadowrocketStandard_arm64-v8a.apk
[OK] proxies=713 | new=713 | url=https://{raw.githubusercontent.com|cdn.jsdelivr.net}/pixelor/ecfg/main/data/ecfg6_zh
[OK] proxies=188 | new=73 | url=https://{raw.githubusercontent.com|cdn.jsdelivr.net}/pixelor/ecfg/main/data/ecfg6
[OK] proxies=633 | new=125 | url=https://{cdn.jsdelivr.net|raw.githubusercontent.com}/pixelor/ecfg/main/data/ecfg6_en
[OK] proxies=408 | new=0 | url=https://{files.shadowrockets.app|cdn.shadowrockets.app}/ecfg/data/ecfg6_en
[OK] proxies=141 | new=0 | url=https://{files.shadowrockets.app|cdn.shadowrockets.app}/ecfg/data/ecfg6
[OK] proxies=408 | new=0 | url=https://{files.shadowrockets.app|cdn.shadowrockets.app}/ecfg/data/ecfg6_zh
[INFO] toolkit try repo | url=https://github.com/Pawdroid/shadowrocket_for_android
[INFO] toolkit try release | url=https://github.com/Pawdroid/shadowrocket_for_android/releases
[INFO] toolkit try release | url=https://github.com/Pawdroid/shadowrocket_for_android/releases/expanded_assets/10.10.55
[INFO] toolkit try download | url=https://github.com/Pawdroid/shadowrocket_for_android/releases/download/10.10.55/Shadowrocket_10.10.55_shadowrocketStandard_arm64-v8a.apk
[OK] toolkit downloaded | file=Shadowrocket_10.10.55_shadowrocketStandard_arm64-v8a.apk | size=39.5MB
[OK] toolkit extracted | archive=Shadowrocket_10.10.55_shadowrocketStandard_arm64-v8a.apk | tool=zipfile | files=1179 | dirs=44
[OK] toolkit sr-apk scanned | prefixes=38 | files=6 | keys=2 | archive=Shadowrocket_10.10.55_shadowrocketStandard_arm64-v8a.apk
[OK] proxies=713 | new=713 | url=https://{raw.githubusercontent.com|cdn.jsdelivr.net}/pixelor/ecfg/main/data/ecfg6_zh
[OK] proxies=188 | new=73 | url=https://{raw.githubusercontent.com|cdn.jsdelivr.net}/pixelor/ecfg/main/data/ecfg6
[OK] proxies=633 | new=125 | url=https://{cdn.jsdelivr.net|raw.githubusercontent.com}/pixelor/ecfg/main/data/ecfg6_en
[OK] proxies=408 | new=0 | url=https://{files.shadowrockets.app|cdn.shadowrockets.app}/ecfg/data/ecfg6_en
[OK] proxies=141 | new=0 | url=https://{files.shadowrockets.app|cdn.shadowrockets.app}/ecfg/data/ecfg6
[OK] proxies=408 | new=0 | url=https://{files.shadowrockets.app|cdn.shadowrockets.app}/ecfg/data/ecfg6_zh
[OK] proxies=911 | source=[Pawdroid-SR-APK] | url=https://github.com/Pawdroid/shadowrocket_for_android/releases/download/10.10.55/Shadowrocket_10.10.55_shadowrocketStandard_arm64-v8a.apk
============================================================
[INFO] toolkit try page | url=https://shadowshare.v2cross.com
[INFO] toolkit try download | url=https://shadowshare.v2cross.com/shadowshare.apk
[OK] toolkit downloaded | file=shadowshare.apk | size=60MB
[OK] toolkit extracted | archive=shadowshare.apk | tool=zipfile | files=612 | dirs=39
[OK] toolkit ss-apk scanned | prefixes=10 | files=3 | keys=1 | archive=shadowshare.apk
[OK] proxies=237 | new=237 | url=https://{raw.githubusercontent.com|jsd.onmicrosoft.cn}/hideme9527/ecsfg/main/data/sareserver
[OK] proxies=1386 | new=1279 | url=https://{jsd.onmicrosoft.cn|raw.githubusercontent.com}/hideme9527/ecsfg/main/data/sareserver_en
[OK] proxies=137 | new=0 | url=https://{shadowsharing.com|sare.159236.xyz}/data/sareserver
[OK] proxies=1386 | new=0 | url=https://{shadowsharing.com|sare.159236.xyz}/data/sareserver_en
[OK] proxies=1386 | new=0 | url=https://gitee.com/api/v5/repos/{guoyoucai1|elvenapp|zhiminghao}/ecsfg/raw/data/sareserver_en
[OK] proxies=137 | new=0 | url=https://gitee.com/api/v5/repos/{guoyoucai1|zhiminghao|elvenapp}/ecsfg/raw/data/sareserver
[INFO] toolkit try page | url=https://shadowshare.v2cross.com
[INFO] toolkit try download | url=https://shadowshare.v2cross.com/shadowshare.apk
[OK] toolkit downloaded | file=shadowshare.apk | size=60MB
[OK] toolkit extracted | archive=shadowshare.apk | tool=zipfile | files=612 | dirs=39
[OK] toolkit ss-apk scanned | prefixes=10 | files=3 | keys=1 | archive=shadowshare.apk
[OK] proxies=237 | new=237 | url=https://{raw.githubusercontent.com|jsd.onmicrosoft.cn}/hideme9527/ecsfg/main/data/sareserver
[OK] proxies=1386 | new=1279 | url=https://{jsd.onmicrosoft.cn|raw.githubusercontent.com}/hideme9527/ecsfg/main/data/sareserver_en
[OK] proxies=137 | new=0 | url=https://{shadowsharing.com|sare.159236.xyz}/data/sareserver
[OK] proxies=1386 | new=0 | url=https://{shadowsharing.com|sare.159236.xyz}/data/sareserver_en
[OK] proxies=1386 | new=0 | url=https://gitee.com/api/v5/repos/{guoyoucai1|elvenapp|zhiminghao}/ecsfg/raw/data/sareserver_en
[OK] proxies=137 | new=0 | url=https://gitee.com/api/v5/repos/{guoyoucai1|zhiminghao|elvenapp}/ecsfg/raw/data/sareserver
[OK] proxies=1516 | source=[Pawdroid-SS-APK] | url=https://shadowshare.v2cross.com/shadowshare.apk
============================================================
[INFO] toolkit try chrome | url=https://chromewebstore.google.com/detail/free-vpn-proxy-1vpn/akcocjjpkmlniicdeemdceeajlmoabhg
[INFO] toolkit try download | url=https://clients2.google.com/service/update2/crx?response=redirect&prodversion=131.0.6778.0&acceptformat=crx2,crx3&x=id%3dakcocjjpkmlniicdeemdceeajlmoabhg%26uc
[OK] toolkit downloaded | file=free-vpn-proxy-1vpn.crx | size=1.6MB
[OK] toolkit extracted | archive=free-vpn-proxy-1vpn.crx | tool=zipfile | files=68 | dirs=57
[OK] toolkit 1vpn-crx scanned | hosts=17 | keys=1 | archive=free-vpn-proxy-1vpn.crx
[INFO] toolkit try chrome | url=https://chromewebstore.google.com/detail/free-vpn-proxy-1vpn/akcocjjpkmlniicdeemdceeajlmoabhg
[INFO] toolkit try download | url=https://clients2.google.com/service/update2/crx?response=redirect&prodversion=131.0.6778.0&acceptformat=crx2,crx3&x=id%3dakcocjjpkmlniicdeemdceeajlmoabhg%26uc
[OK] toolkit downloaded | file=free-vpn-proxy-1vpn.crx | size=1.6MB
[OK] toolkit extracted | archive=free-vpn-proxy-1vpn.crx | tool=zipfile | files=68 | dirs=57
[OK] toolkit 1vpn-crx scanned | hosts=17 | keys=1 | archive=free-vpn-proxy-1vpn.crx
[OK] proxies=17 | source=[1VPN-CRX] | url=https://clients2.google.com/service/update2/crx?response=redirect&prodversion=131.0.6778.0&acceptformat=crx2,crx3&x=id%3dakcocjjpkmlniicdeemdceeajlmoabhg%26uc
============================================================
[INFO] sublink try repo | url=https://github.com/free-nodes/clashfree
[INFO] sublink try page | url=https://raw.githubusercontent.com/free-nodes/clashfree/main/README.md
[OK] proxies=199 | new=199 | url=https://raw.githubusercontent.com/free-nodes/clashfree/main/README.md
[OK] proxies=199 | new=0 | url=https://raw.githubusercontent.com/free-nodes/clashfree/main/clash20260928.yml
[OK] proxies=1 | new=1 | url=https://github.com/free-nodes/clashfree/blob/main/clash20260928.yml
[OK] proxies=200 | source=[Clashfree] | url=https://raw.githubusercontent.com/free-nodes/clashfree/main/README.md
============================================================
[INFO] sublink try repo | url=https://github.com/Epodonios/v2ray-configs
[INFO] sublink try page | url=https://raw.githubusercontent.com/Epodonios/v2ray-configs/main/README.md
[OK] proxies=1 | new=1 | url=https://github.com/Epodonios/V2ray-Configs/actions/workflows/main.yml
[OK] proxies=381 | new=381 | url=https://github.com/Epodonios/v2ray-configs/raw/main/Splitted-By-Protocol/ss.txt
[OK] proxies=184 | new=184 | url=https://github.com/Epodonios/v2ray-configs/raw/main/Splitted-By-Protocol/vmess.txt
[OK] proxies=4177 | new=3639 | url=https://github.com/Epodonios/v2ray-configs/raw/main/All_Configs_base64_Sub.txt
[OK] proxies=4177 | new=0 | url=https://github.com/Epodonios/v2ray-configs/raw/main/All_Configs_Sub.txt
[OK] proxies=3355 | new=93 | url=https://github.com/Epodonios/v2ray-configs/raw/main/Splitted-By-Protocol/vless.txt
[OK] proxies=162 | new=3 | url=https://github.com/Epodonios/v2ray-configs/raw/main/Splitted-By-Protocol/trojan.txt
[OK] proxies=4177 | new=0 | url=https://raw.githubusercontent.com/Epodonios/v2ray-configs/main/{Sub1.txt|Sub2.txt|Sub3.txt|Sub4.txt|Sub5.txt|Sub6.txt|Sub7.txt|Sub8.txt}
[OK] proxies=4301 | source=[Epodonios] | url=https://raw.githubusercontent.com/Epodonios/v2ray-configs/main/README.md
============================================================
[INFO] sublink try repo | url=https://github.com/free-clash-v2ray/free-clash-v2ray.github.io
[INFO] sublink try page | url=https://raw.githubusercontent.com/free-clash-v2ray/free-clash-v2ray.github.io/main/README.md
[OK] proxies=2984 | new=2984 | url=https://free-clash-v2ray.github.io/uploads/2026/09/{0-20260927.yaml|1-20260927.yaml|2-20260927.yaml|3-20260927.yaml}
[OK] proxies=3129 | new=537 | url=https://free-clash-v2ray.github.io/uploads/2026/09/{0-20260927.txt|1-20260927.txt|2-20260927.txt|3-20260927.txt|4-20260927.txt}
[OK] proxies=3521 | source=[Free-clash-v2ray] | url=https://raw.githubusercontent.com/free-clash-v2ray/free-clash-v2ray.github.io/main/README.md
============================================================
[INFO] article try page | url=https://v2rayclashfree.com
[INFO] sublink try page | url=https://v2rayclashfree.com/fn/20260928.html
[OK] proxies=1648 | new=1648 | url=https://v2rayclashfree.com/sub/20260928-clash.yaml
[OK] proxies=1775 | new=594 | url=https://v2rayclashfree.com/sub/20260928-v2ray.txt
[OK] proxies=2242 | source=[V2rayclashfree-RSS] | url=https://v2rayclashfree.com/fn/20260928.html
============================================================
[INFO] toolkit try repo | url=https://github.com/MetaCubeX/meta-rules-dat
[INFO] toolkit try release | url=https://github.com/MetaCubeX/meta-rules-dat/releases
[INFO] toolkit try release | url=https://github.com/MetaCubeX/meta-rules-dat/releases/expanded_assets/latest
[INFO] toolkit try download | url=https://github.com/MetaCubeX/meta-rules-dat/releases/download/latest/country.mmdb
[OK] toolkit downloaded | file=country.mmdb | size=7.3MB
[INFO] toolkit try repo | url=https://github.com/mledoze/countries
[INFO] toolkit try release | url=https://github.com/mledoze/countries/releases
[INFO] toolkit try release | url=https://github.com/mledoze/countries/releases/expanded_assets/v1.8.0
[INFO] toolkit try download | url=https://github.com/mledoze/countries/archive/refs/tags/v1.8.0.zip
[OK] toolkit downloaded | file=countries-1.8.0.zip | size=4.8MB
[OK] toolkit extracted | archive=countries-1.8.0.zip | tool=zipfile | files=528 | dirs=8
[OK] toolkit found | file=countries.json | from=countries-1.8.0.zip
[OK] geo score ready | files=country.mmdb, countries.json | centroids=247
============================================================
[INFO] toolkit try repo | url=https://github.com/MetaCubeX/mihomo
[INFO] toolkit try release | url=https://github.com/MetaCubeX/mihomo/releases
[INFO] toolkit try release | url=https://github.com/MetaCubeX/mihomo/releases/expanded_assets/v1.19.31
[INFO] toolkit try download | url=https://github.com/MetaCubeX/mihomo/releases/download/v1.19.31/mihomo-linux-amd64-compatible-v1.19.31.gz
[OK] toolkit downloaded | file=mihomo-linux-amd64-compatible-v1.19.31.gz | size=21.8MB
[OK] toolkit hash verified | file=mihomo-linux-amd64-compatible-v1.19.31.gz | sha256=04cf9f09671704f839ddbee2e93069dc831a4123a75281e725d1d96ab9ac1afc
[OK] proxy engine ready, starting latency test | package=mihomo-linux-amd64-compatible-v1.19.31.gz
============================================================
[DEBUG] mihomo start-fail | branch={1} | size=17446 | parse=1 | rc=1 | names=[大FQ运动] end-gfw-kr64-VLESS,[大FQ运动] end-gfw-kr64-HY2,[大FQ运动] end-gfw-kr64-SS...+17443 | err=rc=1 Mihomo exited before controller became ready time="2026-09-28T11:33:32.154673448Z" level=info msg="Start initial configuration in progress" time="2026-09-28T11:33:32.389589713Z" level=fatal msg="Parse config error: proxy 10717: '' h...
[WARN] batch start failed | size=17446 {1} | split=8723 {2} + 8723 {3}
[DEBUG] mihomo start-fail | branch={3} | size=8723 | parse=1 | rc=1 | names=[免费节点10] 🇬🇧 GB 52 → tg@nicevpn123,[免费节点10] 🇬🇧 GB 53 → tg@nicevpn123,[免费节点10] 🇬🇧 GB 54 → tg@nicevpn123...+8720 | err=rc=1 Mihomo exited before controller became ready time="2026-09-28T11:33:35.376980401Z" level=info msg="Start initial configuration in progress" time="2026-09-28T11:33:35.427767884Z" level=fatal msg="Parse config error: proxy 1994: '' ha...
[WARN] batch start failed | size=8723 {3} | split=4361 {4} + 4362 {5}
[TEST] {2} tested=100/8723 | kept=4 | rest=17346
[DEBUG] mihomo start-fail | branch={4} | size=4361 | parse=1 | rc=1 | names=[免费节点10] 🇬🇧 GB 52 → tg@nicevpn123,[免费节点10] 🇬🇧 GB 53 → tg@nicevpn123,[免费节点10] 🇬🇧 GB 54 → tg@nicevpn123...+4358 | err=rc=1 Mihomo exited before controller became ready time="2026-09-28T11:33:37.332803595Z" level=info msg="Start initial configuration in progress" time="2026-09-28T11:33:37.417432647Z" level=fatal msg="Parse config error: proxy 1994: '' ha...
[WARN] batch start failed | size=4361 {4} | split=2180 {6} + 2181 {7}
[DEBUG] mihomo start-fail | branch={5} | size=4362 | parse=1 | rc=1 | names=[Epodonios] EPODONIOS-604,[Epodonios] EPODONIOS-605,[Epodonios] EPODONIOS-606...+4359 | err=rc=1 Mihomo exited before controller became ready time="2026-09-28T11:33:37.247622073Z" level=info msg="Start initial configuration in progress" time="2026-09-28T11:33:37.446507768Z" level=fatal msg="Parse config error: proxy 3851: '' ha...
[WARN] batch start failed | size=4362 {5} | split=2181 {8} + 2181 {9}
[DEBUG] mihomo start-fail | branch={7} | size=2181 | parse=1 | rc=1 | names=[Pawdroid-SR-APK] 法国+巴黎Online+S.A.S-11,[Pawdroid-SR-APK] 法国+巴黎Online+S.A.S-12,[Pawdroid-SR-APK] 法国+巴黎Online+S.A.S-13...+2178 | err=rc=1 Mihomo exited before controller became ready time="2026-09-28T11:33:38.570463865Z" level=info msg="Start initial configuration in progress" time="2026-09-28T11:33:38.599800425Z" level=fatal msg="Parse config error: proxy 592: ss 82....
[WARN] batch start failed | size=2181 {7} | split=1090 {10} + 1091 {11}
[DEBUG] mihomo start-fail | branch={6} | size=2180 | parse=1 | rc=1 | names=[免费节点10] 🇬🇧 GB 52 → tg@nicevpn123,[免费节点10] 🇬🇧 GB 53 → tg@nicevpn123,[免费节点10] 🇬🇧 GB 54 → tg@nicevpn123...+2177 | err=rc=1 Mihomo exited before controller became ready time="2026-09-28T11:33:38.616070254Z" level=info msg="Start initial configuration in progress" time="2026-09-28T11:33:38.680678165Z" level=fatal msg="Parse config error: proxy 1994: '' ha...
[WARN] batch start failed | size=2180 {6} | split=1090 {12} + 1090 {13}
[DEBUG] mihomo start-fail | branch={10} | size=1090 | parse=1 | rc=1 | names=[Pawdroid-SR-APK] 法国+巴黎Online+S.A.S-11,[Pawdroid-SR-APK] 法国+巴黎Online+S.A.S-12,[Pawdroid-SR-APK] 法国+巴黎Online+S.A.S-13...+1087 | err=rc=1 Mihomo exited before controller became ready time="2026-09-28T11:33:39.195751754Z" level=info msg="Start initial configuration in progress" time="2026-09-28T11:33:39.217552814Z" level=fatal msg="Parse config error: proxy 592: ss 82....
[WARN] batch start failed | size=1090 {10} | split=545 {14} + 545 {15}
[DEBUG] mihomo start-fail | branch={9} | size=2181 | parse=1 | rc=1 | names=[Free-clash-v2ray] 🇫🇷FR_258|507KB/s 01,[Free-clash-v2ray] 🇫🇷FR_259|1.1MB/s|X001,[Free-clash-v2ray] 🇫🇷FR_260|329KB/s 01...+2178 | err=rc=1 Mihomo exited before controller became ready time="2026-09-28T11:33:39.461324846Z" level=info msg="Start initial configuration in progress" time="2026-09-28T11:33:39.524502361Z" level=fatal msg="Parse config error: proxy 1670: '' ha...
[WARN] batch start failed | size=2181 {9} | split=1090 {16} + 1091 {17}
[DEBUG] mihomo start-fail | branch={11} | size=1091 | parse=1 | rc=1 | names=[Pawdroid-SS-APK] Spain-28,[Pawdroid-SS-APK] vless-126,[Pawdroid-SS-APK] United+States-171...+1088 | err=rc=1 Mihomo exited before controller became ready time="2026-09-28T11:33:39.713465746Z" level=info msg="Start initial configuration in progress" time="2026-09-28T11:33:39.736006683Z" level=fatal msg="Parse config error: proxy 555: ss 78....
[WARN] batch start failed | size=1091 {11} | split=545 {18} + 546 {19}
[DEBUG] mihomo start-fail | branch={13} | size=1090 | parse=1 | rc=1 | names=[免费节点10] 🇺🇸 US 1930 → tg@nicevpn123,[免费节点10] 🇺🇸 US 1931 → tg@nicevpn123,[免费节点10] 🇺🇸 US 1932 → tg@nicevpn123...+1087 | err=rc=1 Mihomo exited before controller became ready time="2026-09-28T11:33:40.199001735Z" level=info msg="Start initial configuration in progress" time="2026-09-28T11:33:40.242073555Z" level=fatal msg="Parse config error: proxy 904: '' has...
[WARN] batch start failed | size=1090 {13} | split=545 {20} + 545 {21}
[TEST] {8} tested=100/2181 | kept=1 | rest=17209
[TEST] {14} tested=100/545 | kept=69 | rest=17007
[TEST] {8} tested=200/2181 | kept=7 | rest=16895
[TEST] {14} tested=200/545 | kept=117 | rest=16877
[TEST] {2} tested=200/8723 | kept=6 | rest=16739
[TEST] {14} tested=300/545 | kept=163 | rest=16623
[TEST] {14} tested=400/545 | kept=227 | rest=16490
[TEST] {8} tested=300/2181 | kept=7 | rest=16388
[TEST] {12} tested=100/1090 | kept=2 | rest=16265
[TEST] {8} tested=400/2181 | kept=9 | rest=16133
[TEST] {12} tested=200/1090 | kept=4 | rest=16047
[TEST] {14} tested=500/545 | kept=257 | rest=16009
[TEST] {2} tested=300/8723 | kept=8 | rest=15927
[TEST] {8} tested=500/2181 | kept=19 | rest=15926
[TEST] {14} tested=545/545 | kept=261 | rest=15730
[DEBUG] mihomo start-fail | branch={15} | size=545 | parse=1 | rc=1 | names=[Pawdroid-SS-APK] 巴西圣保罗+CloudFlare节点-2,[Pawdroid-SS-APK] 英国+V2CROSS.COM-4,[Pawdroid-SS-APK] 香港+Simcentric网络公司...+542 | err=rc=1 Mihomo exited before controller became ready time="2026-09-28T11:33:49.465004813Z" level=info msg="Start initial configuration in progress" time="2026-09-28T11:33:49.471785707Z" level=fatal msg="Parse config error: proxy 47: ss 82.3...
[WARN] batch start failed | size=545 {15} | split=272 {22} + 273 {23}
[TEST] {8} tested=600/2181 | kept=21 | rest=15716
[DEBUG] mihomo start-fail | branch={17} | size=1091 | parse=1 | rc=1 | names=[Free-clash-v2ray] 🇺🇸US_442|578KB/s|F003,[Free-clash-v2ray] 🇺🇸US_443|447KB/s|F003,[Free-clash-v2ray] 🇮🇹IT_37|1.6MB/s|A004-...+1088 | err=rc=1 Mihomo exited before controller became ready time="2026-09-28T11:33:49.921873763Z" level=info msg="Start initial configuration in progress" time="2026-09-28T11:33:49.942150944Z" level=fatal msg="Parse config error: proxy 580: '' has...
[WARN] batch start failed | size=1091 {17} | split=545 {24} + 546 {25}
[TEST] {12} tested=300/1090 | kept=4 | rest=15567
[TEST] {16} tested=100/1090 | kept=20 | rest=15355
[TEST] {12} tested=400/1090 | kept=5 | rest=15316
[TEST] {16} tested=200/1090 | kept=62 | rest=15190
[TEST] {8} tested=700/2181 | kept=22 | rest=15162
[TEST] {16} tested=300/1090 | kept=108 | rest=15022
[TEST] {12} tested=500/1090 | kept=5 | rest=14913
[TEST] {16} tested=400/1090 | kept=138 | rest=14891
[TEST] {16} tested=500/1090 | kept=157 | rest=14766
[TEST] {16} tested=600/1090 | kept=180 | rest=14642
[TEST] {16} tested=700/1090 | kept=196 | rest=14528
[TEST] {16} tested=800/1090 | kept=202 | rest=14415
[TEST] {16} tested=900/1090 | kept=208 | rest=14307
[TEST] {8} tested=800/2181 | kept=22 | rest=14182
[TEST] {2} tested=400/8723 | kept=8 | rest=14178
[TEST] {16} tested=1000/1090 | kept=238 | rest=14137
[TEST] {2} tested=500/8723 | kept=32 | rest=13994
[TEST] {8} tested=900/2181 | kept=22 | rest=13828
[TEST] {12} tested=600/1090 | kept=5 | rest=13742
[TEST] {12} tested=700/1090 | kept=5 | rest=13596
[TEST] {8} tested=1000/2181 | kept=22 | rest=13453
[TEST] {12} tested=800/1090 | kept=5 | rest=13422
[TEST] {8} tested=1100/2181 | kept=24 | rest=13287
[TEST] {2} tested=600/8723 | kept=45 | rest=13259
[TEST] {16} tested=1090/1090 | kept=281 | rest=13249
[DEBUG] mihomo start-fail | branch={19} | size=546 | parse=1 | rc=1 | names=[Epodonios] EPODONIOS-92,[Epodonios] EPODONIOS-93,[Epodonios] EPODONIOS-94...+543 | err=rc=1 Mihomo exited before controller became ready time="2026-09-28T11:33:57.599377460Z" level=info msg="Start initial configuration in progress" time="2026-09-28T11:33:57.599560035Z" level=fatal msg="Parse config error: proxy 10: ss 78.3...
[WARN] batch start failed | size=546 {19} | split=273 {26} + 273 {27}
[TEST] {2} tested=700/8723 | kept=45 | rest=13075
[TEST] {18} tested=100/545 | kept=2 | rest=12968
[TEST] {2} tested=800/8723 | kept=48 | rest=12896
[TEST] {8} tested=1200/2181 | kept=24 | rest=12795
[TEST] {12} tested=900/1090 | kept=5 | rest=12681
[TEST] {12} tested=1000/1090 | kept=5 | rest=12553
[TEST] {8} tested=1300/2181 | kept=26 | rest=12456
[TEST] {2} tested=900/8723 | kept=116 | rest=12367
[TEST] {8} tested=1400/2181 | kept=28 | rest=12314
[TEST] {18} tested=200/545 | kept=9 | rest=12103
[TEST] {2} tested=1000/8723 | kept=121 | rest=12077
[TEST] {8} tested=1500/2181 | kept=30 | rest=11916
[TEST] {12} tested=1090/1090 | kept=5 | rest=11825
[DEBUG] mihomo start-fail | branch={21} | size=545 | parse=1 | rc=1 | names=[免费节点10] 🇺🇸 US 741 → tg@nicevpn123,[免费节点10] 🇺🇸 US 742 → tg@nicevpn123,[免费节点10] 🇺🇸 US 743 → tg@nicevpn123...+542 | err=rc=1 Mihomo exited before controller became ready time="2026-09-28T11:34:05.626565725Z" level=info msg="Start initial configuration in progress" time="2026-09-28T11:34:05.640956042Z" level=fatal msg="Parse config error: proxy 359: '' has...
[WARN] batch start failed | size=545 {21} | split=272 {28} + 273 {29}
[TEST] {2} tested=1100/8723 | kept=124 | rest=11780
[TEST] {20} tested=100/545 | kept=0 | rest=11654
[TEST] {20} tested=200/545 | kept=0 | rest=11549
[TEST] {8} tested=1600/2181 | kept=31 | rest=11439
[TEST] {18} tested=300/545 | kept=27 | rest=11414
[TEST] {2} tested=1200/8723 | kept=124 | rest=11265
[TEST] {8} tested=1700/2181 | kept=31 | rest=11171
[TEST] {18} tested=400/545 | kept=38 | rest=10973
[TEST] {8} tested=1800/2181 | kept=40 | rest=10949
[TEST] {2} tested=1300/8723 | kept=124 | rest=10920
[TEST] {2} tested=1400/8723 | kept=124 | rest=10711
[TEST] {8} tested=1900/2181 | kept=52 | rest=10666
[TEST] {20} tested=300/545 | kept=0 | rest=10561
[TEST] {20} tested=400/545 | kept=0 | rest=10436
[TEST] {8} tested=2000/2181 | kept=71 | rest=10335
[TEST] {8} tested=2100/2181 | kept=88 | rest=10210
[TEST] {20} tested=500/545 | kept=0 | rest=10206
[TEST] {2} tested=1500/8723 | kept=129 | rest=10105
[TEST] {18} tested=500/545 | kept=62 | rest=10034
[TEST] {2} tested=1600/8723 | kept=200 | rest=9916
[TEST] {18} tested=545/545 | kept=62 | rest=9883
[DEBUG] mihomo start-fail | branch={22} | size=272 | parse=1 | rc=1 | names=[Pawdroid-SS-APK] 巴西圣保罗+CloudFlare节点-2,[Pawdroid-SS-APK] 英国+V2CROSS.COM-4,[Pawdroid-SS-APK] 香港+Simcentric网络公司...+269 | err=rc=1 Mihomo exited before controller became ready time="2026-09-28T11:34:14.542992011Z" level=info msg="Start initial configuration in progress" time="2026-09-28T11:34:14.549384509Z" level=fatal msg="Parse config error: proxy 47: ss 82.3...
[WARN] batch start failed | size=272 {22} | split=136 {30} + 136 {31}
[TEST] {23} tested=100/273 | kept=2 | rest=9764
[TEST] {8} tested=2181/2181 | kept=101 | rest=9669
[TEST] {24} tested=100/545 | kept=0 | rest=9520
[TEST] {20} tested=545/545 | kept=0 | rest=9484
[TEST] {24} tested=200/545 | kept=3 | rest=9412
[WARN] batch start failed | size=545 {20} | split=272 {32} + 273 {33}
[DEBUG] mihomo start-fail | branch={25} | size=546 | parse=1 | rc=1 | names=[Free-clash-v2ray] 🇺🇸US_640|1.5MB/s|P002,[Free-clash-v2ray] 🇺🇸US_642|336KB/s|T001,[Free-clash-v2ray] 🇺🇸US_643|213KB/s|A001...+543 | err=rc=1 Mihomo exited before controller became ready time="2026-09-28T11:34:16.589221416Z" level=info msg="Start initial configuration in progress" time="2026-09-28T11:34:16.597042752Z" level=fatal msg="Parse config error: proxy 35: '' has ...
[WARN] batch start failed | size=546 {25} | split=273 {34} + 273 {35}
[DEBUG] mihomo start-fail | branch={26} | size=273 | parse=1 | rc=1 | names=[Epodonios] EPODONIOS-92,[Epodonios] EPODONIOS-93,[Epodonios] EPODONIOS-94...+270 | err=rc=1 Mihomo exited before controller became ready time="2026-09-28T11:34:16.732984381Z" level=info msg="Start initial configuration in progress" time="2026-09-28T11:34:16.733391076Z" level=fatal msg="Parse config error: proxy 10: ss 78.3...
[WARN] batch start failed | size=273 {26} | split=136 {36} + 137 {37}
[TEST] {24} tested=300/545 | kept=34 | rest=9307
[TEST] {24} tested=400/545 | kept=73 | rest=9161
[TEST] {27} tested=100/273 | kept=0 | rest=9046
[TEST] {2} tested=1700/8723 | kept=223 | rest=8892
[TEST] {23} tested=200/273 | kept=15 | rest=8804
[TEST] {2} tested=1800/8723 | kept=240 | rest=8688
[TEST] {23} tested=273/273 | kept=15 | rest=8677
[DEBUG] mihomo start-fail | branch={29} | size=273 | parse=1 | rc=1 | names=[免费节点11] 🇭🇰 香港 08,[免费节点11] 🇭🇰 香港 09,[免费节点11] 芬兰 02...+270 | err=rc=1 Mihomo exited before controller became ready time="2026-09-28T11:34:21.266895842Z" level=info msg="Start initial configuration in progress" time="2026-09-28T11:34:21.274260269Z" level=fatal msg="Parse config error: proxy 87: '' has ...
[WARN] batch start failed | size=273 {29} | split=136 {38} + 137 {39}
[TEST] {24} tested=500/545 | kept=122 | rest=8661
[TEST] {28} tested=100/272 | kept=0 | rest=8541
[TEST] {27} tested=200/273 | kept=4 | rest=8438
[TEST] {24} tested=545/545 | kept=122 | rest=8338
[TEST] {28} tested=200/272 | kept=8 | rest=8318
[TEST] {31} tested=100/136 | kept=0 | rest=8216
[TEST] {27} tested=273/273 | kept=4 | rest=8155
[DEBUG] mihomo start-fail | branch={30} | size=136 | parse=1 | rc=1 | names=[Pawdroid-SS-APK] 巴西圣保罗+CloudFlare节点-2,[Pawdroid-SS-APK] 英国+V2CROSS.COM-4,[Pawdroid-SS-APK] 香港+Simcentric网络公司...+133 | err=rc=1 Mihomo exited before controller became ready time="2026-09-28T11:34:23.460216524Z" level=info msg="Start initial configuration in progress" time="2026-09-28T11:34:23.467346236Z" level=fatal msg="Parse config error: proxy 47: ss 82.3...
[WARN] batch start failed | size=136 {30} | split=68 {40} + 68 {41}
[TEST] {32} tested=100/272 | kept=0 | rest=8055
[TEST] {32} tested=200/272 | kept=0 | rest=7953
[TEST] {2} tested=1900/8723 | kept=262 | rest=7911
[TEST] {2} tested=2000/8723 | kept=264 | rest=7809
[TEST] {28} tested=272/272 | kept=10 | rest=7696
[TEST] {33} tested=100/273 | kept=0 | rest=7573
[TEST] {31} tested=136/136 | kept=7 | rest=7476
[DEBUG] mihomo start-fail | branch={34} | size=273 | parse=1 | rc=1 | names=[Free-clash-v2ray] 🇺🇸US_640|1.5MB/s|P002,[Free-clash-v2ray] 🇺🇸US_642|336KB/s|T001,[Free-clash-v2ray] 🇺🇸US_643|213KB/s|A001...+270 | err=rc=1 Mihomo exited before controller became ready time="2026-09-28T11:34:27.786257220Z" level=info msg="Start initial configuration in progress" time="2026-09-28T11:34:27.793119047Z" level=fatal msg="Parse config error: proxy 35: '' has ...
[WARN] batch start failed | size=273 {34} | split=136 {42} + 137 {43}
[TEST] {2} tested=2100/8723 | kept=266 | rest=7359
[TEST] {35} tested=100/273 | kept=38 | rest=7342
[TEST] {32} tested=272/272 | kept=0 | rest=7246
[WARN] batch start failed | size=272 {32} | split=136 {44} + 136 {45}
[DEBUG] mihomo start-fail | branch={36} | size=136 | parse=1 | rc=1 | names=[Epodonios] EPODONIOS-92,[Epodonios] EPODONIOS-93,[Epodonios] EPODONIOS-94...+133 | err=rc=1 Mihomo exited before controller became ready time="2026-09-28T11:34:28.962360606Z" level=info msg="Start initial configuration in progress" time="2026-09-28T11:34:28.962529051Z" level=fatal msg="Parse config error: proxy 10: ss 78.3...
[WARN] batch start failed | size=136 {36} | split=68 {46} + 68 {47}
[DEBUG] mihomo start-fail | branch={37} | size=137 | parse=1 | rc=1 | names=[Epodonios] EPODONIOS-225,[Epodonios] EPODONIOS-226,[Epodonios] EPODONIOS-227...+134 | err=rc=1 Mihomo exited before controller became ready time="2026-09-28T11:34:29.102348479Z" level=info msg="Start initial configuration in progress" time="2026-09-28T11:34:29.104611253Z" level=fatal msg="Parse config error: proxy 63: 'realit...
[WARN] batch start failed | size=137 {37} | split=68 {48} + 69 {49}
[DEBUG] mihomo start-fail | branch={38} | size=136 | parse=1 | rc=1 | names=[免费节点11] 🇭🇰 香港 08,[免费节点11] 🇭🇰 香港 09,[免费节点11] 芬兰 02...+133 | err=rc=1 Mihomo exited before controller became ready time="2026-09-28T11:34:29.236881552Z" level=info msg="Start initial configuration in progress" time="2026-09-28T11:34:29.246130676Z" level=fatal msg="Parse config error: proxy 87: '' has ...
[WARN] batch start failed | size=136 {38} | split=68 {50} + 68 {51}
[DEBUG] mihomo start-fail | branch={39} | size=137 | parse=1 | rc=1 | names=[ChromeGO-Merge] None vmess 14,[ChromeGO-Merge] United States vmess 21,[ChromeGO-Merge] United States vmess 23...+134 | err=rc=1 Mihomo exited before controller became ready time="2026-09-28T11:34:29.372426783Z" level=info msg="Start initial configuration in progress" time="2026-09-28T11:34:29.381098535Z" level=fatal msg="Parse config error: proxy 23: '' has ...
[WARN] batch start failed | size=137 {39} | split=68 {52} + 69 {53}
[TEST] {35} tested=200/273 | kept=109 | rest=7073
[TEST] {2} tested=2200/8723 | kept=276 | rest=7014
[TEST] {33} tested=200/273 | kept=0 | rest=6991
[TEST] {33} tested=273/273 | kept=0 | rest=6909
[WARN] batch start failed | size=273 {33} | split=136 {54} + 137 {55}
[DEBUG] mihomo start-fail | branch={40} | size=68 | parse=1 | rc=1 | names=[Pawdroid-SS-APK] 巴西圣保罗+CloudFlare节点-2,[Pawdroid-SS-APK] 英国+V2CROSS.COM-4,[Pawdroid-SS-APK] 香港+Simcentric网络公司...+65 | err=rc=1 Mihomo exited before controller became ready time="2026-09-28T11:34:32.543716764Z" level=info msg="Start initial configuration in progress" time="2026-09-28T11:34:32.550713705Z" level=fatal msg="Parse config error: proxy 47: ss 82.3...
[WARN] batch start failed | size=68 {40} | split=34 {56} + 34 {57}
[DEBUG] mihomo start-fail | branch={42} | size=136 | parse=1 | rc=1 | names=[Free-clash-v2ray] 🇺🇸US_640|1.5MB/s|P002,[Free-clash-v2ray] 🇺🇸US_642|336KB/s|T001,[Free-clash-v2ray] 🇺🇸US_643|213KB/s|A001...+133 | err=rc=1 Mihomo exited before controller became ready time="2026-09-28T11:34:32.682863241Z" level=info msg="Start initial configuration in progress" time="2026-09-28T11:34:32.690076930Z" level=fatal msg="Parse config error: proxy 35: '' has ...
[WARN] batch start failed | size=136 {42} | split=68 {58} + 68 {59}
[TEST] {43} tested=100/137 | kept=27 | rest=6760
[TEST] {35} tested=273/273 | kept=131 | rest=6720
[TEST] {44} tested=100/136 | kept=0 | rest=6608
[TEST] {41} tested=68/68 | kept=2 | rest=6566
[TEST] {2} tested=2300/8723 | kept=279 | rest=6434
[TEST] {43} tested=137/137 | kept=38 | rest=6315
[TEST] {2} tested=2400/8723 | kept=296 | rest=6312
[TEST] {44} tested=136/136 | kept=0 | rest=6205
[WARN] batch start failed | size=136 {44} | split=68 {60} + 68 {61}
[DEBUG] mihomo start-fail | branch={46} | size=68 | parse=1 | rc=1 | names=[Epodonios] EPODONIOS-92,[Epodonios] EPODONIOS-93,[Epodonios] EPODONIOS-94...+65 | err=rc=1 Mihomo exited before controller became ready time="2026-09-28T11:34:39.534275338Z" level=info msg="Start initial configuration in progress" time="2026-09-28T11:34:39.534438725Z" level=fatal msg="Parse config error: proxy 10: ss 78.3...
[WARN] batch start failed | size=68 {46} | split=34 {62} + 34 {63}
[DEBUG] mihomo start-fail | branch={48} | size=68 | parse=1 | rc=1 | names=[Epodonios] EPODONIOS-225,[Epodonios] EPODONIOS-226,[Epodonios] EPODONIOS-227...+65 | err=rc=1 Mihomo exited before controller became ready time="2026-09-28T11:34:39.661606882Z" level=info msg="Start initial configuration in progress" time="2026-09-28T11:34:39.662846655Z" level=fatal msg="Parse config error: proxy 63: 'realit...
[WARN] batch start failed | size=68 {48} | split=34 {64} + 34 {65}
[TEST] {45} tested=100/136 | kept=0 | rest=6178
[TEST] {45} tested=136/136 | kept=0 | rest=6138
[WARN] batch start failed | size=136 {45} | split=68 {66} + 68 {67}
[TEST] {2} tested=2500/8723 | kept=296 | rest=6086
[TEST] {2} tested=2600/8723 | kept=298 | rest=5929
[TEST] {47} tested=68/68 | kept=5 | rest=5831
[DEBUG] mihomo start-fail | branch={51} | size=68 | parse=1 | rc=1 | names=[ChromeGO-ShiteThings] 节点3,[ChromeGO-ShiteThings] 节点5,[ChromeGO-ShiteThings] 节点7...+65 | err=rc=1 Mihomo exited before controller became ready time="2026-09-28T11:34:43.333803528Z" level=info msg="Start initial configuration in progress" time="2026-09-28T11:34:43.341071569Z" level=fatal msg="Parse config error: proxy 19: '' has ...
[WARN] batch start failed | size=68 {51} | split=34 {68} + 34 {69}
[TEST] {2} tested=2700/8723 | kept=299 | rest=5798
[TEST] {2} tested=2800/8723 | kept=299 | rest=5639
[TEST] {49} tested=69/69 | kept=0 | rest=5600
[WARN] batch start failed | size=69 {49} | split=34 {70} + 35 {71}
[DEBUG] mihomo start-fail | branch={52} | size=68 | parse=1 | rc=1 | names=[ChromeGO-Merge] None vmess 14,[ChromeGO-Merge] United States vmess 21,[ChromeGO-Merge] United States vmess 23...+65 | err=rc=1 Mihomo exited before controller became ready time="2026-09-28T11:34:45.119057203Z" level=info msg="Start initial configuration in progress" time="2026-09-28T11:34:45.126416382Z" level=fatal msg="Parse config error: proxy 23: '' has ...
[WARN] batch start failed | size=68 {52} | split=34 {72} + 34 {73}
[TEST] {55} tested=100/137 | kept=0 | rest=5450
[TEST] {2} tested=2900/8723 | kept=299 | rest=5378
[TEST] {50} tested=68/68 | kept=18 | rest=5373
[TEST] {53} tested=69/69 | kept=58 | rest=5281
[DEBUG] mihomo start-fail | branch={57} | size=34 | parse=1 | rc=1 | names=[Pawdroid-SS-APK] Singapore-4,[Pawdroid-SS-APK] United+States-7,[Pawdroid-SS-APK] Germany...+31 | err=rc=1 Mihomo exited before controller became ready time="2026-09-28T11:34:48.642032657Z" level=info msg="Start initial configuration in progress" time="2026-09-28T11:34:48.642231037Z" level=fatal msg="Parse config error: proxy 13: ss 82.3...
[WARN] batch start failed | size=34 {57} | split=17 {74} + 17 {75}
[TEST] {2} tested=3000/8723 | kept=305 | rest=5177
[TEST] {55} tested=137/137 | kept=0 | rest=5141
[WARN] batch start failed | size=137 {55} | split=68 {76} + 69 {77}
[DEBUG] mihomo start-fail | branch={58} | size=68 | parse=1 | rc=1 | names=[Free-clash-v2ray] 🇺🇸US_640|1.5MB/s|P002,[Free-clash-v2ray] 🇺🇸US_642|336KB/s|T001,[Free-clash-v2ray] 🇺🇸US_643|213KB/s|A001...+65 | err=rc=1 Mihomo exited before controller became ready time="2026-09-28T11:34:50.491532307Z" level=info msg="Start initial configuration in progress" time="2026-09-28T11:34:50.499621753Z" level=fatal msg="Parse config error: proxy 35: '' has ...
[WARN] batch start failed | size=68 {58} | split=34 {78} + 34 {79}
[TEST] {2} tested=3100/8723 | kept=309 | rest=5018
[TEST] {54} tested=100/136 | kept=0 | rest=4938
[TEST] {54} tested=136/136 | kept=0 | rest=4900
[WARN] batch start failed | size=136 {54} | split=68 {80} + 68 {81}
[TEST] {2} tested=3200/8723 | kept=311 | rest=4796
[TEST] {56} tested=34/34 | kept=0 | rest=4768
[WARN] batch start failed | size=34 {56} | split=17 {82} + 17 {83}
[TEST] {2} tested=3300/8723 | kept=313 | rest=4607
[TEST] {59} tested=68/68 | kept=34 | rest=4514
[DEBUG] mihomo start-fail | branch={62} | size=34 | parse=1 | rc=1 | names=[Epodonios] EPODONIOS-92,[Epodonios] EPODONIOS-93,[Epodonios] EPODONIOS-94...+31 | err=rc=1 Mihomo exited before controller became ready time="2026-09-28T11:34:55.792557950Z" level=info msg="Start initial configuration in progress" time="2026-09-28T11:34:55.792840196Z" level=fatal msg="Parse config error: proxy 10: ss 78.3...
[WARN] batch start failed | size=34 {62} | split=17 {84} + 17 {85}
[TEST] {2} tested=3400/8723 | kept=314 | rest=4461
[TEST] {2} tested=3500/8723 | kept=314 | rest=4361
[TEST] {61} tested=68/68 | kept=0 | rest=4340
[WARN] batch start failed | size=68 {61} | split=34 {86} + 34 {87}
[TEST] {60} tested=68/68 | kept=0 | rest=4292
[WARN] batch start failed | size=68 {60} | split=34 {88} + 34 {89}
[DEBUG] mihomo start-fail | branch={65} | size=34 | parse=1 | rc=1 | names=[Epodonios] EPODONIOS-258,[Epodonios] EPODONIOS-259,[Epodonios] EPODONIOS-260...+31 | err=rc=1 Mihomo exited before controller became ready time="2026-09-28T11:34:59.078186636Z" level=info msg="Start initial configuration in progress" time="2026-09-28T11:34:59.078923640Z" level=fatal msg="Parse config error: proxy 29: 'realit...
[WARN] batch start failed | size=34 {65} | split=17 {90} + 17 {91}
[TEST] {2} tested=3600/8723 | kept=314 | rest=4190
[TEST] {63} tested=34/34 | kept=1 | rest=4100
[TEST] {2} tested=3700/8723 | kept=314 | rest=4072
[TEST] {64} tested=34/34 | kept=0 | rest=3959
[WARN] batch start failed | size=34 {64} | split=17 {92} + 17 {93}
[DEBUG] mihomo start-fail | branch={68} | size=34 | parse=1 | rc=1 | names=[ChromeGO-ShiteThings] 节点3,[ChromeGO-ShiteThings] 节点5,[ChromeGO-ShiteThings] 节点7...+31 | err=rc=1 Mihomo exited before controller became ready time="2026-09-28T11:35:03.651801430Z" level=info msg="Start initial configuration in progress" time="2026-09-28T11:35:03.658877651Z" level=fatal msg="Parse config error: proxy 19: '' has ...
[WARN] batch start failed | size=34 {68} | split=17 {94} + 17 {95}
[DEBUG] mihomo start-fail | branch={69} | size=34 | parse=1 | rc=1 | names=[ChromeGO-Merge] United States_hy2_1,[ChromeGO-Merge] United,[ChromeGO-Merge] France_hysteria_1...+31 | err=rc=1 Mihomo exited before controller became ready time="2026-09-28T11:35:03.776021077Z" level=info msg="Start initial configuration in progress" time="2026-09-28T11:35:03.782442610Z" level=fatal msg="Parse config error: proxy 1: '' has u...
[WARN] batch start failed | size=34 {69} | split=17 {96} + 17 {97}
[TEST] {66} tested=68/68 | kept=0 | rest=3907
[WARN] batch start failed | size=68 {66} | split=34 {98} + 34 {99}
[TEST] {2} tested=3800/8723 | kept=316 | rest=3839
[TEST] {67} tested=68/68 | kept=0 | rest=3805
[WARN] batch start failed | size=68 {67} | split=34 {100} + 34 {101}
[DEBUG] mihomo start-fail | branch={72} | size=34 | parse=1 | rc=1 | names=[ChromeGO-Merge] None vmess 14,[ChromeGO-Merge] United States vmess 21,[ChromeGO-Merge] United States vmess 23...+31 | err=rc=1 Mihomo exited before controller became ready time="2026-09-28T11:35:06.407439358Z" level=info msg="Start initial configuration in progress" time="2026-09-28T11:35:06.414523842Z" level=fatal msg="Parse config error: proxy 23: '' has ...
[WARN] batch start failed | size=34 {72} | split=17 {102} + 17 {103}
[TEST] {2} tested=3900/8723 | kept=325 | rest=3687
[TEST] {71} tested=35/35 | kept=0 | rest=3624
[WARN] batch start failed | size=35 {71} | split=17 {104} + 18 {105}
[DEBUG] mihomo start-fail | branch={74} | size=17 | parse=1 | rc=1 | names=[Pawdroid-SS-APK] Singapore-4,[Pawdroid-SS-APK] United+States-7,[Pawdroid-SS-APK] Germany...+14 | err=rc=1 Mihomo exited before controller became ready time="2026-09-28T11:35:09.049248899Z" level=info msg="Start initial configuration in progress" time="2026-09-28T11:35:09.049444014Z" level=fatal msg="Parse config error: proxy 13: ss 82.3...
[WARN] batch start failed | size=17 {74} | split=8 {106} + 9 {107}
[TEST] {70} tested=34/34 | kept=0 | rest=3607
[WARN] batch start failed | size=34 {70} | split=17 {108} + 17 {109}
[TEST] {2} tested=4000/8723 | kept=347 | rest=3509
[TEST] {73} tested=34/34 | kept=29 | rest=3500
[TEST] {2} tested=4100/8723 | kept=347 | rest=3351
[TEST] {75} tested=17/17 | kept=2 | rest=3338
[TEST] {76} tested=68/68 | kept=0 | rest=3302
[WARN] batch start failed | size=68 {76} | split=34 {110} + 34 {111}
[DEBUG] mihomo start-fail | branch={79} | size=34 | parse=1 | rc=1 | names=[Free-clash-v2ray] 🇷🇴RO_3|2.2MB/s|X001-2,[Free-clash-v2ray] hysteria,[Free-clash-v2ray] 🇫🇮FI_1|387KB/s|M002-2...+31 | err=rc=1 Mihomo exited before controller became ready time="2026-09-28T11:35:14.722666293Z" level=info msg="Start initial configuration in progress" time="2026-09-28T11:35:14.729392219Z" level=fatal msg="Parse config error: proxy 1: '' has u...
[WARN] batch start failed | size=34 {79} | split=17 {112} + 17 {113}
[TEST] {77} tested=69/69 | kept=0 | rest=3186
[WARN] batch start failed | size=69 {77} | split=34 {114} + 35 {115}
[TEST] {2} tested=4200/8723 | kept=347 | rest=3099
[TEST] {78} tested=34/34 | kept=7 | rest=3080
[TEST] {80} tested=68/68 | kept=0 | rest=3025
[WARN] batch start failed | size=68 {80} | split=34 {116} + 34 {117}
[TEST] {81} tested=68/68 | kept=0 | rest=2942
[WARN] batch start failed | size=68 {81} | split=34 {118} + 34 {119}
[DEBUG] mihomo start-fail | branch={84} | size=17 | parse=1 | rc=1 | names=[Epodonios] EPODONIOS-92,[Epodonios] EPODONIOS-93,[Epodonios] EPODONIOS-94...+14 | err=rc=1 Mihomo exited before controller became ready time="2026-09-28T11:35:22.039273997Z" level=info msg="Start initial configuration in progress" time="2026-09-28T11:35:22.039473939Z" level=fatal msg="Parse config error: proxy 10: ss 78.3...
[WARN] batch start failed | size=17 {84} | split=8 {120} + 9 {121}
[TEST] {2} tested=4300/8723 | kept=347 | rest=2916
[TEST] {83} tested=17/17 | kept=1 | rest=2852
[TEST] {82} tested=17/17 | kept=0 | rest=2782
[WARN] batch start failed | size=17 {82} | split=8 {122} + 9 {123}
[TEST] {2} tested=4400/8723 | kept=347 | rest=2735
[TEST] {85} tested=17/17 | kept=0 | rest=2703
[WARN] batch start failed | size=17 {85} | split=8 {124} + 9 {125}
[TEST] {86} tested=34/34 | kept=0 | rest=2618
[WARN] batch start failed | size=34 {86} | split=17 {126} + 17 {127}
[TEST] {89} tested=34/34 | kept=0 | rest=2577
[WARN] batch start failed | size=34 {89} | split=17 {128} + 17 {129}
[TEST] {2} tested=4500/8723 | kept=347 | rest=2553
[TEST] {87} tested=34/34 | kept=0 | rest=2547
[WARN] batch start failed | size=34 {87} | split=17 {130} + 17 {131}
[DEBUG] mihomo start-fail | branch={91} | size=17 | parse=1 | rc=1 | names=[Epodonios] EPODONIOS-275,[Epodonios] EPODONIOS-276,[Epodonios] EPODONIOS-277...+14 | err=rc=1 Mihomo exited before controller became ready time="2026-09-28T11:35:30.320771394Z" level=info msg="Start initial configuration in progress" time="2026-09-28T11:35:30.321096114Z" level=fatal msg="Parse config error: proxy 12: 'realit...
[WARN] batch start failed | size=17 {91} | split=8 {132} + 9 {133}
[TEST] {88} tested=34/34 | kept=0 | rest=2474
[WARN] batch start failed | size=34 {88} | split=17 {134} + 17 {135}
[TEST] {2} tested=4600/8723 | kept=347 | rest=2414
[TEST] {90} tested=17/17 | kept=1 | rest=2400
[TEST] {92} tested=17/17 | kept=0 | rest=2370
[WARN] batch start failed | size=17 {92} | split=8 {136} + 9 {137}
[DEBUG] mihomo start-fail | branch={95} | size=17 | parse=1 | rc=1 | names=[ChromeGO-ShiteThings] cf.tencentapp.cn,[ChromeGO-ShiteThings] cloudflare-dl.byo,[ChromeGO-ShiteThings] hysteria...+14 | err=rc=1 Mihomo exited before controller became ready time="2026-09-28T11:35:35.575339302Z" level=info msg="Start initial configuration in progress" time="2026-09-28T11:35:35.575489649Z" level=fatal msg="Parse config error: proxy 2: '' has u...
[WARN] batch start failed | size=17 {95} | split=8 {138} + 9 {139}
[DEBUG] mihomo start-fail | branch={96} | size=17 | parse=1 | rc=1 | names=[ChromeGO-Merge] United States_hy2_1,[ChromeGO-Merge] United,[ChromeGO-Merge] France_hysteria_1...+14 | err=rc=1 Mihomo exited before controller became ready time="2026-09-28T11:35:35.697860044Z" level=info msg="Start initial configuration in progress" time="2026-09-28T11:35:35.704410315Z" level=fatal msg="Parse config error: proxy 1: '' has u...
[WARN] batch start failed | size=17 {96} | split=8 {140} + 9 {141}
[TEST] {93} tested=17/17 | kept=0 | rest=2319
[WARN] batch start failed | size=17 {93} | split=8 {142} + 9 {143}
[TEST] {2} tested=4700/8723 | kept=347 | rest=2262
[TEST] {94} tested=17/17 | kept=7 | rest=2213
[TEST] {97} tested=17/17 | kept=0 | rest=2167
[WARN] batch start failed | size=17 {97} | split=8 {144} + 9 {145}
[TEST] {99} tested=34/34 | kept=0 | rest=2097
[WARN] batch start failed | size=34 {99} | split=17 {146} + 17 {147}
[TEST] {2} tested=4800/8723 | kept=347 | rest=2091
[TEST] {98} tested=34/34 | kept=0 | rest=1983
[WARN] batch start failed | size=34 {98} | split=17 {148} + 17 {149}
[TEST] {100} tested=34/34 | kept=0 | rest=1944
[WARN] batch start failed | size=34 {100} | split=17 {150} + 17 {151}
[DEBUG] mihomo start-fail | branch={103} | size=17 | parse=1 | rc=1 | names=[ChromeGO-Merge] United States ss 81,[ChromeGO-Merge] Taiwan hysteria 91,[ChromeGO-Merge] United States hysteria ...+14 | err=rc=1 Mihomo exited before controller became ready time="2026-09-28T11:35:46.113855584Z" level=info msg="Start initial configuration in progress" time="2026-09-28T11:35:46.120397432Z" level=fatal msg="Parse config error: proxy 6: '' has u...
[WARN] batch start failed | size=17 {103} | split=8 {152} + 9 {153}
[TEST] {2} tested=4900/8723 | kept=347 | rest=1915
[TEST] {101} tested=34/34 | kept=0 | rest=1888
[WARN] batch start failed | size=34 {101} | split=17 {154} + 17 {155}
[TEST] {2} tested=5000/8723 | kept=347 | rest=1789
[TEST] {102} tested=17/17 | kept=0 | rest=1788
[WARN] batch start failed | size=17 {102} | split=8 {156} + 9 {157}
[TEST] {104} tested=17/17 | kept=0 | rest=1768
[WARN] batch start failed | size=17 {104} | split=8 {158} + 9 {159}
[DEBUG] mihomo start-fail | branch={107} | size=9 | parse=1 | rc=1 | names=[Pawdroid-SS-APK] Poland-6,[Pawdroid-SS-APK] United+Kingdom,[Pawdroid-SS-APK] United+Kingdom-2...+6 | err=rc=1 Mihomo exited before controller became ready time="2026-09-28T11:35:51.373480058Z" level=info msg="Start initial configuration in progress" time="2026-09-28T11:35:51.373593399Z" level=fatal msg="Parse config error: proxy 5: ss 82.38...
[WARN] batch start failed | size=9 {107} | split=4 {160} + 5 {161}
[TEST] {105} tested=18/18 | kept=0 | rest=1717
[WARN] batch start failed | size=18 {105} | split=9 {162} + 9 {163}
[TEST] {2} tested=5100/8723 | kept=347 | rest=1645
[TEST] {106} tested=8/8 | kept=0 | rest=1626
[DEBUG] mihomo split-small | branch={106} | size=8 | parse=0 | names=[Pawdroid-SS-APK] Singapore-4,[Pawdroid-SS-APK] United+States-7,[Pawdroid-SS-APK] Germany...+5 | err=-
[WARN] batch start failed | size=8 {106} | split=1 {164} + 1 {165} + 1 {166} + 1 {167} + 1 {168} + 1 {169} + 1 {170} + 1 {171}
[TEST] {108} tested=17/17 | kept=0 | rest=1575
[WARN] batch start failed | size=17 {108} | split=8 {172} + 9 {173}
[TEST] {109} tested=17/17 | kept=0 | rest=1508
[WARN] batch start failed | size=17 {109} | split=8 {174} + 9 {175}
[DEBUG] mihomo start-fail | branch={112} | size=17 | parse=1 | rc=1 | names=[Free-clash-v2ray] 🇷🇴RO_3|2.2MB/s|X001-2,[Free-clash-v2ray] hysteria,[Free-clash-v2ray] 🇫🇮FI_1|387KB/s|M002-2...+14 | err=rc=1 Mihomo exited before controller became ready time="2026-09-28T11:35:58.160786855Z" level=info msg="Start initial configuration in progress" time="2026-09-28T11:35:58.167777973Z" level=fatal msg="Parse config error: proxy 1: '' has u...
[WARN] batch start failed | size=17 {112} | split=8 {176} + 9 {177}
[TEST] {2} tested=5200/8723 | kept=347 | rest=1480
[TEST] {110} tested=34/34 | kept=0 | rest=1424
[WARN] batch start failed | size=34 {110} | split=17 {178} + 17 {179}
[TEST] {111} tested=34/34 | kept=0 | rest=1379
[WARN] batch start failed | size=34 {111} | split=17 {180} + 17 {181}
[TEST] {2} tested=5300/8723 | kept=347 | rest=1307
[TEST] {113} tested=17/17 | kept=7 | rest=1298
[TEST] {114} tested=34/34 | kept=0 | rest=1208
[WARN] batch start failed | size=34 {114} | split=17 {182} + 17 {183}
[TEST] {115} tested=35/35 | kept=0 | rest=1166
[WARN] batch start failed | size=35 {115} | split=17 {184} + 18 {185}
[TEST] {2} tested=5400/8723 | kept=347 | rest=1123
[TEST] {117} tested=34/34 | kept=0 | rest=1096
[WARN] batch start failed | size=34 {117} | split=17 {186} + 17 {187}
[TEST] {116} tested=34/34 | kept=0 | rest=996
[WARN] batch start failed | size=34 {116} | split=17 {188} + 17 {189}
[TEST] {2} tested=5500/8723 | kept=347 | rest=974
[TEST] {118} tested=34/34 | kept=0 | rest=953
[WARN] batch start failed | size=34 {118} | split=17 {190} + 17 {191}
[DEBUG] mihomo start-fail | branch={121} | size=9 | parse=1 | rc=1 | names=[Epodonios] EPODONIOS-100,[Epodonios] EPODONIOS-101,[Epodonios] EPODONIOS-102...+6 | err=rc=1 Mihomo exited before controller became ready time="2026-09-28T11:36:12.088826007Z" level=info msg="Start initial configuration in progress" time="2026-09-28T11:36:12.088908632Z" level=fatal msg="Parse config error: proxy 2: ss 78.38...
[WARN] batch start failed | size=9 {121} | split=4 {192} + 5 {193}
[TEST] {119} tested=34/34 | kept=0 | rest=875
[WARN] batch start failed | size=34 {119} | split=17 {194} + 17 {195}
[TEST] {2} tested=5600/8723 | kept=347 | rest=844
[TEST] {2} tested=5700/8723 | kept=347 | rest=743
[TEST] {120} tested=8/8 | kept=0 | rest=732
[DEBUG] mihomo split-small | branch={120} | size=8 | parse=0 | names=[Epodonios] EPODONIOS-92,[Epodonios] EPODONIOS-93,[Epodonios] EPODONIOS-94...+5 | err=-
[WARN] batch start failed | size=8 {120} | split=1 {196} + 1 {197} + 1 {198} + 1 {199} + 1 {200} + 1 {201} + 1 {202} + 1 {203}
[TEST] {122} tested=8/8 | kept=0 | rest=697
[DEBUG] mihomo split-small | branch={122} | size=8 | parse=0 | names=[Pawdroid-SS-APK] 巴西圣保罗+CloudFlare节点-2,[Pawdroid-SS-APK] 英国+V2CROSS.COM-4,[Pawdroid-SS-APK] 香港+Simcentric网络公司...+5 | err=-
[WARN] batch start failed | size=8 {122} | split=1 {204} + 1 {205} + 1 {206} + 1 {207} + 1 {208} + 1 {209} + 1 {210} + 1 {211}
[TEST] {2} tested=5800/8723 | kept=347 | rest=621
[TEST] {123} tested=9/9 | kept=0 | rest=605
[WARN] batch start failed | size=9 {123} | split=4 {212} + 5 {213}
[TEST] {124} tested=8/8 | kept=0 | rest=499
[DEBUG] mihomo split-small | branch={124} | size=8 | parse=0 | names=[Epodonios] EPODONIOS-109,[Epodonios] EPODONIOS-110,[Epodonios] EPODONIOS-111...+5 | err=-
[WARN] batch start failed | size=8 {124} | split=1 {214} + 1 {215} + 1 {216} + 1 {217} + 1 {218} + 1 {219} + 1 {220} + 1 {221}
[TEST] {2} tested=5900/8723 | kept=347 | rest=495
[TEST] {126} tested=17/17 | kept=0 | rest=475
[WARN] batch start failed | size=17 {126} | split=8 {222} + 9 {223}
[TEST] {129} tested=17/17 | kept=0 | rest=450
[WARN] batch start failed | size=17 {129} | split=8 {224} + 9 {225}
[TEST] {128} tested=17/17 | kept=0 | rest=431
[WARN] batch start failed | size=17 {128} | split=8 {226} + 9 {227}
[TEST] {125} tested=9/9 | kept=0 | rest=396
[WARN] batch start failed | size=9 {125} | split=4 {228} + 5 {229}
[TEST] {127} tested=17/17 | kept=0 | rest=332
[WARN] batch start failed | size=17 {127} | split=8 {230} + 9 {231}
[TEST] {2} tested=6000/8723 | kept=347 | rest=302
[TEST] {2} tested=6100/8723 | kept=347 | rest=202
[TEST] {2} tested=6200/8723 | kept=347 | rest=102
[TEST] {130} tested=17/17 | kept=0 | rest=89
[WARN] batch start failed | size=17 {130} | split=8 {232} + 9 {233}
[DEBUG] mihomo start-fail | branch={133} | size=9 | parse=1 | rc=1 | names=[Epodonios] EPODONIOS-283,[Epodonios] EPODONIOS-284,[Epodonios] EPODONIOS-285...+6 | err=rc=1 Mihomo exited before controller became ready time="2026-09-28T11:36:27.077693553Z" level=info msg="Start initial configuration in progress" time="2026-09-28T11:36:27.077865242Z" level=fatal msg="Parse config error: proxy 4: 'reality...
[WARN] batch start failed | size=9 {133} | split=4 {234} + 5 {235}
[TEST] {134} tested=17/17 | kept=0 | rest=66
[WARN] batch start failed | size=17 {134} | split=8 {236} + 9 {237}
[TEST] {131} tested=17/17 | kept=0 | rest=29
[WARN] batch start failed | size=17 {131} | split=8 {238} + 9 {239}
[TEST] {137} tested=9/9 | kept=0 | rest=17
[WARN] batch start failed | size=9 {137} | split=4 {240} + 5 {241}
[TEST] {2} tested=6300/8723 | kept=347 | rest=0
[TEST] {132} tested=8/8 | kept=0 | rest=0
[DEBUG] mihomo split-small | branch={132} | size=8 | parse=0 | names=[Epodonios] EPODONIOS-275,[Epodonios] EPODONIOS-276,[Epodonios] EPODONIOS-277...+5 | err=-
[WARN] batch start failed | size=8 {132} | split=1 {242} + 1 {243} + 1 {244} + 1 {245} + 1 {246} + 1 {247} + 1 {248} + 1 {249}
[TEST] {2} tested=6400/8723 | kept=347 | rest=0
[TEST] {135} tested=17/17 | kept=0 | rest=0
[WARN] batch start failed | size=17 {135} | split=8 {250} + 9 {251}
[DEBUG] mihomo start-fail | branch={138} | size=8 | parse=1 | rc=1 | names=[ChromeGO-ShiteThings] cf.tencentapp.cn,[ChromeGO-ShiteThings] cloudflare-dl.byo,[ChromeGO-ShiteThings] hysteria...+5 | err=rc=1 Mihomo exited before controller became ready time="2026-09-28T11:36:32.486103820Z" level=info msg="Start initial configuration in progress" time="2026-09-28T11:36:32.486393988Z" level=fatal msg="Parse config error: proxy 2: '' has u...
[DEBUG] mihomo split-small | branch={138} | size=8 | parse=1 | names=[ChromeGO-ShiteThings] cf.tencentapp.cn,[ChromeGO-ShiteThings] cloudflare-dl.byo,[ChromeGO-ShiteThings] hysteria...+5 | err=Mihomo exited before controller became ready time="2026-09-28T11:36:32.486103820Z" level=info msg="Start initial configuration in progress" time="2026-09-28T11:36:32.486393988Z" level=fatal msg="Parse config error: proxy 2: '' has unset ...
[WARN] batch start failed | size=8 {138} | split=1 {252} + 1 {253} + 1 {254} + 1 {255} + 1 {256} + 1 {257} + 1 {258} + 1 {259}
[DEBUG] mihomo start-fail | branch={140} | size=8 | parse=1 | rc=1 | names=[ChromeGO-Merge] United States_hy2_1,[ChromeGO-Merge] United,[ChromeGO-Merge] France_hysteria_1...+5 | err=rc=1 Mihomo exited before controller became ready time="2026-09-28T11:36:32.608454541Z" level=info msg="Start initial configuration in progress" time="2026-09-28T11:36:32.615055712Z" level=fatal msg="Parse config error: proxy 1: '' has u...
[DEBUG] mihomo split-small | branch={140} | size=8 | parse=1 | names=[ChromeGO-Merge] United States_hy2_1,[ChromeGO-Merge] United,[ChromeGO-Merge] France_hysteria_1...+5 | err=Mihomo exited before controller became ready time="2026-09-28T11:36:32.608454541Z" level=info msg="Start initial configuration in progress" time="2026-09-28T11:36:32.615055712Z" level=fatal msg="Parse config error: proxy 1: '' has unset ...
[WARN] batch start failed | size=8 {140} | split=1 {260} + 1 {261} + 1 {262} + 1 {263} + 1 {264} + 1 {265} + 1 {266} + 1 {267}
[TEST] {136} tested=8/8 | kept=0 | rest=0
[DEBUG] mihomo split-small | branch={136} | size=8 | parse=0 | names=[Epodonios] EPODONIOS-225,[Epodonios] EPODONIOS-226,[Epodonios] EPODONIOS-227...+5 | err=-
[WARN] batch start failed | size=8 {136} | split=1 {268} + 1 {269} + 1 {270} + 1 {271} + 1 {272} + 1 {273} + 1 {274} + 1 {275}
[TEST] {139} tested=9/9 | kept=0 | rest=0
[WARN] batch start failed | size=9 {139} | split=4 {276} + 5 {277}
[TEST] {2} tested=6500/8723 | kept=347 | rest=0
[TEST] {2} tested=6600/8723 | kept=348 | rest=0
[TEST] {141} tested=9/9 | kept=0 | rest=0
[WARN] batch start failed | size=9 {141} | split=4 {278} + 5 {279}
[TEST] {142} tested=8/8 | kept=0 | rest=0
[DEBUG] mihomo split-small | branch={142} | size=8 | parse=0 | names=[Epodonios] EPODONIOS-242,[Epodonios] EPODONIOS-243,[Epodonios] Telegram---PLANB_NET---PLANB...+5 | err=-
[WARN] batch start failed | size=8 {142} | split=1 {280} + 1 {281} + 1 {282} + 1 {283} + 1 {284} + 1 {285} + 1 {286} + 1 {287}
[TEST] {143} tested=9/9 | kept=0 | rest=0
[WARN] batch start failed | size=9 {143} | split=4 {288} + 5 {289}
[TEST] {2} tested=6700/8723 | kept=348 | rest=0
[TEST] {145} tested=9/9 | kept=0 | rest=0
[WARN] batch start failed | size=9 {145} | split=4 {290} + 5 {291}
[TEST] {144} tested=8/8 | kept=0 | rest=0
[DEBUG] mihomo split-small | branch={144} | size=8 | parse=0 | names=[ChromeGO-Merge] 🇺🇸 United States_hyster,[ChromeGO-Merge] 🇫🇷 France_hysteria2_0,[ChromeGO-Merge] 🇺🇸 United States_hyster...+5 | err=-
[WARN] batch start failed | size=8 {144} | split=1 {292} + 1 {293} + 1 {294} + 1 {295} + 1 {296} + 1 {297} + 1 {298} + 1 {299}
[TEST] {2} tested=6800/8723 | kept=348 | rest=0
[TEST] {147} tested=17/17 | kept=0 | rest=0
[WARN] batch start failed | size=17 {147} | split=8 {300} + 9 {301}
[TEST] {146} tested=17/17 | kept=0 | rest=0
[WARN] batch start failed | size=17 {146} | split=8 {302} + 9 {303}
[TEST] {2} tested=6900/8723 | kept=348 | rest=0
[TEST] {149} tested=17/17 | kept=0 | rest=0
[WARN] batch start failed | size=17 {149} | split=8 {304} + 9 {305}
[TEST] {148} tested=17/17 | kept=0 | rest=0
[WARN] batch start failed | size=17 {148} | split=8 {306} + 9 {307}
[TEST] {2} tested=7000/8723 | kept=348 | rest=0
[DEBUG] mihomo start-fail | branch={152} | size=8 | parse=1 | rc=1 | names=[ChromeGO-Merge] United States ss 81,[ChromeGO-Merge] Taiwan hysteria 91,[ChromeGO-Merge] United States hysteria ...+5 | err=rc=1 Mihomo exited before controller became ready time="2026-09-28T11:36:49.667163120Z" level=info msg="Start initial configuration in progress" time="2026-09-28T11:36:49.673785607Z" level=fatal msg="Parse config error: proxy 6: '' has u...
[DEBUG] mihomo split-small | branch={152} | size=8 | parse=1 | names=[ChromeGO-Merge] United States ss 81,[ChromeGO-Merge] Taiwan hysteria 91,[ChromeGO-Merge] United States hysteria ...+5 | err=Mihomo exited before controller became ready time="2026-09-28T11:36:49.667163120Z" level=info msg="Start initial configuration in progress" time="2026-09-28T11:36:49.673785607Z" level=fatal msg="Parse config error: proxy 6: '' has unset ...
[WARN] batch start failed | size=8 {152} | split=1 {308} + 1 {309} + 1 {310} + 1 {311} + 1 {312} + 1 {313} + 1 {314} + 1 {315}
[DEBUG] mihomo start-fail | branch={153} | size=9 | parse=1 | rc=1 | names=[ChromeGO-Merge] United-4,[ChromeGO-Merge] Taiwan-2,[ChromeGO-Merge] United-5...+6 | err=rc=1 Mihomo exited before controller became ready time="2026-09-28T11:36:49.790052823Z" level=info msg="Start initial configuration in progress" time="2026-09-28T11:36:49.790113675Z" level=fatal msg="Parse config error: proxy 0: '' has u...
[WARN] batch start failed | size=9 {153} | split=4 {316} + 5 {317}
[TEST] {2} tested=7100/8723 | kept=348 | rest=0
[TEST] {151} tested=17/17 | kept=0 | rest=0
[WARN] batch start failed | size=17 {151} | split=8 {318} + 9 {319}
[TEST] {150} tested=17/17 | kept=0 | rest=0
[WARN] batch start failed | size=17 {150} | split=8 {320} + 9 {321}
[TEST] {156} tested=8/8 | kept=0 | rest=0
[DEBUG] mihomo split-small | branch={156} | size=8 | parse=0 | names=[ChromeGO-Merge] None vmess 14,[ChromeGO-Merge] United States vmess 21,[ChromeGO-Merge] United States vmess 23...+5 | err=-
[WARN] batch start failed | size=8 {156} | split=1 {322} + 1 {323} + 1 {324} + 1 {325} + 1 {326} + 1 {327} + 1 {328} + 1 {329}
[TEST] {2} tested=7200/8723 | kept=348 | rest=0
[TEST] {2} tested=7300/8723 | kept=348 | rest=0
[TEST] {2} tested=7400/8723 | kept=348 | rest=0
[TEST] {155} tested=17/17 | kept=0 | rest=0
[WARN] batch start failed | size=17 {155} | split=8 {330} + 9 {331}
[TEST] {154} tested=17/17 | kept=0 | rest=0
[WARN] batch start failed | size=17 {154} | split=8 {332} + 9 {333}
[TEST] {2} tested=7500/8723 | kept=348 | rest=0
[TEST] {157} tested=9/9 | kept=0 | rest=0
[WARN] batch start failed | size=9 {157} | split=4 {334} + 5 {335}
[TEST] {158} tested=8/8 | kept=0 | rest=0
[DEBUG] mihomo split-small | branch={158} | size=8 | parse=0 | names=[Epodonios] EPODONIOS-324,[Epodonios] EPODONIOS-325,[Epodonios] vless-2...+5 | err=-
[WARN] batch start failed | size=8 {158} | split=1 {336} + 1 {337} + 1 {338} + 1 {339} + 1 {340} + 1 {341} + 1 {342} + 1 {343}
[DEBUG] mihomo start-fail | branch={161} | size=5 | parse=1 | rc=1 | names=[Pawdroid-SS-APK] United+Kingdom-3,[Pawdroid-SS-APK] United+Kingdom-4,[Pawdroid-SS-APK] United+Kingdom-5...+2 | err=rc=1 Mihomo exited before controller became ready time="2026-09-28T11:37:00.181784721Z" level=info msg="Start initial configuration in progress" time="2026-09-28T11:37:00.181868417Z" level=fatal msg="Parse config error: proxy 1: ss 82.38...
[DEBUG] mihomo split-small | branch={161} | size=5 | parse=1 | names=[Pawdroid-SS-APK] United+Kingdom-3,[Pawdroid-SS-APK] United+Kingdom-4,[Pawdroid-SS-APK] United+Kingdom-5...+2 | err=Mihomo exited before controller became ready time="2026-09-28T11:37:00.181784721Z" level=info msg="Start initial configuration in progress" time="2026-09-28T11:37:00.181868417Z" level=fatal msg="Parse config error: proxy 1: ss 82.38.31.1...
[WARN] batch start failed | size=5 {161} | split=1 {344} + 1 {345} + 1 {346} + 1 {347} + 1 {348}
[TEST] {2} tested=7600/8723 | kept=348 | rest=0
[TEST] {159} tested=9/9 | kept=0 | rest=0
[WARN] batch start failed | size=9 {159} | split=4 {349} + 5 {350}
[TEST] {2} tested=7700/8723 | kept=364 | rest=0
[TEST] {160} tested=4/4 | kept=1 | rest=0
[TEST] {165} tested=1/1 | kept=0 | rest=0
[DEBUG] mihomo isolate | branch={165} | size=1 | parse=0 | names=[Pawdroid-SS-APK] United+States-7 | err=-
[DEBUG] mihomo drop | branch={165} | size=1 | parse=0 | names=[Pawdroid-SS-APK] United+States-7 | err=-
[DROP] name=[Pawdroid-SS-APK] United+States-7 {165} | server=154.53.63.33:80 | reason=mihomo start failed
[TEST] {162} tested=9/9 | kept=0 | rest=0
[WARN] batch start failed | size=9 {162} | split=4 {351} + 5 {352}
[TEST] {168} tested=1/1 | kept=0 | rest=0
[DEBUG] mihomo isolate | branch={168} | size=1 | parse=0 | names=[Pawdroid-SS-APK] United+States-8 | err=-
[DEBUG] mihomo drop | branch={168} | size=1 | parse=0 | names=[Pawdroid-SS-APK] United+States-8 | err=-
[DROP] name=[Pawdroid-SS-APK] United+States-8 {168} | server=154.12.242.150:443 | reason=mihomo start failed
[TEST] {166} tested=1/1 | kept=0 | rest=0
[DEBUG] mihomo isolate | branch={166} | size=1 | parse=0 | names=[Pawdroid-SS-APK] Germany | err=-
[DEBUG] mihomo drop | branch={166} | size=1 | parse=0 | names=[Pawdroid-SS-APK] Germany | err=-
[DROP] name=[Pawdroid-SS-APK] Germany {166} | server=62.146.171.57:80 | reason=mihomo start failed
[TEST] {164} tested=1/1 | kept=0 | rest=0
[DEBUG] mihomo isolate | branch={164} | size=1 | parse=0 | names=[Pawdroid-SS-APK] Singapore-4 | err=-
[DEBUG] mihomo drop | branch={164} | size=1 | parse=0 | names=[Pawdroid-SS-APK] Singapore-4 | err=-
[DROP] name=[Pawdroid-SS-APK] Singapore-4 {164} | server=194.233.94.119:80 | reason=mihomo start failed
[TEST] {169} tested=1/1 | kept=0 | rest=0
[DEBUG] mihomo isolate | branch={169} | size=1 | parse=0 | names=[Pawdroid-SS-APK] Singapore-5 | err=-
[DEBUG] mihomo drop | branch={169} | size=1 | parse=0 | names=[Pawdroid-SS-APK] Singapore-5 | err=-
[DROP] name=[Pawdroid-SS-APK] Singapore-5 {169} | server=194.233.94.119:443 | reason=mihomo start failed
[TEST] {171} tested=1/1 | kept=0 | rest=0
[DEBUG] mihomo isolate | branch={171} | size=1 | parse=0 | names=[Pawdroid-SS-APK] Germany-2 | err=-
[DEBUG] mihomo drop | branch={171} | size=1 | parse=0 | names=[Pawdroid-SS-APK] Germany-2 | err=-
[DROP] name=[Pawdroid-SS-APK] Germany-2 {171} | server=62.146.171.57:443 | reason=mihomo start failed
[TEST] {170} tested=1/1 | kept=0 | rest=0
[DEBUG] mihomo isolate | branch={170} | size=1 | parse=0 | names=[Pawdroid-SS-APK] United+States-9 | err=-
[DEBUG] mihomo drop | branch={170} | size=1 | parse=0 | names=[Pawdroid-SS-APK] United+States-9 | err=-
[DROP] name=[Pawdroid-SS-APK] United+States-9 {170} | server=154.12.242.150:80 | reason=mihomo start failed
[TEST] {2} tested=7800/8723 | kept=364 | rest=0
[TEST] {163} tested=9/9 | kept=0 | rest=0
[WARN] batch start failed | size=9 {163} | split=4 {353} + 5 {354}
[TEST] {167} tested=1/1 | kept=0 | rest=0
[DEBUG] mihomo isolate | branch={167} | size=1 | parse=0 | names=[Pawdroid-SS-APK] Canada-2 | err=-
[DEBUG] mihomo drop | branch={167} | size=1 | parse=0 | names=[Pawdroid-SS-APK] Canada-2 | err=-
[DROP] name=[Pawdroid-SS-APK] Canada-2 {167} | server=ca225.vpnbook.com:443 | reason=mihomo start failed
[TEST] {2} tested=7900/8723 | kept=364 | rest=0
[TEST] {173} tested=9/9 | kept=0 | rest=0
[WARN] batch start failed | size=9 {173} | split=4 {355} + 5 {356}
[TEST] {2} tested=8000/8723 | kept=365 | rest=0
[TEST] {172} tested=8/8 | kept=0 | rest=0
[DEBUG] mihomo split-small | branch={172} | size=8 | parse=0 | names=[Epodonios] EPODONIOS-292,[Epodonios] EPODONIOS-293,[Epodonios] EPODONIOS-294...+5 | err=-
[WARN] batch start failed | size=8 {172} | split=1 {357} + 1 {358} + 1 {359} + 1 {360} + 1 {361} + 1 {362} + 1 {363} + 1 {364}
[DEBUG] mihomo start-fail | branch={176} | size=8 | parse=1 | rc=1 | names=[Free-clash-v2ray] 🇷🇴RO_3|2.2MB/s|X001-2,[Free-clash-v2ray] hysteria,[Free-clash-v2ray] 🇫🇮FI_1|387KB/s|M002-2...+5 | err=rc=1 Mihomo exited before controller became ready time="2026-09-28T11:37:13.807571221Z" level=info msg="Start initial configuration in progress" time="2026-09-28T11:37:13.814905302Z" level=fatal msg="Parse config error: proxy 1: '' has u...
[DEBUG] mihomo split-small | branch={176} | size=8 | parse=1 | names=[Free-clash-v2ray] 🇷🇴RO_3|2.2MB/s|X001-2,[Free-clash-v2ray] hysteria,[Free-clash-v2ray] 🇫🇮FI_1|387KB/s|M002-2...+5 | err=Mihomo exited before controller became ready time="2026-09-28T11:37:13.807571221Z" level=info msg="Start initial configuration in progress" time="2026-09-28T11:37:13.814905302Z" level=fatal msg="Parse config error: proxy 1: '' has unset ...
[WARN] batch start failed | size=8 {176} | split=1 {365} + 1 {366} + 1 {367} + 1 {368} + 1 {369} + 1 {370} + 1 {371} + 1 {372}
[TEST] {174} tested=8/8 | kept=0 | rest=0
[DEBUG] mihomo split-small | branch={174} | size=8 | parse=0 | names=[Epodonios] EPODONIOS-307,[Epodonios] EPODONIOS-308,[Epodonios] EPODONIOS-309...+5 | err=-
[WARN] batch start failed | size=8 {174} | split=1 {373} + 1 {374} + 1 {375} + 1 {376} + 1 {377} + 1 {378} + 1 {379} + 1 {380}
[TEST] {2} tested=8100/8723 | kept=365 | rest=0
[TEST] {2} tested=8200/8723 | kept=365 | rest=0
[TEST] {175} tested=9/9 | kept=0 | rest=0
[WARN] batch start failed | size=9 {175} | split=4 {381} + 5 {382}
[TEST] {177} tested=9/9 | kept=6 | rest=0
[TEST] {178} tested=17/17 | kept=0 | rest=0
[WARN] batch start failed | size=17 {178} | split=8 {383} + 9 {384}
[TEST] {2} tested=8300/8723 | kept=365 | rest=0
[TEST] {2} tested=8400/8723 | kept=365 | rest=0
[TEST] {179} tested=17/17 | kept=0 | rest=0
[WARN] batch start failed | size=17 {179} | split=8 {385} + 9 {386}
[TEST] {180} tested=17/17 | kept=0 | rest=0
[WARN] batch start failed | size=17 {180} | split=8 {387} + 9 {388}
[TEST] {181} tested=17/17 | kept=0 | rest=0
[WARN] batch start failed | size=17 {181} | split=8 {389} + 9 {390}
[TEST] {2} tested=8500/8723 | kept=365 | rest=0
[TEST] {2} tested=8600/8723 | kept=365 | rest=0
[TEST] {183} tested=17/17 | kept=0 | rest=0
[WARN] batch start failed | size=17 {183} | split=8 {391} + 9 {392}
[TEST] {182} tested=17/17 | kept=0 | rest=0
[WARN] batch start failed | size=17 {182} | split=8 {393} + 9 {394}
[TEST] {185} tested=18/18 | kept=0 | rest=0
[WARN] batch start failed | size=18 {185} | split=9 {395} + 9 {396}
[TEST] {2} tested=8700/8723 | kept=366 | rest=0
[TEST] {184} tested=17/17 | kept=0 | rest=0
[WARN] batch start failed | size=17 {184} | split=8 {397} + 9 {398}
[TEST] {2} tested=8723/8723 | kept=366 | rest=0
[TEST] {187} tested=17/17 | kept=0 | rest=0
[WARN] batch start failed | size=17 {187} | split=8 {399} + 9 {400}
[TEST] {186} tested=17/17 | kept=0 | rest=0
[WARN] batch start failed | size=17 {186} | split=8 {401} + 9 {402}
[TEST] {188} tested=17/17 | kept=0 | rest=0
[WARN] batch start failed | size=17 {188} | split=8 {403} + 9 {404}
[DEBUG] mihomo start-fail | branch={192} | size=4 | parse=1 | rc=1 | names=[Epodonios] EPODONIOS-100,[Epodonios] EPODONIOS-101,[Epodonios] EPODONIOS-102...+1 | err=rc=1 Mihomo exited before controller became ready time="2026-09-28T11:37:38.916546099Z" level=info msg="Start initial configuration in progress" time="2026-09-28T11:37:38.916637897Z" level=fatal msg="Parse config error: proxy 2: ss 78.38...
[DEBUG] mihomo split-small | branch={192} | size=4 | parse=1 | names=[Epodonios] EPODONIOS-100,[Epodonios] EPODONIOS-101,[Epodonios] EPODONIOS-102...+1 | err=Mihomo exited before controller became ready time="2026-09-28T11:37:38.916546099Z" level=info msg="Start initial configuration in progress" time="2026-09-28T11:37:38.916637897Z" level=fatal msg="Parse config error: proxy 2: ss 78.38.246....
[WARN] batch start failed | size=4 {192} | split=1 {405} + 1 {406} + 1 {407} + 1 {408}
[TEST] {189} tested=17/17 | kept=0 | rest=0
[WARN] batch start failed | size=17 {189} | split=8 {409} + 9 {410}
[TEST] {190} tested=17/17 | kept=0 | rest=0
[WARN] batch start failed | size=17 {190} | split=8 {411} + 9 {412}
[TEST] {191} tested=17/17 | kept=0 | rest=0
[WARN] batch start failed | size=17 {191} | split=8 {413} + 9 {414}
[TEST] {193} tested=5/5 | kept=0 | rest=0
[DEBUG] mihomo split-small | branch={193} | size=5 | parse=0 | names=[Epodonios] EPODONIOS-104,[Epodonios] EPODONIOS-105,[Epodonios] EPODONIOS-106...+2 | err=-
[WARN] batch start failed | size=5 {193} | split=1 {415} + 1 {416} + 1 {417} + 1 {418} + 1 {419}
[TEST] {195} tested=17/17 | kept=0 | rest=0
[WARN] batch start failed | size=17 {195} | split=8 {420} + 9 {421}
[TEST] {194} tested=17/17 | kept=0 | rest=0
[WARN] batch start failed | size=17 {194} | split=8 {422} + 9 {423}
[TEST] {196} tested=1/1 | kept=0 | rest=0
[DEBUG] mihomo isolate | branch={196} | size=1 | parse=0 | names=[Epodonios] EPODONIOS-92 | err=-
[DEBUG] mihomo drop | branch={196} | size=1 | parse=0 | names=[Epodonios] EPODONIOS-92 | err=-
[DROP] name=[Epodonios] EPODONIOS-92 {196} | server=151.236.4.154:8443 | reason=mihomo start failed
[TEST] {198} tested=1/1 | kept=0 | rest=0
[DEBUG] mihomo isolate | branch={198} | size=1 | parse=0 | names=[Epodonios] EPODONIOS-94 | err=-
[DEBUG] mihomo drop | branch={198} | size=1 | parse=0 | names=[Epodonios] EPODONIOS-94 | err=-
[DROP] name=[Epodonios] EPODONIOS-94 {198} | server=p1tun1.greewebservices.ir:2050 | reason=mihomo start failed
[TEST] {199} tested=1/1 | kept=0 | rest=0
[DEBUG] mihomo isolate | branch={199} | size=1 | parse=0 | names=[Epodonios] EPODONIOS-95 | err=-
[DEBUG] mihomo drop | branch={199} | size=1 | parse=0 | names=[Epodonios] EPODONIOS-95 | err=-
[DROP] name=[Epodonios] EPODONIOS-95 {199} | server=p1tun2.greewebservices.ir:2060 | reason=mihomo start failed
[TEST] {422} tested=8/8 | kept=0 | rest=0
[DEBUG] mihomo split-small | branch={422} | size=8 | parse=0 | names=[免费节点10] 🇺🇸 US 526 → tg@nicevpn123,[免费节点10] 🇺🇸 US 527 → tg@nicevpn123,[免费节点10] 🇺🇸 US 528 → tg@nicevpn123...+5 | err=-
[WARN] batch start failed | size=8 {422} | split=1 {424} + 1 {425} + 1 {426} + 1 {427} + 1 {428} + 1 {429} + 1 {430} + 1 {431}
[TEST] {203} tested=1/1 | kept=0 | rest=0
[DEBUG] mihomo isolate | branch={203} | size=1 | parse=0 | names=[Epodonios] EPODONIOS-99 | err=-
[DEBUG] mihomo drop | branch={203} | size=1 | parse=0 | names=[Epodonios] EPODONIOS-99 | err=-
[DROP] name=[Epodonios] EPODONIOS-99 {203} | server=178.95.176.16:1080 | reason=mihomo start failed
[TEST] {204} tested=1/1 | kept=0 | rest=0
[DEBUG] mihomo isolate | branch={204} | size=1 | parse=0 | names=[Pawdroid-SS-APK] 巴西圣保罗+CloudFlare节点-2 | err=-
[DEBUG] mihomo drop | branch={204} | size=1 | parse=0 | names=[Pawdroid-SS-APK] 巴西圣保罗+CloudFlare节点-2 | err=-
[DROP] name=[Pawdroid-SS-APK] 巴西圣保罗+CloudFlare节点-2 {204} | server=188.114.98.66:80 | reason=mihomo start failed
[TEST] {200} tested=1/1 | kept=0 | rest=0
[DEBUG] mihomo isolate | branch={200} | size=1 | parse=0 | names=[Epodonios] EPODONIOS-96 | err=-
[DEBUG] mihomo drop | branch={200} | size=1 | parse=0 | names=[Epodonios] EPODONIOS-96 | err=-
[DROP] name=[Epodonios] EPODONIOS-96 {200} | server=p1tun3.greewebservices.ir:2070 | reason=mihomo start failed
[TEST] {201} tested=1/1 | kept=0 | rest=0
[DEBUG] mihomo isolate | branch={201} | size=1 | parse=0 | names=[Epodonios] EPODONIOS-97 | err=-
[DEBUG] mihomo drop | branch={201} | size=1 | parse=0 | names=[Epodonios] EPODONIOS-97 | err=-
[DROP] name=[Epodonios] EPODONIOS-97 {201} | server=20.223.136.145:443 | reason=mihomo start failed
[TEST] {202} tested=1/1 | kept=0 | rest=0
[DEBUG] mihomo isolate | branch={202} | size=1 | parse=0 | names=[Epodonios] EPODONIOS-98 | err=-
[DEBUG] mihomo drop | branch={202} | size=1 | parse=0 | names=[Epodonios] EPODONIOS-98 | err=-
[DROP] name=[Epodonios] EPODONIOS-98 {202} | server=94.245.92.85:443 | reason=mihomo start failed
[TEST] {209} tested=1/1 | kept=0 | rest=0
[DEBUG] mihomo isolate | branch={209} | size=1 | parse=0 | names=[Pawdroid-SS-APK] 英国+V2CROSS.COM-6 | err=-
[DEBUG] mihomo drop | branch={209} | size=1 | parse=0 | names=[Pawdroid-SS-APK] 英国+V2CROSS.COM-6 | err=-
[DROP] name=[Pawdroid-SS-APK] 英国+V2CROSS.COM-6 {209} | server=kkvlvvq-a.catcat321.com:20056 | reason=mihomo start failed
[TEST] {205} tested=1/1 | kept=0 | rest=0
[DEBUG] mihomo isolate | branch={205} | size=1 | parse=0 | names=[Pawdroid-SS-APK] 英国+V2CROSS.COM-4 | err=-
[DEBUG] mihomo drop | branch={205} | size=1 | parse=0 | names=[Pawdroid-SS-APK] 英国+V2CROSS.COM-4 | err=-
[DROP] name=[Pawdroid-SS-APK] 英国+V2CROSS.COM-4 {205} | server=109.169.85.138:443 | reason=mihomo start failed
[TEST] {206} tested=1/1 | kept=0 | rest=0
[DEBUG] mihomo isolate | branch={206} | size=1 | parse=0 | names=[Pawdroid-SS-APK] 香港+Simcentric网络公司 | err=-
[DEBUG] mihomo drop | branch={206} | size=1 | parse=0 | names=[Pawdroid-SS-APK] 香港+Simcentric网络公司 | err=-
[DROP] name=[Pawdroid-SS-APK] 香港+Simcentric网络公司 {206} | server=180.178.60.254:10000 | reason=mihomo start failed
[TEST] {208} tested=1/1 | kept=0 | rest=0
[DEBUG] mihomo isolate | branch={208} | size=1 | parse=0 | names=[Pawdroid-SS-APK] 美国+CloudFlare节点-29 | err=-
[DEBUG] mihomo drop | branch={208} | size=1 | parse=0 | names=[Pawdroid-SS-APK] 美国+CloudFlare节点-29 | err=-
[DROP] name=[Pawdroid-SS-APK] 美国+CloudFlare节点-29 {208} | server=uwu.blueknightnet.qzz.io:2087 | reason=mihomo start failed
[TEST] {207} tested=1/1 | kept=0 | rest=0
[DEBUG] mihomo isolate | branch={207} | size=1 | parse=0 | names=[Pawdroid-SS-APK] 英国+V2CROSS.COM-5 | err=-
[DEBUG] mihomo drop | branch={207} | size=1 | parse=0 | names=[Pawdroid-SS-APK] 英国+V2CROSS.COM-5 | err=-
[DROP] name=[Pawdroid-SS-APK] 英国+V2CROSS.COM-5 {207} | server=176.97.66.175:443 | reason=mihomo start failed
[TEST] {211} tested=1/1 | kept=0 | rest=0
[DEBUG] mihomo isolate | branch={211} | size=1 | parse=0 | names=[Pawdroid-SS-APK] 英国+V2CROSS.COM-7 | err=-
[DEBUG] mihomo drop | branch={211} | size=1 | parse=0 | names=[Pawdroid-SS-APK] 英国+V2CROSS.COM-7 | err=-
[DROP] name=[Pawdroid-SS-APK] 英国+V2CROSS.COM-7 {211} | server=faq.wwwinternetvideo.click:443 | reason=mihomo start failed
[TEST] {215} tested=1/1 | kept=0 | rest=0
[DEBUG] mihomo isolate | branch={215} | size=1 | parse=0 | names=[Epodonios] EPODONIOS-110 | err=-
[DEBUG] mihomo drop | branch={215} | size=1 | parse=0 | names=[Epodonios] EPODONIOS-110 | err=-
[DROP] name=[Epodonios] EPODONIOS-110 {215} | server=104.21.48.1:443 | reason=mihomo start failed
[TEST] {210} tested=1/1 | kept=0 | rest=0
[DEBUG] mihomo isolate | branch={210} | size=1 | parse=0 | names=[Pawdroid-SS-APK] 伊朗+V2CROSS.COM-4 | err=-
[DEBUG] mihomo drop | branch={210} | size=1 | parse=0 | names=[Pawdroid-SS-APK] 伊朗+V2CROSS.COM-4 | err=-
[DROP] name=[Pawdroid-SS-APK] 伊朗+V2CROSS.COM-4 {210} | server=edge.nordcache.ru:9443 | reason=mihomo start failed
[TEST] {214} tested=1/1 | kept=0 | rest=0
[DEBUG] mihomo isolate | branch={214} | size=1 | parse=0 | names=[Epodonios] EPODONIOS-109 | err=-
[DEBUG] mihomo drop | branch={214} | size=1 | parse=0 | names=[Epodonios] EPODONIOS-109 | err=-
[DROP] name=[Epodonios] EPODONIOS-109 {214} | server=104.18.26.94:80 | reason=mihomo start failed
[TEST] {216} tested=1/1 | kept=0 | rest=0
[DEBUG] mihomo isolate | branch={216} | size=1 | parse=0 | names=[Epodonios] EPODONIOS-111 | err=-
[DEBUG] mihomo drop | branch={216} | size=1 | parse=0 | names=[Epodonios] EPODONIOS-111 | err=-
[DROP] name=[Epodonios] EPODONIOS-111 {216} | server=163.8.195.241:2087 | reason=mihomo start failed
[TEST] {219} tested=1/1 | kept=0 | rest=0
[DEBUG] mihomo isolate | branch={219} | size=1 | parse=0 | names=[Epodonios] EPODONIOS-114 | err=-
[DEBUG] mihomo drop | branch={219} | size=1 | parse=0 | names=[Epodonios] EPODONIOS-114 | err=-
[DROP] name=[Epodonios] EPODONIOS-114 {219} | server=83.217.222.183:443 | reason=mihomo start failed
[TEST] {212} tested=4/4 | kept=0 | rest=0
[DEBUG] mihomo split-small | branch={212} | size=4 | parse=0 | names=[Pawdroid-SS-APK] 美国+V2CROSS.COM-9,[Pawdroid-SS-APK] 俄罗斯+V2CROSS.COM-6,[Pawdroid-SS-APK] 美国+V2CROSS.COM-10...+1 | err=-
[WARN] batch start failed | size=4 {212} | split=1 {432} + 1 {433} + 1 {434} + 1 {435}
[TEST] {220} tested=1/1 | kept=0 | rest=0
[DEBUG] mihomo isolate | branch={220} | size=1 | parse=0 | names=[Epodonios] EPODONIOS-115 | err=-
[DEBUG] mihomo drop | branch={220} | size=1 | parse=0 | names=[Epodonios] EPODONIOS-115 | err=-
[DROP] name=[Epodonios] EPODONIOS-115 {220} | server=212.95.34.13:443 | reason=mihomo start failed
[TEST] {213} tested=5/5 | kept=0 | rest=0
[DEBUG] mihomo split-small | branch={213} | size=5 | parse=0 | names=[Pawdroid-SS-APK] 俄罗斯+V2CROSS.COM-7,[Pawdroid-SS-APK] 俄罗斯+V2CROSS.COM-8,[Pawdroid-SS-APK] 俄罗斯+鞑靼斯坦喀山justhost...+2 | err=-
[WARN] batch start failed | size=5 {213} | split=1 {436} + 1 {437} + 1 {438} + 1 {439} + 1 {440}
[TEST] {222} tested=8/8 | kept=0 | rest=0
[DEBUG] mihomo split-small | branch={222} | size=8 | parse=0 | names=[免费节点10] 🇺🇸 US 1994 → tg@nicevpn123,[免费节点10] 🇺🇸 US 1995 → tg@nicevpn123,[免费节点10] 🇺🇸 US 1996 → tg@nicevpn123...+5 | err=-
[WARN] batch start failed | size=8 {222} | split=1 {441} + 1 {442} + 1 {443} + 1 {444} + 1 {445} + 1 {446} + 1 {447} + 1 {448}
[TEST] {221} tested=1/1 | kept=0 | rest=0
[DEBUG] mihomo isolate | branch={221} | size=1 | parse=0 | names=[Epodonios] EPODONIOS-116 | err=-
[DEBUG] mihomo drop | branch={221} | size=1 | parse=0 | names=[Epodonios] EPODONIOS-116 | err=-
[DROP] name=[Epodonios] EPODONIOS-116 {221} | server=13.39.239.251:22224 | reason=mihomo start failed
[TEST] {223} tested=9/9 | kept=0 | rest=0
[WARN] batch start failed | size=9 {223} | split=4 {449} + 5 {450}
[TEST] {225} tested=9/9 | kept=0 | rest=0
[WARN] batch start failed | size=9 {225} | split=4 {451} + 5 {452}
[TEST] {224} tested=8/8 | kept=0 | rest=0
[DEBUG] mihomo split-small | branch={224} | size=8 | parse=0 | names=[免费节点10] 🇺🇸 US 1978 → tg@nicevpn123,[免费节点10] 🇺🇸 US 1979 → tg@nicevpn123,[免费节点10] 🇺🇸 US 198 → tg@nicevpn123...+5 | err=-
[WARN] batch start failed | size=8 {224} | split=1 {453} + 1 {454} + 1 {455} + 1 {456} + 1 {457} + 1 {458} + 1 {459} + 1 {460}
[TEST] {226} tested=8/8 | kept=0 | rest=0
[DEBUG] mihomo split-small | branch={226} | size=8 | parse=0 | names=[免费节点10] 🇺🇸 US 1962 → tg@nicevpn123,[免费节点10] 🇺🇸 US 1963 → tg@nicevpn123,[免费节点10] 🇺🇸 US 1964 → tg@nicevpn123...+5 | err=-
[WARN] batch start failed | size=8 {226} | split=1 {461} + 1 {462} + 1 {463} + 1 {464} + 1 {465} + 1 {466} + 1 {467} + 1 {468}
[TEST] {227} tested=9/9 | kept=0 | rest=0
[WARN] batch start failed | size=9 {227} | split=4 {469} + 5 {470}
[TEST] {217} tested=1/1 | kept=0 | rest=0
[DEBUG] mihomo isolate | branch={217} | size=1 | parse=0 | names=[Epodonios] EPODONIOS-112 | err=-
[DEBUG] mihomo drop | branch={217} | size=1 | parse=0 | names=[Epodonios] EPODONIOS-112 | err=-
[DROP] name=[Epodonios] EPODONIOS-112 {217} | server=185.234.64.97:443 | reason=mihomo start failed
[TEST] {218} tested=1/1 | kept=0 | rest=0
[DEBUG] mihomo isolate | branch={218} | size=1 | parse=0 | names=[Epodonios] EPODONIOS-113 | err=-
[DEBUG] mihomo drop | branch={218} | size=1 | parse=0 | names=[Epodonios] EPODONIOS-113 | err=-
[DROP] name=[Epodonios] EPODONIOS-113 {218} | server=65.109.241.111:44174 | reason=mihomo start failed
[TEST] {231} tested=9/9 | kept=0 | rest=0
[WARN] batch start failed | size=9 {231} | split=4 {471} + 5 {472}
[TEST] {232} tested=8/8 | kept=0 | rest=0
[DEBUG] mihomo split-small | branch={232} | size=8 | parse=0 | names=[免费节点10] 🇺🇸 US 2026 → tg@nicevpn123,[免费节点10] 🇺🇸 US 2027 → tg@nicevpn123,[免费节点10] 🇺🇸 US 2028 → tg@nicevpn123...+5 | err=-
[WARN] batch start failed | size=8 {232} | split=1 {473} + 1 {474} + 1 {475} + 1 {476} + 1 {477} + 1 {478} + 1 {479} + 1 {480}
[TEST] {228} tested=4/4 | kept=0 | rest=0
[DEBUG] mihomo split-small | branch={228} | size=4 | parse=0 | names=[Epodonios] EPODONIOS-117,[Epodonios] EPODONIOS-118,[Epodonios] EPODONIOS-119...+1 | err=-
[WARN] batch start failed | size=4 {228} | split=1 {481} + 1 {482} + 1 {483} + 1 {484}
[TEST] {229} tested=5/5 | kept=0 | rest=0
[DEBUG] mihomo split-small | branch={229} | size=5 | parse=0 | names=[Epodonios] EPODONIOS-121,[Epodonios] EPODONIOS-122,[Epodonios] EPODONIOS-123...+2 | err=-
[WARN] batch start failed | size=5 {229} | split=1 {485} + 1 {486} + 1 {487} + 1 {488} + 1 {489}
[DEBUG] mihomo start-fail | branch={235} | size=5 | parse=1 | rc=1 | names=[Epodonios] EPODONIOS-287,[Epodonios] EPODONIOS-288,[Epodonios] EPODONIOS-289...+2 | err=rc=1 Mihomo exited before controller became ready time="2026-09-28T11:38:10.786935998Z" level=info msg="Start initial configuration in progress" time="2026-09-28T11:38:10.787013865Z" level=fatal msg="Parse config error: proxy 0: 'reality...
[DEBUG] mihomo split-small | branch={235} | size=5 | parse=1 | names=[Epodonios] EPODONIOS-287,[Epodonios] EPODONIOS-288,[Epodonios] EPODONIOS-289...+2 | err=Mihomo exited before controller became ready time="2026-09-28T11:38:10.786935998Z" level=info msg="Start initial configuration in progress" time="2026-09-28T11:38:10.787013865Z" level=fatal msg="Parse config error: proxy 0: 'reality-opts...
[WARN] batch start failed | size=5 {235} | split=1 {490} + 1 {491} + 1 {492} + 1 {493} + 1 {494}
[TEST] {237} tested=9/9 | kept=0 | rest=0
[WARN] batch start failed | size=9 {237} | split=4 {495} + 5 {496}
[TEST] {230} tested=8/8 | kept=0 | rest=0
[DEBUG] mihomo split-small | branch={230} | size=8 | parse=0 | names=[免费节点10] 🇺🇸 US 201 → tg@nicevpn123,[免费节点10] 🇺🇸 US 2010 → tg@nicevpn123,[免费节点10] 🇺🇸 US 2011 → tg@nicevpn123...+5 | err=-
[WARN] batch start failed | size=8 {230} | split=1 {497} + 1 {498} + 1 {499} + 1 {500} + 1 {501} + 1 {502} + 1 {503} + 1 {504}
[TEST] {236} tested=8/8 | kept=0 | rest=0
[DEBUG] mihomo split-small | branch={236} | size=8 | parse=0 | names=[免费节点10] 🇺🇸 US 1930 → tg@nicevpn123,[免费节点10] 🇺🇸 US 1931 → tg@nicevpn123,[免费节点10] 🇺🇸 US 1932 → tg@nicevpn123...+5 | err=-
[WARN] batch start failed | size=8 {236} | split=1 {505} + 1 {506} + 1 {507} + 1 {508} + 1 {509} + 1 {510} + 1 {511} + 1 {512}
[TEST] {233} tested=9/9 | kept=0 | rest=0
[WARN] batch start failed | size=9 {233} | split=4 {513} + 5 {514}
[TEST] {240} tested=4/4 | kept=0 | rest=0
[DEBUG] mihomo split-small | branch={240} | size=4 | parse=0 | names=[Epodonios] EPODONIOS-233,[Epodonios] EPODONIOS-234,[Epodonios] EPODONIOS-235...+1 | err=-
[WARN] batch start failed | size=4 {240} | split=1 {515} + 1 {516} + 1 {517} + 1 {518}
[TEST] {241} tested=5/5 | kept=0 | rest=0
[DEBUG] mihomo split-small | branch={241} | size=5 | parse=0 | names=[Epodonios] EPODONIOS-237,[Epodonios] EPODONIOS-238,[Epodonios] EPODONIOS-239...+2 | err=-
[WARN] batch start failed | size=5 {241} | split=1 {519} + 1 {520} + 1 {521} + 1 {522} + 1 {523}
[TEST] {243} tested=1/1 | kept=0 | rest=0
[DEBUG] mihomo isolate | branch={243} | size=1 | parse=0 | names=[Epodonios] EPODONIOS-276 | err=-
[DEBUG] mihomo drop | branch={243} | size=1 | parse=0 | names=[Epodonios] EPODONIOS-276 | err=-
[DROP] name=[Epodonios] EPODONIOS-276 {243} | server=199.232.78.101:443 | reason=mihomo start failed
[TEST] {245} tested=1/1 | kept=0 | rest=0
[DEBUG] mihomo isolate | branch={245} | size=1 | parse=0 | names=[Epodonios] EPODONIOS-278 | err=-
[DEBUG] mihomo drop | branch={245} | size=1 | parse=0 | names=[Epodonios] EPODONIOS-278 | err=-
[DROP] name=[Epodonios] EPODONIOS-278 {245} | server=27.50.48.49:443 | reason=mihomo start failed
[TEST] {242} tested=1/1 | kept=0 | rest=0
[DEBUG] mihomo isolate | branch={242} | size=1 | parse=0 | names=[Epodonios] EPODONIOS-275 | err=-
[DEBUG] mihomo drop | branch={242} | size=1 | parse=0 | names=[Epodonios] EPODONIOS-275 | err=-
[DROP] name=[Epodonios] EPODONIOS-275 {242} | server=167.82.76.7:443 | reason=mihomo start failed
[TEST] {244} tested=1/1 | kept=0 | rest=0
[DEBUG] mihomo isolate | branch={244} | size=1 | parse=0 | names=[Epodonios] EPODONIOS-277 | err=-
[DEBUG] mihomo drop | branch={244} | size=1 | parse=0 | names=[Epodonios] EPODONIOS-277 | err=-
[DROP] name=[Epodonios] EPODONIOS-277 {244} | server=199.232.78.160:443 | reason=mihomo start failed
[TEST] {234} tested=4/4 | kept=0 | rest=0
[DEBUG] mihomo split-small | branch={234} | size=4 | parse=0 | names=[Epodonios] EPODONIOS-283,[Epodonios] EPODONIOS-284,[Epodonios] EPODONIOS-285...+1 | err=-
[WARN] batch start failed | size=4 {234} | split=1 {524} + 1 {525} + 1 {526} + 1 {527}
[TEST] {247} tested=1/1 | kept=0 | rest=0
[DEBUG] mihomo isolate | branch={247} | size=1 | parse=0 | names=[Epodonios] EPODONIOS-280 | err=-
[DEBUG] mihomo drop | branch={247} | size=1 | parse=0 | names=[Epodonios] EPODONIOS-280 | err=-
[DROP] name=[Epodonios] EPODONIOS-280 {247} | server=104.18.154.96:2083 | reason=mihomo start failed
[TEST] {248} tested=1/1 | kept=0 | rest=0
[DEBUG] mihomo isolate | branch={248} | size=1 | parse=0 | names=[Epodonios] EPODONIOS-281 | err=-
[DEBUG] mihomo drop | branch={248} | size=1 | parse=0 | names=[Epodonios] EPODONIOS-281 | err=-
[DROP] name=[Epodonios] EPODONIOS-281 {248} | server=188.114.96.1:2083 | reason=mihomo start failed
[TEST] {238} tested=8/8 | kept=0 | rest=0
[DEBUG] mihomo split-small | branch={238} | size=8 | parse=0 | names=[免费节点10] 🇺🇸 US 206 → tg@nicevpn123,[免费节点10] 🇺🇸 US 207 → tg@nicevpn123,[免费节点10] 🇺🇸 US 208 → tg@nicevpn123...+5 | err=-
[WARN] batch start failed | size=8 {238} | split=1 {528} + 1 {529} + 1 {530} + 1 {531} + 1 {532} + 1 {533} + 1 {534} + 1 {535}
[TEST] {249} tested=1/1 | kept=0 | rest=0
[DEBUG] mihomo isolate | branch={249} | size=1 | parse=0 | names=[Epodonios] EPODONIOS-282 | err=-
[DEBUG] mihomo drop | branch={249} | size=1 | parse=0 | names=[Epodonios] EPODONIOS-282 | err=-
[DROP] name=[Epodonios] EPODONIOS-282 {249} | server=188.114.96.4:2083 | reason=mihomo start failed
[TEST] {239} tested=9/9 | kept=0 | rest=0
[WARN] batch start failed | size=9 {239} | split=4 {536} + 5 {537}
[TEST] {251} tested=9/9 | kept=0 | rest=0
[WARN] batch start failed | size=9 {251} | split=4 {538} + 5 {539}
[TEST] {253} tested=1/1 | kept=0 | rest=0
[DEBUG] mihomo isolate | branch={253} | size=1 | parse=0 | names=[ChromeGO-ShiteThings] cloudflare-dl.byo | err=-
[DEBUG] mihomo drop | branch={253} | size=1 | parse=0 | names=[ChromeGO-ShiteThings] cloudflare-dl.byo | err=-
[DROP] name=[ChromeGO-ShiteThings] cloudflare-dl.byoip.top {253} | server=cloudflare-dl.byoip.top:443 | reason=mihomo start failed
[DEBUG] mihomo start-fail | branch={256} | size=1 | parse=1 | rc=1 | names=[ChromeGO-ShiteThings] hysteria-3 | err=rc=1 Mihomo exited before controller became ready time="2026-09-28T11:38:17.314580264Z" level=info msg="Start initial configuration in progress" time="2026-09-28T11:38:17.314646283Z" level=fatal msg="Parse config error: proxy 0: '' has u...
[DEBUG] mihomo isolate | branch={256} | size=1 | parse=1 | names=[ChromeGO-ShiteThings] hysteria-3 | err=Mihomo exited before controller became ready time="2026-09-28T11:38:17.314580264Z" level=info msg="Start initial configuration in progress" time="2026-09-28T11:38:17.314646283Z" level=fatal msg="Parse config error: proxy 0: '' has unset ...
[REPAIR] name=[ChromeGO-ShiteThings] hysteria-3 {256} | fields=up,down
[DEBUG] mihomo start-fail | branch={254} | size=1 | parse=1 | rc=1 | names=[ChromeGO-ShiteThings] hysteria | err=rc=1 Mihomo exited before controller became ready time="2026-09-28T11:38:17.436430442Z" level=info msg="Start initial configuration in progress" time="2026-09-28T11:38:17.436500698Z" level=fatal msg="Parse config error: proxy 0: '' has u...
[DEBUG] mihomo isolate | branch={254} | size=1 | parse=1 | names=[ChromeGO-ShiteThings] hysteria | err=Mihomo exited before controller became ready time="2026-09-28T11:38:17.436430442Z" level=info msg="Start initial configuration in progress" time="2026-09-28T11:38:17.436500698Z" level=fatal msg="Parse config error: proxy 0: '' has unset ...
[REPAIR] name=[ChromeGO-ShiteThings] hysteria {254} | fields=up,down
[DEBUG] mihomo start-fail | branch={255} | size=1 | parse=1 | rc=1 | names=[ChromeGO-ShiteThings] hysteria-2 | err=rc=1 Mihomo exited before controller became ready time="2026-09-28T11:38:17.561043217Z" level=info msg="Start initial configuration in progress" time="2026-09-28T11:38:17.561109067Z" level=fatal msg="Parse config error: proxy 0: '' has u...
[DEBUG] mihomo isolate | branch={255} | size=1 | parse=1 | names=[ChromeGO-ShiteThings] hysteria-2 | err=Mihomo exited before controller became ready time="2026-09-28T11:38:17.561043217Z" level=info msg="Start initial configuration in progress" time="2026-09-28T11:38:17.561109067Z" level=fatal msg="Parse config error: proxy 0: '' has unset ...
[REPAIR] name=[ChromeGO-ShiteThings] hysteria-2 {255} | fields=up,down
[DEBUG] mihomo start-fail | branch={257} | size=1 | parse=1 | rc=1 | names=[ChromeGO-ShiteThings] hysteria-4 | err=rc=1 Mihomo exited before controller became ready time="2026-09-28T11:38:17.684058374Z" level=info msg="Start initial configuration in progress" time="2026-09-28T11:38:17.684124795Z" level=fatal msg="Parse config error: proxy 0: '' has u...
[DEBUG] mihomo isolate | branch={257} | size=1 | parse=1 | names=[ChromeGO-ShiteThings] hysteria-4 | err=Mihomo exited before controller became ready time="2026-09-28T11:38:17.684058374Z" level=info msg="Start initial configuration in progress" time="2026-09-28T11:38:17.684124795Z" level=fatal msg="Parse config error: proxy 0: '' has unset ...
[REPAIR] name=[ChromeGO-ShiteThings] hysteria-4 {257} | fields=up,down
[TEST] {256} tested=1/1 | kept=0 | rest=0
[DEBUG] mihomo start-fail | branch={259} | size=1 | parse=1 | rc=1 | names=[ChromeGO-Merge] WARP | err=rc=1 Mihomo exited before controller became ready time="2026-09-28T11:38:17.807729973Z" level=info msg="Start initial configuration in progress" time="2026-09-28T11:38:17.808026431Z" level=fatal msg="Parse config error: proxy [[ChromeGO-...
[DEBUG] mihomo isolate | branch={259} | size=1 | parse=1 | names=[ChromeGO-Merge] WARP | err=Mihomo exited before controller became ready time="2026-09-28T11:38:17.807729973Z" level=info msg="Start initial configuration in progress" time="2026-09-28T11:38:17.808026431Z" level=fatal msg="Parse config error: proxy [[ChromeGO-Merge...
[REPAIR] name=[ChromeGO-Merge] WARP {259} | fields=dialer-proxy
[DEBUG] mihomo start-fail | branch={258} | size=1 | parse=1 | rc=1 | names=[ChromeGO-ShiteThings] hysteria-5 | err=rc=1 Mihomo exited before controller became ready time="2026-09-28T11:38:17.933448902Z" level=info msg="Start initial configuration in progress" time="2026-09-28T11:38:17.933532068Z" level=fatal msg="Parse config error: proxy 0: '' has u...
[DEBUG] mihomo isolate | branch={258} | size=1 | parse=1 | names=[ChromeGO-ShiteThings] hysteria-5 | err=Mihomo exited before controller became ready time="2026-09-28T11:38:17.933448902Z" level=info msg="Start initial configuration in progress" time="2026-09-28T11:38:17.933532068Z" level=fatal msg="Parse config error: proxy 0: '' has unset ...
[REPAIR] name=[ChromeGO-ShiteThings] hysteria-5 {258} | fields=up,down
[DEBUG] mihomo start-fail | branch={261} | size=1 | parse=1 | rc=1 | names=[ChromeGO-Merge] United | err=rc=1 Mihomo exited before controller became ready time="2026-09-28T11:38:18.057492991Z" level=info msg="Start initial configuration in progress" time="2026-09-28T11:38:18.057580774Z" level=fatal msg="Parse config error: proxy 0: '' has u...
[DEBUG] mihomo isolate | branch={261} | size=1 | parse=1 | names=[ChromeGO-Merge] United | err=Mihomo exited before controller became ready time="2026-09-28T11:38:18.057492991Z" level=info msg="Start initial configuration in progress" time="2026-09-28T11:38:18.057580774Z" level=fatal msg="Parse config error: proxy 0: '' has unset ...
[REPAIR] name=[ChromeGO-Merge] United {261} | fields=up,down
[TEST] {254} tested=1/1 | kept=0 | rest=0
[TEST] {246} tested=1/1 | kept=0 | rest=0
[DEBUG] mihomo isolate | branch={246} | size=1 | parse=0 | names=[Epodonios] EPODONIOS-279 | err=-
[DEBUG] mihomo drop | branch={246} | size=1 | parse=0 | names=[Epodonios] EPODONIOS-279 | err=-
[DROP] name=[Epodonios] EPODONIOS-279 {246} | server=116.47.10.236:27335 | reason=mihomo start failed
[TEST] {257} tested=1/1 | kept=0 | rest=0
[TEST] {255} tested=1/1 | kept=0 | rest=0
[DEBUG] mihomo start-fail | branch={262} | size=1 | parse=1 | rc=1 | names=[ChromeGO-Merge] France_hysteria_1 | err=rc=1 Mihomo exited before controller became ready time="2026-09-28T11:38:18.316419940Z" level=info msg="Start initial configuration in progress" time="2026-09-28T11:38:18.316487562Z" level=fatal msg="Parse config error: proxy 0: '' has u...
[DEBUG] mihomo isolate | branch={262} | size=1 | parse=1 | names=[ChromeGO-Merge] France_hysteria_1 | err=Mihomo exited before controller became ready time="2026-09-28T11:38:18.316419940Z" level=info msg="Start initial configuration in progress" time="2026-09-28T11:38:18.316487562Z" level=fatal msg="Parse config error: proxy 0: '' has unset ...
[REPAIR] name=[ChromeGO-Merge] France_hysteria_1 {262} | fields=up,down
[TEST] {264} tested=1/1 | kept=0 | rest=0
[DEBUG] mihomo isolate | branch={264} | size=1 | parse=0 | names=[ChromeGO-Merge] United-3 | err=-
[DEBUG] mihomo drop | branch={264} | size=1 | parse=0 | names=[ChromeGO-Merge] United-3 | err=-
[DROP] name=[ChromeGO-Merge] United-3 {264} | server=yh6.dtku41.xyz:443 | reason=mihomo start failed
[DEBUG] mihomo start-fail | branch={263} | size=1 | parse=1 | rc=1 | names=[ChromeGO-Merge] United-2 | err=rc=1 Mihomo exited before controller became ready time="2026-09-28T11:38:20.143007635Z" level=info msg="Start initial configuration in progress" time="2026-09-28T11:38:20.143081246Z" level=fatal msg="Parse config error: proxy 0: '' has u...
[DEBUG] mihomo isolate | branch={263} | size=1 | parse=1 | names=[ChromeGO-Merge] United-2 | err=Mihomo exited before controller became ready time="2026-09-28T11:38:20.143007635Z" level=info msg="Start initial configuration in progress" time="2026-09-28T11:38:20.143081246Z" level=fatal msg="Parse config error: proxy 0: '' has unset ...
[REPAIR] name=[ChromeGO-Merge] United-2 {263} | fields=up,down
[TEST] {265} tested=1/1 | kept=0 | rest=0
[DEBUG] mihomo isolate | branch={265} | size=1 | parse=0 | names=[ChromeGO-Merge] None_vless_2 | err=-
[DEBUG] mihomo drop | branch={265} | size=1 | parse=0 | names=[ChromeGO-Merge] None_vless_2 | err=-
[DROP] name=[ChromeGO-Merge] None_vless_2 {265} | server=yh9.dtku41.xyz:443 | reason=mihomo start failed
[TEST] {250} tested=8/8 | kept=0 | rest=0
[DEBUG] mihomo split-small | branch={250} | size=8 | parse=0 | names=[免费节点10] 🇺🇸 US 1946 → tg@nicevpn123,[免费节点10] 🇺🇸 US 1947 → tg@nicevpn123,[免费节点10] 🇺🇸 US 1948 → tg@nicevpn123...+5 | err=-
[WARN] batch start failed | size=8 {250} | split=1 {540} + 1 {541} + 1 {542} + 1 {543} + 1 {544} + 1 {545} + 1 {546} + 1 {547}
[TEST] {252} tested=1/1 | kept=0 | rest=0
[DEBUG] mihomo isolate | branch={252} | size=1 | parse=0 | names=[ChromeGO-ShiteThings] cf.tencentapp.cn | err=-
[DEBUG] mihomo drop | branch={252} | size=1 | parse=0 | names=[ChromeGO-ShiteThings] cf.tencentapp.cn | err=-
[DROP] name=[ChromeGO-ShiteThings] cf.tencentapp.cn {252} | server=cf.tencentapp.cn:443 | reason=mihomo start failed
[TEST] {271} tested=1/1 | kept=0 | rest=0
[DEBUG] mihomo isolate | branch={271} | size=1 | parse=0 | names=[Epodonios] EPODONIOS-228 | err=-
[DEBUG] mihomo drop | branch={271} | size=1 | parse=0 | names=[Epodonios] EPODONIOS-228 | err=-
[DROP] name=[Epodonios] EPODONIOS-228 {271} | server=199.232.78.101:443 | reason=mihomo start failed
[TEST] {268} tested=1/1 | kept=0 | rest=0
[DEBUG] mihomo isolate | branch={268} | size=1 | parse=0 | names=[Epodonios] EPODONIOS-225 | err=-
[DEBUG] mihomo drop | branch={268} | size=1 | parse=0 | names=[Epodonios] EPODONIOS-225 | err=-
[DROP] name=[Epodonios] EPODONIOS-225 {268} | server=199.232.78.101:443 | reason=mihomo start failed
[TEST] {266} tested=1/1 | kept=0 | rest=0
[DEBUG] mihomo isolate | branch={266} | size=1 | parse=0 | names=[ChromeGO-Merge] None_vless_3 | err=-
[DEBUG] mihomo drop | branch={266} | size=1 | parse=0 | names=[ChromeGO-Merge] None_vless_3 | err=-
[DROP] name=[ChromeGO-Merge] None_vless_3 {266} | server=yh7.dtku41.xyz:443 | reason=mihomo start failed
[TEST] {270} tested=1/1 | kept=0 | rest=0
[DEBUG] mihomo isolate | branch={270} | size=1 | parse=0 | names=[Epodonios] EPODONIOS-227 | err=-
[DEBUG] mihomo drop | branch={270} | size=1 | parse=0 | names=[Epodonios] EPODONIOS-227 | err=-
[DROP] name=[Epodonios] EPODONIOS-227 {270} | server=151.101.56.7:443 | reason=mihomo start failed
[TEST] {269} tested=1/1 | kept=0 | rest=0
[DEBUG] mihomo isolate | branch={269} | size=1 | parse=0 | names=[Epodonios] EPODONIOS-226 | err=-
[DEBUG] mihomo drop | branch={269} | size=1 | parse=0 | names=[Epodonios] EPODONIOS-226 | err=-
[DROP] name=[Epodonios] EPODONIOS-226 {269} | server=199.232.78.160:443 | reason=mihomo start failed
[TEST] {272} tested=1/1 | kept=0 | rest=0
[DEBUG] mihomo isolate | branch={272} | size=1 | parse=0 | names=[Epodonios] EPODONIOS-229 | err=-
[DEBUG] mihomo drop | branch={272} | size=1 | parse=0 | names=[Epodonios] EPODONIOS-229 | err=-
[DROP] name=[Epodonios] EPODONIOS-229 {272} | server=199.232.78.160:443 | reason=mihomo start failed
[TEST] {274} tested=1/1 | kept=0 | rest=0
[DEBUG] mihomo isolate | branch={274} | size=1 | parse=0 | names=[Epodonios] EPODONIOS-231 | err=-
[DEBUG] mihomo drop | branch={274} | size=1 | parse=0 | names=[Epodonios] EPODONIOS-231 | err=-
[DROP] name=[Epodonios] EPODONIOS-231 {274} | server=151.101.56.56:443 | reason=mihomo start failed
[TEST] {275} tested=1/1 | kept=0 | rest=0
[DEBUG] mihomo isolate | branch={275} | size=1 | parse=0 | names=[Epodonios] EPODONIOS-232 | err=-
[DEBUG] mihomo drop | branch={275} | size=1 | parse=0 | names=[Epodonios] EPODONIOS-232 | err=-
[DROP] name=[Epodonios] EPODONIOS-232 {275} | server=151.101.56.7:443 | reason=mihomo start failed
[TEST] {259} tested=1/1 | kept=0 | rest=0
[TEST] {258} tested=1/1 | kept=0 | rest=0
[TEST] {261} tested=1/1 | kept=0 | rest=0
[TEST] {260} tested=1/1 | kept=0 | rest=0
[DEBUG] mihomo isolate | branch={260} | size=1 | parse=0 | names=[ChromeGO-Merge] United States_hy2_1 | err=-
[DEBUG] mihomo drop | branch={260} | size=1 | parse=0 | names=[ChromeGO-Merge] United States_hy2_1 | err=-
[DROP] name=[ChromeGO-Merge] United States_hy2_1 {260} | server=104.192.224.140:40391 | reason=mihomo start failed
[TEST] {262} tested=1/1 | kept=0 | rest=0
[TEST] {263} tested=1/1 | kept=0 | rest=0
[TEST] {267} tested=1/1 | kept=0 | rest=0
[DEBUG] mihomo isolate | branch={267} | size=1 | parse=0 | names=[ChromeGO-Merge] 🇫🇷 France_tuic_0 | err=-
[DEBUG] mihomo drop | branch={267} | size=1 | parse=0 | names=[ChromeGO-Merge] 🇫🇷 France_tuic_0 | err=-
[DROP] name=[ChromeGO-Merge] 🇫🇷 France_tuic_0 {267} | server=62.210.103.14:44556 | reason=mihomo start failed
[TEST] {273} tested=1/1 | kept=0 | rest=0
[DEBUG] mihomo isolate | branch={273} | size=1 | parse=0 | names=[Epodonios] EPODONIOS-230 | err=-
[DEBUG] mihomo drop | branch={273} | size=1 | parse=0 | names=[Epodonios] EPODONIOS-230 | err=-
[DROP] name=[Epodonios] EPODONIOS-230 {273} | server=84.234.31.249:443 | reason=mihomo start failed
[TEST] {277} tested=5/5 | kept=0 | rest=0
[DEBUG] mihomo split-small | branch={277} | size=5 | parse=0 | names=[ChromeGO-Merge] United States_shadowtls,[ChromeGO-Merge] United States_hy_0,[ChromeGO-Merge] France_hy_1...+2 | err=-
[WARN] batch start failed | size=5 {277} | split=1 {548} + 1 {549} + 1 {550} + 1 {551} + 1 {552}
[TEST] {276} tested=4/4 | kept=0 | rest=0
[DEBUG] mihomo split-small | branch={276} | size=4 | parse=0 | names=[ChromeGO-Merge] United States_hysteria2,[ChromeGO-Merge] United States_vless_21,[ChromeGO-Merge] United States_ss_61...+1 | err=-
[WARN] batch start failed | size=4 {276} | split=1 {553} + 1 {554} + 1 {555} + 1 {556}
[TEST] {278} tested=4/4 | kept=0 | rest=0
[DEBUG] mihomo split-small | branch={278} | size=4 | parse=0 | names=[ChromeGO-Merge] 🇺🇸 United States_tuic_1,[ChromeGO-Merge] 🇳🇱 Netherlands_tuic_2,[ChromeGO-Merge] 🇹🇼 Taiwan_hy_6...+1 | err=-
[WARN] batch start failed | size=4 {278} | split=1 {557} + 1 {558} + 1 {559} + 1 {560}
[TEST] {282} tested=1/1 | kept=0 | rest=0
[DEBUG] mihomo isolate | branch={282} | size=1 | parse=0 | names=[Epodonios] Telegram---PLANB_NET---PLANB | err=-
[DEBUG] mihomo drop | branch={282} | size=1 | parse=0 | names=[Epodonios] Telegram---PLANB_NET---PLANB | err=-
[DROP] name=[Epodonios] Telegram---PLANB_NET---PLANB_NET---PLANB_NET---PLANB_NET?ed&security=tls&alpn=http/1.1&insecure=0&host=f2au50vwmige9oftda.netizo14.workers.dev&fp=chrome&type=ws&allowInsecure=0&sni=f2au50VWMige9OFTDA.NeTizo14.wOrKErS.dEV#EPODONIOS {282} | server=www.speedtest.net:443 | reason=mihomo start failed
[TEST] {284} tested=1/1 | kept=0 | rest=0
[DEBUG] mihomo isolate | branch={284} | size=1 | parse=0 | names=[Epodonios] EPODONIOS-245 | err=-
[DEBUG] mihomo drop | branch={284} | size=1 | parse=0 | names=[Epodonios] EPODONIOS-245 | err=-
[DROP] name=[Epodonios] EPODONIOS-245 {284} | server=66.33.22.242:30797 | reason=mihomo start failed
[TEST] {285} tested=1/1 | kept=0 | rest=0
[DEBUG] mihomo isolate | branch={285} | size=1 | parse=0 | names=[Epodonios] EPODONIOS-246 | err=-
[DEBUG] mihomo drop | branch={285} | size=1 | parse=0 | names=[Epodonios] EPODONIOS-246 | err=-
[DROP] name=[Epodonios] EPODONIOS-246 {285} | server=69.46.46.159:443 | reason=mihomo start failed
[TEST] {283} tested=1/1 | kept=0 | rest=0
[DEBUG] mihomo isolate | branch={283} | size=1 | parse=0 | names=[Epodonios] EPODONIOS-244 | err=-
[DEBUG] mihomo drop | branch={283} | size=1 | parse=0 | names=[Epodonios] EPODONIOS-244 | err=-
[DROP] name=[Epodonios] EPODONIOS-244 {283} | server=104.17.108.189:443 | reason=mihomo start failed
[TEST] {279} tested=5/5 | kept=0 | rest=0
[DEBUG] mihomo split-small | branch={279} | size=5 | parse=0 | names=[ChromeGO-Merge] 🇺🇸 United States_hy2_8,[ChromeGO-Merge] 🇹🇼 Taiwan_hy_9,[ChromeGO-Merge] 🇫🇷 France_hysteria_0...+2 | err=-
[WARN] batch start failed | size=5 {279} | split=1 {561} + 1 {562} + 1 {563} + 1 {564} + 1 {565}
[TEST] {280} tested=1/1 | kept=0 | rest=0
[DEBUG] mihomo isolate | branch={280} | size=1 | parse=0 | names=[Epodonios] EPODONIOS-242 | err=-
[DEBUG] mihomo drop | branch={280} | size=1 | parse=0 | names=[Epodonios] EPODONIOS-242 | err=-
[DROP] name=[Epodonios] EPODONIOS-242 {280} | server=13.192.168.51:443 | reason=mihomo start failed
[TEST] {281} tested=1/1 | kept=0 | rest=0
[DEBUG] mihomo isolate | branch={281} | size=1 | parse=0 | names=[Epodonios] EPODONIOS-243 | err=-
[DEBUG] mihomo drop | branch={281} | size=1 | parse=0 | names=[Epodonios] EPODONIOS-243 | err=-
[DROP] name=[Epodonios] EPODONIOS-243 {281} | server=188.114.97.3:443 | reason=mihomo start failed
[TEST] {286} tested=1/1 | kept=0 | rest=0
[DEBUG] mihomo isolate | branch={286} | size=1 | parse=0 | names=[Epodonios] EPODONIOS-247 | err=-
[DEBUG] mihomo drop | branch={286} | size=1 | parse=0 | names=[Epodonios] EPODONIOS-247 | err=-
[DROP] name=[Epodonios] EPODONIOS-247 {286} | server=129.146.254.39:443 | reason=mihomo start failed
[TEST] {287} tested=1/1 | kept=0 | rest=0
[DEBUG] mihomo isolate | branch={287} | size=1 | parse=0 | names=[Epodonios] EPODONIOS-248 | err=-
[DEBUG] mihomo drop | branch={287} | size=1 | parse=0 | names=[Epodonios] EPODONIOS-248 | err=-
[DROP] name=[Epodonios] EPODONIOS-248 {287} | server=iranserver.com:8443 | reason=mihomo start failed
[TEST] {289} tested=5/5 | kept=0 | rest=0
[DEBUG] mihomo split-small | branch={289} | size=5 | parse=0 | names=[Epodonios] EPODONIOS-253,[Epodonios] EPODONIOS-254,[Epodonios] EPODONIOS-255...+2 | err=-
[WARN] batch start failed | size=5 {289} | split=1 {566} + 1 {567} + 1 {568} + 1 {569} + 1 {570}
[TEST] {288} tested=4/4 | kept=0 | rest=0
[DEBUG] mihomo split-small | branch={288} | size=4 | parse=0 | names=[Epodonios] EPODONIOS-249,[Epodonios] EPODONIOS-250,[Epodonios] EPODONIOS-251...+1 | err=-
[WARN] batch start failed | size=4 {288} | split=1 {571} + 1 {572} + 1 {573} + 1 {574}
[TEST] {290} tested=4/4 | kept=0 | rest=0
[DEBUG] mihomo split-small | branch={290} | size=4 | parse=0 | names=[ChromeGO-Merge] None vmess 07,[ChromeGO-Merge] None vmess 010,[ChromeGO-Merge] None vmess 011...+1 | err=-
[WARN] batch start failed | size=4 {290} | split=1 {575} + 1 {576} + 1 {577} + 1 {578}
[TEST] {291} tested=5/5 | kept=0 | rest=0
[DEBUG] mihomo split-small | branch={291} | size=5 | parse=0 | names=[ChromeGO-Merge] None vmess 013,[ChromeGO-Merge] None vmess 014,[ChromeGO-Merge] None vmess 016...+2 | err=-
[WARN] batch start failed | size=5 {291} | split=1 {579} + 1 {580} + 1 {581} + 1 {582} + 1 {583}
[TEST] {294} tested=1/1 | kept=0 | rest=0
[DEBUG] mihomo isolate | branch={294} | size=1 | parse=0 | names=[ChromeGO-Merge] 🇺🇸 United States_hyster | err=-
[DEBUG] mihomo drop | branch={294} | size=1 | parse=0 | names=[ChromeGO-Merge] 🇺🇸 United States_hyster | err=-
[DROP] name=[ChromeGO-Merge] 🇺🇸 United States_hysteria2_1 {294} | server=64.110.25.11:33337 | reason=mihomo start failed
[TEST] {293} tested=1/1 | kept=0 | rest=0
[DEBUG] mihomo isolate | branch={293} | size=1 | parse=0 | names=[ChromeGO-Merge] 🇫🇷 France_hysteria2_0 | err=-
[DEBUG] mihomo drop | branch={293} | size=1 | parse=0 | names=[ChromeGO-Merge] 🇫🇷 France_hysteria2_0 | err=-
[DROP] name=[ChromeGO-Merge] 🇫🇷 France_hysteria2_0 {293} | server=62.210.101.0:52465 | reason=mihomo start failed
[TEST] {292} tested=1/1 | kept=0 | rest=0
[DEBUG] mihomo isolate | branch={292} | size=1 | parse=0 | names=[ChromeGO-Merge] 🇺🇸 United States_hyster | err=-
[DEBUG] mihomo drop | branch={292} | size=1 | parse=0 | names=[ChromeGO-Merge] 🇺🇸 United States_hyster | err=-
[DROP] name=[ChromeGO-Merge] 🇺🇸 United States_hysteria_3 {292} | server=167.160.91.115:41189 | reason=mihomo start failed
[TEST] {295} tested=1/1 | kept=0 | rest=0
[DEBUG] mihomo isolate | branch={295} | size=1 | parse=0 | names=[ChromeGO-Merge] 🇫🇷 France_hysteria2_2 | err=-
[DEBUG] mihomo drop | branch={295} | size=1 | parse=0 | names=[ChromeGO-Merge] 🇫🇷 France_hysteria2_2 | err=-
[DROP] name=[ChromeGO-Merge] 🇫🇷 France_hysteria2_2 {295} | server=62.210.103.0:52465 | reason=mihomo start failed
[TEST] {296} tested=1/1 | kept=0 | rest=0
[DEBUG] mihomo isolate | branch={296} | size=1 | parse=0 | names=[ChromeGO-Merge] 🇺🇸 United States_hyster | err=-
[DEBUG] mihomo drop | branch={296} | size=1 | parse=0 | names=[ChromeGO-Merge] 🇺🇸 United States_hyster | err=-
[DROP] name=[ChromeGO-Merge] 🇺🇸 United States_hysteria2_3 {296} | server=108.181.24.77:43656 | reason=mihomo start failed
[TEST] {298} tested=1/1 | kept=0 | rest=0
[DEBUG] mihomo isolate | branch={298} | size=1 | parse=0 | names=[ChromeGO-Merge] Canada vmess 04 | err=-
[DEBUG] mihomo drop | branch={298} | size=1 | parse=0 | names=[ChromeGO-Merge] Canada vmess 04 | err=-
[DROP] name=[ChromeGO-Merge] Canada vmess 04 {298} | server=23.227.38.11:8080 | reason=mihomo start failed
[TEST] {299} tested=1/1 | kept=0 | rest=0
[DEBUG] mihomo isolate | branch={299} | size=1 | parse=0 | names=[ChromeGO-Merge] None vmess 05 | err=-
[DEBUG] mihomo drop | branch={299} | size=1 | parse=0 | names=[ChromeGO-Merge] None vmess 05 | err=-
[DROP] name=[ChromeGO-Merge] None vmess 05 {299} | server=162.159.153.11:8080 | reason=mihomo start failed
[TEST] {297} tested=1/1 | kept=0 | rest=0
[DEBUG] mihomo isolate | branch={297} | size=1 | parse=0 | names=[ChromeGO-Merge] 🇺🇸 United States_vless_ | err=-
[DEBUG] mihomo drop | branch={297} | size=1 | parse=0 | names=[ChromeGO-Merge] 🇺🇸 United States_vless_ | err=-
[DROP] name=[ChromeGO-Merge] 🇺🇸 United States_vless_1 {297} | server=108.181.22.213:28945 | reason=mihomo start failed
[TEST] {301} tested=9/9 | kept=0 | rest=0
[WARN] batch start failed | size=9 {301} | split=4 {584} + 5 {585}
[TEST] {300} tested=8/8 | kept=0 | rest=0
[DEBUG] mihomo split-small | branch={300} | size=8 | parse=0 | names=[免费节点10] 🇺🇸 US 291 → tg@nicevpn123,[免费节点10] 🇺🇸 US 293 → tg@nicevpn123,[免费节点10] 🇺🇸 US 296 → tg@nicevpn123...+5 | err=-
[WARN] batch start failed | size=8 {300} | split=1 {586} + 1 {587} + 1 {588} + 1 {589} + 1 {590} + 1 {591} + 1 {592} + 1 {593}
[TEST] {302} tested=8/8 | kept=0 | rest=0
[DEBUG] mihomo split-small | branch={302} | size=8 | parse=0 | names=[免费节点10] 🇺🇸 US 270 → tg@nicevpn123,[免费节点10] 🇺🇸 US 271 → tg@nicevpn123,[免费节点10] 🇺🇸 US 272 → tg@nicevpn123...+5 | err=-
[WARN] batch start failed | size=8 {302} | split=1 {594} + 1 {595} + 1 {596} + 1 {597} + 1 {598} + 1 {599} + 1 {600} + 1 {601}
[TEST] {303} tested=9/9 | kept=0 | rest=0
[WARN] batch start failed | size=9 {303} | split=4 {602} + 5 {603}
[TEST] {305} tested=9/9 | kept=0 | rest=0
[WARN] batch start failed | size=9 {305} | split=4 {604} + 5 {605}
[TEST] {308} tested=1/1 | kept=0 | rest=0
[DEBUG] mihomo isolate | branch={308} | size=1 | parse=0 | names=[ChromeGO-Merge] United States ss 81 | err=-
[DEBUG] mihomo drop | branch={308} | size=1 | parse=0 | names=[ChromeGO-Merge] United States ss 81 | err=-
[DROP] name=[ChromeGO-Merge] United States ss 81 {308} | server=62.204.54.81:44550 | reason=mihomo start failed
[TEST] {304} tested=8/8 | kept=0 | rest=0
[DEBUG] mihomo split-small | branch={304} | size=8 | parse=0 | names=[免费节点10] 🇺🇸 US 254 → tg@nicevpn123,[免费节点10] 🇺🇸 US 255 → tg@nicevpn123,[免费节点10] 🇺🇸 US 256 → tg@nicevpn123...+5 | err=-
[WARN] batch start failed | size=8 {304} | split=1 {606} + 1 {607} + 1 {608} + 1 {609} + 1 {610} + 1 {611} + 1 {612} + 1 {613}
[TEST] {307} tested=9/9 | kept=0 | rest=0
[WARN] batch start failed | size=9 {307} | split=4 {614} + 5 {615}
[TEST] {309} tested=1/1 | kept=0 | rest=0
[DEBUG] mihomo isolate | branch={309} | size=1 | parse=0 | names=[ChromeGO-Merge] Taiwan hysteria 91 | err=-
[DEBUG] mihomo drop | branch={309} | size=1 | parse=0 | names=[ChromeGO-Merge] Taiwan hysteria 91 | err=-
[DROP] name=[ChromeGO-Merge] Taiwan hysteria 91 {309} | server=www.dtku50.xyz:18470 | reason=mihomo start failed
[TEST] {311} tested=1/1 | kept=0 | rest=0
[DEBUG] mihomo isolate | branch={311} | size=1 | parse=0 | names=[ChromeGO-Merge] Taiwan hysteria 2 | err=-
[DEBUG] mihomo drop | branch={311} | size=1 | parse=0 | names=[ChromeGO-Merge] Taiwan hysteria 2 | err=-
[DROP] name=[ChromeGO-Merge] Taiwan hysteria 2 {311} | server=www.dtku40.xyz:18490 | reason=mihomo start failed
[TEST] {306} tested=8/8 | kept=0 | rest=0
[DEBUG] mihomo split-small | branch={306} | size=8 | parse=0 | names=[免费节点10] 🇺🇸 US 232 → tg@nicevpn123,[免费节点10] 🇺🇸 US 233 → tg@nicevpn123,[免费节点10] 🇺🇸 US 234 → tg@nicevpn123...+5 | err=-
[WARN] batch start failed | size=8 {306} | split=1 {616} + 1 {617} + 1 {618} + 1 {619} + 1 {620} + 1 {621} + 1 {622} + 1 {623}
[DEBUG] mihomo start-fail | branch={314} | size=1 | parse=1 | rc=1 | names=[ChromeGO-Merge] Taiwan | err=rc=1 Mihomo exited before controller became ready time="2026-09-28T11:38:59.209422984Z" level=info msg="Start initial configuration in progress" time="2026-09-28T11:38:59.209484647Z" level=fatal msg="Parse config error: proxy 0: '' has u...
[DEBUG] mihomo isolate | branch={314} | size=1 | parse=1 | names=[ChromeGO-Merge] Taiwan | err=Mihomo exited before controller became ready time="2026-09-28T11:38:59.209422984Z" level=info msg="Start initial configuration in progress" time="2026-09-28T11:38:59.209484647Z" level=fatal msg="Parse config error: proxy 0: '' has unset ...
[REPAIR] name=[ChromeGO-Merge] Taiwan {314} | fields=up,down
[DEBUG] mihomo start-fail | branch={315} | size=1 | parse=1 | rc=1 | names=[ChromeGO-Merge] France | err=rc=1 Mihomo exited before controller became ready time="2026-09-28T11:38:59.333491994Z" level=info msg="Start initial configuration in progress" time="2026-09-28T11:38:59.333603232Z" level=fatal msg="Parse config error: proxy 0: '' has u...
[DEBUG] mihomo isolate | branch={315} | size=1 | parse=1 | names=[ChromeGO-Merge] France | err=Mihomo exited before controller became ready time="2026-09-28T11:38:59.333491994Z" level=info msg="Start initial configuration in progress" time="2026-09-28T11:38:59.333603232Z" level=fatal msg="Parse config error: proxy 0: '' has unset ...
[REPAIR] name=[ChromeGO-Merge] France {315} | fields=up,down
[TEST] {314} tested=1/1 | kept=0 | rest=0
[DEBUG] mihomo start-fail | branch={316} | size=4 | parse=1 | rc=1 | names=[ChromeGO-Merge] United-4,[ChromeGO-Merge] Taiwan-2,[ChromeGO-Merge] United-5...+1 | err=rc=1 Mihomo exited before controller became ready time="2026-09-28T11:38:59.455753186Z" level=info msg="Start initial configuration in progress" time="2026-09-28T11:38:59.455802851Z" level=fatal msg="Parse config error: proxy 0: '' has u...
[DEBUG] mihomo split-small | branch={316} | size=4 | parse=1 | names=[ChromeGO-Merge] United-4,[ChromeGO-Merge] Taiwan-2,[ChromeGO-Merge] United-5...+1 | err=Mihomo exited before controller became ready time="2026-09-28T11:38:59.455753186Z" level=info msg="Start initial configuration in progress" time="2026-09-28T11:38:59.455802851Z" level=fatal msg="Parse config error: proxy 0: '' has unset ...
[WARN] batch start failed | size=4 {316} | split=1 {624} + 1 {625} + 1 {626} + 1 {627}
[TEST] {317} tested=5/5 | kept=4 | rest=0
[TEST] {312} tested=1/1 | kept=0 | rest=0
[DEBUG] mihomo isolate | branch={312} | size=1 | parse=0 | names=[ChromeGO-Merge] France hysteria2 0 | err=-
[DEBUG] mihomo drop | branch={312} | size=1 | parse=0 | names=[ChromeGO-Merge] France hysteria2 0 | err=-
[DROP] name=[ChromeGO-Merge] France hysteria2 0 {312} | server=62.210.103.0:22483 | reason=mihomo start failed
[TEST] {310} tested=1/1 | kept=0 | rest=0
[DEBUG] mihomo isolate | branch={310} | size=1 | parse=0 | names=[ChromeGO-Merge] United States hysteria  | err=-
[DEBUG] mihomo drop | branch={310} | size=1 | parse=0 | names=[ChromeGO-Merge] United States hysteria  | err=-
[DROP] name=[ChromeGO-Merge] United States hysteria 1 {310} | server=173.234.25.52:48919 | reason=mihomo start failed
[TEST] {313} tested=1/1 | kept=0 | rest=0
[DEBUG] mihomo isolate | branch={313} | size=1 | parse=0 | names=[ChromeGO-Merge] France hysteria2 3 | err=-
[DEBUG] mihomo drop | branch={313} | size=1 | parse=0 | names=[ChromeGO-Merge] France hysteria2 3 | err=-
[DROP] name=[ChromeGO-Merge] France hysteria2 3 {313} | server=51.159.77.198:53967 | reason=mihomo start failed
[TEST] {315} tested=1/1 | kept=0 | rest=0
[TEST] {319} tested=9/9 | kept=0 | rest=0
[WARN] batch start failed | size=9 {319} | split=4 {628} + 5 {629}
[TEST] {322} tested=1/1 | kept=0 | rest=0
[DEBUG] mihomo isolate | branch={322} | size=1 | parse=0 | names=[ChromeGO-Merge] None vmess 14 | err=-
[DEBUG] mihomo drop | branch={322} | size=1 | parse=0 | names=[ChromeGO-Merge] None vmess 14 | err=-
[DROP] name=[ChromeGO-Merge] None vmess 14 {322} | server=fbi.gov:8080 | reason=mihomo start failed
[TEST] {324} tested=1/1 | kept=0 | rest=0
[DEBUG] mihomo isolate | branch={324} | size=1 | parse=0 | names=[ChromeGO-Merge] United States vmess 23 | err=-
[DEBUG] mihomo drop | branch={324} | size=1 | parse=0 | names=[ChromeGO-Merge] United States vmess 23 | err=-
[DROP] name=[ChromeGO-Merge] United States vmess 23 {324} | server=yh1.freeh1.xyz:8080 | reason=mihomo start failed
[TEST] {323} tested=1/1 | kept=0 | rest=0
[DEBUG] mihomo isolate | branch={323} | size=1 | parse=0 | names=[ChromeGO-Merge] United States vmess 21 | err=-
[DEBUG] mihomo drop | branch={323} | size=1 | parse=0 | names=[ChromeGO-Merge] United States vmess 21 | err=-
[DROP] name=[ChromeGO-Merge] United States vmess 21 {323} | server=yh1.freeh1.xyz:8080 | reason=mihomo start failed
[TEST] {325} tested=1/1 | kept=0 | rest=0
[DEBUG] mihomo isolate | branch={325} | size=1 | parse=0 | names=[ChromeGO-Merge] None vmess 24 | err=-
[DEBUG] mihomo drop | branch={325} | size=1 | parse=0 | names=[ChromeGO-Merge] None vmess 24 | err=-
[DROP] name=[ChromeGO-Merge] None vmess 24 {325} | server=yh1.freeh1.xyz:8080 | reason=mihomo start failed
[TEST] {326} tested=1/1 | kept=0 | rest=0
[DEBUG] mihomo isolate | branch={326} | size=1 | parse=0 | names=[ChromeGO-Merge] None vmess 25 | err=-
[DEBUG] mihomo drop | branch={326} | size=1 | parse=0 | names=[ChromeGO-Merge] None vmess 25 | err=-
[DROP] name=[ChromeGO-Merge] None vmess 25 {326} | server=yh2.freeh1.xyz:8080 | reason=mihomo start failed
[TEST] {327} tested=1/1 | kept=0 | rest=0
[DEBUG] mihomo isolate | branch={327} | size=1 | parse=0 | names=[ChromeGO-Merge] United States vmess 26 | err=-
[DEBUG] mihomo drop | branch={327} | size=1 | parse=0 | names=[ChromeGO-Merge] United States vmess 26 | err=-
[DROP] name=[ChromeGO-Merge] United States vmess 26 {327} | server=yh2.freeh1.xyz:8080 | reason=mihomo start failed
[TEST] {328} tested=1/1 | kept=0 | rest=0
[DEBUG] mihomo isolate | branch={328} | size=1 | parse=0 | names=[ChromeGO-Merge] None vmess 29 | err=-
[DEBUG] mihomo drop | branch={328} | size=1 | parse=0 | names=[ChromeGO-Merge] None vmess 29 | err=-
[DROP] name=[ChromeGO-Merge] None vmess 29 {328} | server=yh3.freeh1.xyz:8080 | reason=mihomo start failed
[TEST] {329} tested=1/1 | kept=0 | rest=0
[DEBUG] mihomo isolate | branch={329} | size=1 | parse=0 | names=[ChromeGO-Merge] United States vmess 210 | err=-
[DEBUG] mihomo drop | branch={329} | size=1 | parse=0 | names=[ChromeGO-Merge] United States vmess 210 | err=-
[DROP] name=[ChromeGO-Merge] United States vmess 210 {329} | server=yh3.freeh1.xyz:8080 | reason=mihomo start failed
[TEST] {318} tested=8/8 | kept=0 | rest=0
[DEBUG] mihomo split-small | branch={318} | size=8 | parse=0 | names=[免费节点10] 🇺🇸 US 333 → tg@nicevpn123,[免费节点10] 🇺🇸 US 334 → tg@nicevpn123,[免费节点10] 🇺🇸 US 337 → tg@nicevpn123...+5 | err=-
[WARN] batch start failed | size=8 {318} | split=1 {630} + 1 {631} + 1 {632} + 1 {633} + 1 {634} + 1 {635} + 1 {636} + 1 {637}
[TEST] {320} tested=8/8 | kept=0 | rest=0
[DEBUG] mihomo split-small | branch={320} | size=8 | parse=0 | names=[免费节点10] 🇺🇸 US 313 → tg@nicevpn123,[免费节点10] 🇺🇸 US 314 → tg@nicevpn123,[免费节点10] 🇺🇸 US 315 → tg@nicevpn123...+5 | err=-
[WARN] batch start failed | size=8 {320} | split=1 {638} + 1 {639} + 1 {640} + 1 {641} + 1 {642} + 1 {643} + 1 {644} + 1 {645}
[TEST] {321} tested=9/9 | kept=0 | rest=0
[WARN] batch start failed | size=9 {321} | split=4 {646} + 5 {647}
[TEST] {333} tested=9/9 | kept=0 | rest=0
[WARN] batch start failed | size=9 {333} | split=4 {648} + 5 {649}
[TEST] {334} tested=4/4 | kept=0 | rest=0
[DEBUG] mihomo split-small | branch={334} | size=4 | parse=0 | names=[ChromeGO-Merge] United States vmess 211,[ChromeGO-Merge] United States vmess 31,[ChromeGO-Merge] None vmess 32...+1 | err=-
[WARN] batch start failed | size=4 {334} | split=1 {650} + 1 {651} + 1 {652} + 1 {653}
[TEST] {331} tested=9/9 | kept=0 | rest=0
[WARN] batch start failed | size=9 {331} | split=4 {654} + 5 {655}
[TEST] {330} tested=8/8 | kept=0 | rest=0
[DEBUG] mihomo split-small | branch={330} | size=8 | parse=0 | names=[免费节点10] 🇺🇸 US 378 → tg@nicevpn123,[免费节点10] 🇺🇸 US 38 → tg@nicevpn123,[免费节点10] 🇺🇸 US 380 → tg@nicevpn123...+5 | err=-
[WARN] batch start failed | size=8 {330} | split=1 {656} + 1 {657} + 1 {658} + 1 {659} + 1 {660} + 1 {661} + 1 {662} + 1 {663}
[TEST] {332} tested=8/8 | kept=0 | rest=0
[DEBUG] mihomo split-small | branch={332} | size=8 | parse=0 | names=[免费节点10] 🇺🇸 US 355 → tg@nicevpn123,[免费节点10] 🇺🇸 US 356 → tg@nicevpn123,[免费节点10] 🇺🇸 US 357 → tg@nicevpn123...+5 | err=-
[WARN] batch start failed | size=8 {332} | split=1 {664} + 1 {665} + 1 {666} + 1 {667} + 1 {668} + 1 {669} + 1 {670} + 1 {671}
[TEST] {338} tested=1/1 | kept=0 | rest=0
[DEBUG] mihomo isolate | branch={338} | size=1 | parse=0 | names=[Epodonios] vless-2 | err=-
[DEBUG] mihomo drop | branch={338} | size=1 | parse=0 | names=[Epodonios] vless-2 | err=-
[DROP] name=[Epodonios] vless-2 {338} | server=k2.cloud--vpn.site:443 | reason=mihomo start failed
[TEST] {336} tested=1/1 | kept=0 | rest=0
[DEBUG] mihomo isolate | branch={336} | size=1 | parse=0 | names=[Epodonios] EPODONIOS-324 | err=-
[DEBUG] mihomo drop | branch={336} | size=1 | parse=0 | names=[Epodonios] EPODONIOS-324 | err=-
[DROP] name=[Epodonios] EPODONIOS-324 {336} | server=yoshidoshi.shadoww345.ir:8080 | reason=mihomo start failed
[TEST] {340} tested=1/1 | kept=0 | rest=0
[DEBUG] mihomo isolate | branch={340} | size=1 | parse=0 | names=[Epodonios] EPODONIOS-327 | err=-
[DEBUG] mihomo drop | branch={340} | size=1 | parse=0 | names=[Epodonios] EPODONIOS-327 | err=-
[DROP] name=[Epodonios] EPODONIOS-327 {340} | server=2.27.26.140:443 | reason=mihomo start failed
[TEST] {337} tested=1/1 | kept=0 | rest=0
[DEBUG] mihomo isolate | branch={337} | size=1 | parse=0 | names=[Epodonios] EPODONIOS-325 | err=-
[DEBUG] mihomo drop | branch={337} | size=1 | parse=0 | names=[Epodonios] EPODONIOS-325 | err=-
[DROP] name=[Epodonios] EPODONIOS-325 {337} | server=a2.arshia-nova.ir:443 | reason=mihomo start failed
[TEST] {335} tested=5/5 | kept=0 | rest=0
[DEBUG] mihomo split-small | branch={335} | size=5 | parse=0 | names=[ChromeGO-Merge] None vmess 34,[ChromeGO-Merge] Canada vmess 41,[ChromeGO-Merge] Canada vmess 43...+2 | err=-
[WARN] batch start failed | size=5 {335} | split=1 {672} + 1 {673} + 1 {674} + 1 {675} + 1 {676}
[TEST] {343} tested=1/1 | kept=0 | rest=0
[DEBUG] mihomo isolate | branch={343} | size=1 | parse=0 | names=[Epodonios] EPODONIOS-330 | err=-
[DEBUG] mihomo drop | branch={343} | size=1 | parse=0 | names=[Epodonios] EPODONIOS-330 | err=-
[DROP] name=[Epodonios] EPODONIOS-330 {343} | server=www.speedtest.net:2095 | reason=mihomo start failed
[TEST] {341} tested=1/1 | kept=0 | rest=0
[DEBUG] mihomo isolate | branch={341} | size=1 | parse=0 | names=[Epodonios] EPODONIOS-328 | err=-
[DEBUG] mihomo drop | branch={341} | size=1 | parse=0 | names=[Epodonios] EPODONIOS-328 | err=-
[DROP] name=[Epodonios] EPODONIOS-328 {341} | server=31.76.246.59:443 | reason=mihomo start failed
[DEBUG] mihomo start-fail | branch={345} | size=1 | parse=1 | rc=1 | names=[Pawdroid-SS-APK] United+Kingdom-4 | err=rc=1 Mihomo exited before controller became ready time="2026-09-28T11:39:15.072226233Z" level=info msg="Start initial configuration in progress" time="2026-09-28T11:39:15.072278552Z" level=fatal msg="Parse config error: proxy 0: ss 82.38...
[DEBUG] mihomo isolate | branch={345} | size=1 | parse=1 | names=[Pawdroid-SS-APK] United+Kingdom-4 | err=Mihomo exited before controller became ready time="2026-09-28T11:39:15.072226233Z" level=info msg="Start initial configuration in progress" time="2026-09-28T11:39:15.072278552Z" level=fatal msg="Parse config error: proxy 0: ss 82.38.31.1...
[REPAIR] name=[Pawdroid-SS-APK] United+Kingdom-4 {345} | fields=cipher
[TEST] {344} tested=1/1 | kept=1 | rest=0
[TEST] {346} tested=1/1 | kept=0 | rest=0
[DEBUG] mihomo isolate | branch={346} | size=1 | parse=0 | names=[Pawdroid-SS-APK] United+Kingdom-5 | err=-
[DEBUG] mihomo drop | branch={346} | size=1 | parse=0 | names=[Pawdroid-SS-APK] United+Kingdom-5 | err=-
[DROP] name=[Pawdroid-SS-APK] United+Kingdom-5 {346} | server=149.102.152.25:80 | reason=mihomo start failed
[TEST] {345} tested=1/1 | kept=1 | rest=0
[TEST] {339} tested=1/1 | kept=0 | rest=0
[DEBUG] mihomo isolate | branch={339} | size=1 | parse=0 | names=[Epodonios] EPODONIOS-326 | err=-
[DEBUG] mihomo drop | branch={339} | size=1 | parse=0 | names=[Epodonios] EPODONIOS-326 | err=-
[DROP] name=[Epodonios] EPODONIOS-326 {339} | server=185.238.191.171:443 | reason=mihomo start failed
[TEST] {342} tested=1/1 | kept=0 | rest=0
[DEBUG] mihomo isolate | branch={342} | size=1 | parse=0 | names=[Epodonios] EPODONIOS-329 | err=-
[DEBUG] mihomo drop | branch={342} | size=1 | parse=0 | names=[Epodonios] EPODONIOS-329 | err=-
[DROP] name=[Epodonios] EPODONIOS-329 {342} | server=91.107.133.246:443 | reason=mihomo start failed
[TEST] {348} tested=1/1 | kept=0 | rest=0
[DEBUG] mihomo isolate | branch={348} | size=1 | parse=0 | names=[Pawdroid-SS-APK] The+Netherlands | err=-
[DEBUG] mihomo drop | branch={348} | size=1 | parse=0 | names=[Pawdroid-SS-APK] The+Netherlands | err=-
[DROP] name=[Pawdroid-SS-APK] The+Netherlands {348} | server=193.29.139.249:8080 | reason=mihomo start failed
[TEST] {347} tested=1/1 | kept=0 | rest=0
[DEBUG] mihomo isolate | branch={347} | size=1 | parse=0 | names=[Pawdroid-SS-APK] United+Kingdom-6 | err=-
[DEBUG] mihomo drop | branch={347} | size=1 | parse=0 | names=[Pawdroid-SS-APK] United+Kingdom-6 | err=-
[DROP] name=[Pawdroid-SS-APK] United+Kingdom-6 {347} | server=82.38.31.17:443 | reason=mihomo start failed
[TEST] {349} tested=4/4 | kept=0 | rest=0
[DEBUG] mihomo split-small | branch={349} | size=4 | parse=0 | names=[Epodonios] EPODONIOS-331,[Epodonios] EPODONIOS-332,[Epodonios] EPODONIOS-333...+1 | err=-
[WARN] batch start failed | size=4 {349} | split=1 {677} + 1 {678} + 1 {679} + 1 {680}
[TEST] {350} tested=5/5 | kept=0 | rest=0
[DEBUG] mihomo split-small | branch={350} | size=5 | parse=0 | names=[Epodonios] EPODONIOS-335,[Epodonios] EPODONIOS-336,[Epodonios] EPODONIOS-337...+2 | err=-
[WARN] batch start failed | size=5 {350} | split=1 {681} + 1 {682} + 1 {683} + 1 {684} + 1 {685}
[TEST] {354} tested=5/5 | kept=0 | rest=0
[DEBUG] mihomo split-small | branch={354} | size=5 | parse=0 | names=[Epodonios] EPODONIOS-353,[Epodonios] vless-3,[Epodonios] vless-4...+2 | err=-
[WARN] batch start failed | size=5 {354} | split=1 {686} + 1 {687} + 1 {688} + 1 {689} + 1 {690}
[TEST] {352} tested=5/5 | kept=0 | rest=0
[DEBUG] mihomo split-small | branch={352} | size=5 | parse=0 | names=[Epodonios] EPODONIOS-344,[Epodonios] EPODONIOS-345,[Epodonios] EPODONIOS-346...+2 | err=-
[WARN] batch start failed | size=5 {352} | split=1 {691} + 1 {692} + 1 {693} + 1 {694} + 1 {695}
[TEST] {351} tested=4/4 | kept=0 | rest=0
[DEBUG] mihomo split-small | branch={351} | size=4 | parse=0 | names=[Epodonios] EPODONIOS-340,[Epodonios] EPODONIOS-341,[Epodonios] EPODONIOS-342...+1 | err=-
[WARN] batch start failed | size=4 {351} | split=1 {696} + 1 {697} + 1 {698} + 1 {699}
[TEST] {355} tested=4/4 | kept=0 | rest=0
[DEBUG] mihomo split-small | branch={355} | size=4 | parse=0 | names=[Epodonios] Telegram---PLANB_NET---PLANB,[Epodonios] EPODONIOS-300,[Epodonios] EPODONIOS-301...+1 | err=-
[WARN] batch start failed | size=4 {355} | split=1 {700} + 1 {701} + 1 {702} + 1 {703}
[TEST] {358} tested=1/1 | kept=0 | rest=0
[DEBUG] mihomo isolate | branch={358} | size=1 | parse=0 | names=[Epodonios] EPODONIOS-293 | err=-
[DEBUG] mihomo drop | branch={358} | size=1 | parse=0 | names=[Epodonios] EPODONIOS-293 | err=-
[DROP] name=[Epodonios] EPODONIOS-293 {358} | server=179.237.75.190:41464 | reason=mihomo start failed
[TEST] {359} tested=1/1 | kept=0 | rest=0
[DEBUG] mihomo isolate | branch={359} | size=1 | parse=0 | names=[Epodonios] EPODONIOS-294 | err=-
[DEBUG] mihomo drop | branch={359} | size=1 | parse=0 | names=[Epodonios] EPODONIOS-294 | err=-
[DROP] name=[Epodonios] EPODONIOS-294 {359} | server=6r6e6e6ryrfyfyydur6r6f6r6r6r6d6d6e6s6d6s6d7d7d7e6s.poki-pakipon.ir:41464 | reason=mihomo start failed
[TEST] {360} tested=1/1 | kept=0 | rest=0
[DEBUG] mihomo isolate | branch={360} | size=1 | parse=0 | names=[Epodonios] EPODONIOS-295 | err=-
[DEBUG] mihomo drop | branch={360} | size=1 | parse=0 | names=[Epodonios] EPODONIOS-295 | err=-
[DROP] name=[Epodonios] EPODONIOS-295 {360} | server=discord.gg:80 | reason=mihomo start failed
[TEST] {362} tested=1/1 | kept=0 | rest=0
[DEBUG] mihomo isolate | branch={362} | size=1 | parse=0 | names=[Epodonios] EPODONIOS-297 | err=-
[DEBUG] mihomo drop | branch={362} | size=1 | parse=0 | names=[Epodonios] EPODONIOS-297 | err=-
[DROP] name=[Epodonios] EPODONIOS-297 {362} | server=185.146.173.59:80 | reason=mihomo start failed
[TEST] {361} tested=1/1 | kept=0 | rest=0
[DEBUG] mihomo isolate | branch={361} | size=1 | parse=0 | names=[Epodonios] EPODONIOS-296 | err=-
[DEBUG] mihomo drop | branch={361} | size=1 | parse=0 | names=[Epodonios] EPODONIOS-296 | err=-
[DROP] name=[Epodonios] EPODONIOS-296 {361} | server=tg.eliv2ray.io.:80 | reason=mihomo start failed
[TEST] {363} tested=1/1 | kept=0 | rest=0
[DEBUG] mihomo isolate | branch={363} | size=1 | parse=0 | names=[Epodonios] EPODONIOS-298 | err=-
[DEBUG] mihomo drop | branch={363} | size=1 | parse=0 | names=[Epodonios] EPODONIOS-298 | err=-
[DROP] name=[Epodonios] EPODONIOS-298 {363} | server=discord.gg:80 | reason=mihomo start failed
[TEST] {364} tested=1/1 | kept=0 | rest=0
[DEBUG] mihomo isolate | branch={364} | size=1 | parse=0 | names=[Epodonios] EPODONIOS-299 | err=-
[DEBUG] mihomo drop | branch={364} | size=1 | parse=0 | names=[Epodonios] EPODONIOS-299 | err=-
[DROP] name=[Epodonios] EPODONIOS-299 {364} | server=104.21.18.141:443 | reason=mihomo start failed
[TEST] {353} tested=4/4 | kept=0 | rest=0
[DEBUG] mihomo split-small | branch={353} | size=4 | parse=0 | names=[Epodonios] EPODONIOS-349,[Epodonios] EPODONIOS-350,[Epodonios] EPODONIOS-351...+1 | err=-
[WARN] batch start failed | size=4 {353} | split=1 {704} + 1 {705} + 1 {706} + 1 {707}
[TEST] {356} tested=5/5 | kept=0 | rest=0
[DEBUG] mihomo split-small | branch={356} | size=5 | parse=0 | names=[Epodonios] vless,[Epodonios] EPODONIOS-303,[Epodonios] EPODONIOS-304...+2 | err=-
[WARN] batch start failed | size=5 {356} | split=1 {708} + 1 {709} + 1 {710} + 1 {711} + 1 {712}
[DEBUG] mihomo start-fail | branch={366} | size=1 | parse=1 | rc=1 | names=[Free-clash-v2ray] hysteria | err=rc=1 Mihomo exited before controller became ready time="2026-09-28T11:39:30.257095486Z" level=info msg="Start initial configuration in progress" time="2026-09-28T11:39:30.257160284Z" level=fatal msg="Parse config error: proxy 0: '' has u...
[DEBUG] mihomo isolate | branch={366} | size=1 | parse=1 | names=[Free-clash-v2ray] hysteria | err=Mihomo exited before controller became ready time="2026-09-28T11:39:30.257095486Z" level=info msg="Start initial configuration in progress" time="2026-09-28T11:39:30.257160284Z" level=fatal msg="Parse config error: proxy 0: '' has unset ...
[REPAIR] name=[Free-clash-v2ray] hysteria {366} | fields=up,down
[TEST] {366} tested=1/1 | kept=0 | rest=0
[TEST] {357} tested=1/1 | kept=0 | rest=0
[DEBUG] mihomo isolate | branch={357} | size=1 | parse=0 | names=[Epodonios] EPODONIOS-292 | err=-
[DEBUG] mihomo drop | branch={357} | size=1 | parse=0 | names=[Epodonios] EPODONIOS-292 | err=-
[DROP] name=[Epodonios] EPODONIOS-292 {357} | server=13.37.180.245:22222 | reason=mihomo start failed
[TEST] {369} tested=1/1 | kept=1 | rest=0
[TEST] {367} tested=1/1 | kept=1 | rest=0
[TEST] {368} tested=1/1 | kept=1 | rest=0
[TEST] {370} tested=1/1 | kept=1 | rest=0
[TEST] {373} tested=1/1 | kept=0 | rest=0
[DEBUG] mihomo isolate | branch={373} | size=1 | parse=0 | names=[Epodonios] EPODONIOS-307 | err=-
[DEBUG] mihomo drop | branch={373} | size=1 | parse=0 | names=[Epodonios] EPODONIOS-307 | err=-
[DROP] name=[Epodonios] EPODONIOS-307 {373} | server=84.32.177.74:443 | reason=mihomo start failed
[TEST] {374} tested=1/1 | kept=0 | rest=0
[DEBUG] mihomo isolate | branch={374} | size=1 | parse=0 | names=[Epodonios] EPODONIOS-308 | err=-
[DEBUG] mihomo drop | branch={374} | size=1 | parse=0 | names=[Epodonios] EPODONIOS-308 | err=-
[DROP] name=[Epodonios] EPODONIOS-308 {374} | server=84.32.186.112:443 | reason=mihomo start failed
[TEST] {365} tested=1/1 | kept=0 | rest=0
[DEBUG] mihomo isolate | branch={365} | size=1 | parse=0 | names=[Free-clash-v2ray] 🇷🇴RO_3|2.2MB/s|X001-2 | err=-
[DEBUG] mihomo drop | branch={365} | size=1 | parse=0 | names=[Free-clash-v2ray] 🇷🇴RO_3|2.2MB/s|X001-2 | err=-
[DROP] name=[Free-clash-v2ray] 🇷🇴RO_3|2.2MB/s|X001-260618 01 {365} | server=hy2-new.aspidnet.xyz:443 | reason=mihomo start failed
[TEST] {376} tested=1/1 | kept=0 | rest=0
[DEBUG] mihomo isolate | branch={376} | size=1 | parse=0 | names=[Epodonios] EPODONIOS-310 | err=-
[DEBUG] mihomo drop | branch={376} | size=1 | parse=0 | names=[Epodonios] EPODONIOS-310 | err=-
[DROP] name=[Epodonios] EPODONIOS-310 {376} | server=cdn6.goonars.com:443 | reason=mihomo start failed
[TEST] {371} tested=1/1 | kept=1 | rest=0
[TEST] {375} tested=1/1 | kept=0 | rest=0
[DEBUG] mihomo isolate | branch={375} | size=1 | parse=0 | names=[Epodonios] EPODONIOS-309 | err=-
[DEBUG] mihomo drop | branch={375} | size=1 | parse=0 | names=[Epodonios] EPODONIOS-309 | err=-
[DROP] name=[Epodonios] EPODONIOS-309 {375} | server=api.betust.net:443 | reason=mihomo start failed
[TEST] {378} tested=1/1 | kept=0 | rest=0
[DEBUG] mihomo isolate | branch={378} | size=1 | parse=0 | names=[Epodonios] EPODONIOS-312 | err=-
[DEBUG] mihomo drop | branch={378} | size=1 | parse=0 | names=[Epodonios] EPODONIOS-312 | err=-
[DROP] name=[Epodonios] EPODONIOS-312 {378} | server=faultpass-panel-production-2bad.up.railway.app:443 | reason=mihomo start failed
[TEST] {372} tested=1/1 | kept=1 | rest=0
[TEST] {380} tested=1/1 | kept=0 | rest=0
[DEBUG] mihomo isolate | branch={380} | size=1 | parse=0 | names=[Epodonios] EPODONIOS-314 | err=-
[DEBUG] mihomo drop | branch={380} | size=1 | parse=0 | names=[Epodonios] EPODONIOS-314 | err=-
[DROP] name=[Epodonios] EPODONIOS-314 {380} | server=sv3.tsteam99.top:60003 | reason=mihomo start failed
[TEST] {377} tested=1/1 | kept=0 | rest=0
[DEBUG] mihomo isolate | branch={377} | size=1 | parse=0 | names=[Epodonios] EPODONIOS-311 | err=-
[DEBUG] mihomo drop | branch={377} | size=1 | parse=0 | names=[Epodonios] EPODONIOS-311 | err=-
[DROP] name=[Epodonios] EPODONIOS-311 {377} | server=207.56.137.51:443 | reason=mihomo start failed
[TEST] {379} tested=1/1 | kept=0 | rest=0
[DEBUG] mihomo isolate | branch={379} | size=1 | parse=0 | names=[Epodonios] EPODONIOS-313 | err=-
[DEBUG] mihomo drop | branch={379} | size=1 | parse=0 | names=[Epodonios] EPODONIOS-313 | err=-
[DROP] name=[Epodonios] EPODONIOS-313 {379} | server=b---u----l.cd2-ger1.ir:2087 | reason=mihomo start failed
[TEST] {384} tested=9/9 | kept=0 | rest=0
[WARN] batch start failed | size=9 {384} | split=4 {713} + 5 {714}
[TEST] {381} tested=4/4 | kept=0 | rest=0
[DEBUG] mihomo split-small | branch={381} | size=4 | parse=0 | names=[Epodonios] EPODONIOS-315,[Epodonios] EPODONIOS-316,[Epodonios] EPODONIOS-317...+1 | err=-
[WARN] batch start failed | size=4 {381} | split=1 {715} + 1 {716} + 1 {717} + 1 {718}
[TEST] {382} tested=5/5 | kept=0 | rest=0
[DEBUG] mihomo split-small | branch={382} | size=5 | parse=0 | names=[Epodonios] EPODONIOS-319,[Epodonios] EPODONIOS-320,[Epodonios] EPODONIOS-321...+2 | err=-
[WARN] batch start failed | size=5 {382} | split=1 {719} + 1 {720} + 1 {721} + 1 {722} + 1 {723}
[TEST] {383} tested=8/8 | kept=0 | rest=0
[DEBUG] mihomo split-small | branch={383} | size=8 | parse=0 | names=[免费节点10] 🇺🇸 US 569 → tg@nicevpn123,[免费节点10] 🇺🇸 US 57 → tg@nicevpn123,[免费节点10] 🇺🇸 US 570 → tg@nicevpn123...+5 | err=-
[WARN] batch start failed | size=8 {383} | split=1 {724} + 1 {725} + 1 {726} + 1 {727} + 1 {728} + 1 {729} + 1 {730} + 1 {731}
[TEST] {386} tested=9/9 | kept=0 | rest=0
[WARN] batch start failed | size=9 {386} | split=4 {732} + 5 {733}
[TEST] {385} tested=8/8 | kept=0 | rest=0
[DEBUG] mihomo split-small | branch={385} | size=8 | parse=0 | names=[免费节点10] 🇺🇸 US 590 → tg@nicevpn123,[免费节点10] 🇺🇸 US 592 → tg@nicevpn123,[免费节点10] 🇺🇸 US 593 → tg@nicevpn123...+5 | err=-
[WARN] batch start failed | size=8 {385} | split=1 {734} + 1 {735} + 1 {736} + 1 {737} + 1 {738} + 1 {739} + 1 {740} + 1 {741}
[TEST] {387} tested=8/8 | kept=0 | rest=0
[DEBUG] mihomo split-small | branch={387} | size=8 | parse=0 | names=[免费节点10] 🇺🇸 US 614 → tg@nicevpn123,[免费节点10] 🇺🇸 US 616 → tg@nicevpn123,[免费节点10] 🇺🇸 US 619 → tg@nicevpn123...+5 | err=-
[WARN] batch start failed | size=8 {387} | split=1 {742} + 1 {743} + 1 {744} + 1 {745} + 1 {746} + 1 {747} + 1 {748} + 1 {749}
[TEST] {388} tested=9/9 | kept=0 | rest=0
[WARN] batch start failed | size=9 {388} | split=4 {750} + 5 {751}
[TEST] {390} tested=9/9 | kept=0 | rest=0
[WARN] batch start failed | size=9 {390} | split=4 {752} + 5 {753}
[TEST] {389} tested=8/8 | kept=0 | rest=0
[DEBUG] mihomo split-small | branch={389} | size=8 | parse=0 | names=[免费节点10] 🇺🇸 US 637 → tg@nicevpn123,[免费节点10] 🇺🇸 US 638 → tg@nicevpn123,[免费节点10] 🇺🇸 US 639 → tg@nicevpn123...+5 | err=-
[WARN] batch start failed | size=8 {389} | split=1 {754} + 1 {755} + 1 {756} + 1 {757} + 1 {758} + 1 {759} + 1 {760} + 1 {761}
[TEST] {391} tested=8/8 | kept=0 | rest=0
[DEBUG] mihomo split-small | branch={391} | size=8 | parse=0 | names=[免费节点10] 🇺🇸 US 681 → tg@nicevpn123,[免费节点10] 🇺🇸 US 682 → tg@nicevpn123,[免费节点10] 🇺🇸 US 683 → tg@nicevpn123...+5 | err=-
[WARN] batch start failed | size=8 {391} | split=1 {762} + 1 {763} + 1 {764} + 1 {765} + 1 {766} + 1 {767} + 1 {768} + 1 {769}
[TEST] {392} tested=9/9 | kept=0 | rest=0
[WARN] batch start failed | size=9 {392} | split=4 {770} + 5 {771}
[TEST] {394} tested=9/9 | kept=0 | rest=0
[WARN] batch start failed | size=9 {394} | split=4 {772} + 5 {773}
[TEST] {393} tested=8/8 | kept=0 | rest=0
[DEBUG] mihomo split-small | branch={393} | size=8 | parse=0 | names=[免费节点10] 🇺🇸 US 657 → tg@nicevpn123,[免费节点10] 🇺🇸 US 658 → tg@nicevpn123,[免费节点10] 🇺🇸 US 66 → tg@nicevpn123...+5 | err=-
[WARN] batch start failed | size=8 {393} | split=1 {774} + 1 {775} + 1 {776} + 1 {777} + 1 {778} + 1 {779} + 1 {780} + 1 {781}
[TEST] {396} tested=9/9 | kept=0 | rest=0
[WARN] batch start failed | size=9 {396} | split=4 {782} + 5 {783}
[TEST] {395} tested=9/9 | kept=0 | rest=0
[WARN] batch start failed | size=9 {395} | split=4 {784} + 5 {785}
[TEST] {397} tested=8/8 | kept=0 | rest=0
[DEBUG] mihomo split-small | branch={397} | size=8 | parse=0 | names=[免费节点10] 🇺🇸 US 70 → tg@nicevpn123,[免费节点10] 🇺🇸 US 700 → tg@nicevpn123,[免费节点10] 🇺🇸 US 701 → tg@nicevpn123...+5 | err=-
[WARN] batch start failed | size=8 {397} | split=1 {786} + 1 {787} + 1 {788} + 1 {789} + 1 {790} + 1 {791} + 1 {792} + 1 {793}
[TEST] {398} tested=9/9 | kept=0 | rest=0
[WARN] batch start failed | size=9 {398} | split=4 {794} + 5 {795}
[TEST] {400} tested=9/9 | kept=0 | rest=0
[WARN] batch start failed | size=9 {400} | split=4 {796} + 5 {797}
[TEST] {399} tested=8/8 | kept=0 | rest=0
[DEBUG] mihomo split-small | branch={399} | size=8 | parse=0 | names=[免费节点10] 🇺🇸 US 455 → tg@nicevpn123,[免费节点10] 🇺🇸 US 457 → tg@nicevpn123,[免费节点10] 🇺🇸 US 46 → tg@nicevpn123...+5 | err=-
[WARN] batch start failed | size=8 {399} | split=1 {798} + 1 {799} + 1 {800} + 1 {801} + 1 {802} + 1 {803} + 1 {804} + 1 {805}
[TEST] {402} tested=9/9 | kept=0 | rest=0
[WARN] batch start failed | size=9 {402} | split=4 {806} + 5 {807}
[TEST] {401} tested=8/8 | kept=0 | rest=0
[DEBUG] mihomo split-small | branch={401} | size=8 | parse=0 | names=[免费节点10] 🇺🇸 US 434 → tg@nicevpn123,[免费节点10] 🇺🇸 US 435 → tg@nicevpn123,[免费节点10] 🇺🇸 US 436 → tg@nicevpn123...+5 | err=-
[WARN] batch start failed | size=8 {401} | split=1 {808} + 1 {809} + 1 {810} + 1 {811} + 1 {812} + 1 {813} + 1 {814} + 1 {815}
[DEBUG] mihomo start-fail | branch={407} | size=1 | parse=1 | rc=1 | names=[Epodonios] EPODONIOS-102 | err=rc=1 Mihomo exited before controller became ready time="2026-09-28T11:40:04.792315719Z" level=info msg="Start initial configuration in progress" time="2026-09-28T11:40:04.792400788Z" level=fatal msg="Parse config error: proxy 0: ss 78.38...
[DEBUG] mihomo isolate | branch={407} | size=1 | parse=1 | names=[Epodonios] EPODONIOS-102 | err=Mihomo exited before controller became ready time="2026-09-28T11:40:04.792315719Z" level=info msg="Start initial configuration in progress" time="2026-09-28T11:40:04.792400788Z" level=fatal msg="Parse config error: proxy 0: ss 78.38.246....
[REPAIR] name=[Epodonios] EPODONIOS-102 {407} | fields=cipher
[TEST] {404} tested=9/9 | kept=0 | rest=0
[WARN] batch start failed | size=9 {404} | split=4 {816} + 5 {817}
[TEST] {403} tested=8/8 | kept=0 | rest=0
[DEBUG] mihomo split-small | branch={403} | size=8 | parse=0 | names=[免费节点10] 🇺🇸 US 395 → tg@nicevpn123,[免费节点10] 🇺🇸 US 397 → tg@nicevpn123,[免费节点10] 🇺🇸 US 398 → tg@nicevpn123...+5 | err=-
[WARN] batch start failed | size=8 {403} | split=1 {818} + 1 {819} + 1 {820} + 1 {821} + 1 {822} + 1 {823} + 1 {824} + 1 {825}
[TEST] {405} tested=1/1 | kept=0 | rest=0
[DEBUG] mihomo isolate | branch={405} | size=1 | parse=0 | names=[Epodonios] EPODONIOS-100 | err=-
[DEBUG] mihomo drop | branch={405} | size=1 | parse=0 | names=[Epodonios] EPODONIOS-100 | err=-
[DROP] name=[Epodonios] EPODONIOS-100 {405} | server=65.109.178.10:1080 | reason=mihomo start failed
[TEST] {408} tested=1/1 | kept=0 | rest=0
[TEST] {407} tested=1/1 | kept=0 | rest=0
[DEBUG] mihomo isolate | branch={408} | size=1 | parse=0 | names=[Epodonios] EPODONIOS-103 | err=-
[DEBUG] mihomo drop | branch={408} | size=1 | parse=0 | names=[Epodonios] EPODONIOS-103 | err=-
[DROP] name=[Epodonios] EPODONIOS-103 {408} | server=199.60.101.122:11626 | reason=mihomo start failed
[TEST] {406} tested=1/1 | kept=0 | rest=0
[DEBUG] mihomo isolate | branch={406} | size=1 | parse=0 | names=[Epodonios] EPODONIOS-101 | err=-
[DEBUG] mihomo drop | branch={406} | size=1 | parse=0 | names=[Epodonios] EPODONIOS-101 | err=-
[DROP] name=[Epodonios] EPODONIOS-101 {406} | server=103.36.91.32:8388 | reason=mihomo start failed
[TEST] {410} tested=9/9 | kept=0 | rest=0
[WARN] batch start failed | size=9 {410} | split=4 {826} + 5 {827}
[TEST] {409} tested=8/8 | kept=0 | rest=0
[DEBUG] mihomo split-small | branch={409} | size=8 | parse=0 | names=[免费节点10] 🇺🇸 US 412 → tg@nicevpn123,[免费节点10] 🇺🇸 US 413 → tg@nicevpn123,[免费节点10] 🇺🇸 US 416 → tg@nicevpn123...+5 | err=-
[WARN] batch start failed | size=8 {409} | split=1 {828} + 1 {829} + 1 {830} + 1 {831} + 1 {832} + 1 {833} + 1 {834} + 1 {835}
[TEST] {411} tested=8/8 | kept=0 | rest=0
[DEBUG] mihomo split-small | branch={411} | size=8 | parse=0 | names=[免费节点10] 🇺🇸 US 483 → tg@nicevpn123,[免费节点10] 🇺🇸 US 486 → tg@nicevpn123,[免费节点10] 🇺🇸 US 487 → tg@nicevpn123...+5 | err=-
[WARN] batch start failed | size=8 {411} | split=1 {836} + 1 {837} + 1 {838} + 1 {839} + 1 {840} + 1 {841} + 1 {842} + 1 {843}
[TEST] {412} tested=9/9 | kept=0 | rest=0
[WARN] batch start failed | size=9 {412} | split=4 {844} + 5 {845}
[TEST] {414} tested=9/9 | kept=0 | rest=0
[WARN] batch start failed | size=9 {414} | split=4 {846} + 5 {847}
[TEST] {413} tested=8/8 | kept=0 | rest=0
[DEBUG] mihomo split-small | branch={413} | size=8 | parse=0 | names=[免费节点10] 🇺🇸 US 508 → tg@nicevpn123,[免费节点10] 🇺🇸 US 509 → tg@nicevpn123,[免费节点10] 🇺🇸 US 51 → tg@nicevpn123...+5 | err=-
[WARN] batch start failed | size=8 {413} | split=1 {848} + 1 {849} + 1 {850} + 1 {851} + 1 {852} + 1 {853} + 1 {854} + 1 {855}
[TEST] {415} tested=1/1 | kept=0 | rest=0
[DEBUG] mihomo isolate | branch={415} | size=1 | parse=0 | names=[Epodonios] EPODONIOS-104 | err=-
[DEBUG] mihomo drop | branch={415} | size=1 | parse=0 | names=[Epodonios] EPODONIOS-104 | err=-
[DROP] name=[Epodonios] EPODONIOS-104 {415} | server=103.214.111.126:10286 | reason=mihomo start failed
[TEST] {419} tested=1/1 | kept=0 | rest=0
[DEBUG] mihomo isolate | branch={419} | size=1 | parse=0 | names=[Epodonios] EPODONIOS-108 | err=-
[DEBUG] mihomo drop | branch={419} | size=1 | parse=0 | names=[Epodonios] EPODONIOS-108 | err=-
[DROP] name=[Epodonios] EPODONIOS-108 {419} | server=18.189.171.163:443 | reason=mihomo start failed
[TEST] {416} tested=1/1 | kept=0 | rest=0
[DEBUG] mihomo isolate | branch={416} | size=1 | parse=0 | names=[Epodonios] EPODONIOS-105 | err=-
[DEBUG] mihomo drop | branch={416} | size=1 | parse=0 | names=[Epodonios] EPODONIOS-105 | err=-
[DROP] name=[Epodonios] EPODONIOS-105 {416} | server=82.47.186.18:19290 | reason=mihomo start failed
[TEST] {417} tested=1/1 | kept=0 | rest=0
[DEBUG] mihomo isolate | branch={417} | size=1 | parse=0 | names=[Epodonios] EPODONIOS-106 | err=-
[DEBUG] mihomo drop | branch={417} | size=1 | parse=0 | names=[Epodonios] EPODONIOS-106 | err=-
[DROP] name=[Epodonios] EPODONIOS-106 {417} | server=82.47.186.18:55597 | reason=mihomo start failed
[TEST] {418} tested=1/1 | kept=0 | rest=0
[DEBUG] mihomo isolate | branch={418} | size=1 | parse=0 | names=[Epodonios] EPODONIOS-107 | err=-
[DEBUG] mihomo drop | branch={418} | size=1 | parse=0 | names=[Epodonios] EPODONIOS-107 | err=-
[DROP] name=[Epodonios] EPODONIOS-107 {418} | server=156.146.62.162:443 | reason=mihomo start failed
[TEST] {420} tested=8/8 | kept=0 | rest=0
[DEBUG] mihomo split-small | branch={420} | size=8 | parse=0 | names=[免费节点10] 🇺🇸 US 546 → tg@nicevpn123,[免费节点10] 🇺🇸 US 548 → tg@nicevpn123,[免费节点10] 🇺🇸 US 549 → tg@nicevpn123...+5 | err=-
[WARN] batch start failed | size=8 {420} | split=1 {856} + 1 {857} + 1 {858} + 1 {859} + 1 {860} + 1 {861} + 1 {862} + 1 {863}
[TEST] {421} tested=9/9 | kept=0 | rest=0
[WARN] batch start failed | size=9 {421} | split=4 {864} + 5 {865}
[TEST] {425} tested=1/1 | kept=0 | rest=0
[DEBUG] mihomo isolate | branch={425} | size=1 | parse=0 | names=[免费节点10] 🇺🇸 US 527 → tg@nicevpn123 | err=-
[DEBUG] mihomo drop | branch={425} | size=1 | parse=0 | names=[免费节点10] 🇺🇸 US 527 → tg@nicevpn123 | err=-
[DROP] name=[免费节点10] 🇺🇸 US 527 → tg@nicevpn123 {425} | server=104.16.40.154:2082 | reason=mihomo start failed
[TEST] {424} tested=1/1 | kept=0 | rest=0
[DEBUG] mihomo isolate | branch={424} | size=1 | parse=0 | names=[免费节点10] 🇺🇸 US 526 → tg@nicevpn123 | err=-
[DEBUG] mihomo drop | branch={424} | size=1 | parse=0 | names=[免费节点10] 🇺🇸 US 526 → tg@nicevpn123 | err=-
[DROP] name=[免费节点10] 🇺🇸 US 526 → tg@nicevpn123 {424} | server=104.19.45.35:2095 | reason=mihomo start failed
[TEST] {427} tested=1/1 | kept=0 | rest=0
[DEBUG] mihomo isolate | branch={427} | size=1 | parse=0 | names=[免费节点10] 🇺🇸 US 53 → tg@nicevpn123 | err=-
[DEBUG] mihomo drop | branch={427} | size=1 | parse=0 | names=[免费节点10] 🇺🇸 US 53 → tg@nicevpn123 | err=-
[DROP] name=[免费节点10] 🇺🇸 US 53 → tg@nicevpn123 {427} | server=104.16.39.228:2082 | reason=mihomo start failed
[TEST] {197} tested=1/1 | kept=0 | rest=0
[DEBUG] mihomo isolate | branch={197} | size=1 | parse=0 | names=[Epodonios] EPODONIOS-93 | err=-
[DEBUG] mihomo drop | branch={197} | size=1 | parse=0 | names=[Epodonios] EPODONIOS-93 | err=-
[DROP] name=[Epodonios] EPODONIOS-93 {197} | server=109.122.251.86:20700 | reason=mihomo start failed
[TEST] {429} tested=1/1 | kept=0 | rest=0
[DEBUG] mihomo isolate | branch={429} | size=1 | parse=0 | names=[免费节点10] 🇺🇸 US 531 → tg@nicevpn123 | err=-
[DEBUG] mihomo drop | branch={429} | size=1 | parse=0 | names=[免费节点10] 🇺🇸 US 531 → tg@nicevpn123 | err=-
[DROP] name=[免费节点10] 🇺🇸 US 531 → tg@nicevpn123 {429} | server=104.21.44.64:443 | reason=mihomo start failed
[TEST] {431} tested=1/1 | kept=0 | rest=0
[DEBUG] mihomo isolate | branch={431} | size=1 | parse=0 | names=[免费节点10] 🇺🇸 US 534 → tg@nicevpn123 | err=-
[DEBUG] mihomo drop | branch={431} | size=1 | parse=0 | names=[免费节点10] 🇺🇸 US 534 → tg@nicevpn123 | err=-
[DROP] name=[免费节点10] 🇺🇸 US 534 → tg@nicevpn123 {431} | server=au01.freeflyingcloud.xyz:42002 | reason=mihomo start failed
[TEST] {430} tested=1/1 | kept=0 | rest=0
[DEBUG] mihomo isolate | branch={430} | size=1 | parse=0 | names=[免费节点10] 🇺🇸 US 532 → tg@nicevpn123 | err=-
[DEBUG] mihomo drop | branch={430} | size=1 | parse=0 | names=[免费节点10] 🇺🇸 US 532 → tg@nicevpn123 | err=-
[DROP] name=[免费节点10] 🇺🇸 US 532 → tg@nicevpn123 {430} | server=104.19.128.214:2086 | reason=mihomo start failed
[TEST] {423} tested=9/9 | kept=0 | rest=0
[WARN] batch start failed | size=9 {423} | split=4 {866} + 5 {867}
[TEST] {426} tested=1/1 | kept=0 | rest=0
[DEBUG] mihomo isolate | branch={426} | size=1 | parse=0 | names=[免费节点10] 🇺🇸 US 528 → tg@nicevpn123 | err=-
[DEBUG] mihomo drop | branch={426} | size=1 | parse=0 | names=[免费节点10] 🇺🇸 US 528 → tg@nicevpn123 | err=-
[DROP] name=[免费节点10] 🇺🇸 US 528 → tg@nicevpn123 {426} | server=149.28.58.129:45617 | reason=mihomo start failed
[TEST] {428} tested=1/1 | kept=0 | rest=0
[DEBUG] mihomo isolate | branch={428} | size=1 | parse=0 | names=[免费节点10] 🇺🇸 US 530 → tg@nicevpn123 | err=-
[DEBUG] mihomo drop | branch={428} | size=1 | parse=0 | names=[免费节点10] 🇺🇸 US 530 → tg@nicevpn123 | err=-
[DROP] name=[免费节点10] 🇺🇸 US 530 → tg@nicevpn123 {428} | server=216.246.66.205:57616 | reason=mihomo start failed
[TEST] {432} tested=1/1 | kept=0 | rest=0
[DEBUG] mihomo isolate | branch={432} | size=1 | parse=0 | names=[Pawdroid-SS-APK] 美国+V2CROSS.COM-9 | err=-
[DEBUG] mihomo drop | branch={432} | size=1 | parse=0 | names=[Pawdroid-SS-APK] 美国+V2CROSS.COM-9 | err=-
[DROP] name=[Pawdroid-SS-APK] 美国+V2CROSS.COM-9 {432} | server=mg3.mangshe.xyz:2056 | reason=mihomo start failed
[TEST] {433} tested=1/1 | kept=0 | rest=0
[DEBUG] mihomo isolate | branch={433} | size=1 | parse=0 | names=[Pawdroid-SS-APK] 俄罗斯+V2CROSS.COM-6 | err=-
[DEBUG] mihomo drop | branch={433} | size=1 | parse=0 | names=[Pawdroid-SS-APK] 俄罗斯+V2CROSS.COM-6 | err=-
[DROP] name=[Pawdroid-SS-APK] 俄罗斯+V2CROSS.COM-6 {433} | server=ru.xiaoliyu.cyou:4433 | reason=mihomo start failed
[TEST] {434} tested=1/1 | kept=0 | rest=0
[DEBUG] mihomo isolate | branch={434} | size=1 | parse=0 | names=[Pawdroid-SS-APK] 美国+V2CROSS.COM-10 | err=-
[DEBUG] mihomo drop | branch={434} | size=1 | parse=0 | names=[Pawdroid-SS-APK] 美国+V2CROSS.COM-10 | err=-
[DROP] name=[Pawdroid-SS-APK] 美国+V2CROSS.COM-10 {434} | server=xjp1.mangshe.xyz:2056 | reason=mihomo start failed
[TEST] {435} tested=1/1 | kept=0 | rest=0
[DEBUG] mihomo isolate | branch={435} | size=1 | parse=0 | names=[Pawdroid-SS-APK] 俄罗斯+莫斯科justhost.ru | err=-
[DEBUG] mihomo drop | branch={435} | size=1 | parse=0 | names=[Pawdroid-SS-APK] 俄罗斯+莫斯科justhost.ru | err=-
[DROP] name=[Pawdroid-SS-APK] 俄罗斯+莫斯科justhost.ru {435} | server=els1.mangshe.xyz:2056 | reason=mihomo start failed
[TEST] {439} tested=1/1 | kept=0 | rest=0
[DEBUG] mihomo isolate | branch={439} | size=1 | parse=0 | names=[Pawdroid-SS-APK] 挪威+V2CROSS.COM | err=-
[DEBUG] mihomo drop | branch={439} | size=1 | parse=0 | names=[Pawdroid-SS-APK] 挪威+V2CROSS.COM | err=-
[DROP] name=[Pawdroid-SS-APK] 挪威+V2CROSS.COM {439} | server=138.124.0.168:8080 | reason=mihomo start failed
[TEST] {438} tested=1/1 | kept=0 | rest=0
[DEBUG] mihomo isolate | branch={438} | size=1 | parse=0 | names=[Pawdroid-SS-APK] 俄罗斯+鞑靼斯坦喀山justhost | err=-
[DEBUG] mihomo drop | branch={438} | size=1 | parse=0 | names=[Pawdroid-SS-APK] 俄罗斯+鞑靼斯坦喀山justhost | err=-
[DROP] name=[Pawdroid-SS-APK] 俄罗斯+鞑靼斯坦喀山justhost {438} | server=els.mangshe.xyz:2056 | reason=mihomo start failed
[TEST] {436} tested=1/1 | kept=0 | rest=0
[DEBUG] mihomo isolate | branch={436} | size=1 | parse=0 | names=[Pawdroid-SS-APK] 俄罗斯+V2CROSS.COM-7 | err=-
[DEBUG] mihomo drop | branch={436} | size=1 | parse=0 | names=[Pawdroid-SS-APK] 俄罗斯+V2CROSS.COM-7 | err=-
[DROP] name=[Pawdroid-SS-APK] 俄罗斯+V2CROSS.COM-7 {436} | server=194.135.34.130:443 | reason=mihomo start failed
[TEST] {441} tested=1/1 | kept=0 | rest=0
[DEBUG] mihomo isolate | branch={441} | size=1 | parse=0 | names=[免费节点10] 🇺🇸 US 1994 → tg@nicevpn123 | err=-
[DEBUG] mihomo drop | branch={441} | size=1 | parse=0 | names=[免费节点10] 🇺🇸 US 1994 → tg@nicevpn123 | err=-
[DROP] name=[免费节点10] 🇺🇸 US 1994 → tg@nicevpn123 {441} | server=104.19.44.184:80 | reason=mihomo start failed
[TEST] {443} tested=1/1 | kept=0 | rest=0
[DEBUG] mihomo isolate | branch={443} | size=1 | parse=0 | names=[免费节点10] 🇺🇸 US 1996 → tg@nicevpn123 | err=-
[DEBUG] mihomo drop | branch={443} | size=1 | parse=0 | names=[免费节点10] 🇺🇸 US 1996 → tg@nicevpn123 | err=-
[DROP] name=[免费节点10] 🇺🇸 US 1996 → tg@nicevpn123 {443} | server=104.19.44.76:80 | reason=mihomo start failed
[TEST] {442} tested=1/1 | kept=0 | rest=0
[DEBUG] mihomo isolate | branch={442} | size=1 | parse=0 | names=[免费节点10] 🇺🇸 US 1995 → tg@nicevpn123 | err=-
[DEBUG] mihomo drop | branch={442} | size=1 | parse=0 | names=[免费节点10] 🇺🇸 US 1995 → tg@nicevpn123 | err=-
[DROP] name=[免费节点10] 🇺🇸 US 1995 → tg@nicevpn123 {442} | server=104.19.44.121:80 | reason=mihomo start failed
[TEST] {437} tested=1/1 | kept=0 | rest=0
[DEBUG] mihomo isolate | branch={437} | size=1 | parse=0 | names=[Pawdroid-SS-APK] 俄罗斯+V2CROSS.COM-8 | err=-
[DEBUG] mihomo drop | branch={437} | size=1 | parse=0 | names=[Pawdroid-SS-APK] 俄罗斯+V2CROSS.COM-8 | err=-
[DROP] name=[Pawdroid-SS-APK] 俄罗斯+V2CROSS.COM-8 {437} | server=139.28.168.58:8080 | reason=mihomo start failed
[TEST] {444} tested=1/1 | kept=0 | rest=0
[DEBUG] mihomo isolate | branch={444} | size=1 | parse=0 | names=[免费节点10] 🇺🇸 US 1997 → tg@nicevpn123 | err=-
[DEBUG] mihomo drop | branch={444} | size=1 | parse=0 | names=[免费节点10] 🇺🇸 US 1997 → tg@nicevpn123 | err=-
[DROP] name=[免费节点10] 🇺🇸 US 1997 → tg@nicevpn123 {444} | server=104.19.44.97:80 | reason=mihomo start failed
[TEST] {445} tested=1/1 | kept=0 | rest=0
[DEBUG] mihomo isolate | branch={445} | size=1 | parse=0 | names=[免费节点10] 🇺🇸 US 1998 → tg@nicevpn123 | err=-
[DEBUG] mihomo drop | branch={445} | size=1 | parse=0 | names=[免费节点10] 🇺🇸 US 1998 → tg@nicevpn123 | err=-
[DROP] name=[免费节点10] 🇺🇸 US 1998 → tg@nicevpn123 {445} | server=104.19.44.89:80 | reason=mihomo start failed
[TEST] {446} tested=1/1 | kept=0 | rest=0
[DEBUG] mihomo isolate | branch={446} | size=1 | parse=0 | names=[免费节点10] 🇺🇸 US 1999 → tg@nicevpn123 | err=-
[DEBUG] mihomo drop | branch={446} | size=1 | parse=0 | names=[免费节点10] 🇺🇸 US 1999 → tg@nicevpn123 | err=-
[DROP] name=[免费节点10] 🇺🇸 US 1999 → tg@nicevpn123 {446} | server=104.19.44.34:80 | reason=mihomo start failed
[TEST] {447} tested=1/1 | kept=0 | rest=0
[DEBUG] mihomo isolate | branch={447} | size=1 | parse=0 | names=[免费节点10] 🇺🇸 US 20 → tg@nicevpn123 | err=-
[DEBUG] mihomo drop | branch={447} | size=1 | parse=0 | names=[免费节点10] 🇺🇸 US 20 → tg@nicevpn123 | err=-
[DROP] name=[免费节点10] 🇺🇸 US 20 → tg@nicevpn123 {447} | server=104.16.39.52:2082 | reason=mihomo start failed
[TEST] {448} tested=1/1 | kept=0 | rest=0
[DEBUG] mihomo isolate | branch={448} | size=1 | parse=0 | names=[免费节点10] 🇺🇸 US 2000 → tg@nicevpn123 | err=-
[DEBUG] mihomo drop | branch={448} | size=1 | parse=0 | names=[免费节点10] 🇺🇸 US 2000 → tg@nicevpn123 | err=-
[DROP] name=[免费节点10] 🇺🇸 US 2000 → tg@nicevpn123 {448} | server=104.19.44.209:80 | reason=mihomo start failed
[TEST] {450} tested=5/5 | kept=0 | rest=0
[DEBUG] mihomo split-small | branch={450} | size=5 | parse=0 | names=[免费节点10] 🇺🇸 US 2005 → tg@nicevpn123,[免费节点10] 🇺🇸 US 2006 → tg@nicevpn123,[免费节点10] 🇺🇸 US 2007 → tg@nicevpn123...+2 | err=-
[WARN] batch start failed | size=5 {450} | split=1 {868} + 1 {869} + 1 {870} + 1 {871} + 1 {872}
[TEST] {449} tested=4/4 | kept=0 | rest=0
[DEBUG] mihomo split-small | branch={449} | size=4 | parse=0 | names=[免费节点10] 🇺🇸 US 2001 → tg@nicevpn123,[免费节点10] 🇺🇸 US 2002 → tg@nicevpn123,[免费节点10] 🇺🇸 US 2003 → tg@nicevpn123...+1 | err=-
[WARN] batch start failed | size=4 {449} | split=1 {873} + 1 {874} + 1 {875} + 1 {876}
[TEST] {451} tested=4/4 | kept=0 | rest=0
[DEBUG] mihomo split-small | branch={451} | size=4 | parse=0 | names=[免费节点10] 🇺🇸 US 1985 → tg@nicevpn123,[免费节点10] 🇺🇸 US 1986 → tg@nicevpn123,[免费节点10] 🇺🇸 US 1987 → tg@nicevpn123...+1 | err=-
[WARN] batch start failed | size=4 {451} | split=1 {877} + 1 {878} + 1 {879} + 1 {880}
[TEST] {440} tested=1/1 | kept=0 | rest=0
[DEBUG] mihomo isolate | branch={440} | size=1 | parse=0 | names=[Pawdroid-SS-APK] 俄罗斯+鞑靼斯坦喀山justhost-2 | err=-
[DEBUG] mihomo drop | branch={440} | size=1 | parse=0 | names=[Pawdroid-SS-APK] 俄罗斯+鞑靼斯坦喀山justhost-2 | err=-
[DROP] name=[Pawdroid-SS-APK] 俄罗斯+鞑靼斯坦喀山justhost-2 {440} | server=ru1.xiaoliyu.cyou:4433 | reason=mihomo start failed
[TEST] {452} tested=5/5 | kept=0 | rest=0
[DEBUG] mihomo split-small | branch={452} | size=5 | parse=0 | names=[免费节点10] 🇺🇸 US 1989 → tg@nicevpn123,[免费节点10] 🇺🇸 US 1990 → tg@nicevpn123,[免费节点10] 🇺🇸 US 1991 → tg@nicevpn123...+2 | err=-
[WARN] batch start failed | size=5 {452} | split=1 {881} + 1 {882} + 1 {883} + 1 {884} + 1 {885}
[TEST] {453} tested=1/1 | kept=0 | rest=0
[DEBUG] mihomo isolate | branch={453} | size=1 | parse=0 | names=[免费节点10] 🇺🇸 US 1978 → tg@nicevpn123 | err=-
[DEBUG] mihomo drop | branch={453} | size=1 | parse=0 | names=[免费节点10] 🇺🇸 US 1978 → tg@nicevpn123 | err=-
[DROP] name=[免费节点10] 🇺🇸 US 1978 → tg@nicevpn123 {453} | server=104.19.44.173:80 | reason=mihomo start failed
[TEST] {454} tested=1/1 | kept=0 | rest=0
[DEBUG] mihomo isolate | branch={454} | size=1 | parse=0 | names=[免费节点10] 🇺🇸 US 1979 → tg@nicevpn123 | err=-
[DEBUG] mihomo drop | branch={454} | size=1 | parse=0 | names=[免费节点10] 🇺🇸 US 1979 → tg@nicevpn123 | err=-
[DROP] name=[免费节点10] 🇺🇸 US 1979 → tg@nicevpn123 {454} | server=104.19.44.164:80 | reason=mihomo start failed
[TEST] {455} tested=1/1 | kept=0 | rest=0
[DEBUG] mihomo isolate | branch={455} | size=1 | parse=0 | names=[免费节点10] 🇺🇸 US 198 → tg@nicevpn123 | err=-
[DEBUG] mihomo drop | branch={455} | size=1 | parse=0 | names=[免费节点10] 🇺🇸 US 198 → tg@nicevpn123 | err=-
[DROP] name=[免费节点10] 🇺🇸 US 198 → tg@nicevpn123 {455} | server=104.19.45.147:2095 | reason=mihomo start failed
[TEST] {457} tested=1/1 | kept=0 | rest=0
[DEBUG] mihomo isolate | branch={457} | size=1 | parse=0 | names=[免费节点10] 🇺🇸 US 1981 → tg@nicevpn123 | err=-
[DEBUG] mihomo drop | branch={457} | size=1 | parse=0 | names=[免费节点10] 🇺🇸 US 1981 → tg@nicevpn123 | err=-
[DROP] name=[免费节点10] 🇺🇸 US 1981 → tg@nicevpn123 {457} | server=104.19.44.221:80 | reason=mihomo start failed
[TEST] {456} tested=1/1 | kept=0 | rest=0
[DEBUG] mihomo isolate | branch={456} | size=1 | parse=0 | names=[免费节点10] 🇺🇸 US 1980 → tg@nicevpn123 | err=-
[DEBUG] mihomo drop | branch={456} | size=1 | parse=0 | names=[免费节点10] 🇺🇸 US 1980 → tg@nicevpn123 | err=-
[DROP] name=[免费节点10] 🇺🇸 US 1980 → tg@nicevpn123 {456} | server=104.19.44.21:80 | reason=mihomo start failed
[TEST] {460} tested=1/1 | kept=0 | rest=0
[DEBUG] mihomo isolate | branch={460} | size=1 | parse=0 | names=[免费节点10] 🇺🇸 US 1984 → tg@nicevpn123 | err=-
[DEBUG] mihomo drop | branch={460} | size=1 | parse=0 | names=[免费节点10] 🇺🇸 US 1984 → tg@nicevpn123 | err=-
[DROP] name=[免费节点10] 🇺🇸 US 1984 → tg@nicevpn123 {460} | server=104.19.44.194:80 | reason=mihomo start failed
[TEST] {459} tested=1/1 | kept=0 | rest=0
[DEBUG] mihomo isolate | branch={459} | size=1 | parse=0 | names=[免费节点10] 🇺🇸 US 1983 → tg@nicevpn123 | err=-
[DEBUG] mihomo drop | branch={459} | size=1 | parse=0 | names=[免费节点10] 🇺🇸 US 1983 → tg@nicevpn123 | err=-
[DROP] name=[免费节点10] 🇺🇸 US 1983 → tg@nicevpn123 {459} | server=104.19.44.214:80 | reason=mihomo start failed
[TEST] {458} tested=1/1 | kept=0 | rest=0
[DEBUG] mihomo isolate | branch={458} | size=1 | parse=0 | names=[免费节点10] 🇺🇸 US 1982 → tg@nicevpn123 | err=-
[DEBUG] mihomo drop | branch={458} | size=1 | parse=0 | names=[免费节点10] 🇺🇸 US 1982 → tg@nicevpn123 | err=-
[DROP] name=[免费节点10] 🇺🇸 US 1982 → tg@nicevpn123 {458} | server=104.19.44.187:80 | reason=mihomo start failed
[TEST] {461} tested=1/1 | kept=0 | rest=0
[DEBUG] mihomo isolate | branch={461} | size=1 | parse=0 | names=[免费节点10] 🇺🇸 US 1962 → tg@nicevpn123 | err=-
[DEBUG] mihomo drop | branch={461} | size=1 | parse=0 | names=[免费节点10] 🇺🇸 US 1962 → tg@nicevpn123 | err=-
[DROP] name=[免费节点10] 🇺🇸 US 1962 → tg@nicevpn123 {461} | server=104.19.44.26:80 | reason=mihomo start failed
[TEST] {465} tested=1/1 | kept=0 | rest=0
[DEBUG] mihomo isolate | branch={465} | size=1 | parse=0 | names=[免费节点10] 🇺🇸 US 1966 → tg@nicevpn123 | err=-
[DEBUG] mihomo drop | branch={465} | size=1 | parse=0 | names=[免费节点10] 🇺🇸 US 1966 → tg@nicevpn123 | err=-
[DROP] name=[免费节点10] 🇺🇸 US 1966 → tg@nicevpn123 {465} | server=104.19.44.141:80 | reason=mihomo start failed
[TEST] {462} tested=1/1 | kept=0 | rest=0
[DEBUG] mihomo isolate | branch={462} | size=1 | parse=0 | names=[免费节点10] 🇺🇸 US 1963 → tg@nicevpn123 | err=-
[DEBUG] mihomo drop | branch={462} | size=1 | parse=0 | names=[免费节点10] 🇺🇸 US 1963 → tg@nicevpn123 | err=-
[DROP] name=[免费节点10] 🇺🇸 US 1963 → tg@nicevpn123 {462} | server=104.19.44.78:80 | reason=mihomo start failed
[TEST] {464} tested=1/1 | kept=0 | rest=0
[DEBUG] mihomo isolate | branch={464} | size=1 | parse=0 | names=[免费节点10] 🇺🇸 US 1965 → tg@nicevpn123 | err=-
[DEBUG] mihomo drop | branch={464} | size=1 | parse=0 | names=[免费节点10] 🇺🇸 US 1965 → tg@nicevpn123 | err=-
[DROP] name=[免费节点10] 🇺🇸 US 1965 → tg@nicevpn123 {464} | server=104.19.44.48:80 | reason=mihomo start failed
[TEST] {466} tested=1/1 | kept=0 | rest=0
[DEBUG] mihomo isolate | branch={466} | size=1 | parse=0 | names=[免费节点10] 🇺🇸 US 1967 → tg@nicevpn123 | err=-
[DEBUG] mihomo drop | branch={466} | size=1 | parse=0 | names=[免费节点10] 🇺🇸 US 1967 → tg@nicevpn123 | err=-
[DROP] name=[免费节点10] 🇺🇸 US 1967 → tg@nicevpn123 {466} | server=104.19.44.199:80 | reason=mihomo start failed
[TEST] {463} tested=1/1 | kept=0 | rest=0
[DEBUG] mihomo isolate | branch={463} | size=1 | parse=0 | names=[免费节点10] 🇺🇸 US 1964 → tg@nicevpn123 | err=-
[DEBUG] mihomo drop | branch={463} | size=1 | parse=0 | names=[免费节点10] 🇺🇸 US 1964 → tg@nicevpn123 | err=-
[DROP] name=[免费节点10] 🇺🇸 US 1964 → tg@nicevpn123 {463} | server=104.19.44.161:80 | reason=mihomo start failed
[TEST] {467} tested=1/1 | kept=0 | rest=0
[DEBUG] mihomo isolate | branch={467} | size=1 | parse=0 | names=[免费节点10] 🇺🇸 US 1968 → tg@nicevpn123 | err=-
[DEBUG] mihomo drop | branch={467} | size=1 | parse=0 | names=[免费节点10] 🇺🇸 US 1968 → tg@nicevpn123 | err=-
[DROP] name=[免费节点10] 🇺🇸 US 1968 → tg@nicevpn123 {467} | server=104.19.44.50:80 | reason=mihomo start failed
[TEST] {468} tested=1/1 | kept=0 | rest=0
[DEBUG] mihomo isolate | branch={468} | size=1 | parse=0 | names=[免费节点10] 🇺🇸 US 1969 → tg@nicevpn123 | err=-
[DEBUG] mihomo drop | branch={468} | size=1 | parse=0 | names=[免费节点10] 🇺🇸 US 1969 → tg@nicevpn123 | err=-
[DROP] name=[免费节点10] 🇺🇸 US 1969 → tg@nicevpn123 {468} | server=104.19.44.232:80 | reason=mihomo start failed
[TEST] {470} tested=5/5 | kept=0 | rest=0
[DEBUG] mihomo split-small | branch={470} | size=5 | parse=0 | names=[免费节点10] 🇺🇸 US 1973 → tg@nicevpn123,[免费节点10] 🇺🇸 US 1974 → tg@nicevpn123,[免费节点10] 🇺🇸 US 1975 → tg@nicevpn123...+2 | err=-
[WARN] batch start failed | size=5 {470} | split=1 {886} + 1 {887} + 1 {888} + 1 {889} + 1 {890}
[TEST] {469} tested=4/4 | kept=0 | rest=0
[DEBUG] mihomo split-small | branch={469} | size=4 | parse=0 | names=[免费节点10] 🇺🇸 US 197 → tg@nicevpn123,[免费节点10] 🇺🇸 US 1970 → tg@nicevpn123,[免费节点10] 🇺🇸 US 1971 → tg@nicevpn123...+1 | err=-
[WARN] batch start failed | size=4 {469} | split=1 {891} + 1 {892} + 1 {893} + 1 {894}
[TEST] {472} tested=5/5 | kept=0 | rest=0
[DEBUG] mihomo split-small | branch={472} | size=5 | parse=0 | names=[免费节点10] 🇺🇸 US 2021 → tg@nicevpn123,[免费节点10] 🇺🇸 US 2022 → tg@nicevpn123,[免费节点10] 🇺🇸 US 2023 → tg@nicevpn123...+2 | err=-
[WARN] batch start failed | size=5 {472} | split=1 {895} + 1 {896} + 1 {897} + 1 {898} + 1 {899}
[TEST] {471} tested=4/4 | kept=0 | rest=0
[DEBUG] mihomo split-small | branch={471} | size=4 | parse=0 | names=[免费节点10] 🇺🇸 US 2017 → tg@nicevpn123,[免费节点10] 🇺🇸 US 2018 → tg@nicevpn123,[免费节点10] 🇺🇸 US 2019 → tg@nicevpn123...+1 | err=-
[WARN] batch start failed | size=4 {471} | split=1 {900} + 1 {901} + 1 {902} + 1 {903}
[TEST] {473} tested=1/1 | kept=0 | rest=0
[DEBUG] mihomo isolate | branch={473} | size=1 | parse=0 | names=[免费节点10] 🇺🇸 US 2026 → tg@nicevpn123 | err=-
[DEBUG] mihomo drop | branch={473} | size=1 | parse=0 | names=[免费节点10] 🇺🇸 US 2026 → tg@nicevpn123 | err=-
[DROP] name=[免费节点10] 🇺🇸 US 2026 → tg@nicevpn123 {473} | server=104.19.44.237:80 | reason=mihomo start failed
[TEST] {474} tested=1/1 | kept=0 | rest=0
[DEBUG] mihomo isolate | branch={474} | size=1 | parse=0 | names=[免费节点10] 🇺🇸 US 2027 → tg@nicevpn123 | err=-
[DEBUG] mihomo drop | branch={474} | size=1 | parse=0 | names=[免费节点10] 🇺🇸 US 2027 → tg@nicevpn123 | err=-
[DROP] name=[免费节点10] 🇺🇸 US 2027 → tg@nicevpn123 {474} | server=104.19.44.205:80 | reason=mihomo start failed
[TEST] {475} tested=1/1 | kept=0 | rest=0
[DEBUG] mihomo isolate | branch={475} | size=1 | parse=0 | names=[免费节点10] 🇺🇸 US 2028 → tg@nicevpn123 | err=-
[DEBUG] mihomo drop | branch={475} | size=1 | parse=0 | names=[免费节点10] 🇺🇸 US 2028 → tg@nicevpn123 | err=-
[DROP] name=[免费节点10] 🇺🇸 US 2028 → tg@nicevpn123 {475} | server=104.19.44.18:80 | reason=mihomo start failed
[TEST] {477} tested=1/1 | kept=0 | rest=0
[DEBUG] mihomo isolate | branch={477} | size=1 | parse=0 | names=[免费节点10] 🇺🇸 US 2030 → tg@nicevpn123 | err=-
[DEBUG] mihomo drop | branch={477} | size=1 | parse=0 | names=[免费节点10] 🇺🇸 US 2030 → tg@nicevpn123 | err=-
[DROP] name=[免费节点10] 🇺🇸 US 2030 → tg@nicevpn123 {477} | server=104.19.44.129:80 | reason=mihomo start failed
[TEST] {476} tested=1/1 | kept=0 | rest=0
[DEBUG] mihomo isolate | branch={476} | size=1 | parse=0 | names=[免费节点10] 🇺🇸 US 2029 → tg@nicevpn123 | err=-
[DEBUG] mihomo drop | branch={476} | size=1 | parse=0 | names=[免费节点10] 🇺🇸 US 2029 → tg@nicevpn123 | err=-
[DROP] name=[免费节点10] 🇺🇸 US 2029 → tg@nicevpn123 {476} | server=104.19.45.45:80 | reason=mihomo start failed
[TEST] {478} tested=1/1 | kept=0 | rest=0
[DEBUG] mihomo isolate | branch={478} | size=1 | parse=0 | names=[免费节点10] 🇺🇸 US 2031 → tg@nicevpn123 | err=-
[DEBUG] mihomo drop | branch={478} | size=1 | parse=0 | names=[免费节点10] 🇺🇸 US 2031 → tg@nicevpn123 | err=-
[DROP] name=[免费节点10] 🇺🇸 US 2031 → tg@nicevpn123 {478} | server=104.19.44.142:80 | reason=mihomo start failed
[TEST] {480} tested=1/1 | kept=0 | rest=0
[DEBUG] mihomo isolate | branch={480} | size=1 | parse=0 | names=[免费节点10] 🇺🇸 US 2033 → tg@nicevpn123 | err=-
[DEBUG] mihomo drop | branch={480} | size=1 | parse=0 | names=[免费节点10] 🇺🇸 US 2033 → tg@nicevpn123 | err=-
[DROP] name=[免费节点10] 🇺🇸 US 2033 → tg@nicevpn123 {480} | server=104.19.45.219:2095 | reason=mihomo start failed
[TEST] {482} tested=1/1 | kept=0 | rest=0
[DEBUG] mihomo isolate | branch={482} | size=1 | parse=0 | names=[Epodonios] EPODONIOS-118 | err=-
[DEBUG] mihomo drop | branch={482} | size=1 | parse=0 | names=[Epodonios] EPODONIOS-118 | err=-
[DROP] name=[Epodonios] EPODONIOS-118 {482} | server=0.0.0.0:1 | reason=mihomo start failed
[TEST] {479} tested=1/1 | kept=0 | rest=0
[DEBUG] mihomo isolate | branch={479} | size=1 | parse=0 | names=[免费节点10] 🇺🇸 US 2032 → tg@nicevpn123 | err=-
[DEBUG] mihomo drop | branch={479} | size=1 | parse=0 | names=[免费节点10] 🇺🇸 US 2032 → tg@nicevpn123 | err=-
[DROP] name=[免费节点10] 🇺🇸 US 2032 → tg@nicevpn123 {479} | server=104.19.44.186:80 | reason=mihomo start failed
[TEST] {483} tested=1/1 | kept=0 | rest=0
[DEBUG] mihomo isolate | branch={483} | size=1 | parse=0 | names=[Epodonios] EPODONIOS-119 | err=-
[DEBUG] mihomo drop | branch={483} | size=1 | parse=0 | names=[Epodonios] EPODONIOS-119 | err=-
[DROP] name=[Epodonios] EPODONIOS-119 {483} | server=0.0.0.0:2 | reason=mihomo start failed
[TEST] {485} tested=1/1 | kept=0 | rest=0
[DEBUG] mihomo isolate | branch={485} | size=1 | parse=0 | names=[Epodonios] EPODONIOS-121 | err=-
[DEBUG] mihomo drop | branch={485} | size=1 | parse=0 | names=[Epodonios] EPODONIOS-121 | err=-
[DROP] name=[Epodonios] EPODONIOS-121 {485} | server=185.22.155.162:10808 | reason=mihomo start failed
[TEST] {487} tested=1/1 | kept=0 | rest=0
[DEBUG] mihomo isolate | branch={487} | size=1 | parse=0 | names=[Epodonios] EPODONIOS-123 | err=-
[DEBUG] mihomo drop | branch={487} | size=1 | parse=0 | names=[Epodonios] EPODONIOS-123 | err=-
[DROP] name=[Epodonios] EPODONIOS-123 {487} | server=23.157.40.120:8000 | reason=mihomo start failed
[TEST] {481} tested=1/1 | kept=0 | rest=0
[DEBUG] mihomo isolate | branch={481} | size=1 | parse=0 | names=[Epodonios] EPODONIOS-117 | err=-
[DEBUG] mihomo drop | branch={481} | size=1 | parse=0 | names=[Epodonios] EPODONIOS-117 | err=-
[DROP] name=[Epodonios] EPODONIOS-117 {481} | server=15.188.153.82:22224 | reason=mihomo start failed
[TEST] {484} tested=1/1 | kept=0 | rest=0
[DEBUG] mihomo isolate | branch={484} | size=1 | parse=0 | names=[Epodonios] EPODONIOS-120 | err=-
[DEBUG] mihomo drop | branch={484} | size=1 | parse=0 | names=[Epodonios] EPODONIOS-120 | err=-
[DROP] name=[Epodonios] EPODONIOS-120 {484} | server=45.8.158.176:10801 | reason=mihomo start failed
[TEST] {486} tested=1/1 | kept=0 | rest=0
[DEBUG] mihomo isolate | branch={486} | size=1 | parse=0 | names=[Epodonios] EPODONIOS-122 | err=-
[DEBUG] mihomo drop | branch={486} | size=1 | parse=0 | names=[Epodonios] EPODONIOS-122 | err=-
[DROP] name=[Epodonios] EPODONIOS-122 {486} | server=139.84.166.47:8388 | reason=mihomo start failed
[DEBUG] mihomo start-fail | branch={490} | size=1 | parse=1 | rc=1 | names=[Epodonios] EPODONIOS-287 | err=rc=1 Mihomo exited before controller became ready time="2026-09-28T11:40:47.780909096Z" level=info msg="Start initial configuration in progress" time="2026-09-28T11:40:47.780989908Z" level=fatal msg="Parse config error: proxy 0: 'reality...
[DEBUG] mihomo isolate | branch={490} | size=1 | parse=1 | names=[Epodonios] EPODONIOS-287 | err=Mihomo exited before controller became ready time="2026-09-28T11:40:47.780909096Z" level=info msg="Start initial configuration in progress" time="2026-09-28T11:40:47.780989908Z" level=fatal msg="Parse config error: proxy 0: 'reality-opts...
[DEBUG] mihomo drop | branch={490} | size=1 | parse=1 | names=[Epodonios] EPODONIOS-287 | err=Mihomo exited before controller became ready time="2026-09-28T11:40:47.780909096Z" level=info msg="Start initial configuration in progress" time="2026-09-28T11:40:47.780989908Z" level=fatal msg="Parse config error: proxy 0: 'reality-opts...
[DROP] name=[Epodonios] EPODONIOS-287 {490} | server=194.93.61.120:443 | reason=Parse config error: proxy 0: 'reality-opts' has unset fields: public-key
[TEST] {491} tested=1/1 | kept=0 | rest=0
[DEBUG] mihomo isolate | branch={491} | size=1 | parse=0 | names=[Epodonios] EPODONIOS-288 | err=-
[DEBUG] mihomo drop | branch={491} | size=1 | parse=0 | names=[Epodonios] EPODONIOS-288 | err=-
[DROP] name=[Epodonios] EPODONIOS-288 {491} | server=139.59.238.97:50573 | reason=mihomo start failed
[TEST] {488} tested=1/1 | kept=0 | rest=0
[DEBUG] mihomo isolate | branch={488} | size=1 | parse=0 | names=[Epodonios] EPODONIOS-124 | err=-
[DEBUG] mihomo drop | branch={488} | size=1 | parse=0 | names=[Epodonios] EPODONIOS-124 | err=-
[DROP] name=[Epodonios] EPODONIOS-124 {488} | server=23.157.40.53:8080 | reason=mihomo start failed
[TEST] {493} tested=1/1 | kept=0 | rest=0
[DEBUG] mihomo isolate | branch={493} | size=1 | parse=0 | names=[Epodonios] EPODONIOS-290 | err=-
[DEBUG] mihomo drop | branch={493} | size=1 | parse=0 | names=[Epodonios] EPODONIOS-290 | err=-
[DROP] name=[Epodonios] EPODONIOS-290 {493} | server=172.236.220.10:443 | reason=mihomo start failed
[TEST] {495} tested=4/4 | kept=0 | rest=0
[DEBUG] mihomo split-small | branch={495} | size=4 | parse=0 | names=[免费节点10] 🇺🇸 US 1938 → tg@nicevpn123,[免费节点10] 🇺🇸 US 1939 → tg@nicevpn123,[免费节点10] 🇺🇸 US 194 → tg@nicevpn123...+1 | err=-
[WARN] batch start failed | size=4 {495} | split=1 {904} + 1 {905} + 1 {906} + 1 {907}
[TEST] {496} tested=5/5 | kept=0 | rest=0
[DEBUG] mihomo split-small | branch={496} | size=5 | parse=0 | names=[免费节点10] 🇺🇸 US 1941 → tg@nicevpn123,[免费节点10] 🇺🇸 US 1942 → tg@nicevpn123,[免费节点10] 🇺🇸 US 1943 → tg@nicevpn123...+2 | err=-
[WARN] batch start failed | size=5 {496} | split=1 {908} + 1 {909} + 1 {910} + 1 {911} + 1 {912}
[TEST] {498} tested=1/1 | kept=0 | rest=0
[DEBUG] mihomo isolate | branch={498} | size=1 | parse=0 | names=[免费节点10] 🇺🇸 US 2010 → tg@nicevpn123 | err=-
[DEBUG] mihomo drop | branch={498} | size=1 | parse=0 | names=[免费节点10] 🇺🇸 US 2010 → tg@nicevpn123 | err=-
[DROP] name=[免费节点10] 🇺🇸 US 2010 → tg@nicevpn123 {498} | server=104.19.44.7:80 | reason=mihomo start failed
[TEST] {489} tested=1/1 | kept=0 | rest=0
[DEBUG] mihomo isolate | branch={489} | size=1 | parse=0 | names=[Epodonios] EPODONIOS-125 | err=-
[DEBUG] mihomo drop | branch={489} | size=1 | parse=0 | names=[Epodonios] EPODONIOS-125 | err=-
[DROP] name=[Epodonios] EPODONIOS-125 {489} | server=23.157.40.53:8090 | reason=mihomo start failed
[TEST] {499} tested=1/1 | kept=0 | rest=0
[DEBUG] mihomo isolate | branch={499} | size=1 | parse=0 | names=[免费节点10] 🇺🇸 US 2011 → tg@nicevpn123 | err=-
[DEBUG] mihomo drop | branch={499} | size=1 | parse=0 | names=[免费节点10] 🇺🇸 US 2011 → tg@nicevpn123 | err=-
[DROP] name=[免费节点10] 🇺🇸 US 2011 → tg@nicevpn123 {499} | server=104.19.44.59:80 | reason=mihomo start failed
[TEST] {501} tested=1/1 | kept=0 | rest=0
[TEST] {492} tested=1/1 | kept=0 | rest=0
[DEBUG] mihomo isolate | branch={501} | size=1 | parse=0 | names=[免费节点10] 🇺🇸 US 2013 → tg@nicevpn123 | err=-
[DEBUG] mihomo drop | branch={501} | size=1 | parse=0 | names=[免费节点10] 🇺🇸 US 2013 → tg@nicevpn123 | err=-
[DROP] name=[免费节点10] 🇺🇸 US 2013 → tg@nicevpn123 {501} | server=104.19.44.241:80 | reason=mihomo start failed
[DEBUG] mihomo isolate | branch={492} | size=1 | parse=0 | names=[Epodonios] EPODONIOS-289 | err=-
[DEBUG] mihomo drop | branch={492} | size=1 | parse=0 | names=[Epodonios] EPODONIOS-289 | err=-
[DROP] name=[Epodonios] EPODONIOS-289 {492} | server=172.238.120.124:443 | reason=mihomo start failed
[TEST] {500} tested=1/1 | kept=0 | rest=0
[DEBUG] mihomo isolate | branch={500} | size=1 | parse=0 | names=[免费节点10] 🇺🇸 US 2012 → tg@nicevpn123 | err=-
[DEBUG] mihomo drop | branch={500} | size=1 | parse=0 | names=[免费节点10] 🇺🇸 US 2012 → tg@nicevpn123 | err=-
[DROP] name=[免费节点10] 🇺🇸 US 2012 → tg@nicevpn123 {500} | server=104.19.44.238:80 | reason=mihomo start failed
[TEST] {502} tested=1/1 | kept=0 | rest=0
[DEBUG] mihomo isolate | branch={502} | size=1 | parse=0 | names=[免费节点10] 🇺🇸 US 2014 → tg@nicevpn123 | err=-
[DEBUG] mihomo drop | branch={502} | size=1 | parse=0 | names=[免费节点10] 🇺🇸 US 2014 → tg@nicevpn123 | err=-
[DROP] name=[免费节点10] 🇺🇸 US 2014 → tg@nicevpn123 {502} | server=104.19.44.219:80 | reason=mihomo start failed
[TEST] {494} tested=1/1 | kept=0 | rest=0
[DEBUG] mihomo isolate | branch={494} | size=1 | parse=0 | names=[Epodonios] EPODONIOS-291 | err=-
[DEBUG] mihomo drop | branch={494} | size=1 | parse=0 | names=[Epodonios] EPODONIOS-291 | err=-
[DROP] name=[Epodonios] EPODONIOS-291 {494} | server=15.223.8.8:22222 | reason=mihomo start failed
[TEST] {503} tested=1/1 | kept=0 | rest=0
[TEST] {504} tested=1/1 | kept=0 | rest=0
[DEBUG] mihomo isolate | branch={504} | size=1 | parse=0 | names=[免费节点10] 🇺🇸 US 2016 → tg@nicevpn123 | err=-
[DEBUG] mihomo drop | branch={504} | size=1 | parse=0 | names=[免费节点10] 🇺🇸 US 2016 → tg@nicevpn123 | err=-
[DROP] name=[免费节点10] 🇺🇸 US 2016 → tg@nicevpn123 {504} | server=104.19.44.85:80 | reason=mihomo start failed
[DEBUG] mihomo isolate | branch={503} | size=1 | parse=0 | names=[免费节点10] 🇺🇸 US 2015 → tg@nicevpn123 | err=-
[DEBUG] mihomo drop | branch={503} | size=1 | parse=0 | names=[免费节点10] 🇺🇸 US 2015 → tg@nicevpn123 | err=-
[DROP] name=[免费节点10] 🇺🇸 US 2015 → tg@nicevpn123 {503} | server=104.19.44.75:80 | reason=mihomo start failed
[TEST] {505} tested=1/1 | kept=0 | rest=0
[DEBUG] mihomo isolate | branch={505} | size=1 | parse=0 | names=[免费节点10] 🇺🇸 US 1930 → tg@nicevpn123 | err=-
[DEBUG] mihomo drop | branch={505} | size=1 | parse=0 | names=[免费节点10] 🇺🇸 US 1930 → tg@nicevpn123 | err=-
[DROP] name=[免费节点10] 🇺🇸 US 1930 → tg@nicevpn123 {505} | server=104.19.44.133:80 | reason=mihomo start failed
[TEST] {507} tested=1/1 | kept=0 | rest=0
[DEBUG] mihomo isolate | branch={507} | size=1 | parse=0 | names=[免费节点10] 🇺🇸 US 1932 → tg@nicevpn123 | err=-
[DEBUG] mihomo drop | branch={507} | size=1 | parse=0 | names=[免费节点10] 🇺🇸 US 1932 → tg@nicevpn123 | err=-
[DROP] name=[免费节点10] 🇺🇸 US 1932 → tg@nicevpn123 {507} | server=104.19.44.198:80 | reason=mihomo start failed
[TEST] {506} tested=1/1 | kept=0 | rest=0
[DEBUG] mihomo isolate | branch={506} | size=1 | parse=0 | names=[免费节点10] 🇺🇸 US 1931 → tg@nicevpn123 | err=-
[DEBUG] mihomo drop | branch={506} | size=1 | parse=0 | names=[免费节点10] 🇺🇸 US 1931 → tg@nicevpn123 | err=-
[DROP] name=[免费节点10] 🇺🇸 US 1931 → tg@nicevpn123 {506} | server=104.19.44.200:80 | reason=mihomo start failed
[TEST] {508} tested=1/1 | kept=0 | rest=0
[DEBUG] mihomo isolate | branch={508} | size=1 | parse=0 | names=[免费节点10] 🇺🇸 US 1933 → tg@nicevpn123 | err=-
[DEBUG] mihomo drop | branch={508} | size=1 | parse=0 | names=[免费节点10] 🇺🇸 US 1933 → tg@nicevpn123 | err=-
[DROP] name=[免费节点10] 🇺🇸 US 1933 → tg@nicevpn123 {508} | server=104.19.44.2:80 | reason=mihomo start failed
[TEST] {510} tested=1/1 | kept=0 | rest=0
[DEBUG] mihomo isolate | branch={510} | size=1 | parse=0 | names=[免费节点10] 🇺🇸 US 1935 → tg@nicevpn123 | err=-
[DEBUG] mihomo drop | branch={510} | size=1 | parse=0 | names=[免费节点10] 🇺🇸 US 1935 → tg@nicevpn123 | err=-
[DROP] name=[免费节点10] 🇺🇸 US 1935 → tg@nicevpn123 {510} | server=104.19.44.68:80 | reason=mihomo start failed
[TEST] {509} tested=1/1 | kept=0 | rest=0
[DEBUG] mihomo isolate | branch={509} | size=1 | parse=0 | names=[免费节点10] 🇺🇸 US 1934 → tg@nicevpn123 | err=-
[DEBUG] mihomo drop | branch={509} | size=1 | parse=0 | names=[免费节点10] 🇺🇸 US 1934 → tg@nicevpn123 | err=-
[DROP] name=[免费节点10] 🇺🇸 US 1934 → tg@nicevpn123 {509} | server=104.19.44.70:80 | reason=mihomo start failed
[TEST] {511} tested=1/1 | kept=0 | rest=0
[DEBUG] mihomo isolate | branch={511} | size=1 | parse=0 | names=[免费节点10] 🇺🇸 US 1936 → tg@nicevpn123 | err=-
[DEBUG] mihomo drop | branch={511} | size=1 | parse=0 | names=[免费节点10] 🇺🇸 US 1936 → tg@nicevpn123 | err=-
[DROP] name=[免费节点10] 🇺🇸 US 1936 → tg@nicevpn123 {511} | server=104.19.44.27:80 | reason=mihomo start failed
[TEST] {512} tested=1/1 | kept=0 | rest=0
[DEBUG] mihomo isolate | branch={512} | size=1 | parse=0 | names=[免费节点10] 🇺🇸 US 1937 → tg@nicevpn123 | err=-
[DEBUG] mihomo drop | branch={512} | size=1 | parse=0 | names=[免费节点10] 🇺🇸 US 1937 → tg@nicevpn123 | err=-
[DROP] name=[免费节点10] 🇺🇸 US 1937 → tg@nicevpn123 {512} | server=104.19.44.143:80 | reason=mihomo start failed
[TEST] {513} tested=4/4 | kept=0 | rest=0
[DEBUG] mihomo split-small | branch={513} | size=4 | parse=0 | names=[免费节点10] 🇺🇸 US 2034 → tg@nicevpn123,[免费节点10] 🇺🇸 US 2035 → tg@nicevpn123,[免费节点10] 🇺🇸 US 2036 → tg@nicevpn123...+1 | err=-
[WARN] batch start failed | size=4 {513} | split=1 {913} + 1 {914} + 1 {915} + 1 {916}
[TEST] {515} tested=1/1 | kept=0 | rest=0
[DEBUG] mihomo isolate | branch={515} | size=1 | parse=0 | names=[Epodonios] EPODONIOS-233 | err=-
[DEBUG] mihomo drop | branch={515} | size=1 | parse=0 | names=[Epodonios] EPODONIOS-233 | err=-
[DROP] name=[Epodonios] EPODONIOS-233 {515} | server=167.82.76.7:443 | reason=mihomo start failed
[TEST] {516} tested=1/1 | kept=0 | rest=0
[DEBUG] mihomo isolate | branch={516} | size=1 | parse=0 | names=[Epodonios] EPODONIOS-234 | err=-
[DEBUG] mihomo drop | branch={516} | size=1 | parse=0 | names=[Epodonios] EPODONIOS-234 | err=-
[DROP] name=[Epodonios] EPODONIOS-234 {516} | server=199.232.78.101:443 | reason=mihomo start failed
[TEST] {497} tested=1/1 | kept=0 | rest=0
[DEBUG] mihomo isolate | branch={497} | size=1 | parse=0 | names=[免费节点10] 🇺🇸 US 201 → tg@nicevpn123 | err=-
[DEBUG] mihomo drop | branch={497} | size=1 | parse=0 | names=[免费节点10] 🇺🇸 US 201 → tg@nicevpn123 | err=-
[DROP] name=[免费节点10] 🇺🇸 US 201 → tg@nicevpn123 {497} | server=ip0axv1bbsu02k7-jp.1ytnode.com:56341 | reason=mihomo start failed
[TEST] {517} tested=1/1 | kept=0 | rest=0
[DEBUG] mihomo isolate | branch={517} | size=1 | parse=0 | names=[Epodonios] EPODONIOS-235 | err=-
[DEBUG] mihomo drop | branch={517} | size=1 | parse=0 | names=[Epodonios] EPODONIOS-235 | err=-
[DROP] name=[Epodonios] EPODONIOS-235 {517} | server=199.232.78.160:443 | reason=mihomo start failed
[TEST] {518} tested=1/1 | kept=0 | rest=0
[DEBUG] mihomo isolate | branch={518} | size=1 | parse=0 | names=[Epodonios] EPODONIOS-236 | err=-
[DEBUG] mihomo drop | branch={518} | size=1 | parse=0 | names=[Epodonios] EPODONIOS-236 | err=-
[DROP] name=[Epodonios] EPODONIOS-236 {518} | server=140.248.185.253:443 | reason=mihomo start failed
[TEST] {519} tested=1/1 | kept=0 | rest=0
[DEBUG] mihomo isolate | branch={519} | size=1 | parse=0 | names=[Epodonios] EPODONIOS-237 | err=-
[DEBUG] mihomo drop | branch={519} | size=1 | parse=0 | names=[Epodonios] EPODONIOS-237 | err=-
[DROP] name=[Epodonios] EPODONIOS-237 {519} | server=151.101.56.230:443 | reason=mihomo start failed
[TEST] {521} tested=1/1 | kept=0 | rest=0
[DEBUG] mihomo isolate | branch={521} | size=1 | parse=0 | names=[Epodonios] EPODONIOS-239 | err=-
[DEBUG] mihomo drop | branch={521} | size=1 | parse=0 | names=[Epodonios] EPODONIOS-239 | err=-
[DROP] name=[Epodonios] EPODONIOS-239 {521} | server=199.232.78.101:443 | reason=mihomo start failed
[TEST] {520} tested=1/1 | kept=0 | rest=0
[DEBUG] mihomo isolate | branch={520} | size=1 | parse=0 | names=[Epodonios] EPODONIOS-238 | err=-
[DEBUG] mihomo drop | branch={520} | size=1 | parse=0 | names=[Epodonios] EPODONIOS-238 | err=-
[DROP] name=[Epodonios] EPODONIOS-238 {520} | server=167.82.76.7:443 | reason=mihomo start failed
[TEST] {522} tested=1/1 | kept=0 | rest=0
[DEBUG] mihomo isolate | branch={522} | size=1 | parse=0 | names=[Epodonios] EPODONIOS-240 | err=-
[DEBUG] mihomo drop | branch={522} | size=1 | parse=0 | names=[Epodonios] EPODONIOS-240 | err=-
[DROP] name=[Epodonios] EPODONIOS-240 {522} | server=199.232.78.160:443 | reason=mihomo start failed
[TEST] {523} tested=1/1 | kept=0 | rest=0
[DEBUG] mihomo isolate | branch={523} | size=1 | parse=0 | names=[Epodonios] EPODONIOS-241 | err=-
[DEBUG] mihomo drop | branch={523} | size=1 | parse=0 | names=[Epodonios] EPODONIOS-241 | err=-
[DROP] name=[Epodonios] EPODONIOS-241 {523} | server=151.101.0.0:80 | reason=mihomo start failed
[TEST] {524} tested=1/1 | kept=0 | rest=0
[DEBUG] mihomo isolate | branch={524} | size=1 | parse=0 | names=[Epodonios] EPODONIOS-283 | err=-
[DEBUG] mihomo drop | branch={524} | size=1 | parse=0 | names=[Epodonios] EPODONIOS-283 | err=-
[DROP] name=[Epodonios] EPODONIOS-283 {524} | server=188.114.96.5:2083 | reason=mihomo start failed
[TEST] {525} tested=1/1 | kept=0 | rest=0
[DEBUG] mihomo isolate | branch={525} | size=1 | parse=0 | names=[Epodonios] EPODONIOS-284 | err=-
[DEBUG] mihomo drop | branch={525} | size=1 | parse=0 | names=[Epodonios] EPODONIOS-284 | err=-
[DROP] name=[Epodonios] EPODONIOS-284 {525} | server=193.233.133.152:28390 | reason=mihomo start failed
[TEST] {527} tested=1/1 | kept=0 | rest=0
[DEBUG] mihomo isolate | branch={527} | size=1 | parse=0 | names=[Epodonios] EPODONIOS-286 | err=-
[DEBUG] mihomo drop | branch={527} | size=1 | parse=0 | names=[Epodonios] EPODONIOS-286 | err=-
[DROP] name=[Epodonios] EPODONIOS-286 {527} | server=191.44.113.95:443 | reason=mihomo start failed
[TEST] {529} tested=1/1 | kept=0 | rest=0
[DEBUG] mihomo isolate | branch={529} | size=1 | parse=0 | names=[免费节点10] 🇺🇸 US 207 → tg@nicevpn123 | err=-
[DEBUG] mihomo drop | branch={529} | size=1 | parse=0 | names=[免费节点10] 🇺🇸 US 207 → tg@nicevpn123 | err=-
[DROP] name=[免费节点10] 🇺🇸 US 207 → tg@nicevpn123 {529} | server=debbc.qkhbyf.tech:443 | reason=mihomo start failed
[TEST] {532} tested=1/1 | kept=0 | rest=0
[DEBUG] mihomo isolate | branch={532} | size=1 | parse=0 | names=[免费节点10] 🇺🇸 US 211 → tg@nicevpn123 | err=-
[DEBUG] mihomo drop | branch={532} | size=1 | parse=0 | names=[免费节点10] 🇺🇸 US 211 → tg@nicevpn123 | err=-
[DROP] name=[免费节点10] 🇺🇸 US 211 → tg@nicevpn123 {532} | server=104.19.48.168:2082 | reason=mihomo start failed
[TEST] {530} tested=1/1 | kept=0 | rest=0
[DEBUG] mihomo isolate | branch={530} | size=1 | parse=0 | names=[免费节点10] 🇺🇸 US 208 → tg@nicevpn123 | err=-
[DEBUG] mihomo drop | branch={530} | size=1 | parse=0 | names=[免费节点10] 🇺🇸 US 208 → tg@nicevpn123 | err=-
[DROP] name=[免费节点10] 🇺🇸 US 208 → tg@nicevpn123 {530} | server=series-a2-me.varzesh360.co:443 | reason=mihomo start failed
[TEST] {533} tested=1/1 | kept=0 | rest=0
[DEBUG] mihomo isolate | branch={533} | size=1 | parse=0 | names=[免费节点10] 🇺🇸 US 213 → tg@nicevpn123 | err=-
[DEBUG] mihomo drop | branch={533} | size=1 | parse=0 | names=[免费节点10] 🇺🇸 US 213 → tg@nicevpn123 | err=-
[DROP] name=[免费节点10] 🇺🇸 US 213 → tg@nicevpn123 {533} | server=103.79.79.57:31231 | reason=mihomo start failed
[TEST] {531} tested=1/1 | kept=0 | rest=0
[DEBUG] mihomo isolate | branch={531} | size=1 | parse=0 | names=[免费节点10] 🇺🇸 US 209 → tg@nicevpn123 | err=-
[DEBUG] mihomo drop | branch={531} | size=1 | parse=0 | names=[免费节点10] 🇺🇸 US 209 → tg@nicevpn123 | err=-
[DROP] name=[免费节点10] 🇺🇸 US 209 → tg@nicevpn123 {531} | server=uk-full.privateip.net:443 | reason=mihomo start failed
[TEST] {534} tested=1/1 | kept=0 | rest=0
[DEBUG] mihomo isolate | branch={534} | size=1 | parse=0 | names=[免费节点10] 🇺🇸 US 215 → tg@nicevpn123 | err=-
[DEBUG] mihomo drop | branch={534} | size=1 | parse=0 | names=[免费节点10] 🇺🇸 US 215 → tg@nicevpn123 | err=-
[DROP] name=[免费节点10] 🇺🇸 US 215 → tg@nicevpn123 {534} | server=ak1757.www.outline.network.fr8678825324247b8176d59f83c30bd94d23d2e3ac5cd4a743bkwqeikvdyufr.cyou:8080 | reason=mihomo start failed
[TEST] {535} tested=1/1 | kept=0 | rest=0
[DEBUG] mihomo isolate | branch={535} | size=1 | parse=0 | names=[免费节点10] 🇺🇸 US 216 → tg@nicevpn123 | err=-
[DEBUG] mihomo drop | branch={535} | size=1 | parse=0 | names=[免费节点10] 🇺🇸 US 216 → tg@nicevpn123 | err=-
[DROP] name=[免费节点10] 🇺🇸 US 216 → tg@nicevpn123 {535} | server=104.19.45.199:2095 | reason=mihomo start failed
[TEST] {514} tested=5/5 | kept=0 | rest=0
[DEBUG] mihomo split-small | branch={514} | size=5 | parse=0 | names=[免费节点10] 🇺🇸 US 2038 → tg@nicevpn123,[免费节点10] 🇺🇸 US 2039 → tg@nicevpn123,[免费节点10] 🇺🇸 US 204 → tg@nicevpn123...+2 | err=-
[WARN] batch start failed | size=5 {514} | split=1 {917} + 1 {918} + 1 {919} + 1 {920} + 1 {921}
[TEST] {526} tested=1/1 | kept=0 | rest=0
[DEBUG] mihomo isolate | branch={526} | size=1 | parse=0 | names=[Epodonios] EPODONIOS-285 | err=-
[DEBUG] mihomo drop | branch={526} | size=1 | parse=0 | names=[Epodonios] EPODONIOS-285 | err=-
[DROP] name=[Epodonios] EPODONIOS-285 {526} | server=191.44.113.150:443 | reason=mihomo start failed
[TEST] {539} tested=5/5 | kept=0 | rest=0
[DEBUG] mihomo split-small | branch={539} | size=5 | parse=0 | names=[免费节点10] 🇺🇸 US 1957 → tg@nicevpn123,[免费节点10] 🇺🇸 US 1958 → tg@nicevpn123,[免费节点10] 🇺🇸 US 1959 → tg@nicevpn123...+2 | err=-
[WARN] batch start failed | size=5 {539} | split=1 {922} + 1 {923} + 1 {924} + 1 {925} + 1 {926}
[TEST] {528} tested=1/1 | kept=0 | rest=0
[DEBUG] mihomo isolate | branch={528} | size=1 | parse=0 | names=[免费节点10] 🇺🇸 US 206 → tg@nicevpn123 | err=-
[DEBUG] mihomo drop | branch={528} | size=1 | parse=0 | names=[免费节点10] 🇺🇸 US 206 → tg@nicevpn123 | err=-
[DROP] name=[免费节点10] 🇺🇸 US 206 → tg@nicevpn123 {528} | server=107.172.87.131:48959 | reason=mihomo start failed
[TEST] {538} tested=4/4 | kept=0 | rest=0
[DEBUG] mihomo split-small | branch={538} | size=4 | parse=0 | names=[免费节点10] 🇺🇸 US 1953 → tg@nicevpn123,[免费节点10] 🇺🇸 US 1954 → tg@nicevpn123,[免费节点10] 🇺🇸 US 1955 → tg@nicevpn123...+1 | err=-
[WARN] batch start failed | size=4 {538} | split=1 {927} + 1 {928} + 1 {929} + 1 {930}
[TEST] {540} tested=1/1 | kept=0 | rest=0
[DEBUG] mihomo isolate | branch={540} | size=1 | parse=0 | names=[免费节点10] 🇺🇸 US 1946 → tg@nicevpn123 | err=-
[DEBUG] mihomo drop | branch={540} | size=1 | parse=0 | names=[免费节点10] 🇺🇸 US 1946 → tg@nicevpn123 | err=-
[DROP] name=[免费节点10] 🇺🇸 US 1946 → tg@nicevpn123 {540} | server=104.19.44.212:80 | reason=mihomo start failed
[TEST] {543} tested=1/1 | kept=0 | rest=0
[DEBUG] mihomo isolate | branch={543} | size=1 | parse=0 | names=[免费节点10] 🇺🇸 US 1949 → tg@nicevpn123 | err=-
[DEBUG] mihomo drop | branch={543} | size=1 | parse=0 | names=[免费节点10] 🇺🇸 US 1949 → tg@nicevpn123 | err=-
[DROP] name=[免费节点10] 🇺🇸 US 1949 → tg@nicevpn123 {543} | server=104.19.44.220:80 | reason=mihomo start failed
[TEST] {541} tested=1/1 | kept=0 | rest=0
[DEBUG] mihomo isolate | branch={541} | size=1 | parse=0 | names=[免费节点10] 🇺🇸 US 1947 → tg@nicevpn123 | err=-
[DEBUG] mihomo drop | branch={541} | size=1 | parse=0 | names=[免费节点10] 🇺🇸 US 1947 → tg@nicevpn123 | err=-
[DROP] name=[免费节点10] 🇺🇸 US 1947 → tg@nicevpn123 {541} | server=104.19.44.43:80 | reason=mihomo start failed
[TEST] {545} tested=1/1 | kept=0 | rest=0
[DEBUG] mihomo isolate | branch={545} | size=1 | parse=0 | names=[免费节点10] 🇺🇸 US 1950 → tg@nicevpn123 | err=-
[DEBUG] mihomo drop | branch={545} | size=1 | parse=0 | names=[免费节点10] 🇺🇸 US 1950 → tg@nicevpn123 | err=-
[DROP] name=[免费节点10] 🇺🇸 US 1950 → tg@nicevpn123 {545} | server=104.19.44.102:80 | reason=mihomo start failed
[TEST] {544} tested=1/1 | kept=0 | rest=0
[DEBUG] mihomo isolate | branch={544} | size=1 | parse=0 | names=[免费节点10] 🇺🇸 US 195 → tg@nicevpn123 | err=-
[DEBUG] mihomo drop | branch={544} | size=1 | parse=0 | names=[免费节点10] 🇺🇸 US 195 → tg@nicevpn123 | err=-
[DROP] name=[免费节点10] 🇺🇸 US 195 → tg@nicevpn123 {544} | server=104.19.45.82:2095 | reason=mihomo start failed
[TEST] {546} tested=1/1 | kept=0 | rest=0
[DEBUG] mihomo isolate | branch={546} | size=1 | parse=0 | names=[免费节点10] 🇺🇸 US 1951 → tg@nicevpn123 | err=-
[DEBUG] mihomo drop | branch={546} | size=1 | parse=0 | names=[免费节点10] 🇺🇸 US 1951 → tg@nicevpn123 | err=-
[DROP] name=[免费节点10] 🇺🇸 US 1951 → tg@nicevpn123 {546} | server=104.19.44.29:80 | reason=mihomo start failed
[TEST] {547} tested=1/1 | kept=0 | rest=0
[DEBUG] mihomo isolate | branch={547} | size=1 | parse=0 | names=[免费节点10] 🇺🇸 US 1952 → tg@nicevpn123 | err=-
[DEBUG] mihomo drop | branch={547} | size=1 | parse=0 | names=[免费节点10] 🇺🇸 US 1952 → tg@nicevpn123 | err=-
[DROP] name=[免费节点10] 🇺🇸 US 1952 → tg@nicevpn123 {547} | server=104.19.44.98:80 | reason=mihomo start failed
[TEST] {537} tested=5/5 | kept=0 | rest=0
[DEBUG] mihomo split-small | branch={537} | size=5 | parse=0 | names=[免费节点10] 🇺🇸 US 222 → tg@nicevpn123,[免费节点10] 🇺🇸 US 223 → tg@nicevpn123,[免费节点10] 🇺🇸 US 227 → tg@nicevpn123...+2 | err=-
[WARN] batch start failed | size=5 {537} | split=1 {931} + 1 {932} + 1 {933} + 1 {934} + 1 {935}
[TEST] {536} tested=4/4 | kept=0 | rest=0
[DEBUG] mihomo split-small | branch={536} | size=4 | parse=0 | names=[免费节点10] 🇺🇸 US 219 → tg@nicevpn123,[免费节点10] 🇺🇸 US 22 → tg@nicevpn123,[免费节点10] 🇺🇸 US 220 → tg@nicevpn123...+1 | err=-
[WARN] batch start failed | size=4 {536} | split=1 {936} + 1 {937} + 1 {938} + 1 {939}
[TEST] {542} tested=1/1 | kept=0 | rest=0
[DEBUG] mihomo isolate | branch={542} | size=1 | parse=0 | names=[免费节点10] 🇺🇸 US 1948 → tg@nicevpn123 | err=-
[DEBUG] mihomo drop | branch={542} | size=1 | parse=0 | names=[免费节点10] 🇺🇸 US 1948 → tg@nicevpn123 | err=-
[DROP] name=[免费节点10] 🇺🇸 US 1948 → tg@nicevpn123 {542} | server=169.197.142.216:2376 | reason=mihomo start failed
[TEST] {548} tested=1/1 | kept=0 | rest=0
[DEBUG] mihomo isolate | branch={548} | size=1 | parse=0 | names=[ChromeGO-Merge] United States_shadowtls | err=-
[DEBUG] mihomo drop | branch={548} | size=1 | parse=0 | names=[ChromeGO-Merge] United States_shadowtls | err=-
[DROP] name=[ChromeGO-Merge] United States_shadowtls_1 {548} | server=109.104.152.186:443 | reason=mihomo start failed
[TEST] {549} tested=1/1 | kept=0 | rest=0
[DEBUG] mihomo isolate | branch={549} | size=1 | parse=0 | names=[ChromeGO-Merge] United States_hy_0 | err=-
[DEBUG] mihomo drop | branch={549} | size=1 | parse=0 | names=[ChromeGO-Merge] United States_hy_0 | err=-
[DROP] name=[ChromeGO-Merge] United States_hy_0 {549} | server=108.181.5.133:26022 | reason=mihomo start failed
[TEST] {554} tested=1/1 | kept=0 | rest=0
[DEBUG] mihomo isolate | branch={554} | size=1 | parse=0 | names=[ChromeGO-Merge] United States_vless_21 | err=-
[DEBUG] mihomo drop | branch={554} | size=1 | parse=0 | names=[ChromeGO-Merge] United States_vless_21 | err=-
[DROP] name=[ChromeGO-Merge] United States_vless_21 {554} | server=109.104.152.101:13982 | reason=mihomo start failed
[TEST] {550} tested=1/1 | kept=0 | rest=0
[DEBUG] mihomo isolate | branch={550} | size=1 | parse=0 | names=[ChromeGO-Merge] France_hy_1 | err=-
[DEBUG] mihomo drop | branch={550} | size=1 | parse=0 | names=[ChromeGO-Merge] France_hy_1 | err=-
[DROP] name=[ChromeGO-Merge] France_hy_1 {550} | server=62.210.243.131:18702 | reason=mihomo start failed
[TEST] {551} tested=1/1 | kept=0 | rest=0
[DEBUG] mihomo isolate | branch={551} | size=1 | parse=0 | names=[ChromeGO-Merge] United States_hy_3 | err=-
[DEBUG] mihomo drop | branch={551} | size=1 | parse=0 | names=[ChromeGO-Merge] United States_hy_3 | err=-
[DROP] name=[ChromeGO-Merge] United States_hy_3 {551} | server=109.104.152.194:58510 | reason=mihomo start failed
[TEST] {552} tested=1/1 | kept=0 | rest=0
[DEBUG] mihomo isolate | branch={552} | size=1 | parse=0 | names=[ChromeGO-Merge] United States_hy2_0 | err=-
[DEBUG] mihomo drop | branch={552} | size=1 | parse=0 | names=[ChromeGO-Merge] United States_hy2_0 | err=-
[DROP] name=[ChromeGO-Merge] United States_hy2_0 {552} | server=104.192.224.141:40391 | reason=mihomo start failed
[TEST] {553} tested=1/1 | kept=0 | rest=0
[DEBUG] mihomo isolate | branch={553} | size=1 | parse=0 | names=[ChromeGO-Merge] United States_hysteria2 | err=-
[DEBUG] mihomo drop | branch={553} | size=1 | parse=0 | names=[ChromeGO-Merge] United States_hysteria2 | err=-
[DROP] name=[ChromeGO-Merge] United States_hysteria2_01 {553} | server=74.63.233.74:33445 | reason=mihomo start failed
[TEST] {555} tested=1/1 | kept=0 | rest=0
[DEBUG] mihomo isolate | branch={555} | size=1 | parse=0 | names=[ChromeGO-Merge] United States_ss_61 | err=-
[DEBUG] mihomo drop | branch={555} | size=1 | parse=0 | names=[ChromeGO-Merge] United States_ss_61 | err=-
[DROP] name=[ChromeGO-Merge] United States_ss_61 {555} | server=109.104.152.186:11223 | reason=mihomo start failed
[TEST] {559} tested=1/1 | kept=0 | rest=0
[DEBUG] mihomo isolate | branch={559} | size=1 | parse=0 | names=[ChromeGO-Merge] 🇹🇼 Taiwan_hy_6 | err=-
[DEBUG] mihomo drop | branch={559} | size=1 | parse=0 | names=[ChromeGO-Merge] 🇹🇼 Taiwan_hy_6 | err=-
[DROP] name=[ChromeGO-Merge] 🇹🇼 Taiwan_hy_6 {559} | server=www2.dtku48.xyz:22334 | reason=mihomo start failed
[TEST] {556} tested=1/1 | kept=0 | rest=0
[DEBUG] mihomo isolate | branch={556} | size=1 | parse=0 | names=[ChromeGO-Merge] United States_hysteria2 | err=-
[DEBUG] mihomo drop | branch={556} | size=1 | parse=0 | names=[ChromeGO-Merge] United States_hysteria2 | err=-
[DROP] name=[ChromeGO-Merge] United States_hysteria2_71 {556} | server=109.104.152.89:22441 | reason=mihomo start failed
[TEST] {558} tested=1/1 | kept=0 | rest=0
[DEBUG] mihomo isolate | branch={558} | size=1 | parse=0 | names=[ChromeGO-Merge] 🇳🇱 Netherlands_tuic_2 | err=-
[DEBUG] mihomo drop | branch={558} | size=1 | parse=0 | names=[ChromeGO-Merge] 🇳🇱 Netherlands_tuic_2 | err=-
[DROP] name=[ChromeGO-Merge] 🇳🇱 Netherlands_tuic_2 {558} | server=109.104.153.17:22334 | reason=mihomo start failed
[TEST] {562} tested=1/1 | kept=0 | rest=0
[DEBUG] mihomo isolate | branch={562} | size=1 | parse=0 | names=[ChromeGO-Merge] 🇹🇼 Taiwan_hy_9 | err=-
[DEBUG] mihomo drop | branch={562} | size=1 | parse=0 | names=[ChromeGO-Merge] 🇹🇼 Taiwan_hy_9 | err=-
[DROP] name=[ChromeGO-Merge] 🇹🇼 Taiwan_hy_9 {562} | server=www.dtku50.xyz:18470 | reason=mihomo start failed
[TEST] {557} tested=1/1 | kept=0 | rest=0
[DEBUG] mihomo isolate | branch={557} | size=1 | parse=0 | names=[ChromeGO-Merge] 🇺🇸 United States_tuic_1 | err=-
[DEBUG] mihomo drop | branch={557} | size=1 | parse=0 | names=[ChromeGO-Merge] 🇺🇸 United States_tuic_1 | err=-
[DROP] name=[ChromeGO-Merge] 🇺🇸 United States_tuic_1 {557} | server=109.104.152.4:443 | reason=mihomo start failed
[TEST] {560} tested=1/1 | kept=0 | rest=0
[DEBUG] mihomo isolate | branch={560} | size=1 | parse=0 | names=[ChromeGO-Merge] 🇫🇷 France_hy2_7 | err=-
[DEBUG] mihomo drop | branch={560} | size=1 | parse=0 | names=[ChromeGO-Merge] 🇫🇷 France_hy2_7 | err=-
[DROP] name=[ChromeGO-Merge] 🇫🇷 France_hy2_7 {560} | server=51.158.54.46:44550 | reason=mihomo start failed
[TEST] {561} tested=1/1 | kept=0 | rest=0
[DEBUG] mihomo isolate | branch={561} | size=1 | parse=0 | names=[ChromeGO-Merge] 🇺🇸 United States_hy2_8 | err=-
[DEBUG] mihomo drop | branch={561} | size=1 | parse=0 | names=[ChromeGO-Merge] 🇺🇸 United States_hy2_8 | err=-
[DROP] name=[ChromeGO-Merge] 🇺🇸 United States_hy2_8 {561} | server=45.150.165.84:8881 | reason=mihomo start failed
[TEST] {566} tested=1/1 | kept=0 | rest=0
[DEBUG] mihomo isolate | branch={566} | size=1 | parse=0 | names=[Epodonios] EPODONIOS-253 | err=-
[DEBUG] mihomo drop | branch={566} | size=1 | parse=0 | names=[Epodonios] EPODONIOS-253 | err=-
[DROP] name=[Epodonios] EPODONIOS-253 {566} | server=89.116.46.68:443 | reason=mihomo start failed
[TEST] {563} tested=1/1 | kept=0 | rest=0
[DEBUG] mihomo isolate | branch={563} | size=1 | parse=0 | names=[ChromeGO-Merge] 🇫🇷 France_hysteria_0 | err=-
[DEBUG] mihomo drop | branch={563} | size=1 | parse=0 | names=[ChromeGO-Merge] 🇫🇷 France_hysteria_0 | err=-
[DROP] name=[ChromeGO-Merge] 🇫🇷 France_hysteria_0 {563} | server=51.158.54.46:55396 | reason=mihomo start failed
[TEST] {564} tested=1/1 | kept=0 | rest=0
[DEBUG] mihomo isolate | branch={564} | size=1 | parse=0 | names=[ChromeGO-Merge] 🇺🇸 United States_hyster | err=-
[DEBUG] mihomo drop | branch={564} | size=1 | parse=0 | names=[ChromeGO-Merge] 🇺🇸 United States_hyster | err=-
[DROP] name=[ChromeGO-Merge] 🇺🇸 United States_hysteria_1 {564} | server=173.234.25.52:30072 | reason=mihomo start failed
[TEST] {565} tested=1/1 | kept=0 | rest=0
[DEBUG] mihomo isolate | branch={565} | size=1 | parse=0 | names=[ChromeGO-Merge] 🇺🇸 United States_hyster | err=-
[DEBUG] mihomo drop | branch={565} | size=1 | parse=0 | names=[ChromeGO-Merge] 🇺🇸 United States_hyster | err=-
[DROP] name=[ChromeGO-Merge] 🇺🇸 United States_hysteria_2 {565} | server=108.181.22.239:39967 | reason=mihomo start failed
[TEST] {567} tested=1/1 | kept=0 | rest=0
[DEBUG] mihomo isolate | branch={567} | size=1 | parse=0 | names=[Epodonios] EPODONIOS-254 | err=-
[DEBUG] mihomo drop | branch={567} | size=1 | parse=0 | names=[Epodonios] EPODONIOS-254 | err=-
[DROP] name=[Epodonios] EPODONIOS-254 {567} | server=185.137.157.138:443 | reason=mihomo start failed
[TEST] {568} tested=1/1 | kept=0 | rest=0
[DEBUG] mihomo isolate | branch={568} | size=1 | parse=0 | names=[Epodonios] EPODONIOS-255 | err=-
[DEBUG] mihomo drop | branch={568} | size=1 | parse=0 | names=[Epodonios] EPODONIOS-255 | err=-
[DROP] name=[Epodonios] EPODONIOS-255 {568} | server=185.137.157.145:443 | reason=mihomo start failed
[TEST] {571} tested=1/1 | kept=0 | rest=0
[DEBUG] mihomo isolate | branch={571} | size=1 | parse=0 | names=[Epodonios] EPODONIOS-249 | err=-
[DEBUG] mihomo drop | branch={571} | size=1 | parse=0 | names=[Epodonios] EPODONIOS-249 | err=-
[DROP] name=[Epodonios] EPODONIOS-249 {571} | server=zula.ir:443 | reason=mihomo start failed
[TEST] {573} tested=1/1 | kept=0 | rest=0
[DEBUG] mihomo isolate | branch={573} | size=1 | parse=0 | names=[Epodonios] EPODONIOS-251 | err=-
[DEBUG] mihomo drop | branch={573} | size=1 | parse=0 | names=[Epodonios] EPODONIOS-251 | err=-
[DROP] name=[Epodonios] EPODONIOS-251 {573} | server=190.93.244.202:443 | reason=mihomo start failed
[TEST] {574} tested=1/1 | kept=0 | rest=0
[DEBUG] mihomo isolate | branch={574} | size=1 | parse=0 | names=[Epodonios] EPODONIOS-252 | err=-
[DEBUG] mihomo drop | branch={574} | size=1 | parse=0 | names=[Epodonios] EPODONIOS-252 | err=-
[DROP] name=[Epodonios] EPODONIOS-252 {574} | server=87.121.218.169:443 | reason=mihomo start failed
[TEST] {569} tested=1/1 | kept=0 | rest=0
[DEBUG] mihomo isolate | branch={569} | size=1 | parse=0 | names=[Epodonios] EPODONIOS-256 | err=-
[DEBUG] mihomo drop | branch={569} | size=1 | parse=0 | names=[Epodonios] EPODONIOS-256 | err=-
[DROP] name=[Epodonios] EPODONIOS-256 {569} | server=18.199.218.181:16154 | reason=mihomo start failed
[TEST] {575} tested=1/1 | kept=0 | rest=0
[DEBUG] mihomo isolate | branch={575} | size=1 | parse=0 | names=[ChromeGO-Merge] None vmess 07 | err=-
[DEBUG] mihomo drop | branch={575} | size=1 | parse=0 | names=[ChromeGO-Merge] None vmess 07 | err=-
[DROP] name=[ChromeGO-Merge] None vmess 07 {575} | server=162.159.137.31:8080 | reason=mihomo start failed
[TEST] {570} tested=1/1 | kept=0 | rest=0
[DEBUG] mihomo isolate | branch={570} | size=1 | parse=0 | names=[Epodonios] EPODONIOS-257 | err=-
[DEBUG] mihomo drop | branch={570} | size=1 | parse=0 | names=[Epodonios] EPODONIOS-257 | err=-
[DROP] name=[Epodonios] EPODONIOS-257 {570} | server=18.226.163.196:15349 | reason=mihomo start failed
[TEST] {572} tested=1/1 | kept=0 | rest=0
[DEBUG] mihomo isolate | branch={572} | size=1 | parse=0 | names=[Epodonios] EPODONIOS-250 | err=-
[DEBUG] mihomo drop | branch={572} | size=1 | parse=0 | names=[Epodonios] EPODONIOS-250 | err=-
[DROP] name=[Epodonios] EPODONIOS-250 {572} | server=172.235.63.252:443 | reason=mihomo start failed
[TEST] {576} tested=1/1 | kept=0 | rest=0
[DEBUG] mihomo isolate | branch={576} | size=1 | parse=0 | names=[ChromeGO-Merge] None vmess 010 | err=-
[DEBUG] mihomo drop | branch={576} | size=1 | parse=0 | names=[ChromeGO-Merge] None vmess 010 | err=-
[DROP] name=[ChromeGO-Merge] None vmess 010 {576} | server=yh1.dtku41.xyz:8080 | reason=mihomo start failed
[TEST] {577} tested=1/1 | kept=0 | rest=0
[DEBUG] mihomo isolate | branch={577} | size=1 | parse=0 | names=[ChromeGO-Merge] None vmess 011 | err=-
[DEBUG] mihomo drop | branch={577} | size=1 | parse=0 | names=[ChromeGO-Merge] None vmess 011 | err=-
[DROP] name=[ChromeGO-Merge] None vmess 011 {577} | server=yh1.dtku41.xyz:8080 | reason=mihomo start failed
[TEST] {578} tested=1/1 | kept=0 | rest=0
[DEBUG] mihomo isolate | branch={578} | size=1 | parse=0 | names=[ChromeGO-Merge] None vmess 012 | err=-
[DEBUG] mihomo drop | branch={578} | size=1 | parse=0 | names=[ChromeGO-Merge] None vmess 012 | err=-
[DROP] name=[ChromeGO-Merge] None vmess 012 {578} | server=yh1.dtku41.xyz:8080 | reason=mihomo start failed
[TEST] {583} tested=1/1 | kept=0 | rest=0
[DEBUG] mihomo isolate | branch={583} | size=1 | parse=0 | names=[ChromeGO-Merge] None vmess 13 | err=-
[DEBUG] mihomo drop | branch={583} | size=1 | parse=0 | names=[ChromeGO-Merge] None vmess 13 | err=-
[DROP] name=[ChromeGO-Merge] None vmess 13 {583} | server=fbi.gov:8080 | reason=mihomo start failed
[TEST] {582} tested=1/1 | kept=0 | rest=0
[DEBUG] mihomo isolate | branch={582} | size=1 | parse=0 | names=[ChromeGO-Merge] None vmess 11 | err=-
[DEBUG] mihomo drop | branch={582} | size=1 | parse=0 | names=[ChromeGO-Merge] None vmess 11 | err=-
[DROP] name=[ChromeGO-Merge] None vmess 11 {582} | server=fbi.gov:8080 | reason=mihomo start failed
[TEST] {579} tested=1/1 | kept=0 | rest=0
[DEBUG] mihomo isolate | branch={579} | size=1 | parse=0 | names=[ChromeGO-Merge] None vmess 013 | err=-
[DEBUG] mihomo drop | branch={579} | size=1 | parse=0 | names=[ChromeGO-Merge] None vmess 013 | err=-
[DROP] name=[ChromeGO-Merge] None vmess 013 {579} | server=yh2.dtku41.xyz:8080 | reason=mihomo start failed
[TEST] {580} tested=1/1 | kept=0 | rest=0
[DEBUG] mihomo isolate | branch={580} | size=1 | parse=0 | names=[ChromeGO-Merge] None vmess 014 | err=-
[DEBUG] mihomo drop | branch={580} | size=1 | parse=0 | names=[ChromeGO-Merge] None vmess 014 | err=-
[DROP] name=[ChromeGO-Merge] None vmess 014 {580} | server=yh2.dtku41.xyz:8080 | reason=mihomo start failed
[TEST] {581} tested=1/1 | kept=0 | rest=0
[DEBUG] mihomo isolate | branch={581} | size=1 | parse=0 | names=[ChromeGO-Merge] None vmess 016 | err=-
[DEBUG] mihomo drop | branch={581} | size=1 | parse=0 | names=[ChromeGO-Merge] None vmess 016 | err=-
[DROP] name=[ChromeGO-Merge] None vmess 016 {581} | server=yh2.dtku41.xyz:8080 | reason=mihomo start failed
[TEST] {586} tested=1/1 | kept=0 | rest=0
[DEBUG] mihomo isolate | branch={586} | size=1 | parse=0 | names=[免费节点10] 🇺🇸 US 291 → tg@nicevpn123 | err=-
[DEBUG] mihomo drop | branch={586} | size=1 | parse=0 | names=[免费节点10] 🇺🇸 US 291 → tg@nicevpn123 | err=-
[DROP] name=[免费节点10] 🇺🇸 US 291 → tg@nicevpn123 {586} | server=104.16.43.244:2082 | reason=mihomo start failed
[TEST] {587} tested=1/1 | kept=0 | rest=0
[DEBUG] mihomo isolate | branch={587} | size=1 | parse=0 | names=[免费节点10] 🇺🇸 US 293 → tg@nicevpn123 | err=-
[DEBUG] mihomo drop | branch={587} | size=1 | parse=0 | names=[免费节点10] 🇺🇸 US 293 → tg@nicevpn123 | err=-
[DROP] name=[免费节点10] 🇺🇸 US 293 → tg@nicevpn123 {587} | server=104.19.43.217:80 | reason=mihomo start failed
[TEST] {589} tested=1/1 | kept=0 | rest=0
[DEBUG] mihomo isolate | branch={589} | size=1 | parse=0 | names=[免费节点10] 🇺🇸 US 297 → tg@nicevpn123 | err=-
[DEBUG] mihomo drop | branch={589} | size=1 | parse=0 | names=[免费节点10] 🇺🇸 US 297 → tg@nicevpn123 | err=-
[DROP] name=[免费节点10] 🇺🇸 US 297 → tg@nicevpn123 {589} | server=104.19.45.230:2095 | reason=mihomo start failed
[TEST] {588} tested=1/1 | kept=0 | rest=0
[DEBUG] mihomo isolate | branch={588} | size=1 | parse=0 | names=[免费节点10] 🇺🇸 US 296 → tg@nicevpn123 | err=-
[DEBUG] mihomo drop | branch={588} | size=1 | parse=0 | names=[免费节点10] 🇺🇸 US 296 → tg@nicevpn123 | err=-
[DROP] name=[免费节点10] 🇺🇸 US 296 → tg@nicevpn123 {588} | server=104.18.203.232:2083 | reason=mihomo start failed
[TEST] {590} tested=1/1 | kept=0 | rest=0
[DEBUG] mihomo isolate | branch={590} | size=1 | parse=0 | names=[免费节点10] 🇺🇸 US 299 → tg@nicevpn123 | err=-
[DEBUG] mihomo drop | branch={590} | size=1 | parse=0 | names=[免费节点10] 🇺🇸 US 299 → tg@nicevpn123 | err=-
[DROP] name=[免费节点10] 🇺🇸 US 299 → tg@nicevpn123 {590} | server=104.19.49.226:443 | reason=mihomo start failed
[TEST] {591} tested=1/1 | kept=0 | rest=0
[DEBUG] mihomo isolate | branch={591} | size=1 | parse=0 | names=[免费节点10] 🇺🇸 US 3 → tg@nicevpn123 | err=-
[DEBUG] mihomo drop | branch={591} | size=1 | parse=0 | names=[免费节点10] 🇺🇸 US 3 → tg@nicevpn123 | err=-
[DROP] name=[免费节点10] 🇺🇸 US 3 → tg@nicevpn123 {591} | server=3wihp-g01.jp05-6786-vm0.entry.fr0307a.art:46482 | reason=mihomo start failed
[TEST] {593} tested=1/1 | kept=0 | rest=0
[DEBUG] mihomo isolate | branch={593} | size=1 | parse=0 | names=[免费节点10] 🇺🇸 US 300 → tg@nicevpn123 | err=-
[DEBUG] mihomo drop | branch={593} | size=1 | parse=0 | names=[免费节点10] 🇺🇸 US 300 → tg@nicevpn123 | err=-
[DROP] name=[免费节点10] 🇺🇸 US 300 → tg@nicevpn123 {593} | server=104.19.45.168:2095 | reason=mihomo start failed
[TEST] {584} tested=4/4 | kept=0 | rest=0
[DEBUG] mihomo split-small | branch={584} | size=4 | parse=0 | names=[免费节点10] 🇺🇸 US 301 → tg@nicevpn123,[免费节点10] 🇺🇸 US 302 → tg@nicevpn123,[免费节点10] 🇺🇸 US 304 → tg@nicevpn123...+1 | err=-
[WARN] batch start failed | size=4 {584} | split=1 {940} + 1 {941} + 1 {942} + 1 {943}
[TEST] {595} tested=1/1 | kept=0 | rest=0
[DEBUG] mihomo isolate | branch={595} | size=1 | parse=0 | names=[免费节点10] 🇺🇸 US 271 → tg@nicevpn123 | err=-
[DEBUG] mihomo drop | branch={595} | size=1 | parse=0 | names=[免费节点10] 🇺🇸 US 271 → tg@nicevpn123 | err=-
[DROP] name=[免费节点10] 🇺🇸 US 271 → tg@nicevpn123 {595} | server=104.19.45.137:2095 | reason=mihomo start failed
[TEST] {596} tested=1/1 | kept=0 | rest=0
[DEBUG] mihomo isolate | branch={596} | size=1 | parse=0 | names=[免费节点10] 🇺🇸 US 272 → tg@nicevpn123 | err=-
[DEBUG] mihomo drop | branch={596} | size=1 | parse=0 | names=[免费节点10] 🇺🇸 US 272 → tg@nicevpn123 | err=-
[DROP] name=[免费节点10] 🇺🇸 US 272 → tg@nicevpn123 {596} | server=qin19.rong1104.uk:2053 | reason=mihomo start failed
[TEST] {585} tested=5/5 | kept=0 | rest=0
[DEBUG] mihomo split-small | branch={585} | size=5 | parse=0 | names=[免费节点10] 🇺🇸 US 306 → tg@nicevpn123,[免费节点10] 🇺🇸 US 307 → tg@nicevpn123,[免费节点10] 🇺🇸 US 309 → tg@nicevpn123...+2 | err=-
[WARN] batch start failed | size=5 {585} | split=1 {944} + 1 {945} + 1 {946} + 1 {947} + 1 {948}
[TEST] {598} tested=1/1 | kept=0 | rest=0
[DEBUG] mihomo isolate | branch={598} | size=1 | parse=0 | names=[免费节点10] 🇺🇸 US 274 → tg@nicevpn123 | err=-
[DEBUG] mihomo drop | branch={598} | size=1 | parse=0 | names=[免费节点10] 🇺🇸 US 274 → tg@nicevpn123 | err=-
[DROP] name=[免费节点10] 🇺🇸 US 274 → tg@nicevpn123 {598} | server=104.19.45.213:2095 | reason=mihomo start failed
[TEST] {601} tested=1/1 | kept=0 | rest=0
[DEBUG] mihomo isolate | branch={601} | size=1 | parse=0 | names=[免费节点10] 🇺🇸 US 277 → tg@nicevpn123 | err=-
[DEBUG] mihomo drop | branch={601} | size=1 | parse=0 | names=[免费节点10] 🇺🇸 US 277 → tg@nicevpn123 | err=-
[DROP] name=[免费节点10] 🇺🇸 US 277 → tg@nicevpn123 {601} | server=104.16.40.187:2082 | reason=mihomo start failed
[TEST] {599} tested=1/1 | kept=0 | rest=0
[DEBUG] mihomo isolate | branch={599} | size=1 | parse=0 | names=[免费节点10] 🇺🇸 US 275 → tg@nicevpn123 | err=-
[DEBUG] mihomo drop | branch={599} | size=1 | parse=0 | names=[免费节点10] 🇺🇸 US 275 → tg@nicevpn123 | err=-
[DROP] name=[免费节点10] 🇺🇸 US 275 → tg@nicevpn123 {599} | server=104.19.45.207:2095 | reason=mihomo start failed
[TEST] {592} tested=1/1 | kept=0 | rest=0
[DEBUG] mihomo isolate | branch={592} | size=1 | parse=0 | names=[免费节点10] 🇺🇸 US 30 → tg@nicevpn123 | err=-
[DEBUG] mihomo drop | branch={592} | size=1 | parse=0 | names=[免费节点10] 🇺🇸 US 30 → tg@nicevpn123 | err=-
[DROP] name=[免费节点10] 🇺🇸 US 30 → tg@nicevpn123 {592} | server=ip0axv1bbsu02k7-hk.1ytnode.com:56303 | reason=mihomo start failed
[TEST] {594} tested=1/1 | kept=0 | rest=0
[DEBUG] mihomo isolate | branch={594} | size=1 | parse=0 | names=[免费节点10] 🇺🇸 US 270 → tg@nicevpn123 | err=-
[DEBUG] mihomo drop | branch={594} | size=1 | parse=0 | names=[免费节点10] 🇺🇸 US 270 → tg@nicevpn123 | err=-
[DROP] name=[免费节点10] 🇺🇸 US 270 → tg@nicevpn123 {594} | server=38.86.135.225:6697 | reason=mihomo start failed
[TEST] {597} tested=1/1 | kept=0 | rest=0
[DEBUG] mihomo isolate | branch={597} | size=1 | parse=0 | names=[免费节点10] 🇺🇸 US 273 → tg@nicevpn123 | err=-
[DEBUG] mihomo drop | branch={597} | size=1 | parse=0 | names=[免费节点10] 🇺🇸 US 273 → tg@nicevpn123 | err=-
[DROP] name=[免费节点10] 🇺🇸 US 273 → tg@nicevpn123 {597} | server=45.63.87.228:57337 | reason=mihomo start failed
[TEST] {600} tested=1/1 | kept=0 | rest=0
[DEBUG] mihomo isolate | branch={600} | size=1 | parse=0 | names=[免费节点10] 🇺🇸 US 276 → tg@nicevpn123 | err=-
[DEBUG] mihomo drop | branch={600} | size=1 | parse=0 | names=[免费节点10] 🇺🇸 US 276 → tg@nicevpn123 | err=-
[DROP] name=[免费节点10] 🇺🇸 US 276 → tg@nicevpn123 {600} | server=38.180.98.215:8080 | reason=mihomo start failed
[TEST] {602} tested=4/4 | kept=0 | rest=0
[DEBUG] mihomo split-small | branch={602} | size=4 | parse=0 | names=[免费节点10] 🇺🇸 US 278 → tg@nicevpn123,[免费节点10] 🇺🇸 US 279 → tg@nicevpn123,[免费节点10] 🇺🇸 US 28 → tg@nicevpn123...+1 | err=-
[WARN] batch start failed | size=4 {602} | split=1 {949} + 1 {950} + 1 {951} + 1 {952}
[TEST] {603} tested=5/5 | kept=0 | rest=0
[DEBUG] mihomo split-small | branch={603} | size=5 | parse=0 | names=[免费节点10] 🇺🇸 US 282 → tg@nicevpn123,[免费节点10] 🇺🇸 US 283 → tg@nicevpn123,[免费节点10] 🇺🇸 US 284 → tg@nicevpn123...+2 | err=-
[WARN] batch start failed | size=5 {603} | split=1 {953} + 1 {954} + 1 {955} + 1 {956} + 1 {957}
[TEST] {609} tested=1/1 | kept=0 | rest=0
[DEBUG] mihomo isolate | branch={609} | size=1 | parse=0 | names=[免费节点10] 🇺🇸 US 257 → tg@nicevpn123 | err=-
[DEBUG] mihomo drop | branch={609} | size=1 | parse=0 | names=[免费节点10] 🇺🇸 US 257 → tg@nicevpn123 | err=-
[DROP] name=[免费节点10] 🇺🇸 US 257 → tg@nicevpn123 {609} | server=104.19.45.223:2095 | reason=mihomo start failed
[TEST] {604} tested=4/4 | kept=0 | rest=0
[DEBUG] mihomo split-small | branch={604} | size=4 | parse=0 | names=[免费节点10] 🇺🇸 US 261 → tg@nicevpn123,[免费节点10] 🇺🇸 US 262 → tg@nicevpn123,[免费节点10] 🇺🇸 US 263 → tg@nicevpn123...+1 | err=-
[WARN] batch start failed | size=4 {604} | split=1 {958} + 1 {959} + 1 {960} + 1 {961}
[TEST] {608} tested=1/1 | kept=0 | rest=0
[DEBUG] mihomo isolate | branch={608} | size=1 | parse=0 | names=[免费节点10] 🇺🇸 US 256 → tg@nicevpn123 | err=-
[DEBUG] mihomo drop | branch={608} | size=1 | parse=0 | names=[免费节点10] 🇺🇸 US 256 → tg@nicevpn123 | err=-
[DROP] name=[免费节点10] 🇺🇸 US 256 → tg@nicevpn123 {608} | server=104.19.45.249:2095 | reason=mihomo start failed
[TEST] {605} tested=5/5 | kept=0 | rest=0
[DEBUG] mihomo split-small | branch={605} | size=5 | parse=0 | names=[免费节点10] 🇺🇸 US 265 → tg@nicevpn123,[免费节点10] 🇺🇸 US 266 → tg@nicevpn123,[免费节点10] 🇺🇸 US 268 → tg@nicevpn123...+2 | err=-
[WARN] batch start failed | size=5 {605} | split=1 {962} + 1 {963} + 1 {964} + 1 {965} + 1 {966}
[TEST] {606} tested=1/1 | kept=0 | rest=0
[DEBUG] mihomo isolate | branch={606} | size=1 | parse=0 | names=[免费节点10] 🇺🇸 US 254 → tg@nicevpn123 | err=-
[DEBUG] mihomo drop | branch={606} | size=1 | parse=0 | names=[免费节点10] 🇺🇸 US 254 → tg@nicevpn123 | err=-
[DROP] name=[免费节点10] 🇺🇸 US 254 → tg@nicevpn123 {606} | server=154.62.185.162:35816 | reason=mihomo start failed
[TEST] {610} tested=1/1 | kept=0 | rest=0
[DEBUG] mihomo isolate | branch={610} | size=1 | parse=0 | names=[免费节点10] 🇺🇸 US 258 → tg@nicevpn123 | err=-
[DEBUG] mihomo drop | branch={610} | size=1 | parse=0 | names=[免费节点10] 🇺🇸 US 258 → tg@nicevpn123 | err=-
[DROP] name=[免费节点10] 🇺🇸 US 258 → tg@nicevpn123 {610} | server=158.101.217.208:12384 | reason=mihomo start failed
[TEST] {612} tested=1/1 | kept=0 | rest=0
[DEBUG] mihomo isolate | branch={612} | size=1 | parse=0 | names=[免费节点10] 🇺🇸 US 26 → tg@nicevpn123 | err=-
[DEBUG] mihomo drop | branch={612} | size=1 | parse=0 | names=[免费节点10] 🇺🇸 US 26 → tg@nicevpn123 | err=-
[DROP] name=[免费节点10] 🇺🇸 US 26 → tg@nicevpn123 {612} | server=104.19.45.97:2082 | reason=mihomo start failed
[TEST] {607} tested=1/1 | kept=0 | rest=0
[DEBUG] mihomo isolate | branch={607} | size=1 | parse=0 | names=[免费节点10] 🇺🇸 US 255 → tg@nicevpn123 | err=-
[DEBUG] mihomo drop | branch={607} | size=1 | parse=0 | names=[免费节点10] 🇺🇸 US 255 → tg@nicevpn123 | err=-
[DROP] name=[免费节点10] 🇺🇸 US 255 → tg@nicevpn123 {607} | server=15.204.87.225:8090 | reason=mihomo start failed
[TEST] {613} tested=1/1 | kept=0 | rest=0
[DEBUG] mihomo isolate | branch={613} | size=1 | parse=0 | names=[免费节点10] 🇺🇸 US 260 → tg@nicevpn123 | err=-
[DEBUG] mihomo drop | branch={613} | size=1 | parse=0 | names=[免费节点10] 🇺🇸 US 260 → tg@nicevpn123 | err=-
[DROP] name=[免费节点10] 🇺🇸 US 260 → tg@nicevpn123 {613} | server=ip0axv1bbsu02k7-tw.1ytnode.com:56330 | reason=mihomo start failed
[TEST] {616} tested=1/1 | kept=0 | rest=0
[DEBUG] mihomo isolate | branch={616} | size=1 | parse=0 | names=[免费节点10] 🇺🇸 US 232 → tg@nicevpn123 | err=-
[DEBUG] mihomo drop | branch={616} | size=1 | parse=0 | names=[免费节点10] 🇺🇸 US 232 → tg@nicevpn123 | err=-
[DROP] name=[免费节点10] 🇺🇸 US 232 → tg@nicevpn123 {616} | server=104.19.45.14:2095 | reason=mihomo start failed
[TEST] {617} tested=1/1 | kept=0 | rest=0
[DEBUG] mihomo isolate | branch={617} | size=1 | parse=0 | names=[免费节点10] 🇺🇸 US 233 → tg@nicevpn123 | err=-
[DEBUG] mihomo drop | branch={617} | size=1 | parse=0 | names=[免费节点10] 🇺🇸 US 233 → tg@nicevpn123 | err=-
[DROP] name=[免费节点10] 🇺🇸 US 233 → tg@nicevpn123 {617} | server=104.19.45.201:2095 | reason=mihomo start failed
[TEST] {619} tested=1/1 | kept=0 | rest=0
[DEBUG] mihomo isolate | branch={619} | size=1 | parse=0 | names=[免费节点10] 🇺🇸 US 235 → tg@nicevpn123 | err=-
[DEBUG] mihomo drop | branch={619} | size=1 | parse=0 | names=[免费节点10] 🇺🇸 US 235 → tg@nicevpn123 | err=-
[DROP] name=[免费节点10] 🇺🇸 US 235 → tg@nicevpn123 {619} | server=104.16.43.245:2082 | reason=mihomo start failed
[TEST] {618} tested=1/1 | kept=0 | rest=0
[DEBUG] mihomo isolate | branch={618} | size=1 | parse=0 | names=[免费节点10] 🇺🇸 US 234 → tg@nicevpn123 | err=-
[DEBUG] mihomo drop | branch={618} | size=1 | parse=0 | names=[免费节点10] 🇺🇸 US 234 → tg@nicevpn123 | err=-
[DROP] name=[免费节点10] 🇺🇸 US 234 → tg@nicevpn123 {618} | server=104.17.147.11:443 | reason=mihomo start failed
[TEST] {620} tested=1/1 | kept=0 | rest=0
[DEBUG] mihomo isolate | branch={620} | size=1 | parse=0 | names=[免费节点10] 🇺🇸 US 236 → tg@nicevpn123 | err=-
[DEBUG] mihomo drop | branch={620} | size=1 | parse=0 | names=[免费节点10] 🇺🇸 US 236 → tg@nicevpn123 | err=-
[DROP] name=[免费节点10] 🇺🇸 US 236 → tg@nicevpn123 {620} | server=speed.cloudflare.com:80 | reason=mihomo start failed
[TEST] {611} tested=1/1 | kept=0 | rest=0
[DEBUG] mihomo isolate | branch={611} | size=1 | parse=0 | names=[免费节点10] 🇺🇸 US 259 → tg@nicevpn123 | err=-
[DEBUG] mihomo drop | branch={611} | size=1 | parse=0 | names=[免费节点10] 🇺🇸 US 259 → tg@nicevpn123 | err=-
[DROP] name=[免费节点10] 🇺🇸 US 259 → tg@nicevpn123 {611} | server=198.244.252.93:443 | reason=mihomo start failed
[TEST] {623} tested=1/1 | kept=0 | rest=0
[DEBUG] mihomo isolate | branch={623} | size=1 | parse=0 | names=[免费节点10] 🇺🇸 US 239 → tg@nicevpn123 | err=-
[DEBUG] mihomo drop | branch={623} | size=1 | parse=0 | names=[免费节点10] 🇺🇸 US 239 → tg@nicevpn123 | err=-
[DROP] name=[免费节点10] 🇺🇸 US 239 → tg@nicevpn123 {623} | server=104.16.42.205:2082 | reason=mihomo start failed
[TEST] {622} tested=1/1 | kept=0 | rest=0
[DEBUG] mihomo isolate | branch={622} | size=1 | parse=0 | names=[免费节点10] 🇺🇸 US 238 → tg@nicevpn123 | err=-
[DEBUG] mihomo drop | branch={622} | size=1 | parse=0 | names=[免费节点10] 🇺🇸 US 238 → tg@nicevpn123 | err=-
[DROP] name=[免费节点10] 🇺🇸 US 238 → tg@nicevpn123 {622} | server=104.16.39.99:2082 | reason=mihomo start failed
[DEBUG] mihomo start-fail | branch={624} | size=1 | parse=1 | rc=1 | names=[ChromeGO-Merge] United-4 | err=rc=1 Mihomo exited before controller became ready time="2026-09-28T11:41:58.662225900Z" level=info msg="Start initial configuration in progress" time="2026-09-28T11:41:58.662283988Z" level=fatal msg="Parse config error: proxy 0: '' has u...
[DEBUG] mihomo isolate | branch={624} | size=1 | parse=1 | names=[ChromeGO-Merge] United-4 | err=Mihomo exited before controller became ready time="2026-09-28T11:41:58.662225900Z" level=info msg="Start initial configuration in progress" time="2026-09-28T11:41:58.662283988Z" level=fatal msg="Parse config error: proxy 0: '' has unset ...
[REPAIR] name=[ChromeGO-Merge] United-4 {624} | fields=up,down
[DEBUG] mihomo start-fail | branch={625} | size=1 | parse=1 | rc=1 | names=[ChromeGO-Merge] Taiwan-2 | err=rc=1 Mihomo exited before controller became ready time="2026-09-28T11:41:58.784023891Z" level=info msg="Start initial configuration in progress" time="2026-09-28T11:41:58.784099515Z" level=fatal msg="Parse config error: proxy 0: '' has u...
[DEBUG] mihomo isolate | branch={625} | size=1 | parse=1 | names=[ChromeGO-Merge] Taiwan-2 | err=Mihomo exited before controller became ready time="2026-09-28T11:41:58.784023891Z" level=info msg="Start initial configuration in progress" time="2026-09-28T11:41:58.784099515Z" level=fatal msg="Parse config error: proxy 0: '' has unset ...
[REPAIR] name=[ChromeGO-Merge] Taiwan-2 {625} | fields=up,down
[DEBUG] mihomo start-fail | branch={626} | size=1 | parse=1 | rc=1 | names=[ChromeGO-Merge] United-5 | err=rc=1 Mihomo exited before controller became ready time="2026-09-28T11:41:58.908449871Z" level=info msg="Start initial configuration in progress" time="2026-09-28T11:41:58.908531114Z" level=fatal msg="Parse config error: proxy 0: '' has u...
[DEBUG] mihomo isolate | branch={626} | size=1 | parse=1 | names=[ChromeGO-Merge] United-5 | err=Mihomo exited before controller became ready time="2026-09-28T11:41:58.908449871Z" level=info msg="Start initial configuration in progress" time="2026-09-28T11:41:58.908531114Z" level=fatal msg="Parse config error: proxy 0: '' has unset ...
[REPAIR] name=[ChromeGO-Merge] United-5 {626} | fields=up,down
[TEST] {625} tested=1/1 | kept=0 | rest=0
[TEST] {615} tested=5/5 | kept=0 | rest=0
[DEBUG] mihomo split-small | branch={615} | size=5 | parse=0 | names=[免费节点10] 🇺🇸 US 246 → tg@nicevpn123,[免费节点10] 🇺🇸 US 247 → tg@nicevpn123,[免费节点10] 🇺🇸 US 250 → tg@nicevpn123...+2 | err=-
[WARN] batch start failed | size=5 {615} | split=1 {967} + 1 {968} + 1 {969} + 1 {970} + 1 {971}
[TEST] {627} tested=1/1 | kept=0 | rest=0
[DEBUG] mihomo isolate | branch={627} | size=1 | parse=0 | names=[ChromeGO-Merge] None | err=-
[DEBUG] mihomo drop | branch={627} | size=1 | parse=0 | names=[ChromeGO-Merge] None | err=-
[DROP] name=[ChromeGO-Merge] None {627} | server=yh1.dtku41.xyz:443 | reason=mihomo start failed
[TEST] {614} tested=4/4 | kept=0 | rest=0
[DEBUG] mihomo split-small | branch={614} | size=4 | parse=0 | names=[免费节点10] 🇺🇸 US 24 → tg@nicevpn123,[免费节点10] 🇺🇸 US 240 → tg@nicevpn123,[免费节点10] 🇺🇸 US 242 → tg@nicevpn123...+1 | err=-
[WARN] batch start failed | size=4 {614} | split=1 {972} + 1 {973} + 1 {974} + 1 {975}
[TEST] {621} tested=1/1 | kept=0 | rest=0
[DEBUG] mihomo isolate | branch={621} | size=1 | parse=0 | names=[免费节点10] 🇺🇸 US 237 → tg@nicevpn123 | err=-
[DEBUG] mihomo drop | branch={621} | size=1 | parse=0 | names=[免费节点10] 🇺🇸 US 237 → tg@nicevpn123 | err=-
[DROP] name=[免费节点10] 🇺🇸 US 237 → tg@nicevpn123 {621} | server=143.198.18.35:8881 | reason=mihomo start failed
[TEST] {631} tested=1/1 | kept=0 | rest=0
[DEBUG] mihomo isolate | branch={631} | size=1 | parse=0 | names=[免费节点10] 🇺🇸 US 334 → tg@nicevpn123 | err=-
[DEBUG] mihomo drop | branch={631} | size=1 | parse=0 | names=[免费节点10] 🇺🇸 US 334 → tg@nicevpn123 | err=-
[DROP] name=[免费节点10] 🇺🇸 US 334 → tg@nicevpn123 {631} | server=104.16.43.187:2082 | reason=mihomo start failed
[TEST] {624} tested=1/1 | kept=0 | rest=0
[TEST] {626} tested=1/1 | kept=0 | rest=0
[TEST] {628} tested=4/4 | kept=0 | rest=0
[DEBUG] mihomo split-small | branch={628} | size=4 | parse=0 | names=[免费节点10] 🇺🇸 US 344 → tg@nicevpn123,[免费节点10] 🇺🇸 US 347 → tg@nicevpn123,[免费节点10] 🇺🇸 US 348 → tg@nicevpn123...+1 | err=-
[WARN] batch start failed | size=4 {628} | split=1 {976} + 1 {977} + 1 {978} + 1 {979}
[TEST] {632} tested=1/1 | kept=0 | rest=0
[DEBUG] mihomo isolate | branch={632} | size=1 | parse=0 | names=[免费节点10] 🇺🇸 US 337 → tg@nicevpn123 | err=-
[DEBUG] mihomo drop | branch={632} | size=1 | parse=0 | names=[免费节点10] 🇺🇸 US 337 → tg@nicevpn123 | err=-
[DROP] name=[免费节点10] 🇺🇸 US 337 → tg@nicevpn123 {632} | server=104.16.42.29:2082 | reason=mihomo start failed
[TEST] {633} tested=1/1 | kept=0 | rest=0
[DEBUG] mihomo isolate | branch={633} | size=1 | parse=0 | names=[免费节点10] 🇺🇸 US 339 → tg@nicevpn123 | err=-
[DEBUG] mihomo drop | branch={633} | size=1 | parse=0 | names=[免费节点10] 🇺🇸 US 339 → tg@nicevpn123 | err=-
[DROP] name=[免费节点10] 🇺🇸 US 339 → tg@nicevpn123 {633} | server=104.16.127.195:2052 | reason=mihomo start failed
[TEST] {635} tested=1/1 | kept=0 | rest=0
[DEBUG] mihomo isolate | branch={635} | size=1 | parse=0 | names=[免费节点10] 🇺🇸 US 341 → tg@nicevpn123 | err=-
[DEBUG] mihomo drop | branch={635} | size=1 | parse=0 | names=[免费节点10] 🇺🇸 US 341 → tg@nicevpn123 | err=-
[DROP] name=[免费节点10] 🇺🇸 US 341 → tg@nicevpn123 {635} | server=104.19.43.180:80 | reason=mihomo start failed
[TEST] {629} tested=5/5 | kept=0 | rest=0
[DEBUG] mihomo split-small | branch={629} | size=5 | parse=0 | names=[免费节点10] 🇺🇸 US 35 → tg@nicevpn123,[免费节点10] 🇺🇸 US 350 → tg@nicevpn123,[免费节点10] 🇺🇸 US 351 → tg@nicevpn123...+2 | err=-
[WARN] batch start failed | size=5 {629} | split=1 {980} + 1 {981} + 1 {982} + 1 {983} + 1 {984}
[TEST] {637} tested=1/1 | kept=0 | rest=0
[DEBUG] mihomo isolate | branch={637} | size=1 | parse=0 | names=[免费节点10] 🇺🇸 US 343 → tg@nicevpn123 | err=-
[DEBUG] mihomo drop | branch={637} | size=1 | parse=0 | names=[免费节点10] 🇺🇸 US 343 → tg@nicevpn123 | err=-
[DROP] name=[免费节点10] 🇺🇸 US 343 → tg@nicevpn123 {637} | server=172.67.169.245:80 | reason=mihomo start failed
[TEST] {630} tested=1/1 | kept=0 | rest=0
[DEBUG] mihomo isolate | branch={630} | size=1 | parse=0 | names=[免费节点10] 🇺🇸 US 333 → tg@nicevpn123 | err=-
[DEBUG] mihomo drop | branch={630} | size=1 | parse=0 | names=[免费节点10] 🇺🇸 US 333 → tg@nicevpn123 | err=-
[DROP] name=[免费节点10] 🇺🇸 US 333 → tg@nicevpn123 {630} | server=38.114.114.208:5000 | reason=mihomo start failed
[TEST] {634} tested=1/1 | kept=0 | rest=0
[DEBUG] mihomo isolate | branch={634} | size=1 | parse=0 | names=[免费节点10] 🇺🇸 US 34 → tg@nicevpn123 | err=-
[DEBUG] mihomo drop | branch={634} | size=1 | parse=0 | names=[免费节点10] 🇺🇸 US 34 → tg@nicevpn123 | err=-
[DROP] name=[免费节点10] 🇺🇸 US 34 → tg@nicevpn123 {634} | server=18.118.163.183:17400 | reason=mihomo start failed
[TEST] {638} tested=1/1 | kept=0 | rest=0
[DEBUG] mihomo isolate | branch={638} | size=1 | parse=0 | names=[免费节点10] 🇺🇸 US 313 → tg@nicevpn123 | err=-
[DEBUG] mihomo drop | branch={638} | size=1 | parse=0 | names=[免费节点10] 🇺🇸 US 313 → tg@nicevpn123 | err=-
[DROP] name=[免费节点10] 🇺🇸 US 313 → tg@nicevpn123 {638} | server=104.21.25.98:80 | reason=mihomo start failed
[TEST] {636} tested=1/1 | kept=0 | rest=0
[DEBUG] mihomo isolate | branch={636} | size=1 | parse=0 | names=[免费节点10] 🇺🇸 US 342 → tg@nicevpn123 | err=-
[DEBUG] mihomo drop | branch={636} | size=1 | parse=0 | names=[免费节点10] 🇺🇸 US 342 → tg@nicevpn123 | err=-
[DROP] name=[免费节点10] 🇺🇸 US 342 → tg@nicevpn123 {636} | server=75.102.51.45:16899 | reason=mihomo start failed
[TEST] {642} tested=1/1 | kept=0 | rest=0
[DEBUG] mihomo isolate | branch={642} | size=1 | parse=0 | names=[免费节点10] 🇺🇸 US 318 → tg@nicevpn123 | err=-
[DEBUG] mihomo drop | branch={642} | size=1 | parse=0 | names=[免费节点10] 🇺🇸 US 318 → tg@nicevpn123 | err=-
[DROP] name=[免费节点10] 🇺🇸 US 318 → tg@nicevpn123 {642} | server=104.19.42.178:2082 | reason=mihomo start failed
[TEST] {640} tested=1/1 | kept=0 | rest=0
[DEBUG] mihomo isolate | branch={640} | size=1 | parse=0 | names=[免费节点10] 🇺🇸 US 315 → tg@nicevpn123 | err=-
[DEBUG] mihomo drop | branch={640} | size=1 | parse=0 | names=[免费节点10] 🇺🇸 US 315 → tg@nicevpn123 | err=-
[DROP] name=[免费节点10] 🇺🇸 US 315 → tg@nicevpn123 {640} | server=171.22.78.141:443 | reason=mihomo start failed
[TEST] {643} tested=1/1 | kept=0 | rest=0
[DEBUG] mihomo isolate | branch={643} | size=1 | parse=0 | names=[免费节点10] 🇺🇸 US 32 → tg@nicevpn123 | err=-
[DEBUG] mihomo drop | branch={643} | size=1 | parse=0 | names=[免费节点10] 🇺🇸 US 32 → tg@nicevpn123 | err=-
[DROP] name=[免费节点10] 🇺🇸 US 32 → tg@nicevpn123 {643} | server=185.218.126.248:80 | reason=mihomo start failed
[TEST] {645} tested=1/1 | kept=0 | rest=0
[DEBUG] mihomo isolate | branch={645} | size=1 | parse=0 | names=[免费节点10] 🇺🇸 US 322 → tg@nicevpn123 | err=-
[DEBUG] mihomo drop | branch={645} | size=1 | parse=0 | names=[免费节点10] 🇺🇸 US 322 → tg@nicevpn123 | err=-
[DROP] name=[免费节点10] 🇺🇸 US 322 → tg@nicevpn123 {645} | server=38.68.134.9:5601 | reason=mihomo start failed
[TEST] {641} tested=1/1 | kept=0 | rest=0
[DEBUG] mihomo isolate | branch={641} | size=1 | parse=0 | names=[免费节点10] 🇺🇸 US 317 → tg@nicevpn123 | err=-
[DEBUG] mihomo drop | branch={641} | size=1 | parse=0 | names=[免费节点10] 🇺🇸 US 317 → tg@nicevpn123 | err=-
[DROP] name=[免费节点10] 🇺🇸 US 317 → tg@nicevpn123 {641} | server=15.204.87.217:5499 | reason=mihomo start failed
[TEST] {639} tested=1/1 | kept=0 | rest=0
[DEBUG] mihomo isolate | branch={639} | size=1 | parse=0 | names=[免费节点10] 🇺🇸 US 314 → tg@nicevpn123 | err=-
[DEBUG] mihomo drop | branch={639} | size=1 | parse=0 | names=[免费节点10] 🇺🇸 US 314 → tg@nicevpn123 | err=-
[DROP] name=[免费节点10] 🇺🇸 US 314 → tg@nicevpn123 {639} | server=3.38.162.154:443 | reason=mihomo start failed
[TEST] {649} tested=5/5 | kept=0 | rest=0
[DEBUG] mihomo split-small | branch={649} | size=5 | parse=0 | names=[免费节点10] 🇺🇸 US 369 → tg@nicevpn123,[免费节点10] 🇺🇸 US 372 → tg@nicevpn123,[免费节点10] 🇺🇸 US 374 → tg@nicevpn123...+2 | err=-
[WARN] batch start failed | size=5 {649} | split=1 {985} + 1 {986} + 1 {987} + 1 {988} + 1 {989}
[TEST] {648} tested=4/4 | kept=0 | rest=0
[DEBUG] mihomo split-small | branch={648} | size=4 | parse=0 | names=[免费节点10] 🇺🇸 US 363 → tg@nicevpn123,[免费节点10] 🇺🇸 US 364 → tg@nicevpn123,[免费节点10] 🇺🇸 US 365 → tg@nicevpn123...+1 | err=-
[WARN] batch start failed | size=4 {648} | split=1 {990} + 1 {991} + 1 {992} + 1 {993}
[TEST] {650} tested=1/1 | kept=0 | rest=0
[DEBUG] mihomo isolate | branch={650} | size=1 | parse=0 | names=[ChromeGO-Merge] United States vmess 211 | err=-
[DEBUG] mihomo drop | branch={650} | size=1 | parse=0 | names=[ChromeGO-Merge] United States vmess 211 | err=-
[DROP] name=[ChromeGO-Merge] United States vmess 211 {650} | server=yh3.freeh1.xyz:8080 | reason=mihomo start failed
[TEST] {651} tested=1/1 | kept=0 | rest=0
[DEBUG] mihomo isolate | branch={651} | size=1 | parse=0 | names=[ChromeGO-Merge] United States vmess 31 | err=-
[DEBUG] mihomo drop | branch={651} | size=1 | parse=0 | names=[ChromeGO-Merge] United States vmess 31 | err=-
[DROP] name=[ChromeGO-Merge] United States vmess 31 {651} | server=yh1.freeh1.xyz:8080 | reason=mihomo start failed
[TEST] {644} tested=1/1 | kept=0 | rest=0
[DEBUG] mihomo isolate | branch={644} | size=1 | parse=0 | names=[免费节点10] 🇺🇸 US 320 → tg@nicevpn123 | err=-
[DEBUG] mihomo drop | branch={644} | size=1 | parse=0 | names=[免费节点10] 🇺🇸 US 320 → tg@nicevpn123 | err=-
[DROP] name=[免费节点10] 🇺🇸 US 320 → tg@nicevpn123 {644} | server=137.175.12.69:37002 | reason=mihomo start failed
[TEST] {652} tested=1/1 | kept=0 | rest=0
[DEBUG] mihomo isolate | branch={652} | size=1 | parse=0 | names=[ChromeGO-Merge] None vmess 32 | err=-
[DEBUG] mihomo drop | branch={652} | size=1 | parse=0 | names=[ChromeGO-Merge] None vmess 32 | err=-
[DROP] name=[ChromeGO-Merge] None vmess 32 {652} | server=yh1.freeh1.xyz:8080 | reason=mihomo start failed
[TEST] {653} tested=1/1 | kept=0 | rest=0
[DEBUG] mihomo isolate | branch={653} | size=1 | parse=0 | names=[ChromeGO-Merge] United States vmess 33 | err=-
[DEBUG] mihomo drop | branch={653} | size=1 | parse=0 | names=[ChromeGO-Merge] United States vmess 33 | err=-
[DROP] name=[ChromeGO-Merge] United States vmess 33 {653} | server=yh1.freeh1.xyz:8080 | reason=mihomo start failed
[TEST] {647} tested=5/5 | kept=0 | rest=0
[DEBUG] mihomo split-small | branch={647} | size=5 | parse=0 | names=[免费节点10] 🇺🇸 US 328 → tg@nicevpn123,[免费节点10] 🇺🇸 US 329 → tg@nicevpn123,[免费节点10] 🇺🇸 US 33 → tg@nicevpn123...+2 | err=-
[WARN] batch start failed | size=5 {647} | split=1 {994} + 1 {995} + 1 {996} + 1 {997} + 1 {998}
[TEST] {656} tested=1/1 | kept=0 | rest=0
[DEBUG] mihomo isolate | branch={656} | size=1 | parse=0 | names=[免费节点10] 🇺🇸 US 378 → tg@nicevpn123 | err=-
[DEBUG] mihomo drop | branch={656} | size=1 | parse=0 | names=[免费节点10] 🇺🇸 US 378 → tg@nicevpn123 | err=-
[DROP] name=[免费节点10] 🇺🇸 US 378 → tg@nicevpn123 {656} | server=104.16.153.209:80 | reason=mihomo start failed
[TEST] {646} tested=4/4 | kept=0 | rest=0
[DEBUG] mihomo split-small | branch={646} | size=4 | parse=0 | names=[免费节点10] 🇺🇸 US 323 → tg@nicevpn123,[免费节点10] 🇺🇸 US 324 → tg@nicevpn123,[免费节点10] 🇺🇸 US 325 → tg@nicevpn123...+1 | err=-
[WARN] batch start failed | size=4 {646} | split=1 {999} + 1 {1000} + 1 {1001} + 1 {1002}
[TEST] {659} tested=1/1 | kept=0 | rest=0
[DEBUG] mihomo isolate | branch={659} | size=1 | parse=0 | names=[免费节点10] 🇺🇸 US 381 → tg@nicevpn123 | err=-
[DEBUG] mihomo drop | branch={659} | size=1 | parse=0 | names=[免费节点10] 🇺🇸 US 381 → tg@nicevpn123 | err=-
[DROP] name=[免费节点10] 🇺🇸 US 381 → tg@nicevpn123 {659} | server=104.16.40.112:2082 | reason=mihomo start failed
[TEST] {655} tested=5/5 | kept=0 | rest=0
[DEBUG] mihomo split-small | branch={655} | size=5 | parse=0 | names=[免费节点10] 🇺🇸 US 390 → tg@nicevpn123,[免费节点10] 🇺🇸 US 391 → tg@nicevpn123,[免费节点10] 🇺🇸 US 392 → tg@nicevpn123...+2 | err=-
[WARN] batch start failed | size=5 {655} | split=1 {1003} + 1 {1004} + 1 {1005} + 1 {1006} + 1 {1007}
[TEST] {654} tested=4/4 | kept=0 | rest=0
[DEBUG] mihomo split-small | branch={654} | size=4 | parse=0 | names=[免费节点10] 🇺🇸 US 387 → tg@nicevpn123,[免费节点10] 🇺🇸 US 388 → tg@nicevpn123,[免费节点10] 🇺🇸 US 389 → tg@nicevpn123...+1 | err=-
[WARN] batch start failed | size=4 {654} | split=1 {1008} + 1 {1009} + 1 {1010} + 1 {1011}
[TEST] {661} tested=1/1 | kept=0 | rest=0
[DEBUG] mihomo isolate | branch={661} | size=1 | parse=0 | names=[免费节点10] 🇺🇸 US 384 → tg@nicevpn123 | err=-
[DEBUG] mihomo drop | branch={661} | size=1 | parse=0 | names=[免费节点10] 🇺🇸 US 384 → tg@nicevpn123 | err=-
[DROP] name=[免费节点10] 🇺🇸 US 384 → tg@nicevpn123 {661} | server=104.19.45.170:2095 | reason=mihomo start failed
[TEST] {662} tested=1/1 | kept=0 | rest=0
[DEBUG] mihomo isolate | branch={662} | size=1 | parse=0 | names=[免费节点10] 🇺🇸 US 385 → tg@nicevpn123 | err=-
[DEBUG] mihomo drop | branch={662} | size=1 | parse=0 | names=[免费节点10] 🇺🇸 US 385 → tg@nicevpn123 | err=-
[DROP] name=[免费节点10] 🇺🇸 US 385 → tg@nicevpn123 {662} | server=104.19.45.106:2095 | reason=mihomo start failed
[TEST] {663} tested=1/1 | kept=0 | rest=0
[DEBUG] mihomo isolate | branch={663} | size=1 | parse=0 | names=[免费节点10] 🇺🇸 US 386 → tg@nicevpn123 | err=-
[DEBUG] mihomo drop | branch={663} | size=1 | parse=0 | names=[免费节点10] 🇺🇸 US 386 → tg@nicevpn123 | err=-
[DROP] name=[免费节点10] 🇺🇸 US 386 → tg@nicevpn123 {663} | server=104.16.96.41:443 | reason=mihomo start failed
[TEST] {657} tested=1/1 | kept=0 | rest=0
[DEBUG] mihomo isolate | branch={657} | size=1 | parse=0 | names=[免费节点10] 🇺🇸 US 38 → tg@nicevpn123 | err=-
[DEBUG] mihomo drop | branch={657} | size=1 | parse=0 | names=[免费节点10] 🇺🇸 US 38 → tg@nicevpn123 | err=-
[DROP] name=[免费节点10] 🇺🇸 US 38 → tg@nicevpn123 {657} | server=38.110.1.43:8009 | reason=mihomo start failed
[TEST] {664} tested=1/1 | kept=0 | rest=0
[DEBUG] mihomo isolate | branch={664} | size=1 | parse=0 | names=[免费节点10] 🇺🇸 US 355 → tg@nicevpn123 | err=-
[DEBUG] mihomo drop | branch={664} | size=1 | parse=0 | names=[免费节点10] 🇺🇸 US 355 → tg@nicevpn123 | err=-
[DROP] name=[免费节点10] 🇺🇸 US 355 → tg@nicevpn123 {664} | server=104.18.214.17:8080 | reason=mihomo start failed
[TEST] {658} tested=1/1 | kept=0 | rest=0
[DEBUG] mihomo isolate | branch={658} | size=1 | parse=0 | names=[免费节点10] 🇺🇸 US 380 → tg@nicevpn123 | err=-
[DEBUG] mihomo drop | branch={658} | size=1 | parse=0 | names=[免费节点10] 🇺🇸 US 380 → tg@nicevpn123 | err=-
[DROP] name=[免费节点10] 🇺🇸 US 380 → tg@nicevpn123 {658} | server=45.77.220.169:41207 | reason=mihomo start failed
[TEST] {660} tested=1/1 | kept=0 | rest=0
[DEBUG] mihomo isolate | branch={660} | size=1 | parse=0 | names=[免费节点10] 🇺🇸 US 383 → tg@nicevpn123 | err=-
[DEBUG] mihomo drop | branch={660} | size=1 | parse=0 | names=[免费节点10] 🇺🇸 US 383 → tg@nicevpn123 | err=-
[DROP] name=[免费节点10] 🇺🇸 US 383 → tg@nicevpn123 {660} | server=162.19.25.207:34232 | reason=mihomo start failed
[TEST] {667} tested=1/1 | kept=0 | rest=0
[DEBUG] mihomo isolate | branch={667} | size=1 | parse=0 | names=[免费节点10] 🇺🇸 US 358 → tg@nicevpn123 | err=-
[DEBUG] mihomo drop | branch={667} | size=1 | parse=0 | names=[免费节点10] 🇺🇸 US 358 → tg@nicevpn123 | err=-
[DROP] name=[免费节点10] 🇺🇸 US 358 → tg@nicevpn123 {667} | server=104.21.225.59:80 | reason=mihomo start failed
[TEST] {665} tested=1/1 | kept=0 | rest=0
[DEBUG] mihomo isolate | branch={665} | size=1 | parse=0 | names=[免费节点10] 🇺🇸 US 356 → tg@nicevpn123 | err=-
[DEBUG] mihomo drop | branch={665} | size=1 | parse=0 | names=[免费节点10] 🇺🇸 US 356 → tg@nicevpn123 | err=-
[DROP] name=[免费节点10] 🇺🇸 US 356 → tg@nicevpn123 {665} | server=75.102.51.26:16899 | reason=mihomo start failed
[TEST] {670} tested=1/1 | kept=0 | rest=0
[DEBUG] mihomo isolate | branch={670} | size=1 | parse=0 | names=[免费节点10] 🇺🇸 US 360 → tg@nicevpn123 | err=-
[DEBUG] mihomo drop | branch={670} | size=1 | parse=0 | names=[免费节点10] 🇺🇸 US 360 → tg@nicevpn123 | err=-
[DROP] name=[免费节点10] 🇺🇸 US 360 → tg@nicevpn123 {670} | server=104.16.42.181:2082 | reason=mihomo start failed
[TEST] {671} tested=1/1 | kept=0 | rest=0
[DEBUG] mihomo isolate | branch={671} | size=1 | parse=0 | names=[免费节点10] 🇺🇸 US 361 → tg@nicevpn123 | err=-
[DEBUG] mihomo drop | branch={671} | size=1 | parse=0 | names=[免费节点10] 🇺🇸 US 361 → tg@nicevpn123 | err=-
[DROP] name=[免费节点10] 🇺🇸 US 361 → tg@nicevpn123 {671} | server=104.19.45.93:2095 | reason=mihomo start failed
[TEST] {666} tested=1/1 | kept=0 | rest=0
[DEBUG] mihomo isolate | branch={666} | size=1 | parse=0 | names=[免费节点10] 🇺🇸 US 357 → tg@nicevpn123 | err=-
[DEBUG] mihomo drop | branch={666} | size=1 | parse=0 | names=[免费节点10] 🇺🇸 US 357 → tg@nicevpn123 | err=-
[DROP] name=[免费节点10] 🇺🇸 US 357 → tg@nicevpn123 {666} | server=38.110.1.197:5003 | reason=mihomo start failed
[TEST] {672} tested=1/1 | kept=0 | rest=0
[DEBUG] mihomo isolate | branch={672} | size=1 | parse=0 | names=[ChromeGO-Merge] None vmess 34 | err=-
[DEBUG] mihomo drop | branch={672} | size=1 | parse=0 | names=[ChromeGO-Merge] None vmess 34 | err=-
[DROP] name=[ChromeGO-Merge] None vmess 34 {672} | server=yh1.freeh1.xyz:8080 | reason=mihomo start failed
[TEST] {675} tested=1/1 | kept=0 | rest=0
[DEBUG] mihomo isolate | branch={675} | size=1 | parse=0 | names=[ChromeGO-Merge] Canada vmess 44 | err=-
[DEBUG] mihomo drop | branch={675} | size=1 | parse=0 | names=[ChromeGO-Merge] Canada vmess 44 | err=-
[DROP] name=[ChromeGO-Merge] Canada vmess 44 {675} | server=23.227.39.45:8080 | reason=mihomo start failed
[TEST] {674} tested=1/1 | kept=0 | rest=0
[DEBUG] mihomo isolate | branch={674} | size=1 | parse=0 | names=[ChromeGO-Merge] Canada vmess 43 | err=-
[DEBUG] mihomo drop | branch={674} | size=1 | parse=0 | names=[ChromeGO-Merge] Canada vmess 43 | err=-
[DROP] name=[ChromeGO-Merge] Canada vmess 43 {674} | server=23.227.39.23:8080 | reason=mihomo start failed
[TEST] {673} tested=1/1 | kept=0 | rest=0
[DEBUG] mihomo isolate | branch={673} | size=1 | parse=0 | names=[ChromeGO-Merge] Canada vmess 41 | err=-
[DEBUG] mihomo drop | branch={673} | size=1 | parse=0 | names=[ChromeGO-Merge] Canada vmess 41 | err=-
[DROP] name=[ChromeGO-Merge] Canada vmess 41 {673} | server=23.227.39.12:8080 | reason=mihomo start failed
[TEST] {677} tested=1/1 | kept=0 | rest=0
[DEBUG] mihomo isolate | branch={677} | size=1 | parse=0 | names=[Epodonios] EPODONIOS-331 | err=-
[DEBUG] mihomo drop | branch={677} | size=1 | parse=0 | names=[Epodonios] EPODONIOS-331 | err=-
[DROP] name=[Epodonios] EPODONIOS-331 {677} | server=104.16.80.73:443 | reason=mihomo start failed
[TEST] {669} tested=1/1 | kept=0 | rest=0
[DEBUG] mihomo isolate | branch={669} | size=1 | parse=0 | names=[免费节点10] 🇺🇸 US 36 → tg@nicevpn123 | err=-
[DEBUG] mihomo drop | branch={669} | size=1 | parse=0 | names=[免费节点10] 🇺🇸 US 36 → tg@nicevpn123 | err=-
[DROP] name=[免费节点10] 🇺🇸 US 36 → tg@nicevpn123 {669} | server=167.88.61.159:9101 | reason=mihomo start failed
[TEST] {680} tested=1/1 | kept=0 | rest=0
[DEBUG] mihomo isolate | branch={680} | size=1 | parse=0 | names=[Epodonios] EPODONIOS-334 | err=-
[DEBUG] mihomo drop | branch={680} | size=1 | parse=0 | names=[Epodonios] EPODONIOS-334 | err=-
[DROP] name=[Epodonios] EPODONIOS-334 {680} | server=91.196.161.218:2054 | reason=mihomo start failed
[TEST] {679} tested=1/1 | kept=0 | rest=0
[DEBUG] mihomo isolate | branch={679} | size=1 | parse=0 | names=[Epodonios] EPODONIOS-333 | err=-
[DEBUG] mihomo drop | branch={679} | size=1 | parse=0 | names=[Epodonios] EPODONIOS-333 | err=-
[DROP] name=[Epodonios] EPODONIOS-333 {679} | server=69.46.46.31:443 | reason=mihomo start failed
[TEST] {681} tested=1/1 | kept=0 | rest=0
[DEBUG] mihomo isolate | branch={681} | size=1 | parse=0 | names=[Epodonios] EPODONIOS-335 | err=-
[DEBUG] mihomo drop | branch={681} | size=1 | parse=0 | names=[Epodonios] EPODONIOS-335 | err=-
[DROP] name=[Epodonios] EPODONIOS-335 {681} | server=217.28.137.94:443 | reason=mihomo start failed
[TEST] {684} tested=1/1 | kept=0 | rest=0
[DEBUG] mihomo isolate | branch={684} | size=1 | parse=0 | names=[Epodonios] EPODONIOS-338 | err=-
[DEBUG] mihomo drop | branch={684} | size=1 | parse=0 | names=[Epodonios] EPODONIOS-338 | err=-
[DROP] name=[Epodonios] EPODONIOS-338 {684} | server=193.233.133.152:53587 | reason=mihomo start failed
[TEST] {682} tested=1/1 | kept=0 | rest=0
[DEBUG] mihomo isolate | branch={682} | size=1 | parse=0 | names=[Epodonios] EPODONIOS-336 | err=-
[DEBUG] mihomo drop | branch={682} | size=1 | parse=0 | names=[Epodonios] EPODONIOS-336 | err=-
[DROP] name=[Epodonios] EPODONIOS-336 {682} | server=idfr.melvona-digital.ir:443 | reason=mihomo start failed
[TEST] {668} tested=1/1 | kept=0 | rest=0
[DEBUG] mihomo isolate | branch={668} | size=1 | parse=0 | names=[免费节点10] 🇺🇸 US 359 → tg@nicevpn123 | err=-
[DEBUG] mihomo drop | branch={668} | size=1 | parse=0 | names=[免费节点10] 🇺🇸 US 359 → tg@nicevpn123 | err=-
[DROP] name=[免费节点10] 🇺🇸 US 359 → tg@nicevpn123 {668} | server=94.131.14.177:80 | reason=mihomo start failed
[TEST] {685} tested=1/1 | kept=0 | rest=0
[DEBUG] mihomo isolate | branch={685} | size=1 | parse=0 | names=[Epodonios] EPODONIOS-339 | err=-
[DEBUG] mihomo drop | branch={685} | size=1 | parse=0 | names=[Epodonios] EPODONIOS-339 | err=-
[DROP] name=[Epodonios] EPODONIOS-339 {685} | server=104.16.63.239:80 | reason=mihomo start failed
[TEST] {686} tested=1/1 | kept=0 | rest=0
[DEBUG] mihomo isolate | branch={686} | size=1 | parse=0 | names=[Epodonios] EPODONIOS-353 | err=-
[DEBUG] mihomo drop | branch={686} | size=1 | parse=0 | names=[Epodonios] EPODONIOS-353 | err=-
[DROP] name=[Epodonios] EPODONIOS-353 {686} | server=78.17.4.20:13868 | reason=mihomo start failed
[TEST] {676} tested=1/1 | kept=0 | rest=0
[DEBUG] mihomo isolate | branch={676} | size=1 | parse=0 | names=[ChromeGO-Merge] France hysteria2 71 | err=-
[DEBUG] mihomo drop | branch={676} | size=1 | parse=0 | names=[ChromeGO-Merge] France hysteria2 71 | err=-
[DROP] name=[ChromeGO-Merge] France hysteria2 71 {676} | server=51.159.77.153:33390 | reason=mihomo start failed
[TEST] {687} tested=1/1 | kept=0 | rest=0
[DEBUG] mihomo isolate | branch={687} | size=1 | parse=0 | names=[Epodonios] vless-3 | err=-
[DEBUG] mihomo drop | branch={687} | size=1 | parse=0 | names=[Epodonios] vless-3 | err=-
[DROP] name=[Epodonios] vless-3 {687} | server=pp.degeristir.ir:2050 | reason=mihomo start failed
[TEST] {689} tested=1/1 | kept=0 | rest=0
[DEBUG] mihomo isolate | branch={689} | size=1 | parse=0 | names=[Epodonios] EPODONIOS-354 | err=-
[DEBUG] mihomo drop | branch={689} | size=1 | parse=0 | names=[Epodonios] EPODONIOS-354 | err=-
[DROP] name=[Epodonios] EPODONIOS-354 {689} | server=199.232.77.185:443 | reason=mihomo start failed
[TEST] {678} tested=1/1 | kept=0 | rest=0
[DEBUG] mihomo isolate | branch={678} | size=1 | parse=0 | names=[Epodonios] EPODONIOS-332 | err=-
[DEBUG] mihomo drop | branch={678} | size=1 | parse=0 | names=[Epodonios] EPODONIOS-332 | err=-
[DROP] name=[Epodonios] EPODONIOS-332 {678} | server=45.123.42.213:18082 | reason=mihomo start failed
[TEST] {690} tested=1/1 | kept=0 | rest=0
[DEBUG] mihomo isolate | branch={690} | size=1 | parse=0 | names=[Epodonios] EPODONIOS-355 | err=-
[DEBUG] mihomo drop | branch={690} | size=1 | parse=0 | names=[Epodonios] EPODONIOS-355 | err=-
[DROP] name=[Epodonios] EPODONIOS-355 {690} | server=104.16.72.70:443 | reason=mihomo start failed
[TEST] {688} tested=1/1 | kept=0 | rest=0
[DEBUG] mihomo isolate | branch={688} | size=1 | parse=0 | names=[Epodonios] vless-4 | err=-
[DEBUG] mihomo drop | branch={688} | size=1 | parse=0 | names=[Epodonios] vless-4 | err=-
[DROP] name=[Epodonios] vless-4 {688} | server=pp.degeristir.ir:8585 | reason=mihomo start failed
[TEST] {691} tested=1/1 | kept=0 | rest=0
[DEBUG] mihomo isolate | branch={691} | size=1 | parse=0 | names=[Epodonios] EPODONIOS-344 | err=-
[DEBUG] mihomo drop | branch={691} | size=1 | parse=0 | names=[Epodonios] EPODONIOS-344 | err=-
[DROP] name=[Epodonios] EPODONIOS-344 {691} | server=pruritus.patiromer.workers.dev:443 | reason=mihomo start failed
[TEST] {695} tested=1/1 | kept=0 | rest=0
[DEBUG] mihomo isolate | branch={695} | size=1 | parse=0 | names=[Epodonios] EPODONIOS-348 | err=-
[DEBUG] mihomo drop | branch={695} | size=1 | parse=0 | names=[Epodonios] EPODONIOS-348 | err=-
[DROP] name=[Epodonios] EPODONIOS-348 {695} | server=78.17.109.199:13868 | reason=mihomo start failed
[TEST] {693} tested=1/1 | kept=0 | rest=0
[DEBUG] mihomo isolate | branch={693} | size=1 | parse=0 | names=[Epodonios] EPODONIOS-346 | err=-
[DEBUG] mihomo drop | branch={693} | size=1 | parse=0 | names=[Epodonios] EPODONIOS-346 | err=-
[DROP] name=[Epodonios] EPODONIOS-346 {693} | server=107.161.174.26:443 | reason=mihomo start failed
[TEST] {692} tested=1/1 | kept=0 | rest=0
[DEBUG] mihomo isolate | branch={692} | size=1 | parse=0 | names=[Epodonios] EPODONIOS-345 | err=-
[DEBUG] mihomo drop | branch={692} | size=1 | parse=0 | names=[Epodonios] EPODONIOS-345 | err=-
[DROP] name=[Epodonios] EPODONIOS-345 {692} | server=95.85.252.223:8443 | reason=mihomo start failed
[TEST] {697} tested=1/1 | kept=0 | rest=0
[DEBUG] mihomo isolate | branch={697} | size=1 | parse=0 | names=[Epodonios] EPODONIOS-341 | err=-
[DEBUG] mihomo drop | branch={697} | size=1 | parse=0 | names=[Epodonios] EPODONIOS-341 | err=-
[DROP] name=[Epodonios] EPODONIOS-341 {697} | server=edge.aiteamplus.ir:10007 | reason=mihomo start failed
[TEST] {696} tested=1/1 | kept=0 | rest=0
[DEBUG] mihomo isolate | branch={696} | size=1 | parse=0 | names=[Epodonios] EPODONIOS-340 | err=-
[DEBUG] mihomo drop | branch={696} | size=1 | parse=0 | names=[Epodonios] EPODONIOS-340 | err=-
[DROP] name=[Epodonios] EPODONIOS-340 {696} | server=104.252.111.38:8443 | reason=mihomo start failed
[TEST] {699} tested=1/1 | kept=0 | rest=0
[DEBUG] mihomo isolate | branch={699} | size=1 | parse=0 | names=[Epodonios] EPODONIOS-343 | err=-
[DEBUG] mihomo drop | branch={699} | size=1 | parse=0 | names=[Epodonios] EPODONIOS-343 | err=-
[DROP] name=[Epodonios] EPODONIOS-343 {699} | server=hel1.nordlinkcloud.com:443 | reason=mihomo start failed
[TEST] {700} tested=1/1 | kept=0 | rest=0
[DEBUG] mihomo isolate | branch={700} | size=1 | parse=0 | names=[Epodonios] Telegram---PLANB_NET---PLANB | err=-
[DEBUG] mihomo drop | branch={700} | size=1 | parse=0 | names=[Epodonios] Telegram---PLANB_NET---PLANB | err=-
[DROP] name=[Epodonios] Telegram---PLANB_NET---PLANB_NET---PLANB_NET---PLANB_NET?ed&security=tls&alpn=http/1.1&encryption=none&insecure=0&host=f2au50vwmige9oftda.netizo14.workers.dev&fp=chrome&type=ws&allowInsecure=0&sni=F2aU50vwmIGE9oFtda.netIZO14.WOrkErs.Dev#EPODONIOS {700} | server=172.67.182.80:443 | reason=mihomo start failed
[TEST] {701} tested=1/1 | kept=0 | rest=0
[DEBUG] mihomo isolate | branch={701} | size=1 | parse=0 | names=[Epodonios] EPODONIOS-300 | err=-
[DEBUG] mihomo drop | branch={701} | size=1 | parse=0 | names=[Epodonios] EPODONIOS-300 | err=-
[DROP] name=[Epodonios] EPODONIOS-300 {701} | server=pishdad.org:8080 | reason=mihomo start failed
[TEST] {683} tested=1/1 | kept=0 | rest=0
[DEBUG] mihomo isolate | branch={683} | size=1 | parse=0 | names=[Epodonios] EPODONIOS-337 | err=-
[DEBUG] mihomo drop | branch={683} | size=1 | parse=0 | names=[Epodonios] EPODONIOS-337 | err=-
[DROP] name=[Epodonios] EPODONIOS-337 {683} | server=pl.iramnovira.com:443 | reason=mihomo start failed
[TEST] {702} tested=1/1 | kept=0 | rest=0
[DEBUG] mihomo isolate | branch={702} | size=1 | parse=0 | names=[Epodonios] EPODONIOS-301 | err=-
[DEBUG] mihomo drop | branch={702} | size=1 | parse=0 | names=[Epodonios] EPODONIOS-301 | err=-
[DROP] name=[Epodonios] EPODONIOS-301 {702} | server=edge.aiteamplus.ir:10007 | reason=mihomo start failed
[TEST] {705} tested=1/1 | kept=0 | rest=0
[DEBUG] mihomo isolate | branch={705} | size=1 | parse=0 | names=[Epodonios] EPODONIOS-350 | err=-
[DEBUG] mihomo drop | branch={705} | size=1 | parse=0 | names=[Epodonios] EPODONIOS-350 | err=-
[DROP] name=[Epodonios] EPODONIOS-350 {705} | server=78.17.126.222:13868 | reason=mihomo start failed
[TEST] {706} tested=1/1 | kept=0 | rest=0
[DEBUG] mihomo isolate | branch={706} | size=1 | parse=0 | names=[Epodonios] EPODONIOS-351 | err=-
[DEBUG] mihomo drop | branch={706} | size=1 | parse=0 | names=[Epodonios] EPODONIOS-351 | err=-
[DROP] name=[Epodonios] EPODONIOS-351 {706} | server=78.17.126.47:13868 | reason=mihomo start failed
[TEST] {703} tested=1/1 | kept=0 | rest=0
[DEBUG] mihomo isolate | branch={703} | size=1 | parse=0 | names=[Epodonios] EPODONIOS-302 | err=-
[DEBUG] mihomo drop | branch={703} | size=1 | parse=0 | names=[Epodonios] EPODONIOS-302 | err=-
[DROP] name=[Epodonios] EPODONIOS-302 {703} | server=lovesykun.cn:443 | reason=mihomo start failed
[TEST] {707} tested=1/1 | kept=0 | rest=0
[DEBUG] mihomo isolate | branch={707} | size=1 | parse=0 | names=[Epodonios] EPODONIOS-352 | err=-
[DEBUG] mihomo drop | branch={707} | size=1 | parse=0 | names=[Epodonios] EPODONIOS-352 | err=-
[DROP] name=[Epodonios] EPODONIOS-352 {707} | server=78.17.158.16:13868 | reason=mihomo start failed
[TEST] {708} tested=1/1 | kept=0 | rest=0
[DEBUG] mihomo isolate | branch={708} | size=1 | parse=0 | names=[Epodonios] vless | err=-
[DEBUG] mihomo drop | branch={708} | size=1 | parse=0 | names=[Epodonios] vless | err=-
[DROP] name=[Epodonios] vless {708} | server=www.hxino.com:443 | reason=mihomo start failed
[TEST] {694} tested=1/1 | kept=0 | rest=0
[DEBUG] mihomo isolate | branch={694} | size=1 | parse=0 | names=[Epodonios] EPODONIOS-347 | err=-
[DEBUG] mihomo drop | branch={694} | size=1 | parse=0 | names=[Epodonios] EPODONIOS-347 | err=-
[DROP] name=[Epodonios] EPODONIOS-347 {694} | server=78.17.109.126:13868 | reason=mihomo start failed
[TEST] {709} tested=1/1 | kept=0 | rest=0
[DEBUG] mihomo isolate | branch={709} | size=1 | parse=0 | names=[Epodonios] EPODONIOS-303 | err=-
[DEBUG] mihomo drop | branch={709} | size=1 | parse=0 | names=[Epodonios] EPODONIOS-303 | err=-
[DROP] name=[Epodonios] EPODONIOS-303 {709} | server=85.208.85.246:25565 | reason=mihomo start failed
[TEST] {698} tested=1/1 | kept=0 | rest=0
[DEBUG] mihomo isolate | branch={698} | size=1 | parse=0 | names=[Epodonios] EPODONIOS-342 | err=-
[DEBUG] mihomo drop | branch={698} | size=1 | parse=0 | names=[Epodonios] EPODONIOS-342 | err=-
[DROP] name=[Epodonios] EPODONIOS-342 {698} | server=speedtest.net:80 | reason=mihomo start failed
[TEST] {712} tested=1/1 | kept=0 | rest=0
[DEBUG] mihomo isolate | branch={712} | size=1 | parse=0 | names=[Epodonios] EPODONIOS-306 | err=-
[DEBUG] mihomo drop | branch={712} | size=1 | parse=0 | names=[Epodonios] EPODONIOS-306 | err=-
[DROP] name=[Epodonios] EPODONIOS-306 {712} | server=195.189.97.12:443 | reason=mihomo start failed
[TEST] {713} tested=4/4 | kept=0 | rest=0
[DEBUG] mihomo split-small | branch={713} | size=4 | parse=0 | names=[免费节点10] 🇺🇸 US 578 → tg@nicevpn123,[免费节点10] 🇺🇸 US 58 → tg@nicevpn123,[免费节点10] 🇺🇸 US 580 → tg@nicevpn123...+1 | err=-
[WARN] batch start failed | size=4 {713} | split=1 {1012} + 1 {1013} + 1 {1014} + 1 {1015}
[TEST] {714} tested=5/5 | kept=0 | rest=0
[DEBUG] mihomo split-small | branch={714} | size=5 | parse=0 | names=[免费节点10] 🇺🇸 US 584 → tg@nicevpn123,[免费节点10] 🇺🇸 US 585 → tg@nicevpn123,[免费节点10] 🇺🇸 US 586 → tg@nicevpn123...+2 | err=-
[WARN] batch start failed | size=5 {714} | split=1 {1016} + 1 {1017} + 1 {1018} + 1 {1019} + 1 {1020}
[TEST] {704} tested=1/1 | kept=0 | rest=0
[DEBUG] mihomo isolate | branch={704} | size=1 | parse=0 | names=[Epodonios] EPODONIOS-349 | err=-
[DEBUG] mihomo drop | branch={704} | size=1 | parse=0 | names=[Epodonios] EPODONIOS-349 | err=-
[DROP] name=[Epodonios] EPODONIOS-349 {704} | server=78.17.125.201:13868 | reason=mihomo start failed
[TEST] {716} tested=1/1 | kept=0 | rest=0
[DEBUG] mihomo isolate | branch={716} | size=1 | parse=0 | names=[Epodonios] EPODONIOS-316 | err=-
[DEBUG] mihomo drop | branch={716} | size=1 | parse=0 | names=[Epodonios] EPODONIOS-316 | err=-
[DROP] name=[Epodonios] EPODONIOS-316 {716} | server=tarane.2drive.sbs:80 | reason=mihomo start failed
[TEST] {710} tested=1/1 | kept=0 | rest=0
[DEBUG] mihomo isolate | branch={710} | size=1 | parse=0 | names=[Epodonios] EPODONIOS-304 | err=-
[DEBUG] mihomo drop | branch={710} | size=1 | parse=0 | names=[Epodonios] EPODONIOS-304 | err=-
[DROP] name=[Epodonios] EPODONIOS-304 {710} | server=85.208.85.246:443 | reason=mihomo start failed
[TEST] {717} tested=1/1 | kept=0 | rest=0
[DEBUG] mihomo isolate | branch={717} | size=1 | parse=0 | names=[Epodonios] EPODONIOS-317 | err=-
[DEBUG] mihomo drop | branch={717} | size=1 | parse=0 | names=[Epodonios] EPODONIOS-317 | err=-
[DROP] name=[Epodonios] EPODONIOS-317 {717} | server=tmesubgift.up.railway.app:443 | reason=mihomo start failed
[TEST] {719} tested=1/1 | kept=0 | rest=0
[DEBUG] mihomo isolate | branch={719} | size=1 | parse=0 | names=[Epodonios] EPODONIOS-319 | err=-
[DEBUG] mihomo drop | branch={719} | size=1 | parse=0 | names=[Epodonios] EPODONIOS-319 | err=-
[DROP] name=[Epodonios] EPODONIOS-319 {719} | server=188.225.77.241:443 | reason=mihomo start failed
[TEST] {720} tested=1/1 | kept=0 | rest=0
[DEBUG] mihomo isolate | branch={720} | size=1 | parse=0 | names=[Epodonios] EPODONIOS-320 | err=-
[DEBUG] mihomo drop | branch={720} | size=1 | parse=0 | names=[Epodonios] EPODONIOS-320 | err=-
[DROP] name=[Epodonios] EPODONIOS-320 {720} | server=84.32.177.74:443 | reason=mihomo start failed
[TEST] {711} tested=1/1 | kept=0 | rest=0
[DEBUG] mihomo isolate | branch={711} | size=1 | parse=0 | names=[Epodonios] EPODONIOS-305 | err=-
[DEBUG] mihomo drop | branch={711} | size=1 | parse=0 | names=[Epodonios] EPODONIOS-305 | err=-
[DROP] name=[Epodonios] EPODONIOS-305 {711} | server=91.234.39.183:8080 | reason=mihomo start failed
[TEST] {718} tested=1/1 | kept=0 | rest=0
[DEBUG] mihomo isolate | branch={718} | size=1 | parse=0 | names=[Epodonios] EPODONIOS-318 | err=-
[DEBUG] mihomo drop | branch={718} | size=1 | parse=0 | names=[Epodonios] EPODONIOS-318 | err=-
[DROP] name=[Epodonios] EPODONIOS-318 {718} | server=188.225.57.78:443 | reason=mihomo start failed
[TEST] {723} tested=1/1 | kept=0 | rest=0
[DEBUG] mihomo isolate | branch={723} | size=1 | parse=0 | names=[Epodonios] EPODONIOS-323 | err=-
[DEBUG] mihomo drop | branch={723} | size=1 | parse=0 | names=[Epodonios] EPODONIOS-323 | err=-
[DROP] name=[Epodonios] EPODONIOS-323 {723} | server=nid3ch.betust.net:443 | reason=mihomo start failed
[TEST] {724} tested=1/1 | kept=0 | rest=0
[DEBUG] mihomo isolate | branch={724} | size=1 | parse=0 | names=[免费节点10] 🇺🇸 US 569 → tg@nicevpn123 | err=-
[DEBUG] mihomo drop | branch={724} | size=1 | parse=0 | names=[免费节点10] 🇺🇸 US 569 → tg@nicevpn123 | err=-
[DROP] name=[免费节点10] 🇺🇸 US 569 → tg@nicevpn123 {724} | server=104.18.219.67:2087 | reason=mihomo start failed
[TEST] {715} tested=1/1 | kept=0 | rest=0
[DEBUG] mihomo isolate | branch={715} | size=1 | parse=0 | names=[Epodonios] EPODONIOS-315 | err=-
[DEBUG] mihomo drop | branch={715} | size=1 | parse=0 | names=[Epodonios] EPODONIOS-315 | err=-
[DROP] name=[Epodonios] EPODONIOS-315 {715} | server=fr-tx.sbrf-cdn342.ru:443 | reason=mihomo start failed
[TEST] {726} tested=1/1 | kept=0 | rest=0
[DEBUG] mihomo isolate | branch={726} | size=1 | parse=0 | names=[免费节点10] 🇺🇸 US 570 → tg@nicevpn123 | err=-
[DEBUG] mihomo drop | branch={726} | size=1 | parse=0 | names=[免费节点10] 🇺🇸 US 570 → tg@nicevpn123 | err=-
[DROP] name=[免费节点10] 🇺🇸 US 570 → tg@nicevpn123 {726} | server=104.18.219.61:2087 | reason=mihomo start failed
[TEST] {722} tested=1/1 | kept=0 | rest=0
[DEBUG] mihomo isolate | branch={722} | size=1 | parse=0 | names=[Epodonios] EPODONIOS-322 | err=-
[DEBUG] mihomo drop | branch={722} | size=1 | parse=0 | names=[Epodonios] EPODONIOS-322 | err=-
[DROP] name=[Epodonios] EPODONIOS-322 {722} | server=t1dn.blazenetwork.ir:443 | reason=mihomo start failed
[TEST] {729} tested=1/1 | kept=0 | rest=0
[DEBUG] mihomo isolate | branch={729} | size=1 | parse=0 | names=[免费节点10] 🇺🇸 US 575 → tg@nicevpn123 | err=-
[DEBUG] mihomo drop | branch={729} | size=1 | parse=0 | names=[免费节点10] 🇺🇸 US 575 → tg@nicevpn123 | err=-
[DROP] name=[免费节点10] 🇺🇸 US 575 → tg@nicevpn123 {729} | server=bolder-metal-comma.glitch.me:443 | reason=mihomo start failed
[TEST] {721} tested=1/1 | kept=0 | rest=0
[DEBUG] mihomo isolate | branch={721} | size=1 | parse=0 | names=[Epodonios] EPODONIOS-321 | err=-
[DEBUG] mihomo drop | branch={721} | size=1 | parse=0 | names=[Epodonios] EPODONIOS-321 | err=-
[DROP] name=[Epodonios] EPODONIOS-321 {721} | server=app16.betust.net:443 | reason=mihomo start failed
[TEST] {730} tested=1/1 | kept=0 | rest=0
[DEBUG] mihomo isolate | branch={730} | size=1 | parse=0 | names=[免费节点10] 🇺🇸 US 576 → tg@nicevpn123 | err=-
[DEBUG] mihomo drop | branch={730} | size=1 | parse=0 | names=[免费节点10] 🇺🇸 US 576 → tg@nicevpn123 | err=-
[DROP] name=[免费节点10] 🇺🇸 US 576 → tg@nicevpn123 {730} | server=104.19.45.239:2082 | reason=mihomo start failed
[TEST] {725} tested=1/1 | kept=0 | rest=0
[DEBUG] mihomo isolate | branch={725} | size=1 | parse=0 | names=[免费节点10] 🇺🇸 US 57 → tg@nicevpn123 | err=-
[DEBUG] mihomo drop | branch={725} | size=1 | parse=0 | names=[免费节点10] 🇺🇸 US 57 → tg@nicevpn123 | err=-
[DROP] name=[免费节点10] 🇺🇸 US 57 → tg@nicevpn123 {725} | server=15.204.87.217:5498 | reason=mihomo start failed
[TEST] {727} tested=1/1 | kept=0 | rest=0
[DEBUG] mihomo isolate | branch={727} | size=1 | parse=0 | names=[免费节点10] 🇺🇸 US 572 → tg@nicevpn123 | err=-
[DEBUG] mihomo drop | branch={727} | size=1 | parse=0 | names=[免费节点10] 🇺🇸 US 572 → tg@nicevpn123 | err=-
[DROP] name=[免费节点10] 🇺🇸 US 572 → tg@nicevpn123 {727} | server=38.75.136.108:8091 | reason=mihomo start failed
[TEST] {728} tested=1/1 | kept=0 | rest=0
[DEBUG] mihomo isolate | branch={728} | size=1 | parse=0 | names=[免费节点10] 🇺🇸 US 574 → tg@nicevpn123 | err=-
[DEBUG] mihomo drop | branch={728} | size=1 | parse=0 | names=[免费节点10] 🇺🇸 US 574 → tg@nicevpn123 | err=-
[DROP] name=[免费节点10] 🇺🇸 US 574 → tg@nicevpn123 {728} | server=34.221.163.96:443 | reason=mihomo start failed
[TEST] {734} tested=1/1 | kept=0 | rest=0
[DEBUG] mihomo isolate | branch={734} | size=1 | parse=0 | names=[免费节点10] 🇺🇸 US 590 → tg@nicevpn123 | err=-
[DEBUG] mihomo drop | branch={734} | size=1 | parse=0 | names=[免费节点10] 🇺🇸 US 590 → tg@nicevpn123 | err=-
[DROP] name=[免费节点10] 🇺🇸 US 590 → tg@nicevpn123 {734} | server=104.19.45.80:2095 | reason=mihomo start failed
[TEST] {735} tested=1/1 | kept=0 | rest=0
[DEBUG] mihomo isolate | branch={735} | size=1 | parse=0 | names=[免费节点10] 🇺🇸 US 592 → tg@nicevpn123 | err=-
[DEBUG] mihomo drop | branch={735} | size=1 | parse=0 | names=[免费节点10] 🇺🇸 US 592 → tg@nicevpn123 | err=-
[DROP] name=[免费节点10] 🇺🇸 US 592 → tg@nicevpn123 {735} | server=104.19.45.11:2095 | reason=mihomo start failed
[TEST] {737} tested=1/1 | kept=0 | rest=0
[DEBUG] mihomo isolate | branch={737} | size=1 | parse=0 | names=[免费节点10] 🇺🇸 US 595 → tg@nicevpn123 | err=-
[DEBUG] mihomo drop | branch={737} | size=1 | parse=0 | names=[免费节点10] 🇺🇸 US 595 → tg@nicevpn123 | err=-
[DROP] name=[免费节点10] 🇺🇸 US 595 → tg@nicevpn123 {737} | server=best-charm-pediatrician.glitch.me:443 | reason=mihomo start failed
[TEST] {736} tested=1/1 | kept=0 | rest=0
[DEBUG] mihomo isolate | branch={736} | size=1 | parse=0 | names=[免费节点10] 🇺🇸 US 593 → tg@nicevpn123 | err=-
[DEBUG] mihomo drop | branch={736} | size=1 | parse=0 | names=[免费节点10] 🇺🇸 US 593 → tg@nicevpn123 | err=-
[DROP] name=[免费节点10] 🇺🇸 US 593 → tg@nicevpn123 {736} | server=38.110.1.105:9102 | reason=mihomo start failed
[TEST] {739} tested=1/1 | kept=0 | rest=0
[DEBUG] mihomo isolate | branch={739} | size=1 | parse=0 | names=[免费节点10] 🇺🇸 US 6 → tg@nicevpn123 | err=-
[DEBUG] mihomo drop | branch={739} | size=1 | parse=0 | names=[免费节点10] 🇺🇸 US 6 → tg@nicevpn123 | err=-
[DROP] name=[免费节点10] 🇺🇸 US 6 → tg@nicevpn123 {739} | server=oe6wc-g01.jp05-6786-vm0.entry.fr0307a.art:46482 | reason=mihomo start failed
[TEST] {740} tested=1/1 | kept=0 | rest=0
[DEBUG] mihomo isolate | branch={740} | size=1 | parse=0 | names=[免费节点10] 🇺🇸 US 600 → tg@nicevpn123 | err=-
[DEBUG] mihomo drop | branch={740} | size=1 | parse=0 | names=[免费节点10] 🇺🇸 US 600 → tg@nicevpn123 | err=-
[DROP] name=[免费节点10] 🇺🇸 US 600 → tg@nicevpn123 {740} | server=104.19.42.243:2082 | reason=mihomo start failed
[TEST] {738} tested=1/1 | kept=0 | rest=0
[DEBUG] mihomo isolate | branch={738} | size=1 | parse=0 | names=[免费节点10] 🇺🇸 US 598 → tg@nicevpn123 | err=-
[DEBUG] mihomo drop | branch={738} | size=1 | parse=0 | names=[免费节点10] 🇺🇸 US 598 → tg@nicevpn123 | err=-
[DROP] name=[免费节点10] 🇺🇸 US 598 → tg@nicevpn123 {738} | server=104.16.40.247:2082 | reason=mihomo start failed
[TEST] {731} tested=1/1 | kept=0 | rest=0
[DEBUG] mihomo isolate | branch={731} | size=1 | parse=0 | names=[免费节点10] 🇺🇸 US 577 → tg@nicevpn123 | err=-
[DEBUG] mihomo drop | branch={731} | size=1 | parse=0 | names=[免费节点10] 🇺🇸 US 577 → tg@nicevpn123 | err=-
[DROP] name=[免费节点10] 🇺🇸 US 577 → tg@nicevpn123 {731} | server=165.22.47.62:8881 | reason=mihomo start failed
[TEST] {742} tested=1/1 | kept=0 | rest=0
[DEBUG] mihomo isolate | branch={742} | size=1 | parse=0 | names=[免费节点10] 🇺🇸 US 614 → tg@nicevpn123 | err=-
[DEBUG] mihomo drop | branch={742} | size=1 | parse=0 | names=[免费节点10] 🇺🇸 US 614 → tg@nicevpn123 | err=-
[DROP] name=[免费节点10] 🇺🇸 US 614 → tg@nicevpn123 {742} | server=104.19.45.125:2095 | reason=mihomo start failed
[TEST] {732} tested=4/4 | kept=0 | rest=0
[DEBUG] mihomo split-small | branch={732} | size=4 | parse=0 | names=[免费节点10] 🇺🇸 US 602 → tg@nicevpn123,[免费节点10] 🇺🇸 US 604 → tg@nicevpn123,[免费节点10] 🇺🇸 US 605 → tg@nicevpn123...+1 | err=-
[WARN] batch start failed | size=4 {732} | split=1 {1021} + 1 {1022} + 1 {1023} + 1 {1024}
[TEST] {744} tested=1/1 | kept=0 | rest=0
[DEBUG] mihomo isolate | branch={744} | size=1 | parse=0 | names=[免费节点10] 🇺🇸 US 619 → tg@nicevpn123 | err=-
[DEBUG] mihomo drop | branch={744} | size=1 | parse=0 | names=[免费节点10] 🇺🇸 US 619 → tg@nicevpn123 | err=-
[DROP] name=[免费节点10] 🇺🇸 US 619 → tg@nicevpn123 {744} | server=104.19.171.3:443 | reason=mihomo start failed
[TEST] {733} tested=5/5 | kept=0 | rest=0
[DEBUG] mihomo split-small | branch={733} | size=5 | parse=0 | names=[免费节点10] 🇺🇸 US 608 → tg@nicevpn123,[免费节点10] 🇺🇸 US 61 → tg@nicevpn123,[免费节点10] 🇺🇸 US 611 → tg@nicevpn123...+2 | err=-
[WARN] batch start failed | size=5 {733} | split=1 {1025} + 1 {1026} + 1 {1027} + 1 {1028} + 1 {1029}
[TEST] {745} tested=1/1 | kept=0 | rest=0
[DEBUG] mihomo isolate | branch={745} | size=1 | parse=0 | names=[免费节点10] 🇺🇸 US 62 → tg@nicevpn123 | err=-
[DEBUG] mihomo drop | branch={745} | size=1 | parse=0 | names=[免费节点10] 🇺🇸 US 62 → tg@nicevpn123 | err=-
[DROP] name=[免费节点10] 🇺🇸 US 62 → tg@nicevpn123 {745} | server=104.16.40.106:2082 | reason=mihomo start failed
[TEST] {746} tested=1/1 | kept=0 | rest=0
[DEBUG] mihomo isolate | branch={746} | size=1 | parse=0 | names=[免费节点10] 🇺🇸 US 620 → tg@nicevpn123 | err=-
[DEBUG] mihomo drop | branch={746} | size=1 | parse=0 | names=[免费节点10] 🇺🇸 US 620 → tg@nicevpn123 | err=-
[DROP] name=[免费节点10] 🇺🇸 US 620 → tg@nicevpn123 {746} | server=104.21.40.162:80 | reason=mihomo start failed
[TEST] {741} tested=1/1 | kept=0 | rest=0
[DEBUG] mihomo isolate | branch={741} | size=1 | parse=0 | names=[免费节点10] 🇺🇸 US 601 → tg@nicevpn123 | err=-
[DEBUG] mihomo drop | branch={741} | size=1 | parse=0 | names=[免费节点10] 🇺🇸 US 601 → tg@nicevpn123 | err=-
[DROP] name=[免费节点10] 🇺🇸 US 601 → tg@nicevpn123 {741} | server=66.225.246.221:30129 | reason=mihomo start failed
[TEST] {749} tested=1/1 | kept=0 | rest=0
[DEBUG] mihomo isolate | branch={749} | size=1 | parse=0 | names=[免费节点10] 🇺🇸 US 624 → tg@nicevpn123 | err=-
[DEBUG] mihomo drop | branch={749} | size=1 | parse=0 | names=[免费节点10] 🇺🇸 US 624 → tg@nicevpn123 | err=-
[DROP] name=[免费节点10] 🇺🇸 US 624 → tg@nicevpn123 {749} | server=104.16.42.81:2082 | reason=mihomo start failed
[TEST] {750} tested=4/4 | kept=0 | rest=0
[DEBUG] mihomo split-small | branch={750} | size=4 | parse=0 | names=[免费节点10] 🇺🇸 US 625 → tg@nicevpn123,[免费节点10] 🇺🇸 US 626 → tg@nicevpn123,[免费节点10] 🇺🇸 US 627 → tg@nicevpn123...+1 | err=-
[WARN] batch start failed | size=4 {750} | split=1 {1030} + 1 {1031} + 1 {1032} + 1 {1033}
[TEST] {743} tested=1/1 | kept=0 | rest=0
[DEBUG] mihomo isolate | branch={743} | size=1 | parse=0 | names=[免费节点10] 🇺🇸 US 616 → tg@nicevpn123 | err=-
[DEBUG] mihomo drop | branch={743} | size=1 | parse=0 | names=[免费节点10] 🇺🇸 US 616 → tg@nicevpn123 | err=-
[DROP] name=[免费节点10] 🇺🇸 US 616 → tg@nicevpn123 {743} | server=38.110.1.107:3306 | reason=mihomo start failed
[TEST] {753} tested=5/5 | kept=0 | rest=0
[DEBUG] mihomo split-small | branch={753} | size=5 | parse=0 | names=[免费节点10] 🇺🇸 US 651 → tg@nicevpn123,[免费节点10] 🇺🇸 US 652 → tg@nicevpn123,[免费节点10] 🇺🇸 US 654 → tg@nicevpn123...+2 | err=-
[WARN] batch start failed | size=5 {753} | split=1 {1034} + 1 {1035} + 1 {1036} + 1 {1037} + 1 {1038}
[TEST] {747} tested=1/1 | kept=0 | rest=0
[DEBUG] mihomo isolate | branch={747} | size=1 | parse=0 | names=[免费节点10] 🇺🇸 US 621 → tg@nicevpn123 | err=-
[DEBUG] mihomo drop | branch={747} | size=1 | parse=0 | names=[免费节点10] 🇺🇸 US 621 → tg@nicevpn123 | err=-
[DROP] name=[免费节点10] 🇺🇸 US 621 → tg@nicevpn123 {747} | server=13.37.183.9:22222 | reason=mihomo start failed
[TEST] {754} tested=1/1 | kept=0 | rest=0
[DEBUG] mihomo isolate | branch={754} | size=1 | parse=0 | names=[免费节点10] 🇺🇸 US 637 → tg@nicevpn123 | err=-
[DEBUG] mihomo drop | branch={754} | size=1 | parse=0 | names=[免费节点10] 🇺🇸 US 637 → tg@nicevpn123 | err=-
[DROP] name=[免费节点10] 🇺🇸 US 637 → tg@nicevpn123 {754} | server=104.19.45.86:2082 | reason=mihomo start failed
[TEST] {748} tested=1/1 | kept=0 | rest=0
[DEBUG] mihomo isolate | branch={748} | size=1 | parse=0 | names=[免费节点10] 🇺🇸 US 623 → tg@nicevpn123 | err=-
[DEBUG] mihomo drop | branch={748} | size=1 | parse=0 | names=[免费节点10] 🇺🇸 US 623 → tg@nicevpn123 | err=-
[DROP] name=[免费节点10] 🇺🇸 US 623 → tg@nicevpn123 {748} | server=ip0axv1bbsu02k7-jp.1ytnode.com:56342 | reason=mihomo start failed
[TEST] {756} tested=1/1 | kept=0 | rest=0
[DEBUG] mihomo isolate | branch={756} | size=1 | parse=0 | names=[免费节点10] 🇺🇸 US 639 → tg@nicevpn123 | err=-
[DEBUG] mihomo drop | branch={756} | size=1 | parse=0 | names=[免费节点10] 🇺🇸 US 639 → tg@nicevpn123 | err=-
[DROP] name=[免费节点10] 🇺🇸 US 639 → tg@nicevpn123 {756} | server=104.21.225.193:80 | reason=mihomo start failed
[TEST] {757} tested=1/1 | kept=0 | rest=0
[DEBUG] mihomo isolate | branch={757} | size=1 | parse=0 | names=[免费节点10] 🇺🇸 US 640 → tg@nicevpn123 | err=-
[DEBUG] mihomo drop | branch={757} | size=1 | parse=0 | names=[免费节点10] 🇺🇸 US 640 → tg@nicevpn123 | err=-
[DROP] name=[免费节点10] 🇺🇸 US 640 → tg@nicevpn123 {757} | server=104.19.171.9:443 | reason=mihomo start failed
[TEST] {758} tested=1/1 | kept=0 | rest=0
[DEBUG] mihomo isolate | branch={758} | size=1 | parse=0 | names=[免费节点10] 🇺🇸 US 642 → tg@nicevpn123 | err=-
[DEBUG] mihomo drop | branch={758} | size=1 | parse=0 | names=[免费节点10] 🇺🇸 US 642 → tg@nicevpn123 | err=-
[DROP] name=[免费节点10] 🇺🇸 US 642 → tg@nicevpn123 {758} | server=99.84.50.218:443 | reason=mihomo start failed
[TEST] {759} tested=1/1 | kept=0 | rest=0
[DEBUG] mihomo isolate | branch={759} | size=1 | parse=0 | names=[免费节点10] 🇺🇸 US 644 → tg@nicevpn123 | err=-
[DEBUG] mihomo drop | branch={759} | size=1 | parse=0 | names=[免费节点10] 🇺🇸 US 644 → tg@nicevpn123 | err=-
[DROP] name=[免费节点10] 🇺🇸 US 644 → tg@nicevpn123 {759} | server=172.67.158.153:443 | reason=mihomo start failed
[TEST] {760} tested=1/1 | kept=0 | rest=0
[DEBUG] mihomo isolate | branch={760} | size=1 | parse=0 | names=[免费节点10] 🇺🇸 US 645 → tg@nicevpn123 | err=-
[DEBUG] mihomo drop | branch={760} | size=1 | parse=0 | names=[免费节点10] 🇺🇸 US 645 → tg@nicevpn123 | err=-
[DROP] name=[免费节点10] 🇺🇸 US 645 → tg@nicevpn123 {760} | server=104.19.45.50:2095 | reason=mihomo start failed
[TEST] {761} tested=1/1 | kept=0 | rest=0
[DEBUG] mihomo isolate | branch={761} | size=1 | parse=0 | names=[免费节点10] 🇺🇸 US 646 → tg@nicevpn123 | err=-
[DEBUG] mihomo drop | branch={761} | size=1 | parse=0 | names=[免费节点10] 🇺🇸 US 646 → tg@nicevpn123 | err=-
[DROP] name=[免费节点10] 🇺🇸 US 646 → tg@nicevpn123 {761} | server=172.245.180.193:16899 | reason=mihomo start failed
[TEST] {762} tested=1/1 | kept=0 | rest=0
[DEBUG] mihomo isolate | branch={762} | size=1 | parse=0 | names=[免费节点10] 🇺🇸 US 681 → tg@nicevpn123 | err=-
[DEBUG] mihomo drop | branch={762} | size=1 | parse=0 | names=[免费节点10] 🇺🇸 US 681 → tg@nicevpn123 | err=-
[DROP] name=[免费节点10] 🇺🇸 US 681 → tg@nicevpn123 {762} | server=104.21.225.243:80 | reason=mihomo start failed
[TEST] {751} tested=5/5 | kept=0 | rest=0
[DEBUG] mihomo split-small | branch={751} | size=5 | parse=0 | names=[免费节点10] 🇺🇸 US 631 → tg@nicevpn123,[免费节点10] 🇺🇸 US 632 → tg@nicevpn123,[免费节点10] 🇺🇸 US 633 → tg@nicevpn123...+2 | err=-
[WARN] batch start failed | size=5 {751} | split=1 {1039} + 1 {1040} + 1 {1041} + 1 {1042} + 1 {1043}
[TEST] {752} tested=4/4 | kept=0 | rest=0
[DEBUG] mihomo split-small | branch={752} | size=4 | parse=0 | names=[免费节点10] 🇺🇸 US 647 → tg@nicevpn123,[免费节点10] 🇺🇸 US 648 → tg@nicevpn123,[免费节点10] 🇺🇸 US 65 → tg@nicevpn123...+1 | err=-
[WARN] batch start failed | size=4 {752} | split=1 {1044} + 1 {1045} + 1 {1046} + 1 {1047}
[TEST] {755} tested=1/1 | kept=0 | rest=0
[DEBUG] mihomo isolate | branch={755} | size=1 | parse=0 | names=[免费节点10] 🇺🇸 US 638 → tg@nicevpn123 | err=-
[DEBUG] mihomo drop | branch={755} | size=1 | parse=0 | names=[免费节点10] 🇺🇸 US 638 → tg@nicevpn123 | err=-
[DROP] name=[免费节点10] 🇺🇸 US 638 → tg@nicevpn123 {755} | server=38.121.43.248:8882 | reason=mihomo start failed
[TEST] {765} tested=1/1 | kept=0 | rest=0
[DEBUG] mihomo isolate | branch={765} | size=1 | parse=0 | names=[免费节点10] 🇺🇸 US 684 → tg@nicevpn123 | err=-
[DEBUG] mihomo drop | branch={765} | size=1 | parse=0 | names=[免费节点10] 🇺🇸 US 684 → tg@nicevpn123 | err=-
[DROP] name=[免费节点10] 🇺🇸 US 684 → tg@nicevpn123 {765} | server=172.233.164.254:16899 | reason=mihomo start failed
[TEST] {768} tested=1/1 | kept=0 | rest=0
[DEBUG] mihomo isolate | branch={768} | size=1 | parse=0 | names=[免费节点10] 🇺🇸 US 687 → tg@nicevpn123 | err=-
[DEBUG] mihomo drop | branch={768} | size=1 | parse=0 | names=[免费节点10] 🇺🇸 US 687 → tg@nicevpn123 | err=-
[DROP] name=[免费节点10] 🇺🇸 US 687 → tg@nicevpn123 {768} | server=104.21.80.53:2053 | reason=mihomo start failed
[TEST] {767} tested=1/1 | kept=0 | rest=0
[DEBUG] mihomo isolate | branch={767} | size=1 | parse=0 | names=[免费节点10] 🇺🇸 US 686 → tg@nicevpn123 | err=-
[DEBUG] mihomo drop | branch={767} | size=1 | parse=0 | names=[免费节点10] 🇺🇸 US 686 → tg@nicevpn123 | err=-
[DROP] name=[免费节点10] 🇺🇸 US 686 → tg@nicevpn123 {767} | server=hk.wish.ml:2052 | reason=mihomo start failed
[TEST] {769} tested=1/1 | kept=0 | rest=0
[DEBUG] mihomo isolate | branch={769} | size=1 | parse=0 | names=[免费节点10] 🇺🇸 US 688 → tg@nicevpn123 | err=-
[DEBUG] mihomo drop | branch={769} | size=1 | parse=0 | names=[免费节点10] 🇺🇸 US 688 → tg@nicevpn123 | err=-
[DROP] name=[免费节点10] 🇺🇸 US 688 → tg@nicevpn123 {769} | server=104.19.45.70:2082 | reason=mihomo start failed
[TEST] {764} tested=1/1 | kept=0 | rest=0
[DEBUG] mihomo isolate | branch={764} | size=1 | parse=0 | names=[免费节点10] 🇺🇸 US 683 → tg@nicevpn123 | err=-
[DEBUG] mihomo drop | branch={764} | size=1 | parse=0 | names=[免费节点10] 🇺🇸 US 683 → tg@nicevpn123 | err=-
[DROP] name=[免费节点10] 🇺🇸 US 683 → tg@nicevpn123 {764} | server=ip0axv1bbsu02k7-hk.1ytnode.com:56315 | reason=mihomo start failed
[TEST] {766} tested=1/1 | kept=0 | rest=0
[DEBUG] mihomo isolate | branch={766} | size=1 | parse=0 | names=[免费节点10] 🇺🇸 US 685 → tg@nicevpn123 | err=-
[DEBUG] mihomo drop | branch={766} | size=1 | parse=0 | names=[免费节点10] 🇺🇸 US 685 → tg@nicevpn123 | err=-
[DROP] name=[免费节点10] 🇺🇸 US 685 → tg@nicevpn123 {766} | server=fcdn.flha.ru:2095 | reason=mihomo start failed
[TEST] {763} tested=1/1 | kept=0 | rest=0
[DEBUG] mihomo isolate | branch={763} | size=1 | parse=0 | names=[免费节点10] 🇺🇸 US 682 → tg@nicevpn123 | err=-
[DEBUG] mihomo drop | branch={763} | size=1 | parse=0 | names=[免费节点10] 🇺🇸 US 682 → tg@nicevpn123 | err=-
[DROP] name=[免费节点10] 🇺🇸 US 682 → tg@nicevpn123 {763} | server=38.75.137.42:8881 | reason=mihomo start failed
[TEST] {773} tested=5/5 | kept=0 | rest=0
[DEBUG] mihomo split-small | branch={773} | size=5 | parse=0 | names=[免费节点10] 🇺🇸 US 674 → tg@nicevpn123,[免费节点10] 🇺🇸 US 675 → tg@nicevpn123,[免费节点10] 🇺🇸 US 676 → tg@nicevpn123...+2 | err=-
[WARN] batch start failed | size=5 {773} | split=1 {1048} + 1 {1049} + 1 {1050} + 1 {1051} + 1 {1052}
[TEST] {775} tested=1/1 | kept=0 | rest=0
[DEBUG] mihomo isolate | branch={775} | size=1 | parse=0 | names=[免费节点10] 🇺🇸 US 658 → tg@nicevpn123 | err=-
[DEBUG] mihomo drop | branch={775} | size=1 | parse=0 | names=[免费节点10] 🇺🇸 US 658 → tg@nicevpn123 | err=-
[DROP] name=[免费节点10] 🇺🇸 US 658 → tg@nicevpn123 {775} | server=104.16.40.244:2082 | reason=mihomo start failed
[TEST] {774} tested=1/1 | kept=0 | rest=0
[DEBUG] mihomo isolate | branch={774} | size=1 | parse=0 | names=[免费节点10] 🇺🇸 US 657 → tg@nicevpn123 | err=-
[DEBUG] mihomo drop | branch={774} | size=1 | parse=0 | names=[免费节点10] 🇺🇸 US 657 → tg@nicevpn123 | err=-
[DROP] name=[免费节点10] 🇺🇸 US 657 → tg@nicevpn123 {774} | server=104.21.233.68:80 | reason=mihomo start failed
[TEST] {770} tested=4/4 | kept=0 | rest=0
[DEBUG] mihomo split-small | branch={770} | size=4 | parse=0 | names=[免费节点10] 🇺🇸 US 689 → tg@nicevpn123,[免费节点10] 🇺🇸 US 69 → tg@nicevpn123,[免费节点10] 🇺🇸 US 690 → tg@nicevpn123...+1 | err=-
[WARN] batch start failed | size=4 {770} | split=1 {1053} + 1 {1054} + 1 {1055} + 1 {1056}
[TEST] {776} tested=1/1 | kept=0 | rest=0
[DEBUG] mihomo isolate | branch={776} | size=1 | parse=0 | names=[免费节点10] 🇺🇸 US 66 → tg@nicevpn123 | err=-
[DEBUG] mihomo drop | branch={776} | size=1 | parse=0 | names=[免费节点10] 🇺🇸 US 66 → tg@nicevpn123 | err=-
[DROP] name=[免费节点10] 🇺🇸 US 66 → tg@nicevpn123 {776} | server=104.20.26.40:8080 | reason=mihomo start failed
[TEST] {778} tested=1/1 | kept=0 | rest=0
[DEBUG] mihomo isolate | branch={778} | size=1 | parse=0 | names=[免费节点10] 🇺🇸 US 665 → tg@nicevpn123 | err=-
[DEBUG] mihomo drop | branch={778} | size=1 | parse=0 | names=[免费节点10] 🇺🇸 US 665 → tg@nicevpn123 | err=-
[DROP] name=[免费节点10] 🇺🇸 US 665 → tg@nicevpn123 {778} | server=104.16.39.199:2082 | reason=mihomo start failed
[TEST] {781} tested=1/1 | kept=0 | rest=0
[DEBUG] mihomo isolate | branch={781} | size=1 | parse=0 | names=[免费节点10] 🇺🇸 US 67 → tg@nicevpn123 | err=-
[DEBUG] mihomo drop | branch={781} | size=1 | parse=0 | names=[免费节点10] 🇺🇸 US 67 → tg@nicevpn123 | err=-
[DROP] name=[免费节点10] 🇺🇸 US 67 → tg@nicevpn123 {781} | server=104.17.61.9:443 | reason=mihomo start failed
[TEST] {780} tested=1/1 | kept=0 | rest=0
[DEBUG] mihomo isolate | branch={780} | size=1 | parse=0 | names=[免费节点10] 🇺🇸 US 667 → tg@nicevpn123 | err=-
[DEBUG] mihomo drop | branch={780} | size=1 | parse=0 | names=[免费节点10] 🇺🇸 US 667 → tg@nicevpn123 | err=-
[DROP] name=[免费节点10] 🇺🇸 US 667 → tg@nicevpn123 {780} | server=104.21.83.208:443 | reason=mihomo start failed
[TEST] {779} tested=1/1 | kept=0 | rest=0
[DEBUG] mihomo isolate | branch={779} | size=1 | parse=0 | names=[免费节点10] 🇺🇸 US 666 → tg@nicevpn123 | err=-
[DEBUG] mihomo drop | branch={779} | size=1 | parse=0 | names=[免费节点10] 🇺🇸 US 666 → tg@nicevpn123 | err=-
[DROP] name=[免费节点10] 🇺🇸 US 666 → tg@nicevpn123 {779} | server=104.19.45.6:2095 | reason=mihomo start failed
[TEST] {771} tested=5/5 | kept=0 | rest=0
[DEBUG] mihomo split-small | branch={771} | size=5 | parse=0 | names=[免费节点10] 🇺🇸 US 694 → tg@nicevpn123,[免费节点10] 🇺🇸 US 695 → tg@nicevpn123,[免费节点10] 🇺🇸 US 697 → tg@nicevpn123...+2 | err=-
[WARN] batch start failed | size=5 {771} | split=1 {1057} + 1 {1058} + 1 {1059} + 1 {1060} + 1 {1061}
[TEST] {782} tested=4/4 | kept=0 | rest=0
[DEBUG] mihomo split-small | branch={782} | size=4 | parse=0 | names=[免费节点10] 🇺🇸 US 727 → tg@nicevpn123,[免费节点10] 🇺🇸 US 728 → tg@nicevpn123,[免费节点10] 🇺🇸 US 730 → tg@nicevpn123...+1 | err=-
[WARN] batch start failed | size=4 {782} | split=1 {1062} + 1 {1063} + 1 {1064} + 1 {1065}
[TEST] {772} tested=4/4 | kept=0 | rest=0
[DEBUG] mihomo split-small | branch={772} | size=4 | parse=0 | names=[免费节点10] 🇺🇸 US 670 → tg@nicevpn123,[免费节点10] 🇺🇸 US 671 → tg@nicevpn123,[免费节点10] 🇺🇸 US 672 → tg@nicevpn123...+1 | err=-
[WARN] batch start failed | size=4 {772} | split=1 {1066} + 1 {1067} + 1 {1068} + 1 {1069}
[TEST] {777} tested=1/1 | kept=0 | rest=0
[DEBUG] mihomo isolate | branch={777} | size=1 | parse=0 | names=[免费节点10] 🇺🇸 US 662 → tg@nicevpn123 | err=-
[DEBUG] mihomo drop | branch={777} | size=1 | parse=0 | names=[免费节点10] 🇺🇸 US 662 → tg@nicevpn123 | err=-
[DROP] name=[免费节点10] 🇺🇸 US 662 → tg@nicevpn123 {777} | server=38.86.135.225:5601 | reason=mihomo start failed
[TEST] {783} tested=5/5 | kept=0 | rest=0
[DEBUG] mihomo split-small | branch={783} | size=5 | parse=0 | names=[免费节点10] 🇺🇸 US 735 → tg@nicevpn123,[免费节点10] 🇺🇸 US 737 → tg@nicevpn123,[免费节点10] 🇺🇸 US 739 → tg@nicevpn123...+2 | err=-
[WARN] batch start failed | size=5 {783} | split=1 {1070} + 1 {1071} + 1 {1072} + 1 {1073} + 1 {1074}
[TEST] {786} tested=1/1 | kept=0 | rest=0
[DEBUG] mihomo isolate | branch={786} | size=1 | parse=0 | names=[免费节点10] 🇺🇸 US 70 → tg@nicevpn123 | err=-
[DEBUG] mihomo drop | branch={786} | size=1 | parse=0 | names=[免费节点10] 🇺🇸 US 70 → tg@nicevpn123 | err=-
[DROP] name=[免费节点10] 🇺🇸 US 70 → tg@nicevpn123 {786} | server=104.19.45.133:2095 | reason=mihomo start failed
[TEST] {785} tested=5/5 | kept=0 | rest=0
[DEBUG] mihomo split-small | branch={785} | size=5 | parse=0 | names=[免费节点10] 🇺🇸 US 720 → tg@nicevpn123,[免费节点10] 🇺🇸 US 721 → tg@nicevpn123,[免费节点10] 🇺🇸 US 723 → tg@nicevpn123...+2 | err=-
[WARN] batch start failed | size=5 {785} | split=1 {1075} + 1 {1076} + 1 {1077} + 1 {1078} + 1 {1079}
[TEST] {788} tested=1/1 | kept=0 | rest=0
[DEBUG] mihomo isolate | branch={788} | size=1 | parse=0 | names=[免费节点10] 🇺🇸 US 701 → tg@nicevpn123 | err=-
[DEBUG] mihomo drop | branch={788} | size=1 | parse=0 | names=[免费节点10] 🇺🇸 US 701 → tg@nicevpn123 | err=-
[DROP] name=[免费节点10] 🇺🇸 US 701 → tg@nicevpn123 {788} | server=104.19.49.3:443 | reason=mihomo start failed
[TEST] {790} tested=1/1 | kept=0 | rest=0
[DEBUG] mihomo isolate | branch={790} | size=1 | parse=0 | names=[免费节点10] 🇺🇸 US 703 → tg@nicevpn123 | err=-
[DEBUG] mihomo drop | branch={790} | size=1 | parse=0 | names=[免费节点10] 🇺🇸 US 703 → tg@nicevpn123 | err=-
[DROP] name=[免费节点10] 🇺🇸 US 703 → tg@nicevpn123 {790} | server=104.19.45.136:2095 | reason=mihomo start failed
[TEST] {789} tested=1/1 | kept=0 | rest=0
[DEBUG] mihomo isolate | branch={789} | size=1 | parse=0 | names=[免费节点10] 🇺🇸 US 702 → tg@nicevpn123 | err=-
[DEBUG] mihomo drop | branch={789} | size=1 | parse=0 | names=[免费节点10] 🇺🇸 US 702 → tg@nicevpn123 | err=-
[DROP] name=[免费节点10] 🇺🇸 US 702 → tg@nicevpn123 {789} | server=104.16.60.8:2095 | reason=mihomo start failed
[TEST] {793} tested=1/1 | kept=0 | rest=0
[DEBUG] mihomo isolate | branch={793} | size=1 | parse=0 | names=[免费节点10] 🇺🇸 US 706 → tg@nicevpn123 | err=-
[DEBUG] mihomo drop | branch={793} | size=1 | parse=0 | names=[免费节点10] 🇺🇸 US 706 → tg@nicevpn123 | err=-
[DROP] name=[免费节点10] 🇺🇸 US 706 → tg@nicevpn123 {793} | server=104.19.42.171:2082 | reason=mihomo start failed
[TEST] {792} tested=1/1 | kept=0 | rest=0
[DEBUG] mihomo isolate | branch={792} | size=1 | parse=0 | names=[免费节点10] 🇺🇸 US 705 → tg@nicevpn123 | err=-
[DEBUG] mihomo drop | branch={792} | size=1 | parse=0 | names=[免费节点10] 🇺🇸 US 705 → tg@nicevpn123 | err=-
[DROP] name=[免费节点10] 🇺🇸 US 705 → tg@nicevpn123 {792} | server=38.110.1.105:9090 | reason=mihomo start failed
[TEST] {791} tested=1/1 | kept=0 | rest=0
[DEBUG] mihomo isolate | branch={791} | size=1 | parse=0 | names=[免费节点10] 🇺🇸 US 704 → tg@nicevpn123 | err=-
[DEBUG] mihomo drop | branch={791} | size=1 | parse=0 | names=[免费节点10] 🇺🇸 US 704 → tg@nicevpn123 | err=-
[DROP] name=[免费节点10] 🇺🇸 US 704 → tg@nicevpn123 {791} | server=104.19.45.25:2095 | reason=mihomo start failed
[TEST] {784} tested=4/4 | kept=0 | rest=0
[DEBUG] mihomo split-small | branch={784} | size=4 | parse=0 | names=[免费节点10] 🇺🇸 US 717 → tg@nicevpn123,[免费节点10] 🇺🇸 US 718 → tg@nicevpn123,[免费节点10] 🇺🇸 US 719 → tg@nicevpn123...+1 | err=-
[WARN] batch start failed | size=4 {784} | split=1 {1080} + 1 {1081} + 1 {1082} + 1 {1083}
[TEST] {796} tested=4/4 | kept=0 | rest=0
[DEBUG] mihomo split-small | branch={796} | size=4 | parse=0 | names=[免费节点10] 🇺🇸 US 467 → tg@nicevpn123,[免费节点10] 🇺🇸 US 469 → tg@nicevpn123,[免费节点10] 🇺🇸 US 47 → tg@nicevpn123...+1 | err=-
[WARN] batch start failed | size=4 {796} | split=1 {1084} + 1 {1085} + 1 {1086} + 1 {1087}
[TEST] {787} tested=1/1 | kept=0 | rest=0
[DEBUG] mihomo isolate | branch={787} | size=1 | parse=0 | names=[免费节点10] 🇺🇸 US 700 → tg@nicevpn123 | err=-
[DEBUG] mihomo drop | branch={787} | size=1 | parse=0 | names=[免费节点10] 🇺🇸 US 700 → tg@nicevpn123 | err=-
[DROP] name=[免费节点10] 🇺🇸 US 700 → tg@nicevpn123 {787} | server=141.193.68.81:443 | reason=mihomo start failed
[TEST] {798} tested=1/1 | kept=0 | rest=0
[DEBUG] mihomo isolate | branch={798} | size=1 | parse=0 | names=[免费节点10] 🇺🇸 US 455 → tg@nicevpn123 | err=-
[DEBUG] mihomo drop | branch={798} | size=1 | parse=0 | names=[免费节点10] 🇺🇸 US 455 → tg@nicevpn123 | err=-
[DROP] name=[免费节点10] 🇺🇸 US 455 → tg@nicevpn123 {798} | server=104.19.44.192:8080 | reason=mihomo start failed
[TEST] {800} tested=1/1 | kept=0 | rest=0
[DEBUG] mihomo isolate | branch={800} | size=1 | parse=0 | names=[免费节点10] 🇺🇸 US 46 → tg@nicevpn123 | err=-
[DEBUG] mihomo drop | branch={800} | size=1 | parse=0 | names=[免费节点10] 🇺🇸 US 46 → tg@nicevpn123 | err=-
[DROP] name=[免费节点10] 🇺🇸 US 46 → tg@nicevpn123 {800} | server=104.16.40.109:2082 | reason=mihomo start failed
[TEST] {795} tested=5/5 | kept=0 | rest=0
[DEBUG] mihomo split-small | branch={795} | size=5 | parse=0 | names=[免费节点10] 🇺🇸 US 712 → tg@nicevpn123,[免费节点10] 🇺🇸 US 713 → tg@nicevpn123,[免费节点10] 🇺🇸 US 714 → tg@nicevpn123...+2 | err=-
[WARN] batch start failed | size=5 {795} | split=1 {1088} + 1 {1089} + 1 {1090} + 1 {1091} + 1 {1092}
[TEST] {794} tested=4/4 | kept=0 | rest=0
[DEBUG] mihomo split-small | branch={794} | size=4 | parse=0 | names=[免费节点10] 🇺🇸 US 707 → tg@nicevpn123,[免费节点10] 🇺🇸 US 709 → tg@nicevpn123,[免费节点10] 🇺🇸 US 710 → tg@nicevpn123...+1 | err=-
[WARN] batch start failed | size=4 {794} | split=1 {1093} + 1 {1094} + 1 {1095} + 1 {1096}
[TEST] {802} tested=1/1 | kept=0 | rest=0
[DEBUG] mihomo isolate | branch={802} | size=1 | parse=0 | names=[免费节点10] 🇺🇸 US 462 → tg@nicevpn123 | err=-
[DEBUG] mihomo drop | branch={802} | size=1 | parse=0 | names=[免费节点10] 🇺🇸 US 462 → tg@nicevpn123 | err=-
[DROP] name=[免费节点10] 🇺🇸 US 462 → tg@nicevpn123 {802} | server=uk2-full.privateip.net:443 | reason=mihomo start failed
[TEST] {803} tested=1/1 | kept=0 | rest=0
[DEBUG] mihomo isolate | branch={803} | size=1 | parse=0 | names=[免费节点10] 🇺🇸 US 463 → tg@nicevpn123 | err=-
[DEBUG] mihomo drop | branch={803} | size=1 | parse=0 | names=[免费节点10] 🇺🇸 US 463 → tg@nicevpn123 | err=-
[DROP] name=[免费节点10] 🇺🇸 US 463 → tg@nicevpn123 {803} | server=104.19.45.115:2095 | reason=mihomo start failed
[TEST] {804} tested=1/1 | kept=0 | rest=0
[DEBUG] mihomo isolate | branch={804} | size=1 | parse=0 | names=[免费节点10] 🇺🇸 US 464 → tg@nicevpn123 | err=-
[DEBUG] mihomo drop | branch={804} | size=1 | parse=0 | names=[免费节点10] 🇺🇸 US 464 → tg@nicevpn123 | err=-
[DROP] name=[免费节点10] 🇺🇸 US 464 → tg@nicevpn123 {804} | server=www.speedtest.net:80 | reason=mihomo start failed
[TEST] {805} tested=1/1 | kept=0 | rest=0
[DEBUG] mihomo isolate | branch={805} | size=1 | parse=0 | names=[免费节点10] 🇺🇸 US 466 → tg@nicevpn123 | err=-
[DEBUG] mihomo drop | branch={805} | size=1 | parse=0 | names=[免费节点10] 🇺🇸 US 466 → tg@nicevpn123 | err=-
[DROP] name=[免费节点10] 🇺🇸 US 466 → tg@nicevpn123 {805} | server=104.21.225.158:80 | reason=mihomo start failed
[TEST] {797} tested=5/5 | kept=0 | rest=0
[DEBUG] mihomo split-small | branch={797} | size=5 | parse=0 | names=[免费节点10] 🇺🇸 US 473 → tg@nicevpn123,[免费节点10] 🇺🇸 US 477 → tg@nicevpn123,[免费节点10] 🇺🇸 US 478 → tg@nicevpn123...+2 | err=-
[WARN] batch start failed | size=5 {797} | split=1 {1097} + 1 {1098} + 1 {1099} + 1 {1100} + 1 {1101}
[TEST] {799} tested=1/1 | kept=0 | rest=0
[DEBUG] mihomo isolate | branch={799} | size=1 | parse=0 | names=[免费节点10] 🇺🇸 US 457 → tg@nicevpn123 | err=-
[DEBUG] mihomo drop | branch={799} | size=1 | parse=0 | names=[免费节点10] 🇺🇸 US 457 → tg@nicevpn123 | err=-
[DROP] name=[免费节点10] 🇺🇸 US 457 → tg@nicevpn123 {799} | server=13.51.181.143:22222 | reason=mihomo start failed
[TEST] {801} tested=1/1 | kept=0 | rest=0
[DEBUG] mihomo isolate | branch={801} | size=1 | parse=0 | names=[免费节点10] 🇺🇸 US 461 → tg@nicevpn123 | err=-
[DEBUG] mihomo drop | branch={801} | size=1 | parse=0 | names=[免费节点10] 🇺🇸 US 461 → tg@nicevpn123 | err=-
[DROP] name=[免费节点10] 🇺🇸 US 461 → tg@nicevpn123 {801} | server=ip0axv1bbsu02k7-my.1ytnode.com:56370 | reason=mihomo start failed
[TEST] {809} tested=1/1 | kept=0 | rest=0
[DEBUG] mihomo isolate | branch={809} | size=1 | parse=0 | names=[免费节点10] 🇺🇸 US 435 → tg@nicevpn123 | err=-
[DEBUG] mihomo drop | branch={809} | size=1 | parse=0 | names=[免费节点10] 🇺🇸 US 435 → tg@nicevpn123 | err=-
[DROP] name=[免费节点10] 🇺🇸 US 435 → tg@nicevpn123 {809} | server=104.17.215.6:443 | reason=mihomo start failed
[TEST] {806} tested=4/4 | kept=0 | rest=0
[DEBUG] mihomo split-small | branch={806} | size=4 | parse=0 | names=[免费节点10] 🇺🇸 US 446 → tg@nicevpn123,[免费节点10] 🇺🇸 US 447 → tg@nicevpn123,[免费节点10] 🇺🇸 US 448 → tg@nicevpn123...+1 | err=-
[WARN] batch start failed | size=4 {806} | split=1 {1102} + 1 {1103} + 1 {1104} + 1 {1105}
[TEST] {811} tested=1/1 | kept=0 | rest=0
[DEBUG] mihomo isolate | branch={811} | size=1 | parse=0 | names=[免费节点10] 🇺🇸 US 438 → tg@nicevpn123 | err=-
[DEBUG] mihomo drop | branch={811} | size=1 | parse=0 | names=[免费节点10] 🇺🇸 US 438 → tg@nicevpn123 | err=-
[DROP] name=[免费节点10] 🇺🇸 US 438 → tg@nicevpn123 {811} | server=104.19.45.152:2095 | reason=mihomo start failed
[TEST] {807} tested=5/5 | kept=0 | rest=0
[DEBUG] mihomo split-small | branch={807} | size=5 | parse=0 | names=[免费节点10] 🇺🇸 US 450 → tg@nicevpn123,[免费节点10] 🇺🇸 US 451 → tg@nicevpn123,[免费节点10] 🇺🇸 US 452 → tg@nicevpn123...+2 | err=-
[WARN] batch start failed | size=5 {807} | split=1 {1106} + 1 {1107} + 1 {1108} + 1 {1109} + 1 {1110}
[TEST] {812} tested=1/1 | kept=0 | rest=0
[DEBUG] mihomo isolate | branch={812} | size=1 | parse=0 | names=[免费节点10] 🇺🇸 US 439 → tg@nicevpn123 | err=-
[DEBUG] mihomo drop | branch={812} | size=1 | parse=0 | names=[免费节点10] 🇺🇸 US 439 → tg@nicevpn123 | err=-
[DROP] name=[免费节点10] 🇺🇸 US 439 → tg@nicevpn123 {812} | server=172.67.201.200:443 | reason=mihomo start failed
[TEST] {813} tested=1/1 | kept=0 | rest=0
[DEBUG] mihomo isolate | branch={813} | size=1 | parse=0 | names=[免费节点10] 🇺🇸 US 441 → tg@nicevpn123 | err=-
[DEBUG] mihomo drop | branch={813} | size=1 | parse=0 | names=[免费节点10] 🇺🇸 US 441 → tg@nicevpn123 | err=-
[DROP] name=[免费节点10] 🇺🇸 US 441 → tg@nicevpn123 {813} | server=104.16.61.8:80 | reason=mihomo start failed
[TEST] {814} tested=1/1 | kept=0 | rest=0
[DEBUG] mihomo isolate | branch={814} | size=1 | parse=0 | names=[免费节点10] 🇺🇸 US 443 → tg@nicevpn123 | err=-
[DEBUG] mihomo drop | branch={814} | size=1 | parse=0 | names=[免费节点10] 🇺🇸 US 443 → tg@nicevpn123 | err=-
[DROP] name=[免费节点10] 🇺🇸 US 443 → tg@nicevpn123 {814} | server=104.21.225.122:80 | reason=mihomo start failed
[TEST] {815} tested=1/1 | kept=0 | rest=0
[DEBUG] mihomo isolate | branch={815} | size=1 | parse=0 | names=[免费节点10] 🇺🇸 US 445 → tg@nicevpn123 | err=-
[DEBUG] mihomo drop | branch={815} | size=1 | parse=0 | names=[免费节点10] 🇺🇸 US 445 → tg@nicevpn123 | err=-
[DROP] name=[免费节点10] 🇺🇸 US 445 → tg@nicevpn123 {815} | server=104.21.225.64:80 | reason=mihomo start failed
[TEST] {808} tested=1/1 | kept=0 | rest=0
[DEBUG] mihomo isolate | branch={808} | size=1 | parse=0 | names=[免费节点10] 🇺🇸 US 434 → tg@nicevpn123 | err=-
[DEBUG] mihomo drop | branch={808} | size=1 | parse=0 | names=[免费节点10] 🇺🇸 US 434 → tg@nicevpn123 | err=-
[DROP] name=[免费节点10] 🇺🇸 US 434 → tg@nicevpn123 {808} | server=ip0axv1bbsu02k7-hk.1ytnode.com:56316 | reason=mihomo start failed
[TEST] {810} tested=1/1 | kept=0 | rest=0
[DEBUG] mihomo isolate | branch={810} | size=1 | parse=0 | names=[免费节点10] 🇺🇸 US 436 → tg@nicevpn123 | err=-
[DEBUG] mihomo drop | branch={810} | size=1 | parse=0 | names=[免费节点10] 🇺🇸 US 436 → tg@nicevpn123 | err=-
[DROP] name=[免费节点10] 🇺🇸 US 436 → tg@nicevpn123 {810} | server=23.94.76.55:51981 | reason=mihomo start failed
[TEST] {818} tested=1/1 | kept=0 | rest=0
[DEBUG] mihomo isolate | branch={818} | size=1 | parse=0 | names=[免费节点10] 🇺🇸 US 395 → tg@nicevpn123 | err=-
[DEBUG] mihomo drop | branch={818} | size=1 | parse=0 | names=[免费节点10] 🇺🇸 US 395 → tg@nicevpn123 | err=-
[DROP] name=[免费节点10] 🇺🇸 US 395 → tg@nicevpn123 {818} | server=ip0axv1bbsu02k7-my.1ytnode.com:56366 | reason=mihomo start failed
[TEST] {820} tested=1/1 | kept=0 | rest=0
[DEBUG] mihomo isolate | branch={820} | size=1 | parse=0 | names=[免费节点10] 🇺🇸 US 398 → tg@nicevpn123 | err=-
[DEBUG] mihomo drop | branch={820} | size=1 | parse=0 | names=[免费节点10] 🇺🇸 US 398 → tg@nicevpn123 | err=-
[DROP] name=[免费节点10] 🇺🇸 US 398 → tg@nicevpn123 {820} | server=38.110.1.105:5003 | reason=mihomo start failed
[TEST] {821} tested=1/1 | kept=0 | rest=0
[DEBUG] mihomo isolate | branch={821} | size=1 | parse=0 | names=[免费节点10] 🇺🇸 US 4 → tg@nicevpn123 | err=-
[DEBUG] mihomo drop | branch={821} | size=1 | parse=0 | names=[免费节点10] 🇺🇸 US 4 → tg@nicevpn123 | err=-
[DROP] name=[免费节点10] 🇺🇸 US 4 → tg@nicevpn123 {821} | server=vt50k-g01.jp05-6786-vm0.entry.fr0307a.art:46482 | reason=mihomo start failed
[TEST] {817} tested=5/5 | kept=0 | rest=0
[DEBUG] mihomo split-small | branch={817} | size=5 | parse=0 | names=[免费节点10] 🇺🇸 US 408 → tg@nicevpn123,[免费节点10] 🇺🇸 US 409 → tg@nicevpn123,[免费节点10] 🇺🇸 US 41 → tg@nicevpn123...+2 | err=-
[WARN] batch start failed | size=5 {817} | split=1 {1111} + 1 {1112} + 1 {1113} + 1 {1114} + 1 {1115}
[TEST] {816} tested=4/4 | kept=0 | rest=0
[DEBUG] mihomo split-small | branch={816} | size=4 | parse=0 | names=[免费节点10] 🇺🇸 US 404 → tg@nicevpn123,[免费节点10] 🇺🇸 US 405 → tg@nicevpn123,[免费节点10] 🇺🇸 US 406 → tg@nicevpn123...+1 | err=-
[WARN] batch start failed | size=4 {816} | split=1 {1116} + 1 {1117} + 1 {1118} + 1 {1119}
[TEST] {819} tested=1/1 | kept=0 | rest=0
[DEBUG] mihomo isolate | branch={819} | size=1 | parse=0 | names=[免费节点10] 🇺🇸 US 397 → tg@nicevpn123 | err=-
[DEBUG] mihomo drop | branch={819} | size=1 | parse=0 | names=[免费节点10] 🇺🇸 US 397 → tg@nicevpn123 | err=-
[DROP] name=[免费节点10] 🇺🇸 US 397 → tg@nicevpn123 {819} | server=38.75.137.93:8119 | reason=mihomo start failed
[TEST] {825} tested=1/1 | kept=0 | rest=0
[DEBUG] mihomo isolate | branch={825} | size=1 | parse=0 | names=[免费节点10] 🇺🇸 US 403 → tg@nicevpn123 | err=-
[DEBUG] mihomo drop | branch={825} | size=1 | parse=0 | names=[免费节点10] 🇺🇸 US 403 → tg@nicevpn123 | err=-
[DROP] name=[免费节点10] 🇺🇸 US 403 → tg@nicevpn123 {825} | server=104.19.250.15:2052 | reason=mihomo start failed
[TEST] {827} tested=5/5 | kept=0 | rest=0
[DEBUG] mihomo split-small | branch={827} | size=5 | parse=0 | names=[免费节点10] 🇺🇸 US 429 → tg@nicevpn123,[免费节点10] 🇺🇸 US 430 → tg@nicevpn123,[免费节点10] 🇺🇸 US 431 → tg@nicevpn123...+2 | err=-
[WARN] batch start failed | size=5 {827} | split=1 {1120} + 1 {1121} + 1 {1122} + 1 {1123} + 1 {1124}
[TEST] {824} tested=1/1 | kept=0 | rest=0
[DEBUG] mihomo isolate | branch={824} | size=1 | parse=0 | names=[免费节点10] 🇺🇸 US 402 → tg@nicevpn123 | err=-
[DEBUG] mihomo drop | branch={824} | size=1 | parse=0 | names=[免费节点10] 🇺🇸 US 402 → tg@nicevpn123 | err=-
[DROP] name=[免费节点10] 🇺🇸 US 402 → tg@nicevpn123 {824} | server=ip0axv1bbsu02k7-us.1ytnode.com:56357 | reason=mihomo start failed
[TEST] {822} tested=1/1 | kept=0 | rest=0
[DEBUG] mihomo isolate | branch={822} | size=1 | parse=0 | names=[免费节点10] 🇺🇸 US 400 → tg@nicevpn123 | err=-
[DEBUG] mihomo drop | branch={822} | size=1 | parse=0 | names=[免费节点10] 🇺🇸 US 400 → tg@nicevpn123 | err=-
[DROP] name=[免费节点10] 🇺🇸 US 400 → tg@nicevpn123 {822} | server=2.58.87.221:46628 | reason=mihomo start failed
[TEST] {823} tested=1/1 | kept=0 | rest=0
[DEBUG] mihomo isolate | branch={823} | size=1 | parse=0 | names=[免费节点10] 🇺🇸 US 401 → tg@nicevpn123 | err=-
[DEBUG] mihomo drop | branch={823} | size=1 | parse=0 | names=[免费节点10] 🇺🇸 US 401 → tg@nicevpn123 | err=-
[DROP] name=[免费节点10] 🇺🇸 US 401 → tg@nicevpn123 {823} | server=beeconf.xyz:8080 | reason=mihomo start failed
[TEST] {831} tested=1/1 | kept=0 | rest=0
[DEBUG] mihomo isolate | branch={831} | size=1 | parse=0 | names=[免费节点10] 🇺🇸 US 417 → tg@nicevpn123 | err=-
[DEBUG] mihomo drop | branch={831} | size=1 | parse=0 | names=[免费节点10] 🇺🇸 US 417 → tg@nicevpn123 | err=-
[DROP] name=[免费节点10] 🇺🇸 US 417 → tg@nicevpn123 {831} | server=172.67.68.246:443 | reason=mihomo start failed
[TEST] {826} tested=4/4 | kept=0 | rest=0
[DEBUG] mihomo split-small | branch={826} | size=4 | parse=0 | names=[免费节点10] 🇺🇸 US 423 → tg@nicevpn123,[免费节点10] 🇺🇸 US 424 → tg@nicevpn123,[免费节点10] 🇺🇸 US 425 → tg@nicevpn123...+1 | err=-
[WARN] batch start failed | size=4 {826} | split=1 {1125} + 1 {1126} + 1 {1127} + 1 {1128}
[TEST] {832} tested=1/1 | kept=0 | rest=0
[DEBUG] mihomo isolate | branch={832} | size=1 | parse=0 | names=[免费节点10] 🇺🇸 US 418 → tg@nicevpn123 | err=-
[DEBUG] mihomo drop | branch={832} | size=1 | parse=0 | names=[免费节点10] 🇺🇸 US 418 → tg@nicevpn123 | err=-
[DROP] name=[免费节点10] 🇺🇸 US 418 → tg@nicevpn123 {832} | server=152.42.218.53:80 | reason=mihomo start failed
[TEST] {834} tested=1/1 | kept=0 | rest=0
[DEBUG] mihomo isolate | branch={834} | size=1 | parse=0 | names=[免费节点10] 🇺🇸 US 421 → tg@nicevpn123 | err=-
[DEBUG] mihomo drop | branch={834} | size=1 | parse=0 | names=[免费节点10] 🇺🇸 US 421 → tg@nicevpn123 | err=-
[DROP] name=[免费节点10] 🇺🇸 US 421 → tg@nicevpn123 {834} | server=us2-full.privateip.net:443 | reason=mihomo start failed
[TEST] {829} tested=1/1 | kept=0 | rest=0
[DEBUG] mihomo isolate | branch={829} | size=1 | parse=0 | names=[免费节点10] 🇺🇸 US 413 → tg@nicevpn123 | err=-
[DEBUG] mihomo drop | branch={829} | size=1 | parse=0 | names=[免费节点10] 🇺🇸 US 413 → tg@nicevpn123 | err=-
[DROP] name=[免费节点10] 🇺🇸 US 413 → tg@nicevpn123 {829} | server=192.74.241.52:38001 | reason=mihomo start failed
[TEST] {828} tested=1/1 | kept=0 | rest=0
[DEBUG] mihomo isolate | branch={828} | size=1 | parse=0 | names=[免费节点10] 🇺🇸 US 412 → tg@nicevpn123 | err=-
[DEBUG] mihomo drop | branch={828} | size=1 | parse=0 | names=[免费节点10] 🇺🇸 US 412 → tg@nicevpn123 | err=-
[DROP] name=[免费节点10] 🇺🇸 US 412 → tg@nicevpn123 {828} | server=207.148.31.167:30587 | reason=mihomo start failed
[TEST] {836} tested=1/1 | kept=0 | rest=0
[DEBUG] mihomo isolate | branch={836} | size=1 | parse=0 | names=[免费节点10] 🇺🇸 US 483 → tg@nicevpn123 | err=-
[DEBUG] mihomo drop | branch={836} | size=1 | parse=0 | names=[免费节点10] 🇺🇸 US 483 → tg@nicevpn123 | err=-
[DROP] name=[免费节点10] 🇺🇸 US 483 → tg@nicevpn123 {836} | server=104.19.45.151:2095 | reason=mihomo start failed
[TEST] {830} tested=1/1 | kept=0 | rest=0
[DEBUG] mihomo isolate | branch={830} | size=1 | parse=0 | names=[免费节点10] 🇺🇸 US 416 → tg@nicevpn123 | err=-
[DEBUG] mihomo drop | branch={830} | size=1 | parse=0 | names=[免费节点10] 🇺🇸 US 416 → tg@nicevpn123 | err=-
[DROP] name=[免费节点10] 🇺🇸 US 416 → tg@nicevpn123 {830} | server=38.114.114.208:9101 | reason=mihomo start failed
[TEST] {835} tested=1/1 | kept=0 | rest=0
[DEBUG] mihomo isolate | branch={835} | size=1 | parse=0 | names=[免费节点10] 🇺🇸 US 422 → tg@nicevpn123 | err=-
[DEBUG] mihomo drop | branch={835} | size=1 | parse=0 | names=[免费节点10] 🇺🇸 US 422 → tg@nicevpn123 | err=-
[DROP] name=[免费节点10] 🇺🇸 US 422 → tg@nicevpn123 {835} | server=v2line.telegram.channel.1390.fr8678825324247b8176d59f83c30bd94d23d2e3ac5cd4a743bkwqeikvdyufr.cyou:80 | reason=mihomo start failed
[TEST] {837} tested=1/1 | kept=0 | rest=0
[DEBUG] mihomo isolate | branch={837} | size=1 | parse=0 | names=[免费节点10] 🇺🇸 US 486 → tg@nicevpn123 | err=-
[DEBUG] mihomo drop | branch={837} | size=1 | parse=0 | names=[免费节点10] 🇺🇸 US 486 → tg@nicevpn123 | err=-
[DROP] name=[免费节点10] 🇺🇸 US 486 → tg@nicevpn123 {837} | server=fr01.freeflyingcloud.xyz:30502 | reason=mihomo start failed
[TEST] {839} tested=1/1 | kept=0 | rest=0
[DEBUG] mihomo isolate | branch={839} | size=1 | parse=0 | names=[免费节点10] 🇺🇸 US 489 → tg@nicevpn123 | err=-
[DEBUG] mihomo drop | branch={839} | size=1 | parse=0 | names=[免费节点10] 🇺🇸 US 489 → tg@nicevpn123 | err=-
[DROP] name=[免费节点10] 🇺🇸 US 489 → tg@nicevpn123 {839} | server=54.245.12.173:17398 | reason=mihomo start failed
[TEST] {833} tested=1/1 | kept=0 | rest=0
[DEBUG] mihomo isolate | branch={833} | size=1 | parse=0 | names=[免费节点10] 🇺🇸 US 42 → tg@nicevpn123 | err=-
[DEBUG] mihomo drop | branch={833} | size=1 | parse=0 | names=[免费节点10] 🇺🇸 US 42 → tg@nicevpn123 | err=-
[DROP] name=[免费节点10] 🇺🇸 US 42 → tg@nicevpn123 {833} | server=38.75.137.105:8881 | reason=mihomo start failed
[TEST] {838} tested=1/1 | kept=0 | rest=0
[DEBUG] mihomo isolate | branch={838} | size=1 | parse=0 | names=[免费节点10] 🇺🇸 US 487 → tg@nicevpn123 | err=-
[DEBUG] mihomo drop | branch={838} | size=1 | parse=0 | names=[免费节点10] 🇺🇸 US 487 → tg@nicevpn123 | err=-
[DROP] name=[免费节点10] 🇺🇸 US 487 → tg@nicevpn123 {838} | server=94.131.117.240:443 | reason=mihomo start failed
[TEST] {843} tested=1/1 | kept=0 | rest=0
[DEBUG] mihomo isolate | branch={843} | size=1 | parse=0 | names=[免费节点10] 🇺🇸 US 494 → tg@nicevpn123 | err=-
[DEBUG] mihomo drop | branch={843} | size=1 | parse=0 | names=[免费节点10] 🇺🇸 US 494 → tg@nicevpn123 | err=-
[DROP] name=[免费节点10] 🇺🇸 US 494 → tg@nicevpn123 {843} | server=104.19.43.248:80 | reason=mihomo start failed
[TEST] {841} tested=1/1 | kept=0 | rest=0
[DEBUG] mihomo isolate | branch={841} | size=1 | parse=0 | names=[免费节点10] 🇺🇸 US 491 → tg@nicevpn123 | err=-
[DEBUG] mihomo drop | branch={841} | size=1 | parse=0 | names=[免费节点10] 🇺🇸 US 491 → tg@nicevpn123 | err=-
[DROP] name=[免费节点10] 🇺🇸 US 491 → tg@nicevpn123 {841} | server=167.172.19.102:8880 | reason=mihomo start failed
[TEST] {840} tested=1/1 | kept=0 | rest=0
[DEBUG] mihomo isolate | branch={840} | size=1 | parse=0 | names=[免费节点10] 🇺🇸 US 490 → tg@nicevpn123 | err=-
[DEBUG] mihomo drop | branch={840} | size=1 | parse=0 | names=[免费节点10] 🇺🇸 US 490 → tg@nicevpn123 | err=-
[DROP] name=[免费节点10] 🇺🇸 US 490 → tg@nicevpn123 {840} | server=94.131.8.32:80 | reason=mihomo start failed
[TEST] {842} tested=1/1 | kept=0 | rest=0
[DEBUG] mihomo isolate | branch={842} | size=1 | parse=0 | names=[免费节点10] 🇺🇸 US 492 → tg@nicevpn123 | err=-
[DEBUG] mihomo drop | branch={842} | size=1 | parse=0 | names=[免费节点10] 🇺🇸 US 492 → tg@nicevpn123 | err=-
[DROP] name=[免费节点10] 🇺🇸 US 492 → tg@nicevpn123 {842} | server=ip0axv1bbsu02k7-jp.1ytnode.com:56350 | reason=mihomo start failed
[TEST] {844} tested=4/4 | kept=0 | rest=0
[DEBUG] mihomo split-small | branch={844} | size=4 | parse=0 | names=[免费节点10] 🇺🇸 US 495 → tg@nicevpn123,[免费节点10] 🇺🇸 US 497 → tg@nicevpn123,[免费节点10] 🇺🇸 US 498 → tg@nicevpn123...+1 | err=-
[WARN] batch start failed | size=4 {844} | split=1 {1129} + 1 {1130} + 1 {1131} + 1 {1132}
[TEST] {845} tested=5/5 | kept=0 | rest=0
[DEBUG] mihomo split-small | branch={845} | size=5 | parse=0 | names=[免费节点10] 🇺🇸 US 5 → tg@nicevpn123,[免费节点10] 🇺🇸 US 50 → tg@nicevpn123,[免费节点10] 🇺🇸 US 501 → tg@nicevpn123...+2 | err=-
[WARN] batch start failed | size=5 {845} | split=1 {1133} + 1 {1134} + 1 {1135} + 1 {1136} + 1 {1137}
[TEST] {846} tested=4/4 | kept=0 | rest=0
[DEBUG] mihomo split-small | branch={846} | size=4 | parse=0 | names=[免费节点10] 🇺🇸 US 517 → tg@nicevpn123,[免费节点10] 🇺🇸 US 518 → tg@nicevpn123,[免费节点10] 🇺🇸 US 519 → tg@nicevpn123...+1 | err=-
[WARN] batch start failed | size=4 {846} | split=1 {1138} + 1 {1139} + 1 {1140} + 1 {1141}
[TEST] {848} tested=1/1 | kept=0 | rest=0
[DEBUG] mihomo isolate | branch={848} | size=1 | parse=0 | names=[免费节点10] 🇺🇸 US 508 → tg@nicevpn123 | err=-
[DEBUG] mihomo drop | branch={848} | size=1 | parse=0 | names=[免费节点10] 🇺🇸 US 508 → tg@nicevpn123 | err=-
[DROP] name=[免费节点10] 🇺🇸 US 508 → tg@nicevpn123 {848} | server=104.16.39.206:2082 | reason=mihomo start failed
[TEST] {850} tested=1/1 | kept=0 | rest=0
[DEBUG] mihomo isolate | branch={850} | size=1 | parse=0 | names=[免费节点10] 🇺🇸 US 51 → tg@nicevpn123 | err=-
[DEBUG] mihomo drop | branch={850} | size=1 | parse=0 | names=[免费节点10] 🇺🇸 US 51 → tg@nicevpn123 | err=-
[DROP] name=[免费节点10] 🇺🇸 US 51 → tg@nicevpn123 {850} | server=104.19.44.200:8080 | reason=mihomo start failed
[TEST] {851} tested=1/1 | kept=0 | rest=0
[DEBUG] mihomo isolate | branch={851} | size=1 | parse=0 | names=[免费节点10] 🇺🇸 US 510 → tg@nicevpn123 | err=-
[DEBUG] mihomo drop | branch={851} | size=1 | parse=0 | names=[免费节点10] 🇺🇸 US 510 → tg@nicevpn123 | err=-
[DROP] name=[免费节点10] 🇺🇸 US 510 → tg@nicevpn123 {851} | server=104.16.100.23:443 | reason=mihomo start failed
[TEST] {849} tested=1/1 | kept=0 | rest=0
[DEBUG] mihomo isolate | branch={849} | size=1 | parse=0 | names=[免费节点10] 🇺🇸 US 509 → tg@nicevpn123 | err=-
[DEBUG] mihomo drop | branch={849} | size=1 | parse=0 | names=[免费节点10] 🇺🇸 US 509 → tg@nicevpn123 | err=-
[DROP] name=[免费节点10] 🇺🇸 US 509 → tg@nicevpn123 {849} | server=45.77.161.86:443 | reason=mihomo start failed
[TEST] {852} tested=1/1 | kept=0 | rest=0
[DEBUG] mihomo isolate | branch={852} | size=1 | parse=0 | names=[免费节点10] 🇺🇸 US 511 → tg@nicevpn123 | err=-
[DEBUG] mihomo drop | branch={852} | size=1 | parse=0 | names=[免费节点10] 🇺🇸 US 511 → tg@nicevpn123 | err=-
[DROP] name=[免费节点10] 🇺🇸 US 511 → tg@nicevpn123 {852} | server=104.19.43.10:80 | reason=mihomo start failed
[TEST] {854} tested=1/1 | kept=0 | rest=0
[DEBUG] mihomo isolate | branch={854} | size=1 | parse=0 | names=[免费节点10] 🇺🇸 US 513 → tg@nicevpn123 | err=-
[DEBUG] mihomo drop | branch={854} | size=1 | parse=0 | names=[免费节点10] 🇺🇸 US 513 → tg@nicevpn123 | err=-
[DROP] name=[免费节点10] 🇺🇸 US 513 → tg@nicevpn123 {854} | server=104.19.45.130:2095 | reason=mihomo start failed
[TEST] {856} tested=1/1 | kept=0 | rest=0
[DEBUG] mihomo isolate | branch={856} | size=1 | parse=0 | names=[免费节点10] 🇺🇸 US 546 → tg@nicevpn123 | err=-
[DEBUG] mihomo drop | branch={856} | size=1 | parse=0 | names=[免费节点10] 🇺🇸 US 546 → tg@nicevpn123 | err=-
[DROP] name=[免费节点10] 🇺🇸 US 546 → tg@nicevpn123 {856} | server=104.21.232.64:80 | reason=mihomo start failed
[TEST] {858} tested=1/1 | kept=0 | rest=0
[DEBUG] mihomo isolate | branch={858} | size=1 | parse=0 | names=[免费节点10] 🇺🇸 US 549 → tg@nicevpn123 | err=-
[DEBUG] mihomo drop | branch={858} | size=1 | parse=0 | names=[免费节点10] 🇺🇸 US 549 → tg@nicevpn123 | err=-
[DROP] name=[免费节点10] 🇺🇸 US 549 → tg@nicevpn123 {858} | server=50.114.243.61:43834 | reason=mihomo start failed
[TEST] {861} tested=1/1 | kept=0 | rest=0
[DEBUG] mihomo isolate | branch={861} | size=1 | parse=0 | names=[免费节点10] 🇺🇸 US 552 → tg@nicevpn123 | err=-
[DEBUG] mihomo drop | branch={861} | size=1 | parse=0 | names=[免费节点10] 🇺🇸 US 552 → tg@nicevpn123 | err=-
[DROP] name=[免费节点10] 🇺🇸 US 552 → tg@nicevpn123 {861} | server=104.16.39.94:2082 | reason=mihomo start failed
[TEST] {847} tested=5/5 | kept=0 | rest=0
[DEBUG] mihomo split-small | branch={847} | size=5 | parse=0 | names=[免费节点10] 🇺🇸 US 520 → tg@nicevpn123,[免费节点10] 🇺🇸 US 521 → tg@nicevpn123,[免费节点10] 🇺🇸 US 522 → tg@nicevpn123...+2 | err=-
[WARN] batch start failed | size=5 {847} | split=1 {1142} + 1 {1143} + 1 {1144} + 1 {1145} + 1 {1146}
[TEST] {862} tested=1/1 | kept=0 | rest=0
[DEBUG] mihomo isolate | branch={862} | size=1 | parse=0 | names=[免费节点10] 🇺🇸 US 553 → tg@nicevpn123 | err=-
[DEBUG] mihomo drop | branch={862} | size=1 | parse=0 | names=[免费节点10] 🇺🇸 US 553 → tg@nicevpn123 | err=-
[DROP] name=[免费节点10] 🇺🇸 US 553 → tg@nicevpn123 {862} | server=104.19.45.78:2095 | reason=mihomo start failed
[TEST] {859} tested=1/1 | kept=0 | rest=0
[DEBUG] mihomo isolate | branch={859} | size=1 | parse=0 | names=[免费节点10] 🇺🇸 US 55 → tg@nicevpn123 | err=-
[DEBUG] mihomo drop | branch={859} | size=1 | parse=0 | names=[免费节点10] 🇺🇸 US 55 → tg@nicevpn123 | err=-
[DROP] name=[免费节点10] 🇺🇸 US 55 → tg@nicevpn123 {859} | server=14.vmessprotocol.telegram-vmessprotocol-channel.space:2086 | reason=mihomo start failed
[TEST] {855} tested=1/1 | kept=0 | rest=0
[DEBUG] mihomo isolate | branch={855} | size=1 | parse=0 | names=[免费节点10] 🇺🇸 US 514 → tg@nicevpn123 | err=-
[DEBUG] mihomo drop | branch={855} | size=1 | parse=0 | names=[免费节点10] 🇺🇸 US 514 → tg@nicevpn123 | err=-
[DROP] name=[免费节点10] 🇺🇸 US 514 → tg@nicevpn123 {855} | server=zula.ir:443 | reason=mihomo start failed
[TEST] {863} tested=1/1 | kept=0 | rest=0
[DEBUG] mihomo isolate | branch={863} | size=1 | parse=0 | names=[免费节点10] 🇺🇸 US 554 → tg@nicevpn123 | err=-
[DEBUG] mihomo drop | branch={863} | size=1 | parse=0 | names=[免费节点10] 🇺🇸 US 554 → tg@nicevpn123 | err=-
[DROP] name=[免费节点10] 🇺🇸 US 554 → tg@nicevpn123 {863} | server=104.18.29.250:2052 | reason=mihomo start failed
[TEST] {853} tested=1/1 | kept=0 | rest=0
[DEBUG] mihomo isolate | branch={853} | size=1 | parse=0 | names=[免费节点10] 🇺🇸 US 512 → tg@nicevpn123 | err=-
[DEBUG] mihomo drop | branch={853} | size=1 | parse=0 | names=[免费节点10] 🇺🇸 US 512 → tg@nicevpn123 | err=-
[DROP] name=[免费节点10] 🇺🇸 US 512 → tg@nicevpn123 {853} | server=15.204.87.225:5003 | reason=mihomo start failed
[TEST] {857} tested=1/1 | kept=0 | rest=0
[DEBUG] mihomo isolate | branch={857} | size=1 | parse=0 | names=[免费节点10] 🇺🇸 US 548 → tg@nicevpn123 | err=-
[DEBUG] mihomo drop | branch={857} | size=1 | parse=0 | names=[免费节点10] 🇺🇸 US 548 → tg@nicevpn123 | err=-
[DROP] name=[免费节点10] 🇺🇸 US 548 → tg@nicevpn123 {857} | server=172.67.57.252:8880 | reason=mihomo start failed
[TEST] {860} tested=1/1 | kept=0 | rest=0
[DEBUG] mihomo isolate | branch={860} | size=1 | parse=0 | names=[免费节点10] 🇺🇸 US 551 → tg@nicevpn123 | err=-
[DEBUG] mihomo drop | branch={860} | size=1 | parse=0 | names=[免费节点10] 🇺🇸 US 551 → tg@nicevpn123 | err=-
[DROP] name=[免费节点10] 🇺🇸 US 551 → tg@nicevpn123 {860} | server=38.114.114.208:443 | reason=mihomo start failed
[TEST] {864} tested=4/4 | kept=0 | rest=0
[DEBUG] mihomo split-small | branch={864} | size=4 | parse=0 | names=[免费节点10] 🇺🇸 US 555 → tg@nicevpn123,[免费节点10] 🇺🇸 US 556 → tg@nicevpn123,[免费节点10] 🇺🇸 US 558 → tg@nicevpn123...+1 | err=-
[WARN] batch start failed | size=4 {864} | split=1 {1147} + 1 {1148} + 1 {1149} + 1 {1150}
[TEST] {869} tested=1/1 | kept=0 | rest=0
[DEBUG] mihomo isolate | branch={869} | size=1 | parse=0 | names=[免费节点10] 🇺🇸 US 2006 → tg@nicevpn123 | err=-
[DEBUG] mihomo drop | branch={869} | size=1 | parse=0 | names=[免费节点10] 🇺🇸 US 2006 → tg@nicevpn123 | err=-
[DROP] name=[免费节点10] 🇺🇸 US 2006 → tg@nicevpn123 {869} | server=104.19.44.188:80 | reason=mihomo start failed
[TEST] {868} tested=1/1 | kept=0 | rest=0
[DEBUG] mihomo isolate | branch={868} | size=1 | parse=0 | names=[免费节点10] 🇺🇸 US 2005 → tg@nicevpn123 | err=-
[DEBUG] mihomo drop | branch={868} | size=1 | parse=0 | names=[免费节点10] 🇺🇸 US 2005 → tg@nicevpn123 | err=-
[DROP] name=[免费节点10] 🇺🇸 US 2005 → tg@nicevpn123 {868} | server=104.19.44.52:80 | reason=mihomo start failed
[TEST] {871} tested=1/1 | kept=0 | rest=0
[DEBUG] mihomo isolate | branch={871} | size=1 | parse=0 | names=[免费节点10] 🇺🇸 US 2008 → tg@nicevpn123 | err=-
[DEBUG] mihomo drop | branch={871} | size=1 | parse=0 | names=[免费节点10] 🇺🇸 US 2008 → tg@nicevpn123 | err=-
[DROP] name=[免费节点10] 🇺🇸 US 2008 → tg@nicevpn123 {871} | server=104.19.44.226:80 | reason=mihomo start failed
[TEST] {872} tested=1/1 | kept=0 | rest=0
[DEBUG] mihomo isolate | branch={872} | size=1 | parse=0 | names=[免费节点10] 🇺🇸 US 2009 → tg@nicevpn123 | err=-
[DEBUG] mihomo drop | branch={872} | size=1 | parse=0 | names=[免费节点10] 🇺🇸 US 2009 → tg@nicevpn123 | err=-
[DROP] name=[免费节点10] 🇺🇸 US 2009 → tg@nicevpn123 {872} | server=104.19.44.114:80 | reason=mihomo start failed
[TEST] {870} tested=1/1 | kept=0 | rest=0
[DEBUG] mihomo isolate | branch={870} | size=1 | parse=0 | names=[免费节点10] 🇺🇸 US 2007 → tg@nicevpn123 | err=-
[DEBUG] mihomo drop | branch={870} | size=1 | parse=0 | names=[免费节点10] 🇺🇸 US 2007 → tg@nicevpn123 | err=-
[DROP] name=[免费节点10] 🇺🇸 US 2007 → tg@nicevpn123 {870} | server=104.19.44.233:80 | reason=mihomo start failed
[TEST] {874} tested=1/1 | kept=0 | rest=0
[DEBUG] mihomo isolate | branch={874} | size=1 | parse=0 | names=[免费节点10] 🇺🇸 US 2002 → tg@nicevpn123 | err=-
[DEBUG] mihomo drop | branch={874} | size=1 | parse=0 | names=[免费节点10] 🇺🇸 US 2002 → tg@nicevpn123 | err=-
[DROP] name=[免费节点10] 🇺🇸 US 2002 → tg@nicevpn123 {874} | server=104.19.44.91:80 | reason=mihomo start failed
[TEST] {876} tested=1/1 | kept=0 | rest=0
[DEBUG] mihomo isolate | branch={876} | size=1 | parse=0 | names=[免费节点10] 🇺🇸 US 2004 → tg@nicevpn123 | err=-
[DEBUG] mihomo drop | branch={876} | size=1 | parse=0 | names=[免费节点10] 🇺🇸 US 2004 → tg@nicevpn123 | err=-
[DROP] name=[免费节点10] 🇺🇸 US 2004 → tg@nicevpn123 {876} | server=104.19.44.144:80 | reason=mihomo start failed
[TEST] {873} tested=1/1 | kept=0 | rest=0
[DEBUG] mihomo isolate | branch={873} | size=1 | parse=0 | names=[免费节点10] 🇺🇸 US 2001 → tg@nicevpn123 | err=-
[DEBUG] mihomo drop | branch={873} | size=1 | parse=0 | names=[免费节点10] 🇺🇸 US 2001 → tg@nicevpn123 | err=-
[DROP] name=[免费节点10] 🇺🇸 US 2001 → tg@nicevpn123 {873} | server=104.19.44.33:80 | reason=mihomo start failed
[TEST] {875} tested=1/1 | kept=0 | rest=0
[DEBUG] mihomo isolate | branch={875} | size=1 | parse=0 | names=[免费节点10] 🇺🇸 US 2003 → tg@nicevpn123 | err=-
[DEBUG] mihomo drop | branch={875} | size=1 | parse=0 | names=[免费节点10] 🇺🇸 US 2003 → tg@nicevpn123 | err=-
[DROP] name=[免费节点10] 🇺🇸 US 2003 → tg@nicevpn123 {875} | server=104.19.44.167:80 | reason=mihomo start failed
[TEST] {877} tested=1/1 | kept=0 | rest=0
[DEBUG] mihomo isolate | branch={877} | size=1 | parse=0 | names=[免费节点10] 🇺🇸 US 1985 → tg@nicevpn123 | err=-
[DEBUG] mihomo drop | branch={877} | size=1 | parse=0 | names=[免费节点10] 🇺🇸 US 1985 → tg@nicevpn123 | err=-
[DROP] name=[免费节点10] 🇺🇸 US 1985 → tg@nicevpn123 {877} | server=104.19.44.131:80 | reason=mihomo start failed
[TEST] {878} tested=1/1 | kept=0 | rest=0
[DEBUG] mihomo isolate | branch={878} | size=1 | parse=0 | names=[免费节点10] 🇺🇸 US 1986 → tg@nicevpn123 | err=-
[DEBUG] mihomo drop | branch={878} | size=1 | parse=0 | names=[免费节点10] 🇺🇸 US 1986 → tg@nicevpn123 | err=-
[DROP] name=[免费节点10] 🇺🇸 US 1986 → tg@nicevpn123 {878} | server=104.19.44.158:80 | reason=mihomo start failed
[TEST] {880} tested=1/1 | kept=0 | rest=0
[DEBUG] mihomo isolate | branch={880} | size=1 | parse=0 | names=[免费节点10] 🇺🇸 US 1988 → tg@nicevpn123 | err=-
[DEBUG] mihomo drop | branch={880} | size=1 | parse=0 | names=[免费节点10] 🇺🇸 US 1988 → tg@nicevpn123 | err=-
[DROP] name=[免费节点10] 🇺🇸 US 1988 → tg@nicevpn123 {880} | server=104.19.44.239:80 | reason=mihomo start failed
[TEST] {879} tested=1/1 | kept=0 | rest=0
[DEBUG] mihomo isolate | branch={879} | size=1 | parse=0 | names=[免费节点10] 🇺🇸 US 1987 → tg@nicevpn123 | err=-
[DEBUG] mihomo drop | branch={879} | size=1 | parse=0 | names=[免费节点10] 🇺🇸 US 1987 → tg@nicevpn123 | err=-
[DROP] name=[免费节点10] 🇺🇸 US 1987 → tg@nicevpn123 {879} | server=104.19.44.150:80 | reason=mihomo start failed
[TEST] {882} tested=1/1 | kept=0 | rest=0
[DEBUG] mihomo isolate | branch={882} | size=1 | parse=0 | names=[免费节点10] 🇺🇸 US 1990 → tg@nicevpn123 | err=-
[DEBUG] mihomo drop | branch={882} | size=1 | parse=0 | names=[免费节点10] 🇺🇸 US 1990 → tg@nicevpn123 | err=-
[DROP] name=[免费节点10] 🇺🇸 US 1990 → tg@nicevpn123 {882} | server=104.19.44.249:80 | reason=mihomo start failed
[TEST] {881} tested=1/1 | kept=0 | rest=0
[DEBUG] mihomo isolate | branch={881} | size=1 | parse=0 | names=[免费节点10] 🇺🇸 US 1989 → tg@nicevpn123 | err=-
[DEBUG] mihomo drop | branch={881} | size=1 | parse=0 | names=[免费节点10] 🇺🇸 US 1989 → tg@nicevpn123 | err=-
[DROP] name=[免费节点10] 🇺🇸 US 1989 → tg@nicevpn123 {881} | server=104.19.44.90:80 | reason=mihomo start failed
[TEST] {883} tested=1/1 | kept=0 | rest=0
[DEBUG] mihomo isolate | branch={883} | size=1 | parse=0 | names=[免费节点10] 🇺🇸 US 1991 → tg@nicevpn123 | err=-
[DEBUG] mihomo drop | branch={883} | size=1 | parse=0 | names=[免费节点10] 🇺🇸 US 1991 → tg@nicevpn123 | err=-
[DROP] name=[免费节点10] 🇺🇸 US 1991 → tg@nicevpn123 {883} | server=104.19.44.181:80 | reason=mihomo start failed
[TEST] {884} tested=1/1 | kept=0 | rest=0
[DEBUG] mihomo isolate | branch={884} | size=1 | parse=0 | names=[免费节点10] 🇺🇸 US 1992 → tg@nicevpn123 | err=-
[DEBUG] mihomo drop | branch={884} | size=1 | parse=0 | names=[免费节点10] 🇺🇸 US 1992 → tg@nicevpn123 | err=-
[DROP] name=[免费节点10] 🇺🇸 US 1992 → tg@nicevpn123 {884} | server=104.19.44.104:80 | reason=mihomo start failed
[TEST] {885} tested=1/1 | kept=0 | rest=0
[DEBUG] mihomo isolate | branch={885} | size=1 | parse=0 | names=[免费节点10] 🇺🇸 US 1993 → tg@nicevpn123 | err=-
[DEBUG] mihomo drop | branch={885} | size=1 | parse=0 | names=[免费节点10] 🇺🇸 US 1993 → tg@nicevpn123 | err=-
[DROP] name=[免费节点10] 🇺🇸 US 1993 → tg@nicevpn123 {885} | server=104.19.44.162:80 | reason=mihomo start failed
[TEST] {886} tested=1/1 | kept=0 | rest=0
[DEBUG] mihomo isolate | branch={886} | size=1 | parse=0 | names=[免费节点10] 🇺🇸 US 1973 → tg@nicevpn123 | err=-
[DEBUG] mihomo drop | branch={886} | size=1 | parse=0 | names=[免费节点10] 🇺🇸 US 1973 → tg@nicevpn123 | err=-
[DROP] name=[免费节点10] 🇺🇸 US 1973 → tg@nicevpn123 {886} | server=104.19.44.25:80 | reason=mihomo start failed
[TEST] {887} tested=1/1 | kept=0 | rest=0
[DEBUG] mihomo isolate | branch={887} | size=1 | parse=0 | names=[免费节点10] 🇺🇸 US 1974 → tg@nicevpn123 | err=-
[DEBUG] mihomo drop | branch={887} | size=1 | parse=0 | names=[免费节点10] 🇺🇸 US 1974 → tg@nicevpn123 | err=-
[DROP] name=[免费节点10] 🇺🇸 US 1974 → tg@nicevpn123 {887} | server=104.19.44.206:80 | reason=mihomo start failed
[TEST] {889} tested=1/1 | kept=0 | rest=0
[DEBUG] mihomo isolate | branch={889} | size=1 | parse=0 | names=[免费节点10] 🇺🇸 US 1976 → tg@nicevpn123 | err=-
[DEBUG] mihomo drop | branch={889} | size=1 | parse=0 | names=[免费节点10] 🇺🇸 US 1976 → tg@nicevpn123 | err=-
[DROP] name=[免费节点10] 🇺🇸 US 1976 → tg@nicevpn123 {889} | server=104.19.44.62:80 | reason=mihomo start failed
[TEST] {888} tested=1/1 | kept=0 | rest=0
[DEBUG] mihomo isolate | branch={888} | size=1 | parse=0 | names=[免费节点10] 🇺🇸 US 1975 → tg@nicevpn123 | err=-
[DEBUG] mihomo drop | branch={888} | size=1 | parse=0 | names=[免费节点10] 🇺🇸 US 1975 → tg@nicevpn123 | err=-
[DROP] name=[免费节点10] 🇺🇸 US 1975 → tg@nicevpn123 {888} | server=104.19.44.105:80 | reason=mihomo start failed
[TEST] {890} tested=1/1 | kept=0 | rest=0
[DEBUG] mihomo isolate | branch={890} | size=1 | parse=0 | names=[免费节点10] 🇺🇸 US 1977 → tg@nicevpn123 | err=-
[DEBUG] mihomo drop | branch={890} | size=1 | parse=0 | names=[免费节点10] 🇺🇸 US 1977 → tg@nicevpn123 | err=-
[DROP] name=[免费节点10] 🇺🇸 US 1977 → tg@nicevpn123 {890} | server=104.19.44.224:80 | reason=mihomo start failed
[TEST] {891} tested=1/1 | kept=0 | rest=0
[DEBUG] mihomo isolate | branch={891} | size=1 | parse=0 | names=[免费节点10] 🇺🇸 US 197 → tg@nicevpn123 | err=-
[DEBUG] mihomo drop | branch={891} | size=1 | parse=0 | names=[免费节点10] 🇺🇸 US 197 → tg@nicevpn123 | err=-
[DROP] name=[免费节点10] 🇺🇸 US 197 → tg@nicevpn123 {891} | server=104.16.40.208:2082 | reason=mihomo start failed
[TEST] {892} tested=1/1 | kept=0 | rest=0
[DEBUG] mihomo isolate | branch={892} | size=1 | parse=0 | names=[免费节点10] 🇺🇸 US 1970 → tg@nicevpn123 | err=-
[DEBUG] mihomo drop | branch={892} | size=1 | parse=0 | names=[免费节点10] 🇺🇸 US 1970 → tg@nicevpn123 | err=-
[DROP] name=[免费节点10] 🇺🇸 US 1970 → tg@nicevpn123 {892} | server=104.19.44.35:80 | reason=mihomo start failed
[TEST] {865} tested=5/5 | kept=0 | rest=0
[DEBUG] mihomo split-small | branch={865} | size=5 | parse=0 | names=[免费节点10] 🇺🇸 US 561 → tg@nicevpn123,[免费节点10] 🇺🇸 US 562 → tg@nicevpn123,[免费节点10] 🇺🇸 US 564 → tg@nicevpn123...+2 | err=-
[WARN] batch start failed | size=5 {865} | split=1 {1151} + 1 {1152} + 1 {1153} + 1 {1154} + 1 {1155}
[TEST] {893} tested=1/1 | kept=0 | rest=0
[DEBUG] mihomo isolate | branch={893} | size=1 | parse=0 | names=[免费节点10] 🇺🇸 US 1971 → tg@nicevpn123 | err=-
[DEBUG] mihomo drop | branch={893} | size=1 | parse=0 | names=[免费节点10] 🇺🇸 US 1971 → tg@nicevpn123 | err=-
[DROP] name=[免费节点10] 🇺🇸 US 1971 → tg@nicevpn123 {893} | server=104.19.44.12:80 | reason=mihomo start failed
[TEST] {894} tested=1/1 | kept=0 | rest=0
[DEBUG] mihomo isolate | branch={894} | size=1 | parse=0 | names=[免费节点10] 🇺🇸 US 1972 → tg@nicevpn123 | err=-
[DEBUG] mihomo drop | branch={894} | size=1 | parse=0 | names=[免费节点10] 🇺🇸 US 1972 → tg@nicevpn123 | err=-
[DROP] name=[免费节点10] 🇺🇸 US 1972 → tg@nicevpn123 {894} | server=104.19.44.24:80 | reason=mihomo start failed
[TEST] {896} tested=1/1 | kept=0 | rest=0
[DEBUG] mihomo isolate | branch={896} | size=1 | parse=0 | names=[免费节点10] 🇺🇸 US 2022 → tg@nicevpn123 | err=-
[DEBUG] mihomo drop | branch={896} | size=1 | parse=0 | names=[免费节点10] 🇺🇸 US 2022 → tg@nicevpn123 | err=-
[DROP] name=[免费节点10] 🇺🇸 US 2022 → tg@nicevpn123 {896} | server=104.19.44.9:80 | reason=mihomo start failed
[TEST] {895} tested=1/1 | kept=0 | rest=0
[DEBUG] mihomo isolate | branch={895} | size=1 | parse=0 | names=[免费节点10] 🇺🇸 US 2021 → tg@nicevpn123 | err=-
[DEBUG] mihomo drop | branch={895} | size=1 | parse=0 | names=[免费节点10] 🇺🇸 US 2021 → tg@nicevpn123 | err=-
[DROP] name=[免费节点10] 🇺🇸 US 2021 → tg@nicevpn123 {895} | server=104.19.44.103:80 | reason=mihomo start failed
[TEST] {897} tested=1/1 | kept=0 | rest=0
[DEBUG] mihomo isolate | branch={897} | size=1 | parse=0 | names=[免费节点10] 🇺🇸 US 2023 → tg@nicevpn123 | err=-
[DEBUG] mihomo drop | branch={897} | size=1 | parse=0 | names=[免费节点10] 🇺🇸 US 2023 → tg@nicevpn123 | err=-
[DROP] name=[免费节点10] 🇺🇸 US 2023 → tg@nicevpn123 {897} | server=104.19.44.156:80 | reason=mihomo start failed
[TEST] {898} tested=1/1 | kept=0 | rest=0
[DEBUG] mihomo isolate | branch={898} | size=1 | parse=0 | names=[免费节点10] 🇺🇸 US 2024 → tg@nicevpn123 | err=-
[DEBUG] mihomo drop | branch={898} | size=1 | parse=0 | names=[免费节点10] 🇺🇸 US 2024 → tg@nicevpn123 | err=-
[DROP] name=[免费节点10] 🇺🇸 US 2024 → tg@nicevpn123 {898} | server=104.19.44.195:80 | reason=mihomo start failed
[TEST] {899} tested=1/1 | kept=0 | rest=0
[DEBUG] mihomo isolate | branch={899} | size=1 | parse=0 | names=[免费节点10] 🇺🇸 US 2025 → tg@nicevpn123 | err=-
[DEBUG] mihomo drop | branch={899} | size=1 | parse=0 | names=[免费节点10] 🇺🇸 US 2025 → tg@nicevpn123 | err=-
[DROP] name=[免费节点10] 🇺🇸 US 2025 → tg@nicevpn123 {899} | server=104.19.44.40:80 | reason=mihomo start failed
[TEST] {901} tested=1/1 | kept=0 | rest=0
[DEBUG] mihomo isolate | branch={901} | size=1 | parse=0 | names=[免费节点10] 🇺🇸 US 2018 → tg@nicevpn123 | err=-
[DEBUG] mihomo drop | branch={901} | size=1 | parse=0 | names=[免费节点10] 🇺🇸 US 2018 → tg@nicevpn123 | err=-
[DROP] name=[免费节点10] 🇺🇸 US 2018 → tg@nicevpn123 {901} | server=104.19.44.10:80 | reason=mihomo start failed
[TEST] {900} tested=1/1 | kept=0 | rest=0
[DEBUG] mihomo isolate | branch={900} | size=1 | parse=0 | names=[免费节点10] 🇺🇸 US 2017 → tg@nicevpn123 | err=-
[DEBUG] mihomo drop | branch={900} | size=1 | parse=0 | names=[免费节点10] 🇺🇸 US 2017 → tg@nicevpn123 | err=-
[DROP] name=[免费节点10] 🇺🇸 US 2017 → tg@nicevpn123 {900} | server=104.19.44.11:80 | reason=mihomo start failed
[TEST] {902} tested=1/1 | kept=0 | rest=0
[DEBUG] mihomo isolate | branch={902} | size=1 | parse=0 | names=[免费节点10] 🇺🇸 US 2019 → tg@nicevpn123 | err=-
[DEBUG] mihomo drop | branch={902} | size=1 | parse=0 | names=[免费节点10] 🇺🇸 US 2019 → tg@nicevpn123 | err=-
[DROP] name=[免费节点10] 🇺🇸 US 2019 → tg@nicevpn123 {902} | server=104.19.44.207:80 | reason=mihomo start failed
[TEST] {903} tested=1/1 | kept=0 | rest=0
[DEBUG] mihomo isolate | branch={903} | size=1 | parse=0 | names=[免费节点10] 🇺🇸 US 2020 → tg@nicevpn123 | err=-
[DEBUG] mihomo drop | branch={903} | size=1 | parse=0 | names=[免费节点10] 🇺🇸 US 2020 → tg@nicevpn123 | err=-
[DROP] name=[免费节点10] 🇺🇸 US 2020 → tg@nicevpn123 {903} | server=104.19.44.107:80 | reason=mihomo start failed
[TEST] {904} tested=1/1 | kept=0 | rest=0
[DEBUG] mihomo isolate | branch={904} | size=1 | parse=0 | names=[免费节点10] 🇺🇸 US 1938 → tg@nicevpn123 | err=-
[DEBUG] mihomo drop | branch={904} | size=1 | parse=0 | names=[免费节点10] 🇺🇸 US 1938 → tg@nicevpn123 | err=-
[DROP] name=[免费节点10] 🇺🇸 US 1938 → tg@nicevpn123 {904} | server=104.19.44.245:80 | reason=mihomo start failed
[TEST] {905} tested=1/1 | kept=0 | rest=0
[DEBUG] mihomo isolate | branch={905} | size=1 | parse=0 | names=[免费节点10] 🇺🇸 US 1939 → tg@nicevpn123 | err=-
[DEBUG] mihomo drop | branch={905} | size=1 | parse=0 | names=[免费节点10] 🇺🇸 US 1939 → tg@nicevpn123 | err=-
[DROP] name=[免费节点10] 🇺🇸 US 1939 → tg@nicevpn123 {905} | server=104.19.44.147:80 | reason=mihomo start failed
[TEST] {866} tested=4/4 | kept=0 | rest=0
[DEBUG] mihomo split-small | branch={866} | size=4 | parse=0 | names=[免费节点10] 🇺🇸 US 535 → tg@nicevpn123,[免费节点10] 🇺🇸 US 536 → tg@nicevpn123,[免费节点10] 🇺🇸 US 537 → tg@nicevpn123...+1 | err=-
[WARN] batch start failed | size=4 {866} | split=1 {1156} + 1 {1157} + 1 {1158} + 1 {1159}
[TEST] {906} tested=1/1 | kept=0 | rest=0
[DEBUG] mihomo isolate | branch={906} | size=1 | parse=0 | names=[免费节点10] 🇺🇸 US 194 → tg@nicevpn123 | err=-
[DEBUG] mihomo drop | branch={906} | size=1 | parse=0 | names=[免费节点10] 🇺🇸 US 194 → tg@nicevpn123 | err=-
[DROP] name=[免费节点10] 🇺🇸 US 194 → tg@nicevpn123 {906} | server=104.19.45.188:2095 | reason=mihomo start failed
[TEST] {907} tested=1/1 | kept=0 | rest=0
[DEBUG] mihomo isolate | branch={907} | size=1 | parse=0 | names=[免费节点10] 🇺🇸 US 1940 → tg@nicevpn123 | err=-
[DEBUG] mihomo drop | branch={907} | size=1 | parse=0 | names=[免费节点10] 🇺🇸 US 1940 → tg@nicevpn123 | err=-
[DROP] name=[免费节点10] 🇺🇸 US 1940 → tg@nicevpn123 {907} | server=104.19.44.204:80 | reason=mihomo start failed
[TEST] {908} tested=1/1 | kept=0 | rest=0
[DEBUG] mihomo isolate | branch={908} | size=1 | parse=0 | names=[免费节点10] 🇺🇸 US 1941 → tg@nicevpn123 | err=-
[DEBUG] mihomo drop | branch={908} | size=1 | parse=0 | names=[免费节点10] 🇺🇸 US 1941 → tg@nicevpn123 | err=-
[DROP] name=[免费节点10] 🇺🇸 US 1941 → tg@nicevpn123 {908} | server=104.19.44.49:80 | reason=mihomo start failed
[TEST] {867} tested=5/5 | kept=0 | rest=0
[DEBUG] mihomo split-small | branch={867} | size=5 | parse=0 | names=[免费节点10] 🇺🇸 US 540 → tg@nicevpn123,[免费节点10] 🇺🇸 US 541 → tg@nicevpn123,[免费节点10] 🇺🇸 US 542 → tg@nicevpn123...+2 | err=-
[WARN] batch start failed | size=5 {867} | split=1 {1160} + 1 {1161} + 1 {1162} + 1 {1163} + 1 {1164}
[TEST] {910} tested=1/1 | kept=0 | rest=0
[DEBUG] mihomo isolate | branch={910} | size=1 | parse=0 | names=[免费节点10] 🇺🇸 US 1943 → tg@nicevpn123 | err=-
[DEBUG] mihomo drop | branch={910} | size=1 | parse=0 | names=[免费节点10] 🇺🇸 US 1943 → tg@nicevpn123 | err=-
[DROP] name=[免费节点10] 🇺🇸 US 1943 → tg@nicevpn123 {910} | server=104.19.44.44:80 | reason=mihomo start failed
[TEST] {911} tested=1/1 | kept=0 | rest=0
[DEBUG] mihomo isolate | branch={911} | size=1 | parse=0 | names=[免费节点10] 🇺🇸 US 1944 → tg@nicevpn123 | err=-
[DEBUG] mihomo drop | branch={911} | size=1 | parse=0 | names=[免费节点10] 🇺🇸 US 1944 → tg@nicevpn123 | err=-
[DROP] name=[免费节点10] 🇺🇸 US 1944 → tg@nicevpn123 {911} | server=104.19.44.60:80 | reason=mihomo start failed
[TEST] {912} tested=1/1 | kept=0 | rest=0
[DEBUG] mihomo isolate | branch={912} | size=1 | parse=0 | names=[免费节点10] 🇺🇸 US 1945 → tg@nicevpn123 | err=-
[DEBUG] mihomo drop | branch={912} | size=1 | parse=0 | names=[免费节点10] 🇺🇸 US 1945 → tg@nicevpn123 | err=-
[DROP] name=[免费节点10] 🇺🇸 US 1945 → tg@nicevpn123 {912} | server=104.19.44.180:80 | reason=mihomo start failed
[TEST] {909} tested=1/1 | kept=0 | rest=0
[TEST] {914} tested=1/1 | kept=0 | rest=0
[DEBUG] mihomo isolate | branch={914} | size=1 | parse=0 | names=[免费节点10] 🇺🇸 US 2035 → tg@nicevpn123 | err=-
[DEBUG] mihomo drop | branch={914} | size=1 | parse=0 | names=[免费节点10] 🇺🇸 US 2035 → tg@nicevpn123 | err=-
[DROP] name=[免费节点10] 🇺🇸 US 2035 → tg@nicevpn123 {914} | server=104.19.44.240:80 | reason=mihomo start failed
[TEST] {916} tested=1/1 | kept=0 | rest=0
[DEBUG] mihomo isolate | branch={909} | size=1 | parse=0 | names=[免费节点10] 🇺🇸 US 1942 → tg@nicevpn123 | err=-
[DEBUG] mihomo drop | branch={909} | size=1 | parse=0 | names=[免费节点10] 🇺🇸 US 1942 → tg@nicevpn123 | err=-
[DROP] name=[免费节点10] 🇺🇸 US 1942 → tg@nicevpn123 {909} | server=104.19.44.126:80 | reason=mihomo start failed
[DEBUG] mihomo isolate | branch={916} | size=1 | parse=0 | names=[免费节点10] 🇺🇸 US 2037 → tg@nicevpn123 | err=-
[DEBUG] mihomo drop | branch={916} | size=1 | parse=0 | names=[免费节点10] 🇺🇸 US 2037 → tg@nicevpn123 | err=-
[DROP] name=[免费节点10] 🇺🇸 US 2037 → tg@nicevpn123 {916} | server=104.19.45.46:80 | reason=mihomo start failed
[TEST] {913} tested=1/1 | kept=0 | rest=0
[DEBUG] mihomo isolate | branch={913} | size=1 | parse=0 | names=[免费节点10] 🇺🇸 US 2034 → tg@nicevpn123 | err=-
[DEBUG] mihomo drop | branch={913} | size=1 | parse=0 | names=[免费节点10] 🇺🇸 US 2034 → tg@nicevpn123 | err=-
[DROP] name=[免费节点10] 🇺🇸 US 2034 → tg@nicevpn123 {913} | server=104.19.44.182:80 | reason=mihomo start failed
[TEST] {915} tested=1/1 | kept=0 | rest=0
[DEBUG] mihomo isolate | branch={915} | size=1 | parse=0 | names=[免费节点10] 🇺🇸 US 2036 → tg@nicevpn123 | err=-
[DEBUG] mihomo drop | branch={915} | size=1 | parse=0 | names=[免费节点10] 🇺🇸 US 2036 → tg@nicevpn123 | err=-
[DROP] name=[免费节点10] 🇺🇸 US 2036 → tg@nicevpn123 {915} | server=104.19.44.13:80 | reason=mihomo start failed
[TEST] {919} tested=1/1 | kept=0 | rest=0
[DEBUG] mihomo isolate | branch={919} | size=1 | parse=0 | names=[免费节点10] 🇺🇸 US 204 → tg@nicevpn123 | err=-
[DEBUG] mihomo drop | branch={919} | size=1 | parse=0 | names=[免费节点10] 🇺🇸 US 204 → tg@nicevpn123 | err=-
[DROP] name=[免费节点10] 🇺🇸 US 204 → tg@nicevpn123 {919} | server=104.19.45.7:2095 | reason=mihomo start failed
[TEST] {918} tested=1/1 | kept=0 | rest=0
[DEBUG] mihomo isolate | branch={918} | size=1 | parse=0 | names=[免费节点10] 🇺🇸 US 2039 → tg@nicevpn123 | err=-
[DEBUG] mihomo drop | branch={918} | size=1 | parse=0 | names=[免费节点10] 🇺🇸 US 2039 → tg@nicevpn123 | err=-
[DROP] name=[免费节点10] 🇺🇸 US 2039 → tg@nicevpn123 {918} | server=104.19.45.67:80 | reason=mihomo start failed
[TEST] {917} tested=1/1 | kept=0 | rest=0
[DEBUG] mihomo isolate | branch={917} | size=1 | parse=0 | names=[免费节点10] 🇺🇸 US 2038 → tg@nicevpn123 | err=-
[DEBUG] mihomo drop | branch={917} | size=1 | parse=0 | names=[免费节点10] 🇺🇸 US 2038 → tg@nicevpn123 | err=-
[DROP] name=[免费节点10] 🇺🇸 US 2038 → tg@nicevpn123 {917} | server=104.19.44.74:80 | reason=mihomo start failed
[TEST] {920} tested=1/1 | kept=0 | rest=0
[DEBUG] mihomo isolate | branch={920} | size=1 | parse=0 | names=[免费节点10] 🇺🇸 US 2040 → tg@nicevpn123 | err=-
[DEBUG] mihomo drop | branch={920} | size=1 | parse=0 | names=[免费节点10] 🇺🇸 US 2040 → tg@nicevpn123 | err=-
[DROP] name=[免费节点10] 🇺🇸 US 2040 → tg@nicevpn123 {920} | server=104.19.45.0:80 | reason=mihomo start failed
[TEST] {922} tested=1/1 | kept=0 | rest=0
[DEBUG] mihomo isolate | branch={922} | size=1 | parse=0 | names=[免费节点10] 🇺🇸 US 1957 → tg@nicevpn123 | err=-
[DEBUG] mihomo drop | branch={922} | size=1 | parse=0 | names=[免费节点10] 🇺🇸 US 1957 → tg@nicevpn123 | err=-
[DROP] name=[免费节点10] 🇺🇸 US 1957 → tg@nicevpn123 {922} | server=104.19.44.213:80 | reason=mihomo start failed
[TEST] {923} tested=1/1 | kept=0 | rest=0
[DEBUG] mihomo isolate | branch={923} | size=1 | parse=0 | names=[免费节点10] 🇺🇸 US 1958 → tg@nicevpn123 | err=-
[DEBUG] mihomo drop | branch={923} | size=1 | parse=0 | names=[免费节点10] 🇺🇸 US 1958 → tg@nicevpn123 | err=-
[DROP] name=[免费节点10] 🇺🇸 US 1958 → tg@nicevpn123 {923} | server=104.19.44.119:80 | reason=mihomo start failed
[TEST] {924} tested=1/1 | kept=0 | rest=0
[DEBUG] mihomo isolate | branch={924} | size=1 | parse=0 | names=[免费节点10] 🇺🇸 US 1959 → tg@nicevpn123 | err=-
[DEBUG] mihomo drop | branch={924} | size=1 | parse=0 | names=[免费节点10] 🇺🇸 US 1959 → tg@nicevpn123 | err=-
[DROP] name=[免费节点10] 🇺🇸 US 1959 → tg@nicevpn123 {924} | server=104.19.44.58:80 | reason=mihomo start failed
[TEST] {925} tested=1/1 | kept=0 | rest=0
[DEBUG] mihomo isolate | branch={925} | size=1 | parse=0 | names=[免费节点10] 🇺🇸 US 1960 → tg@nicevpn123 | err=-
[DEBUG] mihomo drop | branch={925} | size=1 | parse=0 | names=[免费节点10] 🇺🇸 US 1960 → tg@nicevpn123 | err=-
[DROP] name=[免费节点10] 🇺🇸 US 1960 → tg@nicevpn123 {925} | server=104.19.44.93:80 | reason=mihomo start failed
[TEST] {926} tested=1/1 | kept=0 | rest=0
[DEBUG] mihomo isolate | branch={926} | size=1 | parse=0 | names=[免费节点10] 🇺🇸 US 1961 → tg@nicevpn123 | err=-
[DEBUG] mihomo drop | branch={926} | size=1 | parse=0 | names=[免费节点10] 🇺🇸 US 1961 → tg@nicevpn123 | err=-
[DROP] name=[免费节点10] 🇺🇸 US 1961 → tg@nicevpn123 {926} | server=104.19.44.179:80 | reason=mihomo start failed
[TEST] {928} tested=1/1 | kept=0 | rest=0
[DEBUG] mihomo isolate | branch={928} | size=1 | parse=0 | names=[免费节点10] 🇺🇸 US 1954 → tg@nicevpn123 | err=-
[DEBUG] mihomo drop | branch={928} | size=1 | parse=0 | names=[免费节点10] 🇺🇸 US 1954 → tg@nicevpn123 | err=-
[DROP] name=[免费节点10] 🇺🇸 US 1954 → tg@nicevpn123 {928} | server=104.19.44.223:80 | reason=mihomo start failed
[TEST] {929} tested=1/1 | kept=0 | rest=0
[DEBUG] mihomo isolate | branch={929} | size=1 | parse=0 | names=[免费节点10] 🇺🇸 US 1955 → tg@nicevpn123 | err=-
[DEBUG] mihomo drop | branch={929} | size=1 | parse=0 | names=[免费节点10] 🇺🇸 US 1955 → tg@nicevpn123 | err=-
[DROP] name=[免费节点10] 🇺🇸 US 1955 → tg@nicevpn123 {929} | server=104.19.44.246:80 | reason=mihomo start failed
[TEST] {927} tested=1/1 | kept=0 | rest=0
[DEBUG] mihomo isolate | branch={927} | size=1 | parse=0 | names=[免费节点10] 🇺🇸 US 1953 → tg@nicevpn123 | err=-
[DEBUG] mihomo drop | branch={927} | size=1 | parse=0 | names=[免费节点10] 🇺🇸 US 1953 → tg@nicevpn123 | err=-
[DROP] name=[免费节点10] 🇺🇸 US 1953 → tg@nicevpn123 {927} | server=104.19.44.228:80 | reason=mihomo start failed
[TEST] {930} tested=1/1 | kept=0 | rest=0
[DEBUG] mihomo isolate | branch={930} | size=1 | parse=0 | names=[免费节点10] 🇺🇸 US 1956 → tg@nicevpn123 | err=-
[DEBUG] mihomo drop | branch={930} | size=1 | parse=0 | names=[免费节点10] 🇺🇸 US 1956 → tg@nicevpn123 | err=-
[DROP] name=[免费节点10] 🇺🇸 US 1956 → tg@nicevpn123 {930} | server=104.19.44.157:80 | reason=mihomo start failed
[TEST] {932} tested=1/1 | kept=0 | rest=0
[DEBUG] mihomo isolate | branch={932} | size=1 | parse=0 | names=[免费节点10] 🇺🇸 US 223 → tg@nicevpn123 | err=-
[DEBUG] mihomo drop | branch={932} | size=1 | parse=0 | names=[免费节点10] 🇺🇸 US 223 → tg@nicevpn123 | err=-
[DROP] name=[免费节点10] 🇺🇸 US 223 → tg@nicevpn123 {932} | server=104.19.45.59:2095 | reason=mihomo start failed
[TEST] {934} tested=1/1 | kept=0 | rest=0
[DEBUG] mihomo isolate | branch={934} | size=1 | parse=0 | names=[免费节点10] 🇺🇸 US 228 → tg@nicevpn123 | err=-
[DEBUG] mihomo drop | branch={934} | size=1 | parse=0 | names=[免费节点10] 🇺🇸 US 228 → tg@nicevpn123 | err=-
[DROP] name=[免费节点10] 🇺🇸 US 228 → tg@nicevpn123 {934} | server=104.16.42.0:2082 | reason=mihomo start failed
[TEST] {935} tested=1/1 | kept=0 | rest=0
[DEBUG] mihomo isolate | branch={935} | size=1 | parse=0 | names=[免费节点10] 🇺🇸 US 23 → tg@nicevpn123 | err=-
[DEBUG] mihomo drop | branch={935} | size=1 | parse=0 | names=[免费节点10] 🇺🇸 US 23 → tg@nicevpn123 | err=-
[DROP] name=[免费节点10] 🇺🇸 US 23 → tg@nicevpn123 {935} | server=104.19.42.72:2082 | reason=mihomo start failed
[TEST] {936} tested=1/1 | kept=0 | rest=0
[DEBUG] mihomo isolate | branch={936} | size=1 | parse=0 | names=[免费节点10] 🇺🇸 US 219 → tg@nicevpn123 | err=-
[DEBUG] mihomo drop | branch={936} | size=1 | parse=0 | names=[免费节点10] 🇺🇸 US 219 → tg@nicevpn123 | err=-
[DROP] name=[免费节点10] 🇺🇸 US 219 → tg@nicevpn123 {936} | server=104.21.225.96:80 | reason=mihomo start failed
[TEST] {937} tested=1/1 | kept=0 | rest=0
[DEBUG] mihomo isolate | branch={937} | size=1 | parse=0 | names=[免费节点10] 🇺🇸 US 22 → tg@nicevpn123 | err=-
[DEBUG] mihomo drop | branch={937} | size=1 | parse=0 | names=[免费节点10] 🇺🇸 US 22 → tg@nicevpn123 | err=-
[DROP] name=[免费节点10] 🇺🇸 US 22 → tg@nicevpn123 {937} | server=45.77.223.124:16899 | reason=mihomo start failed
[TEST] {921} tested=1/1 | kept=0 | rest=0
[DEBUG] mihomo isolate | branch={921} | size=1 | parse=0 | names=[免费节点10] 🇺🇸 US 205 → tg@nicevpn123 | err=-
[DEBUG] mihomo drop | branch={921} | size=1 | parse=0 | names=[免费节点10] 🇺🇸 US 205 → tg@nicevpn123 | err=-
[DROP] name=[免费节点10] 🇺🇸 US 205 → tg@nicevpn123 {921} | server=168.235.82.103:16123 | reason=mihomo start failed
[TEST] {939} tested=1/1 | kept=0 | rest=0
[DEBUG] mihomo isolate | branch={939} | size=1 | parse=0 | names=[免费节点10] 🇺🇸 US 221 → tg@nicevpn123 | err=-
[DEBUG] mihomo drop | branch={939} | size=1 | parse=0 | names=[免费节点10] 🇺🇸 US 221 → tg@nicevpn123 | err=-
[DROP] name=[免费节点10] 🇺🇸 US 221 → tg@nicevpn123 {939} | server=172.232.62.234:443 | reason=mihomo start failed
[TEST] {931} tested=1/1 | kept=0 | rest=0
[DEBUG] mihomo isolate | branch={931} | size=1 | parse=0 | names=[免费节点10] 🇺🇸 US 222 → tg@nicevpn123 | err=-
[DEBUG] mihomo drop | branch={931} | size=1 | parse=0 | names=[免费节点10] 🇺🇸 US 222 → tg@nicevpn123 | err=-
[DROP] name=[免费节点10] 🇺🇸 US 222 → tg@nicevpn123 {931} | server=38.114.114.208:6679 | reason=mihomo start failed
[TEST] {933} tested=1/1 | kept=0 | rest=0
[DEBUG] mihomo isolate | branch={933} | size=1 | parse=0 | names=[免费节点10] 🇺🇸 US 227 → tg@nicevpn123 | err=-
[DEBUG] mihomo drop | branch={933} | size=1 | parse=0 | names=[免费节点10] 🇺🇸 US 227 → tg@nicevpn123 | err=-
[DROP] name=[免费节点10] 🇺🇸 US 227 → tg@nicevpn123 {933} | server=38.173.210.79:37001 | reason=mihomo start failed
[TEST] {942} tested=1/1 | kept=0 | rest=0
[DEBUG] mihomo isolate | branch={942} | size=1 | parse=0 | names=[免费节点10] 🇺🇸 US 304 → tg@nicevpn123 | err=-
[DEBUG] mihomo drop | branch={942} | size=1 | parse=0 | names=[免费节点10] 🇺🇸 US 304 → tg@nicevpn123 | err=-
[DROP] name=[免费节点10] 🇺🇸 US 304 → tg@nicevpn123 {942} | server=172.67.172.67:8080 | reason=mihomo start failed
[TEST] {941} tested=1/1 | kept=0 | rest=0
[DEBUG] mihomo isolate | branch={941} | size=1 | parse=0 | names=[免费节点10] 🇺🇸 US 302 → tg@nicevpn123 | err=-
[DEBUG] mihomo drop | branch={941} | size=1 | parse=0 | names=[免费节点10] 🇺🇸 US 302 → tg@nicevpn123 | err=-
[DROP] name=[免费节点10] 🇺🇸 US 302 → tg@nicevpn123 {941} | server=104.21.229.46:80 | reason=mihomo start failed
[TEST] {943} tested=1/1 | kept=0 | rest=0
[DEBUG] mihomo isolate | branch={943} | size=1 | parse=0 | names=[免费节点10] 🇺🇸 US 305 → tg@nicevpn123 | err=-
[DEBUG] mihomo drop | branch={943} | size=1 | parse=0 | names=[免费节点10] 🇺🇸 US 305 → tg@nicevpn123 | err=-
[DROP] name=[免费节点10] 🇺🇸 US 305 → tg@nicevpn123 {943} | server=ak1661.www.outline.network.fr8678825324247b8176d59f83c30bd94d23d2e3ac5cd4a743bkwqeikvdyufr.cyou:8080 | reason=mihomo start failed
[TEST] {938} tested=1/1 | kept=0 | rest=0
[DEBUG] mihomo isolate | branch={938} | size=1 | parse=0 | names=[免费节点10] 🇺🇸 US 220 → tg@nicevpn123 | err=-
[DEBUG] mihomo drop | branch={938} | size=1 | parse=0 | names=[免费节点10] 🇺🇸 US 220 → tg@nicevpn123 | err=-
[DROP] name=[免费节点10] 🇺🇸 US 220 → tg@nicevpn123 {938} | server=45.79.108.12:443 | reason=mihomo start failed
[TEST] {940} tested=1/1 | kept=0 | rest=0
[DEBUG] mihomo isolate | branch={940} | size=1 | parse=0 | names=[免费节点10] 🇺🇸 US 301 → tg@nicevpn123 | err=-
[DEBUG] mihomo drop | branch={940} | size=1 | parse=0 | names=[免费节点10] 🇺🇸 US 301 → tg@nicevpn123 | err=-
[DROP] name=[免费节点10] 🇺🇸 US 301 → tg@nicevpn123 {940} | server=132.145.208.20:443 | reason=mihomo start failed
[TEST] {944} tested=1/1 | kept=0 | rest=0
[DEBUG] mihomo isolate | branch={944} | size=1 | parse=0 | names=[免费节点10] 🇺🇸 US 306 → tg@nicevpn123 | err=-
[DEBUG] mihomo drop | branch={944} | size=1 | parse=0 | names=[免费节点10] 🇺🇸 US 306 → tg@nicevpn123 | err=-
[DROP] name=[免费节点10] 🇺🇸 US 306 → tg@nicevpn123 {944} | server=45.77.105.178:27287 | reason=mihomo start failed
[TEST] {945} tested=1/1 | kept=0 | rest=0
[DEBUG] mihomo isolate | branch={945} | size=1 | parse=0 | names=[免费节点10] 🇺🇸 US 307 → tg@nicevpn123 | err=-
[DEBUG] mihomo drop | branch={945} | size=1 | parse=0 | names=[免费节点10] 🇺🇸 US 307 → tg@nicevpn123 | err=-
[DROP] name=[免费节点10] 🇺🇸 US 307 → tg@nicevpn123 {945} | server=47.243.28.9:26927 | reason=mihomo start failed
[TEST] {946} tested=1/1 | kept=0 | rest=0
[DEBUG] mihomo isolate | branch={946} | size=1 | parse=0 | names=[免费节点10] 🇺🇸 US 309 → tg@nicevpn123 | err=-
[DEBUG] mihomo drop | branch={946} | size=1 | parse=0 | names=[免费节点10] 🇺🇸 US 309 → tg@nicevpn123 | err=-
[DROP] name=[免费节点10] 🇺🇸 US 309 → tg@nicevpn123 {946} | server=ip0axv1bbsu02k7-jp.1ytnode.com:56344 | reason=mihomo start failed
[TEST] {948} tested=1/1 | kept=0 | rest=0
[DEBUG] mihomo isolate | branch={948} | size=1 | parse=0 | names=[免费节点10] 🇺🇸 US 311 → tg@nicevpn123 | err=-
[DEBUG] mihomo drop | branch={948} | size=1 | parse=0 | names=[免费节点10] 🇺🇸 US 311 → tg@nicevpn123 | err=-
[DROP] name=[免费节点10] 🇺🇸 US 311 → tg@nicevpn123 {948} | server=129.151.227.223:30502 | reason=mihomo start failed
[TEST] {947} tested=1/1 | kept=0 | rest=0
[DEBUG] mihomo isolate | branch={947} | size=1 | parse=0 | names=[免费节点10] 🇺🇸 US 31 → tg@nicevpn123 | err=-
[DEBUG] mihomo drop | branch={947} | size=1 | parse=0 | names=[免费节点10] 🇺🇸 US 31 → tg@nicevpn123 | err=-
[DROP] name=[免费节点10] 🇺🇸 US 31 → tg@nicevpn123 {947} | server=107.148.5.167:443 | reason=mihomo start failed
[TEST] {952} tested=1/1 | kept=0 | rest=0
[DEBUG] mihomo isolate | branch={952} | size=1 | parse=0 | names=[免费节点10] 🇺🇸 US 281 → tg@nicevpn123 | err=-
[DEBUG] mihomo drop | branch={952} | size=1 | parse=0 | names=[免费节点10] 🇺🇸 US 281 → tg@nicevpn123 | err=-
[DROP] name=[免费节点10] 🇺🇸 US 281 → tg@nicevpn123 {952} | server=172.67.175.243:2053 | reason=mihomo start failed
[TEST] {950} tested=1/1 | kept=0 | rest=0
[DEBUG] mihomo isolate | branch={950} | size=1 | parse=0 | names=[免费节点10] 🇺🇸 US 279 → tg@nicevpn123 | err=-
[DEBUG] mihomo drop | branch={950} | size=1 | parse=0 | names=[免费节点10] 🇺🇸 US 279 → tg@nicevpn123 | err=-
[DROP] name=[免费节点10] 🇺🇸 US 279 → tg@nicevpn123 {950} | server=50.116.2.131:443 | reason=mihomo start failed
[TEST] {954} tested=1/1 | kept=0 | rest=0
[DEBUG] mihomo isolate | branch={954} | size=1 | parse=0 | names=[免费节点10] 🇺🇸 US 283 → tg@nicevpn123 | err=-
[DEBUG] mihomo drop | branch={954} | size=1 | parse=0 | names=[免费节点10] 🇺🇸 US 283 → tg@nicevpn123 | err=-
[DROP] name=[免费节点10] 🇺🇸 US 283 → tg@nicevpn123 {954} | server=104.17.17.103:8080 | reason=mihomo start failed
[TEST] {949} tested=1/1 | kept=0 | rest=0
[DEBUG] mihomo isolate | branch={949} | size=1 | parse=0 | names=[免费节点10] 🇺🇸 US 278 → tg@nicevpn123 | err=-
[DEBUG] mihomo drop | branch={949} | size=1 | parse=0 | names=[免费节点10] 🇺🇸 US 278 → tg@nicevpn123 | err=-
[DROP] name=[免费节点10] 🇺🇸 US 278 → tg@nicevpn123 {949} | server=172.252.193.222:42358 | reason=mihomo start failed
[TEST] {955} tested=1/1 | kept=0 | rest=0
[DEBUG] mihomo isolate | branch={955} | size=1 | parse=0 | names=[免费节点10] 🇺🇸 US 284 → tg@nicevpn123 | err=-
[DEBUG] mihomo drop | branch={955} | size=1 | parse=0 | names=[免费节点10] 🇺🇸 US 284 → tg@nicevpn123 | err=-
[DROP] name=[免费节点10] 🇺🇸 US 284 → tg@nicevpn123 {955} | server=104.17.207.13:8443 | reason=mihomo start failed
[TEST] {957} tested=1/1 | kept=0 | rest=0
[DEBUG] mihomo isolate | branch={957} | size=1 | parse=0 | names=[免费节点10] 🇺🇸 US 29 → tg@nicevpn123 | err=-
[DEBUG] mihomo drop | branch={957} | size=1 | parse=0 | names=[免费节点10] 🇺🇸 US 29 → tg@nicevpn123 | err=-
[DROP] name=[免费节点10] 🇺🇸 US 29 → tg@nicevpn123 {957} | server=104.19.45.127:2095 | reason=mihomo start failed
[TEST] {960} tested=1/1 | kept=0 | rest=0
[DEBUG] mihomo isolate | branch={960} | size=1 | parse=0 | names=[免费节点10] 🇺🇸 US 263 → tg@nicevpn123 | err=-
[DEBUG] mihomo drop | branch={960} | size=1 | parse=0 | names=[免费节点10] 🇺🇸 US 263 → tg@nicevpn123 | err=-
[DROP] name=[免费节点10] 🇺🇸 US 263 → tg@nicevpn123 {960} | server=104.21.237.57:2052 | reason=mihomo start failed
[TEST] {959} tested=1/1 | kept=0 | rest=0
[DEBUG] mihomo isolate | branch={959} | size=1 | parse=0 | names=[免费节点10] 🇺🇸 US 262 → tg@nicevpn123 | err=-
[DEBUG] mihomo drop | branch={959} | size=1 | parse=0 | names=[免费节点10] 🇺🇸 US 262 → tg@nicevpn123 | err=-
[DROP] name=[免费节点10] 🇺🇸 US 262 → tg@nicevpn123 {959} | server=172.67.185.79:8080 | reason=mihomo start failed
[TEST] {951} tested=1/1 | kept=0 | rest=0
[DEBUG] mihomo isolate | branch={951} | size=1 | parse=0 | names=[免费节点10] 🇺🇸 US 28 → tg@nicevpn123 | err=-
[DEBUG] mihomo drop | branch={951} | size=1 | parse=0 | names=[免费节点10] 🇺🇸 US 28 → tg@nicevpn123 | err=-
[DROP] name=[免费节点10] 🇺🇸 US 28 → tg@nicevpn123 {951} | server=3.14.180.101:22222 | reason=mihomo start failed
[TEST] {958} tested=1/1 | kept=0 | rest=0
[DEBUG] mihomo isolate | branch={958} | size=1 | parse=0 | names=[免费节点10] 🇺🇸 US 261 → tg@nicevpn123 | err=-
[DEBUG] mihomo drop | branch={958} | size=1 | parse=0 | names=[免费节点10] 🇺🇸 US 261 → tg@nicevpn123 | err=-
[DROP] name=[免费节点10] 🇺🇸 US 261 → tg@nicevpn123 {958} | server=104.19.45.180:2095 | reason=mihomo start failed
[TEST] {962} tested=1/1 | kept=0 | rest=0
[DEBUG] mihomo isolate | branch={962} | size=1 | parse=0 | names=[免费节点10] 🇺🇸 US 265 → tg@nicevpn123 | err=-
[DEBUG] mihomo drop | branch={962} | size=1 | parse=0 | names=[免费节点10] 🇺🇸 US 265 → tg@nicevpn123 | err=-
[DROP] name=[免费节点10] 🇺🇸 US 265 → tg@nicevpn123 {962} | server=172.67.229.35:2086 | reason=mihomo start failed
[TEST] {963} tested=1/1 | kept=0 | rest=0
[DEBUG] mihomo isolate | branch={963} | size=1 | parse=0 | names=[免费节点10] 🇺🇸 US 266 → tg@nicevpn123 | err=-
[DEBUG] mihomo drop | branch={963} | size=1 | parse=0 | names=[免费节点10] 🇺🇸 US 266 → tg@nicevpn123 | err=-
[DROP] name=[免费节点10] 🇺🇸 US 266 → tg@nicevpn123 {963} | server=104.19.45.184:2095 | reason=mihomo start failed
[TEST] {953} tested=1/1 | kept=0 | rest=0
[DEBUG] mihomo isolate | branch={953} | size=1 | parse=0 | names=[免费节点10] 🇺🇸 US 282 → tg@nicevpn123 | err=-
[DEBUG] mihomo drop | branch={953} | size=1 | parse=0 | names=[免费节点10] 🇺🇸 US 282 → tg@nicevpn123 | err=-
[DROP] name=[免费节点10] 🇺🇸 US 282 → tg@nicevpn123 {953} | server=ip0axv1bbsu02k7-sg.1ytnode.com:56331 | reason=mihomo start failed
[TEST] {964} tested=1/1 | kept=0 | rest=0
[DEBUG] mihomo isolate | branch={964} | size=1 | parse=0 | names=[免费节点10] 🇺🇸 US 268 → tg@nicevpn123 | err=-
[DEBUG] mihomo drop | branch={964} | size=1 | parse=0 | names=[免费节点10] 🇺🇸 US 268 → tg@nicevpn123 | err=-
[DROP] name=[免费节点10] 🇺🇸 US 268 → tg@nicevpn123 {964} | server=104.17.147.6:443 | reason=mihomo start failed
[TEST] {966} tested=1/1 | kept=0 | rest=0
[DEBUG] mihomo isolate | branch={966} | size=1 | parse=0 | names=[免费节点10] 🇺🇸 US 27 → tg@nicevpn123 | err=-
[DEBUG] mihomo drop | branch={966} | size=1 | parse=0 | names=[免费节点10] 🇺🇸 US 27 → tg@nicevpn123 | err=-
[DROP] name=[免费节点10] 🇺🇸 US 27 → tg@nicevpn123 {966} | server=104.19.45.124:2095 | reason=mihomo start failed
[TEST] {956} tested=1/1 | kept=0 | rest=0
[DEBUG] mihomo isolate | branch={956} | size=1 | parse=0 | names=[免费节点10] 🇺🇸 US 285 → tg@nicevpn123 | err=-
[DEBUG] mihomo drop | branch={956} | size=1 | parse=0 | names=[免费节点10] 🇺🇸 US 285 → tg@nicevpn123 | err=-
[DROP] name=[免费节点10] 🇺🇸 US 285 → tg@nicevpn123 {956} | server=157.254.193.251:20220 | reason=mihomo start failed
[TEST] {968} tested=1/1 | kept=0 | rest=0
[DEBUG] mihomo isolate | branch={968} | size=1 | parse=0 | names=[免费节点10] 🇺🇸 US 247 → tg@nicevpn123 | err=-
[DEBUG] mihomo drop | branch={968} | size=1 | parse=0 | names=[免费节点10] 🇺🇸 US 247 → tg@nicevpn123 | err=-
[DROP] name=[免费节点10] 🇺🇸 US 247 → tg@nicevpn123 {968} | server=qin17.rong1104.uk:2053 | reason=mihomo start failed
[TEST] {961} tested=1/1 | kept=0 | rest=0
[DEBUG] mihomo isolate | branch={961} | size=1 | parse=0 | names=[免费节点10] 🇺🇸 US 264 → tg@nicevpn123 | err=-
[DEBUG] mihomo drop | branch={961} | size=1 | parse=0 | names=[免费节点10] 🇺🇸 US 264 → tg@nicevpn123 | err=-
[DROP] name=[免费节点10] 🇺🇸 US 264 → tg@nicevpn123 {961} | server=149.28.120.218:24721 | reason=mihomo start failed
[TEST] {969} tested=1/1 | kept=0 | rest=0
[DEBUG] mihomo isolate | branch={969} | size=1 | parse=0 | names=[免费节点10] 🇺🇸 US 250 → tg@nicevpn123 | err=-
[DEBUG] mihomo drop | branch={969} | size=1 | parse=0 | names=[免费节点10] 🇺🇸 US 250 → tg@nicevpn123 | err=-
[DROP] name=[免费节点10] 🇺🇸 US 250 → tg@nicevpn123 {969} | server=104.21.225.208:80 | reason=mihomo start failed
[TEST] {965} tested=1/1 | kept=0 | rest=0
[DEBUG] mihomo isolate | branch={965} | size=1 | parse=0 | names=[免费节点10] 🇺🇸 US 269 → tg@nicevpn123 | err=-
[DEBUG] mihomo drop | branch={965} | size=1 | parse=0 | names=[免费节点10] 🇺🇸 US 269 → tg@nicevpn123 | err=-
[DROP] name=[免费节点10] 🇺🇸 US 269 → tg@nicevpn123 {965} | server=172.105.150.181:28953 | reason=mihomo start failed
[TEST] {967} tested=1/1 | kept=0 | rest=0
[DEBUG] mihomo isolate | branch={967} | size=1 | parse=0 | names=[免费节点10] 🇺🇸 US 246 → tg@nicevpn123 | err=-
[DEBUG] mihomo drop | branch={967} | size=1 | parse=0 | names=[免费节点10] 🇺🇸 US 246 → tg@nicevpn123 | err=-
[DROP] name=[免费节点10] 🇺🇸 US 246 → tg@nicevpn123 {967} | server=zula.ir:443 | reason=mihomo start failed
[TEST] {972} tested=1/1 | kept=0 | rest=0
[DEBUG] mihomo isolate | branch={972} | size=1 | parse=0 | names=[免费节点10] 🇺🇸 US 24 → tg@nicevpn123 | err=-
[DEBUG] mihomo drop | branch={972} | size=1 | parse=0 | names=[免费节点10] 🇺🇸 US 24 → tg@nicevpn123 | err=-
[DROP] name=[免费节点10] 🇺🇸 US 24 → tg@nicevpn123 {972} | server=104.19.48.138:2082 | reason=mihomo start failed
[TEST] {970} tested=1/1 | kept=0 | rest=0
[DEBUG] mihomo isolate | branch={970} | size=1 | parse=0 | names=[免费节点10] 🇺🇸 US 251 → tg@nicevpn123 | err=-
[DEBUG] mihomo drop | branch={970} | size=1 | parse=0 | names=[免费节点10] 🇺🇸 US 251 → tg@nicevpn123 | err=-
[DROP] name=[免费节点10] 🇺🇸 US 251 → tg@nicevpn123 {970} | server=ip0axv1bbsu02k7-us.1ytnode.com:56359 | reason=mihomo start failed
[TEST] {975} tested=1/1 | kept=0 | rest=0
[DEBUG] mihomo isolate | branch={975} | size=1 | parse=0 | names=[免费节点10] 🇺🇸 US 243 → tg@nicevpn123 | err=-
[DEBUG] mihomo drop | branch={975} | size=1 | parse=0 | names=[免费节点10] 🇺🇸 US 243 → tg@nicevpn123 | err=-
[DROP] name=[免费节点10] 🇺🇸 US 243 → tg@nicevpn123 {975} | server=auth.speedtest.net:443 | reason=mihomo start failed
[TEST] {976} tested=1/1 | kept=0 | rest=0
[DEBUG] mihomo isolate | branch={976} | size=1 | parse=0 | names=[免费节点10] 🇺🇸 US 344 → tg@nicevpn123 | err=-
[DEBUG] mihomo drop | branch={976} | size=1 | parse=0 | names=[免费节点10] 🇺🇸 US 344 → tg@nicevpn123 | err=-
[DROP] name=[免费节点10] 🇺🇸 US 344 → tg@nicevpn123 {976} | server=172.67.146.22:443 | reason=mihomo start failed
[TEST] {977} tested=1/1 | kept=0 | rest=0
[DEBUG] mihomo isolate | branch={977} | size=1 | parse=0 | names=[免费节点10] 🇺🇸 US 347 → tg@nicevpn123 | err=-
[DEBUG] mihomo drop | branch={977} | size=1 | parse=0 | names=[免费节点10] 🇺🇸 US 347 → tg@nicevpn123 | err=-
[DROP] name=[免费节点10] 🇺🇸 US 347 → tg@nicevpn123 {977} | server=23.94.104.164:60222 | reason=mihomo start failed
[TEST] {971} tested=1/1 | kept=0 | rest=0
[DEBUG] mihomo isolate | branch={971} | size=1 | parse=0 | names=[免费节点10] 🇺🇸 US 253 → tg@nicevpn123 | err=-
[DEBUG] mihomo drop | branch={971} | size=1 | parse=0 | names=[免费节点10] 🇺🇸 US 253 → tg@nicevpn123 | err=-
[DROP] name=[免费节点10] 🇺🇸 US 253 → tg@nicevpn123 {971} | server=38.75.137.93:6679 | reason=mihomo start failed
[TEST] {979} tested=1/1 | kept=0 | rest=0
[DEBUG] mihomo isolate | branch={979} | size=1 | parse=0 | names=[免费节点10] 🇺🇸 US 349 → tg@nicevpn123 | err=-
[DEBUG] mihomo drop | branch={979} | size=1 | parse=0 | names=[免费节点10] 🇺🇸 US 349 → tg@nicevpn123 | err=-
[DROP] name=[免费节点10] 🇺🇸 US 349 → tg@nicevpn123 {979} | server=104.16.39.127:2082 | reason=mihomo start failed
[TEST] {980} tested=1/1 | kept=0 | rest=0
[DEBUG] mihomo isolate | branch={980} | size=1 | parse=0 | names=[免费节点10] 🇺🇸 US 35 → tg@nicevpn123 | err=-
[DEBUG] mihomo drop | branch={980} | size=1 | parse=0 | names=[免费节点10] 🇺🇸 US 35 → tg@nicevpn123 | err=-
[DROP] name=[免费节点10] 🇺🇸 US 35 → tg@nicevpn123 {980} | server=104.16.39.226:2082 | reason=mihomo start failed
[TEST] {981} tested=1/1 | kept=0 | rest=0
[DEBUG] mihomo isolate | branch={981} | size=1 | parse=0 | names=[免费节点10] 🇺🇸 US 350 → tg@nicevpn123 | err=-
[DEBUG] mihomo drop | branch={981} | size=1 | parse=0 | names=[免费节点10] 🇺🇸 US 350 → tg@nicevpn123 | err=-
[DROP] name=[免费节点10] 🇺🇸 US 350 → tg@nicevpn123 {981} | server=172.67.172.219:8080 | reason=mihomo start failed
[TEST] {973} tested=1/1 | kept=0 | rest=0
[DEBUG] mihomo isolate | branch={973} | size=1 | parse=0 | names=[免费节点10] 🇺🇸 US 240 → tg@nicevpn123 | err=-
[DEBUG] mihomo drop | branch={973} | size=1 | parse=0 | names=[免费节点10] 🇺🇸 US 240 → tg@nicevpn123 | err=-
[DROP] name=[免费节点10] 🇺🇸 US 240 → tg@nicevpn123 {973} | server=38.75.136.33:5001 | reason=mihomo start failed
[TEST] {974} tested=1/1 | kept=0 | rest=0
[DEBUG] mihomo isolate | branch={974} | size=1 | parse=0 | names=[免费节点10] 🇺🇸 US 242 → tg@nicevpn123 | err=-
[DEBUG] mihomo drop | branch={974} | size=1 | parse=0 | names=[免费节点10] 🇺🇸 US 242 → tg@nicevpn123 | err=-
[DROP] name=[免费节点10] 🇺🇸 US 242 → tg@nicevpn123 {974} | server=38.75.136.33:7306 | reason=mihomo start failed
[TEST] {984} tested=1/1 | kept=0 | rest=0
[DEBUG] mihomo isolate | branch={984} | size=1 | parse=0 | names=[免费节点10] 🇺🇸 US 354 → tg@nicevpn123 | err=-
[DEBUG] mihomo drop | branch={984} | size=1 | parse=0 | names=[免费节点10] 🇺🇸 US 354 → tg@nicevpn123 | err=-
[DROP] name=[免费节点10] 🇺🇸 US 354 → tg@nicevpn123 {984} | server=104.21.237.134:80 | reason=mihomo start failed
[TEST] {985} tested=1/1 | kept=0 | rest=0
[DEBUG] mihomo isolate | branch={985} | size=1 | parse=0 | names=[免费节点10] 🇺🇸 US 369 → tg@nicevpn123 | err=-
[DEBUG] mihomo drop | branch={985} | size=1 | parse=0 | names=[免费节点10] 🇺🇸 US 369 → tg@nicevpn123 | err=-
[DROP] name=[免费节点10] 🇺🇸 US 369 → tg@nicevpn123 {985} | server=104.16.40.23:2082 | reason=mihomo start failed
[TEST] {978} tested=1/1 | kept=0 | rest=0
[DEBUG] mihomo isolate | branch={978} | size=1 | parse=0 | names=[免费节点10] 🇺🇸 US 348 → tg@nicevpn123 | err=-
[DEBUG] mihomo drop | branch={978} | size=1 | parse=0 | names=[免费节点10] 🇺🇸 US 348 → tg@nicevpn123 | err=-
[DROP] name=[免费节点10] 🇺🇸 US 348 → tg@nicevpn123 {978} | server=38.54.185.111:30000 | reason=mihomo start failed
[TEST] {986} tested=1/1 | kept=0 | rest=0
[DEBUG] mihomo isolate | branch={986} | size=1 | parse=0 | names=[免费节点10] 🇺🇸 US 372 → tg@nicevpn123 | err=-
[DEBUG] mihomo drop | branch={986} | size=1 | parse=0 | names=[免费节点10] 🇺🇸 US 372 → tg@nicevpn123 | err=-
[DROP] name=[免费节点10] 🇺🇸 US 372 → tg@nicevpn123 {986} | server=lt2-vmess.sshmax.xyz:80 | reason=mihomo start failed
[TEST] {989} tested=1/1 | kept=0 | rest=0
[DEBUG] mihomo isolate | branch={989} | size=1 | parse=0 | names=[免费节点10] 🇺🇸 US 376 → tg@nicevpn123 | err=-
[DEBUG] mihomo drop | branch={989} | size=1 | parse=0 | names=[免费节点10] 🇺🇸 US 376 → tg@nicevpn123 | err=-
[DROP] name=[免费节点10] 🇺🇸 US 376 → tg@nicevpn123 {989} | server=104.19.159.10:443 | reason=mihomo start failed
[TEST] {987} tested=1/1 | kept=0 | rest=0
[DEBUG] mihomo isolate | branch={987} | size=1 | parse=0 | names=[免费节点10] 🇺🇸 US 374 → tg@nicevpn123 | err=-
[DEBUG] mihomo drop | branch={987} | size=1 | parse=0 | names=[免费节点10] 🇺🇸 US 374 → tg@nicevpn123 | err=-
[DROP] name=[免费节点10] 🇺🇸 US 374 → tg@nicevpn123 {987} | server=38.60.204.119:56836 | reason=mihomo start failed
[TEST] {990} tested=1/1 | kept=0 | rest=0
[DEBUG] mihomo isolate | branch={990} | size=1 | parse=0 | names=[免费节点10] 🇺🇸 US 363 → tg@nicevpn123 | err=-
[DEBUG] mihomo drop | branch={990} | size=1 | parse=0 | names=[免费节点10] 🇺🇸 US 363 → tg@nicevpn123 | err=-
[DROP] name=[免费节点10] 🇺🇸 US 363 → tg@nicevpn123 {990} | server=104.16.42.223:2082 | reason=mihomo start failed
[TEST] {991} tested=1/1 | kept=0 | rest=0
[DEBUG] mihomo isolate | branch={991} | size=1 | parse=0 | names=[免费节点10] 🇺🇸 US 364 → tg@nicevpn123 | err=-
[DEBUG] mihomo drop | branch={991} | size=1 | parse=0 | names=[免费节点10] 🇺🇸 US 364 → tg@nicevpn123 | err=-
[DROP] name=[免费节点10] 🇺🇸 US 364 → tg@nicevpn123 {991} | server=104.21.225.2:80 | reason=mihomo start failed
[TEST] {988} tested=1/1 | kept=0 | rest=0
[DEBUG] mihomo isolate | branch={988} | size=1 | parse=0 | names=[免费节点10] 🇺🇸 US 375 → tg@nicevpn123 | err=-
[DEBUG] mihomo drop | branch={988} | size=1 | parse=0 | names=[免费节点10] 🇺🇸 US 375 → tg@nicevpn123 | err=-
[DROP] name=[免费节点10] 🇺🇸 US 375 → tg@nicevpn123 {988} | server=b834o-g01.jp03-7d22-vm0.entry.fr0307a.art:21581 | reason=mihomo start failed
[TEST] {993} tested=1/1 | kept=0 | rest=0
[DEBUG] mihomo isolate | branch={993} | size=1 | parse=0 | names=[免费节点10] 🇺🇸 US 367 → tg@nicevpn123 | err=-
[DEBUG] mihomo drop | branch={993} | size=1 | parse=0 | names=[免费节点10] 🇺🇸 US 367 → tg@nicevpn123 | err=-
[DROP] name=[免费节点10] 🇺🇸 US 367 → tg@nicevpn123 {993} | server=104.16.39.179:2082 | reason=mihomo start failed
[TEST] {982} tested=1/1 | kept=0 | rest=0
[DEBUG] mihomo isolate | branch={982} | size=1 | parse=0 | names=[免费节点10] 🇺🇸 US 351 → tg@nicevpn123 | err=-
[DEBUG] mihomo drop | branch={982} | size=1 | parse=0 | names=[免费节点10] 🇺🇸 US 351 → tg@nicevpn123 | err=-
[DROP] name=[免费节点10] 🇺🇸 US 351 → tg@nicevpn123 {982} | server=shct.pkyun.xyz:39837 | reason=mihomo start failed
[TEST] {992} tested=1/1 | kept=0 | rest=0
[DEBUG] mihomo isolate | branch={992} | size=1 | parse=0 | names=[免费节点10] 🇺🇸 US 365 → tg@nicevpn123 | err=-
[DEBUG] mihomo drop | branch={992} | size=1 | parse=0 | names=[免费节点10] 🇺🇸 US 365 → tg@nicevpn123 | err=-
[DROP] name=[免费节点10] 🇺🇸 US 365 → tg@nicevpn123 {992} | server=18.183.146.49:443 | reason=mihomo start failed
[TEST] {995} tested=1/1 | kept=0 | rest=0
[DEBUG] mihomo isolate | branch={995} | size=1 | parse=0 | names=[免费节点10] 🇺🇸 US 329 → tg@nicevpn123 | err=-
[DEBUG] mihomo drop | branch={995} | size=1 | parse=0 | names=[免费节点10] 🇺🇸 US 329 → tg@nicevpn123 | err=-
[DROP] name=[免费节点10] 🇺🇸 US 329 → tg@nicevpn123 {995} | server=cdncdncdncdn.784654.xyz:2052 | reason=mihomo start failed
[TEST] {997} tested=1/1 | kept=0 | rest=0
[DEBUG] mihomo isolate | branch={997} | size=1 | parse=0 | names=[免费节点10] 🇺🇸 US 330 → tg@nicevpn123 | err=-
[DEBUG] mihomo drop | branch={997} | size=1 | parse=0 | names=[免费节点10] 🇺🇸 US 330 → tg@nicevpn123 | err=-
[DROP] name=[免费节点10] 🇺🇸 US 330 → tg@nicevpn123 {997} | server=104.26.0.95:443 | reason=mihomo start failed
[TEST] {998} tested=1/1 | kept=0 | rest=0
[DEBUG] mihomo isolate | branch={998} | size=1 | parse=0 | names=[免费节点10] 🇺🇸 US 331 → tg@nicevpn123 | err=-
[DEBUG] mihomo drop | branch={998} | size=1 | parse=0 | names=[免费节点10] 🇺🇸 US 331 → tg@nicevpn123 | err=-
[DROP] name=[免费节点10] 🇺🇸 US 331 → tg@nicevpn123 {998} | server=104.17.205.10:8880 | reason=mihomo start failed
[TEST] {999} tested=1/1 | kept=0 | rest=0
[DEBUG] mihomo isolate | branch={999} | size=1 | parse=0 | names=[免费节点10] 🇺🇸 US 323 → tg@nicevpn123 | err=-
[DEBUG] mihomo drop | branch={999} | size=1 | parse=0 | names=[免费节点10] 🇺🇸 US 323 → tg@nicevpn123 | err=-
[DROP] name=[免费节点10] 🇺🇸 US 323 → tg@nicevpn123 {999} | server=zula.ir:443 | reason=mihomo start failed
[TEST] {983} tested=1/1 | kept=0 | rest=0
[DEBUG] mihomo isolate | branch={983} | size=1 | parse=0 | names=[免费节点10] 🇺🇸 US 352 → tg@nicevpn123 | err=-
[DEBUG] mihomo drop | branch={983} | size=1 | parse=0 | names=[免费节点10] 🇺🇸 US 352 → tg@nicevpn123 | err=-
[DROP] name=[免费节点10] 🇺🇸 US 352 → tg@nicevpn123 {983} | server=107.182.189.201:55187 | reason=mihomo start failed
[TEST] {1001} tested=1/1 | kept=0 | rest=0
[DEBUG] mihomo isolate | branch={1001} | size=1 | parse=0 | names=[免费节点10] 🇺🇸 US 325 → tg@nicevpn123 | err=-
[DEBUG] mihomo drop | branch={1001} | size=1 | parse=0 | names=[免费节点10] 🇺🇸 US 325 → tg@nicevpn123 | err=-
[DROP] name=[免费节点10] 🇺🇸 US 325 → tg@nicevpn123 {1001} | server=104.19.45.70:2095 | reason=mihomo start failed
[TEST] {1002} tested=1/1 | kept=0 | rest=0
[DEBUG] mihomo isolate | branch={1002} | size=1 | parse=0 | names=[免费节点10] 🇺🇸 US 326 → tg@nicevpn123 | err=-
[DEBUG] mihomo drop | branch={1002} | size=1 | parse=0 | names=[免费节点10] 🇺🇸 US 326 → tg@nicevpn123 | err=-
[DROP] name=[免费节点10] 🇺🇸 US 326 → tg@nicevpn123 {1002} | server=104.16.214.251:80 | reason=mihomo start failed
[TEST] {1003} tested=1/1 | kept=0 | rest=0
[DEBUG] mihomo isolate | branch={1003} | size=1 | parse=0 | names=[免费节点10] 🇺🇸 US 390 → tg@nicevpn123 | err=-
[DEBUG] mihomo drop | branch={1003} | size=1 | parse=0 | names=[免费节点10] 🇺🇸 US 390 → tg@nicevpn123 | err=-
[DROP] name=[免费节点10] 🇺🇸 US 390 → tg@nicevpn123 {1003} | server=104.19.45.186:2095 | reason=mihomo start failed
[TEST] {994} tested=1/1 | kept=0 | rest=0
[DEBUG] mihomo isolate | branch={994} | size=1 | parse=0 | names=[免费节点10] 🇺🇸 US 328 → tg@nicevpn123 | err=-
[DEBUG] mihomo drop | branch={994} | size=1 | parse=0 | names=[免费节点10] 🇺🇸 US 328 → tg@nicevpn123 | err=-
[DROP] name=[免费节点10] 🇺🇸 US 328 → tg@nicevpn123 {994} | server=35.77.89.124:443 | reason=mihomo start failed
[TEST] {996} tested=1/1 | kept=0 | rest=0
[DEBUG] mihomo isolate | branch={996} | size=1 | parse=0 | names=[免费节点10] 🇺🇸 US 33 → tg@nicevpn123 | err=-
[DEBUG] mihomo drop | branch={996} | size=1 | parse=0 | names=[免费节点10] 🇺🇸 US 33 → tg@nicevpn123 | err=-
[DROP] name=[免费节点10] 🇺🇸 US 33 → tg@nicevpn123 {996} | server=shct.pkyun.xyz:51706 | reason=mihomo start failed
[TEST] {1007} tested=1/1 | kept=0 | rest=0
[DEBUG] mihomo isolate | branch={1007} | size=1 | parse=0 | names=[免费节点10] 🇺🇸 US 394 → tg@nicevpn123 | err=-
[DEBUG] mihomo drop | branch={1007} | size=1 | parse=0 | names=[免费节点10] 🇺🇸 US 394 → tg@nicevpn123 | err=-
[DROP] name=[免费节点10] 🇺🇸 US 394 → tg@nicevpn123 {1007} | server=104.19.42.143:2082 | reason=mihomo start failed
[TEST] {1006} tested=1/1 | kept=0 | rest=0
[DEBUG] mihomo isolate | branch={1006} | size=1 | parse=0 | names=[免费节点10] 🇺🇸 US 393 → tg@nicevpn123 | err=-
[DEBUG] mihomo drop | branch={1006} | size=1 | parse=0 | names=[免费节点10] 🇺🇸 US 393 → tg@nicevpn123 | err=-
[DROP] name=[免费节点10] 🇺🇸 US 393 → tg@nicevpn123 {1006} | server=104.19.45.112:2095 | reason=mihomo start failed
[TEST] {1008} tested=1/1 | kept=0 | rest=0
[DEBUG] mihomo isolate | branch={1008} | size=1 | parse=0 | names=[免费节点10] 🇺🇸 US 387 → tg@nicevpn123 | err=-
[DEBUG] mihomo drop | branch={1008} | size=1 | parse=0 | names=[免费节点10] 🇺🇸 US 387 → tg@nicevpn123 | err=-
[DROP] name=[免费节点10] 🇺🇸 US 387 → tg@nicevpn123 {1008} | server=38.110.1.105:5004 | reason=mihomo start failed
[TEST] {1009} tested=1/1 | kept=0 | rest=0
[DEBUG] mihomo isolate | branch={1009} | size=1 | parse=0 | names=[免费节点10] 🇺🇸 US 388 → tg@nicevpn123 | err=-
[DEBUG] mihomo drop | branch={1009} | size=1 | parse=0 | names=[免费节点10] 🇺🇸 US 388 → tg@nicevpn123 | err=-
[DROP] name=[免费节点10] 🇺🇸 US 388 → tg@nicevpn123 {1009} | server=104.16.196.41:443 | reason=mihomo start failed
[TEST] {1000} tested=1/1 | kept=0 | rest=0
[DEBUG] mihomo isolate | branch={1000} | size=1 | parse=0 | names=[免费节点10] 🇺🇸 US 324 → tg@nicevpn123 | err=-
[DEBUG] mihomo drop | branch={1000} | size=1 | parse=0 | names=[免费节点10] 🇺🇸 US 324 → tg@nicevpn123 | err=-
[DROP] name=[免费节点10] 🇺🇸 US 324 → tg@nicevpn123 {1000} | server=54.187.81.197:443 | reason=mihomo start failed
[TEST] {1004} tested=1/1 | kept=0 | rest=0
[DEBUG] mihomo isolate | branch={1004} | size=1 | parse=0 | names=[免费节点10] 🇺🇸 US 391 → tg@nicevpn123 | err=-
[DEBUG] mihomo drop | branch={1004} | size=1 | parse=0 | names=[免费节点10] 🇺🇸 US 391 → tg@nicevpn123 | err=-
[DROP] name=[免费节点10] 🇺🇸 US 391 → tg@nicevpn123 {1004} | server=52.32.221.7:443 | reason=mihomo start failed
[TEST] {1013} tested=1/1 | kept=0 | rest=0
[DEBUG] mihomo isolate | branch={1013} | size=1 | parse=0 | names=[免费节点10] 🇺🇸 US 58 → tg@nicevpn123 | err=-
[DEBUG] mihomo drop | branch={1013} | size=1 | parse=0 | names=[免费节点10] 🇺🇸 US 58 → tg@nicevpn123 | err=-
[DROP] name=[免费节点10] 🇺🇸 US 58 → tg@nicevpn123 {1013} | server=104.21.227.36:80 | reason=mihomo start failed
[TEST] {1012} tested=1/1 | kept=0 | rest=0
[DEBUG] mihomo isolate | branch={1012} | size=1 | parse=0 | names=[免费节点10] 🇺🇸 US 578 → tg@nicevpn123 | err=-
[DEBUG] mihomo drop | branch={1012} | size=1 | parse=0 | names=[免费节点10] 🇺🇸 US 578 → tg@nicevpn123 | err=-
[DROP] name=[免费节点10] 🇺🇸 US 578 → tg@nicevpn123 {1012} | server=104.16.40.136:2082 | reason=mihomo start failed
[TEST] {1014} tested=1/1 | kept=0 | rest=0
[DEBUG] mihomo isolate | branch={1014} | size=1 | parse=0 | names=[免费节点10] 🇺🇸 US 580 → tg@nicevpn123 | err=-
[DEBUG] mihomo drop | branch={1014} | size=1 | parse=0 | names=[免费节点10] 🇺🇸 US 580 → tg@nicevpn123 | err=-
[DROP] name=[免费节点10] 🇺🇸 US 580 → tg@nicevpn123 {1014} | server=104.19.45.43:2095 | reason=mihomo start failed
[TEST] {1015} tested=1/1 | kept=0 | rest=0
[DEBUG] mihomo isolate | branch={1015} | size=1 | parse=0 | names=[免费节点10] 🇺🇸 US 581 → tg@nicevpn123 | err=-
[DEBUG] mihomo drop | branch={1015} | size=1 | parse=0 | names=[免费节点10] 🇺🇸 US 581 → tg@nicevpn123 | err=-
[DROP] name=[免费节点10] 🇺🇸 US 581 → tg@nicevpn123 {1015} | server=104.19.45.225:2082 | reason=mihomo start failed
[TEST] {1016} tested=1/1 | kept=0 | rest=0
[DEBUG] mihomo isolate | branch={1016} | size=1 | parse=0 | names=[免费节点10] 🇺🇸 US 584 → tg@nicevpn123 | err=-
[DEBUG] mihomo drop | branch={1016} | size=1 | parse=0 | names=[免费节点10] 🇺🇸 US 584 → tg@nicevpn123 | err=-
[DROP] name=[免费节点10] 🇺🇸 US 584 → tg@nicevpn123 {1016} | server=172.67.222.164:443 | reason=mihomo start failed
[TEST] {1017} tested=1/1 | kept=0 | rest=0
[DEBUG] mihomo isolate | branch={1017} | size=1 | parse=0 | names=[免费节点10] 🇺🇸 US 585 → tg@nicevpn123 | err=-
[DEBUG] mihomo drop | branch={1017} | size=1 | parse=0 | names=[免费节点10] 🇺🇸 US 585 → tg@nicevpn123 | err=-
[DROP] name=[免费节点10] 🇺🇸 US 585 → tg@nicevpn123 {1017} | server=104.16.61.8:2096 | reason=mihomo start failed
[TEST] {1019} tested=1/1 | kept=0 | rest=0
[DEBUG] mihomo isolate | branch={1019} | size=1 | parse=0 | names=[免费节点10] 🇺🇸 US 587 → tg@nicevpn123 | err=-
[DEBUG] mihomo drop | branch={1019} | size=1 | parse=0 | names=[免费节点10] 🇺🇸 US 587 → tg@nicevpn123 | err=-
[DROP] name=[免费节点10] 🇺🇸 US 587 → tg@nicevpn123 {1019} | server=ns1.v2-vip.fun:2086 | reason=mihomo start failed
[TEST] {1005} tested=1/1 | kept=0 | rest=0
[DEBUG] mihomo isolate | branch={1005} | size=1 | parse=0 | names=[免费节点10] 🇺🇸 US 392 → tg@nicevpn123 | err=-
[DEBUG] mihomo drop | branch={1005} | size=1 | parse=0 | names=[免费节点10] 🇺🇸 US 392 → tg@nicevpn123 | err=-
[DROP] name=[免费节点10] 🇺🇸 US 392 → tg@nicevpn123 {1005} | server=157.245.148.244:443 | reason=mihomo start failed
[TEST] {1018} tested=1/1 | kept=0 | rest=0
[DEBUG] mihomo isolate | branch={1018} | size=1 | parse=0 | names=[免费节点10] 🇺🇸 US 586 → tg@nicevpn123 | err=-
[DEBUG] mihomo drop | branch={1018} | size=1 | parse=0 | names=[免费节点10] 🇺🇸 US 586 → tg@nicevpn123 | err=-
[DROP] name=[免费节点10] 🇺🇸 US 586 → tg@nicevpn123 {1018} | server=107.174.96.19:45979 | reason=mihomo start failed
[TEST] {1020} tested=1/1 | kept=0 | rest=0
[DEBUG] mihomo isolate | branch={1020} | size=1 | parse=0 | names=[免费节点10] 🇺🇸 US 59 → tg@nicevpn123 | err=-
[DEBUG] mihomo drop | branch={1020} | size=1 | parse=0 | names=[免费节点10] 🇺🇸 US 59 → tg@nicevpn123 | err=-
[DROP] name=[免费节点10] 🇺🇸 US 59 → tg@nicevpn123 {1020} | server=173.245.58.199:443 | reason=mihomo start failed
[TEST] {1022} tested=1/1 | kept=0 | rest=0
[DEBUG] mihomo isolate | branch={1022} | size=1 | parse=0 | names=[免费节点10] 🇺🇸 US 604 → tg@nicevpn123 | err=-
[DEBUG] mihomo drop | branch={1022} | size=1 | parse=0 | names=[免费节点10] 🇺🇸 US 604 → tg@nicevpn123 | err=-
[DROP] name=[免费节点10] 🇺🇸 US 604 → tg@nicevpn123 {1022} | server=173.245.58.11:443 | reason=mihomo start failed
[TEST] {1023} tested=1/1 | kept=0 | rest=0
[DEBUG] mihomo isolate | branch={1023} | size=1 | parse=0 | names=[免费节点10] 🇺🇸 US 605 → tg@nicevpn123 | err=-
[DEBUG] mihomo drop | branch={1023} | size=1 | parse=0 | names=[免费节点10] 🇺🇸 US 605 → tg@nicevpn123 | err=-
[DROP] name=[免费节点10] 🇺🇸 US 605 → tg@nicevpn123 {1023} | server=104.16.43.210:2082 | reason=mihomo start failed
[TEST] {1010} tested=1/1 | kept=0 | rest=0
[DEBUG] mihomo isolate | branch={1010} | size=1 | parse=0 | names=[免费节点10] 🇺🇸 US 389 → tg@nicevpn123 | err=-
[DEBUG] mihomo drop | branch={1010} | size=1 | parse=0 | names=[免费节点10] 🇺🇸 US 389 → tg@nicevpn123 | err=-
[DROP] name=[免费节点10] 🇺🇸 US 389 → tg@nicevpn123 {1010} | server=158.101.217.208:443 | reason=mihomo start failed
[TEST] {1025} tested=1/1 | kept=0 | rest=0
[DEBUG] mihomo isolate | branch={1025} | size=1 | parse=0 | names=[免费节点10] 🇺🇸 US 608 → tg@nicevpn123 | err=-
[DEBUG] mihomo drop | branch={1025} | size=1 | parse=0 | names=[免费节点10] 🇺🇸 US 608 → tg@nicevpn123 | err=-
[DROP] name=[免费节点10] 🇺🇸 US 608 → tg@nicevpn123 {1025} | server=104.19.45.32:2095 | reason=mihomo start failed
[TEST] {1026} tested=1/1 | kept=0 | rest=0
[DEBUG] mihomo isolate | branch={1026} | size=1 | parse=0 | names=[免费节点10] 🇺🇸 US 61 → tg@nicevpn123 | err=-
[DEBUG] mihomo drop | branch={1026} | size=1 | parse=0 | names=[免费节点10] 🇺🇸 US 61 → tg@nicevpn123 | err=-
[DROP] name=[免费节点10] 🇺🇸 US 61 → tg@nicevpn123 {1026} | server=104.19.45.34:2095 | reason=mihomo start failed
[TEST] {1024} tested=1/1 | kept=0 | rest=0
[DEBUG] mihomo isolate | branch={1024} | size=1 | parse=0 | names=[免费节点10] 🇺🇸 US 607 → tg@nicevpn123 | err=-
[DEBUG] mihomo drop | branch={1024} | size=1 | parse=0 | names=[免费节点10] 🇺🇸 US 607 → tg@nicevpn123 | err=-
[DROP] name=[免费节点10] 🇺🇸 US 607 → tg@nicevpn123 {1024} | server=152.42.216.240:80 | reason=mihomo start failed
[TEST] {1011} tested=1/1 | kept=0 | rest=0
[DEBUG] mihomo isolate | branch={1011} | size=1 | parse=0 | names=[免费节点10] 🇺🇸 US 39 → tg@nicevpn123 | err=-
[DEBUG] mihomo drop | branch={1011} | size=1 | parse=0 | names=[免费节点10] 🇺🇸 US 39 → tg@nicevpn123 | err=-
[DROP] name=[免费节点10] 🇺🇸 US 39 → tg@nicevpn123 {1011} | server=38.75.136.33:9102 | reason=mihomo start failed
[TEST] {1029} tested=1/1 | kept=0 | rest=0
[DEBUG] mihomo isolate | branch={1029} | size=1 | parse=0 | names=[免费节点10] 🇺🇸 US 613 → tg@nicevpn123 | err=-
[DEBUG] mihomo drop | branch={1029} | size=1 | parse=0 | names=[免费节点10] 🇺🇸 US 613 → tg@nicevpn123 | err=-
[DROP] name=[免费节点10] 🇺🇸 US 613 → tg@nicevpn123 {1029} | server=104.19.45.235:2095 | reason=mihomo start failed
[TEST] {1031} tested=1/1 | kept=0 | rest=0
[DEBUG] mihomo isolate | branch={1031} | size=1 | parse=0 | names=[免费节点10] 🇺🇸 US 626 → tg@nicevpn123 | err=-
[DEBUG] mihomo drop | branch={1031} | size=1 | parse=0 | names=[免费节点10] 🇺🇸 US 626 → tg@nicevpn123 | err=-
[DROP] name=[免费节点10] 🇺🇸 US 626 → tg@nicevpn123 {1031} | server=172.67.220.64:443 | reason=mihomo start failed
[TEST] {1030} tested=1/1 | kept=0 | rest=0
[DEBUG] mihomo isolate | branch={1030} | size=1 | parse=0 | names=[免费节点10] 🇺🇸 US 625 → tg@nicevpn123 | err=-
[DEBUG] mihomo drop | branch={1030} | size=1 | parse=0 | names=[免费节点10] 🇺🇸 US 625 → tg@nicevpn123 | err=-
[DROP] name=[免费节点10] 🇺🇸 US 625 → tg@nicevpn123 {1030} | server=au-full.privateip.net:443 | reason=mihomo start failed
[TEST] {1032} tested=1/1 | kept=0 | rest=0
[DEBUG] mihomo isolate | branch={1032} | size=1 | parse=0 | names=[免费节点10] 🇺🇸 US 627 → tg@nicevpn123 | err=-
[DEBUG] mihomo drop | branch={1032} | size=1 | parse=0 | names=[免费节点10] 🇺🇸 US 627 → tg@nicevpn123 | err=-
[DROP] name=[免费节点10] 🇺🇸 US 627 → tg@nicevpn123 {1032} | server=23.94.100.187:48889 | reason=mihomo start failed
[TEST] {1033} tested=1/1 | kept=0 | rest=0
[DEBUG] mihomo isolate | branch={1033} | size=1 | parse=0 | names=[免费节点10] 🇺🇸 US 629 → tg@nicevpn123 | err=-
[DEBUG] mihomo drop | branch={1033} | size=1 | parse=0 | names=[免费节点10] 🇺🇸 US 629 → tg@nicevpn123 | err=-
[DROP] name=[免费节点10] 🇺🇸 US 629 → tg@nicevpn123 {1033} | server=104.19.48.100:2082 | reason=mihomo start failed
[TEST] {1034} tested=1/1 | kept=0 | rest=0
[DEBUG] mihomo isolate | branch={1034} | size=1 | parse=0 | names=[免费节点10] 🇺🇸 US 651 → tg@nicevpn123 | err=-
[DEBUG] mihomo drop | branch={1034} | size=1 | parse=0 | names=[免费节点10] 🇺🇸 US 651 → tg@nicevpn123 | err=-
[DROP] name=[免费节点10] 🇺🇸 US 651 → tg@nicevpn123 {1034} | server=104.16.39.38:2082 | reason=mihomo start failed
[TEST] {1035} tested=1/1 | kept=0 | rest=0
[DEBUG] mihomo isolate | branch={1035} | size=1 | parse=0 | names=[免费节点10] 🇺🇸 US 652 → tg@nicevpn123 | err=-
[DEBUG] mihomo drop | branch={1035} | size=1 | parse=0 | names=[免费节点10] 🇺🇸 US 652 → tg@nicevpn123 | err=-
[DROP] name=[免费节点10] 🇺🇸 US 652 → tg@nicevpn123 {1035} | server=172.67.229.37:2086 | reason=mihomo start failed
[TEST] {1036} tested=1/1 | kept=0 | rest=0
[DEBUG] mihomo isolate | branch={1036} | size=1 | parse=0 | names=[免费节点10] 🇺🇸 US 654 → tg@nicevpn123 | err=-
[DEBUG] mihomo drop | branch={1036} | size=1 | parse=0 | names=[免费节点10] 🇺🇸 US 654 → tg@nicevpn123 | err=-
[DROP] name=[免费节点10] 🇺🇸 US 654 → tg@nicevpn123 {1036} | server=104.16.40.79:2082 | reason=mihomo start failed
[TEST] {1037} tested=1/1 | kept=0 | rest=0
[DEBUG] mihomo isolate | branch={1037} | size=1 | parse=0 | names=[免费节点10] 🇺🇸 US 655 → tg@nicevpn123 | err=-
[DEBUG] mihomo drop | branch={1037} | size=1 | parse=0 | names=[免费节点10] 🇺🇸 US 655 → tg@nicevpn123 | err=-
[DROP] name=[免费节点10] 🇺🇸 US 655 → tg@nicevpn123 {1037} | server=104.18.154.42:80 | reason=mihomo start failed
[TEST] {1038} tested=1/1 | kept=0 | rest=0
[DEBUG] mihomo isolate | branch={1038} | size=1 | parse=0 | names=[免费节点10] 🇺🇸 US 656 → tg@nicevpn123 | err=-
[DEBUG] mihomo drop | branch={1038} | size=1 | parse=0 | names=[免费节点10] 🇺🇸 US 656 → tg@nicevpn123 | err=-
[DROP] name=[免费节点10] 🇺🇸 US 656 → tg@nicevpn123 {1038} | server=t45a7-g03.jp02-9a99-vm0.entry.fr0307a.art:11775 | reason=mihomo start failed
[TEST] {1021} tested=1/1 | kept=0 | rest=0
[DEBUG] mihomo isolate | branch={1021} | size=1 | parse=0 | names=[免费节点10] 🇺🇸 US 602 → tg@nicevpn123 | err=-
[DEBUG] mihomo drop | branch={1021} | size=1 | parse=0 | names=[免费节点10] 🇺🇸 US 602 → tg@nicevpn123 | err=-
[DROP] name=[免费节点10] 🇺🇸 US 602 → tg@nicevpn123 {1021} | server=38.75.137.42:8080 | reason=mihomo start failed
[TEST] {1039} tested=1/1 | kept=0 | rest=0
[DEBUG] mihomo isolate | branch={1039} | size=1 | parse=0 | names=[免费节点10] 🇺🇸 US 631 → tg@nicevpn123 | err=-
[DEBUG] mihomo drop | branch={1039} | size=1 | parse=0 | names=[免费节点10] 🇺🇸 US 631 → tg@nicevpn123 | err=-
[DROP] name=[免费节点10] 🇺🇸 US 631 → tg@nicevpn123 {1039} | server=hk.wish.ml:2052 | reason=mihomo start failed
[TEST] {1040} tested=1/1 | kept=0 | rest=0
[DEBUG] mihomo isolate | branch={1040} | size=1 | parse=0 | names=[免费节点10] 🇺🇸 US 632 → tg@nicevpn123 | err=-
[DEBUG] mihomo drop | branch={1040} | size=1 | parse=0 | names=[免费节点10] 🇺🇸 US 632 → tg@nicevpn123 | err=-
[DROP] name=[免费节点10] 🇺🇸 US 632 → tg@nicevpn123 {1040} | server=jiasu.fanmengdas.top:40723 | reason=mihomo start failed
[TEST] {1042} tested=1/1 | kept=0 | rest=0
[DEBUG] mihomo isolate | branch={1042} | size=1 | parse=0 | names=[免费节点10] 🇺🇸 US 634 → tg@nicevpn123 | err=-
[DEBUG] mihomo drop | branch={1042} | size=1 | parse=0 | names=[免费节点10] 🇺🇸 US 634 → tg@nicevpn123 | err=-
[DROP] name=[免费节点10] 🇺🇸 US 634 → tg@nicevpn123 {1042} | server=104.16.39.184:2082 | reason=mihomo start failed
[TEST] {1027} tested=1/1 | kept=0 | rest=0
[DEBUG] mihomo isolate | branch={1027} | size=1 | parse=0 | names=[免费节点10] 🇺🇸 US 611 → tg@nicevpn123 | err=-
[DEBUG] mihomo drop | branch={1027} | size=1 | parse=0 | names=[免费节点10] 🇺🇸 US 611 → tg@nicevpn123 | err=-
[DROP] name=[免费节点10] 🇺🇸 US 611 → tg@nicevpn123 {1027} | server=38.75.137.93:3389 | reason=mihomo start failed
[TEST] {1028} tested=1/1 | kept=0 | rest=0
[DEBUG] mihomo isolate | branch={1028} | size=1 | parse=0 | names=[免费节点10] 🇺🇸 US 612 → tg@nicevpn123 | err=-
[DEBUG] mihomo drop | branch={1028} | size=1 | parse=0 | names=[免费节点10] 🇺🇸 US 612 → tg@nicevpn123 | err=-
[DROP] name=[免费节点10] 🇺🇸 US 612 → tg@nicevpn123 {1028} | server=38.110.1.202:8008 | reason=mihomo start failed
[TEST] {1045} tested=1/1 | kept=0 | rest=0
[DEBUG] mihomo isolate | branch={1045} | size=1 | parse=0 | names=[免费节点10] 🇺🇸 US 648 → tg@nicevpn123 | err=-
[DEBUG] mihomo drop | branch={1045} | size=1 | parse=0 | names=[免费节点10] 🇺🇸 US 648 → tg@nicevpn123 | err=-
[DROP] name=[免费节点10] 🇺🇸 US 648 → tg@nicevpn123 {1045} | server=104.19.45.99:2095 | reason=mihomo start failed
[TEST] {1046} tested=1/1 | kept=0 | rest=0
[DEBUG] mihomo isolate | branch={1046} | size=1 | parse=0 | names=[免费节点10] 🇺🇸 US 65 → tg@nicevpn123 | err=-
[DEBUG] mihomo drop | branch={1046} | size=1 | parse=0 | names=[免费节点10] 🇺🇸 US 65 → tg@nicevpn123 | err=-
[DROP] name=[免费节点10] 🇺🇸 US 65 → tg@nicevpn123 {1046} | server=104.16.217.241:443 | reason=mihomo start failed
[TEST] {1047} tested=1/1 | kept=0 | rest=0
[DEBUG] mihomo isolate | branch={1047} | size=1 | parse=0 | names=[免费节点10] 🇺🇸 US 650 → tg@nicevpn123 | err=-
[DEBUG] mihomo drop | branch={1047} | size=1 | parse=0 | names=[免费节点10] 🇺🇸 US 650 → tg@nicevpn123 | err=-
[DROP] name=[免费节点10] 🇺🇸 US 650 → tg@nicevpn123 {1047} | server=104.19.45.143:2095 | reason=mihomo start failed
[TEST] {1048} tested=1/1 | kept=0 | rest=0
[DEBUG] mihomo isolate | branch={1048} | size=1 | parse=0 | names=[免费节点10] 🇺🇸 US 674 → tg@nicevpn123 | err=-
[DEBUG] mihomo drop | branch={1048} | size=1 | parse=0 | names=[免费节点10] 🇺🇸 US 674 → tg@nicevpn123 | err=-
[DROP] name=[免费节点10] 🇺🇸 US 674 → tg@nicevpn123 {1048} | server=104.16.216.241:443 | reason=mihomo start failed
[TEST] {1049} tested=1/1 | kept=0 | rest=0
[DEBUG] mihomo isolate | branch={1049} | size=1 | parse=0 | names=[免费节点10] 🇺🇸 US 675 → tg@nicevpn123 | err=-
[DEBUG] mihomo drop | branch={1049} | size=1 | parse=0 | names=[免费节点10] 🇺🇸 US 675 → tg@nicevpn123 | err=-
[DROP] name=[免费节点10] 🇺🇸 US 675 → tg@nicevpn123 {1049} | server=172.67.196.16:443 | reason=mihomo start failed
[TEST] {1050} tested=1/1 | kept=0 | rest=0
[DEBUG] mihomo isolate | branch={1050} | size=1 | parse=0 | names=[免费节点10] 🇺🇸 US 676 → tg@nicevpn123 | err=-
[DEBUG] mihomo drop | branch={1050} | size=1 | parse=0 | names=[免费节点10] 🇺🇸 US 676 → tg@nicevpn123 | err=-
[DROP] name=[免费节点10] 🇺🇸 US 676 → tg@nicevpn123 {1050} | server=172.67.132.209:443 | reason=mihomo start failed
[TEST] {1051} tested=1/1 | kept=0 | rest=0
[DEBUG] mihomo isolate | branch={1051} | size=1 | parse=0 | names=[免费节点10] 🇺🇸 US 677 → tg@nicevpn123 | err=-
[DEBUG] mihomo drop | branch={1051} | size=1 | parse=0 | names=[免费节点10] 🇺🇸 US 677 → tg@nicevpn123 | err=-
[DROP] name=[免费节点10] 🇺🇸 US 677 → tg@nicevpn123 {1051} | server=104.16.43.54:2082 | reason=mihomo start failed
[TEST] {1052} tested=1/1 | kept=0 | rest=0
[DEBUG] mihomo isolate | branch={1052} | size=1 | parse=0 | names=[免费节点10] 🇺🇸 US 678 → tg@nicevpn123 | err=-
[DEBUG] mihomo drop | branch={1052} | size=1 | parse=0 | names=[免费节点10] 🇺🇸 US 678 → tg@nicevpn123 | err=-
[DROP] name=[免费节点10] 🇺🇸 US 678 → tg@nicevpn123 {1052} | server=167.88.61.235:443 | reason=mihomo start failed
[TEST] {1041} tested=1/1 | kept=0 | rest=0
[DEBUG] mihomo isolate | branch={1041} | size=1 | parse=0 | names=[免费节点10] 🇺🇸 US 633 → tg@nicevpn123 | err=-
[DEBUG] mihomo drop | branch={1041} | size=1 | parse=0 | names=[免费节点10] 🇺🇸 US 633 → tg@nicevpn123 | err=-
[DROP] name=[免费节点10] 🇺🇸 US 633 → tg@nicevpn123 {1041} | server=205.234.232.191:10512 | reason=mihomo start failed
[TEST] {1054} tested=1/1 | kept=0 | rest=0
[DEBUG] mihomo isolate | branch={1054} | size=1 | parse=0 | names=[免费节点10] 🇺🇸 US 69 → tg@nicevpn123 | err=-
[DEBUG] mihomo drop | branch={1054} | size=1 | parse=0 | names=[免费节点10] 🇺🇸 US 69 → tg@nicevpn123 | err=-
[DROP] name=[免费节点10] 🇺🇸 US 69 → tg@nicevpn123 {1054} | server=104.16.40.69:2082 | reason=mihomo start failed
[TEST] {1043} tested=1/1 | kept=0 | rest=0
[DEBUG] mihomo isolate | branch={1043} | size=1 | parse=0 | names=[免费节点10] 🇺🇸 US 636 → tg@nicevpn123 | err=-
[DEBUG] mihomo drop | branch={1043} | size=1 | parse=0 | names=[免费节点10] 🇺🇸 US 636 → tg@nicevpn123 | err=-
[DROP] name=[免费节点10] 🇺🇸 US 636 → tg@nicevpn123 {1043} | server=ip0axv1bbsu02k7-kr.1ytnode.com:56361 | reason=mihomo start failed
[TEST] {1056} tested=1/1 | kept=0 | rest=0
[DEBUG] mihomo isolate | branch={1056} | size=1 | parse=0 | names=[免费节点10] 🇺🇸 US 692 → tg@nicevpn123 | err=-
[DEBUG] mihomo drop | branch={1056} | size=1 | parse=0 | names=[免费节点10] 🇺🇸 US 692 → tg@nicevpn123 | err=-
[DROP] name=[免费节点10] 🇺🇸 US 692 → tg@nicevpn123 {1056} | server=38.68.134.9:8881 | reason=mihomo start failed
[TEST] {1044} tested=1/1 | kept=0 | rest=0
[DEBUG] mihomo isolate | branch={1044} | size=1 | parse=0 | names=[免费节点10] 🇺🇸 US 647 → tg@nicevpn123 | err=-
[DEBUG] mihomo drop | branch={1044} | size=1 | parse=0 | names=[免费节点10] 🇺🇸 US 647 → tg@nicevpn123 | err=-
[DROP] name=[免费节点10] 🇺🇸 US 647 → tg@nicevpn123 {1044} | server=66.42.84.121:443 | reason=mihomo start failed
[TEST] {1057} tested=1/1 | kept=0 | rest=0
[DEBUG] mihomo isolate | branch={1057} | size=1 | parse=0 | names=[免费节点10] 🇺🇸 US 694 → tg@nicevpn123 | err=-
[DEBUG] mihomo drop | branch={1057} | size=1 | parse=0 | names=[免费节点10] 🇺🇸 US 694 → tg@nicevpn123 | err=-
[DROP] name=[免费节点10] 🇺🇸 US 694 → tg@nicevpn123 {1057} | server=104.16.43.167:2082 | reason=mihomo start failed
[TEST] {1058} tested=1/1 | kept=0 | rest=0
[DEBUG] mihomo isolate | branch={1058} | size=1 | parse=0 | names=[免费节点10] 🇺🇸 US 695 → tg@nicevpn123 | err=-
[DEBUG] mihomo drop | branch={1058} | size=1 | parse=0 | names=[免费节点10] 🇺🇸 US 695 → tg@nicevpn123 | err=-
[DROP] name=[免费节点10] 🇺🇸 US 695 → tg@nicevpn123 {1058} | server=104.19.45.224:2095 | reason=mihomo start failed
[TEST] {1059} tested=1/1 | kept=0 | rest=0
[DEBUG] mihomo isolate | branch={1059} | size=1 | parse=0 | names=[免费节点10] 🇺🇸 US 697 → tg@nicevpn123 | err=-
[DEBUG] mihomo drop | branch={1059} | size=1 | parse=0 | names=[免费节点10] 🇺🇸 US 697 → tg@nicevpn123 | err=-
[DROP] name=[免费节点10] 🇺🇸 US 697 → tg@nicevpn123 {1059} | server=zula.ir:443 | reason=mihomo start failed
[TEST] {1053} tested=1/1 | kept=0 | rest=0
[DEBUG] mihomo isolate | branch={1053} | size=1 | parse=0 | names=[免费节点10] 🇺🇸 US 689 → tg@nicevpn123 | err=-
[DEBUG] mihomo drop | branch={1053} | size=1 | parse=0 | names=[免费节点10] 🇺🇸 US 689 → tg@nicevpn123 | err=-
[DROP] name=[免费节点10] 🇺🇸 US 689 → tg@nicevpn123 {1053} | server=38.110.1.202:8090 | reason=mihomo start failed
[TEST] {1062} tested=1/1 | kept=0 | rest=0
[DEBUG] mihomo isolate | branch={1062} | size=1 | parse=0 | names=[免费节点10] 🇺🇸 US 727 → tg@nicevpn123 | err=-
[DEBUG] mihomo drop | branch={1062} | size=1 | parse=0 | names=[免费节点10] 🇺🇸 US 727 → tg@nicevpn123 | err=-
[DROP] name=[免费节点10] 🇺🇸 US 727 → tg@nicevpn123 {1062} | server=104.21.28.62:443 | reason=mihomo start failed
[TEST] {1063} tested=1/1 | kept=0 | rest=0
[DEBUG] mihomo isolate | branch={1063} | size=1 | parse=0 | names=[免费节点10] 🇺🇸 US 728 → tg@nicevpn123 | err=-
[DEBUG] mihomo drop | branch={1063} | size=1 | parse=0 | names=[免费节点10] 🇺🇸 US 728 → tg@nicevpn123 | err=-
[DROP] name=[免费节点10] 🇺🇸 US 728 → tg@nicevpn123 {1063} | server=104.16.43.29:2082 | reason=mihomo start failed
[TEST] {1061} tested=1/1 | kept=0 | rest=0
[DEBUG] mihomo isolate | branch={1061} | size=1 | parse=0 | names=[免费节点10] 🇺🇸 US 7 → tg@nicevpn123 | err=-
[DEBUG] mihomo drop | branch={1061} | size=1 | parse=0 | names=[免费节点10] 🇺🇸 US 7 → tg@nicevpn123 | err=-
[DROP] name=[免费节点10] 🇺🇸 US 7 → tg@nicevpn123 {1061} | server=9azvt-g05.jp05-6786-vm0.entry.fr0307a.art:46486 | reason=mihomo start failed
[TEST] {1064} tested=1/1 | kept=0 | rest=0
[DEBUG] mihomo isolate | branch={1064} | size=1 | parse=0 | names=[免费节点10] 🇺🇸 US 730 → tg@nicevpn123 | err=-
[DEBUG] mihomo drop | branch={1064} | size=1 | parse=0 | names=[免费节点10] 🇺🇸 US 730 → tg@nicevpn123 | err=-
[DROP] name=[免费节点10] 🇺🇸 US 730 → tg@nicevpn123 {1064} | server=104.16.43.246:2082 | reason=mihomo start failed
[TEST] {1065} tested=1/1 | kept=0 | rest=0
[DEBUG] mihomo isolate | branch={1065} | size=1 | parse=0 | names=[免费节点10] 🇺🇸 US 733 → tg@nicevpn123 | err=-
[DEBUG] mihomo drop | branch={1065} | size=1 | parse=0 | names=[免费节点10] 🇺🇸 US 733 → tg@nicevpn123 | err=-
[DROP] name=[免费节点10] 🇺🇸 US 733 → tg@nicevpn123 {1065} | server=104.19.42.154:2082 | reason=mihomo start failed
[TEST] {1066} tested=1/1 | kept=0 | rest=0
[DEBUG] mihomo isolate | branch={1066} | size=1 | parse=0 | names=[免费节点10] 🇺🇸 US 670 → tg@nicevpn123 | err=-
[DEBUG] mihomo drop | branch={1066} | size=1 | parse=0 | names=[免费节点10] 🇺🇸 US 670 → tg@nicevpn123 | err=-
[DROP] name=[免费节点10] 🇺🇸 US 670 → tg@nicevpn123 {1066} | server=104.19.212.140:2082 | reason=mihomo start failed
[TEST] {1055} tested=1/1 | kept=0 | rest=0
[DEBUG] mihomo isolate | branch={1055} | size=1 | parse=0 | names=[免费节点10] 🇺🇸 US 690 → tg@nicevpn123 | err=-
[DEBUG] mihomo drop | branch={1055} | size=1 | parse=0 | names=[免费节点10] 🇺🇸 US 690 → tg@nicevpn123 | err=-
[DROP] name=[免费节点10] 🇺🇸 US 690 → tg@nicevpn123 {1055} | server=34.217.86.31:17415 | reason=mihomo start failed
[TEST] {1068} tested=1/1 | kept=0 | rest=0
[DEBUG] mihomo isolate | branch={1068} | size=1 | parse=0 | names=[免费节点10] 🇺🇸 US 672 → tg@nicevpn123 | err=-
[DEBUG] mihomo drop | branch={1068} | size=1 | parse=0 | names=[免费节点10] 🇺🇸 US 672 → tg@nicevpn123 | err=-
[DROP] name=[免费节点10] 🇺🇸 US 672 → tg@nicevpn123 {1068} | server=13.35.13.137:443 | reason=mihomo start failed
[TEST] {1069} tested=1/1 | kept=0 | rest=0
[DEBUG] mihomo isolate | branch={1069} | size=1 | parse=0 | names=[免费节点10] 🇺🇸 US 673 → tg@nicevpn123 | err=-
[DEBUG] mihomo drop | branch={1069} | size=1 | parse=0 | names=[免费节点10] 🇺🇸 US 673 → tg@nicevpn123 | err=-
[DROP] name=[免费节点10] 🇺🇸 US 673 → tg@nicevpn123 {1069} | server=104.17.81.63:8443 | reason=mihomo start failed
[TEST] {1070} tested=1/1 | kept=0 | rest=0
[DEBUG] mihomo isolate | branch={1070} | size=1 | parse=0 | names=[免费节点10] 🇺🇸 US 735 → tg@nicevpn123 | err=-
[DEBUG] mihomo drop | branch={1070} | size=1 | parse=0 | names=[免费节点10] 🇺🇸 US 735 → tg@nicevpn123 | err=-
[DROP] name=[免费节点10] 🇺🇸 US 735 → tg@nicevpn123 {1070} | server=104.19.45.79:2095 | reason=mihomo start failed
[TEST] {1072} tested=1/1 | kept=0 | rest=0
[DEBUG] mihomo isolate | branch={1072} | size=1 | parse=0 | names=[免费节点10] 🇺🇸 US 739 → tg@nicevpn123 | err=-
[DEBUG] mihomo drop | branch={1072} | size=1 | parse=0 | names=[免费节点10] 🇺🇸 US 739 → tg@nicevpn123 | err=-
[DROP] name=[免费节点10] 🇺🇸 US 739 → tg@nicevpn123 {1072} | server=172.67.174.92:2053 | reason=mihomo start failed
[TEST] {1071} tested=1/1 | kept=0 | rest=0
[DEBUG] mihomo isolate | branch={1071} | size=1 | parse=0 | names=[免费节点10] 🇺🇸 US 737 → tg@nicevpn123 | err=-
[DEBUG] mihomo drop | branch={1071} | size=1 | parse=0 | names=[免费节点10] 🇺🇸 US 737 → tg@nicevpn123 | err=-
[DROP] name=[免费节点10] 🇺🇸 US 737 → tg@nicevpn123 {1071} | server=uk-full.privateip.net:443 | reason=mihomo start failed
[TEST] {1073} tested=1/1 | kept=0 | rest=0
[DEBUG] mihomo isolate | branch={1073} | size=1 | parse=0 | names=[免费节点10] 🇺🇸 US 74 → tg@nicevpn123 | err=-
[DEBUG] mihomo drop | branch={1073} | size=1 | parse=0 | names=[免费节点10] 🇺🇸 US 74 → tg@nicevpn123 | err=-
[DROP] name=[免费节点10] 🇺🇸 US 74 → tg@nicevpn123 {1073} | server=104.19.45.30:2095 | reason=mihomo start failed
[TEST] {1075} tested=1/1 | kept=0 | rest=0
[DEBUG] mihomo isolate | branch={1075} | size=1 | parse=0 | names=[免费节点10] 🇺🇸 US 720 → tg@nicevpn123 | err=-
[DEBUG] mihomo drop | branch={1075} | size=1 | parse=0 | names=[免费节点10] 🇺🇸 US 720 → tg@nicevpn123 | err=-
[DROP] name=[免费节点10] 🇺🇸 US 720 → tg@nicevpn123 {1075} | server=104.21.36.26:8443 | reason=mihomo start failed
[TEST] {1060} tested=1/1 | kept=0 | rest=0
[DEBUG] mihomo isolate | branch={1060} | size=1 | parse=0 | names=[免费节点10] 🇺🇸 US 699 → tg@nicevpn123 | err=-
[DEBUG] mihomo drop | branch={1060} | size=1 | parse=0 | names=[免费节点10] 🇺🇸 US 699 → tg@nicevpn123 | err=-
[DROP] name=[免费节点10] 🇺🇸 US 699 → tg@nicevpn123 {1060} | server=13.213.18.109:443 | reason=mihomo start failed
[TEST] {1079} tested=1/1 | kept=0 | rest=0
[DEBUG] mihomo isolate | branch={1079} | size=1 | parse=0 | names=[免费节点10] 🇺🇸 US 726 → tg@nicevpn123 | err=-
[DEBUG] mihomo drop | branch={1079} | size=1 | parse=0 | names=[免费节点10] 🇺🇸 US 726 → tg@nicevpn123 | err=-
[DROP] name=[免费节点10] 🇺🇸 US 726 → tg@nicevpn123 {1079} | server=192.227.206.115:16899 | reason=mihomo start failed
[TEST] {1078} tested=1/1 | kept=0 | rest=0
[DEBUG] mihomo isolate | branch={1078} | size=1 | parse=0 | names=[免费节点10] 🇺🇸 US 725 → tg@nicevpn123 | err=-
[DEBUG] mihomo drop | branch={1078} | size=1 | parse=0 | names=[免费节点10] 🇺🇸 US 725 → tg@nicevpn123 | err=-
[DROP] name=[免费节点10] 🇺🇸 US 725 → tg@nicevpn123 {1078} | server=104.19.45.86:2095 | reason=mihomo start failed
[TEST] {1077} tested=1/1 | kept=0 | rest=0
[DEBUG] mihomo isolate | branch={1077} | size=1 | parse=0 | names=[免费节点10] 🇺🇸 US 723 → tg@nicevpn123 | err=-
[DEBUG] mihomo drop | branch={1077} | size=1 | parse=0 | names=[免费节点10] 🇺🇸 US 723 → tg@nicevpn123 | err=-
[DROP] name=[免费节点10] 🇺🇸 US 723 → tg@nicevpn123 {1077} | server=172.66.213.38:443 | reason=mihomo start failed
[TEST] {1067} tested=1/1 | kept=0 | rest=0
[DEBUG] mihomo isolate | branch={1067} | size=1 | parse=0 | names=[免费节点10] 🇺🇸 US 671 → tg@nicevpn123 | err=-
[DEBUG] mihomo drop | branch={1067} | size=1 | parse=0 | names=[免费节点10] 🇺🇸 US 671 → tg@nicevpn123 | err=-
[DROP] name=[免费节点10] 🇺🇸 US 671 → tg@nicevpn123 {1067} | server=64.23.190.208:59703 | reason=mihomo start failed
[TEST] {1081} tested=1/1 | kept=0 | rest=0
[DEBUG] mihomo isolate | branch={1081} | size=1 | parse=0 | names=[免费节点10] 🇺🇸 US 718 → tg@nicevpn123 | err=-
[DEBUG] mihomo drop | branch={1081} | size=1 | parse=0 | names=[免费节点10] 🇺🇸 US 718 → tg@nicevpn123 | err=-
[DROP] name=[免费节点10] 🇺🇸 US 718 → tg@nicevpn123 {1081} | server=104.16.43.62:2082 | reason=mihomo start failed
[TEST] {1080} tested=1/1 | kept=0 | rest=0
[DEBUG] mihomo isolate | branch={1080} | size=1 | parse=0 | names=[免费节点10] 🇺🇸 US 717 → tg@nicevpn123 | err=-
[DEBUG] mihomo drop | branch={1080} | size=1 | parse=0 | names=[免费节点10] 🇺🇸 US 717 → tg@nicevpn123 | err=-
[DROP] name=[免费节点10] 🇺🇸 US 717 → tg@nicevpn123 {1080} | server=104.19.45.10:2095 | reason=mihomo start failed
[TEST] {1083} tested=1/1 | kept=0 | rest=0
[DEBUG] mihomo isolate | branch={1083} | size=1 | parse=0 | names=[免费节点10] 🇺🇸 US 72 → tg@nicevpn123 | err=-
[DEBUG] mihomo drop | branch={1083} | size=1 | parse=0 | names=[免费节点10] 🇺🇸 US 72 → tg@nicevpn123 | err=-
[DROP] name=[免费节点10] 🇺🇸 US 72 → tg@nicevpn123 {1083} | server=0i4ui-g03.jp03-7d22-vm0.entry.fr0307a.art:21583 | reason=mihomo start failed
[TEST] {1085} tested=1/1 | kept=0 | rest=0
[DEBUG] mihomo isolate | branch={1085} | size=1 | parse=0 | names=[免费节点10] 🇺🇸 US 469 → tg@nicevpn123 | err=-
[DEBUG] mihomo drop | branch={1085} | size=1 | parse=0 | names=[免费节点10] 🇺🇸 US 469 → tg@nicevpn123 | err=-
[DROP] name=[免费节点10] 🇺🇸 US 469 → tg@nicevpn123 {1085} | server=104.16.40.52:2082 | reason=mihomo start failed
[TEST] {1084} tested=1/1 | kept=0 | rest=0
[DEBUG] mihomo isolate | branch={1084} | size=1 | parse=0 | names=[免费节点10] 🇺🇸 US 467 → tg@nicevpn123 | err=-
[DEBUG] mihomo drop | branch={1084} | size=1 | parse=0 | names=[免费节点10] 🇺🇸 US 467 → tg@nicevpn123 | err=-
[DROP] name=[免费节点10] 🇺🇸 US 467 → tg@nicevpn123 {1084} | server=104.19.159.14:443 | reason=mihomo start failed
[TEST] {1086} tested=1/1 | kept=0 | rest=0
[DEBUG] mihomo isolate | branch={1086} | size=1 | parse=0 | names=[免费节点10] 🇺🇸 US 47 → tg@nicevpn123 | err=-
[DEBUG] mihomo drop | branch={1086} | size=1 | parse=0 | names=[免费节点10] 🇺🇸 US 47 → tg@nicevpn123 | err=-
[DROP] name=[免费节点10] 🇺🇸 US 47 → tg@nicevpn123 {1086} | server=104.21.238.93:80 | reason=mihomo start failed
[TEST] {1074} tested=1/1 | kept=0 | rest=0
[DEBUG] mihomo isolate | branch={1074} | size=1 | parse=0 | names=[免费节点10] 🇺🇸 US 740 → tg@nicevpn123 | err=-
[DEBUG] mihomo drop | branch={1074} | size=1 | parse=0 | names=[免费节点10] 🇺🇸 US 740 → tg@nicevpn123 | err=-
[DROP] name=[免费节点10] 🇺🇸 US 740 → tg@nicevpn123 {1074} | server=3.36.96.75:443 | reason=mihomo start failed
[TEST] {1087} tested=1/1 | kept=0 | rest=0
[DEBUG] mihomo isolate | branch={1087} | size=1 | parse=0 | names=[免费节点10] 🇺🇸 US 471 → tg@nicevpn123 | err=-
[DEBUG] mihomo drop | branch={1087} | size=1 | parse=0 | names=[免费节点10] 🇺🇸 US 471 → tg@nicevpn123 | err=-
[DROP] name=[免费节点10] 🇺🇸 US 471 → tg@nicevpn123 {1087} | server=104.16.42.195:2082 | reason=mihomo start failed
[TEST] {1089} tested=1/1 | kept=0 | rest=0
[DEBUG] mihomo isolate | branch={1089} | size=1 | parse=0 | names=[免费节点10] 🇺🇸 US 713 → tg@nicevpn123 | err=-
[DEBUG] mihomo drop | branch={1089} | size=1 | parse=0 | names=[免费节点10] 🇺🇸 US 713 → tg@nicevpn123 | err=-
[DROP] name=[免费节点10] 🇺🇸 US 713 → tg@nicevpn123 {1089} | server=104.16.40.132:2082 | reason=mihomo start failed
[TEST] {1076} tested=1/1 | kept=0 | rest=0
[DEBUG] mihomo isolate | branch={1076} | size=1 | parse=0 | names=[免费节点10] 🇺🇸 US 721 → tg@nicevpn123 | err=-
[DEBUG] mihomo drop | branch={1076} | size=1 | parse=0 | names=[免费节点10] 🇺🇸 US 721 → tg@nicevpn123 | err=-
[DROP] name=[免费节点10] 🇺🇸 US 721 → tg@nicevpn123 {1076} | server=152.70.39.9:26022 | reason=mihomo start failed
[TEST] {1090} tested=1/1 | kept=0 | rest=0
[DEBUG] mihomo isolate | branch={1090} | size=1 | parse=0 | names=[免费节点10] 🇺🇸 US 714 → tg@nicevpn123 | err=-
[DEBUG] mihomo drop | branch={1090} | size=1 | parse=0 | names=[免费节点10] 🇺🇸 US 714 → tg@nicevpn123 | err=-
[DROP] name=[免费节点10] 🇺🇸 US 714 → tg@nicevpn123 {1090} | server=104.19.49.204:443 | reason=mihomo start failed
[TEST] {1091} tested=1/1 | kept=0 | rest=0
[DEBUG] mihomo isolate | branch={1091} | size=1 | parse=0 | names=[免费节点10] 🇺🇸 US 715 → tg@nicevpn123 | err=-
[DEBUG] mihomo drop | branch={1091} | size=1 | parse=0 | names=[免费节点10] 🇺🇸 US 715 → tg@nicevpn123 | err=-
[DROP] name=[免费节点10] 🇺🇸 US 715 → tg@nicevpn123 {1091} | server=104.19.48.236:2082 | reason=mihomo start failed
[TEST] {1092} tested=1/1 | kept=0 | rest=0
[DEBUG] mihomo isolate | branch={1092} | size=1 | parse=0 | names=[免费节点10] 🇺🇸 US 716 → tg@nicevpn123 | err=-
[DEBUG] mihomo drop | branch={1092} | size=1 | parse=0 | names=[免费节点10] 🇺🇸 US 716 → tg@nicevpn123 | err=-
[DROP] name=[免费节点10] 🇺🇸 US 716 → tg@nicevpn123 {1092} | server=104.16.42.28:2082 | reason=mihomo start failed
[TEST] {1093} tested=1/1 | kept=0 | rest=0
[DEBUG] mihomo isolate | branch={1093} | size=1 | parse=0 | names=[免费节点10] 🇺🇸 US 707 → tg@nicevpn123 | err=-
[DEBUG] mihomo drop | branch={1093} | size=1 | parse=0 | names=[免费节点10] 🇺🇸 US 707 → tg@nicevpn123 | err=-
[DROP] name=[免费节点10] 🇺🇸 US 707 → tg@nicevpn123 {1093} | server=series-a2-mec.samanehha.co:443 | reason=mihomo start failed
[TEST] {1082} tested=1/1 | kept=0 | rest=0
[DEBUG] mihomo isolate | branch={1082} | size=1 | parse=0 | names=[免费节点10] 🇺🇸 US 719 → tg@nicevpn123 | err=-
[DEBUG] mihomo drop | branch={1082} | size=1 | parse=0 | names=[免费节点10] 🇺🇸 US 719 → tg@nicevpn123 | err=-
[DROP] name=[免费节点10] 🇺🇸 US 719 → tg@nicevpn123 {1082} | server=38.86.135.225:8090 | reason=mihomo start failed
[TEST] {1096} tested=1/1 | kept=0 | rest=0
[DEBUG] mihomo isolate | branch={1096} | size=1 | parse=0 | names=[免费节点10] 🇺🇸 US 711 → tg@nicevpn123 | err=-
[DEBUG] mihomo drop | branch={1096} | size=1 | parse=0 | names=[免费节点10] 🇺🇸 US 711 → tg@nicevpn123 | err=-
[DROP] name=[免费节点10] 🇺🇸 US 711 → tg@nicevpn123 {1096} | server=104.19.45.44:2095 | reason=mihomo start failed
[TEST] {1088} tested=1/1 | kept=0 | rest=0
[DEBUG] mihomo isolate | branch={1088} | size=1 | parse=0 | names=[免费节点10] 🇺🇸 US 712 → tg@nicevpn123 | err=-
[DEBUG] mihomo drop | branch={1088} | size=1 | parse=0 | names=[免费节点10] 🇺🇸 US 712 → tg@nicevpn123 | err=-
[DROP] name=[免费节点10] 🇺🇸 US 712 → tg@nicevpn123 {1088} | server=38.75.137.105:6697 | reason=mihomo start failed
[TEST] {1099} tested=1/1 | kept=0 | rest=0
[DEBUG] mihomo isolate | branch={1099} | size=1 | parse=0 | names=[免费节点10] 🇺🇸 US 478 → tg@nicevpn123 | err=-
[DEBUG] mihomo drop | branch={1099} | size=1 | parse=0 | names=[免费节点10] 🇺🇸 US 478 → tg@nicevpn123 | err=-
[DROP] name=[免费节点10] 🇺🇸 US 478 → tg@nicevpn123 {1099} | server=172.67.174.42:443 | reason=mihomo start failed
[TEST] {1098} tested=1/1 | kept=0 | rest=0
[DEBUG] mihomo isolate | branch={1098} | size=1 | parse=0 | names=[免费节点10] 🇺🇸 US 477 → tg@nicevpn123 | err=-
[DEBUG] mihomo drop | branch={1098} | size=1 | parse=0 | names=[免费节点10] 🇺🇸 US 477 → tg@nicevpn123 | err=-
[DROP] name=[免费节点10] 🇺🇸 US 477 → tg@nicevpn123 {1098} | server=104.16.42.227:2082 | reason=mihomo start failed
[TEST] {1095} tested=1/1 | kept=0 | rest=0
[DEBUG] mihomo isolate | branch={1095} | size=1 | parse=0 | names=[免费节点10] 🇺🇸 US 710 → tg@nicevpn123 | err=-
[DEBUG] mihomo drop | branch={1095} | size=1 | parse=0 | names=[免费节点10] 🇺🇸 US 710 → tg@nicevpn123 | err=-
[DROP] name=[免费节点10] 🇺🇸 US 710 → tg@nicevpn123 {1095} | server=38.38.148.238:37001 | reason=mihomo start failed
[TEST] {1101} tested=1/1 | kept=0 | rest=0
[DEBUG] mihomo isolate | branch={1101} | size=1 | parse=0 | names=[免费节点10] 🇺🇸 US 480 → tg@nicevpn123 | err=-
[DEBUG] mihomo drop | branch={1101} | size=1 | parse=0 | names=[免费节点10] 🇺🇸 US 480 → tg@nicevpn123 | err=-
[DROP] name=[免费节点10] 🇺🇸 US 480 → tg@nicevpn123 {1101} | server=104.21.28.62:443 | reason=mihomo start failed
[TEST] {1094} tested=1/1 | kept=0 | rest=0
[DEBUG] mihomo isolate | branch={1094} | size=1 | parse=0 | names=[免费节点10] 🇺🇸 US 709 → tg@nicevpn123 | err=-
[DEBUG] mihomo drop | branch={1094} | size=1 | parse=0 | names=[免费节点10] 🇺🇸 US 709 → tg@nicevpn123 | err=-
[DROP] name=[免费节点10] 🇺🇸 US 709 → tg@nicevpn123 {1094} | server=52.33.243.193:443 | reason=mihomo start failed
[TEST] {1102} tested=1/1 | kept=0 | rest=0
[DEBUG] mihomo isolate | branch={1102} | size=1 | parse=0 | names=[免费节点10] 🇺🇸 US 446 → tg@nicevpn123 | err=-
[DEBUG] mihomo drop | branch={1102} | size=1 | parse=0 | names=[免费节点10] 🇺🇸 US 446 → tg@nicevpn123 | err=-
[DROP] name=[免费节点10] 🇺🇸 US 446 → tg@nicevpn123 {1102} | server=104.16.40.219:2082 | reason=mihomo start failed
[TEST] {1097} tested=1/1 | kept=0 | rest=0
[DEBUG] mihomo isolate | branch={1097} | size=1 | parse=0 | names=[免费节点10] 🇺🇸 US 473 → tg@nicevpn123 | err=-
[DEBUG] mihomo drop | branch={1097} | size=1 | parse=0 | names=[免费节点10] 🇺🇸 US 473 → tg@nicevpn123 | err=-
[DROP] name=[免费节点10] 🇺🇸 US 473 → tg@nicevpn123 {1097} | server=34.222.20.208:443 | reason=mihomo start failed
[TEST] {1100} tested=1/1 | kept=0 | rest=0
[DEBUG] mihomo isolate | branch={1100} | size=1 | parse=0 | names=[免费节点10] 🇺🇸 US 48 → tg@nicevpn123 | err=-
[DEBUG] mihomo drop | branch={1100} | size=1 | parse=0 | names=[免费节点10] 🇺🇸 US 48 → tg@nicevpn123 | err=-
[DROP] name=[免费节点10] 🇺🇸 US 48 → tg@nicevpn123 {1100} | server=168.119.160.232:80 | reason=mihomo start failed
[TEST] {1106} tested=1/1 | kept=0 | rest=0
[DEBUG] mihomo isolate | branch={1106} | size=1 | parse=0 | names=[免费节点10] 🇺🇸 US 450 → tg@nicevpn123 | err=-
[DEBUG] mihomo drop | branch={1106} | size=1 | parse=0 | names=[免费节点10] 🇺🇸 US 450 → tg@nicevpn123 | err=-
[DROP] name=[免费节点10] 🇺🇸 US 450 → tg@nicevpn123 {1106} | server=104.21.235.170:80 | reason=mihomo start failed
[TEST] {1103} tested=1/1 | kept=0 | rest=0
[DEBUG] mihomo isolate | branch={1103} | size=1 | parse=0 | names=[免费节点10] 🇺🇸 US 447 → tg@nicevpn123 | err=-
[DEBUG] mihomo drop | branch={1103} | size=1 | parse=0 | names=[免费节点10] 🇺🇸 US 447 → tg@nicevpn123 | err=-
[DROP] name=[免费节点10] 🇺🇸 US 447 → tg@nicevpn123 {1103} | server=3.34.95.205:443 | reason=mihomo start failed
[TEST] {1107} tested=1/1 | kept=0 | rest=0
[DEBUG] mihomo isolate | branch={1107} | size=1 | parse=0 | names=[免费节点10] 🇺🇸 US 451 → tg@nicevpn123 | err=-
[DEBUG] mihomo drop | branch={1107} | size=1 | parse=0 | names=[免费节点10] 🇺🇸 US 451 → tg@nicevpn123 | err=-
[DROP] name=[免费节点10] 🇺🇸 US 451 → tg@nicevpn123 {1107} | server=38.68.134.9:8882 | reason=mihomo start failed
[TEST] {1105} tested=1/1 | kept=0 | rest=0
[DEBUG] mihomo isolate | branch={1105} | size=1 | parse=0 | names=[免费节点10] 🇺🇸 US 449 → tg@nicevpn123 | err=-
[DEBUG] mihomo drop | branch={1105} | size=1 | parse=0 | names=[免费节点10] 🇺🇸 US 449 → tg@nicevpn123 | err=-
[DROP] name=[免费节点10] 🇺🇸 US 449 → tg@nicevpn123 {1105} | server=38.68.135.112:5500 | reason=mihomo start failed
[TEST] {1110} tested=1/1 | kept=0 | rest=0
[DEBUG] mihomo isolate | branch={1110} | size=1 | parse=0 | names=[免费节点10] 🇺🇸 US 454 → tg@nicevpn123 | err=-
[DEBUG] mihomo drop | branch={1110} | size=1 | parse=0 | names=[免费节点10] 🇺🇸 US 454 → tg@nicevpn123 | err=-
[DROP] name=[免费节点10] 🇺🇸 US 454 → tg@nicevpn123 {1110} | server=104.19.45.57:2095 | reason=mihomo start failed
[TEST] {1111} tested=1/1 | kept=0 | rest=0
[DEBUG] mihomo isolate | branch={1111} | size=1 | parse=0 | names=[免费节点10] 🇺🇸 US 408 → tg@nicevpn123 | err=-
[DEBUG] mihomo drop | branch={1111} | size=1 | parse=0 | names=[免费节点10] 🇺🇸 US 408 → tg@nicevpn123 | err=-
[DROP] name=[免费节点10] 🇺🇸 US 408 → tg@nicevpn123 {1111} | server=104.16.39.151:2082 | reason=mihomo start failed
[TEST] {1104} tested=1/1 | kept=0 | rest=0
[DEBUG] mihomo isolate | branch={1104} | size=1 | parse=0 | names=[免费节点10] 🇺🇸 US 448 → tg@nicevpn123 | err=-
[DEBUG] mihomo drop | branch={1104} | size=1 | parse=0 | names=[免费节点10] 🇺🇸 US 448 → tg@nicevpn123 | err=-
[DROP] name=[免费节点10] 🇺🇸 US 448 → tg@nicevpn123 {1104} | server=38.110.1.67:8888 | reason=mihomo start failed
[TEST] {1113} tested=1/1 | kept=0 | rest=0
[DEBUG] mihomo isolate | branch={1113} | size=1 | parse=0 | names=[免费节点10] 🇺🇸 US 41 → tg@nicevpn123 | err=-
[DEBUG] mihomo drop | branch={1113} | size=1 | parse=0 | names=[免费节点10] 🇺🇸 US 41 → tg@nicevpn123 | err=-
[DROP] name=[免费节点10] 🇺🇸 US 41 → tg@nicevpn123 {1113} | server=104.16.39.255:2082 | reason=mihomo start failed
[TEST] {1108} tested=1/1 | kept=0 | rest=0
[DEBUG] mihomo isolate | branch={1108} | size=1 | parse=0 | names=[免费节点10] 🇺🇸 US 452 → tg@nicevpn123 | err=-
[DEBUG] mihomo drop | branch={1108} | size=1 | parse=0 | names=[免费节点10] 🇺🇸 US 452 → tg@nicevpn123 | err=-
[DROP] name=[免费节点10] 🇺🇸 US 452 → tg@nicevpn123 {1108} | server=172.245.205.50:30129 | reason=mihomo start failed
[TEST] {1109} tested=1/1 | kept=0 | rest=0
[DEBUG] mihomo isolate | branch={1109} | size=1 | parse=0 | names=[免费节点10] 🇺🇸 US 453 → tg@nicevpn123 | err=-
[DEBUG] mihomo drop | branch={1109} | size=1 | parse=0 | names=[免费节点10] 🇺🇸 US 453 → tg@nicevpn123 | err=-
[DROP] name=[免费节点10] 🇺🇸 US 453 → tg@nicevpn123 {1109} | server=167.88.61.235:6679 | reason=mihomo start failed
[TEST] {1116} tested=1/1 | kept=0 | rest=0
[DEBUG] mihomo isolate | branch={1116} | size=1 | parse=0 | names=[免费节点10] 🇺🇸 US 404 → tg@nicevpn123 | err=-
[DEBUG] mihomo drop | branch={1116} | size=1 | parse=0 | names=[免费节点10] 🇺🇸 US 404 → tg@nicevpn123 | err=-
[DROP] name=[免费节点10] 🇺🇸 US 404 → tg@nicevpn123 {1116} | server=104.16.57.148:8080 | reason=mihomo start failed
[TEST] {1115} tested=1/1 | kept=0 | rest=0
[DEBUG] mihomo isolate | branch={1115} | size=1 | parse=0 | names=[免费节点10] 🇺🇸 US 411 → tg@nicevpn123 | err=-
[DEBUG] mihomo drop | branch={1115} | size=1 | parse=0 | names=[免费节点10] 🇺🇸 US 411 → tg@nicevpn123 | err=-
[DROP] name=[免费节点10] 🇺🇸 US 411 → tg@nicevpn123 {1115} | server=account-mec.emofid.co:443 | reason=mihomo start failed
[TEST] {1112} tested=1/1 | kept=0 | rest=0
[DEBUG] mihomo isolate | branch={1112} | size=1 | parse=0 | names=[免费节点10] 🇺🇸 US 409 → tg@nicevpn123 | err=-
[DEBUG] mihomo drop | branch={1112} | size=1 | parse=0 | names=[免费节点10] 🇺🇸 US 409 → tg@nicevpn123 | err=-
[DROP] name=[免费节点10] 🇺🇸 US 409 → tg@nicevpn123 {1112} | server=ip0axv1bbsu02k7-sg.1ytnode.com:56339 | reason=mihomo start failed
[TEST] {1118} tested=1/1 | kept=0 | rest=0
[DEBUG] mihomo isolate | branch={1118} | size=1 | parse=0 | names=[免费节点10] 🇺🇸 US 406 → tg@nicevpn123 | err=-
[DEBUG] mihomo drop | branch={1118} | size=1 | parse=0 | names=[免费节点10] 🇺🇸 US 406 → tg@nicevpn123 | err=-
[DROP] name=[免费节点10] 🇺🇸 US 406 → tg@nicevpn123 {1118} | server=172.67.184.53:8443 | reason=mihomo start failed
[TEST] {1120} tested=1/1 | kept=0 | rest=0
[DEBUG] mihomo isolate | branch={1120} | size=1 | parse=0 | names=[免费节点10] 🇺🇸 US 429 → tg@nicevpn123 | err=-
[DEBUG] mihomo drop | branch={1120} | size=1 | parse=0 | names=[免费节点10] 🇺🇸 US 429 → tg@nicevpn123 | err=-
[DROP] name=[免费节点10] 🇺🇸 US 429 → tg@nicevpn123 {1120} | server=172.67.175.56:443 | reason=mihomo start failed
[TEST] {1121} tested=1/1 | kept=0 | rest=0
[DEBUG] mihomo isolate | branch={1121} | size=1 | parse=0 | names=[免费节点10] 🇺🇸 US 430 → tg@nicevpn123 | err=-
[DEBUG] mihomo drop | branch={1121} | size=1 | parse=0 | names=[免费节点10] 🇺🇸 US 430 → tg@nicevpn123 | err=-
[DROP] name=[免费节点10] 🇺🇸 US 430 → tg@nicevpn123 {1121} | server=slime-rhinestone-spy.glitch.me:80 | reason=mihomo start failed
[TEST] {1124} tested=1/1 | kept=0 | rest=0
[DEBUG] mihomo isolate | branch={1124} | size=1 | parse=0 | names=[免费节点10] 🇺🇸 US 433 → tg@nicevpn123 | err=-
[DEBUG] mihomo drop | branch={1124} | size=1 | parse=0 | names=[免费节点10] 🇺🇸 US 433 → tg@nicevpn123 | err=-
[DROP] name=[免费节点10] 🇺🇸 US 433 → tg@nicevpn123 {1124} | server=172.67.133.78:2053 | reason=mihomo start failed
[TEST] {1123} tested=1/1 | kept=0 | rest=0
[DEBUG] mihomo isolate | branch={1123} | size=1 | parse=0 | names=[免费节点10] 🇺🇸 US 432 → tg@nicevpn123 | err=-
[DEBUG] mihomo drop | branch={1123} | size=1 | parse=0 | names=[免费节点10] 🇺🇸 US 432 → tg@nicevpn123 | err=-
[DROP] name=[免费节点10] 🇺🇸 US 432 → tg@nicevpn123 {1123} | server=104.19.171.36:443 | reason=mihomo start failed
[TEST] {1122} tested=1/1 | kept=0 | rest=0
[DEBUG] mihomo isolate | branch={1122} | size=1 | parse=0 | names=[免费节点10] 🇺🇸 US 431 → tg@nicevpn123 | err=-
[DEBUG] mihomo drop | branch={1122} | size=1 | parse=0 | names=[免费节点10] 🇺🇸 US 431 → tg@nicevpn123 | err=-
[DROP] name=[免费节点10] 🇺🇸 US 431 → tg@nicevpn123 {1122} | server=104.19.44.196:8080 | reason=mihomo start failed
[TEST] {1125} tested=1/1 | kept=0 | rest=0
[DEBUG] mihomo isolate | branch={1125} | size=1 | parse=0 | names=[免费节点10] 🇺🇸 US 423 → tg@nicevpn123 | err=-
[DEBUG] mihomo drop | branch={1125} | size=1 | parse=0 | names=[免费节点10] 🇺🇸 US 423 → tg@nicevpn123 | err=-
[DROP] name=[免费节点10] 🇺🇸 US 423 → tg@nicevpn123 {1125} | server=13.35.13.138:443 | reason=mihomo start failed
[TEST] {1126} tested=1/1 | kept=0 | rest=0
[DEBUG] mihomo isolate | branch={1126} | size=1 | parse=0 | names=[免费节点10] 🇺🇸 US 424 → tg@nicevpn123 | err=-
[DEBUG] mihomo drop | branch={1126} | size=1 | parse=0 | names=[免费节点10] 🇺🇸 US 424 → tg@nicevpn123 | err=-
[DROP] name=[免费节点10] 🇺🇸 US 424 → tg@nicevpn123 {1126} | server=104.19.45.75:2095 | reason=mihomo start failed
[TEST] {1114} tested=1/1 | kept=0 | rest=0
[DEBUG] mihomo isolate | branch={1114} | size=1 | parse=0 | names=[免费节点10] 🇺🇸 US 410 → tg@nicevpn123 | err=-
[DEBUG] mihomo drop | branch={1114} | size=1 | parse=0 | names=[免费节点10] 🇺🇸 US 410 → tg@nicevpn123 | err=-
[DROP] name=[免费节点10] 🇺🇸 US 410 → tg@nicevpn123 {1114} | server=13.214.212.171:443 | reason=mihomo start failed
[TEST] {1127} tested=1/1 | kept=0 | rest=0
[DEBUG] mihomo isolate | branch={1127} | size=1 | parse=0 | names=[免费节点10] 🇺🇸 US 425 → tg@nicevpn123 | err=-
[DEBUG] mihomo drop | branch={1127} | size=1 | parse=0 | names=[免费节点10] 🇺🇸 US 425 → tg@nicevpn123 | err=-
[DROP] name=[免费节点10] 🇺🇸 US 425 → tg@nicevpn123 {1127} | server=01eb6-g01.jp03-7d22-vm0.entry.fr0307a.art:21581 | reason=mihomo start failed
[TEST] {1129} tested=1/1 | kept=0 | rest=0
[DEBUG] mihomo isolate | branch={1129} | size=1 | parse=0 | names=[免费节点10] 🇺🇸 US 495 → tg@nicevpn123 | err=-
[DEBUG] mihomo drop | branch={1129} | size=1 | parse=0 | names=[免费节点10] 🇺🇸 US 495 → tg@nicevpn123 | err=-
[DROP] name=[免费节点10] 🇺🇸 US 495 → tg@nicevpn123 {1129} | server=172.67.184.53:8443 | reason=mihomo start failed
[TEST] {1117} tested=1/1 | kept=0 | rest=0
[DEBUG] mihomo isolate | branch={1117} | size=1 | parse=0 | names=[免费节点10] 🇺🇸 US 405 → tg@nicevpn123 | err=-
[DEBUG] mihomo drop | branch={1117} | size=1 | parse=0 | names=[免费节点10] 🇺🇸 US 405 → tg@nicevpn123 | err=-
[DROP] name=[免费节点10] 🇺🇸 US 405 → tg@nicevpn123 {1117} | server=38.46.1.235:49828 | reason=mihomo start failed
[TEST] {1119} tested=1/1 | kept=0 | rest=0
[DEBUG] mihomo isolate | branch={1119} | size=1 | parse=0 | names=[免费节点10] 🇺🇸 US 407 → tg@nicevpn123 | err=-
[DEBUG] mihomo drop | branch={1119} | size=1 | parse=0 | names=[免费节点10] 🇺🇸 US 407 → tg@nicevpn123 | err=-
[DROP] name=[免费节点10] 🇺🇸 US 407 → tg@nicevpn123 {1119} | server=38.110.1.88:5600 | reason=mihomo start failed
[TEST] {1132} tested=1/1 | kept=0 | rest=0
[DEBUG] mihomo isolate | branch={1132} | size=1 | parse=0 | names=[免费节点10] 🇺🇸 US 499 → tg@nicevpn123 | err=-
[DEBUG] mihomo drop | branch={1132} | size=1 | parse=0 | names=[免费节点10] 🇺🇸 US 499 → tg@nicevpn123 | err=-
[DROP] name=[免费节点10] 🇺🇸 US 499 → tg@nicevpn123 {1132} | server=104.21.68.203:8443 | reason=mihomo start failed
[TEST] {1133} tested=1/1 | kept=0 | rest=0
[DEBUG] mihomo isolate | branch={1133} | size=1 | parse=0 | names=[免费节点10] 🇺🇸 US 5 → tg@nicevpn123 | err=-
[DEBUG] mihomo drop | branch={1133} | size=1 | parse=0 | names=[免费节点10] 🇺🇸 US 5 → tg@nicevpn123 | err=-
[DROP] name=[免费节点10] 🇺🇸 US 5 → tg@nicevpn123 {1133} | server=en7a5-g03.jp05-6786-vm0.entry.fr0307a.art:46484 | reason=mihomo start failed
[TEST] {1128} tested=1/1 | kept=0 | rest=0
[DEBUG] mihomo isolate | branch={1128} | size=1 | parse=0 | names=[免费节点10] 🇺🇸 US 427 → tg@nicevpn123 | err=-
[DEBUG] mihomo drop | branch={1128} | size=1 | parse=0 | names=[免费节点10] 🇺🇸 US 427 → tg@nicevpn123 | err=-
[DROP] name=[免费节点10] 🇺🇸 US 427 → tg@nicevpn123 {1128} | server=35.87.1.148:443 | reason=mihomo start failed
[TEST] {1130} tested=1/1 | kept=0 | rest=0
[DEBUG] mihomo isolate | branch={1130} | size=1 | parse=0 | names=[免费节点10] 🇺🇸 US 497 → tg@nicevpn123 | err=-
[DEBUG] mihomo drop | branch={1130} | size=1 | parse=0 | names=[免费节点10] 🇺🇸 US 497 → tg@nicevpn123 | err=-
[DROP] name=[免费节点10] 🇺🇸 US 497 → tg@nicevpn123 {1130} | server=54.245.36.10:443 | reason=mihomo start failed
[TEST] {1136} tested=1/1 | kept=0 | rest=0
[DEBUG] mihomo isolate | branch={1136} | size=1 | parse=0 | names=[免费节点10] 🇺🇸 US 503 → tg@nicevpn123 | err=-
[DEBUG] mihomo drop | branch={1136} | size=1 | parse=0 | names=[免费节点10] 🇺🇸 US 503 → tg@nicevpn123 | err=-
[DROP] name=[免费节点10] 🇺🇸 US 503 → tg@nicevpn123 {1136} | server=jp03-alt-vm0.entry.srthdw.art:21583 | reason=mihomo start failed
[TEST] {1137} tested=1/1 | kept=0 | rest=0
[DEBUG] mihomo isolate | branch={1137} | size=1 | parse=0 | names=[免费节点10] 🇺🇸 US 504 → tg@nicevpn123 | err=-
[DEBUG] mihomo drop | branch={1137} | size=1 | parse=0 | names=[免费节点10] 🇺🇸 US 504 → tg@nicevpn123 | err=-
[DROP] name=[免费节点10] 🇺🇸 US 504 → tg@nicevpn123 {1137} | server=104.17.1.58:8443 | reason=mihomo start failed
[TEST] {1131} tested=1/1 | kept=0 | rest=0
[DEBUG] mihomo isolate | branch={1131} | size=1 | parse=0 | names=[免费节点10] 🇺🇸 US 498 → tg@nicevpn123 | err=-
[DEBUG] mihomo drop | branch={1131} | size=1 | parse=0 | names=[免费节点10] 🇺🇸 US 498 → tg@nicevpn123 | err=-
[DROP] name=[免费节点10] 🇺🇸 US 498 → tg@nicevpn123 {1131} | server=docs.digitalocean.com:2096 | reason=mihomo start failed
[TEST] {1139} tested=1/1 | kept=0 | rest=0
[DEBUG] mihomo isolate | branch={1139} | size=1 | parse=0 | names=[免费节点10] 🇺🇸 US 518 → tg@nicevpn123 | err=-
[DEBUG] mihomo drop | branch={1139} | size=1 | parse=0 | names=[免费节点10] 🇺🇸 US 518 → tg@nicevpn123 | err=-
[DROP] name=[免费节点10] 🇺🇸 US 518 → tg@nicevpn123 {1139} | server=38.68.134.9:6679 | reason=mihomo start failed
[TEST] {1134} tested=1/1 | kept=0 | rest=0
[DEBUG] mihomo isolate | branch={1134} | size=1 | parse=0 | names=[免费节点10] 🇺🇸 US 50 → tg@nicevpn123 | err=-
[DEBUG] mihomo drop | branch={1134} | size=1 | parse=0 | names=[免费节点10] 🇺🇸 US 50 → tg@nicevpn123 | err=-
[DROP] name=[免费节点10] 🇺🇸 US 50 → tg@nicevpn123 {1134} | server=shct.pkyun.xyz:30314 | reason=mihomo start failed
[TEST] {1141} tested=1/1 | kept=0 | rest=0
[DEBUG] mihomo isolate | branch={1141} | size=1 | parse=0 | names=[免费节点10] 🇺🇸 US 52 → tg@nicevpn123 | err=-
[DEBUG] mihomo drop | branch={1141} | size=1 | parse=0 | names=[免费节点10] 🇺🇸 US 52 → tg@nicevpn123 | err=-
[DROP] name=[免费节点10] 🇺🇸 US 52 → tg@nicevpn123 {1141} | server=3.34.200.94:443 | reason=mihomo start failed
[TEST] {1135} tested=1/1 | kept=0 | rest=0
[DEBUG] mihomo isolate | branch={1135} | size=1 | parse=0 | names=[免费节点10] 🇺🇸 US 501 → tg@nicevpn123 | err=-
[DEBUG] mihomo drop | branch={1135} | size=1 | parse=0 | names=[免费节点10] 🇺🇸 US 501 → tg@nicevpn123 | err=-
[DROP] name=[免费节点10] 🇺🇸 US 501 → tg@nicevpn123 {1135} | server=38.114.114.208:9090 | reason=mihomo start failed
[TEST] {1144} tested=1/1 | kept=0 | rest=0
[DEBUG] mihomo isolate | branch={1144} | size=1 | parse=0 | names=[免费节点10] 🇺🇸 US 522 → tg@nicevpn123 | err=-
[DEBUG] mihomo drop | branch={1144} | size=1 | parse=0 | names=[免费节点10] 🇺🇸 US 522 → tg@nicevpn123 | err=-
[DROP] name=[免费节点10] 🇺🇸 US 522 → tg@nicevpn123 {1144} | server=172.67.229.13:2086 | reason=mihomo start failed
[TEST] {1138} tested=1/1 | kept=0 | rest=0
[DEBUG] mihomo isolate | branch={1138} | size=1 | parse=0 | names=[免费节点10] 🇺🇸 US 517 → tg@nicevpn123 | err=-
[DEBUG] mihomo drop | branch={1138} | size=1 | parse=0 | names=[免费节点10] 🇺🇸 US 517 → tg@nicevpn123 | err=-
[DROP] name=[免费节点10] 🇺🇸 US 517 → tg@nicevpn123 {1138} | server=503.outline-vpn.cloud:443 | reason=mihomo start failed
[TEST] {1140} tested=1/1 | kept=0 | rest=0
[DEBUG] mihomo isolate | branch={1140} | size=1 | parse=0 | names=[免费节点10] 🇺🇸 US 519 → tg@nicevpn123 | err=-
[DEBUG] mihomo drop | branch={1140} | size=1 | parse=0 | names=[免费节点10] 🇺🇸 US 519 → tg@nicevpn123 | err=-
[DROP] name=[免费节点10] 🇺🇸 US 519 → tg@nicevpn123 {1140} | server=13.37.6.138:22222 | reason=mihomo start failed
[TEST] {1142} tested=1/1 | kept=0 | rest=0
[DEBUG] mihomo isolate | branch={1142} | size=1 | parse=0 | names=[免费节点10] 🇺🇸 US 520 → tg@nicevpn123 | err=-
[DEBUG] mihomo drop | branch={1142} | size=1 | parse=0 | names=[免费节点10] 🇺🇸 US 520 → tg@nicevpn123 | err=-
[DROP] name=[免费节点10] 🇺🇸 US 520 → tg@nicevpn123 {1142} | server=38.110.1.43:6679 | reason=mihomo start failed
[TEST] {1143} tested=1/1 | kept=0 | rest=0
[DEBUG] mihomo isolate | branch={1143} | size=1 | parse=0 | names=[免费节点10] 🇺🇸 US 521 → tg@nicevpn123 | err=-
[DEBUG] mihomo drop | branch={1143} | size=1 | parse=0 | names=[免费节点10] 🇺🇸 US 521 → tg@nicevpn123 | err=-
[DROP] name=[免费节点10] 🇺🇸 US 521 → tg@nicevpn123 {1143} | server=54.71.116.112:443 | reason=mihomo start failed
[TEST] {1145} tested=1/1 | kept=0 | rest=0
[DEBUG] mihomo isolate | branch={1145} | size=1 | parse=0 | names=[免费节点10] 🇺🇸 US 524 → tg@nicevpn123 | err=-
[DEBUG] mihomo drop | branch={1145} | size=1 | parse=0 | names=[免费节点10] 🇺🇸 US 524 → tg@nicevpn123 | err=-
[DROP] name=[免费节点10] 🇺🇸 US 524 → tg@nicevpn123 {1145} | server=35.77.92.181:443 | reason=mihomo start failed
[TEST] {1150} tested=1/1 | kept=0 | rest=0
[DEBUG] mihomo isolate | branch={1150} | size=1 | parse=0 | names=[免费节点10] 🇺🇸 US 56 → tg@nicevpn123 | err=-
[DEBUG] mihomo drop | branch={1150} | size=1 | parse=0 | names=[免费节点10] 🇺🇸 US 56 → tg@nicevpn123 | err=-
[DROP] name=[免费节点10] 🇺🇸 US 56 → tg@nicevpn123 {1150} | server=n1709457297.aaigefm.cn:443 | reason=mihomo start failed
[TEST] {1146} tested=1/1 | kept=0 | rest=0
[DEBUG] mihomo isolate | branch={1146} | size=1 | parse=0 | names=[免费节点10] 🇺🇸 US 525 → tg@nicevpn123 | err=-
[DEBUG] mihomo drop | branch={1146} | size=1 | parse=0 | names=[免费节点10] 🇺🇸 US 525 → tg@nicevpn123 | err=-
[DROP] name=[免费节点10] 🇺🇸 US 525 → tg@nicevpn123 {1146} | server=ip0axv1bbsu02k7-my.1ytnode.com:56369 | reason=mihomo start failed
[TEST] {1151} tested=1/1 | kept=0 | rest=0
[DEBUG] mihomo isolate | branch={1151} | size=1 | parse=0 | names=[免费节点10] 🇺🇸 US 561 → tg@nicevpn123 | err=-
[DEBUG] mihomo drop | branch={1151} | size=1 | parse=0 | names=[免费节点10] 🇺🇸 US 561 → tg@nicevpn123 | err=-
[DROP] name=[免费节点10] 🇺🇸 US 561 → tg@nicevpn123 {1151} | server=104.19.45.73:2095 | reason=mihomo start failed
[TEST] {1153} tested=1/1 | kept=0 | rest=0
[DEBUG] mihomo isolate | branch={1153} | size=1 | parse=0 | names=[免费节点10] 🇺🇸 US 564 → tg@nicevpn123 | err=-
[DEBUG] mihomo drop | branch={1153} | size=1 | parse=0 | names=[免费节点10] 🇺🇸 US 564 → tg@nicevpn123 | err=-
[DROP] name=[免费节点10] 🇺🇸 US 564 → tg@nicevpn123 {1153} | server=104.24.136.13:2083 | reason=mihomo start failed
[TEST] {1152} tested=1/1 | kept=0 | rest=0
[DEBUG] mihomo isolate | branch={1152} | size=1 | parse=0 | names=[免费节点10] 🇺🇸 US 562 → tg@nicevpn123 | err=-
[DEBUG] mihomo drop | branch={1152} | size=1 | parse=0 | names=[免费节点10] 🇺🇸 US 562 → tg@nicevpn123 | err=-
[DROP] name=[免费节点10] 🇺🇸 US 562 → tg@nicevpn123 {1152} | server=104.19.45.84:2095 | reason=mihomo start failed
[TEST] {1148} tested=1/1 | kept=0 | rest=0
[DEBUG] mihomo isolate | branch={1148} | size=1 | parse=0 | names=[免费节点10] 🇺🇸 US 556 → tg@nicevpn123 | err=-
[DEBUG] mihomo drop | branch={1148} | size=1 | parse=0 | names=[免费节点10] 🇺🇸 US 556 → tg@nicevpn123 | err=-
[DROP] name=[免费节点10] 🇺🇸 US 556 → tg@nicevpn123 {1148} | server=38.114.114.208:7002 | reason=mihomo start failed
[TEST] {1147} tested=1/1 | kept=0 | rest=0
[DEBUG] mihomo isolate | branch={1147} | size=1 | parse=0 | names=[免费节点10] 🇺🇸 US 555 → tg@nicevpn123 | err=-
[DEBUG] mihomo drop | branch={1147} | size=1 | parse=0 | names=[免费节点10] 🇺🇸 US 555 → tg@nicevpn123 | err=-
[DROP] name=[免费节点10] 🇺🇸 US 555 → tg@nicevpn123 {1147} | server=38.75.137.105:6379 | reason=mihomo start failed
[TEST] {1149} tested=1/1 | kept=0 | rest=0
[DEBUG] mihomo isolate | branch={1149} | size=1 | parse=0 | names=[免费节点10] 🇺🇸 US 558 → tg@nicevpn123 | err=-
[DEBUG] mihomo drop | branch={1149} | size=1 | parse=0 | names=[免费节点10] 🇺🇸 US 558 → tg@nicevpn123 | err=-
[DROP] name=[免费节点10] 🇺🇸 US 558 → tg@nicevpn123 {1149} | server=onea.flha.ru:2095 | reason=mihomo start failed
[TEST] {1157} tested=1/1 | kept=0 | rest=0
[DEBUG] mihomo isolate | branch={1157} | size=1 | parse=0 | names=[免费节点10] 🇺🇸 US 536 → tg@nicevpn123 | err=-
[DEBUG] mihomo drop | branch={1157} | size=1 | parse=0 | names=[免费节点10] 🇺🇸 US 536 → tg@nicevpn123 | err=-
[DROP] name=[免费节点10] 🇺🇸 US 536 → tg@nicevpn123 {1157} | server=104.21.238.66:80 | reason=mihomo start failed
[TEST] {1154} tested=1/1 | kept=0 | rest=0
[DEBUG] mihomo isolate | branch={1154} | size=1 | parse=0 | names=[免费节点10] 🇺🇸 US 565 → tg@nicevpn123 | err=-
[DEBUG] mihomo drop | branch={1154} | size=1 | parse=0 | names=[免费节点10] 🇺🇸 US 565 → tg@nicevpn123 | err=-
[DROP] name=[免费节点10] 🇺🇸 US 565 → tg@nicevpn123 {1154} | server=38.110.1.201:5003 | reason=mihomo start failed
[TEST] {1155} tested=1/1 | kept=0 | rest=0
[DEBUG] mihomo isolate | branch={1155} | size=1 | parse=0 | names=[免费节点10] 🇺🇸 US 566 → tg@nicevpn123 | err=-
[DEBUG] mihomo drop | branch={1155} | size=1 | parse=0 | names=[免费节点10] 🇺🇸 US 566 → tg@nicevpn123 | err=-
[DROP] name=[免费节点10] 🇺🇸 US 566 → tg@nicevpn123 {1155} | server=38.86.135.117:8118 | reason=mihomo start failed
[TEST] {1159} tested=1/1 | kept=0 | rest=0
[DEBUG] mihomo isolate | branch={1159} | size=1 | parse=0 | names=[免费节点10] 🇺🇸 US 539 → tg@nicevpn123 | err=-
[DEBUG] mihomo drop | branch={1159} | size=1 | parse=0 | names=[免费节点10] 🇺🇸 US 539 → tg@nicevpn123 | err=-
[DROP] name=[免费节点10] 🇺🇸 US 539 → tg@nicevpn123 {1159} | server=13.35.13.130:443 | reason=mihomo start failed
[TEST] {1156} tested=1/1 | kept=0 | rest=0
[DEBUG] mihomo isolate | branch={1156} | size=1 | parse=0 | names=[免费节点10] 🇺🇸 US 535 → tg@nicevpn123 | err=-
[DEBUG] mihomo drop | branch={1156} | size=1 | parse=0 | names=[免费节点10] 🇺🇸 US 535 → tg@nicevpn123 | err=-
[DROP] name=[免费节点10] 🇺🇸 US 535 → tg@nicevpn123 {1156} | server=104.207.133.131:39729 | reason=mihomo start failed
[TEST] {1162} tested=1/1 | kept=0 | rest=0
[DEBUG] mihomo isolate | branch={1162} | size=1 | parse=0 | names=[免费节点10] 🇺🇸 US 542 → tg@nicevpn123 | err=-
[DEBUG] mihomo drop | branch={1162} | size=1 | parse=0 | names=[免费节点10] 🇺🇸 US 542 → tg@nicevpn123 | err=-
[DROP] name=[免费节点10] 🇺🇸 US 542 → tg@nicevpn123 {1162} | server=172.67.152.200:443 | reason=mihomo start failed
[TEST] {1163} tested=1/1 | kept=0 | rest=0
[DEBUG] mihomo isolate | branch={1163} | size=1 | parse=0 | names=[免费节点10] 🇺🇸 US 543 → tg@nicevpn123 | err=-
[DEBUG] mihomo drop | branch={1163} | size=1 | parse=0 | names=[免费节点10] 🇺🇸 US 543 → tg@nicevpn123 | err=-
[DROP] name=[免费节点10] 🇺🇸 US 543 → tg@nicevpn123 {1163} | server=104.19.45.56:2095 | reason=mihomo start failed
[TEST] {1164} tested=1/1 | kept=0 | rest=0
[DEBUG] mihomo isolate | branch={1164} | size=1 | parse=0 | names=[免费节点10] 🇺🇸 US 544 → tg@nicevpn123 | err=-
[DEBUG] mihomo drop | branch={1164} | size=1 | parse=0 | names=[免费节点10] 🇺🇸 US 544 → tg@nicevpn123 | err=-
[DROP] name=[免费节点10] 🇺🇸 US 544 → tg@nicevpn123 {1164} | server=104.16.42.222:2082 | reason=mihomo start failed
[TEST] {1158} tested=1/1 | kept=0 | rest=0
[DEBUG] mihomo isolate | branch={1158} | size=1 | parse=0 | names=[免费节点10] 🇺🇸 US 537 → tg@nicevpn123 | err=-
[DEBUG] mihomo drop | branch={1158} | size=1 | parse=0 | names=[免费节点10] 🇺🇸 US 537 → tg@nicevpn123 | err=-
[DROP] name=[免费节点10] 🇺🇸 US 537 → tg@nicevpn123 {1158} | server=205.234.232.189:50129 | reason=mihomo start failed
[TEST] {1161} tested=1/1 | kept=0 | rest=0
[DEBUG] mihomo isolate | branch={1161} | size=1 | parse=0 | names=[免费节点10] 🇺🇸 US 541 → tg@nicevpn123 | err=-
[DEBUG] mihomo drop | branch={1161} | size=1 | parse=0 | names=[免费节点10] 🇺🇸 US 541 → tg@nicevpn123 | err=-
[DROP] name=[免费节点10] 🇺🇸 US 541 → tg@nicevpn123 {1161} | server=38.110.1.43:9101 | reason=mihomo start failed
[TEST] {1160} tested=1/1 | kept=0 | rest=0
[DEBUG] mihomo isolate | branch={1160} | size=1 | parse=0 | names=[免费节点10] 🇺🇸 US 540 → tg@nicevpn123 | err=-
[DEBUG] mihomo drop | branch={1160} | size=1 | parse=0 | names=[免费节点10] 🇺🇸 US 540 → tg@nicevpn123 | err=-
[DROP] name=[免费节点10] 🇺🇸 US 540 → tg@nicevpn123 {1160} | server=38.75.137.42:5004 | reason=mihomo start failed
[DROP] name=[Pawdroid-SS-APK] United+Kingdom-4 {core} | server=82.38.31.189:8080 | reason=duplicate core
[INFO] dropped=795 | [ChromeGO-Toolkit] × 1 | [Pawdroid-SS-APK] × 29 | [Epodonios] × 153 | [ChromeGO-ShiteThings] × 2 | [ChromeGO-Merge] × 64 | [Free-clash-v2ray] × 1 | [免费节点10] × 545
============================================================
[INFO] cap live | source=[大FQ运动] | from=244 | to=50
[INFO] cap live | source=[Pawdroid-SR-APK] | from=348 | to=50
[INFO] cap live | source=[Pawdroid-SS-APK] | from=52 | to=50
[INFO] cap live | source=[Epodonios] | from=65 | to=50
[INFO] cap live | source=[Free-clash-v2ray] | from=520 | to=50
[INFO] cap live | source=[V2rayclashfree-RSS] | from=161 | to=50
[INFO] cap live total | from=503 | to=400 | floor=5 | by=health_score
[INFO] cap live | reserved=101 | pool=402 | taken=299
[INFO] cap live | source=[免费节点1] | from=9 | to=6
[INFO] cap live | source=[免费节点3] | from=13 | to=12
[INFO] cap live | source=[免费节点6] | from=28 | to=19
[INFO] cap live | source=[免费节点7] | from=28 | to=23
[INFO] cap live | source=[免费节点10] | from=23 | to=11
[INFO] cap live | source=[免费节点11] | from=24 | to=14
[INFO] cap live | source=[ChromeGO-ShiteThings] | from=7 | to=5
[INFO] cap live | source=[Pawdroid-SS-APK] | from=50 | to=31
[INFO] cap live | source=[1VPN-CRX] | from=10 | to=9
[INFO] cap live | source=[Clashfree] | from=31 | to=6
[INFO] cap live | source=[Epodonios] | from=50 | to=34
[INFO] geo tally | live=400 | HK=26 | JP=40 | KR=27 | TW=8 | SG=30 | US=106 | GB=12 | FR=42 | DE=22 | NL=12 | CA=6 | other=69
[INFO] score summary | n=400 | max=227.2922 | p90=104.8980 | p50=25.1212 | avg=39.5180 | min=1.3059 | geo_avg=19.5955 | adj_avg=+3.0887
============================================================
+------------------------------+--------+--------+------+--------+
| source                       |    raw | unique | live | capped |
+------------------------------+--------+--------+------+--------+
| [大FQ运动]                   |   1882 |   1879 |  244 |     50 |
+------------------------------+--------+--------+------+--------+
| [Pawdroid]                   |     22 |      6 |    1 |      1 |
+------------------------------+--------+--------+------+--------+
| [FreeV2-Base64]              |      3 |      3 |    3 |      3 |
+------------------------------+--------+--------+------+--------+
| [Bocchi2b-Base64]            |     35 |     35 |    0 |      0 |
+------------------------------+--------+--------+------+--------+
| [Freesocks]                  |      4 |      4 |    3 |      3 |
+------------------------------+--------+--------+------+--------+
| [NekoWarp]                   |     10 |     10 |    9 |      9 |
+------------------------------+--------+--------+------+--------+
| [OpenRunner-RSS]             |     11 |      0 |    0 |      0 |
+------------------------------+--------+--------+------+--------+
| [V2Rayshare-RSS]             |     22 |     21 |    2 |      2 |
+------------------------------+--------+--------+------+--------+
| [Mibei77-RSS]                |    159 |     76 |    2 |      2 |
+------------------------------+--------+--------+------+--------+
| [Yoyapai-RSS]                |    230 |    179 |    4 |      4 |
+------------------------------+--------+--------+------+--------+
| [免费节点1]                  |    288 |    178 |    9 |      6 |
+------------------------------+--------+--------+------+--------+
| [免费节点2]                  |    346 |      0 |    0 |      0 |
+------------------------------+--------+--------+------+--------+
| [免费节点3]                  |     48 |     18 |   13 |     12 |
+------------------------------+--------+--------+------+--------+
| [免费节点4]                  |    838 |      0 |    0 |      0 |
+------------------------------+--------+--------+------+--------+
| [免费节点5]                  |     29 |     28 |    0 |      0 |
+------------------------------+--------+--------+------+--------+
| [免费节点6]                  |   1635 |   1526 |   28 |     19 |
+------------------------------+--------+--------+------+--------+
| [免费节点7]                  |     65 |     49 |   28 |     23 |
+------------------------------+--------+--------+------+--------+
| [免费节点8]                  |   4171 |   3039 |    2 |      2 |
+------------------------------+--------+--------+------+--------+
| [免费节点9]                  |    615 |    438 |    0 |      0 |
+------------------------------+--------+--------+------+--------+
| [免费节点10]                 |   5519 |   3094 |   23 |     11 |
+------------------------------+--------+--------+------+--------+
| [免费节点11]                 |    443 |     94 |   24 |     14 |
+------------------------------+--------+--------+------+--------+
| [ChromeGO-Toolkit]           |     20 |     20 |    4 |      4 |
+------------------------------+--------+--------+------+--------+
| [ChromeGO-ShiteThings]       |     31 |     25 |    7 |      5 |
+------------------------------+--------+--------+------+--------+
| [ChromeGO-Merge]             |    114 |     74 |    0 |      0 |
+------------------------------+--------+--------+------+--------+
| [Pawdroid-SR-APK]            |    911 |    578 |  348 |     50 |
+------------------------------+--------+--------+------+--------+
| [Pawdroid-SS-APK]            |   1516 |    983 |   52 |     31 |
+------------------------------+--------+--------+------+--------+
| [1VPN-CRX]                   |     17 |     17 |   10 |      9 |
+------------------------------+--------+--------+------+--------+
| [Clashfree]                  |    200 |     73 |   31 |      6 |
+------------------------------+--------+--------+------+--------+
| [Epodonios]                  |   4301 |   2605 |   65 |     34 |
+------------------------------+--------+--------+------+--------+
| [Free-clash-v2ray]           |   3521 |   2033 |  520 |     50 |
+------------------------------+--------+--------+------+--------+
| [V2rayclashfree-RSS]         |   2242 |    361 |  161 |     50 |
+------------------------------+--------+--------+------+--------+
============================================================
[INFO] clash history written | path=/home/runner/work/Free-node-autotest/Free-node-autotest/history/797390718866-clash-1133-20260928.yaml
[SUMMARY] total_nodes=29248
[SUMMARY] legal_candidates=17446
[SUMMARY] passed_latency_test=400
[SUMMARY] region_HK=26 | region_JP=40 | region_US=117
[SUMMARY] avg_latency_ms=396.56
[SUMMARY] output=/home/runner/work/Free-node-autotest/Free-node-autotest/output/clash.yaml
============================================================
[INFO] raw backup written | path=/home/runner/work/Free-node-autotest/Free-node-autotest/output/raw.yaml | history=797390718866-raw-1133-20260928.yaml | proxies=29250
[INFO] debug history written | path=/home/runner/work/Free-node-autotest/Free-node-autotest/history/797390718866-debug-1133-20260928.log | proxies=29250
