============================================================
[INFO] toolkit try repo | url=https://github.com/MetaCubeX/mihomo
[INFO] toolkit try release | url=https://github.com/MetaCubeX/mihomo/releases
[INFO] toolkit try release | url=https://github.com/MetaCubeX/mihomo/releases/expanded_assets/v1.19.32
[INFO] toolkit try download | url=https://github.com/MetaCubeX/mihomo/releases/download/v1.19.32/mihomo-linux-amd64-compatible-v1.19.32.gz
[OK] toolkit downloaded | file=mihomo-linux-amd64-compatible-v1.19.32.gz | size=21.8mb | time=9.2s
[OK] toolkit hash verified | file=mihomo-linux-amd64-compatible-v1.19.32.gz | sha256=ba3ce607747a07f948fc35780e108a4a7c7f552a38b9bd4d115f313ebcb89c20
[OK] proxy engine ready, starting latency test | package=mihomo-linux-amd64-compatible-v1.19.32.gz
[INFO] toolkit try repo | url=https://github.com/mledoze/countries
[INFO] toolkit try release | url=https://github.com/mledoze/countries/releases
[INFO] toolkit try release | url=https://github.com/mledoze/countries/releases/expanded_assets/v1.8.0
[INFO] toolkit try download | url=https://github.com/mledoze/countries/archive/refs/tags/v1.8.0.zip
[OK] toolkit downloaded | file=countries-1.8.0.zip | size=4.8mb | time=18.3s
[OK] toolkit found | file=countries.json | from=countries-1.8.0.zip
[OK] geo score ready | files=countries.json | centroids=247
============================================================
[INFO] sublink try page | url=https://end-gfw.com
[OK] proxies=6 | new=6 | url=https://raw.githubusercontent.com/hello-world-1989/cn-news/main/clash-free.yaml
[OK] proxies=6 | new=0 | url=https://raw.githubusercontent.com/hello-world-1989/cn-news/main/end-gfw-free
[INFO] source try link | url=https://end-gfw.com/ss-key
[OK] proxies=4 | new=4 | url=https://end-gfw.com/ss-key
[INFO] sublink try repo | url=https://github.com/hello-world-1989/cn-news
[INFO] sublink try page | url=https://raw.githubusercontent.com/hello-world-1989/cn-news/main/README.md
[OK] proxies=2 | new=2 | url=https://raw.githubusercontent.com/hello-world-1989/cn-news/refs/heads/main/clash.yaml
[OK] proxies=2 | new=0 | url=https://raw.githubusercontent.com/hello-world-1989/cn-news/main/end-gfw-together
[OK] proxies=6 | new=6 | url=https://raw.githubusercontent.com/hello-world-1989/v2-sub/main/end-gfw-together-af3e13
[OK] proxies=18 | source=[大FQ运动] | url=https://raw.githubusercontent.com/hello-world-1989/cn-news/main/README.md
============================================================
[INFO] sublink try repo | url=https://github.com/Pawdroid/Free-servers
[INFO] sublink try page | url=https://raw.githubusercontent.com/Pawdroid/Free-servers/main/README.md
[OK] proxies=19 | new=19 | url=https://raw.githubusercontent.com/Pawdroid/Free-servers/main/sub
[OK] proxies=1 | new=1 | url=http://www.surflare.com
[OK] proxies=1 | new=1 | url=https://apps.apple.com/cn/app/shadowshare/id1612647259
[OK] proxies=19 | new=0 | url=https://raw.githubusercontent.com/Pawdroid/Free-servers/main/README.md
[OK] proxies=21 | source=[Pawdroid] | url=https://raw.githubusercontent.com/Pawdroid/Free-servers/main/README.md
============================================================
[INFO] source try link | url=https://xmxosfepggzm.503403.xyz
[OK] proxies=2 | new=2 | url=https://xmxosfepggzm.503403.xyz
[OK] proxies=2 | source=[FreeV2-Base64] | url=https://xmxosfepggzm.503403.xyz
============================================================
[INFO] source try link | url=https://links.bocchi2b.top/clash
[OK] proxies=35 | new=35 | url=https://links.bocchi2b.top/clash
[OK] proxies=35 | source=[Bocchi2b-Base64] | url=https://links.bocchi2b.top/clash
============================================================
[INFO] source try link | url=https://freesocks.org/api/v1/sub/02b897e8e77f19176b0b9f2c75864b00
[OK] proxies=3 | new=3 | url=https://freesocks.org/api/v1/sub/02b897e8e77f19176b0b9f2c75864b00
[INFO] source try link | url=https://freesocks.org/api/v1/sub/4cae35810e6f5c4d92e28e32104e0080
[OK] proxies=3 | new=3 | url=https://freesocks.org/api/v1/sub/4cae35810e6f5c4d92e28e32104e0080
[OK] proxies=6 | source=[Freesocks] | url=https://freesocks.org/api/v1/sub/4cae35810e6f5c4d92e28e32104e0080
============================================================
[INFO] source try link | url=https://neko-warp.nloli.xyz/neko_warp.yaml
[OK] proxies=10 | new=10 | url=https://neko-warp.nloli.xyz/neko_warp.yaml
[OK] proxies=10 | source=[NekoWarp] | url=https://neko-warp.nloli.xyz/neko_warp.yaml
============================================================
[INFO] article try feed | url=https://free.datiya.com/index.xml
[INFO] sublink try page | url=https://free.datiya.com/post/20261002/
[OK] proxies=14 | new=14 | url=https://free.datiya.com/uploads/20261002-clash.yaml
[OK] proxies=14 | source=[OpenRunner-RSS] | url=https://free.datiya.com/post/20261002/
============================================================
[INFO] article try feed | url=https://v2rayshare.com/feed
[INFO] sublink try page | url=https://v2rayshare.com/p/4097.html
[INFO] sublink try repo | url=https://github.com/firefoxmmx2/v2rayshare_subcription
[INFO] sublink try page | url=https://raw.githubusercontent.com/firefoxmmx2/v2rayshare_subcription/main/README.md
[OK] proxies=22 | new=22 | url=https://{raw.githubusercontent.com|cdn.jsdelivr.net}/firefoxmmx2/v2rayshare_subcription/main/subscription/mihomo_sub.yaml
[OK] proxies=21 | new=0 | url=https://{raw.githubusercontent.com|cdn.jsdelivr.net}/firefoxmmx2/v2rayshare_subcription/main/subscription/clash_sub.yaml
[OK] proxies=22 | new=0 | url=https://{raw.githubusercontent.com|cdn.jsdelivr.net}/firefoxmmx2/v2rayshare_subcription/main/subscription/vray_sub.txt
[OK] proxies=22 | source=[V2Rayshare-RSS] | url=https://raw.githubusercontent.com/firefoxmmx2/v2rayshare_subcription/main/README.md
============================================================
[INFO] article try feed | url=https://www.mibei77.com/feed
[INFO] sublink try page | url=https://www.mibei77.com/713.html
[OK] proxies=65 | new=65 | url=https://mm.mibei77.com/202610/10.0264bacdq.txt
[OK] proxies=63 | new=0 | url=https://mm.mibei77.com/202610/1002Clashizx.yaml
[OK] proxies=65 | source=[Mibei77-RSS] | url=https://www.mibei77.com/713.html
============================================================
[INFO] article try feed | url=https://yoyapai.com/feed
[INFO] sublink try page | url=https://yoyapai.com/749
[OK] proxies=273 | new=273 | url=https://freenode.yoyapai.com/2026/10/02-yoyapai.com-clash-vpnmianfeijiedian.yaml
[OK] proxies=273 | new=0 | url=https://freenode.yoyapai.com/2026/10/02-yoyapai.com-ssrv2ray-vpnmianfeijiedian.txt
[OK] proxies=1 | new=1 | url=https://yoyapai.com/749
[OK] proxies=274 | source=[Yoyapai-RSS] | url=https://yoyapai.com/749
============================================================
[INFO] sublink try repo | url=https://github.com/free18/v2ray
[INFO] sublink try page | url=https://raw.githubusercontent.com/free18/v2ray/main/README.md
[OK] proxies=106 | new=106 | url=https://ghfast.top/https://raw.githubusercontent.com/free18/v2ray/refs/heads/main/v.txt
[OK] proxies=106 | new=0 | url=https://ghfast.top/https://raw.githubusercontent.com/free18/v2ray/refs/heads/main/c.yaml
[OK] proxies=3 | new=3 | url=https://raw.githubusercontent.com/free18/v2ray/main/README.md
[OK] proxies=109 | source=[免费节点1] | url=https://raw.githubusercontent.com/free18/v2ray/main/README.md
============================================================
[INFO] sublink try repo | url=https://github.com/ermaozi/get_subscribe
[INFO] sublink try page | url=https://raw.githubusercontent.com/ermaozi/get_subscribe/main/README.md
[INFO] sublink file_nodes=0 | bare links=9
[OK] proxies=454 | new=454 | url=https://{blog.ermao.net|www.ermao.net}/sub/{reachable|unreachable|untested}/clash/ermao.net
[OK] proxies=573 | new=119 | url=https://blog.ermao.net/sub/{clash|v2ray}/ermao.net
[OK] proxies=573 | source=[免费节点2] | url=https://raw.githubusercontent.com/ermaozi/get_subscribe/main/README.md
============================================================
[INFO] sublink try repo | url=https://github.com/sunmiao4458/free-proxy-airport
[INFO] sublink try page | url=https://raw.githubusercontent.com/sunmiao4458/free-proxy-airport/main/README.md
[OK] proxies=50 | new=50 | url=https://sunmiao4458.github.io/free-proxy-airport/clash.yaml
[OK] proxies=50 | source=[免费节点3] | url=https://raw.githubusercontent.com/sunmiao4458/free-proxy-airport/main/README.md
============================================================
[INFO] sublink try repo | url=https://github.com/mfuu/FreeProxies
[INFO] sublink try page | url=https://raw.githubusercontent.com/mfuu/FreeProxies/master/README.md
[OK] proxies=832 | new=832 | url=https://raw.githubusercontent.com/mfuu/FreeProxies/master/sub.yaml
[OK] proxies=832 | source=[免费节点4] | url=https://raw.githubusercontent.com/mfuu/FreeProxies/master/README.md
============================================================
[INFO] sublink try repo | url=https://github.com/vxiaov/free_proxies
[INFO] sublink try page | url=https://raw.githubusercontent.com/vxiaov/free_proxies/main/README.md
[OK] proxies=28 | new=28 | url=https://{cdn.jsdelivr.net|raw.githubusercontent.com}/vxiaov/free_proxies/main/clash/clash.provider.yaml
[OK] proxies=1 | new=1 | url=https://raw.githubusercontent.com/vxiaov/free_proxies/main/README.md
[OK] proxies=29 | source=[免费节点5] | url=https://raw.githubusercontent.com/vxiaov/free_proxies/main/README.md
============================================================
[INFO] sublink try repo | url=https://github.com/anaer/Sub
[INFO] sublink try page | url=https://raw.githubusercontent.com/anaer/Sub/main/README.MD
[OK] proxies=1749 | new=1749 | url=https://raw.githubusercontent.com/anaer/Sub/main/clash.yaml
[OK] proxies=1749 | new=0 | url=https://anaer.github.io/Sub/clash.yaml
[OK] proxies=1749 | source=[免费节点6] | url=https://raw.githubusercontent.com/anaer/Sub/main/README.MD
============================================================
[INFO] sublink try repo | url=https://github.com/snakem982/proxypool
[INFO] sublink try page | url=https://raw.githubusercontent.com/snakem982/proxypool/main/README.md
[OK] proxies=64 | new=64 | url=https://raw.githubusercontent.com/snakem982/proxypool/main/source/clash-meta-2.yaml
[OK] proxies=51 | new=0 | url=https://raw.githubusercontent.com/snakem982/proxypool/main/source/v2ray-2.txt
[OK] proxies=50 | new=0 | url=https://raw.githubusercontent.com/snakem982/proxypool/main/source/sing-box-2.json
[OK] proxies=64 | source=[免费节点7] | url=https://raw.githubusercontent.com/snakem982/proxypool/main/README.md
============================================================
[INFO] sublink try repo | url=https://github.com/mahdibland/V2RayAggregator
[INFO] sublink try page | url=https://raw.githubusercontent.com/mahdibland/V2RayAggregator/master/README.md
[OK] proxies=1 | new=1 | url=https://github.com/mahdibland/SSAggregator/actions/workflows/Collector.yml
[OK] proxies=1 | new=0 | url=https://cdn.jsdelivr.net/gh/mahdibland/V2RayAggregator@master/update/provider/provider-others.yml
[OK] proxies=1 | new=0 | url=https://cdn.jsdelivr.net/gh/mahdibland/V2RayAggregator@master/update/provider/provider-cn.yml
[OK] proxies=1 | new=0 | url=https://cdn.jsdelivr.net/gh/mahdibland/V2RayAggregator@master/update/provider/provider-meta.yml
[OK] proxies=1867 | new=1867 | url=https://raw.githubusercontent.com/mahdibland/ShadowsocksAggregator/master/sub/splitted/ss.txt
[OK] proxies=54 | new=54 | url=https://raw.githubusercontent.com/mahdibland/ShadowsocksAggregator/master/sub/splitted/ssr.txt
[OK] proxies=1 | new=0 | url=https://cdn.jsdelivr.net/gh/mahdibland/V2RayAggregator@master/update/provider/provider.yml
[OK] proxies=3954 | new=2033 | url=https://raw.githubusercontent.com/mahdibland/SSAggregator/master/sub/sub_merge_base64.txt
[OK] proxies=198 | new=0 | url=https://raw.githubusercontent.com/mahdibland/ShadowsocksAggregator/master/Eternity.txt
[OK] proxies=61 | new=61 | url=https://raw.githubusercontent.com/mahdibland/ShadowsocksAggregator/master/EternityAir.txt
[OK] proxies=199 | new=0 | url=https://raw.githubusercontent.com/mahdibland/ShadowsocksAggregator/master/Eternity.yml
[OK] proxies=1 | new=0 | url=https://github.com/mahdibland/SSAggregator/actions/workflows/Airport_Collector.yml
[OK] proxies=61 | new=0 | url=https://raw.githubusercontent.com/mahdibland/SSAggregator/master/sub/airport_merge_base64.txt
[OK] proxies=387 | new=95 | url=https://raw.githubusercontent.com/mahdibland/V2RayAggregator/master/README.md
[OK] proxies=1 | new=0 | url=https://cdn.jsdelivr.net/gh/mahdibland/V2RayAggregator@master/update/provider/provider-meta-others.yml
[OK] proxies=569 | new=0 | url=https://raw.githubusercontent.com/mahdibland/ShadowsocksAggregator/master/sub/splitted/trojan.txt
[OK] proxies=1 | new=0 | url=https://cdn.jsdelivr.net/gh/mahdibland/V2RayAggregator@master/update/provider/provider-meta-cn.yml
[OK] proxies=4076 | new=123 | url=https://raw.githubusercontent.com/mahdibland/SSAggregator/master/sub/sub_merge_yaml.yml
[OK] proxies=1464 | new=0 | url=https://raw.githubusercontent.com/mahdibland/ShadowsocksAggregator/master/sub/splitted/vmess.txt
[OK] proxies=61 | new=0 | url=https://raw.githubusercontent.com/mahdibland/SSAggregator/master/sub/airport_sub_merge.txt
[OK] proxies=3954 | new=0 | url=https://raw.githubusercontent.com/mahdibland/{SSAggregator|ShadowsocksAggregator}/master/sub/sub_merge.txt
[OK] proxies=4234 | source=[免费节点8] | url=https://raw.githubusercontent.com/mahdibland/V2RayAggregator/master/README.md
============================================================
[INFO] sublink try repo | url=https://github.com/w1770946466/Auto_proxy
[INFO] sublink try page | url=https://raw.githubusercontent.com/w1770946466/Auto_proxy/main/README.md
[OK] proxies=1 | new=1 | url=https://github.com/w1770946466/Auto_proxy/actions/workflows/main.yml
[OK] proxies=489 | new=489 | url=https://raw.githubusercontent.com/w1770946466/Auto_proxy/main/Long_term_subscription_num
[OK] proxies=245 | new=125 | url=https://raw.githubusercontent.com/w1770946466/Auto_proxy/main/{Long_term_subscription2.yaml|Long_term_subscription1.yaml|Long_term_subscription3.yaml}
[OK] proxies=489 | new=0 | url=https://raw.githubusercontent.com/w1770946466/Auto_proxy/main/{Long_term_subscription1|Long_term_subscription2|Long_term_subscription3|Long_term_subscription4|Long_term_subscription5|Long_term_subscription6|Long_term_subscription7|Long_term_subscription8}
[OK] proxies=615 | source=[免费节点9] | url=https://raw.githubusercontent.com/w1770946466/Auto_proxy/main/README.md
============================================================
[INFO] sublink try repo | url=https://github.com/PuddinCat/BestClash
[INFO] sublink try page | url=https://raw.githubusercontent.com/PuddinCat/BestClash/main/README.md
[OK] proxies=165 | new=165 | url=https://raw.githubusercontent.com/ronghuaxueleng/get_v2/main/pub/combine.yaml
[OK] proxies=28 | new=28 | url=https://cdn.jsdelivr.net/gh/vxiaov/free_proxies@main/clash/clash.provider.yaml
[OK] proxies=24 | new=24 | url=https://freenode.openrunner.net/uploads/20240807-clash.yaml
[OK] proxies=91 | new=91 | url=https://raw.githubusercontent.com/Misaka-blog/chromego_merge/main/sub/merged_proxies_new.yaml
[OK] proxies=16 | new=16 | url=https://raw.githubusercontent.com/PuddinCat/BestClash/main/proxies.yaml
[OK] proxies=91 | new=0 | url=https://raw.githubusercontent.com/{chengaopan|peasoft}/{AutoMergePublicNodes|NoMoreWalls}/master/list.yml
[OK] proxies=199 | new=172 | url=https://raw.githubusercontent.com/mahdibland/ShadowsocksAggregator/master/Eternity.yml
[OK] proxies=144 | new=144 | url=https://raw.githubusercontent.com/zhangkaiitugithub/passcro/main/speednodes.yaml
[OK] proxies=454 | new=231 | url=https://raw.githubusercontent.com/{ermaozi|ermaozi01}/{get_subscribe|free_clash_vpn}/main/subscribe/clash.yml
[OK] proxies=4896 | new=4721 | url=https://raw.githubusercontent.com/{NiceVPN123|anaer}/{NiceVPN|Sub}/main/{Clash.yaml|clash.yaml}
[OK] proxies=5592 | source=[免费节点10] | url=https://raw.githubusercontent.com/PuddinCat/BestClash/main/README.md
============================================================
[INFO] sublink try repo | url=https://github.com/kooker/FreeSubsCheck
[INFO] sublink try page | url=https://raw.githubusercontent.com/kooker/FreeSubsCheck/main/README.md
[OK] proxies=3 | new=3 | url=https://raw.githubusercontent.com/kooker/FreeSubsCheck/main/base64.txt
[OK] proxies=16 | new=16 | url=https://raw.githubusercontent.com/kooker/FreeSubsCheck/main/all.yaml
[OK] proxies=2 | new=2 | url=https://raw.githubusercontent.com/kooker/FreeSubsCheck/main/byxiaoxi.txt
[OK] proxies=16 | new=0 | url=https://raw.githubusercontent.com/kooker/FreeSubsCheck/main/mihomo.yaml
[OK] proxies=766 | new=764 | url=https://raw.githubusercontent.com/kooker/FreeSubsCheck/main/kooker.jp.txt
[OK] proxies=785 | source=[免费节点11] | url=https://raw.githubusercontent.com/kooker/FreeSubsCheck/main/README.md
============================================================
[INFO] toolkit try repo | url=https://github.com/bannedbook/fanqiang
[INFO] toolkit try release | url=https://github.com/bannedbook/fanqiang/releases
[INFO] toolkit try release | url=https://github.com/bannedbook/fanqiang/releases/expanded_assets/ChromeGo-latest
[INFO] toolkit try download | url=https://github.com/bannedbook/fanqiang/releases/download/ChromeGo-latest/ChromeGo.7z
[OK] toolkit downloaded | file=ChromeGo.7z | size=96.2mb | time=32.5s
[OK] toolkit extracted | archive=ChromeGo.7z | tool=7z | files=222 | dirs=45
[OK] toolkit discovered | subs=107 | embedded=46 | scan=27.3s | archive=ChromeGo.7z
[INFO] toolkit try repo | url=https://github.com/bannedbook/fanqiang
[INFO] toolkit try release | url=https://github.com/bannedbook/fanqiang/releases
[INFO] toolkit try release | url=https://github.com/bannedbook/fanqiang/releases/expanded_assets/ChromeGo-latest
[INFO] toolkit try download | url=https://github.com/bannedbook/fanqiang/releases/download/ChromeGo-latest/ChromeGo.7z
[OK] toolkit downloaded | file=ChromeGo.7z | size=96.2mb | time=32.5s
[OK] toolkit extracted | archive=ChromeGo.7z | tool=7z | files=222 | dirs=45
[OK] toolkit discovered | subs=107 | embedded=46 | scan=27.3s | archive=ChromeGo.7z
[OK] proxies=12 | new=12 | embedded=archive-config
[OK] proxies=3 | new=3 | url=https://gitlab.com/free9999/ipupdate/master/backup/img/1/2/{ipp|ip}/clash.meta2/{5|6|3|1|4|2}/config.yaml
[OK] proxies=3 | new=0 | url=https://www.67867867.xyz/Alvin9999/PAC/refs/heads/master/backup/img/1/2/{ipp|ip}/clash.meta2/{5|6|3|1|4|2}/config.yaml
[OK] proxies=7 | new=5 | url=https://www.67867867.xyz/Alvin9999/PAC/refs/heads/master/backup/img/1/2/{ipp|ip}/{hysteria2|singbox|naiveproxy|hysteria|xray}/{3|1|4|2}/config.json
[OK] proxies=7 | new=0 | url=https://gitlab.com/free9999/ipupdate/master/backup/img/1/2/{ipp|ip}/{hysteria2|singbox|naiveproxy|hysteria|xray}/{3|1|4|2}/config.json
[OK] proxies=20 | source=[ChromeGO-Toolkit] | url=https://github.com/bannedbook/fanqiang/releases/download/ChromeGo-latest/ChromeGo.7z
============================================================
[INFO] sublink try repo | url=https://github.com/ShiteThings/extractNodes
[INFO] sublink try page | url=https://raw.githubusercontent.com/ShiteThings/extractNodes/main/README.md
[OK] proxies=26 | new=26 | url=https://chg26.makou.cc.cd/sb
[OK] proxies=31 | new=5 | url=https://{chg26.makou.cc.cd|chg64.makou.cc.cd}
[OK] proxies=31 | source=[ChromeGO-ShiteThings] | url=https://raw.githubusercontent.com/ShiteThings/extractNodes/main/README.md
============================================================
[INFO] sublink try repo | url=https://github.com/shangui999/chromego_merge
[INFO] sublink try page | url=https://raw.githubusercontent.com/shangui999/chromego_merge/master/ReadMe.md
[OK] proxies=10 | new=10 | url=https://freedman.netlify.app/sub/merged_proxies_new.yaml
[OK] proxies=16 | new=16 | url=https://freedman.netlify.app/sub/sb.json
[OK] proxies=11 | new=6 | url=https://freedman.netlify.app/sub/shadowrocket_base64.txt
[OK] proxies=11 | new=1 | url=https://freedman.netlify.app/sub/merged_warp_proxies_new.yaml
[INFO] sublink try repo | url=https://github.com/yaney01/chromego
[INFO] sublink try page | url=https://raw.githubusercontent.com/yaney01/chromego/main/ReadMe.md
[OK] proxies=13 | new=10 | url=https://raw.githubusercontent.com/yaney01/chromego/main/sub/shadowrocket_base64.txt
[OK] proxies=51 | new=43 | url=https://raw.githubusercontent.com/yaney01/chromego/main/sub/merged_warp_proxies_new.yaml
[OK] proxies=13 | new=0 | url=https://raw.githubusercontent.com/yaney01/chromego/main/sub/sb.json
[OK] proxies=50 | new=0 | url=https://raw.githubusercontent.com/yaney01/chromego/main/sub/merged_proxies_new.yaml
[INFO] sublink try repo | url=https://github.com/Misaka-blog/chromego_merge
[INFO] sublink try page | url=https://raw.githubusercontent.com/Misaka-blog/chromego_merge/main/README.md
[OK] proxies=91 | new=91 | url=https://chromego-sub.netlify.app/sub/merged_proxies_new.yaml
[OK] proxies=177 | source=[ChromeGO-Merge] | url=https://raw.githubusercontent.com/Misaka-blog/chromego_merge/main/README.md
============================================================
[INFO] toolkit try repo | url=https://github.com/Pawdroid/shadowrocket_for_android
[INFO] toolkit try release | url=https://github.com/Pawdroid/shadowrocket_for_android/releases
[INFO] toolkit try release | url=https://github.com/Pawdroid/shadowrocket_for_android/releases/expanded_assets/10.10.55
[INFO] toolkit try download | url=https://github.com/Pawdroid/shadowrocket_for_android/releases/download/10.10.55/Shadowrocket_10.10.55_shadowrocketStandard_arm64-v8a.apk
[OK] toolkit downloaded | file=Shadowrocket_10.10.55_shadowrocketStandard_arm64-v8a.apk | size=39.5mb | time=16.8s
[OK] toolkit extracted | archive=Shadowrocket_10.10.55_shadowrocketStandard_arm64-v8a.apk | tool=zipfile | files=1179 | dirs=44
[OK] toolkit sr-apk scanned | prefixes=38 | files=6 | keys=2 | archive=Shadowrocket_10.10.55_shadowrocketStandard_arm64-v8a.apk
[OK] proxies=916 | new=916 | url=https://{cdn.jsdelivr.net|raw.githubusercontent.com}/pixelor/ecfg/main/data/ecfg6_zh
[OK] proxies=1164 | new=265 | url=https://{cdn.jsdelivr.net|raw.githubusercontent.com}/pixelor/ecfg/main/data/ecfg6_en
[OK] proxies=70 | new=32 | url=https://{raw.githubusercontent.com|cdn.jsdelivr.net}/pixelor/ecfg/main/data/ecfg6
[OK] proxies=48 | new=0 | url=https://{files.shadowrockets.app|cdn.shadowrockets.app}/ecfg/data/ecfg6
[OK] proxies=808 | new=0 | url=https://{files.shadowrockets.app|cdn.shadowrockets.app}/ecfg/data/ecfg6_en
[OK] proxies=808 | new=0 | url=https://{files.shadowrockets.app|cdn.shadowrockets.app}/ecfg/data/ecfg6_zh
[INFO] toolkit try repo | url=https://github.com/Pawdroid/shadowrocket_for_android
[INFO] toolkit try release | url=https://github.com/Pawdroid/shadowrocket_for_android/releases
[INFO] toolkit try release | url=https://github.com/Pawdroid/shadowrocket_for_android/releases/expanded_assets/10.10.55
[INFO] toolkit try download | url=https://github.com/Pawdroid/shadowrocket_for_android/releases/download/10.10.55/Shadowrocket_10.10.55_shadowrocketStandard_arm64-v8a.apk
[OK] toolkit downloaded | file=Shadowrocket_10.10.55_shadowrocketStandard_arm64-v8a.apk | size=39.5mb | time=16.8s
[OK] toolkit extracted | archive=Shadowrocket_10.10.55_shadowrocketStandard_arm64-v8a.apk | tool=zipfile | files=1179 | dirs=44
[OK] toolkit sr-apk scanned | prefixes=38 | files=6 | keys=2 | archive=Shadowrocket_10.10.55_shadowrocketStandard_arm64-v8a.apk
[OK] proxies=916 | new=916 | url=https://{cdn.jsdelivr.net|raw.githubusercontent.com}/pixelor/ecfg/main/data/ecfg6_zh
[OK] proxies=1164 | new=265 | url=https://{cdn.jsdelivr.net|raw.githubusercontent.com}/pixelor/ecfg/main/data/ecfg6_en
[OK] proxies=70 | new=32 | url=https://{raw.githubusercontent.com|cdn.jsdelivr.net}/pixelor/ecfg/main/data/ecfg6
[OK] proxies=48 | new=0 | url=https://{files.shadowrockets.app|cdn.shadowrockets.app}/ecfg/data/ecfg6
[OK] proxies=808 | new=0 | url=https://{files.shadowrockets.app|cdn.shadowrockets.app}/ecfg/data/ecfg6_en
[OK] proxies=808 | new=0 | url=https://{files.shadowrockets.app|cdn.shadowrockets.app}/ecfg/data/ecfg6_zh
[INFO] toolkit try repo | url=https://github.com/Pawdroid/shadowrocket_for_android
[INFO] toolkit try release | url=https://github.com/Pawdroid/shadowrocket_for_android/releases
[INFO] toolkit try release | url=https://github.com/Pawdroid/shadowrocket_for_android/releases/expanded_assets/10.10.55
[INFO] toolkit try download | url=https://github.com/Pawdroid/shadowrocket_for_android/releases/download/10.10.55/Shadowrocket_10.10.55_shadowrocketStandard_arm64-v8a.apk
[OK] toolkit downloaded | file=Shadowrocket_10.10.55_shadowrocketStandard_arm64-v8a.apk | size=39.5mb | time=16.8s
[OK] toolkit extracted | archive=Shadowrocket_10.10.55_shadowrocketStandard_arm64-v8a.apk | tool=zipfile | files=1179 | dirs=44
[OK] toolkit sr-apk scanned | prefixes=38 | files=6 | keys=2 | archive=Shadowrocket_10.10.55_shadowrocketStandard_arm64-v8a.apk
[OK] proxies=916 | new=916 | url=https://{cdn.jsdelivr.net|raw.githubusercontent.com}/pixelor/ecfg/main/data/ecfg6_zh
[OK] proxies=1164 | new=265 | url=https://{cdn.jsdelivr.net|raw.githubusercontent.com}/pixelor/ecfg/main/data/ecfg6_en
[OK] proxies=70 | new=32 | url=https://{raw.githubusercontent.com|cdn.jsdelivr.net}/pixelor/ecfg/main/data/ecfg6
[OK] proxies=48 | new=0 | url=https://{files.shadowrockets.app|cdn.shadowrockets.app}/ecfg/data/ecfg6
[OK] proxies=808 | new=0 | url=https://{files.shadowrockets.app|cdn.shadowrockets.app}/ecfg/data/ecfg6_en
[OK] proxies=808 | new=0 | url=https://{files.shadowrockets.app|cdn.shadowrockets.app}/ecfg/data/ecfg6_zh
[OK] proxies=1213 | source=[Pawdroid-SR-APK] | url=https://github.com/Pawdroid/shadowrocket_for_android/releases/download/10.10.55/Shadowrocket_10.10.55_shadowrocketStandard_arm64-v8a.apk
============================================================
[INFO] toolkit try page | url=https://shadowshare.v2cross.com
[INFO] toolkit try download | url=https://shadowshare.v2cross.com/shadowshare.apk
[OK] toolkit downloaded | file=shadowshare.apk | size=60mb | time=25.5s
[OK] toolkit extracted | archive=shadowshare.apk | tool=zipfile | files=612 | dirs=39
[OK] toolkit ss-apk scanned | prefixes=10 | files=3 | keys=1 | archive=shadowshare.apk
[OK] proxies=249 | new=249 | url=https://{jsd.onmicrosoft.cn|raw.githubusercontent.com}/hideme9527/ecsfg/main/data/sareserver
[OK] proxies=1386 | new=1279 | url=https://{raw.githubusercontent.com|jsd.onmicrosoft.cn}/hideme9527/ecsfg/main/data/sareserver_en
[OK] proxies=81 | new=0 | url=https://{shadowsharing.com|sare.159236.xyz}/data/sareserver
[OK] proxies=1386 | new=0 | url=https://{shadowsharing.com|sare.159236.xyz}/data/sareserver_en
[OK] proxies=81 | new=0 | url=https://gitee.com/api/v5/repos/{guoyoucai1|elvenapp|zhiminghao}/ecsfg/raw/data/sareserver
[OK] proxies=1386 | new=0 | url=https://gitee.com/api/v5/repos/{guoyoucai1|elvenapp|zhiminghao}/ecsfg/raw/data/sareserver_en
[INFO] toolkit try page | url=https://shadowshare.v2cross.com
[INFO] toolkit try download | url=https://shadowshare.v2cross.com/shadowshare.apk
[OK] toolkit downloaded | file=shadowshare.apk | size=60mb | time=25.5s
[OK] toolkit extracted | archive=shadowshare.apk | tool=zipfile | files=612 | dirs=39
[OK] toolkit ss-apk scanned | prefixes=10 | files=3 | keys=1 | archive=shadowshare.apk
[OK] proxies=249 | new=249 | url=https://{jsd.onmicrosoft.cn|raw.githubusercontent.com}/hideme9527/ecsfg/main/data/sareserver
[OK] proxies=1386 | new=1279 | url=https://{raw.githubusercontent.com|jsd.onmicrosoft.cn}/hideme9527/ecsfg/main/data/sareserver_en
[OK] proxies=81 | new=0 | url=https://{shadowsharing.com|sare.159236.xyz}/data/sareserver
[OK] proxies=1386 | new=0 | url=https://{shadowsharing.com|sare.159236.xyz}/data/sareserver_en
[OK] proxies=81 | new=0 | url=https://gitee.com/api/v5/repos/{guoyoucai1|elvenapp|zhiminghao}/ecsfg/raw/data/sareserver
[OK] proxies=1386 | new=0 | url=https://gitee.com/api/v5/repos/{guoyoucai1|elvenapp|zhiminghao}/ecsfg/raw/data/sareserver_en
[INFO] toolkit try page | url=https://shadowshare.v2cross.com
[INFO] toolkit try download | url=https://shadowshare.v2cross.com/shadowshare.apk
[OK] toolkit downloaded | file=shadowshare.apk | size=60mb | time=25.5s
[OK] toolkit extracted | archive=shadowshare.apk | tool=zipfile | files=612 | dirs=39
[OK] toolkit ss-apk scanned | prefixes=10 | files=3 | keys=1 | archive=shadowshare.apk
[OK] proxies=249 | new=249 | url=https://{jsd.onmicrosoft.cn|raw.githubusercontent.com}/hideme9527/ecsfg/main/data/sareserver
[OK] proxies=1386 | new=1279 | url=https://{raw.githubusercontent.com|jsd.onmicrosoft.cn}/hideme9527/ecsfg/main/data/sareserver_en
[OK] proxies=81 | new=0 | url=https://{shadowsharing.com|sare.159236.xyz}/data/sareserver
[OK] proxies=1386 | new=0 | url=https://{shadowsharing.com|sare.159236.xyz}/data/sareserver_en
[OK] proxies=81 | new=0 | url=https://gitee.com/api/v5/repos/{guoyoucai1|elvenapp|zhiminghao}/ecsfg/raw/data/sareserver
[OK] proxies=1386 | new=0 | url=https://gitee.com/api/v5/repos/{guoyoucai1|elvenapp|zhiminghao}/ecsfg/raw/data/sareserver_en
[OK] proxies=1528 | source=[Pawdroid-SS-APK] | url=https://shadowshare.v2cross.com/shadowshare.apk
============================================================
[INFO] toolkit try chrome | url=https://chromewebstore.google.com/detail/free-vpn-proxy-1vpn/akcocjjpkmlniicdeemdceeajlmoabhg
[INFO] toolkit try download | url=https://clients2.google.com/service/update2/crx?response=redirect&prodversion=131.0.6778.0&acceptformat=crx2,crx3&x=id%3dakcocjjpkmlniicdeemdceeajlmoabhg%26uc
[OK] toolkit downloaded | file=free-vpn-proxy-1vpn.crx | size=1.6mb | time=7.7s
[OK] toolkit extracted | archive=free-vpn-proxy-1vpn.crx | tool=zipfile | files=68 | dirs=57
[OK] toolkit 1vpn-crx scanned | hosts=17 | keys=1 | archive=free-vpn-proxy-1vpn.crx
[INFO] toolkit try chrome | url=https://chromewebstore.google.com/detail/free-vpn-proxy-1vpn/akcocjjpkmlniicdeemdceeajlmoabhg
[INFO] toolkit try download | url=https://clients2.google.com/service/update2/crx?response=redirect&prodversion=131.0.6778.0&acceptformat=crx2,crx3&x=id%3dakcocjjpkmlniicdeemdceeajlmoabhg%26uc
[OK] toolkit downloaded | file=free-vpn-proxy-1vpn.crx | size=1.6mb | time=7.7s
[OK] toolkit extracted | archive=free-vpn-proxy-1vpn.crx | tool=zipfile | files=68 | dirs=57
[OK] toolkit 1vpn-crx scanned | hosts=17 | keys=1 | archive=free-vpn-proxy-1vpn.crx
[OK] proxies=17 | source=[1VPN-CRX] | url=https://clients2.google.com/service/update2/crx?response=redirect&prodversion=131.0.6778.0&acceptformat=crx2,crx3&x=id%3dakcocjjpkmlniicdeemdceeajlmoabhg%26uc
============================================================
[INFO] sublink try repo | url=https://github.com/free-nodes/clashfree
[INFO] sublink try page | url=https://raw.githubusercontent.com/free-nodes/clashfree/main/README.md
[OK] proxies=305 | new=305 | url=https://raw.githubusercontent.com/free-nodes/clashfree/main/clash20261002.yml
[OK] proxies=1 | new=1 | url=https://github.com/free-nodes/clashfree/blob/main/clash20261002.yml
[OK] proxies=305 | new=0 | url=https://raw.githubusercontent.com/free-nodes/clashfree/main/README.md
[OK] proxies=306 | source=[Clashfree] | url=https://raw.githubusercontent.com/free-nodes/clashfree/main/README.md
============================================================
[INFO] sublink try repo | url=https://github.com/Epodonios/v2ray-configs
[INFO] sublink try page | url=https://raw.githubusercontent.com/Epodonios/v2ray-configs/main/README.md
[OK] proxies=1 | new=1 | url=https://github.com/Epodonios/V2ray-Configs/actions/workflows/main.yml
[OK] proxies=3479 | new=3479 | url=https://github.com/Epodonios/v2ray-configs/raw/main/Splitted-By-Protocol/vless.txt
[OK] proxies=158 | new=158 | url=https://github.com/Epodonios/v2ray-configs/raw/main/Splitted-By-Protocol/trojan.txt
[OK] proxies=4249 | new=715 | url=https://github.com/Epodonios/v2ray-configs/raw/main/All_Configs_Sub.txt
[OK] proxies=375 | new=7 | url=https://github.com/Epodonios/v2ray-configs/raw/main/Splitted-By-Protocol/ss.txt
[OK] proxies=180 | new=15 | url=https://github.com/Epodonios/v2ray-configs/raw/main/Splitted-By-Protocol/vmess.txt
[OK] proxies=4249 | new=0 | url=https://github.com/Epodonios/v2ray-configs/raw/main/All_Configs_base64_Sub.txt
[OK] proxies=4249 | new=0 | url=https://raw.githubusercontent.com/Epodonios/v2ray-configs/main/{Sub1.txt|Sub2.txt|Sub3.txt|Sub4.txt|Sub5.txt|Sub6.txt|Sub7.txt|Sub8.txt}
[OK] proxies=4375 | source=[Epodonios] | url=https://raw.githubusercontent.com/Epodonios/v2ray-configs/main/README.md
============================================================
[INFO] sublink try repo | url=https://github.com/free-clash-v2ray/free-clash-v2ray.github.io
[INFO] sublink try page | url=https://raw.githubusercontent.com/free-clash-v2ray/free-clash-v2ray.github.io/main/README.md
[OK] proxies=2984 | new=2984 | url=https://free-clash-v2ray.github.io/uploads/2026/09/{0-20260927.yaml|1-20260927.yaml|2-20260927.yaml|3-20260927.yaml}
[OK] proxies=3129 | new=537 | url=https://free-clash-v2ray.github.io/uploads/2026/09/{0-20260927.txt|1-20260927.txt|2-20260927.txt|3-20260927.txt|4-20260927.txt}
[OK] proxies=3521 | source=[Free-clash-v2ray] | url=https://raw.githubusercontent.com/free-clash-v2ray/free-clash-v2ray.github.io/main/README.md
============================================================
[INFO] article try page | url=https://v2rayclashfree.com
[INFO] sublink try page | url=https://v2rayclashfree.com/fn/20261002.html
[WARN] sublink discovery failed | reason=no links | url=https://v2rayclashfree.com/fn/20261002.html
[INFO] sublink try page | url=https://v2rayclashfree.com/fn/20261001.html
[WARN] sublink discovery failed | reason=no links | url=https://v2rayclashfree.com/fn/20261001.html
[INFO] sublink try page | url=https://v2rayclashfree.com/fn/20260930.html
[OK] proxies=2867 | new=2867 | url=https://v2rayclashfree.com/sub/20260930-v2ray.txt
[OK] proxies=2901 | new=539 | url=https://v2rayclashfree.com/sub/20260930-clash.yaml
[OK] proxies=3406 | source=[V2rayclashfree-RSS] | url=https://v2rayclashfree.com/fn/20260930.html
============================================================
============================================================
[TEST] source=[大FQ运动] | proxies=18
[WARN] batch start failed | size=18 {1} | split=9 {2} + 9 {3}
[WARN] batch start failed | size=9 {3} | split=5 {4} + 4 {5}
[WARN] batch start failed | size=4 {5} | split=2 {6} + 2 {7}
[WARN] batch start failed | size=5 {4} | split=3 {8} + 2 {9}
[WARN] batch start failed | size=2 {6} | split=1 {10} + 1 {11}
[WARN] batch start failed | size=2 {7} | split=1 {12} + 1 {13}
[WARN] batch start failed | size=2 {9} | split=1 {14} + 1 {15}
[TEST] {2} tested=9/9 | kept=6 | rest=8
[TEST] {8} tested=3/3 | kept=3 | rest=6
[TEST] {13} tested=1/1 | kept=0 | rest=5
[TEST] {10} tested=1/1 | kept=0 | rest=4
[TEST] {11} tested=1/1 | kept=0 | rest=3
[TEST] {14} tested=1/1 | kept=0 | rest=2
[TEST] {15} tested=1/1 | kept=0 | rest=1
[TEST] {12} tested=1/1 | kept=0 | rest=0
------------------------------------------------------------
[TEST] source=[Pawdroid] | proxies=21
[WARN] batch start failed | size=21 {1} | split=11 {2} + 10 {3}
[WARN] batch start failed | size=11 {2} | split=6 {4} + 5 {5}
[WARN] batch start failed | size=10 {3} | split=5 {6} + 5 {7}
[WARN] batch start failed | size=6 {4} | split=3 {8} + 3 {9}
[WARN] batch start failed | size=5 {6} | split=3 {10} + 2 {11}
[WARN] batch start failed | size=5 {7} | split=3 {12} + 2 {13}
[WARN] batch start failed | size=3 {9} | split=2 {14} + 1 {15}
[WARN] batch start failed | size=3 {8} | split=2 {16} + 1 {17}
[WARN] batch start failed | size=2 {13} | split=1 {18} + 1 {19}
[TEST] {11} tested=2/2 | kept=2 | rest=12
[TEST] {10} tested=3/3 | kept=1 | rest=9
[TEST] {5} tested=5/5 | kept=4 | rest=8
[TEST] {14} tested=2/2 | kept=1 | rest=7
[DROP] name=[Pawdroid]  {19} | server=None:None | reason=Parse config error: proxy 0: missing type
[TEST] {18} tested=1/1 | kept=0 | rest=4
[TEST] {17} tested=1/1 | kept=0 | rest=3
[TEST] {12} tested=3/3 | kept=2 | rest=2
[TEST] {16} tested=2/2 | kept=2 | rest=1
[TEST] {15} tested=1/1 | kept=1 | rest=0
[INFO] dropped=1 | [Pawdroid] × 1
------------------------------------------------------------
[TEST] source=[FreeV2-Base64] | proxies=2
[TEST] {1} tested=2/2 | kept=2 | rest=0
------------------------------------------------------------
[TEST] source=[Bocchi2b-Base64] | proxies=35
[TEST] {1} tested=35/35 | kept=0 | rest=0
------------------------------------------------------------
[TEST] source=[Freesocks] | proxies=6
[WARN] batch start failed | size=6 {1} | split=3 {2} + 3 {3}
[TEST] {3} tested=3/3 | kept=3 | rest=1
[TEST] {2} tested=3/3 | kept=3 | rest=0
------------------------------------------------------------
[TEST] source=[NekoWarp] | proxies=10
[TEST] {1} tested=10/10 | kept=5 | rest=0
------------------------------------------------------------
[TEST] source=[OpenRunner-RSS] | proxies=14
[TEST] {1} tested=14/14 | kept=1 | rest=0
------------------------------------------------------------
[TEST] source=[V2Rayshare-RSS] | proxies=22
[TEST] {1} tested=22/22 | kept=3 | rest=0
------------------------------------------------------------
[TEST] source=[Mibei77-RSS] | proxies=65
[WARN] batch start failed | size=65 {1} | split=33 {2} + 32 {3}
[WARN] batch start failed | size=32 {3} | split=16 {4} + 16 {5}
[WARN] batch start failed | size=33 {2} | split=17 {6} + 16 {7}
[WARN] batch start failed | size=16 {5} | split=8 {8} + 8 {9}
[WARN] batch start failed | size=16 {4} | split=8 {10} + 8 {11}
[WARN] batch start failed | size=17 {6} | split=9 {12} + 8 {13}
[WARN] batch start failed | size=16 {7} | split=8 {14} + 8 {15}
[WARN] batch start failed | size=8 {8} | split=4 {16} + 4 {17}
[WARN] batch start failed | size=8 {9} | split=4 {18} + 4 {19}
[WARN] batch start failed | size=8 {11} | split=4 {20} + 4 {21}
[WARN] batch start failed | size=8 {10} | split=4 {22} + 4 {23}
[WARN] batch start failed | size=9 {12} | split=5 {24} + 4 {25}
[WARN] batch start failed | size=8 {13} | split=4 {26} + 4 {27}
[WARN] batch start failed | size=8 {14} | split=4 {28} + 4 {29}
[WARN] batch start failed | size=8 {15} | split=4 {30} + 4 {31}
[WARN] batch start failed | size=4 {16} | split=2 {32} + 2 {33}
[WARN] batch start failed | size=4 {17} | split=2 {34} + 2 {35}
[WARN] batch start failed | size=4 {18} | split=2 {36} + 2 {37}
[WARN] batch start failed | size=4 {19} | split=2 {38} + 2 {39}
[WARN] batch start failed | size=4 {20} | split=2 {40} + 2 {41}
[WARN] batch start failed | size=4 {21} | split=2 {42} + 2 {43}
[WARN] batch start failed | size=4 {22} | split=2 {44} + 2 {45}
[WARN] batch start failed | size=4 {23} | split=2 {46} + 2 {47}
[WARN] batch start failed | size=4 {25} | split=2 {48} + 2 {49}
[WARN] batch start failed | size=5 {24} | split=3 {50} + 2 {51}
[WARN] batch start failed | size=4 {26} | split=2 {52} + 2 {53}
[WARN] batch start failed | size=4 {27} | split=2 {54} + 2 {55}
[WARN] batch start failed | size=4 {29} | split=2 {56} + 2 {57}
[WARN] batch start failed | size=4 {31} | split=2 {58} + 2 {59}
[WARN] batch start failed | size=2 {32} | split=1 {60} + 1 {61}
[WARN] batch start failed | size=2 {33} | split=1 {62} + 1 {63}
[WARN] batch start failed | size=2 {34} | split=1 {64} + 1 {65}
[WARN] batch start failed | size=2 {35} | split=1 {66} + 1 {67}
[TEST] {28} tested=4/4 | kept=1 | rest=58
[TEST] {30} tested=4/4 | kept=1 | rest=57
[WARN] batch start failed | size=2 {37} | split=1 {68} + 1 {69}
[WARN] batch start failed | size=2 {38} | split=1 {70} + 1 {71}
[WARN] batch start failed | size=2 {39} | split=1 {72} + 1 {73}
[WARN] batch start failed | size=2 {41} | split=1 {74} + 1 {75}
[WARN] batch start failed | size=2 {40} | split=1 {76} + 1 {77}
[WARN] batch start failed | size=2 {42} | split=1 {78} + 1 {79}
[WARN] batch start failed | size=2 {43} | split=1 {80} + 1 {81}
[WARN] batch start failed | size=2 {44} | split=1 {82} + 1 {83}
[WARN] batch start failed | size=2 {45} | split=1 {84} + 1 {85}
[WARN] batch start failed | size=2 {46} | split=1 {86} + 1 {87}
[WARN] batch start failed | size=2 {47} | split=1 {88} + 1 {89}
[WARN] batch start failed | size=2 {48} | split=1 {90} + 1 {91}
[WARN] batch start failed | size=2 {49} | split=1 {92} + 1 {93}
[WARN] batch start failed | size=2 {51} | split=1 {94} + 1 {95}
[WARN] batch start failed | size=2 {52} | split=1 {96} + 1 {97}
[WARN] batch start failed | size=2 {53} | split=1 {98} + 1 {99}
[WARN] batch start failed | size=2 {54} | split=1 {100} + 1 {101}
[WARN] batch start failed | size=2 {56} | split=1 {102} + 1 {103}
[WARN] batch start failed | size=2 {59} | split=1 {104} + 1 {105}
[TEST] {57} tested=2/2 | kept=0 | rest=50
[TEST] {36} tested=2/2 | kept=2 | rest=49
[TEST] {50} tested=3/3 | kept=0 | rest=48
[TEST] {58} tested=2/2 | kept=0 | rest=47
[TEST] {55} tested=2/2 | kept=0 | rest=46
[TEST] {60} tested=1/1 | kept=0 | rest=45
[TEST] {61} tested=1/1 | kept=1 | rest=44
[TEST] {62} tested=1/1 | kept=1 | rest=43
[TEST] {64} tested=1/1 | kept=0 | rest=42
[TEST] {66} tested=1/1 | kept=0 | rest=41
[TEST] {63} tested=1/1 | kept=0 | rest=40
[TEST] {67} tested=1/1 | kept=0 | rest=39
[TEST] {68} tested=1/1 | kept=1 | rest=38
[TEST] {69} tested=1/1 | kept=1 | rest=37
[TEST] {70} tested=1/1 | kept=1 | rest=36
[TEST] {73} tested=1/1 | kept=1 | rest=35
[TEST] {72} tested=1/1 | kept=1 | rest=34
[TEST] {75} tested=1/1 | kept=0 | rest=33
[TEST] {74} tested=1/1 | kept=0 | rest=32
[TEST] {78} tested=1/1 | kept=0 | rest=31
[TEST] {79} tested=1/1 | kept=0 | rest=30
[TEST] {77} tested=1/1 | kept=0 | rest=29
[TEST] {80} tested=1/1 | kept=0 | rest=28
[TEST] {81} tested=1/1 | kept=0 | rest=27
[TEST] {65} tested=1/1 | kept=0 | rest=26
[TEST] {71} tested=1/1 | kept=0 | rest=25
[TEST] {82} tested=1/1 | kept=0 | rest=24
[TEST] {83} tested=1/1 | kept=0 | rest=23
[TEST] {84} tested=1/1 | kept=0 | rest=22
[TEST] {85} tested=1/1 | kept=1 | rest=21
[TEST] {76} tested=1/1 | kept=0 | rest=20
[TEST] {87} tested=1/1 | kept=0 | rest=19
[TEST] {86} tested=1/1 | kept=0 | rest=18
[TEST] {88} tested=1/1 | kept=0 | rest=17
[TEST] {90} tested=1/1 | kept=1 | rest=16
[TEST] {89} tested=1/1 | kept=0 | rest=15
[TEST] {92} tested=1/1 | kept=1 | rest=14
[TEST] {91} tested=1/1 | kept=1 | rest=13
[TEST] {94} tested=1/1 | kept=1 | rest=12
[TEST] {97} tested=1/1 | kept=1 | rest=11
[TEST] {93} tested=1/1 | kept=1 | rest=10
[TEST] {95} tested=1/1 | kept=1 | rest=9
[TEST] {96} tested=1/1 | kept=1 | rest=8
[TEST] {103} tested=1/1 | kept=0 | rest=7
[TEST] {98} tested=1/1 | kept=1 | rest=6
[TEST] {102} tested=1/1 | kept=0 | rest=5
[TEST] {99} tested=1/1 | kept=1 | rest=4
[TEST] {104} tested=1/1 | kept=0 | rest=3
[TEST] {101} tested=1/1 | kept=1 | rest=2
[TEST] {105} tested=1/1 | kept=0 | rest=1
[TEST] {100} tested=1/1 | kept=1 | rest=0
------------------------------------------------------------
[TEST] source=[Yoyapai-RSS] | proxies=274
[WARN] batch start failed | size=274 {1} | split=137 {2} + 137 {3}
[WARN] batch start failed | size=137 {3} | split=69 {4} + 68 {5}
[WARN] batch start failed | size=68 {5} | split=34 {6} + 34 {7}
[WARN] batch start failed | size=34 {7} | split=17 {8} + 17 {9}
[TEST] {2} tested=100/137 | kept=19 | rest=107
[TEST] {4} tested=69/69 | kept=5 | rest=52
[TEST] {2} tested=137/137 | kept=19 | rest=51
[WARN] batch start failed | size=17 {9} | split=9 {10} + 8 {11}
[TEST] {6} tested=34/34 | kept=2 | rest=24
[TEST] {8} tested=17/17 | kept=2 | rest=17
[WARN] batch start failed | size=8 {11} | split=4 {12} + 4 {13}
[TEST] {10} tested=9/9 | kept=1 | rest=8
[WARN] batch start failed | size=4 {13} | split=2 {14} + 2 {15}
[TEST] {12} tested=4/4 | kept=1 | rest=4
[WARN] batch start failed | size=2 {15} | split=1 {16} + 1 {17}
[TEST] {14} tested=2/2 | kept=0 | rest=2
[DROP] name=[Yoyapai-RSS]  {17} | server=None:None | reason=Parse config error: proxy 0: missing type
[TEST] {16} tested=1/1 | kept=0 | rest=0
[INFO] dropped=1 | [Yoyapai-RSS] × 1
------------------------------------------------------------
[TEST] source=[免费节点1] | proxies=109
[WARN] batch start failed | size=109 {1} | split=55 {2} + 54 {3}
[WARN] batch start failed | size=54 {3} | split=27 {4} + 27 {5}
[TEST] {2} tested=55/55 | kept=10 | rest=54
[WARN] batch start failed | size=27 {5} | split=14 {6} + 13 {7}
[TEST] {4} tested=27/27 | kept=3 | rest=27
[WARN] batch start failed | size=13 {7} | split=7 {8} + 6 {9}
[TEST] {6} tested=14/14 | kept=0 | rest=13
[WARN] batch start failed | size=6 {9} | split=3 {10} + 3 {11}
[TEST] {8} tested=7/7 | kept=0 | rest=6
[WARN] batch start failed | size=3 {11} | split=2 {12} + 1 {13}
[TEST] {10} tested=3/3 | kept=1 | rest=3
[TEST] {13} tested=1/1 | kept=0 | rest=2
[WARN] batch start failed | size=2 {12} | split=1 {14} + 1 {15}
[TEST] {15} tested=1/1 | kept=0 | rest=1
[TEST] {14} tested=1/1 | kept=0 | rest=0
------------------------------------------------------------
[TEST] source=[免费节点2] | proxies=573
[WARN] batch start failed | size=573 {1} | split=96 {2} + 96 {3} + 96 {4} + 96 {5} + 96 {6} + 93 {7}
[TEST] {3} tested=96/96 | kept=48 | rest=214
[TEST] {2} tested=96/96 | kept=39 | rest=169
[TEST] {4} tested=96/96 | kept=56 | rest=145
[TEST] {5} tested=96/96 | kept=0 | rest=48
[TEST] {6} tested=96/96 | kept=16 | rest=10
[TEST] {7} tested=93/93 | kept=0 | rest=0
------------------------------------------------------------
[TEST] source=[免费节点3] | proxies=50
[TEST] {1} tested=50/50 | kept=37 | rest=0
------------------------------------------------------------
[TEST] source=[免费节点4] | proxies=832
[WARN] batch start failed | size=832 {1} | split=139 {2} + 139 {3} + 139 {4} + 139 {5} + 139 {6} + 137 {7}
[WARN] batch start failed | size=139 {2} | split=70 {8} + 69 {9}
[WARN] batch start failed | size=137 {7} | split=69 {10} + 68 {11}
[TEST] {5} tested=100/139 | kept=33 | rest=615
[TEST] {6} tested=100/139 | kept=5 | rest=552
[TEST] {5} tested=139/139 | kept=33 | rest=500
[TEST] {6} tested=139/139 | kept=5 | rest=496
[TEST] {3} tested=100/139 | kept=0 | rest=412
[TEST] {4} tested=100/139 | kept=1 | rest=341
[TEST] {4} tested=139/139 | kept=1 | rest=302
[WARN] batch start failed | size=70 {8} | split=35 {12} + 35 {13}
[TEST] {3} tested=139/139 | kept=0 | rest=228
[WARN] batch start failed | size=68 {11} | split=34 {14} + 34 {15}
[TEST] {9} tested=69/69 | kept=0 | rest=164
[TEST] {10} tested=69/69 | kept=0 | rest=127
[WARN] batch start failed | size=35 {12} | split=18 {16} + 17 {17}
[WARN] batch start failed | size=34 {15} | split=17 {18} + 17 {19}
[TEST] {13} tested=35/35 | kept=1 | rest=82
[WARN] batch start failed | size=18 {16} | split=9 {20} + 9 {21}
[WARN] batch start failed | size=17 {17} | split=9 {22} + 8 {23}
[TEST] {14} tested=34/34 | kept=0 | rest=69
[WARN] batch start failed | size=17 {19} | split=9 {24} + 8 {25}
[WARN] batch start failed | size=9 {22} | split=5 {26} + 4 {27}
[WARN] batch start failed | size=9 {21} | split=5 {28} + 4 {29}
[TEST] {23} tested=8/8 | kept=0 | rest=48
[WARN] batch start failed | size=8 {25} | split=4 {30} + 4 {31}
[WARN] batch start failed | size=5 {26} | split=3 {32} + 2 {33}
[WARN] batch start failed | size=4 {27} | split=2 {34} + 2 {35}
[TEST] {18} tested=17/17 | kept=0 | rest=38
[WARN] batch start failed | size=4 {29} | split=2 {36} + 2 {37}
[TEST] {28} tested=5/5 | kept=0 | rest=31
[TEST] {24} tested=9/9 | kept=0 | rest=28
[TEST] {20} tested=9/9 | kept=1 | rest=21
[WARN] batch start failed | size=4 {31} | split=2 {38} + 2 {39}
[WARN] batch start failed | size=3 {32} | split=2 {40} + 1 {41}
[WARN] batch start failed | size=2 {34} | split=1 {42} + 1 {43}
[WARN] batch start failed | size=2 {35} | split=1 {44} + 1 {45}
[WARN] batch start failed | size=2 {37} | split=1 {46} + 1 {47}
[WARN] batch start failed | size=2 {36} | split=1 {48} + 1 {49}
[TEST] {30} tested=4/4 | kept=0 | rest=16
[TEST] {33} tested=2/2 | kept=0 | rest=15
[WARN] batch start failed | size=2 {38} | split=1 {50} + 1 {51}
[WARN] batch start failed | size=2 {40} | split=1 {52} + 1 {53}
[DROP] name=[免费节点4] 🇷🇺RU-176.32.35.51-0026 {42} | server=176.32.35.51:10910? | reason=Parse config error: proxy 0: cannot parse 'port' as int: strconv.ParseInt: parsing \
[DROP] name=[免费节点4] 🇷🇺RU-176.32.35.51-0027 {43} | server=176.32.35.51:10916? | reason=Parse config error: proxy 0: cannot parse 'port' as int: strconv.ParseInt: parsing \
[DROP] name=[免费节点4] 🇷🇺RU-195.133.5.207-0028 {44} | server=195.133.5.207:20188? | reason=Parse config error: proxy 0: cannot parse 'port' as int: strconv.ParseInt: parsing \
[DROP] name=[免费节点4] 🇭🇰HK-212.192.13.91-0017 {46} | server=212.192.13.91:30129? | reason=Parse config error: proxy 0: cannot parse 'port' as int: strconv.ParseInt: parsing \
[DROP] name=[免费节点4] 🇦🇶NOWHERE-0.0.0.0-0018 {47} | server=chengbai02.ascwt179.com:13223? | reason=Parse config error: proxy 0: cannot parse 'port' as int: strconv.ParseInt: parsing \
[DROP] name=[免费节点4] 🇺🇸US-147.90.234.133-0015 {48} | server=tinkered-pennies-puppies.freesocks.work:443? | reason=Parse config error: proxy 0: cannot parse 'port' as int: strconv.ParseInt: parsing \
[TEST] {49} tested=1/1 | kept=0 | rest=8
[TEST] {45} tested=1/1 | kept=0 | rest=7
[WARN] batch start failed | size=2 {39} | split=1 {54} + 1 {55}
[TEST] {41} tested=1/1 | kept=0 | rest=6
[DROP] name=[免费节点4] 🇨🇦CA-82164024-1043 {50} | server=82164024:es.tronsg.com | reason=Parse config error: proxy 0: cannot parse 'port' as int: strconv.ParseInt: parsing \
[TEST] {53} tested=1/1 | kept=0 | rest=4
[DROP] name=[免费节点4] 🇬🇧GB-82.38.31.35-0019 {52} | server=82.38.31.35:443? | reason=Parse config error: proxy 0: cannot parse 'port' as int: strconv.ParseInt: parsing \
[TEST] {51} tested=1/1 | kept=0 | rest=2
[DROP] name=[免费节点4] 🇨🇦CA-82164024-1045 {54} | server=82164024:jp.tronsg.com | reason=Parse config error: proxy 0: cannot parse 'port' as int: strconv.ParseInt: parsing \
[TEST] {55} tested=1/1 | kept=0 | rest=0
[INFO] dropped=9 | [免费节点4] × 9
------------------------------------------------------------
[TEST] source=[免费节点5] | proxies=29
[WARN] batch start failed | size=29 {1} | split=15 {2} + 14 {3}
[WARN] batch start failed | size=14 {3} | split=7 {4} + 7 {5}
[TEST] {2} tested=15/15 | kept=0 | rest=14
[WARN] batch start failed | size=7 {5} | split=4 {6} + 3 {7}
[WARN] batch start failed | size=3 {7} | split=2 {8} + 1 {9}
[TEST] {4} tested=7/7 | kept=0 | rest=4
[TEST] {6} tested=4/4 | kept=0 | rest=3
[TEST] {8} tested=2/2 | kept=0 | rest=1
[DROP] name=[免费节点5]  {9} | server=None:None | reason=Parse config error: proxy 0: missing type
[INFO] dropped=1 | [免费节点5] × 1
------------------------------------------------------------
[TEST] source=[免费节点6] | proxies=1749
[TEST] {1} tested=100/1749 | kept=36 | rest=1649
[TEST] {1} tested=200/1749 | kept=57 | rest=1549
[TEST] {1} tested=300/1749 | kept=74 | rest=1449
[TEST] {1} tested=400/1749 | kept=78 | rest=1349
[TEST] {1} tested=500/1749 | kept=80 | rest=1249
[TEST] {1} tested=600/1749 | kept=85 | rest=1149
[TEST] {1} tested=700/1749 | kept=86 | rest=1049
[TEST] {1} tested=800/1749 | kept=86 | rest=949
[TEST] {1} tested=900/1749 | kept=90 | rest=849
[TEST] {1} tested=1000/1749 | kept=92 | rest=749
[TEST] {1} tested=1100/1749 | kept=106 | rest=649
[TEST] {1} tested=1200/1749 | kept=107 | rest=549
[TEST] {1} tested=1300/1749 | kept=108 | rest=449
[TEST] {1} tested=1400/1749 | kept=108 | rest=349
[TEST] {1} tested=1500/1749 | kept=108 | rest=249
[TEST] {1} tested=1600/1749 | kept=108 | rest=149
[TEST] {1} tested=1700/1749 | kept=109 | rest=49
[TEST] {1} tested=1749/1749 | kept=109 | rest=0
------------------------------------------------------------
[TEST] source=[免费节点7] | proxies=64
[TEST] {1} tested=64/64 | kept=38 | rest=0
------------------------------------------------------------
[TEST] source=[免费节点8] | proxies=4234
[WARN] batch start failed | size=4234 {1} | split=706 {2} + 706 {3} + 706 {4} + 706 {5} + 706 {6} + 704 {7}
[WARN] batch start failed | size=706 {2} | split=118 {8} + 118 {9} + 118 {10} + 118 {11} + 118 {12} + 116 {13}
[TEST] {5} tested=100/706 | kept=0 | rest=4068
[TEST] {5} tested=200/706 | kept=1 | rest=3968
[TEST] {7} tested=100/704 | kept=0 | rest=3849
[TEST] {3} tested=100/706 | kept=0 | rest=3742
[TEST] {4} tested=100/706 | kept=0 | rest=3590
[TEST] {7} tested=200/704 | kept=0 | rest=3527
[TEST] {6} tested=100/706 | kept=0 | rest=3432
[TEST] {6} tested=200/706 | kept=0 | rest=3271
[TEST] {5} tested=300/706 | kept=1 | rest=3169
[TEST] {5} tested=400/706 | kept=1 | rest=3066
[TEST] {7} tested=300/704 | kept=0 | rest=3005
[TEST] {7} tested=400/704 | kept=0 | rest=2905
[TEST] {3} tested=200/706 | kept=0 | rest=2780
[TEST] {4} tested=200/706 | kept=0 | rest=2614
[TEST] {7} tested=500/704 | kept=0 | rest=2598
[TEST] {6} tested=300/706 | kept=0 | rest=2455
[TEST] {5} tested=500/706 | kept=1 | rest=2324
[TEST] {6} tested=400/706 | kept=33 | rest=2187
[TEST] {3} tested=300/706 | kept=0 | rest=2104
[TEST] {4} tested=300/706 | kept=0 | rest=1960
[TEST] {7} tested=600/704 | kept=1 | rest=1949
[TEST] {5} tested=600/706 | kept=1 | rest=1862
[TEST] {6} tested=500/706 | kept=68 | rest=1717
[TEST] {4} tested=400/706 | kept=0 | rest=1626
[TEST] {6} tested=600/706 | kept=86 | rest=1605
[TEST] {5} tested=700/706 | kept=1 | rest=1479
[TEST] {3} tested=400/706 | kept=0 | rest=1397
[TEST] {4} tested=500/706 | kept=7 | rest=1243
[TEST] {7} tested=700/704 | kept=4 | rest=1220
[TEST] {7} tested=704/704 | kept=4 | rest=1205
[TEST] {3} tested=500/706 | kept=0 | rest=1169
[TEST] {4} tested=600/706 | kept=9 | rest=1120
[TEST] {6} tested=700/706 | kept=86 | rest=982
[TEST] {5} tested=706/706 | kept=1 | rest=976
[TEST] {6} tested=706/706 | kept=86 | rest=969
[TEST] {3} tested=600/706 | kept=0 | rest=843
[TEST] {4} tested=700/706 | kept=19 | rest=766
[TEST] {4} tested=706/706 | kept=19 | rest=758
[WARN] batch start failed | size=118 {8} | split=59 {14} + 59 {15}
[TEST] {3} tested=700/706 | kept=0 | rest=459
[TEST] {9} tested=100/118 | kept=9 | rest=445
[TEST] {3} tested=706/706 | kept=0 | rest=433
[TEST] {9} tested=118/118 | kept=9 | rest=392
[TEST] {11} tested=100/118 | kept=0 | rest=379
[TEST] {12} tested=100/118 | kept=0 | rest=302
[TEST] {12} tested=118/118 | kept=0 | rest=284
[TEST] {10} tested=100/118 | kept=1 | rest=232
[TEST] {10} tested=118/118 | kept=1 | rest=214
[WARN] batch start failed | size=59 {14} | split=30 {16} + 29 {17}
[TEST] {13} tested=100/116 | kept=1 | rest=145
[TEST] {13} tested=116/116 | kept=1 | rest=129
[TEST] {11} tested=118/118 | kept=0 | rest=73
[TEST] {15} tested=59/59 | kept=52 | rest=59
[WARN] batch start failed | size=30 {16} | split=15 {18} + 15 {19}
[TEST] {17} tested=29/29 | kept=29 | rest=30
[WARN] batch start failed | size=15 {18} | split=8 {20} + 7 {21}
[TEST] {19} tested=15/15 | kept=15 | rest=15
[WARN] batch start failed | size=8 {20} | split=4 {22} + 4 {23}
[TEST] {21} tested=7/7 | kept=5 | rest=8
[WARN] batch start failed | size=4 {22} | split=2 {24} + 2 {25}
[TEST] {23} tested=4/4 | kept=4 | rest=4
[WARN] batch start failed | size=2 {24} | split=1 {26} + 1 {27}
[TEST] {25} tested=2/2 | kept=1 | rest=2
[DROP] name=[免费节点8]  {26} | server=None:None | reason=Parse config error: proxy 0: missing type
[TEST] {27} tested=1/1 | kept=1 | rest=0
[INFO] dropped=1 | [免费节点8] × 1
------------------------------------------------------------
[TEST] source=[免费节点9] | proxies=615
[WARN] batch start failed | size=615 {1} | split=103 {2} + 103 {3} + 103 {4} + 103 {5} + 103 {6} + 100 {7}
[WARN] batch start failed | size=103 {3} | split=52 {8} + 51 {9}
[WARN] batch start failed | size=103 {4} | split=52 {10} + 51 {11}
[WARN] batch start failed | size=103 {2} | split=52 {12} + 51 {13}
[WARN] batch start failed | size=103 {5} | split=52 {14} + 51 {15}
[WARN] batch start failed | size=103 {6} | split=52 {16} + 51 {17}
[TEST] {7} tested=100/100 | kept=0 | rest=515
[WARN] batch start failed | size=52 {8} | split=26 {18} + 26 {19}
[WARN] batch start failed | size=51 {11} | split=26 {20} + 25 {21}
[WARN] batch start failed | size=51 {9} | split=26 {22} + 25 {23}
[WARN] batch start failed | size=26 {18} | split=13 {24} + 13 {25}
[WARN] batch start failed | size=52 {10} | split=26 {26} + 26 {27}
[WARN] batch start failed | size=26 {20} | split=13 {28} + 13 {29}
[WARN] batch start failed | size=51 {13} | split=26 {30} + 25 {31}
[WARN] batch start failed | size=52 {16} | split=26 {32} + 26 {33}
[WARN] batch start failed | size=52 {14} | split=26 {34} + 26 {35}
[WARN] batch start failed | size=51 {17} | split=26 {36} + 25 {37}
[WARN] batch start failed | size=13 {28} | split=7 {38} + 6 {39}
[TEST] {37} tested=25/25 | kept=0 | rest=480
[TEST] {34} tested=26/26 | kept=0 | rest=464
[WARN] batch start failed | size=52 {12} | split=26 {40} + 26 {41}
[WARN] batch start failed | size=26 {19} | split=13 {42} + 13 {43}
[WARN] batch start failed | size=51 {15} | split=26 {44} + 25 {45}
[WARN] batch start failed | size=25 {21} | split=13 {46} + 12 {47}
[WARN] batch start failed | size=26 {22} | split=13 {48} + 13 {49}
[WARN] batch start failed | size=25 {23} | split=13 {50} + 12 {51}
[TEST] {24} tested=13/13 | kept=0 | rest=430
[WARN] batch start failed | size=26 {26} | split=13 {52} + 13 {53}
[TEST] {25} tested=13/13 | kept=0 | rest=418
[WARN] batch start failed | size=26 {30} | split=13 {54} + 13 {55}
[WARN] batch start failed | size=25 {31} | split=13 {56} + 12 {57}
[WARN] batch start failed | size=26 {32} | split=13 {58} + 13 {59}
[WARN] batch start failed | size=26 {35} | split=13 {60} + 13 {61}
[WARN] batch start failed | size=26 {33} | split=13 {62} + 13 {63}
[WARN] batch start failed | size=26 {36} | split=13 {64} + 13 {65}
[WARN] batch start failed | size=6 {39} | split=3 {66} + 3 {67}
[TEST] {66} tested=3/3 | kept=0 | rest=407
[TEST] {27} tested=26/26 | kept=0 | rest=402
[TEST] {29} tested=13/13 | kept=0 | rest=396
[WARN] batch start failed | size=26 {40} | split=13 {68} + 13 {69}
[WARN] batch start failed | size=13 {42} | split=7 {70} + 6 {71}
[WARN] batch start failed | size=13 {43} | split=7 {72} + 6 {73}
[WARN] batch start failed | size=25 {45} | split=13 {74} + 12 {75}
[WARN] batch start failed | size=7 {70} | split=4 {76} + 3 {77}
[WARN] batch start failed | size=13 {49} | split=7 {78} + 6 {79}
[TEST] {76} tested=4/4 | kept=0 | rest=370
[TEST] {46} tested=13/13 | kept=0 | rest=366
[WARN] batch start failed | size=13 {52} | split=7 {80} + 6 {81}
[TEST] {48} tested=13/13 | kept=0 | rest=348
[TEST] {51} tested=12/12 | kept=0 | rest=342
[WARN] batch start failed | size=13 {55} | split=7 {82} + 6 {83}
[WARN] batch start failed | size=13 {54} | split=7 {84} + 6 {85}
[WARN] batch start failed | size=12 {57} | split=6 {86} + 6 {87}
[TEST] {50} tested=13/13 | kept=0 | rest=325
[WARN] batch start failed | size=13 {58} | split=7 {88} + 6 {89}
[WARN] batch start failed | size=13 {61} | split=7 {90} + 6 {91}
[WARN] batch start failed | size=13 {63} | split=7 {92} + 6 {93}
[TEST] {53} tested=13/13 | kept=0 | rest=312
[TEST] {82} tested=7/7 | kept=1 | rest=296
[WARN] batch start failed | size=13 {65} | split=7 {94} + 6 {95}
[TEST] {59} tested=13/13 | kept=0 | rest=290
[WARN] batch start failed | size=3 {67} | split=2 {96} + 1 {97}
[TEST] {60} tested=13/13 | kept=0 | rest=280
[TEST] {62} tested=13/13 | kept=0 | rest=274
[TEST] {64} tested=13/13 | kept=0 | rest=266
[TEST] {38} tested=7/7 | kept=0 | rest=262
[WARN] batch start failed | size=26 {41} | split=13 {98} + 13 {99}
[WARN] batch start failed | size=13 {68} | split=7 {100} + 6 {101}
[WARN] batch start failed | size=26 {44} | split=13 {102} + 13 {103}
[WARN] batch start failed | size=6 {73} | split=3 {104} + 3 {105}
[WARN] batch start failed | size=12 {75} | split=6 {106} + 6 {107}
[WARN] batch start failed | size=12 {47} | split=6 {108} + 6 {109}
[WARN] batch start failed | size=7 {78} | split=4 {110} + 3 {111}
[TEST] {69} tested=13/13 | kept=0 | rest=231
[WARN] batch start failed | size=7 {80} | split=4 {112} + 3 {113}
[TEST] {71} tested=6/6 | kept=0 | rest=225
[TEST] {72} tested=7/7 | kept=0 | rest=223
[TEST] {74} tested=13/13 | kept=0 | rest=214
[WARN] batch start failed | size=6 {83} | split=3 {114} + 3 {115}
[TEST] {77} tested=3/3 | kept=0 | rest=206
[TEST] {79} tested=6/6 | kept=0 | rest=197
[TEST] {81} tested=6/6 | kept=0 | rest=190
[WARN] batch start failed | size=6 {89} | split=3 {116} + 3 {117}
[WARN] batch start failed | size=7 {88} | split=4 {118} + 3 {119}
[TEST] {56} tested=13/13 | kept=0 | rest=179
[TEST] {84} tested=7/7 | kept=0 | rest=174
[WARN] batch start failed | size=6 {91} | split=3 {120} + 3 {121}
[TEST] {85} tested=6/6 | kept=0 | rest=171
[TEST] {86} tested=6/6 | kept=0 | rest=163
[WARN] batch start failed | size=7 {94} | split=4 {122} + 3 {123}
[WARN] batch start failed | size=2 {96} | split=1 {124} + 1 {125}
[TEST] {97} tested=1/1 | kept=0 | rest=157
[TEST] {87} tested=6/6 | kept=0 | rest=156
[TEST] {90} tested=7/7 | kept=0 | rest=152
[TEST] {92} tested=7/7 | kept=0 | rest=149
[TEST] {93} tested=6/6 | kept=0 | rest=146
[TEST] {95} tested=6/6 | kept=0 | rest=143
[WARN] batch start failed | size=13 {99} | split=7 {126} + 6 {127}
[WARN] batch start failed | size=7 {100} | split=4 {128} + 3 {129}
[WARN] batch start failed | size=13 {103} | split=7 {130} + 6 {131}
[TEST] {104} tested=3/3 | kept=0 | rest=133
[TEST] {98} tested=13/13 | kept=0 | rest=123
[WARN] batch start failed | size=6 {106} | split=3 {132} + 3 {133}
[WARN] batch start failed | size=6 {109} | split=3 {134} + 3 {135}
[TEST] {101} tested=6/6 | kept=0 | rest=108
[WARN] batch start failed | size=3 {111} | split=2 {136} + 1 {137}
[TEST] {102} tested=13/13 | kept=0 | rest=93
[WARN] batch start failed | size=3 {113} | split=2 {138} + 1 {139}
[TEST] {105} tested=3/3 | kept=0 | rest=92
[TEST] {107} tested=6/6 | kept=0 | rest=90
[TEST] {108} tested=6/6 | kept=0 | rest=89
[TEST] {110} tested=4/4 | kept=0 | rest=87
[TEST] {112} tested=4/4 | kept=0 | rest=81
[TEST] {116} tested=3/3 | kept=0 | rest=78
[TEST] {114} tested=3/3 | kept=0 | rest=74
[TEST] {115} tested=3/3 | kept=0 | rest=72
[TEST] {117} tested=3/3 | kept=0 | rest=69
[TEST] {119} tested=3/3 | kept=0 | rest=65
[TEST] {124} tested=1/1 | kept=0 | rest=62
[TEST] {125} tested=1/1 | kept=0 | rest=61
[TEST] {121} tested=3/3 | kept=0 | rest=59
[TEST] {120} tested=3/3 | kept=0 | rest=58
[TEST] {122} tested=4/4 | kept=0 | rest=54
[WARN] batch start failed | size=7 {126} | split=4 {140} + 3 {141}
[TEST] {123} tested=3/3 | kept=0 | rest=52
[WARN] batch start failed | size=4 {128} | split=2 {142} + 2 {143}
[WARN] batch start failed | size=7 {130} | split=4 {144} + 3 {145}
[TEST] {118} tested=4/4 | kept=0 | rest=46
[TEST] {132} tested=3/3 | kept=0 | rest=42
[TEST] {127} tested=6/6 | kept=0 | rest=35
[TEST] {134} tested=3/3 | kept=0 | rest=32
[TEST] {137} tested=1/1 | kept=0 | rest=31
[TEST] {129} tested=3/3 | kept=0 | rest=29
[WARN] batch start failed | size=2 {136} | split=1 {146} + 1 {147}
[WARN] batch start failed | size=2 {138} | split=1 {148} + 1 {149}
[TEST] {131} tested=6/6 | kept=0 | rest=26
[TEST] {133} tested=3/3 | kept=0 | rest=25
[TEST] {135} tested=3/3 | kept=0 | rest=23
[TEST] {139} tested=1/1 | kept=0 | rest=22
[WARN] batch start failed | size=2 {142} | split=1 {150} + 1 {151}
[WARN] batch start failed | size=4 {144} | split=2 {152} + 2 {153}
[TEST] {146} tested=1/1 | kept=0 | rest=15
[TEST] {140} tested=4/4 | kept=0 | rest=13
[TEST] {148} tested=1/1 | kept=0 | rest=12
[TEST] {149} tested=1/1 | kept=0 | rest=11
[TEST] {141} tested=3/3 | kept=0 | rest=9
[TEST] {143} tested=2/2 | kept=0 | rest=8
[TEST] {145} tested=3/3 | kept=0 | rest=7
[DROP] name=[免费节点9]  {150} | server=None:None | reason=Parse config error: proxy 0: missing type
[TEST] {152} tested=2/2 | kept=0 | rest=4
[TEST] {153} tested=2/2 | kept=0 | rest=2
[TEST] {147} tested=1/1 | kept=0 | rest=1
[TEST] {151} tested=1/1 | kept=0 | rest=0
[INFO] dropped=1 | [免费节点9] × 1
------------------------------------------------------------
[TEST] source=[免费节点10] | proxies=5592
[WARN] batch start failed | size=5592 {1} | split=932 {2} + 932 {3} + 932 {4} + 932 {5} + 932 {6} + 932 {7}
[WARN] batch start failed | size=932 {2} | split=156 {8} + 156 {9} + 156 {10} + 156 {11} + 156 {12} + 152 {13}
[TEST] {8} tested=100/156 | kept=0 | rest=5492
[TEST] {8} tested=156/156 | kept=0 | rest=5436
[TEST] {3} tested=100/932 | kept=1 | rest=5336
[TEST] {3} tested=200/932 | kept=1 | rest=5236
[TEST] {5} tested=100/932 | kept=0 | rest=5065
[TEST] {5} tested=200/932 | kept=0 | rest=4965
[TEST] {5} tested=300/932 | kept=0 | rest=4865
[TEST] {5} tested=400/932 | kept=0 | rest=4765
[TEST] {6} tested=100/932 | kept=0 | rest=4600
[TEST] {6} tested=200/932 | kept=0 | rest=4500
[TEST] {3} tested=300/932 | kept=3 | rest=4391
[TEST] {5} tested=500/932 | kept=0 | rest=4348
[TEST] {3} tested=400/932 | kept=3 | rest=4213
[TEST] {6} tested=300/932 | kept=12 | rest=4209
[TEST] {5} tested=600/932 | kept=0 | rest=4040
[TEST] {6} tested=400/932 | kept=34 | rest=3923
[TEST] {6} tested=500/932 | kept=34 | rest=3791
[TEST] {5} tested=700/932 | kept=0 | rest=3729
[TEST] {3} tested=500/932 | kept=3 | rest=3689
[TEST] {3} tested=600/932 | kept=3 | rest=3468
[TEST] {6} tested=600/932 | kept=37 | rest=3464
[TEST] {5} tested=800/932 | kept=0 | rest=3386
[TEST] {6} tested=700/932 | kept=41 | rest=3214
[TEST] {6} tested=800/932 | kept=43 | rest=3081
[TEST] {3} tested=700/932 | kept=3 | rest=3005
[TEST] {5} tested=900/932 | kept=0 | rest=2976
[TEST] {3} tested=800/932 | kept=3 | rest=2848
[TEST] {5} tested=932/932 | kept=0 | rest=2782
[TEST] {6} tested=900/932 | kept=43 | rest=2753
[TEST] {6} tested=932/932 | kept=43 | rest=2699
[TEST] {3} tested=900/932 | kept=3 | rest=2672
[TEST] {10} tested=100/156 | kept=84 | rest=2563
[TEST] {9} tested=100/156 | kept=36 | rest=2341
[TEST] {3} tested=932/932 | kept=3 | rest=2309
[TEST] {4} tested=100/932 | kept=1 | rest=2259
[TEST] {12} tested=100/156 | kept=47 | rest=2073
[TEST] {13} tested=100/152 | kept=45 | rest=1864
[TEST] {11} tested=100/156 | kept=20 | rest=1851
[TEST] {10} tested=156/156 | kept=106 | rest=1820
[TEST] {9} tested=156/156 | kept=42 | rest=1796
[TEST] {4} tested=200/932 | kept=2 | rest=1759
[TEST] {12} tested=156/156 | kept=56 | rest=1643
[TEST] {11} tested=156/156 | kept=20 | rest=1606
[TEST] {13} tested=152/152 | kept=50 | rest=1565
[TEST] {4} tested=300/932 | kept=2 | rest=1564
[TEST] {7} tested=100/932 | kept=1 | rest=1460
[TEST] {4} tested=400/932 | kept=2 | rest=1309
[TEST] {4} tested=500/932 | kept=3 | rest=1209
[TEST] {7} tested=200/932 | kept=6 | rest=1101
[TEST] {4} tested=600/932 | kept=4 | rest=978
[TEST] {7} tested=300/932 | kept=16 | rest=879
[TEST] {4} tested=700/932 | kept=4 | rest=857
[TEST] {4} tested=800/932 | kept=4 | rest=737
[TEST] {7} tested=400/932 | kept=18 | rest=627
[TEST] {7} tested=500/932 | kept=20 | rest=497
[TEST] {4} tested=900/932 | kept=4 | rest=458
[TEST] {4} tested=932/932 | kept=4 | rest=358
[TEST] {7} tested=600/932 | kept=20 | rest=332
[TEST] {7} tested=700/932 | kept=20 | rest=232
[TEST] {7} tested=800/932 | kept=20 | rest=132
[TEST] {7} tested=900/932 | kept=21 | rest=32
[TEST] {7} tested=932/932 | kept=21 | rest=0
------------------------------------------------------------
[TEST] source=[免费节点11] | proxies=785
[WARN] batch start failed | size=785 {1} | split=131 {2} + 131 {3} + 131 {4} + 131 {5} + 131 {6} + 130 {7}
[WARN] batch start failed | size=131 {4} | split=66 {8} + 65 {9}
[WARN] batch start failed | size=130 {7} | split=65 {10} + 65 {11}
[WARN] batch start failed | size=131 {2} | split=66 {12} + 65 {13}
[TEST] {5} tested=100/131 | kept=17 | rest=592
[WARN] batch start failed | size=131 {6} | split=66 {14} + 65 {15}
[WARN] batch start failed | size=66 {14} | split=33 {16} + 33 {17}
[TEST] {3} tested=100/131 | kept=8 | rest=574
[TEST] {3} tested=131/131 | kept=8 | rest=538
[TEST] {5} tested=131/131 | kept=25 | rest=523
[WARN] batch start failed | size=66 {8} | split=33 {18} + 33 {19}
[WARN] batch start failed | size=33 {18} | split=17 {20} + 16 {21}
[WARN] batch start failed | size=65 {11} | split=33 {22} + 32 {23}
[WARN] batch start failed | size=66 {12} | split=33 {24} + 33 {25}
[WARN] batch start failed | size=65 {15} | split=33 {26} + 32 {27}
[WARN] batch start failed | size=33 {17} | split=17 {28} + 16 {29}
[TEST] {10} tested=65/65 | kept=3 | rest=381
[TEST] {13} tested=65/65 | kept=5 | rest=358
[TEST] {16} tested=33/33 | kept=18 | rest=344
[TEST] {28} tested=17/17 | kept=6 | rest=343
[WARN] batch start failed | size=33 {19} | split=17 {30} + 16 {31}
[WARN] batch start failed | size=17 {20} | split=9 {32} + 8 {33}
[WARN] batch start failed | size=33 {22} | split=17 {34} + 16 {35}
[WARN] batch start failed | size=33 {25} | split=17 {36} + 16 {37}
[WARN] batch start failed | size=33 {26} | split=17 {38} + 16 {39}
[TEST] {9} tested=65/65 | kept=11 | rest=224
[WARN] batch start failed | size=16 {29} | split=8 {40} + 8 {41}
[TEST] {21} tested=16/16 | kept=0 | rest=201
[TEST] {23} tested=32/32 | kept=4 | rest=175
[TEST] {24} tested=33/33 | kept=23 | rest=172
[TEST] {27} tested=32/32 | kept=4 | rest=165
[WARN] batch start failed | size=17 {30} | split=9 {42} + 8 {43}
[TEST] {31} tested=16/16 | kept=4 | rest=146
[WARN] batch start failed | size=16 {35} | split=8 {44} + 8 {45}
[WARN] batch start failed | size=17 {36} | split=9 {46} + 8 {47}
[WARN] batch start failed | size=16 {37} | split=8 {48} + 8 {49}
[WARN] batch start failed | size=16 {39} | split=8 {50} + 8 {51}
[WARN] batch start failed | size=17 {38} | split=9 {52} + 8 {53}
[TEST] {32} tested=9/9 | kept=0 | rest=118
[TEST] {33} tested=8/8 | kept=2 | rest=112
[TEST] {34} tested=17/17 | kept=3 | rest=109
[TEST] {40} tested=8/8 | kept=0 | rest=106
[TEST] {41} tested=8/8 | kept=0 | rest=99
[WARN] batch start failed | size=9 {42} | split=5 {54} + 4 {55}
[WARN] batch start failed | size=8 {44} | split=4 {56} + 4 {57}
[WARN] batch start failed | size=8 {47} | split=4 {58} + 4 {59}
[WARN] batch start failed | size=9 {46} | split=5 {60} + 4 {61}
[WARN] batch start failed | size=8 {48} | split=4 {62} + 4 {63}
[WARN] batch start failed | size=8 {51} | split=4 {64} + 4 {65}
[TEST] {43} tested=8/8 | kept=1 | rest=83
[WARN] batch start failed | size=8 {53} | split=4 {66} + 4 {67}
[TEST] {45} tested=8/8 | kept=3 | rest=62
[TEST] {49} tested=8/8 | kept=1 | rest=61
[TEST] {50} tested=8/8 | kept=2 | rest=59
[TEST] {52} tested=9/9 | kept=2 | rest=58
[WARN] batch start failed | size=5 {54} | split=3 {68} + 2 {69}
[WARN] batch start failed | size=4 {56} | split=2 {70} + 2 {71}
[TEST] {55} tested=4/4 | kept=1 | rest=53
[WARN] batch start failed | size=4 {59} | split=2 {72} + 2 {73}
[WARN] batch start failed | size=4 {58} | split=2 {74} + 2 {75}
[WARN] batch start failed | size=4 {61} | split=2 {76} + 2 {77}
[WARN] batch start failed | size=5 {60} | split=3 {78} + 2 {79}
[WARN] batch start failed | size=4 {62} | split=2 {80} + 2 {81}
[WARN] batch start failed | size=4 {66} | split=2 {82} + 2 {83}
[TEST] {65} tested=4/4 | kept=0 | rest=44
[TEST] {67} tested=4/4 | kept=1 | rest=39
[TEST] {63} tested=4/4 | kept=0 | rest=38
[TEST] {57} tested=4/4 | kept=0 | rest=36
[TEST] {64} tested=4/4 | kept=1 | rest=34
[WARN] batch start failed | size=2 {70} | split=1 {84} + 1 {85}
[WARN] batch start failed | size=2 {71} | split=1 {86} + 1 {87}
[WARN] batch start failed | size=2 {73} | split=1 {88} + 1 {89}
[TEST] {75} tested=2/2 | kept=1 | rest=29
[TEST] {72} tested=2/2 | kept=0 | rest=28
[WARN] batch start failed | size=2 {74} | split=1 {90} + 1 {91}
[WARN] batch start failed | size=2 {76} | split=1 {92} + 1 {93}
[WARN] batch start failed | size=2 {77} | split=1 {94} + 1 {95}
[WARN] batch start failed | size=3 {78} | split=2 {96} + 1 {97}
[TEST] {80} tested=2/2 | kept=1 | rest=26
[TEST] {81} tested=2/2 | kept=0 | rest=24
[WARN] batch start failed | size=2 {83} | split=1 {98} + 1 {99}
[TEST] {79} tested=2/2 | kept=1 | rest=21
[TEST] {82} tested=2/2 | kept=0 | rest=20
[TEST] {68} tested=3/3 | kept=0 | rest=18
[TEST] {69} tested=2/2 | kept=0 | rest=17
[REPAIR] name=[免费节点11] 🇩🇪 德国 04 {84} | fields=up,down
[REPAIR] name=[免费节点11] 🇩🇪 德国 10 {87} | fields=up,down
[TEST] {85} tested=1/1 | kept=0 | rest=16
[TEST] {88} tested=1/1 | kept=1 | rest=15
[TEST] {89} tested=1/1 | kept=1 | rest=14
[TEST] {87} tested=1/1 | kept=0 | rest=13
[TEST] {90} tested=1/1 | kept=0 | rest=12
[TEST] {91} tested=1/1 | kept=1 | rest=11
[TEST] {84} tested=1/1 | kept=0 | rest=10
[TEST] {92} tested=1/1 | kept=1 | rest=9
[TEST] {95} tested=1/1 | kept=1 | rest=8
[TEST] {93} tested=1/1 | kept=1 | rest=7
[TEST] {94} tested=1/1 | kept=0 | rest=6
[TEST] {97} tested=1/1 | kept=0 | rest=4
[TEST] {96} tested=2/2 | kept=1 | rest=3
[TEST] {98} tested=1/1 | kept=0 | rest=2
[TEST] {99} tested=1/1 | kept=0 | rest=1
[TEST] {86} tested=1/1 | kept=0 | rest=0
------------------------------------------------------------
[TEST] source=[ChromeGO-Toolkit] | proxies=20
[WARN] batch start failed | size=20 {1} | split=10 {2} + 10 {3}
[WARN] batch start failed | size=10 {2} | split=5 {4} + 5 {5}
[WARN] batch start failed | size=10 {3} | split=5 {6} + 5 {7}
[WARN] batch start failed | size=5 {4} | split=3 {8} + 2 {9}
[WARN] batch start failed | size=5 {5} | split=3 {10} + 2 {11}
[WARN] batch start failed | size=5 {6} | split=3 {12} + 2 {13}
[WARN] batch start failed | size=5 {7} | split=3 {14} + 2 {15}
[WARN] batch start failed | size=3 {8} | split=2 {16} + 1 {17}
[WARN] batch start failed | size=3 {10} | split=2 {18} + 1 {19}
[WARN] batch start failed | size=2 {13} | split=1 {20} + 1 {21}
[WARN] batch start failed | size=2 {15} | split=1 {22} + 1 {23}
[TEST] {14} tested=3/3 | kept=2 | rest=14
[TEST] {9} tested=2/2 | kept=0 | rest=12
[TEST] {11} tested=2/2 | kept=1 | rest=11
[TEST] {12} tested=3/3 | kept=0 | rest=10
[TEST] {17} tested=1/1 | kept=0 | rest=9
[WARN] batch start failed | size=2 {16} | split=1 {24} + 1 {25}
[TEST] {22} tested=1/1 | kept=0 | rest=8
[TEST] {23} tested=1/1 | kept=0 | rest=7
[TEST] {21} tested=1/1 | kept=1 | rest=6
[TEST] {20} tested=1/1 | kept=1 | rest=5
[TEST] {18} tested=2/2 | kept=0 | rest=3
[TEST] {19} tested=1/1 | kept=0 | rest=2
[TEST] {25} tested=1/1 | kept=0 | rest=1
[TEST] {24} tested=1/1 | kept=0 | rest=0
------------------------------------------------------------
[TEST] source=[ChromeGO-ShiteThings] | proxies=31
[WARN] batch start failed | size=31 {1} | split=16 {2} + 15 {3}
[WARN] batch start failed | size=15 {3} | split=8 {4} + 7 {5}
[TEST] {2} tested=16/16 | kept=4 | rest=15
[WARN] batch start failed | size=7 {5} | split=4 {6} + 3 {7}
[TEST] {4} tested=8/8 | kept=6 | rest=7
[WARN] batch start failed | size=4 {6} | split=2 {8} + 2 {9}
[WARN] batch start failed | size=3 {7} | split=2 {10} + 1 {11}
[WARN] batch start failed | size=2 {9} | split=1 {12} + 1 {13}
[WARN] batch start failed | size=2 {10} | split=1 {14} + 1 {15}
[REPAIR] name=[ChromeGO-ShiteThings] hysteria {11} | fields=up,down
[REPAIR] name=[ChromeGO-ShiteThings] hysteria {12} | fields=up,down
[REPAIR] name=[ChromeGO-ShiteThings] hysteria {13} | fields=up,down
[REPAIR] name=[ChromeGO-ShiteThings] hysteria {14} | fields=up,down
[REPAIR] name=[ChromeGO-ShiteThings] hysteria {15} | fields=up,down
[TEST] {14} tested=1/1 | kept=0 | rest=5
[TEST] {15} tested=1/1 | kept=0 | rest=4
[TEST] {12} tested=1/1 | kept=0 | rest=3
[TEST] {13} tested=1/1 | kept=0 | rest=2
[TEST] {8} tested=2/2 | kept=0 | rest=1
[TEST] {11} tested=1/1 | kept=0 | rest=0
------------------------------------------------------------
[TEST] source=[ChromeGO-Merge] | proxies=177
[WARN] batch start failed | size=177 {1} | split=89 {2} + 88 {3}
[WARN] batch start failed | size=89 {2} | split=45 {4} + 44 {5}
[TEST] {3} tested=88/88 | kept=40 | rest=89
[WARN] batch start failed | size=45 {4} | split=23 {6} + 22 {7}
[TEST] {5} tested=44/44 | kept=0 | rest=45
[WARN] batch start failed | size=22 {7} | split=11 {8} + 11 {9}
[WARN] batch start failed | size=11 {8} | split=6 {10} + 5 {11}
[WARN] batch start failed | size=11 {9} | split=6 {12} + 5 {13}
[TEST] {6} tested=23/23 | kept=0 | rest=22
[WARN] batch start failed | size=5 {11} | split=3 {14} + 2 {15}
[WARN] batch start failed | size=6 {10} | split=3 {16} + 3 {17}
[WARN] batch start failed | size=6 {12} | split=3 {18} + 3 {19}
[WARN] batch start failed | size=5 {13} | split=3 {20} + 2 {21}
[WARN] batch start failed | size=2 {15} | split=1 {22} + 1 {23}
[REPAIR] name=[ChromeGO-Merge] Taiwan {23} | fields=up,down
[TEST] {23} tested=1/1 | kept=0 | rest=21
[WARN] batch start failed | size=3 {17} | split=2 {24} + 1 {25}
[WARN] batch start failed | size=3 {19} | split=2 {26} + 1 {27}
[WARN] batch start failed | size=3 {18} | split=2 {28} + 1 {29}
[TEST] {21} tested=2/2 | kept=0 | rest=19
[REPAIR] name=[ChromeGO-Merge] WARP {22} | fields=dialer-proxy
[TEST] {22} tested=1/1 | kept=1 | rest=18
[TEST] {14} tested=3/3 | kept=0 | rest=15
[REPAIR] name=[ChromeGO-Merge] United {25} | fields=up,down
[REPAIR] name=[ChromeGO-Merge] United {29} | fields=up,down
[TEST] {16} tested=3/3 | kept=0 | rest=12
[WARN] batch start failed | size=3 {20} | split=2 {30} + 1 {31}
[WARN] batch start failed | size=2 {24} | split=1 {32} + 1 {33}
[WARN] batch start failed | size=2 {26} | split=1 {34} + 1 {35}
[TEST] {25} tested=1/1 | kept=0 | rest=11
[WARN] batch start failed | size=2 {28} | split=1 {36} + 1 {37}
[TEST] {29} tested=1/1 | kept=0 | rest=10
[TEST] {27} tested=1/1 | kept=0 | rest=9
[TEST] {31} tested=1/1 | kept=0 | rest=7
[REPAIR] name=[ChromeGO-Merge] United {32} | fields=up,down
[REPAIR] name=[ChromeGO-Merge] France_hysteria_1 {33} | fields=up,down
[REPAIR] name=[ChromeGO-Merge] Taiwan {34} | fields=up,down
[TEST] {30} tested=2/2 | kept=0 | rest=6
[REPAIR] name=[ChromeGO-Merge] United {35} | fields=up,down
[TEST] {34} tested=1/1 | kept=0 | rest=5
[REPAIR] name=[ChromeGO-Merge] France {37} | fields=up,down
[TEST] {32} tested=1/1 | kept=0 | rest=4
[TEST] {33} tested=1/1 | kept=0 | rest=3
[TEST] {35} tested=1/1 | kept=0 | rest=2
[TEST] {36} tested=1/1 | kept=0 | rest=1
[TEST] {37} tested=1/1 | kept=0 | rest=0
------------------------------------------------------------
[TEST] source=[Pawdroid-SR-APK] | proxies=1213
[WARN] batch start failed | size=1213 {1} | split=203 {2} + 203 {3} + 203 {4} + 203 {5} + 203 {6} + 198 {7}
[WARN] batch start failed | size=203 {2} | split=102 {8} + 101 {9}
[WARN] batch start failed | size=203 {4} | split=102 {10} + 101 {11}
[WARN] batch start failed | size=203 {5} | split=102 {12} + 101 {13}
[WARN] batch start failed | size=203 {6} | split=102 {14} + 101 {15}
[WARN] batch start failed | size=203 {3} | split=102 {16} + 101 {17}
[WARN] batch start failed | size=198 {7} | split=99 {18} + 99 {19}
[WARN] batch start failed | size=102 {8} | split=51 {20} + 51 {21}
[WARN] batch start failed | size=101 {11} | split=51 {22} + 50 {23}
[WARN] batch start failed | size=101 {13} | split=51 {24} + 50 {25}
[WARN] batch start failed | size=102 {10} | split=51 {26} + 51 {27}
[WARN] batch start failed | size=102 {14} | split=51 {28} + 51 {29}
[WARN] batch start failed | size=101 {15} | split=51 {30} + 50 {31}
[WARN] batch start failed | size=102 {16} | split=51 {32} + 51 {33}
[WARN] batch start failed | size=50 {25} | split=25 {34} + 25 {35}
[WARN] batch start failed | size=99 {19} | split=50 {36} + 49 {37}
[WARN] batch start failed | size=99 {18} | split=50 {38} + 49 {39}
[WARN] batch start failed | size=50 {31} | split=25 {40} + 25 {41}
[WARN] batch start failed | size=25 {41} | split=13 {42} + 12 {43}
[WARN] batch start failed | size=50 {38} | split=25 {44} + 25 {45}
[WARN] batch start failed | size=13 {42} | split=7 {46} + 6 {47}
[WARN] batch start failed | size=7 {46} | split=4 {48} + 3 {49}
[WARN] batch start failed | size=4 {48} | split=2 {50} + 2 {51}
[WARN] batch start failed | size=51 {21} | split=26 {52} + 25 {53}
[WARN] batch start failed | size=102 {12} | split=51 {54} + 51 {55}
[WARN] batch start failed | size=51 {20} | split=26 {56} + 25 {57}
[WARN] batch start failed | size=51 {22} | split=26 {58} + 25 {59}
[WARN] batch start failed | size=26 {52} | split=13 {60} + 13 {61}
[WARN] batch start failed | size=101 {17} | split=51 {62} + 50 {63}
[WARN] batch start failed | size=51 {24} | split=26 {64} + 25 {65}
[WARN] batch start failed | size=51 {26} | split=26 {66} + 25 {67}
[WARN] batch start failed | size=51 {27} | split=26 {68} + 25 {69}
[WARN] batch start failed | size=51 {29} | split=26 {70} + 25 {71}
[WARN] batch start failed | size=51 {28} | split=26 {72} + 25 {73}
[WARN] batch start failed | size=51 {32} | split=26 {74} + 25 {75}
[WARN] batch start failed | size=51 {33} | split=26 {76} + 25 {77}
[WARN] batch start failed | size=51 {30} | split=26 {78} + 25 {79}
[WARN] batch start failed | size=25 {35} | split=13 {80} + 12 {81}
[WARN] batch start failed | size=25 {34} | split=13 {82} + 12 {83}
[WARN] batch start failed | size=50 {36} | split=25 {84} + 25 {85}
[WARN] batch start failed | size=49 {37} | split=25 {86} + 24 {87}
[WARN] batch start failed | size=25 {40} | split=13 {88} + 12 {89}
[WARN] batch start failed | size=49 {39} | split=25 {90} + 24 {91}
[WARN] batch start failed | size=101 {9} | split=51 {92} + 50 {93}
[WARN] batch start failed | size=25 {44} | split=13 {94} + 12 {95}
[WARN] batch start failed | size=12 {43} | split=6 {96} + 6 {97}
[WARN] batch start failed | size=25 {45} | split=13 {98} + 12 {99}
[WARN] batch start failed | size=6 {47} | split=3 {100} + 3 {101}
[WARN] batch start failed | size=2 {51} | split=1 {102} + 1 {103}
[WARN] batch start failed | size=50 {23} | split=25 {104} + 25 {105}
[WARN] batch start failed | size=25 {53} | split=13 {106} + 12 {107}
[TEST] {50} tested=2/2 | kept=1 | rest=1211
[WARN] batch start failed | size=25 {104} | split=13 {108} + 12 {109}
[WARN] batch start failed | size=51 {55} | split=26 {110} + 25 {111}
[WARN] batch start failed | size=25 {57} | split=13 {112} + 12 {113}
[WARN] batch start failed | size=26 {58} | split=13 {114} + 13 {115}
[WARN] batch start failed | size=26 {56} | split=13 {116} + 13 {117}
[WARN] batch start failed | size=25 {59} | split=13 {118} + 12 {119}
[WARN] batch start failed | size=13 {60} | split=7 {120} + 6 {121}
[WARN] batch start failed | size=26 {64} | split=13 {122} + 13 {123}
[WARN] batch start failed | size=50 {63} | split=25 {124} + 25 {125}
[WARN] batch start failed | size=25 {65} | split=13 {126} + 12 {127}
[WARN] batch start failed | size=26 {66} | split=13 {128} + 13 {129}
[WARN] batch start failed | size=25 {67} | split=13 {130} + 12 {131}
[WARN] batch start failed | size=25 {69} | split=13 {132} + 12 {133}
[WARN] batch start failed | size=26 {70} | split=13 {134} + 13 {135}
[WARN] batch start failed | size=25 {71} | split=13 {136} + 12 {137}
[WARN] batch start failed | size=25 {73} | split=13 {138} + 12 {139}
[WARN] batch start failed | size=13 {138} | split=7 {140} + 6 {141}
[WARN] batch start failed | size=26 {74} | split=13 {142} + 13 {143}
[WARN] batch start failed | size=25 {77} | split=13 {144} + 12 {145}
[WARN] batch start failed | size=26 {76} | split=13 {146} + 13 {147}
[WARN] batch start failed | size=13 {143} | split=7 {148} + 6 {149}
[WARN] batch start failed | size=26 {78} | split=13 {150} + 13 {151}
[WARN] batch start failed | size=13 {142} | split=7 {152} + 6 {153}
[WARN] batch start failed | size=12 {81} | split=6 {154} + 6 {155}
[WARN] batch start failed | size=13 {82} | split=7 {156} + 6 {157}
[WARN] batch start failed | size=25 {85} | split=13 {158} + 12 {159}
[WARN] batch start failed | size=7 {152} | split=4 {160} + 3 {161}
[WARN] batch start failed | size=25 {86} | split=13 {162} + 12 {163}
[WARN] batch start failed | size=25 {84} | split=13 {164} + 12 {165}
[WARN] batch start failed | size=13 {158} | split=7 {166} + 6 {167}
[WARN] batch start failed | size=24 {87} | split=12 {168} + 12 {169}
[WARN] batch start failed | size=13 {88} | split=7 {170} + 6 {171}
[WARN] batch start failed | size=12 {89} | split=6 {172} + 6 {173}
[WARN] batch start failed | size=24 {91} | split=12 {174} + 12 {175}
[WARN] batch start failed | size=51 {92} | split=26 {176} + 25 {177}
[WARN] batch start failed | size=13 {94} | split=7 {178} + 6 {179}
[WARN] batch start failed | size=12 {95} | split=6 {180} + 6 {181}
[WARN] batch start failed | size=6 {179} | split=3 {182} + 3 {183}
[WARN] batch start failed | size=12 {99} | split=6 {184} + 6 {185}
[WARN] batch start failed | size=13 {98} | split=7 {186} + 6 {187}
[WARN] batch start failed | size=6 {97} | split=3 {188} + 3 {189}
[WARN] batch start failed | size=3 {100} | split=2 {190} + 1 {191}
[TEST] {101} tested=3/3 | kept=2 | rest=1206
[TEST] {49} tested=3/3 | kept=2 | rest=1205
[TEST] {102} tested=1/1 | kept=1 | rest=1204
[WARN] batch start failed | size=51 {54} | split=26 {192} + 25 {193}
[WARN] batch start failed | size=13 {106} | split=7 {194} + 6 {195}
[WARN] batch start failed | size=25 {105} | split=13 {196} + 12 {197}
[WARN] batch start failed | size=12 {107} | split=6 {198} + 6 {199}
[WARN] batch start failed | size=13 {108} | split=7 {200} + 6 {201}
[WARN] batch start failed | size=12 {109} | split=6 {202} + 6 {203}
[WARN] batch start failed | size=26 {110} | split=13 {204} + 13 {205}
[WARN] batch start failed | size=25 {111} | split=13 {206} + 12 {207}
[WARN] batch start failed | size=13 {61} | split=7 {208} + 6 {209}
[WARN] batch start failed | size=13 {112} | split=7 {210} + 6 {211}
[WARN] batch start failed | size=12 {113} | split=6 {212} + 6 {213}
[WARN] batch start failed | size=51 {62} | split=26 {214} + 25 {215}
[WARN] batch start failed | size=13 {117} | split=7 {216} + 6 {217}
[WARN] batch start failed | size=13 {116} | split=7 {218} + 6 {219}
[WARN] batch start failed | size=25 {215} | split=13 {220} + 12 {221}
[WARN] batch start failed | size=13 {114} | split=7 {222} + 6 {223}
[WARN] batch start failed | size=12 {119} | split=6 {224} + 6 {225}
[WARN] batch start failed | size=13 {118} | split=7 {226} + 6 {227}
[WARN] batch start failed | size=6 {121} | split=3 {228} + 3 {229}
[WARN] batch start failed | size=13 {122} | split=7 {230} + 6 {231}
[WARN] batch start failed | size=26 {68} | split=13 {232} + 13 {233}
[WARN] batch start failed | size=25 {124} | split=13 {234} + 12 {235}
[WARN] batch start failed | size=25 {125} | split=13 {236} + 12 {237}
[WARN] batch start failed | size=13 {126} | split=7 {238} + 6 {239}
[WARN] batch start failed | size=12 {127} | split=6 {240} + 6 {241}
[WARN] batch start failed | size=13 {129} | split=7 {242} + 6 {243}
[WARN] batch start failed | size=13 {128} | split=7 {244} + 6 {245}
[WARN] batch start failed | size=13 {130} | split=7 {246} + 6 {247}
[WARN] batch start failed | size=12 {131} | split=6 {248} + 6 {249}
[WARN] batch start failed | size=26 {72} | split=13 {250} + 13 {251}
[WARN] batch start failed | size=12 {133} | split=6 {252} + 6 {253}
[WARN] batch start failed | size=13 {132} | split=7 {254} + 6 {255}
[WARN] batch start failed | size=13 {135} | split=7 {256} + 6 {257}
[WARN] batch start failed | size=13 {134} | split=7 {258} + 6 {259}
[WARN] batch start failed | size=6 {252} | split=3 {260} + 3 {261}
[WARN] batch start failed | size=12 {137} | split=6 {262} + 6 {263}
[WARN] batch start failed | size=12 {139} | split=6 {264} + 6 {265}
[WARN] batch start failed | size=25 {75} | split=13 {266} + 12 {267}
[WARN] batch start failed | size=6 {265} | split=3 {268} + 3 {269}
[WARN] batch start failed | size=7 {140} | split=4 {270} + 3 {271}
[WARN] batch start failed | size=25 {79} | split=13 {272} + 12 {273}
[WARN] batch start failed | size=13 {80} | split=7 {274} + 6 {275}
[WARN] batch start failed | size=13 {144} | split=7 {276} + 6 {277}
[WARN] batch start failed | size=12 {145} | split=6 {278} + 6 {279}
[WARN] batch start failed | size=13 {146} | split=7 {280} + 6 {281}
[WARN] batch start failed | size=13 {147} | split=7 {282} + 6 {283}
[WARN] batch start failed | size=7 {148} | split=4 {284} + 3 {285}
[WARN] batch start failed | size=13 {150} | split=7 {286} + 6 {287}
[TEST] {103} tested=1/1 | kept=0 | rest=1203
[WARN] batch start failed | size=6 {281} | split=3 {288} + 3 {289}
[WARN] batch start failed | size=6 {149} | split=3 {290} + 3 {291}
[WARN] batch start failed | size=6 {278} | split=3 {292} + 3 {293}
[WARN] batch start failed | size=13 {151} | split=7 {294} + 6 {295}
[WARN] batch start failed | size=6 {155} | split=3 {296} + 3 {297}
[WARN] batch start failed | size=6 {154} | split=3 {298} + 3 {299}
[WARN] batch start failed | size=7 {156} | split=4 {300} + 3 {301}
[WARN] batch start failed | size=4 {160} | split=2 {302} + 2 {303}
[WARN] batch start failed | size=12 {159} | split=6 {304} + 6 {305}
[WARN] batch start failed | size=13 {162} | split=7 {306} + 6 {307}
[WARN] batch start failed | size=12 {163} | split=6 {308} + 6 {309}
[WARN] batch start failed | size=2 {302} | split=1 {310} + 1 {311}
[WARN] batch start failed | size=12 {165} | split=6 {312} + 6 {313}
[WARN] batch start failed | size=7 {166} | split=4 {314} + 3 {315}
[WARN] batch start failed | size=6 {167} | split=3 {316} + 3 {317}
[WARN] batch start failed | size=12 {169} | split=6 {318} + 6 {319}
[WARN] batch start failed | size=6 {171} | split=3 {320} + 3 {321}
[WARN] batch start failed | size=7 {170} | split=4 {322} + 3 {323}
[WARN] batch start failed | size=6 {172} | split=3 {324} + 3 {325}
[WARN] batch start failed | size=6 {173} | split=3 {326} + 3 {327}
[WARN] batch start failed | size=25 {90} | split=13 {328} + 12 {329}
[TEST] {161} tested=3/3 | kept=3 | rest=1195
[WARN] batch start failed | size=12 {174} | split=6 {330} + 6 {331}
[WARN] batch start failed | size=12 {175} | split=6 {332} + 6 {333}
[WARN] batch start failed | size=50 {93} | split=25 {334} + 25 {335}
[WARN] batch start failed | size=26 {176} | split=13 {336} + 13 {337}
[WARN] batch start failed | size=25 {177} | split=13 {338} + 12 {339}
[WARN] batch start failed | size=7 {178} | split=4 {340} + 3 {341}
[WARN] batch start failed | size=6 {181} | split=3 {342} + 3 {343}
[WARN] batch start failed | size=6 {180} | split=3 {344} + 3 {345}
[TEST] {183} tested=3/3 | kept=1 | rest=1176
[WARN] batch start failed | size=6 {184} | split=3 {346} + 3 {347}
[WARN] batch start failed | size=6 {185} | split=3 {348} + 3 {349}
[TEST] {157} tested=6/6 | kept=6 | rest=1173
[WARN] batch start failed | size=6 {187} | split=3 {350} + 3 {351}
[WARN] batch start failed | size=7 {186} | split=4 {352} + 3 {353}
[TEST] {168} tested=12/12 | kept=12 | rest=1172
[TEST] {182} tested=3/3 | kept=2 | rest=1171
[TEST] {191} tested=1/1 | kept=0 | rest=1167
[TEST] {96} tested=6/6 | kept=2 | rest=1165
[TEST] {188} tested=3/3 | kept=2 | rest=1164
[TEST] {189} tested=3/3 | kept=1 | rest=1162
[TEST] {190} tested=2/2 | kept=0 | rest=1161
[WARN] batch start failed | size=26 {192} | split=13 {354} + 13 {355}
[WARN] batch start failed | size=25 {193} | split=13 {356} + 12 {357}
[WARN] batch start failed | size=7 {194} | split=4 {358} + 3 {359}
[WARN] batch start failed | size=6 {195} | split=3 {360} + 3 {361}
[WARN] batch start failed | size=13 {196} | split=7 {362} + 6 {363}
[WARN] batch start failed | size=12 {197} | split=6 {364} + 6 {365}
[WARN] batch start failed | size=6 {199} | split=3 {366} + 3 {367}
[WARN] batch start failed | size=6 {198} | split=3 {368} + 3 {369}
[WARN] batch start failed | size=6 {201} | split=3 {370} + 3 {371}
[TEST] {200} tested=7/7 | kept=4 | rest=1154
[WARN] batch start failed | size=6 {202} | split=3 {372} + 3 {373}
[TEST] {203} tested=6/6 | kept=5 | rest=1148
[WARN] batch start failed | size=13 {204} | split=7 {374} + 6 {375}
[WARN] batch start failed | size=13 {205} | split=7 {376} + 6 {377}
[WARN] batch start failed | size=12 {207} | split=6 {378} + 6 {379}
[WARN] batch start failed | size=13 {206} | split=7 {380} + 6 {381}
[WARN] batch start failed | size=6 {379} | split=3 {382} + 3 {383}
[WARN] batch start failed | size=6 {209} | split=3 {384} + 3 {385}
[WARN] batch start failed | size=7 {210} | split=4 {386} + 3 {387}
[WARN] batch start failed | size=6 {213} | split=3 {388} + 3 {389}
[WARN] batch start failed | size=6 {212} | split=3 {390} + 3 {391}
[WARN] batch start failed | size=26 {214} | split=13 {392} + 13 {393}
[WARN] batch start failed | size=7 {216} | split=4 {394} + 3 {395}
[WARN] batch start failed | size=6 {219} | split=3 {396} + 3 {397}
[WARN] batch start failed | size=7 {218} | split=4 {398} + 3 {399}
[WARN] batch start failed | size=12 {221} | split=6 {400} + 6 {401}
[WARN] batch start failed | size=7 {222} | split=4 {402} + 3 {403}
[TEST] {217} tested=6/6 | kept=6 | rest=1140
[WARN] batch start failed | size=6 {224} | split=3 {404} + 3 {405}
[WARN] batch start failed | size=6 {225} | split=3 {406} + 3 {407}
[TEST] {120} tested=7/7 | kept=7 | rest=1129
[WARN] batch start failed | size=7 {226} | split=4 {408} + 3 {409}
[WARN] batch start failed | size=6 {227} | split=3 {410} + 3 {411}
[WARN] batch start failed | size=3 {228} | split=2 {412} + 1 {413}
[WARN] batch start failed | size=13 {123} | split=7 {414} + 6 {415}
[WARN] batch start failed | size=3 {229} | split=2 {416} + 1 {417}
[WARN] batch start failed | size=6 {231} | split=3 {418} + 3 {419}
[WARN] batch start failed | size=13 {233} | split=7 {420} + 6 {421}
[WARN] batch start failed | size=13 {234} | split=7 {422} + 6 {423}
[WARN] batch start failed | size=12 {235} | split=6 {424} + 6 {425}
[WARN] batch start failed | size=12 {237} | split=6 {426} + 6 {427}
[WARN] batch start failed | size=7 {238} | split=4 {428} + 3 {429}
[WARN] batch start failed | size=6 {240} | split=3 {430} + 3 {431}
[TEST] {383} tested=3/3 | kept=2 | rest=1107
[WARN] batch start failed | size=6 {243} | split=3 {432} + 3 {433}
[TEST] {239} tested=6/6 | kept=6 | rest=1102
[WARN] batch start failed | size=7 {244} | split=4 {434} + 3 {435}
[WARN] batch start failed | size=6 {245} | split=3 {436} + 3 {437}
[TEST] {220} tested=13/13 | kept=8 | rest=1086
[TEST] {223} tested=6/6 | kept=3 | rest=1085
[WARN] batch start failed | size=6 {248} | split=3 {438} + 3 {439}
[TEST] {241} tested=6/6 | kept=5 | rest=1084
[WARN] batch start failed | size=6 {249} | split=3 {440} + 3 {441}
[WARN] batch start failed | size=13 {251} | split=7 {442} + 6 {443}
[WARN] batch start failed | size=13 {250} | split=7 {444} + 6 {445}
[WARN] batch start failed | size=13 {136} | split=7 {446} + 6 {447}
[WARN] batch start failed | size=7 {254} | split=4 {448} + 3 {449}
[TEST] {247} tested=6/6 | kept=4 | rest=1077
[WARN] batch start failed | size=6 {257} | split=3 {450} + 3 {451}
[TEST] {230} tested=7/7 | kept=6 | rest=1075
[WARN] batch start failed | size=7 {256} | split=4 {452} + 3 {453}
[WARN] batch start failed | size=7 {258} | split=4 {454} + 3 {455}
[WARN] batch start failed | size=3 {260} | split=2 {456} + 1 {457}
[WARN] batch start failed | size=3 {261} | split=2 {458} + 1 {459}
[WARN] batch start failed | size=6 {262} | split=3 {460} + 3 {461}
[TEST] {253} tested=6/6 | kept=5 | rest=1064
[WARN] batch start failed | size=6 {263} | split=3 {462} + 3 {463}
[WARN] batch start failed | size=6 {264} | split=3 {464} + 3 {465}
[WARN] batch start failed | size=12 {267} | split=6 {466} + 6 {467}
[WARN] batch start failed | size=13 {266} | split=7 {468} + 6 {469}
[TEST] {255} tested=6/6 | kept=5 | rest=1059
[TEST] {259} tested=6/6 | kept=6 | rest=1058
[WARN] batch start failed | size=6 {141} | split=3 {470} + 3 {471}
[WARN] batch start failed | size=3 {268} | split=2 {472} + 1 {473}
[WARN] batch start failed | size=12 {273} | split=6 {474} + 6 {475}
[WARN] batch start failed | size=13 {272} | split=7 {476} + 6 {477}
[TEST] {271} tested=3/3 | kept=1 | rest=1050
[WARN] batch start failed | size=7 {274} | split=4 {478} + 3 {479}
[TEST] {269} tested=3/3 | kept=3 | rest=1049
[WARN] batch start failed | size=6 {275} | split=3 {480} + 3 {481}
[WARN] batch start failed | size=7 {276} | split=4 {482} + 3 {483}
[TEST] {270} tested=4/4 | kept=2 | rest=1048
[WARN] batch start failed | size=7 {280} | split=4 {484} + 3 {485}
[WARN] batch start failed | size=6 {153} | split=3 {486} + 3 {487}
[WARN] batch start failed | size=12 {83} | split=6 {488} + 6 {489}
[WARN] batch start failed | size=7 {282} | split=4 {490} + 3 {491}
[TEST] {242} tested=7/7 | kept=3 | rest=1046
[WARN] batch start failed | size=6 {279} | split=3 {492} + 3 {493}
[WARN] batch start failed | size=4 {284} | split=2 {494} + 2 {495}
[WARN] batch start failed | size=3 {285} | split=2 {496} + 1 {497}
[WARN] batch start failed | size=7 {286} | split=4 {498} + 3 {499}
[TEST] {246} tested=7/7 | kept=2 | rest=1043
[TEST] {283} tested=6/6 | kept=6 | rest=1030
[TEST] {288} tested=3/3 | kept=2 | rest=1028
[TEST] {291} tested=3/3 | kept=3 | rest=1023
[TEST] {290} tested=3/3 | kept=1 | rest=1017
[WARN] batch start failed | size=7 {294} | split=4 {500} + 3 {501}
[TEST] {292} tested=3/3 | kept=2 | rest=1015
[WARN] batch start failed | size=6 {295} | split=3 {502} + 3 {503}
[TEST] {297} tested=3/3 | kept=3 | rest=1010
[TEST] {296} tested=3/3 | kept=3 | rest=1007
[TEST] {277} tested=6/6 | kept=5 | rest=1005
[TEST] {298} tested=3/3 | kept=3 | rest=1003
[TEST] {299} tested=3/3 | kept=2 | rest=1002
[WARN] batch start failed | size=4 {300} | split=2 {504} + 2 {505}
[TEST] {287} tested=6/6 | kept=4 | rest=1000
[TEST] {289} tested=3/3 | kept=2 | rest=999
[WARN] batch start failed | size=13 {164} | split=7 {506} + 6 {507}
[WARN] batch start failed | size=6 {305} | split=3 {508} + 3 {509}
[WARN] batch start failed | size=6 {304} | split=3 {510} + 3 {511}
[WARN] batch start failed | size=7 {306} | split=4 {512} + 3 {513}
[WARN] batch start failed | size=6 {307} | split=3 {514} + 3 {515}
[WARN] batch start failed | size=6 {308} | split=3 {516} + 3 {517}
[TEST] {301} tested=3/3 | kept=2 | rest=994
[WARN] batch start failed | size=6 {312} | split=3 {518} + 3 {519}
[TEST] {311} tested=1/1 | kept=1 | rest=992
[WARN] batch start failed | size=6 {313} | split=3 {520} + 3 {521}
[TEST] {310} tested=1/1 | kept=1 | rest=991
[TEST] {293} tested=3/3 | kept=1 | rest=990
[WARN] batch start failed | size=4 {314} | split=2 {522} + 2 {523}
[WARN] batch start failed | size=3 {315} | split=2 {524} + 1 {525}
[WARN] batch start failed | size=3 {317} | split=2 {526} + 1 {527}
[WARN] batch start failed | size=6 {319} | split=3 {528} + 3 {529}
[TEST] {303} tested=2/2 | kept=2 | rest=985
[TEST] {316} tested=3/3 | kept=3 | rest=984
[TEST] {318} tested=6/6 | kept=6 | rest=979
[WARN] batch start failed | size=4 {322} | split=2 {530} + 2 {531}
[WARN] batch start failed | size=3 {325} | split=2 {532} + 1 {533}
[TEST] {323} tested=3/3 | kept=3 | rest=973
[WARN] batch start failed | size=3 {327} | split=2 {534} + 1 {535}
[WARN] batch start failed | size=13 {328} | split=7 {536} + 6 {537}
[WARN] batch start failed | size=12 {329} | split=6 {538} + 6 {539}
[TEST] {324} tested=3/3 | kept=2 | rest=966
[TEST] {326} tested=3/3 | kept=2 | rest=965
[WARN] batch start failed | size=6 {330} | split=3 {540} + 3 {541}
[WARN] batch start failed | size=6 {331} | split=3 {542} + 3 {543}
[WARN] batch start failed | size=6 {332} | split=3 {544} + 3 {545}
[WARN] batch start failed | size=6 {333} | split=3 {546} + 3 {547}
[TEST] {309} tested=6/6 | kept=3 | rest=963
[WARN] batch start failed | size=25 {334} | split=13 {548} + 12 {549}
[WARN] batch start failed | size=25 {335} | split=13 {550} + 12 {551}
[WARN] batch start failed | size=13 {336} | split=7 {552} + 6 {553}
[WARN] batch start failed | size=13 {337} | split=7 {554} + 6 {555}
[TEST] {320} tested=3/3 | kept=1 | rest=962
[WARN] batch start failed | size=13 {338} | split=7 {556} + 6 {557}
[TEST] {321} tested=3/3 | kept=1 | rest=961
[WARN] batch start failed | size=12 {339} | split=6 {558} + 6 {559}
[WARN] batch start failed | size=4 {340} | split=2 {560} + 2 {561}
[WARN] batch start failed | size=3 {342} | split=2 {562} + 1 {563}
[TEST] {341} tested=3/3 | kept=1 | rest=958
[WARN] batch start failed | size=3 {344} | split=2 {564} + 1 {565}
[WARN] batch start failed | size=3 {347} | split=2 {566} + 1 {567}
[TEST] {343} tested=3/3 | kept=1 | rest=951
[TEST] {348} tested=3/3 | kept=1 | rest=948
[TEST] {350} tested=3/3 | kept=2 | rest=943
[TEST] {346} tested=3/3 | kept=2 | rest=942
[WARN] batch start failed | size=4 {352} | split=2 {568} + 2 {569}
[TEST] {351} tested=3/3 | kept=3 | rest=937
[TEST] {353} tested=3/3 | kept=1 | rest=936
[TEST] {345} tested=3/3 | kept=2 | rest=935
[TEST] {349} tested=3/3 | kept=2 | rest=934
[WARN] batch start failed | size=13 {354} | split=7 {570} + 6 {571}
[WARN] batch start failed | size=13 {355} | split=7 {572} + 6 {573}
[WARN] batch start failed | size=13 {356} | split=7 {574} + 6 {575}
[WARN] batch start failed | size=12 {357} | split=6 {576} + 6 {577}
[WARN] batch start failed | size=4 {358} | split=2 {578} + 2 {579}
[WARN] batch start failed | size=3 {359} | split=2 {580} + 1 {581}
[WARN] batch start failed | size=3 {360} | split=2 {582} + 1 {583}
[WARN] batch start failed | size=7 {362} | split=4 {584} + 3 {585}
[TEST] {361} tested=3/3 | kept=3 | rest=931
[WARN] batch start failed | size=6 {364} | split=3 {586} + 3 {587}
[WARN] batch start failed | size=3 {367} | split=2 {588} + 1 {589}
[TEST] {365} tested=6/6 | kept=6 | rest=918
[TEST] {366} tested=3/3 | kept=3 | rest=916
[TEST] {368} tested=3/3 | kept=3 | rest=912
[WARN] batch start failed | size=3 {370} | split=2 {590} + 1 {591}
[WARN] batch start failed | size=3 {373} | split=2 {592} + 1 {593}
[WARN] batch start failed | size=7 {374} | split=4 {594} + 3 {595}
[WARN] batch start failed | size=6 {375} | split=3 {596} + 3 {597}
[WARN] batch start failed | size=7 {376} | split=4 {598} + 3 {599}
[TEST] {372} tested=3/3 | kept=3 | rest=907
[WARN] batch start failed | size=6 {377} | split=3 {600} + 3 {601}
[TEST] {378} tested=6/6 | kept=6 | rest=895
[WARN] batch start failed | size=6 {381} | split=3 {602} + 3 {603}
[TEST] {382} tested=3/3 | kept=3 | rest=892
[TEST] {363} tested=6/6 | kept=3 | rest=891
[WARN] batch start failed | size=7 {208} | split=4 {604} + 3 {605}
[TEST] {369} tested=3/3 | kept=2 | rest=890
[WARN] batch start failed | size=3 {384} | split=2 {606} + 1 {607}
[WARN] batch start failed | size=3 {385} | split=2 {608} + 1 {609}
[WARN] batch start failed | size=6 {211} | split=3 {610} + 3 {611}
[TEST] {371} tested=3/3 | kept=2 | rest=889
[WARN] batch start failed | size=4 {386} | split=2 {612} + 2 {613}
[TEST] {387} tested=3/3 | kept=3 | rest=883
[WARN] batch start failed | size=13 {392} | split=7 {614} + 6 {615}
[TEST] {390} tested=3/3 | kept=3 | rest=877
[TEST] {389} tested=3/3 | kept=3 | rest=876
[WARN] batch start failed | size=13 {393} | split=7 {616} + 6 {617}
[TEST] {391} tested=3/3 | kept=3 | rest=875
[TEST] {380} tested=7/7 | kept=4 | rest=873
[TEST] {395} tested=3/3 | kept=3 | rest=867
[TEST] {397} tested=3/3 | kept=3 | rest=864
[WARN] batch start failed | size=4 {398} | split=2 {618} + 2 {619}
[WARN] batch start failed | size=6 {400} | split=3 {620} + 3 {621}
[TEST] {399} tested=3/3 | kept=3 | rest=860
[WARN] batch start failed | size=6 {401} | split=3 {622} + 3 {623}
[WARN] batch start failed | size=3 {405} | split=2 {624} + 1 {625}
[TEST] {402} tested=4/4 | kept=4 | rest=856
[TEST] {404} tested=3/3 | kept=3 | rest=853
[WARN] batch start failed | size=3 {407} | split=2 {626} + 1 {627}
[TEST] {406} tested=3/3 | kept=3 | rest=848
[TEST] {396} tested=3/3 | kept=3 | rest=843
[TEST] {408} tested=4/4 | kept=4 | rest=841
[TEST] {410} tested=3/3 | kept=3 | rest=837
[TEST] {388} tested=3/3 | kept=2 | rest=835
[TEST] {413} tested=1/1 | kept=1 | rest=834
[TEST] {412} tested=2/2 | kept=2 | rest=832
[TEST] {394} tested=4/4 | kept=3 | rest=830
[TEST] {417} tested=1/1 | kept=1 | rest=829
[WARN] batch start failed | size=6 {415} | split=3 {628} + 3 {629}
[TEST] {403} tested=3/3 | kept=2 | rest=826
[WARN] batch start failed | size=3 {418} | split=2 {630} + 1 {631}
[TEST] {414} tested=7/7 | kept=7 | rest=819
[TEST] {419} tested=3/3 | kept=2 | rest=818
[WARN] batch start failed | size=13 {232} | split=7 {632} + 6 {633}
[WARN] batch start failed | size=7 {420} | split=4 {634} + 3 {635}
[WARN] batch start failed | size=6 {421} | split=3 {636} + 3 {637}
[TEST] {409} tested=3/3 | kept=2 | rest=817
[WARN] batch start failed | size=6 {423} | split=3 {638} + 3 {639}
[WARN] batch start failed | size=6 {424} | split=3 {640} + 3 {641}
[TEST] {411} tested=3/3 | kept=2 | rest=811
[WARN] batch start failed | size=13 {236} | split=7 {642} + 6 {643}
[WARN] batch start failed | size=6 {426} | split=3 {644} + 3 {645}
[TEST] {425} tested=6/6 | kept=5 | rest=806
[WARN] batch start failed | size=6 {427} | split=3 {646} + 3 {647}
[WARN] batch start failed | size=4 {428} | split=2 {648} + 2 {649}
[WARN] batch start failed | size=3 {429} | split=2 {650} + 1 {651}
[WARN] batch start failed | size=3 {430} | split=2 {652} + 1 {653}
[TEST] {431} tested=3/3 | kept=2 | rest=798
[TEST] {416} tested=2/2 | kept=1 | rest=797
[TEST] {432} tested=3/3 | kept=2 | rest=794
[TEST] {433} tested=3/3 | kept=1 | rest=793
[WARN] batch start failed | size=4 {434} | split=2 {654} + 2 {655}
[WARN] batch start failed | size=3 {436} | split=2 {656} + 1 {657}
[TEST] {435} tested=3/3 | kept=3 | rest=792
[WARN] batch start failed | size=3 {439} | split=2 {658} + 1 {659}
[TEST] {437} tested=3/3 | kept=2 | rest=781
[WARN] batch start failed | size=6 {443} | split=3 {660} + 3 {661}
[TEST] {442} tested=7/7 | kept=4 | rest=776
[WARN] batch start failed | size=7 {444} | split=4 {662} + 3 {663}
[TEST] {440} tested=3/3 | kept=2 | rest=775
[WARN] batch start failed | size=7 {446} | split=4 {664} + 3 {665}
[WARN] batch start failed | size=6 {447} | split=3 {666} + 3 {667}
[TEST] {445} tested=6/6 | kept=5 | rest=765
[WARN] batch start failed | size=3 {450} | split=2 {668} + 1 {669}
[TEST] {422} tested=7/7 | kept=4 | rest=761
[WARN] batch start failed | size=4 {452} | split=2 {670} + 2 {671}
[WARN] batch start failed | size=3 {453} | split=2 {672} + 1 {673}
[WARN] batch start failed | size=4 {454} | split=2 {674} + 2 {675}
[TEST] {451} tested=3/3 | kept=3 | rest=759
[WARN] batch start failed | size=3 {455} | split=2 {676} + 1 {677}
[WARN] batch start failed | size=2 {456} | split=1 {678} + 1 {679}
[WARN] batch start failed | size=2 {458} | split=1 {680} + 1 {681}
[TEST] {457} tested=1/1 | kept=1 | rest=758
[WARN] batch start failed | size=3 {460} | split=2 {682} + 1 {683}
[TEST] {459} tested=1/1 | kept=1 | rest=756
[TEST] {449} tested=3/3 | kept=3 | rest=755
[WARN] batch start failed | size=3 {462} | split=2 {684} + 1 {685}
[WARN] batch start failed | size=3 {463} | split=2 {686} + 1 {687}
[WARN] batch start failed | size=3 {465} | split=2 {688} + 1 {689}
[WARN] batch start failed | size=3 {464} | split=2 {690} + 1 {691}
[WARN] batch start failed | size=6 {466} | split=3 {692} + 3 {693}
[WARN] batch start failed | size=6 {467} | split=3 {694} + 3 {695}
[WARN] batch start failed | size=6 {469} | split=3 {696} + 3 {697}
[TEST] {438} tested=3/3 | kept=1 | rest=752
[TEST] {441} tested=3/3 | kept=1 | rest=750
[WARN] batch start failed | size=3 {470} | split=2 {698} + 1 {699}
[WARN] batch start failed | size=3 {471} | split=2 {700} + 1 {701}
[TEST] {473} tested=1/1 | kept=1 | rest=745
[TEST] {448} tested=4/4 | kept=3 | rest=744
[WARN] batch start failed | size=6 {474} | split=3 {702} + 3 {703}
[WARN] batch start failed | size=6 {475} | split=3 {704} + 3 {705}
[WARN] batch start failed | size=7 {476} | split=4 {706} + 3 {707}
[WARN] batch start failed | size=6 {477} | split=3 {708} + 3 {709}
[TEST] {472} tested=2/2 | kept=2 | rest=742
[WARN] batch start failed | size=4 {478} | split=2 {710} + 2 {711}
[TEST] {482} tested=4/4 | kept=2 | rest=733
[TEST] {481} tested=3/3 | kept=1 | rest=731
[TEST] {480} tested=3/3 | kept=3 | rest=728
[TEST] {479} tested=3/3 | kept=2 | rest=727
[TEST] {483} tested=3/3 | kept=3 | rest=725
[WARN] batch start failed | size=3 {486} | split=2 {712} + 1 {713}
[WARN] batch start failed | size=6 {488} | split=3 {714} + 3 {715}
[WARN] batch start failed | size=6 {489} | split=3 {716} + 3 {717}
[WARN] batch start failed | size=4 {490} | split=2 {718} + 2 {719}
[TEST] {487} tested=3/3 | kept=3 | rest=719
[TEST] {461} tested=3/3 | kept=2 | rest=718
[WARN] batch start failed | size=3 {493} | split=2 {720} + 1 {721}
[TEST] {485} tested=3/3 | kept=2 | rest=716
[TEST] {494} tested=2/2 | kept=2 | rest=710
[TEST] {495} tested=2/2 | kept=2 | rest=709
[WARN] batch start failed | size=2 {496} | split=1 {722} + 1 {723}
[WARN] batch start failed | size=4 {498} | split=2 {724} + 2 {725}
[TEST] {497} tested=1/1 | kept=1 | rest=707
[TEST] {468} tested=7/7 | kept=5 | rest=706
[WARN] batch start failed | size=4 {500} | split=2 {726} + 2 {727}
[WARN] batch start failed | size=3 {501} | split=2 {728} + 1 {729}
[TEST] {502} tested=3/3 | kept=2 | rest=703
[TEST] {504} tested=2/2 | kept=2 | rest=697
[TEST] {484} tested=4/4 | kept=3 | rest=695
[TEST] {505} tested=2/2 | kept=2 | rest=694
[WARN] batch start failed | size=6 {507} | split=3 {730} + 3 {731}
[WARN] batch start failed | size=3 {508} | split=2 {732} + 1 {733}
[TEST] {491} tested=3/3 | kept=2 | rest=691
[WARN] batch start failed | size=3 {511} | split=2 {734} + 1 {735}
[TEST] {492} tested=3/3 | kept=2 | rest=686
[WARN] batch start failed | size=3 {513} | split=2 {736} + 1 {737}
[WARN] batch start failed | size=4 {512} | split=2 {738} + 2 {739}
[TEST] {499} tested=3/3 | kept=2 | rest=682
[TEST] {509} tested=3/3 | kept=2 | rest=681
[WARN] batch start failed | size=3 {514} | split=2 {740} + 1 {741}
[WARN] batch start failed | size=3 {517} | split=2 {742} + 1 {743}
[TEST] {510} tested=3/3 | kept=3 | rest=679
[TEST] {503} tested=3/3 | kept=1 | rest=676
[TEST] {515} tested=3/3 | kept=3 | rest=673
[TEST] {516} tested=3/3 | kept=3 | rest=669
[WARN] batch start failed | size=3 {521} | split=2 {744} + 1 {745}
[TEST] {520} tested=3/3 | kept=0 | rest=666
[TEST] {525} tested=1/1 | kept=1 | rest=664
[TEST] {518} tested=3/3 | kept=3 | rest=661
[TEST] {527} tested=1/1 | kept=1 | rest=660
[TEST] {519} tested=3/3 | kept=3 | rest=659
[WARN] batch start failed | size=2 {526} | split=1 {746} + 1 {747}
[WARN] batch start failed | size=3 {529} | split=2 {748} + 1 {749}
[TEST] {528} tested=3/3 | kept=2 | rest=656
[WARN] batch start failed | size=2 {530} | split=1 {750} + 1 {751}
[TEST] {533} tested=1/1 | kept=1 | rest=655
[TEST] {506} tested=7/7 | kept=3 | rest=654
[WARN] batch start failed | size=2 {532} | split=1 {752} + 1 {753}
[TEST] {534} tested=2/2 | kept=1 | rest=651
[TEST] {531} tested=2/2 | kept=0 | rest=650
[WARN] batch start failed | size=7 {536} | split=4 {754} + 3 {755}
[WARN] batch start failed | size=6 {538} | split=3 {756} + 3 {757}
[WARN] batch start failed | size=6 {539} | split=3 {758} + 3 {759}
[TEST] {535} tested=1/1 | kept=1 | rest=644
[TEST] {522} tested=2/2 | kept=0 | rest=642
[TEST] {523} tested=2/2 | kept=0 | rest=641
[TEST] {524} tested=2/2 | kept=1 | rest=640
[TEST] {537} tested=6/6 | kept=3 | rest=637
[TEST] {541} tested=3/3 | kept=0 | rest=634
[TEST] {542} tested=3/3 | kept=2 | rest=631
[TEST] {544} tested=3/3 | kept=2 | rest=624
[WARN] batch start failed | size=3 {547} | split=2 {760} + 1 {761}
[TEST] {543} tested=3/3 | kept=3 | rest=622
[TEST] {546} tested=3/3 | kept=1 | rest=621
[TEST] {540} tested=3/3 | kept=1 | rest=620
[TEST] {545} tested=3/3 | kept=1 | rest=618
[WARN] batch start failed | size=13 {548} | split=7 {762} + 6 {763}
[WARN] batch start failed | size=12 {549} | split=6 {764} + 6 {765}
[WARN] batch start failed | size=13 {550} | split=7 {766} + 6 {767}
[WARN] batch start failed | size=12 {551} | split=6 {768} + 6 {769}
[WARN] batch start failed | size=7 {552} | split=4 {770} + 3 {771}
[WARN] batch start failed | size=6 {553} | split=3 {772} + 3 {773}
[WARN] batch start failed | size=7 {554} | split=4 {774} + 3 {775}
[WARN] batch start failed | size=6 {555} | split=3 {776} + 3 {777}
[WARN] batch start failed | size=7 {556} | split=4 {778} + 3 {779}
[WARN] batch start failed | size=6 {557} | split=3 {780} + 3 {781}
[WARN] batch start failed | size=6 {559} | split=3 {782} + 3 {783}
[WARN] batch start failed | size=6 {558} | split=3 {784} + 3 {785}
[TEST] {561} tested=2/2 | kept=0 | rest=615
[TEST] {565} tested=1/1 | kept=1 | rest=613
[TEST] {563} tested=1/1 | kept=0 | rest=612
[TEST] {567} tested=1/1 | kept=1 | rest=610
[WARN] batch start failed | size=2 {569} | split=1 {786} + 1 {787}
[TEST] {566} tested=2/2 | kept=1 | rest=608
[TEST] {568} tested=2/2 | kept=0 | rest=606
[TEST] {560} tested=2/2 | kept=1 | rest=605
[TEST] {562} tested=2/2 | kept=1 | rest=604
[TEST] {564} tested=2/2 | kept=0 | rest=603
[WARN] batch start failed | size=7 {570} | split=4 {788} + 3 {789}
[WARN] batch start failed | size=6 {571} | split=3 {790} + 3 {791}
[WARN] batch start failed | size=7 {572} | split=4 {792} + 3 {793}
[WARN] batch start failed | size=6 {575} | split=3 {794} + 3 {795}
[WARN] batch start failed | size=6 {576} | split=3 {796} + 3 {797}
[WARN] batch start failed | size=6 {577} | split=3 {798} + 3 {799}
[WARN] batch start failed | size=2 {579} | split=1 {800} + 1 {801}
[TEST] {574} tested=7/7 | kept=6 | rest=591
[TEST] {578} tested=2/2 | kept=2 | rest=589
[WARN] batch start failed | size=2 {580} | split=1 {802} + 1 {803}
[WARN] batch start failed | size=2 {582} | split=1 {804} + 1 {805}
[TEST] {581} tested=1/1 | kept=1 | rest=588
[TEST] {583} tested=1/1 | kept=1 | rest=583
[TEST] {584} tested=4/4 | kept=3 | rest=581
[WARN] batch start failed | size=3 {587} | split=2 {806} + 1 {807}
[TEST] {585} tested=3/3 | kept=3 | rest=580
[TEST] {591} tested=1/1 | kept=1 | rest=576
[TEST] {588} tested=2/2 | kept=2 | rest=575
[TEST] {589} tested=1/1 | kept=1 | rest=574
[WARN] batch start failed | size=2 {590} | split=1 {808} + 1 {809}
[TEST] {573} tested=6/6 | kept=4 | rest=573
[TEST] {593} tested=1/1 | kept=1 | rest=572
[WARN] batch start failed | size=2 {592} | split=1 {810} + 1 {811}
[WARN] batch start failed | size=3 {595} | split=2 {812} + 1 {813}
[TEST] {586} tested=3/3 | kept=3 | rest=569
[WARN] batch start failed | size=4 {598} | split=2 {814} + 2 {815}
[TEST] {594} tested=4/4 | kept=4 | rest=561
[TEST] {597} tested=3/3 | kept=3 | rest=559
[TEST] {596} tested=3/3 | kept=3 | rest=558
[TEST] {599} tested=3/3 | kept=3 | rest=556
[WARN] batch start failed | size=3 {603} | split=2 {816} + 1 {817}
[TEST] {602} tested=3/3 | kept=3 | rest=551
[TEST] {601} tested=3/3 | kept=2 | rest=550
[WARN] batch start failed | size=3 {605} | split=2 {818} + 1 {819}
[TEST] {604} tested=4/4 | kept=4 | rest=546
[TEST] {607} tested=1/1 | kept=1 | rest=544
[TEST] {606} tested=2/2 | kept=2 | rest=543
[WARN] batch start failed | size=2 {608} | split=1 {820} + 1 {821}
[WARN] batch start failed | size=3 {610} | split=2 {822} + 1 {823}
[WARN] batch start failed | size=3 {611} | split=2 {824} + 1 {825}
[TEST] {600} tested=3/3 | kept=3 | rest=542
[WARN] batch start failed | size=13 {115} | split=7 {826} + 6 {827}
[TEST] {609} tested=1/1 | kept=1 | rest=541
[WARN] batch start failed | size=2 {612} | split=1 {828} + 1 {829}
[WARN] batch start failed | size=7 {614} | split=4 {830} + 3 {831}
[WARN] batch start failed | size=6 {617} | split=3 {832} + 3 {833}
[WARN] batch start failed | size=2 {618} | split=1 {834} + 1 {835}
[WARN] batch start failed | size=2 {619} | split=1 {836} + 1 {837}
[WARN] batch start failed | size=3 {620} | split=2 {838} + 1 {839}
[TEST] {623} tested=3/3 | kept=2 | rest=525
[WARN] batch start failed | size=3 {622} | split=2 {840} + 1 {841}
[WARN] batch start failed | size=2 {624} | split=1 {842} + 1 {843}
[TEST] {621} tested=3/3 | kept=3 | rest=524
[TEST] {627} tested=1/1 | kept=1 | rest=523
[TEST] {625} tested=1/1 | kept=1 | rest=522
[TEST] {626} tested=2/2 | kept=2 | rest=520
[WARN] batch start failed | size=3 {629} | split=2 {844} + 1 {845}
[TEST] {628} tested=3/3 | kept=2 | rest=517
[TEST] {631} tested=1/1 | kept=1 | rest=515
[WARN] batch start failed | size=6 {633} | split=3 {846} + 3 {847}
[TEST] {630} tested=2/2 | kept=2 | rest=514
[WARN] batch start failed | size=4 {634} | split=2 {848} + 2 {849}
[TEST] {615} tested=6/6 | kept=3 | rest=507
[TEST] {616} tested=7/7 | kept=5 | rest=505
[TEST] {636} tested=3/3 | kept=3 | rest=502
[WARN] batch start failed | size=3 {638} | split=2 {850} + 1 {851}
[WARN] batch start failed | size=3 {640} | split=2 {852} + 1 {853}
[TEST] {641} tested=3/3 | kept=3 | rest=496
[WARN] batch start failed | size=6 {643} | split=3 {854} + 3 {855}
[WARN] batch start failed | size=7 {642} | split=4 {856} + 3 {857}
[TEST] {637} tested=3/3 | kept=3 | rest=495
[TEST] {639} tested=3/3 | kept=3 | rest=494
[WARN] batch start failed | size=3 {645} | split=2 {858} + 1 {859}
[WARN] batch start failed | size=3 {646} | split=2 {860} + 1 {861}
[TEST] {635} tested=3/3 | kept=3 | rest=492
[TEST] {644} tested=3/3 | kept=1 | rest=489
[TEST] {858} tested=2/2 | kept=1 | rest=488
[TEST] {632} tested=7/7 | kept=3 | rest=485
[WARN] batch start failed | size=2 {648} | split=1 {862} + 1 {863}
[TEST] {651} tested=1/1 | kept=1 | rest=483
[TEST] {652} tested=2/2 | kept=2 | rest=481
[TEST] {649} tested=2/2 | kept=2 | rest=477
[TEST] {654} tested=2/2 | kept=1 | rest=476
[TEST] {650} tested=2/2 | kept=2 | rest=474
[WARN] batch start failed | size=2 {658} | split=1 {864} + 1 {865}
[TEST] {657} tested=1/1 | kept=1 | rest=473
[WARN] batch start failed | size=3 {661} | split=2 {866} + 1 {867}
[TEST] {659} tested=1/1 | kept=1 | rest=470
[TEST] {660} tested=3/3 | kept=0 | rest=468
[WARN] batch start failed | size=3 {663} | split=2 {868} + 1 {869}
[TEST] {662} tested=4/4 | kept=3 | rest=465
[WARN] batch start failed | size=4 {664} | split=2 {870} + 2 {871}
[WARN] batch start failed | size=3 {665} | split=2 {872} + 1 {873}
[WARN] batch start failed | size=3 {667} | split=2 {874} + 1 {875}
[TEST] {669} tested=1/1 | kept=1 | rest=463
[WARN] batch start failed | size=2 {668} | split=1 {876} + 1 {877}
[TEST] {671} tested=2/2 | kept=2 | rest=459
[WARN] batch start failed | size=2 {672} | split=1 {878} + 1 {879}
[TEST] {670} tested=2/2 | kept=2 | rest=458
[WARN] batch start failed | size=2 {674} | split=1 {880} + 1 {881}
[TEST] {673} tested=1/1 | kept=1 | rest=457
[WARN] batch start failed | size=2 {675} | split=1 {882} + 1 {883}
[WARN] batch start failed | size=2 {676} | split=1 {884} + 1 {885}
[TEST] {677} tested=1/1 | kept=1 | rest=456
[TEST] {679} tested=1/1 | kept=1 | rest=455
[TEST] {678} tested=1/1 | kept=1 | rest=454
[TEST] {653} tested=1/1 | kept=1 | rest=453
[DROP] name=[Pawdroid-SR-APK] 沙特阿拉伯+Arabic+Computer+System+Co. {681} | server=85.209.157.184:8388 | reason=Parse config error: proxy 0: ss 85.209.157.184:8388 cipher: mnv{v]ʉ \t>\x0f\x18\t,y initialize error: unknown method: mnv{v]ʉ \t>\x0f\x18\t,y
[WARN] batch start failed | size=2 {682} | split=1 {886} + 1 {887}
[TEST] {683} tested=1/1 | kept=1 | rest=451
[TEST] {656} tested=2/2 | kept=0 | rest=450
[WARN] batch start failed | size=2 {684} | split=1 {888} + 1 {889}
[TEST] {655} tested=2/2 | kept=0 | rest=449
[TEST] {685} tested=1/1 | kept=1 | rest=448
[TEST] {689} tested=1/1 | kept=1 | rest=447
[WARN] batch start failed | size=2 {690} | split=1 {890} + 1 {891}
[TEST] {687} tested=1/1 | kept=1 | rest=445
[TEST] {691} tested=1/1 | kept=1 | rest=444
[TEST] {688} tested=2/2 | kept=2 | rest=443
[WARN] batch start failed | size=3 {694} | split=2 {892} + 1 {893}
[TEST] {693} tested=3/3 | kept=3 | rest=437
[TEST] {695} tested=3/3 | kept=1 | rest=435
[WARN] batch start failed | size=3 {696} | split=2 {894} + 1 {895}
[TEST] {666} tested=3/3 | kept=3 | rest=434
[TEST] {692} tested=3/3 | kept=2 | rest=433
[TEST] {697} tested=3/3 | kept=3 | rest=429
[TEST] {699} tested=1/1 | kept=1 | rest=428
[WARN] batch start failed | size=2 {698} | split=1 {896} + 1 {897}
[TEST] {701} tested=1/1 | kept=1 | rest=427
[TEST] {700} tested=2/2 | kept=2 | rest=425
[TEST] {680} tested=1/1 | kept=0 | rest=424
[WARN] batch start failed | size=3 {703} | split=2 {898} + 1 {899}
[TEST] {702} tested=3/3 | kept=2 | rest=421
[WARN] batch start failed | size=3 {705} | split=2 {900} + 1 {901}
[TEST] {686} tested=2/2 | kept=1 | rest=418
[WARN] batch start failed | size=4 {706} | split=2 {902} + 2 {903}
[TEST] {704} tested=3/3 | kept=3 | rest=414
[WARN] batch start failed | size=3 {709} | split=2 {904} + 1 {905}
[TEST] {707} tested=3/3 | kept=2 | rest=412
[TEST] {710} tested=2/2 | kept=2 | rest=409
[TEST] {712} tested=2/2 | kept=1 | rest=407
[TEST] {713} tested=1/1 | kept=1 | rest=406
[WARN] batch start failed | size=3 {715} | split=2 {906} + 1 {907}
[TEST] {714} tested=3/3 | kept=3 | rest=403
[WARN] batch start failed | size=3 {716} | split=2 {908} + 1 {909}
[TEST] {718} tested=2/2 | kept=2 | rest=397
[TEST] {719} tested=2/2 | kept=2 | rest=396
[TEST] {720} tested=2/2 | kept=1 | rest=395
[TEST] {708} tested=3/3 | kept=2 | rest=394
[TEST] {722} tested=1/1 | kept=1 | rest=393
[TEST] {723} tested=1/1 | kept=1 | rest=392
[TEST] {721} tested=1/1 | kept=1 | rest=391
[WARN] batch start failed | size=2 {725} | split=1 {910} + 1 {911}
[TEST] {729} tested=1/1 | kept=1 | rest=389
[WARN] batch start failed | size=2 {728} | split=1 {912} + 1 {913}
[TEST] {711} tested=2/2 | kept=1 | rest=387
[TEST] {727} tested=2/2 | kept=1 | rest=386
[TEST] {724} tested=2/2 | kept=2 | rest=384
[TEST] {726} tested=2/2 | kept=2 | rest=383
[WARN] batch start failed | size=2 {734} | split=1 {914} + 1 {915}
[TEST] {733} tested=1/1 | kept=0 | rest=380
[WARN] batch start failed | size=2 {736} | split=1 {916} + 1 {917}
[TEST] {735} tested=1/1 | kept=1 | rest=379
[TEST] {732} tested=2/2 | kept=2 | rest=376
[TEST] {738} tested=2/2 | kept=2 | rest=374
[TEST] {741} tested=1/1 | kept=1 | rest=372
[TEST] {737} tested=1/1 | kept=1 | rest=370
[TEST] {739} tested=2/2 | kept=2 | rest=369
[TEST] {740} tested=2/2 | kept=2 | rest=367
[TEST] {742} tested=2/2 | kept=1 | rest=366
[TEST] {717} tested=3/3 | kept=3 | rest=364
[TEST] {747} tested=1/1 | kept=1 | rest=363
[TEST] {745} tested=1/1 | kept=1 | rest=362
[TEST] {746} tested=1/1 | kept=1 | rest=361
[TEST] {743} tested=1/1 | kept=0 | rest=360
[TEST] {749} tested=1/1 | kept=0 | rest=358
[TEST] {748} tested=2/2 | kept=0 | rest=357
[TEST] {750} tested=1/1 | kept=1 | rest=356
[TEST] {751} tested=1/1 | kept=1 | rest=355
[TEST] {752} tested=1/1 | kept=0 | rest=354
[TEST] {753} tested=1/1 | kept=0 | rest=353
[TEST] {731} tested=3/3 | kept=0 | rest=352
[TEST] {730} tested=3/3 | kept=1 | rest=351
[WARN] batch start failed | size=4 {754} | split=2 {918} + 2 {919}
[WARN] batch start failed | size=3 {755} | split=2 {920} + 1 {921}
[TEST] {744} tested=2/2 | kept=0 | rest=343
[WARN] batch start failed | size=3 {759} | split=2 {922} + 1 {923}
[TEST] {756} tested=3/3 | kept=1 | rest=342
[TEST] {757} tested=3/3 | kept=1 | rest=341
[TEST] {758} tested=3/3 | kept=1 | rest=340
[TEST] {761} tested=1/1 | kept=1 | rest=339
[WARN] batch start failed | size=2 {760} | split=1 {924} + 1 {925}
[TEST] {762} tested=7/7 | kept=7 | rest=328
[WARN] batch start failed | size=6 {765} | split=3 {926} + 3 {927}
[WARN] batch start failed | size=7 {766} | split=4 {928} + 3 {929}
[WARN] batch start failed | size=6 {767} | split=3 {930} + 3 {931}
[WARN] batch start failed | size=6 {768} | split=3 {932} + 3 {933}
[WARN] batch start failed | size=6 {769} | split=3 {934} + 3 {935}
[TEST] {764} tested=6/6 | kept=6 | rest=319
[TEST] {770} tested=4/4 | kept=4 | rest=317
[WARN] batch start failed | size=3 {772} | split=2 {936} + 1 {937}
[TEST] {773} tested=3/3 | kept=3 | rest=312
[WARN] batch start failed | size=3 {775} | split=2 {938} + 1 {939}
[TEST] {771} tested=3/3 | kept=3 | rest=311
[WARN] batch start failed | size=4 {774} | split=2 {940} + 2 {941}
[WARN] batch start failed | size=3 {777} | split=2 {942} + 1 {943}
[WARN] batch start failed | size=4 {778} | split=2 {944} + 2 {945}
[WARN] batch start failed | size=3 {781} | split=2 {946} + 1 {947}
[WARN] batch start failed | size=3 {780} | split=2 {948} + 1 {949}
[TEST] {779} tested=3/3 | kept=3 | rest=307
[WARN] batch start failed | size=3 {782} | split=2 {950} + 1 {951}
[TEST] {785} tested=3/3 | kept=3 | rest=301
[TEST] {763} tested=6/6 | kept=6 | rest=300
[TEST] {938} tested=2/2 | kept=2 | rest=299
[TEST] {787} tested=1/1 | kept=1 | rest=297
[TEST] {783} tested=3/3 | kept=2 | rest=296
[TEST] {784} tested=3/3 | kept=2 | rest=295
[TEST] {786} tested=1/1 | kept=0 | rest=294
[WARN] batch start failed | size=3 {789} | split=2 {952} + 1 {953}
[TEST] {788} tested=4/4 | kept=3 | rest=290
[TEST] {790} tested=3/3 | kept=3 | rest=287
[TEST] {791} tested=3/3 | kept=2 | rest=280
[TEST] {792} tested=4/4 | kept=3 | rest=279
[WARN] batch start failed | size=3 {795} | split=2 {954} + 1 {955}
[WARN] batch start failed | size=3 {796} | split=2 {956} + 1 {957}
[WARN] batch start failed | size=3 {797} | split=2 {958} + 1 {959}
[TEST] {793} tested=3/3 | kept=2 | rest=276
[WARN] batch start failed | size=3 {798} | split=2 {960} + 1 {961}
[TEST] {794} tested=3/3 | kept=3 | rest=273
[TEST] {800} tested=1/1 | kept=1 | rest=272
[TEST] {801} tested=1/1 | kept=1 | rest=270
[TEST] {799} tested=3/3 | kept=2 | rest=269
[TEST] {803} tested=1/1 | kept=1 | rest=268
[WARN] batch start failed | size=2 {806} | split=1 {962} + 1 {963}
[TEST] {802} tested=1/1 | kept=1 | rest=267
[TEST] {804} tested=1/1 | kept=1 | rest=266
[TEST] {805} tested=1/1 | kept=1 | rest=265
[TEST] {807} tested=1/1 | kept=1 | rest=264
[TEST] {808} tested=1/1 | kept=1 | rest=263
[TEST] {811} tested=1/1 | kept=1 | rest=262
[TEST] {809} tested=1/1 | kept=1 | rest=261
[TEST] {810} tested=1/1 | kept=1 | rest=260
[WARN] batch start failed | size=2 {814} | split=1 {964} + 1 {965}
[TEST] {813} tested=1/1 | kept=1 | rest=258
[TEST] {816} tested=2/2 | kept=1 | rest=256
[TEST] {817} tested=1/1 | kept=1 | rest=255
[TEST] {812} tested=2/2 | kept=2 | rest=253
[TEST] {815} tested=2/2 | kept=2 | rest=252
[TEST] {819} tested=1/1 | kept=1 | rest=251
[WARN] batch start failed | size=2 {822} | split=1 {966} + 1 {967}
[WARN] batch start failed | size=2 {824} | split=1 {968} + 1 {969}
[TEST] {820} tested=1/1 | kept=1 | rest=249
[TEST] {823} tested=1/1 | kept=1 | rest=248
[TEST] {825} tested=1/1 | kept=1 | rest=247
[TEST] {821} tested=1/1 | kept=1 | rest=246
[WARN] batch start failed | size=6 {827} | split=3 {970} + 3 {971}
[WARN] batch start failed | size=7 {826} | split=4 {972} + 3 {973}
[TEST] {613} tested=2/2 | kept=2 | rest=244
[TEST] {828} tested=1/1 | kept=1 | rest=243
[TEST] {829} tested=1/1 | kept=1 | rest=242
[WARN] batch start failed | size=3 {831} | split=2 {974} + 1 {975}
[TEST] {834} tested=1/1 | kept=1 | rest=240
[TEST] {818} tested=2/2 | kept=1 | rest=237
[TEST] {837} tested=1/1 | kept=1 | rest=235
[TEST] {836} tested=1/1 | kept=1 | rest=233
[TEST] {838} tested=2/2 | kept=2 | rest=230
[TEST] {840} tested=2/2 | kept=1 | rest=227
[TEST] {830} tested=4/4 | kept=3 | rest=226
[TEST] {832} tested=3/3 | kept=2 | rest=225
[TEST] {833} tested=3/3 | kept=2 | rest=224
[TEST] {835} tested=1/1 | kept=0 | rest=223
[TEST] {841} tested=1/1 | kept=1 | rest=222
[TEST] {842} tested=1/1 | kept=1 | rest=221
[TEST] {843} tested=1/1 | kept=1 | rest=220
[TEST] {845} tested=1/1 | kept=1 | rest=218
[TEST] {839} tested=1/1 | kept=0 | rest=217
[TEST] {844} tested=2/2 | kept=2 | rest=216
[WARN] batch start failed | size=3 {847} | split=2 {976} + 1 {977}
[TEST] {849} tested=2/2 | kept=2 | rest=212
[TEST] {848} tested=2/2 | kept=2 | rest=210
[WARN] batch start failed | size=2 {850} | split=1 {978} + 1 {979}
[TEST] {853} tested=1/1 | kept=1 | rest=209
[TEST] {852} tested=2/2 | kept=2 | rest=207
[TEST] {851} tested=1/1 | kept=1 | rest=206
[TEST] {857} tested=3/3 | kept=2 | rest=196
[TEST] {855} tested=3/3 | kept=2 | rest=195
[TEST] {856} tested=4/4 | kept=2 | rest=194
[TEST] {854} tested=3/3 | kept=2 | rest=193
[TEST] {846} tested=3/3 | kept=2 | rest=192
[TEST] {860} tested=2/2 | kept=1 | rest=189
[TEST] {861} tested=1/1 | kept=1 | rest=188
[TEST] {647} tested=3/3 | kept=2 | rest=186
[TEST] {862} tested=1/1 | kept=1 | rest=185
[TEST] {863} tested=1/1 | kept=1 | rest=184
[TEST] {864} tested=1/1 | kept=1 | rest=183
[TEST] {867} tested=1/1 | kept=0 | rest=182
[TEST] {869} tested=1/1 | kept=0 | rest=180
[TEST] {865} tested=1/1 | kept=1 | rest=179
[TEST] {868} tested=2/2 | kept=0 | rest=178
[WARN] batch start failed | size=2 {871} | split=1 {980} + 1 {981}
[WARN] batch start failed | size=2 {870} | split=1 {982} + 1 {983}
[WARN] batch start failed | size=2 {872} | split=1 {984} + 1 {985}
[WARN] batch start failed | size=2 {874} | split=1 {986} + 1 {987}
[TEST] {876} tested=1/1 | kept=1 | rest=177
[TEST] {877} tested=1/1 | kept=1 | rest=176
[TEST] {878} tested=1/1 | kept=1 | rest=175
[TEST] {879} tested=1/1 | kept=1 | rest=174
[TEST] {880} tested=1/1 | kept=1 | rest=173
[TEST] {875} tested=1/1 | kept=1 | rest=172
[TEST] {881} tested=1/1 | kept=1 | rest=171
[TEST] {882} tested=1/1 | kept=1 | rest=170
[TEST] {883} tested=1/1 | kept=1 | rest=169
[TEST] {873} tested=1/1 | kept=1 | rest=168
[TEST] {885} tested=1/1 | kept=1 | rest=167
[TEST] {884} tested=1/1 | kept=1 | rest=166
[TEST] {886} tested=1/1 | kept=1 | rest=165
[TEST] {887} tested=1/1 | kept=1 | rest=164
[TEST] {889} tested=1/1 | kept=1 | rest=163
[TEST] {888} tested=1/1 | kept=1 | rest=162
[TEST] {891} tested=1/1 | kept=1 | rest=161
[TEST] {890} tested=1/1 | kept=1 | rest=160
[TEST] {859} tested=1/1 | kept=0 | rest=159
[TEST] {892} tested=2/2 | kept=1 | rest=157
[TEST] {893} tested=1/1 | kept=1 | rest=156
[TEST] {894} tested=2/2 | kept=1 | rest=154
[TEST] {895} tested=1/1 | kept=1 | rest=153
[TEST] {896} tested=1/1 | kept=1 | rest=152
[TEST] {897} tested=1/1 | kept=1 | rest=151
[TEST] {898} tested=2/2 | kept=2 | rest=149
[TEST] {899} tested=1/1 | kept=1 | rest=148
[TEST] {901} tested=1/1 | kept=1 | rest=146
[TEST] {900} tested=2/2 | kept=1 | rest=144
[TEST] {903} tested=2/2 | kept=1 | rest=143
[TEST] {904} tested=2/2 | kept=2 | rest=140
[WARN] batch start failed | size=2 {906} | split=1 {988} + 1 {989}
[TEST] {905} tested=1/1 | kept=1 | rest=139
[WARN] batch start failed | size=2 {908} | split=1 {990} + 1 {991}
[TEST] {907} tested=1/1 | kept=1 | rest=138
[TEST] {909} tested=1/1 | kept=1 | rest=137
[TEST] {912} tested=1/1 | kept=0 | rest=136
[TEST] {913} tested=1/1 | kept=1 | rest=135
[TEST] {902} tested=2/2 | kept=1 | rest=134
[TEST] {910} tested=1/1 | kept=0 | rest=133
[TEST] {914} tested=1/1 | kept=1 | rest=132
[TEST] {916} tested=1/1 | kept=1 | rest=131
[TEST] {917} tested=1/1 | kept=1 | rest=130
[TEST] {915} tested=1/1 | kept=1 | rest=129
[TEST] {911} tested=1/1 | kept=0 | rest=128
[TEST] {919} tested=2/2 | kept=0 | rest=126
[WARN] batch start failed | size=2 {918} | split=1 {992} + 1 {993}
[WARN] batch start failed | size=2 {920} | split=1 {994} + 1 {995}
[WARN] batch start failed | size=2 {922} | split=1 {996} + 1 {997}
[TEST] {921} tested=1/1 | kept=1 | rest=125
[TEST] {923} tested=1/1 | kept=0 | rest=124
[TEST] {924} tested=1/1 | kept=0 | rest=123
[TEST] {925} tested=1/1 | kept=1 | rest=122
[TEST] {927} tested=3/3 | kept=2 | rest=119
[WARN] batch start failed | size=3 {926} | split=2 {998} + 1 {999}
[WARN] batch start failed | size=3 {929} | split=2 {1000} + 1 {1001}
[TEST] {930} tested=3/3 | kept=3 | rest=113
[TEST] {928} tested=4/4 | kept=4 | rest=111
[WARN] batch start failed | size=3 {933} | split=2 {1002} + 1 {1003}
[WARN] batch start failed | size=3 {935} | split=2 {1004} + 1 {1005}
[TEST] {931} tested=3/3 | kept=3 | rest=107
[WARN] batch start failed | size=3 {934} | split=2 {1006} + 1 {1007}
[WARN] batch start failed | size=2 {936} | split=1 {1008} + 1 {1009}
[WARN] batch start failed | size=2 {941} | split=1 {1010} + 1 {1011}
[TEST] {932} tested=3/3 | kept=2 | rest=105
[TEST] {937} tested=1/1 | kept=1 | rest=104
[WARN] batch start failed | size=2 {942} | split=1 {1012} + 1 {1013}
[TEST] {939} tested=1/1 | kept=1 | rest=103
[TEST] {776} tested=3/3 | kept=3 | rest=101
[TEST] {943} tested=1/1 | kept=1 | rest=97
[TEST] {945} tested=2/2 | kept=2 | rest=95
[TEST] {946} tested=2/2 | kept=2 | rest=94
[TEST] {947} tested=1/1 | kept=1 | rest=93
[TEST] {951} tested=1/1 | kept=1 | rest=91
[TEST] {949} tested=1/1 | kept=1 | rest=90
[TEST] {950} tested=2/2 | kept=2 | rest=89
[TEST] {940} tested=2/2 | kept=2 | rest=88
[TEST] {948} tested=2/2 | kept=2 | rest=86
[TEST] {944} tested=2/2 | kept=1 | rest=85
[WARN] batch start failed | size=2 {952} | split=1 {1014} + 1 {1015}
[TEST] {955} tested=1/1 | kept=1 | rest=83
[TEST] {954} tested=2/2 | kept=2 | rest=82
[TEST] {953} tested=1/1 | kept=1 | rest=81
[TEST] {957} tested=1/1 | kept=1 | rest=79
[TEST] {959} tested=1/1 | kept=1 | rest=78
[TEST] {956} tested=2/2 | kept=2 | rest=75
[TEST] {960} tested=2/2 | kept=2 | rest=74
[TEST] {963} tested=1/1 | kept=1 | rest=73
[TEST] {962} tested=1/1 | kept=1 | rest=72
[TEST] {961} tested=1/1 | kept=1 | rest=71
[TEST] {964} tested=1/1 | kept=1 | rest=70
[TEST] {965} tested=1/1 | kept=1 | rest=69
[TEST] {958} tested=2/2 | kept=2 | rest=68
[TEST] {966} tested=1/1 | kept=1 | rest=67
[TEST] {967} tested=1/1 | kept=1 | rest=66
[TEST] {968} tested=1/1 | kept=1 | rest=65
[TEST] {969} tested=1/1 | kept=1 | rest=64
[WARN] batch start failed | size=3 {971} | split=2 {1016} + 1 {1017}
[WARN] batch start failed | size=3 {970} | split=2 {1018} + 1 {1019}
[WARN] batch start failed | size=4 {972} | split=2 {1020} + 2 {1021}
[TEST] {973} tested=3/3 | kept=3 | rest=61
[TEST] {974} tested=2/2 | kept=2 | rest=59
[TEST] {975} tested=1/1 | kept=1 | rest=58
[TEST] {976} tested=2/2 | kept=2 | rest=56
[TEST] {977} tested=1/1 | kept=0 | rest=55
[TEST] {978} tested=1/1 | kept=0 | rest=54
[TEST] {979} tested=1/1 | kept=0 | rest=53
[WARN] batch start failed | size=2 {866} | split=1 {1022} + 1 {1023}
[TEST] {980} tested=1/1 | kept=1 | rest=52
[TEST] {981} tested=1/1 | kept=1 | rest=51
[TEST] {983} tested=1/1 | kept=1 | rest=50
[TEST] {984} tested=1/1 | kept=1 | rest=49
[TEST] {985} tested=1/1 | kept=1 | rest=48
[TEST] {987} tested=1/1 | kept=1 | rest=47
[TEST] {982} tested=1/1 | kept=1 | rest=46
[TEST] {986} tested=1/1 | kept=1 | rest=45
[TEST] {988} tested=1/1 | kept=1 | rest=44
[TEST] {991} tested=1/1 | kept=1 | rest=43
[TEST] {990} tested=1/1 | kept=1 | rest=42
[TEST] {989} tested=1/1 | kept=1 | rest=41
[TEST] {993} tested=1/1 | kept=0 | rest=40
[TEST] {992} tested=1/1 | kept=1 | rest=39
[TEST] {996} tested=1/1 | kept=1 | rest=38
[TEST] {995} tested=1/1 | kept=0 | rest=37
[TEST] {997} tested=1/1 | kept=0 | rest=36
[TEST] {999} tested=1/1 | kept=1 | rest=35
[TEST] {1003} tested=1/1 | kept=1 | rest=32
[TEST] {1000} tested=2/2 | kept=1 | rest=31
[TEST] {1002} tested=2/2 | kept=1 | rest=29
[TEST] {1005} tested=1/1 | kept=0 | rest=28
[WARN] batch start failed | size=2 {1006} | split=1 {1024} + 1 {1025}
[TEST] {1004} tested=2/2 | kept=1 | rest=26
[TEST] {1001} tested=1/1 | kept=1 | rest=25
[TEST] {1007} tested=1/1 | kept=1 | rest=24
[TEST] {1008} tested=1/1 | kept=1 | rest=23
[TEST] {1009} tested=1/1 | kept=1 | rest=22
[TEST] {998} tested=2/2 | kept=2 | rest=21
[TEST] {1010} tested=1/1 | kept=1 | rest=20
[TEST] {1011} tested=1/1 | kept=1 | rest=19
[TEST] {1013} tested=1/1 | kept=1 | rest=18
[TEST] {1012} tested=1/1 | kept=1 | rest=17
[TEST] {994} tested=1/1 | kept=0 | rest=16
[TEST] {1014} tested=1/1 | kept=1 | rest=15
[TEST] {1015} tested=1/1 | kept=1 | rest=14
[WARN] batch start failed | size=2 {1016} | split=1 {1026} + 1 {1027}
[WARN] batch start failed | size=2 {1018} | split=1 {1028} + 1 {1029}
[TEST] {1017} tested=1/1 | kept=1 | rest=13
[TEST] {1019} tested=1/1 | kept=0 | rest=12
[TEST] {1021} tested=2/2 | kept=2 | rest=10
[TEST] {1020} tested=2/2 | kept=1 | rest=8
[TEST] {1022} tested=1/1 | kept=0 | rest=7
[TEST] {1023} tested=1/1 | kept=0 | rest=6
[TEST] {1024} tested=1/1 | kept=1 | rest=5
[TEST] {1025} tested=1/1 | kept=1 | rest=4
[TEST] {1027} tested=1/1 | kept=1 | rest=3
[TEST] {1028} tested=1/1 | kept=1 | rest=2
[TEST] {1026} tested=1/1 | kept=1 | rest=1
[TEST] {1029} tested=1/1 | kept=0 | rest=0
[INFO] dropped=1 | [Pawdroid-SR-APK] × 1
------------------------------------------------------------
[TEST] source=[Pawdroid-SS-APK] | proxies=1528
[WARN] batch start failed | size=1528 {1} | split=255 {2} + 255 {3} + 255 {4} + 255 {5} + 255 {6} + 253 {7}
[WARN] batch start failed | size=255 {3} | split=128 {8} + 127 {9}
[WARN] batch start failed | size=255 {2} | split=128 {10} + 127 {11}
[WARN] batch start failed | size=255 {4} | split=128 {12} + 127 {13}
[WARN] batch start failed | size=255 {6} | split=128 {14} + 127 {15}
[WARN] batch start failed | size=255 {5} | split=128 {16} + 127 {17}
[WARN] batch start failed | size=253 {7} | split=127 {18} + 126 {19}
[WARN] batch start failed | size=127 {9} | split=64 {20} + 63 {21}
[WARN] batch start failed | size=128 {10} | split=64 {22} + 64 {23}
[WARN] batch start failed | size=127 {11} | split=64 {24} + 63 {25}
[WARN] batch start failed | size=63 {21} | split=32 {26} + 31 {27}
[WARN] batch start failed | size=127 {15} | split=64 {28} + 63 {29}
[WARN] batch start failed | size=128 {16} | split=64 {30} + 64 {31}
[WARN] batch start failed | size=127 {17} | split=64 {32} + 63 {33}
[WARN] batch start failed | size=126 {19} | split=63 {34} + 63 {35}
[WARN] batch start failed | size=127 {18} | split=64 {36} + 63 {37}
[WARN] batch start failed | size=128 {8} | split=64 {38} + 64 {39}
[WARN] batch start failed | size=128 {12} | split=64 {40} + 64 {41}
[WARN] batch start failed | size=127 {13} | split=64 {42} + 63 {43}
[WARN] batch start failed | size=64 {20} | split=32 {44} + 32 {45}
[WARN] batch start failed | size=128 {14} | split=64 {46} + 64 {47}
[WARN] batch start failed | size=64 {23} | split=32 {48} + 32 {49}
[WARN] batch start failed | size=64 {22} | split=32 {50} + 32 {51}
[WARN] batch start failed | size=64 {24} | split=32 {52} + 32 {53}
[WARN] batch start failed | size=63 {25} | split=32 {54} + 31 {55}
[WARN] batch start failed | size=32 {49} | split=16 {56} + 16 {57}
[WARN] batch start failed | size=31 {27} | split=16 {58} + 15 {59}
[WARN] batch start failed | size=63 {29} | split=32 {60} + 31 {61}
[WARN] batch start failed | size=64 {28} | split=32 {62} + 32 {63}
[WARN] batch start failed | size=64 {30} | split=32 {64} + 32 {65}
[WARN] batch start failed | size=15 {59} | split=8 {66} + 7 {67}
[WARN] batch start failed | size=64 {32} | split=32 {68} + 32 {69}
[WARN] batch start failed | size=63 {33} | split=32 {70} + 31 {71}
[WARN] batch start failed | size=7 {67} | split=4 {72} + 3 {73}
[WARN] batch start failed | size=63 {35} | split=32 {74} + 31 {75}
[WARN] batch start failed | size=63 {34} | split=32 {76} + 31 {77}
[WARN] batch start failed | size=63 {37} | split=32 {78} + 31 {79}
[WARN] batch start failed | size=64 {36} | split=32 {80} + 32 {81}
[WARN] batch start failed | size=31 {75} | split=16 {82} + 15 {83}
[WARN] batch start failed | size=31 {79} | split=16 {84} + 15 {85}
[WARN] batch start failed | size=15 {83} | split=8 {86} + 7 {87}
[WARN] batch start failed | size=32 {80} | split=16 {88} + 16 {89}
[WARN] batch start failed | size=64 {39} | split=32 {90} + 32 {91}
[WARN] batch start failed | size=64 {38} | split=32 {92} + 32 {93}
[WARN] batch start failed | size=64 {41} | split=32 {94} + 32 {95}
[WARN] batch start failed | size=63 {43} | split=32 {96} + 31 {97}
[WARN] batch start failed | size=64 {42} | split=32 {98} + 32 {99}
[WARN] batch start failed | size=32 {44} | split=16 {100} + 16 {101}
[WARN] batch start failed | size=32 {45} | split=16 {102} + 16 {103}
[WARN] batch start failed | size=31 {97} | split=16 {104} + 15 {105}
[WARN] batch start failed | size=64 {46} | split=32 {106} + 32 {107}
[WARN] batch start failed | size=64 {47} | split=32 {108} + 32 {109}
[WARN] batch start failed | size=32 {26} | split=16 {110} + 16 {111}
[WARN] batch start failed | size=32 {48} | split=16 {112} + 16 {113}
[WARN] batch start failed | size=32 {50} | split=16 {114} + 16 {115}
[WARN] batch start failed | size=32 {52} | split=16 {116} + 16 {117}
[WARN] batch start failed | size=31 {55} | split=16 {118} + 15 {119}
[WARN] batch start failed | size=32 {53} | split=16 {120} + 16 {121}
[WARN] batch start failed | size=32 {54} | split=16 {122} + 16 {123}
[WARN] batch start failed | size=32 {51} | split=16 {124} + 16 {125}
[WARN] batch start failed | size=16 {57} | split=8 {126} + 8 {127}
[WARN] batch start failed | size=16 {56} | split=8 {128} + 8 {129}
[WARN] batch start failed | size=8 {126} | split=4 {130} + 4 {131}
[WARN] batch start failed | size=16 {58} | split=8 {132} + 8 {133}
[WARN] batch start failed | size=64 {31} | split=32 {134} + 32 {135}
[WARN] batch start failed | size=32 {60} | split=16 {136} + 16 {137}
[WARN] batch start failed | size=32 {134} | split=16 {138} + 16 {139}
[WARN] batch start failed | size=16 {138} | split=8 {140} + 8 {141}
[WARN] batch start failed | size=31 {61} | split=16 {142} + 15 {143}
[WARN] batch start failed | size=32 {64} | split=16 {144} + 16 {145}
[WARN] batch start failed | size=32 {68} | split=16 {146} + 16 {147}
[WARN] batch start failed | size=32 {69} | split=16 {148} + 16 {149}
[WARN] batch start failed | size=32 {65} | split=16 {150} + 16 {151}
[WARN] batch start failed | size=8 {66} | split=4 {152} + 4 {153}
[WARN] batch start failed | size=16 {150} | split=8 {154} + 8 {155}
[WARN] batch start failed | size=31 {71} | split=16 {156} + 15 {157}
[WARN] batch start failed | size=4 {72} | split=2 {158} + 2 {159}
[WARN] batch start failed | size=32 {74} | split=16 {160} + 16 {161}
[WARN] batch start failed | size=32 {76} | split=16 {162} + 16 {163}
[WARN] batch start failed | size=31 {77} | split=16 {164} + 15 {165}
[WARN] batch start failed | size=32 {78} | split=16 {166} + 16 {167}
[WARN] batch start failed | size=32 {81} | split=16 {168} + 16 {169}
[WARN] batch start failed | size=16 {82} | split=8 {170} + 8 {171}
[WARN] batch start failed | size=15 {85} | split=8 {172} + 7 {173}
[WARN] batch start failed | size=16 {84} | split=8 {174} + 8 {175}
[WARN] batch start failed | size=8 {86} | split=4 {176} + 4 {177}
[WARN] batch start failed | size=7 {87} | split=4 {178} + 3 {179}
[WARN] batch start failed | size=16 {89} | split=8 {180} + 8 {181}
[WARN] batch start failed | size=16 {88} | split=8 {182} + 8 {183}
[TEST] {73} tested=3/3 | kept=0 | rest=1525
[WARN] batch start failed | size=32 {91} | split=16 {184} + 16 {185}
[WARN] batch start failed | size=32 {93} | split=16 {186} + 16 {187}
[WARN] batch start failed | size=32 {92} | split=16 {188} + 16 {189}
[WARN] batch start failed | size=16 {185} | split=8 {190} + 8 {191}
[WARN] batch start failed | size=64 {40} | split=32 {192} + 32 {193}
[WARN] batch start failed | size=32 {95} | split=16 {194} + 16 {195}
[WARN] batch start failed | size=32 {94} | split=16 {196} + 16 {197}
[WARN] batch start failed | size=32 {96} | split=16 {198} + 16 {199}
[WARN] batch start failed | size=32 {99} | split=16 {200} + 16 {201}
[WARN] batch start failed | size=32 {98} | split=16 {202} + 16 {203}
[WARN] batch start failed | size=16 {101} | split=8 {204} + 8 {205}
[WARN] batch start failed | size=16 {100} | split=8 {206} + 8 {207}
[WARN] batch start failed | size=16 {102} | split=8 {208} + 8 {209}
[WARN] batch start failed | size=16 {103} | split=8 {210} + 8 {211}
[WARN] batch start failed | size=15 {105} | split=8 {212} + 7 {213}
[WARN] batch start failed | size=16 {104} | split=8 {214} + 8 {215}
[WARN] batch start failed | size=32 {107} | split=16 {216} + 16 {217}
[WARN] batch start failed | size=32 {106} | split=16 {218} + 16 {219}
[WARN] batch start failed | size=32 {108} | split=16 {220} + 16 {221}
[WARN] batch start failed | size=32 {109} | split=16 {222} + 16 {223}
[WARN] batch start failed | size=16 {111} | split=8 {224} + 8 {225}
[WARN] batch start failed | size=16 {110} | split=8 {226} + 8 {227}
[WARN] batch start failed | size=16 {112} | split=8 {228} + 8 {229}
[WARN] batch start failed | size=16 {113} | split=8 {230} + 8 {231}
[WARN] batch start failed | size=16 {114} | split=8 {232} + 8 {233}
[WARN] batch start failed | size=16 {115} | split=8 {234} + 8 {235}
[WARN] batch start failed | size=16 {116} | split=8 {236} + 8 {237}
[WARN] batch start failed | size=16 {117} | split=8 {238} + 8 {239}
[WARN] batch start failed | size=16 {118} | split=8 {240} + 8 {241}
[WARN] batch start failed | size=15 {119} | split=8 {242} + 7 {243}
[WARN] batch start failed | size=16 {121} | split=8 {244} + 8 {245}
[WARN] batch start failed | size=16 {120} | split=8 {246} + 8 {247}
[WARN] batch start failed | size=16 {123} | split=8 {248} + 8 {249}
[WARN] batch start failed | size=16 {124} | split=8 {250} + 8 {251}
[WARN] batch start failed | size=16 {122} | split=8 {252} + 8 {253}
[WARN] batch start failed | size=16 {125} | split=8 {254} + 8 {255}
[WARN] batch start failed | size=8 {127} | split=4 {256} + 4 {257}
[WARN] batch start failed | size=8 {128} | split=4 {258} + 4 {259}
[WARN] batch start failed | size=8 {129} | split=4 {260} + 4 {261}
[WARN] batch start failed | size=4 {130} | split=2 {262} + 2 {263}
[WARN] batch start failed | size=4 {131} | split=2 {264} + 2 {265}
[WARN] batch start failed | size=8 {132} | split=4 {266} + 4 {267}
[WARN] batch start failed | size=8 {133} | split=4 {268} + 4 {269}
[WARN] batch start failed | size=32 {135} | split=16 {270} + 16 {271}
[WARN] batch start failed | size=32 {63} | split=16 {272} + 16 {273}
[WARN] batch start failed | size=16 {137} | split=8 {274} + 8 {275}
[WARN] batch start failed | size=16 {136} | split=8 {276} + 8 {277}
[WARN] batch start failed | size=32 {62} | split=16 {278} + 16 {279}
[WARN] batch start failed | size=16 {139} | split=8 {280} + 8 {281}
[WARN] batch start failed | size=8 {140} | split=4 {282} + 4 {283}
[WARN] batch start failed | size=8 {141} | split=4 {284} + 4 {285}
[WARN] batch start failed | size=15 {143} | split=8 {286} + 7 {287}
[WARN] batch start failed | size=16 {142} | split=8 {288} + 8 {289}
[WARN] batch start failed | size=16 {144} | split=8 {290} + 8 {291}
[WARN] batch start failed | size=16 {145} | split=8 {292} + 8 {293}
[WARN] batch start failed | size=16 {146} | split=8 {294} + 8 {295}
[WARN] batch start failed | size=16 {147} | split=8 {296} + 8 {297}
[WARN] batch start failed | size=16 {149} | split=8 {298} + 8 {299}
[WARN] batch start failed | size=16 {148} | split=8 {300} + 8 {301}
[WARN] batch start failed | size=32 {70} | split=16 {302} + 16 {303}
[WARN] batch start failed | size=16 {151} | split=8 {304} + 8 {305}
[WARN] batch start failed | size=4 {152} | split=2 {306} + 2 {307}
[TEST] {153} tested=4/4 | kept=0 | rest=1521
[WARN] batch start failed | size=8 {154} | split=4 {308} + 4 {309}
[WARN] batch start failed | size=8 {155} | split=4 {310} + 4 {311}
[WARN] batch start failed | size=16 {156} | split=8 {312} + 8 {313}
[WARN] batch start failed | size=15 {157} | split=8 {314} + 7 {315}
[TEST] {158} tested=2/2 | kept=0 | rest=1519
[WARN] batch start failed | size=2 {159} | split=1 {316} + 1 {317}
[WARN] batch start failed | size=16 {160} | split=8 {318} + 8 {319}
[WARN] batch start failed | size=16 {161} | split=8 {320} + 8 {321}
[WARN] batch start failed | size=16 {162} | split=8 {322} + 8 {323}
[WARN] batch start failed | size=16 {163} | split=8 {324} + 8 {325}
[WARN] batch start failed | size=16 {164} | split=8 {326} + 8 {327}
[WARN] batch start failed | size=15 {165} | split=8 {328} + 7 {329}
[WARN] batch start failed | size=16 {166} | split=8 {330} + 8 {331}
[WARN] batch start failed | size=16 {167} | split=8 {332} + 8 {333}
[WARN] batch start failed | size=16 {168} | split=8 {334} + 8 {335}
[WARN] batch start failed | size=16 {169} | split=8 {336} + 8 {337}
[WARN] batch start failed | size=8 {171} | split=4 {338} + 4 {339}
[WARN] batch start failed | size=8 {170} | split=4 {340} + 4 {341}
[WARN] batch start failed | size=8 {172} | split=4 {342} + 4 {343}
[WARN] batch start failed | size=7 {173} | split=4 {344} + 3 {345}
[WARN] batch start failed | size=8 {174} | split=4 {346} + 4 {347}
[WARN] batch start failed | size=8 {175} | split=4 {348} + 4 {349}
[WARN] batch start failed | size=4 {178} | split=2 {350} + 2 {351}
[WARN] batch start failed | size=8 {181} | split=4 {352} + 4 {353}
[WARN] batch start failed | size=8 {180} | split=4 {354} + 4 {355}
[WARN] batch start failed | size=8 {183} | split=4 {356} + 4 {357}
[TEST] {176} tested=4/4 | kept=4 | rest=1513
[TEST] {177} tested=4/4 | kept=2 | rest=1503
[TEST] {179} tested=3/3 | kept=2 | rest=1502
[TEST] {182} tested=8/8 | kept=1 | rest=1500
[WARN] batch start failed | size=32 {90} | split=16 {358} + 16 {359}
[WARN] batch start failed | size=16 {184} | split=8 {360} + 8 {361}
[WARN] batch start failed | size=16 {187} | split=8 {362} + 8 {363}
[WARN] batch start failed | size=16 {186} | split=8 {364} + 8 {365}
[WARN] batch start failed | size=16 {188} | split=8 {366} + 8 {367}
[WARN] batch start failed | size=16 {189} | split=8 {368} + 8 {369}
[WARN] batch start failed | size=8 {190} | split=4 {370} + 4 {371}
[WARN] batch start failed | size=8 {191} | split=4 {372} + 4 {373}
[WARN] batch start failed | size=32 {193} | split=16 {374} + 16 {375}
[WARN] batch start failed | size=32 {192} | split=16 {376} + 16 {377}
[WARN] batch start failed | size=16 {194} | split=8 {378} + 8 {379}
[WARN] batch start failed | size=16 {195} | split=8 {380} + 8 {381}
[WARN] batch start failed | size=16 {196} | split=8 {382} + 8 {383}
[WARN] batch start failed | size=16 {197} | split=8 {384} + 8 {385}
[WARN] batch start failed | size=16 {199} | split=8 {386} + 8 {387}
[WARN] batch start failed | size=16 {198} | split=8 {388} + 8 {389}
[WARN] batch start failed | size=16 {200} | split=8 {390} + 8 {391}
[WARN] batch start failed | size=16 {201} | split=8 {392} + 8 {393}
[WARN] batch start failed | size=16 {202} | split=8 {394} + 8 {395}
[WARN] batch start failed | size=16 {203} | split=8 {396} + 8 {397}
[WARN] batch start failed | size=8 {204} | split=4 {398} + 4 {399}
[WARN] batch start failed | size=8 {205} | split=4 {400} + 4 {401}
[WARN] batch start failed | size=8 {206} | split=4 {402} + 4 {403}
[WARN] batch start failed | size=8 {207} | split=4 {404} + 4 {405}
[WARN] batch start failed | size=8 {209} | split=4 {406} + 4 {407}
[WARN] batch start failed | size=8 {208} | split=4 {408} + 4 {409}
[WARN] batch start failed | size=8 {210} | split=4 {410} + 4 {411}
[WARN] batch start failed | size=8 {211} | split=4 {412} + 4 {413}
[WARN] batch start failed | size=8 {212} | split=4 {414} + 4 {415}
[WARN] batch start failed | size=7 {213} | split=4 {416} + 3 {417}
[WARN] batch start failed | size=8 {214} | split=4 {418} + 4 {419}
[WARN] batch start failed | size=8 {215} | split=4 {420} + 4 {421}
[WARN] batch start failed | size=16 {216} | split=8 {422} + 8 {423}
[WARN] batch start failed | size=16 {217} | split=8 {424} + 8 {425}
[WARN] batch start failed | size=16 {218} | split=8 {426} + 8 {427}
[WARN] batch start failed | size=16 {219} | split=8 {428} + 8 {429}
[WARN] batch start failed | size=16 {220} | split=8 {430} + 8 {431}
[WARN] batch start failed | size=16 {221} | split=8 {432} + 8 {433}
[WARN] batch start failed | size=16 {222} | split=8 {434} + 8 {435}
[WARN] batch start failed | size=16 {223} | split=8 {436} + 8 {437}
[WARN] batch start failed | size=8 {225} | split=4 {438} + 4 {439}
[WARN] batch start failed | size=8 {224} | split=4 {440} + 4 {441}
[WARN] batch start failed | size=8 {226} | split=4 {442} + 4 {443}
[WARN] batch start failed | size=8 {227} | split=4 {444} + 4 {445}
[WARN] batch start failed | size=8 {228} | split=4 {446} + 4 {447}
[WARN] batch start failed | size=8 {229} | split=4 {448} + 4 {449}
[WARN] batch start failed | size=8 {230} | split=4 {450} + 4 {451}
[WARN] batch start failed | size=8 {231} | split=4 {452} + 4 {453}
[WARN] batch start failed | size=8 {232} | split=4 {454} + 4 {455}
[WARN] batch start failed | size=8 {233} | split=4 {456} + 4 {457}
[WARN] batch start failed | size=8 {234} | split=4 {458} + 4 {459}
[WARN] batch start failed | size=8 {235} | split=4 {460} + 4 {461}
[WARN] batch start failed | size=8 {236} | split=4 {462} + 4 {463}
[WARN] batch start failed | size=8 {237} | split=4 {464} + 4 {465}
[WARN] batch start failed | size=8 {238} | split=4 {466} + 4 {467}
[WARN] batch start failed | size=8 {239} | split=4 {468} + 4 {469}
[WARN] batch start failed | size=8 {241} | split=4 {470} + 4 {471}
[WARN] batch start failed | size=8 {242} | split=4 {472} + 4 {473}
[WARN] batch start failed | size=7 {243} | split=4 {474} + 3 {475}
[WARN] batch start failed | size=8 {244} | split=4 {476} + 4 {477}
[WARN] batch start failed | size=8 {245} | split=4 {478} + 4 {479}
[WARN] batch start failed | size=8 {246} | split=4 {480} + 4 {481}
[WARN] batch start failed | size=8 {247} | split=4 {482} + 4 {483}
[WARN] batch start failed | size=8 {248} | split=4 {484} + 4 {485}
[WARN] batch start failed | size=8 {249} | split=4 {486} + 4 {487}
[WARN] batch start failed | size=8 {250} | split=4 {488} + 4 {489}
[WARN] batch start failed | size=8 {251} | split=4 {490} + 4 {491}
[WARN] batch start failed | size=8 {252} | split=4 {492} + 4 {493}
[WARN] batch start failed | size=8 {253} | split=4 {494} + 4 {495}
[WARN] batch start failed | size=8 {254} | split=4 {496} + 4 {497}
[WARN] batch start failed | size=8 {255} | split=4 {498} + 4 {499}
[WARN] batch start failed | size=4 {256} | split=2 {500} + 2 {501}
[WARN] batch start failed | size=4 {257} | split=2 {502} + 2 {503}
[WARN] batch start failed | size=4 {258} | split=2 {504} + 2 {505}
[WARN] batch start failed | size=4 {259} | split=2 {506} + 2 {507}
[WARN] batch start failed | size=4 {260} | split=2 {508} + 2 {509}
[WARN] batch start failed | size=4 {261} | split=2 {510} + 2 {511}
[WARN] batch start failed | size=2 {262} | split=1 {512} + 1 {513}
[WARN] batch start failed | size=2 {263} | split=1 {514} + 1 {515}
[WARN] batch start failed | size=2 {264} | split=1 {516} + 1 {517}
[WARN] batch start failed | size=2 {265} | split=1 {518} + 1 {519}
[WARN] batch start failed | size=4 {267} | split=2 {520} + 2 {521}
[TEST] {240} tested=8/8 | kept=5 | rest=1492
[WARN] batch start failed | size=4 {269} | split=2 {522} + 2 {523}
[WARN] batch start failed | size=4 {268} | split=2 {524} + 2 {525}
[WARN] batch start failed | size=16 {270} | split=8 {526} + 8 {527}
[WARN] batch start failed | size=16 {271} | split=8 {528} + 8 {529}
[WARN] batch start failed | size=16 {272} | split=8 {530} + 8 {531}
[WARN] batch start failed | size=16 {273} | split=8 {532} + 8 {533}
[WARN] batch start failed | size=8 {275} | split=4 {534} + 4 {535}
[WARN] batch start failed | size=8 {274} | split=4 {536} + 4 {537}
[WARN] batch start failed | size=8 {276} | split=4 {538} + 4 {539}
[WARN] batch start failed | size=8 {277} | split=4 {540} + 4 {541}
[WARN] batch start failed | size=16 {278} | split=8 {542} + 8 {543}
[WARN] batch start failed | size=16 {279} | split=8 {544} + 8 {545}
[WARN] batch start failed | size=8 {280} | split=4 {546} + 4 {547}
[WARN] batch start failed | size=8 {281} | split=4 {548} + 4 {549}
[WARN] batch start failed | size=4 {282} | split=2 {550} + 2 {551}
[WARN] batch start failed | size=4 {284} | split=2 {552} + 2 {553}
[WARN] batch start failed | size=4 {285} | split=2 {554} + 2 {555}
[WARN] batch start failed | size=8 {286} | split=4 {556} + 4 {557}
[WARN] batch start failed | size=7 {287} | split=4 {558} + 3 {559}
[WARN] batch start failed | size=8 {288} | split=4 {560} + 4 {561}
[WARN] batch start failed | size=8 {291} | split=4 {562} + 4 {563}
[WARN] batch start failed | size=8 {290} | split=4 {564} + 4 {565}
[WARN] batch start failed | size=8 {293} | split=4 {566} + 4 {567}
[WARN] batch start failed | size=8 {292} | split=4 {568} + 4 {569}
[WARN] batch start failed | size=8 {294} | split=4 {570} + 4 {571}
[WARN] batch start failed | size=8 {295} | split=4 {572} + 4 {573}
[WARN] batch start failed | size=8 {297} | split=4 {574} + 4 {575}
[WARN] batch start failed | size=8 {296} | split=4 {576} + 4 {577}
[WARN] batch start failed | size=8 {298} | split=4 {578} + 4 {579}
[WARN] batch start failed | size=8 {299} | split=4 {580} + 4 {581}
[WARN] batch start failed | size=8 {300} | split=4 {582} + 4 {583}
[WARN] batch start failed | size=8 {301} | split=4 {584} + 4 {585}
[WARN] batch start failed | size=16 {302} | split=8 {586} + 8 {587}
[WARN] batch start failed | size=16 {303} | split=8 {588} + 8 {589}
[WARN] batch start failed | size=8 {304} | split=4 {590} + 4 {591}
[WARN] batch start failed | size=8 {305} | split=4 {592} + 4 {593}
[TEST] {266} tested=4/4 | kept=1 | rest=1479
[TEST] {283} tested=4/4 | kept=3 | rest=1478
[TEST] {289} tested=8/8 | kept=0 | rest=1474
[TEST] {306} tested=2/2 | kept=1 | rest=1473
[TEST] {307} tested=2/2 | kept=1 | rest=1472
[WARN] batch start failed | size=4 {308} | split=2 {594} + 2 {595}
[WARN] batch start failed | size=4 {309} | split=2 {596} + 2 {597}
[WARN] batch start failed | size=4 {311} | split=2 {598} + 2 {599}
[TEST] {310} tested=4/4 | kept=3 | rest=1468
[WARN] batch start failed | size=8 {312} | split=4 {600} + 4 {601}
[WARN] batch start failed | size=8 {314} | split=4 {602} + 4 {603}
[WARN] batch start failed | size=7 {315} | split=4 {604} + 3 {605}
[WARN] batch start failed | size=8 {318} | split=4 {606} + 4 {607}
[WARN] batch start failed | size=8 {319} | split=4 {608} + 4 {609}
[WARN] batch start failed | size=8 {321} | split=4 {610} + 4 {611}
[WARN] batch start failed | size=8 {320} | split=4 {612} + 4 {613}
[WARN] batch start failed | size=8 {323} | split=4 {614} + 4 {615}
[WARN] batch start failed | size=8 {322} | split=4 {616} + 4 {617}
[WARN] batch start failed | size=8 {324} | split=4 {618} + 4 {619}
[WARN] batch start failed | size=8 {325} | split=4 {620} + 4 {621}
[WARN] batch start failed | size=8 {326} | split=4 {622} + 4 {623}
[WARN] batch start failed | size=8 {327} | split=4 {624} + 4 {625}
[WARN] batch start failed | size=7 {329} | split=4 {626} + 3 {627}
[WARN] batch start failed | size=8 {328} | split=4 {628} + 4 {629}
[WARN] batch start failed | size=8 {330} | split=4 {630} + 4 {631}
[WARN] batch start failed | size=8 {331} | split=4 {632} + 4 {633}
[WARN] batch start failed | size=8 {332} | split=4 {634} + 4 {635}
[WARN] batch start failed | size=8 {333} | split=4 {636} + 4 {637}
[WARN] batch start failed | size=8 {335} | split=4 {638} + 4 {639}
[WARN] batch start failed | size=8 {336} | split=4 {640} + 4 {641}
[WARN] batch start failed | size=8 {337} | split=4 {642} + 4 {643}
[WARN] batch start failed | size=4 {338} | split=2 {644} + 2 {645}
[WARN] batch start failed | size=4 {340} | split=2 {646} + 2 {647}
[WARN] batch start failed | size=4 {341} | split=2 {648} + 2 {649}
[WARN] batch start failed | size=4 {342} | split=2 {650} + 2 {651}
[WARN] batch start failed | size=4 {343} | split=2 {652} + 2 {653}
[TEST] {339} tested=4/4 | kept=2 | rest=1457
[TEST] {313} tested=8/8 | kept=2 | rest=1451
[WARN] batch start failed | size=4 {346} | split=2 {654} + 2 {655}
[TEST] {316} tested=1/1 | kept=0 | rest=1449
[WARN] batch start failed | size=4 {347} | split=2 {656} + 2 {657}
[TEST] {317} tested=1/1 | kept=0 | rest=1447
[WARN] batch start failed | size=4 {348} | split=2 {658} + 2 {659}
[WARN] batch start failed | size=4 {349} | split=2 {660} + 2 {661}
[WARN] batch start failed | size=2 {350} | split=1 {662} + 1 {663}
[TEST] {351} tested=2/2 | kept=0 | rest=1445
[WARN] batch start failed | size=4 {354} | split=2 {664} + 2 {665}
[TEST] {334} tested=8/8 | kept=2 | rest=1436
[WARN] batch start failed | size=4 {356} | split=2 {666} + 2 {667}
[TEST] {344} tested=4/4 | kept=1 | rest=1433
[TEST] {345} tested=3/3 | kept=0 | rest=1430
[TEST] {660} tested=2/2 | kept=1 | rest=1428
[TEST] {352} tested=4/4 | kept=0 | rest=1427
[TEST] {355} tested=4/4 | kept=1 | rest=1425
[TEST] {357} tested=4/4 | kept=0 | rest=1423
[WARN] batch start failed | size=16 {359} | split=8 {668} + 8 {669}
[WARN] batch start failed | size=16 {358} | split=8 {670} + 8 {671}
[WARN] batch start failed | size=8 {360} | split=4 {672} + 4 {673}
[WARN] batch start failed | size=8 {361} | split=4 {674} + 4 {675}
[WARN] batch start failed | size=8 {362} | split=4 {676} + 4 {677}
[WARN] batch start failed | size=8 {363} | split=4 {678} + 4 {679}
[WARN] batch start failed | size=8 {365} | split=4 {680} + 4 {681}
[WARN] batch start failed | size=8 {364} | split=4 {682} + 4 {683}
[WARN] batch start failed | size=8 {366} | split=4 {684} + 4 {685}
[WARN] batch start failed | size=8 {367} | split=4 {686} + 4 {687}
[WARN] batch start failed | size=8 {368} | split=4 {688} + 4 {689}
[WARN] batch start failed | size=8 {369} | split=4 {690} + 4 {691}
[WARN] batch start failed | size=4 {370} | split=2 {692} + 2 {693}
[WARN] batch start failed | size=4 {371} | split=2 {694} + 2 {695}
[WARN] batch start failed | size=4 {373} | split=2 {696} + 2 {697}
[WARN] batch start failed | size=4 {372} | split=2 {698} + 2 {699}
[WARN] batch start failed | size=16 {374} | split=8 {700} + 8 {701}
[WARN] batch start failed | size=16 {375} | split=8 {702} + 8 {703}
[WARN] batch start failed | size=16 {376} | split=8 {704} + 8 {705}
[WARN] batch start failed | size=16 {377} | split=8 {706} + 8 {707}
[WARN] batch start failed | size=8 {378} | split=4 {708} + 4 {709}
[WARN] batch start failed | size=8 {379} | split=4 {710} + 4 {711}
[WARN] batch start failed | size=8 {380} | split=4 {712} + 4 {713}
[WARN] batch start failed | size=8 {381} | split=4 {714} + 4 {715}
[WARN] batch start failed | size=8 {382} | split=4 {716} + 4 {717}
[WARN] batch start failed | size=8 {383} | split=4 {718} + 4 {719}
[WARN] batch start failed | size=8 {384} | split=4 {720} + 4 {721}
[WARN] batch start failed | size=8 {385} | split=4 {722} + 4 {723}
[WARN] batch start failed | size=8 {386} | split=4 {724} + 4 {725}
[WARN] batch start failed | size=8 {387} | split=4 {726} + 4 {727}
[WARN] batch start failed | size=8 {388} | split=4 {728} + 4 {729}
[WARN] batch start failed | size=8 {389} | split=4 {730} + 4 {731}
[WARN] batch start failed | size=8 {391} | split=4 {732} + 4 {733}
[WARN] batch start failed | size=8 {390} | split=4 {734} + 4 {735}
[WARN] batch start failed | size=8 {392} | split=4 {736} + 4 {737}
[WARN] batch start failed | size=8 {393} | split=4 {738} + 4 {739}
[WARN] batch start failed | size=8 {394} | split=4 {740} + 4 {741}
[WARN] batch start failed | size=8 {395} | split=4 {742} + 4 {743}
[WARN] batch start failed | size=8 {396} | split=4 {744} + 4 {745}
[WARN] batch start failed | size=8 {397} | split=4 {746} + 4 {747}
[WARN] batch start failed | size=4 {399} | split=2 {748} + 2 {749}
[WARN] batch start failed | size=4 {398} | split=2 {750} + 2 {751}
[WARN] batch start failed | size=4 {400} | split=2 {752} + 2 {753}
[WARN] batch start failed | size=4 {402} | split=2 {754} + 2 {755}
[WARN] batch start failed | size=4 {403} | split=2 {756} + 2 {757}
[WARN] batch start failed | size=4 {404} | split=2 {758} + 2 {759}
[WARN] batch start failed | size=4 {405} | split=2 {760} + 2 {761}
[WARN] batch start failed | size=4 {407} | split=2 {762} + 2 {763}
[WARN] batch start failed | size=4 {408} | split=2 {764} + 2 {765}
[WARN] batch start failed | size=4 {409} | split=2 {766} + 2 {767}
[WARN] batch start failed | size=4 {411} | split=2 {768} + 2 {769}
[WARN] batch start failed | size=4 {412} | split=2 {770} + 2 {771}
[WARN] batch start failed | size=4 {413} | split=2 {772} + 2 {773}
[WARN] batch start failed | size=4 {414} | split=2 {774} + 2 {775}
[WARN] batch start failed | size=4 {415} | split=2 {776} + 2 {777}
[TEST] {417} tested=3/3 | kept=2 | rest=1412
[TEST] {401} tested=4/4 | kept=3 | rest=1410
[TEST] {406} tested=4/4 | kept=2 | rest=1408
[TEST] {410} tested=4/4 | kept=2 | rest=1406
[TEST] {416} tested=4/4 | kept=0 | rest=1404
[WARN] batch start failed | size=4 {419} | split=2 {778} + 2 {779}
[WARN] batch start failed | size=4 {421} | split=2 {780} + 2 {781}
[WARN] batch start failed | size=4 {420} | split=2 {782} + 2 {783}
[WARN] batch start failed | size=8 {422} | split=4 {784} + 4 {785}
[WARN] batch start failed | size=8 {423} | split=4 {786} + 4 {787}
[WARN] batch start failed | size=8 {424} | split=4 {788} + 4 {789}
[WARN] batch start failed | size=8 {425} | split=4 {790} + 4 {791}
[WARN] batch start failed | size=8 {427} | split=4 {792} + 4 {793}
[WARN] batch start failed | size=8 {426} | split=4 {794} + 4 {795}
[WARN] batch start failed | size=8 {428} | split=4 {796} + 4 {797}
[WARN] batch start failed | size=8 {429} | split=4 {798} + 4 {799}
[WARN] batch start failed | size=8 {431} | split=4 {800} + 4 {801}
[WARN] batch start failed | size=8 {430} | split=4 {802} + 4 {803}
[WARN] batch start failed | size=8 {432} | split=4 {804} + 4 {805}
[WARN] batch start failed | size=8 {433} | split=4 {806} + 4 {807}
[WARN] batch start failed | size=8 {434} | split=4 {808} + 4 {809}
[WARN] batch start failed | size=8 {435} | split=4 {810} + 4 {811}
[WARN] batch start failed | size=8 {437} | split=4 {812} + 4 {813}
[WARN] batch start failed | size=8 {436} | split=4 {814} + 4 {815}
[WARN] batch start failed | size=4 {438} | split=2 {816} + 2 {817}
[WARN] batch start failed | size=4 {439} | split=2 {818} + 2 {819}
[WARN] batch start failed | size=4 {440} | split=2 {820} + 2 {821}
[WARN] batch start failed | size=4 {441} | split=2 {822} + 2 {823}
[WARN] batch start failed | size=4 {442} | split=2 {824} + 2 {825}
[WARN] batch start failed | size=4 {444} | split=2 {826} + 2 {827}
[WARN] batch start failed | size=4 {449} | split=2 {828} + 2 {829}
[WARN] batch start failed | size=4 {448} | split=2 {830} + 2 {831}
[WARN] batch start failed | size=4 {451} | split=2 {832} + 2 {833}
[WARN] batch start failed | size=4 {450} | split=2 {834} + 2 {835}
[TEST] {418} tested=4/4 | kept=3 | rest=1393
[WARN] batch start failed | size=4 {452} | split=2 {836} + 2 {837}
[WARN] batch start failed | size=4 {453} | split=2 {838} + 2 {839}
[WARN] batch start failed | size=4 {454} | split=2 {840} + 2 {841}
[WARN] batch start failed | size=4 {455} | split=2 {842} + 2 {843}
[WARN] batch start failed | size=4 {456} | split=2 {844} + 2 {845}
[WARN] batch start failed | size=4 {459} | split=2 {846} + 2 {847}
[WARN] batch start failed | size=4 {458} | split=2 {848} + 2 {849}
[WARN] batch start failed | size=4 {460} | split=2 {850} + 2 {851}
[WARN] batch start failed | size=4 {461} | split=2 {852} + 2 {853}
[WARN] batch start failed | size=4 {462} | split=2 {854} + 2 {855}
[TEST] {443} tested=4/4 | kept=1 | rest=1389
[TEST] {445} tested=4/4 | kept=0 | rest=1386
[WARN] batch start failed | size=4 {463} | split=2 {856} + 2 {857}
[TEST] {447} tested=4/4 | kept=0 | rest=1383
[WARN] batch start failed | size=4 {464} | split=2 {858} + 2 {859}
[WARN] batch start failed | size=4 {465} | split=2 {860} + 2 {861}
[WARN] batch start failed | size=4 {466} | split=2 {862} + 2 {863}
[TEST] {446} tested=4/4 | kept=0 | rest=1382
[WARN] batch start failed | size=4 {467} | split=2 {864} + 2 {865}
[WARN] batch start failed | size=4 {468} | split=2 {866} + 2 {867}
[WARN] batch start failed | size=4 {469} | split=2 {868} + 2 {869}
[WARN] batch start failed | size=4 {470} | split=2 {870} + 2 {871}
[WARN] batch start failed | size=4 {473} | split=2 {872} + 2 {873}
[WARN] batch start failed | size=3 {475} | split=2 {874} + 1 {875}
[WARN] batch start failed | size=4 {474} | split=2 {876} + 2 {877}
[WARN] batch start failed | size=4 {476} | split=2 {878} + 2 {879}
[WARN] batch start failed | size=4 {477} | split=2 {880} + 2 {881}
[WARN] batch start failed | size=4 {478} | split=2 {882} + 2 {883}
[WARN] batch start failed | size=4 {479} | split=2 {884} + 2 {885}
[WARN] batch start failed | size=4 {481} | split=2 {886} + 2 {887}
[WARN] batch start failed | size=4 {482} | split=2 {888} + 2 {889}
[TEST] {471} tested=4/4 | kept=2 | rest=1375
[TEST] {472} tested=4/4 | kept=3 | rest=1371
[TEST] {484} tested=4/4 | kept=2 | rest=1365
[WARN] batch start failed | size=4 {487} | split=2 {890} + 2 {891}
[TEST] {486} tested=4/4 | kept=2 | rest=1361
[TEST] {483} tested=4/4 | kept=4 | rest=1358
[TEST] {457} tested=4/4 | kept=1 | rest=1352
[WARN] batch start failed | size=4 {491} | split=2 {892} + 2 {893}
[WARN] batch start failed | size=4 {492} | split=2 {894} + 2 {895}
[WARN] batch start failed | size=4 {493} | split=2 {896} + 2 {897}
[TEST] {494} tested=4/4 | kept=3 | rest=1348
[WARN] batch start failed | size=4 {495} | split=2 {898} + 2 {899}
[WARN] batch start failed | size=4 {496} | split=2 {900} + 2 {901}
[TEST] {480} tested=4/4 | kept=0 | rest=1344
[WARN] batch start failed | size=4 {498} | split=2 {902} + 2 {903}
[WARN] batch start failed | size=4 {499} | split=2 {904} + 2 {905}
[TEST] {485} tested=4/4 | kept=1 | rest=1339
[WARN] batch start failed | size=2 {500} | split=1 {906} + 1 {907}
[WARN] batch start failed | size=2 {501} | split=1 {908} + 1 {909}
[WARN] batch start failed | size=2 {502} | split=1 {910} + 1 {911}
[WARN] batch start failed | size=2 {503} | split=1 {912} + 1 {913}
[TEST] {489} tested=4/4 | kept=1 | rest=1337
[TEST] {488} tested=4/4 | kept=0 | rest=1335
[WARN] batch start failed | size=2 {504} | split=1 {914} + 1 {915}
[TEST] {490} tested=4/4 | kept=0 | rest=1333
[WARN] batch start failed | size=2 {506} | split=1 {916} + 1 {917}
[WARN] batch start failed | size=2 {507} | split=1 {918} + 1 {919}
[TEST] {505} tested=2/2 | kept=0 | rest=1331
[WARN] batch start failed | size=2 {508} | split=1 {920} + 1 {921}
[WARN] batch start failed | size=2 {509} | split=1 {922} + 1 {923}
[WARN] batch start failed | size=2 {511} | split=1 {924} + 1 {925}
[TEST] {510} tested=2/2 | kept=0 | rest=1329
[TEST] {512} tested=1/1 | kept=0 | rest=1328
[TEST] {513} tested=1/1 | kept=0 | rest=1327
[TEST] {514} tested=1/1 | kept=0 | rest=1326
[TEST] {515} tested=1/1 | kept=0 | rest=1325
[TEST] {516} tested=1/1 | kept=0 | rest=1324
[TEST] {519} tested=1/1 | kept=0 | rest=1323
[TEST] {517} tested=1/1 | kept=0 | rest=1322
[TEST] {518} tested=1/1 | kept=0 | rest=1321
[TEST] {521} tested=2/2 | kept=2 | rest=1319
[TEST] {497} tested=4/4 | kept=0 | rest=1318
[WARN] batch start failed | size=2 {522} | split=1 {926} + 1 {927}
[WARN] batch start failed | size=2 {525} | split=1 {928} + 1 {929}
[WARN] batch start failed | size=8 {527} | split=4 {930} + 4 {931}
[WARN] batch start failed | size=8 {526} | split=4 {932} + 4 {933}
[WARN] batch start failed | size=8 {528} | split=4 {934} + 4 {935}
[WARN] batch start failed | size=8 {529} | split=4 {936} + 4 {937}
[WARN] batch start failed | size=8 {530} | split=4 {938} + 4 {939}
[WARN] batch start failed | size=8 {531} | split=4 {940} + 4 {941}
[WARN] batch start failed | size=8 {532} | split=4 {942} + 4 {943}
[WARN] batch start failed | size=8 {533} | split=4 {944} + 4 {945}
[TEST] {520} tested=2/2 | kept=1 | rest=1313
[WARN] batch start failed | size=4 {537} | split=2 {946} + 2 {947}
[WARN] batch start failed | size=4 {538} | split=2 {948} + 2 {949}
[TEST] {523} tested=2/2 | kept=0 | rest=1307
[TEST] {524} tested=2/2 | kept=1 | rest=1306
[WARN] batch start failed | size=4 {541} | split=2 {950} + 2 {951}
[WARN] batch start failed | size=8 {543} | split=4 {952} + 4 {953}
[WARN] batch start failed | size=8 {542} | split=4 {954} + 4 {955}
[WARN] batch start failed | size=8 {545} | split=4 {956} + 4 {957}
[WARN] batch start failed | size=8 {544} | split=4 {958} + 4 {959}
[TEST] {546} tested=4/4 | kept=0 | rest=1300
[WARN] batch start failed | size=4 {547} | split=2 {960} + 2 {961}
[TEST] {534} tested=4/4 | kept=0 | rest=1294
[TEST] {535} tested=4/4 | kept=0 | rest=1291
[WARN] batch start failed | size=4 {549} | split=2 {962} + 2 {963}
[TEST] {536} tested=4/4 | kept=0 | rest=1288
[TEST] {550} tested=2/2 | kept=0 | rest=1286
[TEST] {551} tested=2/2 | kept=1 | rest=1283
[TEST] {554} tested=2/2 | kept=2 | rest=1280
[TEST] {553} tested=2/2 | kept=1 | rest=1279
[WARN] batch start failed | size=4 {556} | split=2 {964} + 2 {965}
[TEST] {539} tested=4/4 | kept=0 | rest=1278
[TEST] {540} tested=4/4 | kept=1 | rest=1274
[WARN] batch start failed | size=3 {559} | split=2 {966} + 1 {967}
[TEST] {560} tested=4/4 | kept=2 | rest=1268
[TEST] {548} tested=4/4 | kept=3 | rest=1266
[WARN] batch start failed | size=4 {562} | split=2 {968} + 2 {969}
[TEST] {563} tested=4/4 | kept=3 | rest=1261
[WARN] batch start failed | size=4 {564} | split=2 {970} + 2 {971}
[WARN] batch start failed | size=4 {565} | split=2 {972} + 2 {973}
[TEST] {552} tested=2/2 | kept=1 | rest=1258
[WARN] batch start failed | size=4 {567} | split=2 {974} + 2 {975}
[WARN] batch start failed | size=4 {568} | split=2 {976} + 2 {977}
[TEST] {555} tested=2/2 | kept=0 | rest=1255
[TEST] {557} tested=4/4 | kept=1 | rest=1250
[TEST] {558} tested=4/4 | kept=1 | rest=1248
[WARN] batch start failed | size=4 {571} | split=2 {978} + 2 {979}
[TEST] {573} tested=4/4 | kept=2 | rest=1242
[TEST] {561} tested=4/4 | kept=2 | rest=1237
[WARN] batch start failed | size=4 {575} | split=2 {980} + 2 {981}
[WARN] batch start failed | size=4 {577} | split=2 {982} + 2 {983}
[WARN] batch start failed | size=4 {576} | split=2 {984} + 2 {985}
[WARN] batch start failed | size=4 {578} | split=2 {986} + 2 {987}
[WARN] batch start failed | size=4 {579} | split=2 {988} + 2 {989}
[TEST] {566} tested=4/4 | kept=2 | rest=1233
[WARN] batch start failed | size=4 {581} | split=2 {990} + 2 {991}
[WARN] batch start failed | size=4 {583} | split=2 {992} + 2 {993}
[TEST] {580} tested=4/4 | kept=1 | rest=1231
[WARN] batch start failed | size=4 {584} | split=2 {994} + 2 {995}
[WARN] batch start failed | size=4 {585} | split=2 {996} + 2 {997}
[WARN] batch start failed | size=8 {586} | split=4 {998} + 4 {999}
[WARN] batch start failed | size=8 {587} | split=4 {1000} + 4 {1001}
[TEST] {582} tested=4/4 | kept=2 | rest=1227
[WARN] batch start failed | size=8 {588} | split=4 {1002} + 4 {1003}
[WARN] batch start failed | size=8 {589} | split=4 {1004} + 4 {1005}
[WARN] batch start failed | size=4 {590} | split=2 {1006} + 2 {1007}
[WARN] batch start failed | size=4 {591} | split=2 {1008} + 2 {1009}
[WARN] batch start failed | size=4 {592} | split=2 {1010} + 2 {1011}
[WARN] batch start failed | size=4 {593} | split=2 {1012} + 2 {1013}
[TEST] {569} tested=4/4 | kept=2 | rest=1225
[TEST] {570} tested=4/4 | kept=0 | rest=1223
[WARN] batch start failed | size=2 {594} | split=1 {1014} + 1 {1015}
[TEST] {595} tested=2/2 | kept=2 | rest=1221
[TEST] {596} tested=2/2 | kept=1 | rest=1219
[TEST] {598} tested=2/2 | kept=0 | rest=1216
[TEST] {572} tested=4/4 | kept=1 | rest=1214
[TEST] {574} tested=4/4 | kept=1 | rest=1209
[TEST] {597} tested=2/2 | kept=2 | rest=1206
[WARN] batch start failed | size=4 {603} | split=2 {1016} + 2 {1017}
[WARN] batch start failed | size=4 {602} | split=2 {1018} + 2 {1019}
[WARN] batch start failed | size=3 {605} | split=2 {1020} + 1 {1021}
[WARN] batch start failed | size=4 {606} | split=2 {1022} + 2 {1023}
[WARN] batch start failed | size=4 {607} | split=2 {1024} + 2 {1025}
[WARN] batch start failed | size=4 {608} | split=2 {1026} + 2 {1027}
[WARN] batch start failed | size=4 {609} | split=2 {1028} + 2 {1029}
[WARN] batch start failed | size=4 {611} | split=2 {1030} + 2 {1031}
[WARN] batch start failed | size=4 {610} | split=2 {1032} + 2 {1033}
[WARN] batch start failed | size=4 {612} | split=2 {1034} + 2 {1035}
[WARN] batch start failed | size=4 {613} | split=2 {1036} + 2 {1037}
[WARN] batch start failed | size=4 {614} | split=2 {1038} + 2 {1039}
[WARN] batch start failed | size=4 {615} | split=2 {1040} + 2 {1041}
[TEST] {599} tested=2/2 | kept=1 | rest=1203
[TEST] {600} tested=4/4 | kept=1 | rest=1202
[TEST] {601} tested=4/4 | kept=1 | rest=1197
[TEST] {604} tested=4/4 | kept=1 | rest=1188
[TEST] {616} tested=4/4 | kept=0 | rest=1185
[TEST] {617} tested=4/4 | kept=0 | rest=1183
[TEST] {619} tested=4/4 | kept=0 | rest=1180
[TEST] {618} tested=4/4 | kept=2 | rest=1179
[WARN] batch start failed | size=4 {623} | split=2 {1042} + 2 {1043}
[WARN] batch start failed | size=4 {625} | split=2 {1044} + 2 {1045}
[WARN] batch start failed | size=4 {626} | split=2 {1046} + 2 {1047}
[TEST] {621} tested=4/4 | kept=1 | rest=1174
[WARN] batch start failed | size=4 {628} | split=2 {1048} + 2 {1049}
[WARN] batch start failed | size=4 {630} | split=2 {1050} + 2 {1051}
[WARN] batch start failed | size=4 {631} | split=2 {1052} + 2 {1053}
[TEST] {620} tested=4/4 | kept=0 | rest=1171
[WARN] batch start failed | size=4 {633} | split=2 {1054} + 2 {1055}
[WARN] batch start failed | size=4 {634} | split=2 {1056} + 2 {1057}
[WARN] batch start failed | size=4 {635} | split=2 {1058} + 2 {1059}
[WARN] batch start failed | size=4 {636} | split=2 {1060} + 2 {1061}
[WARN] batch start failed | size=4 {637} | split=2 {1062} + 2 {1063}
[TEST] {622} tested=4/4 | kept=0 | rest=1164
[TEST] {624} tested=4/4 | kept=0 | rest=1160
[WARN] batch start failed | size=4 {639} | split=2 {1064} + 2 {1065}
[WARN] batch start failed | size=4 {641} | split=2 {1066} + 2 {1067}
[TEST] {627} tested=3/3 | kept=0 | rest=1158
[TEST] {629} tested=4/4 | kept=0 | rest=1154
[WARN] batch start failed | size=4 {642} | split=2 {1068} + 2 {1069}
[WARN] batch start failed | size=4 {643} | split=2 {1070} + 2 {1071}
[WARN] batch start failed | size=2 {645} | split=1 {1072} + 1 {1073}
[TEST] {646} tested=2/2 | kept=1 | rest=1149
[TEST] {644} tested=2/2 | kept=1 | rest=1148
[TEST] {632} tested=4/4 | kept=2 | rest=1146
[WARN] batch start failed | size=2 {649} | split=1 {1074} + 1 {1075}
[TEST] {648} tested=2/2 | kept=2 | rest=1141
[TEST] {638} tested=4/4 | kept=2 | rest=1140
[WARN] batch start failed | size=2 {652} | split=1 {1076} + 1 {1077}
[TEST] {647} tested=2/2 | kept=1 | rest=1138
[TEST] {654} tested=2/2 | kept=2 | rest=1137
[WARN] batch start failed | size=2 {656} | split=1 {1078} + 1 {1079}
[TEST] {640} tested=4/4 | kept=1 | rest=1133
[TEST] {651} tested=2/2 | kept=0 | rest=1131
[TEST] {650} tested=2/2 | kept=1 | rest=1130
[WARN] batch start failed | size=4 {353} | split=2 {1080} + 2 {1081}
[TEST] {653} tested=2/2 | kept=0 | rest=1128
[TEST] {663} tested=1/1 | kept=1 | rest=1126
[TEST] {655} tested=2/2 | kept=0 | rest=1125
[TEST] {657} tested=2/2 | kept=1 | rest=1124
[TEST] {665} tested=2/2 | kept=1 | rest=1121
[TEST] {658} tested=2/2 | kept=1 | rest=1119
[TEST] {667} tested=2/2 | kept=1 | rest=1117
[TEST] {659} tested=2/2 | kept=0 | rest=1115
[TEST] {661} tested=2/2 | kept=1 | rest=1114
[TEST] {662} tested=1/1 | kept=0 | rest=1113
[TEST] {664} tested=2/2 | kept=0 | rest=1112
[TEST] {666} tested=2/2 | kept=0 | rest=1111
[WARN] batch start failed | size=8 {668} | split=4 {1082} + 4 {1083}
[WARN] batch start failed | size=8 {669} | split=4 {1084} + 4 {1085}
[WARN] batch start failed | size=8 {670} | split=4 {1086} + 4 {1087}
[WARN] batch start failed | size=8 {671} | split=4 {1088} + 4 {1089}
[WARN] batch start failed | size=4 {673} | split=2 {1090} + 2 {1091}
[WARN] batch start failed | size=4 {672} | split=2 {1092} + 2 {1093}
[WARN] batch start failed | size=4 {674} | split=2 {1094} + 2 {1095}
[WARN] batch start failed | size=4 {675} | split=2 {1096} + 2 {1097}
[WARN] batch start failed | size=4 {676} | split=2 {1098} + 2 {1099}
[WARN] batch start failed | size=4 {677} | split=2 {1100} + 2 {1101}
[WARN] batch start failed | size=4 {678} | split=2 {1102} + 2 {1103}
[WARN] batch start failed | size=4 {679} | split=2 {1104} + 2 {1105}
[WARN] batch start failed | size=4 {680} | split=2 {1106} + 2 {1107}
[WARN] batch start failed | size=4 {683} | split=2 {1108} + 2 {1109}
[WARN] batch start failed | size=4 {682} | split=2 {1110} + 2 {1111}
[WARN] batch start failed | size=4 {684} | split=2 {1112} + 2 {1113}
[WARN] batch start failed | size=4 {685} | split=2 {1114} + 2 {1115}
[WARN] batch start failed | size=4 {687} | split=2 {1116} + 2 {1117}
[WARN] batch start failed | size=2 {1111} | split=1 {1118} + 1 {1119}
[WARN] batch start failed | size=4 {688} | split=2 {1120} + 2 {1121}
[WARN] batch start failed | size=4 {689} | split=2 {1122} + 2 {1123}
[WARN] batch start failed | size=4 {691} | split=2 {1124} + 2 {1125}
[WARN] batch start failed | size=4 {690} | split=2 {1126} + 2 {1127}
[WARN] batch start failed | size=2 {692} | split=1 {1128} + 1 {1129}
[WARN] batch start failed | size=2 {694} | split=1 {1130} + 1 {1131}
[WARN] batch start failed | size=2 {696} | split=1 {1132} + 1 {1133}
[WARN] batch start failed | size=2 {697} | split=1 {1134} + 1 {1135}
[TEST] {698} tested=2/2 | kept=2 | rest=1103
[TEST] {699} tested=2/2 | kept=2 | rest=1102
[TEST] {681} tested=4/4 | kept=2 | rest=1101
[TEST] {1123} tested=2/2 | kept=1 | rest=1100
[TEST] {695} tested=2/2 | kept=1 | rest=1099
[WARN] batch start failed | size=8 {701} | split=4 {1136} + 4 {1137}
[WARN] batch start failed | size=8 {700} | split=4 {1138} + 4 {1139}
[WARN] batch start failed | size=8 {702} | split=4 {1140} + 4 {1141}
[WARN] batch start failed | size=8 {703} | split=4 {1142} + 4 {1143}
[WARN] batch start failed | size=8 {704} | split=4 {1144} + 4 {1145}
[WARN] batch start failed | size=8 {705} | split=4 {1146} + 4 {1147}
[WARN] batch start failed | size=8 {706} | split=4 {1148} + 4 {1149}
[WARN] batch start failed | size=8 {707} | split=4 {1150} + 4 {1151}
[WARN] batch start failed | size=4 {708} | split=2 {1152} + 2 {1153}
[TEST] {709} tested=4/4 | kept=1 | rest=1095
[WARN] batch start failed | size=4 {711} | split=2 {1154} + 2 {1155}
[WARN] batch start failed | size=4 {712} | split=2 {1156} + 2 {1157}
[WARN] batch start failed | size=4 {713} | split=2 {1158} + 2 {1159}
[WARN] batch start failed | size=4 {715} | split=2 {1160} + 2 {1161}
[WARN] batch start failed | size=4 {714} | split=2 {1162} + 2 {1163}
[WARN] batch start failed | size=4 {716} | split=2 {1164} + 2 {1165}
[WARN] batch start failed | size=4 {717} | split=2 {1166} + 2 {1167}
[WARN] batch start failed | size=4 {719} | split=2 {1168} + 2 {1169}
[WARN] batch start failed | size=4 {718} | split=2 {1170} + 2 {1171}
[WARN] batch start failed | size=4 {720} | split=2 {1172} + 2 {1173}
[WARN] batch start failed | size=4 {721} | split=2 {1174} + 2 {1175}
[TEST] {723} tested=4/4 | kept=3 | rest=1088
[WARN] batch start failed | size=4 {722} | split=2 {1176} + 2 {1177}
[WARN] batch start failed | size=4 {724} | split=2 {1178} + 2 {1179}
[WARN] batch start failed | size=4 {725} | split=2 {1180} + 2 {1181}
[WARN] batch start failed | size=4 {727} | split=2 {1182} + 2 {1183}
[WARN] batch start failed | size=4 {728} | split=2 {1184} + 2 {1185}
[TEST] {726} tested=4/4 | kept=3 | rest=1084
[WARN] batch start failed | size=4 {729} | split=2 {1186} + 2 {1187}
[WARN] batch start failed | size=4 {730} | split=2 {1188} + 2 {1189}
[WARN] batch start failed | size=4 {732} | split=2 {1190} + 2 {1191}
[WARN] batch start failed | size=4 {733} | split=2 {1192} + 2 {1193}
[TEST] {734} tested=4/4 | kept=3 | rest=1077
[TEST] {710} tested=4/4 | kept=2 | rest=1076
[WARN] batch start failed | size=4 {735} | split=2 {1194} + 2 {1195}
[WARN] batch start failed | size=4 {737} | split=2 {1196} + 2 {1197}
[WARN] batch start failed | size=4 {736} | split=2 {1198} + 2 {1199}
[WARN] batch start failed | size=4 {739} | split=2 {1200} + 2 {1201}
[WARN] batch start failed | size=4 {738} | split=2 {1202} + 2 {1203}
[WARN] batch start failed | size=4 {740} | split=2 {1204} + 2 {1205}
[WARN] batch start failed | size=4 {741} | split=2 {1206} + 2 {1207}
[WARN] batch start failed | size=4 {743} | split=2 {1208} + 2 {1209}
[TEST] {742} tested=4/4 | kept=3 | rest=1072
[WARN] batch start failed | size=4 {744} | split=2 {1210} + 2 {1211}
[WARN] batch start failed | size=4 {745} | split=2 {1212} + 2 {1213}
[WARN] batch start failed | size=4 {746} | split=2 {1214} + 2 {1215}
[WARN] batch start failed | size=4 {747} | split=2 {1216} + 2 {1217}
[TEST] {748} tested=2/2 | kept=2 | rest=1069
[TEST] {731} tested=4/4 | kept=3 | rest=1067
[WARN] batch start failed | size=2 {750} | split=1 {1218} + 1 {1219}
[WARN] batch start failed | size=2 {753} | split=1 {1220} + 1 {1221}
[WARN] batch start failed | size=2 {752} | split=1 {1222} + 1 {1223}
[WARN] batch start failed | size=2 {754} | split=1 {1224} + 1 {1225}
[WARN] batch start failed | size=2 {755} | split=1 {1226} + 1 {1227}
[WARN] batch start failed | size=2 {756} | split=1 {1228} + 1 {1229}
[WARN] batch start failed | size=2 {759} | split=1 {1230} + 1 {1231}
[WARN] batch start failed | size=2 {760} | split=1 {1232} + 1 {1233}
[WARN] batch start failed | size=2 {761} | split=1 {1234} + 1 {1235}
[TEST] {757} tested=2/2 | kept=1 | rest=1065
[TEST] {762} tested=2/2 | kept=2 | rest=1060
[TEST] {765} tested=2/2 | kept=2 | rest=1059
[WARN] batch start failed | size=2 {766} | split=1 {1236} + 1 {1237}
[TEST] {767} tested=2/2 | kept=2 | rest=1056
[TEST] {764} tested=2/2 | kept=2 | rest=1054
[TEST] {768} tested=2/2 | kept=0 | rest=1053
[WARN] batch start failed | size=2 {769} | split=1 {1238} + 1 {1239}
[TEST] {749} tested=2/2 | kept=1 | rest=1050
[WARN] batch start failed | size=2 {772} | split=1 {1240} + 1 {1241}
[TEST] {751} tested=2/2 | kept=1 | rest=1049
[TEST] {775} tested=2/2 | kept=2 | rest=1046
[TEST] {774} tested=2/2 | kept=2 | rest=1044
[TEST] {776} tested=2/2 | kept=2 | rest=1042
[WARN] batch start failed | size=2 {777} | split=1 {1242} + 1 {1243}
[TEST] {758} tested=2/2 | kept=1 | rest=1041
[WARN] batch start failed | size=2 {778} | split=1 {1244} + 1 {1245}
[TEST] {779} tested=2/2 | kept=1 | rest=1039
[WARN] batch start failed | size=2 {781} | split=1 {1246} + 1 {1247}
[TEST] {763} tested=2/2 | kept=1 | rest=1037
[TEST] {780} tested=2/2 | kept=2 | rest=1036
[WARN] batch start failed | size=2 {782} | split=1 {1248} + 1 {1249}
[WARN] batch start failed | size=4 {785} | split=2 {1250} + 2 {1251}
[TEST] {770} tested=2/2 | kept=0 | rest=1029
[TEST] {771} tested=2/2 | kept=1 | rest=1028
[WARN] batch start failed | size=4 {788} | split=2 {1252} + 2 {1253}
[TEST] {773} tested=2/2 | kept=1 | rest=1022
[WARN] batch start failed | size=4 {790} | split=2 {1254} + 2 {1255}
[TEST] {783} tested=2/2 | kept=1 | rest=1020
[TEST] {784} tested=4/4 | kept=0 | rest=1018
[WARN] batch start failed | size=4 {793} | split=2 {1256} + 2 {1257}
[TEST] {786} tested=4/4 | kept=0 | rest=1017
[WARN] batch start failed | size=4 {792} | split=2 {1258} + 2 {1259}
[WARN] batch start failed | size=4 {795} | split=2 {1260} + 2 {1261}
[WARN] batch start failed | size=4 {797} | split=2 {1262} + 2 {1263}
[WARN] batch start failed | size=4 {798} | split=2 {1264} + 2 {1265}
[TEST] {787} tested=4/4 | kept=0 | rest=1012
[WARN] batch start failed | size=4 {800} | split=2 {1266} + 2 {1267}
[TEST] {789} tested=4/4 | kept=0 | rest=1010
[WARN] batch start failed | size=4 {801} | split=2 {1268} + 2 {1269}
[WARN] batch start failed | size=4 {802} | split=2 {1270} + 2 {1271}
[TEST] {791} tested=4/4 | kept=0 | rest=1003
[TEST] {794} tested=4/4 | kept=0 | rest=997
[TEST] {796} tested=4/4 | kept=1 | rest=995
[WARN] batch start failed | size=4 {806} | split=2 {1272} + 2 {1273}
[WARN] batch start failed | size=4 {809} | split=2 {1274} + 2 {1275}
[TEST] {799} tested=4/4 | kept=0 | rest=993
[TEST] {803} tested=4/4 | kept=0 | rest=984
[TEST] {804} tested=4/4 | kept=1 | rest=982
[TEST] {805} tested=4/4 | kept=0 | rest=976
[WARN] batch start failed | size=4 {813} | split=2 {1276} + 2 {1277}
[WARN] batch start failed | size=4 {814} | split=2 {1278} + 2 {1279}
[TEST] {807} tested=4/4 | kept=0 | rest=970
[WARN] batch start failed | size=2 {816} | split=1 {1280} + 1 {1281}
[TEST] {808} tested=4/4 | kept=0 | rest=968
[TEST] {810} tested=4/4 | kept=0 | rest=966
[TEST] {818} tested=2/2 | kept=1 | rest=963
[WARN] batch start failed | size=2 {820} | split=1 {1282} + 1 {1283}
[TEST] {819} tested=2/2 | kept=2 | rest=962
[TEST] {811} tested=4/4 | kept=0 | rest=959
[TEST] {822} tested=2/2 | kept=1 | rest=958
[WARN] batch start failed | size=2 {823} | split=1 {1284} + 1 {1285}
[WARN] batch start failed | size=2 {824} | split=1 {1286} + 1 {1287}
[TEST] {812} tested=4/4 | kept=1 | rest=956
[TEST] {826} tested=2/2 | kept=2 | rest=953
[TEST] {827} tested=2/2 | kept=2 | rest=951
[WARN] batch start failed | size=2 {829} | split=1 {1288} + 1 {1289}
[WARN] batch start failed | size=2 {828} | split=1 {1290} + 1 {1291}
[TEST] {815} tested=4/4 | kept=3 | rest=948
[WARN] batch start failed | size=2 {833} | split=1 {1292} + 1 {1293}
[TEST] {831} tested=2/2 | kept=0 | rest=947
[TEST] {832} tested=2/2 | kept=0 | rest=945
[WARN] batch start failed | size=2 {835} | split=1 {1294} + 1 {1295}
[TEST] {834} tested=2/2 | kept=0 | rest=943
[WARN] batch start failed | size=2 {837} | split=1 {1296} + 1 {1297}
[WARN] batch start failed | size=2 {836} | split=1 {1298} + 1 {1299}
[WARN] batch start failed | size=2 {838} | split=1 {1300} + 1 {1301}
[WARN] batch start failed | size=2 {839} | split=1 {1302} + 1 {1303}
[WARN] batch start failed | size=2 {841} | split=1 {1304} + 1 {1305}
[TEST] {817} tested=2/2 | kept=2 | rest=941
[TEST] {843} tested=2/2 | kept=0 | rest=939
[WARN] batch start failed | size=2 {844} | split=1 {1306} + 1 {1307}
[TEST] {845} tested=2/2 | kept=1 | rest=937
[WARN] batch start failed | size=2 {846} | split=1 {1308} + 1 {1309}
[TEST] {842} tested=2/2 | kept=0 | rest=935
[WARN] batch start failed | size=2 {848} | split=1 {1310} + 1 {1311}
[TEST] {821} tested=2/2 | kept=0 | rest=934
[WARN] batch start failed | size=2 {849} | split=1 {1312} + 1 {1313}
[WARN] batch start failed | size=2 {850} | split=1 {1314} + 1 {1315}
[WARN] batch start failed | size=2 {852} | split=1 {1316} + 1 {1317}
[TEST] {825} tested=2/2 | kept=0 | rest=932
[TEST] {853} tested=2/2 | kept=0 | rest=930
[WARN] batch start failed | size=2 {854} | split=1 {1318} + 1 {1319}
[WARN] batch start failed | size=2 {855} | split=1 {1320} + 1 {1321}
[WARN] batch start failed | size=2 {856} | split=1 {1322} + 1 {1323}
[WARN] batch start failed | size=2 {857} | split=1 {1324} + 1 {1325}
[WARN] batch start failed | size=2 {858} | split=1 {1326} + 1 {1327}
[WARN] batch start failed | size=2 {859} | split=1 {1328} + 1 {1329}
[WARN] batch start failed | size=2 {860} | split=1 {1330} + 1 {1331}
[WARN] batch start failed | size=2 {861} | split=1 {1332} + 1 {1333}
[TEST] {830} tested=2/2 | kept=0 | rest=929
[WARN] batch start failed | size=2 {863} | split=1 {1334} + 1 {1335}
[TEST] {862} tested=2/2 | kept=0 | rest=927
[WARN] batch start failed | size=2 {864} | split=1 {1336} + 1 {1337}
[TEST] {865} tested=2/2 | kept=0 | rest=925
[WARN] batch start failed | size=2 {866} | split=1 {1338} + 1 {1339}
[WARN] batch start failed | size=2 {867} | split=1 {1340} + 1 {1341}
[WARN] batch start failed | size=2 {870} | split=1 {1342} + 1 {1343}
[TEST] {869} tested=2/2 | kept=0 | rest=922
[TEST] {868} tested=2/2 | kept=0 | rest=921
[TEST] {871} tested=2/2 | kept=2 | rest=918
[TEST] {872} tested=2/2 | kept=1 | rest=917
[WARN] batch start failed | size=2 {874} | split=1 {1344} + 1 {1345}
[TEST] {873} tested=2/2 | kept=1 | rest=915
[TEST] {875} tested=1/1 | kept=0 | rest=914
[WARN] batch start failed | size=2 {877} | split=1 {1346} + 1 {1347}
[TEST] {878} tested=2/2 | kept=0 | rest=911
[TEST] {840} tested=2/2 | kept=0 | rest=909
[TEST] {879} tested=2/2 | kept=0 | rest=907
[WARN] batch start failed | size=2 {881} | split=1 {1348} + 1 {1349}
[TEST] {880} tested=2/2 | kept=0 | rest=905
[TEST] {882} tested=2/2 | kept=1 | rest=901
[TEST] {883} tested=2/2 | kept=1 | rest=900
[TEST] {876} tested=2/2 | kept=2 | rest=899
[WARN] batch start failed | size=2 {885} | split=1 {1350} + 1 {1351}
[TEST] {884} tested=2/2 | kept=2 | rest=898
[WARN] batch start failed | size=2 {887} | split=1 {1352} + 1 {1353}
[TEST] {847} tested=2/2 | kept=0 | rest=896
[TEST] {890} tested=2/2 | kept=1 | rest=895
[TEST] {851} tested=2/2 | kept=0 | rest=893
[TEST] {891} tested=2/2 | kept=1 | rest=891
[TEST] {895} tested=2/2 | kept=1 | rest=888
[WARN] batch start failed | size=2 {894} | split=1 {1354} + 1 {1355}
[TEST] {896} tested=2/2 | kept=0 | rest=886
[TEST] {897} tested=2/2 | kept=1 | rest=884
[TEST] {899} tested=2/2 | kept=0 | rest=882
[WARN] batch start failed | size=2 {898} | split=1 {1356} + 1 {1357}
[WARN] batch start failed | size=2 {900} | split=1 {1358} + 1 {1359}
[TEST] {886} tested=2/2 | kept=0 | rest=879
[TEST] {889} tested=2/2 | kept=0 | rest=877
[TEST] {888} tested=2/2 | kept=0 | rest=875
[WARN] batch start failed | size=2 {904} | split=1 {1360} + 1 {1361}
[TEST] {902} tested=2/2 | kept=0 | rest=872
[TEST] {892} tested=2/2 | kept=0 | rest=871
[TEST] {893} tested=2/2 | kept=0 | rest=869
[TEST] {906} tested=1/1 | kept=0 | rest=868
[TEST] {909} tested=1/1 | kept=0 | rest=867
[TEST] {907} tested=1/1 | kept=0 | rest=866
[TEST] {908} tested=1/1 | kept=0 | rest=865
[TEST] {910} tested=1/1 | kept=0 | rest=864
[TEST] {911} tested=1/1 | kept=0 | rest=863
[TEST] {912} tested=1/1 | kept=0 | rest=862
[TEST] {913} tested=1/1 | kept=0 | rest=861
[TEST] {901} tested=2/2 | kept=0 | rest=860
[TEST] {903} tested=2/2 | kept=0 | rest=859
[TEST] {905} tested=2/2 | kept=1 | rest=858
[TEST] {914} tested=1/1 | kept=0 | rest=857
[TEST] {915} tested=1/1 | kept=0 | rest=856
[TEST] {917} tested=1/1 | kept=0 | rest=855
[TEST] {916} tested=1/1 | kept=0 | rest=854
[TEST] {919} tested=1/1 | kept=0 | rest=853
[TEST] {918} tested=1/1 | kept=0 | rest=852
[TEST] {920} tested=1/1 | kept=0 | rest=851
[TEST] {921} tested=1/1 | kept=0 | rest=850
[TEST] {923} tested=1/1 | kept=0 | rest=849
[TEST] {922} tested=1/1 | kept=0 | rest=848
[TEST] {924} tested=1/1 | kept=0 | rest=847
[TEST] {925} tested=1/1 | kept=0 | rest=846
[TEST] {929} tested=1/1 | kept=1 | rest=845
[WARN] batch start failed | size=4 {930} | split=2 {1362} + 2 {1363}
[WARN] batch start failed | size=4 {931} | split=2 {1364} + 2 {1365}
[WARN] batch start failed | size=4 {932} | split=2 {1366} + 2 {1367}
[WARN] batch start failed | size=4 {933} | split=2 {1368} + 2 {1369}
[WARN] batch start failed | size=4 {935} | split=2 {1370} + 2 {1371}
[WARN] batch start failed | size=4 {934} | split=2 {1372} + 2 {1373}
[WARN] batch start failed | size=4 {937} | split=2 {1374} + 2 {1375}
[TEST] {926} tested=1/1 | kept=1 | rest=840
[WARN] batch start failed | size=4 {939} | split=2 {1376} + 2 {1377}
[WARN] batch start failed | size=4 {941} | split=2 {1378} + 2 {1379}
[WARN] batch start failed | size=4 {940} | split=2 {1380} + 2 {1381}
[TEST] {927} tested=1/1 | kept=0 | rest=839
[TEST] {928} tested=1/1 | kept=0 | rest=831
[WARN] batch start failed | size=4 {945} | split=2 {1382} + 2 {1383}
[TEST] {936} tested=4/4 | kept=0 | rest=829
[TEST] {938} tested=4/4 | kept=0 | rest=827
[TEST] {942} tested=4/4 | kept=0 | rest=823
[TEST] {943} tested=4/4 | kept=2 | rest=822
[WARN] batch start failed | size=2 {949} | split=1 {1384} + 1 {1385}
[TEST] {944} tested=4/4 | kept=0 | rest=820
[WARN] batch start failed | size=4 {952} | split=2 {1386} + 2 {1387}
[TEST] {951} tested=2/2 | kept=1 | rest=816
[WARN] batch start failed | size=4 {954} | split=2 {1388} + 2 {1389}
[TEST] {947} tested=2/2 | kept=0 | rest=810
[TEST] {946} tested=2/2 | kept=0 | rest=805
[TEST] {948} tested=2/2 | kept=0 | rest=804
[WARN] batch start failed | size=4 {956} | split=2 {1390} + 2 {1391}
[WARN] batch start failed | size=4 {959} | split=2 {1392} + 2 {1393}
[TEST] {950} tested=2/2 | kept=0 | rest=800
[WARN] batch start failed | size=2 {961} | split=1 {1394} + 1 {1395}
[TEST] {953} tested=4/4 | kept=1 | rest=798
[TEST] {962} tested=2/2 | kept=1 | rest=797
[WARN] batch start failed | size=2 {963} | split=1 {1396} + 1 {1397}
[TEST] {955} tested=4/4 | kept=0 | rest=794
[TEST] {957} tested=4/4 | kept=1 | rest=793
[WARN] batch start failed | size=2 {966} | split=1 {1398} + 1 {1399}
[TEST] {968} tested=2/2 | kept=1 | rest=791
[TEST] {969} tested=2/2 | kept=0 | rest=789
[TEST] {958} tested=4/4 | kept=1 | rest=787
[TEST] {960} tested=2/2 | kept=1 | rest=786
[WARN] batch start failed | size=2 {971} | split=1 {1400} + 1 {1401}
[WARN] batch start failed | size=2 {972} | split=1 {1402} + 1 {1403}
[WARN] batch start failed | size=2 {973} | split=1 {1404} + 1 {1405}
[TEST] {975} tested=2/2 | kept=0 | rest=783
[TEST] {977} tested=2/2 | kept=2 | rest=780
[TEST] {964} tested=2/2 | kept=1 | rest=779
[TEST] {978} tested=2/2 | kept=0 | rest=776
[TEST] {965} tested=2/2 | kept=0 | rest=775
[TEST] {979} tested=2/2 | kept=0 | rest=772
[TEST] {980} tested=2/2 | kept=1 | rest=771
[TEST] {981} tested=2/2 | kept=1 | rest=769
[TEST] {967} tested=1/1 | kept=0 | rest=766
[TEST] {983} tested=2/2 | kept=1 | rest=765
[WARN] batch start failed | size=2 {985} | split=1 {1406} + 1 {1407}
[TEST] {984} tested=2/2 | kept=1 | rest=763
[TEST] {970} tested=2/2 | kept=1 | rest=760
[TEST] {974} tested=2/2 | kept=0 | rest=758
[WARN] batch start failed | size=2 {989} | split=1 {1408} + 1 {1409}
[TEST] {988} tested=2/2 | kept=1 | rest=757
[WARN] batch start failed | size=2 {991} | split=1 {1410} + 1 {1411}
[WARN] batch start failed | size=2 {992} | split=1 {1412} + 1 {1413}
[TEST] {976} tested=2/2 | kept=1 | rest=755
[TEST] {994} tested=2/2 | kept=0 | rest=752
[TEST] {993} tested=2/2 | kept=2 | rest=750
[TEST] {982} tested=2/2 | kept=1 | rest=749
[WARN] batch start failed | size=2 {996} | split=1 {1414} + 1 {1415}
[TEST] {995} tested=2/2 | kept=1 | rest=748
[WARN] batch start failed | size=2 {997} | split=1 {1416} + 1 {1417}
[WARN] batch start failed | size=4 {999} | split=2 {1418} + 2 {1419}
[WARN] batch start failed | size=4 {998} | split=2 {1420} + 2 {1421}
[WARN] batch start failed | size=4 {1000} | split=2 {1422} + 2 {1423}
[WARN] batch start failed | size=4 {1001} | split=2 {1424} + 2 {1425}
[WARN] batch start failed | size=4 {1002} | split=2 {1426} + 2 {1427}
[WARN] batch start failed | size=4 {1003} | split=2 {1428} + 2 {1429}
[WARN] batch start failed | size=4 {1004} | split=2 {1430} + 2 {1431}
[WARN] batch start failed | size=2 {1007} | split=1 {1432} + 1 {1433}
[TEST] {987} tested=2/2 | kept=0 | rest=746
[TEST] {986} tested=2/2 | kept=1 | rest=745
[TEST] {1008} tested=2/2 | kept=1 | rest=742
[TEST] {1005} tested=4/4 | kept=1 | rest=737
[TEST] {1010} tested=2/2 | kept=1 | rest=736
[WARN] batch start failed | size=2 {1012} | split=1 {1434} + 1 {1435}
[TEST] {1006} tested=2/2 | kept=2 | rest=734
[TEST] {1009} tested=2/2 | kept=1 | rest=733
[TEST] {1014} tested=1/1 | kept=1 | rest=731
[TEST] {1013} tested=2/2 | kept=1 | rest=730
[TEST] {1015} tested=1/1 | kept=0 | rest=729
[TEST] {1011} tested=2/2 | kept=2 | rest=728
[WARN] batch start failed | size=2 {1016} | split=1 {1436} + 1 {1437}
[WARN] batch start failed | size=2 {1019} | split=1 {1438} + 1 {1439}
[TEST] {1018} tested=2/2 | kept=2 | rest=725
[TEST] {1021} tested=1/1 | kept=0 | rest=723
[TEST] {990} tested=2/2 | kept=1 | rest=721
[WARN] batch start failed | size=2 {1023} | split=1 {1440} + 1 {1441}
[TEST] {1024} tested=2/2 | kept=2 | rest=719
[TEST] {1025} tested=2/2 | kept=2 | rest=717
[TEST] {1026} tested=2/2 | kept=2 | rest=715
[TEST] {1027} tested=2/2 | kept=1 | rest=713
[TEST] {1028} tested=2/2 | kept=2 | rest=711
[TEST] {1029} tested=2/2 | kept=1 | rest=709
[WARN] batch start failed | size=2 {1030} | split=1 {1442} + 1 {1443}
[WARN] batch start failed | size=2 {1031} | split=1 {1444} + 1 {1445}
[WARN] batch start failed | size=2 {1033} | split=1 {1446} + 1 {1447}
[WARN] batch start failed | size=2 {1032} | split=1 {1448} + 1 {1449}
[TEST] {1034} tested=2/2 | kept=1 | rest=707
[WARN] batch start failed | size=2 {1037} | split=1 {1450} + 1 {1451}
[TEST] {1036} tested=2/2 | kept=2 | rest=704
[TEST] {1035} tested=2/2 | kept=2 | rest=703
[WARN] batch start failed | size=2 {1038} | split=1 {1452} + 1 {1453}
[WARN] batch start failed | size=2 {1041} | split=1 {1454} + 1 {1455}
[TEST] {1017} tested=2/2 | kept=0 | rest=701
[TEST] {1020} tested=2/2 | kept=1 | rest=700
[TEST] {1022} tested=2/2 | kept=1 | rest=697
[TEST] {1039} tested=2/2 | kept=0 | rest=695
[WARN] batch start failed | size=2 {1047} | split=1 {1456} + 1 {1457}
[TEST] {1040} tested=2/2 | kept=1 | rest=694
[TEST] {1042} tested=2/2 | kept=0 | rest=693
[TEST] {1043} tested=2/2 | kept=0 | rest=691
[TEST] {1044} tested=2/2 | kept=0 | rest=688
[TEST] {1045} tested=2/2 | kept=0 | rest=685
[TEST] {1046} tested=2/2 | kept=0 | rest=682
[TEST] {1048} tested=2/2 | kept=1 | rest=681
[TEST] {1049} tested=2/2 | kept=0 | rest=679
[TEST] {1050} tested=2/2 | kept=0 | rest=678
[WARN] batch start failed | size=2 {1053} | split=1 {1458} + 1 {1459}
[WARN] batch start failed | size=2 {1054} | split=1 {1460} + 1 {1461}
[WARN] batch start failed | size=2 {1057} | split=1 {1462} + 1 {1463}
[TEST] {1051} tested=2/2 | kept=0 | rest=677
[WARN] batch start failed | size=2 {1056} | split=1 {1464} + 1 {1465}
[WARN] batch start failed | size=2 {1059} | split=1 {1466} + 1 {1467}
[WARN] batch start failed | size=2 {1058} | split=1 {1468} + 1 {1469}
[WARN] batch start failed | size=2 {1063} | split=1 {1470} + 1 {1471}
[WARN] batch start failed | size=2 {1062} | split=1 {1472} + 1 {1473}
[TEST] {1052} tested=2/2 | kept=0 | rest=673
[TEST] {1065} tested=2/2 | kept=1 | rest=670
[TEST] {1067} tested=2/2 | kept=1 | rest=669
[TEST] {1068} tested=2/2 | kept=0 | rest=667
[WARN] batch start failed | size=2 {1069} | split=1 {1474} + 1 {1475}
[TEST] {1066} tested=2/2 | kept=2 | rest=664
[TEST] {1055} tested=2/2 | kept=1 | rest=662
[TEST] {1060} tested=2/2 | kept=0 | rest=661
[TEST] {1061} tested=2/2 | kept=0 | rest=659
[TEST] {1064} tested=2/2 | kept=1 | rest=658
[TEST] {1072} tested=1/1 | kept=0 | rest=657
[TEST] {1073} tested=1/1 | kept=1 | rest=656
[TEST] {1075} tested=1/1 | kept=1 | rest=655
[TEST] {1076} tested=1/1 | kept=0 | rest=654
[TEST] {1074} tested=1/1 | kept=1 | rest=653
[TEST] {1077} tested=1/1 | kept=0 | rest=652
[TEST] {1081} tested=2/2 | kept=0 | rest=650
[TEST] {1070} tested=2/2 | kept=0 | rest=648
[TEST] {1071} tested=2/2 | kept=0 | rest=647
[TEST] {1080} tested=2/2 | kept=1 | rest=646
[TEST] {1078} tested=1/1 | kept=0 | rest=645
[TEST] {1079} tested=1/1 | kept=0 | rest=644
[WARN] batch start failed | size=4 {1083} | split=2 {1476} + 2 {1477}
[WARN] batch start failed | size=4 {1082} | split=2 {1478} + 2 {1479}
[WARN] batch start failed | size=4 {1085} | split=2 {1480} + 2 {1481}
[WARN] batch start failed | size=4 {1084} | split=2 {1482} + 2 {1483}
[WARN] batch start failed | size=4 {1087} | split=2 {1484} + 2 {1485}
[WARN] batch start failed | size=4 {1086} | split=2 {1486} + 2 {1487}
[WARN] batch start failed | size=4 {1088} | split=2 {1488} + 2 {1489}
[WARN] batch start failed | size=4 {1089} | split=2 {1490} + 2 {1491}
[WARN] batch start failed | size=2 {1092} | split=1 {1492} + 1 {1493}
[WARN] batch start failed | size=2 {1093} | split=1 {1494} + 1 {1495}
[WARN] batch start failed | size=2 {1095} | split=1 {1496} + 1 {1497}
[WARN] batch start failed | size=2 {1096} | split=1 {1498} + 1 {1499}
[WARN] batch start failed | size=2 {1097} | split=1 {1500} + 1 {1501}
[TEST] {1094} tested=2/2 | kept=2 | rest=640
[WARN] batch start failed | size=2 {1100} | split=1 {1502} + 1 {1503}
[TEST] {1098} tested=2/2 | kept=1 | rest=638
[TEST] {1099} tested=2/2 | kept=2 | rest=636
[TEST] {1101} tested=2/2 | kept=1 | rest=634
[TEST] {1103} tested=2/2 | kept=2 | rest=632
[WARN] batch start failed | size=2 {1105} | split=1 {1504} + 1 {1505}
[TEST] {1104} tested=2/2 | kept=1 | rest=630
[WARN] batch start failed | size=2 {1107} | split=1 {1506} + 1 {1507}
[TEST] {1106} tested=2/2 | kept=1 | rest=628
[TEST] {1108} tested=2/2 | kept=0 | rest=626
[TEST] {1110} tested=2/2 | kept=1 | rest=623
[WARN] batch start failed | size=4 {686} | split=2 {1508} + 2 {1509}
[TEST] {1090} tested=2/2 | kept=1 | rest=620
[TEST] {1091} tested=2/2 | kept=1 | rest=619
[TEST] {1113} tested=2/2 | kept=1 | rest=618
[WARN] batch start failed | size=2 {1116} | split=1 {1510} + 1 {1511}
[TEST] {1115} tested=2/2 | kept=0 | rest=615
[TEST] {1117} tested=2/2 | kept=1 | rest=613
[TEST] {1118} tested=1/1 | kept=1 | rest=611
[TEST] {1119} tested=1/1 | kept=1 | rest=610
[WARN] batch start failed | size=2 {1121} | split=1 {1512} + 1 {1513}
[WARN] batch start failed | size=2 {1120} | split=1 {1514} + 1 {1515}
[TEST] {1102} tested=2/2 | kept=1 | rest=609
[WARN] batch start failed | size=2 {693} | split=1 {1516} + 1 {1517}
[WARN] batch start failed | size=2 {1124} | split=1 {1518} + 1 {1519}
[WARN] batch start failed | size=2 {1126} | split=1 {1520} + 1 {1521}
[TEST] {1109} tested=2/2 | kept=0 | rest=607
[TEST] {1112} tested=2/2 | kept=0 | rest=606
[TEST] {1129} tested=1/1 | kept=1 | rest=605
[TEST] {1130} tested=1/1 | kept=1 | rest=604
[TEST] {1114} tested=2/2 | kept=0 | rest=603
[TEST] {1132} tested=1/1 | kept=1 | rest=602
[TEST] {1128} tested=1/1 | kept=1 | rest=601
[TEST] {1122} tested=2/2 | kept=1 | rest=600
[TEST] {1133} tested=1/1 | kept=1 | rest=599
[TEST] {1125} tested=2/2 | kept=0 | rest=597
[TEST] {1135} tested=1/1 | kept=1 | rest=596
[TEST] {1127} tested=2/2 | kept=0 | rest=594
[TEST] {1131} tested=1/1 | kept=0 | rest=593
[WARN] batch start failed | size=4 {1136} | split=2 {1522} + 2 {1523}
[WARN] batch start failed | size=4 {1137} | split=2 {1524} + 2 {1525}
[WARN] batch start failed | size=4 {1139} | split=2 {1526} + 2 {1527}
[WARN] batch start failed | size=4 {1138} | split=2 {1528} + 2 {1529}
[WARN] batch start failed | size=4 {1140} | split=2 {1530} + 2 {1531}
[WARN] batch start failed | size=4 {1142} | split=2 {1532} + 2 {1533}
[WARN] batch start failed | size=4 {1143} | split=2 {1534} + 2 {1535}
[WARN] batch start failed | size=4 {1144} | split=2 {1536} + 2 {1537}
[TEST] {1134} tested=1/1 | kept=0 | rest=588
[WARN] batch start failed | size=4 {1147} | split=2 {1538} + 2 {1539}
[TEST] {1146} tested=4/4 | kept=4 | rest=583
[TEST] {1148} tested=4/4 | kept=3 | rest=580
[WARN] batch start failed | size=4 {1151} | split=2 {1540} + 2 {1541}
[TEST] {1149} tested=4/4 | kept=2 | rest=576
[WARN] batch start failed | size=4 {1150} | split=2 {1542} + 2 {1543}
[TEST] {1152} tested=2/2 | kept=2 | rest=573
[TEST] {1153} tested=2/2 | kept=2 | rest=570
[WARN] batch start failed | size=2 {1155} | split=1 {1544} + 1 {1545}
[TEST] {1154} tested=2/2 | kept=1 | rest=568
[WARN] batch start failed | size=2 {1157} | split=1 {1546} + 1 {1547}
[WARN] batch start failed | size=2 {1159} | split=1 {1548} + 1 {1549}
[TEST] {1160} tested=2/2 | kept=2 | rest=564
[TEST] {1158} tested=2/2 | kept=1 | rest=563
[WARN] batch start failed | size=2 {1161} | split=1 {1550} + 1 {1551}
[TEST] {1163} tested=2/2 | kept=1 | rest=561
[WARN] batch start failed | size=2 {1165} | split=1 {1552} + 1 {1553}
[TEST] {1162} tested=2/2 | kept=2 | rest=559
[TEST] {1164} tested=2/2 | kept=0 | rest=557
[TEST] {1166} tested=2/2 | kept=1 | rest=555
[WARN] batch start failed | size=2 {1168} | split=1 {1554} + 1 {1555}
[TEST] {1167} tested=2/2 | kept=2 | rest=553
[WARN] batch start failed | size=2 {1169} | split=1 {1556} + 1 {1557}
[TEST] {1171} tested=2/2 | kept=1 | rest=550
[TEST] {1170} tested=2/2 | kept=2 | rest=549
[WARN] batch start failed | size=2 {1172} | split=1 {1558} + 1 {1559}
[TEST] {1173} tested=2/2 | kept=1 | rest=547
[TEST] {1141} tested=4/4 | kept=1 | rest=545
[TEST] {1174} tested=2/2 | kept=1 | rest=544
[TEST] {1176} tested=2/2 | kept=1 | rest=541
[TEST] {1177} tested=2/2 | kept=1 | rest=538
[TEST] {1179} tested=2/2 | kept=0 | rest=537
[WARN] batch start failed | size=2 {1180} | split=1 {1560} + 1 {1561}
[WARN] batch start failed | size=2 {1181} | split=1 {1562} + 1 {1563}
[TEST] {1178} tested=2/2 | kept=2 | rest=535
[TEST] {1183} tested=2/2 | kept=2 | rest=532
[TEST] {1184} tested=2/2 | kept=2 | rest=530
[TEST] {1145} tested=4/4 | kept=2 | rest=529
[WARN] batch start failed | size=2 {1185} | split=1 {1564} + 1 {1565}
[TEST] {1182} tested=2/2 | kept=1 | rest=528
[WARN] batch start failed | size=2 {1187} | split=1 {1566} + 1 {1567}
[WARN] batch start failed | size=2 {1189} | split=1 {1568} + 1 {1569}
[TEST] {1186} tested=2/2 | kept=1 | rest=526
[TEST] {1188} tested=2/2 | kept=1 | rest=524
[TEST] {1190} tested=2/2 | kept=1 | rest=522
[TEST] {1191} tested=2/2 | kept=0 | rest=520
[TEST] {1192} tested=2/2 | kept=1 | rest=518
[TEST] {1193} tested=2/2 | kept=0 | rest=516
[TEST] {1194} tested=2/2 | kept=2 | rest=514
[TEST] {1195} tested=2/2 | kept=2 | rest=512
[WARN] batch start failed | size=2 {1196} | split=1 {1570} + 1 {1571}
[WARN] batch start failed | size=2 {1197} | split=1 {1572} + 1 {1573}
[WARN] batch start failed | size=2 {1198} | split=1 {1574} + 1 {1575}
[WARN] batch start failed | size=2 {1199} | split=1 {1576} + 1 {1577}
[TEST] {1200} tested=2/2 | kept=1 | rest=510
[TEST] {1201} tested=2/2 | kept=1 | rest=508
[TEST] {1202} tested=2/2 | kept=2 | rest=506
[TEST] {1204} tested=2/2 | kept=2 | rest=503
[WARN] batch start failed | size=2 {1206} | split=1 {1578} + 1 {1579}
[TEST] {1205} tested=2/2 | kept=1 | rest=501
[TEST] {1207} tested=2/2 | kept=1 | rest=499
[TEST] {1208} tested=2/2 | kept=2 | rest=497
[TEST] {1209} tested=2/2 | kept=1 | rest=494
[TEST] {1211} tested=2/2 | kept=1 | rest=493
[WARN] batch start failed | size=2 {1212} | split=1 {1580} + 1 {1581}
[TEST] {1156} tested=2/2 | kept=1 | rest=491
[TEST] {1210} tested=2/2 | kept=1 | rest=490
[WARN] batch start failed | size=2 {1214} | split=1 {1582} + 1 {1583}
[TEST] {1213} tested=2/2 | kept=1 | rest=488
[TEST] {1215} tested=2/2 | kept=1 | rest=486
[WARN] batch start failed | size=2 {1217} | split=1 {1584} + 1 {1585}
[TEST] {1218} tested=1/1 | kept=1 | rest=484
[TEST] {1175} tested=2/2 | kept=0 | rest=483
[TEST] {1221} tested=1/1 | kept=1 | rest=482
[TEST] {1223} tested=1/1 | kept=1 | rest=481
[TEST] {1222} tested=1/1 | kept=1 | rest=480
[TEST] {1224} tested=1/1 | kept=1 | rest=479
[TEST] {1203} tested=2/2 | kept=1 | rest=478
[TEST] {1226} tested=1/1 | kept=1 | rest=477
[TEST] {1227} tested=1/1 | kept=1 | rest=476
[TEST] {1216} tested=2/2 | kept=0 | rest=475
[TEST] {1219} tested=1/1 | kept=0 | rest=474
[TEST] {1229} tested=1/1 | kept=1 | rest=473
[TEST] {1230} tested=1/1 | kept=1 | rest=472
[TEST] {1220} tested=1/1 | kept=0 | rest=471
[TEST] {1231} tested=1/1 | kept=1 | rest=470
[TEST] {1232} tested=1/1 | kept=1 | rest=469
[TEST] {1233} tested=1/1 | kept=1 | rest=468
[TEST] {1235} tested=1/1 | kept=1 | rest=467
[TEST] {1237} tested=1/1 | kept=1 | rest=466
[TEST] {1238} tested=1/1 | kept=1 | rest=465
[TEST] {1239} tested=1/1 | kept=1 | rest=464
[TEST] {1240} tested=1/1 | kept=1 | rest=463
[TEST] {1243} tested=1/1 | kept=0 | rest=462
[TEST] {1241} tested=1/1 | kept=1 | rest=461
[TEST] {1242} tested=1/1 | kept=1 | rest=460
[TEST] {1245} tested=1/1 | kept=1 | rest=459
[TEST] {1244} tested=1/1 | kept=0 | rest=458
[TEST] {1225} tested=1/1 | kept=0 | rest=457
[TEST] {1247} tested=1/1 | kept=0 | rest=456
[TEST] {1246} tested=1/1 | kept=0 | rest=455
[TEST] {1249} tested=1/1 | kept=0 | rest=454
[TEST] {1248} tested=1/1 | kept=1 | rest=453
[TEST] {1228} tested=1/1 | kept=0 | rest=450
[TEST] {1250} tested=2/2 | kept=1 | rest=449
[TEST] {1234} tested=1/1 | kept=0 | rest=447
[TEST] {1236} tested=1/1 | kept=0 | rest=446
[TEST] {1257} tested=2/2 | kept=0 | rest=443
[TEST] {1251} tested=2/2 | kept=1 | rest=441
[TEST] {1253} tested=2/2 | kept=0 | rest=439
[TEST] {1252} tested=2/2 | kept=1 | rest=438
[TEST] {1254} tested=2/2 | kept=0 | rest=435
[TEST] {1255} tested=2/2 | kept=0 | rest=432
[WARN] batch start failed | size=2 {1263} | split=1 {1586} + 1 {1587}
[TEST] {1256} tested=2/2 | kept=1 | rest=430
[TEST] {1259} tested=2/2 | kept=0 | rest=428
[TEST] {1258} tested=2/2 | kept=0 | rest=427
[TEST] {1261} tested=2/2 | kept=0 | rest=426
[TEST] {1266} tested=2/2 | kept=0 | rest=423
[TEST] {1267} tested=2/2 | kept=1 | rest=421
[TEST] {1260} tested=2/2 | kept=0 | rest=420
[TEST] {1269} tested=2/2 | kept=1 | rest=417
[TEST] {1270} tested=2/2 | kept=2 | rest=416
[WARN] batch start failed | size=2 {1272} | split=1 {1588} + 1 {1589}
[TEST] {1262} tested=2/2 | kept=0 | rest=414
[TEST] {1265} tested=2/2 | kept=0 | rest=410
[TEST] {1264} tested=2/2 | kept=1 | rest=408
[TEST] {1268} tested=2/2 | kept=1 | rest=405
[TEST] {1271} tested=2/2 | kept=0 | rest=404
[TEST] {1273} tested=2/2 | kept=0 | rest=403
[TEST] {1274} tested=2/2 | kept=0 | rest=401
[TEST] {1280} tested=1/1 | kept=1 | rest=400
[TEST] {1278} tested=2/2 | kept=0 | rest=399
[TEST] {1282} tested=1/1 | kept=0 | rest=398
[TEST] {1283} tested=1/1 | kept=0 | rest=397
[TEST] {1275} tested=2/2 | kept=0 | rest=396
[TEST] {1285} tested=1/1 | kept=1 | rest=395
[TEST] {1281} tested=1/1 | kept=1 | rest=394
[TEST] {1286} tested=1/1 | kept=0 | rest=393
[TEST] {1288} tested=1/1 | kept=0 | rest=392
[TEST] {1287} tested=1/1 | kept=1 | rest=391
[TEST] {1289} tested=1/1 | kept=0 | rest=390
[TEST] {1291} tested=1/1 | kept=0 | rest=389
[TEST] {1290} tested=1/1 | kept=0 | rest=388
[TEST] {1292} tested=1/1 | kept=0 | rest=387
[TEST] {1276} tested=2/2 | kept=0 | rest=386
[TEST] {1293} tested=1/1 | kept=0 | rest=385
[TEST] {1294} tested=1/1 | kept=0 | rest=384
[TEST] {1295} tested=1/1 | kept=0 | rest=383
[TEST] {1297} tested=1/1 | kept=0 | rest=382
[TEST] {1296} tested=1/1 | kept=0 | rest=381
[TEST] {1277} tested=2/2 | kept=0 | rest=379
[TEST] {1299} tested=1/1 | kept=0 | rest=378
[TEST] {1300} tested=1/1 | kept=0 | rest=377
[TEST] {1298} tested=1/1 | kept=0 | rest=376
[TEST] {1303} tested=1/1 | kept=0 | rest=375
[TEST] {1301} tested=1/1 | kept=0 | rest=374
[TEST] {1302} tested=1/1 | kept=0 | rest=373
[TEST] {1306} tested=1/1 | kept=0 | rest=372
[TEST] {1307} tested=1/1 | kept=1 | rest=371
[TEST] {1308} tested=1/1 | kept=0 | rest=370
[TEST] {1309} tested=1/1 | kept=1 | rest=369
[TEST] {1311} tested=1/1 | kept=0 | rest=368
[TEST] {1279} tested=2/2 | kept=0 | rest=366
[TEST] {1310} tested=1/1 | kept=0 | rest=365
[TEST] {1312} tested=1/1 | kept=1 | rest=364
[TEST] {1313} tested=1/1 | kept=1 | rest=363
[TEST] {1315} tested=1/1 | kept=1 | rest=362
[TEST] {1314} tested=1/1 | kept=0 | rest=361
[TEST] {1316} tested=1/1 | kept=0 | rest=360
[TEST] {1317} tested=1/1 | kept=0 | rest=359
[TEST] {1318} tested=1/1 | kept=0 | rest=358
[TEST] {1319} tested=1/1 | kept=0 | rest=357
[TEST] {1320} tested=1/1 | kept=0 | rest=356
[TEST] {1321} tested=1/1 | kept=0 | rest=355
[TEST] {1323} tested=1/1 | kept=0 | rest=354
[TEST] {1284} tested=1/1 | kept=0 | rest=353
[TEST] {1322} tested=1/1 | kept=0 | rest=352
[TEST] {1324} tested=1/1 | kept=0 | rest=351
[TEST] {1327} tested=1/1 | kept=0 | rest=350
[TEST] {1326} tested=1/1 | kept=0 | rest=349
[TEST] {1325} tested=1/1 | kept=0 | rest=348
[TEST] {1331} tested=1/1 | kept=0 | rest=347
[TEST] {1330} tested=1/1 | kept=0 | rest=346
[TEST] {1328} tested=1/1 | kept=1 | rest=345
[TEST] {1333} tested=1/1 | kept=0 | rest=344
[TEST] {1332} tested=1/1 | kept=0 | rest=343
[TEST] {1334} tested=1/1 | kept=0 | rest=342
[TEST] {1335} tested=1/1 | kept=0 | rest=341
[TEST] {1336} tested=1/1 | kept=0 | rest=340
[TEST] {1337} tested=1/1 | kept=0 | rest=339
[TEST] {1338} tested=1/1 | kept=0 | rest=338
[TEST] {1339} tested=1/1 | kept=0 | rest=337
[TEST] {1340} tested=1/1 | kept=0 | rest=336
[TEST] {1341} tested=1/1 | kept=0 | rest=335
[TEST] {1343} tested=1/1 | kept=0 | rest=334
[TEST] {1342} tested=1/1 | kept=1 | rest=333
[TEST] {1329} tested=1/1 | kept=0 | rest=332
[TEST] {1304} tested=1/1 | kept=0 | rest=331
[TEST] {1346} tested=1/1 | kept=1 | rest=330
[TEST] {1348} tested=1/1 | kept=0 | rest=329
[TEST] {1347} tested=1/1 | kept=1 | rest=328
[TEST] {1349} tested=1/1 | kept=1 | rest=327
[TEST] {1305} tested=1/1 | kept=0 | rest=326
[TEST] {1350} tested=1/1 | kept=0 | rest=325
[TEST] {1351} tested=1/1 | kept=1 | rest=324
[TEST] {1354} tested=1/1 | kept=1 | rest=323
[TEST] {1355} tested=1/1 | kept=1 | rest=322
[TEST] {1356} tested=1/1 | kept=1 | rest=321
[TEST] {1359} tested=1/1 | kept=0 | rest=320
[TEST] {1358} tested=1/1 | kept=1 | rest=319
[TEST] {1361} tested=1/1 | kept=0 | rest=318
[TEST] {1360} tested=1/1 | kept=0 | rest=317
[TEST] {1344} tested=1/1 | kept=0 | rest=316
[TEST] {1345} tested=1/1 | kept=0 | rest=315
[TEST] {1352} tested=1/1 | kept=0 | rest=314
[TEST] {1353} tested=1/1 | kept=0 | rest=313
[TEST] {1357} tested=1/1 | kept=0 | rest=312
[WARN] batch start failed | size=2 {1362} | split=1 {1590} + 1 {1591}
[WARN] batch start failed | size=2 {1365} | split=1 {1592} + 1 {1593}
[TEST] {1364} tested=2/2 | kept=2 | rest=310
[TEST] {1366} tested=2/2 | kept=2 | rest=308
[WARN] batch start failed | size=2 {1367} | split=1 {1594} + 1 {1595}
[WARN] batch start failed | size=2 {1368} | split=1 {1596} + 1 {1597}
[TEST] {1371} tested=2/2 | kept=2 | rest=303
[TEST] {1369} tested=2/2 | kept=2 | rest=302
[WARN] batch start failed | size=2 {1373} | split=1 {1598} + 1 {1599}
[TEST] {1372} tested=2/2 | kept=1 | rest=300
[TEST] {1375} tested=2/2 | kept=0 | rest=297
[TEST] {1370} tested=2/2 | kept=1 | rest=296
[WARN] batch start failed | size=2 {1379} | split=1 {1600} + 1 {1601}
[WARN] batch start failed | size=2 {1378} | split=1 {1602} + 1 {1603}
[TEST] {1376} tested=2/2 | kept=1 | rest=293
[WARN] batch start failed | size=2 {1381} | split=1 {1604} + 1 {1605}
[TEST] {1380} tested=2/2 | kept=1 | rest=291
[TEST] {1383} tested=2/2 | kept=0 | rest=289
[TEST] {1385} tested=1/1 | kept=0 | rest=288
[TEST] {1363} tested=2/2 | kept=1 | rest=286
[TEST] {1374} tested=2/2 | kept=1 | rest=285
[TEST] {1388} tested=2/2 | kept=1 | rest=283
[TEST] {1377} tested=2/2 | kept=0 | rest=282
[WARN] batch start failed | size=2 {1389} | split=1 {1606} + 1 {1607}
[WARN] batch start failed | size=2 {1390} | split=1 {1608} + 1 {1609}
[TEST] {1382} tested=2/2 | kept=0 | rest=279
[TEST] {1384} tested=1/1 | kept=0 | rest=277
[TEST] {1386} tested=2/2 | kept=0 | rest=276
[TEST] {1387} tested=2/2 | kept=0 | rest=274
[TEST] {1396} tested=1/1 | kept=1 | rest=273
[TEST] {1397} tested=1/1 | kept=1 | rest=272
[TEST] {1399} tested=1/1 | kept=0 | rest=271
[TEST] {1398} tested=1/1 | kept=1 | rest=270
[TEST] {1400} tested=1/1 | kept=0 | rest=269
[TEST] {1391} tested=2/2 | kept=1 | rest=268
[TEST] {1401} tested=1/1 | kept=1 | rest=267
[TEST] {1392} tested=2/2 | kept=0 | rest=266
[TEST] {1402} tested=1/1 | kept=0 | rest=265
[TEST] {1404} tested=1/1 | kept=0 | rest=264
[TEST] {1403} tested=1/1 | kept=1 | rest=263
[TEST] {1406} tested=1/1 | kept=0 | rest=262
[TEST] {1393} tested=2/2 | kept=0 | rest=260
[TEST] {1409} tested=1/1 | kept=0 | rest=259
[TEST] {1410} tested=1/1 | kept=0 | rest=258
[TEST] {1411} tested=1/1 | kept=0 | rest=257
[TEST] {1394} tested=1/1 | kept=0 | rest=256
[TEST] {1412} tested=1/1 | kept=0 | rest=255
[TEST] {1413} tested=1/1 | kept=0 | rest=254
[TEST] {1415} tested=1/1 | kept=0 | rest=253
[TEST] {1416} tested=1/1 | kept=1 | rest=252
[TEST] {1395} tested=1/1 | kept=0 | rest=251
[TEST] {1417} tested=1/1 | kept=1 | rest=250
[TEST] {1419} tested=2/2 | kept=0 | rest=248
[WARN] batch start failed | size=2 {1421} | split=1 {1610} + 1 {1611}
[TEST] {1420} tested=2/2 | kept=1 | rest=245
[TEST] {1405} tested=1/1 | kept=0 | rest=243
[TEST] {1407} tested=1/1 | kept=0 | rest=242
[WARN] batch start failed | size=2 {1424} | split=1 {1612} + 1 {1613}
[TEST] {1408} tested=1/1 | kept=0 | rest=240
[TEST] {1414} tested=1/1 | kept=0 | rest=237
[TEST] {1418} tested=2/2 | kept=1 | rest=236
[TEST] {1422} tested=2/2 | kept=1 | rest=234
[TEST] {1423} tested=2/2 | kept=0 | rest=232
[TEST] {1425} tested=2/2 | kept=1 | rest=230
[TEST] {1427} tested=2/2 | kept=0 | rest=229
[TEST] {1433} tested=1/1 | kept=1 | rest=227
[TEST] {1431} tested=2/2 | kept=0 | rest=226
[TEST] {1432} tested=1/1 | kept=1 | rest=225
[TEST] {1434} tested=1/1 | kept=1 | rest=224
[TEST] {1435} tested=1/1 | kept=1 | rest=223
[TEST] {1426} tested=2/2 | kept=0 | rest=221
[TEST] {1428} tested=2/2 | kept=0 | rest=220
[TEST] {1437} tested=1/1 | kept=0 | rest=219
[TEST] {1429} tested=2/2 | kept=0 | rest=218
[TEST] {1439} tested=1/1 | kept=0 | rest=217
[TEST] {1441} tested=1/1 | kept=1 | rest=216
[TEST] {1440} tested=1/1 | kept=1 | rest=215
[TEST] {1442} tested=1/1 | kept=1 | rest=214
[TEST] {1430} tested=2/2 | kept=0 | rest=213
[TEST] {1436} tested=1/1 | kept=0 | rest=212
[TEST] {1446} tested=1/1 | kept=1 | rest=211
[TEST] {1447} tested=1/1 | kept=1 | rest=210
[TEST] {1448} tested=1/1 | kept=1 | rest=209
[TEST] {1450} tested=1/1 | kept=1 | rest=208
[TEST] {1451} tested=1/1 | kept=1 | rest=207
[TEST] {1438} tested=1/1 | kept=0 | rest=206
[TEST] {1443} tested=1/1 | kept=0 | rest=205
[TEST] {1445} tested=1/1 | kept=0 | rest=204
[TEST] {1444} tested=1/1 | kept=0 | rest=203
[TEST] {1449} tested=1/1 | kept=0 | rest=202
[TEST] {1452} tested=1/1 | kept=0 | rest=201
[TEST] {1453} tested=1/1 | kept=0 | rest=200
[TEST] {1459} tested=1/1 | kept=1 | rest=199
[TEST] {1454} tested=1/1 | kept=0 | rest=198
[TEST] {1455} tested=1/1 | kept=0 | rest=197
[TEST] {1456} tested=1/1 | kept=0 | rest=196
[TEST] {1457} tested=1/1 | kept=0 | rest=195
[TEST] {1458} tested=1/1 | kept=0 | rest=194
[TEST] {1460} tested=1/1 | kept=0 | rest=193
[TEST] {1461} tested=1/1 | kept=0 | rest=192
[TEST] {1462} tested=1/1 | kept=0 | rest=191
[TEST] {1463} tested=1/1 | kept=0 | rest=190
[TEST] {1469} tested=1/1 | kept=0 | rest=189
[TEST] {1465} tested=1/1 | kept=0 | rest=188
[TEST] {1464} tested=1/1 | kept=0 | rest=187
[TEST] {1470} tested=1/1 | kept=1 | rest=186
[TEST] {1473} tested=1/1 | kept=0 | rest=185
[TEST] {1466} tested=1/1 | kept=0 | rest=184
[TEST] {1467} tested=1/1 | kept=0 | rest=183
[TEST] {1475} tested=1/1 | kept=1 | rest=182
[TEST] {1468} tested=1/1 | kept=0 | rest=181
[TEST] {1471} tested=1/1 | kept=0 | rest=180
[TEST] {1472} tested=1/1 | kept=0 | rest=179
[TEST] {1474} tested=1/1 | kept=0 | rest=178
[WARN] batch start failed | size=2 {1477} | split=1 {1614} + 1 {1615}
[TEST] {1476} tested=2/2 | kept=2 | rest=176
[WARN] batch start failed | size=2 {1479} | split=1 {1616} + 1 {1617}
[WARN] batch start failed | size=2 {1480} | split=1 {1618} + 1 {1619}
[TEST] {1478} tested=2/2 | kept=2 | rest=174
[WARN] batch start failed | size=2 {1481} | split=1 {1620} + 1 {1621}
[WARN] batch start failed | size=2 {1482} | split=1 {1622} + 1 {1623}
[WARN] batch start failed | size=2 {1483} | split=1 {1624} + 1 {1625}
[WARN] batch start failed | size=2 {1484} | split=1 {1626} + 1 {1627}
[WARN] batch start failed | size=2 {1487} | split=1 {1628} + 1 {1629}
[WARN] batch start failed | size=2 {1486} | split=1 {1630} + 1 {1631}
[TEST] {1485} tested=2/2 | kept=1 | rest=172
[WARN] batch start failed | size=2 {1488} | split=1 {1632} + 1 {1633}
[WARN] batch start failed | size=2 {1489} | split=1 {1634} + 1 {1635}
[TEST] {1491} tested=2/2 | kept=2 | rest=169
[TEST] {1490} tested=2/2 | kept=2 | rest=168
[TEST] {1492} tested=1/1 | kept=0 | rest=167
[TEST] {1494} tested=1/1 | kept=1 | rest=166
[TEST] {1496} tested=1/1 | kept=1 | rest=165
[TEST] {1497} tested=1/1 | kept=1 | rest=164
[TEST] {1499} tested=1/1 | kept=1 | rest=163
[TEST] {1498} tested=1/1 | kept=1 | rest=162
[TEST] {1501} tested=1/1 | kept=1 | rest=161
[TEST] {1500} tested=1/1 | kept=1 | rest=160
[TEST] {1502} tested=1/1 | kept=1 | rest=159
[TEST] {1504} tested=1/1 | kept=1 | rest=158
[TEST] {1506} tested=1/1 | kept=1 | rest=157
[WARN] batch start failed | size=2 {1508} | split=1 {1636} + 1 {1637}
[TEST] {1509} tested=2/2 | kept=0 | rest=155
[TEST] {1510} tested=1/1 | kept=0 | rest=154
[TEST] {1507} tested=1/1 | kept=0 | rest=153
[TEST] {1511} tested=1/1 | kept=0 | rest=152
[TEST] {1512} tested=1/1 | kept=1 | rest=151
[TEST] {1513} tested=1/1 | kept=1 | rest=150
[TEST] {1514} tested=1/1 | kept=0 | rest=149
[TEST] {1515} tested=1/1 | kept=1 | rest=148
[TEST] {1516} tested=1/1 | kept=1 | rest=147
[TEST] {1517} tested=1/1 | kept=1 | rest=146
[TEST] {1519} tested=1/1 | kept=1 | rest=145
[TEST] {1518} tested=1/1 | kept=1 | rest=144
[TEST] {1520} tested=1/1 | kept=1 | rest=143
[TEST] {1521} tested=1/1 | kept=1 | rest=142
[TEST] {1493} tested=1/1 | kept=1 | rest=141
[TEST] {1503} tested=1/1 | kept=1 | rest=140
[TEST] {1495} tested=1/1 | kept=0 | rest=138
[TEST] {1523} tested=2/2 | kept=1 | rest=137
[WARN] batch start failed | size=2 {1525} | split=1 {1638} + 1 {1639}
[TEST] {1522} tested=2/2 | kept=2 | rest=135
[WARN] batch start failed | size=2 {1524} | split=1 {1640} + 1 {1641}
[WARN] batch start failed | size=2 {1527} | split=1 {1642} + 1 {1643}
[TEST] {1526} tested=2/2 | kept=2 | rest=132
[TEST] {1528} tested=2/2 | kept=1 | rest=131
[WARN] batch start failed | size=2 {1529} | split=1 {1644} + 1 {1645}
[WARN] batch start failed | size=2 {1531} | split=1 {1646} + 1 {1647}
[WARN] batch start failed | size=2 {1530} | split=1 {1648} + 1 {1649}
[WARN] batch start failed | size=2 {1532} | split=1 {1650} + 1 {1651}
[WARN] batch start failed | size=2 {1533} | split=1 {1652} + 1 {1653}
[WARN] batch start failed | size=2 {1534} | split=1 {1654} + 1 {1655}
[TEST] {1535} tested=2/2 | kept=1 | rest=129
[WARN] batch start failed | size=2 {1538} | split=1 {1656} + 1 {1657}
[TEST] {1539} tested=2/2 | kept=1 | rest=127
[WARN] batch start failed | size=2 {1540} | split=1 {1658} + 1 {1659}
[WARN] batch start failed | size=2 {1543} | split=1 {1660} + 1 {1661}
[TEST] {1541} tested=2/2 | kept=2 | rest=125
[TEST] {1544} tested=1/1 | kept=0 | rest=122
[TEST] {1505} tested=1/1 | kept=0 | rest=121
[TEST] {1545} tested=1/1 | kept=1 | rest=120
[TEST] {1542} tested=2/2 | kept=1 | rest=119
[TEST] {1547} tested=1/1 | kept=1 | rest=118
[TEST] {1548} tested=1/1 | kept=0 | rest=117
[TEST] {1546} tested=1/1 | kept=1 | rest=116
[TEST] {1549} tested=1/1 | kept=1 | rest=115
[TEST] {1550} tested=1/1 | kept=0 | rest=114
[TEST] {1552} tested=1/1 | kept=1 | rest=113
[TEST] {1551} tested=1/1 | kept=1 | rest=112
[TEST] {1553} tested=1/1 | kept=1 | rest=111
[TEST] {1554} tested=1/1 | kept=1 | rest=110
[TEST] {1555} tested=1/1 | kept=0 | rest=109
[TEST] {1556} tested=1/1 | kept=1 | rest=108
[TEST] {1557} tested=1/1 | kept=0 | rest=107
[TEST] {1559} tested=1/1 | kept=1 | rest=106
[TEST] {1558} tested=1/1 | kept=0 | rest=105
[TEST] {1560} tested=1/1 | kept=1 | rest=104
[TEST] {1561} tested=1/1 | kept=1 | rest=103
[TEST] {1562} tested=1/1 | kept=1 | rest=102
[TEST] {1563} tested=1/1 | kept=0 | rest=101
[TEST] {1564} tested=1/1 | kept=1 | rest=100
[TEST] {1565} tested=1/1 | kept=1 | rest=99
[TEST] {1567} tested=1/1 | kept=1 | rest=98
[TEST] {1566} tested=1/1 | kept=0 | rest=97
[TEST] {1569} tested=1/1 | kept=1 | rest=96
[TEST] {1568} tested=1/1 | kept=1 | rest=95
[TEST] {1571} tested=1/1 | kept=1 | rest=94
[TEST] {1570} tested=1/1 | kept=1 | rest=93
[TEST] {1572} tested=1/1 | kept=0 | rest=92
[TEST] {1573} tested=1/1 | kept=1 | rest=91
[TEST] {1574} tested=1/1 | kept=0 | rest=90
[TEST] {1575} tested=1/1 | kept=1 | rest=89
[TEST] {1576} tested=1/1 | kept=1 | rest=88
[TEST] {1577} tested=1/1 | kept=1 | rest=87
[TEST] {1578} tested=1/1 | kept=0 | rest=86
[TEST] {1579} tested=1/1 | kept=1 | rest=85
[TEST] {1581} tested=1/1 | kept=0 | rest=84
[TEST] {1580} tested=1/1 | kept=1 | rest=83
[TEST] {1582} tested=1/1 | kept=1 | rest=82
[TEST] {1583} tested=1/1 | kept=1 | rest=81
[TEST] {1584} tested=1/1 | kept=0 | rest=80
[TEST] {1585} tested=1/1 | kept=1 | rest=79
[TEST] {1587} tested=1/1 | kept=1 | rest=78
[TEST] {1536} tested=2/2 | kept=0 | rest=76
[TEST] {1537} tested=2/2 | kept=1 | rest=75
[TEST] {1588} tested=1/1 | kept=0 | rest=74
[TEST] {1586} tested=1/1 | kept=1 | rest=73
[TEST] {1589} tested=1/1 | kept=1 | rest=72
[TEST] {1591} tested=1/1 | kept=1 | rest=71
[TEST] {1593} tested=1/1 | kept=0 | rest=70
[TEST] {1590} tested=1/1 | kept=1 | rest=69
[TEST] {1592} tested=1/1 | kept=1 | rest=68
[TEST] {1594} tested=1/1 | kept=0 | rest=67
[TEST] {1595} tested=1/1 | kept=1 | rest=66
[TEST] {1599} tested=1/1 | kept=0 | rest=65
[TEST] {1596} tested=1/1 | kept=1 | rest=64
[TEST] {1598} tested=1/1 | kept=1 | rest=63
[TEST] {1601} tested=1/1 | kept=0 | rest=62
[TEST] {1603} tested=1/1 | kept=0 | rest=61
[TEST] {1600} tested=1/1 | kept=0 | rest=60
[TEST] {1604} tested=1/1 | kept=0 | rest=59
[TEST] {1605} tested=1/1 | kept=0 | rest=58
[TEST] {1602} tested=1/1 | kept=0 | rest=57
[TEST] {1607} tested=1/1 | kept=0 | rest=56
[TEST] {1609} tested=1/1 | kept=0 | rest=55
[TEST] {1608} tested=1/1 | kept=0 | rest=54
[TEST] {1597} tested=1/1 | kept=0 | rest=53
[TEST] {1606} tested=1/1 | kept=0 | rest=52
[TEST] {1611} tested=1/1 | kept=0 | rest=51
[TEST] {1610} tested=1/1 | kept=0 | rest=50
[TEST] {1613} tested=1/1 | kept=0 | rest=49
[TEST] {1612} tested=1/1 | kept=0 | rest=48
[TEST] {1614} tested=1/1 | kept=1 | rest=47
[TEST] {1615} tested=1/1 | kept=1 | rest=46
[TEST] {1617} tested=1/1 | kept=1 | rest=45
[TEST] {1618} tested=1/1 | kept=1 | rest=44
[TEST] {1619} tested=1/1 | kept=1 | rest=43
[TEST] {1620} tested=1/1 | kept=1 | rest=42
[TEST] {1623} tested=1/1 | kept=1 | rest=41
[TEST] {1626} tested=1/1 | kept=1 | rest=40
[REPAIR] name=[Pawdroid-SS-APK] United+Kingdom {1627} | fields=cipher
[TEST] {1628} tested=1/1 | kept=1 | rest=39
[TEST] {1616} tested=1/1 | kept=0 | rest=38
[TEST] {1621} tested=1/1 | kept=1 | rest=37
[TEST] {1631} tested=1/1 | kept=1 | rest=36
[TEST] {1629} tested=1/1 | kept=1 | rest=35
[TEST] {1632} tested=1/1 | kept=1 | rest=34
[TEST] {1627} tested=1/1 | kept=1 | rest=33
[TEST] {1622} tested=1/1 | kept=0 | rest=32
[TEST] {1624} tested=1/1 | kept=0 | rest=31
[TEST] {1634} tested=1/1 | kept=1 | rest=30
[TEST] {1625} tested=1/1 | kept=0 | rest=29
[TEST] {1636} tested=1/1 | kept=1 | rest=28
[TEST] {1637} tested=1/1 | kept=1 | rest=27
[TEST] {1638} tested=1/1 | kept=1 | rest=26
[TEST] {1639} tested=1/1 | kept=1 | rest=25
[TEST] {1640} tested=1/1 | kept=1 | rest=24
[TEST] {1641} tested=1/1 | kept=1 | rest=23
[TEST] {1642} tested=1/1 | kept=0 | rest=22
[TEST] {1643} tested=1/1 | kept=1 | rest=21
[TEST] {1645} tested=1/1 | kept=0 | rest=20
[TEST] {1644} tested=1/1 | kept=1 | rest=19
[TEST] {1647} tested=1/1 | kept=1 | rest=18
[TEST] {1646} tested=1/1 | kept=1 | rest=17
[TEST] {1649} tested=1/1 | kept=1 | rest=16
[TEST] {1648} tested=1/1 | kept=1 | rest=15
[TEST] {1650} tested=1/1 | kept=1 | rest=14
[TEST] {1652} tested=1/1 | kept=0 | rest=13
[TEST] {1651} tested=1/1 | kept=1 | rest=12
[TEST] {1653} tested=1/1 | kept=1 | rest=11
[TEST] {1654} tested=1/1 | kept=0 | rest=10
[TEST] {1655} tested=1/1 | kept=0 | rest=9
[TEST] {1657} tested=1/1 | kept=1 | rest=8
[TEST] {1658} tested=1/1 | kept=1 | rest=7
[TEST] {1656} tested=1/1 | kept=1 | rest=6
[TEST] {1659} tested=1/1 | kept=0 | rest=5
[TEST] {1661} tested=1/1 | kept=0 | rest=4
[TEST] {1660} tested=1/1 | kept=0 | rest=3
[TEST] {1630} tested=1/1 | kept=0 | rest=2
[TEST] {1633} tested=1/1 | kept=0 | rest=1
[TEST] {1635} tested=1/1 | kept=0 | rest=0
------------------------------------------------------------
[TEST] source=[1VPN-CRX] | proxies=17
[TEST] {1} tested=17/17 | kept=16 | rest=0
------------------------------------------------------------
[TEST] source=[Clashfree] | proxies=306
[WARN] batch start failed | size=306 {1} | split=153 {2} + 153 {3}
[WARN] batch start failed | size=153 {3} | split=77 {4} + 76 {5}
[TEST] {2} tested=100/153 | kept=53 | rest=206
[TEST] {2} tested=153/153 | kept=53 | rest=153
[WARN] batch start failed | size=76 {5} | split=38 {6} + 38 {7}
[TEST] {4} tested=77/77 | kept=49 | rest=76
[WARN] batch start failed | size=38 {7} | split=19 {8} + 19 {9}
[TEST] {6} tested=38/38 | kept=13 | rest=38
[WARN] batch start failed | size=19 {9} | split=10 {10} + 9 {11}
[TEST] {8} tested=19/19 | kept=4 | rest=19
[WARN] batch start failed | size=9 {11} | split=5 {12} + 4 {13}
[TEST] {10} tested=10/10 | kept=3 | rest=9
[TEST] {12} tested=5/5 | kept=2 | rest=4
[WARN] batch start failed | size=4 {13} | split=2 {14} + 2 {15}
[WARN] batch start failed | size=2 {15} | split=1 {16} + 1 {17}
[TEST] {14} tested=2/2 | kept=0 | rest=2
[DROP] name=[Clashfree]  {17} | server=None:None | reason=Parse config error: proxy 0: missing type
[TEST] {16} tested=1/1 | kept=0 | rest=0
[INFO] dropped=1 | [Clashfree] × 1
------------------------------------------------------------
[TEST] source=[Epodonios] | proxies=4375
[WARN] batch start failed | size=4375 {1} | split=730 {2} + 730 {3} + 730 {4} + 730 {5} + 730 {6} + 725 {7}
[WARN] batch start failed | size=730 {5} | split=122 {8} + 122 {9} + 122 {10} + 122 {11} + 122 {12} + 120 {13}
[WARN] batch start failed | size=730 {6} | split=122 {14} + 122 {15} + 122 {16} + 122 {17} + 122 {18} + 120 {19}
[WARN] batch start failed | size=122 {11} | split=61 {20} + 61 {21}
[WARN] batch start failed | size=61 {20} | split=31 {22} + 30 {23}
[WARN] batch start failed | size=730 {4} | split=122 {24} + 122 {25} + 122 {26} + 122 {27} + 122 {28} + 120 {29}
[WARN] batch start failed | size=730 {2} | split=122 {30} + 122 {31} + 122 {32} + 122 {33} + 122 {34} + 120 {35}
[WARN] batch start failed | size=730 {3} | split=122 {36} + 122 {37} + 122 {38} + 122 {39} + 122 {40} + 120 {41}
[WARN] batch start failed | size=725 {7} | split=121 {42} + 121 {43} + 121 {44} + 121 {45} + 121 {46} + 120 {47}
[WARN] batch start failed | size=121 {42} | split=61 {48} + 60 {49}
[WARN] batch start failed | size=122 {8} | split=61 {50} + 61 {51}
[WARN] batch start failed | size=122 {9} | split=61 {52} + 61 {53}
[WARN] batch start failed | size=61 {50} | split=31 {54} + 30 {55}
[WARN] batch start failed | size=122 {14} | split=61 {56} + 61 {57}
[WARN] batch start failed | size=122 {10} | split=61 {58} + 61 {59}
[WARN] batch start failed | size=120 {13} | split=60 {60} + 60 {61}
[WARN] batch start failed | size=122 {15} | split=61 {62} + 61 {63}
[WARN] batch start failed | size=122 {16} | split=61 {64} + 61 {65}
[WARN] batch start failed | size=122 {17} | split=61 {66} + 61 {67}
[WARN] batch start failed | size=120 {19} | split=60 {68} + 60 {69}
[WARN] batch start failed | size=122 {18} | split=61 {70} + 61 {71}
[WARN] batch start failed | size=122 {12} | split=61 {72} + 61 {73}
[WARN] batch start failed | size=61 {21} | split=31 {74} + 30 {75}
[WARN] batch start failed | size=31 {22} | split=16 {76} + 15 {77}
[WARN] batch start failed | size=30 {23} | split=15 {78} + 15 {79}
[WARN] batch start failed | size=122 {24} | split=61 {80} + 61 {81}
[WARN] batch start failed | size=122 {25} | split=61 {82} + 61 {83}
[WARN] batch start failed | size=122 {27} | split=61 {84} + 61 {85}
[WARN] batch start failed | size=120 {29} | split=60 {86} + 60 {87}
[WARN] batch start failed | size=122 {31} | split=61 {88} + 61 {89}
[WARN] batch start failed | size=122 {30} | split=61 {90} + 61 {91}
[WARN] batch start failed | size=120 {35} | split=60 {92} + 60 {93}
[WARN] batch start failed | size=122 {32} | split=61 {94} + 61 {95}
[WARN] batch start failed | size=122 {34} | split=61 {96} + 61 {97}
[WARN] batch start failed | size=122 {33} | split=61 {98} + 61 {99}
[WARN] batch start failed | size=122 {37} | split=61 {100} + 61 {101}
[WARN] batch start failed | size=61 {96} | split=31 {102} + 30 {103}
[WARN] batch start failed | size=122 {36} | split=61 {104} + 61 {105}
[WARN] batch start failed | size=122 {38} | split=61 {106} + 61 {107}
[WARN] batch start failed | size=122 {39} | split=61 {108} + 61 {109}
[WARN] batch start failed | size=61 {105} | split=31 {110} + 30 {111}
[WARN] batch start failed | size=120 {41} | split=60 {112} + 60 {113}
[WARN] batch start failed | size=31 {102} | split=16 {114} + 15 {115}
[WARN] batch start failed | size=30 {111} | split=15 {116} + 15 {117}
[WARN] batch start failed | size=121 {44} | split=61 {118} + 60 {119}
[WARN] batch start failed | size=121 {45} | split=61 {120} + 60 {121}
[WARN] batch start failed | size=121 {43} | split=61 {122} + 60 {123}
[WARN] batch start failed | size=120 {47} | split=60 {124} + 60 {125}
[WARN] batch start failed | size=121 {46} | split=61 {126} + 60 {127}
[WARN] batch start failed | size=60 {49} | split=30 {128} + 30 {129}
[WARN] batch start failed | size=61 {48} | split=31 {130} + 30 {131}
[WARN] batch start failed | size=61 {53} | split=31 {132} + 30 {133}
[WARN] batch start failed | size=61 {52} | split=31 {134} + 30 {135}
[WARN] batch start failed | size=61 {51} | split=31 {136} + 30 {137}
[WARN] batch start failed | size=31 {54} | split=16 {138} + 15 {139}
[WARN] batch start failed | size=30 {55} | split=15 {140} + 15 {141}
[WARN] batch start failed | size=61 {56} | split=31 {142} + 30 {143}
[WARN] batch start failed | size=15 {141} | split=8 {144} + 7 {145}
[WARN] batch start failed | size=61 {57} | split=31 {146} + 30 {147}
[WARN] batch start failed | size=61 {58} | split=31 {148} + 30 {149}
[WARN] batch start failed | size=61 {59} | split=31 {150} + 30 {151}
[WARN] batch start failed | size=60 {60} | split=30 {152} + 30 {153}
[WARN] batch start failed | size=60 {61} | split=30 {154} + 30 {155}
[WARN] batch start failed | size=61 {62} | split=31 {156} + 30 {157}
[WARN] batch start failed | size=61 {64} | split=31 {158} + 30 {159}
[WARN] batch start failed | size=61 {65} | split=31 {160} + 30 {161}
[WARN] batch start failed | size=61 {63} | split=31 {162} + 30 {163}
[WARN] batch start failed | size=31 {158} | split=16 {164} + 15 {165}
[WARN] batch start failed | size=30 {163} | split=15 {166} + 15 {167}
[WARN] batch start failed | size=61 {66} | split=31 {168} + 30 {169}
[WARN] batch start failed | size=60 {68} | split=30 {170} + 30 {171}
[WARN] batch start failed | size=60 {69} | split=30 {172} + 30 {173}
[WARN] batch start failed | size=61 {71} | split=31 {174} + 30 {175}
[WARN] batch start failed | size=61 {70} | split=31 {176} + 30 {177}
[WARN] batch start failed | size=61 {73} | split=31 {178} + 30 {179}
[WARN] batch start failed | size=61 {72} | split=31 {180} + 30 {181}
[WARN] batch start failed | size=31 {74} | split=16 {182} + 15 {183}
[WARN] batch start failed | size=30 {75} | split=15 {184} + 15 {185}
[WARN] batch start failed | size=16 {76} | split=8 {186} + 8 {187}
[WARN] batch start failed | size=15 {77} | split=8 {188} + 7 {189}
[WARN] batch start failed | size=15 {78} | split=8 {190} + 7 {191}
[WARN] batch start failed | size=15 {79} | split=8 {192} + 7 {193}
[WARN] batch start failed | size=122 {28} | split=61 {194} + 61 {195}
[WARN] batch start failed | size=61 {80} | split=31 {196} + 30 {197}
[WARN] batch start failed | size=61 {81} | split=31 {198} + 30 {199}
[WARN] batch start failed | size=122 {26} | split=61 {200} + 61 {201}
[WARN] batch start failed | size=61 {82} | split=31 {202} + 30 {203}
[WARN] batch start failed | size=61 {83} | split=31 {204} + 30 {205}
[WARN] batch start failed | size=61 {84} | split=31 {206} + 30 {207}
[WARN] batch start failed | size=61 {85} | split=31 {208} + 30 {209}
[WARN] batch start failed | size=60 {86} | split=30 {210} + 30 {211}
[WARN] batch start failed | size=60 {87} | split=30 {212} + 30 {213}
[WARN] batch start failed | size=61 {88} | split=31 {214} + 30 {215}
[WARN] batch start failed | size=61 {90} | split=31 {216} + 30 {217}
[WARN] batch start failed | size=61 {89} | split=31 {218} + 30 {219}
[WARN] batch start failed | size=61 {91} | split=31 {220} + 30 {221}
[WARN] batch start failed | size=60 {92} | split=30 {222} + 30 {223}
[WARN] batch start failed | size=60 {93} | split=30 {224} + 30 {225}
[WARN] batch start failed | size=61 {97} | split=31 {226} + 30 {227}
[WARN] batch start failed | size=61 {95} | split=31 {228} + 30 {229}
[WARN] batch start failed | size=61 {94} | split=31 {230} + 30 {231}
[WARN] batch start failed | size=61 {98} | split=31 {232} + 30 {233}
[WARN] batch start failed | size=61 {99} | split=31 {234} + 30 {235}
[WARN] batch start failed | size=61 {100} | split=31 {236} + 30 {237}
[WARN] batch start failed | size=61 {101} | split=31 {238} + 30 {239}
[WARN] batch start failed | size=30 {103} | split=15 {240} + 15 {241}
[WARN] batch start failed | size=122 {40} | split=61 {242} + 61 {243}
[WARN] batch start failed | size=61 {104} | split=31 {244} + 30 {245}
[WARN] batch start failed | size=61 {109} | split=31 {246} + 30 {247}
[WARN] batch start failed | size=61 {242} | split=31 {248} + 30 {249}
[WARN] batch start failed | size=61 {106} | split=31 {250} + 30 {251}
[WARN] batch start failed | size=61 {107} | split=31 {252} + 30 {253}
[WARN] batch start failed | size=31 {244} | split=16 {254} + 15 {255}
[WARN] batch start failed | size=16 {114} | split=8 {256} + 8 {257}
[WARN] batch start failed | size=31 {110} | split=16 {258} + 15 {259}
[WARN] batch start failed | size=60 {112} | split=30 {260} + 30 {261}
[WARN] batch start failed | size=60 {113} | split=30 {262} + 30 {263}
[WARN] batch start failed | size=8 {256} | split=4 {264} + 4 {265}
[WARN] batch start failed | size=15 {116} | split=8 {266} + 7 {267}
[WARN] batch start failed | size=15 {117} | split=8 {268} + 7 {269}
[WARN] batch start failed | size=61 {118} | split=31 {270} + 30 {271}
[WARN] batch start failed | size=60 {119} | split=30 {272} + 30 {273}
[WARN] batch start failed | size=61 {120} | split=31 {274} + 30 {275}
[WARN] batch start failed | size=60 {121} | split=30 {276} + 30 {277}
[WARN] batch start failed | size=61 {122} | split=31 {278} + 30 {279}
[WARN] batch start failed | size=60 {123} | split=30 {280} + 30 {281}
[WARN] batch start failed | size=60 {124} | split=30 {282} + 30 {283}
[WARN] batch start failed | size=60 {125} | split=30 {284} + 30 {285}
[WARN] batch start failed | size=60 {127} | split=30 {286} + 30 {287}
[WARN] batch start failed | size=61 {126} | split=31 {288} + 30 {289}
[WARN] batch start failed | size=30 {128} | split=15 {290} + 15 {291}
[WARN] batch start failed | size=30 {129} | split=15 {292} + 15 {293}
[WARN] batch start failed | size=31 {130} | split=16 {294} + 15 {295}
[WARN] batch start failed | size=30 {131} | split=15 {296} + 15 {297}
[WARN] batch start failed | size=31 {132} | split=16 {298} + 15 {299}
[WARN] batch start failed | size=30 {133} | split=15 {300} + 15 {301}
[WARN] batch start failed | size=31 {134} | split=16 {302} + 15 {303}
[WARN] batch start failed | size=30 {135} | split=15 {304} + 15 {305}
[WARN] batch start failed | size=31 {136} | split=16 {306} + 15 {307}
[WARN] batch start failed | size=30 {137} | split=15 {308} + 15 {309}
[WARN] batch start failed | size=16 {138} | split=8 {310} + 8 {311}
[WARN] batch start failed | size=15 {139} | split=8 {312} + 7 {313}
[WARN] batch start failed | size=15 {140} | split=8 {314} + 7 {315}
[WARN] batch start failed | size=30 {143} | split=15 {316} + 15 {317}
[WARN] batch start failed | size=31 {142} | split=16 {318} + 15 {319}
[WARN] batch start failed | size=7 {145} | split=4 {320} + 3 {321}
[WARN] batch start failed | size=8 {144} | split=4 {322} + 4 {323}
[WARN] batch start failed | size=30 {147} | split=15 {324} + 15 {325}
[WARN] batch start failed | size=31 {146} | split=16 {326} + 15 {327}
[WARN] batch start failed | size=31 {148} | split=16 {328} + 15 {329}
[WARN] batch start failed | size=30 {149} | split=15 {330} + 15 {331}
[WARN] batch start failed | size=30 {151} | split=15 {332} + 15 {333}
[WARN] batch start failed | size=31 {150} | split=16 {334} + 15 {335}
[WARN] batch start failed | size=30 {152} | split=15 {336} + 15 {337}
[WARN] batch start failed | size=30 {153} | split=15 {338} + 15 {339}
[WARN] batch start failed | size=30 {154} | split=15 {340} + 15 {341}
[WARN] batch start failed | size=30 {155} | split=15 {342} + 15 {343}
[WARN] batch start failed | size=31 {156} | split=16 {344} + 15 {345}
[WARN] batch start failed | size=30 {157} | split=15 {346} + 15 {347}
[WARN] batch start failed | size=30 {159} | split=15 {348} + 15 {349}
[WARN] batch start failed | size=30 {161} | split=15 {350} + 15 {351}
[WARN] batch start failed | size=31 {160} | split=16 {352} + 15 {353}
[WARN] batch start failed | size=61 {67} | split=31 {354} + 30 {355}
[WARN] batch start failed | size=31 {162} | split=16 {356} + 15 {357}
[WARN] batch start failed | size=16 {164} | split=8 {358} + 8 {359}
[WARN] batch start failed | size=15 {165} | split=8 {360} + 7 {361}
[WARN] batch start failed | size=15 {166} | split=8 {362} + 7 {363}
[WARN] batch start failed | size=15 {167} | split=8 {364} + 7 {365}
[WARN] batch start failed | size=30 {169} | split=15 {366} + 15 {367}
[WARN] batch start failed | size=30 {171} | split=15 {368} + 15 {369}
[WARN] batch start failed | size=30 {170} | split=15 {370} + 15 {371}
[WARN] batch start failed | size=31 {168} | split=16 {372} + 15 {373}
[WARN] batch start failed | size=15 {367} | split=8 {374} + 7 {375}
[WARN] batch start failed | size=31 {174} | split=16 {376} + 15 {377}
[WARN] batch start failed | size=30 {172} | split=15 {378} + 15 {379}
[WARN] batch start failed | size=30 {173} | split=15 {380} + 15 {381}
[WARN] batch start failed | size=31 {176} | split=16 {382} + 15 {383}
[WARN] batch start failed | size=30 {177} | split=15 {384} + 15 {385}
[WARN] batch start failed | size=31 {178} | split=16 {386} + 15 {387}
[WARN] batch start failed | size=30 {179} | split=15 {388} + 15 {389}
[WARN] batch start failed | size=31 {180} | split=16 {390} + 15 {391}
[WARN] batch start failed | size=30 {181} | split=15 {392} + 15 {393}
[WARN] batch start failed | size=16 {182} | split=8 {394} + 8 {395}
[WARN] batch start failed | size=15 {183} | split=8 {396} + 7 {397}
[WARN] batch start failed | size=15 {184} | split=8 {398} + 7 {399}
[WARN] batch start failed | size=15 {185} | split=8 {400} + 7 {401}
[WARN] batch start failed | size=8 {186} | split=4 {402} + 4 {403}
[WARN] batch start failed | size=8 {187} | split=4 {404} + 4 {405}
[WARN] batch start failed | size=8 {188} | split=4 {406} + 4 {407}
[WARN] batch start failed | size=7 {189} | split=4 {408} + 3 {409}
[WARN] batch start failed | size=8 {190} | split=4 {410} + 4 {411}
[WARN] batch start failed | size=7 {191} | split=4 {412} + 3 {413}
[WARN] batch start failed | size=8 {192} | split=4 {414} + 4 {415}
[WARN] batch start failed | size=7 {193} | split=4 {416} + 3 {417}
[WARN] batch start failed | size=61 {194} | split=31 {418} + 30 {419}
[WARN] batch start failed | size=61 {195} | split=31 {420} + 30 {421}
[WARN] batch start failed | size=30 {197} | split=15 {422} + 15 {423}
[WARN] batch start failed | size=31 {196} | split=16 {424} + 15 {425}
[WARN] batch start failed | size=31 {198} | split=16 {426} + 15 {427}
[WARN] batch start failed | size=30 {199} | split=15 {428} + 15 {429}
[WARN] batch start failed | size=30 {203} | split=15 {430} + 15 {431}
[WARN] batch start failed | size=31 {202} | split=16 {432} + 15 {433}
[WARN] batch start failed | size=30 {205} | split=15 {434} + 15 {435}
[WARN] batch start failed | size=31 {206} | split=16 {436} + 15 {437}
[WARN] batch start failed | size=30 {207} | split=15 {438} + 15 {439}
[WARN] batch start failed | size=31 {208} | split=16 {440} + 15 {441}
[WARN] batch start failed | size=30 {209} | split=15 {442} + 15 {443}
[WARN] batch start failed | size=30 {210} | split=15 {444} + 15 {445}
[WARN] batch start failed | size=30 {211} | split=15 {446} + 15 {447}
[WARN] batch start failed | size=15 {438} | split=8 {448} + 7 {449}
[WARN] batch start failed | size=30 {213} | split=15 {450} + 15 {451}
[WARN] batch start failed | size=31 {214} | split=16 {452} + 15 {453}
[WARN] batch start failed | size=30 {215} | split=15 {454} + 15 {455}
[WARN] batch start failed | size=31 {216} | split=16 {456} + 15 {457}
[WARN] batch start failed | size=30 {217} | split=15 {458} + 15 {459}
[WARN] batch start failed | size=15 {450} | split=8 {460} + 7 {461}
[WARN] batch start failed | size=30 {219} | split=15 {462} + 15 {463}
[WARN] batch start failed | size=15 {457} | split=8 {464} + 7 {465}
[WARN] batch start failed | size=31 {220} | split=16 {466} + 15 {467}
[WARN] batch start failed | size=30 {222} | split=15 {468} + 15 {469}
[WARN] batch start failed | size=8 {464} | split=4 {470} + 4 {471}
[WARN] batch start failed | size=30 {224} | split=15 {472} + 15 {473}
[WARN] batch start failed | size=16 {466} | split=8 {474} + 8 {475}
[WARN] batch start failed | size=30 {227} | split=15 {476} + 15 {477}
[WARN] batch start failed | size=31 {226} | split=16 {478} + 15 {479}
[WARN] batch start failed | size=31 {228} | split=16 {480} + 15 {481}
[WARN] batch start failed | size=30 {229} | split=15 {482} + 15 {483}
[WARN] batch start failed | size=31 {230} | split=16 {484} + 15 {485}
[WARN] batch start failed | size=30 {231} | split=15 {486} + 15 {487}
[WARN] batch start failed | size=31 {232} | split=16 {488} + 15 {489}
[WARN] batch start failed | size=30 {233} | split=15 {490} + 15 {491}
[WARN] batch start failed | size=31 {234} | split=16 {492} + 15 {493}
[WARN] batch start failed | size=30 {235} | split=15 {494} + 15 {495}
[WARN] batch start failed | size=31 {236} | split=16 {496} + 15 {497}
[WARN] batch start failed | size=30 {237} | split=15 {498} + 15 {499}
[WARN] batch start failed | size=30 {239} | split=15 {500} + 15 {501}
[WARN] batch start failed | size=31 {238} | split=16 {502} + 15 {503}
[WARN] batch start failed | size=15 {240} | split=8 {504} + 7 {505}
[WARN] batch start failed | size=15 {241} | split=8 {506} + 7 {507}
[WARN] batch start failed | size=61 {108} | split=31 {508} + 30 {509}
[WARN] batch start failed | size=61 {243} | split=31 {510} + 30 {511}
[WARN] batch start failed | size=30 {245} | split=15 {512} + 15 {513}
[WARN] batch start failed | size=30 {247} | split=15 {514} + 15 {515}
[WARN] batch start failed | size=31 {246} | split=16 {516} + 15 {517}
[WARN] batch start failed | size=31 {248} | split=16 {518} + 15 {519}
[WARN] batch start failed | size=30 {249} | split=15 {520} + 15 {521}
[WARN] batch start failed | size=31 {250} | split=16 {522} + 15 {523}
[WARN] batch start failed | size=30 {251} | split=15 {524} + 15 {525}
[WARN] batch start failed | size=31 {252} | split=16 {526} + 15 {527}
[WARN] batch start failed | size=30 {253} | split=15 {528} + 15 {529}
[WARN] batch start failed | size=16 {254} | split=8 {530} + 8 {531}
[WARN] batch start failed | size=15 {255} | split=8 {532} + 7 {533}
[WARN] batch start failed | size=15 {115} | split=8 {534} + 7 {535}
[WARN] batch start failed | size=8 {257} | split=4 {536} + 4 {537}
[WARN] batch start failed | size=16 {258} | split=8 {538} + 8 {539}
[WARN] batch start failed | size=8 {532} | split=4 {540} + 4 {541}
[WARN] batch start failed | size=30 {261} | split=15 {542} + 15 {543}
[WARN] batch start failed | size=30 {260} | split=15 {544} + 15 {545}
[WARN] batch start failed | size=30 {262} | split=15 {546} + 15 {547}
[WARN] batch start failed | size=8 {538} | split=4 {548} + 4 {549}
[WARN] batch start failed | size=30 {263} | split=15 {550} + 15 {551}
[WARN] batch start failed | size=4 {265} | split=2 {552} + 2 {553}
[WARN] batch start failed | size=15 {547} | split=8 {554} + 7 {555}
[WARN] batch start failed | size=8 {266} | split=4 {556} + 4 {557}
[WARN] batch start failed | size=7 {267} | split=4 {558} + 3 {559}
[WARN] batch start failed | size=8 {268} | split=4 {560} + 4 {561}
[WARN] batch start failed | size=7 {269} | split=4 {562} + 3 {563}
[WARN] batch start failed | size=31 {270} | split=16 {564} + 15 {565}
[WARN] batch start failed | size=30 {271} | split=15 {566} + 15 {567}
[WARN] batch start failed | size=30 {272} | split=15 {568} + 15 {569}
[WARN] batch start failed | size=30 {273} | split=15 {570} + 15 {571}
[WARN] batch start failed | size=31 {274} | split=16 {572} + 15 {573}
[WARN] batch start failed | size=30 {275} | split=15 {574} + 15 {575}
[WARN] batch start failed | size=30 {276} | split=15 {576} + 15 {577}
[WARN] batch start failed | size=30 {277} | split=15 {578} + 15 {579}
[WARN] batch start failed | size=30 {279} | split=15 {580} + 15 {581}
[WARN] batch start failed | size=31 {278} | split=16 {582} + 15 {583}
[WARN] batch start failed | size=30 {280} | split=15 {584} + 15 {585}
[WARN] batch start failed | size=30 {281} | split=15 {586} + 15 {587}
[WARN] batch start failed | size=30 {282} | split=15 {588} + 15 {589}
[WARN] batch start failed | size=30 {283} | split=15 {590} + 15 {591}
[WARN] batch start failed | size=30 {284} | split=15 {592} + 15 {593}
[WARN] batch start failed | size=30 {285} | split=15 {594} + 15 {595}
[WARN] batch start failed | size=30 {286} | split=15 {596} + 15 {597}
[WARN] batch start failed | size=30 {287} | split=15 {598} + 15 {599}
[WARN] batch start failed | size=30 {289} | split=15 {600} + 15 {601}
[WARN] batch start failed | size=31 {288} | split=16 {602} + 15 {603}
[WARN] batch start failed | size=15 {290} | split=8 {604} + 7 {605}
[WARN] batch start failed | size=15 {291} | split=8 {606} + 7 {607}
[WARN] batch start failed | size=15 {292} | split=8 {608} + 7 {609}
[WARN] batch start failed | size=15 {293} | split=8 {610} + 7 {611}
[WARN] batch start failed | size=16 {294} | split=8 {612} + 8 {613}
[WARN] batch start failed | size=15 {295} | split=8 {614} + 7 {615}
[WARN] batch start failed | size=15 {296} | split=8 {616} + 7 {617}
[WARN] batch start failed | size=15 {297} | split=8 {618} + 7 {619}
[WARN] batch start failed | size=16 {298} | split=8 {620} + 8 {621}
[WARN] batch start failed | size=15 {299} | split=8 {622} + 7 {623}
[WARN] batch start failed | size=15 {300} | split=8 {624} + 7 {625}
[WARN] batch start failed | size=15 {301} | split=8 {626} + 7 {627}
[WARN] batch start failed | size=16 {302} | split=8 {628} + 8 {629}
[WARN] batch start failed | size=15 {303} | split=8 {630} + 7 {631}
[WARN] batch start failed | size=15 {304} | split=8 {632} + 7 {633}
[WARN] batch start failed | size=15 {305} | split=8 {634} + 7 {635}
[WARN] batch start failed | size=16 {306} | split=8 {636} + 8 {637}
[WARN] batch start failed | size=15 {307} | split=8 {638} + 7 {639}
[WARN] batch start failed | size=15 {309} | split=8 {640} + 7 {641}
[WARN] batch start failed | size=15 {308} | split=8 {642} + 7 {643}
[WARN] batch start failed | size=8 {310} | split=4 {644} + 4 {645}
[WARN] batch start failed | size=8 {311} | split=4 {646} + 4 {647}
[WARN] batch start failed | size=7 {313} | split=4 {648} + 3 {649}
[WARN] batch start failed | size=8 {312} | split=4 {650} + 4 {651}
[WARN] batch start failed | size=7 {315} | split=4 {652} + 3 {653}
[WARN] batch start failed | size=8 {314} | split=4 {654} + 4 {655}
[WARN] batch start failed | size=15 {316} | split=8 {656} + 7 {657}
[WARN] batch start failed | size=15 {317} | split=8 {658} + 7 {659}
[WARN] batch start failed | size=15 {319} | split=8 {660} + 7 {661}
[WARN] batch start failed | size=16 {318} | split=8 {662} + 8 {663}
[WARN] batch start failed | size=4 {320} | split=2 {664} + 2 {665}
[WARN] batch start failed | size=3 {321} | split=2 {666} + 1 {667}
[WARN] batch start failed | size=4 {323} | split=2 {668} + 2 {669}
[WARN] batch start failed | size=4 {322} | split=2 {670} + 2 {671}
[WARN] batch start failed | size=15 {324} | split=8 {672} + 7 {673}
[WARN] batch start failed | size=15 {325} | split=8 {674} + 7 {675}
[WARN] batch start failed | size=15 {327} | split=8 {676} + 7 {677}
[WARN] batch start failed | size=16 {326} | split=8 {678} + 8 {679}
[WARN] batch start failed | size=16 {328} | split=8 {680} + 8 {681}
[WARN] batch start failed | size=15 {329} | split=8 {682} + 7 {683}
[WARN] batch start failed | size=15 {330} | split=8 {684} + 7 {685}
[WARN] batch start failed | size=15 {331} | split=8 {686} + 7 {687}
[WARN] batch start failed | size=15 {332} | split=8 {688} + 7 {689}
[WARN] batch start failed | size=15 {333} | split=8 {690} + 7 {691}
[WARN] batch start failed | size=16 {334} | split=8 {692} + 8 {693}
[WARN] batch start failed | size=15 {335} | split=8 {694} + 7 {695}
[WARN] batch start failed | size=15 {336} | split=8 {696} + 7 {697}
[WARN] batch start failed | size=15 {337} | split=8 {698} + 7 {699}
[WARN] batch start failed | size=15 {338} | split=8 {700} + 7 {701}
[WARN] batch start failed | size=15 {339} | split=8 {702} + 7 {703}
[WARN] batch start failed | size=15 {340} | split=8 {704} + 7 {705}
[WARN] batch start failed | size=15 {341} | split=8 {706} + 7 {707}
[WARN] batch start failed | size=15 {342} | split=8 {708} + 7 {709}
[WARN] batch start failed | size=15 {343} | split=8 {710} + 7 {711}
[WARN] batch start failed | size=16 {344} | split=8 {712} + 8 {713}
[WARN] batch start failed | size=15 {345} | split=8 {714} + 7 {715}
[WARN] batch start failed | size=15 {346} | split=8 {716} + 7 {717}
[WARN] batch start failed | size=15 {347} | split=8 {718} + 7 {719}
[WARN] batch start failed | size=15 {348} | split=8 {720} + 7 {721}
[WARN] batch start failed | size=15 {349} | split=8 {722} + 7 {723}
[WARN] batch start failed | size=15 {351} | split=8 {724} + 7 {725}
[WARN] batch start failed | size=8 {722} | split=4 {726} + 4 {727}
[WARN] batch start failed | size=15 {353} | split=8 {728} + 7 {729}
[WARN] batch start failed | size=16 {352} | split=8 {730} + 8 {731}
[WARN] batch start failed | size=31 {354} | split=16 {732} + 15 {733}
[WARN] batch start failed | size=30 {355} | split=15 {734} + 15 {735}
[WARN] batch start failed | size=16 {356} | split=8 {736} + 8 {737}
[WARN] batch start failed | size=15 {357} | split=8 {738} + 7 {739}
[WARN] batch start failed | size=8 {358} | split=4 {740} + 4 {741}
[WARN] batch start failed | size=8 {359} | split=4 {742} + 4 {743}
[WARN] batch start failed | size=8 {360} | split=4 {744} + 4 {745}
[WARN] batch start failed | size=7 {361} | split=4 {746} + 3 {747}
[WARN] batch start failed | size=8 {362} | split=4 {748} + 4 {749}
[WARN] batch start failed | size=7 {363} | split=4 {750} + 3 {751}
[WARN] batch start failed | size=8 {364} | split=4 {752} + 4 {753}
[WARN] batch start failed | size=7 {365} | split=4 {754} + 3 {755}
[WARN] batch start failed | size=30 {175} | split=15 {756} + 15 {757}
[WARN] batch start failed | size=15 {366} | split=8 {758} + 7 {759}
[WARN] batch start failed | size=15 {368} | split=8 {760} + 7 {761}
[WARN] batch start failed | size=15 {369} | split=8 {762} + 7 {763}
[WARN] batch start failed | size=15 {370} | split=8 {764} + 7 {765}
[WARN] batch start failed | size=15 {371} | split=8 {766} + 7 {767}
[WARN] batch start failed | size=16 {372} | split=8 {768} + 8 {769}
[WARN] batch start failed | size=15 {373} | split=8 {770} + 7 {771}
[WARN] batch start failed | size=7 {375} | split=4 {772} + 3 {773}
[WARN] batch start failed | size=8 {374} | split=4 {774} + 4 {775}
[WARN] batch start failed | size=16 {376} | split=8 {776} + 8 {777}
[WARN] batch start failed | size=15 {377} | split=8 {778} + 7 {779}
[WARN] batch start failed | size=15 {379} | split=8 {780} + 7 {781}
[WARN] batch start failed | size=15 {378} | split=8 {782} + 7 {783}
[WARN] batch start failed | size=15 {380} | split=8 {784} + 7 {785}
[WARN] batch start failed | size=15 {381} | split=8 {786} + 7 {787}
[WARN] batch start failed | size=15 {383} | split=8 {788} + 7 {789}
[WARN] batch start failed | size=16 {382} | split=8 {790} + 8 {791}
[WARN] batch start failed | size=15 {384} | split=8 {792} + 7 {793}
[WARN] batch start failed | size=15 {385} | split=8 {794} + 7 {795}
[WARN] batch start failed | size=16 {386} | split=8 {796} + 8 {797}
[WARN] batch start failed | size=15 {387} | split=8 {798} + 7 {799}
[WARN] batch start failed | size=15 {388} | split=8 {800} + 7 {801}
[WARN] batch start failed | size=15 {389} | split=8 {802} + 7 {803}
[WARN] batch start failed | size=16 {390} | split=8 {804} + 8 {805}
[WARN] batch start failed | size=15 {391} | split=8 {806} + 7 {807}
[WARN] batch start failed | size=15 {393} | split=8 {808} + 7 {809}
[WARN] batch start failed | size=15 {392} | split=8 {810} + 7 {811}
[WARN] batch start failed | size=8 {394} | split=4 {812} + 4 {813}
[WARN] batch start failed | size=8 {395} | split=4 {814} + 4 {815}
[WARN] batch start failed | size=8 {396} | split=4 {816} + 4 {817}
[WARN] batch start failed | size=7 {397} | split=4 {818} + 3 {819}
[WARN] batch start failed | size=8 {398} | split=4 {820} + 4 {821}
[WARN] batch start failed | size=7 {399} | split=4 {822} + 3 {823}
[WARN] batch start failed | size=8 {400} | split=4 {824} + 4 {825}
[WARN] batch start failed | size=7 {401} | split=4 {826} + 3 {827}
[WARN] batch start failed | size=4 {402} | split=2 {828} + 2 {829}
[WARN] batch start failed | size=4 {403} | split=2 {830} + 2 {831}
[WARN] batch start failed | size=4 {404} | split=2 {832} + 2 {833}
[WARN] batch start failed | size=4 {405} | split=2 {834} + 2 {835}
[WARN] batch start failed | size=4 {406} | split=2 {836} + 2 {837}
[WARN] batch start failed | size=4 {407} | split=2 {838} + 2 {839}
[WARN] batch start failed | size=4 {408} | split=2 {840} + 2 {841}
[WARN] batch start failed | size=3 {409} | split=2 {842} + 1 {843}
[WARN] batch start failed | size=4 {410} | split=2 {844} + 2 {845}
[WARN] batch start failed | size=4 {411} | split=2 {846} + 2 {847}
[WARN] batch start failed | size=4 {412} | split=2 {848} + 2 {849}
[WARN] batch start failed | size=3 {413} | split=2 {850} + 1 {851}
[WARN] batch start failed | size=4 {415} | split=2 {852} + 2 {853}
[WARN] batch start failed | size=4 {414} | split=2 {854} + 2 {855}
[WARN] batch start failed | size=3 {417} | split=2 {856} + 1 {857}
[WARN] batch start failed | size=4 {416} | split=2 {858} + 2 {859}
[WARN] batch start failed | size=30 {419} | split=15 {860} + 15 {861}
[WARN] batch start failed | size=31 {418} | split=16 {862} + 15 {863}
[WARN] batch start failed | size=31 {420} | split=16 {864} + 15 {865}
[WARN] batch start failed | size=30 {421} | split=15 {866} + 15 {867}
[WARN] batch start failed | size=15 {422} | split=8 {868} + 7 {869}
[WARN] batch start failed | size=15 {423} | split=8 {870} + 7 {871}
[WARN] batch start failed | size=16 {424} | split=8 {872} + 8 {873}
[WARN] batch start failed | size=15 {425} | split=8 {874} + 7 {875}
[WARN] batch start failed | size=16 {426} | split=8 {876} + 8 {877}
[WARN] batch start failed | size=15 {427} | split=8 {878} + 7 {879}
[WARN] batch start failed | size=15 {429} | split=8 {880} + 7 {881}
[WARN] batch start failed | size=15 {428} | split=8 {882} + 7 {883}
[WARN] batch start failed | size=61 {201} | split=31 {884} + 30 {885}
[WARN] batch start failed | size=7 {881} | split=4 {886} + 3 {887}
[WARN] batch start failed | size=61 {200} | split=31 {888} + 30 {889}
[WARN] batch start failed | size=4 {886} | split=2 {890} + 2 {891}
[WARN] batch start failed | size=31 {204} | split=16 {892} + 15 {893}
[WARN] batch start failed | size=15 {430} | split=8 {894} + 7 {895}
[WARN] batch start failed | size=15 {431} | split=8 {896} + 7 {897}
[WARN] batch start failed | size=15 {434} | split=8 {898} + 7 {899}
[WARN] batch start failed | size=15 {433} | split=8 {900} + 7 {901}
[WARN] batch start failed | size=16 {432} | split=8 {902} + 8 {903}
[WARN] batch start failed | size=15 {435} | split=8 {904} + 7 {905}
[WARN] batch start failed | size=16 {436} | split=8 {906} + 8 {907}
[WARN] batch start failed | size=15 {437} | split=8 {908} + 7 {909}
[WARN] batch start failed | size=15 {442} | split=8 {910} + 7 {911}
[WARN] batch start failed | size=16 {440} | split=8 {912} + 8 {913}
[WARN] batch start failed | size=15 {439} | split=8 {914} + 7 {915}
[WARN] batch start failed | size=30 {212} | split=15 {916} + 15 {917}
[WARN] batch start failed | size=15 {443} | split=8 {918} + 7 {919}
[WARN] batch start failed | size=15 {441} | split=8 {920} + 7 {921}
[WARN] batch start failed | size=15 {445} | split=8 {922} + 7 {923}
[WARN] batch start failed | size=15 {444} | split=8 {924} + 7 {925}
[WARN] batch start failed | size=15 {446} | split=8 {926} + 7 {927}
[WARN] batch start failed | size=15 {447} | split=8 {928} + 7 {929}
[WARN] batch start failed | size=8 {448} | split=4 {930} + 4 {931}
[WARN] batch start failed | size=7 {449} | split=4 {932} + 3 {933}
[WARN] batch start failed | size=31 {218} | split=16 {934} + 15 {935}
[WARN] batch start failed | size=15 {454} | split=8 {936} + 7 {937}
[WARN] batch start failed | size=15 {451} | split=8 {938} + 7 {939}
[WARN] batch start failed | size=16 {452} | split=8 {940} + 8 {941}
[WARN] batch start failed | size=15 {455} | split=8 {942} + 7 {943}
[WARN] batch start failed | size=15 {453} | split=8 {944} + 7 {945}
[WARN] batch start failed | size=16 {456} | split=8 {946} + 8 {947}
[WARN] batch start failed | size=15 {458} | split=8 {948} + 7 {949}
[WARN] batch start failed | size=30 {221} | split=15 {950} + 15 {951}
[WARN] batch start failed | size=15 {459} | split=8 {952} + 7 {953}
[WARN] batch start failed | size=8 {460} | split=4 {954} + 4 {955}
[WARN] batch start failed | size=7 {461} | split=4 {956} + 3 {957}
[WARN] batch start failed | size=15 {462} | split=8 {958} + 7 {959}
[WARN] batch start failed | size=15 {463} | split=8 {960} + 7 {961}
[WARN] batch start failed | size=30 {223} | split=15 {962} + 15 {963}
[WARN] batch start failed | size=7 {465} | split=4 {964} + 3 {965}
[WARN] batch start failed | size=15 {467} | split=8 {966} + 7 {967}
[WARN] batch start failed | size=15 {468} | split=8 {968} + 7 {969}
[WARN] batch start failed | size=30 {225} | split=15 {970} + 15 {971}
[WARN] batch start failed | size=15 {469} | split=8 {972} + 7 {973}
[WARN] batch start failed | size=4 {470} | split=2 {974} + 2 {975}
[WARN] batch start failed | size=4 {471} | split=2 {976} + 2 {977}
[WARN] batch start failed | size=15 {472} | split=8 {978} + 7 {979}
[WARN] batch start failed | size=15 {473} | split=8 {980} + 7 {981}
[WARN] batch start failed | size=8 {475} | split=4 {982} + 4 {983}
[WARN] batch start failed | size=8 {474} | split=4 {984} + 4 {985}
[WARN] batch start failed | size=15 {477} | split=8 {986} + 7 {987}
[WARN] batch start failed | size=15 {476} | split=8 {988} + 7 {989}
[WARN] batch start failed | size=4 {984} | split=2 {990} + 2 {991}
[WARN] batch start failed | size=15 {479} | split=8 {992} + 7 {993}
[WARN] batch start failed | size=16 {480} | split=8 {994} + 8 {995}
[WARN] batch start failed | size=15 {481} | split=8 {996} + 7 {997}
[WARN] batch start failed | size=15 {483} | split=8 {998} + 7 {999}
[WARN] batch start failed | size=15 {482} | split=8 {1000} + 7 {1001}
[WARN] batch start failed | size=16 {484} | split=8 {1002} + 8 {1003}
[WARN] batch start failed | size=15 {485} | split=8 {1004} + 7 {1005}
[WARN] batch start failed | size=15 {486} | split=8 {1006} + 7 {1007}
[WARN] batch start failed | size=15 {487} | split=8 {1008} + 7 {1009}
[WARN] batch start failed | size=16 {488} | split=8 {1010} + 8 {1011}
[WARN] batch start failed | size=15 {489} | split=8 {1012} + 7 {1013}
[WARN] batch start failed | size=15 {490} | split=8 {1014} + 7 {1015}
[WARN] batch start failed | size=15 {491} | split=8 {1016} + 7 {1017}
[WARN] batch start failed | size=16 {492} | split=8 {1018} + 8 {1019}
[WARN] batch start failed | size=15 {493} | split=8 {1020} + 7 {1021}
[WARN] batch start failed | size=15 {494} | split=8 {1022} + 7 {1023}
[WARN] batch start failed | size=15 {495} | split=8 {1024} + 7 {1025}
[WARN] batch start failed | size=16 {496} | split=8 {1026} + 8 {1027}
[WARN] batch start failed | size=15 {497} | split=8 {1028} + 7 {1029}
[WARN] batch start failed | size=15 {498} | split=8 {1030} + 7 {1031}
[WARN] batch start failed | size=15 {499} | split=8 {1032} + 7 {1033}
[WARN] batch start failed | size=15 {500} | split=8 {1034} + 7 {1035}
[WARN] batch start failed | size=15 {501} | split=8 {1036} + 7 {1037}
[WARN] batch start failed | size=16 {502} | split=8 {1038} + 8 {1039}
[WARN] batch start failed | size=15 {503} | split=8 {1040} + 7 {1041}
[WARN] batch start failed | size=8 {504} | split=4 {1042} + 4 {1043}
[WARN] batch start failed | size=7 {505} | split=4 {1044} + 3 {1045}
[WARN] batch start failed | size=8 {506} | split=4 {1046} + 4 {1047}
[WARN] batch start failed | size=7 {507} | split=4 {1048} + 3 {1049}
[WARN] batch start failed | size=30 {509} | split=15 {1050} + 15 {1051}
[WARN] batch start failed | size=31 {508} | split=16 {1052} + 15 {1053}
[WARN] batch start failed | size=31 {510} | split=16 {1054} + 15 {1055}
[WARN] batch start failed | size=30 {511} | split=15 {1056} + 15 {1057}
[WARN] batch start failed | size=15 {513} | split=8 {1058} + 7 {1059}
[WARN] batch start failed | size=15 {512} | split=8 {1060} + 7 {1061}
[WARN] batch start failed | size=15 {514} | split=8 {1062} + 7 {1063}
[WARN] batch start failed | size=7 {1061} | split=4 {1064} + 3 {1065}
[WARN] batch start failed | size=15 {515} | split=8 {1066} + 7 {1067}
[WARN] batch start failed | size=15 {517} | split=8 {1068} + 7 {1069}
[WARN] batch start failed | size=16 {518} | split=8 {1070} + 8 {1071}
[WARN] batch start failed | size=15 {519} | split=8 {1072} + 7 {1073}
[WARN] batch start failed | size=15 {520} | split=8 {1074} + 7 {1075}
[WARN] batch start failed | size=8 {1062} | split=4 {1076} + 4 {1077}
[WARN] batch start failed | size=16 {522} | split=8 {1078} + 8 {1079}
[WARN] batch start failed | size=15 {523} | split=8 {1080} + 7 {1081}
[WARN] batch start failed | size=15 {524} | split=8 {1082} + 7 {1083}
[WARN] batch start failed | size=15 {525} | split=8 {1084} + 7 {1085}
[WARN] batch start failed | size=8 {1074} | split=4 {1086} + 4 {1087}
[WARN] batch start failed | size=15 {527} | split=8 {1088} + 7 {1089}
[WARN] batch start failed | size=8 {1079} | split=4 {1090} + 4 {1091}
[WARN] batch start failed | size=15 {528} | split=8 {1092} + 7 {1093}
[WARN] batch start failed | size=15 {259} | split=8 {1094} + 7 {1095}
[WARN] batch start failed | size=8 {1084} | split=4 {1096} + 4 {1097}
[WARN] batch start failed | size=8 {530} | split=4 {1098} + 4 {1099}
[WARN] batch start failed | size=7 {533} | split=4 {1100} + 3 {1101}
[WARN] batch start failed | size=7 {535} | split=4 {1102} + 3 {1103}
[WARN] batch start failed | size=7 {1093} | split=4 {1104} + 3 {1105}
[WARN] batch start failed | size=8 {534} | split=4 {1106} + 4 {1107}
[WARN] batch start failed | size=4 {1098} | split=2 {1108} + 2 {1109}
[WARN] batch start failed | size=4 {537} | split=2 {1110} + 2 {1111}
[WARN] batch start failed | size=4 {1104} | split=2 {1112} + 2 {1113}
[WARN] batch start failed | size=4 {264} | split=2 {1114} + 2 {1115}
[WARN] batch start failed | size=4 {541} | split=2 {1116} + 2 {1117}
[WARN] batch start failed | size=2 {1108} | split=1 {1118} + 1 {1119}
[WARN] batch start failed | size=2 {1109} | split=1 {1120} + 1 {1121}
[TEST] {1114} tested=2/2 | kept=0 | rest=4373
[WARN] batch start failed | size=15 {545} | split=8 {1122} + 7 {1123}
[WARN] batch start failed | size=15 {544} | split=8 {1124} + 7 {1125}
[WARN] batch start failed | size=4 {549} | split=2 {1126} + 2 {1127}
[WARN] batch start failed | size=15 {551} | split=8 {1128} + 7 {1129}
[WARN] batch start failed | size=8 {1122} | split=4 {1130} + 4 {1131}
[WARN] batch start failed | size=2 {553} | split=1 {1132} + 1 {1133}
[WARN] batch start failed | size=2 {552} | split=1 {1134} + 1 {1135}
[WARN] batch start failed | size=8 {554} | split=4 {1136} + 4 {1137}
[WARN] batch start failed | size=7 {555} | split=4 {1138} + 3 {1139}
[WARN] batch start failed | size=4 {557} | split=2 {1140} + 2 {1141}
[WARN] batch start failed | size=4 {556} | split=2 {1142} + 2 {1143}
[WARN] batch start failed | size=4 {558} | split=2 {1144} + 2 {1145}
[WARN] batch start failed | size=3 {559} | split=2 {1146} + 1 {1147}
[WARN] batch start failed | size=4 {560} | split=2 {1148} + 2 {1149}
[WARN] batch start failed | size=4 {561} | split=2 {1150} + 2 {1151}
[WARN] batch start failed | size=4 {562} | split=2 {1152} + 2 {1153}
[WARN] batch start failed | size=3 {563} | split=2 {1154} + 1 {1155}
[TEST] {1118} tested=1/1 | kept=0 | rest=4372
[WARN] batch start failed | size=15 {565} | split=8 {1156} + 7 {1157}
[WARN] batch start failed | size=16 {564} | split=8 {1158} + 8 {1159}
[WARN] batch start failed | size=15 {566} | split=8 {1160} + 7 {1161}
[WARN] batch start failed | size=15 {567} | split=8 {1162} + 7 {1163}
[WARN] batch start failed | size=15 {569} | split=8 {1164} + 7 {1165}
[WARN] batch start failed | size=15 {568} | split=8 {1166} + 7 {1167}
[WARN] batch start failed | size=15 {571} | split=8 {1168} + 7 {1169}
[WARN] batch start failed | size=15 {570} | split=8 {1170} + 7 {1171}
[WARN] batch start failed | size=16 {572} | split=8 {1172} + 8 {1173}
[WARN] batch start failed | size=15 {573} | split=8 {1174} + 7 {1175}
[WARN] batch start failed | size=8 {1166} | split=4 {1176} + 4 {1177}
[WARN] batch start failed | size=15 {575} | split=8 {1178} + 7 {1179}
[WARN] batch start failed | size=15 {577} | split=8 {1180} + 7 {1181}
[WARN] batch start failed | size=15 {576} | split=8 {1182} + 7 {1183}
[WARN] batch start failed | size=15 {578} | split=8 {1184} + 7 {1185}
[WARN] batch start failed | size=15 {579} | split=8 {1186} + 7 {1187}
[WARN] batch start failed | size=4 {1177} | split=2 {1188} + 2 {1189}
[WARN] batch start failed | size=15 {581} | split=8 {1190} + 7 {1191}
[WARN] batch start failed | size=16 {582} | split=8 {1192} + 8 {1193}
[WARN] batch start failed | size=15 {583} | split=8 {1194} + 7 {1195}
[WARN] batch start failed | size=15 {584} | split=8 {1196} + 7 {1197}
[WARN] batch start failed | size=8 {1186} | split=4 {1198} + 4 {1199}
[WARN] batch start failed | size=15 {586} | split=8 {1200} + 7 {1201}
[WARN] batch start failed | size=15 {587} | split=8 {1202} + 7 {1203}
[WARN] batch start failed | size=15 {588} | split=8 {1204} + 7 {1205}
[WARN] batch start failed | size=15 {589} | split=8 {1206} + 7 {1207}
[WARN] batch start failed | size=15 {590} | split=8 {1208} + 7 {1209}
[WARN] batch start failed | size=15 {591} | split=8 {1210} + 7 {1211}
[WARN] batch start failed | size=15 {592} | split=8 {1212} + 7 {1213}
[WARN] batch start failed | size=15 {593} | split=8 {1214} + 7 {1215}
[WARN] batch start failed | size=15 {594} | split=8 {1216} + 7 {1217}
[WARN] batch start failed | size=15 {595} | split=8 {1218} + 7 {1219}
[WARN] batch start failed | size=15 {596} | split=8 {1220} + 7 {1221}
[WARN] batch start failed | size=15 {597} | split=8 {1222} + 7 {1223}
[WARN] batch start failed | size=15 {598} | split=8 {1224} + 7 {1225}
[WARN] batch start failed | size=15 {600} | split=8 {1226} + 7 {1227}
[WARN] batch start failed | size=15 {599} | split=8 {1228} + 7 {1229}
[WARN] batch start failed | size=15 {601} | split=8 {1230} + 7 {1231}
[WARN] batch start failed | size=15 {603} | split=8 {1232} + 7 {1233}
[WARN] batch start failed | size=16 {602} | split=8 {1234} + 8 {1235}
[WARN] batch start failed | size=8 {604} | split=4 {1236} + 4 {1237}
[WARN] batch start failed | size=7 {1227} | split=4 {1238} + 3 {1239}
[WARN] batch start failed | size=8 {606} | split=4 {1240} + 4 {1241}
[WARN] batch start failed | size=7 {607} | split=4 {1242} + 3 {1243}
[WARN] batch start failed | size=8 {608} | split=4 {1244} + 4 {1245}
[WARN] batch start failed | size=7 {609} | split=4 {1246} + 3 {1247}
[WARN] batch start failed | size=4 {1237} | split=2 {1248} + 2 {1249}
[WARN] batch start failed | size=7 {611} | split=4 {1250} + 3 {1251}
[WARN] batch start failed | size=8 {612} | split=4 {1252} + 4 {1253}
[WARN] batch start failed | size=8 {613} | split=4 {1254} + 4 {1255}
[WARN] batch start failed | size=8 {614} | split=4 {1256} + 4 {1257}
[WARN] batch start failed | size=7 {615} | split=4 {1258} + 3 {1259}
[WARN] batch start failed | size=7 {617} | split=4 {1260} + 3 {1261}
[WARN] batch start failed | size=8 {616} | split=4 {1262} + 4 {1263}
[WARN] batch start failed | size=8 {618} | split=4 {1264} + 4 {1265}
[WARN] batch start failed | size=7 {619} | split=4 {1266} + 3 {1267}
[WARN] batch start failed | size=8 {620} | split=4 {1268} + 4 {1269}
[WARN] batch start failed | size=8 {621} | split=4 {1270} + 4 {1271}
[WARN] batch start failed | size=7 {623} | split=4 {1272} + 3 {1273}
[WARN] batch start failed | size=8 {622} | split=4 {1274} + 4 {1275}
[WARN] batch start failed | size=8 {624} | split=4 {1276} + 4 {1277}
[WARN] batch start failed | size=7 {625} | split=4 {1278} + 3 {1279}
[WARN] batch start failed | size=8 {626} | split=4 {1280} + 4 {1281}
[WARN] batch start failed | size=7 {627} | split=4 {1282} + 3 {1283}
[WARN] batch start failed | size=8 {628} | split=4 {1284} + 4 {1285}
[WARN] batch start failed | size=8 {629} | split=4 {1286} + 4 {1287}
[WARN] batch start failed | size=8 {630} | split=4 {1288} + 4 {1289}
[WARN] batch start failed | size=7 {631} | split=4 {1290} + 3 {1291}
[WARN] batch start failed | size=8 {632} | split=4 {1292} + 4 {1293}
[WARN] batch start failed | size=8 {634} | split=4 {1294} + 4 {1295}
[WARN] batch start failed | size=7 {633} | split=4 {1296} + 3 {1297}
[WARN] batch start failed | size=7 {635} | split=4 {1298} + 3 {1299}
[WARN] batch start failed | size=8 {636} | split=4 {1300} + 4 {1301}
[WARN] batch start failed | size=8 {637} | split=4 {1302} + 4 {1303}
[WARN] batch start failed | size=8 {638} | split=4 {1304} + 4 {1305}
[WARN] batch start failed | size=7 {639} | split=4 {1306} + 3 {1307}
[WARN] batch start failed | size=7 {641} | split=4 {1308} + 3 {1309}
[WARN] batch start failed | size=8 {640} | split=4 {1310} + 4 {1311}
[WARN] batch start failed | size=8 {642} | split=4 {1312} + 4 {1313}
[WARN] batch start failed | size=7 {643} | split=4 {1314} + 3 {1315}
[WARN] batch start failed | size=4 {645} | split=2 {1316} + 2 {1317}
[WARN] batch start failed | size=4 {644} | split=2 {1318} + 2 {1319}
[WARN] batch start failed | size=4 {647} | split=2 {1320} + 2 {1321}
[WARN] batch start failed | size=4 {646} | split=2 {1322} + 2 {1323}
[WARN] batch start failed | size=4 {648} | split=2 {1324} + 2 {1325}
[WARN] batch start failed | size=3 {649} | split=2 {1326} + 1 {1327}
[WARN] batch start failed | size=4 {651} | split=2 {1328} + 2 {1329}
[WARN] batch start failed | size=4 {650} | split=2 {1330} + 2 {1331}
[WARN] batch start failed | size=4 {652} | split=2 {1332} + 2 {1333}
[WARN] batch start failed | size=3 {653} | split=2 {1334} + 1 {1335}
[WARN] batch start failed | size=4 {654} | split=2 {1336} + 2 {1337}
[WARN] batch start failed | size=4 {655} | split=2 {1338} + 2 {1339}
[WARN] batch start failed | size=8 {656} | split=4 {1340} + 4 {1341}
[WARN] batch start failed | size=7 {657} | split=4 {1342} + 3 {1343}
[WARN] batch start failed | size=8 {658} | split=4 {1344} + 4 {1345}
[WARN] batch start failed | size=7 {659} | split=4 {1346} + 3 {1347}
[WARN] batch start failed | size=8 {660} | split=4 {1348} + 4 {1349}
[WARN] batch start failed | size=7 {661} | split=4 {1350} + 3 {1351}
[WARN] batch start failed | size=8 {662} | split=4 {1352} + 4 {1353}
[WARN] batch start failed | size=8 {663} | split=4 {1354} + 4 {1355}
[WARN] batch start failed | size=2 {664} | split=1 {1356} + 1 {1357}
[WARN] batch start failed | size=2 {665} | split=1 {1358} + 1 {1359}
[WARN] batch start failed | size=2 {666} | split=1 {1360} + 1 {1361}
[WARN] batch start failed | size=4 {1352} | split=2 {1362} + 2 {1363}
[WARN] batch start failed | size=2 {669} | split=1 {1364} + 1 {1365}
[WARN] batch start failed | size=8 {672} | split=4 {1366} + 4 {1367}
[WARN] batch start failed | size=2 {671} | split=1 {1368} + 1 {1369}
[WARN] batch start failed | size=7 {673} | split=4 {1370} + 3 {1371}
[WARN] batch start failed | size=8 {674} | split=4 {1372} + 4 {1373}
[WARN] batch start failed | size=4 {1367} | split=2 {1374} + 2 {1375}
[WARN] batch start failed | size=8 {676} | split=4 {1376} + 4 {1377}
[WARN] batch start failed | size=7 {677} | split=4 {1378} + 3 {1379}
[WARN] batch start failed | size=8 {679} | split=4 {1380} + 4 {1381}
[WARN] batch start failed | size=8 {678} | split=4 {1382} + 4 {1383}
[WARN] batch start failed | size=8 {680} | split=4 {1384} + 4 {1385}
[TEST] {670} tested=2/2 | kept=0 | rest=4370
[WARN] batch start failed | size=8 {681} | split=4 {1386} + 4 {1387}
[WARN] batch start failed | size=8 {682} | split=4 {1388} + 4 {1389}
[WARN] batch start failed | size=7 {683} | split=4 {1390} + 3 {1391}
[WARN] batch start failed | size=8 {684} | split=4 {1392} + 4 {1393}
[WARN] batch start failed | size=7 {685} | split=4 {1394} + 3 {1395}
[WARN] batch start failed | size=8 {686} | split=4 {1396} + 4 {1397}
[WARN] batch start failed | size=7 {687} | split=4 {1398} + 3 {1399}
[WARN] batch start failed | size=8 {688} | split=4 {1400} + 4 {1401}
[WARN] batch start failed | size=7 {689} | split=4 {1402} + 3 {1403}
[WARN] batch start failed | size=8 {690} | split=4 {1404} + 4 {1405}
[WARN] batch start failed | size=7 {691} | split=4 {1406} + 3 {1407}
[WARN] batch start failed | size=8 {693} | split=4 {1408} + 4 {1409}
[WARN] batch start failed | size=8 {692} | split=4 {1410} + 4 {1411}
[WARN] batch start failed | size=8 {694} | split=4 {1412} + 4 {1413}
[WARN] batch start failed | size=7 {695} | split=4 {1414} + 3 {1415}
[WARN] batch start failed | size=8 {696} | split=4 {1416} + 4 {1417}
[WARN] batch start failed | size=7 {697} | split=4 {1418} + 3 {1419}
[WARN] batch start failed | size=8 {698} | split=4 {1420} + 4 {1421}
[WARN] batch start failed | size=7 {699} | split=4 {1422} + 3 {1423}
[WARN] batch start failed | size=8 {700} | split=4 {1424} + 4 {1425}
[WARN] batch start failed | size=7 {701} | split=4 {1426} + 3 {1427}
[WARN] batch start failed | size=7 {703} | split=4 {1428} + 3 {1429}
[WARN] batch start failed | size=8 {702} | split=4 {1430} + 4 {1431}
[WARN] batch start failed | size=7 {705} | split=4 {1432} + 3 {1433}
[WARN] batch start failed | size=8 {704} | split=4 {1434} + 4 {1435}
[WARN] batch start failed | size=7 {707} | split=4 {1436} + 3 {1437}
[WARN] batch start failed | size=8 {706} | split=4 {1438} + 4 {1439}
[WARN] batch start failed | size=8 {708} | split=4 {1440} + 4 {1441}
[WARN] batch start failed | size=7 {709} | split=4 {1442} + 3 {1443}
[WARN] batch start failed | size=8 {710} | split=4 {1444} + 4 {1445}
[WARN] batch start failed | size=7 {711} | split=4 {1446} + 3 {1447}
[WARN] batch start failed | size=8 {713} | split=4 {1448} + 4 {1449}
[WARN] batch start failed | size=8 {712} | split=4 {1450} + 4 {1451}
[WARN] batch start failed | size=8 {714} | split=4 {1452} + 4 {1453}
[WARN] batch start failed | size=7 {715} | split=4 {1454} + 3 {1455}
[WARN] batch start failed | size=7 {717} | split=4 {1456} + 3 {1457}
[WARN] batch start failed | size=8 {716} | split=4 {1458} + 4 {1459}
[WARN] batch start failed | size=8 {718} | split=4 {1460} + 4 {1461}
[WARN] batch start failed | size=7 {719} | split=4 {1462} + 3 {1463}
[WARN] batch start failed | size=7 {721} | split=4 {1464} + 3 {1465}
[WARN] batch start failed | size=8 {720} | split=4 {1466} + 4 {1467}
[WARN] batch start failed | size=7 {723} | split=4 {1468} + 3 {1469}
[WARN] batch start failed | size=15 {350} | split=8 {1470} + 7 {1471}
[WARN] batch start failed | size=7 {725} | split=4 {1472} + 3 {1473}
[WARN] batch start failed | size=8 {724} | split=4 {1474} + 4 {1475}
[WARN] batch start failed | size=4 {727} | split=2 {1476} + 2 {1477}
[WARN] batch start failed | size=4 {726} | split=2 {1478} + 2 {1479}
[WARN] batch start failed | size=7 {729} | split=4 {1480} + 3 {1481}
[WARN] batch start failed | size=8 {728} | split=4 {1482} + 4 {1483}
[WARN] batch start failed | size=8 {731} | split=4 {1484} + 4 {1485}
[WARN] batch start failed | size=8 {730} | split=4 {1486} + 4 {1487}
[WARN] batch start failed | size=15 {733} | split=8 {1488} + 7 {1489}
[WARN] batch start failed | size=16 {732} | split=8 {1490} + 8 {1491}
[WARN] batch start failed | size=15 {734} | split=8 {1492} + 7 {1493}
[WARN] batch start failed | size=15 {735} | split=8 {1494} + 7 {1495}
[WARN] batch start failed | size=8 {737} | split=4 {1496} + 4 {1497}
[WARN] batch start failed | size=8 {736} | split=4 {1498} + 4 {1499}
[WARN] batch start failed | size=8 {738} | split=4 {1500} + 4 {1501}
[WARN] batch start failed | size=7 {739} | split=4 {1502} + 3 {1503}
[WARN] batch start failed | size=4 {740} | split=2 {1504} + 2 {1505}
[WARN] batch start failed | size=4 {741} | split=2 {1506} + 2 {1507}
[WARN] batch start failed | size=4 {742} | split=2 {1508} + 2 {1509}
[WARN] batch start failed | size=4 {743} | split=2 {1510} + 2 {1511}
[WARN] batch start failed | size=4 {744} | split=2 {1512} + 2 {1513}
[WARN] batch start failed | size=4 {745} | split=2 {1514} + 2 {1515}
[WARN] batch start failed | size=4 {746} | split=2 {1516} + 2 {1517}
[WARN] batch start failed | size=3 {747} | split=2 {1518} + 1 {1519}
[WARN] batch start failed | size=4 {748} | split=2 {1520} + 2 {1521}
[WARN] batch start failed | size=4 {749} | split=2 {1522} + 2 {1523}
[WARN] batch start failed | size=4 {750} | split=2 {1524} + 2 {1525}
[WARN] batch start failed | size=3 {751} | split=2 {1526} + 1 {1527}
[TEST] {668} tested=2/2 | kept=0 | rest=4368
[WARN] batch start failed | size=4 {752} | split=2 {1528} + 2 {1529}
[WARN] batch start failed | size=4 {753} | split=2 {1530} + 2 {1531}
[WARN] batch start failed | size=4 {754} | split=2 {1532} + 2 {1533}
[WARN] batch start failed | size=3 {755} | split=2 {1534} + 1 {1535}
[WARN] batch start failed | size=15 {757} | split=8 {1536} + 7 {1537}
[WARN] batch start failed | size=15 {756} | split=8 {1538} + 7 {1539}
[WARN] batch start failed | size=8 {758} | split=4 {1540} + 4 {1541}
[WARN] batch start failed | size=7 {759} | split=4 {1542} + 3 {1543}
[WARN] batch start failed | size=7 {761} | split=4 {1544} + 3 {1545}
[WARN] batch start failed | size=8 {760} | split=4 {1546} + 4 {1547}
[WARN] batch start failed | size=7 {763} | split=4 {1548} + 3 {1549}
[WARN] batch start failed | size=8 {762} | split=4 {1550} + 4 {1551}
[WARN] batch start failed | size=7 {765} | split=4 {1552} + 3 {1553}
[WARN] batch start failed | size=8 {764} | split=4 {1554} + 4 {1555}
[WARN] batch start failed | size=8 {766} | split=4 {1556} + 4 {1557}
[WARN] batch start failed | size=7 {767} | split=4 {1558} + 3 {1559}
[WARN] batch start failed | size=8 {768} | split=4 {1560} + 4 {1561}
[WARN] batch start failed | size=8 {769} | split=4 {1562} + 4 {1563}
[WARN] batch start failed | size=7 {771} | split=4 {1564} + 3 {1565}
[WARN] batch start failed | size=8 {770} | split=4 {1566} + 4 {1567}
[WARN] batch start failed | size=4 {772} | split=2 {1568} + 2 {1569}
[WARN] batch start failed | size=3 {773} | split=2 {1570} + 1 {1571}
[WARN] batch start failed | size=4 {774} | split=2 {1572} + 2 {1573}
[WARN] batch start failed | size=4 {775} | split=2 {1574} + 2 {1575}
[WARN] batch start failed | size=8 {776} | split=4 {1576} + 4 {1577}
[WARN] batch start failed | size=8 {777} | split=4 {1578} + 4 {1579}
[WARN] batch start failed | size=8 {778} | split=4 {1580} + 4 {1581}
[WARN] batch start failed | size=7 {779} | split=4 {1582} + 3 {1583}
[WARN] batch start failed | size=8 {780} | split=4 {1584} + 4 {1585}
[WARN] batch start failed | size=7 {781} | split=4 {1586} + 3 {1587}
[WARN] batch start failed | size=8 {782} | split=4 {1588} + 4 {1589}
[WARN] batch start failed | size=7 {783} | split=4 {1590} + 3 {1591}
[WARN] batch start failed | size=8 {784} | split=4 {1592} + 4 {1593}
[WARN] batch start failed | size=7 {785} | split=4 {1594} + 3 {1595}
[WARN] batch start failed | size=7 {787} | split=4 {1596} + 3 {1597}
[WARN] batch start failed | size=8 {786} | split=4 {1598} + 4 {1599}
[WARN] batch start failed | size=8 {788} | split=4 {1600} + 4 {1601}
[WARN] batch start failed | size=7 {789} | split=4 {1602} + 3 {1603}
[WARN] batch start failed | size=8 {791} | split=4 {1604} + 4 {1605}
[WARN] batch start failed | size=8 {790} | split=4 {1606} + 4 {1607}
[WARN] batch start failed | size=8 {792} | split=4 {1608} + 4 {1609}
[WARN] batch start failed | size=7 {795} | split=4 {1610} + 3 {1611}
[WARN] batch start failed | size=8 {796} | split=4 {1612} + 4 {1613}
[WARN] batch start failed | size=7 {793} | split=4 {1614} + 3 {1615}
[WARN] batch start failed | size=8 {794} | split=4 {1616} + 4 {1617}
[WARN] batch start failed | size=8 {797} | split=4 {1618} + 4 {1619}
[WARN] batch start failed | size=8 {798} | split=4 {1620} + 4 {1621}
[WARN] batch start failed | size=4 {1610} | split=2 {1622} + 2 {1623}
[WARN] batch start failed | size=7 {799} | split=4 {1624} + 3 {1625}
[WARN] batch start failed | size=3 {1611} | split=2 {1626} + 1 {1627}
[WARN] batch start failed | size=7 {803} | split=4 {1628} + 3 {1629}
[WARN] batch start failed | size=8 {802} | split=4 {1630} + 4 {1631}
[WARN] batch start failed | size=4 {1620} | split=2 {1632} + 2 {1633}
[WARN] batch start failed | size=8 {805} | split=4 {1634} + 4 {1635}
[WARN] batch start failed | size=4 {1621} | split=2 {1636} + 2 {1637}
[WARN] batch start failed | size=7 {807} | split=4 {1638} + 3 {1639}
[WARN] batch start failed | size=8 {808} | split=4 {1640} + 4 {1641}
[WARN] batch start failed | size=7 {809} | split=4 {1642} + 3 {1643}
[WARN] batch start failed | size=8 {810} | split=4 {1644} + 4 {1645}
[WARN] batch start failed | size=7 {811} | split=4 {1646} + 3 {1647}
[WARN] batch start failed | size=4 {1644} | split=2 {1648} + 2 {1649}
[WARN] batch start failed | size=4 {812} | split=2 {1650} + 2 {1651}
[WARN] batch start failed | size=4 {813} | split=2 {1652} + 2 {1653}
[WARN] batch start failed | size=4 {814} | split=2 {1654} + 2 {1655}
[WARN] batch start failed | size=4 {815} | split=2 {1656} + 2 {1657}
[WARN] batch start failed | size=4 {816} | split=2 {1658} + 2 {1659}
[WARN] batch start failed | size=4 {817} | split=2 {1660} + 2 {1661}
[WARN] batch start failed | size=4 {818} | split=2 {1662} + 2 {1663}
[WARN] batch start failed | size=3 {819} | split=2 {1664} + 1 {1665}
[WARN] batch start failed | size=4 {820} | split=2 {1666} + 2 {1667}
[WARN] batch start failed | size=4 {821} | split=2 {1668} + 2 {1669}
[WARN] batch start failed | size=4 {822} | split=2 {1670} + 2 {1671}
[WARN] batch start failed | size=3 {823} | split=2 {1672} + 1 {1673}
[WARN] batch start failed | size=4 {825} | split=2 {1674} + 2 {1675}
[WARN] batch start failed | size=4 {824} | split=2 {1676} + 2 {1677}
[WARN] batch start failed | size=4 {826} | split=2 {1678} + 2 {1679}
[WARN] batch start failed | size=3 {827} | split=2 {1680} + 1 {1681}
[WARN] batch start failed | size=2 {828} | split=1 {1682} + 1 {1683}
[WARN] batch start failed | size=2 {829} | split=1 {1684} + 1 {1685}
[WARN] batch start failed | size=2 {831} | split=1 {1686} + 1 {1687}
[WARN] batch start failed | size=2 {832} | split=1 {1688} + 1 {1689}
[WARN] batch start failed | size=2 {833} | split=1 {1690} + 1 {1691}
[WARN] batch start failed | size=2 {835} | split=1 {1692} + 1 {1693}
[TEST] {830} tested=2/2 | kept=0 | rest=4366
[WARN] batch start failed | size=2 {834} | split=1 {1694} + 1 {1695}
[WARN] batch start failed | size=2 {836} | split=1 {1696} + 1 {1697}
[WARN] batch start failed | size=2 {839} | split=1 {1698} + 1 {1699}
[WARN] batch start failed | size=2 {838} | split=1 {1700} + 1 {1701}
[WARN] batch start failed | size=2 {840} | split=1 {1702} + 1 {1703}
[TEST] {837} tested=2/2 | kept=0 | rest=4364
[WARN] batch start failed | size=2 {841} | split=1 {1704} + 1 {1705}
[WARN] batch start failed | size=2 {842} | split=1 {1706} + 1 {1707}
[WARN] batch start failed | size=2 {844} | split=1 {1708} + 1 {1709}
[WARN] batch start failed | size=2 {845} | split=1 {1710} + 1 {1711}
[WARN] batch start failed | size=2 {847} | split=1 {1712} + 1 {1713}
[WARN] batch start failed | size=2 {846} | split=1 {1714} + 1 {1715}
[WARN] batch start failed | size=2 {848} | split=1 {1716} + 1 {1717}
[WARN] batch start failed | size=2 {849} | split=1 {1718} + 1 {1719}
[WARN] batch start failed | size=2 {850} | split=1 {1720} + 1 {1721}
[WARN] batch start failed | size=2 {852} | split=1 {1722} + 1 {1723}
[TEST] {851} tested=1/1 | kept=0 | rest=4363
[WARN] batch start failed | size=2 {853} | split=1 {1724} + 1 {1725}
[WARN] batch start failed | size=2 {855} | split=1 {1726} + 1 {1727}
[WARN] batch start failed | size=2 {854} | split=1 {1728} + 1 {1729}
[TEST] {857} tested=1/1 | kept=0 | rest=4362
[WARN] batch start failed | size=2 {856} | split=1 {1730} + 1 {1731}
[WARN] batch start failed | size=2 {858} | split=1 {1732} + 1 {1733}
[TEST] {859} tested=2/2 | kept=0 | rest=4360
[TEST] {843} tested=1/1 | kept=0 | rest=4359
[WARN] batch start failed | size=15 {860} | split=8 {1734} + 7 {1735}
[WARN] batch start failed | size=15 {861} | split=8 {1736} + 7 {1737}
[WARN] batch start failed | size=16 {862} | split=8 {1738} + 8 {1739}
[WARN] batch start failed | size=15 {863} | split=8 {1740} + 7 {1741}
[WARN] batch start failed | size=15 {865} | split=8 {1742} + 7 {1743}
[WARN] batch start failed | size=16 {864} | split=8 {1744} + 8 {1745}
[WARN] batch start failed | size=15 {866} | split=8 {1746} + 7 {1747}
[WARN] batch start failed | size=15 {867} | split=8 {1748} + 7 {1749}
[WARN] batch start failed | size=7 {869} | split=4 {1750} + 3 {1751}
[WARN] batch start failed | size=8 {868} | split=4 {1752} + 4 {1753}
[WARN] batch start failed | size=8 {870} | split=4 {1754} + 4 {1755}
[WARN] batch start failed | size=7 {871} | split=4 {1756} + 3 {1757}
[WARN] batch start failed | size=8 {872} | split=4 {1758} + 4 {1759}
[WARN] batch start failed | size=8 {873} | split=4 {1760} + 4 {1761}
[WARN] batch start failed | size=8 {874} | split=4 {1762} + 4 {1763}
[WARN] batch start failed | size=7 {875} | split=4 {1764} + 3 {1765}
[WARN] batch start failed | size=8 {876} | split=4 {1766} + 4 {1767}
[WARN] batch start failed | size=8 {877} | split=4 {1768} + 4 {1769}
[WARN] batch start failed | size=8 {878} | split=4 {1770} + 4 {1771}
[WARN] batch start failed | size=7 {879} | split=4 {1772} + 3 {1773}
[WARN] batch start failed | size=8 {880} | split=4 {1774} + 4 {1775}
[WARN] batch start failed | size=8 {882} | split=4 {1776} + 4 {1777}
[WARN] batch start failed | size=7 {883} | split=4 {1778} + 3 {1779}
[WARN] batch start failed | size=31 {884} | split=16 {1780} + 15 {1781}
[WARN] batch start failed | size=30 {885} | split=15 {1782} + 15 {1783}
[WARN] batch start failed | size=31 {888} | split=16 {1784} + 15 {1785}
[WARN] batch start failed | size=3 {887} | split=2 {1786} + 1 {1787}
[WARN] batch start failed | size=30 {889} | split=15 {1788} + 15 {1789}
[WARN] batch start failed | size=2 {890} | split=1 {1790} + 1 {1791}
[WARN] batch start failed | size=15 {1788} | split=8 {1792} + 7 {1793}
[WARN] batch start failed | size=2 {891} | split=1 {1794} + 1 {1795}
[WARN] batch start failed | size=8 {1792} | split=4 {1796} + 4 {1797}
[WARN] batch start failed | size=15 {893} | split=8 {1798} + 7 {1799}
[WARN] batch start failed | size=8 {894} | split=4 {1800} + 4 {1801}
[WARN] batch start failed | size=8 {896} | split=4 {1802} + 4 {1803}
[WARN] batch start failed | size=7 {897} | split=4 {1804} + 3 {1805}
[WARN] batch start failed | size=7 {899} | split=4 {1806} + 3 {1807}
[WARN] batch start failed | size=8 {898} | split=4 {1808} + 4 {1809}
[WARN] batch start failed | size=7 {901} | split=4 {1810} + 3 {1811}
[WARN] batch start failed | size=8 {900} | split=4 {1812} + 4 {1813}
[WARN] batch start failed | size=8 {902} | split=4 {1814} + 4 {1815}
[WARN] batch start failed | size=8 {903} | split=4 {1816} + 4 {1817}
[WARN] batch start failed | size=7 {905} | split=4 {1818} + 3 {1819}
[WARN] batch start failed | size=8 {904} | split=4 {1820} + 4 {1821}
[WARN] batch start failed | size=8 {906} | split=4 {1822} + 4 {1823}
[WARN] batch start failed | size=8 {907} | split=4 {1824} + 4 {1825}
[WARN] batch start failed | size=7 {909} | split=4 {1826} + 3 {1827}
[WARN] batch start failed | size=8 {908} | split=4 {1828} + 4 {1829}
[WARN] batch start failed | size=8 {910} | split=4 {1830} + 4 {1831}
[WARN] batch start failed | size=7 {911} | split=4 {1832} + 3 {1833}
[WARN] batch start failed | size=8 {912} | split=4 {1834} + 4 {1835}
[WARN] batch start failed | size=8 {913} | split=4 {1836} + 4 {1837}
[WARN] batch start failed | size=8 {914} | split=4 {1838} + 4 {1839}
[WARN] batch start failed | size=7 {915} | split=4 {1840} + 3 {1841}
[WARN] batch start failed | size=15 {916} | split=8 {1842} + 7 {1843}
[WARN] batch start failed | size=15 {917} | split=8 {1844} + 7 {1845}
[WARN] batch start failed | size=8 {918} | split=4 {1846} + 4 {1847}
[WARN] batch start failed | size=7 {919} | split=4 {1848} + 3 {1849}
[WARN] batch start failed | size=8 {920} | split=4 {1850} + 4 {1851}
[WARN] batch start failed | size=7 {921} | split=4 {1852} + 3 {1853}
[WARN] batch start failed | size=8 {922} | split=4 {1854} + 4 {1855}
[WARN] batch start failed | size=7 {923} | split=4 {1856} + 3 {1857}
[WARN] batch start failed | size=8 {924} | split=4 {1858} + 4 {1859}
[WARN] batch start failed | size=7 {925} | split=4 {1860} + 3 {1861}
[WARN] batch start failed | size=8 {926} | split=4 {1862} + 4 {1863}
[WARN] batch start failed | size=7 {927} | split=4 {1864} + 3 {1865}
[WARN] batch start failed | size=8 {928} | split=4 {1866} + 4 {1867}
[WARN] batch start failed | size=7 {929} | split=4 {1868} + 3 {1869}
[WARN] batch start failed | size=4 {930} | split=2 {1870} + 2 {1871}
[WARN] batch start failed | size=4 {931} | split=2 {1872} + 2 {1873}
[WARN] batch start failed | size=4 {932} | split=2 {1874} + 2 {1875}
[WARN] batch start failed | size=3 {933} | split=2 {1876} + 1 {1877}
[WARN] batch start failed | size=16 {934} | split=8 {1878} + 8 {1879}
[WARN] batch start failed | size=15 {935} | split=8 {1880} + 7 {1881}
[WARN] batch start failed | size=8 {936} | split=4 {1882} + 4 {1883}
[WARN] batch start failed | size=7 {937} | split=4 {1884} + 3 {1885}
[WARN] batch start failed | size=8 {938} | split=4 {1886} + 4 {1887}
[WARN] batch start failed | size=7 {939} | split=4 {1888} + 3 {1889}
[WARN] batch start failed | size=8 {940} | split=4 {1890} + 4 {1891}
[WARN] batch start failed | size=8 {941} | split=4 {1892} + 4 {1893}
[WARN] batch start failed | size=8 {942} | split=4 {1894} + 4 {1895}
[WARN] batch start failed | size=7 {943} | split=4 {1896} + 3 {1897}
[WARN] batch start failed | size=8 {944} | split=4 {1898} + 4 {1899}
[WARN] batch start failed | size=7 {945} | split=4 {1900} + 3 {1901}
[WARN] batch start failed | size=8 {946} | split=4 {1902} + 4 {1903}
[WARN] batch start failed | size=8 {947} | split=4 {1904} + 4 {1905}
[WARN] batch start failed | size=8 {948} | split=4 {1906} + 4 {1907}
[WARN] batch start failed | size=7 {949} | split=4 {1908} + 3 {1909}
[WARN] batch start failed | size=15 {951} | split=8 {1910} + 7 {1911}
[WARN] batch start failed | size=15 {950} | split=8 {1912} + 7 {1913}
[WARN] batch start failed | size=7 {953} | split=4 {1914} + 3 {1915}
[WARN] batch start failed | size=8 {952} | split=4 {1916} + 4 {1917}
[WARN] batch start failed | size=4 {955} | split=2 {1918} + 2 {1919}
[WARN] batch start failed | size=4 {954} | split=2 {1920} + 2 {1921}
[WARN] batch start failed | size=4 {956} | split=2 {1922} + 2 {1923}
[WARN] batch start failed | size=3 {957} | split=2 {1924} + 1 {1925}
[WARN] batch start failed | size=8 {958} | split=4 {1926} + 4 {1927}
[WARN] batch start failed | size=7 {959} | split=4 {1928} + 3 {1929}
[WARN] batch start failed | size=8 {960} | split=4 {1930} + 4 {1931}
[WARN] batch start failed | size=7 {961} | split=4 {1932} + 3 {1933}
[WARN] batch start failed | size=15 {963} | split=8 {1934} + 7 {1935}
[WARN] batch start failed | size=15 {962} | split=8 {1936} + 7 {1937}
[WARN] batch start failed | size=4 {964} | split=2 {1938} + 2 {1939}
[WARN] batch start failed | size=3 {965} | split=2 {1940} + 1 {1941}
[WARN] batch start failed | size=8 {966} | split=4 {1942} + 4 {1943}
[WARN] batch start failed | size=7 {967} | split=4 {1944} + 3 {1945}
[WARN] batch start failed | size=8 {968} | split=4 {1946} + 4 {1947}
[WARN] batch start failed | size=7 {969} | split=4 {1948} + 3 {1949}
[WARN] batch start failed | size=15 {970} | split=8 {1950} + 7 {1951}
[WARN] batch start failed | size=15 {971} | split=8 {1952} + 7 {1953}
[WARN] batch start failed | size=8 {972} | split=4 {1954} + 4 {1955}
[WARN] batch start failed | size=7 {973} | split=4 {1956} + 3 {1957}
[WARN] batch start failed | size=2 {974} | split=1 {1958} + 1 {1959}
[WARN] batch start failed | size=2 {975} | split=1 {1960} + 1 {1961}
[WARN] batch start failed | size=2 {977} | split=1 {1962} + 1 {1963}
[WARN] batch start failed | size=2 {976} | split=1 {1964} + 1 {1965}
[WARN] batch start failed | size=8 {978} | split=4 {1966} + 4 {1967}
[WARN] batch start failed | size=7 {979} | split=4 {1968} + 3 {1969}
[WARN] batch start failed | size=8 {980} | split=4 {1970} + 4 {1971}
[WARN] batch start failed | size=7 {981} | split=4 {1972} + 3 {1973}
[WARN] batch start failed | size=4 {982} | split=2 {1974} + 2 {1975}
[WARN] batch start failed | size=4 {983} | split=2 {1976} + 2 {1977}
[WARN] batch start failed | size=16 {478} | split=8 {1978} + 8 {1979}
[WARN] batch start failed | size=4 {985} | split=2 {1980} + 2 {1981}
[WARN] batch start failed | size=8 {986} | split=4 {1982} + 4 {1983}
[WARN] batch start failed | size=7 {987} | split=4 {1984} + 3 {1985}
[WARN] batch start failed | size=8 {988} | split=4 {1986} + 4 {1987}
[WARN] batch start failed | size=7 {989} | split=4 {1988} + 3 {1989}
[WARN] batch start failed | size=2 {991} | split=1 {1990} + 1 {1991}
[WARN] batch start failed | size=2 {990} | split=1 {1992} + 1 {1993}
[WARN] batch start failed | size=8 {992} | split=4 {1994} + 4 {1995}
[WARN] batch start failed | size=7 {993} | split=4 {1996} + 3 {1997}
[WARN] batch start failed | size=8 {994} | split=4 {1998} + 4 {1999}
[WARN] batch start failed | size=8 {995} | split=4 {2000} + 4 {2001}
[WARN] batch start failed | size=8 {996} | split=4 {2002} + 4 {2003}
[WARN] batch start failed | size=7 {997} | split=4 {2004} + 3 {2005}
[WARN] batch start failed | size=8 {998} | split=4 {2006} + 4 {2007}
[WARN] batch start failed | size=7 {999} | split=4 {2008} + 3 {2009}
[WARN] batch start failed | size=8 {1000} | split=4 {2010} + 4 {2011}
[WARN] batch start failed | size=7 {1001} | split=4 {2012} + 3 {2013}
[WARN] batch start failed | size=8 {1002} | split=4 {2014} + 4 {2015}
[WARN] batch start failed | size=8 {1003} | split=4 {2016} + 4 {2017}
[WARN] batch start failed | size=8 {1004} | split=4 {2018} + 4 {2019}
[WARN] batch start failed | size=7 {1005} | split=4 {2020} + 3 {2021}
[WARN] batch start failed | size=7 {1007} | split=4 {2022} + 3 {2023}
[WARN] batch start failed | size=8 {1006} | split=4 {2024} + 4 {2025}
[WARN] batch start failed | size=8 {1008} | split=4 {2026} + 4 {2027}
[WARN] batch start failed | size=7 {1009} | split=4 {2028} + 3 {2029}
[WARN] batch start failed | size=8 {1010} | split=4 {2030} + 4 {2031}
[WARN] batch start failed | size=8 {1011} | split=4 {2032} + 4 {2033}
[WARN] batch start failed | size=8 {1012} | split=4 {2034} + 4 {2035}
[WARN] batch start failed | size=7 {1013} | split=4 {2036} + 3 {2037}
[WARN] batch start failed | size=8 {1014} | split=4 {2038} + 4 {2039}
[WARN] batch start failed | size=7 {1015} | split=4 {2040} + 3 {2041}
[WARN] batch start failed | size=8 {1016} | split=4 {2042} + 4 {2043}
[WARN] batch start failed | size=7 {1017} | split=4 {2044} + 3 {2045}
[WARN] batch start failed | size=8 {1018} | split=4 {2046} + 4 {2047}
[WARN] batch start failed | size=8 {1019} | split=4 {2048} + 4 {2049}
[WARN] batch start failed | size=8 {1020} | split=4 {2050} + 4 {2051}
[WARN] batch start failed | size=7 {1021} | split=4 {2052} + 3 {2053}
[WARN] batch start failed | size=8 {1022} | split=4 {2054} + 4 {2055}
[WARN] batch start failed | size=7 {1023} | split=4 {2056} + 3 {2057}
[WARN] batch start failed | size=7 {1025} | split=4 {2058} + 3 {2059}
[WARN] batch start failed | size=8 {1024} | split=4 {2060} + 4 {2061}
[WARN] batch start failed | size=8 {1026} | split=4 {2062} + 4 {2063}
[WARN] batch start failed | size=8 {1027} | split=4 {2064} + 4 {2065}
[WARN] batch start failed | size=8 {1028} | split=4 {2066} + 4 {2067}
[WARN] batch start failed | size=7 {1029} | split=4 {2068} + 3 {2069}
[WARN] batch start failed | size=8 {1030} | split=4 {2070} + 4 {2071}
[WARN] batch start failed | size=7 {1031} | split=4 {2072} + 3 {2073}
[WARN] batch start failed | size=8 {1032} | split=4 {2074} + 4 {2075}
[WARN] batch start failed | size=7 {1033} | split=4 {2076} + 3 {2077}
[WARN] batch start failed | size=8 {1034} | split=4 {2078} + 4 {2079}
[WARN] batch start failed | size=7 {1035} | split=4 {2080} + 3 {2081}
[WARN] batch start failed | size=8 {1036} | split=4 {2082} + 4 {2083}
[WARN] batch start failed | size=7 {1037} | split=4 {2084} + 3 {2085}
[WARN] batch start failed | size=8 {1038} | split=4 {2086} + 4 {2087}
[WARN] batch start failed | size=8 {1039} | split=4 {2088} + 4 {2089}
[WARN] batch start failed | size=8 {1040} | split=4 {2090} + 4 {2091}
[WARN] batch start failed | size=7 {1041} | split=4 {2092} + 3 {2093}
[WARN] batch start failed | size=4 {1042} | split=2 {2094} + 2 {2095}
[WARN] batch start failed | size=4 {1043} | split=2 {2096} + 2 {2097}
[WARN] batch start failed | size=4 {1044} | split=2 {2098} + 2 {2099}
[WARN] batch start failed | size=3 {1045} | split=2 {2100} + 1 {2101}
[WARN] batch start failed | size=4 {1046} | split=2 {2102} + 2 {2103}
[WARN] batch start failed | size=4 {1047} | split=2 {2104} + 2 {2105}
[WARN] batch start failed | size=4 {1048} | split=2 {2106} + 2 {2107}
[WARN] batch start failed | size=3 {1049} | split=2 {2108} + 1 {2109}
[WARN] batch start failed | size=15 {1050} | split=8 {2110} + 7 {2111}
[WARN] batch start failed | size=15 {1051} | split=8 {2112} + 7 {2113}
[WARN] batch start failed | size=15 {1053} | split=8 {2114} + 7 {2115}
[WARN] batch start failed | size=16 {1052} | split=8 {2116} + 8 {2117}
[WARN] batch start failed | size=16 {1054} | split=8 {2118} + 8 {2119}
[WARN] batch start failed | size=15 {1055} | split=8 {2120} + 7 {2121}
[WARN] batch start failed | size=15 {1056} | split=8 {2122} + 7 {2123}
[WARN] batch start failed | size=15 {1057} | split=8 {2124} + 7 {2125}
[WARN] batch start failed | size=8 {1058} | split=4 {2126} + 4 {2127}
[WARN] batch start failed | size=8 {2124} | split=4 {2128} + 4 {2129}
[WARN] batch start failed | size=8 {1060} | split=4 {2130} + 4 {2131}
[WARN] batch start failed | size=16 {516} | split=8 {2132} + 8 {2133}
[WARN] batch start failed | size=15 {521} | split=8 {2134} + 7 {2135}
[WARN] batch start failed | size=4 {1064} | split=2 {2136} + 2 {2137}
[WARN] batch start failed | size=7 {1063} | split=4 {2138} + 3 {2139}
[WARN] batch start failed | size=3 {1065} | split=2 {2140} + 1 {2141}
[WARN] batch start failed | size=8 {1066} | split=4 {2142} + 4 {2143}
[WARN] batch start failed | size=7 {1067} | split=4 {2144} + 3 {2145}
[WARN] batch start failed | size=7 {1069} | split=4 {2146} + 3 {2147}
[WARN] batch start failed | size=8 {1068} | split=4 {2148} + 4 {2149}
[WARN] batch start failed | size=8 {1070} | split=4 {2150} + 4 {2151}
[WARN] batch start failed | size=8 {1071} | split=4 {2152} + 4 {2153}
[WARN] batch start failed | size=8 {1072} | split=4 {2154} + 4 {2155}
[WARN] batch start failed | size=16 {526} | split=8 {2156} + 8 {2157}
[WARN] batch start failed | size=4 {1076} | split=2 {2158} + 2 {2159}
[WARN] batch start failed | size=7 {1073} | split=4 {2160} + 3 {2161}
[WARN] batch start failed | size=7 {1075} | split=4 {2162} + 3 {2163}
[WARN] batch start failed | size=4 {1077} | split=2 {2164} + 2 {2165}
[WARN] batch start failed | size=8 {1078} | split=4 {2166} + 4 {2167}
[WARN] batch start failed | size=15 {529} | split=8 {2168} + 7 {2169}
[WARN] batch start failed | size=8 {1080} | split=4 {2170} + 4 {2171}
[WARN] batch start failed | size=7 {1081} | split=4 {2172} + 3 {2173}
[WARN] batch start failed | size=8 {1082} | split=4 {2174} + 4 {2175}
[WARN] batch start failed | size=7 {1085} | split=4 {2176} + 3 {2177}
[WARN] batch start failed | size=4 {1087} | split=2 {2178} + 2 {2179}
[WARN] batch start failed | size=8 {531} | split=4 {2180} + 4 {2181}
[WARN] batch start failed | size=7 {1083} | split=4 {2182} + 3 {2183}
[WARN] batch start failed | size=4 {1086} | split=2 {2184} + 2 {2185}
[WARN] batch start failed | size=8 {1088} | split=4 {2186} + 4 {2187}
[WARN] batch start failed | size=7 {1089} | split=4 {2188} + 3 {2189}
[WARN] batch start failed | size=4 {1090} | split=2 {2190} + 2 {2191}
[WARN] batch start failed | size=4 {1091} | split=2 {2192} + 2 {2193}
[WARN] batch start failed | size=8 {1092} | split=4 {2194} + 4 {2195}
[WARN] batch start failed | size=7 {1095} | split=4 {2196} + 3 {2197}
[WARN] batch start failed | size=4 {536} | split=2 {2198} + 2 {2199}
[WARN] batch start failed | size=8 {1094} | split=4 {2200} + 4 {2201}
[WARN] batch start failed | size=4 {1097} | split=2 {2202} + 2 {2203}
[WARN] batch start failed | size=4 {1096} | split=2 {2204} + 2 {2205}
[WARN] batch start failed | size=3 {1101} | split=2 {2206} + 1 {2207}
[WARN] batch start failed | size=8 {539} | split=4 {2208} + 4 {2209}
[WARN] batch start failed | size=4 {1100} | split=2 {2210} + 2 {2211}
[WARN] batch start failed | size=4 {1099} | split=2 {2212} + 2 {2213}
[WARN] batch start failed | size=4 {1102} | split=2 {2214} + 2 {2215}
[WARN] batch start failed | size=4 {540} | split=2 {2216} + 2 {2217}
[WARN] batch start failed | size=3 {1103} | split=2 {2218} + 1 {2219}
[WARN] batch start failed | size=4 {1106} | split=2 {2220} + 2 {2221}
[WARN] batch start failed | size=3 {1105} | split=2 {2222} + 1 {2223}
[WARN] batch start failed | size=4 {1107} | split=2 {2224} + 2 {2225}
[WARN] batch start failed | size=15 {542} | split=8 {2226} + 7 {2227}
[WARN] batch start failed | size=15 {543} | split=8 {2228} + 7 {2229}
[WARN] batch start failed | size=2 {1111} | split=1 {2230} + 1 {2231}
[WARN] batch start failed | size=2 {1110} | split=1 {2232} + 1 {2233}
[WARN] batch start failed | size=15 {546} | split=8 {2234} + 7 {2235}
[WARN] batch start failed | size=2 {1115} | split=1 {2236} + 1 {2237}
[WARN] batch start failed | size=2 {1116} | split=1 {2238} + 1 {2239}
[WARN] batch start failed | size=2 {1117} | split=1 {2240} + 1 {2241}
[WARN] batch start failed | size=4 {548} | split=2 {2242} + 2 {2243}
[WARN] batch start failed | size=15 {550} | split=8 {2244} + 7 {2245}
[TEST] {1113} tested=2/2 | kept=0 | rest=4356
[WARN] batch start failed | size=7 {1123} | split=4 {2246} + 3 {2247}
[WARN] batch start failed | size=8 {1124} | split=4 {2248} + 4 {2249}
[TEST] {1121} tested=1/1 | kept=0 | rest=4355
[WARN] batch start failed | size=7 {1125} | split=4 {2250} + 3 {2251}
[WARN] batch start failed | size=2 {1126} | split=1 {2252} + 1 {2253}
[WARN] batch start failed | size=2 {1127} | split=1 {2254} + 1 {2255}
[TEST] {1120} tested=1/1 | kept=0 | rest=4354
[WARN] batch start failed | size=7 {1129} | split=4 {2256} + 3 {2257}
[WARN] batch start failed | size=8 {1128} | split=4 {2258} + 4 {2259}
[WARN] batch start failed | size=4 {1130} | split=2 {2260} + 2 {2261}
[WARN] batch start failed | size=4 {1131} | split=2 {2262} + 2 {2263}
[WARN] batch start failed | size=4 {2258} | split=2 {2264} + 2 {2265}
[WARN] batch start failed | size=4 {1136} | split=2 {2266} + 2 {2267}
[TEST] {1134} tested=1/1 | kept=0 | rest=4353
[WARN] batch start failed | size=4 {1137} | split=2 {2268} + 2 {2269}
[WARN] batch start failed | size=3 {1139} | split=2 {2270} + 1 {2271}
[WARN] batch start failed | size=4 {1138} | split=2 {2272} + 2 {2273}
[WARN] batch start failed | size=2 {1140} | split=1 {2274} + 1 {2275}
[TEST] {1133} tested=1/1 | kept=0 | rest=4352
[WARN] batch start failed | size=2 {1141} | split=1 {2276} + 1 {2277}
[WARN] batch start failed | size=2 {1142} | split=1 {2278} + 1 {2279}
[TEST] {1119} tested=1/1 | kept=0 | rest=4351
[WARN] batch start failed | size=2 {1145} | split=1 {2280} + 1 {2281}
[TEST] {1143} tested=2/2 | kept=0 | rest=4349
[WARN] batch start failed | size=2 {1144} | split=1 {2282} + 1 {2283}
[WARN] batch start failed | size=2 {1146} | split=1 {2284} + 1 {2285}
[WARN] batch start failed | size=2 {1148} | split=1 {2286} + 1 {2287}
[WARN] batch start failed | size=2 {1149} | split=1 {2288} + 1 {2289}
[WARN] batch start failed | size=2 {1150} | split=1 {2290} + 1 {2291}
[TEST] {1132} tested=1/1 | kept=0 | rest=4348
[WARN] batch start failed | size=2 {1151} | split=1 {2292} + 1 {2293}
[WARN] batch start failed | size=2 {1152} | split=1 {2294} + 1 {2295}
[WARN] batch start failed | size=2 {1153} | split=1 {2296} + 1 {2297}
[WARN] batch start failed | size=2 {1154} | split=1 {2298} + 1 {2299}
[TEST] {1155} tested=1/1 | kept=0 | rest=4347
[WARN] batch start failed | size=8 {1156} | split=4 {2300} + 4 {2301}
[WARN] batch start failed | size=7 {1157} | split=4 {2302} + 3 {2303}
[WARN] batch start failed | size=8 {1158} | split=4 {2304} + 4 {2305}
[WARN] batch start failed | size=8 {1159} | split=4 {2306} + 4 {2307}
[WARN] batch start failed | size=8 {1160} | split=4 {2308} + 4 {2309}
[WARN] batch start failed | size=7 {1161} | split=4 {2310} + 3 {2311}
[WARN] batch start failed | size=8 {1162} | split=4 {2312} + 4 {2313}
[WARN] batch start failed | size=7 {1163} | split=4 {2314} + 3 {2315}
[WARN] batch start failed | size=8 {1164} | split=4 {2316} + 4 {2317}
[WARN] batch start failed | size=7 {1165} | split=4 {2318} + 3 {2319}
[WARN] batch start failed | size=15 {574} | split=8 {2320} + 7 {2321}
[WARN] batch start failed | size=7 {1167} | split=4 {2322} + 3 {2323}
[WARN] batch start failed | size=7 {1169} | split=4 {2324} + 3 {2325}
[WARN] batch start failed | size=8 {1168} | split=4 {2326} + 4 {2327}
[WARN] batch start failed | size=8 {1170} | split=4 {2328} + 4 {2329}
[WARN] batch start failed | size=7 {1171} | split=4 {2330} + 3 {2331}
[WARN] batch start failed | size=8 {1172} | split=4 {2332} + 4 {2333}
[WARN] batch start failed | size=8 {1173} | split=4 {2334} + 4 {2335}
[WARN] batch start failed | size=8 {1174} | split=4 {2336} + 4 {2337}
[WARN] batch start failed | size=7 {1175} | split=4 {2338} + 3 {2339}
[WARN] batch start failed | size=4 {1176} | split=2 {2340} + 2 {2341}
[WARN] batch start failed | size=15 {580} | split=8 {2342} + 7 {2343}
[WARN] batch start failed | size=8 {1178} | split=4 {2344} + 4 {2345}
[WARN] batch start failed | size=7 {1179} | split=4 {2346} + 3 {2347}
[WARN] batch start failed | size=7 {1181} | split=4 {2348} + 3 {2349}
[WARN] batch start failed | size=8 {1180} | split=4 {2350} + 4 {2351}
[WARN] batch start failed | size=7 {1183} | split=4 {2352} + 3 {2353}
[WARN] batch start failed | size=8 {1182} | split=4 {2354} + 4 {2355}
[WARN] batch start failed | size=8 {1184} | split=4 {2356} + 4 {2357}
[WARN] batch start failed | size=7 {1185} | split=4 {2358} + 3 {2359}
[WARN] batch start failed | size=15 {585} | split=8 {2360} + 7 {2361}
[WARN] batch start failed | size=7 {1187} | split=4 {2362} + 3 {2363}
[WARN] batch start failed | size=2 {1188} | split=1 {2364} + 1 {2365}
[WARN] batch start failed | size=2 {1189} | split=1 {2366} + 1 {2367}
[WARN] batch start failed | size=8 {1190} | split=4 {2368} + 4 {2369}
[WARN] batch start failed | size=7 {1191} | split=4 {2370} + 3 {2371}
[WARN] batch start failed | size=8 {1193} | split=4 {2372} + 4 {2373}
[WARN] batch start failed | size=8 {1192} | split=4 {2374} + 4 {2375}
[WARN] batch start failed | size=8 {1194} | split=4 {2376} + 4 {2377}
[WARN] batch start failed | size=7 {1195} | split=4 {2378} + 3 {2379}
[WARN] batch start failed | size=8 {1196} | split=4 {2380} + 4 {2381}
[WARN] batch start failed | size=7 {1197} | split=4 {2382} + 3 {2383}
[WARN] batch start failed | size=4 {1198} | split=2 {2384} + 2 {2385}
[WARN] batch start failed | size=4 {1199} | split=2 {2386} + 2 {2387}
[WARN] batch start failed | size=8 {1200} | split=4 {2388} + 4 {2389}
[WARN] batch start failed | size=7 {1201} | split=4 {2390} + 3 {2391}
[WARN] batch start failed | size=8 {1202} | split=4 {2392} + 4 {2393}
[WARN] batch start failed | size=7 {1203} | split=4 {2394} + 3 {2395}
[WARN] batch start failed | size=7 {1205} | split=4 {2396} + 3 {2397}
[WARN] batch start failed | size=8 {1204} | split=4 {2398} + 4 {2399}
[TEST] {1112} tested=2/2 | kept=0 | rest=4346
[WARN] batch start failed | size=7 {1207} | split=4 {2400} + 3 {2401}
[WARN] batch start failed | size=8 {1208} | split=4 {2402} + 4 {2403}
[WARN] batch start failed | size=8 {1206} | split=4 {2404} + 4 {2405}
[WARN] batch start failed | size=7 {1209} | split=4 {2406} + 3 {2407}
[WARN] batch start failed | size=8 {1210} | split=4 {2408} + 4 {2409}
[WARN] batch start failed | size=7 {1211} | split=4 {2410} + 3 {2411}
[WARN] batch start failed | size=8 {1212} | split=4 {2412} + 4 {2413}
[WARN] batch start failed | size=7 {1213} | split=4 {2414} + 3 {2415}
[WARN] batch start failed | size=8 {1214} | split=4 {2416} + 4 {2417}
[WARN] batch start failed | size=7 {1215} | split=4 {2418} + 3 {2419}
[WARN] batch start failed | size=8 {1216} | split=4 {2420} + 4 {2421}
[WARN] batch start failed | size=7 {1217} | split=4 {2422} + 3 {2423}
[WARN] batch start failed | size=8 {1218} | split=4 {2424} + 4 {2425}
[WARN] batch start failed | size=7 {1219} | split=4 {2426} + 3 {2427}
[WARN] batch start failed | size=8 {1220} | split=4 {2428} + 4 {2429}
[WARN] batch start failed | size=7 {1221} | split=4 {2430} + 3 {2431}
[WARN] batch start failed | size=7 {1223} | split=4 {2432} + 3 {2433}
[WARN] batch start failed | size=8 {1222} | split=4 {2434} + 4 {2435}
[WARN] batch start failed | size=7 {1225} | split=4 {2436} + 3 {2437}
[WARN] batch start failed | size=8 {1224} | split=4 {2438} + 4 {2439}
[WARN] batch start failed | size=7 {605} | split=4 {2440} + 3 {2441}
[WARN] batch start failed | size=8 {1226} | split=4 {2442} + 4 {2443}
[WARN] batch start failed | size=8 {1228} | split=4 {2444} + 4 {2445}
[WARN] batch start failed | size=7 {1229} | split=4 {2446} + 3 {2447}
[WARN] batch start failed | size=7 {1231} | split=4 {2448} + 3 {2449}
[WARN] batch start failed | size=8 {1230} | split=4 {2450} + 4 {2451}
[WARN] batch start failed | size=8 {1232} | split=4 {2452} + 4 {2453}
[WARN] batch start failed | size=7 {1233} | split=4 {2454} + 3 {2455}
[WARN] batch start failed | size=8 {1234} | split=4 {2456} + 4 {2457}
[WARN] batch start failed | size=8 {1235} | split=4 {2458} + 4 {2459}
[WARN] batch start failed | size=4 {1236} | split=2 {2460} + 2 {2461}
[WARN] batch start failed | size=8 {610} | split=4 {2462} + 4 {2463}
[WARN] batch start failed | size=4 {1238} | split=2 {2464} + 2 {2465}
[WARN] batch start failed | size=3 {1239} | split=2 {2466} + 1 {2467}
[WARN] batch start failed | size=4 {1240} | split=2 {2468} + 2 {2469}
[WARN] batch start failed | size=2 {2460} | split=1 {2470} + 1 {2471}
[WARN] batch start failed | size=4 {1242} | split=2 {2472} + 2 {2473}
[WARN] batch start failed | size=3 {1243} | split=2 {2474} + 1 {2475}
[WARN] batch start failed | size=4 {1244} | split=2 {2476} + 2 {2477}
[WARN] batch start failed | size=4 {1245} | split=2 {2478} + 2 {2479}
[WARN] batch start failed | size=4 {1246} | split=2 {2480} + 2 {2481}
[WARN] batch start failed | size=2 {1249} | split=1 {2482} + 1 {2483}
[WARN] batch start failed | size=2 {1248} | split=1 {2484} + 1 {2485}
[WARN] batch start failed | size=2 {2476} | split=1 {2486} + 1 {2487}
[WARN] batch start failed | size=4 {1250} | split=2 {2488} + 2 {2489}
[WARN] batch start failed | size=3 {1251} | split=2 {2490} + 1 {2491}
[WARN] batch start failed | size=4 {1253} | split=2 {2492} + 2 {2493}
[WARN] batch start failed | size=4 {1252} | split=2 {2494} + 2 {2495}
[WARN] batch start failed | size=2 {2488} | split=1 {2496} + 1 {2497}
[TEST] {1147} tested=1/1 | kept=0 | rest=4345
[WARN] batch start failed | size=4 {1255} | split=2 {2498} + 2 {2499}
[WARN] batch start failed | size=2 {2492} | split=1 {2500} + 1 {2501}
[WARN] batch start failed | size=4 {1256} | split=2 {2502} + 2 {2503}
[WARN] batch start failed | size=4 {1258} | split=2 {2504} + 2 {2505}
[WARN] batch start failed | size=3 {1259} | split=2 {2506} + 1 {2507}
[WARN] batch start failed | size=4 {1260} | split=2 {2508} + 2 {2509}
[WARN] batch start failed | size=3 {1261} | split=2 {2510} + 1 {2511}
[WARN] batch start failed | size=4 {1262} | split=2 {2512} + 2 {2513}
[WARN] batch start failed | size=4 {1264} | split=2 {2514} + 2 {2515}
[WARN] batch start failed | size=4 {1265} | split=2 {2516} + 2 {2517}
[WARN] batch start failed | size=4 {1266} | split=2 {2518} + 2 {2519}
[WARN] batch start failed | size=3 {1267} | split=2 {2520} + 1 {2521}
[WARN] batch start failed | size=4 {1268} | split=2 {2522} + 2 {2523}
[WARN] batch start failed | size=4 {1269} | split=2 {2524} + 2 {2525}
[WARN] batch start failed | size=4 {1270} | split=2 {2526} + 2 {2527}
[WARN] batch start failed | size=4 {1271} | split=2 {2528} + 2 {2529}
[WARN] batch start failed | size=4 {1272} | split=2 {2530} + 2 {2531}
[WARN] batch start failed | size=3 {1273} | split=2 {2532} + 1 {2533}
[WARN] batch start failed | size=4 {1274} | split=2 {2534} + 2 {2535}
[WARN] batch start failed | size=4 {1275} | split=2 {2536} + 2 {2537}
[WARN] batch start failed | size=4 {1276} | split=2 {2538} + 2 {2539}
[WARN] batch start failed | size=4 {1277} | split=2 {2540} + 2 {2541}
[WARN] batch start failed | size=4 {1278} | split=2 {2542} + 2 {2543}
[WARN] batch start failed | size=3 {1279} | split=2 {2544} + 1 {2545}
[WARN] batch start failed | size=4 {1280} | split=2 {2546} + 2 {2547}
[WARN] batch start failed | size=4 {1281} | split=2 {2548} + 2 {2549}
[WARN] batch start failed | size=4 {1282} | split=2 {2550} + 2 {2551}
[WARN] batch start failed | size=3 {1283} | split=2 {2552} + 1 {2553}
[WARN] batch start failed | size=4 {1285} | split=2 {2554} + 2 {2555}
[WARN] batch start failed | size=4 {1284} | split=2 {2556} + 2 {2557}
[WARN] batch start failed | size=4 {1286} | split=2 {2558} + 2 {2559}
[WARN] batch start failed | size=4 {1287} | split=2 {2560} + 2 {2561}
[WARN] batch start failed | size=4 {1288} | split=2 {2562} + 2 {2563}
[WARN] batch start failed | size=4 {1289} | split=2 {2564} + 2 {2565}
[WARN] batch start failed | size=4 {1290} | split=2 {2566} + 2 {2567}
[WARN] batch start failed | size=3 {1291} | split=2 {2568} + 1 {2569}
[WARN] batch start failed | size=4 {1292} | split=2 {2570} + 2 {2571}
[WARN] batch start failed | size=4 {1293} | split=2 {2572} + 2 {2573}
[WARN] batch start failed | size=4 {1294} | split=2 {2574} + 2 {2575}
[WARN] batch start failed | size=3 {1297} | split=2 {2576} + 1 {2577}
[WARN] batch start failed | size=4 {1295} | split=2 {2578} + 2 {2579}
[WARN] batch start failed | size=4 {1296} | split=2 {2580} + 2 {2581}
[WARN] batch start failed | size=4 {1298} | split=2 {2582} + 2 {2583}
[WARN] batch start failed | size=3 {1299} | split=2 {2584} + 1 {2585}
[WARN] batch start failed | size=4 {1301} | split=2 {2586} + 2 {2587}
[WARN] batch start failed | size=4 {1300} | split=2 {2588} + 2 {2589}
[WARN] batch start failed | size=4 {1302} | split=2 {2590} + 2 {2591}
[WARN] batch start failed | size=4 {1303} | split=2 {2592} + 2 {2593}
[WARN] batch start failed | size=4 {1305} | split=2 {2594} + 2 {2595}
[WARN] batch start failed | size=4 {1306} | split=2 {2596} + 2 {2597}
[WARN] batch start failed | size=4 {1304} | split=2 {2598} + 2 {2599}
[WARN] batch start failed | size=3 {1307} | split=2 {2600} + 1 {2601}
[WARN] batch start failed | size=4 {1308} | split=2 {2602} + 2 {2603}
[WARN] batch start failed | size=3 {1309} | split=2 {2604} + 1 {2605}
[WARN] batch start failed | size=4 {1311} | split=2 {2606} + 2 {2607}
[WARN] batch start failed | size=4 {1310} | split=2 {2608} + 2 {2609}
[WARN] batch start failed | size=4 {1313} | split=2 {2610} + 2 {2611}
[WARN] batch start failed | size=4 {1312} | split=2 {2612} + 2 {2613}
[WARN] batch start failed | size=3 {1315} | split=2 {2614} + 1 {2615}
[WARN] batch start failed | size=4 {1314} | split=2 {2616} + 2 {2617}
[WARN] batch start failed | size=2 {1316} | split=1 {2618} + 1 {2619}
[WARN] batch start failed | size=2 {1317} | split=1 {2620} + 1 {2621}
[WARN] batch start failed | size=2 {1319} | split=1 {2622} + 1 {2623}
[WARN] batch start failed | size=2 {1321} | split=1 {2624} + 1 {2625}
[WARN] batch start failed | size=2 {1322} | split=1 {2626} + 1 {2627}
[WARN] batch start failed | size=2 {1323} | split=1 {2628} + 1 {2629}
[WARN] batch start failed | size=2 {1324} | split=1 {2630} + 1 {2631}
[WARN] batch start failed | size=2 {1325} | split=1 {2632} + 1 {2633}
[TEST] {1318} tested=2/2 | kept=0 | rest=4342
[WARN] batch start failed | size=2 {1326} | split=1 {2634} + 1 {2635}
[WARN] batch start failed | size=2 {1328} | split=1 {2636} + 1 {2637}
[WARN] batch start failed | size=2 {1330} | split=1 {2638} + 1 {2639}
[WARN] batch start failed | size=2 {1331} | split=1 {2640} + 1 {2641}
[WARN] batch start failed | size=2 {1332} | split=1 {2642} + 1 {2643}
[WARN] batch start failed | size=2 {1333} | split=1 {2644} + 1 {2645}
[TEST] {1329} tested=2/2 | kept=0 | rest=4340
[WARN] batch start failed | size=2 {1337} | split=1 {2646} + 1 {2647}
[WARN] batch start failed | size=2 {1336} | split=1 {2648} + 1 {2649}
[TEST] {1335} tested=1/1 | kept=0 | rest=4338
[TEST] {1334} tested=2/2 | kept=0 | rest=4337
[WARN] batch start failed | size=2 {1339} | split=1 {2650} + 1 {2651}
[WARN] batch start failed | size=2 {1338} | split=1 {2652} + 1 {2653}
[WARN] batch start failed | size=4 {1342} | split=2 {2654} + 2 {2655}
[WARN] batch start failed | size=4 {1341} | split=2 {2656} + 2 {2657}
[WARN] batch start failed | size=4 {1340} | split=2 {2658} + 2 {2659}
[WARN] batch start failed | size=3 {1343} | split=2 {2660} + 1 {2661}
[WARN] batch start failed | size=4 {1345} | split=2 {2662} + 2 {2663}
[WARN] batch start failed | size=4 {1344} | split=2 {2664} + 2 {2665}
[WARN] batch start failed | size=4 {1346} | split=2 {2666} + 2 {2667}
[WARN] batch start failed | size=3 {1347} | split=2 {2668} + 1 {2669}
[WARN] batch start failed | size=4 {1349} | split=2 {2670} + 2 {2671}
[WARN] batch start failed | size=4 {1348} | split=2 {2672} + 2 {2673}
[WARN] batch start failed | size=4 {1350} | split=2 {2674} + 2 {2675}
[WARN] batch start failed | size=3 {1351} | split=2 {2676} + 1 {2677}
[WARN] batch start failed | size=4 {1353} | split=2 {2678} + 2 {2679}
[WARN] batch start failed | size=4 {1355} | split=2 {2680} + 2 {2681}
[WARN] batch start failed | size=4 {1354} | split=2 {2682} + 2 {2683}
[TEST] {2500} tested=1/1 | kept=0 | rest=4336
[TEST] {1320} tested=2/2 | kept=0 | rest=4335
[TEST] {1327} tested=1/1 | kept=0 | rest=4334
[TEST] {1358} tested=1/1 | kept=1 | rest=4333
[TEST] {1360} tested=1/1 | kept=0 | rest=4332
[TEST] {667} tested=1/1 | kept=0 | rest=4331
[WARN] batch start failed | size=2 {1362} | split=1 {2684} + 1 {2685}
[WARN] batch start failed | size=2 {1363} | split=1 {2686} + 1 {2687}
[TEST] {1365} tested=1/1 | kept=0 | rest=4330
[WARN] batch start failed | size=4 {1366} | split=2 {2688} + 2 {2689}
[WARN] batch start failed | size=7 {675} | split=4 {2690} + 3 {2691}
[TEST] {1356} tested=1/1 | kept=0 | rest=4329
[TEST] {1369} tested=1/1 | kept=0 | rest=4328
[WARN] batch start failed | size=4 {1370} | split=2 {2692} + 2 {2693}
[TEST] {1368} tested=1/1 | kept=0 | rest=4327
[TEST] {1357} tested=1/1 | kept=0 | rest=4326
[WARN] batch start failed | size=3 {1371} | split=2 {2694} + 1 {2695}
[WARN] batch start failed | size=4 {1372} | split=2 {2696} + 2 {2697}
[WARN] batch start failed | size=4 {1373} | split=2 {2698} + 2 {2699}
[WARN] batch start failed | size=2 {1374} | split=1 {2700} + 1 {2701}
[WARN] batch start failed | size=2 {1375} | split=1 {2702} + 1 {2703}
[WARN] batch start failed | size=4 {1376} | split=2 {2704} + 2 {2705}
[WARN] batch start failed | size=4 {1377} | split=2 {2706} + 2 {2707}
[WARN] batch start failed | size=4 {1378} | split=2 {2708} + 2 {2709}
[WARN] batch start failed | size=3 {1379} | split=2 {2710} + 1 {2711}
[WARN] batch start failed | size=4 {1380} | split=2 {2712} + 2 {2713}
[WARN] batch start failed | size=4 {1381} | split=2 {2714} + 2 {2715}
[WARN] batch start failed | size=4 {1383} | split=2 {2716} + 2 {2717}
[WARN] batch start failed | size=4 {1382} | split=2 {2718} + 2 {2719}
[WARN] batch start failed | size=4 {1385} | split=2 {2720} + 2 {2721}
[WARN] batch start failed | size=4 {1384} | split=2 {2722} + 2 {2723}
[WARN] batch start failed | size=4 {1386} | split=2 {2724} + 2 {2725}
[WARN] batch start failed | size=4 {1387} | split=2 {2726} + 2 {2727}
[WARN] batch start failed | size=4 {1388} | split=2 {2728} + 2 {2729}
[WARN] batch start failed | size=4 {1389} | split=2 {2730} + 2 {2731}
[WARN] batch start failed | size=4 {1390} | split=2 {2732} + 2 {2733}
[WARN] batch start failed | size=3 {1391} | split=2 {2734} + 1 {2735}
[WARN] batch start failed | size=4 {1392} | split=2 {2736} + 2 {2737}
[WARN] batch start failed | size=4 {1393} | split=2 {2738} + 2 {2739}
[WARN] batch start failed | size=4 {1394} | split=2 {2740} + 2 {2741}
[WARN] batch start failed | size=3 {1395} | split=2 {2742} + 1 {2743}
[WARN] batch start failed | size=4 {1396} | split=2 {2744} + 2 {2745}
[WARN] batch start failed | size=4 {1397} | split=2 {2746} + 2 {2747}
[WARN] batch start failed | size=4 {1398} | split=2 {2748} + 2 {2749}
[WARN] batch start failed | size=3 {1399} | split=2 {2750} + 1 {2751}
[WARN] batch start failed | size=4 {1401} | split=2 {2752} + 2 {2753}
[WARN] batch start failed | size=4 {1400} | split=2 {2754} + 2 {2755}
[WARN] batch start failed | size=3 {1403} | split=2 {2756} + 1 {2757}
[WARN] batch start failed | size=4 {1402} | split=2 {2758} + 2 {2759}
[WARN] batch start failed | size=4 {1404} | split=2 {2760} + 2 {2761}
[WARN] batch start failed | size=4 {1405} | split=2 {2762} + 2 {2763}
[TEST] {1359} tested=1/1 | kept=0 | rest=4325
[WARN] batch start failed | size=3 {1407} | split=2 {2764} + 1 {2765}
[WARN] batch start failed | size=4 {1406} | split=2 {2766} + 2 {2767}
[WARN] batch start failed | size=4 {1408} | split=2 {2768} + 2 {2769}
[WARN] batch start failed | size=4 {1409} | split=2 {2770} + 2 {2771}
[WARN] batch start failed | size=4 {1410} | split=2 {2772} + 2 {2773}
[WARN] batch start failed | size=4 {1411} | split=2 {2774} + 2 {2775}
[WARN] batch start failed | size=4 {1412} | split=2 {2776} + 2 {2777}
[WARN] batch start failed | size=4 {1413} | split=2 {2778} + 2 {2779}
[WARN] batch start failed | size=4 {1414} | split=2 {2780} + 2 {2781}
[WARN] batch start failed | size=3 {1415} | split=2 {2782} + 1 {2783}
[WARN] batch start failed | size=4 {1416} | split=2 {2784} + 2 {2785}
[WARN] batch start failed | size=4 {1417} | split=2 {2786} + 2 {2787}
[WARN] batch start failed | size=3 {1419} | split=2 {2788} + 1 {2789}
[WARN] batch start failed | size=4 {1418} | split=2 {2790} + 2 {2791}
[WARN] batch start failed | size=4 {1421} | split=2 {2792} + 2 {2793}
[WARN] batch start failed | size=4 {1420} | split=2 {2794} + 2 {2795}
[WARN] batch start failed | size=4 {1422} | split=2 {2796} + 2 {2797}
[WARN] batch start failed | size=3 {1423} | split=2 {2798} + 1 {2799}
[TEST] {1361} tested=1/1 | kept=0 | rest=4324
[WARN] batch start failed | size=4 {1424} | split=2 {2800} + 2 {2801}
[WARN] batch start failed | size=4 {1425} | split=2 {2802} + 2 {2803}
[WARN] batch start failed | size=4 {1426} | split=2 {2804} + 2 {2805}
[WARN] batch start failed | size=3 {1427} | split=2 {2806} + 1 {2807}
[WARN] batch start failed | size=4 {1428} | split=2 {2808} + 2 {2809}
[WARN] batch start failed | size=3 {1429} | split=2 {2810} + 1 {2811}
[WARN] batch start failed | size=4 {1430} | split=2 {2812} + 2 {2813}
[WARN] batch start failed | size=4 {1431} | split=2 {2814} + 2 {2815}
[WARN] batch start failed | size=3 {1433} | split=2 {2816} + 1 {2817}
[WARN] batch start failed | size=4 {1432} | split=2 {2818} + 2 {2819}
[WARN] batch start failed | size=4 {1435} | split=2 {2820} + 2 {2821}
[WARN] batch start failed | size=4 {1434} | split=2 {2822} + 2 {2823}
[WARN] batch start failed | size=4 {1436} | split=2 {2824} + 2 {2825}
[WARN] batch start failed | size=3 {1437} | split=2 {2826} + 1 {2827}
[WARN] batch start failed | size=4 {1438} | split=2 {2828} + 2 {2829}
[WARN] batch start failed | size=4 {1439} | split=2 {2830} + 2 {2831}
[WARN] batch start failed | size=4 {1440} | split=2 {2832} + 2 {2833}
[WARN] batch start failed | size=4 {1441} | split=2 {2834} + 2 {2835}
[WARN] batch start failed | size=4 {1442} | split=2 {2836} + 2 {2837}
[WARN] batch start failed | size=3 {1443} | split=2 {2838} + 1 {2839}
[WARN] batch start failed | size=4 {1444} | split=2 {2840} + 2 {2841}
[TEST] {1364} tested=1/1 | kept=0 | rest=4323
[WARN] batch start failed | size=4 {1445} | split=2 {2842} + 2 {2843}
[WARN] batch start failed | size=3 {1447} | split=2 {2844} + 1 {2845}
[WARN] batch start failed | size=4 {1446} | split=2 {2846} + 2 {2847}
[WARN] batch start failed | size=4 {1449} | split=2 {2848} + 2 {2849}
[WARN] batch start failed | size=4 {1448} | split=2 {2850} + 2 {2851}
[WARN] batch start failed | size=4 {1450} | split=2 {2852} + 2 {2853}
[WARN] batch start failed | size=4 {1451} | split=2 {2854} + 2 {2855}
[WARN] batch start failed | size=4 {1452} | split=2 {2856} + 2 {2857}
[WARN] batch start failed | size=4 {1453} | split=2 {2858} + 2 {2859}
[WARN] batch start failed | size=3 {1455} | split=2 {2860} + 1 {2861}
[WARN] batch start failed | size=4 {1454} | split=2 {2862} + 2 {2863}
[WARN] batch start failed | size=4 {1456} | split=2 {2864} + 2 {2865}
[WARN] batch start failed | size=3 {1457} | split=2 {2866} + 1 {2867}
[WARN] batch start failed | size=4 {1458} | split=2 {2868} + 2 {2869}
[WARN] batch start failed | size=4 {1459} | split=2 {2870} + 2 {2871}
[WARN] batch start failed | size=4 {1461} | split=2 {2872} + 2 {2873}
[WARN] batch start failed | size=4 {1460} | split=2 {2874} + 2 {2875}
[WARN] batch start failed | size=4 {1462} | split=2 {2876} + 2 {2877}
[WARN] batch start failed | size=3 {1463} | split=2 {2878} + 1 {2879}
[WARN] batch start failed | size=4 {1464} | split=2 {2880} + 2 {2881}
[WARN] batch start failed | size=3 {1465} | split=2 {2882} + 1 {2883}
[WARN] batch start failed | size=4 {1466} | split=2 {2884} + 2 {2885}
[WARN] batch start failed | size=4 {1467} | split=2 {2886} + 2 {2887}
[WARN] batch start failed | size=4 {1468} | split=2 {2888} + 2 {2889}
[WARN] batch start failed | size=3 {1469} | split=2 {2890} + 1 {2891}
[WARN] batch start failed | size=8 {1470} | split=4 {2892} + 4 {2893}
[WARN] batch start failed | size=7 {1471} | split=4 {2894} + 3 {2895}
[WARN] batch start failed | size=4 {1472} | split=2 {2896} + 2 {2897}
[WARN] batch start failed | size=3 {1473} | split=2 {2898} + 1 {2899}
[WARN] batch start failed | size=4 {1474} | split=2 {2900} + 2 {2901}
[WARN] batch start failed | size=4 {1475} | split=2 {2902} + 2 {2903}
[WARN] batch start failed | size=2 {1477} | split=1 {2904} + 1 {2905}
[WARN] batch start failed | size=2 {1479} | split=1 {2906} + 1 {2907}
[WARN] batch start failed | size=2 {1478} | split=1 {2908} + 1 {2909}
[WARN] batch start failed | size=4 {1480} | split=2 {2910} + 2 {2911}
[WARN] batch start failed | size=3 {1481} | split=2 {2912} + 1 {2913}
[WARN] batch start failed | size=4 {1482} | split=2 {2914} + 2 {2915}
[WARN] batch start failed | size=4 {1483} | split=2 {2916} + 2 {2917}
[WARN] batch start failed | size=4 {1484} | split=2 {2918} + 2 {2919}
[WARN] batch start failed | size=4 {1485} | split=2 {2920} + 2 {2921}
[WARN] batch start failed | size=4 {1486} | split=2 {2922} + 2 {2923}
[WARN] batch start failed | size=4 {1487} | split=2 {2924} + 2 {2925}
[WARN] batch start failed | size=8 {1488} | split=4 {2926} + 4 {2927}
[WARN] batch start failed | size=7 {1489} | split=4 {2928} + 3 {2929}
[WARN] batch start failed | size=8 {1490} | split=4 {2930} + 4 {2931}
[WARN] batch start failed | size=8 {1491} | split=4 {2932} + 4 {2933}
[WARN] batch start failed | size=8 {1492} | split=4 {2934} + 4 {2935}
[WARN] batch start failed | size=7 {1493} | split=4 {2936} + 3 {2937}
[WARN] batch start failed | size=8 {1494} | split=4 {2938} + 4 {2939}
[WARN] batch start failed | size=7 {1495} | split=4 {2940} + 3 {2941}
[WARN] batch start failed | size=4 {1496} | split=2 {2942} + 2 {2943}
[WARN] batch start failed | size=4 {1497} | split=2 {2944} + 2 {2945}
[WARN] batch start failed | size=4 {1498} | split=2 {2946} + 2 {2947}
[WARN] batch start failed | size=4 {1499} | split=2 {2948} + 2 {2949}
[WARN] batch start failed | size=4 {1500} | split=2 {2950} + 2 {2951}
[WARN] batch start failed | size=4 {1501} | split=2 {2952} + 2 {2953}
[WARN] batch start failed | size=4 {1502} | split=2 {2954} + 2 {2955}
[WARN] batch start failed | size=3 {1503} | split=2 {2956} + 1 {2957}
[WARN] batch start failed | size=2 {1504} | split=1 {2958} + 1 {2959}
[WARN] batch start failed | size=2 {1505} | split=1 {2960} + 1 {2961}
[WARN] batch start failed | size=2 {1506} | split=1 {2962} + 1 {2963}
[WARN] batch start failed | size=2 {1507} | split=1 {2964} + 1 {2965}
[WARN] batch start failed | size=2 {1508} | split=1 {2966} + 1 {2967}
[WARN] batch start failed | size=2 {1509} | split=1 {2968} + 1 {2969}
[WARN] batch start failed | size=2 {1511} | split=1 {2970} + 1 {2971}
[WARN] batch start failed | size=2 {1510} | split=1 {2972} + 1 {2973}
[WARN] batch start failed | size=2 {1512} | split=1 {2974} + 1 {2975}
[WARN] batch start failed | size=2 {1513} | split=1 {2976} + 1 {2977}
[WARN] batch start failed | size=2 {1515} | split=1 {2978} + 1 {2979}
[WARN] batch start failed | size=2 {1516} | split=1 {2980} + 1 {2981}
[WARN] batch start failed | size=2 {1517} | split=1 {2982} + 1 {2983}
[WARN] batch start failed | size=2 {1518} | split=1 {2984} + 1 {2985}
[TEST] {2972} tested=1/1 | kept=0 | rest=4321
[WARN] batch start failed | size=2 {1521} | split=1 {2986} + 1 {2987}
[WARN] batch start failed | size=2 {1520} | split=1 {2988} + 1 {2989}
[WARN] batch start failed | size=2 {1522} | split=1 {2990} + 1 {2991}
[WARN] batch start failed | size=2 {1523} | split=1 {2992} + 1 {2993}
[WARN] batch start failed | size=2 {1524} | split=1 {2994} + 1 {2995}
[WARN] batch start failed | size=2 {1525} | split=1 {2996} + 1 {2997}
[WARN] batch start failed | size=2 {1526} | split=1 {2998} + 1 {2999}
[WARN] batch start failed | size=2 {1528} | split=1 {3000} + 1 {3001}
[WARN] batch start failed | size=2 {1529} | split=1 {3002} + 1 {3003}
[WARN] batch start failed | size=2 {1530} | split=1 {3004} + 1 {3005}
[WARN] batch start failed | size=2 {1531} | split=1 {3006} + 1 {3007}
[WARN] batch start failed | size=2 {1532} | split=1 {3008} + 1 {3009}
[WARN] batch start failed | size=2 {1533} | split=1 {3010} + 1 {3011}
[WARN] batch start failed | size=2 {1534} | split=1 {3012} + 1 {3013}
[WARN] batch start failed | size=8 {1536} | split=4 {3014} + 4 {3015}
[WARN] batch start failed | size=7 {1537} | split=4 {3016} + 3 {3017}
[WARN] batch start failed | size=7 {1539} | split=4 {3018} + 3 {3019}
[WARN] batch start failed | size=8 {1538} | split=4 {3020} + 4 {3021}
[WARN] batch start failed | size=4 {1540} | split=2 {3022} + 2 {3023}
[TEST] {1535} tested=1/1 | kept=0 | rest=4320
[WARN] batch start failed | size=4 {1541} | split=2 {3024} + 2 {3025}
[WARN] batch start failed | size=4 {1542} | split=2 {3026} + 2 {3027}
[WARN] batch start failed | size=3 {1543} | split=2 {3028} + 1 {3029}
[WARN] batch start failed | size=4 {1544} | split=2 {3030} + 2 {3031}
[WARN] batch start failed | size=3 {1545} | split=2 {3032} + 1 {3033}
[WARN] batch start failed | size=4 {1547} | split=2 {3034} + 2 {3035}
[WARN] batch start failed | size=4 {1546} | split=2 {3036} + 2 {3037}
[WARN] batch start failed | size=4 {1548} | split=2 {3038} + 2 {3039}
[WARN] batch start failed | size=3 {1549} | split=2 {3040} + 1 {3041}
[WARN] batch start failed | size=4 {1550} | split=2 {3042} + 2 {3043}
[WARN] batch start failed | size=4 {1551} | split=2 {3044} + 2 {3045}
[WARN] batch start failed | size=4 {1552} | split=2 {3046} + 2 {3047}
[WARN] batch start failed | size=3 {1553} | split=2 {3048} + 1 {3049}
[WARN] batch start failed | size=4 {1554} | split=2 {3050} + 2 {3051}
[WARN] batch start failed | size=4 {1555} | split=2 {3052} + 2 {3053}
[WARN] batch start failed | size=4 {1556} | split=2 {3054} + 2 {3055}
[WARN] batch start failed | size=4 {1557} | split=2 {3056} + 2 {3057}
[WARN] batch start failed | size=4 {1558} | split=2 {3058} + 2 {3059}
[WARN] batch start failed | size=3 {1559} | split=2 {3060} + 1 {3061}
[WARN] batch start failed | size=4 {1560} | split=2 {3062} + 2 {3063}
[WARN] batch start failed | size=4 {1561} | split=2 {3064} + 2 {3065}
[WARN] batch start failed | size=4 {1562} | split=2 {3066} + 2 {3067}
[WARN] batch start failed | size=4 {1563} | split=2 {3068} + 2 {3069}
[WARN] batch start failed | size=3 {1565} | split=2 {3070} + 1 {3071}
[WARN] batch start failed | size=4 {1564} | split=2 {3072} + 2 {3073}
[WARN] batch start failed | size=4 {1567} | split=2 {3074} + 2 {3075}
[WARN] batch start failed | size=4 {1566} | split=2 {3076} + 2 {3077}
[WARN] batch start failed | size=2 {1568} | split=1 {3078} + 1 {3079}
[WARN] batch start failed | size=2 {1569} | split=1 {3080} + 1 {3081}
[WARN] batch start failed | size=2 {1570} | split=1 {3082} + 1 {3083}
[TEST] {1571} tested=1/1 | kept=0 | rest=4319
[WARN] batch start failed | size=2 {1573} | split=1 {3084} + 1 {3085}
[TEST] {1476} tested=2/2 | kept=0 | rest=4318
[WARN] batch start failed | size=2 {1572} | split=1 {3086} + 1 {3087}
[WARN] batch start failed | size=2 {1574} | split=1 {3088} + 1 {3089}
[WARN] batch start failed | size=2 {1575} | split=1 {3090} + 1 {3091}
[WARN] batch start failed | size=4 {1576} | split=2 {3092} + 2 {3093}
[WARN] batch start failed | size=4 {1577} | split=2 {3094} + 2 {3095}
[WARN] batch start failed | size=4 {1578} | split=2 {3096} + 2 {3097}
[WARN] batch start failed | size=4 {1579} | split=2 {3098} + 2 {3099}
[WARN] batch start failed | size=4 {1581} | split=2 {3100} + 2 {3101}
[WARN] batch start failed | size=4 {1580} | split=2 {3102} + 2 {3103}
[WARN] batch start failed | size=4 {1582} | split=2 {3104} + 2 {3105}
[WARN] batch start failed | size=3 {1583} | split=2 {3106} + 1 {3107}
[WARN] batch start failed | size=4 {1584} | split=2 {3108} + 2 {3109}
[WARN] batch start failed | size=4 {1585} | split=2 {3110} + 2 {3111}
[WARN] batch start failed | size=4 {1586} | split=2 {3112} + 2 {3113}
[WARN] batch start failed | size=3 {1587} | split=2 {3114} + 1 {3115}
[WARN] batch start failed | size=4 {1588} | split=2 {3116} + 2 {3117}
[WARN] batch start failed | size=4 {1589} | split=2 {3118} + 2 {3119}
[WARN] batch start failed | size=4 {1590} | split=2 {3120} + 2 {3121}
[WARN] batch start failed | size=3 {1591} | split=2 {3122} + 1 {3123}
[WARN] batch start failed | size=4 {1592} | split=2 {3124} + 2 {3125}
[WARN] batch start failed | size=4 {1593} | split=2 {3126} + 2 {3127}
[WARN] batch start failed | size=4 {1594} | split=2 {3128} + 2 {3129}
[WARN] batch start failed | size=3 {1595} | split=2 {3130} + 1 {3131}
[WARN] batch start failed | size=4 {1596} | split=2 {3132} + 2 {3133}
[WARN] batch start failed | size=3 {1597} | split=2 {3134} + 1 {3135}
[WARN] batch start failed | size=4 {1598} | split=2 {3136} + 2 {3137}
[WARN] batch start failed | size=4 {1599} | split=2 {3138} + 2 {3139}
[WARN] batch start failed | size=4 {1600} | split=2 {3140} + 2 {3141}
[WARN] batch start failed | size=4 {1601} | split=2 {3142} + 2 {3143}
[WARN] batch start failed | size=4 {1602} | split=2 {3144} + 2 {3145}
[WARN] batch start failed | size=3 {1603} | split=2 {3146} + 1 {3147}
[WARN] batch start failed | size=4 {1604} | split=2 {3148} + 2 {3149}
[WARN] batch start failed | size=4 {1605} | split=2 {3150} + 2 {3151}
[WARN] batch start failed | size=4 {1606} | split=2 {3152} + 2 {3153}
[WARN] batch start failed | size=4 {1607} | split=2 {3154} + 2 {3155}
[WARN] batch start failed | size=4 {1608} | split=2 {3156} + 2 {3157}
[WARN] batch start failed | size=8 {800} | split=4 {3158} + 4 {3159}
[WARN] batch start failed | size=4 {1609} | split=2 {3160} + 2 {3161}
[WARN] batch start failed | size=4 {1613} | split=2 {3162} + 2 {3163}
[WARN] batch start failed | size=7 {801} | split=4 {3164} + 3 {3165}
[WARN] batch start failed | size=4 {1612} | split=2 {3166} + 2 {3167}
[WARN] batch start failed | size=3 {1615} | split=2 {3168} + 1 {3169}
[WARN] batch start failed | size=4 {1616} | split=2 {3170} + 2 {3171}
[WARN] batch start failed | size=4 {1617} | split=2 {3172} + 2 {3173}
[WARN] batch start failed | size=4 {1614} | split=2 {3174} + 2 {3175}
[WARN] batch start failed | size=4 {1618} | split=2 {3176} + 2 {3177}
[WARN] batch start failed | size=4 {1619} | split=2 {3178} + 2 {3179}
[WARN] batch start failed | size=8 {804} | split=4 {3180} + 4 {3181}
[WARN] batch start failed | size=2 {1622} | split=1 {3182} + 1 {3183}
[WARN] batch start failed | size=4 {1624} | split=2 {3184} + 2 {3185}
[WARN] batch start failed | size=2 {1623} | split=1 {3186} + 1 {3187}
[WARN] batch start failed | size=8 {806} | split=4 {3188} + 4 {3189}
[WARN] batch start failed | size=2 {1626} | split=1 {3190} + 1 {3191}
[WARN] batch start failed | size=3 {1625} | split=2 {3192} + 1 {3193}
[WARN] batch start failed | size=4 {1628} | split=2 {3194} + 2 {3195}
[TEST] {1627} tested=1/1 | kept=0 | rest=4317
[WARN] batch start failed | size=3 {1629} | split=2 {3196} + 1 {3197}
[TEST] {1519} tested=1/1 | kept=0 | rest=4316
[WARN] batch start failed | size=4 {1630} | split=2 {3198} + 2 {3199}
[WARN] batch start failed | size=4 {1631} | split=2 {3200} + 2 {3201}
[WARN] batch start failed | size=2 {1633} | split=1 {3202} + 1 {3203}
[WARN] batch start failed | size=4 {1634} | split=2 {3204} + 2 {3205}
[WARN] batch start failed | size=4 {1635} | split=2 {3206} + 2 {3207}
[TEST] {1527} tested=1/1 | kept=0 | rest=4315
[WARN] batch start failed | size=2 {1636} | split=1 {3208} + 1 {3209}
[WARN] batch start failed | size=4 {1638} | split=2 {3210} + 2 {3211}
[WARN] batch start failed | size=3 {1639} | split=2 {3212} + 1 {3213}
[WARN] batch start failed | size=4 {1641} | split=2 {3214} + 2 {3215}
[WARN] batch start failed | size=4 {1640} | split=2 {3216} + 2 {3217}
[WARN] batch start failed | size=3 {1643} | split=2 {3218} + 1 {3219}
[WARN] batch start failed | size=4 {1642} | split=2 {3220} + 2 {3221}
[WARN] batch start failed | size=4 {1645} | split=2 {3222} + 2 {3223}
[WARN] batch start failed | size=4 {1646} | split=2 {3224} + 2 {3225}
[WARN] batch start failed | size=3 {1647} | split=2 {3226} + 1 {3227}
[WARN] batch start failed | size=2 {1648} | split=1 {3228} + 1 {3229}
[TEST] {1650} tested=2/2 | kept=0 | rest=4311
[TEST] {1632} tested=2/2 | kept=0 | rest=4310
[WARN] batch start failed | size=2 {1651} | split=1 {3230} + 1 {3231}
[WARN] batch start failed | size=2 {1652} | split=1 {3232} + 1 {3233}
[WARN] batch start failed | size=2 {1653} | split=1 {3234} + 1 {3235}
[WARN] batch start failed | size=2 {1655} | split=1 {3236} + 1 {3237}
[WARN] batch start failed | size=2 {1654} | split=1 {3238} + 1 {3239}
[WARN] batch start failed | size=2 {1657} | split=1 {3240} + 1 {3241}
[WARN] batch start failed | size=2 {1656} | split=1 {3242} + 1 {3243}
[WARN] batch start failed | size=2 {1659} | split=1 {3244} + 1 {3245}
[TEST] {3236} tested=1/1 | kept=0 | rest=4308
[WARN] batch start failed | size=2 {1660} | split=1 {3246} + 1 {3247}
[WARN] batch start failed | size=2 {1661} | split=1 {3248} + 1 {3249}
[WARN] batch start failed | size=2 {1663} | split=1 {3250} + 1 {3251}
[WARN] batch start failed | size=2 {1662} | split=1 {3252} + 1 {3253}
[WARN] batch start failed | size=2 {1664} | split=1 {3254} + 1 {3255}
[TEST] {1649} tested=2/2 | kept=0 | rest=4307
[WARN] batch start failed | size=2 {1666} | split=1 {3256} + 1 {3257}
[WARN] batch start failed | size=2 {1667} | split=1 {3258} + 1 {3259}
[WARN] batch start failed | size=2 {1668} | split=1 {3260} + 1 {3261}
[WARN] batch start failed | size=2 {1669} | split=1 {3262} + 1 {3263}
[WARN] batch start failed | size=2 {1670} | split=1 {3264} + 1 {3265}
[WARN] batch start failed | size=2 {1671} | split=1 {3266} + 1 {3267}
[WARN] batch start failed | size=2 {1672} | split=1 {3268} + 1 {3269}
[WARN] batch start failed | size=2 {1674} | split=1 {3270} + 1 {3271}
[WARN] batch start failed | size=2 {1675} | split=1 {3272} + 1 {3273}
[TEST] {1637} tested=2/2 | kept=1 | rest=4305
[WARN] batch start failed | size=2 {1678} | split=1 {3274} + 1 {3275}
[TEST] {1677} tested=2/2 | kept=0 | rest=4304
[WARN] batch start failed | size=2 {1679} | split=1 {3276} + 1 {3277}
[WARN] batch start failed | size=2 {1680} | split=1 {3278} + 1 {3279}
[TEST] {1665} tested=1/1 | kept=0 | rest=4302
[TEST] {1683} tested=1/1 | kept=0 | rest=4301
[TEST] {1673} tested=1/1 | kept=0 | rest=4300
[TEST] {1676} tested=2/2 | kept=0 | rest=4299
[TEST] {1684} tested=1/1 | kept=0 | rest=4298
[TEST] {1682} tested=1/1 | kept=0 | rest=4297
[TEST] {1681} tested=1/1 | kept=0 | rest=4296
[TEST] {1687} tested=1/1 | kept=0 | rest=4295
[TEST] {1686} tested=1/1 | kept=0 | rest=4294
[TEST] {1688} tested=1/1 | kept=0 | rest=4293
[TEST] {1692} tested=1/1 | kept=0 | rest=4292
[TEST] {1693} tested=1/1 | kept=0 | rest=4291
[TEST] {1694} tested=1/1 | kept=0 | rest=4290
[TEST] {1696} tested=1/1 | kept=0 | rest=4289
[TEST] {1695} tested=1/1 | kept=0 | rest=4288
[TEST] {1697} tested=1/1 | kept=0 | rest=4287
[TEST] {1699} tested=1/1 | kept=0 | rest=4286
[TEST] {1700} tested=1/1 | kept=0 | rest=4285
[TEST] {1685} tested=1/1 | kept=0 | rest=4284
[TEST] {1689} tested=1/1 | kept=0 | rest=4283
[TEST] {1702} tested=1/1 | kept=0 | rest=4282
[TEST] {1690} tested=1/1 | kept=0 | rest=4281
[TEST] {1691} tested=1/1 | kept=0 | rest=4280
[TEST] {1704} tested=1/1 | kept=1 | rest=4279
[TEST] {1707} tested=1/1 | kept=0 | rest=4278
[TEST] {1701} tested=1/1 | kept=1 | rest=4277
[TEST] {1698} tested=1/1 | kept=0 | rest=4276
[TEST] {1706} tested=1/1 | kept=1 | rest=4275
[TEST] {1710} tested=1/1 | kept=0 | rest=4274
[TEST] {1712} tested=1/1 | kept=0 | rest=4273
[TEST] {1713} tested=1/1 | kept=0 | rest=4272
[TEST] {1703} tested=1/1 | kept=0 | rest=4271
[TEST] {1705} tested=1/1 | kept=0 | rest=4270
[TEST] {1716} tested=1/1 | kept=0 | rest=4269
[TEST] {1717} tested=1/1 | kept=0 | rest=4268
[TEST] {1709} tested=1/1 | kept=0 | rest=4267
[TEST] {1708} tested=1/1 | kept=0 | rest=4266
[TEST] {1718} tested=1/1 | kept=0 | rest=4265
[TEST] {1715} tested=1/1 | kept=0 | rest=4264
[TEST] {1711} tested=1/1 | kept=0 | rest=4263
[TEST] {1720} tested=1/1 | kept=0 | rest=4262
[TEST] {1719} tested=1/1 | kept=0 | rest=4261
[TEST] {1722} tested=1/1 | kept=0 | rest=4260
[TEST] {1714} tested=1/1 | kept=0 | rest=4259
[TEST] {1726} tested=1/1 | kept=0 | rest=4258
[TEST] {1728} tested=1/1 | kept=0 | rest=4257
[TEST] {1721} tested=1/1 | kept=0 | rest=4256
[TEST] {1730} tested=1/1 | kept=0 | rest=4255
[TEST] {1723} tested=1/1 | kept=0 | rest=4254
[TEST] {1724} tested=1/1 | kept=0 | rest=4253
[TEST] {1731} tested=1/1 | kept=0 | rest=4252
[TEST] {1725} tested=1/1 | kept=0 | rest=4251
[TEST] {1732} tested=1/1 | kept=0 | rest=4250
[TEST] {1733} tested=1/1 | kept=0 | rest=4249
[TEST] {1727} tested=1/1 | kept=0 | rest=4248
[TEST] {1729} tested=1/1 | kept=0 | rest=4247
[WARN] batch start failed | size=8 {1734} | split=4 {3280} + 4 {3281}
[WARN] batch start failed | size=7 {1735} | split=4 {3282} + 3 {3283}
[WARN] batch start failed | size=8 {1736} | split=4 {3284} + 4 {3285}
[WARN] batch start failed | size=7 {1737} | split=4 {3286} + 3 {3287}
[WARN] batch start failed | size=8 {1739} | split=4 {3288} + 4 {3289}
[WARN] batch start failed | size=8 {1738} | split=4 {3290} + 4 {3291}
[WARN] batch start failed | size=8 {1740} | split=4 {3292} + 4 {3293}
[WARN] batch start failed | size=7 {1741} | split=4 {3294} + 3 {3295}
[WARN] batch start failed | size=7 {1743} | split=4 {3296} + 3 {3297}
[WARN] batch start failed | size=8 {1742} | split=4 {3298} + 4 {3299}
[WARN] batch start failed | size=8 {1745} | split=4 {3300} + 4 {3301}
[WARN] batch start failed | size=4 {3293} | split=2 {3302} + 2 {3303}
[WARN] batch start failed | size=7 {1747} | split=4 {3304} + 3 {3305}
[WARN] batch start failed | size=8 {1746} | split=4 {3306} + 4 {3307}
[WARN] batch start failed | size=8 {1748} | split=4 {3308} + 4 {3309}
[WARN] batch start failed | size=4 {1750} | split=2 {3310} + 2 {3311}
[WARN] batch start failed | size=7 {1749} | split=4 {3312} + 3 {3313}
[WARN] batch start failed | size=3 {1751} | split=2 {3314} + 1 {3315}
[WARN] batch start failed | size=4 {1752} | split=2 {3316} + 2 {3317}
[WARN] batch start failed | size=4 {1753} | split=2 {3318} + 2 {3319}
[WARN] batch start failed | size=4 {1755} | split=2 {3320} + 2 {3321}
[WARN] batch start failed | size=4 {1756} | split=2 {3322} + 2 {3323}
[WARN] batch start failed | size=4 {1754} | split=2 {3324} + 2 {3325}
[WARN] batch start failed | size=3 {1757} | split=2 {3326} + 1 {3327}
[WARN] batch start failed | size=4 {1759} | split=2 {3328} + 2 {3329}
[WARN] batch start failed | size=4 {1758} | split=2 {3330} + 2 {3331}
[WARN] batch start failed | size=2 {3321} | split=1 {3332} + 1 {3333}
[WARN] batch start failed | size=4 {1761} | split=2 {3334} + 2 {3335}
[WARN] batch start failed | size=4 {1762} | split=2 {3336} + 2 {3337}
[WARN] batch start failed | size=4 {1763} | split=2 {3338} + 2 {3339}
[WARN] batch start failed | size=3 {1765} | split=2 {3340} + 1 {3341}
[WARN] batch start failed | size=4 {1767} | split=2 {3342} + 2 {3343}
[WARN] batch start failed | size=4 {1766} | split=2 {3344} + 2 {3345}
[TEST] {3332} tested=1/1 | kept=0 | rest=4246
[WARN] batch start failed | size=4 {1769} | split=2 {3346} + 2 {3347}
[WARN] batch start failed | size=4 {1768} | split=2 {3348} + 2 {3349}
[WARN] batch start failed | size=4 {1771} | split=2 {3350} + 2 {3351}
[WARN] batch start failed | size=4 {1770} | split=2 {3352} + 2 {3353}
[WARN] batch start failed | size=4 {1772} | split=2 {3354} + 2 {3355}
[WARN] batch start failed | size=3 {1773} | split=2 {3356} + 1 {3357}
[WARN] batch start failed | size=4 {1774} | split=2 {3358} + 2 {3359}
[WARN] batch start failed | size=4 {1775} | split=2 {3360} + 2 {3361}
[WARN] batch start failed | size=4 {1776} | split=2 {3362} + 2 {3363}
[WARN] batch start failed | size=4 {1777} | split=2 {3364} + 2 {3365}
[WARN] batch start failed | size=4 {1778} | split=2 {3366} + 2 {3367}
[WARN] batch start failed | size=3 {1779} | split=2 {3368} + 1 {3369}
[WARN] batch start failed | size=16 {1780} | split=8 {3370} + 8 {3371}
[WARN] batch start failed | size=15 {1781} | split=8 {3372} + 7 {3373}
[WARN] batch start failed | size=15 {1782} | split=8 {3374} + 7 {3375}
[WARN] batch start failed | size=15 {1783} | split=8 {3376} + 7 {3377}
[WARN] batch start failed | size=15 {1785} | split=8 {3378} + 7 {3379}
[WARN] batch start failed | size=16 {1784} | split=8 {3380} + 8 {3381}
[WARN] batch start failed | size=8 {3371} | split=4 {3382} + 4 {3383}
[WARN] batch start failed | size=2 {1786} | split=1 {3384} + 1 {3385}
[WARN] batch start failed | size=15 {1789} | split=8 {3386} + 7 {3387}
[WARN] batch start failed | size=16 {892} | split=8 {3388} + 8 {3389}
[WARN] batch start failed | size=7 {1793} | split=4 {3390} + 3 {3391}
[WARN] batch start failed | size=4 {1797} | split=2 {3392} + 2 {3393}
[WARN] batch start failed | size=4 {1796} | split=2 {3394} + 2 {3395}
[WARN] batch start failed | size=8 {1798} | split=4 {3396} + 4 {3397}
[TEST] {1795} tested=1/1 | kept=0 | rest=4245
[WARN] batch start failed | size=7 {1799} | split=4 {3398} + 3 {3399}
[TEST] {1790} tested=1/1 | kept=1 | rest=4244
[WARN] batch start failed | size=7 {895} | split=4 {3400} + 3 {3401}
[TEST] {1791} tested=1/1 | kept=0 | rest=4243
[TEST] {1794} tested=1/1 | kept=0 | rest=4242
[WARN] batch start failed | size=4 {1800} | split=2 {3402} + 2 {3403}
[WARN] batch start failed | size=4 {1801} | split=2 {3404} + 2 {3405}
[WARN] batch start failed | size=4 {1803} | split=2 {3406} + 2 {3407}
[WARN] batch start failed | size=4 {1802} | split=2 {3408} + 2 {3409}
[WARN] batch start failed | size=3 {1805} | split=2 {3410} + 1 {3411}
[WARN] batch start failed | size=4 {1804} | split=2 {3412} + 2 {3413}
[WARN] batch start failed | size=4 {1806} | split=2 {3414} + 2 {3415}
[WARN] batch start failed | size=3 {1807} | split=2 {3416} + 1 {3417}
[WARN] batch start failed | size=4 {1808} | split=2 {3418} + 2 {3419}
[WARN] batch start failed | size=4 {1809} | split=2 {3420} + 2 {3421}
[WARN] batch start failed | size=2 {3415} | split=1 {3422} + 1 {3423}
[WARN] batch start failed | size=3 {1811} | split=2 {3424} + 1 {3425}
[WARN] batch start failed | size=4 {1812} | split=2 {3426} + 2 {3427}
[WARN] batch start failed | size=4 {1813} | split=2 {3428} + 2 {3429}
[WARN] batch start failed | size=4 {1814} | split=2 {3430} + 2 {3431}
[WARN] batch start failed | size=4 {1816} | split=2 {3432} + 2 {3433}
[WARN] batch start failed | size=4 {1815} | split=2 {3434} + 2 {3435}
[WARN] batch start failed | size=4 {1817} | split=2 {3436} + 2 {3437}
[WARN] batch start failed | size=4 {1818} | split=2 {3438} + 2 {3439}
[WARN] batch start failed | size=3 {1819} | split=2 {3440} + 1 {3441}
[WARN] batch start failed | size=4 {1820} | split=2 {3442} + 2 {3443}
[WARN] batch start failed | size=4 {1821} | split=2 {3444} + 2 {3445}
[WARN] batch start failed | size=2 {3438} | split=1 {3446} + 1 {3447}
[WARN] batch start failed | size=4 {1823} | split=2 {3448} + 2 {3449}
[WARN] batch start failed | size=4 {1824} | split=2 {3450} + 2 {3451}
[WARN] batch start failed | size=4 {1825} | split=2 {3452} + 2 {3453}
[WARN] batch start failed | size=4 {1826} | split=2 {3454} + 2 {3455}
[WARN] batch start failed | size=3 {1827} | split=2 {3456} + 1 {3457}
[WARN] batch start failed | size=2 {3450} | split=1 {3458} + 1 {3459}
[WARN] batch start failed | size=4 {1829} | split=2 {3460} + 2 {3461}
[WARN] batch start failed | size=4 {1831} | split=2 {3462} + 2 {3463}
[WARN] batch start failed | size=4 {1830} | split=2 {3464} + 2 {3465}
[WARN] batch start failed | size=4 {1832} | split=2 {3466} + 2 {3467}
[WARN] batch start failed | size=3 {1833} | split=2 {3468} + 1 {3469}
[WARN] batch start failed | size=4 {1834} | split=2 {3470} + 2 {3471}
[WARN] batch start failed | size=4 {1835} | split=2 {3472} + 2 {3473}
[WARN] batch start failed | size=4 {1837} | split=2 {3474} + 2 {3475}
[WARN] batch start failed | size=2 {3465} | split=1 {3476} + 1 {3477}
[WARN] batch start failed | size=4 {1838} | split=2 {3478} + 2 {3479}
[WARN] batch start failed | size=4 {1839} | split=2 {3480} + 2 {3481}
[WARN] batch start failed | size=2 {3473} | split=1 {3482} + 1 {3483}
[WARN] batch start failed | size=3 {1841} | split=2 {3484} + 1 {3485}
[WARN] batch start failed | size=2 {3472} | split=1 {3486} + 1 {3487}
[WARN] batch start failed | size=7 {1843} | split=4 {3488} + 3 {3489}
[WARN] batch start failed | size=8 {1844} | split=4 {3490} + 4 {3491}
[WARN] batch start failed | size=7 {1845} | split=4 {3492} + 3 {3493}
[WARN] batch start failed | size=4 {1846} | split=2 {3494} + 2 {3495}
[WARN] batch start failed | size=4 {1847} | split=2 {3496} + 2 {3497}
[WARN] batch start failed | size=4 {1848} | split=2 {3498} + 2 {3499}
[WARN] batch start failed | size=3 {1849} | split=2 {3500} + 1 {3501}
[WARN] batch start failed | size=4 {1851} | split=2 {3502} + 2 {3503}
[WARN] batch start failed | size=4 {1850} | split=2 {3504} + 2 {3505}
[WARN] batch start failed | size=3 {3493} | split=2 {3506} + 1 {3507}
[WARN] batch start failed | size=4 {1852} | split=2 {3508} + 2 {3509}
[WARN] batch start failed | size=4 {1854} | split=2 {3510} + 2 {3511}
[WARN] batch start failed | size=4 {1855} | split=2 {3512} + 2 {3513}
[WARN] batch start failed | size=3 {1857} | split=2 {3514} + 1 {3515}
[WARN] batch start failed | size=4 {1856} | split=2 {3516} + 2 {3517}
[WARN] batch start failed | size=4 {1859} | split=2 {3518} + 2 {3519}
[WARN] batch start failed | size=4 {1858} | split=2 {3520} + 2 {3521}
[WARN] batch start failed | size=3 {1861} | split=2 {3522} + 1 {3523}
[WARN] batch start failed | size=4 {1860} | split=2 {3524} + 2 {3525}
[WARN] batch start failed | size=2 {3514} | split=1 {3526} + 1 {3527}
[WARN] batch start failed | size=4 {1863} | split=2 {3528} + 2 {3529}
[WARN] batch start failed | size=3 {1865} | split=2 {3530} + 1 {3531}
[WARN] batch start failed | size=4 {1864} | split=2 {3532} + 2 {3533}
[WARN] batch start failed | size=4 {1866} | split=2 {3534} + 2 {3535}
[WARN] batch start failed | size=4 {1867} | split=2 {3536} + 2 {3537}
[WARN] batch start failed | size=4 {1868} | split=2 {3538} + 2 {3539}
[WARN] batch start failed | size=3 {1869} | split=2 {3540} + 1 {3541}
[WARN] batch start failed | size=2 {1870} | split=1 {3542} + 1 {3543}
[WARN] batch start failed | size=2 {1872} | split=1 {3544} + 1 {3545}
[WARN] batch start failed | size=2 {1871} | split=1 {3546} + 1 {3547}
[WARN] batch start failed | size=2 {1873} | split=1 {3548} + 1 {3549}
[WARN] batch start failed | size=2 {1874} | split=1 {3550} + 1 {3551}
[WARN] batch start failed | size=2 {1875} | split=1 {3552} + 1 {3553}
[WARN] batch start failed | size=2 {1876} | split=1 {3554} + 1 {3555}
[WARN] batch start failed | size=8 {1878} | split=4 {3556} + 4 {3557}
[WARN] batch start failed | size=8 {1879} | split=4 {3558} + 4 {3559}
[TEST] {1877} tested=1/1 | kept=0 | rest=4241
[WARN] batch start failed | size=8 {1880} | split=4 {3560} + 4 {3561}
[WARN] batch start failed | size=7 {1881} | split=4 {3562} + 3 {3563}
[WARN] batch start failed | size=4 {1882} | split=2 {3564} + 2 {3565}
[WARN] batch start failed | size=4 {1883} | split=2 {3566} + 2 {3567}
[WARN] batch start failed | size=3 {1885} | split=2 {3568} + 1 {3569}
[WARN] batch start failed | size=4 {1884} | split=2 {3570} + 2 {3571}
[WARN] batch start failed | size=4 {1887} | split=2 {3572} + 2 {3573}
[WARN] batch start failed | size=4 {1886} | split=2 {3574} + 2 {3575}
[WARN] batch start failed | size=4 {1888} | split=2 {3576} + 2 {3577}
[WARN] batch start failed | size=3 {1889} | split=2 {3578} + 1 {3579}
[WARN] batch start failed | size=4 {1891} | split=2 {3580} + 2 {3581}
[WARN] batch start failed | size=4 {1890} | split=2 {3582} + 2 {3583}
[WARN] batch start failed | size=4 {1892} | split=2 {3584} + 2 {3585}
[WARN] batch start failed | size=4 {1893} | split=2 {3586} + 2 {3587}
[WARN] batch start failed | size=4 {1895} | split=2 {3588} + 2 {3589}
[WARN] batch start failed | size=4 {1894} | split=2 {3590} + 2 {3591}
[WARN] batch start failed | size=4 {1896} | split=2 {3592} + 2 {3593}
[WARN] batch start failed | size=3 {1897} | split=2 {3594} + 1 {3595}
[WARN] batch start failed | size=4 {1899} | split=2 {3596} + 2 {3597}
[WARN] batch start failed | size=4 {1898} | split=2 {3598} + 2 {3599}
[WARN] batch start failed | size=4 {1900} | split=2 {3600} + 2 {3601}
[WARN] batch start failed | size=3 {1901} | split=2 {3602} + 1 {3603}
[WARN] batch start failed | size=4 {1902} | split=2 {3604} + 2 {3605}
[WARN] batch start failed | size=4 {1903} | split=2 {3606} + 2 {3607}
[WARN] batch start failed | size=4 {1904} | split=2 {3608} + 2 {3609}
[WARN] batch start failed | size=4 {1905} | split=2 {3610} + 2 {3611}
[WARN] batch start failed | size=4 {1906} | split=2 {3612} + 2 {3613}
[WARN] batch start failed | size=4 {1907} | split=2 {3614} + 2 {3615}
[WARN] batch start failed | size=4 {1908} | split=2 {3616} + 2 {3617}
[WARN] batch start failed | size=3 {1909} | split=2 {3618} + 1 {3619}
[WARN] batch start failed | size=7 {1911} | split=4 {3620} + 3 {3621}
[WARN] batch start failed | size=8 {1910} | split=4 {3622} + 4 {3623}
[WARN] batch start failed | size=8 {1912} | split=4 {3624} + 4 {3625}
[WARN] batch start failed | size=7 {1913} | split=4 {3626} + 3 {3627}
[WARN] batch start failed | size=4 {1914} | split=2 {3628} + 2 {3629}
[WARN] batch start failed | size=3 {1915} | split=2 {3630} + 1 {3631}
[WARN] batch start failed | size=4 {1916} | split=2 {3632} + 2 {3633}
[WARN] batch start failed | size=4 {1917} | split=2 {3634} + 2 {3635}
[WARN] batch start failed | size=2 {1918} | split=1 {3636} + 1 {3637}
[WARN] batch start failed | size=2 {1919} | split=1 {3638} + 1 {3639}
[WARN] batch start failed | size=2 {1920} | split=1 {3640} + 1 {3641}
[WARN] batch start failed | size=2 {1921} | split=1 {3642} + 1 {3643}
[WARN] batch start failed | size=2 {1922} | split=1 {3644} + 1 {3645}
[WARN] batch start failed | size=2 {1923} | split=1 {3646} + 1 {3647}
[WARN] batch start failed | size=2 {1924} | split=1 {3648} + 1 {3649}
[WARN] batch start failed | size=4 {1926} | split=2 {3650} + 2 {3651}
[WARN] batch start failed | size=4 {1928} | split=2 {3652} + 2 {3653}
[WARN] batch start failed | size=4 {1927} | split=2 {3654} + 2 {3655}
[WARN] batch start failed | size=3 {1929} | split=2 {3656} + 1 {3657}
[WARN] batch start failed | size=4 {1930} | split=2 {3658} + 2 {3659}
[WARN] batch start failed | size=4 {1931} | split=2 {3660} + 2 {3661}
[WARN] batch start failed | size=4 {1932} | split=2 {3662} + 2 {3663}
[WARN] batch start failed | size=3 {1933} | split=2 {3664} + 1 {3665}
[WARN] batch start failed | size=8 {1934} | split=4 {3666} + 4 {3667}
[WARN] batch start failed | size=7 {1935} | split=4 {3668} + 3 {3669}
[WARN] batch start failed | size=8 {1936} | split=4 {3670} + 4 {3671}
[WARN] batch start failed | size=7 {1937} | split=4 {3672} + 3 {3673}
[WARN] batch start failed | size=2 {1939} | split=1 {3674} + 1 {3675}
[WARN] batch start failed | size=2 {1938} | split=1 {3676} + 1 {3677}
[TEST] {3665} tested=1/1 | kept=0 | rest=4240
[WARN] batch start failed | size=4 {1942} | split=2 {3678} + 2 {3679}
[TEST] {1925} tested=1/1 | kept=0 | rest=4239
[WARN] batch start failed | size=4 {1943} | split=2 {3680} + 2 {3681}
[WARN] batch start failed | size=4 {1944} | split=2 {3682} + 2 {3683}
[WARN] batch start failed | size=3 {1945} | split=2 {3684} + 1 {3685}
[WARN] batch start failed | size=4 {1946} | split=2 {3686} + 2 {3687}
[WARN] batch start failed | size=4 {1947} | split=2 {3688} + 2 {3689}
[WARN] batch start failed | size=4 {1948} | split=2 {3690} + 2 {3691}
[WARN] batch start failed | size=3 {1949} | split=2 {3692} + 1 {3693}
[WARN] batch start failed | size=8 {1950} | split=4 {3694} + 4 {3695}
[WARN] batch start failed | size=7 {1951} | split=4 {3696} + 3 {3697}
[WARN] batch start failed | size=7 {1953} | split=4 {3698} + 3 {3699}
[WARN] batch start failed | size=8 {1952} | split=4 {3700} + 4 {3701}
[WARN] batch start failed | size=4 {1955} | split=2 {3702} + 2 {3703}
[WARN] batch start failed | size=4 {1954} | split=2 {3704} + 2 {3705}
[WARN] batch start failed | size=4 {1956} | split=2 {3706} + 2 {3707}
[WARN] batch start failed | size=3 {1957} | split=2 {3708} + 1 {3709}
[TEST] {1941} tested=1/1 | kept=0 | rest=4238
[TEST] {1961} tested=1/1 | kept=0 | rest=4237
[TEST] {1962} tested=1/1 | kept=0 | rest=4236
[TEST] {1959} tested=1/1 | kept=1 | rest=4235
[TEST] {1960} tested=1/1 | kept=1 | rest=4234
[TEST] {1958} tested=1/1 | kept=1 | rest=4233
[TEST] {1963} tested=1/1 | kept=0 | rest=4232
[TEST] {1964} tested=1/1 | kept=0 | rest=4231
[WARN] batch start failed | size=4 {1966} | split=2 {3710} + 2 {3711}
[WARN] batch start failed | size=4 {1967} | split=2 {3712} + 2 {3713}
[WARN] batch start failed | size=3 {1969} | split=2 {3714} + 1 {3715}
[WARN] batch start failed | size=4 {1968} | split=2 {3716} + 2 {3717}
[WARN] batch start failed | size=4 {1970} | split=2 {3718} + 2 {3719}
[WARN] batch start failed | size=4 {1971} | split=2 {3720} + 2 {3721}
[TEST] {1965} tested=1/1 | kept=0 | rest=4230
[WARN] batch start failed | size=4 {1972} | split=2 {3722} + 2 {3723}
[WARN] batch start failed | size=3 {1973} | split=2 {3724} + 1 {3725}
[WARN] batch start failed | size=2 {1974} | split=1 {3726} + 1 {3727}
[WARN] batch start failed | size=2 {1975} | split=1 {3728} + 1 {3729}
[WARN] batch start failed | size=2 {1976} | split=1 {3730} + 1 {3731}
[WARN] batch start failed | size=2 {1977} | split=1 {3732} + 1 {3733}
[WARN] batch start failed | size=8 {1978} | split=4 {3734} + 4 {3735}
[WARN] batch start failed | size=2 {3722} | split=1 {3736} + 1 {3737}
[WARN] batch start failed | size=2 {1980} | split=1 {3738} + 1 {3739}
[WARN] batch start failed | size=2 {1981} | split=1 {3740} + 1 {3741}
[WARN] batch start failed | size=4 {1982} | split=2 {3742} + 2 {3743}
[TEST] {3728} tested=1/1 | kept=0 | rest=4229
[WARN] batch start failed | size=3 {1985} | split=2 {3744} + 1 {3745}
[WARN] batch start failed | size=4 {1984} | split=2 {3746} + 2 {3747}
[WARN] batch start failed | size=4 {1986} | split=2 {3748} + 2 {3749}
[WARN] batch start failed | size=4 {1987} | split=2 {3750} + 2 {3751}
[WARN] batch start failed | size=4 {1988} | split=2 {3752} + 2 {3753}
[WARN] batch start failed | size=3 {1989} | split=2 {3754} + 1 {3755}
[WARN] batch start failed | size=2 {3748} | split=1 {3756} + 1 {3757}
[WARN] batch start failed | size=4 {1994} | split=2 {3758} + 2 {3759}
[WARN] batch start failed | size=4 {1995} | split=2 {3760} + 2 {3761}
[WARN] batch start failed | size=3 {1997} | split=2 {3762} + 1 {3763}
[TEST] {1993} tested=1/1 | kept=0 | rest=4228
[WARN] batch start failed | size=4 {1998} | split=2 {3764} + 2 {3765}
[WARN] batch start failed | size=4 {1999} | split=2 {3766} + 2 {3767}
[WARN] batch start failed | size=4 {2000} | split=2 {3768} + 2 {3769}
[WARN] batch start failed | size=4 {2001} | split=2 {3770} + 2 {3771}
[WARN] batch start failed | size=4 {2002} | split=2 {3772} + 2 {3773}
[WARN] batch start failed | size=4 {2003} | split=2 {3774} + 2 {3775}
[WARN] batch start failed | size=4 {2004} | split=2 {3776} + 2 {3777}
[WARN] batch start failed | size=3 {2005} | split=2 {3778} + 1 {3779}
[WARN] batch start failed | size=4 {2006} | split=2 {3780} + 2 {3781}
[WARN] batch start failed | size=4 {2007} | split=2 {3782} + 2 {3783}
[WARN] batch start failed | size=4 {2008} | split=2 {3784} + 2 {3785}
[WARN] batch start failed | size=3 {2009} | split=2 {3786} + 1 {3787}
[WARN] batch start failed | size=4 {2010} | split=2 {3788} + 2 {3789}
[WARN] batch start failed | size=4 {2011} | split=2 {3790} + 2 {3791}
[WARN] batch start failed | size=3 {2013} | split=2 {3792} + 1 {3793}
[WARN] batch start failed | size=4 {2012} | split=2 {3794} + 2 {3795}
[WARN] batch start failed | size=4 {2015} | split=2 {3796} + 2 {3797}
[WARN] batch start failed | size=4 {2014} | split=2 {3798} + 2 {3799}
[WARN] batch start failed | size=4 {2016} | split=2 {3800} + 2 {3801}
[WARN] batch start failed | size=4 {2017} | split=2 {3802} + 2 {3803}
[WARN] batch start failed | size=4 {2019} | split=2 {3804} + 2 {3805}
[WARN] batch start failed | size=4 {2018} | split=2 {3806} + 2 {3807}
[WARN] batch start failed | size=4 {2020} | split=2 {3808} + 2 {3809}
[WARN] batch start failed | size=3 {2021} | split=2 {3810} + 1 {3811}
[WARN] batch start failed | size=4 {2022} | split=2 {3812} + 2 {3813}
[WARN] batch start failed | size=3 {2023} | split=2 {3814} + 1 {3815}
[WARN] batch start failed | size=4 {2024} | split=2 {3816} + 2 {3817}
[WARN] batch start failed | size=4 {2025} | split=2 {3818} + 2 {3819}
[WARN] batch start failed | size=4 {2026} | split=2 {3820} + 2 {3821}
[WARN] batch start failed | size=4 {2027} | split=2 {3822} + 2 {3823}
[WARN] batch start failed | size=4 {2028} | split=2 {3824} + 2 {3825}
[WARN] batch start failed | size=3 {2029} | split=2 {3826} + 1 {3827}
[WARN] batch start failed | size=4 {2031} | split=2 {3828} + 2 {3829}
[WARN] batch start failed | size=4 {2030} | split=2 {3830} + 2 {3831}
[WARN] batch start failed | size=4 {2033} | split=2 {3832} + 2 {3833}
[WARN] batch start failed | size=4 {2032} | split=2 {3834} + 2 {3835}
[WARN] batch start failed | size=4 {2035} | split=2 {3836} + 2 {3837}
[WARN] batch start failed | size=4 {2034} | split=2 {3838} + 2 {3839}
[WARN] batch start failed | size=4 {2036} | split=2 {3840} + 2 {3841}
[WARN] batch start failed | size=3 {2037} | split=2 {3842} + 1 {3843}
[WARN] batch start failed | size=4 {2038} | split=2 {3844} + 2 {3845}
[WARN] batch start failed | size=4 {2039} | split=2 {3846} + 2 {3847}
[WARN] batch start failed | size=4 {2040} | split=2 {3848} + 2 {3849}
[WARN] batch start failed | size=3 {2041} | split=2 {3850} + 1 {3851}
[WARN] batch start failed | size=4 {2043} | split=2 {3852} + 2 {3853}
[WARN] batch start failed | size=4 {2042} | split=2 {3854} + 2 {3855}
[WARN] batch start failed | size=4 {2044} | split=2 {3856} + 2 {3857}
[WARN] batch start failed | size=3 {2045} | split=2 {3858} + 1 {3859}
[WARN] batch start failed | size=4 {2046} | split=2 {3860} + 2 {3861}
[WARN] batch start failed | size=4 {2047} | split=2 {3862} + 2 {3863}
[WARN] batch start failed | size=4 {2048} | split=2 {3864} + 2 {3865}
[WARN] batch start failed | size=4 {2049} | split=2 {3866} + 2 {3867}
[WARN] batch start failed | size=4 {2050} | split=2 {3868} + 2 {3869}
[WARN] batch start failed | size=4 {2051} | split=2 {3870} + 2 {3871}
[WARN] batch start failed | size=4 {2052} | split=2 {3872} + 2 {3873}
[WARN] batch start failed | size=3 {2053} | split=2 {3874} + 1 {3875}
[WARN] batch start failed | size=4 {2054} | split=2 {3876} + 2 {3877}
[WARN] batch start failed | size=4 {2055} | split=2 {3878} + 2 {3879}
[WARN] batch start failed | size=4 {2056} | split=2 {3880} + 2 {3881}
[WARN] batch start failed | size=3 {2057} | split=2 {3882} + 1 {3883}
[WARN] batch start failed | size=4 {2058} | split=2 {3884} + 2 {3885}
[WARN] batch start failed | size=3 {2059} | split=2 {3886} + 1 {3887}
[WARN] batch start failed | size=4 {2060} | split=2 {3888} + 2 {3889}
[WARN] batch start failed | size=4 {2061} | split=2 {3890} + 2 {3891}
[WARN] batch start failed | size=4 {2062} | split=2 {3892} + 2 {3893}
[WARN] batch start failed | size=4 {2063} | split=2 {3894} + 2 {3895}
[WARN] batch start failed | size=4 {2064} | split=2 {3896} + 2 {3897}
[WARN] batch start failed | size=4 {2065} | split=2 {3898} + 2 {3899}
[WARN] batch start failed | size=4 {2066} | split=2 {3900} + 2 {3901}
[WARN] batch start failed | size=4 {2067} | split=2 {3902} + 2 {3903}
[WARN] batch start failed | size=4 {2068} | split=2 {3904} + 2 {3905}
[WARN] batch start failed | size=3 {2069} | split=2 {3906} + 1 {3907}
[WARN] batch start failed | size=4 {2070} | split=2 {3908} + 2 {3909}
[WARN] batch start failed | size=4 {2071} | split=2 {3910} + 2 {3911}
[WARN] batch start failed | size=4 {2072} | split=2 {3912} + 2 {3913}
[WARN] batch start failed | size=3 {2073} | split=2 {3914} + 1 {3915}
[WARN] batch start failed | size=4 {2074} | split=2 {3916} + 2 {3917}
[WARN] batch start failed | size=4 {2075} | split=2 {3918} + 2 {3919}
[WARN] batch start failed | size=4 {2076} | split=2 {3920} + 2 {3921}
[WARN] batch start failed | size=3 {2077} | split=2 {3922} + 1 {3923}
[WARN] batch start failed | size=4 {2078} | split=2 {3924} + 2 {3925}
[WARN] batch start failed | size=4 {2079} | split=2 {3926} + 2 {3927}
[WARN] batch start failed | size=3 {2081} | split=2 {3928} + 1 {3929}
[WARN] batch start failed | size=4 {2080} | split=2 {3930} + 2 {3931}
[WARN] batch start failed | size=4 {2082} | split=2 {3932} + 2 {3933}
[WARN] batch start failed | size=4 {2083} | split=2 {3934} + 2 {3935}
[WARN] batch start failed | size=4 {2084} | split=2 {3936} + 2 {3937}
[WARN] batch start failed | size=3 {2085} | split=2 {3938} + 1 {3939}
[WARN] batch start failed | size=4 {2086} | split=2 {3940} + 2 {3941}
[WARN] batch start failed | size=4 {2087} | split=2 {3942} + 2 {3943}
[WARN] batch start failed | size=4 {2088} | split=2 {3944} + 2 {3945}
[TEST] {1990} tested=1/1 | kept=0 | rest=4227
[WARN] batch start failed | size=4 {2089} | split=2 {3946} + 2 {3947}
[TEST] {1991} tested=1/1 | kept=0 | rest=4226
[WARN] batch start failed | size=4 {2090} | split=2 {3948} + 2 {3949}
[WARN] batch start failed | size=4 {2091} | split=2 {3950} + 2 {3951}
[WARN] batch start failed | size=4 {2092} | split=2 {3952} + 2 {3953}
[WARN] batch start failed | size=3 {2093} | split=2 {3954} + 1 {3955}
[TEST] {3756} tested=1/1 | kept=0 | rest=4225
[WARN] batch start failed | size=2 {2095} | split=1 {3956} + 1 {3957}
[WARN] batch start failed | size=2 {2094} | split=1 {3958} + 1 {3959}
[WARN] batch start failed | size=2 {2096} | split=1 {3960} + 1 {3961}
[WARN] batch start failed | size=2 {2097} | split=1 {3962} + 1 {3963}
[WARN] batch start failed | size=2 {2098} | split=1 {3964} + 1 {3965}
[WARN] batch start failed | size=2 {3954} | split=1 {3966} + 1 {3967}
[WARN] batch start failed | size=2 {2103} | split=1 {3968} + 1 {3969}
[WARN] batch start failed | size=2 {2105} | split=1 {3970} + 1 {3971}
[WARN] batch start failed | size=2 {2104} | split=1 {3972} + 1 {3973}
[WARN] batch start failed | size=2 {2107} | split=1 {3974} + 1 {3975}
[WARN] batch start failed | size=2 {2106} | split=1 {3976} + 1 {3977}
[WARN] batch start failed | size=2 {2108} | split=1 {3978} + 1 {3979}
[TEST] {2101} tested=1/1 | kept=0 | rest=4224
[WARN] batch start failed | size=8 {2110} | split=4 {3980} + 4 {3981}
[TEST] {2109} tested=1/1 | kept=0 | rest=4223
[WARN] batch start failed | size=8 {2112} | split=4 {3982} + 4 {3983}
[TEST] {3976} tested=1/1 | kept=0 | rest=4222
[WARN] batch start failed | size=7 {2113} | split=4 {3984} + 3 {3985}
[WARN] batch start failed | size=7 {2115} | split=4 {3986} + 3 {3987}
[WARN] batch start failed | size=8 {2114} | split=4 {3988} + 4 {3989}
[WARN] batch start failed | size=8 {2116} | split=4 {3990} + 4 {3991}
[WARN] batch start failed | size=8 {2117} | split=4 {3992} + 4 {3993}
[WARN] batch start failed | size=8 {2118} | split=4 {3994} + 4 {3995}
[WARN] batch start failed | size=8 {2119} | split=4 {3996} + 4 {3997}
[WARN] batch start failed | size=7 {2121} | split=4 {3998} + 3 {3999}
[WARN] batch start failed | size=8 {2120} | split=4 {4000} + 4 {4001}
[WARN] batch start failed | size=7 {2123} | split=4 {4002} + 3 {4003}
[WARN] batch start failed | size=8 {2122} | split=4 {4004} + 4 {4005}
[WARN] batch start failed | size=7 {1059} | split=4 {4006} + 3 {4007}
[WARN] batch start failed | size=7 {2125} | split=4 {4008} + 3 {4009}
[WARN] batch start failed | size=4 {2127} | split=2 {4010} + 2 {4011}
[WARN] batch start failed | size=4 {2126} | split=2 {4012} + 2 {4013}
[WARN] batch start failed | size=4 {2128} | split=2 {4014} + 2 {4015}
[WARN] batch start failed | size=4 {2129} | split=2 {4016} + 2 {4017}
[WARN] batch start failed | size=4 {2130} | split=2 {4018} + 2 {4019}
[WARN] batch start failed | size=4 {2131} | split=2 {4020} + 2 {4021}
[WARN] batch start failed | size=8 {2132} | split=4 {4022} + 4 {4023}
[WARN] batch start failed | size=8 {2133} | split=4 {4024} + 4 {4025}
[WARN] batch start failed | size=7 {2135} | split=4 {4026} + 3 {4027}
[WARN] batch start failed | size=8 {2134} | split=4 {4028} + 4 {4029}
[WARN] batch start failed | size=2 {2136} | split=1 {4030} + 1 {4031}
[WARN] batch start failed | size=2 {2137} | split=1 {4032} + 1 {4033}
[WARN] batch start failed | size=4 {2138} | split=2 {4034} + 2 {4035}
[WARN] batch start failed | size=3 {2139} | split=2 {4036} + 1 {4037}
[WARN] batch start failed | size=2 {2140} | split=1 {4038} + 1 {4039}
[WARN] batch start failed | size=4 {2142} | split=2 {4040} + 2 {4041}
[TEST] {2141} tested=1/1 | kept=0 | rest=4221
[WARN] batch start failed | size=4 {2143} | split=2 {4042} + 2 {4043}
[WARN] batch start failed | size=4 {2144} | split=2 {4044} + 2 {4045}
[WARN] batch start failed | size=3 {2145} | split=2 {4046} + 1 {4047}
[WARN] batch start failed | size=3 {2147} | split=2 {4048} + 1 {4049}
[WARN] batch start failed | size=4 {2146} | split=2 {4050} + 2 {4051}
[WARN] batch start failed | size=4 {2148} | split=2 {4052} + 2 {4053}
[WARN] batch start failed | size=4 {2149} | split=2 {4054} + 2 {4055}
[WARN] batch start failed | size=4 {2150} | split=2 {4056} + 2 {4057}
[WARN] batch start failed | size=4 {2151} | split=2 {4058} + 2 {4059}
[WARN] batch start failed | size=4 {2152} | split=2 {4060} + 2 {4061}
[WARN] batch start failed | size=4 {2153} | split=2 {4062} + 2 {4063}
[WARN] batch start failed | size=4 {2154} | split=2 {4064} + 2 {4065}
[WARN] batch start failed | size=4 {2155} | split=2 {4066} + 2 {4067}
[WARN] batch start failed | size=8 {2157} | split=4 {4068} + 4 {4069}
[WARN] batch start failed | size=8 {2156} | split=4 {4070} + 4 {4071}
[WARN] batch start failed | size=2 {2158} | split=1 {4072} + 1 {4073}
[WARN] batch start failed | size=2 {2159} | split=1 {4074} + 1 {4075}
[WARN] batch start failed | size=4 {2160} | split=2 {4076} + 2 {4077}
[WARN] batch start failed | size=3 {2161} | split=2 {4078} + 1 {4079}
[WARN] batch start failed | size=4 {2162} | split=2 {4080} + 2 {4081}
[WARN] batch start failed | size=3 {2163} | split=2 {4082} + 1 {4083}
[WARN] batch start failed | size=2 {2164} | split=1 {4084} + 1 {4085}
[WARN] batch start failed | size=2 {2165} | split=1 {4086} + 1 {4087}
[WARN] batch start failed | size=4 {2167} | split=2 {4088} + 2 {4089}
[WARN] batch start failed | size=4 {2166} | split=2 {4090} + 2 {4091}
[WARN] batch start failed | size=8 {2168} | split=4 {4092} + 4 {4093}
[WARN] batch start failed | size=7 {2169} | split=4 {4094} + 3 {4095}
[WARN] batch start failed | size=4 {2170} | split=2 {4096} + 2 {4097}
[WARN] batch start failed | size=4 {2171} | split=2 {4098} + 2 {4099}
[WARN] batch start failed | size=4 {2172} | split=2 {4100} + 2 {4101}
[WARN] batch start failed | size=3 {2173} | split=2 {4102} + 1 {4103}
[WARN] batch start failed | size=4 {2174} | split=2 {4104} + 2 {4105}
[WARN] batch start failed | size=2 {4100} | split=1 {4106} + 1 {4107}
[WARN] batch start failed | size=3 {2177} | split=2 {4108} + 1 {4109}
[WARN] batch start failed | size=4 {2176} | split=2 {4110} + 2 {4111}
[WARN] batch start failed | size=2 {2178} | split=1 {4112} + 1 {4113}
[WARN] batch start failed | size=4 {2180} | split=2 {4114} + 2 {4115}
[WARN] batch start failed | size=4 {2181} | split=2 {4116} + 2 {4117}
[WARN] batch start failed | size=4 {2182} | split=2 {4118} + 2 {4119}
[WARN] batch start failed | size=3 {2183} | split=2 {4120} + 1 {4121}
[WARN] batch start failed | size=2 {2185} | split=1 {4122} + 1 {4123}
[WARN] batch start failed | size=2 {2184} | split=1 {4124} + 1 {4125}
[WARN] batch start failed | size=4 {2186} | split=2 {4126} + 2 {4127}
[WARN] batch start failed | size=4 {2187} | split=2 {4128} + 2 {4129}
[TEST] {3955} tested=1/1 | kept=0 | rest=4219
[TEST] {2102} tested=2/2 | kept=0 | rest=4217
[WARN] batch start failed | size=4 {2188} | split=2 {4130} + 2 {4131}
[WARN] batch start failed | size=3 {2189} | split=2 {4132} + 1 {4133}
[WARN] batch start failed | size=2 {2190} | split=1 {4134} + 1 {4135}
[TEST] {2179} tested=2/2 | kept=0 | rest=4216
[WARN] batch start failed | size=2 {2193} | split=1 {4136} + 1 {4137}
[WARN] batch start failed | size=2 {2192} | split=1 {4138} + 1 {4139}
[WARN] batch start failed | size=4 {2194} | split=2 {4140} + 2 {4141}
[WARN] batch start failed | size=4 {2196} | split=2 {4142} + 2 {4143}
[WARN] batch start failed | size=3 {2197} | split=2 {4144} + 1 {4145}
[WARN] batch start failed | size=4 {2195} | split=2 {4146} + 2 {4147}
[WARN] batch start failed | size=2 {2199} | split=1 {4148} + 1 {4149}
[WARN] batch start failed | size=4 {2201} | split=2 {4150} + 2 {4151}
[WARN] batch start failed | size=2 {4143} | split=1 {4152} + 1 {4153}
[WARN] batch start failed | size=2 {2202} | split=1 {4154} + 1 {4155}
[WARN] batch start failed | size=2 {4150} | split=1 {4156} + 1 {4157}
[WARN] batch start failed | size=2 {2203} | split=1 {4158} + 1 {4159}
[WARN] batch start failed | size=2 {2205} | split=1 {4160} + 1 {4161}
[WARN] batch start failed | size=2 {2206} | split=1 {4162} + 1 {4163}
[WARN] batch start failed | size=4 {2208} | split=2 {4164} + 2 {4165}
[WARN] batch start failed | size=4 {2209} | split=2 {4166} + 2 {4167}
[TEST] {2207} tested=1/1 | kept=0 | rest=4213
[WARN] batch start failed | size=2 {2211} | split=1 {4168} + 1 {4169}
[WARN] batch start failed | size=2 {2213} | split=1 {4170} + 1 {4171}
[WARN] batch start failed | size=2 {2212} | split=1 {4172} + 1 {4173}
[WARN] batch start failed | size=2 {2214} | split=1 {4174} + 1 {4175}
[WARN] batch start failed | size=2 {2215} | split=1 {4176} + 1 {4177}
[WARN] batch start failed | size=2 {2218} | split=1 {4178} + 1 {4179}
[TEST] {2219} tested=1/1 | kept=0 | rest=4209
[WARN] batch start failed | size=2 {2220} | split=1 {4180} + 1 {4181}
[WARN] batch start failed | size=2 {2221} | split=1 {4182} + 1 {4183}
[WARN] batch start failed | size=2 {2222} | split=1 {4184} + 1 {4185}
[TEST] {2191} tested=2/2 | kept=0 | rest=4208
[WARN] batch start failed | size=2 {2224} | split=1 {4186} + 1 {4187}
[TEST] {2198} tested=2/2 | kept=0 | rest=4207
[WARN] batch start failed | size=2 {2225} | split=1 {4188} + 1 {4189}
[WARN] batch start failed | size=8 {2226} | split=4 {4190} + 4 {4191}
[WARN] batch start failed | size=7 {2227} | split=4 {4192} + 3 {4193}
[WARN] batch start failed | size=8 {2228} | split=4 {4194} + 4 {4195}
[WARN] batch start failed | size=7 {2229} | split=4 {4196} + 3 {4197}
[TEST] {2210} tested=2/2 | kept=0 | rest=4206
[TEST] {2231} tested=1/1 | kept=0 | rest=4205
[TEST] {2216} tested=2/2 | kept=0 | rest=4204
[TEST] {2217} tested=2/2 | kept=0 | rest=4203
[TEST] {2233} tested=1/1 | kept=0 | rest=4202
[WARN] batch start failed | size=8 {2234} | split=4 {4198} + 4 {4199}
[WARN] batch start failed | size=7 {2235} | split=4 {4200} + 3 {4201}
[TEST] {2237} tested=1/1 | kept=0 | rest=4201
[TEST] {2238} tested=1/1 | kept=1 | rest=4200
[TEST] {2232} tested=1/1 | kept=1 | rest=4199
[TEST] {2241} tested=1/1 | kept=0 | rest=4198
[TEST] {2240} tested=1/1 | kept=0 | rest=4197
[WARN] batch start failed | size=2 {2242} | split=1 {4202} + 1 {4203}
[WARN] batch start failed | size=2 {2243} | split=1 {4204} + 1 {4205}
[WARN] batch start failed | size=8 {2244} | split=4 {4206} + 4 {4207}
[WARN] batch start failed | size=7 {2245} | split=4 {4208} + 3 {4209}
[TEST] {2223} tested=1/1 | kept=0 | rest=4196
[WARN] batch start failed | size=4 {2246} | split=2 {4210} + 2 {4211}
[WARN] batch start failed | size=3 {2247} | split=2 {4212} + 1 {4213}
[WARN] batch start failed | size=4 {2248} | split=2 {4214} + 2 {4215}
[WARN] batch start failed | size=4 {2249} | split=2 {4216} + 2 {4217}
[WARN] batch start failed | size=4 {2250} | split=2 {4218} + 2 {4219}
[WARN] batch start failed | size=3 {2251} | split=2 {4220} + 1 {4221}
[TEST] {2239} tested=1/1 | kept=1 | rest=4195
[TEST] {2253} tested=1/1 | kept=0 | rest=4194
[WARN] batch start failed | size=4 {2256} | split=2 {4222} + 2 {4223}
[TEST] {2254} tested=1/1 | kept=0 | rest=4193
[WARN] batch start failed | size=3 {2257} | split=2 {4224} + 1 {4225}
[TEST] {2252} tested=1/1 | kept=1 | rest=4192
[TEST] {1135} tested=1/1 | kept=0 | rest=4191
[WARN] batch start failed | size=2 {2260} | split=1 {4226} + 1 {4227}
[WARN] batch start failed | size=4 {2259} | split=2 {4228} + 2 {4229}
[WARN] batch start failed | size=2 {2261} | split=1 {4230} + 1 {4231}
[WARN] batch start failed | size=2 {2262} | split=1 {4232} + 1 {4233}
[WARN] batch start failed | size=2 {2263} | split=1 {4234} + 1 {4235}
[WARN] batch start failed | size=2 {2264} | split=1 {4236} + 1 {4237}
[WARN] batch start failed | size=2 {2265} | split=1 {4238} + 1 {4239}
[WARN] batch start failed | size=2 {2266} | split=1 {4240} + 1 {4241}
[WARN] batch start failed | size=2 {2267} | split=1 {4242} + 1 {4243}
[WARN] batch start failed | size=2 {2268} | split=1 {4244} + 1 {4245}
[WARN] batch start failed | size=2 {2269} | split=1 {4246} + 1 {4247}
[WARN] batch start failed | size=2 {2270} | split=1 {4248} + 1 {4249}
[TEST] {2271} tested=1/1 | kept=0 | rest=4190
[WARN] batch start failed | size=2 {2273} | split=1 {4250} + 1 {4251}
[WARN] batch start failed | size=2 {2272} | split=1 {4252} + 1 {4253}
[TEST] {2277} tested=1/1 | kept=0 | rest=4189
[TEST] {2276} tested=1/1 | kept=0 | rest=4188
[TEST] {2278} tested=1/1 | kept=0 | rest=4187
[TEST] {2230} tested=1/1 | kept=0 | rest=4186
[TEST] {2279} tested=1/1 | kept=0 | rest=4185
[TEST] {2280} tested=1/1 | kept=0 | rest=4184
[TEST] {2281} tested=1/1 | kept=0 | rest=4183
[TEST] {2283} tested=1/1 | kept=0 | rest=4182
[TEST] {2236} tested=1/1 | kept=0 | rest=4181
[TEST] {2284} tested=1/1 | kept=0 | rest=4180
[TEST] {2285} tested=1/1 | kept=0 | rest=4179
[TEST] {2286} tested=1/1 | kept=0 | rest=4178
[TEST] {2255} tested=1/1 | kept=0 | rest=4177
[TEST] {2289} tested=1/1 | kept=0 | rest=4176
[TEST] {2290} tested=1/1 | kept=0 | rest=4175
[TEST] {2274} tested=1/1 | kept=0 | rest=4174
[TEST] {2292} tested=1/1 | kept=0 | rest=4173
[TEST] {2293} tested=1/1 | kept=0 | rest=4172
[TEST] {2275} tested=1/1 | kept=0 | rest=4171
[TEST] {2294} tested=1/1 | kept=0 | rest=4170
[TEST] {2291} tested=1/1 | kept=1 | rest=4169
[TEST] {2282} tested=1/1 | kept=0 | rest=4168
[TEST] {2298} tested=1/1 | kept=0 | rest=4167
[TEST] {2287} tested=1/1 | kept=0 | rest=4166
[WARN] batch start failed | size=4 {2300} | split=2 {4254} + 2 {4255}
[TEST] {2288} tested=1/1 | kept=0 | rest=4165
[WARN] batch start failed | size=4 {2301} | split=2 {4256} + 2 {4257}
[WARN] batch start failed | size=3 {2303} | split=2 {4258} + 1 {4259}
[WARN] batch start failed | size=4 {2302} | split=2 {4260} + 2 {4261}
[WARN] batch start failed | size=4 {2304} | split=2 {4262} + 2 {4263}
[WARN] batch start failed | size=4 {2305} | split=2 {4264} + 2 {4265}
[WARN] batch start failed | size=4 {2307} | split=2 {4266} + 2 {4267}
[WARN] batch start failed | size=4 {2306} | split=2 {4268} + 2 {4269}
[WARN] batch start failed | size=4 {2308} | split=2 {4270} + 2 {4271}
[WARN] batch start failed | size=2 {4267} | split=1 {4272} + 1 {4273}
[WARN] batch start failed | size=3 {2311} | split=2 {4274} + 1 {4275}
[WARN] batch start failed | size=4 {2310} | split=2 {4276} + 2 {4277}
[WARN] batch start failed | size=4 {2313} | split=2 {4278} + 2 {4279}
[WARN] batch start failed | size=4 {2312} | split=2 {4280} + 2 {4281}
[WARN] batch start failed | size=3 {2315} | split=2 {4282} + 1 {4283}
[WARN] batch start failed | size=4 {2314} | split=2 {4284} + 2 {4285}
[WARN] batch start failed | size=4 {2316} | split=2 {4286} + 2 {4287}
[WARN] batch start failed | size=4 {2317} | split=2 {4288} + 2 {4289}
[WARN] batch start failed | size=3 {2319} | split=2 {4290} + 1 {4291}
[WARN] batch start failed | size=4 {2318} | split=2 {4292} + 2 {4293}
[WARN] batch start failed | size=7 {2321} | split=4 {4294} + 3 {4295}
[WARN] batch start failed | size=8 {2320} | split=4 {4296} + 4 {4297}
[WARN] batch start failed | size=4 {2322} | split=2 {4298} + 2 {4299}
[WARN] batch start failed | size=3 {2323} | split=2 {4300} + 1 {4301}
[WARN] batch start failed | size=4 {2324} | split=2 {4302} + 2 {4303}
[WARN] batch start failed | size=3 {2325} | split=2 {4304} + 1 {4305}
[WARN] batch start failed | size=4 {2326} | split=2 {4306} + 2 {4307}
[WARN] batch start failed | size=4 {2327} | split=2 {4308} + 2 {4309}
[WARN] batch start failed | size=4 {2329} | split=2 {4310} + 2 {4311}
[WARN] batch start failed | size=4 {2328} | split=2 {4312} + 2 {4313}
[WARN] batch start failed | size=4 {2330} | split=2 {4314} + 2 {4315}
[WARN] batch start failed | size=3 {2331} | split=2 {4316} + 1 {4317}
[WARN] batch start failed | size=4 {2332} | split=2 {4318} + 2 {4319}
[WARN] batch start failed | size=4 {2333} | split=2 {4320} + 2 {4321}
[WARN] batch start failed | size=4 {2334} | split=2 {4322} + 2 {4323}
[WARN] batch start failed | size=2 {4318} | split=1 {4324} + 1 {4325}
[WARN] batch start failed | size=2 {4322} | split=1 {4326} + 1 {4327}
[WARN] batch start failed | size=4 {2336} | split=2 {4328} + 2 {4329}
[TEST] {2295} tested=1/1 | kept=0 | rest=4164
[WARN] batch start failed | size=4 {2338} | split=2 {4330} + 2 {4331}
[WARN] batch start failed | size=3 {2339} | split=2 {4332} + 1 {4333}
[WARN] batch start failed | size=2 {2341} | split=1 {4334} + 1 {4335}
[WARN] batch start failed | size=2 {2340} | split=1 {4336} + 1 {4337}
[WARN] batch start failed | size=8 {2342} | split=4 {4338} + 4 {4339}
[WARN] batch start failed | size=7 {2343} | split=4 {4340} + 3 {4341}
[TEST] {2296} tested=1/1 | kept=0 | rest=4163
[TEST] {2297} tested=1/1 | kept=0 | rest=4162
[WARN] batch start failed | size=4 {2344} | split=2 {4342} + 2 {4343}
[TEST] {4336} tested=1/1 | kept=0 | rest=4161
[WARN] batch start failed | size=4 {2346} | split=2 {4344} + 2 {4345}
[WARN] batch start failed | size=3 {2347} | split=2 {4346} + 1 {4347}
[WARN] batch start failed | size=4 {2348} | split=2 {4348} + 2 {4349}
[WARN] batch start failed | size=3 {2349} | split=2 {4350} + 1 {4351}
[WARN] batch start failed | size=2 {4345} | split=1 {4352} + 1 {4353}
[WARN] batch start failed | size=4 {2350} | split=2 {4354} + 2 {4355}
[WARN] batch start failed | size=4 {2352} | split=2 {4356} + 2 {4357}
[WARN] batch start failed | size=3 {2353} | split=2 {4358} + 1 {4359}
[WARN] batch start failed | size=4 {2355} | split=2 {4360} + 2 {4361}
[WARN] batch start failed | size=4 {2357} | split=2 {4362} + 2 {4363}
[WARN] batch start failed | size=4 {2354} | split=2 {4364} + 2 {4365}
[WARN] batch start failed | size=4 {2356} | split=2 {4366} + 2 {4367}
[WARN] batch start failed | size=4 {2358} | split=2 {4368} + 2 {4369}
[WARN] batch start failed | size=3 {2359} | split=2 {4370} + 1 {4371}
[WARN] batch start failed | size=7 {2361} | split=4 {4372} + 3 {4373}
[WARN] batch start failed | size=8 {2360} | split=4 {4374} + 4 {4375}
[WARN] batch start failed | size=4 {2362} | split=2 {4376} + 2 {4377}
[WARN] batch start failed | size=3 {2363} | split=2 {4378} + 1 {4379}
[TEST] {2365} tested=1/1 | kept=0 | rest=4160
[WARN] batch start failed | size=4 {2368} | split=2 {4380} + 2 {4381}
[WARN] batch start failed | size=4 {2369} | split=2 {4382} + 2 {4383}
[WARN] batch start failed | size=3 {2371} | split=2 {4384} + 1 {4385}
[WARN] batch start failed | size=4 {2370} | split=2 {4386} + 2 {4387}
[WARN] batch start failed | size=4 {2372} | split=2 {4388} + 2 {4389}
[TEST] {2364} tested=1/1 | kept=1 | rest=4159
[TEST] {2299} tested=1/1 | kept=0 | rest=4158
[WARN] batch start failed | size=4 {2373} | split=2 {4390} + 2 {4391}
[WARN] batch start failed | size=4 {2374} | split=2 {4392} + 2 {4393}
[WARN] batch start failed | size=4 {2375} | split=2 {4394} + 2 {4395}
[TEST] {2367} tested=1/1 | kept=1 | rest=4157
[WARN] batch start failed | size=4 {2376} | split=2 {4396} + 2 {4397}
[WARN] batch start failed | size=4 {2377} | split=2 {4398} + 2 {4399}
[WARN] batch start failed | size=4 {2378} | split=2 {4400} + 2 {4401}
[WARN] batch start failed | size=3 {2379} | split=2 {4402} + 1 {4403}
[WARN] batch start failed | size=4 {2380} | split=2 {4404} + 2 {4405}
[WARN] batch start failed | size=4 {2381} | split=2 {4406} + 2 {4407}
[WARN] batch start failed | size=3 {2383} | split=2 {4408} + 1 {4409}
[WARN] batch start failed | size=2 {2385} | split=1 {4410} + 1 {4411}
[WARN] batch start failed | size=4 {2382} | split=2 {4412} + 2 {4413}
[WARN] batch start failed | size=2 {2384} | split=1 {4414} + 1 {4415}
[WARN] batch start failed | size=2 {2386} | split=1 {4416} + 1 {4417}
[WARN] batch start failed | size=2 {2387} | split=1 {4418} + 1 {4419}
[WARN] batch start failed | size=4 {2388} | split=2 {4420} + 2 {4421}
[WARN] batch start failed | size=4 {2389} | split=2 {4422} + 2 {4423}
[WARN] batch start failed | size=2 {4413} | split=1 {4424} + 1 {4425}
[WARN] batch start failed | size=3 {2391} | split=2 {4426} + 1 {4427}
[WARN] batch start failed | size=4 {2393} | split=2 {4428} + 2 {4429}
[WARN] batch start failed | size=4 {2392} | split=2 {4430} + 2 {4431}
[WARN] batch start failed | size=3 {2395} | split=2 {4432} + 1 {4433}
[WARN] batch start failed | size=4 {2394} | split=2 {4434} + 2 {4435}
[REPAIR] name=[Epodonios] EPODONIOS {4424} | fields=cipher
[WARN] batch start failed | size=3 {2397} | split=2 {4436} + 1 {4437}
[TEST] {2366} tested=1/1 | kept=1 | rest=4156
[WARN] batch start failed | size=4 {2398} | split=2 {4438} + 2 {4439}
[WARN] batch start failed | size=4 {2399} | split=2 {4440} + 2 {4441}
[WARN] batch start failed | size=4 {2400} | split=2 {4442} + 2 {4443}
[WARN] batch start failed | size=2 {4434} | split=1 {4444} + 1 {4445}
[WARN] batch start failed | size=4 {2402} | split=2 {4446} + 2 {4447}
[WARN] batch start failed | size=4 {2403} | split=2 {4448} + 2 {4449}
[WARN] batch start failed | size=4 {2404} | split=2 {4450} + 2 {4451}
[WARN] batch start failed | size=2 {4440} | split=1 {4452} + 1 {4453}
[WARN] batch start failed | size=2 {4442} | split=1 {4454} + 1 {4455}
[WARN] batch start failed | size=4 {2405} | split=2 {4456} + 2 {4457}
[WARN] batch start failed | size=4 {2408} | split=2 {4458} + 2 {4459}
[WARN] batch start failed | size=4 {2409} | split=2 {4460} + 2 {4461}
[WARN] batch start failed | size=4 {2410} | split=2 {4462} + 2 {4463}
[WARN] batch start failed | size=3 {2411} | split=2 {4464} + 1 {4465}
[WARN] batch start failed | size=4 {2412} | split=2 {4466} + 2 {4467}
[WARN] batch start failed | size=4 {2414} | split=2 {4468} + 2 {4469}
[WARN] batch start failed | size=3 {2415} | split=2 {4470} + 1 {4471}
[WARN] batch start failed | size=4 {2417} | split=2 {4472} + 2 {4473}
[WARN] batch start failed | size=4 {2416} | split=2 {4474} + 2 {4475}
[WARN] batch start failed | size=4 {2418} | split=2 {4476} + 2 {4477}
[WARN] batch start failed | size=3 {2419} | split=2 {4478} + 1 {4479}
[WARN] batch start failed | size=4 {2420} | split=2 {4480} + 2 {4481}
[WARN] batch start failed | size=4 {2421} | split=2 {4482} + 2 {4483}
[WARN] batch start failed | size=4 {2422} | split=2 {4484} + 2 {4485}
[TEST] {4453} tested=1/1 | kept=1 | rest=4155
[WARN] batch start failed | size=3 {2423} | split=2 {4486} + 1 {4487}
[WARN] batch start failed | size=4 {2424} | split=2 {4488} + 2 {4489}
[WARN] batch start failed | size=4 {2425} | split=2 {4490} + 2 {4491}
[WARN] batch start failed | size=4 {2426} | split=2 {4492} + 2 {4493}
[WARN] batch start failed | size=3 {2427} | split=2 {4494} + 1 {4495}
[WARN] batch start failed | size=4 {2428} | split=2 {4496} + 2 {4497}
[WARN] batch start failed | size=4 {2430} | split=2 {4498} + 2 {4499}
[WARN] batch start failed | size=4 {2429} | split=2 {4500} + 2 {4501}
[WARN] batch start failed | size=3 {2431} | split=2 {4502} + 1 {4503}
[WARN] batch start failed | size=4 {2432} | split=2 {4504} + 2 {4505}
[WARN] batch start failed | size=3 {2433} | split=2 {4506} + 1 {4507}
[WARN] batch start failed | size=4 {2434} | split=2 {4508} + 2 {4509}
[WARN] batch start failed | size=4 {2435} | split=2 {4510} + 2 {4511}
[WARN] batch start failed | size=4 {2436} | split=2 {4512} + 2 {4513}
[WARN] batch start failed | size=4 {2438} | split=2 {4514} + 2 {4515}
[WARN] batch start failed | size=3 {2437} | split=2 {4516} + 1 {4517}
[WARN] batch start failed | size=4 {2439} | split=2 {4518} + 2 {4519}
[WARN] batch start failed | size=4 {2440} | split=2 {4520} + 2 {4521}
[WARN] batch start failed | size=2 {4508} | split=1 {4522} + 1 {4523}
[WARN] batch start failed | size=4 {2442} | split=2 {4524} + 2 {4525}
[WARN] batch start failed | size=4 {2443} | split=2 {4526} + 2 {4527}
[WARN] batch start failed | size=4 {2445} | split=2 {4528} + 2 {4529}
[WARN] batch start failed | size=4 {2444} | split=2 {4530} + 2 {4531}
[WARN] batch start failed | size=2 {4520} | split=1 {4532} + 1 {4533}
[WARN] batch start failed | size=3 {2447} | split=2 {4534} + 1 {4535}
[WARN] batch start failed | size=3 {2449} | split=2 {4536} + 1 {4537}
[WARN] batch start failed | size=4 {2448} | split=2 {4538} + 2 {4539}
[WARN] batch start failed | size=4 {2450} | split=2 {4540} + 2 {4541}
[WARN] batch start failed | size=4 {2451} | split=2 {4542} + 2 {4543}
[WARN] batch start failed | size=4 {2453} | split=2 {4544} + 2 {4545}
[WARN] batch start failed | size=4 {2454} | split=2 {4546} + 2 {4547}
[WARN] batch start failed | size=3 {2455} | split=2 {4548} + 1 {4549}
[WARN] batch start failed | size=4 {2456} | split=2 {4550} + 2 {4551}
[WARN] batch start failed | size=4 {2457} | split=2 {4552} + 2 {4553}
[WARN] batch start failed | size=4 {2458} | split=2 {4554} + 2 {4555}
[WARN] batch start failed | size=4 {2459} | split=2 {4556} + 2 {4557}
[WARN] batch start failed | size=2 {2461} | split=1 {4558} + 1 {4559}
[WARN] batch start failed | size=4 {1241} | split=2 {4560} + 2 {4561}
[WARN] batch start failed | size=4 {2462} | split=2 {4562} + 2 {4563}
[WARN] batch start failed | size=4 {2463} | split=2 {4564} + 2 {4565}
[WARN] batch start failed | size=2 {2464} | split=1 {4566} + 1 {4567}
[WARN] batch start failed | size=2 {2465} | split=1 {4568} + 1 {4569}
[WARN] batch start failed | size=2 {2466} | split=1 {4570} + 1 {4571}
[WARN] batch start failed | size=2 {2468} | split=1 {4572} + 1 {4573}
[WARN] batch start failed | size=2 {2469} | split=1 {4574} + 1 {4575}
[WARN] batch start failed | size=2 {2472} | split=1 {4576} + 1 {4577}
[TEST] {2470} tested=1/1 | kept=0 | rest=4154
[WARN] batch start failed | size=2 {2473} | split=1 {4578} + 1 {4579}
[WARN] batch start failed | size=2 {2474} | split=1 {4580} + 1 {4581}
[WARN] batch start failed | size=2 {2477} | split=1 {4582} + 1 {4583}
[WARN] batch start failed | size=3 {1247} | split=2 {4584} + 1 {4585}
[WARN] batch start failed | size=2 {2478} | split=1 {4586} + 1 {4587}
[TEST] {2467} tested=1/1 | kept=0 | rest=4153
[TEST] {2475} tested=1/1 | kept=0 | rest=4152
[WARN] batch start failed | size=2 {2479} | split=1 {4588} + 1 {4589}
[WARN] batch start failed | size=2 {2480} | split=1 {4590} + 1 {4591}
[WARN] batch start failed | size=2 {2481} | split=1 {4592} + 1 {4593}
[TEST] {2483} tested=1/1 | kept=0 | rest=4151
[TEST] {2486} tested=1/1 | kept=1 | rest=4150
[TEST] {2484} tested=1/1 | kept=0 | rest=4149
[WARN] batch start failed | size=4 {1254} | split=2 {4594} + 2 {4595}
[WARN] batch start failed | size=2 {2489} | split=1 {4596} + 1 {4597}
[WARN] batch start failed | size=2 {2490} | split=1 {4598} + 1 {4599}
[TEST] {4424} tested=1/1 | kept=0 | rest=4148
[TEST] {4533} tested=1/1 | kept=0 | rest=4147
[WARN] batch start failed | size=2 {2493} | split=1 {4600} + 1 {4601}
[WARN] batch start failed | size=4 {1257} | split=2 {4602} + 2 {4603}
[TEST] {2471} tested=1/1 | kept=0 | rest=4146
[WARN] batch start failed | size=2 {2494} | split=1 {4604} + 1 {4605}
[WARN] batch start failed | size=2 {2495} | split=1 {4606} + 1 {4607}
[TEST] {2482} tested=1/1 | kept=0 | rest=4145
[WARN] batch start failed | size=2 {2498} | split=1 {4608} + 1 {4609}
[TEST] {2485} tested=1/1 | kept=0 | rest=4143
[TEST] {2487} tested=1/1 | kept=0 | rest=4142
[WARN] batch start failed | size=4 {1263} | split=2 {4610} + 2 {4611}
[WARN] batch start failed | size=2 {2502} | split=1 {4612} + 1 {4613}
[WARN] batch start failed | size=2 {2503} | split=1 {4614} + 1 {4615}
[WARN] batch start failed | size=2 {2504} | split=1 {4616} + 1 {4617}
[TEST] {2491} tested=1/1 | kept=0 | rest=4141
[WARN] batch start failed | size=2 {2505} | split=1 {4618} + 1 {4619}
[WARN] batch start failed | size=2 {2506} | split=1 {4620} + 1 {4621}
[WARN] batch start failed | size=2 {2508} | split=1 {4622} + 1 {4623}
[WARN] batch start failed | size=2 {2509} | split=1 {4624} + 1 {4625}
[WARN] batch start failed | size=2 {2510} | split=1 {4626} + 1 {4627}
[TEST] {2511} tested=1/1 | kept=1 | rest=4140
[WARN] batch start failed | size=2 {2512} | split=1 {4628} + 1 {4629}
[WARN] batch start failed | size=2 {2513} | split=1 {4630} + 1 {4631}
[WARN] batch start failed | size=2 {2514} | split=1 {4632} + 1 {4633}
[WARN] batch start failed | size=2 {2515} | split=1 {4634} + 1 {4635}
[WARN] batch start failed | size=2 {2516} | split=1 {4636} + 1 {4637}
[WARN] batch start failed | size=2 {2517} | split=1 {4638} + 1 {4639}
[WARN] batch start failed | size=2 {2519} | split=1 {4640} + 1 {4641}
[WARN] batch start failed | size=2 {2518} | split=1 {4642} + 1 {4643}
[WARN] batch start failed | size=2 {2520} | split=1 {4644} + 1 {4645}
[TEST] {2496} tested=1/1 | kept=0 | rest=4139
[TEST] {2497} tested=1/1 | kept=0 | rest=4138
[WARN] batch start failed | size=2 {2523} | split=1 {4646} + 1 {4647}
[WARN] batch start failed | size=2 {2522} | split=1 {4648} + 1 {4649}
[WARN] batch start failed | size=2 {2525} | split=1 {4650} + 1 {4651}
[WARN] batch start failed | size=2 {2527} | split=1 {4652} + 1 {4653}
[TEST] {4647} tested=1/1 | kept=0 | rest=4137
[WARN] batch start failed | size=2 {2526} | split=1 {4654} + 1 {4655}
[WARN] batch start failed | size=2 {2529} | split=1 {4656} + 1 {4657}
[WARN] batch start failed | size=2 {2528} | split=1 {4658} + 1 {4659}
[TEST] {2499} tested=2/2 | kept=0 | rest=4136
[WARN] batch start failed | size=2 {2530} | split=1 {4660} + 1 {4661}
[WARN] batch start failed | size=2 {2532} | split=1 {4662} + 1 {4663}
[WARN] batch start failed | size=2 {2534} | split=1 {4664} + 1 {4665}
[TEST] {2501} tested=1/1 | kept=0 | rest=4134
[WARN] batch start failed | size=2 {2535} | split=1 {4666} + 1 {4667}
[WARN] batch start failed | size=2 {2536} | split=1 {4668} + 1 {4669}
[TEST] {2531} tested=2/2 | kept=0 | rest=4133
[WARN] batch start failed | size=2 {2539} | split=1 {4670} + 1 {4671}
[WARN] batch start failed | size=2 {2538} | split=1 {4672} + 1 {4673}
[WARN] batch start failed | size=2 {2540} | split=1 {4674} + 1 {4675}
[WARN] batch start failed | size=2 {2541} | split=1 {4676} + 1 {4677}
[WARN] batch start failed | size=2 {2542} | split=1 {4678} + 1 {4679}
[TEST] {2507} tested=1/1 | kept=0 | rest=4131
[TEST] {2533} tested=1/1 | kept=0 | rest=4130
[TEST] {2543} tested=2/2 | kept=0 | rest=4128
[WARN] batch start failed | size=2 {2544} | split=1 {4680} + 1 {4681}
[TEST] {2537} tested=2/2 | kept=0 | rest=4127
[TEST] {2545} tested=1/1 | kept=0 | rest=4126
[WARN] batch start failed | size=2 {2547} | split=1 {4682} + 1 {4683}
[WARN] batch start failed | size=2 {2549} | split=1 {4684} + 1 {4685}
[WARN] batch start failed | size=2 {2550} | split=1 {4686} + 1 {4687}
[WARN] batch start failed | size=2 {2552} | split=1 {4688} + 1 {4689}
[WARN] batch start failed | size=2 {2555} | split=1 {4690} + 1 {4691}
[TEST] {2546} tested=2/2 | kept=0 | rest=4124
[TEST] {2553} tested=1/1 | kept=0 | rest=4123
[WARN] batch start failed | size=2 {2554} | split=1 {4692} + 1 {4693}
[WARN] batch start failed | size=2 {2557} | split=1 {4694} + 1 {4695}
[WARN] batch start failed | size=2 {2558} | split=1 {4696} + 1 {4697}
[TEST] {2548} tested=2/2 | kept=0 | rest=4121
[WARN] batch start failed | size=2 {2559} | split=1 {4698} + 1 {4699}
[WARN] batch start failed | size=2 {2560} | split=1 {4700} + 1 {4701}
[WARN] batch start failed | size=2 {2561} | split=1 {4702} + 1 {4703}
[WARN] batch start failed | size=2 {2562} | split=1 {4704} + 1 {4705}
[WARN] batch start failed | size=2 {2563} | split=1 {4706} + 1 {4707}
[WARN] batch start failed | size=2 {2564} | split=1 {4708} + 1 {4709}
[WARN] batch start failed | size=2 {2565} | split=1 {4710} + 1 {4711}
[WARN] batch start failed | size=2 {2566} | split=1 {4712} + 1 {4713}
[WARN] batch start failed | size=2 {2567} | split=1 {4714} + 1 {4715}
[WARN] batch start failed | size=2 {2568} | split=1 {4716} + 1 {4717}
[WARN] batch start failed | size=2 {2571} | split=1 {4718} + 1 {4719}
[TEST] {2569} tested=1/1 | kept=0 | rest=4118
[WARN] batch start failed | size=2 {2572} | split=1 {4720} + 1 {4721}
[WARN] batch start failed | size=2 {2574} | split=1 {4722} + 1 {4723}
[WARN] batch start failed | size=2 {2575} | split=1 {4724} + 1 {4725}
[WARN] batch start failed | size=2 {2576} | split=1 {4726} + 1 {4727}
[TEST] {2521} tested=1/1 | kept=0 | rest=4116
[TEST] {2577} tested=1/1 | kept=0 | rest=4115
[WARN] batch start failed | size=2 {2579} | split=1 {4728} + 1 {4729}
[TEST] {2573} tested=2/2 | kept=0 | rest=4114
[WARN] batch start failed | size=2 {2580} | split=1 {4730} + 1 {4731}
[WARN] batch start failed | size=2 {2581} | split=1 {4732} + 1 {4733}
[WARN] batch start failed | size=2 {2582} | split=1 {4734} + 1 {4735}
[TEST] {2583} tested=2/2 | kept=0 | rest=4111
[TEST] {2585} tested=1/1 | kept=0 | rest=4109
[WARN] batch start failed | size=2 {2586} | split=1 {4736} + 1 {4737}
[WARN] batch start failed | size=2 {2587} | split=1 {4738} + 1 {4739}
[WARN] batch start failed | size=2 {2588} | split=1 {4740} + 1 {4741}
[WARN] batch start failed | size=2 {2589} | split=1 {4742} + 1 {4743}
[WARN] batch start failed | size=2 {2590} | split=1 {4744} + 1 {4745}
[WARN] batch start failed | size=2 {2591} | split=1 {4746} + 1 {4747}
[WARN] batch start failed | size=2 {2592} | split=1 {4748} + 1 {4749}
[WARN] batch start failed | size=2 {2593} | split=1 {4750} + 1 {4751}
[WARN] batch start failed | size=2 {2594} | split=1 {4752} + 1 {4753}
[TEST] {4682} tested=1/1 | kept=0 | rest=4107
[WARN] batch start failed | size=2 {2596} | split=1 {4754} + 1 {4755}
[WARN] batch start failed | size=2 {2597} | split=1 {4756} + 1 {4757}
[TEST] {2556} tested=2/2 | kept=0 | rest=4106
[WARN] batch start failed | size=2 {2598} | split=1 {4758} + 1 {4759}
[WARN] batch start failed | size=2 {2599} | split=1 {4760} + 1 {4761}
[WARN] batch start failed | size=2 {2600} | split=1 {4762} + 1 {4763}
[TEST] {2601} tested=1/1 | kept=0 | rest=4105
[WARN] batch start failed | size=2 {2602} | split=1 {4764} + 1 {4765}
[WARN] batch start failed | size=2 {2603} | split=1 {4766} + 1 {4767}
[WARN] batch start failed | size=2 {2604} | split=1 {4768} + 1 {4769}
[WARN] batch start failed | size=2 {2607} | split=1 {4770} + 1 {4771}
[TEST] {2570} tested=2/2 | kept=0 | rest=4104
[WARN] batch start failed | size=2 {2606} | split=1 {4772} + 1 {4773}
[WARN] batch start failed | size=2 {2608} | split=1 {4774} + 1 {4775}
[WARN] batch start failed | size=2 {2609} | split=1 {4776} + 1 {4777}
[TEST] {2605} tested=1/1 | kept=0 | rest=4103
[WARN] batch start failed | size=2 {2611} | split=1 {4778} + 1 {4779}
[WARN] batch start failed | size=2 {2610} | split=1 {4780} + 1 {4781}
[WARN] batch start failed | size=2 {2613} | split=1 {4782} + 1 {4783}
[WARN] batch start failed | size=2 {2614} | split=1 {4784} + 1 {4785}
[TEST] {2615} tested=1/1 | kept=0 | rest=4101
[WARN] batch start failed | size=2 {2617} | split=1 {4786} + 1 {4787}
[TEST] {2578} tested=2/2 | kept=0 | rest=4099
[TEST] {2616} tested=2/2 | kept=0 | rest=4098
[TEST] {2584} tested=2/2 | kept=0 | rest=4097
[TEST] {2619} tested=1/1 | kept=0 | rest=4096
[TEST] {2620} tested=1/1 | kept=0 | rest=4095
[TEST] {2623} tested=1/1 | kept=0 | rest=4094
[TEST] {2621} tested=1/1 | kept=0 | rest=4093
[TEST] {2622} tested=1/1 | kept=1 | rest=4092
[TEST] {2624} tested=1/1 | kept=0 | rest=4091
[TEST] {2625} tested=1/1 | kept=0 | rest=4090
[TEST] {2628} tested=1/1 | kept=0 | rest=4089
[TEST] {2629} tested=1/1 | kept=0 | rest=4088
[TEST] {2595} tested=2/2 | kept=0 | rest=4087
[TEST] {2631} tested=1/1 | kept=0 | rest=4086
[TEST] {2632} tested=1/1 | kept=0 | rest=4085
[TEST] {2633} tested=1/1 | kept=0 | rest=4084
[TEST] {2634} tested=1/1 | kept=0 | rest=4083
[TEST] {2612} tested=2/2 | kept=0 | rest=4082
[TEST] {2635} tested=1/1 | kept=0 | rest=4081
[TEST] {2618} tested=1/1 | kept=0 | rest=4080
[TEST] {2636} tested=1/1 | kept=0 | rest=4079
[TEST] {2638} tested=1/1 | kept=0 | rest=4078
[TEST] {2641} tested=1/1 | kept=0 | rest=4077
[TEST] {2626} tested=1/1 | kept=0 | rest=4076
[TEST] {2627} tested=1/1 | kept=0 | rest=4075
[TEST] {2640} tested=1/1 | kept=0 | rest=4074
[TEST] {2630} tested=1/1 | kept=0 | rest=4073
[TEST] {2643} tested=1/1 | kept=1 | rest=4072
[TEST] {2646} tested=1/1 | kept=0 | rest=4071
[TEST] {2645} tested=1/1 | kept=1 | rest=4070
[TEST] {2637} tested=1/1 | kept=0 | rest=4069
[TEST] {2639} tested=1/1 | kept=0 | rest=4068
[TEST] {2650} tested=1/1 | kept=0 | rest=4067
[TEST] {2651} tested=1/1 | kept=1 | rest=4066
[TEST] {2642} tested=1/1 | kept=0 | rest=4065
[TEST] {2652} tested=1/1 | kept=0 | rest=4064
[TEST] {2653} tested=1/1 | kept=0 | rest=4063
[TEST] {2644} tested=1/1 | kept=0 | rest=4062
[WARN] batch start failed | size=2 {2655} | split=1 {4788} + 1 {4789}
[WARN] batch start failed | size=2 {2654} | split=1 {4790} + 1 {4791}
[WARN] batch start failed | size=2 {2657} | split=1 {4792} + 1 {4793}
[WARN] batch start failed | size=2 {2656} | split=1 {4794} + 1 {4795}
[WARN] batch start failed | size=2 {2659} | split=1 {4796} + 1 {4797}
[WARN] batch start failed | size=2 {2658} | split=1 {4798} + 1 {4799}
[WARN] batch start failed | size=2 {2660} | split=1 {4800} + 1 {4801}
[WARN] batch start failed | size=2 {2662} | split=1 {4802} + 1 {4803}
[WARN] batch start failed | size=2 {2663} | split=1 {4804} + 1 {4805}
[WARN] batch start failed | size=2 {2664} | split=1 {4806} + 1 {4807}
[WARN] batch start failed | size=2 {2665} | split=1 {4808} + 1 {4809}
[WARN] batch start failed | size=2 {2666} | split=1 {4810} + 1 {4811}
[WARN] batch start failed | size=2 {2667} | split=1 {4812} + 1 {4813}
[WARN] batch start failed | size=2 {2668} | split=1 {4814} + 1 {4815}
[WARN] batch start failed | size=2 {2670} | split=1 {4816} + 1 {4817}
[WARN] batch start failed | size=2 {2671} | split=1 {4818} + 1 {4819}
[WARN] batch start failed | size=2 {2672} | split=1 {4820} + 1 {4821}
[TEST] {2647} tested=1/1 | kept=0 | rest=4061
[WARN] batch start failed | size=2 {2673} | split=1 {4822} + 1 {4823}
[WARN] batch start failed | size=2 {2674} | split=1 {4824} + 1 {4825}
[WARN] batch start failed | size=2 {2675} | split=1 {4826} + 1 {4827}
[WARN] batch start failed | size=2 {2676} | split=1 {4828} + 1 {4829}
[TEST] {2649} tested=1/1 | kept=0 | rest=4059
[WARN] batch start failed | size=2 {2679} | split=1 {4830} + 1 {4831}
[WARN] batch start failed | size=2 {2680} | split=1 {4832} + 1 {4833}
[WARN] batch start failed | size=2 {2681} | split=1 {4834} + 1 {4835}
[WARN] batch start failed | size=2 {2682} | split=1 {4836} + 1 {4837}
[WARN] batch start failed | size=2 {2683} | split=1 {4838} + 1 {4839}
[TEST] {2648} tested=1/1 | kept=0 | rest=4058
[TEST] {2685} tested=1/1 | kept=0 | rest=4057
[TEST] {2686} tested=1/1 | kept=0 | rest=4056
[TEST] {2661} tested=1/1 | kept=0 | rest=4055
[WARN] batch start failed | size=2 {2688} | split=1 {4840} + 1 {4841}
[WARN] batch start failed | size=2 {2689} | split=1 {4842} + 1 {4843}
[WARN] batch start failed | size=3 {2691} | split=2 {4844} + 1 {4845}
[TEST] {2669} tested=1/1 | kept=0 | rest=4054
[WARN] batch start failed | size=4 {2690} | split=2 {4846} + 2 {4847}
[WARN] batch start failed | size=2 {2693} | split=1 {4848} + 1 {4849}
[WARN] batch start failed | size=2 {2692} | split=1 {4850} + 1 {4851}
[WARN] batch start failed | size=2 {2694} | split=1 {4852} + 1 {4853}
[TEST] {2695} tested=1/1 | kept=0 | rest=4053
[TEST] {2696} tested=2/2 | kept=0 | rest=4051
[WARN] batch start failed | size=2 {2697} | split=1 {4854} + 1 {4855}
[WARN] batch start failed | size=2 {2698} | split=1 {4856} + 1 {4857}
[TEST] {2677} tested=1/1 | kept=0 | rest=4050
[WARN] batch start failed | size=2 {2699} | split=1 {4858} + 1 {4859}
[TEST] {2678} tested=2/2 | kept=0 | rest=4049
[TEST] {2700} tested=1/1 | kept=0 | rest=4048
[WARN] batch start failed | size=2 {2704} | split=1 {4860} + 1 {4861}
[TEST] {2703} tested=1/1 | kept=1 | rest=4047
[WARN] batch start failed | size=2 {2705} | split=1 {4862} + 1 {4863}
[WARN] batch start failed | size=2 {2706} | split=1 {4864} + 1 {4865}
[TEST] {2701} tested=1/1 | kept=0 | rest=4046
[WARN] batch start failed | size=2 {2707} | split=1 {4866} + 1 {4867}
[WARN] batch start failed | size=2 {2708} | split=1 {4868} + 1 {4869}
[TEST] {2711} tested=1/1 | kept=0 | rest=4045
[WARN] batch start failed | size=2 {2710} | split=1 {4870} + 1 {4871}
[WARN] batch start failed | size=2 {2713} | split=1 {4872} + 1 {4873}
[WARN] batch start failed | size=2 {2712} | split=1 {4874} + 1 {4875}
[WARN] batch start failed | size=2 {2714} | split=1 {4876} + 1 {4877}
[TEST] {2684} tested=1/1 | kept=0 | rest=4043
[WARN] batch start failed | size=2 {2715} | split=1 {4878} + 1 {4879}
[TEST] {2709} tested=2/2 | kept=0 | rest=4042
[WARN] batch start failed | size=2 {2717} | split=1 {4880} + 1 {4881}
[WARN] batch start failed | size=2 {2716} | split=1 {4882} + 1 {4883}
[WARN] batch start failed | size=2 {2719} | split=1 {4884} + 1 {4885}
[WARN] batch start failed | size=2 {2718} | split=1 {4886} + 1 {4887}
[WARN] batch start failed | size=2 {2720} | split=1 {4888} + 1 {4889}
[WARN] batch start failed | size=2 {2721} | split=1 {4890} + 1 {4891}
[WARN] batch start failed | size=2 {2723} | split=1 {4892} + 1 {4893}
[WARN] batch start failed | size=2 {2725} | split=1 {4894} + 1 {4895}
[WARN] batch start failed | size=2 {2726} | split=1 {4896} + 1 {4897}
[WARN] batch start failed | size=2 {2727} | split=1 {4898} + 1 {4899}
[WARN] batch start failed | size=2 {2728} | split=1 {4900} + 1 {4901}
[TEST] {2687} tested=1/1 | kept=0 | rest=4040
[TEST] {2722} tested=2/2 | kept=0 | rest=4039
[WARN] batch start failed | size=2 {2729} | split=1 {4902} + 1 {4903}
[WARN] batch start failed | size=2 {2731} | split=1 {4904} + 1 {4905}
[WARN] batch start failed | size=2 {2730} | split=1 {4906} + 1 {4907}
[WARN] batch start failed | size=2 {2732} | split=1 {4908} + 1 {4909}
[WARN] batch start failed | size=2 {2734} | split=1 {4910} + 1 {4911}
[TEST] {2735} tested=1/1 | kept=0 | rest=4036
[WARN] batch start failed | size=2 {2736} | split=1 {4912} + 1 {4913}
[WARN] batch start failed | size=2 {2737} | split=1 {4914} + 1 {4915}
[TEST] {2733} tested=2/2 | kept=0 | rest=4035
[WARN] batch start failed | size=2 {2738} | split=1 {4916} + 1 {4917}
[WARN] batch start failed | size=2 {2739} | split=1 {4918} + 1 {4919}
[WARN] batch start failed | size=2 {2740} | split=1 {4920} + 1 {4921}
[WARN] batch start failed | size=2 {2741} | split=1 {4922} + 1 {4923}
[WARN] batch start failed | size=2 {2742} | split=1 {4924} + 1 {4925}
[WARN] batch start failed | size=2 {2744} | split=1 {4926} + 1 {4927}
[WARN] batch start failed | size=2 {2745} | split=1 {4928} + 1 {4929}
[WARN] batch start failed | size=2 {2746} | split=1 {4930} + 1 {4931}
[WARN] batch start failed | size=2 {2747} | split=1 {4932} + 1 {4933}
[WARN] batch start failed | size=2 {2748} | split=1 {4934} + 1 {4935}
[WARN] batch start failed | size=2 {2749} | split=1 {4936} + 1 {4937}
[TEST] {2743} tested=1/1 | kept=0 | rest=4034
[WARN] batch start failed | size=2 {2750} | split=1 {4938} + 1 {4939}
[WARN] batch start failed | size=2 {2752} | split=1 {4940} + 1 {4941}
[TEST] {2751} tested=1/1 | kept=0 | rest=4033
[WARN] batch start failed | size=2 {2753} | split=1 {4942} + 1 {4943}
[WARN] batch start failed | size=2 {2754} | split=1 {4944} + 1 {4945}
[WARN] batch start failed | size=2 {2755} | split=1 {4946} + 1 {4947}
[WARN] batch start failed | size=2 {2756} | split=1 {4948} + 1 {4949}
[WARN] batch start failed | size=2 {2758} | split=1 {4950} + 1 {4951}
[WARN] batch start failed | size=2 {2759} | split=1 {4952} + 1 {4953}
[TEST] {2757} tested=1/1 | kept=0 | rest=4032
[WARN] batch start failed | size=2 {2761} | split=1 {4954} + 1 {4955}
[WARN] batch start failed | size=2 {2762} | split=1 {4956} + 1 {4957}
[WARN] batch start failed | size=2 {2763} | split=1 {4958} + 1 {4959}
[WARN] batch start failed | size=2 {2764} | split=1 {4960} + 1 {4961}
[TEST] {2760} tested=2/2 | kept=0 | rest=4030
[WARN] batch start failed | size=2 {2766} | split=1 {4962} + 1 {4963}
[WARN] batch start failed | size=2 {2767} | split=1 {4964} + 1 {4965}
[WARN] batch start failed | size=2 {2768} | split=1 {4966} + 1 {4967}
[WARN] batch start failed | size=2 {2769} | split=1 {4968} + 1 {4969}
[TEST] {2765} tested=1/1 | kept=1 | rest=4029
[WARN] batch start failed | size=2 {2770} | split=1 {4970} + 1 {4971}
[WARN] batch start failed | size=2 {2771} | split=1 {4972} + 1 {4973}
[WARN] batch start failed | size=2 {2773} | split=1 {4974} + 1 {4975}
[WARN] batch start failed | size=2 {2774} | split=1 {4976} + 1 {4977}
[WARN] batch start failed | size=2 {2775} | split=1 {4978} + 1 {4979}
[WARN] batch start failed | size=2 {2776} | split=1 {4980} + 1 {4981}
[WARN] batch start failed | size=2 {2777} | split=1 {4982} + 1 {4983}
[WARN] batch start failed | size=2 {2778} | split=1 {4984} + 1 {4985}
[TEST] {2772} tested=2/2 | kept=0 | rest=4027
[WARN] batch start failed | size=2 {2779} | split=1 {4986} + 1 {4987}
[WARN] batch start failed | size=2 {2780} | split=1 {4988} + 1 {4989}
[WARN] batch start failed | size=2 {2781} | split=1 {4990} + 1 {4991}
[WARN] batch start failed | size=2 {2782} | split=1 {4992} + 1 {4993}
[WARN] batch start failed | size=2 {2784} | split=1 {4994} + 1 {4995}
[WARN] batch start failed | size=2 {2785} | split=1 {4996} + 1 {4997}
[WARN] batch start failed | size=2 {2786} | split=1 {4998} + 1 {4999}
[WARN] batch start failed | size=2 {2787} | split=1 {5000} + 1 {5001}
[WARN] batch start failed | size=2 {2788} | split=1 {5002} + 1 {5003}
[TEST] {2783} tested=1/1 | kept=0 | rest=4026
[TEST] {2789} tested=1/1 | kept=0 | rest=4025
[WARN] batch start failed | size=2 {2790} | split=1 {5004} + 1 {5005}
[WARN] batch start failed | size=2 {2792} | split=1 {5006} + 1 {5007}
[WARN] batch start failed | size=2 {2793} | split=1 {5008} + 1 {5009}
[WARN] batch start failed | size=2 {2794} | split=1 {5010} + 1 {5011}
[WARN] batch start failed | size=2 {2795} | split=1 {5012} + 1 {5013}
[WARN] batch start failed | size=2 {2796} | split=1 {5014} + 1 {5015}
[WARN] batch start failed | size=2 {2797} | split=1 {5016} + 1 {5017}
[TEST] {2702} tested=1/1 | kept=0 | rest=4023
[TEST] {2799} tested=1/1 | kept=0 | rest=4022
[WARN] batch start failed | size=2 {2798} | split=1 {5018} + 1 {5019}
[WARN] batch start failed | size=2 {2801} | split=1 {5020} + 1 {5021}
[WARN] batch start failed | size=2 {2800} | split=1 {5022} + 1 {5023}
[WARN] batch start failed | size=2 {2803} | split=1 {5024} + 1 {5025}
[WARN] batch start failed | size=2 {2802} | split=1 {5026} + 1 {5027}
[WARN] batch start failed | size=2 {2804} | split=1 {5028} + 1 {5029}
[WARN] batch start failed | size=2 {2805} | split=1 {5030} + 1 {5031}
[WARN] batch start failed | size=2 {2806} | split=1 {5032} + 1 {5033}
[TEST] {2791} tested=2/2 | kept=0 | rest=4021
[TEST] {2807} tested=1/1 | kept=0 | rest=4020
[WARN] batch start failed | size=2 {2808} | split=1 {5034} + 1 {5035}
[WARN] batch start failed | size=2 {2810} | split=1 {5036} + 1 {5037}
[WARN] batch start failed | size=2 {2812} | split=1 {5038} + 1 {5039}
[WARN] batch start failed | size=2 {2813} | split=1 {5040} + 1 {5041}
[WARN] batch start failed | size=2 {2814} | split=1 {5042} + 1 {5043}
[WARN] batch start failed | size=2 {2815} | split=1 {5044} + 1 {5045}
[WARN] batch start failed | size=2 {2816} | split=1 {5046} + 1 {5047}
[WARN] batch start failed | size=2 {2818} | split=1 {5048} + 1 {5049}
[TEST] {2811} tested=1/1 | kept=0 | rest=4019
[WARN] batch start failed | size=2 {2819} | split=1 {5050} + 1 {5051}
[WARN] batch start failed | size=2 {2820} | split=1 {5052} + 1 {5053}
[WARN] batch start failed | size=2 {2821} | split=1 {5054} + 1 {5055}
[WARN] batch start failed | size=2 {2822} | split=1 {5056} + 1 {5057}
[WARN] batch start failed | size=2 {2823} | split=1 {5058} + 1 {5059}
[WARN] batch start failed | size=2 {2825} | split=1 {5060} + 1 {5061}
[TEST] {2817} tested=1/1 | kept=1 | rest=4017
[WARN] batch start failed | size=2 {2826} | split=1 {5062} + 1 {5063}
[WARN] batch start failed | size=2 {2828} | split=1 {5064} + 1 {5065}
[TEST] {2827} tested=1/1 | kept=0 | rest=4016
[TEST] {2724} tested=2/2 | kept=0 | rest=4015
[WARN] batch start failed | size=2 {2829} | split=1 {5066} + 1 {5067}
[WARN] batch start failed | size=2 {2830} | split=1 {5068} + 1 {5069}
[WARN] batch start failed | size=2 {2831} | split=1 {5070} + 1 {5071}
[WARN] batch start failed | size=2 {2832} | split=1 {5072} + 1 {5073}
[WARN] batch start failed | size=2 {2833} | split=1 {5074} + 1 {5075}
[WARN] batch start failed | size=2 {2834} | split=1 {5076} + 1 {5077}
[WARN] batch start failed | size=2 {2835} | split=1 {5078} + 1 {5079}
[WARN] batch start failed | size=2 {2836} | split=1 {5080} + 1 {5081}
[WARN] batch start failed | size=2 {2837} | split=1 {5082} + 1 {5083}
[WARN] batch start failed | size=2 {2838} | split=1 {5084} + 1 {5085}
[WARN] batch start failed | size=2 {2840} | split=1 {5086} + 1 {5087}
[WARN] batch start failed | size=2 {2841} | split=1 {5088} + 1 {5089}
[WARN] batch start failed | size=2 {2842} | split=1 {5090} + 1 {5091}
[WARN] batch start failed | size=2 {2844} | split=1 {5092} + 1 {5093}
[TEST] {2839} tested=1/1 | kept=0 | rest=4013
[WARN] batch start failed | size=2 {2846} | split=1 {5094} + 1 {5095}
[WARN] batch start failed | size=2 {2847} | split=1 {5096} + 1 {5097}
[WARN] batch start failed | size=2 {2849} | split=1 {5098} + 1 {5099}
[WARN] batch start failed | size=2 {2848} | split=1 {5100} + 1 {5101}
[WARN] batch start failed | size=2 {2851} | split=1 {5102} + 1 {5103}
[TEST] {2845} tested=1/1 | kept=0 | rest=4012
[WARN] batch start failed | size=2 {2850} | split=1 {5104} + 1 {5105}
[WARN] batch start failed | size=2 {2853} | split=1 {5106} + 1 {5107}
[WARN] batch start failed | size=2 {2852} | split=1 {5108} + 1 {5109}
[WARN] batch start failed | size=2 {2854} | split=1 {5110} + 1 {5111}
[WARN] batch start failed | size=2 {2855} | split=1 {5112} + 1 {5113}
[WARN] batch start failed | size=2 {2856} | split=1 {5114} + 1 {5115}
[WARN] batch start failed | size=2 {2857} | split=1 {5116} + 1 {5117}
[WARN] batch start failed | size=2 {2858} | split=1 {5118} + 1 {5119}
[WARN] batch start failed | size=2 {2859} | split=1 {5120} + 1 {5121}
[TEST] {2861} tested=1/1 | kept=0 | rest=4011
[WARN] batch start failed | size=2 {2860} | split=1 {5122} + 1 {5123}
[WARN] batch start failed | size=2 {2862} | split=1 {5124} + 1 {5125}
[WARN] batch start failed | size=2 {2863} | split=1 {5126} + 1 {5127}
[WARN] batch start failed | size=2 {2864} | split=1 {5128} + 1 {5129}
[WARN] batch start failed | size=2 {2865} | split=1 {5130} + 1 {5131}
[WARN] batch start failed | size=2 {2866} | split=1 {5132} + 1 {5133}
[WARN] batch start failed | size=2 {2869} | split=1 {5134} + 1 {5135}
[WARN] batch start failed | size=2 {2868} | split=1 {5136} + 1 {5137}
[WARN] batch start failed | size=2 {2870} | split=1 {5138} + 1 {5139}
[WARN] batch start failed | size=2 {2871} | split=1 {5140} + 1 {5141}
[WARN] batch start failed | size=2 {2873} | split=1 {5142} + 1 {5143}
[TEST] {2872} tested=2/2 | kept=0 | rest=4009
[WARN] batch start failed | size=2 {2874} | split=1 {5144} + 1 {5145}
[WARN] batch start failed | size=2 {2875} | split=1 {5146} + 1 {5147}
[WARN] batch start failed | size=2 {2876} | split=1 {5148} + 1 {5149}
[WARN] batch start failed | size=2 {2877} | split=1 {5150} + 1 {5151}
[TEST] {2879} tested=1/1 | kept=0 | rest=4008
[WARN] batch start failed | size=2 {2878} | split=1 {5152} + 1 {5153}
[WARN] batch start failed | size=2 {2881} | split=1 {5154} + 1 {5155}
[WARN] batch start failed | size=2 {2882} | split=1 {5156} + 1 {5157}
[TEST] {2809} tested=2/2 | kept=0 | rest=4007
[WARN] batch start failed | size=2 {2884} | split=1 {5158} + 1 {5159}
[WARN] batch start failed | size=2 {2885} | split=1 {5160} + 1 {5161}
[WARN] batch start failed | size=2 {2886} | split=1 {5162} + 1 {5163}
[TEST] {2887} tested=2/2 | kept=0 | rest=4005
[TEST] {2824} tested=2/2 | kept=0 | rest=4004
[WARN] batch start failed | size=2 {2888} | split=1 {5164} + 1 {5165}
[WARN] batch start failed | size=2 {2889} | split=1 {5166} + 1 {5167}
[WARN] batch start failed | size=2 {2890} | split=1 {5168} + 1 {5169}
[WARN] batch start failed | size=4 {2892} | split=2 {5170} + 2 {5171}
[WARN] batch start failed | size=4 {2893} | split=2 {5172} + 2 {5173}
[WARN] batch start failed | size=4 {2894} | split=2 {5174} + 2 {5175}
[TEST] {2843} tested=2/2 | kept=0 | rest=4002
[WARN] batch start failed | size=3 {2895} | split=2 {5176} + 1 {5177}
[TEST] {2891} tested=1/1 | kept=0 | rest=4001
[WARN] batch start failed | size=2 {2896} | split=1 {5178} + 1 {5179}
[WARN] batch start failed | size=2 {2897} | split=1 {5180} + 1 {5181}
[TEST] {2899} tested=1/1 | kept=0 | rest=4000
[WARN] batch start failed | size=2 {2898} | split=1 {5182} + 1 {5183}
[WARN] batch start failed | size=2 {2900} | split=1 {5184} + 1 {5185}
[WARN] batch start failed | size=2 {2901} | split=1 {5186} + 1 {5187}
[WARN] batch start failed | size=2 {2902} | split=1 {5188} + 1 {5189}
[WARN] batch start failed | size=2 {2903} | split=1 {5190} + 1 {5191}
[TEST] {2905} tested=1/1 | kept=0 | rest=3999
[TEST] {2904} tested=1/1 | kept=0 | rest=3998
[TEST] {2908} tested=1/1 | kept=0 | rest=3997
[TEST] {2907} tested=1/1 | kept=1 | rest=3996
[TEST] {2867} tested=1/1 | kept=0 | rest=3995
[WARN] batch start failed | size=2 {2910} | split=1 {5192} + 1 {5193}
[WARN] batch start failed | size=2 {2911} | split=1 {5194} + 1 {5195}
[WARN] batch start failed | size=2 {2912} | split=1 {5196} + 1 {5197}
[TEST] {2909} tested=1/1 | kept=0 | rest=3994
[WARN] batch start failed | size=2 {2914} | split=1 {5198} + 1 {5199}
[WARN] batch start failed | size=2 {2915} | split=1 {5200} + 1 {5201}
[WARN] batch start failed | size=2 {2917} | split=1 {5202} + 1 {5203}
[WARN] batch start failed | size=2 {2916} | split=1 {5204} + 1 {5205}
[WARN] batch start failed | size=2 {2918} | split=1 {5206} + 1 {5207}
[WARN] batch start failed | size=2 {2919} | split=1 {5208} + 1 {5209}
[TEST] {2906} tested=1/1 | kept=0 | rest=3993
[WARN] batch start failed | size=2 {2921} | split=1 {5210} + 1 {5211}
[WARN] batch start failed | size=2 {2920} | split=1 {5212} + 1 {5213}
[WARN] batch start failed | size=2 {2922} | split=1 {5214} + 1 {5215}
[WARN] batch start failed | size=2 {2923} | split=1 {5216} + 1 {5217}
[TEST] {2880} tested=2/2 | kept=0 | rest=3991
[WARN] batch start failed | size=2 {2925} | split=1 {5218} + 1 {5219}
[WARN] batch start failed | size=2 {2924} | split=1 {5220} + 1 {5221}
[WARN] batch start failed | size=4 {2926} | split=2 {5222} + 2 {5223}
[WARN] batch start failed | size=4 {2927} | split=2 {5224} + 2 {5225}
[WARN] batch start failed | size=3 {2929} | split=2 {5226} + 1 {5227}
[WARN] batch start failed | size=4 {2928} | split=2 {5228} + 2 {5229}
[WARN] batch start failed | size=4 {2930} | split=2 {5230} + 2 {5231}
[WARN] batch start failed | size=4 {2931} | split=2 {5232} + 2 {5233}
[WARN] batch start failed | size=4 {2933} | split=2 {5234} + 2 {5235}
[TEST] {2883} tested=1/1 | kept=0 | rest=3990
[WARN] batch start failed | size=4 {2932} | split=2 {5236} + 2 {5237}
[WARN] batch start failed | size=4 {2935} | split=2 {5238} + 2 {5239}
[WARN] batch start failed | size=4 {2934} | split=2 {5240} + 2 {5241}
[WARN] batch start failed | size=4 {2936} | split=2 {5242} + 2 {5243}
[WARN] batch start failed | size=3 {2937} | split=2 {5244} + 1 {5245}
[WARN] batch start failed | size=4 {2939} | split=2 {5246} + 2 {5247}
[WARN] batch start failed | size=4 {2938} | split=2 {5248} + 2 {5249}
[WARN] batch start failed | size=4 {2940} | split=2 {5250} + 2 {5251}
[WARN] batch start failed | size=3 {2941} | split=2 {5252} + 1 {5253}
[WARN] batch start failed | size=2 {2942} | split=1 {5254} + 1 {5255}
[WARN] batch start failed | size=2 {2943} | split=1 {5256} + 1 {5257}
[WARN] batch start failed | size=2 {2944} | split=1 {5258} + 1 {5259}
[WARN] batch start failed | size=2 {2945} | split=1 {5260} + 1 {5261}
[WARN] batch start failed | size=2 {2947} | split=1 {5262} + 1 {5263}
[WARN] batch start failed | size=2 {2946} | split=1 {5264} + 1 {5265}
[WARN] batch start failed | size=2 {2948} | split=1 {5266} + 1 {5267}
[WARN] batch start failed | size=2 {2949} | split=1 {5268} + 1 {5269}
[WARN] batch start failed | size=2 {2950} | split=1 {5270} + 1 {5271}
[WARN] batch start failed | size=2 {2951} | split=1 {5272} + 1 {5273}
[WARN] batch start failed | size=2 {2952} | split=1 {5274} + 1 {5275}
[WARN] batch start failed | size=2 {2953} | split=1 {5276} + 1 {5277}
[WARN] batch start failed | size=2 {2954} | split=1 {5278} + 1 {5279}
[WARN] batch start failed | size=2 {2955} | split=1 {5280} + 1 {5281}
[WARN] batch start failed | size=2 {2956} | split=1 {5282} + 1 {5283}
[TEST] {2958} tested=1/1 | kept=0 | rest=3989
[TEST] {2959} tested=1/1 | kept=0 | rest=3988
[TEST] {2960} tested=1/1 | kept=0 | rest=3987
[TEST] {2961} tested=1/1 | kept=0 | rest=3986
[TEST] {2957} tested=1/1 | kept=0 | rest=3985
[TEST] {2963} tested=1/1 | kept=0 | rest=3984
[TEST] {2962} tested=1/1 | kept=0 | rest=3983
[TEST] {2964} tested=1/1 | kept=0 | rest=3982
[TEST] {2965} tested=1/1 | kept=0 | rest=3981
[TEST] {2969} tested=1/1 | kept=0 | rest=3980
[TEST] {2968} tested=1/1 | kept=0 | rest=3979
[TEST] {2967} tested=1/1 | kept=0 | rest=3978
[TEST] {2970} tested=1/1 | kept=0 | rest=3977
[TEST] {2971} tested=1/1 | kept=1 | rest=3975
[TEST] {2973} tested=1/1 | kept=1 | rest=3974
[TEST] {2975} tested=1/1 | kept=0 | rest=3973
[TEST] {2913} tested=1/1 | kept=0 | rest=3972
[TEST] {2976} tested=1/1 | kept=0 | rest=3971
[TEST] {2979} tested=1/1 | kept=0 | rest=3970
[TEST] {2978} tested=1/1 | kept=0 | rest=3969
[TEST] {2981} tested=1/1 | kept=0 | rest=3968
[TEST] {2980} tested=1/1 | kept=0 | rest=3967
[TEST] {2966} tested=1/1 | kept=0 | rest=3966
[TEST] {1514} tested=2/2 | kept=0 | rest=3965
[TEST] {2974} tested=1/1 | kept=0 | rest=3964
[TEST] {2986} tested=1/1 | kept=0 | rest=3963
[TEST] {2977} tested=1/1 | kept=0 | rest=3962
[TEST] {2988} tested=1/1 | kept=1 | rest=3961
[TEST] {2989} tested=1/1 | kept=0 | rest=3960
[TEST] {2990} tested=1/1 | kept=0 | rest=3959
[TEST] {2991} tested=1/1 | kept=0 | rest=3958
[TEST] {2983} tested=1/1 | kept=0 | rest=3957
[TEST] {2982} tested=1/1 | kept=0 | rest=3956
[TEST] {2992} tested=1/1 | kept=0 | rest=3955
[TEST] {2984} tested=1/1 | kept=0 | rest=3954
[TEST] {2985} tested=1/1 | kept=0 | rest=3953
[TEST] {2996} tested=1/1 | kept=1 | rest=3952
[TEST] {2997} tested=1/1 | kept=0 | rest=3951
[TEST] {2987} tested=1/1 | kept=0 | rest=3950
[TEST] {2998} tested=1/1 | kept=0 | rest=3949
[TEST] {2995} tested=1/1 | kept=1 | rest=3948
[TEST] {3001} tested=1/1 | kept=0 | rest=3947
[TEST] {3002} tested=1/1 | kept=0 | rest=3946
[TEST] {2993} tested=1/1 | kept=0 | rest=3945
[TEST] {3003} tested=1/1 | kept=0 | rest=3944
[TEST] {3006} tested=1/1 | kept=0 | rest=3943
[TEST] {3005} tested=1/1 | kept=0 | rest=3942
[TEST] {3007} tested=1/1 | kept=0 | rest=3941
[TEST] {2994} tested=1/1 | kept=0 | rest=3940
[TEST] {3004} tested=1/1 | kept=0 | rest=3939
[TEST] {3008} tested=1/1 | kept=0 | rest=3938
[TEST] {3009} tested=1/1 | kept=0 | rest=3937
[TEST] {3011} tested=1/1 | kept=0 | rest=3936
[TEST] {3012} tested=1/1 | kept=0 | rest=3935
[TEST] {3010} tested=1/1 | kept=0 | rest=3934
[WARN] batch start failed | size=4 {3014} | split=2 {5284} + 2 {5285}
[WARN] batch start failed | size=4 {3015} | split=2 {5286} + 2 {5287}
[WARN] batch start failed | size=4 {3016} | split=2 {5288} + 2 {5289}
[TEST] {3013} tested=1/1 | kept=0 | rest=3933
[WARN] batch start failed | size=3 {3017} | split=2 {5290} + 1 {5291}
[WARN] batch start failed | size=4 {3018} | split=2 {5292} + 2 {5293}
[WARN] batch start failed | size=3 {3019} | split=2 {5294} + 1 {5295}
[WARN] batch start failed | size=4 {3020} | split=2 {5296} + 2 {5297}
[WARN] batch start failed | size=4 {3021} | split=2 {5298} + 2 {5299}
[WARN] batch start failed | size=2 {3022} | split=1 {5300} + 1 {5301}
[WARN] batch start failed | size=2 {3023} | split=1 {5302} + 1 {5303}
[WARN] batch start failed | size=2 {3024} | split=1 {5304} + 1 {5305}
[WARN] batch start failed | size=2 {3025} | split=1 {5306} + 1 {5307}
[WARN] batch start failed | size=2 {3026} | split=1 {5308} + 1 {5309}
[WARN] batch start failed | size=2 {3027} | split=1 {5310} + 1 {5311}
[WARN] batch start failed | size=2 {3028} | split=1 {5312} + 1 {5313}
[WARN] batch start failed | size=2 {3030} | split=1 {5314} + 1 {5315}
[WARN] batch start failed | size=2 {3031} | split=1 {5316} + 1 {5317}
[TEST] {3029} tested=1/1 | kept=0 | rest=3932
[WARN] batch start failed | size=2 {3034} | split=1 {5318} + 1 {5319}
[WARN] batch start failed | size=2 {3037} | split=1 {5320} + 1 {5321}
[TEST] {3033} tested=1/1 | kept=0 | rest=3929
[WARN] batch start failed | size=2 {3036} | split=1 {5322} + 1 {5323}
[WARN] batch start failed | size=2 {3039} | split=1 {5324} + 1 {5325}
[TEST] {3032} tested=2/2 | kept=1 | rest=3928
[WARN] batch start failed | size=2 {3038} | split=1 {5326} + 1 {5327}
[TEST] {3035} tested=2/2 | kept=1 | rest=3927
[WARN] batch start failed | size=2 {3040} | split=1 {5328} + 1 {5329}
[TEST] {2999} tested=1/1 | kept=0 | rest=3926
[WARN] batch start failed | size=2 {3042} | split=1 {5330} + 1 {5331}
[TEST] {3043} tested=2/2 | kept=0 | rest=3924
[WARN] batch start failed | size=2 {3045} | split=1 {5332} + 1 {5333}
[WARN] batch start failed | size=2 {3044} | split=1 {5334} + 1 {5335}
[WARN] batch start failed | size=2 {3047} | split=1 {5336} + 1 {5337}
[WARN] batch start failed | size=2 {3046} | split=1 {5338} + 1 {5339}
[WARN] batch start failed | size=2 {3048} | split=1 {5340} + 1 {5341}
[WARN] batch start failed | size=2 {3050} | split=1 {5342} + 1 {5343}
[WARN] batch start failed | size=2 {3051} | split=1 {5344} + 1 {5345}
[WARN] batch start failed | size=2 {3052} | split=1 {5346} + 1 {5347}
[WARN] batch start failed | size=2 {3054} | split=1 {5348} + 1 {5349}
[WARN] batch start failed | size=2 {3055} | split=1 {5350} + 1 {5351}
[TEST] {3041} tested=1/1 | kept=1 | rest=3922
[WARN] batch start failed | size=2 {3056} | split=1 {5352} + 1 {5353}
[WARN] batch start failed | size=2 {3057} | split=1 {5354} + 1 {5355}
[WARN] batch start failed | size=2 {3058} | split=1 {5356} + 1 {5357}
[WARN] batch start failed | size=2 {3059} | split=1 {5358} + 1 {5359}
[WARN] batch start failed | size=2 {3060} | split=1 {5360} + 1 {5361}
[TEST] {3053} tested=2/2 | kept=0 | rest=3921
[WARN] batch start failed | size=2 {3063} | split=1 {5362} + 1 {5363}
[TEST] {3000} tested=1/1 | kept=0 | rest=3920
[TEST] {3061} tested=1/1 | kept=0 | rest=3919
[WARN] batch start failed | size=2 {3064} | split=1 {5364} + 1 {5365}
[WARN] batch start failed | size=2 {3065} | split=1 {5366} + 1 {5367}
[WARN] batch start failed | size=2 {3066} | split=1 {5368} + 1 {5369}
[WARN] batch start failed | size=2 {3067} | split=1 {5370} + 1 {5371}
[WARN] batch start failed | size=2 {3068} | split=1 {5372} + 1 {5373}
[WARN] batch start failed | size=2 {3069} | split=1 {5374} + 1 {5375}
[TEST] {3049} tested=1/1 | kept=0 | rest=3917
[WARN] batch start failed | size=2 {3070} | split=1 {5376} + 1 {5377}
[WARN] batch start failed | size=2 {3072} | split=1 {5378} + 1 {5379}
[TEST] {3071} tested=1/1 | kept=0 | rest=3916
[WARN] batch start failed | size=2 {3073} | split=1 {5380} + 1 {5381}
[WARN] batch start failed | size=2 {3074} | split=1 {5382} + 1 {5383}
[WARN] batch start failed | size=2 {3075} | split=1 {5384} + 1 {5385}
[WARN] batch start failed | size=2 {3076} | split=1 {5386} + 1 {5387}
[TEST] {3080} tested=1/1 | kept=1 | rest=3914
[TEST] {5383} tested=1/1 | kept=0 | rest=3913
[TEST] {3078} tested=1/1 | kept=0 | rest=3912
[TEST] {3062} tested=2/2 | kept=1 | rest=3911
[TEST] {3077} tested=2/2 | kept=0 | rest=3910
[TEST] {3082} tested=1/1 | kept=0 | rest=3909
[TEST] {3085} tested=1/1 | kept=0 | rest=3908
[TEST] {3086} tested=1/1 | kept=1 | rest=3907
[TEST] {3087} tested=1/1 | kept=0 | rest=3906
[TEST] {3089} tested=1/1 | kept=0 | rest=3905
[TEST] {3079} tested=1/1 | kept=0 | rest=3904
[WARN] batch start failed | size=2 {3093} | split=1 {5388} + 1 {5389}
[TEST] {3083} tested=1/1 | kept=0 | rest=3903
[WARN] batch start failed | size=2 {3092} | split=1 {5390} + 1 {5391}
[TEST] {3084} tested=1/1 | kept=0 | rest=3902
[WARN] batch start failed | size=2 {3094} | split=1 {5392} + 1 {5393}
[WARN] batch start failed | size=2 {3095} | split=1 {5394} + 1 {5395}
[WARN] batch start failed | size=2 {3096} | split=1 {5396} + 1 {5397}
[TEST] {3088} tested=1/1 | kept=0 | rest=3900
[TEST] {3097} tested=2/2 | kept=0 | rest=3899
[TEST] {3098} tested=2/2 | kept=0 | rest=3897
[TEST] {3090} tested=1/1 | kept=0 | rest=3895
[WARN] batch start failed | size=2 {3100} | split=1 {5398} + 1 {5399}
[WARN] batch start failed | size=2 {3101} | split=1 {5400} + 1 {5401}
[WARN] batch start failed | size=2 {3102} | split=1 {5402} + 1 {5403}
[WARN] batch start failed | size=2 {3103} | split=1 {5404} + 1 {5405}
[TEST] {3091} tested=1/1 | kept=0 | rest=3894
[WARN] batch start failed | size=2 {3105} | split=1 {5406} + 1 {5407}
[WARN] batch start failed | size=2 {3108} | split=1 {5408} + 1 {5409}
[WARN] batch start failed | size=2 {3109} | split=1 {5410} + 1 {5411}
[WARN] batch start failed | size=2 {3111} | split=1 {5412} + 1 {5413}
[WARN] batch start failed | size=2 {3110} | split=1 {5414} + 1 {5415}
[WARN] batch start failed | size=2 {3113} | split=1 {5416} + 1 {5417}
[TEST] {5412} tested=1/1 | kept=0 | rest=3891
[WARN] batch start failed | size=2 {3114} | split=1 {5418} + 1 {5419}
[TEST] {3104} tested=2/2 | kept=1 | rest=3890
[TEST] {3115} tested=1/1 | kept=0 | rest=3889
[WARN] batch start failed | size=2 {3116} | split=1 {5420} + 1 {5421}
[WARN] batch start failed | size=2 {3117} | split=1 {5422} + 1 {5423}
[WARN] batch start failed | size=2 {3118} | split=1 {5424} + 1 {5425}
[WARN] batch start failed | size=2 {3120} | split=1 {5426} + 1 {5427}
[TEST] {3119} tested=2/2 | kept=0 | rest=3887
[WARN] batch start failed | size=2 {3121} | split=1 {5428} + 1 {5429}
[WARN] batch start failed | size=2 {3122} | split=1 {5430} + 1 {5431}
[TEST] {3123} tested=1/1 | kept=0 | rest=3886
[WARN] batch start failed | size=2 {3124} | split=1 {5432} + 1 {5433}
[WARN] batch start failed | size=2 {3125} | split=1 {5434} + 1 {5435}
[WARN] batch start failed | size=2 {3126} | split=1 {5436} + 1 {5437}
[WARN] batch start failed | size=2 {3127} | split=1 {5438} + 1 {5439}
[WARN] batch start failed | size=2 {3129} | split=1 {5440} + 1 {5441}
[WARN] batch start failed | size=2 {3128} | split=1 {5442} + 1 {5443}
[WARN] batch start failed | size=2 {3130} | split=1 {5444} + 1 {5445}
[WARN] batch start failed | size=2 {3133} | split=1 {5446} + 1 {5447}
[WARN] batch start failed | size=2 {3132} | split=1 {5448} + 1 {5449}
[WARN] batch start failed | size=2 {3134} | split=1 {5450} + 1 {5451}
[WARN] batch start failed | size=2 {3136} | split=1 {5452} + 1 {5453}
[WARN] batch start failed | size=2 {3137} | split=1 {5454} + 1 {5455}
[WARN] batch start failed | size=2 {3138} | split=1 {5456} + 1 {5457}
[WARN] batch start failed | size=2 {3139} | split=1 {5458} + 1 {5459}
[WARN] batch start failed | size=2 {3141} | split=1 {5460} + 1 {5461}
[WARN] batch start failed | size=2 {3140} | split=1 {5462} + 1 {5463}
[WARN] batch start failed | size=2 {3142} | split=1 {5464} + 1 {5465}
[WARN] batch start failed | size=2 {3143} | split=1 {5466} + 1 {5467}
[WARN] batch start failed | size=2 {3144} | split=1 {5468} + 1 {5469}
[WARN] batch start failed | size=2 {3145} | split=1 {5470} + 1 {5471}
[WARN] batch start failed | size=2 {3146} | split=1 {5472} + 1 {5473}
[TEST] {3099} tested=2/2 | kept=0 | rest=3885
[WARN] batch start failed | size=2 {3148} | split=1 {5474} + 1 {5475}
[WARN] batch start failed | size=2 {3149} | split=1 {5476} + 1 {5477}
[TEST] {3106} tested=2/2 | kept=0 | rest=3884
[TEST] {3107} tested=1/1 | kept=0 | rest=3883
[WARN] batch start failed | size=2 {3150} | split=1 {5478} + 1 {5479}
[WARN] batch start failed | size=2 {3151} | split=1 {5480} + 1 {5481}
[WARN] batch start failed | size=2 {3153} | split=1 {5482} + 1 {5483}
[WARN] batch start failed | size=2 {3152} | split=1 {5484} + 1 {5485}
[WARN] batch start failed | size=2 {3154} | split=1 {5486} + 1 {5487}
[WARN] batch start failed | size=2 {3155} | split=1 {5488} + 1 {5489}
[WARN] batch start failed | size=2 {3156} | split=1 {5490} + 1 {5491}
[WARN] batch start failed | size=2 {3157} | split=1 {5492} + 1 {5493}
[WARN] batch start failed | size=4 {3158} | split=2 {5494} + 2 {5495}
[WARN] batch start failed | size=4 {3159} | split=2 {5496} + 2 {5497}
[WARN] batch start failed | size=2 {3161} | split=1 {5498} + 1 {5499}
[WARN] batch start failed | size=2 {3160} | split=1 {5500} + 1 {5501}
[WARN] batch start failed | size=2 {3163} | split=1 {5502} + 1 {5503}
[WARN] batch start failed | size=2 {3162} | split=1 {5504} + 1 {5505}
[WARN] batch start failed | size=4 {3164} | split=2 {5506} + 2 {5507}
[WARN] batch start failed | size=3 {3165} | split=2 {5508} + 1 {5509}
[WARN] batch start failed | size=2 {3166} | split=1 {5510} + 1 {5511}
[WARN] batch start failed | size=2 {3167} | split=1 {5512} + 1 {5513}
[WARN] batch start failed | size=2 {3168} | split=1 {5514} + 1 {5515}
[WARN] batch start failed | size=2 {3171} | split=1 {5516} + 1 {5517}
[TEST] {3169} tested=1/1 | kept=0 | rest=3882
[WARN] batch start failed | size=2 {3170} | split=1 {5518} + 1 {5519}
[WARN] batch start failed | size=2 {3172} | split=1 {5520} + 1 {5521}
[WARN] batch start failed | size=2 {3173} | split=1 {5522} + 1 {5523}
[WARN] batch start failed | size=2 {3175} | split=1 {5524} + 1 {5525}
[WARN] batch start failed | size=2 {3174} | split=1 {5526} + 1 {5527}
[WARN] batch start failed | size=2 {3176} | split=1 {5528} + 1 {5529}
[WARN] batch start failed | size=2 {3177} | split=1 {5530} + 1 {5531}
[WARN] batch start failed | size=2 {3178} | split=1 {5532} + 1 {5533}
[WARN] batch start failed | size=4 {3181} | split=2 {5534} + 2 {5535}
[WARN] batch start failed | size=4 {3180} | split=2 {5536} + 2 {5537}
[TEST] {3131} tested=1/1 | kept=0 | rest=3881
[WARN] batch start failed | size=2 {3185} | split=1 {5538} + 1 {5539}
[TEST] {3182} tested=1/1 | kept=0 | rest=3879
[TEST] {3183} tested=1/1 | kept=0 | rest=3878
[TEST] {3179} tested=2/2 | kept=0 | rest=3877
[TEST] {3135} tested=1/1 | kept=0 | rest=3876
[WARN] batch start failed | size=2 {3184} | split=1 {5540} + 1 {5541}
[TEST] {3186} tested=1/1 | kept=0 | rest=3875
[WARN] batch start failed | size=4 {3188} | split=2 {5542} + 2 {5543}
[TEST] {3187} tested=1/1 | kept=0 | rest=3874
[WARN] batch start failed | size=4 {3189} | split=2 {5544} + 2 {5545}
[TEST] {3190} tested=1/1 | kept=0 | rest=3873
[WARN] batch start failed | size=2 {3192} | split=1 {5546} + 1 {5547}
[WARN] batch start failed | size=2 {3194} | split=1 {5548} + 1 {5549}
[TEST] {3191} tested=1/1 | kept=0 | rest=3872
[TEST] {3193} tested=1/1 | kept=0 | rest=3871
[WARN] batch start failed | size=2 {3195} | split=1 {5550} + 1 {5551}
[WARN] batch start failed | size=2 {3196} | split=1 {5552} + 1 {5553}
[WARN] batch start failed | size=2 {3198} | split=1 {5554} + 1 {5555}
[WARN] batch start failed | size=2 {3199} | split=1 {5556} + 1 {5557}
[WARN] batch start failed | size=2 {3200} | split=1 {5558} + 1 {5559}
[WARN] batch start failed | size=2 {3201} | split=1 {5560} + 1 {5561}
[WARN] batch start failed | size=2 {3204} | split=1 {5562} + 1 {5563}
[WARN] batch start failed | size=2 {3205} | split=1 {5564} + 1 {5565}
[WARN] batch start failed | size=2 {3206} | split=1 {5566} + 1 {5567}
[WARN] batch start failed | size=2 {3207} | split=1 {5568} + 1 {5569}
[TEST] {3209} tested=1/1 | kept=0 | rest=3870
[WARN] batch start failed | size=2 {3210} | split=1 {5570} + 1 {5571}
[TEST] {3203} tested=1/1 | kept=1 | rest=3869
[WARN] batch start failed | size=2 {3211} | split=1 {5572} + 1 {5573}
[WARN] batch start failed | size=2 {3212} | split=1 {5574} + 1 {5575}
[WARN] batch start failed | size=2 {3214} | split=1 {5576} + 1 {5577}
[TEST] {3213} tested=1/1 | kept=0 | rest=3868
[WARN] batch start failed | size=2 {3215} | split=1 {5578} + 1 {5579}
[WARN] batch start failed | size=2 {3216} | split=1 {5580} + 1 {5581}
[TEST] {3147} tested=1/1 | kept=0 | rest=3867
[WARN] batch start failed | size=2 {3217} | split=1 {5582} + 1 {5583}
[WARN] batch start failed | size=2 {3218} | split=1 {5584} + 1 {5585}
[WARN] batch start failed | size=2 {3221} | split=1 {5586} + 1 {5587}
[WARN] batch start failed | size=2 {3220} | split=1 {5588} + 1 {5589}
[TEST] {3219} tested=1/1 | kept=0 | rest=3866
[WARN] batch start failed | size=2 {3222} | split=1 {5590} + 1 {5591}
[WARN] batch start failed | size=2 {3223} | split=1 {5592} + 1 {5593}
[WARN] batch start failed | size=2 {3224} | split=1 {5594} + 1 {5595}
[WARN] batch start failed | size=2 {3225} | split=1 {5596} + 1 {5597}
[WARN] batch start failed | size=2 {3226} | split=1 {5598} + 1 {5599}
[TEST] {3228} tested=1/1 | kept=0 | rest=3865
[TEST] {3229} tested=1/1 | kept=1 | rest=3864
[TEST] {3230} tested=1/1 | kept=1 | rest=3863
[TEST] {3231} tested=1/1 | kept=1 | rest=3862
[TEST] {3233} tested=1/1 | kept=0 | rest=3861
[TEST] {3234} tested=1/1 | kept=0 | rest=3860
[TEST] {3235} tested=1/1 | kept=0 | rest=3859
[WARN] batch start failed | size=2 {1658} | split=1 {5600} + 1 {5601}
[TEST] {3237} tested=1/1 | kept=0 | rest=3858
[TEST] {3197} tested=1/1 | kept=0 | rest=3857
[TEST] {3202} tested=1/1 | kept=0 | rest=3856
[TEST] {3238} tested=1/1 | kept=0 | rest=3855
[TEST] {3208} tested=1/1 | kept=0 | rest=3854
[TEST] {3240} tested=1/1 | kept=0 | rest=3853
[TEST] {3239} tested=1/1 | kept=0 | rest=3852
[TEST] {3241} tested=1/1 | kept=0 | rest=3851
[TEST] {3242} tested=1/1 | kept=0 | rest=3850
[TEST] {3244} tested=1/1 | kept=0 | rest=3849
[TEST] {3245} tested=1/1 | kept=0 | rest=3848
[TEST] {3247} tested=1/1 | kept=0 | rest=3847
[TEST] {3246} tested=1/1 | kept=0 | rest=3846
[TEST] {3248} tested=1/1 | kept=0 | rest=3845
[TEST] {3249} tested=1/1 | kept=0 | rest=3844
[TEST] {3227} tested=1/1 | kept=0 | rest=3843
[TEST] {3250} tested=1/1 | kept=0 | rest=3842
[TEST] {3251} tested=1/1 | kept=0 | rest=3841
[TEST] {3252} tested=1/1 | kept=0 | rest=3840
[TEST] {3253} tested=1/1 | kept=0 | rest=3839
[TEST] {3254} tested=1/1 | kept=0 | rest=3838
[TEST] {3257} tested=1/1 | kept=0 | rest=3837
[TEST] {3232} tested=1/1 | kept=0 | rest=3836
[TEST] {3255} tested=1/1 | kept=0 | rest=3835
[TEST] {3258} tested=1/1 | kept=0 | rest=3834
[TEST] {3260} tested=1/1 | kept=0 | rest=3833
[TEST] {3261} tested=1/1 | kept=0 | rest=3832
[TEST] {3262} tested=1/1 | kept=0 | rest=3831
[TEST] {3265} tested=1/1 | kept=0 | rest=3830
[TEST] {3266} tested=1/1 | kept=0 | rest=3829
[TEST] {3267} tested=1/1 | kept=0 | rest=3828
[TEST] {3268} tested=1/1 | kept=0 | rest=3827
[TEST] {3243} tested=1/1 | kept=0 | rest=3826
[TEST] {3269} tested=1/1 | kept=0 | rest=3825
[TEST] {3271} tested=1/1 | kept=0 | rest=3824
[TEST] {3270} tested=1/1 | kept=1 | rest=3823
[TEST] {3273} tested=1/1 | kept=0 | rest=3822
[TEST] {3256} tested=1/1 | kept=0 | rest=3821
[TEST] {3259} tested=1/1 | kept=0 | rest=3820
[TEST] {3275} tested=1/1 | kept=0 | rest=3819
[TEST] {3263} tested=1/1 | kept=0 | rest=3818
[TEST] {3278} tested=1/1 | kept=0 | rest=3817
[TEST] {3264} tested=1/1 | kept=0 | rest=3816
[TEST] {3272} tested=1/1 | kept=0 | rest=3815
[TEST] {3274} tested=1/1 | kept=0 | rest=3814
[TEST] {3276} tested=1/1 | kept=0 | rest=3813
[TEST] {3277} tested=1/1 | kept=0 | rest=3812
[TEST] {3279} tested=1/1 | kept=0 | rest=3811
[WARN] batch start failed | size=4 {3280} | split=2 {5602} + 2 {5603}
[WARN] batch start failed | size=4 {3281} | split=2 {5604} + 2 {5605}
[WARN] batch start failed | size=4 {3282} | split=2 {5606} + 2 {5607}
[WARN] batch start failed | size=3 {3283} | split=2 {5608} + 1 {5609}
[WARN] batch start failed | size=4 {3284} | split=2 {5610} + 2 {5611}
[WARN] batch start failed | size=4 {3285} | split=2 {5612} + 2 {5613}
[WARN] batch start failed | size=4 {3286} | split=2 {5614} + 2 {5615}
[WARN] batch start failed | size=4 {3289} | split=2 {5616} + 2 {5617}
[WARN] batch start failed | size=4 {3288} | split=2 {5618} + 2 {5619}
[WARN] batch start failed | size=4 {3290} | split=2 {5620} + 2 {5621}
[WARN] batch start failed | size=4 {3291} | split=2 {5622} + 2 {5623}
[WARN] batch start failed | size=4 {3292} | split=2 {5624} + 2 {5625}
[WARN] batch start failed | size=8 {1744} | split=4 {5626} + 4 {5627}
[WARN] batch start failed | size=3 {3295} | split=2 {5628} + 1 {5629}
[WARN] batch start failed | size=4 {3294} | split=2 {5630} + 2 {5631}
[WARN] batch start failed | size=4 {3296} | split=2 {5632} + 2 {5633}
[WARN] batch start failed | size=3 {3297} | split=2 {5634} + 1 {5635}
[WARN] batch start failed | size=4 {3298} | split=2 {5636} + 2 {5637}
[WARN] batch start failed | size=4 {3299} | split=2 {5638} + 2 {5639}
[WARN] batch start failed | size=4 {3300} | split=2 {5640} + 2 {5641}
[WARN] batch start failed | size=4 {3301} | split=2 {5642} + 2 {5643}
[WARN] batch start failed | size=2 {3303} | split=1 {5644} + 1 {5645}
[WARN] batch start failed | size=4 {3304} | split=2 {5646} + 2 {5647}
[WARN] batch start failed | size=3 {3305} | split=2 {5648} + 1 {5649}
[WARN] batch start failed | size=4 {3306} | split=2 {5650} + 2 {5651}
[WARN] batch start failed | size=4 {3307} | split=2 {5652} + 2 {5653}
[WARN] batch start failed | size=4 {3308} | split=2 {5654} + 2 {5655}
[WARN] batch start failed | size=4 {3309} | split=2 {5656} + 2 {5657}
[WARN] batch start failed | size=2 {3310} | split=1 {5658} + 1 {5659}
[WARN] batch start failed | size=3 {3313} | split=2 {5660} + 1 {5661}
[WARN] batch start failed | size=2 {3311} | split=1 {5662} + 1 {5663}
[WARN] batch start failed | size=2 {3314} | split=1 {5664} + 1 {5665}
[WARN] batch start failed | size=4 {3312} | split=2 {5666} + 2 {5667}
[TEST] {3315} tested=1/1 | kept=0 | rest=3808
[WARN] batch start failed | size=2 {3317} | split=1 {5668} + 1 {5669}
[WARN] batch start failed | size=2 {3316} | split=1 {5670} + 1 {5671}
[WARN] batch start failed | size=2 {3318} | split=1 {5672} + 1 {5673}
[WARN] batch start failed | size=2 {3319} | split=1 {5674} + 1 {5675}
[WARN] batch start failed | size=2 {3320} | split=1 {5676} + 1 {5677}
[WARN] batch start failed | size=4 {1760} | split=2 {5678} + 2 {5679}
[WARN] batch start failed | size=2 {3324} | split=1 {5680} + 1 {5681}
[WARN] batch start failed | size=2 {3322} | split=1 {5682} + 1 {5683}
[WARN] batch start failed | size=2 {3323} | split=1 {5684} + 1 {5685}
[WARN] batch start failed | size=2 {3325} | split=1 {5686} + 1 {5687}
[WARN] batch start failed | size=2 {3326} | split=1 {5688} + 1 {5689}
[WARN] batch start failed | size=2 {3328} | split=1 {5690} + 1 {5691}
[WARN] batch start failed | size=2 {3329} | split=1 {5692} + 1 {5693}
[WARN] batch start failed | size=2 {3330} | split=1 {5694} + 1 {5695}
[WARN] batch start failed | size=2 {3331} | split=1 {5696} + 1 {5697}
[WARN] batch start failed | size=4 {1764} | split=2 {5698} + 2 {5699}
[TEST] {3327} tested=1/1 | kept=0 | rest=3807
[WARN] batch start failed | size=2 {3334} | split=1 {5700} + 1 {5701}
[TEST] {3333} tested=1/1 | kept=0 | rest=3806
[WARN] batch start failed | size=2 {3336} | split=1 {5702} + 1 {5703}
[WARN] batch start failed | size=2 {3339} | split=1 {5704} + 1 {5705}
[WARN] batch start failed | size=2 {3338} | split=1 {5706} + 1 {5707}
[WARN] batch start failed | size=2 {3340} | split=1 {5708} + 1 {5709}
[WARN] batch start failed | size=2 {3342} | split=1 {5710} + 1 {5711}
[TEST] {3337} tested=2/2 | kept=0 | rest=3803
[WARN] batch start failed | size=2 {3343} | split=1 {5712} + 1 {5713}
[TEST] {3344} tested=2/2 | kept=0 | rest=3801
[WARN] batch start failed | size=2 {3345} | split=1 {5714} + 1 {5715}
[TEST] {5608} tested=2/2 | kept=0 | rest=3800
[WARN] batch start failed | size=2 {3346} | split=1 {5716} + 1 {5717}
[WARN] batch start failed | size=2 {3347} | split=1 {5718} + 1 {5719}
[WARN] batch start failed | size=2 {3349} | split=1 {5720} + 1 {5721}
[WARN] batch start failed | size=2 {3350} | split=1 {5722} + 1 {5723}
[WARN] batch start failed | size=2 {3351} | split=1 {5724} + 1 {5725}
[WARN] batch start failed | size=2 {3352} | split=1 {5726} + 1 {5727}
[WARN] batch start failed | size=2 {3353} | split=1 {5728} + 1 {5729}
[WARN] batch start failed | size=2 {3355} | split=1 {5730} + 1 {5731}
[WARN] batch start failed | size=2 {3356} | split=1 {5732} + 1 {5733}
[TEST] {3354} tested=2/2 | kept=0 | rest=3798
[WARN] batch start failed | size=2 {3358} | split=1 {5734} + 1 {5735}
[TEST] {3302} tested=2/2 | kept=0 | rest=3797
[WARN] batch start failed | size=2 {3360} | split=1 {5736} + 1 {5737}
[TEST] {3359} tested=2/2 | kept=0 | rest=3795
[WARN] batch start failed | size=2 {3362} | split=1 {5738} + 1 {5739}
[WARN] batch start failed | size=2 {3363} | split=1 {5740} + 1 {5741}
[WARN] batch start failed | size=2 {3364} | split=1 {5742} + 1 {5743}
[TEST] {3361} tested=2/2 | kept=0 | rest=3793
[WARN] batch start failed | size=2 {3365} | split=1 {5744} + 1 {5745}
[WARN] batch start failed | size=2 {3367} | split=1 {5746} + 1 {5747}
[WARN] batch start failed | size=2 {3368} | split=1 {5748} + 1 {5749}
[TEST] {3369} tested=1/1 | kept=0 | rest=3791
[WARN] batch start failed | size=8 {3370} | split=4 {5750} + 4 {5751}
[WARN] batch start failed | size=8 {3372} | split=4 {5752} + 4 {5753}
[TEST] {1787} tested=1/1 | kept=0 | rest=3790
[WARN] batch start failed | size=7 {3373} | split=4 {5754} + 3 {5755}
[WARN] batch start failed | size=8 {3374} | split=4 {5756} + 4 {5757}
[WARN] batch start failed | size=7 {3375} | split=4 {5758} + 3 {5759}
[WARN] batch start failed | size=8 {3376} | split=4 {5760} + 4 {5761}
[WARN] batch start failed | size=7 {3377} | split=4 {5762} + 3 {5763}
[TEST] {3335} tested=2/2 | kept=0 | rest=3789
[WARN] batch start failed | size=8 {3378} | split=4 {5764} + 4 {5765}
[WARN] batch start failed | size=7 {3379} | split=4 {5766} + 3 {5767}
[WARN] batch start failed | size=8 {3380} | split=4 {5768} + 4 {5769}
[WARN] batch start failed | size=8 {3381} | split=4 {5770} + 4 {5771}
[WARN] batch start failed | size=4 {3382} | split=2 {5772} + 2 {5773}
[WARN] batch start failed | size=4 {3383} | split=2 {5774} + 2 {5775}
[TEST] {3341} tested=1/1 | kept=0 | rest=3788
[TEST] {3385} tested=1/1 | kept=0 | rest=3787
[WARN] batch start failed | size=8 {3386} | split=4 {5776} + 4 {5777}
[WARN] batch start failed | size=7 {3387} | split=4 {5778} + 3 {5779}
[TEST] {3384} tested=1/1 | kept=0 | rest=3786
[WARN] batch start failed | size=8 {3389} | split=4 {5780} + 4 {5781}
[WARN] batch start failed | size=8 {3388} | split=4 {5782} + 4 {5783}
[TEST] {3348} tested=2/2 | kept=0 | rest=3784
[WARN] batch start failed | size=3 {3391} | split=2 {5784} + 1 {5785}
[WARN] batch start failed | size=4 {3390} | split=2 {5786} + 2 {5787}
[WARN] batch start failed | size=2 {3392} | split=1 {5788} + 1 {5789}
[WARN] batch start failed | size=2 {3393} | split=1 {5790} + 1 {5791}
[WARN] batch start failed | size=2 {3394} | split=1 {5792} + 1 {5793}
[WARN] batch start failed | size=2 {3395} | split=1 {5794} + 1 {5795}
[WARN] batch start failed | size=4 {3396} | split=2 {5796} + 2 {5797}
[WARN] batch start failed | size=4 {3397} | split=2 {5798} + 2 {5799}
[WARN] batch start failed | size=4 {3398} | split=2 {5800} + 2 {5801}
[WARN] batch start failed | size=3 {3399} | split=2 {5802} + 1 {5803}
[TEST] {3357} tested=1/1 | kept=0 | rest=3783
[WARN] batch start failed | size=4 {3400} | split=2 {5804} + 2 {5805}
[WARN] batch start failed | size=3 {3401} | split=2 {5806} + 1 {5807}
[WARN] batch start failed | size=2 {3402} | split=1 {5808} + 1 {5809}
[WARN] batch start failed | size=2 {3403} | split=1 {5810} + 1 {5811}
[WARN] batch start failed | size=2 {3404} | split=1 {5812} + 1 {5813}
[WARN] batch start failed | size=2 {3405} | split=1 {5814} + 1 {5815}
[WARN] batch start failed | size=2 {3406} | split=1 {5816} + 1 {5817}
[TEST] {3366} tested=2/2 | kept=0 | rest=3782
[WARN] batch start failed | size=2 {3407} | split=1 {5818} + 1 {5819}
[WARN] batch start failed | size=2 {3408} | split=1 {5820} + 1 {5821}
[WARN] batch start failed | size=2 {3409} | split=1 {5822} + 1 {5823}
[WARN] batch start failed | size=2 {3410} | split=1 {5824} + 1 {5825}
[WARN] batch start failed | size=2 {3413} | split=1 {5826} + 1 {5827}
[WARN] batch start failed | size=2 {3412} | split=1 {5828} + 1 {5829}
[WARN] batch start failed | size=2 {3414} | split=1 {5830} + 1 {5831}
[WARN] batch start failed | size=4 {1810} | split=2 {5832} + 2 {5833}
[WARN] batch start failed | size=2 {3416} | split=1 {5834} + 1 {5835}
[WARN] batch start failed | size=2 {3418} | split=1 {5836} + 1 {5837}
[TEST] {3417} tested=1/1 | kept=0 | rest=3781
[WARN] batch start failed | size=2 {3419} | split=1 {5838} + 1 {5839}
[WARN] batch start failed | size=2 {3420} | split=1 {5840} + 1 {5841}
[WARN] batch start failed | size=2 {3421} | split=1 {5842} + 1 {5843}
[TEST] {3422} tested=1/1 | kept=0 | rest=3780
[TEST] {3423} tested=1/1 | kept=0 | rest=3779
[WARN] batch start failed | size=2 {3424} | split=1 {5844} + 1 {5845}
[TEST] {3425} tested=1/1 | kept=0 | rest=3778
[WARN] batch start failed | size=2 {3428} | split=1 {5846} + 1 {5847}
[WARN] batch start failed | size=2 {3429} | split=1 {5848} + 1 {5849}
[TEST] {3426} tested=2/2 | kept=0 | rest=3776
[WARN] batch start failed | size=2 {3427} | split=1 {5850} + 1 {5851}
[WARN] batch start failed | size=2 {3430} | split=1 {5852} + 1 {5853}
[WARN] batch start failed | size=2 {3431} | split=1 {5854} + 1 {5855}
[WARN] batch start failed | size=2 {3432} | split=1 {5856} + 1 {5857}
[WARN] batch start failed | size=2 {3433} | split=1 {5858} + 1 {5859}
[WARN] batch start failed | size=2 {3435} | split=1 {5860} + 1 {5861}
[WARN] batch start failed | size=2 {3434} | split=1 {5862} + 1 {5863}
[WARN] batch start failed | size=2 {3436} | split=1 {5864} + 1 {5865}
[WARN] batch start failed | size=4 {1822} | split=2 {5866} + 2 {5867}
[WARN] batch start failed | size=2 {3439} | split=1 {5868} + 1 {5869}
[WARN] batch start failed | size=2 {3440} | split=1 {5870} + 1 {5871}
[WARN] batch start failed | size=2 {3442} | split=1 {5872} + 1 {5873}
[TEST] {3437} tested=2/2 | kept=0 | rest=3774
[WARN] batch start failed | size=2 {3443} | split=1 {5874} + 1 {5875}
[WARN] batch start failed | size=2 {3444} | split=1 {5876} + 1 {5877}
[TEST] {3441} tested=1/1 | kept=1 | rest=3773
[WARN] batch start failed | size=2 {3445} | split=1 {5878} + 1 {5879}
[WARN] batch start failed | size=2 {3448} | split=1 {5880} + 1 {5881}
[WARN] batch start failed | size=2 {3449} | split=1 {5882} + 1 {5883}
[TEST] {3447} tested=1/1 | kept=0 | rest=3772
[WARN] batch start failed | size=4 {1828} | split=2 {5884} + 2 {5885}
[WARN] batch start failed | size=2 {3451} | split=1 {5886} + 1 {5887}
[TEST] {3452} tested=2/2 | kept=0 | rest=3770
[WARN] batch start failed | size=2 {3453} | split=1 {5888} + 1 {5889}
[WARN] batch start failed | size=2 {3454} | split=1 {5890} + 1 {5891}
[WARN] batch start failed | size=2 {3455} | split=1 {5892} + 1 {5893}
[WARN] batch start failed | size=2 {3456} | split=1 {5894} + 1 {5895}
[WARN] batch start failed | size=2 {3460} | split=1 {5896} + 1 {5897}
[TEST] {3458} tested=1/1 | kept=0 | rest=3769
[WARN] batch start failed | size=2 {3461} | split=1 {5898} + 1 {5899}
[WARN] batch start failed | size=2 {3462} | split=1 {5900} + 1 {5901}
[WARN] batch start failed | size=2 {3463} | split=1 {5902} + 1 {5903}
[WARN] batch start failed | size=2 {3464} | split=1 {5904} + 1 {5905}
[WARN] batch start failed | size=4 {1836} | split=2 {5906} + 2 {5907}
[TEST] {3459} tested=1/1 | kept=0 | rest=3768
[WARN] batch start failed | size=2 {3466} | split=1 {5908} + 1 {5909}
[TEST] {3411} tested=1/1 | kept=0 | rest=3765
[TEST] {3468} tested=2/2 | kept=0 | rest=3764
[WARN] batch start failed | size=2 {3470} | split=1 {5910} + 1 {5911}
[TEST] {3467} tested=2/2 | kept=0 | rest=3763
[WARN] batch start failed | size=2 {3471} | split=1 {5912} + 1 {5913}
[WARN] batch start failed | size=4 {1840} | split=2 {5914} + 2 {5915}
[WARN] batch start failed | size=8 {1842} | split=4 {5916} + 4 {5917}
[WARN] batch start failed | size=2 {3474} | split=1 {5918} + 1 {5919}
[WARN] batch start failed | size=2 {3475} | split=1 {5920} + 1 {5921}
[WARN] batch start failed | size=2 {3478} | split=1 {5922} + 1 {5923}
[TEST] {3477} tested=1/1 | kept=0 | rest=3762
[WARN] batch start failed | size=2 {3479} | split=1 {5924} + 1 {5925}
[WARN] batch start failed | size=2 {3480} | split=1 {5926} + 1 {5927}
[TEST] {3481} tested=2/2 | kept=0 | rest=3760
[TEST] {3482} tested=1/1 | kept=0 | rest=3759
[WARN] batch start failed | size=2 {3484} | split=1 {5928} + 1 {5929}
[TEST] {3486} tested=1/1 | kept=0 | rest=3758
[TEST] {3485} tested=1/1 | kept=0 | rest=3757
[TEST] {3487} tested=1/1 | kept=0 | rest=3756
[WARN] batch start failed | size=4 {3488} | split=2 {5930} + 2 {5931}
[WARN] batch start failed | size=3 {3489} | split=2 {5932} + 1 {5933}
[WARN] batch start failed | size=4 {3490} | split=2 {5934} + 2 {5935}
[WARN] batch start failed | size=4 {3491} | split=2 {5936} + 2 {5937}
[WARN] batch start failed | size=4 {3492} | split=2 {5938} + 2 {5939}
[WARN] batch start failed | size=3 {1853} | split=2 {5940} + 1 {5941}
[TEST] {3446} tested=1/1 | kept=0 | rest=3755
[TEST] {3457} tested=1/1 | kept=0 | rest=3754
[WARN] batch start failed | size=2 {3494} | split=1 {5942} + 1 {5943}
[WARN] batch start failed | size=2 {3495} | split=1 {5944} + 1 {5945}
[WARN] batch start failed | size=2 {3496} | split=1 {5946} + 1 {5947}
[WARN] batch start failed | size=2 {3498} | split=1 {5948} + 1 {5949}
[WARN] batch start failed | size=2 {3499} | split=1 {5950} + 1 {5951}
[WARN] batch start failed | size=2 {3500} | split=1 {5952} + 1 {5953}
[WARN] batch start failed | size=2 {3502} | split=1 {5954} + 1 {5955}
[WARN] batch start failed | size=2 {3503} | split=1 {5956} + 1 {5957}
[WARN] batch start failed | size=2 {3504} | split=1 {5958} + 1 {5959}
[WARN] batch start failed | size=2 {3505} | split=1 {5960} + 1 {5961}
[TEST] {3501} tested=1/1 | kept=0 | rest=3753
[WARN] batch start failed | size=2 {3506} | split=1 {5962} + 1 {5963}
[WARN] batch start failed | size=2 {3508} | split=1 {5964} + 1 {5965}
[WARN] batch start failed | size=2 {3509} | split=1 {5966} + 1 {5967}
[TEST] {3469} tested=1/1 | kept=0 | rest=3752
[WARN] batch start failed | size=2 {3511} | split=1 {5968} + 1 {5969}
[WARN] batch start failed | size=2 {3512} | split=1 {5970} + 1 {5971}
[WARN] batch start failed | size=2 {3513} | split=1 {5972} + 1 {5973}
[WARN] batch start failed | size=4 {1862} | split=2 {5974} + 2 {5975}
[TEST] {3476} tested=1/1 | kept=0 | rest=3750
[WARN] batch start failed | size=2 {3516} | split=1 {5976} + 1 {5977}
[TEST] {3507} tested=1/1 | kept=0 | rest=3749
[WARN] batch start failed | size=2 {3517} | split=1 {5978} + 1 {5979}
[WARN] batch start failed | size=2 {3518} | split=1 {5980} + 1 {5981}
[WARN] batch start failed | size=2 {3519} | split=1 {5982} + 1 {5983}
[WARN] batch start failed | size=2 {3520} | split=1 {5984} + 1 {5985}
[WARN] batch start failed | size=2 {3521} | split=1 {5986} + 1 {5987}
[WARN] batch start failed | size=2 {3522} | split=1 {5988} + 1 {5989}
[TEST] {3483} tested=1/1 | kept=0 | rest=3748
[WARN] batch start failed | size=2 {3524} | split=1 {5990} + 1 {5991}
[WARN] batch start failed | size=2 {3525} | split=1 {5992} + 1 {5993}
[TEST] {3510} tested=2/2 | kept=0 | rest=3747
[WARN] batch start failed | size=2 {3528} | split=1 {5994} + 1 {5995}
[TEST] {3523} tested=1/1 | kept=0 | rest=3746
[WARN] batch start failed | size=2 {3529} | split=1 {5996} + 1 {5997}
[WARN] batch start failed | size=2 {3530} | split=1 {5998} + 1 {5999}
[TEST] {3515} tested=1/1 | kept=0 | rest=3745
[TEST] {3531} tested=1/1 | kept=0 | rest=3744
[WARN] batch start failed | size=2 {3533} | split=1 {6000} + 1 {6001}
[WARN] batch start failed | size=2 {3535} | split=1 {6002} + 1 {6003}
[WARN] batch start failed | size=2 {3534} | split=1 {6004} + 1 {6005}
[TEST] {3497} tested=2/2 | kept=0 | rest=3742
[TEST] {5996} tested=1/1 | kept=0 | rest=3741
[WARN] batch start failed | size=2 {3536} | split=1 {6006} + 1 {6007}
[WARN] batch start failed | size=2 {3537} | split=1 {6008} + 1 {6009}
[WARN] batch start failed | size=2 {3539} | split=1 {6010} + 1 {6011}
[WARN] batch start failed | size=2 {3538} | split=1 {6012} + 1 {6013}
[WARN] batch start failed | size=2 {3540} | split=1 {6014} + 1 {6015}
[TEST] {3541} tested=1/1 | kept=0 | rest=3740
[TEST] {3542} tested=1/1 | kept=0 | rest=3739
[TEST] {3526} tested=1/1 | kept=0 | rest=3738
[TEST] {3527} tested=1/1 | kept=0 | rest=3737
[TEST] {3543} tested=1/1 | kept=0 | rest=3736
[TEST] {3548} tested=1/1 | kept=0 | rest=3735
[TEST] {3549} tested=1/1 | kept=0 | rest=3734
[TEST] {3544} tested=1/1 | kept=0 | rest=3733
[TEST] {3546} tested=1/1 | kept=0 | rest=3732
[TEST] {3553} tested=1/1 | kept=0 | rest=3731
[TEST] {3552} tested=1/1 | kept=0 | rest=3730
[TEST] {3545} tested=1/1 | kept=0 | rest=3729
[WARN] batch start failed | size=4 {3557} | split=2 {6016} + 2 {6017}
[TEST] {3547} tested=1/1 | kept=0 | rest=3728
[WARN] batch start failed | size=4 {3556} | split=2 {6018} + 2 {6019}
[WARN] batch start failed | size=4 {3558} | split=2 {6020} + 2 {6021}
[WARN] batch start failed | size=4 {3559} | split=2 {6022} + 2 {6023}
[WARN] batch start failed | size=4 {3560} | split=2 {6024} + 2 {6025}
[WARN] batch start failed | size=4 {3561} | split=2 {6026} + 2 {6027}
[WARN] batch start failed | size=4 {3562} | split=2 {6028} + 2 {6029}
[WARN] batch start failed | size=3 {3563} | split=2 {6030} + 1 {6031}
[WARN] batch start failed | size=2 {3565} | split=1 {6032} + 1 {6033}
[TEST] {3564} tested=2/2 | kept=0 | rest=3726
[WARN] batch start failed | size=2 {3567} | split=1 {6034} + 1 {6035}
[TEST] {3550} tested=1/1 | kept=0 | rest=3725
[WARN] batch start failed | size=2 {3568} | split=1 {6036} + 1 {6037}
[WARN] batch start failed | size=2 {3570} | split=1 {6038} + 1 {6039}
[TEST] {3566} tested=2/2 | kept=0 | rest=3723
[WARN] batch start failed | size=2 {3571} | split=1 {6040} + 1 {6041}
[WARN] batch start failed | size=2 {3572} | split=1 {6042} + 1 {6043}
[TEST] {3551} tested=1/1 | kept=0 | rest=3722
[WARN] batch start failed | size=2 {3573} | split=1 {6044} + 1 {6045}
[WARN] batch start failed | size=2 {3575} | split=1 {6046} + 1 {6047}
[WARN] batch start failed | size=2 {3574} | split=1 {6048} + 1 {6049}
[TEST] {3576} tested=2/2 | kept=0 | rest=3720
[TEST] {3579} tested=1/1 | kept=0 | rest=3718
[WARN] batch start failed | size=2 {3580} | split=1 {6050} + 1 {6051}
[WARN] batch start failed | size=2 {3581} | split=1 {6052} + 1 {6053}
[TEST] {3554} tested=1/1 | kept=0 | rest=3715
[TEST] {3555} tested=1/1 | kept=0 | rest=3714
[TEST] {3584} tested=2/2 | kept=0 | rest=3712
[WARN] batch start failed | size=2 {3585} | split=1 {6054} + 1 {6055}
[WARN] batch start failed | size=2 {3587} | split=1 {6056} + 1 {6057}
[WARN] batch start failed | size=2 {3586} | split=1 {6058} + 1 {6059}
[WARN] batch start failed | size=2 {3588} | split=1 {6060} + 1 {6061}
[WARN] batch start failed | size=2 {3589} | split=1 {6062} + 1 {6063}
[TEST] {3569} tested=1/1 | kept=0 | rest=3711
[WARN] batch start failed | size=2 {3590} | split=1 {6064} + 1 {6065}
[WARN] batch start failed | size=2 {3591} | split=1 {6066} + 1 {6067}
[WARN] batch start failed | size=2 {3592} | split=1 {6068} + 1 {6069}
[WARN] batch start failed | size=2 {3593} | split=1 {6070} + 1 {6071}
[WARN] batch start failed | size=2 {3594} | split=1 {6072} + 1 {6073}
[WARN] batch start failed | size=2 {3596} | split=1 {6074} + 1 {6075}
[TEST] {3577} tested=2/2 | kept=0 | rest=3710
[TEST] {3578} tested=2/2 | kept=0 | rest=3709
[WARN] batch start failed | size=2 {3597} | split=1 {6076} + 1 {6077}
[WARN] batch start failed | size=2 {3598} | split=1 {6078} + 1 {6079}
[WARN] batch start failed | size=2 {3600} | split=1 {6080} + 1 {6081}
[WARN] batch start failed | size=2 {3602} | split=1 {6082} + 1 {6083}
[TEST] {3603} tested=1/1 | kept=0 | rest=3707
[WARN] batch start failed | size=2 {3604} | split=1 {6084} + 1 {6085}
[TEST] {3599} tested=2/2 | kept=0 | rest=3705
[WARN] batch start failed | size=2 {3605} | split=1 {6086} + 1 {6087}
[WARN] batch start failed | size=2 {3606} | split=1 {6088} + 1 {6089}
[WARN] batch start failed | size=2 {3607} | split=1 {6090} + 1 {6091}
[WARN] batch start failed | size=2 {3608} | split=1 {6092} + 1 {6093}
[WARN] batch start failed | size=2 {3609} | split=1 {6094} + 1 {6095}
[WARN] batch start failed | size=2 {3610} | split=1 {6096} + 1 {6097}
[WARN] batch start failed | size=2 {3611} | split=1 {6098} + 1 {6099}
[WARN] batch start failed | size=2 {3613} | split=1 {6100} + 1 {6101}
[TEST] {3583} tested=2/2 | kept=0 | rest=3704
[WARN] batch start failed | size=2 {3612} | split=1 {6102} + 1 {6103}
[WARN] batch start failed | size=2 {3615} | split=1 {6104} + 1 {6105}
[WARN] batch start failed | size=2 {3616} | split=1 {6106} + 1 {6107}
[WARN] batch start failed | size=2 {3617} | split=1 {6108} + 1 {6109}
[WARN] batch start failed | size=2 {3618} | split=1 {6110} + 1 {6111}
[WARN] batch start failed | size=4 {3620} | split=2 {6112} + 2 {6113}
[WARN] batch start failed | size=3 {3621} | split=2 {6114} + 1 {6115}
[WARN] batch start failed | size=4 {3622} | split=2 {6116} + 2 {6117}
[WARN] batch start failed | size=4 {3623} | split=2 {6118} + 2 {6119}
[WARN] batch start failed | size=4 {3624} | split=2 {6120} + 2 {6121}
[WARN] batch start failed | size=4 {3625} | split=2 {6122} + 2 {6123}
[WARN] batch start failed | size=4 {3626} | split=2 {6124} + 2 {6125}
[WARN] batch start failed | size=3 {3627} | split=2 {6126} + 1 {6127}
[TEST] {3582} tested=2/2 | kept=0 | rest=3701
[WARN] batch start failed | size=2 {3629} | split=1 {6128} + 1 {6129}
[WARN] batch start failed | size=2 {3628} | split=1 {6130} + 1 {6131}
[WARN] batch start failed | size=2 {3630} | split=1 {6132} + 1 {6133}
[WARN] batch start failed | size=2 {3632} | split=1 {6134} + 1 {6135}
[TEST] {3631} tested=1/1 | kept=0 | rest=3700
[WARN] batch start failed | size=2 {3633} | split=1 {6136} + 1 {6137}
[WARN] batch start failed | size=2 {3634} | split=1 {6138} + 1 {6139}
[WARN] batch start failed | size=2 {3635} | split=1 {6140} + 1 {6141}
[TEST] {3637} tested=1/1 | kept=0 | rest=3699
[TEST] {3638} tested=1/1 | kept=0 | rest=3698
[TEST] {3595} tested=1/1 | kept=0 | rest=3697
[TEST] {3639} tested=1/1 | kept=0 | rest=3696
[TEST] {3640} tested=1/1 | kept=0 | rest=3695
[TEST] {3641} tested=1/1 | kept=0 | rest=3694
[TEST] {3601} tested=2/2 | kept=0 | rest=3693
[TEST] {3643} tested=1/1 | kept=0 | rest=3692
[TEST] {3645} tested=1/1 | kept=0 | rest=3691
[TEST] {3646} tested=1/1 | kept=0 | rest=3690
[TEST] {3647} tested=1/1 | kept=0 | rest=3689
[TEST] {3614} tested=2/2 | kept=0 | rest=3688
[TEST] {3648} tested=1/1 | kept=0 | rest=3687
[TEST] {3649} tested=1/1 | kept=0 | rest=3686
[WARN] batch start failed | size=2 {3650} | split=1 {6142} + 1 {6143}
[TEST] {3619} tested=1/1 | kept=0 | rest=3685
[WARN] batch start failed | size=2 {3651} | split=1 {6144} + 1 {6145}
[WARN] batch start failed | size=2 {3652} | split=1 {6146} + 1 {6147}
[WARN] batch start failed | size=2 {3653} | split=1 {6148} + 1 {6149}
[WARN] batch start failed | size=2 {3654} | split=1 {6150} + 1 {6151}
[WARN] batch start failed | size=2 {3655} | split=1 {6152} + 1 {6153}
[WARN] batch start failed | size=2 {3656} | split=1 {6154} + 1 {6155}
[TEST] {6151} tested=1/1 | kept=0 | rest=3684
[WARN] batch start failed | size=2 {3659} | split=1 {6156} + 1 {6157}
[WARN] batch start failed | size=2 {3660} | split=1 {6158} + 1 {6159}
[WARN] batch start failed | size=2 {3661} | split=1 {6160} + 1 {6161}
[WARN] batch start failed | size=2 {3662} | split=1 {6162} + 1 {6163}
[WARN] batch start failed | size=2 {3663} | split=1 {6164} + 1 {6165}
[TEST] {3657} tested=1/1 | kept=0 | rest=3683
[WARN] batch start failed | size=2 {3664} | split=1 {6166} + 1 {6167}
[WARN] batch start failed | size=4 {3666} | split=2 {6168} + 2 {6169}
[WARN] batch start failed | size=4 {3668} | split=2 {6170} + 2 {6171}
[WARN] batch start failed | size=3 {3669} | split=2 {6172} + 1 {6173}
[TEST] {1940} tested=2/2 | kept=0 | rest=3681
[WARN] batch start failed | size=4 {3667} | split=2 {6174} + 2 {6175}
[WARN] batch start failed | size=4 {3670} | split=2 {6176} + 2 {6177}
[WARN] batch start failed | size=4 {3671} | split=2 {6178} + 2 {6179}
[WARN] batch start failed | size=4 {3672} | split=2 {6180} + 2 {6181}
[WARN] batch start failed | size=3 {3673} | split=2 {6182} + 1 {6183}
[TEST] {3675} tested=1/1 | kept=0 | rest=3680
[TEST] {3676} tested=1/1 | kept=0 | rest=3679
[TEST] {3674} tested=1/1 | kept=0 | rest=3678
[WARN] batch start failed | size=2 {3678} | split=1 {6184} + 1 {6185}
[TEST] {3677} tested=1/1 | kept=0 | rest=3677
[TEST] {3636} tested=1/1 | kept=0 | rest=3676
[WARN] batch start failed | size=2 {3680} | split=1 {6186} + 1 {6187}
[WARN] batch start failed | size=2 {3681} | split=1 {6188} + 1 {6189}
[WARN] batch start failed | size=2 {3683} | split=1 {6190} + 1 {6191}
[TEST] {3682} tested=2/2 | kept=0 | rest=3673
[WARN] batch start failed | size=2 {3684} | split=1 {6192} + 1 {6193}
[WARN] batch start failed | size=2 {3686} | split=1 {6194} + 1 {6195}
[WARN] batch start failed | size=2 {3687} | split=1 {6196} + 1 {6197}
[WARN] batch start failed | size=2 {3688} | split=1 {6198} + 1 {6199}
[WARN] batch start failed | size=2 {3689} | split=1 {6200} + 1 {6201}
[WARN] batch start failed | size=2 {3690} | split=1 {6202} + 1 {6203}
[WARN] batch start failed | size=2 {3691} | split=1 {6204} + 1 {6205}
[TEST] {3642} tested=1/1 | kept=0 | rest=3671
[WARN] batch start failed | size=4 {3694} | split=2 {6206} + 2 {6207}
[TEST] {3644} tested=1/1 | kept=0 | rest=3670
[WARN] batch start failed | size=4 {3695} | split=2 {6208} + 2 {6209}
[WARN] batch start failed | size=4 {3696} | split=2 {6210} + 2 {6211}
[WARN] batch start failed | size=3 {3697} | split=2 {6212} + 1 {6213}
[TEST] {3693} tested=1/1 | kept=0 | rest=3669
[WARN] batch start failed | size=4 {3698} | split=2 {6214} + 2 {6215}
[WARN] batch start failed | size=3 {3699} | split=2 {6216} + 1 {6217}
[WARN] batch start failed | size=4 {3701} | split=2 {6218} + 2 {6219}
[WARN] batch start failed | size=4 {3700} | split=2 {6220} + 2 {6221}
[WARN] batch start failed | size=2 {3702} | split=1 {6222} + 1 {6223}
[WARN] batch start failed | size=2 {3703} | split=1 {6224} + 1 {6225}
[WARN] batch start failed | size=2 {3704} | split=1 {6226} + 1 {6227}
[WARN] batch start failed | size=2 {3707} | split=1 {6228} + 1 {6229}
[WARN] batch start failed | size=2 {3706} | split=1 {6230} + 1 {6231}
[WARN] batch start failed | size=2 {3708} | split=1 {6232} + 1 {6233}
[TEST] {3709} tested=1/1 | kept=0 | rest=3668
[WARN] batch start failed | size=2 {3711} | split=1 {6234} + 1 {6235}
[WARN] batch start failed | size=2 {3710} | split=1 {6236} + 1 {6237}
[WARN] batch start failed | size=2 {3712} | split=1 {6238} + 1 {6239}
[WARN] batch start failed | size=2 {3713} | split=1 {6240} + 1 {6241}
[WARN] batch start failed | size=2 {3714} | split=1 {6242} + 1 {6243}
[WARN] batch start failed | size=2 {3716} | split=1 {6244} + 1 {6245}
[TEST] {3715} tested=1/1 | kept=0 | rest=3666
[WARN] batch start failed | size=2 {3717} | split=1 {6246} + 1 {6247}
[WARN] batch start failed | size=2 {3718} | split=1 {6248} + 1 {6249}
[WARN] batch start failed | size=2 {3719} | split=1 {6250} + 1 {6251}
[WARN] batch start failed | size=2 {3720} | split=1 {6252} + 1 {6253}
[WARN] batch start failed | size=2 {3721} | split=1 {6254} + 1 {6255}
[WARN] batch start failed | size=8 {1979} | split=4 {6256} + 4 {6257}
[WARN] batch start failed | size=2 {3723} | split=1 {6258} + 1 {6259}
[WARN] batch start failed | size=2 {3724} | split=1 {6260} + 1 {6261}
[TEST] {3726} tested=1/1 | kept=0 | rest=3665
[TEST] {3679} tested=2/2 | kept=0 | rest=3664
[WARN] batch start failed | size=4 {1983} | split=2 {6262} + 2 {6263}
[TEST] {3685} tested=1/1 | kept=0 | rest=3663
[TEST] {3692} tested=2/2 | kept=0 | rest=3662
[TEST] {3731} tested=1/1 | kept=0 | rest=3661
[TEST] {3733} tested=1/1 | kept=1 | rest=3660
[TEST] {3705} tested=2/2 | kept=0 | rest=3659
[WARN] batch start failed | size=4 {3734} | split=2 {6264} + 2 {6265}
[WARN] batch start failed | size=4 {3735} | split=2 {6266} + 2 {6267}
[TEST] {3736} tested=1/1 | kept=0 | rest=3658
[TEST] {3737} tested=1/1 | kept=0 | rest=3657
[TEST] {3725} tested=1/1 | kept=0 | rest=3656
[TEST] {3727} tested=1/1 | kept=0 | rest=3655
[TEST] {3739} tested=1/1 | kept=0 | rest=3654
[TEST] {3738} tested=1/1 | kept=0 | rest=3653
[TEST] {3741} tested=1/1 | kept=0 | rest=3652
[WARN] batch start failed | size=2 {3742} | split=1 {6268} + 1 {6269}
[WARN] batch start failed | size=2 {3743} | split=1 {6270} + 1 {6271}
[TEST] {3740} tested=1/1 | kept=0 | rest=3651
[WARN] batch start failed | size=2 {3744} | split=1 {6272} + 1 {6273}
[WARN] batch start failed | size=2 {3746} | split=1 {6274} + 1 {6275}
[TEST] {1992} tested=1/1 | kept=0 | rest=3650
[WARN] batch start failed | size=2 {3747} | split=1 {6276} + 1 {6277}
[WARN] batch start failed | size=2 {3749} | split=1 {6278} + 1 {6279}
[WARN] batch start failed | size=2 {3750} | split=1 {6280} + 1 {6281}
[WARN] batch start failed | size=2 {3751} | split=1 {6282} + 1 {6283}
[WARN] batch start failed | size=2 {3752} | split=1 {6284} + 1 {6285}
[WARN] batch start failed | size=2 {3753} | split=1 {6286} + 1 {6287}
[WARN] batch start failed | size=2 {3754} | split=1 {6288} + 1 {6289}
[TEST] {3729} tested=1/1 | kept=0 | rest=3649
[WARN] batch start failed | size=4 {1996} | split=2 {6290} + 2 {6291}
[TEST] {3730} tested=1/1 | kept=0 | rest=3648
[WARN] batch start failed | size=2 {3758} | split=1 {6292} + 1 {6293}
[TEST] {3755} tested=1/1 | kept=0 | rest=3647
[WARN] batch start failed | size=2 {3759} | split=1 {6294} + 1 {6295}
[WARN] batch start failed | size=2 {3761} | split=1 {6296} + 1 {6297}
[WARN] batch start failed | size=2 {3762} | split=1 {6298} + 1 {6299}
[WARN] batch start failed | size=2 {3764} | split=1 {6300} + 1 {6301}
[WARN] batch start failed | size=2 {3765} | split=1 {6302} + 1 {6303}
[WARN] batch start failed | size=2 {3766} | split=1 {6304} + 1 {6305}
[WARN] batch start failed | size=2 {3767} | split=1 {6306} + 1 {6307}
[WARN] batch start failed | size=2 {3768} | split=1 {6308} + 1 {6309}
[TEST] {3732} tested=1/1 | kept=0 | rest=3645
[WARN] batch start failed | size=2 {3769} | split=1 {6310} + 1 {6311}
[WARN] batch start failed | size=2 {3770} | split=1 {6312} + 1 {6313}
[TEST] {3757} tested=1/1 | kept=0 | rest=3644
[WARN] batch start failed | size=2 {3771} | split=1 {6314} + 1 {6315}
[WARN] batch start failed | size=2 {3772} | split=1 {6316} + 1 {6317}
[WARN] batch start failed | size=2 {3773} | split=1 {6318} + 1 {6319}
[WARN] batch start failed | size=2 {3774} | split=1 {6320} + 1 {6321}
[WARN] batch start failed | size=2 {3775} | split=1 {6322} + 1 {6323}
[WARN] batch start failed | size=2 {3776} | split=1 {6324} + 1 {6325}
[TEST] {3760} tested=2/2 | kept=1 | rest=3643
[WARN] batch start failed | size=2 {3778} | split=1 {6326} + 1 {6327}
[WARN] batch start failed | size=2 {3780} | split=1 {6328} + 1 {6329}
[TEST] {3779} tested=1/1 | kept=0 | rest=3641
[WARN] batch start failed | size=2 {3781} | split=1 {6330} + 1 {6331}
[TEST] {3777} tested=2/2 | kept=0 | rest=3640
[WARN] batch start failed | size=2 {3782} | split=1 {6332} + 1 {6333}
[WARN] batch start failed | size=2 {3783} | split=1 {6334} + 1 {6335}
[WARN] batch start failed | size=2 {3784} | split=1 {6336} + 1 {6337}
[WARN] batch start failed | size=2 {3785} | split=1 {6338} + 1 {6339}
[WARN] batch start failed | size=2 {3786} | split=1 {6340} + 1 {6341}
[WARN] batch start failed | size=2 {3788} | split=1 {6342} + 1 {6343}
[WARN] batch start failed | size=2 {3789} | split=1 {6344} + 1 {6345}
[WARN] batch start failed | size=2 {3790} | split=1 {6346} + 1 {6347}
[TEST] {3787} tested=1/1 | kept=0 | rest=3639
[WARN] batch start failed | size=2 {3791} | split=1 {6348} + 1 {6349}
[WARN] batch start failed | size=2 {3792} | split=1 {6350} + 1 {6351}
[WARN] batch start failed | size=2 {3794} | split=1 {6352} + 1 {6353}
[WARN] batch start failed | size=2 {3795} | split=1 {6354} + 1 {6355}
[TEST] {3793} tested=1/1 | kept=0 | rest=3638
[WARN] batch start failed | size=2 {3797} | split=1 {6356} + 1 {6357}
[WARN] batch start failed | size=2 {3796} | split=1 {6358} + 1 {6359}
[WARN] batch start failed | size=2 {3798} | split=1 {6360} + 1 {6361}
[WARN] batch start failed | size=2 {3799} | split=1 {6362} + 1 {6363}
[WARN] batch start failed | size=2 {3800} | split=1 {6364} + 1 {6365}
[WARN] batch start failed | size=2 {3801} | split=1 {6366} + 1 {6367}
[WARN] batch start failed | size=2 {3802} | split=1 {6368} + 1 {6369}
[WARN] batch start failed | size=2 {3803} | split=1 {6370} + 1 {6371}
[WARN] batch start failed | size=2 {3804} | split=1 {6372} + 1 {6373}
[WARN] batch start failed | size=2 {3805} | split=1 {6374} + 1 {6375}
[WARN] batch start failed | size=2 {3806} | split=1 {6376} + 1 {6377}
[WARN] batch start failed | size=2 {3807} | split=1 {6378} + 1 {6379}
[WARN] batch start failed | size=2 {3809} | split=1 {6380} + 1 {6381}
[TEST] {3808} tested=2/2 | kept=0 | rest=3634
[WARN] batch start failed | size=2 {3813} | split=1 {6382} + 1 {6383}
[WARN] batch start failed | size=2 {3814} | split=1 {6384} + 1 {6385}
[TEST] {3815} tested=1/1 | kept=0 | rest=3633
[TEST] {3745} tested=1/1 | kept=0 | rest=3632
[WARN] batch start failed | size=2 {3816} | split=1 {6386} + 1 {6387}
[WARN] batch start failed | size=2 {3817} | split=1 {6388} + 1 {6389}
[WARN] batch start failed | size=2 {3819} | split=1 {6390} + 1 {6391}
[WARN] batch start failed | size=2 {3820} | split=1 {6392} + 1 {6393}
[WARN] batch start failed | size=2 {3821} | split=1 {6394} + 1 {6395}
[WARN] batch start failed | size=2 {3822} | split=1 {6396} + 1 {6397}
[TEST] {3823} tested=2/2 | kept=0 | rest=3629
[WARN] batch start failed | size=2 {3824} | split=1 {6398} + 1 {6399}
[WARN] batch start failed | size=2 {3825} | split=1 {6400} + 1 {6401}
[TEST] {3763} tested=1/1 | kept=0 | rest=3628
[WARN] batch start failed | size=2 {3826} | split=1 {6402} + 1 {6403}
[WARN] batch start failed | size=2 {3828} | split=1 {6404} + 1 {6405}
[TEST] {3827} tested=1/1 | kept=1 | rest=3627
[WARN] batch start failed | size=2 {3829} | split=1 {6406} + 1 {6407}
[WARN] batch start failed | size=2 {3830} | split=1 {6408} + 1 {6409}
[WARN] batch start failed | size=2 {3831} | split=1 {6410} + 1 {6411}
[WARN] batch start failed | size=2 {3832} | split=1 {6412} + 1 {6413}
[WARN] batch start failed | size=2 {3833} | split=1 {6414} + 1 {6415}
[WARN] batch start failed | size=2 {3835} | split=1 {6416} + 1 {6417}
[WARN] batch start failed | size=2 {3834} | split=1 {6418} + 1 {6419}
[WARN] batch start failed | size=2 {3837} | split=1 {6420} + 1 {6421}
[TEST] {3838} tested=2/2 | kept=0 | rest=3624
[WARN] batch start failed | size=2 {3839} | split=1 {6422} + 1 {6423}
[WARN] batch start failed | size=2 {3840} | split=1 {6424} + 1 {6425}
[WARN] batch start failed | size=2 {3841} | split=1 {6426} + 1 {6427}
[WARN] batch start failed | size=2 {3842} | split=1 {6428} + 1 {6429}
[TEST] {3843} tested=1/1 | kept=0 | rest=3623
[TEST] {3810} tested=2/2 | kept=0 | rest=3622
[TEST] {3811} tested=1/1 | kept=0 | rest=3621
[TEST] {3812} tested=2/2 | kept=0 | rest=3620
[WARN] batch start failed | size=2 {3844} | split=1 {6430} + 1 {6431}
[WARN] batch start failed | size=2 {3845} | split=1 {6432} + 1 {6433}
[WARN] batch start failed | size=2 {3846} | split=1 {6434} + 1 {6435}
[WARN] batch start failed | size=2 {3848} | split=1 {6436} + 1 {6437}
[WARN] batch start failed | size=2 {3849} | split=1 {6438} + 1 {6439}
[WARN] batch start failed | size=2 {3850} | split=1 {6440} + 1 {6441}
[WARN] batch start failed | size=2 {3852} | split=1 {6442} + 1 {6443}
[WARN] batch start failed | size=2 {3853} | split=1 {6444} + 1 {6445}
[WARN] batch start failed | size=2 {3854} | split=1 {6446} + 1 {6447}
[WARN] batch start failed | size=2 {3855} | split=1 {6448} + 1 {6449}
[WARN] batch start failed | size=2 {3856} | split=1 {6450} + 1 {6451}
[WARN] batch start failed | size=2 {3857} | split=1 {6452} + 1 {6453}
[WARN] batch start failed | size=2 {3858} | split=1 {6454} + 1 {6455}
[WARN] batch start failed | size=2 {3860} | split=1 {6456} + 1 {6457}
[TEST] {3818} tested=2/2 | kept=0 | rest=3618
[WARN] batch start failed | size=2 {3861} | split=1 {6458} + 1 {6459}
[WARN] batch start failed | size=2 {3862} | split=1 {6460} + 1 {6461}
[WARN] batch start failed | size=2 {3863} | split=1 {6462} + 1 {6463}
[WARN] batch start failed | size=2 {3865} | split=1 {6464} + 1 {6465}
[WARN] batch start failed | size=2 {3864} | split=1 {6466} + 1 {6467}
[WARN] batch start failed | size=2 {3866} | split=1 {6468} + 1 {6469}
[WARN] batch start failed | size=2 {3867} | split=1 {6470} + 1 {6471}
[WARN] batch start failed | size=2 {3868} | split=1 {6472} + 1 {6473}
[TEST] {3859} tested=1/1 | kept=0 | rest=3616
[WARN] batch start failed | size=2 {3870} | split=1 {6474} + 1 {6475}
[TEST] {3869} tested=2/2 | kept=0 | rest=3615
[WARN] batch start failed | size=2 {3871} | split=1 {6476} + 1 {6477}
[WARN] batch start failed | size=2 {3872} | split=1 {6478} + 1 {6479}
[WARN] batch start failed | size=2 {3873} | split=1 {6480} + 1 {6481}
[WARN] batch start failed | size=2 {3874} | split=1 {6482} + 1 {6483}
[TEST] {3875} tested=1/1 | kept=0 | rest=3614
[WARN] batch start failed | size=2 {3877} | split=1 {6484} + 1 {6485}
[WARN] batch start failed | size=2 {3879} | split=1 {6486} + 1 {6487}
[WARN] batch start failed | size=2 {3878} | split=1 {6488} + 1 {6489}
[WARN] batch start failed | size=2 {3881} | split=1 {6490} + 1 {6491}
[WARN] batch start failed | size=2 {3880} | split=1 {6492} + 1 {6493}
[WARN] batch start failed | size=2 {3882} | split=1 {6494} + 1 {6495}
[TEST] {3883} tested=1/1 | kept=0 | rest=3613
[WARN] batch start failed | size=2 {3884} | split=1 {6496} + 1 {6497}
[WARN] batch start failed | size=2 {3885} | split=1 {6498} + 1 {6499}
[WARN] batch start failed | size=2 {3886} | split=1 {6500} + 1 {6501}
[TEST] {3836} tested=2/2 | kept=0 | rest=3612
[WARN] batch start failed | size=2 {3888} | split=1 {6502} + 1 {6503}
[WARN] batch start failed | size=2 {3889} | split=1 {6504} + 1 {6505}
[WARN] batch start failed | size=2 {3890} | split=1 {6506} + 1 {6507}
[WARN] batch start failed | size=2 {3892} | split=1 {6508} + 1 {6509}
[TEST] {3887} tested=1/1 | kept=0 | rest=3611
[WARN] batch start failed | size=2 {3893} | split=1 {6510} + 1 {6511}
[WARN] batch start failed | size=2 {3894} | split=1 {6512} + 1 {6513}
[WARN] batch start failed | size=2 {3895} | split=1 {6514} + 1 {6515}
[WARN] batch start failed | size=2 {3896} | split=1 {6516} + 1 {6517}
[WARN] batch start failed | size=2 {3897} | split=1 {6518} + 1 {6519}
[WARN] batch start failed | size=2 {3898} | split=1 {6520} + 1 {6521}
[TEST] {3891} tested=2/2 | kept=0 | rest=3609
[WARN] batch start failed | size=2 {3899} | split=1 {6522} + 1 {6523}
[WARN] batch start failed | size=2 {3901} | split=1 {6524} + 1 {6525}
[WARN] batch start failed | size=2 {3900} | split=1 {6526} + 1 {6527}
[WARN] batch start failed | size=2 {3902} | split=1 {6528} + 1 {6529}
[WARN] batch start failed | size=2 {3903} | split=1 {6530} + 1 {6531}
[WARN] batch start failed | size=2 {3904} | split=1 {6532} + 1 {6533}
[WARN] batch start failed | size=2 {3905} | split=1 {6534} + 1 {6535}
[WARN] batch start failed | size=2 {3906} | split=1 {6536} + 1 {6537}
[WARN] batch start failed | size=2 {3908} | split=1 {6538} + 1 {6539}
[WARN] batch start failed | size=2 {3909} | split=1 {6540} + 1 {6541}
[WARN] batch start failed | size=2 {3910} | split=1 {6542} + 1 {6543}
[WARN] batch start failed | size=2 {3911} | split=1 {6544} + 1 {6545}
[WARN] batch start failed | size=2 {3912} | split=1 {6546} + 1 {6547}
[TEST] {3907} tested=1/1 | kept=0 | rest=3608
[WARN] batch start failed | size=2 {3913} | split=1 {6548} + 1 {6549}
[WARN] batch start failed | size=2 {3914} | split=1 {6550} + 1 {6551}
[WARN] batch start failed | size=2 {3916} | split=1 {6552} + 1 {6553}
[TEST] {3847} tested=2/2 | kept=0 | rest=3607
[WARN] batch start failed | size=2 {3917} | split=1 {6554} + 1 {6555}
[WARN] batch start failed | size=2 {3918} | split=1 {6556} + 1 {6557}
[TEST] {3915} tested=1/1 | kept=0 | rest=3606
[WARN] batch start failed | size=2 {3919} | split=1 {6558} + 1 {6559}
[WARN] batch start failed | size=2 {3920} | split=1 {6560} + 1 {6561}
[TEST] {3851} tested=1/1 | kept=0 | rest=3605
[WARN] batch start failed | size=2 {3921} | split=1 {6562} + 1 {6563}
[WARN] batch start failed | size=2 {3922} | split=1 {6564} + 1 {6565}
[WARN] batch start failed | size=2 {3924} | split=1 {6566} + 1 {6567}
[WARN] batch start failed | size=2 {3925} | split=1 {6568} + 1 {6569}
[WARN] batch start failed | size=2 {3927} | split=1 {6570} + 1 {6571}
[WARN] batch start failed | size=2 {3926} | split=1 {6572} + 1 {6573}
[WARN] batch start failed | size=2 {3928} | split=1 {6574} + 1 {6575}
[WARN] batch start failed | size=2 {3930} | split=1 {6576} + 1 {6577}
[WARN] batch start failed | size=2 {3931} | split=1 {6578} + 1 {6579}
[WARN] batch start failed | size=2 {3932} | split=1 {6580} + 1 {6581}
[WARN] batch start failed | size=2 {3933} | split=1 {6582} + 1 {6583}
[WARN] batch start failed | size=2 {3934} | split=1 {6584} + 1 {6585}
[TEST] {3923} tested=1/1 | kept=0 | rest=3604
[WARN] batch start failed | size=2 {3935} | split=1 {6586} + 1 {6587}
[WARN] batch start failed | size=2 {3937} | split=1 {6588} + 1 {6589}
[WARN] batch start failed | size=2 {3936} | split=1 {6590} + 1 {6591}
[WARN] batch start failed | size=2 {3938} | split=1 {6592} + 1 {6593}
[TEST] {3929} tested=1/1 | kept=1 | rest=3603
[WARN] batch start failed | size=2 {3941} | split=1 {6594} + 1 {6595}
[TEST] {3939} tested=1/1 | kept=0 | rest=3602
[WARN] batch start failed | size=2 {3940} | split=1 {6596} + 1 {6597}
[WARN] batch start failed | size=2 {3942} | split=1 {6598} + 1 {6599}
[WARN] batch start failed | size=2 {3943} | split=1 {6600} + 1 {6601}
[WARN] batch start failed | size=2 {3944} | split=1 {6602} + 1 {6603}
[WARN] batch start failed | size=2 {3945} | split=1 {6604} + 1 {6605}
[WARN] batch start failed | size=2 {3946} | split=1 {6606} + 1 {6607}
[WARN] batch start failed | size=2 {3947} | split=1 {6608} + 1 {6609}
[WARN] batch start failed | size=2 {3948} | split=1 {6610} + 1 {6611}
[WARN] batch start failed | size=2 {3949} | split=1 {6612} + 1 {6613}
[WARN] batch start failed | size=2 {3950} | split=1 {6614} + 1 {6615}
[WARN] batch start failed | size=2 {3951} | split=1 {6616} + 1 {6617}
[WARN] batch start failed | size=2 {3952} | split=1 {6618} + 1 {6619}
[WARN] batch start failed | size=2 {2099} | split=1 {6620} + 1 {6621}
[WARN] batch start failed | size=2 {2100} | split=1 {6622} + 1 {6623}
[TEST] {3953} tested=2/2 | kept=1 | rest=3600
[TEST] {3957} tested=1/1 | kept=0 | rest=3599
[TEST] {3956} tested=1/1 | kept=0 | rest=3598
[TEST] {3960} tested=1/1 | kept=0 | rest=3597
[TEST] {3961} tested=1/1 | kept=0 | rest=3596
[TEST] {6479} tested=1/1 | kept=0 | rest=3595
[TEST] {3962} tested=1/1 | kept=0 | rest=3594
[TEST] {3963} tested=1/1 | kept=0 | rest=3593
[TEST] {3964} tested=1/1 | kept=0 | rest=3592
[TEST] {3966} tested=1/1 | kept=0 | rest=3591
[TEST] {3967} tested=1/1 | kept=0 | rest=3590
[TEST] {3969} tested=1/1 | kept=0 | rest=3589
[TEST] {3970} tested=1/1 | kept=0 | rest=3588
[TEST] {3971} tested=1/1 | kept=0 | rest=3587
[TEST] {3973} tested=1/1 | kept=1 | rest=3586
[TEST] {3974} tested=1/1 | kept=0 | rest=3585
[TEST] {3975} tested=1/1 | kept=0 | rest=3584
[WARN] batch start failed | size=7 {2111} | split=4 {6624} + 3 {6625}
[TEST] {3979} tested=1/1 | kept=0 | rest=3583
[TEST] {3977} tested=1/1 | kept=0 | rest=3582
[TEST] {3978} tested=1/1 | kept=0 | rest=3581
[WARN] batch start failed | size=4 {3980} | split=2 {6626} + 2 {6627}
[WARN] batch start failed | size=4 {3981} | split=2 {6628} + 2 {6629}
[WARN] batch start failed | size=4 {3982} | split=2 {6630} + 2 {6631}
[TEST] {3958} tested=1/1 | kept=0 | rest=3580
[TEST] {3959} tested=1/1 | kept=0 | rest=3579
[WARN] batch start failed | size=4 {3983} | split=2 {6632} + 2 {6633}
[WARN] batch start failed | size=4 {3984} | split=2 {6634} + 2 {6635}
[WARN] batch start failed | size=3 {3985} | split=2 {6636} + 1 {6637}
[WARN] batch start failed | size=4 {3986} | split=2 {6638} + 2 {6639}
[WARN] batch start failed | size=3 {3987} | split=2 {6640} + 1 {6641}
[WARN] batch start failed | size=4 {3988} | split=2 {6642} + 2 {6643}
[WARN] batch start failed | size=4 {3989} | split=2 {6644} + 2 {6645}
[WARN] batch start failed | size=4 {3990} | split=2 {6646} + 2 {6647}
[WARN] batch start failed | size=4 {3991} | split=2 {6648} + 2 {6649}
[WARN] batch start failed | size=4 {3992} | split=2 {6650} + 2 {6651}
[WARN] batch start failed | size=4 {3993} | split=2 {6652} + 2 {6653}
[TEST] {3965} tested=1/1 | kept=0 | rest=3578
[WARN] batch start failed | size=4 {3994} | split=2 {6654} + 2 {6655}
[WARN] batch start failed | size=4 {3995} | split=2 {6656} + 2 {6657}
[WARN] batch start failed | size=4 {3997} | split=2 {6658} + 2 {6659}
[WARN] batch start failed | size=4 {3996} | split=2 {6660} + 2 {6661}
[WARN] batch start failed | size=4 {3998} | split=2 {6662} + 2 {6663}
[WARN] batch start failed | size=3 {3999} | split=2 {6664} + 1 {6665}
[TEST] {3968} tested=1/1 | kept=0 | rest=3577
[WARN] batch start failed | size=4 {4000} | split=2 {6666} + 2 {6667}
[WARN] batch start failed | size=2 {6658} | split=1 {6668} + 1 {6669}
[WARN] batch start failed | size=4 {4002} | split=2 {6670} + 2 {6671}
[WARN] batch start failed | size=3 {4003} | split=2 {6672} + 1 {6673}
[WARN] batch start failed | size=4 {4004} | split=2 {6674} + 2 {6675}
[WARN] batch start failed | size=4 {4005} | split=2 {6676} + 2 {6677}
[WARN] batch start failed | size=4 {4006} | split=2 {6678} + 2 {6679}
[WARN] batch start failed | size=3 {4007} | split=2 {6680} + 1 {6681}
[WARN] batch start failed | size=4 {4008} | split=2 {6682} + 2 {6683}
[WARN] batch start failed | size=3 {4009} | split=2 {6684} + 1 {6685}
[WARN] batch start failed | size=2 {4010} | split=1 {6686} + 1 {6687}
[WARN] batch start failed | size=2 {4011} | split=1 {6688} + 1 {6689}
[WARN] batch start failed | size=2 {4012} | split=1 {6690} + 1 {6691}
[WARN] batch start failed | size=2 {4013} | split=1 {6692} + 1 {6693}
[TEST] {3972} tested=1/1 | kept=0 | rest=3576
[WARN] batch start failed | size=2 {4014} | split=1 {6694} + 1 {6695}
[WARN] batch start failed | size=2 {4015} | split=1 {6696} + 1 {6697}
[WARN] batch start failed | size=2 {4018} | split=1 {6698} + 1 {6699}
[WARN] batch start failed | size=2 {4021} | split=1 {6700} + 1 {6701}
[WARN] batch start failed | size=4 {4022} | split=2 {6702} + 2 {6703}
[TEST] {4020} tested=2/2 | kept=0 | rest=3573
[WARN] batch start failed | size=4 {4023} | split=2 {6704} + 2 {6705}
[WARN] batch start failed | size=4 {4024} | split=2 {6706} + 2 {6707}
[WARN] batch start failed | size=4 {4025} | split=2 {6708} + 2 {6709}
[WARN] batch start failed | size=4 {4026} | split=2 {6710} + 2 {6711}
[WARN] batch start failed | size=3 {4027} | split=2 {6712} + 1 {6713}
[WARN] batch start failed | size=4 {4029} | split=2 {6714} + 2 {6715}
[WARN] batch start failed | size=4 {4028} | split=2 {6716} + 2 {6717}
[TEST] {4030} tested=1/1 | kept=1 | rest=3572
[TEST] {4032} tested=1/1 | kept=0 | rest=3571
[TEST] {4031} tested=1/1 | kept=0 | rest=3570
[WARN] batch start failed | size=2 {4035} | split=1 {6718} + 1 {6719}
[WARN] batch start failed | size=2 {4034} | split=1 {6720} + 1 {6721}
[WARN] batch start failed | size=2 {4036} | split=1 {6722} + 1 {6723}
[TEST] {4033} tested=1/1 | kept=0 | rest=3569
[TEST] {4039} tested=1/1 | kept=0 | rest=3568
[WARN] batch start failed | size=2 {4040} | split=1 {6724} + 1 {6725}
[TEST] {4037} tested=1/1 | kept=1 | rest=3567
[WARN] batch start failed | size=2 {4041} | split=1 {6726} + 1 {6727}
[WARN] batch start failed | size=2 {4042} | split=1 {6728} + 1 {6729}
[WARN] batch start failed | size=2 {4043} | split=1 {6730} + 1 {6731}
[WARN] batch start failed | size=2 {4044} | split=1 {6732} + 1 {6733}
[TEST] {4046} tested=2/2 | kept=0 | rest=3564
[TEST] {4047} tested=1/1 | kept=0 | rest=3563
[WARN] batch start failed | size=2 {4048} | split=1 {6734} + 1 {6735}
[TEST] {4049} tested=1/1 | kept=0 | rest=3562
[WARN] batch start failed | size=2 {4050} | split=1 {6736} + 1 {6737}
[WARN] batch start failed | size=2 {4051} | split=1 {6738} + 1 {6739}
[WARN] batch start failed | size=2 {4053} | split=1 {6740} + 1 {6741}
[WARN] batch start failed | size=2 {4052} | split=1 {6742} + 1 {6743}
[WARN] batch start failed | size=2 {4054} | split=1 {6744} + 1 {6745}
[WARN] batch start failed | size=2 {4055} | split=1 {6746} + 1 {6747}
[TEST] {6687} tested=1/1 | kept=0 | rest=3561
[TEST] {6689} tested=1/1 | kept=0 | rest=3560
[TEST] {4019} tested=2/2 | kept=0 | rest=3559
[WARN] batch start failed | size=2 {4056} | split=1 {6748} + 1 {6749}
[WARN] batch start failed | size=2 {4057} | split=1 {6750} + 1 {6751}
[WARN] batch start failed | size=2 {4058} | split=1 {6752} + 1 {6753}
[WARN] batch start failed | size=2 {4059} | split=1 {6754} + 1 {6755}
[WARN] batch start failed | size=2 {4060} | split=1 {6756} + 1 {6757}
[WARN] batch start failed | size=2 {4061} | split=1 {6758} + 1 {6759}
[WARN] batch start failed | size=2 {4062} | split=1 {6760} + 1 {6761}
[WARN] batch start failed | size=2 {4063} | split=1 {6762} + 1 {6763}
[WARN] batch start failed | size=2 {4064} | split=1 {6764} + 1 {6765}
[WARN] batch start failed | size=2 {4065} | split=1 {6766} + 1 {6767}
[WARN] batch start failed | size=2 {4066} | split=1 {6768} + 1 {6769}
[WARN] batch start failed | size=2 {4067} | split=1 {6770} + 1 {6771}
[WARN] batch start failed | size=4 {4068} | split=2 {6772} + 2 {6773}
[WARN] batch start failed | size=4 {4069} | split=2 {6774} + 2 {6775}
[WARN] batch start failed | size=4 {4070} | split=2 {6776} + 2 {6777}
[WARN] batch start failed | size=4 {4071} | split=2 {6778} + 2 {6779}
[WARN] batch start failed | size=2 {6776} | split=1 {6780} + 1 {6781}
[TEST] {4072} tested=1/1 | kept=0 | rest=3558
[WARN] batch start failed | size=2 {4076} | split=1 {6782} + 1 {6783}
[WARN] batch start failed | size=2 {4077} | split=1 {6784} + 1 {6785}
[WARN] batch start failed | size=2 {4078} | split=1 {6786} + 1 {6787}
[TEST] {4079} tested=1/1 | kept=0 | rest=3557
[WARN] batch start failed | size=2 {4081} | split=1 {6788} + 1 {6789}
[TEST] {4075} tested=1/1 | kept=1 | rest=3555
[WARN] batch start failed | size=2 {4082} | split=1 {6790} + 1 {6791}
[TEST] {4080} tested=2/2 | kept=0 | rest=3554
[TEST] {4038} tested=1/1 | kept=0 | rest=3553
[TEST] {4084} tested=1/1 | kept=1 | rest=3552
[TEST] {4045} tested=2/2 | kept=0 | rest=3551
[WARN] batch start failed | size=2 {4088} | split=1 {6792} + 1 {6793}
[TEST] {4085} tested=1/1 | kept=1 | rest=3550
[WARN] batch start failed | size=2 {4089} | split=1 {6794} + 1 {6795}
[WARN] batch start failed | size=2 {4090} | split=1 {6796} + 1 {6797}
[WARN] batch start failed | size=2 {4091} | split=1 {6798} + 1 {6799}
[WARN] batch start failed | size=4 {4092} | split=2 {6800} + 2 {6801}
[WARN] batch start failed | size=4 {4093} | split=2 {6802} + 2 {6803}
[WARN] batch start failed | size=4 {4094} | split=2 {6804} + 2 {6805}
[WARN] batch start failed | size=3 {4095} | split=2 {6806} + 1 {6807}
[WARN] batch start failed | size=2 {4096} | split=1 {6808} + 1 {6809}
[WARN] batch start failed | size=2 {4097} | split=1 {6810} + 1 {6811}
[WARN] batch start failed | size=2 {4099} | split=1 {6812} + 1 {6813}
[WARN] batch start failed | size=4 {2175} | split=2 {6814} + 2 {6815}
[WARN] batch start failed | size=2 {6814} | split=1 {6816} + 1 {6817}
[WARN] batch start failed | size=2 {4102} | split=1 {6818} + 1 {6819}
[TEST] {4098} tested=2/2 | kept=0 | rest=3548
[WARN] batch start failed | size=2 {4104} | split=1 {6820} + 1 {6821}
[WARN] batch start failed | size=2 {4105} | split=1 {6822} + 1 {6823}
[TEST] {4103} tested=1/1 | kept=0 | rest=3547
[TEST] {4106} tested=1/1 | kept=0 | rest=3546
[WARN] batch start failed | size=2 {4108} | split=1 {6824} + 1 {6825}
[TEST] {4109} tested=1/1 | kept=0 | rest=3545
[TEST] {4107} tested=1/1 | kept=0 | rest=3544
[TEST] {4073} tested=1/1 | kept=0 | rest=3543
[WARN] batch start failed | size=2 {4110} | split=1 {6826} + 1 {6827}
[WARN] batch start failed | size=2 {4111} | split=1 {6828} + 1 {6829}
[WARN] batch start failed | size=2 {4115} | split=1 {6830} + 1 {6831}
[TEST] {4113} tested=1/1 | kept=0 | rest=3542
[WARN] batch start failed | size=2 {4114} | split=1 {6832} + 1 {6833}
[WARN] batch start failed | size=2 {4116} | split=1 {6834} + 1 {6835}
[WARN] batch start failed | size=2 {4117} | split=1 {6836} + 1 {6837}
[WARN] batch start failed | size=2 {4118} | split=1 {6838} + 1 {6839}
[WARN] batch start failed | size=2 {4119} | split=1 {6840} + 1 {6841}
[WARN] batch start failed | size=2 {4120} | split=1 {6842} + 1 {6843}
[TEST] {4083} tested=1/1 | kept=0 | rest=3541
[TEST] {4121} tested=1/1 | kept=0 | rest=3540
[TEST] {4122} tested=1/1 | kept=0 | rest=3539
[TEST] {4123} tested=1/1 | kept=0 | rest=3538
[TEST] {4124} tested=1/1 | kept=0 | rest=3537
[WARN] batch start failed | size=2 {4126} | split=1 {6844} + 1 {6845}
[TEST] {4086} tested=1/1 | kept=0 | rest=3536
[WARN] batch start failed | size=2 {4127} | split=1 {6846} + 1 {6847}
[TEST] {4087} tested=1/1 | kept=0 | rest=3535
[TEST] {4125} tested=1/1 | kept=0 | rest=3534
[WARN] batch start failed | size=2 {4128} | split=1 {6848} + 1 {6849}
[WARN] batch start failed | size=2 {4130} | split=1 {6850} + 1 {6851}
[WARN] batch start failed | size=2 {4131} | split=1 {6852} + 1 {6853}
[WARN] batch start failed | size=2 {4132} | split=1 {6854} + 1 {6855}
[TEST] {4137} tested=1/1 | kept=0 | rest=3532
[TEST] {4134} tested=1/1 | kept=0 | rest=3531
[TEST] {4129} tested=2/2 | kept=0 | rest=3530
[TEST] {4133} tested=1/1 | kept=0 | rest=3529
[WARN] batch start failed | size=2 {4140} | split=1 {6856} + 1 {6857}
[WARN] batch start failed | size=2 {4141} | split=1 {6858} + 1 {6859}
[WARN] batch start failed | size=2 {4142} | split=1 {6860} + 1 {6861}
[TEST] {4139} tested=1/1 | kept=0 | rest=3528
[WARN] batch start failed | size=4 {2200} | split=2 {6862} + 2 {6863}
[WARN] batch start failed | size=2 {4144} | split=1 {6864} + 1 {6865}
[WARN] batch start failed | size=2 {4146} | split=1 {6866} + 1 {6867}
[WARN] batch start failed | size=2 {4147} | split=1 {6868} + 1 {6869}
[TEST] {4148} tested=1/1 | kept=0 | rest=3527
[TEST] {4149} tested=1/1 | kept=0 | rest=3526
[WARN] batch start failed | size=2 {2204} | split=1 {6870} + 1 {6871}
[TEST] {4112} tested=1/1 | kept=0 | rest=3525
[TEST] {4153} tested=1/1 | kept=0 | rest=3524
[WARN] batch start failed | size=2 {4151} | split=1 {6872} + 1 {6873}
[TEST] {4135} tested=1/1 | kept=0 | rest=3523
[TEST] {4155} tested=1/1 | kept=0 | rest=3522
[TEST] {4136} tested=1/1 | kept=0 | rest=3521
[TEST] {4138} tested=1/1 | kept=0 | rest=3520
[TEST] {4158} tested=1/1 | kept=0 | rest=3519
[TEST] {4159} tested=1/1 | kept=0 | rest=3518
[TEST] {4145} tested=1/1 | kept=0 | rest=3517
[TEST] {4161} tested=1/1 | kept=0 | rest=3516
[TEST] {4162} tested=1/1 | kept=0 | rest=3515
[TEST] {4163} tested=1/1 | kept=0 | rest=3514
[TEST] {4152} tested=1/1 | kept=0 | rest=3513
[WARN] batch start failed | size=2 {4164} | split=1 {6874} + 1 {6875}
[WARN] batch start failed | size=2 {4165} | split=1 {6876} + 1 {6877}
[WARN] batch start failed | size=2 {4166} | split=1 {6878} + 1 {6879}
[WARN] batch start failed | size=2 {4167} | split=1 {6880} + 1 {6881}
[TEST] {4168} tested=1/1 | kept=0 | rest=3512
[TEST] {4169} tested=1/1 | kept=0 | rest=3511
[TEST] {4154} tested=1/1 | kept=0 | rest=3510
[TEST] {4172} tested=1/1 | kept=0 | rest=3509
[TEST] {4156} tested=1/1 | kept=0 | rest=3508
[TEST] {4157} tested=1/1 | kept=0 | rest=3507
[TEST] {4175} tested=1/1 | kept=0 | rest=3506
[TEST] {4160} tested=1/1 | kept=0 | rest=3505
[TEST] {4176} tested=1/1 | kept=0 | rest=3504
[TEST] {4177} tested=1/1 | kept=0 | rest=3503
[TEST] {4178} tested=1/1 | kept=0 | rest=3502
[TEST] {4181} tested=1/1 | kept=0 | rest=3501
[TEST] {4179} tested=1/1 | kept=0 | rest=3500
[TEST] {4171} tested=1/1 | kept=0 | rest=3499
[TEST] {4170} tested=1/1 | kept=0 | rest=3498
[TEST] {4184} tested=1/1 | kept=0 | rest=3497
[TEST] {4183} tested=1/1 | kept=0 | rest=3496
[TEST] {4186} tested=1/1 | kept=0 | rest=3495
[TEST] {4187} tested=1/1 | kept=0 | rest=3494
[TEST] {4185} tested=1/1 | kept=0 | rest=3493
[TEST] {4188} tested=1/1 | kept=0 | rest=3492
[TEST] {4173} tested=1/1 | kept=0 | rest=3491
[TEST] {4189} tested=1/1 | kept=0 | rest=3490
[WARN] batch start failed | size=4 {4190} | split=2 {6882} + 2 {6883}
[WARN] batch start failed | size=3 {4193} | split=2 {6884} + 1 {6885}
[WARN] batch start failed | size=4 {4191} | split=2 {6886} + 2 {6887}
[WARN] batch start failed | size=4 {4192} | split=2 {6888} + 2 {6889}
[WARN] batch start failed | size=4 {4194} | split=2 {6890} + 2 {6891}
[WARN] batch start failed | size=2 {6884} | split=1 {6892} + 1 {6893}
[WARN] batch start failed | size=4 {4196} | split=2 {6894} + 2 {6895}
[WARN] batch start failed | size=4 {4198} | split=2 {6896} + 2 {6897}
[WARN] batch start failed | size=3 {4197} | split=2 {6898} + 1 {6899}
[WARN] batch start failed | size=4 {4199} | split=2 {6900} + 2 {6901}
[WARN] batch start failed | size=2 {6894} | split=1 {6902} + 1 {6903}
[WARN] batch start failed | size=4 {4200} | split=2 {6904} + 2 {6905}
[TEST] {4174} tested=1/1 | kept=0 | rest=3489
[WARN] batch start failed | size=2 {6901} | split=1 {6906} + 1 {6907}
[TEST] {4202} tested=1/1 | kept=0 | rest=3488
[WARN] batch start failed | size=4 {4206} | split=2 {6908} + 2 {6909}
[WARN] batch start failed | size=4 {4207} | split=2 {6910} + 2 {6911}
[TEST] {4204} tested=1/1 | kept=0 | rest=3487
[WARN] batch start failed | size=4 {4208} | split=2 {6912} + 2 {6913}
[WARN] batch start failed | size=3 {4209} | split=2 {6914} + 1 {6915}
[WARN] batch start failed | size=2 {4210} | split=1 {6916} + 1 {6917}
[WARN] batch start failed | size=2 {4211} | split=1 {6918} + 1 {6919}
[WARN] batch start failed | size=2 {4212} | split=1 {6920} + 1 {6921}
[WARN] batch start failed | size=2 {4214} | split=1 {6922} + 1 {6923}
[WARN] batch start failed | size=2 {4215} | split=1 {6924} + 1 {6925}
[WARN] batch start failed | size=2 {4216} | split=1 {6926} + 1 {6927}
[WARN] batch start failed | size=2 {4217} | split=1 {6928} + 1 {6929}
[WARN] batch start failed | size=2 {4218} | split=1 {6930} + 1 {6931}
[WARN] batch start failed | size=2 {4219} | split=1 {6932} + 1 {6933}
[TEST] {4213} tested=1/1 | kept=0 | rest=3486
[WARN] batch start failed | size=2 {4220} | split=1 {6934} + 1 {6935}
[WARN] batch start failed | size=2 {4222} | split=1 {6936} + 1 {6937}
[WARN] batch start failed | size=2 {4223} | split=1 {6938} + 1 {6939}
[WARN] batch start failed | size=2 {4224} | split=1 {6940} + 1 {6941}
[TEST] {4221} tested=1/1 | kept=0 | rest=3485
[TEST] {4225} tested=1/1 | kept=0 | rest=3484
[TEST] {4226} tested=1/1 | kept=0 | rest=3483
[TEST] {4227} tested=1/1 | kept=0 | rest=3482
[WARN] batch start failed | size=2 {4228} | split=1 {6942} + 1 {6943}
[WARN] batch start failed | size=2 {4229} | split=1 {6944} + 1 {6945}
[TEST] {4231} tested=1/1 | kept=0 | rest=3481
[TEST] {4180} tested=1/1 | kept=0 | rest=3480
[TEST] {4182} tested=1/1 | kept=0 | rest=3479
[TEST] {4230} tested=1/1 | kept=0 | rest=3478
[TEST] {4234} tested=1/1 | kept=0 | rest=3477
[TEST] {4235} tested=1/1 | kept=0 | rest=3476
[TEST] {4237} tested=1/1 | kept=0 | rest=3475
[TEST] {4236} tested=1/1 | kept=0 | rest=3474
[TEST] {4238} tested=1/1 | kept=0 | rest=3473
[TEST] {4241} tested=1/1 | kept=0 | rest=3472
[TEST] {4232} tested=1/1 | kept=0 | rest=3471
[TEST] {4239} tested=1/1 | kept=0 | rest=3470
[TEST] {4240} tested=1/1 | kept=1 | rest=3469
[TEST] {4244} tested=1/1 | kept=0 | rest=3468
[TEST] {4245} tested=1/1 | kept=0 | rest=3467
[TEST] {4246} tested=1/1 | kept=1 | rest=3466
[TEST] {4247} tested=1/1 | kept=0 | rest=3465
[TEST] {4248} tested=1/1 | kept=0 | rest=3464
[TEST] {4249} tested=1/1 | kept=0 | rest=3463
[TEST] {4203} tested=1/1 | kept=0 | rest=3462
[TEST] {4250} tested=1/1 | kept=0 | rest=3461
[TEST] {4251} tested=1/1 | kept=0 | rest=3460
[TEST] {4252} tested=1/1 | kept=0 | rest=3459
[WARN] batch start failed | size=2 {4254} | split=1 {6946} + 1 {6947}
[WARN] batch start failed | size=2 {4255} | split=1 {6948} + 1 {6949}
[WARN] batch start failed | size=2 {4257} | split=1 {6950} + 1 {6951}
[WARN] batch start failed | size=2 {4256} | split=1 {6952} + 1 {6953}
[WARN] batch start failed | size=2 {4260} | split=1 {6954} + 1 {6955}
[WARN] batch start failed | size=2 {4258} | split=1 {6956} + 1 {6957}
[WARN] batch start failed | size=2 {4261} | split=1 {6958} + 1 {6959}
[WARN] batch start failed | size=2 {4264} | split=1 {6960} + 1 {6961}
[WARN] batch start failed | size=2 {4265} | split=1 {6962} + 1 {6963}
[WARN] batch start failed | size=2 {4263} | split=1 {6964} + 1 {6965}
[TEST] {4259} tested=1/1 | kept=1 | rest=3458
[WARN] batch start failed | size=2 {4262} | split=1 {6966} + 1 {6967}
[WARN] batch start failed | size=2 {4266} | split=1 {6968} + 1 {6969}
[WARN] batch start failed | size=4 {2309} | split=2 {6970} + 2 {6971}
[WARN] batch start failed | size=2 {4269} | split=1 {6972} + 1 {6973}
[TEST] {6966} tested=1/1 | kept=1 | rest=3457
[WARN] batch start failed | size=2 {4270} | split=1 {6974} + 1 {6975}
[TEST] {4233} tested=1/1 | kept=0 | rest=3456
[TEST] {4272} tested=1/1 | kept=1 | rest=3455
[WARN] batch start failed | size=2 {4271} | split=1 {6976} + 1 {6977}
[WARN] batch start failed | size=2 {4274} | split=1 {6978} + 1 {6979}
[WARN] batch start failed | size=2 {4276} | split=1 {6980} + 1 {6981}
[WARN] batch start failed | size=2 {4277} | split=1 {6982} + 1 {6983}
[WARN] batch start failed | size=2 {4280} | split=1 {6984} + 1 {6985}
[WARN] batch start failed | size=2 {4278} | split=1 {6986} + 1 {6987}
[WARN] batch start failed | size=2 {4281} | split=1 {6988} + 1 {6989}
[WARN] batch start failed | size=2 {4279} | split=1 {6990} + 1 {6991}
[TEST] {4243} tested=1/1 | kept=0 | rest=3454
[TEST] {4275} tested=1/1 | kept=0 | rest=3453
[WARN] batch start failed | size=2 {4285} | split=1 {6992} + 1 {6993}
[TEST] {4242} tested=1/1 | kept=0 | rest=3452
[WARN] batch start failed | size=2 {4284} | split=1 {6994} + 1 {6995}
[WARN] batch start failed | size=2 {4282} | split=1 {6996} + 1 {6997}
[WARN] batch start failed | size=2 {4286} | split=1 {6998} + 1 {6999}
[WARN] batch start failed | size=2 {4288} | split=1 {7000} + 1 {7001}
[WARN] batch start failed | size=2 {4289} | split=1 {7002} + 1 {7003}
[WARN] batch start failed | size=2 {4287} | split=1 {7004} + 1 {7005}
[WARN] batch start failed | size=2 {4290} | split=1 {7006} + 1 {7007}
[WARN] batch start failed | size=2 {4292} | split=1 {7008} + 1 {7009}
[WARN] batch start failed | size=2 {4293} | split=1 {7010} + 1 {7011}
[WARN] batch start failed | size=4 {4294} | split=2 {7012} + 2 {7013}
[WARN] batch start failed | size=4 {4296} | split=2 {7014} + 2 {7015}
[WARN] batch start failed | size=3 {4295} | split=2 {7016} + 1 {7017}
[WARN] batch start failed | size=4 {4297} | split=2 {7018} + 2 {7019}
[WARN] batch start failed | size=2 {4298} | split=1 {7020} + 1 {7021}
[TEST] {4291} tested=1/1 | kept=0 | rest=3451
[WARN] batch start failed | size=2 {4300} | split=1 {7022} + 1 {7023}
[WARN] batch start failed | size=2 {4299} | split=1 {7024} + 1 {7025}
[WARN] batch start failed | size=2 {4304} | split=1 {7026} + 1 {7027}
[WARN] batch start failed | size=2 {4303} | split=1 {7028} + 1 {7029}
[TEST] {4305} tested=1/1 | kept=0 | rest=3449
[TEST] {4302} tested=2/2 | kept=0 | rest=3448
[TEST] {4253} tested=1/1 | kept=0 | rest=3447
[WARN] batch start failed | size=2 {4306} | split=1 {7030} + 1 {7031}
[WARN] batch start failed | size=2 {4309} | split=1 {7032} + 1 {7033}
[TEST] {4301} tested=1/1 | kept=1 | rest=3446
[WARN] batch start failed | size=2 {4310} | split=1 {7034} + 1 {7035}
[WARN] batch start failed | size=2 {4313} | split=1 {7036} + 1 {7037}
[WARN] batch start failed | size=2 {4312} | split=1 {7038} + 1 {7039}
[WARN] batch start failed | size=2 {4311} | split=1 {7040} + 1 {7041}
[TEST] {4308} tested=2/2 | kept=1 | rest=3444
[WARN] batch start failed | size=2 {4314} | split=1 {7042} + 1 {7043}
[WARN] batch start failed | size=2 {4316} | split=1 {7044} + 1 {7045}
[WARN] batch start failed | size=2 {4315} | split=1 {7046} + 1 {7047}
[WARN] batch start failed | size=4 {2335} | split=2 {7048} + 2 {7049}
[WARN] batch start failed | size=2 {4319} | split=1 {7050} + 1 {7051}
[WARN] batch start failed | size=2 {4320} | split=1 {7052} + 1 {7053}
[WARN] batch start failed | size=2 {4321} | split=1 {7054} + 1 {7055}
[WARN] batch start failed | size=4 {2337} | split=2 {7056} + 2 {7057}
[WARN] batch start failed | size=2 {4323} | split=1 {7058} + 1 {7059}
[TEST] {4325} tested=1/1 | kept=0 | rest=3443
[TEST] {4273} tested=1/1 | kept=0 | rest=3442
[WARN] batch start failed | size=2 {4328} | split=1 {7060} + 1 {7061}
[TEST] {4324} tested=1/1 | kept=1 | rest=3441
[TEST] {4327} tested=1/1 | kept=0 | rest=3440
[WARN] batch start failed | size=2 {4329} | split=1 {7062} + 1 {7063}
[WARN] batch start failed | size=2 {4331} | split=1 {7064} + 1 {7065}
[WARN] batch start failed | size=2 {4330} | split=1 {7066} + 1 {7067}
[TEST] {4333} tested=1/1 | kept=0 | rest=3439
[TEST] {4326} tested=1/1 | kept=0 | rest=3438
[WARN] batch start failed | size=2 {4332} | split=1 {7068} + 1 {7069}
[WARN] batch start failed | size=4 {2345} | split=2 {7070} + 2 {7071}
[TEST] {4283} tested=1/1 | kept=0 | rest=3436
[WARN] batch start failed | size=4 {4338} | split=2 {7072} + 2 {7073}
[WARN] batch start failed | size=4 {4339} | split=2 {7074} + 2 {7075}
[WARN] batch start failed | size=4 {4340} | split=2 {7076} + 2 {7077}
[TEST] {4337} tested=1/1 | kept=0 | rest=3435
[WARN] batch start failed | size=3 {4341} | split=2 {7078} + 1 {7079}
[WARN] batch start failed | size=2 {4342} | split=1 {7080} + 1 {7081}
[WARN] batch start failed | size=2 {4343} | split=1 {7082} + 1 {7083}
[WARN] batch start failed | size=2 {4344} | split=1 {7084} + 1 {7085}
[WARN] batch start failed | size=4 {2351} | split=2 {7086} + 2 {7087}
[TEST] {4335} tested=1/1 | kept=0 | rest=3434
[TEST] {7082} tested=1/1 | kept=0 | rest=3433
[WARN] batch start failed | size=2 {4348} | split=1 {7088} + 1 {7089}
[WARN] batch start failed | size=2 {4349} | split=1 {7090} + 1 {7091}
[TEST] {4334} tested=1/1 | kept=0 | rest=3432
[WARN] batch start failed | size=2 {4350} | split=1 {7092} + 1 {7093}
[TEST] {4351} tested=1/1 | kept=0 | rest=3431
[TEST] {4352} tested=1/1 | kept=0 | rest=3430
[WARN] batch start failed | size=2 {4354} | split=1 {7094} + 1 {7095}
[WARN] batch start failed | size=2 {4355} | split=1 {7096} + 1 {7097}
[WARN] batch start failed | size=2 {4356} | split=1 {7098} + 1 {7099}
[WARN] batch start failed | size=2 {4357} | split=1 {7100} + 1 {7101}
[WARN] batch start failed | size=2 {4358} | split=1 {7102} + 1 {7103}
[TEST] {4347} tested=1/1 | kept=1 | rest=3429
[WARN] batch start failed | size=2 {4360} | split=1 {7104} + 1 {7105}
[WARN] batch start failed | size=2 {4361} | split=1 {7106} + 1 {7107}
[TEST] {4307} tested=2/2 | kept=0 | rest=3428
[WARN] batch start failed | size=2 {4362} | split=1 {7108} + 1 {7109}
[WARN] batch start failed | size=2 {4363} | split=1 {7110} + 1 {7111}
[WARN] batch start failed | size=2 {4364} | split=1 {7112} + 1 {7113}
[WARN] batch start failed | size=2 {4365} | split=1 {7114} + 1 {7115}
[WARN] batch start failed | size=2 {4366} | split=1 {7116} + 1 {7117}
[WARN] batch start failed | size=2 {4367} | split=1 {7118} + 1 {7119}
[WARN] batch start failed | size=2 {4368} | split=1 {7120} + 1 {7121}
[WARN] batch start failed | size=2 {4369} | split=1 {7122} + 1 {7123}
[WARN] batch start failed | size=2 {4370} | split=1 {7124} + 1 {7125}
[WARN] batch start failed | size=4 {4374} | split=2 {7126} + 2 {7127}
[WARN] batch start failed | size=4 {4372} | split=2 {7128} + 2 {7129}
[TEST] {4317} tested=1/1 | kept=0 | rest=3427
[TEST] {4371} tested=1/1 | kept=0 | rest=3426
[WARN] batch start failed | size=4 {4375} | split=2 {7130} + 2 {7131}
[WARN] batch start failed | size=3 {4373} | split=2 {7132} + 1 {7133}
[WARN] batch start failed | size=2 {4377} | split=1 {7134} + 1 {7135}
[WARN] batch start failed | size=2 {4376} | split=1 {7136} + 1 {7137}
[WARN] batch start failed | size=2 {4378} | split=1 {7138} + 1 {7139}
[WARN] batch start failed | size=2 {4380} | split=1 {7140} + 1 {7141}
[WARN] batch start failed | size=2 {4381} | split=1 {7142} + 1 {7143}
[WARN] batch start failed | size=2 {4382} | split=1 {7144} + 1 {7145}
[WARN] batch start failed | size=2 {4384} | split=1 {7146} + 1 {7147}
[WARN] batch start failed | size=2 {4386} | split=1 {7148} + 1 {7149}
[TEST] {4385} tested=1/1 | kept=1 | rest=3425
[WARN] batch start failed | size=2 {4387} | split=1 {7150} + 1 {7151}
[WARN] batch start failed | size=2 {4388} | split=1 {7152} + 1 {7153}
[WARN] batch start failed | size=2 {4389} | split=1 {7154} + 1 {7155}
[TEST] {4353} tested=1/1 | kept=0 | rest=3424
[WARN] batch start failed | size=2 {4391} | split=1 {7156} + 1 {7157}
[WARN] batch start failed | size=2 {4390} | split=1 {7158} + 1 {7159}
[WARN] batch start failed | size=2 {4392} | split=1 {7160} + 1 {7161}
[WARN] batch start failed | size=2 {4393} | split=1 {7162} + 1 {7163}
[WARN] batch start failed | size=2 {4394} | split=1 {7164} + 1 {7165}
[WARN] batch start failed | size=2 {4395} | split=1 {7166} + 1 {7167}
[WARN] batch start failed | size=2 {4396} | split=1 {7168} + 1 {7169}
[WARN] batch start failed | size=2 {4397} | split=1 {7170} + 1 {7171}
[WARN] batch start failed | size=2 {4398} | split=1 {7172} + 1 {7173}
[WARN] batch start failed | size=2 {4399} | split=1 {7174} + 1 {7175}
[WARN] batch start failed | size=2 {4400} | split=1 {7176} + 1 {7177}
[WARN] batch start failed | size=2 {4401} | split=1 {7178} + 1 {7179}
[WARN] batch start failed | size=2 {4402} | split=1 {7180} + 1 {7181}
[WARN] batch start failed | size=2 {4404} | split=1 {7182} + 1 {7183}
[WARN] batch start failed | size=2 {4405} | split=1 {7184} + 1 {7185}
[WARN] batch start failed | size=2 {4406} | split=1 {7186} + 1 {7187}
[WARN] batch start failed | size=2 {4407} | split=1 {7188} + 1 {7189}
[TEST] {4403} tested=1/1 | kept=1 | rest=3423
[WARN] batch start failed | size=2 {4408} | split=1 {7190} + 1 {7191}
[TEST] {4409} tested=1/1 | kept=1 | rest=3422
[WARN] batch start failed | size=2 {4412} | split=1 {7192} + 1 {7193}
[TEST] {4411} tested=1/1 | kept=0 | rest=3421
[WARN] batch start failed | size=4 {2390} | split=2 {7194} + 2 {7195}
[TEST] {4359} tested=1/1 | kept=0 | rest=3420
[TEST] {4414} tested=1/1 | kept=1 | rest=3419
[TEST] {4417} tested=1/1 | kept=0 | rest=3418
[TEST] {4379} tested=1/1 | kept=0 | rest=3417
[TEST] {7140} tested=1/1 | kept=0 | rest=3416
[WARN] batch start failed | size=2 {4420} | split=1 {7196} + 1 {7197}
[TEST] {4419} tested=1/1 | kept=0 | rest=3415
[WARN] batch start failed | size=2 {4421} | split=1 {7198} + 1 {7199}
[WARN] batch start failed | size=2 {4423} | split=1 {7200} + 1 {7201}
[WARN] batch start failed | size=2 {4422} | split=1 {7202} + 1 {7203}
[REPAIR] name=[Epodonios] EPODONIOS {4425} | fields=cipher
[WARN] batch start failed | size=2 {4426} | split=1 {7204} + 1 {7205}
[WARN] batch start failed | size=4 {2396} | split=2 {7206} + 2 {7207}
[TEST] {4427} tested=1/1 | kept=0 | rest=3414
[WARN] batch start failed | size=2 {7206} | split=1 {7208} + 1 {7209}
[WARN] batch start failed | size=2 {4429} | split=1 {7210} + 1 {7211}
[TEST] {4425} tested=1/1 | kept=1 | rest=3413
[WARN] batch start failed | size=2 {4431} | split=1 {7212} + 1 {7213}
[WARN] batch start failed | size=2 {4430} | split=1 {7214} + 1 {7215}
[WARN] batch start failed | size=2 {4432} | split=1 {7216} + 1 {7217}
[TEST] {4433} tested=1/1 | kept=0 | rest=3412
[WARN] batch start failed | size=3 {2401} | split=2 {7218} + 1 {7219}
[WARN] batch start failed | size=2 {4435} | split=1 {7220} + 1 {7221}
[WARN] batch start failed | size=2 {4436} | split=1 {7222} + 1 {7223}
[TEST] {4410} tested=1/1 | kept=0 | rest=3411
[WARN] batch start failed | size=2 {4438} | split=1 {7224} + 1 {7225}
[TEST] {4437} tested=1/1 | kept=1 | rest=3410
[WARN] batch start failed | size=2 {4439} | split=1 {7226} + 1 {7227}
[WARN] batch start failed | size=4 {2406} | split=2 {7228} + 2 {7229}
[WARN] batch start failed | size=2 {4441} | split=1 {7230} + 1 {7231}
[WARN] batch start failed | size=2 {4443} | split=1 {7232} + 1 {7233}
[TEST] {4415} tested=1/1 | kept=0 | rest=3409
[WARN] batch start failed | size=3 {2407} | split=2 {7234} + 1 {7235}
[WARN] batch start failed | size=2 {4446} | split=1 {7236} + 1 {7237}
[WARN] batch start failed | size=2 {4447} | split=1 {7238} + 1 {7239}
[WARN] batch start failed | size=2 {4448} | split=1 {7240} + 1 {7241}
[WARN] batch start failed | size=2 {4449} | split=1 {7242} + 1 {7243}
[TEST] {4445} tested=1/1 | kept=1 | rest=3408
[WARN] batch start failed | size=2 {4450} | split=1 {7244} + 1 {7245}
[WARN] batch start failed | size=2 {4451} | split=1 {7246} + 1 {7247}
[WARN] batch start failed | size=4 {2413} | split=2 {7248} + 2 {7249}
[TEST] {4444} tested=1/1 | kept=1 | rest=3407
[TEST] {4452} tested=1/1 | kept=1 | rest=3406
[WARN] batch start failed | size=2 {4456} | split=1 {7250} + 1 {7251}
[WARN] batch start failed | size=2 {4457} | split=1 {7252} + 1 {7253}
[TEST] {4454} tested=1/1 | kept=1 | rest=3405
[WARN] batch start failed | size=2 {4458} | split=1 {7254} + 1 {7255}
[TEST] {4455} tested=1/1 | kept=1 | rest=3404
[WARN] batch start failed | size=2 {4459} | split=1 {7256} + 1 {7257}
[WARN] batch start failed | size=2 {4460} | split=1 {7258} + 1 {7259}
[WARN] batch start failed | size=2 {4462} | split=1 {7260} + 1 {7261}
[WARN] batch start failed | size=2 {4461} | split=1 {7262} + 1 {7263}
[WARN] batch start failed | size=2 {4463} | split=1 {7264} + 1 {7265}
[WARN] batch start failed | size=2 {4466} | split=1 {7266} + 1 {7267}
[WARN] batch start failed | size=2 {4464} | split=1 {7268} + 1 {7269}
[WARN] batch start failed | size=2 {4467} | split=1 {7270} + 1 {7271}
[WARN] batch start failed | size=2 {4469} | split=1 {7272} + 1 {7273}
[WARN] batch start failed | size=2 {4468} | split=1 {7274} + 1 {7275}
[WARN] batch start failed | size=2 {4470} | split=1 {7276} + 1 {7277}
[WARN] batch start failed | size=2 {4472} | split=1 {7278} + 1 {7279}
[TEST] {4416} tested=1/1 | kept=0 | rest=3403
[WARN] batch start failed | size=2 {4473} | split=1 {7280} + 1 {7281}
[WARN] batch start failed | size=2 {4474} | split=1 {7282} + 1 {7283}
[WARN] batch start failed | size=2 {4475} | split=1 {7284} + 1 {7285}
[WARN] batch start failed | size=2 {4477} | split=1 {7286} + 1 {7287}
[WARN] batch start failed | size=2 {4476} | split=1 {7288} + 1 {7289}
[WARN] batch start failed | size=2 {4478} | split=1 {7290} + 1 {7291}
[WARN] batch start failed | size=2 {4480} | split=1 {7292} + 1 {7293}
[WARN] batch start failed | size=2 {4481} | split=1 {7294} + 1 {7295}
[TEST] {4479} tested=1/1 | kept=0 | rest=3402
[TEST] {4418} tested=1/1 | kept=0 | rest=3401
[WARN] batch start failed | size=2 {4482} | split=1 {7296} + 1 {7297}
[WARN] batch start failed | size=2 {4483} | split=1 {7298} + 1 {7299}
[WARN] batch start failed | size=2 {4484} | split=1 {7300} + 1 {7301}
[WARN] batch start failed | size=2 {4485} | split=1 {7302} + 1 {7303}
[WARN] batch start failed | size=2 {4486} | split=1 {7304} + 1 {7305}
[WARN] batch start failed | size=2 {4489} | split=1 {7306} + 1 {7307}
[WARN] batch start failed | size=2 {4488} | split=1 {7308} + 1 {7309}
[WARN] batch start failed | size=2 {4490} | split=1 {7310} + 1 {7311}
[WARN] batch start failed | size=2 {4491} | split=1 {7312} + 1 {7313}
[WARN] batch start failed | size=2 {4492} | split=1 {7314} + 1 {7315}
[WARN] batch start failed | size=2 {4493} | split=1 {7316} + 1 {7317}
[WARN] batch start failed | size=2 {4494} | split=1 {7318} + 1 {7319}
[TEST] {4487} tested=1/1 | kept=1 | rest=3400
[WARN] batch start failed | size=2 {4497} | split=1 {7320} + 1 {7321}
[WARN] batch start failed | size=2 {4496} | split=1 {7322} + 1 {7323}
[WARN] batch start failed | size=2 {4498} | split=1 {7324} + 1 {7325}
[WARN] batch start failed | size=2 {4499} | split=1 {7326} + 1 {7327}
[WARN] batch start failed | size=2 {4500} | split=1 {7328} + 1 {7329}
[WARN] batch start failed | size=2 {4501} | split=1 {7330} + 1 {7331}
[WARN] batch start failed | size=2 {4502} | split=1 {7332} + 1 {7333}
[WARN] batch start failed | size=2 {4504} | split=1 {7334} + 1 {7335}
[WARN] batch start failed | size=2 {4505} | split=1 {7336} + 1 {7337}
[WARN] batch start failed | size=2 {4506} | split=1 {7338} + 1 {7339}
[WARN] batch start failed | size=3 {2441} | split=2 {7340} + 1 {7341}
[WARN] batch start failed | size=2 {4510} | split=1 {7342} + 1 {7343}
[WARN] batch start failed | size=2 {4509} | split=1 {7344} + 1 {7345}
[WARN] batch start failed | size=2 {4511} | split=1 {7346} + 1 {7347}
[WARN] batch start failed | size=2 {4512} | split=1 {7348} + 1 {7349}
[WARN] batch start failed | size=2 {4513} | split=1 {7350} + 1 {7351}
[WARN] batch start failed | size=2 {4514} | split=1 {7352} + 1 {7353}
[WARN] batch start failed | size=2 {4515} | split=1 {7354} + 1 {7355}
[WARN] batch start failed | size=2 {4516} | split=1 {7356} + 1 {7357}
[TEST] {4517} tested=1/1 | kept=1 | rest=3399
[WARN] batch start failed | size=2 {4518} | split=1 {7358} + 1 {7359}
[WARN] batch start failed | size=2 {4519} | split=1 {7360} + 1 {7361}
[WARN] batch start failed | size=4 {2446} | split=2 {7362} + 2 {7363}
[TEST] {4522} tested=1/1 | kept=1 | rest=3398
[WARN] batch start failed | size=2 {4521} | split=1 {7364} + 1 {7365}
[TEST] {4507} tested=1/1 | kept=1 | rest=3397
[TEST] {4465} tested=1/1 | kept=0 | rest=3396
[WARN] batch start failed | size=2 {4524} | split=1 {7366} + 1 {7367}
[WARN] batch start failed | size=2 {4525} | split=1 {7368} + 1 {7369}
[WARN] batch start failed | size=2 {4526} | split=1 {7370} + 1 {7371}
[WARN] batch start failed | size=2 {4527} | split=1 {7372} + 1 {7373}
[TEST] {4471} tested=1/1 | kept=0 | rest=3395
[TEST] {4523} tested=1/1 | kept=1 | rest=3394
[WARN] batch start failed | size=2 {4528} | split=1 {7374} + 1 {7375}
[TEST] {4495} tested=1/1 | kept=0 | rest=3393
[WARN] batch start failed | size=2 {4529} | split=1 {7376} + 1 {7377}
[WARN] batch start failed | size=2 {4530} | split=1 {7378} + 1 {7379}
[WARN] batch start failed | size=2 {4531} | split=1 {7380} + 1 {7381}
[WARN] batch start failed | size=4 {2452} | split=2 {7382} + 2 {7383}
[WARN] batch start failed | size=2 {4534} | split=1 {7384} + 1 {7385}
[WARN] batch start failed | size=2 {4536} | split=1 {7386} + 1 {7387}
[WARN] batch start failed | size=2 {4538} | split=1 {7388} + 1 {7389}
[TEST] {4535} tested=1/1 | kept=1 | rest=3392
[WARN] batch start failed | size=2 {4539} | split=1 {7390} + 1 {7391}
[TEST] {4537} tested=1/1 | kept=0 | rest=3391
[TEST] {4532} tested=1/1 | kept=1 | rest=3390
[WARN] batch start failed | size=2 {4540} | split=1 {7392} + 1 {7393}
[WARN] batch start failed | size=2 {4541} | split=1 {7394} + 1 {7395}
[WARN] batch start failed | size=2 {4542} | split=1 {7396} + 1 {7397}
[WARN] batch start failed | size=2 {4543} | split=1 {7398} + 1 {7399}
[WARN] batch start failed | size=2 {4545} | split=1 {7400} + 1 {7401}
[WARN] batch start failed | size=2 {4547} | split=1 {7402} + 1 {7403}
[WARN] batch start failed | size=2 {4546} | split=1 {7404} + 1 {7405}
[WARN] batch start failed | size=2 {4550} | split=1 {7406} + 1 {7407}
[TEST] {4544} tested=2/2 | kept=0 | rest=3388
[WARN] batch start failed | size=2 {4551} | split=1 {7408} + 1 {7409}
[WARN] batch start failed | size=2 {4553} | split=1 {7410} + 1 {7411}
[WARN] batch start failed | size=2 {4552} | split=1 {7412} + 1 {7413}
[WARN] batch start failed | size=2 {4554} | split=1 {7414} + 1 {7415}
[TEST] {4549} tested=1/1 | kept=1 | rest=3387
[WARN] batch start failed | size=2 {4555} | split=1 {7416} + 1 {7417}
[WARN] batch start failed | size=2 {4557} | split=1 {7418} + 1 {7419}
[WARN] batch start failed | size=2 {4556} | split=1 {7420} + 1 {7421}
[WARN] batch start failed | size=2 {4560} | split=1 {7422} + 1 {7423}
[WARN] batch start failed | size=2 {4561} | split=1 {7424} + 1 {7425}
[WARN] batch start failed | size=2 {4562} | split=1 {7426} + 1 {7427}
[WARN] batch start failed | size=2 {4563} | split=1 {7428} + 1 {7429}
[TEST] {4503} tested=1/1 | kept=0 | rest=3386
[WARN] batch start failed | size=2 {4564} | split=1 {7430} + 1 {7431}
[WARN] batch start failed | size=2 {4565} | split=1 {7432} + 1 {7433}
[TEST] {4568} tested=1/1 | kept=0 | rest=3385
[TEST] {4567} tested=1/1 | kept=1 | rest=3384
[TEST] {4569} tested=1/1 | kept=0 | rest=3383
[TEST] {4571} tested=1/1 | kept=0 | rest=3382
[TEST] {4570} tested=1/1 | kept=0 | rest=3381
[TEST] {4572} tested=1/1 | kept=1 | rest=3380
[TEST] {4575} tested=1/1 | kept=0 | rest=3379
[TEST] {4559} tested=1/1 | kept=0 | rest=3378
[TEST] {4574} tested=1/1 | kept=0 | rest=3377
[TEST] {4577} tested=1/1 | kept=1 | rest=3376
[TEST] {4548} tested=2/2 | kept=0 | rest=3374
[TEST] {4576} tested=1/1 | kept=0 | rest=3373
[TEST] {4558} tested=1/1 | kept=0 | rest=3372
[TEST] {4579} tested=1/1 | kept=0 | rest=3371
[TEST] {4580} tested=1/1 | kept=1 | rest=3370
[TEST] {4566} tested=1/1 | kept=0 | rest=3369
[TEST] {4582} tested=1/1 | kept=0 | rest=3368
[WARN] batch start failed | size=2 {4584} | split=1 {7434} + 1 {7435}
[TEST] {4583} tested=1/1 | kept=1 | rest=3367
[TEST] {4573} tested=1/1 | kept=0 | rest=3366
[TEST] {4588} tested=1/1 | kept=1 | rest=3365
[TEST] {4578} tested=1/1 | kept=0 | rest=3364
[TEST] {4581} tested=1/1 | kept=0 | rest=3363
[TEST] {4585} tested=1/1 | kept=0 | rest=3362
[TEST] {4586} tested=1/1 | kept=0 | rest=3361
[TEST] {4587} tested=1/1 | kept=0 | rest=3360
[WARN] batch start failed | size=2 {4595} | split=1 {7436} + 1 {7437}
[WARN] batch start failed | size=2 {4594} | split=1 {7438} + 1 {7439}
[TEST] {4589} tested=1/1 | kept=0 | rest=3359
[TEST] {4590} tested=1/1 | kept=0 | rest=3358
[TEST] {4591} tested=1/1 | kept=0 | rest=3357
[TEST] {4593} tested=1/1 | kept=0 | rest=3356
[TEST] {4592} tested=1/1 | kept=0 | rest=3355
[TEST] {4596} tested=1/1 | kept=0 | rest=3354
[WARN] batch start failed | size=2 {4602} | split=1 {7440} + 1 {7441}
[WARN] batch start failed | size=2 {4603} | split=1 {7442} + 1 {7443}
[TEST] {4597} tested=1/1 | kept=0 | rest=3353
[TEST] {4599} tested=1/1 | kept=0 | rest=3352
[TEST] {4598} tested=1/1 | kept=0 | rest=3351
[TEST] {4600} tested=1/1 | kept=0 | rest=3350
[TEST] {4601} tested=1/1 | kept=0 | rest=3349
[TEST] {4604} tested=1/1 | kept=0 | rest=3348
[WARN] batch start failed | size=2 {4610} | split=1 {7444} + 1 {7445}
[WARN] batch start failed | size=2 {4611} | split=1 {7446} + 1 {7447}
[TEST] {4605} tested=1/1 | kept=0 | rest=3347
[TEST] {4606} tested=1/1 | kept=0 | rest=3346
[TEST] {4607} tested=1/1 | kept=0 | rest=3345
[TEST] {4608} tested=1/1 | kept=0 | rest=3344
[TEST] {4609} tested=1/1 | kept=0 | rest=3343
[TEST] {4612} tested=1/1 | kept=0 | rest=3342
[TEST] {4613} tested=1/1 | kept=0 | rest=3341
[TEST] {4614} tested=1/1 | kept=0 | rest=3340
[TEST] {4615} tested=1/1 | kept=0 | rest=3339
[TEST] {4617} tested=1/1 | kept=0 | rest=3338
[TEST] {4616} tested=1/1 | kept=0 | rest=3337
[TEST] {4618} tested=1/1 | kept=0 | rest=3336
[TEST] {4619} tested=1/1 | kept=0 | rest=3335
[TEST] {4620} tested=1/1 | kept=0 | rest=3334
[TEST] {4621} tested=1/1 | kept=0 | rest=3333
[TEST] {4627} tested=1/1 | kept=1 | rest=3332
[TEST] {4622} tested=1/1 | kept=0 | rest=3331
[TEST] {4623} tested=1/1 | kept=0 | rest=3330
[TEST] {4629} tested=1/1 | kept=0 | rest=3329
[TEST] {4631} tested=1/1 | kept=0 | rest=3328
[TEST] {4624} tested=1/1 | kept=0 | rest=3327
[TEST] {4625} tested=1/1 | kept=0 | rest=3326
[TEST] {4633} tested=1/1 | kept=0 | rest=3325
[TEST] {4634} tested=1/1 | kept=0 | rest=3324
[TEST] {4637} tested=1/1 | kept=1 | rest=3323
[TEST] {4636} tested=1/1 | kept=0 | rest=3322
[TEST] {4626} tested=1/1 | kept=0 | rest=3321
[TEST] {4628} tested=1/1 | kept=0 | rest=3320
[TEST] {4640} tested=1/1 | kept=1 | rest=3319
[TEST] {4630} tested=1/1 | kept=0 | rest=3318
[TEST] {4632} tested=1/1 | kept=0 | rest=3317
[TEST] {4635} tested=1/1 | kept=0 | rest=3316
[TEST] {4639} tested=1/1 | kept=0 | rest=3315
[TEST] {4645} tested=1/1 | kept=0 | rest=3314
[TEST] {4638} tested=1/1 | kept=0 | rest=3313
[WARN] batch start failed | size=2 {2524} | split=1 {7448} + 1 {7449}
[TEST] {4646} tested=1/1 | kept=0 | rest=3312
[TEST] {4648} tested=1/1 | kept=0 | rest=3311
[TEST] {4649} tested=1/1 | kept=0 | rest=3310
[TEST] {4641} tested=1/1 | kept=0 | rest=3309
[TEST] {4642} tested=1/1 | kept=0 | rest=3308
[TEST] {4653} tested=1/1 | kept=0 | rest=3307
[TEST] {4643} tested=1/1 | kept=0 | rest=3306
[TEST] {4652} tested=1/1 | kept=1 | rest=3305
[TEST] {4644} tested=1/1 | kept=0 | rest=3304
[TEST] {4656} tested=1/1 | kept=0 | rest=3303
[TEST] {4655} tested=1/1 | kept=0 | rest=3302
[TEST] {4657} tested=1/1 | kept=0 | rest=3301
[TEST] {4659} tested=1/1 | kept=0 | rest=3300
[TEST] {4661} tested=1/1 | kept=0 | rest=3299
[TEST] {4660} tested=1/1 | kept=0 | rest=3298
[TEST] {4662} tested=1/1 | kept=0 | rest=3297
[TEST] {4663} tested=1/1 | kept=0 | rest=3296
[TEST] {4664} tested=1/1 | kept=0 | rest=3295
[TEST] {4665} tested=1/1 | kept=0 | rest=3294
[TEST] {4667} tested=1/1 | kept=0 | rest=3293
[TEST] {4668} tested=1/1 | kept=0 | rest=3292
[TEST] {4650} tested=1/1 | kept=0 | rest=3291
[TEST] {4651} tested=1/1 | kept=0 | rest=3290
[TEST] {4670} tested=1/1 | kept=1 | rest=3289
[TEST] {4671} tested=1/1 | kept=1 | rest=3288
[TEST] {4672} tested=1/1 | kept=1 | rest=3287
[TEST] {4654} tested=1/1 | kept=0 | rest=3286
[TEST] {4673} tested=1/1 | kept=1 | rest=3285
[TEST] {4675} tested=1/1 | kept=1 | rest=3284
[TEST] {4674} tested=1/1 | kept=0 | rest=3283
[TEST] {4677} tested=1/1 | kept=0 | rest=3282
[TEST] {4678} tested=1/1 | kept=0 | rest=3281
[TEST] {4679} tested=1/1 | kept=0 | rest=3280
[TEST] {4658} tested=1/1 | kept=0 | rest=3279
[TEST] {4676} tested=1/1 | kept=0 | rest=3278
[WARN] batch start failed | size=2 {2551} | split=1 {7450} + 1 {7451}
[TEST] {4684} tested=1/1 | kept=0 | rest=3277
[TEST] {4685} tested=1/1 | kept=0 | rest=3276
[TEST] {4686} tested=1/1 | kept=0 | rest=3275
[TEST] {4666} tested=1/1 | kept=0 | rest=3274
[TEST] {4687} tested=1/1 | kept=0 | rest=3273
[TEST] {4669} tested=1/1 | kept=0 | rest=3272
[TEST] {4690} tested=1/1 | kept=0 | rest=3271
[TEST] {4689} tested=1/1 | kept=0 | rest=3270
[TEST] {4692} tested=1/1 | kept=0 | rest=3269
[TEST] {4693} tested=1/1 | kept=0 | rest=3268
[TEST] {4694} tested=1/1 | kept=0 | rest=3267
[TEST] {4695} tested=1/1 | kept=0 | rest=3266
[TEST] {4680} tested=1/1 | kept=0 | rest=3265
[TEST] {4681} tested=1/1 | kept=0 | rest=3264
[TEST] {4683} tested=1/1 | kept=0 | rest=3263
[TEST] {4698} tested=1/1 | kept=0 | rest=3262
[TEST] {4699} tested=1/1 | kept=0 | rest=3261
[TEST] {4696} tested=1/1 | kept=0 | rest=3260
[TEST] {4700} tested=1/1 | kept=0 | rest=3259
[TEST] {4688} tested=1/1 | kept=0 | rest=3258
[TEST] {4697} tested=1/1 | kept=0 | rest=3257
[TEST] {4691} tested=1/1 | kept=0 | rest=3256
[TEST] {4701} tested=1/1 | kept=0 | rest=3255
[TEST] {4702} tested=1/1 | kept=0 | rest=3254
[TEST] {4703} tested=1/1 | kept=0 | rest=3253
[TEST] {4708} tested=1/1 | kept=0 | rest=3252
[TEST] {4709} tested=1/1 | kept=0 | rest=3251
[TEST] {4710} tested=1/1 | kept=0 | rest=3250
[TEST] {4711} tested=1/1 | kept=0 | rest=3249
[TEST] {4704} tested=1/1 | kept=0 | rest=3248
[TEST] {4712} tested=1/1 | kept=0 | rest=3247
[TEST] {4705} tested=1/1 | kept=0 | rest=3246
[TEST] {4715} tested=1/1 | kept=0 | rest=3245
[TEST] {4717} tested=1/1 | kept=0 | rest=3244
[TEST] {4716} tested=1/1 | kept=0 | rest=3243
[TEST] {4706} tested=1/1 | kept=0 | rest=3242
[TEST] {4713} tested=1/1 | kept=1 | rest=3241
[TEST] {4721} tested=1/1 | kept=0 | rest=3240
[TEST] {4714} tested=1/1 | kept=1 | rest=3239
[TEST] {4723} tested=1/1 | kept=0 | rest=3238
[TEST] {4725} tested=1/1 | kept=0 | rest=3237
[TEST] {4707} tested=1/1 | kept=0 | rest=3236
[TEST] {4726} tested=1/1 | kept=0 | rest=3235
[TEST] {4727} tested=1/1 | kept=0 | rest=3234
[TEST] {4728} tested=1/1 | kept=0 | rest=3233
[TEST] {4729} tested=1/1 | kept=0 | rest=3232
[TEST] {4719} tested=1/1 | kept=0 | rest=3231
[TEST] {4718} tested=1/1 | kept=0 | rest=3230
[TEST] {4731} tested=1/1 | kept=0 | rest=3229
[TEST] {4732} tested=1/1 | kept=0 | rest=3228
[TEST] {4720} tested=1/1 | kept=0 | rest=3227
[TEST] {4735} tested=1/1 | kept=0 | rest=3226
[TEST] {4734} tested=1/1 | kept=0 | rest=3225
[TEST] {4733} tested=1/1 | kept=0 | rest=3224
[TEST] {4722} tested=1/1 | kept=0 | rest=3223
[TEST] {4736} tested=1/1 | kept=0 | rest=3222
[TEST] {4737} tested=1/1 | kept=0 | rest=3221
[TEST] {4738} tested=1/1 | kept=0 | rest=3220
[TEST] {4724} tested=1/1 | kept=0 | rest=3219
[TEST] {4739} tested=1/1 | kept=0 | rest=3218
[TEST] {4740} tested=1/1 | kept=0 | rest=3217
[TEST] {4742} tested=1/1 | kept=0 | rest=3216
[TEST] {4741} tested=1/1 | kept=0 | rest=3215
[TEST] {4744} tested=1/1 | kept=0 | rest=3214
[TEST] {4746} tested=1/1 | kept=1 | rest=3213
[TEST] {4730} tested=1/1 | kept=0 | rest=3212
[TEST] {4750} tested=1/1 | kept=1 | rest=3211
[TEST] {4751} tested=1/1 | kept=0 | rest=3210
[TEST] {4753} tested=1/1 | kept=0 | rest=3209
[TEST] {4752} tested=1/1 | kept=0 | rest=3208
[TEST] {4754} tested=1/1 | kept=0 | rest=3207
[TEST] {4743} tested=1/1 | kept=0 | rest=3206
[TEST] {4745} tested=1/1 | kept=0 | rest=3205
[TEST] {4747} tested=1/1 | kept=0 | rest=3204
[TEST] {4759} tested=1/1 | kept=0 | rest=3203
[TEST] {4756} tested=1/1 | kept=1 | rest=3202
[TEST] {4748} tested=1/1 | kept=0 | rest=3201
[TEST] {4760} tested=1/1 | kept=0 | rest=3200
[TEST] {4761} tested=1/1 | kept=0 | rest=3199
[TEST] {4757} tested=1/1 | kept=1 | rest=3198
[TEST] {4758} tested=1/1 | kept=0 | rest=3197
[TEST] {4763} tested=1/1 | kept=0 | rest=3196
[TEST] {4765} tested=1/1 | kept=0 | rest=3195
[TEST] {4764} tested=1/1 | kept=0 | rest=3194
[TEST] {4749} tested=1/1 | kept=0 | rest=3193
[TEST] {4766} tested=1/1 | kept=0 | rest=3192
[TEST] {4767} tested=1/1 | kept=0 | rest=3191
[TEST] {4771} tested=1/1 | kept=0 | rest=3190
[TEST] {4770} tested=1/1 | kept=0 | rest=3189
[TEST] {4762} tested=1/1 | kept=1 | rest=3188
[TEST] {4774} tested=1/1 | kept=0 | rest=3187
[TEST] {4772} tested=1/1 | kept=0 | rest=3186
[TEST] {4773} tested=1/1 | kept=0 | rest=3185
[TEST] {4775} tested=1/1 | kept=0 | rest=3184
[TEST] {4776} tested=1/1 | kept=0 | rest=3183
[TEST] {4777} tested=1/1 | kept=0 | rest=3182
[TEST] {4778} tested=1/1 | kept=0 | rest=3181
[TEST] {4780} tested=1/1 | kept=0 | rest=3180
[TEST] {4781} tested=1/1 | kept=0 | rest=3179
[TEST] {4755} tested=1/1 | kept=0 | rest=3178
[TEST] {4784} tested=1/1 | kept=0 | rest=3177
[TEST] {4785} tested=1/1 | kept=0 | rest=3176
[TEST] {4786} tested=1/1 | kept=0 | rest=3175
[TEST] {4787} tested=1/1 | kept=0 | rest=3174
[TEST] {4788} tested=1/1 | kept=0 | rest=3173
[TEST] {4768} tested=1/1 | kept=0 | rest=3172
[TEST] {4769} tested=1/1 | kept=0 | rest=3171
[TEST] {4790} tested=1/1 | kept=0 | rest=3170
[TEST] {4791} tested=1/1 | kept=0 | rest=3169
[TEST] {4779} tested=1/1 | kept=0 | rest=3168
[TEST] {4782} tested=1/1 | kept=0 | rest=3167
[TEST] {4783} tested=1/1 | kept=0 | rest=3166
[TEST] {4789} tested=1/1 | kept=0 | rest=3165
[TEST] {4792} tested=1/1 | kept=0 | rest=3164
[TEST] {4793} tested=1/1 | kept=0 | rest=3163
[TEST] {4795} tested=1/1 | kept=0 | rest=3162
[TEST] {4794} tested=1/1 | kept=0 | rest=3161
[TEST] {4796} tested=1/1 | kept=0 | rest=3160
[TEST] {4797} tested=1/1 | kept=0 | rest=3159
[TEST] {4798} tested=1/1 | kept=0 | rest=3158
[TEST] {4799} tested=1/1 | kept=0 | rest=3157
[TEST] {4800} tested=1/1 | kept=0 | rest=3156
[TEST] {4801} tested=1/1 | kept=0 | rest=3155
[TEST] {4802} tested=1/1 | kept=0 | rest=3154
[TEST] {4803} tested=1/1 | kept=0 | rest=3153
[TEST] {4804} tested=1/1 | kept=0 | rest=3152
[TEST] {4805} tested=1/1 | kept=0 | rest=3151
[TEST] {4806} tested=1/1 | kept=0 | rest=3150
[TEST] {4807} tested=1/1 | kept=0 | rest=3149
[TEST] {4808} tested=1/1 | kept=0 | rest=3148
[TEST] {4813} tested=1/1 | kept=0 | rest=3147
[TEST] {4814} tested=1/1 | kept=0 | rest=3146
[TEST] {4815} tested=1/1 | kept=0 | rest=3145
[TEST] {4809} tested=1/1 | kept=0 | rest=3144
[TEST] {4810} tested=1/1 | kept=0 | rest=3143
[TEST] {4811} tested=1/1 | kept=0 | rest=3142
[TEST] {4812} tested=1/1 | kept=0 | rest=3141
[TEST] {4817} tested=1/1 | kept=0 | rest=3140
[TEST] {4816} tested=1/1 | kept=0 | rest=3139
[TEST] {4818} tested=1/1 | kept=0 | rest=3138
[TEST] {4819} tested=1/1 | kept=0 | rest=3137
[TEST] {4820} tested=1/1 | kept=0 | rest=3136
[TEST] {4821} tested=1/1 | kept=0 | rest=3135
[TEST] {4827} tested=1/1 | kept=0 | rest=3134
[TEST] {4829} tested=1/1 | kept=0 | rest=3133
[TEST] {4822} tested=1/1 | kept=0 | rest=3132
[TEST] {4828} tested=1/1 | kept=0 | rest=3131
[TEST] {4823} tested=1/1 | kept=0 | rest=3130
[TEST] {4824} tested=1/1 | kept=0 | rest=3129
[TEST] {4825} tested=1/1 | kept=0 | rest=3128
[TEST] {4826} tested=1/1 | kept=0 | rest=3127
[TEST] {4830} tested=1/1 | kept=0 | rest=3126
[TEST] {4831} tested=1/1 | kept=0 | rest=3125
[TEST] {4833} tested=1/1 | kept=0 | rest=3124
[TEST] {4832} tested=1/1 | kept=0 | rest=3123
[TEST] {4834} tested=1/1 | kept=0 | rest=3122
[TEST] {4835} tested=1/1 | kept=0 | rest=3121
[TEST] {4840} tested=1/1 | kept=0 | rest=3120
[TEST] {4841} tested=1/1 | kept=1 | rest=3119
[TEST] {4843} tested=1/1 | kept=0 | rest=3118
[TEST] {4842} tested=1/1 | kept=0 | rest=3117
[WARN] batch start failed | size=2 {4844} | split=1 {7452} + 1 {7453}
[WARN] batch start failed | size=2 {4846} | split=1 {7454} + 1 {7455}
[TEST] {4845} tested=1/1 | kept=0 | rest=3116
[WARN] batch start failed | size=2 {4847} | split=1 {7456} + 1 {7457}
[TEST] {4836} tested=1/1 | kept=0 | rest=3115
[TEST] {4837} tested=1/1 | kept=0 | rest=3114
[TEST] {4848} tested=1/1 | kept=0 | rest=3113
[TEST] {4850} tested=1/1 | kept=0 | rest=3112
[TEST] {4851} tested=1/1 | kept=0 | rest=3111
[TEST] {4838} tested=1/1 | kept=0 | rest=3110
[TEST] {4854} tested=1/1 | kept=0 | rest=3109
[TEST] {4855} tested=1/1 | kept=0 | rest=3108
[TEST] {4856} tested=1/1 | kept=0 | rest=3107
[TEST] {4857} tested=1/1 | kept=0 | rest=3106
[TEST] {4858} tested=1/1 | kept=0 | rest=3105
[TEST] {4859} tested=1/1 | kept=0 | rest=3104
[TEST] {4853} tested=1/1 | kept=0 | rest=3103
[TEST] {4839} tested=1/1 | kept=0 | rest=3102
[TEST] {4849} tested=1/1 | kept=0 | rest=3101
[TEST] {4864} tested=1/1 | kept=0 | rest=3100
[TEST] {4852} tested=1/1 | kept=0 | rest=3099
[TEST] {4866} tested=1/1 | kept=0 | rest=3098
[TEST] {4867} tested=1/1 | kept=0 | rest=3097
[TEST] {4868} tested=1/1 | kept=0 | rest=3096
[TEST] {4860} tested=1/1 | kept=0 | rest=3095
[TEST] {4861} tested=1/1 | kept=0 | rest=3094
[TEST] {4862} tested=1/1 | kept=0 | rest=3093
[TEST] {4863} tested=1/1 | kept=0 | rest=3092
[TEST] {4869} tested=1/1 | kept=0 | rest=3091
[TEST] {4871} tested=1/1 | kept=0 | rest=3090
[TEST] {4870} tested=1/1 | kept=0 | rest=3089
[TEST] {4865} tested=1/1 | kept=0 | rest=3088
[TEST] {4872} tested=1/1 | kept=0 | rest=3087
[TEST] {4873} tested=1/1 | kept=0 | rest=3086
[TEST] {4874} tested=1/1 | kept=0 | rest=3085
[TEST] {4875} tested=1/1 | kept=0 | rest=3084
[TEST] {4877} tested=1/1 | kept=0 | rest=3083
[TEST] {4876} tested=1/1 | kept=0 | rest=3082
[TEST] {4878} tested=1/1 | kept=0 | rest=3081
[TEST] {4879} tested=1/1 | kept=0 | rest=3080
[TEST] {4881} tested=1/1 | kept=0 | rest=3079
[TEST] {4880} tested=1/1 | kept=0 | rest=3078
[TEST] {4882} tested=1/1 | kept=0 | rest=3077
[TEST] {4883} tested=1/1 | kept=0 | rest=3076
[TEST] {4889} tested=1/1 | kept=0 | rest=3075
[TEST] {4884} tested=1/1 | kept=0 | rest=3074
[TEST] {4885} tested=1/1 | kept=0 | rest=3073
[TEST] {4886} tested=1/1 | kept=0 | rest=3072
[TEST] {4887} tested=1/1 | kept=0 | rest=3071
[TEST] {4888} tested=1/1 | kept=0 | rest=3070
[TEST] {4894} tested=1/1 | kept=0 | rest=3069
[TEST] {4890} tested=1/1 | kept=0 | rest=3068
[TEST] {4897} tested=1/1 | kept=0 | rest=3067
[TEST] {4893} tested=1/1 | kept=1 | rest=3066
[TEST] {4899} tested=1/1 | kept=0 | rest=3065
[TEST] {4898} tested=1/1 | kept=0 | rest=3064
[TEST] {4900} tested=1/1 | kept=0 | rest=3063
[TEST] {4901} tested=1/1 | kept=1 | rest=3062
[TEST] {4902} tested=1/1 | kept=0 | rest=3061
[TEST] {4903} tested=1/1 | kept=0 | rest=3060
[TEST] {4891} tested=1/1 | kept=0 | rest=3059
[TEST] {4905} tested=1/1 | kept=0 | rest=3058
[TEST] {4892} tested=1/1 | kept=0 | rest=3057
[TEST] {4908} tested=1/1 | kept=0 | rest=3056
[TEST] {4895} tested=1/1 | kept=0 | rest=3055
[TEST] {4909} tested=1/1 | kept=0 | rest=3054
[TEST] {4910} tested=1/1 | kept=0 | rest=3053
[TEST] {4896} tested=1/1 | kept=0 | rest=3052
[TEST] {4912} tested=1/1 | kept=0 | rest=3051
[TEST] {4913} tested=1/1 | kept=0 | rest=3050
[TEST] {4915} tested=1/1 | kept=0 | rest=3049
[TEST] {4914} tested=1/1 | kept=0 | rest=3048
[TEST] {4904} tested=1/1 | kept=0 | rest=3047
[TEST] {4916} tested=1/1 | kept=0 | rest=3046
[TEST] {4917} tested=1/1 | kept=0 | rest=3045
[TEST] {4907} tested=1/1 | kept=0 | rest=3044
[TEST] {4918} tested=1/1 | kept=0 | rest=3043
[TEST] {4906} tested=1/1 | kept=0 | rest=3042
[TEST] {4919} tested=1/1 | kept=0 | rest=3041
[TEST] {4920} tested=1/1 | kept=0 | rest=3040
[TEST] {4924} tested=1/1 | kept=0 | rest=3039
[TEST] {4925} tested=1/1 | kept=0 | rest=3038
[TEST] {4926} tested=1/1 | kept=0 | rest=3037
[TEST] {4911} tested=1/1 | kept=0 | rest=3036
[TEST] {4929} tested=1/1 | kept=0 | rest=3035
[TEST] {4930} tested=1/1 | kept=0 | rest=3034
[TEST] {4921} tested=1/1 | kept=0 | rest=3033
[TEST] {4922} tested=1/1 | kept=0 | rest=3032
[TEST] {4923} tested=1/1 | kept=0 | rest=3031
[TEST] {4932} tested=1/1 | kept=1 | rest=3030
[TEST] {4933} tested=1/1 | kept=1 | rest=3029
[TEST] {4935} tested=1/1 | kept=0 | rest=3028
[TEST] {4936} tested=1/1 | kept=0 | rest=3027
[TEST] {4927} tested=1/1 | kept=0 | rest=3026
[TEST] {4938} tested=1/1 | kept=0 | rest=3025
[TEST] {4928} tested=1/1 | kept=0 | rest=3024
[TEST] {4937} tested=1/1 | kept=0 | rest=3023
[TEST] {4942} tested=1/1 | kept=0 | rest=3022
[TEST] {4939} tested=1/1 | kept=0 | rest=3021
[TEST] {4931} tested=1/1 | kept=0 | rest=3020
[TEST] {4943} tested=1/1 | kept=0 | rest=3019
[TEST] {4941} tested=1/1 | kept=0 | rest=3018
[TEST] {4946} tested=1/1 | kept=0 | rest=3017
[TEST] {4940} tested=1/1 | kept=0 | rest=3016
[TEST] {4944} tested=1/1 | kept=0 | rest=3015
[TEST] {4948} tested=1/1 | kept=0 | rest=3014
[TEST] {4949} tested=1/1 | kept=0 | rest=3013
[TEST] {4951} tested=1/1 | kept=0 | rest=3012
[TEST] {4950} tested=1/1 | kept=0 | rest=3011
[TEST] {4952} tested=1/1 | kept=0 | rest=3010
[TEST] {4954} tested=1/1 | kept=0 | rest=3009
[TEST] {4955} tested=1/1 | kept=1 | rest=3008
[TEST] {4956} tested=1/1 | kept=1 | rest=3007
[TEST] {4957} tested=1/1 | kept=0 | rest=3006
[TEST] {4959} tested=1/1 | kept=0 | rest=3005
[TEST] {4958} tested=1/1 | kept=0 | rest=3004
[TEST] {4960} tested=1/1 | kept=0 | rest=3003
[TEST] {4961} tested=1/1 | kept=1 | rest=3002
[TEST] {4934} tested=1/1 | kept=0 | rest=3001
[TEST] {4964} tested=1/1 | kept=0 | rest=3000
[TEST] {4945} tested=1/1 | kept=0 | rest=2999
[TEST] {4947} tested=1/1 | kept=0 | rest=2998
[TEST] {4967} tested=1/1 | kept=0 | rest=2997
[TEST] {4966} tested=1/1 | kept=0 | rest=2996
[TEST] {4953} tested=1/1 | kept=0 | rest=2995
[TEST] {4963} tested=1/1 | kept=0 | rest=2994
[TEST] {4969} tested=1/1 | kept=1 | rest=2993
[TEST] {4970} tested=1/1 | kept=0 | rest=2992
[TEST] {4972} tested=1/1 | kept=0 | rest=2991
[TEST] {4973} tested=1/1 | kept=0 | rest=2990
[TEST] {4974} tested=1/1 | kept=0 | rest=2989
[TEST] {4975} tested=1/1 | kept=0 | rest=2988
[TEST] {4968} tested=1/1 | kept=0 | rest=2987
[TEST] {4976} tested=1/1 | kept=0 | rest=2986
[TEST] {4977} tested=1/1 | kept=0 | rest=2985
[TEST] {4979} tested=1/1 | kept=0 | rest=2984
[TEST] {4980} tested=1/1 | kept=0 | rest=2983
[TEST] {4962} tested=1/1 | kept=0 | rest=2982
[TEST] {4983} tested=1/1 | kept=0 | rest=2981
[TEST] {4981} tested=1/1 | kept=0 | rest=2980
[TEST] {4965} tested=1/1 | kept=0 | rest=2979
[TEST] {4984} tested=1/1 | kept=0 | rest=2978
[TEST] {4985} tested=1/1 | kept=0 | rest=2977
[TEST] {4987} tested=1/1 | kept=0 | rest=2976
[TEST] {4988} tested=1/1 | kept=0 | rest=2975
[TEST] {4971} tested=1/1 | kept=0 | rest=2974
[TEST] {4991} tested=1/1 | kept=0 | rest=2973
[TEST] {4990} tested=1/1 | kept=0 | rest=2972
[TEST] {4978} tested=1/1 | kept=0 | rest=2971
[TEST] {4993} tested=1/1 | kept=0 | rest=2970
[TEST] {4982} tested=1/1 | kept=0 | rest=2969
[TEST] {4996} tested=1/1 | kept=0 | rest=2968
[TEST] {4997} tested=1/1 | kept=0 | rest=2967
[TEST] {4998} tested=1/1 | kept=0 | rest=2966
[TEST] {4986} tested=1/1 | kept=0 | rest=2965
[TEST] {4999} tested=1/1 | kept=0 | rest=2964
[TEST] {5000} tested=1/1 | kept=0 | rest=2963
[TEST] {5001} tested=1/1 | kept=0 | rest=2962
[TEST] {5002} tested=1/1 | kept=0 | rest=2961
[TEST] {5003} tested=1/1 | kept=0 | rest=2960
[TEST] {4989} tested=1/1 | kept=0 | rest=2959
[TEST] {5004} tested=1/1 | kept=0 | rest=2958
[TEST] {5006} tested=1/1 | kept=0 | rest=2957
[TEST] {4992} tested=1/1 | kept=0 | rest=2956
[TEST] {5009} tested=1/1 | kept=0 | rest=2955
[TEST] {4994} tested=1/1 | kept=0 | rest=2954
[TEST] {5010} tested=1/1 | kept=0 | rest=2953
[TEST] {4995} tested=1/1 | kept=0 | rest=2952
[TEST] {5012} tested=1/1 | kept=0 | rest=2951
[TEST] {5013} tested=1/1 | kept=0 | rest=2950
[TEST] {5015} tested=1/1 | kept=0 | rest=2949
[TEST] {5016} tested=1/1 | kept=0 | rest=2948
[TEST] {5017} tested=1/1 | kept=0 | rest=2947
[TEST] {5005} tested=1/1 | kept=0 | rest=2946
[TEST] {5018} tested=1/1 | kept=0 | rest=2945
[TEST] {5019} tested=1/1 | kept=0 | rest=2944
[TEST] {5021} tested=1/1 | kept=0 | rest=2943
[TEST] {5007} tested=1/1 | kept=0 | rest=2942
[TEST] {5008} tested=1/1 | kept=0 | rest=2941
[TEST] {5024} tested=1/1 | kept=0 | rest=2940
[TEST] {5025} tested=1/1 | kept=0 | rest=2939
[TEST] {5026} tested=1/1 | kept=0 | rest=2938
[TEST] {5027} tested=1/1 | kept=0 | rest=2937
[TEST] {5028} tested=1/1 | kept=0 | rest=2936
[TEST] {5011} tested=1/1 | kept=0 | rest=2935
[TEST] {5029} tested=1/1 | kept=0 | rest=2934
[TEST] {5031} tested=1/1 | kept=0 | rest=2933
[TEST] {5014} tested=1/1 | kept=0 | rest=2932
[TEST] {5032} tested=1/1 | kept=0 | rest=2931
[TEST] {5033} tested=1/1 | kept=0 | rest=2930
[TEST] {5034} tested=1/1 | kept=0 | rest=2929
[TEST] {5035} tested=1/1 | kept=0 | rest=2928
[TEST] {5036} tested=1/1 | kept=0 | rest=2927
[TEST] {5038} tested=1/1 | kept=0 | rest=2926
[TEST] {5037} tested=1/1 | kept=0 | rest=2925
[TEST] {5039} tested=1/1 | kept=0 | rest=2924
[TEST] {5040} tested=1/1 | kept=0 | rest=2923
[TEST] {5020} tested=1/1 | kept=0 | rest=2922
[TEST] {5023} tested=1/1 | kept=0 | rest=2921
[TEST] {5022} tested=1/1 | kept=0 | rest=2920
[TEST] {5045} tested=1/1 | kept=0 | rest=2919
[TEST] {5046} tested=1/1 | kept=0 | rest=2918
[TEST] {5030} tested=1/1 | kept=0 | rest=2917
[TEST] {5041} tested=1/1 | kept=0 | rest=2916
[TEST] {5049} tested=1/1 | kept=0 | rest=2915
[TEST] {5042} tested=1/1 | kept=0 | rest=2914
[TEST] {5051} tested=1/1 | kept=0 | rest=2913
[TEST] {5043} tested=1/1 | kept=0 | rest=2912
[TEST] {5052} tested=1/1 | kept=0 | rest=2911
[TEST] {5044} tested=1/1 | kept=0 | rest=2910
[TEST] {5053} tested=1/1 | kept=0 | rest=2909
[TEST] {5057} tested=1/1 | kept=0 | rest=2908
[TEST] {5056} tested=1/1 | kept=0 | rest=2907
[TEST] {5047} tested=1/1 | kept=0 | rest=2906
[TEST] {5058} tested=1/1 | kept=0 | rest=2905
[TEST] {5059} tested=1/1 | kept=0 | rest=2904
[TEST] {5060} tested=1/1 | kept=0 | rest=2903
[TEST] {5061} tested=1/1 | kept=0 | rest=2902
[TEST] {5048} tested=1/1 | kept=0 | rest=2901
[TEST] {5063} tested=1/1 | kept=0 | rest=2900
[TEST] {5062} tested=1/1 | kept=0 | rest=2899
[TEST] {5066} tested=1/1 | kept=1 | rest=2898
[TEST] {5050} tested=1/1 | kept=0 | rest=2897
[TEST] {5054} tested=1/1 | kept=0 | rest=2896
[TEST] {5055} tested=1/1 | kept=0 | rest=2895
[TEST] {5070} tested=1/1 | kept=0 | rest=2894
[TEST] {5064} tested=1/1 | kept=0 | rest=2893
[TEST] {5065} tested=1/1 | kept=0 | rest=2892
[TEST] {5072} tested=1/1 | kept=0 | rest=2891
[TEST] {5067} tested=1/1 | kept=0 | rest=2890
[TEST] {5074} tested=1/1 | kept=0 | rest=2889
[TEST] {5076} tested=1/1 | kept=0 | rest=2888
[TEST] {5068} tested=1/1 | kept=0 | rest=2887
[TEST] {5077} tested=1/1 | kept=0 | rest=2886
[TEST] {5078} tested=1/1 | kept=0 | rest=2885
[TEST] {5079} tested=1/1 | kept=0 | rest=2884
[TEST] {5081} tested=1/1 | kept=0 | rest=2883
[TEST] {5069} tested=1/1 | kept=0 | rest=2882
[TEST] {5083} tested=1/1 | kept=0 | rest=2881
[TEST] {5071} tested=1/1 | kept=0 | rest=2880
[TEST] {5075} tested=1/1 | kept=0 | rest=2879
[TEST] {5086} tested=1/1 | kept=0 | rest=2878
[TEST] {5082} tested=1/1 | kept=0 | rest=2877
[TEST] {5084} tested=1/1 | kept=0 | rest=2876
[TEST] {5085} tested=1/1 | kept=1 | rest=2875
[TEST] {5087} tested=1/1 | kept=0 | rest=2874
[TEST] {5088} tested=1/1 | kept=0 | rest=2873
[TEST] {5090} tested=1/1 | kept=0 | rest=2872
[TEST] {5091} tested=1/1 | kept=0 | rest=2871
[TEST] {5093} tested=1/1 | kept=0 | rest=2870
[TEST] {5092} tested=1/1 | kept=1 | rest=2869
[TEST] {5096} tested=1/1 | kept=0 | rest=2868
[TEST] {5073} tested=1/1 | kept=1 | rest=2867
[TEST] {5098} tested=1/1 | kept=0 | rest=2866
[TEST] {5099} tested=1/1 | kept=0 | rest=2865
[TEST] {5097} tested=1/1 | kept=0 | rest=2864
[TEST] {5100} tested=1/1 | kept=0 | rest=2863
[TEST] {5101} tested=1/1 | kept=0 | rest=2862
[TEST] {5080} tested=1/1 | kept=0 | rest=2861
[TEST] {5103} tested=1/1 | kept=1 | rest=2860
[TEST] {5089} tested=1/1 | kept=0 | rest=2859
[TEST] {5094} tested=1/1 | kept=0 | rest=2858
[TEST] {5095} tested=1/1 | kept=0 | rest=2857
[TEST] {5102} tested=1/1 | kept=0 | rest=2856
[TEST] {5104} tested=1/1 | kept=0 | rest=2855
[TEST] {5111} tested=1/1 | kept=0 | rest=2854
[TEST] {5110} tested=1/1 | kept=0 | rest=2853
[TEST] {5112} tested=1/1 | kept=0 | rest=2852
[TEST] {5105} tested=1/1 | kept=0 | rest=2851
[TEST] {5107} tested=1/1 | kept=0 | rest=2850
[TEST] {5114} tested=1/1 | kept=0 | rest=2849
[TEST] {5115} tested=1/1 | kept=1 | rest=2848
[TEST] {5113} tested=1/1 | kept=1 | rest=2847
[TEST] {5116} tested=1/1 | kept=0 | rest=2846
[TEST] {5106} tested=1/1 | kept=0 | rest=2845
[TEST] {5108} tested=1/1 | kept=0 | rest=2844
[TEST] {5120} tested=1/1 | kept=0 | rest=2843
[TEST] {5117} tested=1/1 | kept=0 | rest=2842
[TEST] {5121} tested=1/1 | kept=0 | rest=2841
[TEST] {5109} tested=1/1 | kept=0 | rest=2840
[TEST] {5118} tested=1/1 | kept=0 | rest=2839
[TEST] {5119} tested=1/1 | kept=0 | rest=2838
[TEST] {5126} tested=1/1 | kept=0 | rest=2837
[TEST] {5127} tested=1/1 | kept=0 | rest=2836
[TEST] {5129} tested=1/1 | kept=0 | rest=2835
[TEST] {5128} tested=1/1 | kept=0 | rest=2834
[TEST] {5130} tested=1/1 | kept=0 | rest=2833
[TEST] {5132} tested=1/1 | kept=0 | rest=2832
[TEST] {5133} tested=1/1 | kept=0 | rest=2831
[TEST] {5122} tested=1/1 | kept=0 | rest=2830
[TEST] {5123} tested=1/1 | kept=0 | rest=2829
[TEST] {5124} tested=1/1 | kept=0 | rest=2828
[TEST] {5136} tested=1/1 | kept=1 | rest=2827
[TEST] {5138} tested=1/1 | kept=0 | rest=2826
[TEST] {5125} tested=1/1 | kept=0 | rest=2825
[TEST] {5139} tested=1/1 | kept=0 | rest=2824
[TEST] {5140} tested=1/1 | kept=0 | rest=2823
[TEST] {5141} tested=1/1 | kept=0 | rest=2822
[TEST] {5142} tested=1/1 | kept=0 | rest=2821
[TEST] {5144} tested=1/1 | kept=0 | rest=2820
[TEST] {5143} tested=1/1 | kept=0 | rest=2819
[TEST] {5146} tested=1/1 | kept=0 | rest=2818
[TEST] {5145} tested=1/1 | kept=0 | rest=2817
[TEST] {5147} tested=1/1 | kept=0 | rest=2816
[TEST] {5148} tested=1/1 | kept=0 | rest=2815
[TEST] {5151} tested=1/1 | kept=0 | rest=2814
[TEST] {5131} tested=1/1 | kept=0 | rest=2813
[TEST] {5149} tested=1/1 | kept=1 | rest=2812
[TEST] {5150} tested=1/1 | kept=1 | rest=2811
[TEST] {5152} tested=1/1 | kept=0 | rest=2810
[TEST] {5134} tested=1/1 | kept=0 | rest=2809
[TEST] {5153} tested=1/1 | kept=0 | rest=2808
[TEST] {5156} tested=1/1 | kept=0 | rest=2807
[TEST] {5135} tested=1/1 | kept=0 | rest=2806
[TEST] {5157} tested=1/1 | kept=0 | rest=2805
[TEST] {5158} tested=1/1 | kept=0 | rest=2804
[TEST] {5160} tested=1/1 | kept=0 | rest=2803
[TEST] {5155} tested=1/1 | kept=0 | rest=2802
[TEST] {5137} tested=1/1 | kept=0 | rest=2801
[TEST] {5161} tested=1/1 | kept=0 | rest=2800
[TEST] {5163} tested=1/1 | kept=0 | rest=2799
[TEST] {5159} tested=1/1 | kept=1 | rest=2798
[TEST] {5165} tested=1/1 | kept=0 | rest=2797
[TEST] {5164} tested=1/1 | kept=0 | rest=2796
[TEST] {5166} tested=1/1 | kept=0 | rest=2795
[TEST] {5167} tested=1/1 | kept=0 | rest=2794
[WARN] batch start failed | size=2 {5170} | split=1 {7458} + 1 {7459}
[TEST] {5169} tested=1/1 | kept=0 | rest=2793
[WARN] batch start failed | size=2 {5171} | split=1 {7460} + 1 {7461}
[WARN] batch start failed | size=2 {5172} | split=1 {7462} + 1 {7463}
[TEST] {5168} tested=1/1 | kept=1 | rest=2792
[WARN] batch start failed | size=2 {5173} | split=1 {7464} + 1 {7465}
[WARN] batch start failed | size=2 {5175} | split=1 {7466} + 1 {7467}
[WARN] batch start failed | size=2 {5176} | split=1 {7468} + 1 {7469}
[TEST] {5177} tested=1/1 | kept=0 | rest=2790
[TEST] {5178} tested=1/1 | kept=0 | rest=2789
[TEST] {5180} tested=1/1 | kept=1 | rest=2788
[TEST] {5179} tested=1/1 | kept=0 | rest=2787
[TEST] {5183} tested=1/1 | kept=0 | rest=2786
[TEST] {5185} tested=1/1 | kept=0 | rest=2785
[TEST] {5184} tested=1/1 | kept=0 | rest=2784
[TEST] {5186} tested=1/1 | kept=0 | rest=2783
[TEST] {5187} tested=1/1 | kept=0 | rest=2782
[TEST] {5188} tested=1/1 | kept=0 | rest=2781
[TEST] {5189} tested=1/1 | kept=0 | rest=2780
[TEST] {5190} tested=1/1 | kept=0 | rest=2779
[TEST] {5154} tested=1/1 | kept=0 | rest=2778
[TEST] {5191} tested=1/1 | kept=0 | rest=2777
[TEST] {5193} tested=1/1 | kept=0 | rest=2776
[TEST] {5192} tested=1/1 | kept=0 | rest=2775
[TEST] {5194} tested=1/1 | kept=0 | rest=2774
[TEST] {5195} tested=1/1 | kept=0 | rest=2773
[TEST] {5196} tested=1/1 | kept=0 | rest=2772
[TEST] {5162} tested=1/1 | kept=0 | rest=2771
[TEST] {5197} tested=1/1 | kept=0 | rest=2770
[TEST] {5198} tested=1/1 | kept=0 | rest=2769
[TEST] {5201} tested=1/1 | kept=0 | rest=2768
[TEST] {5199} tested=1/1 | kept=0 | rest=2767
[TEST] {5174} tested=2/2 | kept=0 | rest=2766
[TEST] {5203} tested=1/1 | kept=0 | rest=2765
[TEST] {5181} tested=1/1 | kept=0 | rest=2764
[TEST] {5182} tested=1/1 | kept=0 | rest=2763
[TEST] {5207} tested=1/1 | kept=0 | rest=2762
[TEST] {5206} tested=1/1 | kept=0 | rest=2761
[TEST] {5205} tested=1/1 | kept=0 | rest=2760
[TEST] {5209} tested=1/1 | kept=0 | rest=2759
[TEST] {5202} tested=1/1 | kept=0 | rest=2758
[TEST] {5210} tested=1/1 | kept=1 | rest=2757
[TEST] {5211} tested=1/1 | kept=1 | rest=2756
[TEST] {5200} tested=1/1 | kept=0 | rest=2755
[TEST] {5214} tested=1/1 | kept=0 | rest=2754
[TEST] {5216} tested=1/1 | kept=0 | rest=2753
[TEST] {5215} tested=1/1 | kept=0 | rest=2752
[TEST] {5204} tested=1/1 | kept=0 | rest=2751
[TEST] {5218} tested=1/1 | kept=0 | rest=2750
[TEST] {5219} tested=1/1 | kept=0 | rest=2749
[TEST] {5217} tested=1/1 | kept=0 | rest=2748
[WARN] batch start failed | size=2 {5222} | split=1 {7470} + 1 {7471}
[TEST] {5208} tested=1/1 | kept=0 | rest=2747
[WARN] batch start failed | size=2 {5223} | split=1 {7472} + 1 {7473}
[TEST] {5220} tested=1/1 | kept=1 | rest=2746
[WARN] batch start failed | size=2 {5224} | split=1 {7474} + 1 {7475}
[WARN] batch start failed | size=2 {5225} | split=1 {7476} + 1 {7477}
[WARN] batch start failed | size=2 {5226} | split=1 {7478} + 1 {7479}
[TEST] {5227} tested=1/1 | kept=1 | rest=2745
[WARN] batch start failed | size=2 {5228} | split=1 {7480} + 1 {7481}
[WARN] batch start failed | size=2 {5229} | split=1 {7482} + 1 {7483}
[TEST] {5212} tested=1/1 | kept=0 | rest=2744
[WARN] batch start failed | size=2 {5230} | split=1 {7484} + 1 {7485}
[WARN] batch start failed | size=2 {5231} | split=1 {7486} + 1 {7487}
[WARN] batch start failed | size=2 {5232} | split=1 {7488} + 1 {7489}
[WARN] batch start failed | size=2 {5233} | split=1 {7490} + 1 {7491}
[WARN] batch start failed | size=2 {5234} | split=1 {7492} + 1 {7493}
[WARN] batch start failed | size=2 {5235} | split=1 {7494} + 1 {7495}
[WARN] batch start failed | size=2 {5236} | split=1 {7496} + 1 {7497}
[WARN] batch start failed | size=2 {5237} | split=1 {7498} + 1 {7499}
[WARN] batch start failed | size=2 {5239} | split=1 {7500} + 1 {7501}
[WARN] batch start failed | size=2 {5238} | split=1 {7502} + 1 {7503}
[WARN] batch start failed | size=2 {5240} | split=1 {7504} + 1 {7505}
[WARN] batch start failed | size=2 {5241} | split=1 {7506} + 1 {7507}
[WARN] batch start failed | size=2 {5242} | split=1 {7508} + 1 {7509}
[WARN] batch start failed | size=2 {5243} | split=1 {7510} + 1 {7511}
[WARN] batch start failed | size=2 {5244} | split=1 {7512} + 1 {7513}
[WARN] batch start failed | size=2 {5246} | split=1 {7514} + 1 {7515}
[WARN] batch start failed | size=2 {5247} | split=1 {7516} + 1 {7517}
[WARN] batch start failed | size=2 {5249} | split=1 {7518} + 1 {7519}
[TEST] {5245} tested=1/1 | kept=0 | rest=2743
[TEST] {7512} tested=1/1 | kept=0 | rest=2742
[WARN] batch start failed | size=2 {5250} | split=1 {7520} + 1 {7521}
[WARN] batch start failed | size=2 {5251} | split=1 {7522} + 1 {7523}
[WARN] batch start failed | size=2 {5252} | split=1 {7524} + 1 {7525}
[TEST] {5254} tested=1/1 | kept=0 | rest=2741
[TEST] {5255} tested=1/1 | kept=0 | rest=2740
[TEST] {5256} tested=1/1 | kept=0 | rest=2739
[TEST] {5253} tested=1/1 | kept=0 | rest=2738
[TEST] {5213} tested=1/1 | kept=0 | rest=2737
[TEST] {5261} tested=1/1 | kept=0 | rest=2736
[TEST] {5260} tested=1/1 | kept=0 | rest=2735
[TEST] {5263} tested=1/1 | kept=0 | rest=2734
[TEST] {5264} tested=1/1 | kept=0 | rest=2733
[TEST] {5265} tested=1/1 | kept=0 | rest=2732
[TEST] {5266} tested=1/1 | kept=0 | rest=2731
[TEST] {5221} tested=1/1 | kept=0 | rest=2730
[TEST] {5257} tested=1/1 | kept=0 | rest=2729
[TEST] {5258} tested=1/1 | kept=0 | rest=2728
[TEST] {5259} tested=1/1 | kept=0 | rest=2727
[TEST] {5268} tested=1/1 | kept=0 | rest=2726
[TEST] {5271} tested=1/1 | kept=0 | rest=2725
[TEST] {5270} tested=1/1 | kept=0 | rest=2724
[TEST] {5272} tested=1/1 | kept=0 | rest=2723
[TEST] {5274} tested=1/1 | kept=0 | rest=2722
[TEST] {5273} tested=1/1 | kept=0 | rest=2721
[TEST] {5262} tested=1/1 | kept=0 | rest=2720
[TEST] {5275} tested=1/1 | kept=0 | rest=2719
[TEST] {5276} tested=1/1 | kept=0 | rest=2718
[TEST] {5279} tested=1/1 | kept=0 | rest=2717
[TEST] {5278} tested=1/1 | kept=0 | rest=2716
[TEST] {5280} tested=1/1 | kept=0 | rest=2715
[TEST] {5282} tested=1/1 | kept=0 | rest=2714
[TEST] {5277} tested=1/1 | kept=0 | rest=2713
[WARN] batch start failed | size=2 {5284} | split=1 {7526} + 1 {7527}
[TEST] {5283} tested=1/1 | kept=0 | rest=2712
[WARN] batch start failed | size=2 {5285} | split=1 {7528} + 1 {7529}
[WARN] batch start failed | size=2 {5286} | split=1 {7530} + 1 {7531}
[TEST] {5281} tested=1/1 | kept=0 | rest=2711
[WARN] batch start failed | size=2 {5287} | split=1 {7532} + 1 {7533}
[WARN] batch start failed | size=2 {5288} | split=1 {7534} + 1 {7535}
[WARN] batch start failed | size=2 {5289} | split=1 {7536} + 1 {7537}
[WARN] batch start failed | size=2 {5290} | split=1 {7538} + 1 {7539}
[TEST] {5291} tested=1/1 | kept=0 | rest=2710
[WARN] batch start failed | size=2 {5292} | split=1 {7540} + 1 {7541}
[WARN] batch start failed | size=2 {5293} | split=1 {7542} + 1 {7543}
[WARN] batch start failed | size=2 {5294} | split=1 {7544} + 1 {7545}
[TEST] {5295} tested=1/1 | kept=0 | rest=2709
[WARN] batch start failed | size=2 {5296} | split=1 {7546} + 1 {7547}
[WARN] batch start failed | size=2 {5297} | split=1 {7548} + 1 {7549}
[WARN] batch start failed | size=2 {5298} | split=1 {7550} + 1 {7551}
[WARN] batch start failed | size=2 {5299} | split=1 {7552} + 1 {7553}
[TEST] {5267} tested=1/1 | kept=0 | rest=2708
[TEST] {5302} tested=1/1 | kept=0 | rest=2707
[TEST] {5303} tested=1/1 | kept=0 | rest=2706
[TEST] {5305} tested=1/1 | kept=0 | rest=2705
[TEST] {5301} tested=1/1 | kept=0 | rest=2704
[TEST] {5307} tested=1/1 | kept=0 | rest=2703
[TEST] {5269} tested=1/1 | kept=0 | rest=2702
[TEST] {5311} tested=1/1 | kept=0 | rest=2701
[TEST] {5310} tested=1/1 | kept=0 | rest=2700
[TEST] {5312} tested=1/1 | kept=1 | rest=2699
[TEST] {5313} tested=1/1 | kept=1 | rest=2698
[TEST] {5314} tested=1/1 | kept=0 | rest=2697
[TEST] {5315} tested=1/1 | kept=1 | rest=2696
[TEST] {5316} tested=1/1 | kept=0 | rest=2695
[TEST] {5317} tested=1/1 | kept=1 | rest=2694
[TEST] {5318} tested=1/1 | kept=1 | rest=2693
[TEST] {5300} tested=1/1 | kept=0 | rest=2692
[TEST] {5304} tested=1/1 | kept=0 | rest=2691
[TEST] {5306} tested=1/1 | kept=0 | rest=2690
[TEST] {5320} tested=1/1 | kept=0 | rest=2689
[TEST] {5309} tested=1/1 | kept=0 | rest=2688
[TEST] {5321} tested=1/1 | kept=0 | rest=2687
[TEST] {5319} tested=1/1 | kept=1 | rest=2686
[TEST] {5308} tested=1/1 | kept=0 | rest=2685
[TEST] {5322} tested=1/1 | kept=1 | rest=2684
[TEST] {5323} tested=1/1 | kept=1 | rest=2683
[TEST] {5325} tested=1/1 | kept=1 | rest=2682
[TEST] {5326} tested=1/1 | kept=1 | rest=2681
[TEST] {5324} tested=1/1 | kept=1 | rest=2680
[TEST] {5332} tested=1/1 | kept=0 | rest=2679
[TEST] {5329} tested=1/1 | kept=1 | rest=2678
[TEST] {5328} tested=1/1 | kept=1 | rest=2677
[TEST] {5333} tested=1/1 | kept=0 | rest=2676
[TEST] {5330} tested=1/1 | kept=1 | rest=2675
[TEST] {5334} tested=1/1 | kept=1 | rest=2674
[TEST] {5335} tested=1/1 | kept=1 | rest=2673
[TEST] {5337} tested=1/1 | kept=1 | rest=2672
[TEST] {5338} tested=1/1 | kept=1 | rest=2671
[TEST] {5331} tested=1/1 | kept=1 | rest=2670
[TEST] {5339} tested=1/1 | kept=0 | rest=2669
[TEST] {5340} tested=1/1 | kept=0 | rest=2668
[TEST] {5342} tested=1/1 | kept=0 | rest=2667
[TEST] {5343} tested=1/1 | kept=0 | rest=2666
[TEST] {5344} tested=1/1 | kept=0 | rest=2665
[TEST] {5345} tested=1/1 | kept=0 | rest=2664
[TEST] {5327} tested=1/1 | kept=0 | rest=2663
[TEST] {5349} tested=1/1 | kept=0 | rest=2662
[TEST] {5336} tested=1/1 | kept=0 | rest=2661
[TEST] {5351} tested=1/1 | kept=1 | rest=2660
[TEST] {5352} tested=1/1 | kept=0 | rest=2659
[TEST] {5341} tested=1/1 | kept=0 | rest=2658
[TEST] {5353} tested=1/1 | kept=0 | rest=2657
[TEST] {5354} tested=1/1 | kept=0 | rest=2656
[TEST] {5346} tested=1/1 | kept=0 | rest=2655
[TEST] {5347} tested=1/1 | kept=0 | rest=2654
[TEST] {5348} tested=1/1 | kept=0 | rest=2653
[TEST] {5359} tested=1/1 | kept=0 | rest=2652
[TEST] {5360} tested=1/1 | kept=0 | rest=2651
[TEST] {5361} tested=1/1 | kept=0 | rest=2650
[TEST] {5362} tested=1/1 | kept=1 | rest=2649
[TEST] {5350} tested=1/1 | kept=0 | rest=2648
[TEST] {5364} tested=1/1 | kept=0 | rest=2647
[TEST] {5365} tested=1/1 | kept=0 | rest=2646
[TEST] {5355} tested=1/1 | kept=0 | rest=2645
[TEST] {5363} tested=1/1 | kept=1 | rest=2644
[TEST] {5356} tested=1/1 | kept=0 | rest=2643
[TEST] {5366} tested=1/1 | kept=0 | rest=2642
[TEST] {5357} tested=1/1 | kept=0 | rest=2641
[TEST] {5358} tested=1/1 | kept=0 | rest=2640
[TEST] {5367} tested=1/1 | kept=0 | rest=2639
[TEST] {5368} tested=1/1 | kept=0 | rest=2638
[TEST] {5370} tested=1/1 | kept=0 | rest=2637
[TEST] {5373} tested=1/1 | kept=0 | rest=2636
[TEST] {5372} tested=1/1 | kept=0 | rest=2635
[TEST] {5375} tested=1/1 | kept=0 | rest=2634
[TEST] {5374} tested=1/1 | kept=0 | rest=2633
[TEST] {5369} tested=1/1 | kept=0 | rest=2632
[TEST] {5371} tested=1/1 | kept=0 | rest=2631
[TEST] {5377} tested=1/1 | kept=0 | rest=2630
[TEST] {5382} tested=1/1 | kept=0 | rest=2629
[TEST] {5376} tested=1/1 | kept=0 | rest=2628
[TEST] {3081} tested=1/1 | kept=0 | rest=2627
[TEST] {5379} tested=1/1 | kept=0 | rest=2626
[TEST] {5378} tested=1/1 | kept=0 | rest=2625
[TEST] {5387} tested=1/1 | kept=0 | rest=2624
[TEST] {5386} tested=1/1 | kept=0 | rest=2623
[TEST] {5388} tested=1/1 | kept=0 | rest=2622
[TEST] {5389} tested=1/1 | kept=1 | rest=2621
[TEST] {5391} tested=1/1 | kept=0 | rest=2620
[TEST] {5390} tested=1/1 | kept=0 | rest=2619
[TEST] {5392} tested=1/1 | kept=0 | rest=2618
[TEST] {5393} tested=1/1 | kept=0 | rest=2617
[TEST] {5394} tested=1/1 | kept=0 | rest=2616
[TEST] {5395} tested=1/1 | kept=0 | rest=2615
[TEST] {5396} tested=1/1 | kept=1 | rest=2614
[TEST] {5397} tested=1/1 | kept=0 | rest=2613
[TEST] {5380} tested=1/1 | kept=0 | rest=2612
[TEST] {5381} tested=1/1 | kept=0 | rest=2611
[TEST] {5400} tested=1/1 | kept=0 | rest=2610
[TEST] {5401} tested=1/1 | kept=0 | rest=2609
[TEST] {5403} tested=1/1 | kept=1 | rest=2608
[TEST] {5404} tested=1/1 | kept=0 | rest=2607
[TEST] {5384} tested=1/1 | kept=0 | rest=2606
[TEST] {5405} tested=1/1 | kept=0 | rest=2605
[TEST] {5385} tested=1/1 | kept=0 | rest=2604
[TEST] {5408} tested=1/1 | kept=0 | rest=2603
[TEST] {5406} tested=1/1 | kept=0 | rest=2602
[TEST] {5410} tested=1/1 | kept=0 | rest=2601
[TEST] {5409} tested=1/1 | kept=0 | rest=2600
[TEST] {5411} tested=1/1 | kept=0 | rest=2599
[WARN] batch start failed | size=2 {3112} | split=1 {7554} + 1 {7555}
[TEST] {5407} tested=1/1 | kept=1 | rest=2598
[TEST] {5413} tested=1/1 | kept=0 | rest=2597
[TEST] {5414} tested=1/1 | kept=0 | rest=2596
[TEST] {5415} tested=1/1 | kept=0 | rest=2595
[TEST] {5416} tested=1/1 | kept=0 | rest=2594
[TEST] {5417} tested=1/1 | kept=0 | rest=2593
[TEST] {5418} tested=1/1 | kept=0 | rest=2592
[TEST] {5421} tested=1/1 | kept=0 | rest=2591
[TEST] {5419} tested=1/1 | kept=0 | rest=2590
[TEST] {5398} tested=1/1 | kept=0 | rest=2589
[TEST] {5399} tested=1/1 | kept=0 | rest=2588
[TEST] {5422} tested=1/1 | kept=0 | rest=2587
[TEST] {5420} tested=1/1 | kept=1 | rest=2586
[TEST] {5427} tested=1/1 | kept=0 | rest=2585
[TEST] {5428} tested=1/1 | kept=0 | rest=2584
[TEST] {5425} tested=1/1 | kept=0 | rest=2583
[TEST] {5426} tested=1/1 | kept=0 | rest=2582
[TEST] {5429} tested=1/1 | kept=0 | rest=2581
[TEST] {5423} tested=1/1 | kept=1 | rest=2580
[TEST] {5430} tested=1/1 | kept=0 | rest=2579
[TEST] {5431} tested=1/1 | kept=0 | rest=2578
[TEST] {5434} tested=1/1 | kept=0 | rest=2577
[TEST] {5432} tested=1/1 | kept=0 | rest=2576
[TEST] {5437} tested=1/1 | kept=0 | rest=2575
[TEST] {5438} tested=1/1 | kept=0 | rest=2574
[TEST] {5440} tested=1/1 | kept=1 | rest=2573
[TEST] {5439} tested=1/1 | kept=0 | rest=2572
[TEST] {5441} tested=1/1 | kept=0 | rest=2571
[TEST] {5402} tested=1/1 | kept=0 | rest=2570
[TEST] {5442} tested=1/1 | kept=0 | rest=2569
[TEST] {5443} tested=1/1 | kept=1 | rest=2568
[TEST] {5424} tested=1/1 | kept=0 | rest=2567
[TEST] {5433} tested=1/1 | kept=0 | rest=2566
[TEST] {5435} tested=1/1 | kept=0 | rest=2565
[TEST] {5436} tested=1/1 | kept=0 | rest=2564
[TEST] {5449} tested=1/1 | kept=0 | rest=2563
[TEST] {5444} tested=1/1 | kept=0 | rest=2562
[TEST] {5445} tested=1/1 | kept=0 | rest=2561
[TEST] {5446} tested=1/1 | kept=0 | rest=2560
[TEST] {5447} tested=1/1 | kept=0 | rest=2559
[TEST] {5448} tested=1/1 | kept=0 | rest=2558
[TEST] {5455} tested=1/1 | kept=1 | rest=2557
[TEST] {5456} tested=1/1 | kept=1 | rest=2556
[TEST] {5450} tested=1/1 | kept=0 | rest=2555
[TEST] {5457} tested=1/1 | kept=1 | rest=2554
[TEST] {5458} tested=1/1 | kept=1 | rest=2553
[TEST] {5459} tested=1/1 | kept=1 | rest=2552
[TEST] {5461} tested=1/1 | kept=1 | rest=2551
[TEST] {5463} tested=1/1 | kept=1 | rest=2550
[TEST] {5451} tested=1/1 | kept=0 | rest=2549
[TEST] {5452} tested=1/1 | kept=0 | rest=2548
[TEST] {5464} tested=1/1 | kept=0 | rest=2547
[TEST] {5453} tested=1/1 | kept=0 | rest=2546
[TEST] {5467} tested=1/1 | kept=0 | rest=2545
[TEST] {5462} tested=1/1 | kept=1 | rest=2544
[TEST] {5454} tested=1/1 | kept=0 | rest=2543
[TEST] {5470} tested=1/1 | kept=1 | rest=2542
[TEST] {5471} tested=1/1 | kept=1 | rest=2541
[TEST] {5460} tested=1/1 | kept=0 | rest=2540
[TEST] {5473} tested=1/1 | kept=0 | rest=2539
[TEST] {5465} tested=1/1 | kept=0 | rest=2538
[TEST] {5466} tested=1/1 | kept=0 | rest=2537
[TEST] {5468} tested=1/1 | kept=0 | rest=2536
[TEST] {5469} tested=1/1 | kept=0 | rest=2535
[TEST] {5479} tested=1/1 | kept=1 | rest=2534
[TEST] {5478} tested=1/1 | kept=1 | rest=2533
[TEST] {5480} tested=1/1 | kept=1 | rest=2532
[TEST] {5472} tested=1/1 | kept=0 | rest=2531
[TEST] {5474} tested=1/1 | kept=0 | rest=2530
[TEST] {5475} tested=1/1 | kept=0 | rest=2529
[TEST] {5477} tested=1/1 | kept=0 | rest=2528
[TEST] {5484} tested=1/1 | kept=0 | rest=2527
[TEST] {5481} tested=1/1 | kept=1 | rest=2526
[TEST] {5476} tested=1/1 | kept=0 | rest=2525
[TEST] {5482} tested=1/1 | kept=0 | rest=2524
[TEST] {5483} tested=1/1 | kept=0 | rest=2523
[TEST] {5490} tested=1/1 | kept=1 | rest=2522
[TEST] {5491} tested=1/1 | kept=0 | rest=2521
[TEST] {5492} tested=1/1 | kept=1 | rest=2520
[TEST] {5485} tested=1/1 | kept=0 | rest=2519
[WARN] batch start failed | size=2 {5494} | split=1 {7556} + 1 {7557}
[WARN] batch start failed | size=2 {5495} | split=1 {7558} + 1 {7559}
[WARN] batch start failed | size=2 {5496} | split=1 {7560} + 1 {7561}
[TEST] {5486} tested=1/1 | kept=0 | rest=2518
[TEST] {5498} tested=1/1 | kept=0 | rest=2516
[TEST] {5499} tested=1/1 | kept=1 | rest=2515
[TEST] {5487} tested=1/1 | kept=0 | rest=2514
[TEST] {5489} tested=1/1 | kept=0 | rest=2513
[TEST] {5503} tested=1/1 | kept=0 | rest=2512
[TEST] {5488} tested=1/1 | kept=0 | rest=2511
[TEST] {5504} tested=1/1 | kept=0 | rest=2510
[TEST] {5505} tested=1/1 | kept=0 | rest=2509
[WARN] batch start failed | size=2 {5506} | split=1 {7562} + 1 {7563}
[WARN] batch start failed | size=2 {5507} | split=1 {7564} + 1 {7565}
[TEST] {5509} tested=1/1 | kept=0 | rest=2508
[TEST] {5493} tested=1/1 | kept=0 | rest=2507
[WARN] batch start failed | size=2 {5508} | split=1 {7566} + 1 {7567}
[TEST] {5511} tested=1/1 | kept=0 | rest=2506
[TEST] {5512} tested=1/1 | kept=0 | rest=2505
[TEST] {5513} tested=1/1 | kept=0 | rest=2504
[TEST] {5510} tested=1/1 | kept=0 | rest=2503
[TEST] {5497} tested=2/2 | kept=0 | rest=2502
[TEST] {5514} tested=1/1 | kept=0 | rest=2501
[TEST] {5515} tested=1/1 | kept=0 | rest=2500
[TEST] {5516} tested=1/1 | kept=0 | rest=2499
[TEST] {5517} tested=1/1 | kept=0 | rest=2498
[TEST] {5518} tested=1/1 | kept=0 | rest=2497
[TEST] {5519} tested=1/1 | kept=0 | rest=2496
[TEST] {5520} tested=1/1 | kept=0 | rest=2495
[TEST] {5521} tested=1/1 | kept=0 | rest=2494
[TEST] {5500} tested=1/1 | kept=0 | rest=2493
[TEST] {5522} tested=1/1 | kept=0 | rest=2492
[TEST] {5523} tested=1/1 | kept=0 | rest=2491
[TEST] {5524} tested=1/1 | kept=1 | rest=2490
[TEST] {5526} tested=1/1 | kept=1 | rest=2489
[TEST] {5527} tested=1/1 | kept=0 | rest=2488
[TEST] {5525} tested=1/1 | kept=0 | rest=2487
[TEST] {5530} tested=1/1 | kept=0 | rest=2486
[TEST] {5528} tested=1/1 | kept=0 | rest=2485
[TEST] {5531} tested=1/1 | kept=1 | rest=2484
[WARN] batch start failed | size=2 {5534} | split=1 {7568} + 1 {7569}
[WARN] batch start failed | size=2 {5535} | split=1 {7570} + 1 {7571}
[WARN] batch start failed | size=2 {5536} | split=1 {7572} + 1 {7573}
[TEST] {5501} tested=1/1 | kept=0 | rest=2483
[WARN] batch start failed | size=2 {5537} | split=1 {7574} + 1 {7575}
[TEST] {5538} tested=1/1 | kept=0 | rest=2482
[TEST] {5540} tested=1/1 | kept=0 | rest=2481
[TEST] {5539} tested=1/1 | kept=0 | rest=2480
[TEST] {5532} tested=1/1 | kept=0 | rest=2479
[TEST] {5502} tested=1/1 | kept=0 | rest=2478
[WARN] batch start failed | size=2 {5543} | split=1 {7576} + 1 {7577}
[TEST] {5542} tested=2/2 | kept=0 | rest=2476
[WARN] batch start failed | size=2 {5544} | split=1 {7578} + 1 {7579}
[WARN] batch start failed | size=2 {5545} | split=1 {7580} + 1 {7581}
[TEST] {5541} tested=1/1 | kept=0 | rest=2475
[TEST] {5546} tested=1/1 | kept=0 | rest=2474
[TEST] {5548} tested=1/1 | kept=0 | rest=2473
[TEST] {5549} tested=1/1 | kept=0 | rest=2472
[TEST] {5551} tested=1/1 | kept=0 | rest=2471
[TEST] {5529} tested=1/1 | kept=0 | rest=2470
[TEST] {5550} tested=1/1 | kept=0 | rest=2469
[TEST] {5552} tested=1/1 | kept=0 | rest=2468
[TEST] {5555} tested=1/1 | kept=0 | rest=2467
[TEST] {5553} tested=1/1 | kept=0 | rest=2466
[TEST] {5533} tested=1/1 | kept=0 | rest=2465
[TEST] {5556} tested=1/1 | kept=0 | rest=2464
[TEST] {5558} tested=1/1 | kept=0 | rest=2463
[TEST] {5547} tested=1/1 | kept=0 | rest=2462
[TEST] {5557} tested=1/1 | kept=0 | rest=2461
[TEST] {5563} tested=1/1 | kept=0 | rest=2460
[TEST] {5560} tested=1/1 | kept=0 | rest=2459
[TEST] {5564} tested=1/1 | kept=0 | rest=2458
[TEST] {5561} tested=1/1 | kept=0 | rest=2457
[TEST] {5565} tested=1/1 | kept=0 | rest=2456
[TEST] {5566} tested=1/1 | kept=0 | rest=2455
[TEST] {5567} tested=1/1 | kept=0 | rest=2454
[TEST] {5569} tested=1/1 | kept=0 | rest=2453
[TEST] {5568} tested=1/1 | kept=0 | rest=2452
[TEST] {5570} tested=1/1 | kept=1 | rest=2451
[TEST] {5571} tested=1/1 | kept=1 | rest=2450
[TEST] {5572} tested=1/1 | kept=0 | rest=2449
[TEST] {5573} tested=1/1 | kept=0 | rest=2448
[TEST] {5576} tested=1/1 | kept=1 | rest=2447
[TEST] {5554} tested=1/1 | kept=0 | rest=2446
[TEST] {5577} tested=1/1 | kept=1 | rest=2445
[TEST] {5559} tested=1/1 | kept=0 | rest=2444
[TEST] {5578} tested=1/1 | kept=1 | rest=2443
[TEST] {5581} tested=1/1 | kept=1 | rest=2442
[TEST] {5582} tested=1/1 | kept=1 | rest=2441
[TEST] {5580} tested=1/1 | kept=0 | rest=2440
[TEST] {5583} tested=1/1 | kept=1 | rest=2439
[TEST] {5562} tested=1/1 | kept=0 | rest=2438
[TEST] {5585} tested=1/1 | kept=0 | rest=2437
[TEST] {5584} tested=1/1 | kept=0 | rest=2436
[TEST] {5587} tested=1/1 | kept=0 | rest=2435
[TEST] {5588} tested=1/1 | kept=1 | rest=2434
[TEST] {5586} tested=1/1 | kept=1 | rest=2433
[TEST] {5589} tested=1/1 | kept=1 | rest=2432
[TEST] {5590} tested=1/1 | kept=0 | rest=2431
[TEST] {5579} tested=1/1 | kept=1 | rest=2430
[TEST] {5593} tested=1/1 | kept=1 | rest=2429
[TEST] {5595} tested=1/1 | kept=0 | rest=2428
[TEST] {5575} tested=1/1 | kept=0 | rest=2427
[TEST] {5574} tested=1/1 | kept=0 | rest=2426
[TEST] {5596} tested=1/1 | kept=0 | rest=2425
[TEST] {5597} tested=1/1 | kept=0 | rest=2424
[TEST] {5601} tested=1/1 | kept=0 | rest=2423
[TEST] {5600} tested=1/1 | kept=0 | rest=2422
[TEST] {5591} tested=1/1 | kept=0 | rest=2421
[WARN] batch start failed | size=2 {5602} | split=1 {7582} + 1 {7583}
[WARN] batch start failed | size=2 {5604} | split=1 {7584} + 1 {7585}
[WARN] batch start failed | size=2 {5605} | split=1 {7586} + 1 {7587}
[WARN] batch start failed | size=2 {5606} | split=1 {7588} + 1 {7589}
[WARN] batch start failed | size=2 {5607} | split=1 {7590} + 1 {7591}
[TEST] {5603} tested=2/2 | kept=0 | rest=2419
[TEST] {5592} tested=1/1 | kept=0 | rest=2418
[WARN] batch start failed | size=3 {3287} | split=2 {7592} + 1 {7593}
[WARN] batch start failed | size=2 {5611} | split=1 {7594} + 1 {7595}
[WARN] batch start failed | size=2 {5610} | split=1 {7596} + 1 {7597}
[TEST] {5594} tested=1/1 | kept=0 | rest=2417
[WARN] batch start failed | size=2 {5613} | split=1 {7598} + 1 {7599}
[WARN] batch start failed | size=2 {5614} | split=1 {7600} + 1 {7601}
[WARN] batch start failed | size=2 {5617} | split=1 {7602} + 1 {7603}
[WARN] batch start failed | size=2 {5616} | split=1 {7604} + 1 {7605}
[TEST] {5615} tested=2/2 | kept=0 | rest=2415
[WARN] batch start failed | size=2 {5619} | split=1 {7606} + 1 {7607}
[TEST] {5598} tested=1/1 | kept=0 | rest=2414
[WARN] batch start failed | size=2 {5618} | split=1 {7608} + 1 {7609}
[WARN] batch start failed | size=2 {5621} | split=1 {7610} + 1 {7611}
[TEST] {5599} tested=1/1 | kept=0 | rest=2413
[WARN] batch start failed | size=2 {5620} | split=1 {7612} + 1 {7613}
[WARN] batch start failed | size=2 {5622} | split=1 {7614} + 1 {7615}
[WARN] batch start failed | size=2 {5624} | split=1 {7616} + 1 {7617}
[WARN] batch start failed | size=2 {5625} | split=1 {7618} + 1 {7619}
[WARN] batch start failed | size=4 {5626} | split=2 {7620} + 2 {7621}
[WARN] batch start failed | size=4 {5627} | split=2 {7622} + 2 {7623}
[TEST] {5629} tested=1/1 | kept=0 | rest=2410
[TEST] {5628} tested=2/2 | kept=0 | rest=2409
[WARN] batch start failed | size=2 {5630} | split=1 {7624} + 1 {7625}
[WARN] batch start failed | size=2 {5631} | split=1 {7626} + 1 {7627}
[WARN] batch start failed | size=2 {5632} | split=1 {7628} + 1 {7629}
[WARN] batch start failed | size=2 {5633} | split=1 {7630} + 1 {7631}
[WARN] batch start failed | size=2 {5634} | split=1 {7632} + 1 {7633}
[WARN] batch start failed | size=2 {5637} | split=1 {7634} + 1 {7635}
[TEST] {5636} tested=2/2 | kept=0 | rest=2406
[TEST] {5638} tested=2/2 | kept=0 | rest=2405
[WARN] batch start failed | size=2 {5640} | split=1 {7636} + 1 {7637}
[WARN] batch start failed | size=2 {5641} | split=1 {7638} + 1 {7639}
[WARN] batch start failed | size=2 {5642} | split=1 {7640} + 1 {7641}
[WARN] batch start failed | size=2 {5643} | split=1 {7642} + 1 {7643}
[TEST] {5644} tested=1/1 | kept=1 | rest=2403
[TEST] {5609} tested=1/1 | kept=0 | rest=2402
[WARN] batch start failed | size=2 {5646} | split=1 {7644} + 1 {7645}
[TEST] {5612} tested=2/2 | kept=0 | rest=2400
[WARN] batch start failed | size=2 {5647} | split=1 {7646} + 1 {7647}
[TEST] {5649} tested=1/1 | kept=0 | rest=2399
[TEST] {5648} tested=2/2 | kept=0 | rest=2397
[WARN] batch start failed | size=2 {5650} | split=1 {7648} + 1 {7649}
[WARN] batch start failed | size=2 {5651} | split=1 {7650} + 1 {7651}
[WARN] batch start failed | size=2 {5652} | split=1 {7652} + 1 {7653}
[WARN] batch start failed | size=2 {5654} | split=1 {7654} + 1 {7655}
[TEST] {5653} tested=2/2 | kept=0 | rest=2395
[WARN] batch start failed | size=2 {5655} | split=1 {7656} + 1 {7657}
[WARN] batch start failed | size=2 {5656} | split=1 {7658} + 1 {7659}
[WARN] batch start failed | size=2 {5657} | split=1 {7660} + 1 {7661}
[TEST] {5623} tested=2/2 | kept=0 | rest=2394
[WARN] batch start failed | size=2 {5660} | split=1 {7662} + 1 {7663}
[TEST] {5659} tested=1/1 | kept=0 | rest=2393
[TEST] {5635} tested=1/1 | kept=0 | rest=2392
[TEST] {5639} tested=2/2 | kept=0 | rest=2391
[TEST] {5665} tested=1/1 | kept=0 | rest=2390
[TEST] {5661} tested=1/1 | kept=0 | rest=2389
[WARN] batch start failed | size=2 {5666} | split=1 {7664} + 1 {7665}
[WARN] batch start failed | size=2 {5667} | split=1 {7666} + 1 {7667}
[TEST] {5664} tested=1/1 | kept=0 | rest=2388
[TEST] {5645} tested=1/1 | kept=0 | rest=2387
[TEST] {5669} tested=1/1 | kept=1 | rest=2386
[TEST] {5671} tested=1/1 | kept=0 | rest=2385
[TEST] {5670} tested=1/1 | kept=0 | rest=2384
[TEST] {5673} tested=1/1 | kept=0 | rest=2383
[TEST] {5672} tested=1/1 | kept=0 | rest=2382
[TEST] {5658} tested=1/1 | kept=0 | rest=2381
[TEST] {5662} tested=1/1 | kept=0 | rest=2380
[TEST] {5677} tested=1/1 | kept=0 | rest=2379
[TEST] {5663} tested=1/1 | kept=0 | rest=2378
[WARN] batch start failed | size=2 {5678} | split=1 {7668} + 1 {7669}
[WARN] batch start failed | size=2 {5679} | split=1 {7670} + 1 {7671}
[TEST] {5668} tested=1/1 | kept=0 | rest=2377
[TEST] {5682} tested=1/1 | kept=0 | rest=2376
[TEST] {5683} tested=1/1 | kept=1 | rest=2375
[TEST] {5684} tested=1/1 | kept=0 | rest=2374
[TEST] {5685} tested=1/1 | kept=0 | rest=2373
[TEST] {5686} tested=1/1 | kept=0 | rest=2372
[TEST] {5674} tested=1/1 | kept=0 | rest=2371
[TEST] {5675} tested=1/1 | kept=0 | rest=2370
[TEST] {5688} tested=1/1 | kept=0 | rest=2369
[TEST] {5690} tested=1/1 | kept=0 | rest=2368
[TEST] {5687} tested=1/1 | kept=0 | rest=2367
[TEST] {5689} tested=1/1 | kept=0 | rest=2366
[TEST] {5691} tested=1/1 | kept=0 | rest=2365
[TEST] {5694} tested=1/1 | kept=0 | rest=2364
[TEST] {5692} tested=1/1 | kept=0 | rest=2363
[TEST] {5695} tested=1/1 | kept=0 | rest=2362
[TEST] {5693} tested=1/1 | kept=0 | rest=2361
[TEST] {5696} tested=1/1 | kept=0 | rest=2360
[WARN] batch start failed | size=2 {5698} | split=1 {7672} + 1 {7673}
[TEST] {5697} tested=1/1 | kept=0 | rest=2359
[WARN] batch start failed | size=2 {5699} | split=1 {7674} + 1 {7675}
[TEST] {5676} tested=1/1 | kept=0 | rest=2358
[TEST] {5702} tested=1/1 | kept=0 | rest=2357
[TEST] {5704} tested=1/1 | kept=0 | rest=2356
[TEST] {5705} tested=1/1 | kept=0 | rest=2355
[TEST] {5680} tested=1/1 | kept=0 | rest=2354
[TEST] {5681} tested=1/1 | kept=0 | rest=2353
[TEST] {5706} tested=1/1 | kept=0 | rest=2352
[TEST] {5707} tested=1/1 | kept=0 | rest=2351
[TEST] {5708} tested=1/1 | kept=0 | rest=2350
[TEST] {5710} tested=1/1 | kept=0 | rest=2349
[TEST] {5712} tested=1/1 | kept=0 | rest=2348
[TEST] {5713} tested=1/1 | kept=0 | rest=2347
[TEST] {5714} tested=1/1 | kept=0 | rest=2346
[TEST] {5700} tested=1/1 | kept=0 | rest=2345
[TEST] {5701} tested=1/1 | kept=0 | rest=2344
[TEST] {5703} tested=1/1 | kept=0 | rest=2343
[TEST] {5717} tested=1/1 | kept=0 | rest=2342
[TEST] {5718} tested=1/1 | kept=0 | rest=2341
[TEST] {5716} tested=1/1 | kept=0 | rest=2340
[TEST] {5709} tested=1/1 | kept=0 | rest=2339
[TEST] {5721} tested=1/1 | kept=0 | rest=2338
[TEST] {5711} tested=1/1 | kept=0 | rest=2337
[TEST] {5724} tested=1/1 | kept=0 | rest=2336
[TEST] {5725} tested=1/1 | kept=0 | rest=2335
[TEST] {5726} tested=1/1 | kept=0 | rest=2334
[TEST] {5727} tested=1/1 | kept=0 | rest=2333
[TEST] {5715} tested=1/1 | kept=0 | rest=2332
[TEST] {5728} tested=1/1 | kept=0 | rest=2331
[TEST] {5729} tested=1/1 | kept=0 | rest=2330
[TEST] {5731} tested=1/1 | kept=0 | rest=2329
[TEST] {5719} tested=1/1 | kept=0 | rest=2328
[TEST] {5723} tested=1/1 | kept=0 | rest=2327
[TEST] {5734} tested=1/1 | kept=0 | rest=2326
[TEST] {5720} tested=1/1 | kept=0 | rest=2325
[TEST] {5736} tested=1/1 | kept=0 | rest=2324
[TEST] {5730} tested=1/1 | kept=1 | rest=2323
[TEST] {5737} tested=1/1 | kept=0 | rest=2322
[TEST] {5738} tested=1/1 | kept=0 | rest=2321
[DROP] name=[Epodonios] EPODONIOS {5722} | server=finporkzov.com:443 | reason=External controller listen error: listen tcp 127.0.0.1:50693: bind: address already in use
[TEST] {5733} tested=1/1 | kept=0 | rest=2319
[TEST] {5742} tested=1/1 | kept=0 | rest=2318
[TEST] {5743} tested=1/1 | kept=0 | rest=2317
[TEST] {5744} tested=1/1 | kept=0 | rest=2316
[TEST] {5745} tested=1/1 | kept=0 | rest=2315
[TEST] {5732} tested=1/1 | kept=0 | rest=2314
[TEST] {5747} tested=1/1 | kept=0 | rest=2313
[TEST] {5735} tested=1/1 | kept=0 | rest=2312
[TEST] {5746} tested=1/1 | kept=0 | rest=2311
[WARN] batch start failed | size=4 {5750} | split=2 {7676} + 2 {7677}
[TEST] {5748} tested=1/1 | kept=0 | rest=2310
[WARN] batch start failed | size=4 {5751} | split=2 {7678} + 2 {7679}
[WARN] batch start failed | size=4 {5753} | split=2 {7680} + 2 {7681}
[WARN] batch start failed | size=4 {5752} | split=2 {7682} + 2 {7683}
[WARN] batch start failed | size=4 {5754} | split=2 {7684} + 2 {7685}
[WARN] batch start failed | size=3 {5755} | split=2 {7686} + 1 {7687}
[WARN] batch start failed | size=4 {5756} | split=2 {7688} + 2 {7689}
[TEST] {5739} tested=1/1 | kept=0 | rest=2309
[WARN] batch start failed | size=4 {5757} | split=2 {7690} + 2 {7691}
[WARN] batch start failed | size=4 {5758} | split=2 {7692} + 2 {7693}
[WARN] batch start failed | size=3 {5759} | split=2 {7694} + 1 {7695}
[TEST] {5740} tested=1/1 | kept=0 | rest=2308
[WARN] batch start failed | size=4 {5760} | split=2 {7696} + 2 {7697}
[WARN] batch start failed | size=4 {5761} | split=2 {7698} + 2 {7699}
[WARN] batch start failed | size=4 {5762} | split=2 {7700} + 2 {7701}
[WARN] batch start failed | size=3 {5763} | split=2 {7702} + 1 {7703}
[WARN] batch start failed | size=4 {5764} | split=2 {7704} + 2 {7705}
[WARN] batch start failed | size=4 {5765} | split=2 {7706} + 2 {7707}
[WARN] batch start failed | size=4 {5766} | split=2 {7708} + 2 {7709}
[WARN] batch start failed | size=3 {5767} | split=2 {7710} + 1 {7711}
[WARN] batch start failed | size=4 {5768} | split=2 {7712} + 2 {7713}
[WARN] batch start failed | size=4 {5769} | split=2 {7714} + 2 {7715}
[WARN] batch start failed | size=4 {5770} | split=2 {7716} + 2 {7717}
[WARN] batch start failed | size=4 {5771} | split=2 {7718} + 2 {7719}
[WARN] batch start failed | size=2 {5773} | split=1 {7720} + 1 {7721}
[WARN] batch start failed | size=2 {5772} | split=1 {7722} + 1 {7723}
[WARN] batch start failed | size=2 {5775} | split=1 {7724} + 1 {7725}
[WARN] batch start failed | size=4 {5776} | split=2 {7726} + 2 {7727}
[WARN] batch start failed | size=4 {5777} | split=2 {7728} + 2 {7729}
[WARN] batch start failed | size=4 {5778} | split=2 {7730} + 2 {7731}
[TEST] {5774} tested=2/2 | kept=0 | rest=2306
[WARN] batch start failed | size=3 {5779} | split=2 {7732} + 1 {7733}
[WARN] batch start failed | size=4 {5780} | split=2 {7734} + 2 {7735}
[WARN] batch start failed | size=4 {5781} | split=2 {7736} + 2 {7737}
[WARN] batch start failed | size=4 {5782} | split=2 {7738} + 2 {7739}
[WARN] batch start failed | size=4 {5783} | split=2 {7740} + 2 {7741}
[WARN] batch start failed | size=2 {5784} | split=1 {7742} + 1 {7743}
[WARN] batch start failed | size=2 {5786} | split=1 {7744} + 1 {7745}
[WARN] batch start failed | size=2 {5787} | split=1 {7746} + 1 {7747}
[TEST] {5789} tested=1/1 | kept=0 | rest=2305
[TEST] {5785} tested=1/1 | kept=0 | rest=2304
[TEST] {5741} tested=1/1 | kept=0 | rest=2303
[TEST] {5792} tested=1/1 | kept=0 | rest=2302
[TEST] {5793} tested=1/1 | kept=0 | rest=2301
[TEST] {5794} tested=1/1 | kept=0 | rest=2300
[TEST] {5749} tested=1/1 | kept=0 | rest=2299
[WARN] batch start failed | size=2 {5796} | split=1 {7748} + 1 {7749}
[WARN] batch start failed | size=2 {5797} | split=1 {7750} + 1 {7751}
[WARN] batch start failed | size=2 {5798} | split=1 {7752} + 1 {7753}
[WARN] batch start failed | size=2 {5799} | split=1 {7754} + 1 {7755}
[WARN] batch start failed | size=2 {5801} | split=1 {7756} + 1 {7757}
[WARN] batch start failed | size=2 {5802} | split=1 {7758} + 1 {7759}
[TEST] {5788} tested=1/1 | kept=0 | rest=2297
[TEST] {5790} tested=1/1 | kept=0 | rest=2296
[TEST] {5791} tested=1/1 | kept=0 | rest=2295
[WARN] batch start failed | size=2 {5804} | split=1 {7760} + 1 {7761}
[WARN] batch start failed | size=2 {5805} | split=1 {7762} + 1 {7763}
[TEST] {5803} tested=1/1 | kept=0 | rest=2294
[WARN] batch start failed | size=2 {5806} | split=1 {7764} + 1 {7765}
[TEST] {5795} tested=1/1 | kept=0 | rest=2293
[TEST] {5809} tested=1/1 | kept=0 | rest=2292
[TEST] {5807} tested=1/1 | kept=1 | rest=2291
[TEST] {5808} tested=1/1 | kept=0 | rest=2290
[TEST] {5810} tested=1/1 | kept=0 | rest=2289
[TEST] {5812} tested=1/1 | kept=0 | rest=2288
[TEST] {5813} tested=1/1 | kept=0 | rest=2287
[TEST] {5811} tested=1/1 | kept=1 | rest=2286
[TEST] {5814} tested=1/1 | kept=0 | rest=2285
[TEST] {5815} tested=1/1 | kept=0 | rest=2284
[TEST] {5800} tested=2/2 | kept=0 | rest=2283
[TEST] {5816} tested=1/1 | kept=0 | rest=2282
[TEST] {5817} tested=1/1 | kept=0 | rest=2281
[TEST] {5818} tested=1/1 | kept=0 | rest=2280
[TEST] {5819} tested=1/1 | kept=0 | rest=2279
[TEST] {5821} tested=1/1 | kept=1 | rest=2278
[TEST] {5823} tested=1/1 | kept=0 | rest=2277
[TEST] {5824} tested=1/1 | kept=0 | rest=2276
[TEST] {5828} tested=1/1 | kept=0 | rest=2275
[TEST] {5829} tested=1/1 | kept=0 | rest=2274
[TEST] {5830} tested=1/1 | kept=0 | rest=2273
[TEST] {5831} tested=1/1 | kept=0 | rest=2272
[WARN] batch start failed | size=2 {5833} | split=1 {7766} + 1 {7767}
[WARN] batch start failed | size=2 {5832} | split=1 {7768} + 1 {7769}
[TEST] {5834} tested=1/1 | kept=0 | rest=2271
[TEST] {5835} tested=1/1 | kept=0 | rest=2270
[TEST] {5836} tested=1/1 | kept=0 | rest=2269
[TEST] {5820} tested=1/1 | kept=0 | rest=2268
[TEST] {5837} tested=1/1 | kept=1 | rest=2267
[TEST] {5822} tested=1/1 | kept=0 | rest=2266
[TEST] {5840} tested=1/1 | kept=0 | rest=2265
[TEST] {5825} tested=1/1 | kept=0 | rest=2264
[TEST] {5826} tested=1/1 | kept=0 | rest=2263
[TEST] {5827} tested=1/1 | kept=0 | rest=2262
[TEST] {5844} tested=1/1 | kept=0 | rest=2261
[TEST] {5843} tested=1/1 | kept=0 | rest=2260
[TEST] {5846} tested=1/1 | kept=0 | rest=2259
[TEST] {5847} tested=1/1 | kept=0 | rest=2258
[TEST] {5848} tested=1/1 | kept=0 | rest=2257
[TEST] {5849} tested=1/1 | kept=0 | rest=2256
[TEST] {5850} tested=1/1 | kept=0 | rest=2255
[TEST] {5851} tested=1/1 | kept=0 | rest=2254
[TEST] {5838} tested=1/1 | kept=0 | rest=2253
[TEST] {5839} tested=1/1 | kept=0 | rest=2252
[TEST] {5845} tested=1/1 | kept=0 | rest=2251
[TEST] {5853} tested=1/1 | kept=0 | rest=2250
[TEST] {5855} tested=1/1 | kept=0 | rest=2249
[TEST] {5854} tested=1/1 | kept=0 | rest=2248
[TEST] {5856} tested=1/1 | kept=0 | rest=2247
[TEST] {5841} tested=1/1 | kept=0 | rest=2246
[TEST] {5857} tested=1/1 | kept=0 | rest=2245
[TEST] {5858} tested=1/1 | kept=0 | rest=2244
[TEST] {5859} tested=1/1 | kept=0 | rest=2243
[TEST] {5863} tested=1/1 | kept=0 | rest=2242
[TEST] {5862} tested=1/1 | kept=0 | rest=2241
[TEST] {5842} tested=1/1 | kept=0 | rest=2240
[WARN] batch start failed | size=2 {5866} | split=1 {7770} + 1 {7771}
[TEST] {5865} tested=1/1 | kept=0 | rest=2239
[WARN] batch start failed | size=2 {5867} | split=1 {7772} + 1 {7773}
[TEST] {5864} tested=1/1 | kept=0 | rest=2238
[TEST] {5870} tested=1/1 | kept=0 | rest=2237
[TEST] {5868} tested=1/1 | kept=0 | rest=2236
[TEST] {5872} tested=1/1 | kept=0 | rest=2235
[TEST] {5871} tested=1/1 | kept=1 | rest=2234
[TEST] {5873} tested=1/1 | kept=0 | rest=2233
[TEST] {5874} tested=1/1 | kept=0 | rest=2232
[TEST] {5876} tested=1/1 | kept=0 | rest=2231
[TEST] {5875} tested=1/1 | kept=0 | rest=2230
[TEST] {5877} tested=1/1 | kept=0 | rest=2229
[TEST] {5879} tested=1/1 | kept=0 | rest=2228
[TEST] {5878} tested=1/1 | kept=0 | rest=2227
[TEST] {5880} tested=1/1 | kept=0 | rest=2226
[TEST] {5881} tested=1/1 | kept=0 | rest=2225
[TEST] {5852} tested=1/1 | kept=0 | rest=2224
[TEST] {5883} tested=1/1 | kept=0 | rest=2223
[WARN] batch start failed | size=2 {5884} | split=1 {7774} + 1 {7775}
[TEST] {5882} tested=1/1 | kept=0 | rest=2222
[WARN] batch start failed | size=2 {5885} | split=1 {7776} + 1 {7777}
[TEST] {5887} tested=1/1 | kept=0 | rest=2221
[TEST] {5888} tested=1/1 | kept=0 | rest=2220
[TEST] {5890} tested=1/1 | kept=0 | rest=2219
[TEST] {5860} tested=1/1 | kept=0 | rest=2218
[TEST] {5891} tested=1/1 | kept=0 | rest=2217
[TEST] {5861} tested=1/1 | kept=0 | rest=2216
[TEST] {5892} tested=1/1 | kept=0 | rest=2215
[TEST] {5893} tested=1/1 | kept=0 | rest=2214
[TEST] {5897} tested=1/1 | kept=0 | rest=2213
[TEST] {5896} tested=1/1 | kept=0 | rest=2212
[TEST] {5869} tested=1/1 | kept=0 | rest=2211
[TEST] {5899} tested=1/1 | kept=0 | rest=2210
[TEST] {5898} tested=1/1 | kept=0 | rest=2209
[TEST] {5900} tested=1/1 | kept=0 | rest=2208
[TEST] {5901} tested=1/1 | kept=0 | rest=2207
[TEST] {5895} tested=1/1 | kept=0 | rest=2206
[TEST] {5903} tested=1/1 | kept=0 | rest=2205
[TEST] {5904} tested=1/1 | kept=0 | rest=2204
[WARN] batch start failed | size=2 {5906} | split=1 {7778} + 1 {7779}
[WARN] batch start failed | size=2 {5907} | split=1 {7780} + 1 {7781}
[TEST] {5908} tested=1/1 | kept=0 | rest=2203
[TEST] {5886} tested=1/1 | kept=0 | rest=2202
[TEST] {5889} tested=1/1 | kept=0 | rest=2201
[TEST] {5910} tested=1/1 | kept=0 | rest=2200
[TEST] {5911} tested=1/1 | kept=0 | rest=2199
[TEST] {5912} tested=1/1 | kept=0 | rest=2198
[TEST] {5894} tested=1/1 | kept=0 | rest=2197
[WARN] batch start failed | size=2 {5914} | split=1 {7782} + 1 {7783}
[WARN] batch start failed | size=2 {5915} | split=1 {7784} + 1 {7785}
[WARN] batch start failed | size=4 {5916} | split=2 {7786} + 2 {7787}
[WARN] batch start failed | size=4 {5917} | split=2 {7788} + 2 {7789}
[TEST] {7785} tested=1/1 | kept=0 | rest=2196
[TEST] {5913} tested=1/1 | kept=0 | rest=2195
[TEST] {5921} tested=1/1 | kept=0 | rest=2194
[TEST] {5922} tested=1/1 | kept=0 | rest=2193
[TEST] {5923} tested=1/1 | kept=0 | rest=2192
[TEST] {5925} tested=1/1 | kept=0 | rest=2191
[TEST] {5924} tested=1/1 | kept=0 | rest=2190
[TEST] {5902} tested=1/1 | kept=0 | rest=2189
[TEST] {5926} tested=1/1 | kept=0 | rest=2188
[TEST] {5928} tested=1/1 | kept=0 | rest=2187
[TEST] {5905} tested=1/1 | kept=0 | rest=2186
[WARN] batch start failed | size=2 {5930} | split=1 {7790} + 1 {7791}
[TEST] {5929} tested=1/1 | kept=0 | rest=2185
[WARN] batch start failed | size=2 {5931} | split=1 {7792} + 1 {7793}
[WARN] batch start failed | size=2 {5932} | split=1 {7794} + 1 {7795}
[TEST] {5933} tested=1/1 | kept=0 | rest=2184
[WARN] batch start failed | size=2 {5934} | split=1 {7796} + 1 {7797}
[WARN] batch start failed | size=2 {5935} | split=1 {7798} + 1 {7799}
[WARN] batch start failed | size=2 {5936} | split=1 {7800} + 1 {7801}
[WARN] batch start failed | size=2 {5937} | split=1 {7802} + 1 {7803}
[TEST] {5909} tested=1/1 | kept=0 | rest=2183
[WARN] batch start failed | size=2 {5938} | split=1 {7804} + 1 {7805}
[WARN] batch start failed | size=2 {5939} | split=1 {7806} + 1 {7807}
[WARN] batch start failed | size=2 {5940} | split=1 {7808} + 1 {7809}
[TEST] {5943} tested=1/1 | kept=0 | rest=2182
[TEST] {5941} tested=1/1 | kept=0 | rest=2181
[TEST] {5945} tested=1/1 | kept=0 | rest=2180
[TEST] {5944} tested=1/1 | kept=0 | rest=2179
[TEST] {5947} tested=1/1 | kept=0 | rest=2178
[TEST] {5946} tested=1/1 | kept=0 | rest=2177
[TEST] {5948} tested=1/1 | kept=0 | rest=2176
[TEST] {5951} tested=1/1 | kept=0 | rest=2175
[TEST] {5949} tested=1/1 | kept=0 | rest=2174
[TEST] {5942} tested=1/1 | kept=1 | rest=2173
[TEST] {5952} tested=1/1 | kept=0 | rest=2172
[TEST] {5919} tested=1/1 | kept=0 | rest=2171
[TEST] {5920} tested=1/1 | kept=0 | rest=2170
[TEST] {5956} tested=1/1 | kept=0 | rest=2169
[TEST] {5957} tested=1/1 | kept=0 | rest=2168
[TEST] {5958} tested=1/1 | kept=0 | rest=2167
[TEST] {5953} tested=1/1 | kept=1 | rest=2166
[TEST] {5927} tested=1/1 | kept=0 | rest=2165
[TEST] {5950} tested=1/1 | kept=0 | rest=2164
[TEST] {5962} tested=1/1 | kept=0 | rest=2163
[TEST] {5963} tested=1/1 | kept=0 | rest=2162
[TEST] {5955} tested=1/1 | kept=0 | rest=2161
[TEST] {5964} tested=1/1 | kept=0 | rest=2160
[TEST] {5965} tested=1/1 | kept=0 | rest=2159
[TEST] {5966} tested=1/1 | kept=0 | rest=2158
[TEST] {5954} tested=1/1 | kept=0 | rest=2157
[TEST] {5959} tested=1/1 | kept=0 | rest=2156
[TEST] {5960} tested=1/1 | kept=0 | rest=2155
[TEST] {5968} tested=1/1 | kept=0 | rest=2154
[TEST] {5971} tested=1/1 | kept=0 | rest=2153
[TEST] {5961} tested=1/1 | kept=0 | rest=2152
[WARN] batch start failed | size=2 {5975} | split=1 {7810} + 1 {7811}
[WARN] batch start failed | size=2 {5974} | split=1 {7812} + 1 {7813}
[TEST] {5970} tested=1/1 | kept=0 | rest=2151
[TEST] {5967} tested=1/1 | kept=0 | rest=2150
[TEST] {5976} tested=1/1 | kept=0 | rest=2149
[TEST] {5973} tested=1/1 | kept=0 | rest=2148
[TEST] {5972} tested=1/1 | kept=0 | rest=2147
[TEST] {5969} tested=1/1 | kept=0 | rest=2146
[TEST] {5979} tested=1/1 | kept=0 | rest=2145
[TEST] {5980} tested=1/1 | kept=0 | rest=2144
[TEST] {5981} tested=1/1 | kept=0 | rest=2143
[TEST] {5977} tested=1/1 | kept=0 | rest=2142
[TEST] {5982} tested=1/1 | kept=0 | rest=2141
[TEST] {5983} tested=1/1 | kept=0 | rest=2140
[TEST] {5985} tested=1/1 | kept=0 | rest=2139
[TEST] {5978} tested=1/1 | kept=0 | rest=2138
[TEST] {5986} tested=1/1 | kept=0 | rest=2137
[TEST] {5988} tested=1/1 | kept=0 | rest=2136
[TEST] {5984} tested=1/1 | kept=0 | rest=2135
[TEST] {5990} tested=1/1 | kept=0 | rest=2134
[TEST] {5994} tested=1/1 | kept=0 | rest=2133
[TEST] {5992} tested=1/1 | kept=0 | rest=2132
[WARN] batch start failed | size=2 {3532} | split=1 {7814} + 1 {7815}
[TEST] {5993} tested=1/1 | kept=0 | rest=2131
[TEST] {5987} tested=1/1 | kept=0 | rest=2130
[TEST] {5991} tested=1/1 | kept=0 | rest=2129
[TEST] {5989} tested=1/1 | kept=0 | rest=2128
[TEST] {5998} tested=1/1 | kept=0 | rest=2127
[TEST] {5999} tested=1/1 | kept=0 | rest=2126
[TEST] {6001} tested=1/1 | kept=0 | rest=2125
[TEST] {6002} tested=1/1 | kept=0 | rest=2124
[TEST] {6004} tested=1/1 | kept=0 | rest=2123
[TEST] {5997} tested=1/1 | kept=0 | rest=2122
[TEST] {6005} tested=1/1 | kept=1 | rest=2121
[TEST] {6008} tested=1/1 | kept=0 | rest=2120
[TEST] {6007} tested=1/1 | kept=0 | rest=2119
[TEST] {5995} tested=1/1 | kept=1 | rest=2118
[TEST] {6009} tested=1/1 | kept=0 | rest=2117
[TEST] {6010} tested=1/1 | kept=0 | rest=2116
[TEST] {6011} tested=1/1 | kept=0 | rest=2115
[TEST] {6014} tested=1/1 | kept=0 | rest=2114
[TEST] {6015} tested=1/1 | kept=0 | rest=2113
[TEST] {6013} tested=1/1 | kept=0 | rest=2112
[WARN] batch start failed | size=2 {6016} | split=1 {7816} + 1 {7817}
[WARN] batch start failed | size=2 {6017} | split=1 {7818} + 1 {7819}
[WARN] batch start failed | size=2 {6019} | split=1 {7820} + 1 {7821}
[WARN] batch start failed | size=2 {6018} | split=1 {7822} + 1 {7823}
[WARN] batch start failed | size=2 {6020} | split=1 {7824} + 1 {7825}
[TEST] {6003} tested=1/1 | kept=0 | rest=2111
[WARN] batch start failed | size=2 {6023} | split=1 {7826} + 1 {7827}
[WARN] batch start failed | size=2 {6025} | split=1 {7828} + 1 {7829}
[WARN] batch start failed | size=2 {6024} | split=1 {7830} + 1 {7831}
[TEST] {6006} tested=1/1 | kept=0 | rest=2108
[WARN] batch start failed | size=2 {6026} | split=1 {7832} + 1 {7833}
[WARN] batch start failed | size=2 {6027} | split=1 {7834} + 1 {7835}
[WARN] batch start failed | size=2 {6028} | split=1 {7836} + 1 {7837}
[TEST] {6022} tested=2/2 | kept=0 | rest=2107
[WARN] batch start failed | size=2 {6029} | split=1 {7838} + 1 {7839}
[WARN] batch start failed | size=2 {6030} | split=1 {7840} + 1 {7841}
[TEST] {6032} tested=1/1 | kept=0 | rest=2106
[TEST] {6034} tested=1/1 | kept=1 | rest=2105
[TEST] {6000} tested=1/1 | kept=0 | rest=2104
[TEST] {6036} tested=1/1 | kept=1 | rest=2103
[TEST] {6037} tested=1/1 | kept=0 | rest=2102
[TEST] {6033} tested=1/1 | kept=0 | rest=2101
[TEST] {6012} tested=1/1 | kept=0 | rest=2100
[TEST] {6039} tested=1/1 | kept=0 | rest=2099
[TEST] {6040} tested=1/1 | kept=0 | rest=2098
[TEST] {6042} tested=1/1 | kept=0 | rest=2097
[TEST] {6021} tested=2/2 | kept=0 | rest=2096
[TEST] {6043} tested=1/1 | kept=0 | rest=2095
[TEST] {6044} tested=1/1 | kept=0 | rest=2094
[TEST] {6046} tested=1/1 | kept=0 | rest=2093
[TEST] {6031} tested=1/1 | kept=0 | rest=2092
[TEST] {6047} tested=1/1 | kept=0 | rest=2091
[TEST] {6048} tested=1/1 | kept=0 | rest=2090
[TEST] {6049} tested=1/1 | kept=0 | rest=2089
[TEST] {6035} tested=1/1 | kept=0 | rest=2088
[TEST] {6050} tested=1/1 | kept=0 | rest=2087
[TEST] {6052} tested=1/1 | kept=1 | rest=2086
[TEST] {6051} tested=1/1 | kept=0 | rest=2085
[TEST] {6053} tested=1/1 | kept=1 | rest=2084
[TEST] {6056} tested=1/1 | kept=0 | rest=2083
[TEST] {6038} tested=1/1 | kept=0 | rest=2082
[TEST] {6057} tested=1/1 | kept=0 | rest=2081
[TEST] {6041} tested=1/1 | kept=0 | rest=2080
[TEST] {6060} tested=1/1 | kept=1 | rest=2079
[TEST] {6061} tested=1/1 | kept=0 | rest=2078
[TEST] {6045} tested=1/1 | kept=0 | rest=2077
[TEST] {6062} tested=1/1 | kept=0 | rest=2076
[TEST] {6064} tested=1/1 | kept=1 | rest=2075
[TEST] {6063} tested=1/1 | kept=0 | rest=2074
[TEST] {6066} tested=1/1 | kept=0 | rest=2073
[TEST] {6065} tested=1/1 | kept=1 | rest=2072
[TEST] {6069} tested=1/1 | kept=0 | rest=2071
[TEST] {6067} tested=1/1 | kept=1 | rest=2070
[TEST] {6070} tested=1/1 | kept=0 | rest=2069
[TEST] {6054} tested=1/1 | kept=0 | rest=2068
[TEST] {6055} tested=1/1 | kept=0 | rest=2067
[TEST] {6068} tested=1/1 | kept=0 | rest=2066
[TEST] {6071} tested=1/1 | kept=0 | rest=2065
[TEST] {6072} tested=1/1 | kept=0 | rest=2064
[TEST] {6073} tested=1/1 | kept=0 | rest=2063
[TEST] {6074} tested=1/1 | kept=0 | rest=2062
[TEST] {6075} tested=1/1 | kept=0 | rest=2061
[TEST] {6079} tested=1/1 | kept=0 | rest=2060
[TEST] {6058} tested=1/1 | kept=0 | rest=2059
[TEST] {6059} tested=1/1 | kept=0 | rest=2058
[TEST] {6082} tested=1/1 | kept=0 | rest=2057
[TEST] {6083} tested=1/1 | kept=0 | rest=2056
[DROP] name=[Epodonios]  {6084} | server=None:None | reason=Parse config error: proxy 0: missing type
[TEST] {6081} tested=1/1 | kept=0 | rest=2054
[TEST] {6085} tested=1/1 | kept=1 | rest=2053
[TEST] {6086} tested=1/1 | kept=1 | rest=2052
[TEST] {6088} tested=1/1 | kept=1 | rest=2051
[TEST] {6087} tested=1/1 | kept=1 | rest=2050
[TEST] {6089} tested=1/1 | kept=1 | rest=2049
[TEST] {6090} tested=1/1 | kept=1 | rest=2048
[TEST] {6092} tested=1/1 | kept=0 | rest=2047
[TEST] {6091} tested=1/1 | kept=1 | rest=2046
[TEST] {6093} tested=1/1 | kept=1 | rest=2045
[TEST] {6094} tested=1/1 | kept=1 | rest=2044
[TEST] {6095} tested=1/1 | kept=0 | rest=2043
[TEST] {6096} tested=1/1 | kept=0 | rest=2042
[TEST] {6097} tested=1/1 | kept=0 | rest=2041
[TEST] {6098} tested=1/1 | kept=1 | rest=2040
[TEST] {6100} tested=1/1 | kept=0 | rest=2039
[TEST] {6099} tested=1/1 | kept=1 | rest=2038
[TEST] {6076} tested=1/1 | kept=0 | rest=2037
[TEST] {6077} tested=1/1 | kept=0 | rest=2036
[TEST] {6102} tested=1/1 | kept=0 | rest=2035
[TEST] {6078} tested=1/1 | kept=0 | rest=2034
[TEST] {6103} tested=1/1 | kept=0 | rest=2033
[TEST] {6104} tested=1/1 | kept=0 | rest=2032
[TEST] {6080} tested=1/1 | kept=0 | rest=2031
[TEST] {6107} tested=1/1 | kept=0 | rest=2030
[TEST] {6101} tested=1/1 | kept=0 | rest=2029
[TEST] {6110} tested=1/1 | kept=0 | rest=2028
[TEST] {6111} tested=1/1 | kept=0 | rest=2027
[WARN] batch start failed | size=2 {6113} | split=1 {7842} + 1 {7843}
[WARN] batch start failed | size=2 {6112} | split=1 {7844} + 1 {7845}
[WARN] batch start failed | size=2 {6114} | split=1 {7846} + 1 {7847}
[TEST] {6115} tested=1/1 | kept=0 | rest=2026
[WARN] batch start failed | size=2 {6116} | split=1 {7848} + 1 {7849}
[WARN] batch start failed | size=2 {6117} | split=1 {7850} + 1 {7851}
[WARN] batch start failed | size=2 {6118} | split=1 {7852} + 1 {7853}
[WARN] batch start failed | size=2 {6119} | split=1 {7854} + 1 {7855}
[WARN] batch start failed | size=2 {6120} | split=1 {7856} + 1 {7857}
[WARN] batch start failed | size=2 {6121} | split=1 {7858} + 1 {7859}
[WARN] batch start failed | size=2 {6122} | split=1 {7860} + 1 {7861}
[WARN] batch start failed | size=2 {6123} | split=1 {7862} + 1 {7863}
[WARN] batch start failed | size=2 {6124} | split=1 {7864} + 1 {7865}
[WARN] batch start failed | size=2 {6125} | split=1 {7866} + 1 {7867}
[WARN] batch start failed | size=2 {6126} | split=1 {7868} + 1 {7869}
[TEST] {6127} tested=1/1 | kept=0 | rest=2025
[TEST] {6129} tested=1/1 | kept=0 | rest=2024
[TEST] {6105} tested=1/1 | kept=0 | rest=2023
[TEST] {6106} tested=1/1 | kept=0 | rest=2022
[TEST] {6108} tested=1/1 | kept=0 | rest=2021
[TEST] {6109} tested=1/1 | kept=0 | rest=2020
[TEST] {6132} tested=1/1 | kept=0 | rest=2019
[TEST] {6133} tested=1/1 | kept=0 | rest=2018
[TEST] {6134} tested=1/1 | kept=0 | rest=2017
[TEST] {6137} tested=1/1 | kept=0 | rest=2016
[TEST] {6135} tested=1/1 | kept=0 | rest=2015
[TEST] {6136} tested=1/1 | kept=0 | rest=2014
[TEST] {6139} tested=1/1 | kept=0 | rest=2013
[TEST] {6141} tested=1/1 | kept=0 | rest=2012
[TEST] {6138} tested=1/1 | kept=0 | rest=2011
[TEST] {6128} tested=1/1 | kept=0 | rest=2010
[TEST] {6143} tested=1/1 | kept=0 | rest=2009
[TEST] {6144} tested=1/1 | kept=0 | rest=2008
[TEST] {6142} tested=1/1 | kept=0 | rest=2007
[TEST] {6146} tested=1/1 | kept=0 | rest=2006
[TEST] {6147} tested=1/1 | kept=0 | rest=2005
[TEST] {6149} tested=1/1 | kept=0 | rest=2004
[TEST] {6148} tested=1/1 | kept=0 | rest=2003
[TEST] {6150} tested=1/1 | kept=0 | rest=2002
[WARN] batch start failed | size=2 {3658} | split=1 {7870} + 1 {7871}
[TEST] {6152} tested=1/1 | kept=0 | rest=2001
[TEST] {6153} tested=1/1 | kept=0 | rest=2000
[TEST] {6130} tested=1/1 | kept=0 | rest=1999
[TEST] {6154} tested=1/1 | kept=0 | rest=1998
[TEST] {6140} tested=1/1 | kept=1 | rest=1997
[TEST] {6156} tested=1/1 | kept=0 | rest=1996
[TEST] {6157} tested=1/1 | kept=0 | rest=1995
[TEST] {6158} tested=1/1 | kept=0 | rest=1994
[TEST] {6159} tested=1/1 | kept=0 | rest=1993
[TEST] {6160} tested=1/1 | kept=0 | rest=1992
[TEST] {6161} tested=1/1 | kept=0 | rest=1991
[TEST] {6162} tested=1/1 | kept=0 | rest=1990
[TEST] {6163} tested=1/1 | kept=0 | rest=1989
[TEST] {6164} tested=1/1 | kept=0 | rest=1988
[TEST] {6131} tested=1/1 | kept=0 | rest=1987
[TEST] {6167} tested=1/1 | kept=0 | rest=1986
[WARN] batch start failed | size=2 {6168} | split=1 {7872} + 1 {7873}
[WARN] batch start failed | size=2 {6169} | split=1 {7874} + 1 {7875}
[TEST] {6166} tested=1/1 | kept=0 | rest=1985
[TEST] {6165} tested=1/1 | kept=0 | rest=1984
[WARN] batch start failed | size=2 {6170} | split=1 {7876} + 1 {7877}
[WARN] batch start failed | size=2 {6171} | split=1 {7878} + 1 {7879}
[WARN] batch start failed | size=2 {6172} | split=1 {7880} + 1 {7881}
[WARN] batch start failed | size=2 {6174} | split=1 {7882} + 1 {7883}
[WARN] batch start failed | size=2 {6175} | split=1 {7884} + 1 {7885}
[WARN] batch start failed | size=2 {6177} | split=1 {7886} + 1 {7887}
[WARN] batch start failed | size=2 {6176} | split=1 {7888} + 1 {7889}
[WARN] batch start failed | size=2 {6178} | split=1 {7890} + 1 {7891}
[WARN] batch start failed | size=2 {6179} | split=1 {7892} + 1 {7893}
[TEST] {6173} tested=1/1 | kept=0 | rest=1983
[WARN] batch start failed | size=2 {6180} | split=1 {7894} + 1 {7895}
[WARN] batch start failed | size=2 {6181} | split=1 {7896} + 1 {7897}
[WARN] batch start failed | size=2 {6182} | split=1 {7898} + 1 {7899}
[TEST] {6186} tested=1/1 | kept=0 | rest=1982
[TEST] {6185} tested=1/1 | kept=0 | rest=1981
[TEST] {6184} tested=1/1 | kept=1 | rest=1980
[TEST] {6183} tested=1/1 | kept=0 | rest=1979
[TEST] {6189} tested=1/1 | kept=1 | rest=1978
[TEST] {6188} tested=1/1 | kept=0 | rest=1977
[TEST] {6190} tested=1/1 | kept=0 | rest=1976
[TEST] {6187} tested=1/1 | kept=0 | rest=1975
[TEST] {6145} tested=1/1 | kept=0 | rest=1974
[TEST] {6195} tested=1/1 | kept=0 | rest=1973
[TEST] {6196} tested=1/1 | kept=0 | rest=1972
[TEST] {6191} tested=1/1 | kept=1 | rest=1971
[TEST] {6155} tested=1/1 | kept=0 | rest=1970
[TEST] {6199} tested=1/1 | kept=0 | rest=1969
[TEST] {6201} tested=1/1 | kept=0 | rest=1968
[TEST] {6200} tested=1/1 | kept=0 | rest=1967
[TEST] {6202} tested=1/1 | kept=0 | rest=1966
[TEST] {6203} tested=1/1 | kept=0 | rest=1965
[TEST] {6192} tested=1/1 | kept=0 | rest=1964
[TEST] {6204} tested=1/1 | kept=0 | rest=1963
[TEST] {6193} tested=1/1 | kept=0 | rest=1962
[WARN] batch start failed | size=2 {6207} | split=1 {7900} + 1 {7901}
[TEST] {6194} tested=1/1 | kept=0 | rest=1961
[WARN] batch start failed | size=2 {6208} | split=1 {7902} + 1 {7903}
[WARN] batch start failed | size=2 {6209} | split=1 {7904} + 1 {7905}
[WARN] batch start failed | size=2 {6210} | split=1 {7906} + 1 {7907}
[WARN] batch start failed | size=2 {6211} | split=1 {7908} + 1 {7909}
[TEST] {6206} tested=2/2 | kept=0 | rest=1959
[WARN] batch start failed | size=2 {6214} | split=1 {7910} + 1 {7911}
[WARN] batch start failed | size=2 {6215} | split=1 {7912} + 1 {7913}
[TEST] {6217} tested=1/1 | kept=0 | rest=1957
[WARN] batch start failed | size=2 {6216} | split=1 {7914} + 1 {7915}
[TEST] {6197} tested=1/1 | kept=0 | rest=1956
[TEST] {6198} tested=1/1 | kept=0 | rest=1955
[WARN] batch start failed | size=2 {6218} | split=1 {7916} + 1 {7917}
[WARN] batch start failed | size=2 {6219} | split=1 {7918} + 1 {7919}
[WARN] batch start failed | size=2 {6220} | split=1 {7920} + 1 {7921}
[WARN] batch start failed | size=2 {6221} | split=1 {7922} + 1 {7923}
[TEST] {6222} tested=1/1 | kept=0 | rest=1954
[TEST] {6223} tested=1/1 | kept=0 | rest=1953
[TEST] {6224} tested=1/1 | kept=0 | rest=1952
[TEST] {6226} tested=1/1 | kept=0 | rest=1951
[TEST] {6228} tested=1/1 | kept=0 | rest=1950
[TEST] {6205} tested=1/1 | kept=0 | rest=1949
[TEST] {6231} tested=1/1 | kept=0 | rest=1948
[TEST] {6212} tested=2/2 | kept=0 | rest=1947
[TEST] {6213} tested=1/1 | kept=0 | rest=1946
[TEST] {6232} tested=1/1 | kept=0 | rest=1945
[TEST] {6233} tested=1/1 | kept=0 | rest=1944
[TEST] {6230} tested=1/1 | kept=0 | rest=1943
[TEST] {6236} tested=1/1 | kept=0 | rest=1942
[TEST] {6234} tested=1/1 | kept=0 | rest=1941
[TEST] {6235} tested=1/1 | kept=0 | rest=1940
[TEST] {6237} tested=1/1 | kept=0 | rest=1939
[TEST] {6239} tested=1/1 | kept=0 | rest=1938
[TEST] {6238} tested=1/1 | kept=0 | rest=1937
[TEST] {6225} tested=1/1 | kept=0 | rest=1936
[TEST] {6240} tested=1/1 | kept=0 | rest=1935
[TEST] {6242} tested=1/1 | kept=0 | rest=1934
[TEST] {6244} tested=1/1 | kept=0 | rest=1933
[TEST] {6227} tested=1/1 | kept=0 | rest=1932
[TEST] {6245} tested=1/1 | kept=0 | rest=1931
[TEST] {6246} tested=1/1 | kept=0 | rest=1930
[TEST] {6247} tested=1/1 | kept=0 | rest=1929
[TEST] {6249} tested=1/1 | kept=0 | rest=1928
[TEST] {6250} tested=1/1 | kept=0 | rest=1927
[TEST] {6251} tested=1/1 | kept=0 | rest=1926
[TEST] {6253} tested=1/1 | kept=0 | rest=1925
[TEST] {6229} tested=1/1 | kept=0 | rest=1924
[TEST] {6254} tested=1/1 | kept=0 | rest=1923
[WARN] batch start failed | size=4 {6256} | split=2 {7924} + 2 {7925}
[WARN] batch start failed | size=4 {6257} | split=2 {7926} + 2 {7927}
[TEST] {6252} tested=1/1 | kept=0 | rest=1922
[TEST] {6258} tested=1/1 | kept=0 | rest=1921
[TEST] {6259} tested=1/1 | kept=0 | rest=1920
[TEST] {6260} tested=1/1 | kept=0 | rest=1919
[WARN] batch start failed | size=2 {6262} | split=1 {7928} + 1 {7929}
[WARN] batch start failed | size=2 {6263} | split=1 {7930} + 1 {7931}
[TEST] {6261} tested=1/1 | kept=0 | rest=1918
[WARN] batch start failed | size=2 {6264} | split=1 {7932} + 1 {7933}
[WARN] batch start failed | size=2 {6265} | split=1 {7934} + 1 {7935}
[WARN] batch start failed | size=2 {6266} | split=1 {7936} + 1 {7937}
[WARN] batch start failed | size=2 {6267} | split=1 {7938} + 1 {7939}
[TEST] {6268} tested=1/1 | kept=0 | rest=1917
[TEST] {6271} tested=1/1 | kept=0 | rest=1916
[TEST] {6241} tested=1/1 | kept=0 | rest=1915
[TEST] {6243} tested=1/1 | kept=0 | rest=1914
[TEST] {6272} tested=1/1 | kept=0 | rest=1913
[TEST] {6248} tested=1/1 | kept=0 | rest=1912
[TEST] {6269} tested=1/1 | kept=0 | rest=1911
[TEST] {6273} tested=1/1 | kept=0 | rest=1910
[TEST] {6274} tested=1/1 | kept=0 | rest=1909
[TEST] {6278} tested=1/1 | kept=1 | rest=1908
[TEST] {6275} tested=1/1 | kept=0 | rest=1907
[TEST] {6255} tested=1/1 | kept=0 | rest=1906
[TEST] {6280} tested=1/1 | kept=0 | rest=1905
[TEST] {6279} tested=1/1 | kept=0 | rest=1904
[TEST] {6283} tested=1/1 | kept=0 | rest=1903
[TEST] {6284} tested=1/1 | kept=0 | rest=1902
[TEST] {6282} tested=1/1 | kept=0 | rest=1901
[TEST] {6281} tested=1/1 | kept=0 | rest=1900
[TEST] {6285} tested=1/1 | kept=0 | rest=1899
[TEST] {6288} tested=1/1 | kept=0 | rest=1898
[TEST] {6286} tested=1/1 | kept=0 | rest=1897
[TEST] {6289} tested=1/1 | kept=0 | rest=1895
[WARN] batch start failed | size=2 {6291} | split=1 {7940} + 1 {7941}
[TEST] {6293} tested=1/1 | kept=0 | rest=1894
[TEST] {6292} tested=1/1 | kept=0 | rest=1893
[TEST] {6290} tested=2/2 | kept=0 | rest=1892
[TEST] {6270} tested=1/1 | kept=0 | rest=1891
[TEST] {6276} tested=1/1 | kept=0 | rest=1890
[TEST] {6296} tested=1/1 | kept=0 | rest=1889
[TEST] {6277} tested=1/1 | kept=0 | rest=1888
[TEST] {6298} tested=1/1 | kept=0 | rest=1887
[TEST] {6297} tested=1/1 | kept=0 | rest=1886
[TEST] {6287} tested=1/1 | kept=0 | rest=1885
[TEST] {6294} tested=1/1 | kept=0 | rest=1884
[TEST] {6303} tested=1/1 | kept=0 | rest=1883
[TEST] {6304} tested=1/1 | kept=0 | rest=1882
[TEST] {6295} tested=1/1 | kept=0 | rest=1881
[TEST] {6299} tested=1/1 | kept=0 | rest=1880
[TEST] {6300} tested=1/1 | kept=0 | rest=1879
[TEST] {6307} tested=1/1 | kept=0 | rest=1878
[TEST] {6308} tested=1/1 | kept=0 | rest=1877
[TEST] {6310} tested=1/1 | kept=0 | rest=1876
[TEST] {6301} tested=1/1 | kept=0 | rest=1875
[TEST] {6302} tested=1/1 | kept=0 | rest=1874
[TEST] {6312} tested=1/1 | kept=0 | rest=1873
[TEST] {6315} tested=1/1 | kept=0 | rest=1872
[TEST] {6314} tested=1/1 | kept=0 | rest=1871
[TEST] {6317} tested=1/1 | kept=0 | rest=1870
[TEST] {6305} tested=1/1 | kept=0 | rest=1869
[TEST] {6306} tested=1/1 | kept=0 | rest=1868
[TEST] {6319} tested=1/1 | kept=0 | rest=1867
[TEST] {6321} tested=1/1 | kept=0 | rest=1866
[TEST] {6320} tested=1/1 | kept=0 | rest=1865
[TEST] {6324} tested=1/1 | kept=0 | rest=1864
[TEST] {6323} tested=1/1 | kept=0 | rest=1863
[TEST] {6309} tested=1/1 | kept=0 | rest=1862
[TEST] {6325} tested=1/1 | kept=0 | rest=1861
[TEST] {6311} tested=1/1 | kept=0 | rest=1860
[TEST] {6326} tested=1/1 | kept=0 | rest=1859
[TEST] {6327} tested=1/1 | kept=0 | rest=1858
[TEST] {6329} tested=1/1 | kept=0 | rest=1857
[TEST] {6330} tested=1/1 | kept=0 | rest=1856
[TEST] {6313} tested=1/1 | kept=0 | rest=1855
[TEST] {6331} tested=1/1 | kept=0 | rest=1854
[TEST] {6332} tested=1/1 | kept=0 | rest=1853
[TEST] {6333} tested=1/1 | kept=0 | rest=1852
[TEST] {6334} tested=1/1 | kept=1 | rest=1851
[TEST] {6335} tested=1/1 | kept=0 | rest=1850
[TEST] {6318} tested=1/1 | kept=0 | rest=1849
[TEST] {6316} tested=1/1 | kept=0 | rest=1848
[TEST] {6339} tested=1/1 | kept=0 | rest=1847
[TEST] {6340} tested=1/1 | kept=0 | rest=1846
[TEST] {6341} tested=1/1 | kept=0 | rest=1845
[TEST] {6342} tested=1/1 | kept=0 | rest=1844
[TEST] {6343} tested=1/1 | kept=0 | rest=1843
[TEST] {6344} tested=1/1 | kept=0 | rest=1842
[TEST] {6322} tested=1/1 | kept=0 | rest=1841
[TEST] {6328} tested=1/1 | kept=0 | rest=1840
[TEST] {6336} tested=1/1 | kept=0 | rest=1839
[TEST] {6337} tested=1/1 | kept=0 | rest=1838
[TEST] {6338} tested=1/1 | kept=0 | rest=1837
[TEST] {6350} tested=1/1 | kept=0 | rest=1836
[TEST] {6345} tested=1/1 | kept=0 | rest=1835
[TEST] {6346} tested=1/1 | kept=0 | rest=1834
[TEST] {6347} tested=1/1 | kept=0 | rest=1833
[TEST] {6354} tested=1/1 | kept=0 | rest=1832
[TEST] {6355} tested=1/1 | kept=0 | rest=1831
[TEST] {6356} tested=1/1 | kept=0 | rest=1830
[TEST] {6349} tested=1/1 | kept=0 | rest=1829
[TEST] {6358} tested=1/1 | kept=0 | rest=1828
[TEST] {6348} tested=1/1 | kept=0 | rest=1827
[TEST] {6359} tested=1/1 | kept=0 | rest=1826
[TEST] {6360} tested=1/1 | kept=0 | rest=1825
[TEST] {6363} tested=1/1 | kept=0 | rest=1824
[TEST] {6361} tested=1/1 | kept=0 | rest=1823
[TEST] {6362} tested=1/1 | kept=0 | rest=1822
[TEST] {6351} tested=1/1 | kept=0 | rest=1821
[TEST] {6367} tested=1/1 | kept=1 | rest=1820
[TEST] {6352} tested=1/1 | kept=0 | rest=1819
[TEST] {6368} tested=1/1 | kept=0 | rest=1818
[TEST] {6366} tested=1/1 | kept=0 | rest=1817
[TEST] {6353} tested=1/1 | kept=0 | rest=1816
[TEST] {6357} tested=1/1 | kept=0 | rest=1815
[TEST] {6365} tested=1/1 | kept=0 | rest=1814
[TEST] {6373} tested=1/1 | kept=0 | rest=1813
[TEST] {6364} tested=1/1 | kept=0 | rest=1812
[TEST] {6375} tested=1/1 | kept=0 | rest=1811
[TEST] {6374} tested=1/1 | kept=0 | rest=1810
[TEST] {6369} tested=1/1 | kept=0 | rest=1809
[TEST] {6370} tested=1/1 | kept=0 | rest=1808
[TEST] {6371} tested=1/1 | kept=0 | rest=1807
[TEST] {6378} tested=1/1 | kept=0 | rest=1806
[TEST] {6379} tested=1/1 | kept=0 | rest=1805
[TEST] {6380} tested=1/1 | kept=0 | rest=1804
[TEST] {6382} tested=1/1 | kept=0 | rest=1803
[TEST] {6381} tested=1/1 | kept=0 | rest=1802
[TEST] {6383} tested=1/1 | kept=0 | rest=1801
[TEST] {6384} tested=1/1 | kept=0 | rest=1800
[TEST] {6386} tested=1/1 | kept=0 | rest=1799
[TEST] {6385} tested=1/1 | kept=0 | rest=1798
[TEST] {6389} tested=1/1 | kept=0 | rest=1797
[TEST] {6390} tested=1/1 | kept=0 | rest=1796
[TEST] {6372} tested=1/1 | kept=0 | rest=1795
[TEST] {6392} tested=1/1 | kept=0 | rest=1794
[TEST] {6388} tested=1/1 | kept=1 | rest=1793
[TEST] {6376} tested=1/1 | kept=0 | rest=1792
[TEST] {6377} tested=1/1 | kept=0 | rest=1791
[TEST] {6387} tested=1/1 | kept=0 | rest=1790
[TEST] {6391} tested=1/1 | kept=0 | rest=1789
[TEST] {6398} tested=1/1 | kept=0 | rest=1788
[TEST] {6393} tested=1/1 | kept=0 | rest=1787
[TEST] {6394} tested=1/1 | kept=0 | rest=1786
[TEST] {6395} tested=1/1 | kept=0 | rest=1785
[TEST] {6396} tested=1/1 | kept=0 | rest=1784
[TEST] {6402} tested=1/1 | kept=0 | rest=1783
[TEST] {6404} tested=1/1 | kept=0 | rest=1782
[TEST] {6397} tested=1/1 | kept=0 | rest=1781
[TEST] {6406} tested=1/1 | kept=0 | rest=1780
[TEST] {6399} tested=1/1 | kept=0 | rest=1779
[TEST] {6408} tested=1/1 | kept=0 | rest=1778
[TEST] {6400} tested=1/1 | kept=0 | rest=1777
[TEST] {6410} tested=1/1 | kept=0 | rest=1776
[TEST] {6401} tested=1/1 | kept=0 | rest=1775
[TEST] {6412} tested=1/1 | kept=0 | rest=1774
[TEST] {6413} tested=1/1 | kept=0 | rest=1773
[TEST] {6411} tested=1/1 | kept=1 | rest=1772
[TEST] {6415} tested=1/1 | kept=0 | rest=1771
[TEST] {6403} tested=1/1 | kept=0 | rest=1770
[TEST] {6417} tested=1/1 | kept=0 | rest=1769
[TEST] {6414} tested=1/1 | kept=0 | rest=1768
[TEST] {6418} tested=1/1 | kept=0 | rest=1767
[TEST] {6405} tested=1/1 | kept=0 | rest=1766
[TEST] {6420} tested=1/1 | kept=0 | rest=1765
[TEST] {6422} tested=1/1 | kept=0 | rest=1764
[TEST] {6407} tested=1/1 | kept=0 | rest=1763
[TEST] {6409} tested=1/1 | kept=0 | rest=1762
[TEST] {6424} tested=1/1 | kept=0 | rest=1761
[TEST] {6426} tested=1/1 | kept=0 | rest=1760
[TEST] {6425} tested=1/1 | kept=0 | rest=1759
[TEST] {6416} tested=1/1 | kept=0 | rest=1758
[TEST] {6419} tested=1/1 | kept=0 | rest=1757
[TEST] {6421} tested=1/1 | kept=0 | rest=1756
[TEST] {6430} tested=1/1 | kept=0 | rest=1755
[TEST] {6423} tested=1/1 | kept=0 | rest=1754
[TEST] {6431} tested=1/1 | kept=0 | rest=1753
[TEST] {6434} tested=1/1 | kept=0 | rest=1752
[TEST] {6435} tested=1/1 | kept=0 | rest=1751
[TEST] {6436} tested=1/1 | kept=0 | rest=1750
[TEST] {6437} tested=1/1 | kept=0 | rest=1749
[TEST] {6427} tested=1/1 | kept=0 | rest=1748
[TEST] {6429} tested=1/1 | kept=0 | rest=1747
[TEST] {6438} tested=1/1 | kept=0 | rest=1746
[TEST] {6439} tested=1/1 | kept=0 | rest=1745
[TEST] {6441} tested=1/1 | kept=0 | rest=1744
[TEST] {6442} tested=1/1 | kept=0 | rest=1743
[TEST] {6440} tested=1/1 | kept=0 | rest=1742
[TEST] {6443} tested=1/1 | kept=0 | rest=1741
[TEST] {6445} tested=1/1 | kept=0 | rest=1740
[TEST] {6428} tested=1/1 | kept=0 | rest=1739
[TEST] {6444} tested=1/1 | kept=0 | rest=1738
[TEST] {6447} tested=1/1 | kept=0 | rest=1737
[TEST] {6446} tested=1/1 | kept=0 | rest=1736
[TEST] {6450} tested=1/1 | kept=0 | rest=1735
[TEST] {6448} tested=1/1 | kept=0 | rest=1734
[TEST] {6451} tested=1/1 | kept=0 | rest=1733
[TEST] {6452} tested=1/1 | kept=0 | rest=1732
[TEST] {6454} tested=1/1 | kept=0 | rest=1731
[TEST] {6455} tested=1/1 | kept=0 | rest=1730
[TEST] {6432} tested=1/1 | kept=0 | rest=1729
[TEST] {6456} tested=1/1 | kept=0 | rest=1728
[TEST] {6433} tested=1/1 | kept=0 | rest=1727
[TEST] {6449} tested=1/1 | kept=0 | rest=1726
[TEST] {6461} tested=1/1 | kept=0 | rest=1725
[TEST] {6453} tested=1/1 | kept=0 | rest=1724
[TEST] {6462} tested=1/1 | kept=0 | rest=1723
[TEST] {6464} tested=1/1 | kept=0 | rest=1722
[TEST] {6465} tested=1/1 | kept=0 | rest=1721
[TEST] {6463} tested=1/1 | kept=0 | rest=1720
[TEST] {6466} tested=1/1 | kept=0 | rest=1719
[TEST] {6457} tested=1/1 | kept=0 | rest=1718
[TEST] {6458} tested=1/1 | kept=0 | rest=1717
[TEST] {6459} tested=1/1 | kept=0 | rest=1716
[TEST] {6468} tested=1/1 | kept=0 | rest=1715
[TEST] {6460} tested=1/1 | kept=0 | rest=1714
[TEST] {6467} tested=1/1 | kept=0 | rest=1713
[TEST] {6472} tested=1/1 | kept=0 | rest=1712
[TEST] {6473} tested=1/1 | kept=0 | rest=1711
[TEST] {6474} tested=1/1 | kept=0 | rest=1710
[TEST] {6475} tested=1/1 | kept=0 | rest=1709
[TEST] {6476} tested=1/1 | kept=1 | rest=1708
[WARN] batch start failed | size=2 {3876} | split=1 {7942} + 1 {7943}
[TEST] {6478} tested=1/1 | kept=0 | rest=1707
[TEST] {6481} tested=1/1 | kept=0 | rest=1706
[TEST] {6469} tested=1/1 | kept=0 | rest=1705
[TEST] {6483} tested=1/1 | kept=0 | rest=1704
[TEST] {6470} tested=1/1 | kept=0 | rest=1703
[TEST] {6471} tested=1/1 | kept=0 | rest=1702
[TEST] {6477} tested=1/1 | kept=0 | rest=1701
[TEST] {6486} tested=1/1 | kept=1 | rest=1700
[TEST] {6487} tested=1/1 | kept=0 | rest=1699
[TEST] {6480} tested=1/1 | kept=0 | rest=1698
[TEST] {6488} tested=1/1 | kept=1 | rest=1697
[TEST] {6491} tested=1/1 | kept=0 | rest=1696
[TEST] {6482} tested=1/1 | kept=0 | rest=1695
[TEST] {6489} tested=1/1 | kept=0 | rest=1694
[TEST] {6494} tested=1/1 | kept=0 | rest=1693
[TEST] {6495} tested=1/1 | kept=0 | rest=1692
[TEST] {6496} tested=1/1 | kept=0 | rest=1691
[TEST] {6492} tested=1/1 | kept=0 | rest=1690
[TEST] {6497} tested=1/1 | kept=1 | rest=1689
[TEST] {6498} tested=1/1 | kept=0 | rest=1688
[TEST] {6500} tested=1/1 | kept=0 | rest=1687
[TEST] {6501} tested=1/1 | kept=0 | rest=1686
[TEST] {6502} tested=1/1 | kept=0 | rest=1685
[TEST] {6484} tested=1/1 | kept=0 | rest=1684
[TEST] {6485} tested=1/1 | kept=0 | rest=1683
[TEST] {6504} tested=1/1 | kept=0 | rest=1682
[TEST] {6506} tested=1/1 | kept=0 | rest=1681
[TEST] {6507} tested=1/1 | kept=0 | rest=1680
[TEST] {6505} tested=1/1 | kept=0 | rest=1679
[TEST] {6508} tested=1/1 | kept=0 | rest=1678
[TEST] {6509} tested=1/1 | kept=0 | rest=1677
[TEST] {6490} tested=1/1 | kept=0 | rest=1676
[TEST] {6493} tested=1/1 | kept=0 | rest=1675
[TEST] {6513} tested=1/1 | kept=0 | rest=1674
[TEST] {6514} tested=1/1 | kept=0 | rest=1673
[TEST] {6499} tested=1/1 | kept=0 | rest=1672
[TEST] {6516} tested=1/1 | kept=0 | rest=1671
[TEST] {6517} tested=1/1 | kept=0 | rest=1670
[TEST] {6518} tested=1/1 | kept=0 | rest=1669
[TEST] {6519} tested=1/1 | kept=0 | rest=1668
[TEST] {6520} tested=1/1 | kept=0 | rest=1667
[TEST] {6503} tested=1/1 | kept=0 | rest=1666
[TEST] {6521} tested=1/1 | kept=1 | rest=1665
[TEST] {6522} tested=1/1 | kept=1 | rest=1664
[TEST] {6524} tested=1/1 | kept=0 | rest=1663
[TEST] {6525} tested=1/1 | kept=0 | rest=1662
[TEST] {6510} tested=1/1 | kept=0 | rest=1661
[TEST] {6511} tested=1/1 | kept=0 | rest=1660
[TEST] {6512} tested=1/1 | kept=0 | rest=1659
[TEST] {6527} tested=1/1 | kept=0 | rest=1658
[TEST] {6515} tested=1/1 | kept=0 | rest=1657
[TEST] {6531} tested=1/1 | kept=0 | rest=1656
[TEST] {6530} tested=1/1 | kept=0 | rest=1655
[TEST] {6532} tested=1/1 | kept=0 | rest=1654
[TEST] {6534} tested=1/1 | kept=0 | rest=1653
[TEST] {6535} tested=1/1 | kept=0 | rest=1652
[TEST] {6523} tested=1/1 | kept=0 | rest=1651
[TEST] {6526} tested=1/1 | kept=0 | rest=1650
[TEST] {6539} tested=1/1 | kept=1 | rest=1649
[TEST] {6529} tested=1/1 | kept=0 | rest=1648
[TEST] {6541} tested=1/1 | kept=0 | rest=1647
[TEST] {6540} tested=1/1 | kept=0 | rest=1646
[TEST] {6528} tested=1/1 | kept=0 | rest=1645
[TEST] {6542} tested=1/1 | kept=0 | rest=1644
[TEST] {6543} tested=1/1 | kept=0 | rest=1643
[TEST] {6544} tested=1/1 | kept=0 | rest=1642
[TEST] {6545} tested=1/1 | kept=0 | rest=1641
[TEST] {6546} tested=1/1 | kept=0 | rest=1640
[TEST] {6547} tested=1/1 | kept=0 | rest=1639
[TEST] {6549} tested=1/1 | kept=0 | rest=1638
[TEST] {6548} tested=1/1 | kept=0 | rest=1637
[TEST] {6533} tested=1/1 | kept=0 | rest=1636
[TEST] {6551} tested=1/1 | kept=0 | rest=1635
[TEST] {6552} tested=1/1 | kept=0 | rest=1634
[TEST] {6554} tested=1/1 | kept=0 | rest=1633
[TEST] {6536} tested=1/1 | kept=0 | rest=1632
[TEST] {6555} tested=1/1 | kept=0 | rest=1631
[TEST] {6537} tested=1/1 | kept=0 | rest=1630
[TEST] {6557} tested=1/1 | kept=0 | rest=1629
[TEST] {6556} tested=1/1 | kept=0 | rest=1628
[TEST] {6553} tested=1/1 | kept=1 | rest=1627
[TEST] {6558} tested=1/1 | kept=0 | rest=1626
[TEST] {6559} tested=1/1 | kept=0 | rest=1625
[TEST] {6563} tested=1/1 | kept=0 | rest=1624
[TEST] {6565} tested=1/1 | kept=0 | rest=1623
[TEST] {6538} tested=1/1 | kept=0 | rest=1622
[TEST] {6566} tested=1/1 | kept=0 | rest=1621
[TEST] {6567} tested=1/1 | kept=0 | rest=1620
[TEST] {6568} tested=1/1 | kept=1 | rest=1619
[TEST] {6550} tested=1/1 | kept=0 | rest=1618
[TEST] {6569} tested=1/1 | kept=1 | rest=1617
[TEST] {6571} tested=1/1 | kept=1 | rest=1616
[TEST] {6570} tested=1/1 | kept=1 | rest=1615
[TEST] {6572} tested=1/1 | kept=1 | rest=1614
[TEST] {6573} tested=1/1 | kept=1 | rest=1613
[TEST] {6574} tested=1/1 | kept=1 | rest=1612
[TEST] {6575} tested=1/1 | kept=1 | rest=1611
[TEST] {6576} tested=1/1 | kept=1 | rest=1610
[TEST] {6577} tested=1/1 | kept=1 | rest=1609
[TEST] {6560} tested=1/1 | kept=0 | rest=1608
[TEST] {6561} tested=1/1 | kept=0 | rest=1607
[TEST] {6562} tested=1/1 | kept=0 | rest=1606
[TEST] {6578} tested=1/1 | kept=1 | rest=1605
[TEST] {6579} tested=1/1 | kept=1 | rest=1604
[TEST] {6584} tested=1/1 | kept=0 | rest=1603
[TEST] {6582} tested=1/1 | kept=1 | rest=1602
[TEST] {6580} tested=1/1 | kept=1 | rest=1601
[TEST] {6581} tested=1/1 | kept=1 | rest=1600
[TEST] {6564} tested=1/1 | kept=0 | rest=1599
[TEST] {6583} tested=1/1 | kept=1 | rest=1598
[TEST] {6589} tested=1/1 | kept=0 | rest=1597
[TEST] {6585} tested=1/1 | kept=1 | rest=1596
[TEST] {6587} tested=1/1 | kept=0 | rest=1595
[TEST] {6590} tested=1/1 | kept=0 | rest=1594
[TEST] {6592} tested=1/1 | kept=0 | rest=1593
[TEST] {6593} tested=1/1 | kept=0 | rest=1592
[TEST] {6588} tested=1/1 | kept=0 | rest=1591
[TEST] {6595} tested=1/1 | kept=0 | rest=1590
[TEST] {6586} tested=1/1 | kept=0 | rest=1589
[TEST] {6591} tested=1/1 | kept=0 | rest=1588
[TEST] {6599} tested=1/1 | kept=0 | rest=1587
[TEST] {6597} tested=1/1 | kept=0 | rest=1586
[TEST] {6598} tested=1/1 | kept=0 | rest=1585
[TEST] {6596} tested=1/1 | kept=0 | rest=1584
[TEST] {6603} tested=1/1 | kept=0 | rest=1583
[TEST] {6605} tested=1/1 | kept=0 | rest=1582
[TEST] {6606} tested=1/1 | kept=1 | rest=1581
[TEST] {6600} tested=1/1 | kept=1 | rest=1580
[TEST] {6601} tested=1/1 | kept=1 | rest=1579
[TEST] {6604} tested=1/1 | kept=1 | rest=1578
[TEST] {6608} tested=1/1 | kept=0 | rest=1577
[TEST] {6607} tested=1/1 | kept=1 | rest=1576
[TEST] {6609} tested=1/1 | kept=1 | rest=1575
[TEST] {6610} tested=1/1 | kept=1 | rest=1574
[TEST] {6611} tested=1/1 | kept=0 | rest=1573
[TEST] {6612} tested=1/1 | kept=0 | rest=1572
[TEST] {6613} tested=1/1 | kept=1 | rest=1571
[TEST] {6614} tested=1/1 | kept=0 | rest=1570
[TEST] {6616} tested=1/1 | kept=0 | rest=1569
[TEST] {6615} tested=1/1 | kept=1 | rest=1568
[TEST] {6617} tested=1/1 | kept=0 | rest=1567
[TEST] {6618} tested=1/1 | kept=0 | rest=1566
[TEST] {6623} tested=1/1 | kept=0 | rest=1565
[TEST] {6619} tested=1/1 | kept=1 | rest=1564
[TEST] {6620} tested=1/1 | kept=0 | rest=1563
[TEST] {6621} tested=1/1 | kept=0 | rest=1562
[WARN] batch start failed | size=4 {6624} | split=2 {7944} + 2 {7945}
[WARN] batch start failed | size=3 {6625} | split=2 {7946} + 1 {7947}
[WARN] batch start failed | size=2 {6626} | split=1 {7948} + 1 {7949}
[WARN] batch start failed | size=2 {6627} | split=1 {7950} + 1 {7951}
[WARN] batch start failed | size=2 {6628} | split=1 {7952} + 1 {7953}
[WARN] batch start failed | size=2 {6629} | split=1 {7954} + 1 {7955}
[WARN] batch start failed | size=2 {6630} | split=1 {7956} + 1 {7957}
[WARN] batch start failed | size=2 {6631} | split=1 {7958} + 1 {7959}
[WARN] batch start failed | size=2 {6632} | split=1 {7960} + 1 {7961}
[WARN] batch start failed | size=2 {6633} | split=1 {7962} + 1 {7963}
[WARN] batch start failed | size=2 {6635} | split=1 {7964} + 1 {7965}
[WARN] batch start failed | size=2 {6636} | split=1 {7966} + 1 {7967}
[WARN] batch start failed | size=2 {6638} | split=1 {7968} + 1 {7969}
[WARN] batch start failed | size=2 {6639} | split=1 {7970} + 1 {7971}
[WARN] batch start failed | size=2 {6640} | split=1 {7972} + 1 {7973}
[TEST] {6637} tested=1/1 | kept=0 | rest=1560
[TEST] {6641} tested=1/1 | kept=0 | rest=1559
[WARN] batch start failed | size=2 {6642} | split=1 {7974} + 1 {7975}
[WARN] batch start failed | size=2 {6643} | split=1 {7976} + 1 {7977}
[WARN] batch start failed | size=2 {6644} | split=1 {7978} + 1 {7979}
[WARN] batch start failed | size=2 {6645} | split=1 {7980} + 1 {7981}
[WARN] batch start failed | size=2 {6646} | split=1 {7982} + 1 {7983}
[WARN] batch start failed | size=2 {6647} | split=1 {7984} + 1 {7985}
[WARN] batch start failed | size=2 {6648} | split=1 {7986} + 1 {7987}
[WARN] batch start failed | size=2 {6649} | split=1 {7988} + 1 {7989}
[TEST] {6650} tested=2/2 | kept=0 | rest=1557
[TEST] {6651} tested=2/2 | kept=0 | rest=1555
[WARN] batch start failed | size=2 {6652} | split=1 {7990} + 1 {7991}
[WARN] batch start failed | size=2 {6653} | split=1 {7992} + 1 {7993}
[TEST] {6594} tested=1/1 | kept=0 | rest=1554
[WARN] batch start failed | size=2 {6654} | split=1 {7994} + 1 {7995}
[WARN] batch start failed | size=2 {6655} | split=1 {7996} + 1 {7997}
[WARN] batch start failed | size=2 {6656} | split=1 {7998} + 1 {7999}
[WARN] batch start failed | size=2 {6657} | split=1 {8000} + 1 {8001}
[WARN] batch start failed | size=4 {4001} | split=2 {8002} + 2 {8003}
[WARN] batch start failed | size=2 {6659} | split=1 {8004} + 1 {8005}
[WARN] batch start failed | size=2 {6661} | split=1 {8006} + 1 {8007}
[WARN] batch start failed | size=2 {6662} | split=1 {8008} + 1 {8009}
[TEST] {6602} tested=1/1 | kept=0 | rest=1552
[WARN] batch start failed | size=2 {6664} | split=1 {8010} + 1 {8011}
[WARN] batch start failed | size=2 {6666} | split=1 {8012} + 1 {8013}
[TEST] {6665} tested=1/1 | kept=0 | rest=1551
[WARN] batch start failed | size=2 {6667} | split=1 {8014} + 1 {8015}
[TEST] {6668} tested=1/1 | kept=0 | rest=1549
[TEST] {6669} tested=1/1 | kept=0 | rest=1548
[WARN] batch start failed | size=2 {6670} | split=1 {8016} + 1 {8017}
[WARN] batch start failed | size=2 {6671} | split=1 {8018} + 1 {8019}
[WARN] batch start failed | size=2 {6672} | split=1 {8020} + 1 {8021}
[TEST] {6663} tested=2/2 | kept=0 | rest=1547
[WARN] batch start failed | size=2 {6674} | split=1 {8022} + 1 {8023}
[WARN] batch start failed | size=2 {6675} | split=1 {8024} + 1 {8025}
[WARN] batch start failed | size=2 {6676} | split=1 {8026} + 1 {8027}
[WARN] batch start failed | size=2 {6678} | split=1 {8028} + 1 {8029}
[WARN] batch start failed | size=2 {6677} | split=1 {8030} + 1 {8031}
[WARN] batch start failed | size=2 {6679} | split=1 {8032} + 1 {8033}
[TEST] {6673} tested=1/1 | kept=0 | rest=1546
[WARN] batch start failed | size=2 {6680} | split=1 {8034} + 1 {8035}
[WARN] batch start failed | size=2 {6682} | split=1 {8036} + 1 {8037}
[WARN] batch start failed | size=2 {6684} | split=1 {8038} + 1 {8039}
[TEST] {6622} tested=1/1 | kept=0 | rest=1545
[TEST] {6683} tested=2/2 | kept=0 | rest=1543
[WARN] batch start failed | size=2 {4016} | split=1 {8040} + 1 {8041}
[TEST] {6634} tested=2/2 | kept=0 | rest=1542
[WARN] batch start failed | size=2 {4017} | split=1 {8042} + 1 {8043}
[TEST] {6688} tested=1/1 | kept=0 | rest=1541
[TEST] {6690} tested=1/1 | kept=0 | rest=1540
[TEST] {6686} tested=1/1 | kept=0 | rest=1539
[TEST] {6691} tested=1/1 | kept=0 | rest=1538
[TEST] {6692} tested=1/1 | kept=0 | rest=1537
[TEST] {6694} tested=1/1 | kept=0 | rest=1536
[TEST] {6660} tested=2/2 | kept=0 | rest=1535
[TEST] {6697} tested=1/1 | kept=0 | rest=1534
[TEST] {6695} tested=1/1 | kept=1 | rest=1533
[TEST] {6681} tested=1/1 | kept=0 | rest=1532
[TEST] {6700} tested=1/1 | kept=0 | rest=1531
[TEST] {6685} tested=1/1 | kept=0 | rest=1530
[WARN] batch start failed | size=2 {6703} | split=1 {8044} + 1 {8045}
[WARN] batch start failed | size=2 {6702} | split=1 {8046} + 1 {8047}
[WARN] batch start failed | size=2 {6705} | split=1 {8048} + 1 {8049}
[WARN] batch start failed | size=2 {6704} | split=1 {8050} + 1 {8051}
[WARN] batch start failed | size=2 {6706} | split=1 {8052} + 1 {8053}
[WARN] batch start failed | size=2 {6707} | split=1 {8054} + 1 {8055}
[WARN] batch start failed | size=2 {6708} | split=1 {8056} + 1 {8057}
[WARN] batch start failed | size=2 {6709} | split=1 {8058} + 1 {8059}
[WARN] batch start failed | size=2 {6710} | split=1 {8060} + 1 {8061}
[WARN] batch start failed | size=2 {6711} | split=1 {8062} + 1 {8063}
[TEST] {6712} tested=2/2 | kept=1 | rest=1528
[TEST] {6693} tested=1/1 | kept=0 | rest=1527
[TEST] {6713} tested=1/1 | kept=0 | rest=1526
[WARN] batch start failed | size=2 {6714} | split=1 {8064} + 1 {8065}
[WARN] batch start failed | size=2 {6715} | split=1 {8066} + 1 {8067}
[WARN] batch start failed | size=2 {6716} | split=1 {8068} + 1 {8069}
[WARN] batch start failed | size=2 {6717} | split=1 {8070} + 1 {8071}
[TEST] {6696} tested=1/1 | kept=0 | rest=1525
[TEST] {6718} tested=1/1 | kept=0 | rest=1524
[TEST] {6721} tested=1/1 | kept=1 | rest=1523
[TEST] {6720} tested=1/1 | kept=1 | rest=1522
[TEST] {6698} tested=1/1 | kept=0 | rest=1521
[TEST] {6699} tested=1/1 | kept=0 | rest=1520
[TEST] {6724} tested=1/1 | kept=1 | rest=1519
[TEST] {6725} tested=1/1 | kept=1 | rest=1518
[TEST] {6701} tested=1/1 | kept=0 | rest=1517
[TEST] {6728} tested=1/1 | kept=1 | rest=1516
[TEST] {6719} tested=1/1 | kept=0 | rest=1515
[TEST] {6723} tested=1/1 | kept=0 | rest=1514
[TEST] {6722} tested=1/1 | kept=0 | rest=1513
[TEST] {6732} tested=1/1 | kept=0 | rest=1512
[TEST] {6733} tested=1/1 | kept=0 | rest=1511
[TEST] {6726} tested=1/1 | kept=0 | rest=1510
[TEST] {6727} tested=1/1 | kept=0 | rest=1509
[TEST] {6735} tested=1/1 | kept=0 | rest=1508
[TEST] {6737} tested=1/1 | kept=0 | rest=1507
[TEST] {6736} tested=1/1 | kept=1 | rest=1506
[TEST] {6738} tested=1/1 | kept=0 | rest=1505
[TEST] {6730} tested=1/1 | kept=1 | rest=1504
[TEST] {6741} tested=1/1 | kept=0 | rest=1503
[TEST] {6729} tested=1/1 | kept=0 | rest=1502
[TEST] {6742} tested=1/1 | kept=0 | rest=1501
[TEST] {6744} tested=1/1 | kept=0 | rest=1500
[TEST] {6745} tested=1/1 | kept=0 | rest=1499
[TEST] {6731} tested=1/1 | kept=0 | rest=1498
[TEST] {6734} tested=1/1 | kept=0 | rest=1497
[TEST] {6747} tested=1/1 | kept=1 | rest=1496
[TEST] {6748} tested=1/1 | kept=0 | rest=1495
[TEST] {6749} tested=1/1 | kept=0 | rest=1494
[TEST] {6751} tested=1/1 | kept=0 | rest=1493
[TEST] {6752} tested=1/1 | kept=0 | rest=1492
[TEST] {6739} tested=1/1 | kept=0 | rest=1491
[TEST] {6740} tested=1/1 | kept=0 | rest=1490
[TEST] {6743} tested=1/1 | kept=0 | rest=1489
[TEST] {6753} tested=1/1 | kept=1 | rest=1488
[TEST] {6756} tested=1/1 | kept=0 | rest=1487
[TEST] {6755} tested=1/1 | kept=0 | rest=1486
[TEST] {6746} tested=1/1 | kept=0 | rest=1485
[TEST] {6759} tested=1/1 | kept=0 | rest=1484
[TEST] {6757} tested=1/1 | kept=0 | rest=1483
[TEST] {6758} tested=1/1 | kept=0 | rest=1482
[TEST] {6760} tested=1/1 | kept=0 | rest=1481
[TEST] {6761} tested=1/1 | kept=0 | rest=1480
[TEST] {6765} tested=1/1 | kept=0 | rest=1479
[TEST] {6763} tested=1/1 | kept=0 | rest=1478
[TEST] {6766} tested=1/1 | kept=0 | rest=1477
[TEST] {6764} tested=1/1 | kept=0 | rest=1476
[TEST] {6769} tested=1/1 | kept=0 | rest=1475
[TEST] {6750} tested=1/1 | kept=0 | rest=1474
[TEST] {6768} tested=1/1 | kept=0 | rest=1473
[TEST] {6770} tested=1/1 | kept=0 | rest=1472
[TEST] {6771} tested=1/1 | kept=0 | rest=1471
[WARN] batch start failed | size=2 {6772} | split=1 {8072} + 1 {8073}
[WARN] batch start failed | size=2 {6773} | split=1 {8074} + 1 {8075}
[WARN] batch start failed | size=2 {6774} | split=1 {8076} + 1 {8077}
[WARN] batch start failed | size=2 {6775} | split=1 {8078} + 1 {8079}
[WARN] batch start failed | size=2 {6777} | split=1 {8080} + 1 {8081}
[WARN] batch start failed | size=2 {6778} | split=1 {8082} + 1 {8083}
[WARN] batch start failed | size=2 {6779} | split=1 {8084} + 1 {8085}
[TEST] {6780} tested=1/1 | kept=0 | rest=1470
[TEST] {6781} tested=1/1 | kept=0 | rest=1469
[TEST] {6754} tested=1/1 | kept=0 | rest=1468
[TEST] {6782} tested=1/1 | kept=0 | rest=1467
[TEST] {6783} tested=1/1 | kept=0 | rest=1466
[TEST] {6762} tested=1/1 | kept=0 | rest=1465
[TEST] {6767} tested=1/1 | kept=0 | rest=1464
[TEST] {4074} tested=1/1 | kept=0 | rest=1463
[TEST] {6789} tested=1/1 | kept=0 | rest=1462
[TEST] {6785} tested=1/1 | kept=0 | rest=1461
[TEST] {6784} tested=1/1 | kept=0 | rest=1460
[TEST] {6787} tested=1/1 | kept=0 | rest=1459
[TEST] {6792} tested=1/1 | kept=0 | rest=1458
[TEST] {6793} tested=1/1 | kept=0 | rest=1457
[TEST] {6791} tested=1/1 | kept=0 | rest=1456
[TEST] {6794} tested=1/1 | kept=0 | rest=1455
[TEST] {6795} tested=1/1 | kept=1 | rest=1454
[TEST] {6796} tested=1/1 | kept=0 | rest=1453
[TEST] {6797} tested=1/1 | kept=0 | rest=1452
[TEST] {6798} tested=1/1 | kept=0 | rest=1451
[TEST] {6799} tested=1/1 | kept=0 | rest=1450
[WARN] batch start failed | size=2 {6801} | split=1 {8086} + 1 {8087}
[WARN] batch start failed | size=2 {6800} | split=1 {8088} + 1 {8089}
[WARN] batch start failed | size=2 {6802} | split=1 {8090} + 1 {8091}
[WARN] batch start failed | size=2 {6803} | split=1 {8092} + 1 {8093}
[WARN] batch start failed | size=2 {6804} | split=1 {8094} + 1 {8095}
[WARN] batch start failed | size=2 {6805} | split=1 {8096} + 1 {8097}
[WARN] batch start failed | size=2 {6806} | split=1 {8098} + 1 {8099}
[TEST] {6786} tested=1/1 | kept=0 | rest=1449
[TEST] {6810} tested=1/1 | kept=1 | rest=1448
[TEST] {6808} tested=1/1 | kept=0 | rest=1447
[TEST] {6809} tested=1/1 | kept=0 | rest=1446
[TEST] {6812} tested=1/1 | kept=0 | rest=1445
[WARN] batch start failed | size=2 {4101} | split=1 {8100} + 1 {8101}
[TEST] {6813} tested=1/1 | kept=0 | rest=1444
[TEST] {6811} tested=1/1 | kept=0 | rest=1443
[TEST] {6817} tested=1/1 | kept=1 | rest=1441
[TEST] {6816} tested=1/1 | kept=1 | rest=1440
[TEST] {6788} tested=1/1 | kept=0 | rest=1439
[TEST] {6819} tested=1/1 | kept=1 | rest=1438
[TEST] {6818} tested=1/1 | kept=0 | rest=1437
[TEST] {6820} tested=1/1 | kept=0 | rest=1436
[TEST] {6822} tested=1/1 | kept=0 | rest=1435
[TEST] {6823} tested=1/1 | kept=0 | rest=1434
[TEST] {6821} tested=1/1 | kept=1 | rest=1433
[TEST] {6824} tested=1/1 | kept=0 | rest=1432
[TEST] {6825} tested=1/1 | kept=0 | rest=1431
[TEST] {6828} tested=1/1 | kept=0 | rest=1430
[TEST] {6829} tested=1/1 | kept=0 | rest=1429
[TEST] {6790} tested=1/1 | kept=0 | rest=1428
[TEST] {6830} tested=1/1 | kept=0 | rest=1427
[TEST] {6831} tested=1/1 | kept=0 | rest=1426
[TEST] {6833} tested=1/1 | kept=0 | rest=1425
[TEST] {6832} tested=1/1 | kept=0 | rest=1424
[TEST] {6807} tested=1/1 | kept=0 | rest=1423
[TEST] {6815} tested=2/2 | kept=0 | rest=1422
[TEST] {6837} tested=1/1 | kept=0 | rest=1421
[TEST] {6838} tested=1/1 | kept=0 | rest=1420
[TEST] {6826} tested=1/1 | kept=0 | rest=1419
[TEST] {6827} tested=1/1 | kept=0 | rest=1418
[TEST] {6841} tested=1/1 | kept=0 | rest=1417
[TEST] {6842} tested=1/1 | kept=0 | rest=1416
[TEST] {6834} tested=1/1 | kept=0 | rest=1415
[TEST] {6835} tested=1/1 | kept=0 | rest=1414
[TEST] {6845} tested=1/1 | kept=0 | rest=1413
[TEST] {6843} tested=1/1 | kept=0 | rest=1412
[TEST] {6836} tested=1/1 | kept=0 | rest=1411
[TEST] {6848} tested=1/1 | kept=0 | rest=1410
[TEST] {6847} tested=1/1 | kept=0 | rest=1409
[TEST] {6846} tested=1/1 | kept=0 | rest=1408
[TEST] {6849} tested=1/1 | kept=0 | rest=1407
[TEST] {6852} tested=1/1 | kept=0 | rest=1406
[TEST] {6851} tested=1/1 | kept=1 | rest=1405
[TEST] {6853} tested=1/1 | kept=0 | rest=1404
[TEST] {6855} tested=1/1 | kept=0 | rest=1403
[TEST] {6856} tested=1/1 | kept=0 | rest=1402
[TEST] {6854} tested=1/1 | kept=0 | rest=1401
[TEST] {6839} tested=1/1 | kept=0 | rest=1400
[TEST] {6840} tested=1/1 | kept=0 | rest=1399
[TEST] {6844} tested=1/1 | kept=0 | rest=1398
[TEST] {6850} tested=1/1 | kept=0 | rest=1397
[WARN] batch start failed | size=2 {6862} | split=1 {8102} + 1 {8103}
[WARN] batch start failed | size=2 {6863} | split=1 {8104} + 1 {8105}
[TEST] {6864} tested=1/1 | kept=0 | rest=1396
[TEST] {6857} tested=1/1 | kept=0 | rest=1395
[TEST] {6859} tested=1/1 | kept=0 | rest=1394
[TEST] {6866} tested=1/1 | kept=0 | rest=1393
[TEST] {6858} tested=1/1 | kept=0 | rest=1392
[TEST] {6868} tested=1/1 | kept=0 | rest=1391
[TEST] {6860} tested=1/1 | kept=0 | rest=1390
[TEST] {6869} tested=1/1 | kept=1 | rest=1389
[TEST] {6861} tested=1/1 | kept=0 | rest=1388
[TEST] {6865} tested=1/1 | kept=0 | rest=1387
[TEST] {6867} tested=1/1 | kept=0 | rest=1386
[TEST] {6870} tested=1/1 | kept=0 | rest=1385
[TEST] {6871} tested=1/1 | kept=0 | rest=1384
[TEST] {6877} tested=1/1 | kept=0 | rest=1383
[TEST] {6878} tested=1/1 | kept=0 | rest=1382
[TEST] {6872} tested=1/1 | kept=0 | rest=1381
[TEST] {6879} tested=1/1 | kept=0 | rest=1380
[TEST] {6880} tested=1/1 | kept=0 | rest=1379
[WARN] batch start failed | size=2 {6882} | split=1 {8106} + 1 {8107}
[TEST] {6873} tested=1/1 | kept=0 | rest=1378
[TEST] {6876} tested=1/1 | kept=0 | rest=1377
[WARN] batch start failed | size=4 {4195} | split=2 {8108} + 2 {8109}
[WARN] batch start failed | size=2 {6883} | split=1 {8110} + 1 {8111}
[WARN] batch start failed | size=2 {6886} | split=1 {8112} + 1 {8113}
[TEST] {6881} tested=1/1 | kept=0 | rest=1376
[WARN] batch start failed | size=2 {6887} | split=1 {8114} + 1 {8115}
[WARN] batch start failed | size=2 {6888} | split=1 {8116} + 1 {8117}
[WARN] batch start failed | size=2 {6890} | split=1 {8118} + 1 {8119}
[TEST] {6885} tested=1/1 | kept=0 | rest=1375
[WARN] batch start failed | size=2 {6891} | split=1 {8120} + 1 {8121}
[WARN] batch start failed | size=2 {6889} | split=1 {8122} + 1 {8123}
[TEST] {6892} tested=1/1 | kept=0 | rest=1374
[WARN] batch start failed | size=3 {4201} | split=2 {8124} + 1 {8125}
[WARN] batch start failed | size=2 {6898} | split=1 {8126} + 1 {8127}
[WARN] batch start failed | size=2 {6897} | split=1 {8128} + 1 {8129}
[WARN] batch start failed | size=2 {6896} | split=1 {8130} + 1 {8131}
[WARN] batch start failed | size=2 {6895} | split=1 {8132} + 1 {8133}
[TEST] {6875} tested=1/1 | kept=0 | rest=1373
[WARN] batch start failed | size=2 {6900} | split=1 {8134} + 1 {8135}
[WARN] batch start failed | size=2 {6904} | split=1 {8136} + 1 {8137}
[TEST] {6899} tested=1/1 | kept=0 | rest=1372
[WARN] batch start failed | size=2 {6905} | split=1 {8138} + 1 {8139}
[TEST] {4205} tested=1/1 | kept=0 | rest=1371
[TEST] {6906} tested=1/1 | kept=0 | rest=1370
[TEST] {6907} tested=1/1 | kept=0 | rest=1369
[TEST] {6909} tested=2/2 | kept=0 | rest=1366
[TEST] {6893} tested=1/1 | kept=1 | rest=1365
[WARN] batch start failed | size=2 {6910} | split=1 {8140} + 1 {8141}
[TEST] {6874} tested=1/1 | kept=0 | rest=1364
[WARN] batch start failed | size=2 {6911} | split=1 {8142} + 1 {8143}
[WARN] batch start failed | size=2 {6913} | split=1 {8144} + 1 {8145}
[WARN] batch start failed | size=2 {6914} | split=1 {8146} + 1 {8147}
[TEST] {6915} tested=1/1 | kept=0 | rest=1362
[TEST] {6912} tested=2/2 | kept=0 | rest=1361
[TEST] {6917} tested=1/1 | kept=1 | rest=1360
[TEST] {6916} tested=1/1 | kept=1 | rest=1359
[TEST] {6919} tested=1/1 | kept=1 | rest=1358
[TEST] {6920} tested=1/1 | kept=0 | rest=1357
[TEST] {6921} tested=1/1 | kept=0 | rest=1356
[TEST] {6918} tested=1/1 | kept=1 | rest=1355
[TEST] {6923} tested=1/1 | kept=0 | rest=1354
[TEST] {6925} tested=1/1 | kept=0 | rest=1353
[TEST] {6926} tested=1/1 | kept=1 | rest=1352
[TEST] {6927} tested=1/1 | kept=0 | rest=1351
[TEST] {6902} tested=1/1 | kept=0 | rest=1350
[TEST] {6903} tested=1/1 | kept=0 | rest=1349
[TEST] {6928} tested=1/1 | kept=1 | rest=1348
[TEST] {6930} tested=1/1 | kept=0 | rest=1347
[TEST] {6908} tested=2/2 | kept=0 | rest=1346
[TEST] {6929} tested=1/1 | kept=1 | rest=1345
[TEST] {6933} tested=1/1 | kept=0 | rest=1344
[TEST] {6934} tested=1/1 | kept=0 | rest=1343
[TEST] {6931} tested=1/1 | kept=0 | rest=1342
[TEST] {6937} tested=1/1 | kept=0 | rest=1341
[TEST] {6936} tested=1/1 | kept=0 | rest=1340
[TEST] {6938} tested=1/1 | kept=0 | rest=1339
[TEST] {6939} tested=1/1 | kept=0 | rest=1338
[TEST] {6941} tested=1/1 | kept=0 | rest=1337
[TEST] {6940} tested=1/1 | kept=0 | rest=1336
[TEST] {6942} tested=1/1 | kept=0 | rest=1335
[TEST] {6922} tested=1/1 | kept=0 | rest=1334
[TEST] {6945} tested=1/1 | kept=1 | rest=1333
[TEST] {6924} tested=1/1 | kept=0 | rest=1332
[TEST] {6947} tested=1/1 | kept=1 | rest=1331
[TEST] {6932} tested=1/1 | kept=0 | rest=1330
[TEST] {6949} tested=1/1 | kept=1 | rest=1329
[TEST] {6935} tested=1/1 | kept=0 | rest=1328
[TEST] {6950} tested=1/1 | kept=0 | rest=1327
[TEST] {6952} tested=1/1 | kept=1 | rest=1326
[TEST] {6943} tested=1/1 | kept=0 | rest=1325
[TEST] {6944} tested=1/1 | kept=0 | rest=1324
[TEST] {6946} tested=1/1 | kept=0 | rest=1323
[TEST] {6948} tested=1/1 | kept=0 | rest=1322
[TEST] {6957} tested=1/1 | kept=1 | rest=1321
[TEST] {6951} tested=1/1 | kept=0 | rest=1320
[TEST] {6953} tested=1/1 | kept=0 | rest=1319
[TEST] {6954} tested=1/1 | kept=0 | rest=1318
[TEST] {6955} tested=1/1 | kept=0 | rest=1317
[TEST] {6956} tested=1/1 | kept=0 | rest=1316
[TEST] {6958} tested=1/1 | kept=0 | rest=1315
[TEST] {6964} tested=1/1 | kept=0 | rest=1314
[TEST] {6965} tested=1/1 | kept=1 | rest=1313
[WARN] batch start failed | size=2 {4268} | split=1 {8148} + 1 {8149}
[TEST] {6968} tested=1/1 | kept=0 | rest=1312
[TEST] {6967} tested=1/1 | kept=0 | rest=1311
[TEST] {6969} tested=1/1 | kept=1 | rest=1310
[WARN] batch start failed | size=2 {6971} | split=1 {8150} + 1 {8151}
[WARN] batch start failed | size=2 {6970} | split=1 {8152} + 1 {8153}
[TEST] {6959} tested=1/1 | kept=0 | rest=1309
[TEST] {6973} tested=1/1 | kept=0 | rest=1308
[TEST] {6974} tested=1/1 | kept=0 | rest=1307
[TEST] {6960} tested=1/1 | kept=0 | rest=1306
[TEST] {6975} tested=1/1 | kept=1 | rest=1305
[TEST] {6961} tested=1/1 | kept=0 | rest=1304
[TEST] {6962} tested=1/1 | kept=0 | rest=1303
[TEST] {6976} tested=1/1 | kept=1 | rest=1302
[TEST] {6979} tested=1/1 | kept=0 | rest=1301
[TEST] {6977} tested=1/1 | kept=0 | rest=1300
[TEST] {6978} tested=1/1 | kept=1 | rest=1299
[TEST] {6983} tested=1/1 | kept=0 | rest=1298
[TEST] {6981} tested=1/1 | kept=0 | rest=1297
[TEST] {6982} tested=1/1 | kept=0 | rest=1296
[TEST] {6980} tested=1/1 | kept=0 | rest=1295
[TEST] {6963} tested=1/1 | kept=0 | rest=1294
[TEST] {6986} tested=1/1 | kept=0 | rest=1293
[TEST] {6987} tested=1/1 | kept=0 | rest=1292
[TEST] {6985} tested=1/1 | kept=0 | rest=1291
[TEST] {6984} tested=1/1 | kept=0 | rest=1290
[TEST] {6989} tested=1/1 | kept=0 | rest=1289
[TEST] {6992} tested=1/1 | kept=0 | rest=1288
[TEST] {6993} tested=1/1 | kept=1 | rest=1287
[TEST] {6972} tested=1/1 | kept=0 | rest=1286
[TEST] {6995} tested=1/1 | kept=0 | rest=1285
[TEST] {6996} tested=1/1 | kept=1 | rest=1284
[TEST] {6997} tested=1/1 | kept=0 | rest=1283
[TEST] {6994} tested=1/1 | kept=0 | rest=1282
[TEST] {6998} tested=1/1 | kept=1 | rest=1281
[TEST] {6999} tested=1/1 | kept=1 | rest=1280
[TEST] {7000} tested=1/1 | kept=1 | rest=1279
[TEST] {7001} tested=1/1 | kept=1 | rest=1278
[TEST] {7002} tested=1/1 | kept=0 | rest=1277
[TEST] {7003} tested=1/1 | kept=0 | rest=1276
[TEST] {7004} tested=1/1 | kept=0 | rest=1275
[TEST] {7005} tested=1/1 | kept=1 | rest=1274
[TEST] {7008} tested=1/1 | kept=0 | rest=1273
[TEST] {7007} tested=1/1 | kept=0 | rest=1272
[TEST] {7006} tested=1/1 | kept=0 | rest=1271
[TEST] {7010} tested=1/1 | kept=0 | rest=1270
[TEST] {7009} tested=1/1 | kept=1 | rest=1269
[WARN] batch start failed | size=2 {7012} | split=1 {8154} + 1 {8155}
[WARN] batch start failed | size=2 {7013} | split=1 {8156} + 1 {8157}
[WARN] batch start failed | size=2 {7014} | split=1 {8158} + 1 {8159}
[WARN] batch start failed | size=2 {7015} | split=1 {8160} + 1 {8161}
[WARN] batch start failed | size=2 {7016} | split=1 {8162} + 1 {8163}
[TEST] {7011} tested=1/1 | kept=0 | rest=1268
[WARN] batch start failed | size=2 {7018} | split=1 {8164} + 1 {8165}
[WARN] batch start failed | size=2 {7019} | split=1 {8166} + 1 {8167}
[TEST] {7020} tested=1/1 | kept=0 | rest=1267
[TEST] {6988} tested=1/1 | kept=0 | rest=1266
[TEST] {7021} tested=1/1 | kept=1 | rest=1265
[TEST] {7024} tested=1/1 | kept=1 | rest=1264
[TEST] {6990} tested=1/1 | kept=0 | rest=1263
[TEST] {6991} tested=1/1 | kept=0 | rest=1262
[TEST] {7022} tested=1/1 | kept=0 | rest=1261
[TEST] {7025} tested=1/1 | kept=0 | rest=1260
[TEST] {7023} tested=1/1 | kept=0 | rest=1259
[TEST] {7029} tested=1/1 | kept=0 | rest=1258
[TEST] {7028} tested=1/1 | kept=1 | rest=1257
[TEST] {7033} tested=1/1 | kept=0 | rest=1256
[TEST] {7030} tested=1/1 | kept=0 | rest=1255
[TEST] {7032} tested=1/1 | kept=0 | rest=1254
[TEST] {7034} tested=1/1 | kept=0 | rest=1253
[TEST] {7035} tested=1/1 | kept=0 | rest=1252
[TEST] {7036} tested=1/1 | kept=0 | rest=1251
[TEST] {7037} tested=1/1 | kept=0 | rest=1250
[TEST] {7017} tested=1/1 | kept=0 | rest=1249
[TEST] {7039} tested=1/1 | kept=0 | rest=1248
[TEST] {7040} tested=1/1 | kept=1 | rest=1247
[TEST] {7041} tested=1/1 | kept=1 | rest=1246
[TEST] {7026} tested=1/1 | kept=0 | rest=1245
[TEST] {7027} tested=1/1 | kept=0 | rest=1244
[TEST] {7031} tested=1/1 | kept=0 | rest=1243
[TEST] {7043} tested=1/1 | kept=1 | rest=1242
[TEST] {7044} tested=1/1 | kept=0 | rest=1241
[WARN] batch start failed | size=2 {7048} | split=1 {8168} + 1 {8169}
[TEST] {7047} tested=1/1 | kept=1 | rest=1240
[WARN] batch start failed | size=2 {7049} | split=1 {8170} + 1 {8171}
[TEST] {7051} tested=1/1 | kept=0 | rest=1239
[TEST] {7052} tested=1/1 | kept=0 | rest=1238
[TEST] {7053} tested=1/1 | kept=0 | rest=1237
[TEST] {7050} tested=1/1 | kept=0 | rest=1236
[TEST] {7054} tested=1/1 | kept=0 | rest=1235
[WARN] batch start failed | size=2 {7056} | split=1 {8172} + 1 {8173}
[WARN] batch start failed | size=2 {7057} | split=1 {8174} + 1 {8175}
[TEST] {7055} tested=1/1 | kept=0 | rest=1234
[TEST] {7058} tested=1/1 | kept=1 | rest=1233
[TEST] {7060} tested=1/1 | kept=0 | rest=1232
[TEST] {7038} tested=1/1 | kept=0 | rest=1231
[TEST] {7063} tested=1/1 | kept=0 | rest=1230
[TEST] {7061} tested=1/1 | kept=1 | rest=1229
[TEST] {7062} tested=1/1 | kept=1 | rest=1228
[TEST] {7065} tested=1/1 | kept=1 | rest=1227
[TEST] {7064} tested=1/1 | kept=0 | rest=1226
[TEST] {7066} tested=1/1 | kept=1 | rest=1225
[TEST] {7042} tested=1/1 | kept=0 | rest=1224
[TEST] {7045} tested=1/1 | kept=0 | rest=1223
[WARN] batch start failed | size=2 {7070} | split=1 {8176} + 1 {8177}
[WARN] batch start failed | size=2 {7071} | split=1 {8178} + 1 {8179}
[WARN] batch start failed | size=2 {7072} | split=1 {8180} + 1 {8181}
[TEST] {7067} tested=1/1 | kept=1 | rest=1222
[WARN] batch start failed | size=2 {7073} | split=1 {8182} + 1 {8183}
[WARN] batch start failed | size=2 {7074} | split=1 {8184} + 1 {8185}
[WARN] batch start failed | size=2 {7075} | split=1 {8186} + 1 {8187}
[WARN] batch start failed | size=2 {7076} | split=1 {8188} + 1 {8189}
[WARN] batch start failed | size=2 {7077} | split=1 {8190} + 1 {8191}
[TEST] {7046} tested=1/1 | kept=0 | rest=1221
[WARN] batch start failed | size=2 {7078} | split=1 {8192} + 1 {8193}
[TEST] {7080} tested=1/1 | kept=0 | rest=1220
[TEST] {7081} tested=1/1 | kept=0 | rest=1219
[TEST] {7083} tested=1/1 | kept=0 | rest=1218
[WARN] batch start failed | size=2 {4346} | split=1 {8194} + 1 {8195}
[TEST] {7084} tested=1/1 | kept=0 | rest=1217
[TEST] {7085} tested=1/1 | kept=0 | rest=1216
[WARN] batch start failed | size=2 {7087} | split=1 {8196} + 1 {8197}
[WARN] batch start failed | size=2 {7086} | split=1 {8198} + 1 {8199}
[TEST] {7088} tested=1/1 | kept=0 | rest=1215
[TEST] {7090} tested=1/1 | kept=0 | rest=1214
[TEST] {7091} tested=1/1 | kept=0 | rest=1213
[TEST] {7059} tested=1/1 | kept=0 | rest=1212
[TEST] {7093} tested=1/1 | kept=1 | rest=1211
[TEST] {7094} tested=1/1 | kept=0 | rest=1210
[TEST] {7095} tested=1/1 | kept=0 | rest=1209
[TEST] {7096} tested=1/1 | kept=0 | rest=1208
[TEST] {7097} tested=1/1 | kept=0 | rest=1207
[TEST] {7068} tested=1/1 | kept=0 | rest=1206
[TEST] {7069} tested=1/1 | kept=0 | rest=1205
[TEST] {7100} tested=1/1 | kept=1 | rest=1204
[TEST] {7099} tested=1/1 | kept=1 | rest=1203
[TEST] {7101} tested=1/1 | kept=1 | rest=1202
[TEST] {7102} tested=1/1 | kept=0 | rest=1201
[TEST] {7098} tested=1/1 | kept=1 | rest=1200
[TEST] {7079} tested=1/1 | kept=0 | rest=1199
[TEST] {7089} tested=1/1 | kept=0 | rest=1198
[TEST] {7107} tested=1/1 | kept=0 | rest=1197
[TEST] {7092} tested=1/1 | kept=0 | rest=1196
[TEST] {7108} tested=1/1 | kept=0 | rest=1195
[TEST] {7109} tested=1/1 | kept=0 | rest=1194
[TEST] {7110} tested=1/1 | kept=0 | rest=1193
[TEST] {7105} tested=1/1 | kept=1 | rest=1192
[TEST] {7111} tested=1/1 | kept=1 | rest=1191
[TEST] {7114} tested=1/1 | kept=1 | rest=1190
[TEST] {7115} tested=1/1 | kept=1 | rest=1189
[TEST] {7116} tested=1/1 | kept=0 | rest=1188
[TEST] {7117} tested=1/1 | kept=0 | rest=1187
[TEST] {7118} tested=1/1 | kept=0 | rest=1186
[TEST] {7119} tested=1/1 | kept=0 | rest=1185
[TEST] {7112} tested=1/1 | kept=1 | rest=1184
[TEST] {7121} tested=1/1 | kept=0 | rest=1183
[TEST] {7120} tested=1/1 | kept=1 | rest=1182
[TEST] {7103} tested=1/1 | kept=0 | rest=1181
[TEST] {7104} tested=1/1 | kept=0 | rest=1180
[TEST] {7123} tested=1/1 | kept=1 | rest=1179
[TEST] {7122} tested=1/1 | kept=1 | rest=1178
[TEST] {7124} tested=1/1 | kept=0 | rest=1177
[WARN] batch start failed | size=2 {7126} | split=1 {8200} + 1 {8201}
[WARN] batch start failed | size=2 {7127} | split=1 {8202} + 1 {8203}
[WARN] batch start failed | size=2 {7128} | split=1 {8204} + 1 {8205}
[TEST] {7106} tested=1/1 | kept=0 | rest=1176
[WARN] batch start failed | size=2 {7129} | split=1 {8206} + 1 {8207}
[WARN] batch start failed | size=2 {7130} | split=1 {8208} + 1 {8209}
[WARN] batch start failed | size=2 {7131} | split=1 {8210} + 1 {8211}
[TEST] {7125} tested=1/1 | kept=1 | rest=1175
[WARN] batch start failed | size=2 {7132} | split=1 {8212} + 1 {8213}
[TEST] {7137} tested=1/1 | kept=1 | rest=1174
[TEST] {7136} tested=1/1 | kept=0 | rest=1173
[TEST] {7135} tested=1/1 | kept=1 | rest=1172
[TEST] {7133} tested=1/1 | kept=1 | rest=1171
[WARN] batch start failed | size=2 {4383} | split=1 {8214} + 1 {8215}
[TEST] {7139} tested=1/1 | kept=1 | rest=1170
[TEST] {7141} tested=1/1 | kept=1 | rest=1169
[TEST] {7142} tested=1/1 | kept=1 | rest=1168
[TEST] {7138} tested=1/1 | kept=1 | rest=1167
[TEST] {7113} tested=1/1 | kept=1 | rest=1166
[TEST] {7144} tested=1/1 | kept=1 | rest=1165
[TEST] {7145} tested=1/1 | kept=1 | rest=1164
[TEST] {7146} tested=1/1 | kept=1 | rest=1163
[TEST] {7147} tested=1/1 | kept=1 | rest=1162
[TEST] {7149} tested=1/1 | kept=1 | rest=1161
[TEST] {7151} tested=1/1 | kept=1 | rest=1160
[TEST] {7152} tested=1/1 | kept=0 | rest=1159
[TEST] {7134} tested=1/1 | kept=0 | rest=1158
[TEST] {7155} tested=1/1 | kept=1 | rest=1157
[TEST] {7156} tested=1/1 | kept=0 | rest=1156
[TEST] {7143} tested=1/1 | kept=0 | rest=1155
[TEST] {7148} tested=1/1 | kept=0 | rest=1154
[TEST] {7150} tested=1/1 | kept=0 | rest=1153
[TEST] {7159} tested=1/1 | kept=1 | rest=1152
[TEST] {7153} tested=1/1 | kept=0 | rest=1151
[TEST] {7161} tested=1/1 | kept=1 | rest=1150
[TEST] {7154} tested=1/1 | kept=0 | rest=1149
[TEST] {7162} tested=1/1 | kept=1 | rest=1148
[TEST] {7158} tested=1/1 | kept=0 | rest=1147
[TEST] {7166} tested=1/1 | kept=0 | rest=1146
[TEST] {7157} tested=1/1 | kept=0 | rest=1145
[TEST] {7167} tested=1/1 | kept=1 | rest=1144
[TEST] {7160} tested=1/1 | kept=0 | rest=1143
[TEST] {7164} tested=1/1 | kept=0 | rest=1142
[TEST] {7163} tested=1/1 | kept=0 | rest=1141
[TEST] {7165} tested=1/1 | kept=0 | rest=1140
[TEST] {7172} tested=1/1 | kept=1 | rest=1139
[TEST] {7175} tested=1/1 | kept=1 | rest=1138
[TEST] {7174} tested=1/1 | kept=1 | rest=1137
[TEST] {7168} tested=1/1 | kept=0 | rest=1136
[TEST] {7173} tested=1/1 | kept=1 | rest=1135
[TEST] {7169} tested=1/1 | kept=0 | rest=1134
[TEST] {7177} tested=1/1 | kept=1 | rest=1133
[TEST] {7178} tested=1/1 | kept=1 | rest=1132
[TEST] {7170} tested=1/1 | kept=0 | rest=1131
[TEST] {7179} tested=1/1 | kept=1 | rest=1130
[TEST] {7180} tested=1/1 | kept=1 | rest=1129
[TEST] {7181} tested=1/1 | kept=1 | rest=1128
[TEST] {7182} tested=1/1 | kept=1 | rest=1127
[TEST] {7171} tested=1/1 | kept=0 | rest=1126
[TEST] {7185} tested=1/1 | kept=1 | rest=1125
[TEST] {7188} tested=1/1 | kept=0 | rest=1124
[TEST] {7176} tested=1/1 | kept=0 | rest=1123
[TEST] {7190} tested=1/1 | kept=1 | rest=1122
[TEST] {7183} tested=1/1 | kept=0 | rest=1121
[TEST] {7184} tested=1/1 | kept=0 | rest=1120
[TEST] {7186} tested=1/1 | kept=0 | rest=1119
[TEST] {7187} tested=1/1 | kept=0 | rest=1118
[WARN] batch start failed | size=2 {7195} | split=1 {8216} + 1 {8217}
[WARN] batch start failed | size=2 {7194} | split=1 {8218} + 1 {8219}
[TEST] {7193} tested=1/1 | kept=0 | rest=1117
[TEST] {7197} tested=1/1 | kept=1 | rest=1116
[TEST] {7198} tested=1/1 | kept=0 | rest=1115
[TEST] {7189} tested=1/1 | kept=0 | rest=1114
[TEST] {7200} tested=1/1 | kept=0 | rest=1113
[TEST] {7201} tested=1/1 | kept=0 | rest=1112
[TEST] {7203} tested=1/1 | kept=0 | rest=1111
[TEST] {7202} tested=1/1 | kept=1 | rest=1110
[TEST] {7205} tested=1/1 | kept=0 | rest=1109
[WARN] batch start failed | size=2 {4428} | split=1 {8220} + 1 {8221}
[WARN] batch start failed | size=2 {7207} | split=1 {8222} + 1 {8223}
[TEST] {7191} tested=1/1 | kept=0 | rest=1108
[TEST] {7209} tested=1/1 | kept=1 | rest=1107
[TEST] {7208} tested=1/1 | kept=1 | rest=1106
[TEST] {7192} tested=1/1 | kept=0 | rest=1105
[TEST] {7212} tested=1/1 | kept=0 | rest=1104
[TEST] {7196} tested=1/1 | kept=0 | rest=1103
[TEST] {7199} tested=1/1 | kept=0 | rest=1102
[TEST] {7215} tested=1/1 | kept=0 | rest=1101
[TEST] {7216} tested=1/1 | kept=1 | rest=1100
[TEST] {7204} tested=1/1 | kept=0 | rest=1099
[TEST] {7217} tested=1/1 | kept=0 | rest=1098
[WARN] batch start failed | size=2 {7218} | split=1 {8224} + 1 {8225}
[TEST] {7210} tested=1/1 | kept=0 | rest=1097
[TEST] {7211} tested=1/1 | kept=0 | rest=1096
[TEST] {7222} tested=1/1 | kept=1 | rest=1095
[TEST] {7223} tested=1/1 | kept=1 | rest=1094
[TEST] {7224} tested=1/1 | kept=1 | rest=1093
[TEST] {7225} tested=1/1 | kept=1 | rest=1092
[TEST] {7226} tested=1/1 | kept=1 | rest=1091
[TEST] {7213} tested=1/1 | kept=0 | rest=1090
[TEST] {7227} tested=1/1 | kept=1 | rest=1089
[WARN] batch start failed | size=2 {7228} | split=1 {8226} + 1 {8227}
[WARN] batch start failed | size=2 {7229} | split=1 {8228} + 1 {8229}
[TEST] {7214} tested=1/1 | kept=0 | rest=1088
[TEST] {7230} tested=1/1 | kept=1 | rest=1087
[TEST] {7231} tested=1/1 | kept=1 | rest=1086
[WARN] batch start failed | size=2 {7234} | split=1 {8230} + 1 {8231}
[TEST] {7233} tested=1/1 | kept=1 | rest=1085
[TEST] {7232} tested=1/1 | kept=1 | rest=1084
[TEST] {7235} tested=1/1 | kept=1 | rest=1083
[TEST] {7236} tested=1/1 | kept=1 | rest=1082
[TEST] {7219} tested=1/1 | kept=0 | rest=1081
[TEST] {7220} tested=1/1 | kept=0 | rest=1080
[TEST] {7240} tested=1/1 | kept=1 | rest=1079
[TEST] {7241} tested=1/1 | kept=1 | rest=1078
[TEST] {7242} tested=1/1 | kept=1 | rest=1077
[TEST] {7244} tested=1/1 | kept=1 | rest=1076
[TEST] {7221} tested=1/1 | kept=0 | rest=1075
[TEST] {7238} tested=1/1 | kept=1 | rest=1074
[TEST] {7245} tested=1/1 | kept=1 | rest=1073
[TEST] {7247} tested=1/1 | kept=1 | rest=1072
[WARN] batch start failed | size=2 {7249} | split=1 {8232} + 1 {8233}
[WARN] batch start failed | size=2 {7248} | split=1 {8234} + 1 {8235}
[TEST] {7246} tested=1/1 | kept=1 | rest=1071
[TEST] {7251} tested=1/1 | kept=1 | rest=1070
[TEST] {7250} tested=1/1 | kept=1 | rest=1069
[TEST] {7252} tested=1/1 | kept=1 | rest=1068
[TEST] {7255} tested=1/1 | kept=0 | rest=1067
[TEST] {7253} tested=1/1 | kept=1 | rest=1066
[TEST] {7254} tested=1/1 | kept=0 | rest=1065
[TEST] {7257} tested=1/1 | kept=1 | rest=1064
[TEST] {7259} tested=1/1 | kept=0 | rest=1063
[TEST] {7256} tested=1/1 | kept=0 | rest=1062
[TEST] {7258} tested=1/1 | kept=0 | rest=1061
[TEST] {7260} tested=1/1 | kept=0 | rest=1060
[TEST] {7261} tested=1/1 | kept=1 | rest=1059
[TEST] {7263} tested=1/1 | kept=1 | rest=1058
[TEST] {7237} tested=1/1 | kept=0 | rest=1057
[TEST] {7264} tested=1/1 | kept=0 | rest=1056
[TEST] {7267} tested=1/1 | kept=0 | rest=1055
[TEST] {7265} tested=1/1 | kept=0 | rest=1054
[TEST] {7266} tested=1/1 | kept=0 | rest=1053
[TEST] {7239} tested=1/1 | kept=0 | rest=1052
[TEST] {7270} tested=1/1 | kept=0 | rest=1051
[TEST] {7269} tested=1/1 | kept=0 | rest=1050
[TEST] {7272} tested=1/1 | kept=0 | rest=1049
[TEST] {7243} tested=1/1 | kept=0 | rest=1048
[TEST] {7275} tested=1/1 | kept=0 | rest=1047
[TEST] {7276} tested=1/1 | kept=0 | rest=1046
[TEST] {7262} tested=1/1 | kept=0 | rest=1045
[TEST] {7278} tested=1/1 | kept=0 | rest=1044
[TEST] {7268} tested=1/1 | kept=0 | rest=1043
[TEST] {7271} tested=1/1 | kept=0 | rest=1042
[TEST] {7281} tested=1/1 | kept=0 | rest=1041
[TEST] {7274} tested=1/1 | kept=0 | rest=1040
[TEST] {7273} tested=1/1 | kept=0 | rest=1039
[TEST] {7277} tested=1/1 | kept=0 | rest=1038
[TEST] {7279} tested=1/1 | kept=0 | rest=1037
[TEST] {7286} tested=1/1 | kept=1 | rest=1036
[TEST] {7280} tested=1/1 | kept=0 | rest=1035
[TEST] {7282} tested=1/1 | kept=0 | rest=1034
[TEST] {7283} tested=1/1 | kept=0 | rest=1033
[TEST] {7284} tested=1/1 | kept=0 | rest=1032
[TEST] {7285} tested=1/1 | kept=0 | rest=1031
[TEST] {7292} tested=1/1 | kept=0 | rest=1030
[TEST] {7287} tested=1/1 | kept=0 | rest=1029
[TEST] {7288} tested=1/1 | kept=0 | rest=1028
[TEST] {7295} tested=1/1 | kept=0 | rest=1027
[TEST] {7289} tested=1/1 | kept=0 | rest=1026
[TEST] {7290} tested=1/1 | kept=0 | rest=1025
[TEST] {7291} tested=1/1 | kept=0 | rest=1024
[TEST] {7299} tested=1/1 | kept=0 | rest=1023
[TEST] {7293} tested=1/1 | kept=0 | rest=1022
[TEST] {7294} tested=1/1 | kept=0 | rest=1021
[TEST] {7302} tested=1/1 | kept=1 | rest=1020
[TEST] {7303} tested=1/1 | kept=1 | rest=1019
[TEST] {7304} tested=1/1 | kept=1 | rest=1018
[TEST] {7296} tested=1/1 | kept=0 | rest=1017
[TEST] {7297} tested=1/1 | kept=0 | rest=1016
[TEST] {7305} tested=1/1 | kept=1 | rest=1015
[TEST] {7298} tested=1/1 | kept=0 | rest=1014
[TEST] {7307} tested=1/1 | kept=1 | rest=1013
[TEST] {7300} tested=1/1 | kept=0 | rest=1012
[TEST] {7310} tested=1/1 | kept=1 | rest=1011
[TEST] {7311} tested=1/1 | kept=1 | rest=1010
[TEST] {7309} tested=1/1 | kept=1 | rest=1009
[TEST] {7312} tested=1/1 | kept=0 | rest=1008
[TEST] {7313} tested=1/1 | kept=0 | rest=1007
[TEST] {7306} tested=1/1 | kept=1 | rest=1006
[TEST] {7315} tested=1/1 | kept=0 | rest=1005
[TEST] {7314} tested=1/1 | kept=0 | rest=1004
[TEST] {7301} tested=1/1 | kept=0 | rest=1003
[TEST] {7317} tested=1/1 | kept=1 | rest=1002
[TEST] {7316} tested=1/1 | kept=1 | rest=1001
[TEST] {7318} tested=1/1 | kept=1 | rest=1000
[TEST] {7320} tested=1/1 | kept=0 | rest=999
[TEST] {7319} tested=1/1 | kept=0 | rest=998
[TEST] {7308} tested=1/1 | kept=1 | rest=997
[TEST] {7321} tested=1/1 | kept=0 | rest=996
[TEST] {7322} tested=1/1 | kept=0 | rest=995
[TEST] {7323} tested=1/1 | kept=0 | rest=994
[TEST] {7324} tested=1/1 | kept=0 | rest=993
[TEST] {7325} tested=1/1 | kept=0 | rest=992
[TEST] {7327} tested=1/1 | kept=1 | rest=991
[TEST] {7332} tested=1/1 | kept=1 | rest=990
[TEST] {7329} tested=1/1 | kept=1 | rest=989
[TEST] {7335} tested=1/1 | kept=1 | rest=988
[TEST] {7326} tested=1/1 | kept=0 | rest=987
[TEST] {7328} tested=1/1 | kept=0 | rest=986
[TEST] {7330} tested=1/1 | kept=0 | rest=985
[TEST] {7331} tested=1/1 | kept=0 | rest=984
[TEST] {7333} tested=1/1 | kept=0 | rest=983
[TEST] {7338} tested=1/1 | kept=1 | rest=982
[WARN] batch start failed | size=2 {7340} | split=1 {8236} + 1 {8237}
[TEST] {7339} tested=1/1 | kept=1 | rest=981
[TEST] {7342} tested=1/1 | kept=1 | rest=980
[TEST] {7334} tested=1/1 | kept=0 | rest=979
[TEST] {7344} tested=1/1 | kept=1 | rest=978
[TEST] {7345} tested=1/1 | kept=1 | rest=977
[TEST] {7346} tested=1/1 | kept=1 | rest=976
[TEST] {7336} tested=1/1 | kept=0 | rest=975
[TEST] {7349} tested=1/1 | kept=0 | rest=974
[TEST] {7350} tested=1/1 | kept=1 | rest=973
[TEST] {7351} tested=1/1 | kept=1 | rest=972
[TEST] {7352} tested=1/1 | kept=0 | rest=971
[TEST] {7353} tested=1/1 | kept=1 | rest=970
[TEST] {7337} tested=1/1 | kept=0 | rest=969
[TEST] {7341} tested=1/1 | kept=0 | rest=968
[TEST] {7343} tested=1/1 | kept=0 | rest=967
[TEST] {7356} tested=1/1 | kept=1 | rest=966
[TEST] {7358} tested=1/1 | kept=1 | rest=965
[TEST] {7347} tested=1/1 | kept=0 | rest=964
[TEST] {7359} tested=1/1 | kept=0 | rest=963
[TEST] {7361} tested=1/1 | kept=0 | rest=962
[TEST] {7348} tested=1/1 | kept=1 | rest=961
[WARN] batch start failed | size=2 {7362} | split=1 {8238} + 1 {8239}
[WARN] batch start failed | size=2 {7363} | split=1 {8240} + 1 {8241}
[TEST] {7354} tested=1/1 | kept=0 | rest=960
[TEST] {7366} tested=1/1 | kept=0 | rest=959
[TEST] {7367} tested=1/1 | kept=0 | rest=958
[TEST] {7355} tested=1/1 | kept=0 | rest=957
[TEST] {7365} tested=1/1 | kept=0 | rest=956
[TEST] {7357} tested=1/1 | kept=0 | rest=955
[TEST] {7369} tested=1/1 | kept=1 | rest=954
[TEST] {7370} tested=1/1 | kept=0 | rest=953
[TEST] {7368} tested=1/1 | kept=0 | rest=952
[TEST] {7372} tested=1/1 | kept=0 | rest=951
[TEST] {7374} tested=1/1 | kept=1 | rest=950
[TEST] {7371} tested=1/1 | kept=0 | rest=949
[TEST] {7373} tested=1/1 | kept=0 | rest=948
[TEST] {7377} tested=1/1 | kept=1 | rest=947
[TEST] {7378} tested=1/1 | kept=0 | rest=946
[TEST] {7375} tested=1/1 | kept=1 | rest=945
[TEST] {7360} tested=1/1 | kept=0 | rest=944
[TEST] {7379} tested=1/1 | kept=1 | rest=943
[WARN] batch start failed | size=2 {7383} | split=1 {8242} + 1 {8243}
[TEST] {7380} tested=1/1 | kept=0 | rest=942
[TEST] {7364} tested=1/1 | kept=0 | rest=941
[WARN] batch start failed | size=2 {7382} | split=1 {8244} + 1 {8245}
[TEST] {7384} tested=1/1 | kept=1 | rest=940
[TEST] {7381} tested=1/1 | kept=1 | rest=939
[TEST] {7385} tested=1/1 | kept=1 | rest=938
[TEST] {7387} tested=1/1 | kept=0 | rest=937
[TEST] {7386} tested=1/1 | kept=0 | rest=936
[TEST] {7388} tested=1/1 | kept=1 | rest=935
[TEST] {7392} tested=1/1 | kept=0 | rest=934
[TEST] {7393} tested=1/1 | kept=0 | rest=933
[TEST] {7394} tested=1/1 | kept=0 | rest=932
[TEST] {7396} tested=1/1 | kept=0 | rest=931
[TEST] {7390} tested=1/1 | kept=1 | rest=930
[TEST] {7397} tested=1/1 | kept=0 | rest=929
[TEST] {7399} tested=1/1 | kept=0 | rest=928
[TEST] {7400} tested=1/1 | kept=1 | rest=927
[TEST] {7389} tested=1/1 | kept=1 | rest=926
[TEST] {7402} tested=1/1 | kept=1 | rest=925
[TEST] {7401} tested=1/1 | kept=0 | rest=924
[TEST] {7404} tested=1/1 | kept=0 | rest=923
[TEST] {7376} tested=1/1 | kept=0 | rest=922
[TEST] {7405} tested=1/1 | kept=1 | rest=921
[TEST] {7406} tested=1/1 | kept=1 | rest=920
[TEST] {7391} tested=1/1 | kept=0 | rest=919
[TEST] {7408} tested=1/1 | kept=1 | rest=918
[TEST] {7395} tested=1/1 | kept=0 | rest=917
[TEST] {7411} tested=1/1 | kept=1 | rest=916
[TEST] {7398} tested=1/1 | kept=0 | rest=915
[TEST] {7412} tested=1/1 | kept=0 | rest=914
[TEST] {7413} tested=1/1 | kept=1 | rest=913
[TEST] {7414} tested=1/1 | kept=1 | rest=912
[TEST] {7415} tested=1/1 | kept=1 | rest=911
[TEST] {7416} tested=1/1 | kept=1 | rest=910
[TEST] {7418} tested=1/1 | kept=0 | rest=909
[TEST] {7403} tested=1/1 | kept=0 | rest=908
[TEST] {7420} tested=1/1 | kept=0 | rest=907
[TEST] {7419} tested=1/1 | kept=1 | rest=906
[TEST] {7422} tested=1/1 | kept=0 | rest=905
[TEST] {7407} tested=1/1 | kept=0 | rest=904
[TEST] {7424} tested=1/1 | kept=1 | rest=903
[TEST] {7409} tested=1/1 | kept=0 | rest=902
[TEST] {7410} tested=1/1 | kept=0 | rest=901
[TEST] {7417} tested=1/1 | kept=0 | rest=900
[TEST] {7428} tested=1/1 | kept=0 | rest=899
[TEST] {7421} tested=1/1 | kept=0 | rest=898
[TEST] {7423} tested=1/1 | kept=0 | rest=897
[TEST] {7431} tested=1/1 | kept=1 | rest=896
[TEST] {7432} tested=1/1 | kept=1 | rest=895
[TEST] {7425} tested=1/1 | kept=0 | rest=894
[TEST] {7433} tested=1/1 | kept=1 | rest=893
[TEST] {7426} tested=1/1 | kept=0 | rest=892
[TEST] {7427} tested=1/1 | kept=0 | rest=891
[TEST] {7429} tested=1/1 | kept=0 | rest=890
[TEST] {7430} tested=1/1 | kept=0 | rest=889
[TEST] {7434} tested=1/1 | kept=0 | rest=888
[TEST] {7435} tested=1/1 | kept=0 | rest=887
[TEST] {7436} tested=1/1 | kept=0 | rest=886
[TEST] {7437} tested=1/1 | kept=0 | rest=885
[TEST] {7438} tested=1/1 | kept=0 | rest=884
[TEST] {7439} tested=1/1 | kept=0 | rest=883
[TEST] {7440} tested=1/1 | kept=0 | rest=882
[TEST] {7441} tested=1/1 | kept=0 | rest=881
[TEST] {7442} tested=1/1 | kept=0 | rest=880
[TEST] {7443} tested=1/1 | kept=0 | rest=879
[TEST] {7448} tested=1/1 | kept=0 | rest=878
[TEST] {7445} tested=1/1 | kept=0 | rest=877
[TEST] {7450} tested=1/1 | kept=0 | rest=876
[TEST] {7444} tested=1/1 | kept=0 | rest=875
[TEST] {7452} tested=1/1 | kept=0 | rest=874
[TEST] {7454} tested=1/1 | kept=1 | rest=873
[TEST] {7455} tested=1/1 | kept=0 | rest=872
[TEST] {7446} tested=1/1 | kept=0 | rest=871
[TEST] {7447} tested=1/1 | kept=0 | rest=870
[TEST] {7457} tested=1/1 | kept=0 | rest=869
[TEST] {7449} tested=1/1 | kept=0 | rest=868
[TEST] {7451} tested=1/1 | kept=0 | rest=867
[TEST] {7460} tested=1/1 | kept=0 | rest=866
[TEST] {7453} tested=1/1 | kept=0 | rest=865
[TEST] {7456} tested=1/1 | kept=0 | rest=864
[TEST] {7463} tested=1/1 | kept=0 | rest=863
[TEST] {7465} tested=1/1 | kept=0 | rest=862
[TEST] {7464} tested=1/1 | kept=0 | rest=861
[TEST] {7466} tested=1/1 | kept=0 | rest=860
[TEST] {7467} tested=1/1 | kept=0 | rest=859
[TEST] {7468} tested=1/1 | kept=0 | rest=858
[TEST] {7469} tested=1/1 | kept=0 | rest=857
[TEST] {7470} tested=1/1 | kept=1 | rest=856
[TEST] {7458} tested=1/1 | kept=0 | rest=855
[TEST] {7459} tested=1/1 | kept=0 | rest=854
[TEST] {7471} tested=1/1 | kept=1 | rest=853
[TEST] {7472} tested=1/1 | kept=1 | rest=852
[TEST] {7473} tested=1/1 | kept=1 | rest=851
[TEST] {7461} tested=1/1 | kept=0 | rest=850
[TEST] {7475} tested=1/1 | kept=0 | rest=849
[TEST] {7462} tested=1/1 | kept=0 | rest=848
[TEST] {7476} tested=1/1 | kept=0 | rest=847
[TEST] {7477} tested=1/1 | kept=0 | rest=846
[TEST] {7479} tested=1/1 | kept=0 | rest=845
[TEST] {7474} tested=1/1 | kept=1 | rest=844
[TEST] {7478} tested=1/1 | kept=1 | rest=843
[TEST] {7480} tested=1/1 | kept=1 | rest=842
[TEST] {7487} tested=1/1 | kept=1 | rest=841
[TEST] {7483} tested=1/1 | kept=0 | rest=840
[TEST] {7488} tested=1/1 | kept=0 | rest=839
[TEST] {7489} tested=1/1 | kept=1 | rest=838
[TEST] {7485} tested=1/1 | kept=0 | rest=837
[TEST] {7481} tested=1/1 | kept=0 | rest=836
[TEST] {7482} tested=1/1 | kept=0 | rest=835
[TEST] {7484} tested=1/1 | kept=0 | rest=834
[TEST] {7494} tested=1/1 | kept=1 | rest=833
[TEST] {7493} tested=1/1 | kept=1 | rest=832
[TEST] {7492} tested=1/1 | kept=0 | rest=831
[TEST] {7486} tested=1/1 | kept=0 | rest=830
[TEST] {7495} tested=1/1 | kept=1 | rest=829
[TEST] {7497} tested=1/1 | kept=1 | rest=828
[TEST] {7498} tested=1/1 | kept=0 | rest=827
[TEST] {7499} tested=1/1 | kept=1 | rest=826
[TEST] {7500} tested=1/1 | kept=0 | rest=825
[TEST] {7496} tested=1/1 | kept=0 | rest=824
[TEST] {7502} tested=1/1 | kept=0 | rest=823
[TEST] {7490} tested=1/1 | kept=0 | rest=822
[TEST] {7491} tested=1/1 | kept=0 | rest=821
[TEST] {7501} tested=1/1 | kept=0 | rest=820
[TEST] {7503} tested=1/1 | kept=0 | rest=819
[TEST] {7504} tested=1/1 | kept=0 | rest=818
[TEST] {7509} tested=1/1 | kept=0 | rest=817
[TEST] {7508} tested=1/1 | kept=0 | rest=816
[TEST] {7505} tested=1/1 | kept=0 | rest=815
[TEST] {7510} tested=1/1 | kept=0 | rest=814
[WARN] batch start failed | size=2 {5248} | split=1 {8246} + 1 {8247}
[TEST] {7511} tested=1/1 | kept=0 | rest=813
[TEST] {7513} tested=1/1 | kept=0 | rest=812
[TEST] {7506} tested=1/1 | kept=0 | rest=811
[TEST] {7515} tested=1/1 | kept=0 | rest=810
[TEST] {7517} tested=1/1 | kept=0 | rest=809
[TEST] {7518} tested=1/1 | kept=0 | rest=808
[TEST] {7520} tested=1/1 | kept=0 | rest=807
[TEST] {7522} tested=1/1 | kept=1 | rest=806
[TEST] {7507} tested=1/1 | kept=0 | rest=805
[TEST] {7524} tested=1/1 | kept=1 | rest=804
[TEST] {7525} tested=1/1 | kept=0 | rest=803
[TEST] {7526} tested=1/1 | kept=0 | rest=802
[TEST] {7527} tested=1/1 | kept=0 | rest=801
[TEST] {7528} tested=1/1 | kept=0 | rest=800
[TEST] {7514} tested=1/1 | kept=0 | rest=799
[TEST] {7516} tested=1/1 | kept=0 | rest=798
[TEST] {7531} tested=1/1 | kept=0 | rest=797
[TEST] {7530} tested=1/1 | kept=0 | rest=796
[TEST] {7533} tested=1/1 | kept=0 | rest=795
[TEST] {7532} tested=1/1 | kept=0 | rest=794
[TEST] {7534} tested=1/1 | kept=0 | rest=793
[TEST] {7519} tested=1/1 | kept=0 | rest=792
[TEST] {7535} tested=1/1 | kept=0 | rest=791
[TEST] {7521} tested=1/1 | kept=0 | rest=790
[TEST] {7536} tested=1/1 | kept=0 | rest=789
[TEST] {7537} tested=1/1 | kept=0 | rest=788
[TEST] {7538} tested=1/1 | kept=0 | rest=787
[TEST] {7539} tested=1/1 | kept=0 | rest=786
[TEST] {7541} tested=1/1 | kept=0 | rest=785
[TEST] {7542} tested=1/1 | kept=0 | rest=784
[TEST] {7543} tested=1/1 | kept=0 | rest=783
[TEST] {7544} tested=1/1 | kept=0 | rest=782
[TEST] {7545} tested=1/1 | kept=0 | rest=781
[TEST] {7546} tested=1/1 | kept=1 | rest=780
[TEST] {7523} tested=1/1 | kept=0 | rest=779
[TEST] {7547} tested=1/1 | kept=0 | rest=778
[TEST] {7548} tested=1/1 | kept=0 | rest=777
[TEST] {7552} tested=1/1 | kept=0 | rest=776
[TEST] {7529} tested=1/1 | kept=0 | rest=775
[TEST] {7553} tested=1/1 | kept=0 | rest=774
[TEST] {7555} tested=1/1 | kept=0 | rest=773
[TEST] {7556} tested=1/1 | kept=0 | rest=772
[TEST] {7557} tested=1/1 | kept=0 | rest=771
[TEST] {7558} tested=1/1 | kept=0 | rest=770
[TEST] {7559} tested=1/1 | kept=0 | rest=769
[TEST] {7540} tested=1/1 | kept=0 | rest=768
[TEST] {7561} tested=1/1 | kept=0 | rest=767
[TEST] {7549} tested=1/1 | kept=0 | rest=766
[TEST] {7562} tested=1/1 | kept=0 | rest=765
[TEST] {7550} tested=1/1 | kept=0 | rest=764
[TEST] {7551} tested=1/1 | kept=0 | rest=763
[TEST] {7566} tested=1/1 | kept=1 | rest=762
[TEST] {7563} tested=1/1 | kept=0 | rest=761
[TEST] {7568} tested=1/1 | kept=0 | rest=760
[TEST] {7567} tested=1/1 | kept=0 | rest=759
[TEST] {7569} tested=1/1 | kept=0 | rest=758
[TEST] {7554} tested=1/1 | kept=0 | rest=757
[TEST] {7571} tested=1/1 | kept=0 | rest=756
[TEST] {7560} tested=1/1 | kept=0 | rest=755
[TEST] {7575} tested=1/1 | kept=0 | rest=754
[TEST] {7564} tested=1/1 | kept=0 | rest=753
[TEST] {7565} tested=1/1 | kept=0 | rest=752
[TEST] {7570} tested=1/1 | kept=0 | rest=751
[TEST] {7578} tested=1/1 | kept=0 | rest=750
[TEST] {7572} tested=1/1 | kept=0 | rest=749
[TEST] {7579} tested=1/1 | kept=0 | rest=748
[TEST] {7580} tested=1/1 | kept=0 | rest=747
[TEST] {7573} tested=1/1 | kept=0 | rest=746
[TEST] {7583} tested=1/1 | kept=0 | rest=745
[TEST] {7582} tested=1/1 | kept=0 | rest=744
[TEST] {7574} tested=1/1 | kept=0 | rest=743
[TEST] {7576} tested=1/1 | kept=0 | rest=742
[TEST] {7577} tested=1/1 | kept=0 | rest=741
[TEST] {7586} tested=1/1 | kept=0 | rest=740
[TEST] {7588} tested=1/1 | kept=0 | rest=739
[TEST] {7590} tested=1/1 | kept=0 | rest=738
[TEST] {7591} tested=1/1 | kept=0 | rest=737
[TEST] {7593} tested=1/1 | kept=0 | rest=736
[WARN] batch start failed | size=2 {7592} | split=1 {8248} + 1 {8249}
[TEST] {7594} tested=1/1 | kept=0 | rest=735
[TEST] {7581} tested=1/1 | kept=0 | rest=734
[TEST] {7595} tested=1/1 | kept=0 | rest=733
[TEST] {7596} tested=1/1 | kept=0 | rest=732
[TEST] {7597} tested=1/1 | kept=0 | rest=731
[TEST] {7598} tested=1/1 | kept=0 | rest=730
[TEST] {7599} tested=1/1 | kept=0 | rest=729
[TEST] {7601} tested=1/1 | kept=0 | rest=728
[TEST] {7600} tested=1/1 | kept=0 | rest=727
[TEST] {7584} tested=1/1 | kept=0 | rest=726
[TEST] {7585} tested=1/1 | kept=0 | rest=725
[TEST] {7603} tested=1/1 | kept=0 | rest=724
[TEST] {7604} tested=1/1 | kept=0 | rest=723
[TEST] {7606} tested=1/1 | kept=0 | rest=722
[TEST] {7607} tested=1/1 | kept=0 | rest=721
[TEST] {7609} tested=1/1 | kept=0 | rest=720
[TEST] {7587} tested=1/1 | kept=0 | rest=719
[TEST] {7589} tested=1/1 | kept=0 | rest=718
[TEST] {7610} tested=1/1 | kept=0 | rest=717
[TEST] {7611} tested=1/1 | kept=0 | rest=716
[TEST] {7613} tested=1/1 | kept=0 | rest=715
[TEST] {7612} tested=1/1 | kept=1 | rest=714
[TEST] {7615} tested=1/1 | kept=0 | rest=713
[TEST] {7616} tested=1/1 | kept=0 | rest=712
[TEST] {7617} tested=1/1 | kept=0 | rest=711
[TEST] {7619} tested=1/1 | kept=0 | rest=710
[WARN] batch start failed | size=2 {7620} | split=1 {8250} + 1 {8251}
[TEST] {7602} tested=1/1 | kept=0 | rest=708
[WARN] batch start failed | size=2 {7622} | split=1 {8252} + 1 {8253}
[WARN] batch start failed | size=2 {7623} | split=1 {8254} + 1 {8255}
[TEST] {7605} tested=1/1 | kept=0 | rest=707
[TEST] {7625} tested=1/1 | kept=0 | rest=706
[TEST] {7624} tested=1/1 | kept=1 | rest=705
[TEST] {7626} tested=1/1 | kept=0 | rest=704
[TEST] {7627} tested=1/1 | kept=0 | rest=703
[TEST] {7608} tested=1/1 | kept=0 | rest=702
[TEST] {7628} tested=1/1 | kept=0 | rest=701
[TEST] {7629} tested=1/1 | kept=0 | rest=700
[TEST] {7630} tested=1/1 | kept=0 | rest=699
[TEST] {7631} tested=1/1 | kept=0 | rest=698
[TEST] {7633} tested=1/1 | kept=0 | rest=697
[TEST] {7635} tested=1/1 | kept=0 | rest=696
[TEST] {7636} tested=1/1 | kept=0 | rest=695
[TEST] {7634} tested=1/1 | kept=0 | rest=694
[TEST] {7637} tested=1/1 | kept=0 | rest=693
[TEST] {7638} tested=1/1 | kept=0 | rest=692
[TEST] {7639} tested=1/1 | kept=0 | rest=691
[TEST] {7640} tested=1/1 | kept=0 | rest=690
[TEST] {7641} tested=1/1 | kept=0 | rest=689
[TEST] {7614} tested=1/1 | kept=0 | rest=688
[TEST] {7642} tested=1/1 | kept=0 | rest=687
[TEST] {7645} tested=1/1 | kept=0 | rest=686
[TEST] {7644} tested=1/1 | kept=0 | rest=685
[TEST] {7643} tested=1/1 | kept=0 | rest=684
[TEST] {7646} tested=1/1 | kept=0 | rest=683
[TEST] {7647} tested=1/1 | kept=0 | rest=682
[TEST] {7648} tested=1/1 | kept=0 | rest=681
[TEST] {7651} tested=1/1 | kept=0 | rest=680
[TEST] {7649} tested=1/1 | kept=0 | rest=679
[TEST] {7618} tested=1/1 | kept=0 | rest=678
[TEST] {7652} tested=1/1 | kept=0 | rest=677
[TEST] {7653} tested=1/1 | kept=0 | rest=676
[TEST] {7654} tested=1/1 | kept=0 | rest=675
[TEST] {7621} tested=2/2 | kept=0 | rest=674
[TEST] {7655} tested=1/1 | kept=0 | rest=673
[TEST] {7656} tested=1/1 | kept=0 | rest=672
[TEST] {7657} tested=1/1 | kept=0 | rest=671
[TEST] {7658} tested=1/1 | kept=0 | rest=670
[TEST] {7659} tested=1/1 | kept=0 | rest=669
[TEST] {7660} tested=1/1 | kept=0 | rest=668
[TEST] {7661} tested=1/1 | kept=0 | rest=667
[TEST] {7662} tested=1/1 | kept=0 | rest=666
[TEST] {7664} tested=1/1 | kept=0 | rest=665
[TEST] {7666} tested=1/1 | kept=0 | rest=664
[TEST] {7669} tested=1/1 | kept=0 | rest=663
[TEST] {7667} tested=1/1 | kept=0 | rest=662
[TEST] {7668} tested=1/1 | kept=0 | rest=661
[TEST] {7632} tested=1/1 | kept=0 | rest=660
[TEST] {7663} tested=1/1 | kept=0 | rest=659
[TEST] {7665} tested=1/1 | kept=0 | rest=658
[TEST] {7673} tested=1/1 | kept=0 | rest=657
[TEST] {7671} tested=1/1 | kept=1 | rest=656
[WARN] batch start failed | size=2 {7676} | split=1 {8256} + 1 {8257}
[WARN] batch start failed | size=2 {7677} | split=1 {8258} + 1 {8259}
[WARN] batch start failed | size=2 {7679} | split=1 {8260} + 1 {8261}
[WARN] batch start failed | size=2 {7678} | split=1 {8262} + 1 {8263}
[WARN] batch start failed | size=2 {7680} | split=1 {8264} + 1 {8265}
[WARN] batch start failed | size=2 {7681} | split=1 {8266} + 1 {8267}
[TEST] {7650} tested=1/1 | kept=0 | rest=655
[WARN] batch start failed | size=2 {7682} | split=1 {8268} + 1 {8269}
[WARN] batch start failed | size=2 {7683} | split=1 {8270} + 1 {8271}
[WARN] batch start failed | size=2 {7684} | split=1 {8272} + 1 {8273}
[WARN] batch start failed | size=2 {7685} | split=1 {8274} + 1 {8275}
[WARN] batch start failed | size=2 {7686} | split=1 {8276} + 1 {8277}
[WARN] batch start failed | size=2 {7688} | split=1 {8278} + 1 {8279}
[WARN] batch start failed | size=2 {7689} | split=1 {8280} + 1 {8281}
[TEST] {7670} tested=1/1 | kept=0 | rest=653
[TEST] {7672} tested=1/1 | kept=0 | rest=652
[WARN] batch start failed | size=2 {7690} | split=1 {8282} + 1 {8283}
[WARN] batch start failed | size=2 {7692} | split=1 {8284} + 1 {8285}
[WARN] batch start failed | size=2 {7693} | split=1 {8286} + 1 {8287}
[TEST] {7674} tested=1/1 | kept=0 | rest=651
[WARN] batch start failed | size=2 {7694} | split=1 {8288} + 1 {8289}
[WARN] batch start failed | size=2 {7696} | split=1 {8290} + 1 {8291}
[TEST] {7675} tested=1/1 | kept=0 | rest=650
[WARN] batch start failed | size=2 {7697} | split=1 {8292} + 1 {8293}
[WARN] batch start failed | size=2 {7699} | split=1 {8294} + 1 {8295}
[WARN] batch start failed | size=2 {7698} | split=1 {8296} + 1 {8297}
[WARN] batch start failed | size=2 {7700} | split=1 {8298} + 1 {8299}
[WARN] batch start failed | size=2 {7701} | split=1 {8300} + 1 {8301}
[WARN] batch start failed | size=2 {7702} | split=1 {8302} + 1 {8303}
[WARN] batch start failed | size=2 {7704} | split=1 {8304} + 1 {8305}
[TEST] {7695} tested=1/1 | kept=0 | rest=649
[TEST] {7703} tested=1/1 | kept=0 | rest=648
[WARN] batch start failed | size=2 {7707} | split=1 {8306} + 1 {8307}
[WARN] batch start failed | size=2 {7706} | split=1 {8308} + 1 {8309}
[WARN] batch start failed | size=2 {7708} | split=1 {8310} + 1 {8311}
[WARN] batch start failed | size=2 {7709} | split=1 {8312} + 1 {8313}
[WARN] batch start failed | size=2 {7710} | split=1 {8314} + 1 {8315}
[TEST] {7712} tested=2/2 | kept=0 | rest=644
[TEST] {7713} tested=2/2 | kept=0 | rest=643
[WARN] batch start failed | size=2 {7714} | split=1 {8316} + 1 {8317}
[WARN] batch start failed | size=2 {7715} | split=1 {8318} + 1 {8319}
[WARN] batch start failed | size=2 {7716} | split=1 {8320} + 1 {8321}
[WARN] batch start failed | size=2 {7717} | split=1 {8322} + 1 {8323}
[TEST] {7687} tested=1/1 | kept=0 | rest=642
[WARN] batch start failed | size=2 {7718} | split=1 {8324} + 1 {8325}
[WARN] batch start failed | size=2 {7719} | split=1 {8326} + 1 {8327}
[TEST] {7720} tested=1/1 | kept=0 | rest=641
[TEST] {7691} tested=2/2 | kept=0 | rest=640
[TEST] {7721} tested=1/1 | kept=0 | rest=639
[TEST] {7722} tested=1/1 | kept=0 | rest=638
[TEST] {7724} tested=1/1 | kept=0 | rest=637
[TEST] {7723} tested=1/1 | kept=0 | rest=636
[WARN] batch start failed | size=2 {7726} | split=1 {8328} + 1 {8329}
[WARN] batch start failed | size=2 {7727} | split=1 {8330} + 1 {8331}
[WARN] batch start failed | size=2 {7728} | split=1 {8332} + 1 {8333}
[WARN] batch start failed | size=2 {7729} | split=1 {8334} + 1 {8335}
[WARN] batch start failed | size=2 {7730} | split=1 {8336} + 1 {8337}
[WARN] batch start failed | size=2 {7731} | split=1 {8338} + 1 {8339}
[WARN] batch start failed | size=2 {7732} | split=1 {8340} + 1 {8341}
[WARN] batch start failed | size=2 {7734} | split=1 {8342} + 1 {8343}
[WARN] batch start failed | size=2 {7735} | split=1 {8344} + 1 {8345}
[TEST] {7733} tested=1/1 | kept=0 | rest=635
[WARN] batch start failed | size=2 {7736} | split=1 {8346} + 1 {8347}
[WARN] batch start failed | size=2 {7737} | split=1 {8348} + 1 {8349}
[WARN] batch start failed | size=2 {7739} | split=1 {8350} + 1 {8351}
[WARN] batch start failed | size=2 {7740} | split=1 {8352} + 1 {8353}
[WARN] batch start failed | size=2 {7741} | split=1 {8354} + 1 {8355}
[TEST] {7705} tested=2/2 | kept=0 | rest=633
[TEST] {7742} tested=1/1 | kept=0 | rest=632
[TEST] {7711} tested=1/1 | kept=0 | rest=631
[TEST] {7744} tested=1/1 | kept=0 | rest=630
[TEST] {7745} tested=1/1 | kept=0 | rest=629
[TEST] {7746} tested=1/1 | kept=0 | rest=628
[TEST] {7747} tested=1/1 | kept=0 | rest=627
[TEST] {7748} tested=1/1 | kept=0 | rest=626
[TEST] {7750} tested=1/1 | kept=0 | rest=625
[TEST] {7725} tested=1/1 | kept=0 | rest=624
[TEST] {7751} tested=1/1 | kept=0 | rest=623
[TEST] {7752} tested=1/1 | kept=0 | rest=622
[TEST] {7753} tested=1/1 | kept=0 | rest=621
[TEST] {7754} tested=1/1 | kept=0 | rest=620
[TEST] {7755} tested=1/1 | kept=0 | rest=619
[TEST] {7756} tested=1/1 | kept=0 | rest=618
[TEST] {7759} tested=1/1 | kept=0 | rest=617
[TEST] {7758} tested=1/1 | kept=0 | rest=616
[TEST] {7738} tested=2/2 | kept=0 | rest=615
[TEST] {7761} tested=1/1 | kept=0 | rest=614
[TEST] {7762} tested=1/1 | kept=0 | rest=613
[TEST] {7743} tested=1/1 | kept=0 | rest=612
[TEST] {7760} tested=1/1 | kept=0 | rest=611
[TEST] {7763} tested=1/1 | kept=0 | rest=610
[TEST] {7765} tested=1/1 | kept=0 | rest=609
[TEST] {7764} tested=1/1 | kept=0 | rest=608
[TEST] {7767} tested=1/1 | kept=0 | rest=607
[TEST] {7766} tested=1/1 | kept=0 | rest=606
[TEST] {7769} tested=1/1 | kept=0 | rest=605
[TEST] {7768} tested=1/1 | kept=0 | rest=604
[TEST] {7749} tested=1/1 | kept=0 | rest=603
[TEST] {7757} tested=1/1 | kept=0 | rest=602
[TEST] {7770} tested=1/1 | kept=0 | rest=601
[TEST] {7775} tested=1/1 | kept=0 | rest=600
[TEST] {7771} tested=1/1 | kept=0 | rest=599
[TEST] {7776} tested=1/1 | kept=0 | rest=598
[TEST] {7772} tested=1/1 | kept=0 | rest=597
[TEST] {7778} tested=1/1 | kept=1 | rest=596
[TEST] {7780} tested=1/1 | kept=0 | rest=595
[TEST] {7782} tested=1/1 | kept=0 | rest=594
[TEST] {7781} tested=1/1 | kept=0 | rest=593
[TEST] {5918} tested=1/1 | kept=0 | rest=592
[TEST] {7784} tested=1/1 | kept=1 | rest=591
[WARN] batch start failed | size=2 {7786} | split=1 {8356} + 1 {8357}
[WARN] batch start failed | size=2 {7787} | split=1 {8358} + 1 {8359}
[WARN] batch start failed | size=2 {7788} | split=1 {8360} + 1 {8361}
[WARN] batch start failed | size=2 {7789} | split=1 {8362} + 1 {8363}
[TEST] {7773} tested=1/1 | kept=0 | rest=590
[TEST] {7790} tested=1/1 | kept=1 | rest=589
[TEST] {7774} tested=1/1 | kept=0 | rest=588
[TEST] {7792} tested=1/1 | kept=1 | rest=587
[TEST] {7794} tested=1/1 | kept=0 | rest=586
[TEST] {7795} tested=1/1 | kept=0 | rest=585
[TEST] {7796} tested=1/1 | kept=0 | rest=584
[TEST] {7797} tested=1/1 | kept=0 | rest=583
[TEST] {7777} tested=1/1 | kept=0 | rest=582
[TEST] {7799} tested=1/1 | kept=0 | rest=581
[TEST] {7798} tested=1/1 | kept=0 | rest=580
[TEST] {7800} tested=1/1 | kept=0 | rest=579
[TEST] {7801} tested=1/1 | kept=0 | rest=578
[TEST] {7802} tested=1/1 | kept=0 | rest=577
[TEST] {7779} tested=1/1 | kept=0 | rest=576
[TEST] {7783} tested=1/1 | kept=0 | rest=575
[TEST] {7791} tested=1/1 | kept=1 | rest=574
[TEST] {7803} tested=1/1 | kept=0 | rest=573
[TEST] {7808} tested=1/1 | kept=0 | rest=572
[TEST] {7805} tested=1/1 | kept=0 | rest=571
[TEST] {7809} tested=1/1 | kept=0 | rest=570
[TEST] {7807} tested=1/1 | kept=0 | rest=569
[TEST] {7810} tested=1/1 | kept=0 | rest=568
[TEST] {7812} tested=1/1 | kept=1 | rest=567
[TEST] {7793} tested=1/1 | kept=0 | rest=566
[TEST] {7814} tested=1/1 | kept=0 | rest=565
[TEST] {7813} tested=1/1 | kept=1 | rest=564
[TEST] {7811} tested=1/1 | kept=0 | rest=563
[TEST] {7815} tested=1/1 | kept=1 | rest=562
[TEST] {7818} tested=1/1 | kept=0 | rest=561
[TEST] {7819} tested=1/1 | kept=1 | rest=560
[TEST] {7821} tested=1/1 | kept=0 | rest=559
[TEST] {7816} tested=1/1 | kept=0 | rest=558
[TEST] {7822} tested=1/1 | kept=0 | rest=557
[TEST] {7823} tested=1/1 | kept=0 | rest=556
[TEST] {7817} tested=1/1 | kept=0 | rest=555
[TEST] {7825} tested=1/1 | kept=1 | rest=554
[TEST] {7826} tested=1/1 | kept=0 | rest=553
[TEST] {7827} tested=1/1 | kept=0 | rest=552
[TEST] {7829} tested=1/1 | kept=0 | rest=551
[TEST] {7804} tested=1/1 | kept=0 | rest=550
[TEST] {7831} tested=1/1 | kept=0 | rest=549
[TEST] {7806} tested=1/1 | kept=0 | rest=548
[TEST] {7830} tested=1/1 | kept=1 | rest=547
[TEST] {7833} tested=1/1 | kept=1 | rest=546
[TEST] {7835} tested=1/1 | kept=1 | rest=545
[TEST] {7834} tested=1/1 | kept=1 | rest=544
[TEST] {7836} tested=1/1 | kept=0 | rest=543
[TEST] {7837} tested=1/1 | kept=1 | rest=542
[TEST] {7838} tested=1/1 | kept=0 | rest=541
[TEST] {7820} tested=1/1 | kept=0 | rest=540
[TEST] {7839} tested=1/1 | kept=0 | rest=539
[TEST] {7840} tested=1/1 | kept=0 | rest=538
[TEST] {7842} tested=1/1 | kept=0 | rest=537
[TEST] {7843} tested=1/1 | kept=0 | rest=536
[TEST] {7844} tested=1/1 | kept=0 | rest=535
[TEST] {7841} tested=1/1 | kept=0 | rest=534
[TEST] {7824} tested=1/1 | kept=0 | rest=533
[TEST] {7846} tested=1/1 | kept=0 | rest=532
[TEST] {7847} tested=1/1 | kept=0 | rest=531
[TEST] {7850} tested=1/1 | kept=0 | rest=530
[TEST] {7849} tested=1/1 | kept=0 | rest=529
[TEST] {7851} tested=1/1 | kept=0 | rest=528
[TEST] {7828} tested=1/1 | kept=0 | rest=527
[TEST] {7852} tested=1/1 | kept=0 | rest=526
[TEST] {7832} tested=1/1 | kept=0 | rest=525
[TEST] {7845} tested=1/1 | kept=0 | rest=524
[TEST] {7848} tested=1/1 | kept=0 | rest=523
[TEST] {7859} tested=1/1 | kept=1 | rest=522
[TEST] {7853} tested=1/1 | kept=0 | rest=521
[TEST] {7861} tested=1/1 | kept=0 | rest=520
[TEST] {7854} tested=1/1 | kept=0 | rest=519
[TEST] {7855} tested=1/1 | kept=0 | rest=518
[TEST] {7863} tested=1/1 | kept=0 | rest=517
[TEST] {7862} tested=1/1 | kept=0 | rest=516
[TEST] {7856} tested=1/1 | kept=0 | rest=515
[TEST] {7866} tested=1/1 | kept=0 | rest=514
[TEST] {7865} tested=1/1 | kept=1 | rest=513
[TEST] {7867} tested=1/1 | kept=0 | rest=512
[TEST] {7868} tested=1/1 | kept=0 | rest=511
[TEST] {7869} tested=1/1 | kept=0 | rest=510
[TEST] {7870} tested=1/1 | kept=0 | rest=509
[TEST] {7871} tested=1/1 | kept=0 | rest=508
[TEST] {7872} tested=1/1 | kept=0 | rest=507
[TEST] {7873} tested=1/1 | kept=0 | rest=506
[TEST] {7875} tested=1/1 | kept=0 | rest=505
[TEST] {7874} tested=1/1 | kept=0 | rest=504
[TEST] {7876} tested=1/1 | kept=0 | rest=503
[TEST] {7878} tested=1/1 | kept=0 | rest=502
[TEST] {7877} tested=1/1 | kept=0 | rest=501
[TEST] {7857} tested=1/1 | kept=0 | rest=500
[TEST] {7879} tested=1/1 | kept=0 | rest=499
[TEST] {7880} tested=1/1 | kept=0 | rest=498
[TEST] {7881} tested=1/1 | kept=0 | rest=497
[TEST] {7883} tested=1/1 | kept=0 | rest=496
[TEST] {7882} tested=1/1 | kept=0 | rest=495
[TEST] {7858} tested=1/1 | kept=0 | rest=494
[TEST] {7887} tested=1/1 | kept=0 | rest=493
[TEST] {7860} tested=1/1 | kept=0 | rest=492
[TEST] {7885} tested=1/1 | kept=0 | rest=491
[TEST] {7884} tested=1/1 | kept=0 | rest=490
[TEST] {7886} tested=1/1 | kept=0 | rest=489
[TEST] {7891} tested=1/1 | kept=0 | rest=488
[TEST] {7892} tested=1/1 | kept=0 | rest=487
[TEST] {7893} tested=1/1 | kept=0 | rest=486
[TEST] {7889} tested=1/1 | kept=0 | rest=485
[TEST] {7864} tested=1/1 | kept=0 | rest=484
[TEST] {7895} tested=1/1 | kept=0 | rest=483
[TEST] {7897} tested=1/1 | kept=0 | rest=482
[TEST] {7888} tested=1/1 | kept=0 | rest=481
[TEST] {7890} tested=1/1 | kept=0 | rest=480
[TEST] {7901} tested=1/1 | kept=0 | rest=479
[TEST] {7894} tested=1/1 | kept=0 | rest=478
[TEST] {7900} tested=1/1 | kept=0 | rest=477
[TEST] {7902} tested=1/1 | kept=0 | rest=476
[TEST] {7904} tested=1/1 | kept=1 | rest=475
[TEST] {7905} tested=1/1 | kept=0 | rest=474
[TEST] {7896} tested=1/1 | kept=0 | rest=473
[TEST] {7903} tested=1/1 | kept=0 | rest=472
[TEST] {7906} tested=1/1 | kept=0 | rest=471
[TEST] {7898} tested=1/1 | kept=0 | rest=470
[TEST] {7908} tested=1/1 | kept=0 | rest=469
[TEST] {7909} tested=1/1 | kept=1 | rest=468
[TEST] {7899} tested=1/1 | kept=0 | rest=467
[TEST] {7913} tested=1/1 | kept=1 | rest=466
[TEST] {7912} tested=1/1 | kept=0 | rest=465
[TEST] {7910} tested=1/1 | kept=0 | rest=464
[TEST] {7911} tested=1/1 | kept=0 | rest=463
[TEST] {7916} tested=1/1 | kept=0 | rest=462
[TEST] {7917} tested=1/1 | kept=0 | rest=461
[TEST] {7918} tested=1/1 | kept=1 | rest=460
[TEST] {7914} tested=1/1 | kept=1 | rest=459
[TEST] {7920} tested=1/1 | kept=0 | rest=458
[TEST] {7919} tested=1/1 | kept=0 | rest=457
[TEST] {7921} tested=1/1 | kept=0 | rest=456
[WARN] batch start failed | size=2 {7924} | split=1 {8364} + 1 {8365}
[WARN] batch start failed | size=2 {7925} | split=1 {8366} + 1 {8367}
[WARN] batch start failed | size=2 {7927} | split=1 {8368} + 1 {8369}
[WARN] batch start failed | size=2 {7926} | split=1 {8370} + 1 {8371}
[TEST] {7928} tested=1/1 | kept=0 | rest=455
[TEST] {7929} tested=1/1 | kept=0 | rest=454
[TEST] {7931} tested=1/1 | kept=0 | rest=453
[TEST] {7922} tested=1/1 | kept=0 | rest=452
[TEST] {7933} tested=1/1 | kept=0 | rest=451
[TEST] {7932} tested=1/1 | kept=0 | rest=450
[TEST] {7934} tested=1/1 | kept=0 | rest=449
[TEST] {7935} tested=1/1 | kept=0 | rest=448
[TEST] {7937} tested=1/1 | kept=0 | rest=447
[TEST] {7936} tested=1/1 | kept=0 | rest=446
[TEST] {7938} tested=1/1 | kept=0 | rest=445
[TEST] {7940} tested=1/1 | kept=0 | rest=444
[TEST] {7939} tested=1/1 | kept=0 | rest=443
[TEST] {7907} tested=1/1 | kept=0 | rest=442
[TEST] {7941} tested=1/1 | kept=0 | rest=441
[WARN] batch start failed | size=2 {7944} | split=1 {8372} + 1 {8373}
[WARN] batch start failed | size=2 {7945} | split=1 {8374} + 1 {8375}
[TEST] {7915} tested=1/1 | kept=0 | rest=440
[TEST] {7942} tested=1/1 | kept=0 | rest=439
[WARN] batch start failed | size=2 {7946} | split=1 {8376} + 1 {8377}
[TEST] {7947} tested=1/1 | kept=0 | rest=438
[TEST] {7948} tested=1/1 | kept=0 | rest=437
[TEST] {7923} tested=1/1 | kept=0 | rest=436
[TEST] {7952} tested=1/1 | kept=1 | rest=435
[TEST] {7930} tested=1/1 | kept=0 | rest=434
[TEST] {7954} tested=1/1 | kept=0 | rest=433
[TEST] {7953} tested=1/1 | kept=0 | rest=432
[TEST] {7951} tested=1/1 | kept=0 | rest=431
[TEST] {7943} tested=1/1 | kept=0 | rest=430
[TEST] {7958} tested=1/1 | kept=0 | rest=429
[TEST] {7949} tested=1/1 | kept=0 | rest=428
[TEST] {7950} tested=1/1 | kept=0 | rest=427
[TEST] {7959} tested=1/1 | kept=0 | rest=426
[TEST] {7961} tested=1/1 | kept=1 | rest=425
[TEST] {7960} tested=1/1 | kept=0 | rest=424
[TEST] {7965} tested=1/1 | kept=0 | rest=423
[TEST] {7963} tested=1/1 | kept=0 | rest=422
[TEST] {7964} tested=1/1 | kept=0 | rest=421
[TEST] {7966} tested=1/1 | kept=0 | rest=420
[TEST] {7967} tested=1/1 | kept=0 | rest=419
[TEST] {7968} tested=1/1 | kept=0 | rest=418
[TEST] {7969} tested=1/1 | kept=0 | rest=417
[TEST] {7970} tested=1/1 | kept=0 | rest=416
[TEST] {7955} tested=1/1 | kept=0 | rest=415
[TEST] {7956} tested=1/1 | kept=0 | rest=414
[TEST] {7974} tested=1/1 | kept=0 | rest=413
[TEST] {7975} tested=1/1 | kept=0 | rest=412
[TEST] {7957} tested=1/1 | kept=0 | rest=411
[TEST] {7977} tested=1/1 | kept=0 | rest=410
[TEST] {7978} tested=1/1 | kept=0 | rest=409
[TEST] {7962} tested=1/1 | kept=0 | rest=408
[TEST] {7981} tested=1/1 | kept=0 | rest=407
[TEST] {7980} tested=1/1 | kept=0 | rest=406
[TEST] {7983} tested=1/1 | kept=0 | rest=405
[TEST] {7971} tested=1/1 | kept=0 | rest=404
[TEST] {7972} tested=1/1 | kept=0 | rest=403
[TEST] {7982} tested=1/1 | kept=1 | rest=402
[TEST] {7973} tested=1/1 | kept=0 | rest=401
[TEST] {7987} tested=1/1 | kept=0 | rest=400
[TEST] {7976} tested=1/1 | kept=0 | rest=399
[TEST] {7989} tested=1/1 | kept=0 | rest=398
[TEST] {7990} tested=1/1 | kept=0 | rest=397
[TEST] {7988} tested=1/1 | kept=0 | rest=396
[TEST] {7979} tested=1/1 | kept=0 | rest=395
[TEST] {7993} tested=1/1 | kept=0 | rest=394
[TEST] {7994} tested=1/1 | kept=0 | rest=393
[TEST] {7995} tested=1/1 | kept=0 | rest=392
[TEST] {7996} tested=1/1 | kept=0 | rest=391
[TEST] {7997} tested=1/1 | kept=0 | rest=390
[TEST] {7998} tested=1/1 | kept=0 | rest=389
[TEST] {7999} tested=1/1 | kept=0 | rest=388
[TEST] {7984} tested=1/1 | kept=0 | rest=387
[TEST] {7985} tested=1/1 | kept=0 | rest=386
[TEST] {7986} tested=1/1 | kept=0 | rest=385
[WARN] batch start failed | size=2 {8003} | split=1 {8378} + 1 {8379}
[WARN] batch start failed | size=2 {8002} | split=1 {8380} + 1 {8381}
[TEST] {8001} tested=1/1 | kept=0 | rest=384
[TEST] {8006} tested=1/1 | kept=0 | rest=383
[TEST] {8005} tested=1/1 | kept=0 | rest=382
[TEST] {8008} tested=1/1 | kept=0 | rest=381
[TEST] {7991} tested=1/1 | kept=0 | rest=380
[TEST] {7992} tested=1/1 | kept=0 | rest=379
[TEST] {8009} tested=1/1 | kept=0 | rest=378
[TEST] {8010} tested=1/1 | kept=1 | rest=377
[TEST] {8000} tested=1/1 | kept=0 | rest=376
[TEST] {8014} tested=1/1 | kept=0 | rest=375
[TEST] {8015} tested=1/1 | kept=0 | rest=374
[TEST] {8004} tested=1/1 | kept=0 | rest=373
[TEST] {8016} tested=1/1 | kept=0 | rest=372
[TEST] {8007} tested=1/1 | kept=0 | rest=371
[TEST] {8017} tested=1/1 | kept=0 | rest=370
[TEST] {8019} tested=1/1 | kept=1 | rest=369
[TEST] {8011} tested=1/1 | kept=0 | rest=368
[TEST] {8013} tested=1/1 | kept=0 | rest=367
[TEST] {8023} tested=1/1 | kept=0 | rest=366
[TEST] {8012} tested=1/1 | kept=0 | rest=365
[TEST] {8024} tested=1/1 | kept=0 | rest=364
[TEST] {8022} tested=1/1 | kept=0 | rest=363
[TEST] {8021} tested=1/1 | kept=0 | rest=362
[TEST] {8025} tested=1/1 | kept=0 | rest=361
[TEST] {8026} tested=1/1 | kept=0 | rest=360
[TEST] {8027} tested=1/1 | kept=0 | rest=359
[TEST] {8029} tested=1/1 | kept=0 | rest=358
[TEST] {8028} tested=1/1 | kept=0 | rest=357
[TEST] {8032} tested=1/1 | kept=0 | rest=356
[TEST] {8030} tested=1/1 | kept=0 | rest=355
[TEST] {8033} tested=1/1 | kept=0 | rest=354
[TEST] {8031} tested=1/1 | kept=0 | rest=353
[TEST] {8034} tested=1/1 | kept=0 | rest=352
[TEST] {8035} tested=1/1 | kept=0 | rest=351
[TEST] {8039} tested=1/1 | kept=0 | rest=350
[TEST] {8040} tested=1/1 | kept=1 | rest=349
[TEST] {8041} tested=1/1 | kept=0 | rest=348
[TEST] {8018} tested=1/1 | kept=0 | rest=347
[TEST] {8020} tested=1/1 | kept=0 | rest=346
[TEST] {8042} tested=1/1 | kept=1 | rest=345
[TEST] {8037} tested=1/1 | kept=0 | rest=344
[TEST] {8036} tested=1/1 | kept=0 | rest=343
[TEST] {8038} tested=1/1 | kept=0 | rest=342
[TEST] {8043} tested=1/1 | kept=1 | rest=341
[TEST] {8049} tested=1/1 | kept=0 | rest=340
[TEST] {8044} tested=1/1 | kept=0 | rest=339
[TEST] {8045} tested=1/1 | kept=0 | rest=338
[TEST] {8051} tested=1/1 | kept=0 | rest=337
[TEST] {8052} tested=1/1 | kept=0 | rest=336
[TEST] {8053} tested=1/1 | kept=0 | rest=335
[TEST] {8054} tested=1/1 | kept=0 | rest=334
[TEST] {8055} tested=1/1 | kept=0 | rest=333
[TEST] {8057} tested=1/1 | kept=0 | rest=332
[TEST] {8058} tested=1/1 | kept=0 | rest=331
[TEST] {8056} tested=1/1 | kept=0 | rest=330
[TEST] {8061} tested=1/1 | kept=1 | rest=329
[TEST] {8047} tested=1/1 | kept=0 | rest=328
[TEST] {8046} tested=1/1 | kept=0 | rest=327
[TEST] {8063} tested=1/1 | kept=0 | rest=326
[TEST] {8060} tested=1/1 | kept=0 | rest=325
[TEST] {8062} tested=1/1 | kept=1 | rest=324
[TEST] {8059} tested=1/1 | kept=0 | rest=323
[TEST] {8048} tested=1/1 | kept=0 | rest=322
[TEST] {8064} tested=1/1 | kept=0 | rest=321
[TEST] {8065} tested=1/1 | kept=0 | rest=320
[TEST] {8066} tested=1/1 | kept=0 | rest=319
[TEST] {8067} tested=1/1 | kept=0 | rest=318
[TEST] {8068} tested=1/1 | kept=0 | rest=317
[TEST] {8073} tested=1/1 | kept=0 | rest=316
[TEST] {8050} tested=1/1 | kept=0 | rest=315
[TEST] {8074} tested=1/1 | kept=0 | rest=314
[TEST] {8075} tested=1/1 | kept=0 | rest=313
[TEST] {8076} tested=1/1 | kept=0 | rest=312
[TEST] {8077} tested=1/1 | kept=0 | rest=311
[TEST] {8079} tested=1/1 | kept=0 | rest=310
[TEST] {8069} tested=1/1 | kept=0 | rest=309
[TEST] {8070} tested=1/1 | kept=0 | rest=308
[TEST] {8071} tested=1/1 | kept=0 | rest=307
[TEST] {8072} tested=1/1 | kept=0 | rest=306
[TEST] {8083} tested=1/1 | kept=0 | rest=305
[TEST] {8082} tested=1/1 | kept=0 | rest=304
[TEST] {8084} tested=1/1 | kept=0 | rest=303
[TEST] {8087} tested=1/1 | kept=0 | rest=302
[TEST] {8080} tested=1/1 | kept=0 | rest=301
[TEST] {8086} tested=1/1 | kept=0 | rest=300
[TEST] {8078} tested=1/1 | kept=0 | rest=299
[TEST] {8085} tested=1/1 | kept=0 | rest=298
[TEST] {8091} tested=1/1 | kept=0 | rest=297
[TEST] {8092} tested=1/1 | kept=0 | rest=296
[TEST] {8081} tested=1/1 | kept=0 | rest=295
[TEST] {8093} tested=1/1 | kept=0 | rest=294
[TEST] {8094} tested=1/1 | kept=0 | rest=293
[TEST] {8088} tested=1/1 | kept=0 | rest=292
[TEST] {8089} tested=1/1 | kept=0 | rest=291
[TEST] {8090} tested=1/1 | kept=0 | rest=290
[TEST] {8098} tested=1/1 | kept=0 | rest=289
[TEST] {8099} tested=1/1 | kept=0 | rest=288
[TEST] {8101} tested=1/1 | kept=1 | rest=287
[TEST] {8102} tested=1/1 | kept=0 | rest=286
[TEST] {8100} tested=1/1 | kept=0 | rest=285
[TEST] {8095} tested=1/1 | kept=0 | rest=284
[TEST] {8096} tested=1/1 | kept=0 | rest=283
[TEST] {8097} tested=1/1 | kept=0 | rest=282
[TEST] {8106} tested=1/1 | kept=0 | rest=281
[WARN] batch start failed | size=2 {8108} | split=1 {8382} + 1 {8383}
[WARN] batch start failed | size=2 {8109} | split=1 {8384} + 1 {8385}
[TEST] {8110} tested=1/1 | kept=0 | rest=280
[TEST] {8103} tested=1/1 | kept=0 | rest=279
[TEST] {8104} tested=1/1 | kept=0 | rest=278
[TEST] {8113} tested=1/1 | kept=0 | rest=277
[TEST] {8105} tested=1/1 | kept=0 | rest=276
[TEST] {8107} tested=1/1 | kept=0 | rest=275
[TEST] {8114} tested=1/1 | kept=0 | rest=274
[TEST] {8116} tested=1/1 | kept=0 | rest=273
[TEST] {8111} tested=1/1 | kept=0 | rest=272
[TEST] {8117} tested=1/1 | kept=0 | rest=271
[TEST] {8112} tested=1/1 | kept=0 | rest=270
[TEST] {8118} tested=1/1 | kept=1 | rest=269
[TEST] {8121} tested=1/1 | kept=0 | rest=268
[TEST] {8125} tested=1/1 | kept=0 | rest=267
[WARN] batch start failed | size=2 {8124} | split=1 {8386} + 1 {8387}
[TEST] {8115} tested=1/1 | kept=0 | rest=266
[TEST] {8127} tested=1/1 | kept=0 | rest=265
[TEST] {8128} tested=1/1 | kept=0 | rest=264
[TEST] {8119} tested=1/1 | kept=0 | rest=263
[TEST] {8120} tested=1/1 | kept=0 | rest=262
[TEST] {8129} tested=1/1 | kept=0 | rest=261
[TEST] {8131} tested=1/1 | kept=0 | rest=260
[TEST] {8130} tested=1/1 | kept=0 | rest=259
[TEST] {8122} tested=1/1 | kept=0 | rest=258
[TEST] {8123} tested=1/1 | kept=0 | rest=257
[TEST] {8134} tested=1/1 | kept=0 | rest=256
[TEST] {8135} tested=1/1 | kept=0 | rest=255
[TEST] {8136} tested=1/1 | kept=0 | rest=254
[TEST] {8137} tested=1/1 | kept=0 | rest=253
[TEST] {8138} tested=1/1 | kept=0 | rest=252
[TEST] {8139} tested=1/1 | kept=0 | rest=251
[TEST] {8141} tested=1/1 | kept=0 | rest=250
[TEST] {8140} tested=1/1 | kept=0 | rest=249
[TEST] {8142} tested=1/1 | kept=0 | rest=248
[TEST] {8126} tested=1/1 | kept=0 | rest=247
[TEST] {8143} tested=1/1 | kept=0 | rest=246
[TEST] {8144} tested=1/1 | kept=1 | rest=245
[TEST] {8145} tested=1/1 | kept=0 | rest=244
[TEST] {8147} tested=1/1 | kept=0 | rest=243
[TEST] {8149} tested=1/1 | kept=1 | rest=242
[TEST] {8146} tested=1/1 | kept=0 | rest=241
[TEST] {8152} tested=1/1 | kept=0 | rest=240
[TEST] {8151} tested=1/1 | kept=0 | rest=239
[TEST] {8150} tested=1/1 | kept=0 | rest=238
[TEST] {8155} tested=1/1 | kept=0 | rest=237
[TEST] {8132} tested=1/1 | kept=0 | rest=236
[TEST] {8156} tested=1/1 | kept=0 | rest=235
[TEST] {8133} tested=1/1 | kept=0 | rest=234
[TEST] {8153} tested=1/1 | kept=0 | rest=233
[TEST] {8159} tested=1/1 | kept=0 | rest=232
[TEST] {8158} tested=1/1 | kept=0 | rest=231
[TEST] {8160} tested=1/1 | kept=1 | rest=230
[TEST] {8148} tested=1/1 | kept=0 | rest=229
[TEST] {8154} tested=1/1 | kept=0 | rest=228
[TEST] {8157} tested=1/1 | kept=0 | rest=227
[TEST] {8165} tested=1/1 | kept=0 | rest=226
[TEST] {8167} tested=1/1 | kept=0 | rest=225
[TEST] {8166} tested=1/1 | kept=1 | rest=224
[TEST] {8169} tested=1/1 | kept=0 | rest=223
[TEST] {8170} tested=1/1 | kept=0 | rest=222
[TEST] {8161} tested=1/1 | kept=0 | rest=221
[TEST] {8162} tested=1/1 | kept=0 | rest=220
[TEST] {8171} tested=1/1 | kept=0 | rest=219
[TEST] {8172} tested=1/1 | kept=0 | rest=218
[TEST] {8163} tested=1/1 | kept=0 | rest=217
[TEST] {8173} tested=1/1 | kept=0 | rest=216
[TEST] {8176} tested=1/1 | kept=0 | rest=215
[TEST] {8164} tested=1/1 | kept=0 | rest=214
[TEST] {8174} tested=1/1 | kept=1 | rest=213
[TEST] {8180} tested=1/1 | kept=1 | rest=212
[TEST] {8168} tested=1/1 | kept=0 | rest=211
[TEST] {8183} tested=1/1 | kept=1 | rest=210
[TEST] {8182} tested=1/1 | kept=1 | rest=209
[TEST] {8185} tested=1/1 | kept=0 | rest=208
[TEST] {8181} tested=1/1 | kept=1 | rest=207
[TEST] {8175} tested=1/1 | kept=0 | rest=206
[TEST] {8186} tested=1/1 | kept=0 | rest=205
[TEST] {8177} tested=1/1 | kept=0 | rest=204
[TEST] {8178} tested=1/1 | kept=0 | rest=203
[TEST] {8179} tested=1/1 | kept=0 | rest=202
[TEST] {8191} tested=1/1 | kept=1 | rest=201
[TEST] {8190} tested=1/1 | kept=0 | rest=200
[TEST] {8192} tested=1/1 | kept=1 | rest=199
[TEST] {8184} tested=1/1 | kept=0 | rest=198
[TEST] {8187} tested=1/1 | kept=0 | rest=197
[TEST] {8196} tested=1/1 | kept=1 | rest=196
[TEST] {8197} tested=1/1 | kept=0 | rest=195
[TEST] {8188} tested=1/1 | kept=0 | rest=194
[TEST] {8189} tested=1/1 | kept=0 | rest=193
[TEST] {8199} tested=1/1 | kept=0 | rest=192
[TEST] {8198} tested=1/1 | kept=0 | rest=191
[TEST] {8201} tested=1/1 | kept=0 | rest=190
[TEST] {8193} tested=1/1 | kept=0 | rest=189
[TEST] {8205} tested=1/1 | kept=1 | rest=188
[TEST] {8204} tested=1/1 | kept=1 | rest=187
[TEST] {8194} tested=1/1 | kept=0 | rest=186
[TEST] {8206} tested=1/1 | kept=1 | rest=185
[TEST] {8207} tested=1/1 | kept=1 | rest=184
[TEST] {8209} tested=1/1 | kept=0 | rest=183
[TEST] {8211} tested=1/1 | kept=1 | rest=182
[TEST] {8195} tested=1/1 | kept=0 | rest=181
[TEST] {8212} tested=1/1 | kept=1 | rest=180
[TEST] {8200} tested=1/1 | kept=0 | rest=179
[TEST] {8202} tested=1/1 | kept=0 | rest=178
[TEST] {8203} tested=1/1 | kept=0 | rest=177
[TEST] {8214} tested=1/1 | kept=1 | rest=176
[TEST] {8208} tested=1/1 | kept=0 | rest=175
[TEST] {8216} tested=1/1 | kept=0 | rest=174
[TEST] {8217} tested=1/1 | kept=0 | rest=173
[TEST] {8215} tested=1/1 | kept=1 | rest=172
[TEST] {8221} tested=1/1 | kept=1 | rest=171
[TEST] {8218} tested=1/1 | kept=1 | rest=170
[TEST] {8220} tested=1/1 | kept=1 | rest=169
[TEST] {8219} tested=1/1 | kept=1 | rest=168
[TEST] {8225} tested=1/1 | kept=1 | rest=167
[TEST] {8222} tested=1/1 | kept=1 | rest=166
[TEST] {8223} tested=1/1 | kept=1 | rest=165
[TEST] {8226} tested=1/1 | kept=1 | rest=164
[TEST] {8224} tested=1/1 | kept=1 | rest=163
[TEST] {8228} tested=1/1 | kept=1 | rest=162
[TEST] {8210} tested=1/1 | kept=0 | rest=161
[TEST] {8231} tested=1/1 | kept=0 | rest=160
[TEST] {8229} tested=1/1 | kept=1 | rest=159
[TEST] {8234} tested=1/1 | kept=0 | rest=158
[TEST] {8235} tested=1/1 | kept=0 | rest=157
[TEST] {8213} tested=1/1 | kept=0 | rest=156
[TEST] {8227} tested=1/1 | kept=1 | rest=155
[TEST] {8230} tested=1/1 | kept=0 | rest=154
[TEST] {8239} tested=1/1 | kept=1 | rest=153
[TEST] {8233} tested=1/1 | kept=0 | rest=152
[TEST] {8232} tested=1/1 | kept=0 | rest=151
[TEST] {8241} tested=1/1 | kept=1 | rest=150
[TEST] {8243} tested=1/1 | kept=0 | rest=149
[TEST] {8242} tested=1/1 | kept=1 | rest=148
[TEST] {8244} tested=1/1 | kept=0 | rest=147
[TEST] {8247} tested=1/1 | kept=1 | rest=146
[TEST] {8236} tested=1/1 | kept=0 | rest=145
[TEST] {8237} tested=1/1 | kept=0 | rest=144
[TEST] {8248} tested=1/1 | kept=0 | rest=143
[TEST] {8249} tested=1/1 | kept=0 | rest=142
[TEST] {8250} tested=1/1 | kept=0 | rest=141
[TEST] {8251} tested=1/1 | kept=0 | rest=140
[TEST] {8253} tested=1/1 | kept=0 | rest=139
[TEST] {8255} tested=1/1 | kept=0 | rest=138
[TEST] {8254} tested=1/1 | kept=0 | rest=137
[TEST] {8256} tested=1/1 | kept=0 | rest=136
[TEST] {8257} tested=1/1 | kept=0 | rest=135
[TEST] {8238} tested=1/1 | kept=0 | rest=134
[TEST] {8240} tested=1/1 | kept=0 | rest=133
[TEST] {8245} tested=1/1 | kept=0 | rest=132
[TEST] {8246} tested=1/1 | kept=0 | rest=131
[TEST] {8260} tested=1/1 | kept=0 | rest=130
[TEST] {8262} tested=1/1 | kept=0 | rest=129
[TEST] {8263} tested=1/1 | kept=0 | rest=128
[TEST] {8264} tested=1/1 | kept=0 | rest=127
[TEST] {8252} tested=1/1 | kept=0 | rest=126
[TEST] {8265} tested=1/1 | kept=0 | rest=125
[TEST] {8266} tested=1/1 | kept=1 | rest=124
[TEST] {8269} tested=1/1 | kept=0 | rest=123
[TEST] {8271} tested=1/1 | kept=0 | rest=122
[TEST] {8270} tested=1/1 | kept=0 | rest=121
[TEST] {8258} tested=1/1 | kept=0 | rest=120
[TEST] {8259} tested=1/1 | kept=0 | rest=119
[TEST] {8274} tested=1/1 | kept=0 | rest=118
[TEST] {8275} tested=1/1 | kept=0 | rest=117
[TEST] {8261} tested=1/1 | kept=0 | rest=116
[TEST] {8267} tested=1/1 | kept=0 | rest=115
[TEST] {8268} tested=1/1 | kept=0 | rest=114
[TEST] {8272} tested=1/1 | kept=0 | rest=113
[TEST] {8273} tested=1/1 | kept=0 | rest=112
[TEST] {8281} tested=1/1 | kept=1 | rest=111
[TEST] {8282} tested=1/1 | kept=1 | rest=110
[TEST] {8276} tested=1/1 | kept=0 | rest=109
[TEST] {8285} tested=1/1 | kept=0 | rest=108
[TEST] {8283} tested=1/1 | kept=0 | rest=107
[TEST] {8286} tested=1/1 | kept=0 | rest=106
[TEST] {8284} tested=1/1 | kept=0 | rest=105
[TEST] {8287} tested=1/1 | kept=0 | rest=104
[TEST] {8277} tested=1/1 | kept=0 | rest=103
[TEST] {8288} tested=1/1 | kept=0 | rest=102
[TEST] {8289} tested=1/1 | kept=0 | rest=101
[TEST] {8290} tested=1/1 | kept=0 | rest=100
[TEST] {8293} tested=1/1 | kept=0 | rest=99
[TEST] {8278} tested=1/1 | kept=0 | rest=98
[TEST] {8279} tested=1/1 | kept=0 | rest=97
[TEST] {8280} tested=1/1 | kept=0 | rest=96
[TEST] {8297} tested=1/1 | kept=1 | rest=95
[TEST] {8291} tested=1/1 | kept=0 | rest=94
[TEST] {8292} tested=1/1 | kept=0 | rest=93
[TEST] {8299} tested=1/1 | kept=0 | rest=92
[TEST] {8294} tested=1/1 | kept=0 | rest=91
[TEST] {8301} tested=1/1 | kept=0 | rest=90
[TEST] {8302} tested=1/1 | kept=0 | rest=89
[TEST] {8300} tested=1/1 | kept=1 | rest=88
[TEST] {8295} tested=1/1 | kept=0 | rest=87
[TEST] {8296} tested=1/1 | kept=0 | rest=86
[TEST] {8306} tested=1/1 | kept=0 | rest=85
[TEST] {8303} tested=1/1 | kept=1 | rest=84
[TEST] {8308} tested=1/1 | kept=0 | rest=83
[TEST] {8309} tested=1/1 | kept=0 | rest=82
[TEST] {8310} tested=1/1 | kept=0 | rest=81
[TEST] {8298} tested=1/1 | kept=0 | rest=80
[TEST] {8304} tested=1/1 | kept=0 | rest=79
[TEST] {8305} tested=1/1 | kept=0 | rest=78
[TEST] {8307} tested=1/1 | kept=0 | rest=77
[TEST] {8314} tested=1/1 | kept=0 | rest=76
[TEST] {8311} tested=1/1 | kept=0 | rest=75
[TEST] {8313} tested=1/1 | kept=0 | rest=74
[TEST] {8316} tested=1/1 | kept=0 | rest=73
[TEST] {8321} tested=1/1 | kept=0 | rest=72
[TEST] {8318} tested=1/1 | kept=0 | rest=71
[TEST] {8323} tested=1/1 | kept=0 | rest=70
[TEST] {8319} tested=1/1 | kept=0 | rest=69
[TEST] {8325} tested=1/1 | kept=0 | rest=68
[TEST] {8324} tested=1/1 | kept=0 | rest=67
[TEST] {8312} tested=1/1 | kept=0 | rest=66
[TEST] {8326} tested=1/1 | kept=0 | rest=65
[TEST] {8327} tested=1/1 | kept=0 | rest=64
[TEST] {8315} tested=1/1 | kept=0 | rest=63
[TEST] {8329} tested=1/1 | kept=0 | rest=62
[TEST] {8317} tested=1/1 | kept=0 | rest=61
[TEST] {8331} tested=1/1 | kept=0 | rest=60
[TEST] {8332} tested=1/1 | kept=0 | rest=59
[TEST] {8320} tested=1/1 | kept=0 | rest=58
[TEST] {8333} tested=1/1 | kept=0 | rest=57
[TEST] {8322} tested=1/1 | kept=0 | rest=56
[TEST] {8334} tested=1/1 | kept=0 | rest=55
[TEST] {8336} tested=1/1 | kept=0 | rest=54
[TEST] {8337} tested=1/1 | kept=0 | rest=53
[TEST] {8339} tested=1/1 | kept=0 | rest=52
[TEST] {8338} tested=1/1 | kept=0 | rest=51
[TEST] {8341} tested=1/1 | kept=0 | rest=50
[TEST] {8340} tested=1/1 | kept=0 | rest=49
[TEST] {8342} tested=1/1 | kept=0 | rest=48
[TEST] {8328} tested=1/1 | kept=0 | rest=47
[TEST] {8346} tested=1/1 | kept=0 | rest=46
[TEST] {8345} tested=1/1 | kept=0 | rest=45
[TEST] {8344} tested=1/1 | kept=0 | rest=44
[TEST] {8347} tested=1/1 | kept=0 | rest=43
[TEST] {8348} tested=1/1 | kept=0 | rest=42
[TEST] {8351} tested=1/1 | kept=0 | rest=41
[TEST] {8343} tested=1/1 | kept=1 | rest=40
[TEST] {8330} tested=1/1 | kept=0 | rest=39
[TEST] {8350} tested=1/1 | kept=0 | rest=38
[TEST] {8352} tested=1/1 | kept=0 | rest=37
[TEST] {8353} tested=1/1 | kept=0 | rest=36
[TEST] {8355} tested=1/1 | kept=0 | rest=35
[TEST] {8354} tested=1/1 | kept=1 | rest=34
[TEST] {8335} tested=1/1 | kept=0 | rest=33
[TEST] {8357} tested=1/1 | kept=0 | rest=32
[TEST] {8358} tested=1/1 | kept=0 | rest=31
[TEST] {8361} tested=1/1 | kept=0 | rest=30
[TEST] {8359} tested=1/1 | kept=0 | rest=29
[TEST] {8362} tested=1/1 | kept=1 | rest=28
[TEST] {8349} tested=1/1 | kept=0 | rest=27
[TEST] {8363} tested=1/1 | kept=1 | rest=26
[TEST] {8364} tested=1/1 | kept=0 | rest=25
[TEST] {8365} tested=1/1 | kept=0 | rest=24
[TEST] {8366} tested=1/1 | kept=0 | rest=23
[TEST] {8367} tested=1/1 | kept=0 | rest=22
[TEST] {8369} tested=1/1 | kept=0 | rest=21
[TEST] {8371} tested=1/1 | kept=0 | rest=20
[TEST] {8368} tested=1/1 | kept=0 | rest=19
[TEST] {8372} tested=1/1 | kept=0 | rest=18
[TEST] {8374} tested=1/1 | kept=0 | rest=17
[TEST] {8370} tested=1/1 | kept=0 | rest=16
[TEST] {8375} tested=1/1 | kept=0 | rest=15
[TEST] {8376} tested=1/1 | kept=1 | rest=14
[TEST] {8356} tested=1/1 | kept=0 | rest=13
[TEST] {8379} tested=1/1 | kept=0 | rest=12
[TEST] {8380} tested=1/1 | kept=0 | rest=11
[TEST] {8383} tested=1/1 | kept=0 | rest=10
[TEST] {8360} tested=1/1 | kept=0 | rest=9
[TEST] {8382} tested=1/1 | kept=0 | rest=8
[TEST] {8377} tested=1/1 | kept=0 | rest=7
[TEST] {8386} tested=1/1 | kept=0 | rest=6
[TEST] {8387} tested=1/1 | kept=0 | rest=5
[TEST] {8373} tested=1/1 | kept=0 | rest=4
[TEST] {8378} tested=1/1 | kept=0 | rest=3
[TEST] {8381} tested=1/1 | kept=0 | rest=2
[TEST] {8384} tested=1/1 | kept=0 | rest=1
[TEST] {8385} tested=1/1 | kept=0 | rest=0
[INFO] dropped=3 | [Epodonios] × 3
------------------------------------------------------------
[TEST] source=[Free-clash-v2ray] | proxies=3521
[WARN] batch start failed | size=3521 {1} | split=587 {2} + 587 {3} + 587 {4} + 587 {5} + 587 {6} + 586 {7}
[TEST] {2} tested=100/587 | kept=9 | rest=3421
[TEST] {3} tested=100/587 | kept=89 | rest=3308
[TEST] {3} tested=200/587 | kept=182 | rest=3195
[TEST] {3} tested=300/587 | kept=279 | rest=3073
[TEST] {3} tested=400/587 | kept=372 | rest=2938
[TEST] {2} tested=200/587 | kept=13 | rest=2861
[TEST] {3} tested=500/587 | kept=465 | rest=2814
[TEST] {4} tested=100/587 | kept=86 | rest=2666
[TEST] {4} tested=200/587 | kept=174 | rest=2566
[TEST] {4} tested=300/587 | kept=264 | rest=2466
[TEST] {4} tested=400/587 | kept=350 | rest=2366
[TEST] {4} tested=500/587 | kept=430 | rest=2266
[WARN] batch start failed | size=586 {7} | split=98 {8} + 98 {9} + 98 {10} + 98 {11} + 98 {12} + 96 {13}
[TEST] {5} tested=100/587 | kept=87 | rest=2109
[TEST] {5} tested=200/587 | kept=177 | rest=2009
[TEST] {6} tested=100/587 | kept=84 | rest=1894
[TEST] {5} tested=300/587 | kept=276 | rest=1701
[TEST] {6} tested=200/587 | kept=171 | rest=1629
[TEST] {2} tested=300/587 | kept=52 | rest=1572
[TEST] {5} tested=400/587 | kept=372 | rest=1446
[TEST] {2} tested=400/587 | kept=120 | rest=1368
[TEST] {5} tested=500/587 | kept=457 | rest=1130
[TEST] {2} tested=500/587 | kept=206 | rest=1120
[TEST] {6} tested=300/587 | kept=258 | rest=1046
[TEST] {3} tested=587/587 | kept=496 | rest=902
[TEST] {6} tested=400/587 | kept=341 | rest=824
[TEST] {4} tested=587/587 | kept=485 | rest=809
[TEST] {6} tested=500/587 | kept=363 | rest=683
[TEST] {5} tested=587/587 | kept=498 | rest=662
[TEST] {2} tested=587/587 | kept=270 | rest=650
[TEST] {6} tested=587/587 | kept=369 | rest=586
[WARN] batch start failed | size=98 {9} | split=49 {14} + 49 {15}
[WARN] batch start failed | size=98 {8} | split=49 {16} + 49 {17}
[TEST] {11} tested=98/98 | kept=57 | rest=312
[TEST] {10} tested=98/98 | kept=66 | rest=292
[TEST] {12} tested=98/98 | kept=27 | rest=251
[TEST] {13} tested=96/96 | kept=11 | rest=196
[WARN] batch start failed | size=49 {15} | split=25 {18} + 24 {19}
[WARN] batch start failed | size=49 {17} | split=25 {20} + 24 {21}
[TEST] {14} tested=49/49 | kept=37 | rest=106
[TEST] {16} tested=49/49 | kept=14 | rest=98
[WARN] batch start failed | size=24 {19} | split=12 {22} + 12 {23}
[WARN] batch start failed | size=25 {20} | split=13 {24} + 12 {25}
[TEST] {18} tested=25/25 | kept=15 | rest=51
[TEST] {21} tested=24/24 | kept=21 | rest=49
[WARN] batch start failed | size=12 {22} | split=6 {26} + 6 {27}
[WARN] batch start failed | size=12 {25} | split=6 {28} + 6 {29}
[TEST] {23} tested=12/12 | kept=4 | rest=27
[TEST] {24} tested=13/13 | kept=9 | rest=24
[WARN] batch start failed | size=6 {27} | split=3 {30} + 3 {31}
[WARN] batch start failed | size=6 {28} | split=3 {32} + 3 {33}
[WARN] batch start failed | size=6 {29} | split=3 {34} + 3 {35}
[TEST] {26} tested=6/6 | kept=5 | rest=18
[WARN] batch start failed | size=3 {30} | split=2 {36} + 1 {37}
[WARN] batch start failed | size=3 {33} | split=2 {38} + 1 {39}
[WARN] batch start failed | size=3 {34} | split=2 {40} + 1 {41}
[TEST] {35} tested=3/3 | kept=2 | rest=14
[TEST] {31} tested=3/3 | kept=2 | rest=11
[TEST] {32} tested=3/3 | kept=1 | rest=9
[WARN] batch start failed | size=2 {36} | split=1 {42} + 1 {43}
[TEST] {37} tested=1/1 | kept=1 | rest=8
[WARN] batch start failed | size=2 {38} | split=1 {44} + 1 {45}
[WARN] batch start failed | size=2 {40} | split=1 {46} + 1 {47}
[TEST] {39} tested=1/1 | kept=1 | rest=7
[TEST] {41} tested=1/1 | kept=1 | rest=6
[REPAIR] name=[Free-clash-v2ray] 🇩🇪DE_17|722KB/s|C002-260622 01 {43} | fields=up,down
[TEST] {45} tested=1/1 | kept=1 | rest=5
[REPAIR] name=[Free-clash-v2ray] hysteria {44} | fields=up,down
[TEST] {42} tested=1/1 | kept=1 | rest=4
[TEST] {44} tested=1/1 | kept=0 | rest=3
[TEST] {43} tested=1/1 | kept=0 | rest=2
[REPAIR] name=[Free-clash-v2ray] 🇩🇪DE_3|517KB/s|K001-260618 01 {47} | fields=up,down
[TEST] {46} tested=1/1 | kept=1 | rest=1
[TEST] {47} tested=1/1 | kept=0 | rest=0
------------------------------------------------------------
[TEST] source=[V2rayclashfree-RSS] | proxies=3406
[WARN] batch start failed | size=3406 {1} | split=568 {2} + 568 {3} + 568 {4} + 568 {5} + 568 {6} + 566 {7}
[WARN] batch start failed | size=568 {2} | split=95 {8} + 95 {9} + 95 {10} + 95 {11} + 95 {12} + 93 {13}
[WARN] batch start failed | size=568 {5} | split=95 {14} + 95 {15} + 95 {16} + 95 {17} + 95 {18} + 93 {19}
[WARN] batch start failed | size=568 {6} | split=95 {20} + 95 {21} + 95 {22} + 95 {23} + 95 {24} + 93 {25}
[WARN] batch start failed | size=568 {3} | split=95 {26} + 95 {27} + 95 {28} + 95 {29} + 95 {30} + 93 {31}
[WARN] batch start failed | size=95 {12} | split=48 {32} + 47 {33}
[WARN] batch start failed | size=566 {7} | split=95 {34} + 95 {35} + 95 {36} + 95 {37} + 95 {38} + 91 {39}
[WARN] batch start failed | size=568 {4} | split=95 {40} + 95 {41} + 95 {42} + 95 {43} + 95 {44} + 93 {45}
[TEST] {9} tested=95/95 | kept=72 | rest=3219
[TEST] {26} tested=95/95 | kept=67 | rest=3216
[WARN] batch start failed | size=95 {17} | split=48 {46} + 47 {47}
[TEST] {11} tested=95/95 | kept=87 | rest=2708
[TEST] {8} tested=95/95 | kept=69 | rest=2566
[TEST] {15} tested=95/95 | kept=70 | rest=2516
[TEST] {18} tested=95/95 | kept=69 | rest=2494
[WARN] batch start failed | size=93 {19} | split=47 {48} + 46 {49}
[TEST] {14} tested=95/95 | kept=82 | rest=2392
[TEST] {16} tested=95/95 | kept=73 | rest=2375
[TEST] {13} tested=93/93 | kept=73 | rest=2338
[WARN] batch start failed | size=48 {32} | split=24 {50} + 24 {51}
[WARN] batch start failed | size=95 {34} | split=48 {52} + 47 {53}
[WARN] batch start failed | size=95 {28} | split=48 {54} + 47 {55}
[TEST] {33} tested=47/47 | kept=40 | rest=2124
[TEST] {22} tested=95/95 | kept=57 | rest=2022
[TEST] {21} tested=95/95 | kept=58 | rest=1977
[WARN] batch start failed | size=95 {29} | split=48 {56} + 47 {57}
[TEST] {24} tested=95/95 | kept=28 | rest=1907
[TEST] {25} tested=93/93 | kept=18 | rest=1776
[TEST] {23} tested=95/95 | kept=36 | rest=1774
[TEST] {27} tested=95/95 | kept=79 | rest=1507
[TEST] {36} tested=95/95 | kept=74 | rest=1401
[TEST] {37} tested=95/95 | kept=69 | rest=1334
[TEST] {35} tested=95/95 | kept=82 | rest=1300
[TEST] {40} tested=95/95 | kept=79 | rest=1211
[TEST] {30} tested=95/95 | kept=84 | rest=1180
[WARN] batch start failed | size=93 {31} | split=47 {58} + 46 {59}
[TEST] {41} tested=95/95 | kept=71 | rest=942
[TEST] {38} tested=95/95 | kept=71 | rest=836
[TEST] {42} tested=95/95 | kept=72 | rest=827
[TEST] {39} tested=91/91 | kept=76 | rest=823
[TEST] {43} tested=95/95 | kept=72 | rest=812
[TEST] {44} tested=95/95 | kept=74 | rest=811
[TEST] {45} tested=93/93 | kept=58 | rest=804
[TEST] {10} tested=95/95 | kept=88 | rest=471
[WARN] batch start failed | size=24 {51} | split=12 {60} + 12 {61}
[TEST] {20} tested=95/95 | kept=72 | rest=464
[WARN] batch start failed | size=48 {52} | split=24 {62} + 24 {63}
[TEST] {48} tested=47/47 | kept=37 | rest=441
[TEST] {46} tested=48/48 | kept=32 | rest=425
[TEST] {49} tested=46/46 | kept=35 | rest=420
[WARN] batch start failed | size=47 {55} | split=24 {64} + 23 {65}
[TEST] {50} tested=24/24 | kept=21 | rest=411
[WARN] batch start failed | size=48 {56} | split=24 {66} + 24 {67}
[WARN] batch start failed | size=46 {59} | split=23 {68} + 23 {69}
[TEST] {67} tested=24/24 | kept=22 | rest=282
[TEST] {53} tested=47/47 | kept=41 | rest=255
[TEST] {54} tested=48/48 | kept=29 | rest=239
[TEST] {57} tested=47/47 | kept=44 | rest=237
[TEST] {58} tested=47/47 | kept=36 | rest=236
[WARN] batch start failed | size=47 {47} | split=24 {70} + 23 {71}
[TEST] {60} tested=12/12 | kept=11 | rest=201
[WARN] batch start failed | size=24 {62} | split=12 {72} + 12 {73}
[WARN] batch start failed | size=24 {64} | split=12 {74} + 12 {75}
[WARN] batch start failed | size=23 {69} | split=12 {76} + 11 {77}
[TEST] {61} tested=12/12 | kept=9 | rest=144
[TEST] {63} tested=24/24 | kept=17 | rest=138
[TEST] {65} tested=23/23 | kept=15 | rest=129
[TEST] {66} tested=24/24 | kept=20 | rest=126
[TEST] {68} tested=23/23 | kept=14 | rest=118
[WARN] batch start failed | size=24 {70} | split=12 {78} + 12 {79}
[WARN] batch start failed | size=12 {73} | split=6 {80} + 6 {81}
[WARN] batch start failed | size=12 {75} | split=6 {82} + 6 {83}
[WARN] batch start failed | size=12 {76} | split=6 {84} + 6 {85}
[TEST] {74} tested=12/12 | kept=11 | rest=74
[TEST] {71} tested=23/23 | kept=15 | rest=65
[TEST] {72} tested=12/12 | kept=2 | rest=62
[TEST] {77} tested=11/11 | kept=8 | rest=60
[WARN] batch start failed | size=12 {79} | split=6 {86} + 6 {87}
[TEST] {78} tested=12/12 | kept=8 | rest=48
[WARN] batch start failed | size=6 {80} | split=3 {88} + 3 {89}
[WARN] batch start failed | size=6 {82} | split=3 {90} + 3 {91}
[WARN] batch start failed | size=6 {85} | split=3 {92} + 3 {93}
[TEST] {81} tested=6/6 | kept=1 | rest=33
[TEST] {83} tested=6/6 | kept=4 | rest=31
[TEST] {84} tested=6/6 | kept=4 | rest=30
[WARN] batch start failed | size=6 {86} | split=3 {94} + 3 {95}
[TEST] {87} tested=6/6 | kept=2 | rest=24
[WARN] batch start failed | size=3 {88} | split=2 {96} + 1 {97}
[WARN] batch start failed | size=3 {90} | split=2 {98} + 1 {99}
[TEST] {91} tested=3/3 | kept=3 | rest=19
[WARN] batch start failed | size=3 {92} | split=2 {100} + 1 {101}
[TEST] {89} tested=3/3 | kept=0 | rest=16
[TEST] {93} tested=3/3 | kept=2 | rest=15
[WARN] batch start failed | size=3 {94} | split=2 {102} + 1 {103}
[TEST] {95} tested=3/3 | kept=1 | rest=12
[REPAIR] name=[V2rayclashfree-RSS] 🇩🇪DE_33|799KB/s|C002-260622 01 {99} | fields=up,down
[WARN] batch start failed | size=2 {100} | split=1 {104} + 1 {105}
[TEST] {98} tested=2/2 | kept=1 | rest=10
[TEST] {101} tested=1/1 | kept=1 | rest=9
[TEST] {99} tested=1/1 | kept=0 | rest=8
[TEST] {97} tested=1/1 | kept=0 | rest=7
[TEST] {96} tested=2/2 | kept=0 | rest=5
[TEST] {103} tested=1/1 | kept=1 | rest=4
[WARN] batch start failed | size=2 {102} | split=1 {106} + 1 {107}
[REPAIR] name=[V2rayclashfree-RSS] 🇩🇪DE_49|761KB/s|C002-260622 01 {105} | fields=up,down
[TEST] {105} tested=1/1 | kept=0 | rest=3
[TEST] {104} tested=1/1 | kept=0 | rest=2
[REPAIR] name=[V2rayclashfree-RSS] hysteria {107} | fields=up,down
[TEST] {107} tested=1/1 | kept=0 | rest=1
[TEST] {106} tested=1/1 | kept=1 | rest=0
============================================================
[INFO] cap live | source=[免费节点2] | from=159 | to=50
[INFO] cap live | source=[免费节点6] | from=109 | to=50
[INFO] cap live | source=[免费节点8] | from=228 | to=50
[INFO] cap live | source=[免费节点10] | from=345 | to=50
[INFO] cap live | source=[免费节点11] | from=138 | to=50
[INFO] cap live | source=[Pawdroid-SR-APK] | from=918 | to=50
[INFO] cap live | source=[Pawdroid-SS-APK] | from=576 | to=50
[INFO] cap live | source=[Clashfree] | from=124 | to=50
[INFO] cap live | source=[Epodonios] | from=566 | to=50
[INFO] cap live | source=[Free-clash-v2ray] | from=2395 | to=50
[INFO] cap live | source=[V2rayclashfree-RSS] | from=2468 | to=50
[INFO] cap live total | from=846 | to=400 | floor=5 | by=health_score
[INFO] cap live | reserved=132 | pool=714 | taken=268
[INFO] cap live | source=[大FQ运动] | from=9 | to=5
[INFO] cap live | source=[Pawdroid] | from=13 | to=5
[INFO] cap live | source=[Freesocks] | from=6 | to=5
[INFO] cap live | source=[Mibei77-RSS] | from=24 | to=5
[INFO] cap live | source=[Yoyapai-RSS] | from=30 | to=5
[INFO] cap live | source=[免费节点1] | from=14 | to=5
[INFO] cap live | source=[免费节点2] | from=50 | to=18
[INFO] cap live | source=[免费节点3] | from=37 | to=5
[INFO] cap live | source=[免费节点4] | from=41 | to=5
[INFO] cap live | source=[免费节点6] | from=50 | to=11
[INFO] cap live | source=[免费节点7] | from=38 | to=5
[INFO] cap live | source=[免费节点8] | from=50 | to=23
[INFO] cap live | source=[免费节点10] | from=50 | to=31
[INFO] cap live | source=[免费节点11] | from=50 | to=16
[INFO] cap live | source=[ChromeGO-ShiteThings] | from=10 | to=5
[INFO] cap live | source=[ChromeGO-Merge] | from=41 | to=5
[INFO] cap live | source=[Pawdroid-SS-APK] | from=50 | to=41
[INFO] cap live | source=[1VPN-CRX] | from=16 | to=5
[INFO] cap live | source=[Clashfree] | from=50 | to=5
[INFO] cap live | source=[Epodonios] | from=50 | to=28
[INFO] geo tally | live=400 | HK=63 | JP=180 | KR=8 | TW=27 | US=61 | FR=4 | DE=4 | NL=5 | CA=7 | other=41
[INFO] score summary | n=400 | max=208.4186 | p90=125.0853 | p50=107.4268 | avg=97.1825 | min=0.6488 | geo_avg=47.8137 | adj_avg=+21.1438
============================================================
+------------------------------+--------+--------+------+--------+
| source                       |    raw | unique | live | capped |
+------------------------------+--------+--------+------+--------+
| [大FQ运动]                   |     18 |     18 |    9 |      5 |
+------------------------------+--------+--------+------+--------+
| [Pawdroid]                   |     21 |     20 |   13 |      5 |
+------------------------------+--------+--------+------+--------+
| [FreeV2-Base64]              |      2 |      2 |    2 |      2 |
+------------------------------+--------+--------+------+--------+
| [Bocchi2b-Base64]            |     35 |     35 |    0 |      0 |
+------------------------------+--------+--------+------+--------+
| [Freesocks]                  |      6 |      6 |    6 |      5 |
+------------------------------+--------+--------+------+--------+
| [NekoWarp]                   |     10 |     10 |    5 |      5 |
+------------------------------+--------+--------+------+--------+
| [OpenRunner-RSS]             |     14 |     14 |    1 |      1 |
+------------------------------+--------+--------+------+--------+
| [V2Rayshare-RSS]             |     22 |     22 |    3 |      3 |
+------------------------------+--------+--------+------+--------+
| [Mibei77-RSS]                |     65 |     63 |   24 |      5 |
+------------------------------+--------+--------+------+--------+
| [Yoyapai-RSS]                |    274 |    263 |   30 |      5 |
+------------------------------+--------+--------+------+--------+
| [免费节点1]                  |    109 |     92 |   14 |      5 |
+------------------------------+--------+--------+------+--------+
| [免费节点2]                  |    573 |    530 |  159 |     18 |
+------------------------------+--------+--------+------+--------+
| [免费节点3]                  |     50 |      0 |   37 |      5 |
+------------------------------+--------+--------+------+--------+
| [免费节点4]                  |    832 |    759 |   41 |      5 |
+------------------------------+--------+--------+------+--------+
| [免费节点5]                  |     29 |     28 |    0 |      0 |
+------------------------------+--------+--------+------+--------+
| [免费节点6]                  |   1749 |   1591 |  109 |     11 |
+------------------------------+--------+--------+------+--------+
| [免费节点7]                  |     64 |      0 |   38 |      5 |
+------------------------------+--------+--------+------+--------+
| [免费节点8]                  |   4234 |   3341 |  228 |     23 |
+------------------------------+--------+--------+------+--------+
| [免费节点9]                  |    615 |    458 |    1 |      1 |
+------------------------------+--------+--------+------+--------+
| [免费节点10]                 |   5592 |   3090 |  345 |     31 |
+------------------------------+--------+--------+------+--------+
| [免费节点11]                 |    785 |    300 |  138 |     16 |
+------------------------------+--------+--------+------+--------+
| [ChromeGO-Toolkit]           |     20 |     18 |    5 |      5 |
+------------------------------+--------+--------+------+--------+
| [ChromeGO-ShiteThings]       |     31 |     23 |   10 |      5 |
+------------------------------+--------+--------+------+--------+
| [ChromeGO-Merge]             |    177 |     74 |   41 |      5 |
+------------------------------+--------+--------+------+--------+
| [Pawdroid-SR-APK]            |   1213 |    824 |  918 |     50 |
+------------------------------+--------+--------+------+--------+
| [Pawdroid-SS-APK]            |   1528 |    976 |  576 |     41 |
+------------------------------+--------+--------+------+--------+
| [1VPN-CRX]                   |     17 |     17 |   16 |      5 |
+------------------------------+--------+--------+------+--------+
| [Clashfree]                  |    306 |    118 |  124 |      5 |
+------------------------------+--------+--------+------+--------+
| [Epodonios]                  |   4375 |   2710 |  566 |     28 |
+------------------------------+--------+--------+------+--------+
| [Free-clash-v2ray]           |   3521 |   2021 | 2395 |     50 |
+------------------------------+--------+--------+------+--------+
| [V2rayclashfree-RSS]         |   3406 |    549 | 2468 |     50 |
+------------------------------+--------+--------+------+--------+
============================================================
[INFO] clash history written | path=/home/runner/work/Free-node-autotest/Free-node-autotest/history/797389979659-clash-0340-20261002.yaml
[SUMMARY] total_nodes=29693
[SUMMARY] legal_candidates=17972
[SUMMARY] passed_latency_test=400
[SUMMARY] region_HK=63 | region_JP=180 | region_US=73
[SUMMARY] avg_latency_ms=437.98
[SUMMARY] output=/home/runner/work/Free-node-autotest/Free-node-autotest/output/clash.yaml
============================================================
[INFO] raw backup written | path=/home/runner/work/Free-node-autotest/Free-node-autotest/output/raw.yaml | history=797389979659-raw-0340-20261002.yaml | proxies=29695
[INFO] debug history written | path=/home/runner/work/Free-node-autotest/Free-node-autotest/history/797389979659-debug-0340-20261002.log | proxies=29720
